service_date,store_id,item_id,method_id,demand_point_units,lower90_units,upper90_units,interval_level
2026-11-01,S01,K01,shared_ridge10,10.5100101878,5.5614067483,15.1982470000,0.9000000000
2026-11-01,S01,K02,shared_ridge10,10.0512525805,4.6526182234,13.9797155290,0.9000000000
2026-11-01,S01,K03,shared_ridge10,12.1692770422,6.4349841251,16.2905251074,0.9000000000
2026-11-01,S01,K04,shared_ridge10,13.3725381860,7.2231400438,16.8438938398,0.9000000000
2026-11-01,S01,K05,shared_ridge10,14.8764584998,9.7423007614,18.4947410010,0.9000000000
2026-11-01,S01,K06,shared_ridge10,14.5151073599,7.8010678047,18.7842399285,0.9000000000
2026-11-01,S01,K07,shared_ridge10,16.6932466790,9.7361729884,20.3752288421,0.9000000000
2026-11-01,S01,K08,shared_ridge10,16.8831918445,10.7404610495,21.0621629200,0.9000000000
2026-11-01,S02,K01,shared_ridge10,10.8986112240,5.4595208409,15.4333658760,0.9000000000
2026-11-01,S02,K02,shared_ridge10,10.1289727878,5.0036532086,13.3799004709,0.9000000000
2026-11-01,S02,K03,shared_ridge10,13.7125726209,8.6708789828,17.2289113113,0.9000000000
2026-11-01,S02,K04,shared_ridge10,12.7357748830,6.5751682629,17.1029400407,0.9000000000
2026-11-01,S02,K05,shared_ridge10,15.7365621268,9.8020554951,19.4682150866,0.9000000000
2026-11-01,S02,K06,shared_ridge10,15.0543242936,9.1443381801,18.4483953943,0.9000000000
2026-11-01,S02,K07,shared_ridge10,16.7606041919,10.6608106198,20.4627051651,0.9000000000
2026-11-01,S02,K08,shared_ridge10,17.5567669741,11.4973024180,20.3660627712,0.9000000000
2026-11-01,S03,K01,shared_ridge10,11.0177822085,5.4228166406,15.1836023776,0.9000000000
2026-11-01,S03,K02,shared_ridge10,10.9838950676,4.9293889499,14.8942126849,0.9000000000
2026-11-01,S03,K03,shared_ridge10,13.8109683886,8.0688333868,19.1927004166,0.9000000000
2026-11-01,S03,K04,shared_ridge10,12.9896902459,6.7198711862,16.2859873717,0.9000000000
2026-11-01,S03,K05,shared_ridge10,15.9383028241,10.4865945521,19.4173325346,0.9000000000
2026-11-01,S03,K06,shared_ridge10,15.4325626356,9.8443004694,19.3421995264,0.9000000000
2026-11-01,S03,K07,shared_ridge10,17.8383243992,11.2802176653,21.3139995084,0.9000000000
2026-11-01,S03,K08,shared_ridge10,17.8883731917,12.1618616707,22.3007114254,0.9000000000
2026-11-01,S04,K01,shared_ridge10,11.4115645919,6.2465974014,15.2777261434,0.9000000000
2026-11-01,S04,K02,shared_ridge10,11.3414080209,5.9298316210,14.9457831594,0.9000000000
2026-11-01,S04,K03,shared_ridge10,14.6554283179,9.4662223679,18.6834149234,0.9000000000
2026-11-01,S04,K04,shared_ridge10,13.9326954273,7.7734453953,17.7313158620,0.9000000000
2026-11-01,S04,K05,shared_ridge10,16.4198362675,11.1049316508,19.3729698273,0.9000000000
2026-11-01,S04,K06,shared_ridge10,16.0543242936,9.9214376686,19.4445339238,0.9000000000
2026-11-01,S04,K07,shared_ridge10,18.5585316531,13.3865262680,22.0509807463,0.9000000000
2026-11-01,S04,K08,shared_ridge10,19.9973440057,13.2273750822,22.9718593846,0.9000000000
2026-11-01,S05,K01,shared_ridge10,11.9037925712,6.1812068729,15.6462139480,0.9000000000
2026-11-01,S05,K02,shared_ridge10,13.0237267319,7.9472063795,17.2315007212,0.9000000000
2026-11-01,S05,K03,shared_ridge10,13.7182506996,7.9768930549,17.7208936179,0.9000000000
2026-11-01,S05,K04,shared_ridge10,14.0881064893,8.2122492873,18.0656095668,0.9000000000
2026-11-01,S05,K05,shared_ridge10,17.1346962535,10.7107476055,20.9855880415,0.9000000000
2026-11-01,S05,K06,shared_ridge10,16.7019926874,10.9976536437,20.5940740762,0.9000000000
2026-11-01,S05,K07,shared_ridge10,19.2787389070,13.2322987884,22.5459148610,0.9000000000
2026-11-01,S05,K08,shared_ridge10,20.6294943623,14.3372914228,25.1003930642,0.9000000000
2026-11-01,S06,K01,shared_ridge10,11.9245179598,6.1409211628,16.1585735685,0.9000000000
2026-11-01,S06,K02,shared_ridge10,13.3919413143,7.5453915295,17.4558453782,0.9000000000
2026-11-01,S06,K03,shared_ridge10,14.5109968136,9.0858185775,18.9216985060,0.9000000000
2026-11-01,S06,K04,shared_ridge10,14.7253534837,9.0824849226,19.5263014439,0.9000000000
2026-11-01,S06,K05,shared_ridge10,17.3782195695,10.9795921428,21.3509759352,0.9000000000
2026-11-01,S06,K06,shared_ridge10,17.4584693714,12.1366543610,21.5109543169,0.9000000000
2026-11-01,S06,K07,shared_ridge10,19.6466145546,12.3339019237,24.2594691620,0.9000000000
2026-11-01,S06,K08,shared_ridge10,20.7020852309,13.8372896395,23.5185069567,0.9000000000
2026-11-01,S07,K01,shared_ridge10,13.6530502741,8.2103775723,17.6886410503,0.9000000000
2026-11-01,S07,K02,shared_ridge10,12.2280962530,7.0834673256,16.1608867351,0.9000000000
2026-11-01,S07,K03,shared_ridge10,14.8426030312,9.2678776858,20.3241934150,0.9000000000
2026-11-01,S07,K04,shared_ridge10,14.9584554004,9.0725639273,19.0569021437,0.9000000000
2026-11-01,S07,K05,shared_ridge10,18.1139708649,12.6443833261,22.7690618504,0.9000000000
2026-11-01,S07,K06,shared_ridge10,17.7175367289,11.6998985229,22.1053413481,0.9000000000
2026-11-01,S07,K07,shared_ridge10,21.7282104623,13.4119564423,26.6312856011,0.9000000000
2026-11-01,S07,K08,shared_ridge10,20.7227001042,14.3978589763,25.4072053342,0.9000000000
2026-11-01,S08,K01,shared_ridge10,14.2902322995,8.8116833016,18.6238338192,0.9000000000
2026-11-01,S08,K02,shared_ridge10,12.7153123524,6.3173789193,17.0485107786,0.9000000000
2026-11-01,S08,K03,shared_ridge10,15.4800083869,9.7099257741,20.8694015483,0.9000000000
2026-11-01,S08,K04,shared_ridge10,15.7252947786,10.2825619464,19.7711543357,0.9000000000
2026-11-01,S08,K05,shared_ridge10,18.9378050618,12.5925928224,22.9811761696,0.9000000000
2026-11-01,S08,K06,shared_ridge10,18.1165004594,12.2723428974,23.1269128324,0.9000000000
2026-11-01,S08,K07,shared_ridge10,22.0224332328,15.4619312039,24.7012298726,0.9000000000
2026-11-01,S08,K08,shared_ridge10,21.7019747156,14.8220434824,26.1364283443,0.9000000000
2026-11-01,S09,K01,shared_ridge10,14.4661507544,9.2960786876,18.2240943356,0.9000000000
2026-11-01,S09,K02,shared_ridge10,13.3785247876,7.3279527169,18.2002776825,0.9000000000
2026-11-01,S09,K03,shared_ridge10,15.6303671104,10.4185284365,20.8124768042,0.9000000000
2026-11-01,S09,K04,shared_ridge10,16.1190771620,10.9075545015,21.1093058338,0.9000000000
2026-11-01,S09,K05,shared_ridge10,19.2331418493,12.9682667369,23.3766299344,0.9000000000
2026-11-01,S09,K06,shared_ridge10,19.9540433735,14.2399654165,23.1384163276,0.9000000000
2026-11-01,S09,K07,shared_ridge10,21.3801378159,15.6510033737,25.7544958430,0.9000000000
2026-11-01,S09,K08,shared_ridge10,22.4170006223,14.9740473826,26.8795526710,0.9000000000
2026-11-01,S10,K01,shared_ridge10,13.3539514027,8.3759080954,18.4096833374,0.9000000000
2026-11-01,S10,K02,shared_ridge10,13.6944174965,8.5176922623,18.4506466846,0.9000000000
2026-11-01,S10,K03,shared_ridge10,16.4542511354,11.0278184697,21.1196891921,0.9000000000
2026-11-01,S10,K04,shared_ridge10,16.3366937423,11.6950617984,21.0097328609,0.9000000000
2026-11-01,S10,K05,shared_ridge10,19.5388413312,14.0707569589,24.7049148557,0.9000000000
2026-11-01,S10,K06,shared_ridge10,20.8502380154,14.0789262864,24.7918401021,0.9000000000
2026-11-01,S10,K07,shared_ridge10,22.2966792530,14.4527077528,28.6095749778,0.9000000000
2026-11-01,S10,K08,shared_ridge10,22.4221299609,14.9154563571,26.3610633633,0.9000000000
2026-11-01,S11,K01,shared_ridge10,14.1156094338,8.2728861764,18.7685587660,0.9000000000
2026-11-01,S11,K02,shared_ridge10,14.4091044685,8.8492494535,19.0000305507,0.9000000000
2026-11-01,S11,K03,shared_ridge10,16.6770490629,11.9365323955,21.0462084879,0.9000000000
2026-11-01,S11,K04,shared_ridge10,17.2589735351,12.3186352614,20.5545797056,0.9000000000
2026-11-01,S11,K05,shared_ridge10,20.3264060980,13.9830709096,24.3277288377,0.9000000000
2026-11-01,S11,K06,shared_ridge10,20.8913319625,14.3605152131,26.9390218281,0.9000000000
2026-11-01,S11,K07,shared_ridge10,22.8459020509,15.5000457511,28.6519148775,0.9000000000
2026-11-01,S11,K08,shared_ridge10,23.5257048954,16.3956918416,28.9813163169,0.9000000000
2026-11-01,S12,K01,shared_ridge10,14.4938477758,9.4005054009,19.0264312869,0.9000000000
2026-11-01,S12,K02,shared_ridge10,14.6212007670,8.4268217623,18.3983157110,0.9000000000
2026-11-01,S12,K03,shared_ridge10,17.0293806691,11.2542561301,22.4910677288,0.9000000000
2026-11-01,S12,K04,shared_ridge10,17.5284035869,11.4901985010,22.9371065363,0.9000000000
2026-11-01,S12,K05,shared_ridge10,21.3928289844,14.5958518782,26.6197602078,0.9000000000
2026-11-01,S12,K06,shared_ridge10,20.3798570888,12.8808950246,24.8931786954,0.9000000000
2026-11-01,S12,K07,shared_ridge10,22.8930911838,15.9988460797,26.8802145807,0.9000000000
2026-11-01,S12,K08,shared_ridge10,24.1318965077,17.7811770571,28.6555307032,0.9000000000
2026-11-02,S01,K01,shared_ridge10,7.8518807919,2.9032773524,12.5401176041,0.9000000000
2026-11-02,S01,K02,shared_ridge10,6.9923871828,1.5937528257,10.9208501313,0.9000000000
2026-11-02,S01,K03,shared_ridge10,9.4274188964,3.6931259794,13.5486669617,0.9000000000
2026-11-02,S01,K04,shared_ridge10,10.1956615712,4.0462634290,13.6670172250,0.9000000000
2026-11-02,S01,K05,shared_ridge10,11.3674877495,6.2333300110,14.9857702506,0.9000000000
2026-11-02,S01,K06,shared_ridge10,10.8071114804,4.0930719252,15.0762440490,0.9000000000
2026-11-02,S01,K07,shared_ridge10,13.1470885504,6.1900148598,16.8290707135,0.9000000000
2026-11-02,S01,K08,shared_ridge10,12.7530351699,6.6103043749,16.9320062453,0.9000000000
2026-11-02,S02,K01,shared_ridge10,8.2404818281,2.8013914450,12.7752364801,0.9000000000
2026-11-02,S02,K02,shared_ridge10,7.0701073901,1.9447878109,10.3210350732,0.9000000000
2026-11-02,S02,K03,shared_ridge10,10.9707144752,5.9290208371,14.4870531656,0.9000000000
2026-11-02,S02,K04,shared_ridge10,9.5588982682,3.3982916481,13.9260634259,0.9000000000
2026-11-02,S02,K05,shared_ridge10,12.2275913764,6.2930847448,15.9592443363,0.9000000000
2026-11-02,S02,K06,shared_ridge10,11.3463284142,5.4363423007,14.7403995149,0.9000000000
2026-11-02,S02,K07,shared_ridge10,13.2144460634,7.1146524912,16.9165470365,0.9000000000
2026-11-02,S02,K08,shared_ridge10,13.4266102994,7.3671457434,16.2359060965,0.9000000000
2026-11-02,S03,K01,shared_ridge10,8.3596528126,2.7646872446,12.5254729817,0.9000000000
2026-11-02,S03,K02,shared_ridge10,7.9250296698,1.8705235521,11.8353472872,0.9000000000
2026-11-02,S03,K03,shared_ridge10,11.0691102429,5.3269752411,16.4508422709,0.9000000000
2026-11-02,S03,K04,shared_ridge10,9.8128136311,3.5429945714,13.1091107569,0.9000000000
2026-11-02,S03,K05,shared_ridge10,12.4293320737,6.9776238017,15.9083617843,0.9000000000
2026-11-02,S03,K06,shared_ridge10,11.7245667561,6.1363045899,15.6342036469,0.9000000000
2026-11-02,S03,K07,shared_ridge10,14.2921662706,7.7340595368,17.7678413798,0.9000000000
2026-11-02,S03,K08,shared_ridge10,13.7582165170,8.0317049961,18.1705547508,0.9000000000
2026-11-02,S04,K01,shared_ridge10,8.7534351960,3.5884680055,12.6195967475,0.9000000000
2026-11-02,S04,K02,shared_ridge10,9.2498354275,3.8382590276,12.8542105660,0.9000000000
2026-11-02,S04,K03,shared_ridge10,10.9039533500,5.7147473999,14.9319399554,0.9000000000
2026-11-02,S04,K04,shared_ridge10,10.7558188125,4.5965687805,14.5544392472,0.9000000000
2026-11-02,S04,K05,shared_ridge10,12.9108655172,7.5959609005,15.8639990769,0.9000000000
2026-11-02,S04,K06,shared_ridge10,12.3463284142,6.2134417891,15.7365380444,0.9000000000
2026-11-02,S04,K07,shared_ridge10,15.0123735245,9.8403681394,18.5048226177,0.9000000000
2026-11-02,S04,K08,shared_ridge10,15.8671873310,9.0972184075,18.8417027099,0.9000000000
2026-11-02,S05,K01,shared_ridge10,9.2456631753,3.5230774770,12.9880845521,0.9000000000
2026-11-02,S05,K02,shared_ridge10,9.9648613342,4.8883409818,14.1726353235,0.9000000000
2026-11-02,S05,K03,shared_ridge10,10.9763925539,5.2350349091,14.9790354722,0.9000000000
2026-11-02,S05,K04,shared_ridge10,10.9112298744,5.0353726725,14.8887329520,0.9000000000
2026-11-02,S05,K05,shared_ridge10,13.6257255031,7.2017768552,17.4766172912,0.9000000000
2026-11-02,S05,K06,shared_ridge10,12.9939968079,7.2896577643,16.8860781968,0.9000000000
2026-11-02,S05,K07,shared_ridge10,15.7325807784,9.6861406598,18.9997567325,0.9000000000
2026-11-02,S05,K08,shared_ridge10,16.4993376876,10.2071347482,20.9702363896,0.9000000000
2026-11-02,S06,K01,shared_ridge10,9.2663885639,3.4827917669,13.5004441726,0.9000000000
2026-11-02,S06,K02,shared_ridge10,10.3330759166,4.4865261318,14.3969799805,0.9000000000
2026-11-02,S06,K03,shared_ridge10,11.7691386679,6.3439604318,16.1798403603,0.9000000000
2026-11-02,S06,K04,shared_ridge10,11.5484768689,5.9056083078,16.3494248291,0.9000000000
2026-11-02,S06,K05,shared_ridge10,13.8692488192,7.4706213924,17.8420051849,0.9000000000
2026-11-02,S06,K06,shared_ridge10,13.7504734919,8.4286584816,17.8029584374,0.9000000000
2026-11-02,S06,K07,shared_ridge10,17.2079590694,9.8952464386,21.8208136768,0.9000000000
2026-11-02,S06,K08,shared_ridge10,15.5769473796,8.7121517882,18.3933691054,0.9000000000
2026-11-02,S07,K01,shared_ridge10,10.9949208782,5.5522481764,15.0305116544,0.9000000000
2026-11-02,S07,K02,shared_ridge10,9.1692308553,4.0246019279,13.1020213374,0.9000000000
2026-11-02,S07,K03,shared_ridge10,12.1007448855,6.5260195401,17.5823352693,0.9000000000
2026-11-02,S07,K04,shared_ridge10,11.7815787856,5.8956873125,15.8800255289,0.9000000000
2026-11-02,S07,K05,shared_ridge10,14.6050001145,9.1354125758,19.2600911001,0.9000000000
2026-11-02,S07,K06,shared_ridge10,14.0095408494,7.9919026435,18.3973454687,0.9000000000
2026-11-02,S07,K07,shared_ridge10,18.1820523337,9.8657983137,23.0851274726,0.9000000000
2026-11-02,S07,K08,shared_ridge10,16.5925434296,10.2677023016,21.2770486595,0.9000000000
2026-11-02,S08,K01,shared_ridge10,11.6321029036,6.1535539057,15.9657044233,0.9000000000
2026-11-02,S08,K02,shared_ridge10,9.6564469547,3.2585135216,13.9896453809,0.9000000000
2026-11-02,S08,K03,shared_ridge10,12.7381502412,6.9680676284,18.1275434026,0.9000000000
2026-11-02,S08,K04,shared_ridge10,12.5484181638,7.1056853316,16.5942777209,0.9000000000
2026-11-02,S08,K05,shared_ridge10,15.4288343114,9.0836220720,19.4722054193,0.9000000000
2026-11-02,S08,K06,shared_ridge10,14.4085045800,8.5643470179,19.4189169530,0.9000000000
2026-11-02,S08,K07,shared_ridge10,18.4762751042,11.9157730754,21.1550717440,0.9000000000
2026-11-02,S08,K08,shared_ridge10,17.5718180409,10.6918868077,22.0062716697,0.9000000000
2026-11-02,S09,K01,shared_ridge10,10.7841522566,5.6140801899,14.5420958378,0.9000000000
2026-11-02,S09,K02,shared_ridge10,10.3196593899,4.2690873192,15.1414122848,0.9000000000
2026-11-02,S09,K03,shared_ridge10,12.8885089647,7.6766702908,18.0706186585,0.9000000000
2026-11-02,S09,K04,shared_ridge10,12.9422005472,7.7306778867,17.9324292190,0.9000000000
2026-11-02,S09,K05,shared_ridge10,15.7241710990,9.4592959865,19.8676591841,0.9000000000
2026-11-02,S09,K06,shared_ridge10,16.2460474940,10.5319695370,19.4304204482,0.9000000000
2026-11-02,S09,K07,shared_ridge10,17.8339796873,12.1048452451,22.2083377144,0.9000000000
2026-11-02,S09,K08,shared_ridge10,18.2868439477,10.8438907079,22.7493959964,0.9000000000
2026-11-02,S10,K01,shared_ridge10,10.6958220068,5.7177786995,15.7515539415,0.9000000000
2026-11-02,S10,K02,shared_ridge10,10.6355520988,5.4588268646,15.3917812869,0.9000000000
2026-11-02,S10,K03,shared_ridge10,13.7123929897,8.2859603239,18.3778310463,0.9000000000
2026-11-02,S10,K04,shared_ridge10,13.1598171275,8.5181851836,17.8328562461,0.9000000000
2026-11-02,S10,K05,shared_ridge10,16.0298705809,10.5617862086,21.1959441054,0.9000000000
2026-11-02,S10,K06,shared_ridge10,17.1422421359,10.3709304070,21.0838442226,0.9000000000
2026-11-02,S10,K07,shared_ridge10,18.7505211244,10.9065496242,25.0634168492,0.9000000000
2026-11-02,S10,K08,shared_ridge10,18.2919732863,10.7852996825,22.2309066886,0.9000000000
2026-11-02,S11,K01,shared_ridge10,11.4574800379,5.6147567805,16.1104293701,0.9000000000
2026-11-02,S11,K02,shared_ridge10,11.3502390708,5.7903840558,15.9411651530,0.9000000000
2026-11-02,S11,K03,shared_ridge10,13.9351909172,9.1946742498,18.3043503422,0.9000000000
2026-11-02,S11,K04,shared_ridge10,14.0820969203,9.1417586466,17.3777030908,0.9000000000
2026-11-02,S11,K05,shared_ridge10,17.7854126382,11.4420774498,21.7867353779,0.9000000000
2026-11-02,S11,K06,shared_ridge10,16.1489019773,9.6180852279,22.1965918429,0.9000000000
2026-11-02,S11,K07,shared_ridge10,19.2997439223,11.9538876226,25.1057567490,0.9000000000
2026-11-02,S11,K08,shared_ridge10,19.3955482208,12.2655351670,24.8511596423,0.9000000000
2026-11-02,S12,K01,shared_ridge10,11.8357183799,6.7423760050,16.3683018910,0.9000000000
2026-11-02,S12,K02,shared_ridge10,11.5623353693,5.3679563646,15.3394503133,0.9000000000
2026-11-02,S12,K03,shared_ridge10,14.2875225234,8.5123979844,19.7492095831,0.9000000000
2026-11-02,S12,K04,shared_ridge10,14.3515269721,8.3133218862,19.7602299215,0.9000000000
2026-11-02,S12,K05,shared_ridge10,17.8838582340,11.0868811279,23.1107894575,0.9000000000
2026-11-02,S12,K06,shared_ridge10,16.6718612094,9.1728991451,21.1851828160,0.9000000000
2026-11-02,S12,K07,shared_ridge10,19.3469330552,12.4526879511,23.3340564521,0.9000000000
2026-11-02,S12,K08,shared_ridge10,20.0017398331,13.6510203824,24.5253740285,0.9000000000
2026-11-03,S01,K01,shared_ridge10,11.2515072308,6.3029037913,15.9397440430,0.9000000000
2026-11-03,S01,K02,shared_ridge10,10.6278494550,5.2292150979,14.5563124036,0.9000000000
2026-11-03,S01,K03,shared_ridge10,13.9609636803,8.2266707632,18.0822117455,0.9000000000
2026-11-03,S01,K04,shared_ridge10,12.5510933949,6.4016952527,16.0224490487,0.9000000000
2026-11-03,S01,K05,shared_ridge10,14.6554285906,9.5212708521,18.2737110917,0.9000000000
2026-11-03,S01,K06,shared_ridge10,14.2626012467,7.5485616915,18.5317338153,0.9000000000
2026-11-03,S01,K07,shared_ridge10,16.4719428662,9.5148691756,20.1539250293,0.9000000000
2026-11-03,S01,K08,shared_ridge10,16.1557154820,10.0129846869,20.3346865574,0.9000000000
2026-11-03,S02,K01,shared_ridge10,11.6401082671,6.2010178840,16.1748629191,0.9000000000
2026-11-03,S02,K02,shared_ridge10,10.7055696623,5.5802500831,13.9564973454,0.9000000000
2026-11-03,S02,K03,shared_ridge10,14.4946424367,9.4529487987,18.0109811272,0.9000000000
2026-11-03,S02,K04,shared_ridge10,12.9086650533,6.7480584332,17.2758302110,0.9000000000
2026-11-03,S02,K05,shared_ridge10,15.5155322175,9.5810255859,19.2471851773,0.9000000000
2026-11-03,S02,K06,shared_ridge10,14.8018181805,8.8918320670,18.1958892812,0.9000000000
2026-11-03,S02,K07,shared_ridge10,16.5393003791,10.4395068070,20.2414013523,0.9000000000
2026-11-03,S02,K08,shared_ridge10,16.8292906115,10.7698260555,19.6385864086,0.9000000000
2026-11-03,S03,K01,shared_ridge10,11.7592792515,6.1643136836,15.9250994207,0.9000000000
2026-11-03,S03,K02,shared_ridge10,11.5604919421,5.5059858244,15.4708095595,0.9000000000
2026-11-03,S03,K03,shared_ridge10,14.5930382045,8.8509032027,19.9747702325,0.9000000000
2026-11-03,S03,K04,shared_ridge10,13.1625804162,6.8927613565,16.4588775420,0.9000000000
2026-11-03,S03,K05,shared_ridge10,15.7172729148,10.2655646428,19.1963026253,0.9000000000
2026-11-03,S03,K06,shared_ridge10,15.1800565224,9.5917943562,19.0896934132,0.9000000000
2026-11-03,S03,K07,shared_ridge10,17.6170205864,11.0589138525,21.0926956956,0.9000000000
2026-11-03,S03,K08,shared_ridge10,18.1558780058,12.4293664848,22.5682162395,0.9000000000
2026-11-03,S04,K01,shared_ridge10,12.1530616350,6.9880944445,16.0192231865,0.9000000000
2026-11-03,S04,K02,shared_ridge10,12.8852976997,7.4737212998,16.4896728382,0.9000000000
2026-11-03,S04,K03,shared_ridge10,14.4278813116,9.2386753615,18.4558679170,0.9000000000
2026-11-03,S04,K04,shared_ridge10,14.1055855975,7.9463355656,17.9042060323,0.9000000000
2026-11-03,S04,K05,shared_ridge10,16.1988063582,10.8839017415,19.1519399180,0.9000000000
2026-11-03,S04,K06,shared_ridge10,15.8018181805,9.6689315554,19.1920278107,0.9000000000
2026-11-03,S04,K07,shared_ridge10,18.3372278403,13.1652224552,21.8296769335,0.9000000000
2026-11-03,S04,K08,shared_ridge10,19.2698676431,12.4998987196,22.2443830220,0.9000000000
2026-11-03,S05,K01,shared_ridge10,12.6452896142,6.9227039160,16.3877109911,0.9000000000
2026-11-03,S05,K02,shared_ridge10,13.6003236065,8.5238032540,17.8080975957,0.9000000000
2026-11-03,S05,K03,shared_ridge10,14.5003205155,8.7589628707,18.5029634338,0.9000000000
2026-11-03,S05,K04,shared_ridge10,14.2609966595,8.3851394576,18.2384997370,0.9000000000
2026-11-03,S05,K05,shared_ridge10,16.9136663442,10.4897176962,20.7645581322,0.9000000000
2026-11-03,S05,K06,shared_ridge10,16.4494865742,10.7451475306,20.3415679631,0.9000000000
2026-11-03,S05,K07,shared_ridge10,19.0574350942,13.0109949756,22.3246110482,0.9000000000
2026-11-03,S05,K08,shared_ridge10,19.9020179997,13.6098150603,24.3729167016,0.9000000000
2026-11-03,S06,K01,shared_ridge10,13.6898841047,7.9062873077,17.9239397135,0.9000000000
2026-11-03,S06,K02,shared_ridge10,13.0012453845,7.1546955997,17.0651494485,0.9000000000
2026-11-03,S06,K03,shared_ridge10,15.2930666295,9.8678883934,19.7037683219,0.9000000000
2026-11-03,S06,K04,shared_ridge10,14.8982436539,9.2553750928,19.6991916142,0.9000000000
2026-11-03,S06,K05,shared_ridge10,17.1571896603,10.7585622335,21.1299460259,0.9000000000
2026-11-03,S06,K06,shared_ridge10,17.2059632582,11.8841482478,21.2584482037,0.9000000000
2026-11-03,S06,K07,shared_ridge10,20.5328133852,13.2201007543,25.1456679926,0.9000000000
2026-11-03,S06,K08,shared_ridge10,18.9796276916,12.1148321003,21.7960494175,0.9000000000
2026-11-03,S07,K01,shared_ridge10,14.3945473172,8.9518746154,18.4301380934,0.9000000000
2026-11-03,S07,K02,shared_ridge10,12.8046931275,7.6600642002,16.7374836096,0.9000000000
2026-11-03,S07,K03,shared_ridge10,15.6246728471,10.0499475016,21.1062632308,0.9000000000
2026-11-03,S07,K04,shared_ridge10,15.1313455706,9.2454540975,19.2297923139,0.9000000000
2026-11-03,S07,K05,shared_ridge10,17.8929409556,12.4233534168,22.5480319411,0.9000000000
2026-11-03,S07,K06,shared_ridge10,17.4650306157,11.4473924098,21.8528352350,0.9000000000
2026-11-03,S07,K07,shared_ridge10,21.5069066495,13.1906526295,26.4099817883,0.9000000000
2026-11-03,S07,K08,shared_ridge10,19.9952237416,13.6703826137,24.6797289716,0.9000000000
2026-11-03,S08,K01,shared_ridge10,15.0317293425,9.5531803446,19.3653308623,0.9000000000
2026-11-03,S08,K02,shared_ridge10,13.2919092270,6.8939757939,17.6251076532,0.9000000000
2026-11-03,S08,K03,shared_ridge10,16.2620782028,10.4919955900,21.6514713641,0.9000000000
2026-11-03,S08,K04,shared_ridge10,15.8981849489,10.4554521167,19.9440445059,0.9000000000
2026-11-03,S08,K05,shared_ridge10,18.7167751525,12.3715629131,22.7601462603,0.9000000000
2026-11-03,S08,K06,shared_ridge10,18.8984284520,13.0542708899,23.9088408250,0.9000000000
2026-11-03,S08,K07,shared_ridge10,20.6936267766,14.1331247477,23.3724234164,0.9000000000
2026-11-03,S08,K08,shared_ridge10,20.9744983530,14.0945671198,25.4089519818,0.9000000000
2026-11-03,S09,K01,shared_ridge10,14.1837786956,9.0137066288,17.9417222767,0.9000000000
2026-11-03,S09,K02,shared_ridge10,13.9551216622,7.9045495915,18.7768745570,0.9000000000
2026-11-03,S09,K03,shared_ridge10,16.4124369263,11.2005982524,21.5945466201,0.9000000000
2026-11-03,S09,K04,shared_ridge10,16.2919673323,11.0804446718,21.2821960041,0.9000000000
2026-11-03,S09,K05,shared_ridge10,19.0121119400,12.7472368276,23.1556000252,0.9000000000
2026-11-03,S09,K06,shared_ridge10,19.7015372603,13.9874593033,22.8859102145,0.9000000000
2026-11-03,S09,K07,shared_ridge10,21.1588340031,15.4296995609,25.5331920302,0.9000000000
2026-11-03,S09,K08,shared_ridge10,21.6895242598,14.2465710200,26.1520763085,0.9000000000
2026-11-03,S10,K01,shared_ridge10,14.0954484458,9.1174051384,19.1511803805,0.9000000000
2026-11-03,S10,K02,shared_ridge10,14.2710143710,9.0942891369,19.0272435591,0.9000000000
2026-11-03,S10,K03,shared_ridge10,17.2363209513,11.8098882855,21.9017590079,0.9000000000
2026-11-03,S10,K04,shared_ridge10,16.5095839126,11.8679519686,21.1826230312,0.9000000000
2026-11-03,S10,K05,shared_ridge10,19.3178114219,13.8497270496,24.4838849464,0.9000000000
2026-11-03,S10,K06,shared_ridge10,20.5977319022,13.8264201733,24.5393339889,0.9000000000
2026-11-03,S10,K07,shared_ridge10,22.0753754402,14.2314039400,28.3882711650,0.9000000000
2026-11-03,S10,K08,shared_ridge10,21.6946535984,14.1879799945,25.6335870007,0.9000000000
2026-11-03,S11,K01,shared_ridge10,14.8571064769,9.0143832194,19.5100558091,0.9000000000
2026-11-03,S11,K02,shared_ridge10,14.9857013431,9.4258463280,19.5766274252,0.9000000000
2026-11-03,S11,K03,shared_ridge10,17.4591188787,12.7186022114,21.8282783038,0.9000000000
2026-11-03,S11,K04,shared_ridge10,17.4318637054,12.4915254317,20.7274698759,0.9000000000
2026-11-03,S11,K05,shared_ridge10,21.0733534792,14.7300182908,25.0746762189,0.9000000000
2026-11-03,S11,K06,shared_ridge10,19.6043917436,13.0735749942,25.6520816092,0.9000000000
2026-11-03,S11,K07,shared_ridge10,22.6245982381,15.2787419383,28.4306110647,0.9000000000
2026-11-03,S11,K08,shared_ridge10,22.7982285329,15.6682154790,28.2538399543,0.9000000000
2026-11-03,S12,K01,shared_ridge10,15.2353448189,10.1420024440,19.7679283299,0.9000000000
2026-11-03,S12,K02,shared_ridge10,15.1977976416,9.0034186368,18.9749125856,0.9000000000
2026-11-03,S12,K03,shared_ridge10,17.8114504850,12.0363259460,23.2731375447,0.9000000000
2026-11-03,S12,K04,shared_ridge10,17.7012937572,11.6630886713,23.1099967065,0.9000000000
2026-11-03,S12,K05,shared_ridge10,21.1717990751,14.3748219689,26.3987302985,0.9000000000
2026-11-03,S12,K06,shared_ridge10,20.1273509756,12.6283889114,24.6406725823,0.9000000000
2026-11-03,S12,K07,shared_ridge10,22.6717873710,15.7775422669,26.6589107679,0.9000000000
2026-11-03,S12,K08,shared_ridge10,23.4044201452,17.0537006945,27.9280543406,0.9000000000
2026-11-04,S01,K01,shared_ridge10,11.2051790771,6.2565756376,15.8934158894,0.9000000000
2026-11-04,S01,K02,shared_ridge10,10.5192946163,5.1206602592,14.4477575649,0.9000000000
2026-11-04,S01,K03,shared_ridge10,13.7563726153,8.0220796983,17.8776206806,0.9000000000
2026-11-04,S01,K04,shared_ridge10,12.2996826186,6.1502844764,15.7710382724,0.9000000000
2026-11-04,S01,K05,shared_ridge10,14.6775137408,9.5433560024,18.2957962419,0.9000000000
2026-11-04,S01,K06,shared_ridge10,14.1819345598,7.4678950046,18.4510671284,0.9000000000
2026-11-04,S01,K07,shared_ridge10,16.2425549239,9.2854812333,19.9245370871,0.9000000000
2026-11-04,S01,K08,shared_ridge10,16.0162420371,9.8735112421,20.1952131126,0.9000000000
2026-11-04,S02,K01,shared_ridge10,11.5937801134,6.1546897303,16.1285347654,0.9000000000
2026-11-04,S02,K02,shared_ridge10,10.5970148236,5.4716952444,13.8479425067,0.9000000000
2026-11-04,S02,K03,shared_ridge10,14.2900513718,9.2483577337,17.8063900622,0.9000000000
2026-11-04,S02,K04,shared_ridge10,12.6572542770,6.4966476569,17.0244194347,0.9000000000
2026-11-04,S02,K05,shared_ridge10,15.5376173678,9.6031107361,19.2692703276,0.9000000000
2026-11-04,S02,K06,shared_ridge10,14.7211514935,8.8111653800,18.1152225942,0.9000000000
2026-11-04,S02,K07,shared_ridge10,16.3099124369,10.2101188648,20.0120134101,0.9000000000
2026-11-04,S02,K08,shared_ridge10,16.6898171667,10.6303526106,19.4991129638,0.9000000000
2026-11-04,S03,K01,shared_ridge10,11.7129510979,6.1179855299,15.8787712670,0.9000000000
2026-11-04,S03,K02,shared_ridge10,12.4192299077,6.3647237900,16.3295475251,0.9000000000
2026-11-04,S03,K03,shared_ridge10,13.3788303173,7.6366953154,18.7605623453,0.9000000000
2026-11-04,S03,K04,shared_ridge10,12.9111696399,6.6413505802,16.2074667657,0.9000000000
2026-11-04,S03,K05,shared_ridge10,15.7393580651,10.2876497930,19.2183877756,0.9000000000
2026-11-04,S03,K06,shared_ridge10,15.0993898355,9.5111276693,19.0090267263,0.9000000000
2026-11-04,S03,K07,shared_ridge10,17.3876326441,10.8295259103,20.8633077534,0.9000000000
2026-11-04,S03,K08,shared_ridge10,18.0164045610,12.2898930400,22.4287427947,0.9000000000
2026-11-04,S04,K01,shared_ridge10,12.1067334813,6.9417662908,15.9728950328,0.9000000000
2026-11-04,S04,K02,shared_ridge10,12.7767428610,7.3651664611,16.3811179995,0.9000000000
2026-11-04,S04,K03,shared_ridge10,14.2232902466,9.0340842965,18.2512768521,0.9000000000
2026-11-04,S04,K04,shared_ridge10,13.8541748213,7.6949247893,17.6527952560,0.9000000000
2026-11-04,S04,K05,shared_ridge10,16.2208915085,10.9059868918,19.1740250683,0.9000000000
2026-11-04,S04,K06,shared_ridge10,15.7211514935,9.5882648685,19.1113611237,0.9000000000
2026-11-04,S04,K07,shared_ridge10,18.1078398980,12.9358345130,21.6002889912,0.9000000000
2026-11-04,S04,K08,shared_ridge10,19.1303941983,12.3604252748,22.1049095772,0.9000000000
2026-11-04,S05,K01,shared_ridge10,12.5989614606,6.8763757623,16.3413828374,0.9000000000
2026-11-04,S05,K02,shared_ridge10,13.4917687678,8.4152484153,17.6995427570,0.9000000000
2026-11-04,S05,K03,shared_ridge10,14.2957294505,8.5543718058,18.2983723688,0.9000000000
2026-11-04,S05,K04,shared_ridge10,14.0095858832,8.1337286813,17.9870889607,0.9000000000
2026-11-04,S05,K05,shared_ridge10,16.9357514945,10.5118028465,20.7866432825,0.9000000000
2026-11-04,S05,K06,shared_ridge10,16.3688198873,10.6644808436,20.2609012761,0.9000000000
2026-11-04,S05,K07,shared_ridge10,19.9355497953,13.8891096767,23.2027257494,0.9000000000
2026-11-04,S05,K08,shared_ridge10,18.7675633782,12.4753604388,23.2384620801,0.9000000000
2026-11-04,S06,K01,shared_ridge10,13.6435559510,7.8599591540,17.8776115598,0.9000000000
2026-11-04,S06,K02,shared_ridge10,12.8926905458,7.0461407610,16.9565946098,0.9000000000
2026-11-04,S06,K03,shared_ridge10,15.0884755645,9.6632973284,19.4991772570,0.9000000000
2026-11-04,S06,K04,shared_ridge10,14.6468328776,9.0039643165,19.4477808379,0.9000000000
2026-11-04,S06,K05,shared_ridge10,17.1792748105,10.7806473838,21.1520311762,0.9000000000
2026-11-04,S06,K06,shared_ridge10,17.1252965713,11.8034815609,21.1777815168,0.9000000000
2026-11-04,S06,K07,shared_ridge10,20.3034254430,12.9907128121,24.9162800503,0.9000000000
2026-11-04,S06,K08,shared_ridge10,18.8401542468,11.9753586554,21.6565759727,0.9000000000
2026-11-04,S07,K01,shared_ridge10,14.3482191635,8.9055464617,18.3838099397,0.9000000000
2026-11-04,S07,K02,shared_ridge10,12.6961382888,7.5515093615,16.6289287709,0.9000000000
2026-11-04,S07,K03,shared_ridge10,15.4200817821,9.8453564367,20.9016721659,0.9000000000
2026-11-04,S07,K04,shared_ridge10,14.8799347943,8.9940433212,18.9783815376,0.9000000000
2026-11-04,S07,K05,shared_ridge10,17.9150261059,12.4454385671,22.5701170914,0.9000000000
2026-11-04,S07,K06,shared_ridge10,17.3843639288,11.3667257228,21.7721685481,0.9000000000
2026-11-04,S07,K07,shared_ridge10,21.2775187072,12.9612646872,26.1805938461,0.9000000000
2026-11-04,S07,K08,shared_ridge10,19.8557502968,13.5309091689,24.5402555268,0.9000000000
2026-11-04,S08,K01,shared_ridge10,13.9615320870,8.4829830891,18.2951336067,0.9000000000
2026-11-04,S08,K02,shared_ridge10,13.1833543883,6.7854209552,17.5165528145,0.9000000000
2026-11-04,S08,K03,shared_ridge10,16.0574871378,10.2874045250,21.4468802992,0.9000000000
2026-11-04,S08,K04,shared_ridge10,15.6467741726,10.2040413404,19.6926337297,0.9000000000
2026-11-04,S08,K05,shared_ridge10,18.7388603028,12.3936480634,22.7822314106,0.9000000000
2026-11-04,S08,K06,shared_ridge10,18.8177617651,12.9736042030,23.8281741381,0.9000000000
2026-11-04,S08,K07,shared_ridge10,20.4642388344,13.9037368055,23.1430354742,0.9000000000
2026-11-04,S08,K08,shared_ridge10,20.8350249082,13.9550936750,25.2694785369,0.9000000000
2026-11-04,S09,K01,shared_ridge10,14.1374505419,8.9673784751,17.8953941231,0.9000000000
2026-11-04,S09,K02,shared_ridge10,13.8465668235,7.7959947528,18.6683197183,0.9000000000
2026-11-04,S09,K03,shared_ridge10,16.2078458613,10.9960071874,21.3899555551,0.9000000000
2026-11-04,S09,K04,shared_ridge10,16.0405565560,10.8290338955,21.0307852278,0.9000000000
2026-11-04,S09,K05,shared_ridge10,19.0341970903,12.7693219779,23.1776851754,0.9000000000
2026-11-04,S09,K06,shared_ridge10,19.6208705734,13.9067926164,22.8052435276,0.9000000000
2026-11-04,S09,K07,shared_ridge10,20.9294460609,15.2003116187,25.3038040880,0.9000000000
2026-11-04,S09,K08,shared_ridge10,21.5500508149,14.1070975752,26.0126028636,0.9000000000
2026-11-04,S10,K01,shared_ridge10,14.0491202921,9.0710769848,19.1048522268,0.9000000000
2026-11-04,S10,K02,shared_ridge10,14.1624595323,8.9857342982,18.9186887204,0.9000000000
2026-11-04,S10,K03,shared_ridge10,17.0317298863,11.6052972206,21.6971679430,0.9000000000
2026-11-04,S10,K04,shared_ridge10,16.2581731363,11.6165411923,20.9312122549,0.9000000000
2026-11-04,S10,K05,shared_ridge10,20.3078738627,14.8397894904,25.4739473872,0.9000000000
2026-11-04,S10,K06,shared_ridge10,19.4826311096,12.7113193806,23.4242331962,0.9000000000
2026-11-04,S10,K07,shared_ridge10,21.8459874979,14.0020159977,28.1588832227,0.9000000000
2026-11-04,S10,K08,shared_ridge10,21.5551801535,14.0485065497,25.4941135559,0.9000000000
2026-11-04,S11,K01,shared_ridge10,14.8107783232,8.9680550658,19.4637276554,0.9000000000
2026-11-04,S11,K02,shared_ridge10,14.8771465044,9.3172914893,19.4680725865,0.9000000000
2026-11-04,S11,K03,shared_ridge10,17.2545278138,12.5140111464,21.6236872388,0.9000000000
2026-11-04,S11,K04,shared_ridge10,17.1804529291,12.2401146554,20.4760590996,0.9000000000
2026-11-04,S11,K05,shared_ridge10,21.0954386295,14.7521034411,25.0967613692,0.9000000000
2026-11-04,S11,K06,shared_ridge10,19.5237250567,12.9929083073,25.5714149223,0.9000000000
2026-11-04,S11,K07,shared_ridge10,22.3952102959,15.0493539961,28.2012231225,0.9000000000
2026-11-04,S11,K08,shared_ridge10,22.6587550880,15.5287420342,28.1143665095,0.9000000000
2026-11-04,S12,K01,shared_ridge10,15.1890166652,10.0956742903,19.7216001763,0.9000000000
2026-11-04,S12,K02,shared_ridge10,15.0892428029,8.8948637981,18.8663577469,0.9000000000
2026-11-04,S12,K03,shared_ridge10,17.6068594200,11.8317348810,23.0685464797,0.9000000000
2026-11-04,S12,K04,shared_ridge10,17.4498829809,11.4116778950,22.8585859302,0.9000000000
2026-11-04,S12,K05,shared_ridge10,21.1938842254,14.3969071192,26.4208154488,0.9000000000
2026-11-04,S12,K06,shared_ridge10,20.0466842887,12.5477222245,24.5600058953,0.9000000000
2026-11-04,S12,K07,shared_ridge10,22.4423994287,15.5481543246,26.4295228257,0.9000000000
2026-11-04,S12,K08,shared_ridge10,23.2649467003,16.9142272497,27.7885808958,0.9000000000
2026-11-05,S01,K01,shared_ridge10,7.7844731576,2.8358697181,12.4727099698,0.9000000000
2026-11-05,S01,K02,shared_ridge10,7.4493313624,2.0506970052,11.3777943109,0.9000000000
2026-11-05,S01,K03,shared_ridge10,10.4909942531,4.7567013360,14.6122423183,0.9000000000
2026-11-05,S01,K04,shared_ridge10,9.3042371381,3.1548389959,12.7755927918,0.9000000000
2026-11-05,S01,K05,shared_ridge10,11.0924266417,5.9582689032,14.7107091428,0.9000000000
2026-11-05,S01,K06,shared_ridge10,10.6617055262,3.9476659710,14.9308380949,0.9000000000
2026-11-05,S01,K07,shared_ridge10,13.1328377672,6.1757640766,16.8148199303,0.9000000000
2026-11-05,S01,K08,shared_ridge10,12.5520217261,6.4092909311,16.7309928016,0.9000000000
2026-11-05,S02,K01,shared_ridge10,8.1730741938,2.7339838107,12.7078288458,0.9000000000
2026-11-05,S02,K02,shared_ridge10,7.5270515696,2.4017319905,10.7779792528,0.9000000000
2026-11-05,S02,K03,shared_ridge10,11.0246730095,5.9829793715,14.5410117000,0.9000000000
2026-11-05,S02,K04,shared_ridge10,9.6618087965,3.5012021764,14.0289739542,0.9000000000
2026-11-05,S02,K05,shared_ridge10,11.9525302686,6.0180236370,15.6841832285,0.9000000000
2026-11-05,S02,K06,shared_ridge10,11.2009224600,5.2909363465,14.5949935607,0.9000000000
2026-11-05,S02,K07,shared_ridge10,13.2001952801,7.1004017080,16.9022962533,0.9000000000
2026-11-05,S02,K08,shared_ridge10,14.2205780324,8.1611134763,17.0298738295,0.9000000000
2026-11-05,S03,K01,shared_ridge10,8.2922451783,2.6972796104,12.4580653474,0.9000000000
2026-11-05,S03,K02,shared_ridge10,9.3492666537,3.2947605360,13.2595842711,0.9000000000
2026-11-05,S03,K03,shared_ridge10,10.1134519551,4.3713169532,15.4951839830,0.9000000000
2026-11-05,S03,K04,shared_ridge10,9.9157241594,3.6459050997,13.2120212852,0.9000000000
2026-11-05,S03,K05,shared_ridge10,12.1542709660,6.7025626939,15.6333006765,0.9000000000
2026-11-05,S03,K06,shared_ridge10,11.5791608020,5.9908986357,15.4887976928,0.9000000000
2026-11-05,S03,K07,shared_ridge10,14.2779154874,7.7198087535,17.7535905966,0.9000000000
2026-11-05,S03,K08,shared_ridge10,14.5521842500,8.8256727290,18.9645224837,0.9000000000
2026-11-05,S04,K01,shared_ridge10,8.6860275617,3.5210603712,12.5521891132,0.9000000000
2026-11-05,S04,K02,shared_ridge10,9.7067796070,4.2952032071,13.3111547455,0.9000000000
2026-11-05,S04,K03,shared_ridge10,10.9579118844,5.7687059343,14.9858984898,0.9000000000
2026-11-05,S04,K04,shared_ridge10,10.8587293407,4.6994793087,14.6573497755,0.9000000000
2026-11-05,S04,K05,shared_ridge10,12.6358044094,7.3208997927,15.5889379691,0.9000000000
2026-11-05,S04,K06,shared_ridge10,12.2009224600,6.0680358349,15.5911320902,0.9000000000
2026-11-05,S04,K07,shared_ridge10,14.9981227413,9.8261173562,18.4905718345,0.9000000000
2026-11-05,S04,K08,shared_ridge10,15.6661738873,8.8962049638,18.6406892662,0.9000000000
2026-11-05,S05,K01,shared_ridge10,10.2021246429,4.4795389446,13.9445460197,0.9000000000
2026-11-05,S05,K02,shared_ridge10,9.4545127095,4.3779923571,13.6622866987,0.9000000000
2026-11-05,S05,K03,shared_ridge10,11.0303510883,5.2889934435,15.0329940066,0.9000000000
2026-11-05,S05,K04,shared_ridge10,11.0141404027,5.1382832008,14.9916434802,0.9000000000
2026-11-05,S05,K05,shared_ridge10,13.3506643953,6.9267157474,17.2015561834,0.9000000000
2026-11-05,S05,K06,shared_ridge10,12.8485908538,7.1442518101,16.7406722426,0.9000000000
2026-11-05,S05,K07,shared_ridge10,16.8258326385,10.7793925199,20.0930085926,0.9000000000
2026-11-05,S05,K08,shared_ridge10,15.3033430672,9.0111401278,19.7742417691,0.9000000000
2026-11-05,S06,K01,shared_ridge10,10.2228500315,4.4392532345,14.4569056402,0.9000000000
2026-11-05,S06,K02,shared_ridge10,9.8227272918,3.9761775070,13.8866313558,0.9000000000
2026-11-05,S06,K03,shared_ridge10,11.8230972023,6.3979189662,16.2337988947,0.9000000000
2026-11-05,S06,K04,shared_ridge10,11.6513873971,6.0085188360,16.4523353573,0.9000000000
2026-11-05,S06,K05,shared_ridge10,13.5941877114,7.1955602846,17.5669440771,0.9000000000
2026-11-05,S06,K06,shared_ridge10,13.6050675377,8.2832525274,17.6575524833,0.9000000000
2026-11-05,S06,K07,shared_ridge10,17.1937082862,9.8809956553,21.8065628935,0.9000000000
2026-11-05,S06,K08,shared_ridge10,15.3759339358,8.5111383445,18.1923556617,0.9000000000
2026-11-05,S07,K01,shared_ridge10,10.9275132439,5.4848405421,14.9631040201,0.9000000000
2026-11-05,S07,K02,shared_ridge10,9.6261750348,4.4815461075,13.5589655170,0.9000000000
2026-11-05,S07,K03,shared_ridge10,12.1547034199,6.5799780744,17.6362938036,0.9000000000
2026-11-05,S07,K04,shared_ridge10,11.8844893138,5.9985978407,15.9829360571,0.9000000000
2026-11-05,S07,K05,shared_ridge10,14.3299390067,8.8603514680,18.9850299923,0.9000000000
2026-11-05,S07,K06,shared_ridge10,14.8985690010,8.8809307950,19.2863736202,0.9000000000
2026-11-05,S07,K07,shared_ridge10,17.0602989071,8.7440448871,21.9633740459,0.9000000000
2026-11-05,S07,K08,shared_ridge10,16.3915299858,10.0666888579,21.0760352158,0.9000000000
2026-11-05,S08,K01,shared_ridge10,10.5408261674,5.0622771695,14.8744276872,0.9000000000
2026-11-05,S08,K02,shared_ridge10,10.1133911343,3.7154577012,14.4465895605,0.9000000000
2026-11-05,S08,K03,shared_ridge10,12.7921087755,7.0220261628,18.1815019369,0.9000000000
2026-11-05,S08,K04,shared_ridge10,12.6513286921,7.2085958599,16.6971882491,0.9000000000
2026-11-05,S08,K05,shared_ridge10,15.1537732036,8.8085609642,19.1971443115,0.9000000000
2026-11-05,S08,K06,shared_ridge10,15.2975327315,9.4533751695,20.3079451045,0.9000000000
2026-11-05,S08,K07,shared_ridge10,17.3545216776,10.7940196487,20.0333183174,0.9000000000
2026-11-05,S08,K08,shared_ridge10,17.3708045972,10.4908733640,21.8052582259,0.9000000000
2026-11-05,S09,K01,shared_ridge10,10.7167446223,5.5466725556,14.4746882035,0.9000000000
2026-11-05,S09,K02,shared_ridge10,10.7766035695,4.7260314988,15.5983564643,0.9000000000
2026-11-05,S09,K03,shared_ridge10,12.9424674991,7.7306288252,18.1245771929,0.9000000000
2026-11-05,S09,K04,shared_ridge10,13.0451110755,7.8335884150,18.0353397472,0.9000000000
2026-11-05,S09,K05,shared_ridge10,15.4491099912,9.1842348788,19.5925980763,0.9000000000
2026-11-05,S09,K06,shared_ridge10,16.1006415398,10.3865635828,19.2850144940,0.9000000000
2026-11-05,S09,K07,shared_ridge10,17.8197289041,12.0905944619,22.1940869312,0.9000000000
2026-11-05,S09,K08,shared_ridge10,18.0858305039,10.6428772642,22.5483825527,0.9000000000
2026-11-05,S10,K01,shared_ridge10,10.6284143726,5.6503710652,15.6841463073,0.9000000000
2026-11-05,S10,K02,shared_ridge10,11.0924962783,5.9157710442,15.8487254664,0.9000000000
2026-11-05,S10,K03,shared_ridge10,13.7663515241,8.3399188583,18.4317895807,0.9000000000
2026-11-05,S10,K04,shared_ridge10,13.2627276558,8.6210957118,17.9357667744,0.9000000000
2026-11-05,S10,K05,shared_ridge10,16.7227867635,11.2547023913,21.8888602880,0.9000000000
2026-11-05,S10,K06,shared_ridge10,15.9624020760,9.1910903470,19.9040041627,0.9000000000
2026-11-05,S10,K07,shared_ridge10,18.7362703412,10.8922988410,25.0491660659,0.9000000000
2026-11-05,S10,K08,shared_ridge10,18.0909598426,10.5842862387,22.0298932449,0.9000000000
2026-11-05,S11,K01,shared_ridge10,11.3900724036,5.5473491462,16.0430217358,0.9000000000
2026-11-05,S11,K02,shared_ridge10,11.8071832504,6.2473282354,16.3981093325,0.9000000000
2026-11-05,S11,K03,shared_ridge10,13.9891494515,9.2486327842,18.3583088766,0.9000000000
2026-11-05,S11,K04,shared_ridge10,14.1850074485,9.2446691749,17.4806136191,0.9000000000
2026-11-05,S11,K05,shared_ridge10,17.5103515304,11.1670163420,21.5116742701,0.9000000000
2026-11-05,S11,K06,shared_ridge10,16.0034960231,9.4726792737,22.0511858887,0.9000000000
2026-11-05,S11,K07,shared_ridge10,19.2854931391,11.9396368393,25.0915059657,0.9000000000
2026-11-05,S11,K08,shared_ridge10,19.1945347770,12.0645217232,24.6501461985,0.9000000000
2026-11-05,S12,K01,shared_ridge10,11.7683107456,6.6749683707,16.3008942567,0.9000000000
2026-11-05,S12,K02,shared_ridge10,12.0192795489,5.8249005441,15.7963944929,0.9000000000
2026-11-05,S12,K03,shared_ridge10,14.3414810578,8.5663565188,19.8031681175,0.9000000000
2026-11-05,S12,K04,shared_ridge10,15.4487724617,9.4105673758,20.8574754111,0.9000000000
2026-11-05,S12,K05,shared_ridge10,16.6408198358,9.8438427296,21.8677510592,0.9000000000
2026-11-05,S12,K06,shared_ridge10,16.5264552552,9.0274931910,21.0397768618,0.9000000000
2026-11-05,S12,K07,shared_ridge10,19.3326822720,12.4384371679,23.3198056689,0.9000000000
2026-11-05,S12,K08,shared_ridge10,19.8007263894,13.4500069387,24.3243605848,0.9000000000
2026-11-06,S01,K01,shared_ridge10,8.2839805724,3.3353771329,12.9722173846,0.9000000000
2026-11-06,S01,K02,shared_ridge10,7.7532839474,2.3546495903,11.6817468960,0.9000000000
2026-11-06,S01,K03,shared_ridge10,10.6921470732,4.9578541561,14.8133951384,0.9000000000
2026-11-06,S01,K04,shared_ridge10,9.4582576864,3.3088595442,12.9296133402,0.9000000000
2026-11-06,S01,K05,shared_ridge10,11.5714463359,6.4372885975,15.1897288370,0.9000000000
2026-11-06,S01,K06,shared_ridge10,11.3163937464,4.6023541912,15.5855263150,0.9000000000
2026-11-06,S01,K07,shared_ridge10,13.2317020542,6.2746283636,16.9136842173,0.9000000000
2026-11-06,S01,K08,shared_ridge10,12.8385438932,6.6958130982,17.0175149686,0.9000000000
2026-11-06,S02,K01,shared_ridge10,8.6725816086,3.2334912255,13.2073362606,0.9000000000
2026-11-06,S02,K02,shared_ridge10,8.7982969590,3.6729773798,12.0492246421,0.9000000000
2026-11-06,S02,K03,shared_ridge10,10.2162090074,5.1745153693,13.7325476978,0.9000000000
2026-11-06,S02,K04,shared_ridge10,9.8158293448,3.6552227247,14.1829945025,0.9000000000
2026-11-06,S02,K05,shared_ridge10,12.4315499629,6.4970433312,16.1632029227,0.9000000000
2026-11-06,S02,K06,shared_ridge10,11.8556106802,5.9456245667,15.2496817809,0.9000000000
2026-11-06,S02,K07,shared_ridge10,13.2990595672,7.1992659950,17.0011605403,0.9000000000
2026-11-06,S02,K08,shared_ridge10,14.5071001994,8.4476356434,17.3163959965,0.9000000000
2026-11-06,S03,K01,shared_ridge10,8.7917525931,3.1967870252,12.9575727622,0.9000000000
2026-11-06,S03,K02,shared_ridge10,9.6532192388,3.5987131211,13.5635368562,0.9000000000
2026-11-06,S03,K03,shared_ridge10,10.3146047752,4.5724697733,15.6963368031,0.9000000000
2026-11-06,S03,K04,shared_ridge10,10.0697447077,3.7999256480,13.3660418335,0.9000000000
2026-11-06,S03,K05,shared_ridge10,12.6332906602,7.1815823881,16.1123203707,0.9000000000
2026-11-06,S03,K06,shared_ridge10,12.2338490221,6.6455868559,16.1434859129,0.9000000000
2026-11-06,S03,K07,shared_ridge10,14.3767797744,7.8186730406,17.8524548837,0.9000000000
2026-11-06,S03,K08,shared_ridge10,14.8387064170,9.1121948960,19.2510446508,0.9000000000
2026-11-06,S04,K01,shared_ridge10,9.1855349765,4.0205677860,13.0516965280,0.9000000000
2026-11-06,S04,K02,shared_ridge10,10.0107321921,4.5991557922,13.6151073306,0.9000000000
2026-11-06,S04,K03,shared_ridge10,11.1590647045,5.9698587544,15.1870513099,0.9000000000
2026-11-06,S04,K04,shared_ridge10,11.0127498890,4.8534998571,14.8113703238,0.9000000000
2026-11-06,S04,K05,shared_ridge10,13.1148241036,7.7999194869,16.0679576634,0.9000000000
2026-11-06,S04,K06,shared_ridge10,12.8556106802,6.7227240551,16.2458203104,0.9000000000
2026-11-06,S04,K07,shared_ridge10,16.2044896717,11.0324842866,19.6969387649,0.9000000000
2026-11-06,S04,K08,shared_ridge10,14.9577148776,8.1877459542,17.9322302565,0.9000000000
2026-11-06,S05,K01,shared_ridge10,10.7016320577,4.9790463594,14.4440534345,0.9000000000
2026-11-06,S05,K02,shared_ridge10,9.7584652946,4.6819449422,13.9662392838,0.9000000000
2026-11-06,S05,K03,shared_ridge10,11.2315039084,5.4901462636,15.2341468267,0.9000000000
2026-11-06,S05,K04,shared_ridge10,11.1681609510,5.2923037491,15.1456640285,0.9000000000
2026-11-06,S05,K05,shared_ridge10,13.8296840896,7.4057354416,17.6805758776,0.9000000000
2026-11-06,S05,K06,shared_ridge10,13.5032790740,7.7989400303,17.3953604628,0.9000000000
2026-11-06,S05,K07,shared_ridge10,16.9246969256,10.8782568070,20.1918728797,0.9000000000
2026-11-06,S05,K08,shared_ridge10,15.5898652342,9.2976622948,20.0607639362,0.9000000000
2026-11-06,S06,K01,shared_ridge10,10.7223574463,4.9387606493,14.9564130550,0.9000000000
2026-11-06,S06,K02,shared_ridge10,10.1266798769,4.2801300921,14.1905839409,0.9000000000
2026-11-06,S06,K03,shared_ridge10,12.0242500224,6.5990717863,16.4349517148,0.9000000000
2026-11-06,S06,K04,shared_ridge10,11.8054079454,6.1625393843,16.6063559057,0.9000000000
2026-11-06,S06,K05,shared_ridge10,14.0732074056,7.6745799789,18.0459637713,0.9000000000
2026-11-06,S06,K06,shared_ridge10,14.2597557579,8.9379407476,18.3122407034,0.9000000000
2026-11-06,S06,K07,shared_ridge10,17.2925725733,9.9798599424,21.9054271806,0.9000000000
2026-11-06,S06,K08,shared_ridge10,15.6624561029,8.7976605115,18.4788778287,0.9000000000
2026-11-06,S07,K01,shared_ridge10,10.4031515568,4.9604788550,14.4387423330,0.9000000000
2026-11-06,S07,K02,shared_ridge10,9.9301276199,4.7854986926,13.8629181020,0.9000000000
2026-11-06,S07,K03,shared_ridge10,12.3558562400,6.7811308945,17.8374466237,0.9000000000
2026-11-06,S07,K04,shared_ridge10,12.0385098621,6.1526183890,16.1369566054,0.9000000000
2026-11-06,S07,K05,shared_ridge10,14.8089587010,9.3393711622,19.4640496865,0.9000000000
2026-11-06,S07,K06,shared_ridge10,15.5532572212,9.5356190152,19.9410618404,0.9000000000
2026-11-06,S07,K07,shared_ridge10,17.1591631941,8.8429091741,22.0622383330,0.9000000000
2026-11-06,S07,K08,shared_ridge10,16.6780521528,10.3532110249,21.3625573828,0.9000000000
2026-11-06,S08,K01,shared_ridge10,11.0403335822,5.5617845843,15.3739351020,0.9000000000
2026-11-06,S08,K02,shared_ridge10,10.4173437193,4.0194102863,14.7505421456,0.9000000000
2026-11-06,S08,K03,shared_ridge10,12.9932615956,7.2231789829,18.3826547570,0.9000000000
2026-11-06,S08,K04,shared_ridge10,12.8053492404,7.3626164082,16.8512087974,0.9000000000
2026-11-06,S08,K05,shared_ridge10,15.6327928979,9.2875806585,19.6761640057,0.9000000000
2026-11-06,S08,K06,shared_ridge10,15.9522209517,10.1080633896,20.9626333247,0.9000000000
2026-11-06,S08,K07,shared_ridge10,17.4533859647,10.8928839358,20.1321826044,0.9000000000
2026-11-06,S08,K08,shared_ridge10,17.6573267642,10.7773955310,22.0917803930,0.9000000000
2026-11-06,S09,K01,shared_ridge10,11.2162520371,6.0461799704,14.9741956183,0.9000000000
2026-11-06,S09,K02,shared_ridge10,11.0805561546,5.0299840838,15.9023090494,0.9000000000
2026-11-06,S09,K03,shared_ridge10,13.1436203192,7.9317816453,18.3257300130,0.9000000000
2026-11-06,S09,K04,shared_ridge10,13.1991316238,7.9876089633,18.1893602956,0.9000000000
2026-11-06,S09,K05,shared_ridge10,16.8961069759,10.6312318635,21.0395950610,0.9000000000
2026-11-06,S09,K06,shared_ridge10,15.7208956543,10.0068176973,18.9052686084,0.9000000000
2026-11-06,S09,K07,shared_ridge10,17.9185931911,12.1894587490,22.2929512182,0.9000000000
2026-11-06,S09,K08,shared_ridge10,18.3723526710,10.9293994312,22.8349047197,0.9000000000
2026-11-06,S10,K01,shared_ridge10,11.1279217873,6.1498784800,16.1836537221,0.9000000000
2026-11-06,S10,K02,shared_ridge10,11.3964488634,6.2197236293,16.1526780515,0.9000000000
2026-11-06,S10,K03,shared_ridge10,13.9675043442,8.5410716784,18.6329424008,0.9000000000
2026-11-06,S10,K04,shared_ridge10,13.4167482041,8.7751162601,18.0897873227,0.9000000000
2026-11-06,S10,K05,shared_ridge10,17.2018064578,11.7337220855,22.3678799823,0.9000000000
2026-11-06,S10,K06,shared_ridge10,16.6170902962,9.8457785672,20.5586923829,0.9000000000
2026-11-06,S10,K07,shared_ridge10,18.8351346282,10.9911631280,25.1480303530,0.9000000000
2026-11-06,S10,K08,shared_ridge10,18.3774820096,10.8708084057,22.3164154119,0.9000000000
2026-11-06,S11,K01,shared_ridge10,11.8895798184,6.0468565610,16.5425291506,0.9000000000
2026-11-06,S11,K02,shared_ridge10,12.1111358355,6.5512808204,16.7020619176,0.9000000000
2026-11-06,S11,K03,shared_ridge10,14.1903022716,9.4497856043,18.5594616967,0.9000000000
2026-11-06,S11,K04,shared_ridge10,14.3390279969,9.3986897232,17.6346341674,0.9000000000
2026-11-06,S11,K05,shared_ridge10,17.9893712246,11.6460360362,21.9906939643,0.9000000000
2026-11-06,S11,K06,shared_ridge10,16.6581842433,10.1273674939,22.7058741089,0.9000000000
2026-11-06,S11,K07,shared_ridge10,19.3843574262,12.0385011264,25.1903702528,0.9000000000
2026-11-06,S11,K08,shared_ridge10,19.4810569441,12.3510438902,24.9366683655,0.9000000000
2026-11-06,S12,K01,shared_ridge10,12.2678181604,7.1744757855,16.8004016715,0.9000000000
2026-11-06,S12,K02,shared_ridge10,12.3232321340,6.1288531292,16.1003470780,0.9000000000
2026-11-06,S12,K03,shared_ridge10,14.5426338779,8.7675093389,20.0043209376,0.9000000000
2026-11-06,S12,K04,shared_ridge10,15.6027930101,9.5645879242,21.0114959594,0.9000000000
2026-11-06,S12,K05,shared_ridge10,17.1198395300,10.3228624238,22.3467707534,0.9000000000
2026-11-06,S12,K06,shared_ridge10,17.1811434754,9.6821814112,21.6944650820,0.9000000000
2026-11-06,S12,K07,shared_ridge10,19.4315465590,12.5373014549,23.4186699559,0.9000000000
2026-11-06,S12,K08,shared_ridge10,20.0872485564,13.7365291057,24.6108827518,0.9000000000
2026-11-07,S01,K01,shared_ridge10,10.5405446369,5.5919411974,15.2287814492,0.9000000000
2026-11-07,S01,K02,shared_ridge10,10.1326421402,4.7340077831,14.0611050887,0.9000000000
2026-11-07,S01,K03,shared_ridge10,13.5463285041,7.8120355871,17.6675765694,0.9000000000
2026-11-07,S01,K04,shared_ridge10,12.3075877565,6.1581896143,15.7789434103,0.9000000000
2026-11-07,S01,K05,shared_ridge10,15.1317013019,9.9975435634,18.7499838030,0.9000000000
2026-11-07,S01,K06,shared_ridge10,14.7398772849,8.0258377297,19.0090098536,0.9000000000
2026-11-07,S01,K07,shared_ridge10,16.9847648090,10.0276911184,20.6667469721,0.9000000000
2026-11-07,S01,K08,shared_ridge10,17.5089034298,11.3661726348,21.6878745052,0.9000000000
2026-11-07,S02,K01,shared_ridge10,10.9291456732,5.4900552901,15.4639003252,0.9000000000
2026-11-07,S02,K02,shared_ridge10,11.1776551517,6.0523355726,14.4285828349,0.9000000000
2026-11-07,S02,K03,shared_ridge10,13.0703904383,8.0286968003,16.5867291288,0.9000000000
2026-11-07,S02,K04,shared_ridge10,12.6651594149,6.5045527948,17.0323245726,0.9000000000
2026-11-07,S02,K05,shared_ridge10,15.9918049288,10.0572982972,19.7234578887,0.9000000000
2026-11-07,S02,K06,shared_ridge10,15.2790942187,9.3691081052,18.6731653194,0.9000000000
2026-11-07,S02,K07,shared_ridge10,17.0521223220,10.9523287498,20.7542232951,0.9000000000
2026-11-07,S02,K08,shared_ridge10,18.1824785593,12.1230140033,20.9917743565,0.9000000000
2026-11-07,S03,K01,shared_ridge10,11.0483166577,5.4533510897,15.2141368268,0.9000000000
2026-11-07,S03,K02,shared_ridge10,12.0325774315,5.9780713138,15.9428950489,0.9000000000
2026-11-07,S03,K03,shared_ridge10,13.1687862061,7.4266512043,18.5505182341,0.9000000000
2026-11-07,S03,K04,shared_ridge10,12.9190747778,6.6492557181,16.2153719036,0.9000000000
2026-11-07,S03,K05,shared_ridge10,16.1935456261,10.7418373541,19.6725753366,0.9000000000
2026-11-07,S03,K06,shared_ridge10,15.6573325606,10.0690703944,19.5669694514,0.9000000000
2026-11-07,S03,K07,shared_ridge10,18.1298425292,11.5717357954,21.6055176385,0.9000000000
2026-11-07,S03,K08,shared_ridge10,18.5140847770,12.7875732560,22.9264230107,0.9000000000
2026-11-07,S04,K01,shared_ridge10,12.4659681430,7.3010009525,16.3321296945,0.9000000000
2026-11-07,S04,K02,shared_ridge10,11.4227975806,6.0112211807,15.0271727191,0.9000000000
2026-11-07,S04,K03,shared_ridge10,14.0132461354,8.8240401853,18.0412327409,0.9000000000
2026-11-07,S04,K04,shared_ridge10,13.8620799591,7.7028299272,17.6607003939,0.9000000000
2026-11-07,S04,K05,shared_ridge10,16.6750790695,11.3601744528,19.6282126293,0.9000000000
2026-11-07,S04,K06,shared_ridge10,16.2790942187,10.1462075936,19.6693038489,0.9000000000
2026-11-07,S04,K07,shared_ridge10,19.9575524265,14.7855470414,23.4500015197,0.9000000000
2026-11-07,S04,K08,shared_ridge10,18.6330932376,11.8631243141,21.6076086165,0.9000000000
2026-11-07,S05,K01,shared_ridge10,12.9581961222,7.2356104240,16.7006174991,0.9000000000
2026-11-07,S05,K02,shared_ridge10,12.1378234874,7.0613031349,16.3455974766,0.9000000000
2026-11-07,S05,K03,shared_ridge10,14.0856853393,8.3443276946,18.0883282576,0.9000000000
2026-11-07,S05,K04,shared_ridge10,14.0174910211,8.1416338192,17.9949940986,0.9000000000
2026-11-07,S05,K05,shared_ridge10,17.3899390555,10.9659904075,21.2408308435,0.9000000000
2026-11-07,S05,K06,shared_ridge10,16.9267626125,11.2224235688,20.8188440013,0.9000000000
2026-11-07,S05,K07,shared_ridge10,20.6777596804,14.6313195618,23.9449356345,0.9000000000
2026-11-07,S05,K08,shared_ridge10,19.2652435942,12.9730406548,23.7361422961,0.9000000000
2026-11-07,S06,K01,shared_ridge10,12.9789215108,7.1953247138,17.2129771196,0.9000000000
2026-11-07,S06,K02,shared_ridge10,12.5060380697,6.6594882849,16.5699421336,0.9000000000
2026-11-07,S06,K03,shared_ridge10,14.8784314533,9.4532532172,19.2891331458,0.9000000000
2026-11-07,S06,K04,shared_ridge10,14.6547380155,9.0118694544,19.4556859758,0.9000000000
2026-11-07,S06,K05,shared_ridge10,17.6334623716,11.2348349448,21.6062187373,0.9000000000
2026-11-07,S06,K06,shared_ridge10,18.7176734021,13.3958583918,22.7701583477,0.9000000000
2026-11-07,S06,K07,shared_ridge10,19.9381326847,12.6254200538,24.5509872920,0.9000000000
2026-11-07,S06,K08,shared_ridge10,19.3378344628,12.4730388714,22.1542561887,0.9000000000
2026-11-07,S07,K01,shared_ridge10,12.6597156214,7.2170429196,16.6953063976,0.9000000000
2026-11-07,S07,K02,shared_ridge10,12.3094858127,7.1648568853,16.2422762948,0.9000000000
2026-11-07,S07,K03,shared_ridge10,15.2100376709,9.6353123255,20.6916280547,0.9000000000
2026-11-07,S07,K04,shared_ridge10,14.8878399322,9.0019484591,18.9862866755,0.9000000000
2026-11-07,S07,K05,shared_ridge10,18.3692136669,12.8996261281,23.0243046525,0.9000000000
2026-11-07,S07,K06,shared_ridge10,18.9767407597,12.9591025537,23.3645453789,0.9000000000
2026-11-07,S07,K07,shared_ridge10,20.9122259489,12.5959719289,25.8153010878,0.9000000000
2026-11-07,S07,K08,shared_ridge10,20.3534305128,14.0285893849,25.0379357428,0.9000000000
2026-11-07,S08,K01,shared_ridge10,13.2968976468,7.8183486489,17.6304991665,0.9000000000
2026-11-07,S08,K02,shared_ridge10,12.7967019121,6.3987684791,17.1299003383,0.9000000000
2026-11-07,S08,K03,shared_ridge10,15.8474430266,10.0773604139,21.2368361880,0.9000000000
2026-11-07,S08,K04,shared_ridge10,15.6546793105,10.2119464783,19.7005388675,0.9000000000
2026-11-07,S08,K05,shared_ridge10,19.1930478638,12.8478356244,23.2364189716,0.9000000000
2026-11-07,S08,K06,shared_ridge10,19.3757044902,13.5315469281,24.3861168632,0.9000000000
2026-11-07,S08,K07,shared_ridge10,21.2064487194,14.6459466906,23.8852453592,0.9000000000
2026-11-07,S08,K08,shared_ridge10,21.3327051242,14.4527738910,25.7671587529,0.9000000000
2026-11-07,S09,K01,shared_ridge10,13.4728161017,8.3027440349,17.2307596829,0.9000000000
2026-11-07,S09,K02,shared_ridge10,13.4599143474,7.4093422766,18.2816672422,0.9000000000
2026-11-07,S09,K03,shared_ridge10,15.9978017501,10.7859630762,21.1799114439,0.9000000000
2026-11-07,S09,K04,shared_ridge10,16.0484616939,10.8369390334,21.0386903657,0.9000000000
2026-11-07,S09,K05,shared_ridge10,20.4563619418,14.1914868294,24.5998500270,0.9000000000
2026-11-07,S09,K06,shared_ridge10,19.1443791928,13.4303012358,22.3287521469,0.9000000000
2026-11-07,S09,K07,shared_ridge10,21.6716559459,15.9425215037,26.0460139730,0.9000000000
2026-11-07,S09,K08,shared_ridge10,22.0477310309,14.6047777912,26.5102830796,0.9000000000
2026-11-07,S10,K01,shared_ridge10,13.3844858519,8.4064425445,18.4402177866,0.9000000000
2026-11-07,S10,K02,shared_ridge10,13.7758070562,8.5990818221,18.5320362443,0.9000000000
2026-11-07,S10,K03,shared_ridge10,16.8216857751,11.3952531094,21.4871238318,0.9000000000
2026-11-07,S10,K04,shared_ridge10,16.2660782742,11.6244463302,20.9391173928,0.9000000000
2026-11-07,S10,K05,shared_ridge10,20.7620614237,15.2939770514,25.9281349482,0.9000000000
2026-11-07,S10,K06,shared_ridge10,20.0405738347,13.2692621057,23.9821759214,0.9000000000
2026-11-07,S10,K07,shared_ridge10,22.5881973830,14.7442258828,28.9010931078,0.9000000000
2026-11-07,S10,K08,shared_ridge10,22.0528603695,14.5461867657,25.9917937719,0.9000000000
2026-11-07,S11,K01,shared_ridge10,14.1461438830,8.3034206256,18.7990932152,0.9000000000
2026-11-07,S11,K02,shared_ridge10,14.4904940283,8.9306390132,19.0814201104,0.9000000000
2026-11-07,S11,K03,shared_ridge10,17.0444837026,12.3039670353,21.4136431276,0.9000000000
2026-11-07,S11,K04,shared_ridge10,18.1826930284,13.2423547547,21.4782991989,0.9000000000
2026-11-07,S11,K05,shared_ridge10,20.5816489001,14.2383137117,24.5829716398,0.9000000000
2026-11-07,S11,K06,shared_ridge10,20.0816677818,13.5508510324,26.1293576474,0.9000000000
2026-11-07,S11,K07,shared_ridge10,23.1374201809,15.7915638812,28.9434330076,0.9000000000
2026-11-07,S11,K08,shared_ridge10,23.1564353040,16.0264222502,28.6120467255,0.9000000000
2026-11-07,S12,K01,shared_ridge10,14.5243822250,9.4310398501,19.0569657360,0.9000000000
2026-11-07,S12,K02,shared_ridge10,14.7025903267,8.5082113220,18.4797052707,0.9000000000
2026-11-07,S12,K03,shared_ridge10,17.3968153088,11.6216907698,22.8585023686,0.9000000000
2026-11-07,S12,K04,shared_ridge10,18.4521230802,12.4139179943,23.8608260295,0.9000000000
2026-11-07,S12,K05,shared_ridge10,20.6800944959,13.8831173898,25.9070257193,0.9000000000
2026-11-07,S12,K06,shared_ridge10,20.6046270139,13.1056649497,25.1179486205,0.9000000000
2026-11-07,S12,K07,shared_ridge10,23.1846093138,16.2903642097,27.1717327107,0.9000000000
2026-11-07,S12,K08,shared_ridge10,23.7626269163,17.4119074657,28.2862611118,0.9000000000
2026-11-08,S01,K01,shared_ridge10,10.5843527227,5.6357492832,15.2725895349,0.9000000000
2026-11-08,S01,K02,shared_ridge10,11.0502847418,5.6516503847,14.9787476903,0.9000000000
2026-11-08,S01,K03,shared_ridge10,12.2544509994,6.5201580824,16.3756990647,0.9000000000
2026-11-08,S01,K04,shared_ridge10,12.4102142473,6.2608161051,15.8815699011,0.9000000000
2026-11-08,S01,K05,shared_ridge10,14.9768672680,9.8427095296,18.5951497691,0.9000000000
2026-11-08,S01,K06,shared_ridge10,14.5569400024,7.8429004472,18.8260725710,0.9000000000
2026-11-08,S01,K07,shared_ridge10,16.7892044983,9.8321308077,20.4711866614,0.9000000000
2026-11-08,S01,K08,shared_ridge10,17.9408585564,11.7981277614,22.1198296318,0.9000000000
2026-11-08,S02,K01,shared_ridge10,10.9729537590,5.5338633759,15.5077084109,0.9000000000
2026-11-08,S02,K02,shared_ridge10,11.1280049491,6.0026853699,14.3789326322,0.9000000000
2026-11-08,S02,K03,shared_ridge10,12.7881297559,7.7464361179,16.3044684464,0.9000000000
2026-11-08,S02,K04,shared_ridge10,12.7677859057,6.6071792856,17.1349510634,0.9000000000
2026-11-08,S02,K05,shared_ridge10,15.8369708950,9.9024642633,19.5686238548,0.9000000000
2026-11-08,S02,K06,shared_ridge10,15.0961569361,9.1861708226,18.4902280368,0.9000000000
2026-11-08,S02,K07,shared_ridge10,16.8565620113,10.7567684391,20.5586629844,0.9000000000
2026-11-08,S02,K08,shared_ridge10,18.6144336859,12.5549691299,21.4237294831,0.9000000000
2026-11-08,S03,K01,shared_ridge10,11.0921247434,5.4971591755,15.2579449126,0.9000000000
2026-11-08,S03,K02,shared_ridge10,11.9829272289,5.9284211112,15.8932448463,0.9000000000
2026-11-08,S03,K03,shared_ridge10,12.8865255237,7.1443905218,18.2682575517,0.9000000000
2026-11-08,S03,K04,shared_ridge10,13.0217012686,6.7518822089,16.3179983944,0.9000000000
2026-11-08,S03,K05,shared_ridge10,16.0387115923,10.5870033202,19.5177413028,0.9000000000
2026-11-08,S03,K06,shared_ridge10,15.4743952781,9.8861331119,19.3840321689,0.9000000000
2026-11-08,S03,K07,shared_ridge10,19.0417848619,12.4836781281,22.5174599711,0.9000000000
2026-11-08,S03,K08,shared_ridge10,17.9510587269,12.2245472059,22.3633969606,0.9000000000
2026-11-08,S04,K01,shared_ridge10,12.5097762287,7.3448090382,16.3759377803,0.9000000000
2026-11-08,S04,K02,shared_ridge10,11.3731473780,5.9615709781,14.9775225164,0.9000000000
2026-11-08,S04,K03,shared_ridge10,13.7309854530,8.5417795029,17.7589720584,0.9000000000
2026-11-08,S04,K04,shared_ridge10,13.9647064499,7.8054564180,17.7633268847,0.9000000000
2026-11-08,S04,K05,shared_ridge10,16.5202450357,11.2053404190,19.4733785954,0.9000000000
2026-11-08,S04,K06,shared_ridge10,16.0961569361,9.9632703111,19.4863665663,0.9000000000
2026-11-08,S04,K07,shared_ridge10,19.7619921158,14.5899867307,23.2544412090,0.9000000000
2026-11-08,S04,K08,shared_ridge10,19.0650483642,12.2950794407,22.0395637431,0.9000000000
2026-11-08,S05,K01,shared_ridge10,13.0020042080,7.2794185097,16.7444255848,0.9000000000
2026-11-08,S05,K02,shared_ridge10,12.0881732847,7.0116529323,16.2959472739,0.9000000000
2026-11-08,S05,K03,shared_ridge10,13.8034246569,8.0620670121,17.8060675752,0.9000000000
2026-11-08,S05,K04,shared_ridge10,14.1201175119,8.2442603100,18.0976205894,0.9000000000
2026-11-08,S05,K05,shared_ridge10,17.2351050216,10.8111563737,21.0859968097,0.9000000000
2026-11-08,S05,K06,shared_ridge10,16.7438253299,11.0394862862,20.6359067187,0.9000000000
2026-11-08,S05,K07,shared_ridge10,20.4821993697,14.4357592511,23.7493753238,0.9000000000
2026-11-08,S05,K08,shared_ridge10,19.6971987208,13.4049957814,24.1680974227,0.9000000000
2026-11-08,S06,K01,shared_ridge10,11.9988604947,6.2152636977,16.2329161035,0.9000000000
2026-11-08,S06,K02,shared_ridge10,12.4563878670,6.6098380822,16.5202919310,0.9000000000
2026-11-08,S06,K03,shared_ridge10,14.5961707709,9.1709925348,19.0068724633,0.9000000000
2026-11-08,S06,K04,shared_ridge10,14.7573645063,9.1144959452,19.5583124666,0.9000000000
2026-11-08,S06,K05,shared_ridge10,17.4786283377,11.0800009109,21.4513847034,0.9000000000
2026-11-08,S06,K06,shared_ridge10,18.5347361196,13.2129211093,22.5872210652,0.9000000000
2026-11-08,S06,K07,shared_ridge10,19.7425723740,12.4298597431,24.3554269813,0.9000000000
2026-11-08,S06,K08,shared_ridge10,19.7697895894,12.9049939980,22.5862113153,0.9000000000
2026-11-08,S07,K01,shared_ridge10,12.7035237072,7.2608510054,16.7391144834,0.9000000000
2026-11-08,S07,K02,shared_ridge10,12.2598356100,7.1152066827,16.1926260921,0.9000000000
2026-11-08,S07,K03,shared_ridge10,14.9277769885,9.3530516431,20.4093673723,0.9000000000
2026-11-08,S07,K04,shared_ridge10,14.9904664230,9.1045749499,19.0889131663,0.9000000000
2026-11-08,S07,K05,shared_ridge10,18.2143796330,12.7447920943,22.8694706186,0.9000000000
2026-11-08,S07,K06,shared_ridge10,18.7938034771,12.7761652712,23.1816080964,0.9000000000
2026-11-08,S07,K07,shared_ridge10,20.7166656382,12.4004116182,25.6197407771,0.9000000000
2026-11-08,S07,K08,shared_ridge10,20.7853856394,14.4605445115,25.4698908694,0.9000000000
2026-11-08,S08,K01,shared_ridge10,13.3407057325,7.8621567347,17.6743072523,0.9000000000
2026-11-08,S08,K02,shared_ridge10,12.7470517095,6.3491182764,17.0802501357,0.9000000000
2026-11-08,S08,K03,shared_ridge10,15.5651823442,9.7950997314,20.9545755056,0.9000000000
2026-11-08,S08,K04,shared_ridge10,15.7573058013,10.3145729691,19.8031653583,0.9000000000
2026-11-08,S08,K05,shared_ridge10,20.0061911204,13.6609788810,24.0495622283,0.9000000000
2026-11-08,S08,K06,shared_ridge10,18.1583331019,12.3141755399,23.1687454750,0.9000000000
2026-11-08,S08,K07,shared_ridge10,21.0108884087,14.4503863799,23.6896850485,0.9000000000
2026-11-08,S08,K08,shared_ridge10,21.7646602508,14.8847290176,26.1991138795,0.9000000000
2026-11-08,S09,K01,shared_ridge10,13.5166241874,8.3465521207,17.2745677686,0.9000000000
2026-11-08,S09,K02,shared_ridge10,13.4102641447,7.3596920740,18.2320170395,0.9000000000
2026-11-08,S09,K03,shared_ridge10,15.7155410677,10.5037023938,20.8976507615,0.9000000000
2026-11-08,S09,K04,shared_ridge10,16.1510881847,10.9395655242,21.1413168564,0.9000000000
2026-11-08,S09,K05,shared_ridge10,20.3015279080,14.0366527955,24.4450159931,0.9000000000
2026-11-08,S09,K06,shared_ridge10,18.9614419102,13.2473639532,22.1458148644,0.9000000000
2026-11-08,S09,K07,shared_ridge10,21.4760956352,15.7469611930,25.8504536623,0.9000000000
2026-11-08,S09,K08,shared_ridge10,22.4796861575,15.0367329178,26.9422382062,0.9000000000
2026-11-08,S10,K01,shared_ridge10,13.4282939377,8.4502506303,18.4840258724,0.9000000000
2026-11-08,S10,K02,shared_ridge10,13.7261568535,8.5494316194,18.4823860416,0.9000000000
2026-11-08,S10,K03,shared_ridge10,16.5394250927,11.1129924269,21.2048631494,0.9000000000
2026-11-08,S10,K04,shared_ridge10,16.3687047650,11.7270728210,21.0417438836,0.9000000000
2026-11-08,S10,K05,shared_ridge10,20.6072273898,15.1391430176,25.7733009143,0.9000000000
2026-11-08,S10,K06,shared_ridge10,19.8576365522,13.0863248232,23.7992386388,0.9000000000
2026-11-08,S10,K07,shared_ridge10,22.3926370723,14.5486655721,28.7055327971,0.9000000000
2026-11-08,S10,K08,shared_ridge10,22.4848154961,14.9781418923,26.4237488984,0.9000000000
2026-11-08,S11,K01,shared_ridge10,14.1899519688,8.3472287113,18.8429013010,0.9000000000
2026-11-08,S11,K02,shared_ridge10,14.4408438256,8.8809888105,19.0317699077,0.9000000000
2026-11-08,S11,K03,shared_ridge10,16.7622230202,12.0217063528,21.1313824452,0.9000000000
2026-11-08,S11,K04,shared_ridge10,18.2853195191,13.3449812455,21.5809256897,0.9000000000
2026-11-08,S11,K05,shared_ridge10,20.4268148662,14.0834796778,24.4281376059,0.9000000000
2026-11-08,S11,K06,shared_ridge10,19.8987304993,13.3679137499,25.9464203649,0.9000000000
2026-11-08,S11,K07,shared_ridge10,22.9418598703,15.5960035705,28.7478726969,0.9000000000
2026-11-08,S11,K08,shared_ridge10,23.5883904306,16.4583773768,29.0440018521,0.9000000000
2026-11-08,S12,K01,shared_ridge10,14.5681903107,9.4748479359,19.1007738218,0.9000000000
2026-11-08,S12,K02,shared_ridge10,14.6529401241,8.4585611193,18.4300550681,0.9000000000
2026-11-08,S12,K03,shared_ridge10,17.1145546264,11.3394300874,22.5762416861,0.9000000000
2026-11-08,S12,K04,shared_ridge10,18.5547495710,12.5165444850,23.9634525203,0.9000000000
2026-11-08,S12,K05,shared_ridge10,20.5252604621,13.7282833559,25.7521916855,0.9000000000
2026-11-08,S12,K06,shared_ridge10,20.4216897313,12.9227276671,24.9350113379,0.9000000000
2026-11-08,S12,K07,shared_ridge10,22.9890490031,16.0948038990,26.9761724000,0.9000000000
2026-11-08,S12,K08,shared_ridge10,24.1945820429,17.8438625923,28.7182162384,0.9000000000
2026-11-09,S01,K01,shared_ridge10,7.9262233268,2.9776198873,12.6144601390,0.9000000000
2026-11-09,S01,K02,shared_ridge10,7.9914193441,2.5927849870,11.9198822926,0.9000000000
2026-11-09,S01,K03,shared_ridge10,9.5125928537,3.7782999367,13.6338409190,0.9000000000
2026-11-09,S01,K04,shared_ridge10,9.2333376325,3.0839394903,12.7046932862,0.9000000000
2026-11-09,S01,K05,shared_ridge10,11.4678965177,6.3337387792,15.0861790188,0.9000000000
2026-11-09,S01,K06,shared_ridge10,10.8489441229,4.1349045677,15.1180766916,0.9000000000
2026-11-09,S01,K07,shared_ridge10,13.2430463697,6.2859726792,16.9250285329,0.9000000000
2026-11-09,S01,K08,shared_ridge10,13.8107018818,7.6679710868,17.9896729572,0.9000000000
2026-11-09,S02,K01,shared_ridge10,8.3148243631,2.8757339800,12.8495790150,0.9000000000
2026-11-09,S02,K02,shared_ridge10,8.0691395514,2.9438199722,11.3200672345,0.9000000000
2026-11-09,S02,K03,shared_ridge10,10.0462716102,5.0045779721,13.5626103006,0.9000000000
2026-11-09,S02,K04,shared_ridge10,9.5909092909,3.4303026708,13.9580744486,0.9000000000
2026-11-09,S02,K05,shared_ridge10,12.3280001446,6.3934935130,16.0596531045,0.9000000000
2026-11-09,S02,K06,shared_ridge10,11.3881610567,5.4781749432,14.7822321574,0.9000000000
2026-11-09,S02,K07,shared_ridge10,13.3104038827,7.2106103106,17.0125048559,0.9000000000
2026-11-09,S02,K08,shared_ridge10,14.4842770113,8.4248124553,17.2935728084,0.9000000000
2026-11-09,S03,K01,shared_ridge10,9.4578644494,3.8628988815,13.6236846185,0.9000000000
2026-11-09,S03,K02,shared_ridge10,7.9567690269,1.9022629092,11.8670866443,0.9000000000
2026-11-09,S03,K03,shared_ridge10,10.1446673780,4.4025323761,15.5263994060,0.9000000000
2026-11-09,S03,K04,shared_ridge10,9.8448246538,3.5750055941,13.1411217796,0.9000000000
2026-11-09,S03,K05,shared_ridge10,12.5297408419,7.0780325699,16.0087705524,0.9000000000
2026-11-09,S03,K06,shared_ridge10,11.7663993986,6.1781372324,15.6760362894,0.9000000000
2026-11-09,S03,K07,shared_ridge10,15.4956267333,8.9375199995,18.9713018426,0.9000000000
2026-11-09,S03,K08,shared_ridge10,13.8209020522,8.0943905313,18.2332402860,0.9000000000
2026-11-09,S04,K01,shared_ridge10,9.8516468328,4.6866796423,13.7178083844,0.9000000000
2026-11-09,S04,K02,shared_ridge10,8.3142819803,2.9027055804,11.9186571187,0.9000000000
2026-11-09,S04,K03,shared_ridge10,10.9891273073,5.7999213572,15.0171139127,0.9000000000
2026-11-09,S04,K04,shared_ridge10,10.7878298351,4.6285798031,14.5864502699,0.9000000000
2026-11-09,S04,K05,shared_ridge10,13.0112742853,7.6963696686,15.9644078451,0.9000000000
2026-11-09,S04,K06,shared_ridge10,12.3881610567,6.2552744316,15.7783706869,0.9000000000
2026-11-09,S04,K07,shared_ridge10,16.2158339872,11.0438286022,19.7082830804,0.9000000000
2026-11-09,S04,K08,shared_ridge10,14.9348916895,8.1649227661,17.9094070684,0.9000000000
2026-11-09,S05,K01,shared_ridge10,10.3438748121,4.6212891138,14.0862961889,0.9000000000
2026-11-09,S05,K02,shared_ridge10,9.0293078870,3.9527875346,13.2370818762,0.9000000000
2026-11-09,S05,K03,shared_ridge10,11.0615665112,5.3202088664,15.0642094295,0.9000000000
2026-11-09,S05,K04,shared_ridge10,10.9432408971,5.0673836952,14.9207439746,0.9000000000
2026-11-09,S05,K05,shared_ridge10,13.7261342713,7.3021856233,17.5770260593,0.9000000000
2026-11-09,S05,K06,shared_ridge10,14.0702635562,8.3659245125,17.9623449450,0.9000000000
2026-11-09,S05,K07,shared_ridge10,15.8285385977,9.7820984791,19.0957145518,0.9000000000
2026-11-09,S05,K08,shared_ridge10,15.5670420461,9.2748391067,20.0379407481,0.9000000000
2026-11-09,S06,K01,shared_ridge10,9.3407310988,3.5571343018,13.5747867076,0.9000000000
2026-11-09,S06,K02,shared_ridge10,9.3975224693,3.5509726845,13.4614265333,0.9000000000
2026-11-09,S06,K03,shared_ridge10,11.8543126252,6.4291343891,16.2650143176,0.9000000000
2026-11-09,S06,K04,shared_ridge10,11.5804878915,5.9376193304,16.3814358517,0.9000000000
2026-11-09,S06,K05,shared_ridge10,13.9696575874,7.5710301606,17.9424139531,0.9000000000
2026-11-09,S06,K06,shared_ridge10,14.8267402401,9.5049252298,18.8792251857,0.9000000000
2026-11-09,S06,K07,shared_ridge10,16.1964142454,8.8837016145,20.8092688527,0.9000000000
2026-11-09,S06,K08,shared_ridge10,15.6396329148,8.7748373234,18.4560546406,0.9000000000
2026-11-09,S07,K01,shared_ridge10,10.0453943113,4.6027216095,14.0809850875,0.9000000000
2026-11-09,S07,K02,shared_ridge10,9.2009702123,4.0563412850,13.1337606944,0.9000000000
2026-11-09,S07,K03,shared_ridge10,12.1859188428,6.6111934974,17.6675092265,0.9000000000
2026-11-09,S07,K04,shared_ridge10,11.8135898082,5.9276983351,15.9120365515,0.9000000000
2026-11-09,S07,K05,shared_ridge10,14.7054088827,9.2358213439,19.3604998682,0.9000000000
2026-11-09,S07,K06,shared_ridge10,15.0858075977,9.0681693917,19.4736122169,0.9000000000
2026-11-09,S07,K07,shared_ridge10,17.1705075096,8.8542534897,22.0735826485,0.9000000000
2026-11-09,S07,K08,shared_ridge10,16.6552289647,10.3303878368,21.3397341947,0.9000000000
2026-11-09,S08,K01,shared_ridge10,10.6825763366,5.2040273388,15.0161778564,0.9000000000
2026-11-09,S08,K02,shared_ridge10,9.6881863118,3.2902528787,14.0213847380,0.9000000000
2026-11-09,S08,K03,shared_ridge10,12.8233241985,7.0532415857,18.2127173599,0.9000000000
2026-11-09,S08,K04,shared_ridge10,12.5804291865,7.1376963543,16.6262887435,0.9000000000
2026-11-09,S08,K05,shared_ridge10,16.4972203701,10.1520081307,20.5405914779,0.9000000000
2026-11-09,S08,K06,shared_ridge10,14.4503372225,8.6061796604,19.4607495955,0.9000000000
2026-11-09,S08,K07,shared_ridge10,17.4647302802,10.9042282513,20.1435269200,0.9000000000
2026-11-09,S08,K08,shared_ridge10,17.6345035761,10.7545723429,22.0689572049,0.9000000000
2026-11-09,S09,K01,shared_ridge10,10.8584947915,5.6884227248,14.6164383727,0.9000000000
2026-11-09,S09,K02,shared_ridge10,10.3513987470,4.3008266763,15.1731516418,0.9000000000
2026-11-09,S09,K03,shared_ridge10,12.9736829220,7.7618442481,18.1557926158,0.9000000000
2026-11-09,S09,K04,shared_ridge10,12.9742115699,7.7626889094,17.9644402416,0.9000000000
2026-11-09,S09,K05,shared_ridge10,16.7925571576,10.5276820452,20.9360452427,0.9000000000
2026-11-09,S09,K06,shared_ridge10,15.2534460308,9.5393680738,18.4378189849,0.9000000000
2026-11-09,S09,K07,shared_ridge10,17.9299375067,12.2008030645,22.3042955338,0.9000000000
2026-11-09,S09,K08,shared_ridge10,18.3495294829,10.9065762431,22.8120815316,0.9000000000
2026-11-09,S10,K01,shared_ridge10,10.7701645418,5.7921212344,15.8258964765,0.9000000000
2026-11-09,S10,K02,shared_ridge10,10.6672914558,5.4905662217,15.4235206439,0.9000000000
2026-11-09,S10,K03,shared_ridge10,13.7975669470,8.3711342812,18.4630050036,0.9000000000
2026-11-09,S10,K04,shared_ridge10,14.1861631116,9.5445311676,18.8592022302,0.9000000000
2026-11-09,S10,K05,shared_ridge10,16.1302793490,10.6621949767,21.2963528735,0.9000000000
2026-11-09,S10,K06,shared_ridge10,16.1496406727,9.3783289437,20.0912427594,0.9000000000
2026-11-09,S10,K07,shared_ridge10,18.8464789437,11.0025074435,25.1593746685,0.9000000000
2026-11-09,S10,K08,shared_ridge10,18.3546588215,10.8479852177,22.2935922238,0.9000000000
2026-11-09,S11,K01,shared_ridge10,11.5318225729,5.6890993154,16.1847719051,0.9000000000
2026-11-09,S11,K02,shared_ridge10,11.3819784279,5.8221234128,15.9729045100,0.9000000000
2026-11-09,S11,K03,shared_ridge10,14.0203648745,9.2798482071,18.3895242995,0.9000000000
2026-11-09,S11,K04,shared_ridge10,15.1084429043,10.1681046307,18.4040490749,0.9000000000
2026-11-09,S11,K05,shared_ridge10,16.9178441159,10.5745089274,20.9191668556,0.9000000000
2026-11-09,S11,K06,shared_ridge10,16.1907346198,9.6599178704,22.2384244854,0.9000000000
2026-11-09,S11,K07,shared_ridge10,19.3957017417,12.0498454419,25.2017145683,0.9000000000
2026-11-09,S11,K08,shared_ridge10,19.4582337560,12.3282207022,24.9138451775,0.9000000000
2026-11-09,S12,K01,shared_ridge10,11.9100609148,6.8167185400,16.4426444259,0.9000000000
2026-11-09,S12,K02,shared_ridge10,11.5940747264,5.3996957216,15.3711896704,0.9000000000
2026-11-09,S12,K03,shared_ridge10,14.3726964807,8.5975719417,19.8343835404,0.9000000000
2026-11-09,S12,K04,shared_ridge10,15.3778729561,9.3396678702,20.7865759055,0.9000000000
2026-11-09,S12,K05,shared_ridge10,17.0162897117,10.2193126056,22.2432209351,0.9000000000
2026-11-09,S12,K06,shared_ridge10,16.7136938519,9.2147317877,21.2270154585,0.9000000000
2026-11-09,S12,K07,shared_ridge10,19.4428908745,12.5486457704,23.4300142715,0.9000000000
2026-11-09,S12,K08,shared_ridge10,20.0644253683,13.7137059176,24.5880595637,0.9000000000
2026-11-10,S01,K01,shared_ridge10,11.3258497658,6.3772463263,16.0140865780,0.9000000000
2026-11-10,S01,K02,shared_ridge10,11.6268816164,6.2282472592,15.5553445649,0.9000000000
2026-11-10,S01,K03,shared_ridge10,13.0365208153,7.3022278983,17.1577688806,0.9000000000
2026-11-10,S01,K04,shared_ridge10,12.5831044175,6.4337062754,16.0544600713,0.9000000000
2026-11-10,S01,K05,shared_ridge10,14.7558373587,9.6216796203,18.3741198598,0.9000000000
2026-11-10,S01,K06,shared_ridge10,14.3044338892,7.5903943340,18.5735664578,0.9000000000
2026-11-10,S01,K07,shared_ridge10,16.5679006855,9.6108269949,20.2498828486,0.9000000000
2026-11-10,S01,K08,shared_ridge10,17.2133821938,11.0706513988,21.3923532693,0.9000000000
2026-11-10,S02,K01,shared_ridge10,11.7144508020,6.2753604189,16.2492054540,0.9000000000
2026-11-10,S02,K02,shared_ridge10,11.7046018236,6.5792822445,14.9555295068,0.9000000000
2026-11-10,S02,K03,shared_ridge10,13.5701995718,8.5285059337,17.0865382622,0.9000000000
2026-11-10,S02,K04,shared_ridge10,12.9406760760,6.7800694559,17.3078412337,0.9000000000
2026-11-10,S02,K05,shared_ridge10,15.6159409857,9.6814343540,19.3475939455,0.9000000000
2026-11-10,S02,K06,shared_ridge10,14.8436508230,8.9336647095,18.2377219237,0.9000000000
2026-11-10,S02,K07,shared_ridge10,17.7427608419,11.6429672697,21.4448618150,0.9000000000
2026-11-10,S02,K08,shared_ridge10,16.8919761467,10.8325115907,19.7012719438,0.9000000000
2026-11-10,S03,K01,shared_ridge10,12.8574908884,7.2625253204,17.0233110575,0.9000000000
2026-11-10,S03,K02,shared_ridge10,11.5922312991,5.5377251814,15.5025489165,0.9000000000
2026-11-10,S03,K03,shared_ridge10,13.6685953396,7.9264603377,19.0503273675,0.9000000000
2026-11-10,S03,K04,shared_ridge10,13.1945914389,6.9247723792,16.4908885646,0.9000000000
2026-11-10,S03,K05,shared_ridge10,15.8176816830,10.3659734109,19.2967113935,0.9000000000
2026-11-10,S03,K06,shared_ridge10,15.2218891649,9.6336269987,19.1315260557,0.9000000000
2026-11-10,S03,K07,shared_ridge10,18.8204810491,12.2623743153,22.2961561583,0.9000000000
2026-11-10,S03,K08,shared_ridge10,17.2235823643,11.4970708434,21.6359205981,0.9000000000
2026-11-10,S04,K01,shared_ridge10,13.2512732718,8.0863060813,17.1174348233,0.9000000000
2026-11-10,S04,K02,shared_ridge10,11.9497442525,6.5381678526,15.5541193910,0.9000000000
2026-11-10,S04,K03,shared_ridge10,14.5130552689,9.3238493188,18.5410418743,0.9000000000
2026-11-10,S04,K04,shared_ridge10,14.1375966202,7.9783465882,17.9362170550,0.9000000000
2026-11-10,S04,K05,shared_ridge10,16.2992151264,10.9843105097,19.2523486862,0.9000000000
2026-11-10,S04,K06,shared_ridge10,15.8436508230,9.7107641979,19.2338604532,0.9000000000
2026-11-10,S04,K07,shared_ridge10,19.5406883030,14.3686829179,23.0331373962,0.9000000000
2026-11-10,S04,K08,shared_ridge10,18.3375720016,11.5676030781,21.3120873805,0.9000000000
2026-11-10,S05,K01,shared_ridge10,12.7196321492,6.9970464509,16.4620535260,0.9000000000
2026-11-10,S05,K02,shared_ridge10,12.6647701592,7.5882498068,16.8725441485,0.9000000000
2026-11-10,S05,K03,shared_ridge10,14.5854944728,8.8441368280,18.5881373911,0.9000000000
2026-11-10,S05,K04,shared_ridge10,14.2930076822,8.4171504802,18.2705107597,0.9000000000
2026-11-10,S05,K05,shared_ridge10,17.0140751124,10.5901264644,20.8649669004,0.9000000000
2026-11-10,S05,K06,shared_ridge10,17.5257533225,11.8214142788,21.4178347113,0.9000000000
2026-11-10,S05,K07,shared_ridge10,19.1533929135,13.1069527949,22.4205688676,0.9000000000
2026-11-10,S05,K08,shared_ridge10,18.9697223582,12.6775194188,23.4406210601,0.9000000000
2026-11-10,S06,K01,shared_ridge10,12.7403575378,6.9567607408,16.9744131466,0.9000000000
2026-11-10,S06,K02,shared_ridge10,13.0329847416,7.1864349568,17.0968888055,0.9000000000
2026-11-10,S06,K03,shared_ridge10,15.3782405868,9.9530623507,19.7889422792,0.9000000000
2026-11-10,S06,K04,shared_ridge10,14.9302546766,9.2873861155,19.7312026368,0.9000000000
2026-11-10,S06,K05,shared_ridge10,17.2575984284,10.8589710016,21.2303547941,0.9000000000
2026-11-10,S06,K06,shared_ridge10,18.2822300064,12.9604149961,22.3347149520,0.9000000000
2026-11-10,S06,K07,shared_ridge10,19.5212685612,12.2085559303,24.1341231685,0.9000000000
2026-11-10,S06,K08,shared_ridge10,19.0423132268,12.1775176355,21.8587349527,0.9000000000
2026-11-10,S07,K01,shared_ridge10,13.4450207502,8.0023480484,17.4806115264,0.9000000000
2026-11-10,S07,K02,shared_ridge10,12.8364324845,7.6918035572,16.7692229667,0.9000000000
2026-11-10,S07,K03,shared_ridge10,15.7098468044,10.1351214589,21.1914371881,0.9000000000
2026-11-10,S07,K04,shared_ridge10,15.1633565933,9.2774651202,19.2618033366,0.9000000000
2026-11-10,S07,K05,shared_ridge10,18.9613270142,13.4917394755,23.6164179998,0.9000000000
2026-11-10,S07,K06,shared_ridge10,17.5068632582,11.4892250523,21.8946678775,0.9000000000
2026-11-10,S07,K07,shared_ridge10,20.4953618254,12.1791078054,25.3984369643,0.9000000000
2026-11-10,S07,K08,shared_ridge10,20.0579092768,13.7330681489,24.7424145068,0.9000000000
2026-11-10,S08,K01,shared_ridge10,14.0822027756,8.6036537777,18.4158042954,0.9000000000
2026-11-10,S08,K02,shared_ridge10,13.3236485840,6.9257151509,17.6568470102,0.9000000000
2026-11-10,S08,K03,shared_ridge10,16.3472521600,10.5771695473,21.7366453214,0.9000000000
2026-11-10,S08,K04,shared_ridge10,15.9301959715,10.4874631394,19.9760555286,0.9000000000
2026-11-10,S08,K05,shared_ridge10,19.7851612111,13.4399489717,23.8285323190,0.9000000000
2026-11-10,S08,K06,shared_ridge10,17.9058269888,12.0616694267,22.9162393618,0.9000000000
2026-11-10,S08,K07,shared_ridge10,20.7895845959,14.2290825671,23.4683812357,0.9000000000
2026-11-10,S08,K08,shared_ridge10,21.0371838882,14.1572526550,25.4716375170,0.9000000000
2026-11-10,S09,K01,shared_ridge10,14.2581212305,9.0880491638,18.0160648117,0.9000000000
2026-11-10,S09,K02,shared_ridge10,13.9868610192,7.9362889485,18.8086139141,0.9000000000
2026-11-10,S09,K03,shared_ridge10,16.4976108836,11.2857722097,21.6797205774,0.9000000000
2026-11-10,S09,K04,shared_ridge10,16.3239783550,11.1124556945,21.3142070267,0.9000000000
2026-11-10,S09,K05,shared_ridge10,20.0804979987,13.8156228863,24.2239860838,0.9000000000
2026-11-10,S09,K06,shared_ridge10,18.7089357971,12.9948578401,21.8933087512,0.9000000000
2026-11-10,S09,K07,shared_ridge10,21.2547918224,15.5256573802,25.6291498495,0.9000000000
2026-11-10,S09,K08,shared_ridge10,21.7522097950,14.3092565552,26.2147618437,0.9000000000
2026-11-10,S10,K01,shared_ridge10,14.1697909807,9.1917476734,19.2255229155,0.9000000000
2026-11-10,S10,K02,shared_ridge10,14.3027537281,9.1260284939,19.0589829162,0.9000000000
2026-11-10,S10,K03,shared_ridge10,17.3214949086,11.8950622428,21.9869329652,0.9000000000
2026-11-10,S10,K04,shared_ridge10,17.5359298967,12.8942979527,22.2089690152,0.9000000000
2026-11-10,S10,K05,shared_ridge10,19.4182201901,13.9501358178,24.5842937146,0.9000000000
2026-11-10,S10,K06,shared_ridge10,19.6051304390,12.8338187100,23.5467325257,0.9000000000
2026-11-10,S10,K07,shared_ridge10,22.1713332595,14.3273617593,28.4842289843,0.9000000000
2026-11-10,S10,K08,shared_ridge10,21.7573391336,14.2506655297,25.6962725359,0.9000000000
2026-11-10,S11,K01,shared_ridge10,14.9314490118,9.0887257544,19.5843983440,0.9000000000
2026-11-10,S11,K02,shared_ridge10,15.0174407001,9.4575856851,19.6083667823,0.9000000000
2026-11-10,S11,K03,shared_ridge10,17.5442928360,12.8037761687,21.9134522611,0.9000000000
2026-11-10,S11,K04,shared_ridge10,18.4582096894,13.5178714157,21.7538158600,0.9000000000
2026-11-10,S11,K05,shared_ridge10,20.2057849569,13.8624497685,24.2071076966,0.9000000000
2026-11-10,S11,K06,shared_ridge10,19.6462243861,13.1154076367,25.6939142517,0.9000000000
2026-11-10,S11,K07,shared_ridge10,22.7205560575,15.3746997577,28.5265688841,0.9000000000
2026-11-10,S11,K08,shared_ridge10,22.8609140681,15.7309010142,28.3165254895,0.9000000000
2026-11-10,S12,K01,shared_ridge10,15.3096873538,10.2163449789,19.8422708649,0.9000000000
2026-11-10,S12,K02,shared_ridge10,15.2295369986,9.0351579939,19.0066519426,0.9000000000
2026-11-10,S12,K03,shared_ridge10,18.9062412645,13.1311167255,24.3679283242,0.9000000000
2026-11-10,S12,K04,shared_ridge10,17.7333047798,11.6950996939,23.1420077292,0.9000000000
2026-11-10,S12,K05,shared_ridge10,20.3042305528,13.5072534466,25.5311617762,0.9000000000
2026-11-10,S12,K06,shared_ridge10,20.1691836182,12.6702215540,24.6825052248,0.9000000000
2026-11-10,S12,K07,shared_ridge10,22.7677451903,15.8735000862,26.7548685872,0.9000000000
2026-11-10,S12,K08,shared_ridge10,23.4671056804,17.1163862297,27.9907398758,0.9000000000
2026-11-11,S01,K01,shared_ridge10,11.4547373066,6.5061338671,16.1429741188,0.9000000000
2026-11-11,S01,K02,shared_ridge10,10.7165677122,5.3179333551,14.6450306607,0.9000000000
2026-11-11,S01,K03,shared_ridge10,13.0047064387,7.2704135216,17.1259545039,0.9000000000
2026-11-11,S01,K04,shared_ridge10,12.5048144604,6.3554163182,15.9761701142,0.9000000000
2026-11-11,S01,K05,shared_ridge10,14.9478947118,9.8137369733,18.5661772129,0.9000000000
2026-11-11,S01,K06,shared_ridge10,14.4007908960,7.6867513408,18.6699234646,0.9000000000
2026-11-11,S01,K07,shared_ridge10,16.5280407254,9.5709670348,20.2100228885,0.9000000000
2026-11-11,S01,K08,shared_ridge10,16.2491996487,10.1064688537,20.4281707241,0.9000000000
2026-11-11,S02,K01,shared_ridge10,11.8433383429,6.4042479598,16.3780929949,0.9000000000
2026-11-11,S02,K02,shared_ridge10,10.7942879195,5.6689683403,14.0452156026,0.9000000000
2026-11-11,S02,K03,shared_ridge10,13.5383851952,8.4966915571,17.0547238856,0.9000000000
2026-11-11,S02,K04,shared_ridge10,12.8623861188,6.7017794987,17.2295512765,0.9000000000
2026-11-11,S02,K05,shared_ridge10,15.8079983387,9.8734917071,19.5396512986,0.9000000000
2026-11-11,S02,K06,shared_ridge10,14.9400078297,9.0300217162,18.3340789304,0.9000000000
2026-11-11,S02,K07,shared_ridge10,16.5953982384,10.4956046662,20.2974992115,0.9000000000
2026-11-11,S02,K08,shared_ridge10,16.9227747782,10.8633102222,19.7320705753,0.9000000000
2026-11-11,S03,K01,shared_ridge10,11.9625093273,6.3675437594,16.1283294965,0.9000000000
2026-11-11,S03,K02,shared_ridge10,11.6492101993,5.5947040816,15.5595278167,0.9000000000
2026-11-11,S03,K03,shared_ridge10,13.6367809629,7.8946459611,19.0185129909,0.9000000000
2026-11-11,S03,K04,shared_ridge10,13.1163014817,6.8464824220,16.4125986075,0.9000000000
2026-11-11,S03,K05,shared_ridge10,16.0097390360,10.5580307640,19.4887687465,0.9000000000
2026-11-11,S03,K06,shared_ridge10,15.3182461717,9.7299840055,19.2278830625,0.9000000000
2026-11-11,S03,K07,shared_ridge10,17.6731184456,11.1150117118,21.1487935548,0.9000000000
2026-11-11,S03,K08,shared_ridge10,17.2543809958,11.5278694749,21.6667192296,0.9000000000
2026-11-11,S04,K01,shared_ridge10,12.3562917108,7.1913245203,16.2224532623,0.9000000000
2026-11-11,S04,K02,shared_ridge10,12.0067231526,6.5951467527,15.6110982911,0.9000000000
2026-11-11,S04,K03,shared_ridge10,14.4812408922,9.2920349422,18.5092274977,0.9000000000
2026-11-11,S04,K04,shared_ridge10,14.0593066631,7.9000566311,17.8579270978,0.9000000000
2026-11-11,S04,K05,shared_ridge10,16.4912724795,11.1763678628,19.4444060392,0.9000000000
2026-11-11,S04,K06,shared_ridge10,15.9400078297,9.8071212047,19.3302174599,0.9000000000
2026-11-11,S04,K07,shared_ridge10,18.3933256995,13.2213203144,21.8857747927,0.9000000000
2026-11-11,S04,K08,shared_ridge10,18.3683706331,11.5984017097,21.3428860120,0.9000000000
2026-11-11,S05,K01,shared_ridge10,12.8485196900,7.1259339918,16.5909410669,0.9000000000
2026-11-11,S05,K02,shared_ridge10,12.7217490594,7.6452287069,16.9295230486,0.9000000000
2026-11-11,S05,K03,shared_ridge10,14.5536800961,8.8123224514,18.5563230145,0.9000000000
2026-11-11,S05,K04,shared_ridge10,14.2147177251,8.3388605231,18.1922208026,0.9000000000
2026-11-11,S05,K05,shared_ridge10,17.2061324654,10.7821838174,21.0570242534,0.9000000000
2026-11-11,S05,K06,shared_ridge10,16.5876762235,10.8833371798,20.4797576123,0.9000000000
2026-11-11,S05,K07,shared_ridge10,19.1135329534,13.0670928348,22.3807089075,0.9000000000
2026-11-11,S05,K08,shared_ridge10,19.0005209897,12.7083180503,23.4714196917,0.9000000000
2026-11-11,S06,K01,shared_ridge10,12.8692450786,7.0856482816,17.1033006874,0.9000000000
2026-11-11,S06,K02,shared_ridge10,13.0899636417,7.2434138569,17.1538677056,0.9000000000
2026-11-11,S06,K03,shared_ridge10,15.3464262101,9.9212479740,19.7571279026,0.9000000000
2026-11-11,S06,K04,shared_ridge10,14.8519647195,9.2090961584,19.6529126797,0.9000000000
2026-11-11,S06,K05,shared_ridge10,17.4496557815,11.0510283547,21.4224121472,0.9000000000
2026-11-11,S06,K06,shared_ridge10,17.3441529075,12.0223378971,21.3966378530,0.9000000000
2026-11-11,S06,K07,shared_ridge10,19.4814086011,12.1686959702,24.0942632084,0.9000000000
2026-11-11,S06,K08,shared_ridge10,19.0731118584,12.2083162670,21.8895335842,0.9000000000
2026-11-11,S07,K01,shared_ridge10,13.5739082911,8.1312355893,17.6094990673,0.9000000000
2026-11-11,S07,K02,shared_ridge10,12.8934113847,7.7487824574,16.8262018668,0.9000000000
2026-11-11,S07,K03,shared_ridge10,15.6780324277,10.1033070823,21.1596228115,0.9000000000
2026-11-11,S07,K04,shared_ridge10,15.0850666362,9.1991751631,19.1835133795,0.9000000000
2026-11-11,S07,K05,shared_ridge10,18.1854070768,12.7158195381,22.8404980624,0.9000000000
2026-11-11,S07,K06,shared_ridge10,17.6032202650,11.5855820590,21.9910248843,0.9000000000
2026-11-11,S07,K07,shared_ridge10,20.4555018653,12.1392478453,25.3585770042,0.9000000000
2026-11-11,S07,K08,shared_ridge10,20.0887079084,13.7638667804,24.7732131384,0.9000000000
2026-11-11,S08,K01,shared_ridge10,14.2110903165,8.7325413186,18.5446918362,0.9000000000
2026-11-11,S08,K02,shared_ridge10,13.3806274841,6.9826940511,17.7138259103,0.9000000000
2026-11-11,S08,K03,shared_ridge10,16.3154377834,10.5453551707,21.7048309448,0.9000000000
2026-11-11,S08,K04,shared_ridge10,15.8519060144,10.4091731822,19.8977655715,0.9000000000
2026-11-11,S08,K05,shared_ridge10,19.0092412737,12.6640290343,23.0526123816,0.9000000000
2026-11-11,S08,K06,shared_ridge10,18.0021839955,12.1580264335,23.0125963686,0.9000000000
2026-11-11,S08,K07,shared_ridge10,20.7497246358,14.1892226070,23.4285212756,0.9000000000
2026-11-11,S08,K08,shared_ridge10,21.0679825198,14.1880512865,25.5024361485,0.9000000000
2026-11-11,S09,K01,shared_ridge10,14.3870087714,9.2169367046,18.1449523525,0.9000000000
2026-11-11,S09,K02,shared_ridge10,14.0438399194,7.9932678486,18.8655928142,0.9000000000
2026-11-11,S09,K03,shared_ridge10,16.4657965070,11.2539578330,21.6479062008,0.9000000000
2026-11-11,S09,K04,shared_ridge10,16.2456883978,11.0341657373,21.2359170696,0.9000000000
2026-11-11,S09,K05,shared_ridge10,19.3045780613,13.0397029488,23.4480661464,0.9000000000
2026-11-11,S09,K06,shared_ridge10,18.8052928038,13.0912148468,21.9896657580,0.9000000000
2026-11-11,S09,K07,shared_ridge10,21.2149318623,15.4857974201,25.5892898894,0.9000000000
2026-11-11,S09,K08,shared_ridge10,21.7830084265,14.3400551867,26.2455604752,0.9000000000
2026-11-11,S10,K01,shared_ridge10,14.2986785216,9.3206352142,19.3544104563,0.9000000000
2026-11-11,S10,K02,shared_ridge10,14.3597326282,9.1830073941,19.1159618163,0.9000000000
2026-11-11,S10,K03,shared_ridge10,17.2896805319,11.8632478662,21.9551185886,0.9000000000
2026-11-11,S10,K04,shared_ridge10,16.4633049781,11.8216730342,21.1363440967,0.9000000000
2026-11-11,S10,K05,shared_ridge10,19.6102775431,14.1421931709,24.7763510676,0.9000000000
2026-11-11,S10,K06,shared_ridge10,19.7014874458,12.9301757168,23.6430895324,0.9000000000
2026-11-11,S10,K07,shared_ridge10,22.1314732994,14.2875017992,28.4443690242,0.9000000000
2026-11-11,S10,K08,shared_ridge10,21.7881377651,14.2814641613,25.7270711674,0.9000000000
2026-11-11,S11,K01,shared_ridge10,15.0603365527,9.2176132953,19.7132858849,0.9000000000
2026-11-11,S11,K02,shared_ridge10,15.0744196003,9.5145645852,19.6653456824,0.9000000000
2026-11-11,S11,K03,shared_ridge10,17.5124784594,12.7719617921,21.8816378844,0.9000000000
2026-11-11,S11,K04,shared_ridge10,17.3855847709,12.4452464972,20.6811909414,0.9000000000
2026-11-11,S11,K05,shared_ridge10,20.3978423100,14.0545071216,24.3991650497,0.9000000000
2026-11-11,S11,K06,shared_ridge10,19.7425813929,13.2117646435,25.7902712585,0.9000000000
2026-11-11,S11,K07,shared_ridge10,22.6806960973,15.3348397976,28.4867089240,0.9000000000
2026-11-11,S11,K08,shared_ridge10,22.8917126996,15.7616996458,28.3473241211,0.9000000000
2026-11-11,S12,K01,shared_ridge10,15.4385748947,10.3452325198,19.9711584057,0.9000000000
2026-11-11,S12,K02,shared_ridge10,15.2865158987,9.0921368940,19.0636308427,0.9000000000
2026-11-11,S12,K03,shared_ridge10,17.8648100656,12.0896855267,23.3264971254,0.9000000000
2026-11-11,S12,K04,shared_ridge10,17.6550148227,11.6168097368,23.0637177721,0.9000000000
2026-11-11,S12,K05,shared_ridge10,20.4962879058,13.6993107997,25.7232191293,0.9000000000
2026-11-11,S12,K06,shared_ridge10,20.2655406249,12.7665785607,24.7788622315,0.9000000000
2026-11-11,S12,K07,shared_ridge10,22.7278852302,15.8336401261,26.7150086271,0.9000000000
2026-11-11,S12,K08,shared_ridge10,23.4979043119,17.1471848613,28.0215385074,0.9000000000
2026-11-12,S01,K01,shared_ridge10,8.0340313870,3.0854279475,12.7222681993,0.9000000000
2026-11-12,S01,K02,shared_ridge10,7.6466044582,2.2479701011,11.5750674067,0.9000000000
2026-11-12,S01,K03,shared_ridge10,9.7393280764,4.0050351594,13.8605761417,0.9000000000
2026-11-12,S01,K04,shared_ridge10,9.5093689799,3.3599708377,12.9807246337,0.9000000000
2026-11-12,S01,K05,shared_ridge10,11.3628076127,6.2286498742,14.9810901138,0.9000000000
2026-11-12,S01,K06,shared_ridge10,10.8805618624,4.1665223072,15.1496944311,0.9000000000
2026-11-12,S01,K07,shared_ridge10,13.4183235686,6.4612498780,17.1003057318,0.9000000000
2026-11-12,S01,K08,shared_ridge10,12.7849793377,6.6422485427,16.9639504131,0.9000000000
2026-11-12,S02,K01,shared_ridge10,8.4226324233,2.9835420402,12.9573870753,0.9000000000
2026-11-12,S02,K02,shared_ridge10,7.7243246655,2.5990050863,10.9752523486,0.9000000000
2026-11-12,S02,K03,shared_ridge10,10.2730068329,5.2313131948,13.7893455234,0.9000000000
2026-11-12,S02,K04,shared_ridge10,9.8669406383,3.7063340182,14.2341057960,0.9000000000
2026-11-12,S02,K05,shared_ridge10,12.2229112396,6.2884046080,15.9545641995,0.9000000000
2026-11-12,S02,K06,shared_ridge10,11.4197787962,5.5097926827,14.8138498969,0.9000000000
2026-11-12,S02,K07,shared_ridge10,13.4856810816,7.3858875095,17.1877820548,0.9000000000
2026-11-12,S02,K08,shared_ridge10,13.4585544672,7.3990899112,16.2678502644,0.9000000000
2026-11-12,S03,K01,shared_ridge10,8.5418034078,2.9468378398,12.7076235769,0.9000000000
2026-11-12,S03,K02,shared_ridge10,8.5792469453,2.5247408276,12.4895645627,0.9000000000
2026-11-12,S03,K03,shared_ridge10,10.3714026007,4.6292675988,15.7531346287,0.9000000000
2026-11-12,S03,K04,shared_ridge10,10.1208560012,3.8510369415,13.4171531270,0.9000000000
2026-11-12,S03,K05,shared_ridge10,12.4246519369,6.9729436649,15.9036816474,0.9000000000
2026-11-12,S03,K06,shared_ridge10,11.7980171382,6.2097549719,15.7076540290,0.9000000000
2026-11-12,S03,K07,shared_ridge10,14.5634012888,8.0052945550,18.0390763981,0.9000000000
2026-11-12,S03,K08,shared_ridge10,13.7901606849,8.0636491639,18.2024989186,0.9000000000
2026-11-12,S04,K01,shared_ridge10,8.9355857912,3.7706186007,12.8017473427,0.9000000000
2026-11-12,S04,K02,shared_ridge10,8.9367598986,3.5251834987,12.5411350371,0.9000000000
2026-11-12,S04,K03,shared_ridge10,11.2158625300,6.0266565799,15.2438491354,0.9000000000
2026-11-12,S04,K04,shared_ridge10,11.0638611826,4.9046111506,14.8624816173,0.9000000000
2026-11-12,S04,K05,shared_ridge10,12.9061853803,7.5912807636,15.8593189401,0.9000000000
2026-11-12,S04,K06,shared_ridge10,12.4197787962,6.2868921711,15.8099884264,0.9000000000
2026-11-12,S04,K07,shared_ridge10,15.2836085427,10.1116031577,18.7760576359,0.9000000000
2026-11-12,S04,K08,shared_ridge10,14.9041503222,8.1341813987,17.8786657011,0.9000000000
2026-11-12,S05,K01,shared_ridge10,9.4278137705,3.7052280722,13.1702351473,0.9000000000
2026-11-12,S05,K02,shared_ridge10,9.6517858054,4.5752654529,13.8595597946,0.9000000000
2026-11-12,S05,K03,shared_ridge10,11.2883017339,5.5469440891,15.2909446522,0.9000000000
2026-11-12,S05,K04,shared_ridge10,11.2192722445,5.3434150426,15.1967753220,0.9000000000
2026-11-12,S05,K05,shared_ridge10,13.6210453663,7.1970967183,17.4719371543,0.9000000000
2026-11-12,S05,K06,shared_ridge10,13.0674471900,7.3631081463,16.9595285788,0.9000000000
2026-11-12,S05,K07,shared_ridge10,16.0038157966,9.9573756780,19.2709917507,0.9000000000
2026-11-12,S05,K08,shared_ridge10,15.5363006788,9.2440977393,20.0071993807,0.9000000000
2026-11-12,S06,K01,shared_ridge10,9.4485391591,3.6649423621,13.6825947678,0.9000000000
2026-11-12,S06,K02,shared_ridge10,10.0200003877,4.1734506029,14.0839044516,0.9000000000
2026-11-12,S06,K03,shared_ridge10,12.0810478479,6.6558696118,16.4917495403,0.9000000000
2026-11-12,S06,K04,shared_ridge10,11.8565192389,6.2136506778,16.6574671992,0.9000000000
2026-11-12,S06,K05,shared_ridge10,13.8645686824,7.4659412556,17.8373250481,0.9000000000
2026-11-12,S06,K06,shared_ridge10,13.8239238739,8.5021088636,17.8764088195,0.9000000000
2026-11-12,S06,K07,shared_ridge10,16.3716914443,9.0589788134,20.9845460516,0.9000000000
2026-11-12,S06,K08,shared_ridge10,15.6088915474,8.7440959560,18.4253132733,0.9000000000
2026-11-12,S07,K01,shared_ridge10,10.1532023715,4.7105296697,14.1887931477,0.9000000000
2026-11-12,S07,K02,shared_ridge10,9.8234481307,4.6788192034,13.7562386128,0.9000000000
2026-11-12,S07,K03,shared_ridge10,12.4126540655,6.8379287201,17.8942444492,0.9000000000
2026-11-12,S07,K04,shared_ridge10,12.0896211556,6.2037296825,16.1880678989,0.9000000000
2026-11-12,S07,K05,shared_ridge10,14.6003199777,9.1307324389,19.2554109632,0.9000000000
2026-11-12,S07,K06,shared_ridge10,14.0829912314,8.0653530255,18.4707958507,0.9000000000
2026-11-12,S07,K07,shared_ridge10,17.3457847085,9.0295306886,22.2488598474,0.9000000000
2026-11-12,S07,K08,shared_ridge10,16.6244875974,10.2996464694,21.3089928274,0.9000000000
2026-11-12,S08,K01,shared_ridge10,10.7903843969,5.3118353990,15.1239859166,0.9000000000
2026-11-12,S08,K02,shared_ridge10,10.3106642301,3.9127307971,14.6438626563,0.9000000000
2026-11-12,S08,K03,shared_ridge10,13.0500594212,7.2799768084,18.4394525826,0.9000000000
2026-11-12,S08,K04,shared_ridge10,12.8564605339,7.4137277017,16.9023200910,0.9000000000
2026-11-12,S08,K05,shared_ridge10,15.4241541746,9.0789419352,19.4675252824,0.9000000000
2026-11-12,S08,K06,shared_ridge10,14.4819549620,8.6377973999,19.4923673350,0.9000000000
2026-11-12,S08,K07,shared_ridge10,17.6400074791,11.0795054502,20.3188041189,0.9000000000
2026-11-12,S08,K08,shared_ridge10,17.6037622088,10.7238309755,22.0382158375,0.9000000000
2026-11-12,S09,K01,shared_ridge10,10.9663028518,5.7962307850,14.7242464330,0.9000000000
2026-11-12,S09,K02,shared_ridge10,10.9738766654,4.9233045946,15.7956295602,0.9000000000
2026-11-12,S09,K03,shared_ridge10,13.2004181447,7.9885794708,18.3825278385,0.9000000000
2026-11-12,S09,K04,shared_ridge10,13.2502429173,8.0387202568,18.2404715891,0.9000000000
2026-11-12,S09,K05,shared_ridge10,15.7194909622,9.4546158497,19.8629790473,0.9000000000
2026-11-12,S09,K06,shared_ridge10,15.2850637703,9.5709858133,18.4694367244,0.9000000000
2026-11-12,S09,K07,shared_ridge10,18.1052147056,12.3760802634,22.4795727327,0.9000000000
2026-11-12,S09,K08,shared_ridge10,18.3187881155,10.8758348758,22.7813401642,0.9000000000
2026-11-12,S10,K01,shared_ridge10,10.8779726020,5.8999292947,15.9337045367,0.9000000000
2026-11-12,S10,K02,shared_ridge10,11.2897693742,6.1130441401,16.0459985623,0.9000000000
2026-11-12,S10,K03,shared_ridge10,14.0243021697,8.5978695039,18.6897402263,0.9000000000
2026-11-12,S10,K04,shared_ridge10,13.4678594976,8.8262275536,18.1408986162,0.9000000000
2026-11-12,S10,K05,shared_ridge10,16.0251904440,10.5571060717,21.1912639685,0.9000000000
2026-11-12,S10,K06,shared_ridge10,16.1812584122,9.4099466832,20.1228604989,0.9000000000
2026-11-12,S10,K07,shared_ridge10,19.0217561426,11.1777846424,25.3346518674,0.9000000000
2026-11-12,S10,K08,shared_ridge10,18.3239174541,10.8172438503,22.2628508564,0.9000000000
2026-11-12,S11,K01,shared_ridge10,11.6396306331,5.7969073757,16.2925799653,0.9000000000
2026-11-12,S11,K02,shared_ridge10,12.0044563463,6.4446013312,16.5953824284,0.9000000000
2026-11-12,S11,K03,shared_ridge10,14.2471000972,9.5065834298,18.6162595222,0.9000000000
2026-11-12,S11,K04,shared_ridge10,14.3901392904,9.4498010167,17.6857454609,0.9000000000
2026-11-12,S11,K05,shared_ridge10,16.8127552109,10.4694200224,20.8140779506,0.9000000000
2026-11-12,S11,K06,shared_ridge10,16.2223523593,9.6915356099,22.2700422249,0.9000000000
2026-11-12,S11,K07,shared_ridge10,19.5709789406,12.2251226408,25.3769917672,0.9000000000
2026-11-12,S11,K08,shared_ridge10,19.4274923886,12.2974793348,24.8831038101,0.9000000000
2026-11-12,S12,K01,shared_ridge10,12.0178689751,6.9245266002,16.5504524862,0.9000000000
2026-11-12,S12,K02,shared_ridge10,12.2165526448,6.0221736400,15.9936675888,0.9000000000
2026-11-12,S12,K03,shared_ridge10,14.5994317034,8.8243071644,20.0611187631,0.9000000000
2026-11-12,S12,K04,shared_ridge10,14.6595693422,8.6213642563,20.0682722915,0.9000000000
2026-11-12,S12,K05,shared_ridge10,16.9112008067,10.1142237006,22.1381320301,0.9000000000
2026-11-12,S12,K06,shared_ridge10,16.7453115914,9.2463495272,21.2586331980,0.9000000000
2026-11-12,S12,K07,shared_ridge10,19.6181680734,12.7239229693,23.6052914704,0.9000000000
2026-11-12,S12,K08,shared_ridge10,20.0336840009,13.6829645503,24.5573181964,0.9000000000
2026-11-13,S01,K01,shared_ridge10,8.5335388018,3.5849353623,13.2217756141,0.9000000000
2026-11-13,S01,K02,shared_ridge10,7.9505570433,2.5519226862,11.8790199918,0.9000000000
2026-11-13,S01,K03,shared_ridge10,9.9404808965,4.2061879795,14.0617289618,0.9000000000
2026-11-13,S01,K04,shared_ridge10,9.6633895282,3.5139913860,13.1347451820,0.9000000000
2026-11-13,S01,K05,shared_ridge10,11.8418273069,6.7076695684,15.4601098080,0.9000000000
2026-11-13,S01,K06,shared_ridge10,11.5352500826,4.8212105274,15.8043826513,0.9000000000
2026-11-13,S01,K07,shared_ridge10,13.5171878557,6.5601141651,17.1991700188,0.9000000000
2026-11-13,S01,K08,shared_ridge10,13.0715015047,6.9287707097,17.2504725802,0.9000000000
2026-11-13,S02,K01,shared_ridge10,8.9221398381,3.4830494550,13.4568944901,0.9000000000
2026-11-13,S02,K02,shared_ridge10,8.0282772506,2.9029576714,11.2792049337,0.9000000000
2026-11-13,S02,K03,shared_ridge10,10.4741596530,5.4324660149,13.9904983435,0.9000000000
2026-11-13,S02,K04,shared_ridge10,10.0209611866,3.8603545665,14.3881263443,0.9000000000
2026-11-13,S02,K05,shared_ridge10,12.7019309338,6.7674243022,16.4335838937,0.9000000000
2026-11-13,S02,K06,shared_ridge10,12.0744670164,6.1644809029,15.4685381171,0.9000000000
2026-11-13,S02,K07,shared_ridge10,13.5845453686,7.4847517965,17.2866463418,0.9000000000
2026-11-13,S02,K08,shared_ridge10,13.7450766343,7.6856120782,16.5543724314,0.9000000000
2026-11-13,S03,K01,shared_ridge10,9.0413108226,3.4463452546,13.2071309917,0.9000000000
2026-11-13,S03,K02,shared_ridge10,8.8831995304,2.8286934127,12.7935171477,0.9000000000
2026-11-13,S03,K03,shared_ridge10,10.5725554208,4.8304204189,15.9542874488,0.9000000000
2026-11-13,S03,K04,shared_ridge10,10.2748765495,4.0050574898,13.5711736753,0.9000000000
2026-11-13,S03,K05,shared_ridge10,12.9036716311,7.4519633591,16.3827013416,0.9000000000
2026-11-13,S03,K06,shared_ridge10,12.4527053583,6.8644431921,16.3623422491,0.9000000000
2026-11-13,S03,K07,shared_ridge10,14.6622655759,8.1041588421,18.1379406851,0.9000000000
2026-11-13,S03,K08,shared_ridge10,14.0766828519,8.3501713309,18.4890210856,0.9000000000
2026-11-13,S04,K01,shared_ridge10,9.4350932060,4.2701260155,13.3012547575,0.9000000000
2026-11-13,S04,K02,shared_ridge10,9.2407124837,3.8291360838,12.8450876222,0.9000000000
2026-11-13,S04,K03,shared_ridge10,11.4170153501,6.2278094000,15.4450019555,0.9000000000
2026-11-13,S04,K04,shared_ridge10,11.2178817309,5.0586316989,15.0165021656,0.9000000000
2026-11-13,S04,K05,shared_ridge10,13.3852050746,8.0703004579,16.3383386343,0.9000000000
2026-11-13,S04,K06,shared_ridge10,13.0744670164,6.9415803913,16.4646766466,0.9000000000
2026-11-13,S04,K07,shared_ridge10,15.3824728298,10.2104674447,18.8749219230,0.9000000000
2026-11-13,S04,K08,shared_ridge10,15.1906724892,8.4207035657,18.1651878681,0.9000000000
2026-11-13,S05,K01,shared_ridge10,9.9273211853,4.2047354870,13.6697425621,0.9000000000
2026-11-13,S05,K02,shared_ridge10,9.9557383905,4.8792180380,14.1635123797,0.9000000000
2026-11-13,S05,K03,shared_ridge10,11.4894545540,5.7480969092,15.4920974723,0.9000000000
2026-11-13,S05,K04,shared_ridge10,11.3732927928,5.4974355909,15.3507958704,0.9000000000
2026-11-13,S05,K05,shared_ridge10,14.1000650605,7.6761164125,17.9509568486,0.9000000000
2026-11-13,S05,K06,shared_ridge10,13.7221354102,8.0177963665,17.6142167990,0.9000000000
2026-11-13,S05,K07,shared_ridge10,16.1026800837,10.0562399651,19.3698560378,0.9000000000
2026-11-13,S05,K08,shared_ridge10,15.8228228458,9.5306199064,20.2937215477,0.9000000000
2026-11-13,S06,K01,shared_ridge10,9.9480465739,4.1644497769,14.1821021826,0.9000000000
2026-11-13,S06,K02,shared_ridge10,10.3239529728,4.4774031880,14.3878570367,0.9000000000
2026-11-13,S06,K03,shared_ridge10,12.2822006680,6.8570224319,16.6929023604,0.9000000000
2026-11-13,S06,K04,shared_ridge10,12.0105397873,6.3676712262,16.8114877475,0.9000000000
2026-11-13,S06,K05,shared_ridge10,14.3435883766,7.9449609498,18.3163447423,0.9000000000
2026-11-13,S06,K06,shared_ridge10,14.4786120941,9.1567970838,18.5310970396,0.9000000000
2026-11-13,S06,K07,shared_ridge10,16.4705557313,9.1578431005,21.0834103387,0.9000000000
2026-11-13,S06,K08,shared_ridge10,15.8954137144,9.0306181230,18.7118354403,0.9000000000
2026-11-13,S07,K01,shared_ridge10,10.6527097863,5.2100370845,14.6883005625,0.9000000000
2026-11-13,S07,K02,shared_ridge10,10.1274007158,4.9827717884,14.0601911979,0.9000000000
2026-11-13,S07,K03,shared_ridge10,12.6138068856,7.0390815402,18.0953972693,0.9000000000
2026-11-13,S07,K04,shared_ridge10,12.2436417040,6.3577502309,16.3420884473,0.9000000000
2026-11-13,S07,K05,shared_ridge10,15.0793396719,9.6097521332,19.7344306575,0.9000000000
2026-11-13,S07,K06,shared_ridge10,14.7376794516,8.7200412457,19.1254840709,0.9000000000
2026-11-13,S07,K07,shared_ridge10,17.4446489956,9.1283949756,22.3477241345,0.9000000000
2026-11-13,S07,K08,shared_ridge10,16.9110097644,10.5861686365,21.5955149944,0.9000000000
2026-11-13,S08,K01,shared_ridge10,11.2898918117,5.8113428138,15.6234933314,0.9000000000
2026-11-13,S08,K02,shared_ridge10,10.6146168152,4.2166833821,14.9478152414,0.9000000000
2026-11-13,S08,K03,shared_ridge10,13.2512122413,7.4811296285,18.6406054027,0.9000000000
2026-11-13,S08,K04,shared_ridge10,13.0104810822,7.5677482500,17.0563406393,0.9000000000
2026-11-13,S08,K05,shared_ridge10,15.9031738688,9.5579616294,19.9465449767,0.9000000000
2026-11-13,S08,K06,shared_ridge10,15.1366431822,9.2924856201,20.1470555552,0.9000000000
2026-11-13,S08,K07,shared_ridge10,17.7388717661,11.1783697373,20.4176684059,0.9000000000
2026-11-13,S08,K08,shared_ridge10,17.8902843758,11.0103531426,22.3247380045,0.9000000000
2026-11-13,S09,K01,shared_ridge10,11.4658102666,6.2957381998,15.2237538478,0.9000000000
2026-11-13,S09,K02,shared_ridge10,11.2778292504,5.2272571797,16.0995821453,0.9000000000
2026-11-13,S09,K03,shared_ridge10,13.4015709648,8.1897322909,18.5836806586,0.9000000000
2026-11-13,S09,K04,shared_ridge10,13.4042634656,8.1927408051,18.3944921374,0.9000000000
2026-11-13,S09,K05,shared_ridge10,16.1985106564,9.9336355439,20.3419987415,0.9000000000
2026-11-13,S09,K06,shared_ridge10,15.9397519905,10.2256740335,19.1241249446,0.9000000000
2026-11-13,S09,K07,shared_ridge10,18.2040789926,12.4749445504,22.5784370197,0.9000000000
2026-11-13,S09,K08,shared_ridge10,18.6053102825,11.1623570428,23.0678623312,0.9000000000
2026-11-13,S10,K01,shared_ridge10,11.3774800168,6.3994367094,16.4332119515,0.9000000000
2026-11-13,S10,K02,shared_ridge10,11.5937219593,6.4169967251,16.3499511474,0.9000000000
2026-11-13,S10,K03,shared_ridge10,14.2254549898,8.7990223240,18.8908930464,0.9000000000
2026-11-13,S10,K04,shared_ridge10,13.6218800459,8.9802481020,18.2949191645,0.9000000000
2026-11-13,S10,K05,shared_ridge10,16.5042101382,11.0361257660,21.6702836627,0.9000000000
2026-11-13,S10,K06,shared_ridge10,16.8359466324,10.0646349034,20.7775487191,0.9000000000
2026-11-13,S10,K07,shared_ridge10,19.1206204297,11.2766489295,25.4335161545,0.9000000000
2026-11-13,S10,K08,shared_ridge10,18.6104396212,11.1037660173,22.5493730235,0.9000000000
2026-11-13,S11,K01,shared_ridge10,12.1391380479,6.2964147905,16.7920873801,0.9000000000
2026-11-13,S11,K02,shared_ridge10,12.3084089313,6.7485539163,16.8993350135,0.9000000000
2026-11-13,S11,K03,shared_ridge10,14.4482529173,9.7077362499,18.8174123423,0.9000000000
2026-11-13,S11,K04,shared_ridge10,14.5441598387,9.6038215650,17.8397660092,0.9000000000
2026-11-13,S11,K05,shared_ridge10,17.2917749051,10.9484397167,21.2930976448,0.9000000000
2026-11-13,S11,K06,shared_ridge10,16.8770405795,10.3462238301,22.9247304451,0.9000000000
2026-11-13,S11,K07,shared_ridge10,19.6698432276,12.3239869279,25.4758560543,0.9000000000
2026-11-13,S11,K08,shared_ridge10,19.7140145556,12.5840015018,25.1696259771,0.9000000000
2026-11-13,S12,K01,shared_ridge10,12.5173763899,7.4240340150,17.0499599009,0.9000000000
2026-11-13,S12,K02,shared_ridge10,12.5205052298,6.3261262251,16.2976201738,0.9000000000
2026-11-13,S12,K03,shared_ridge10,14.8005845235,9.0254599845,20.2622715832,0.9000000000
2026-11-13,S12,K04,shared_ridge10,14.8135898905,8.7753848046,20.2222928399,0.9000000000
2026-11-13,S12,K05,shared_ridge10,17.3902205009,10.5932433948,22.6171517244,0.9000000000
2026-11-13,S12,K06,shared_ridge10,17.3999998116,9.9010377474,21.9133214182,0.9000000000
2026-11-13,S12,K07,shared_ridge10,19.7170323605,12.8227872564,23.7041557574,0.9000000000
2026-11-13,S12,K08,shared_ridge10,20.3202061679,13.9694867173,24.8438403634,0.9000000000
2026-11-14,S01,K01,shared_ridge10,10.7901028664,5.8414994269,15.4783396786,0.9000000000
2026-11-14,S01,K02,shared_ridge10,10.3299152361,4.9312808789,14.2583781846,0.9000000000
2026-11-14,S01,K03,shared_ridge10,12.7946623275,7.0603694104,16.9159103928,0.9000000000
2026-11-14,S01,K04,shared_ridge10,12.5127195983,6.3633214561,15.9840752521,0.9000000000
2026-11-14,S01,K05,shared_ridge10,15.4020822728,10.2679245344,19.0203647739,0.9000000000
2026-11-14,S01,K06,shared_ridge10,14.9587336211,8.2446940659,19.2278661898,0.9000000000
2026-11-14,S01,K07,shared_ridge10,17.2702506105,10.3131769199,20.9522327736,0.9000000000
2026-11-14,S01,K08,shared_ridge10,16.7468798647,10.6041490697,20.9258509401,0.9000000000
2026-11-14,S02,K01,shared_ridge10,11.1787039027,5.7396135196,15.7134585546,0.9000000000
2026-11-14,S02,K02,shared_ridge10,10.4076354433,5.2823158642,13.6585631265,0.9000000000
2026-11-14,S02,K03,shared_ridge10,13.3283410840,8.2866474459,16.8446797744,0.9000000000
2026-11-14,S02,K04,shared_ridge10,12.8702912567,6.7096846366,17.2374564144,0.9000000000
2026-11-14,S02,K05,shared_ridge10,16.2621858998,10.3276792681,19.9938388596,0.9000000000
2026-11-14,S02,K06,shared_ridge10,15.4979505549,9.5879644414,18.8920216556,0.9000000000
2026-11-14,S02,K07,shared_ridge10,17.3376081234,11.2378145513,21.0397090966,0.9000000000
2026-11-14,S02,K08,shared_ridge10,17.4204549942,11.3609904382,20.2297507913,0.9000000000
2026-11-14,S03,K01,shared_ridge10,11.2978748871,5.7029093192,15.4636950563,0.9000000000
2026-11-14,S03,K02,shared_ridge10,11.2625577231,5.2080516054,15.1728753405,0.9000000000
2026-11-14,S03,K03,shared_ridge10,13.4267368517,7.6846018499,18.8084688797,0.9000000000
2026-11-14,S03,K04,shared_ridge10,13.1242066196,6.8543875599,16.4205037454,0.9000000000
2026-11-14,S03,K05,shared_ridge10,16.4639265971,11.0122183250,19.9429563076,0.9000000000
2026-11-14,S03,K06,shared_ridge10,15.8761888969,10.2879267306,19.7858257876,0.9000000000
2026-11-14,S03,K07,shared_ridge10,18.4153283307,11.8572215968,21.8910034399,0.9000000000
2026-11-14,S03,K08,shared_ridge10,17.7520612118,12.0255496909,22.1643994456,0.9000000000
2026-11-14,S04,K01,shared_ridge10,11.6916572705,6.5266900801,15.5578188221,0.9000000000
2026-11-14,S04,K02,shared_ridge10,11.6200706765,6.2084942766,15.2244458150,0.9000000000
2026-11-14,S04,K03,shared_ridge10,14.2711967810,9.0819908310,18.2991833865,0.9000000000
2026-11-14,S04,K04,shared_ridge10,14.0672118010,7.9079617690,17.8658322357,0.9000000000
2026-11-14,S04,K05,shared_ridge10,16.9454600405,11.6305554238,19.8985936003,0.9000000000
2026-11-14,S04,K06,shared_ridge10,16.4979505549,10.3650639298,19.8881601851,0.9000000000
2026-11-14,S04,K07,shared_ridge10,19.1355355846,13.9635301995,22.6279846778,0.9000000000
2026-11-14,S04,K08,shared_ridge10,18.8660508491,12.0960819257,21.8405662280,0.9000000000
2026-11-14,S05,K01,shared_ridge10,12.1838852498,6.4612995516,15.9263066266,0.9000000000
2026-11-14,S05,K02,shared_ridge10,12.3350965832,7.2585762308,16.5428705725,0.9000000000
2026-11-14,S05,K03,shared_ridge10,14.3436359849,8.6022783402,18.3462789033,0.9000000000
2026-11-14,S05,K04,shared_ridge10,14.2226228630,8.3467656610,18.2001259405,0.9000000000
2026-11-14,S05,K05,shared_ridge10,17.6603200265,11.2363713785,21.5112118145,0.9000000000
2026-11-14,S05,K06,shared_ridge10,17.1456189487,11.4412799050,21.0377003375,0.9000000000
2026-11-14,S05,K07,shared_ridge10,19.8557428385,13.8093027199,23.1229187925,0.9000000000
2026-11-14,S05,K08,shared_ridge10,19.4982012057,13.2059982663,23.9690999077,0.9000000000
2026-11-14,S06,K01,shared_ridge10,12.2046106384,6.4210138414,16.4386662472,0.9000000000
2026-11-14,S06,K02,shared_ridge10,12.7033111656,6.8567613808,16.7672152295,0.9000000000
2026-11-14,S06,K03,shared_ridge10,15.1363820989,9.7112038628,19.5470837914,0.9000000000
2026-11-14,S06,K04,shared_ridge10,14.8598698574,9.2170012963,19.6608178176,0.9000000000
2026-11-14,S06,K05,shared_ridge10,17.9038433425,11.5052159158,21.8765997082,0.9000000000
2026-11-14,S06,K06,shared_ridge10,17.9020956326,12.5802806223,21.9545805782,0.9000000000
2026-11-14,S06,K07,shared_ridge10,20.2236184861,12.9109058552,24.8364730935,0.9000000000
2026-11-14,S06,K08,shared_ridge10,19.5707920744,12.7059964830,22.3872138002,0.9000000000
2026-11-14,S07,K01,shared_ridge10,12.9092738509,7.4666011491,16.9448646271,0.9000000000
2026-11-14,S07,K02,shared_ridge10,12.5067589085,7.3621299812,16.4395493907,0.9000000000
2026-11-14,S07,K03,shared_ridge10,15.4679883166,9.8932629711,20.9495787003,0.9000000000
2026-11-14,S07,K04,shared_ridge10,15.0929717741,9.2070803010,19.1914185174,0.9000000000
2026-11-14,S07,K05,shared_ridge10,18.6395946379,13.1700070991,23.2946856234,0.9000000000
2026-11-14,S07,K06,shared_ridge10,18.1611629901,12.1435247842,22.5489676094,0.9000000000
2026-11-14,S07,K07,shared_ridge10,21.1977117504,12.8814577304,26.1007868893,0.9000000000
2026-11-14,S07,K08,shared_ridge10,20.5863881244,14.2615469964,25.2708933544,0.9000000000
2026-11-14,S08,K01,shared_ridge10,13.5464558762,8.0679068784,17.8800573960,0.9000000000
2026-11-14,S08,K02,shared_ridge10,12.9939750080,6.5960415749,17.3271734342,0.9000000000
2026-11-14,S08,K03,shared_ridge10,16.1053936722,10.3353110595,21.4947868336,0.9000000000
2026-11-14,S08,K04,shared_ridge10,15.8598111523,10.4170783201,19.9056707094,0.9000000000
2026-11-14,S08,K05,shared_ridge10,19.4634288348,13.1182165954,23.5067999426,0.9000000000
2026-11-14,S08,K06,shared_ridge10,18.5601267207,12.7159691586,23.5705390937,0.9000000000
2026-11-14,S08,K07,shared_ridge10,21.4919345209,14.9314324921,24.1707311607,0.9000000000
2026-11-14,S08,K08,shared_ridge10,21.5656627358,14.6857315025,26.0001163645,0.9000000000
2026-11-14,S09,K01,shared_ridge10,13.7223743311,8.5523022644,17.4803179123,0.9000000000
2026-11-14,S09,K02,shared_ridge10,13.6571874432,7.6066153725,18.4789403381,0.9000000000
2026-11-14,S09,K03,shared_ridge10,16.2557523958,11.0439137219,21.4378620896,0.9000000000
2026-11-14,S09,K04,shared_ridge10,16.2535935357,11.0420708752,21.2438222075,0.9000000000
2026-11-14,S09,K05,shared_ridge10,19.7587656223,13.4938905099,23.9022537074,0.9000000000
2026-11-14,S09,K06,shared_ridge10,19.3632355290,13.6491575720,22.5476084831,0.9000000000
2026-11-14,S09,K07,shared_ridge10,21.9571417474,16.2280073052,26.3314997745,0.9000000000
2026-11-14,S09,K08,shared_ridge10,22.2806886425,14.8377354027,26.7432406912,0.9000000000
2026-11-14,S10,K01,shared_ridge10,13.6340440814,8.6560007740,18.6897760161,0.9000000000
2026-11-14,S10,K02,shared_ridge10,13.9730801521,8.7963549179,18.7293093402,0.9000000000
2026-11-14,S10,K03,shared_ridge10,17.0796364208,11.6532037550,21.7450744774,0.9000000000
2026-11-14,S10,K04,shared_ridge10,16.4712101160,11.8295781721,21.1442492346,0.9000000000
2026-11-14,S10,K05,shared_ridge10,20.0644651042,14.5963807319,25.2305386287,0.9000000000
2026-11-14,S10,K06,shared_ridge10,20.2594301709,13.4881184419,24.2010322576,0.9000000000
2026-11-14,S10,K07,shared_ridge10,22.8736831845,15.0297116843,29.1865789093,0.9000000000
2026-11-14,S10,K08,shared_ridge10,22.2858179811,14.7791443773,26.2247513834,0.9000000000
2026-11-14,S11,K01,shared_ridge10,14.3957021125,8.5529788550,19.0486514447,0.9000000000
2026-11-14,S11,K02,shared_ridge10,14.6877671241,9.1279121091,19.2786932063,0.9000000000
2026-11-14,S11,K03,shared_ridge10,17.3024343482,12.5619176809,21.6715937732,0.9000000000
2026-11-14,S11,K04,shared_ridge10,17.3934899088,12.4531516351,20.6890960793,0.9000000000
2026-11-14,S11,K05,shared_ridge10,20.8520298710,14.5086946826,24.8533526107,0.9000000000
2026-11-14,S11,K06,shared_ridge10,20.3005241180,13.7697073686,26.3482139836,0.9000000000
2026-11-14,S11,K07,shared_ridge10,23.4229059824,16.0770496826,29.2289188091,0.9000000000
2026-11-14,S11,K08,shared_ridge10,23.3893929156,16.2593798618,28.8450043371,0.9000000000
2026-11-14,S12,K01,shared_ridge10,14.7739404544,9.6805980796,19.3065239655,0.9000000000
2026-11-14,S12,K02,shared_ridge10,14.8998634226,8.7054844179,18.6769783666,0.9000000000
2026-11-14,S12,K03,shared_ridge10,17.6547659544,11.8796414155,23.1164530142,0.9000000000
2026-11-14,S12,K04,shared_ridge10,17.6629199606,11.6247148747,23.0716229100,0.9000000000
2026-11-14,S12,K05,shared_ridge10,20.9504754669,14.1534983607,26.1774066903,0.9000000000
2026-11-14,S12,K06,shared_ridge10,20.8234833501,13.3245212859,25.3368049567,0.9000000000
2026-11-14,S12,K07,shared_ridge10,23.4700951153,16.5758500112,27.4572185122,0.9000000000
2026-11-14,S12,K08,shared_ridge10,23.9955845279,17.6448650773,28.5192187234,0.9000000000
2026-11-15,S01,K01,shared_ridge10,10.8339109522,5.8853075127,15.5221477644,0.9000000000
2026-11-15,S01,K02,shared_ridge10,10.2802650334,4.8816306763,14.2087279819,0.9000000000
2026-11-15,S01,K03,shared_ridge10,12.5124016451,6.7781087280,16.6336497103,0.9000000000
2026-11-15,S01,K04,shared_ridge10,12.6153460891,6.4659479469,16.0867017429,0.9000000000
2026-11-15,S01,K05,shared_ridge10,15.2472482390,10.1130905005,18.8655307401,0.9000000000
2026-11-15,S01,K06,shared_ridge10,14.7757963386,8.0617567834,19.0449289072,0.9000000000
2026-11-15,S01,K07,shared_ridge10,17.0746902998,10.1176166092,20.7566724629,0.9000000000
2026-11-15,S01,K08,shared_ridge10,17.1788349913,11.0361041963,21.3578060667,0.9000000000
2026-11-15,S02,K01,shared_ridge10,11.2225119885,5.7834216053,15.7572666404,0.9000000000
2026-11-15,S02,K02,shared_ridge10,10.3579852407,5.2326656615,13.6089129238,0.9000000000
2026-11-15,S02,K03,shared_ridge10,13.0460804015,8.0043867635,16.5624190920,0.9000000000
2026-11-15,S02,K04,shared_ridge10,12.9729177475,6.8123111274,17.3400829052,0.9000000000
2026-11-15,S02,K05,shared_ridge10,16.1073518659,10.1728452343,19.8390048258,0.9000000000
2026-11-15,S02,K06,shared_ridge10,15.3150132723,9.4050271588,18.7090843730,0.9000000000
2026-11-15,S02,K07,shared_ridge10,17.1420478127,11.0422542406,20.8441487859,0.9000000000
2026-11-15,S02,K08,shared_ridge10,17.8524101208,11.7929455648,20.6617059179,0.9000000000
2026-11-15,S03,K01,shared_ridge10,11.3416829729,5.7467174050,15.5075031420,0.9000000000
2026-11-15,S03,K02,shared_ridge10,11.2129075205,5.1584014028,15.1232251379,0.9000000000
2026-11-15,S03,K03,shared_ridge10,13.1444761693,7.4023411675,18.5262081973,0.9000000000
2026-11-15,S03,K04,shared_ridge10,13.2268331104,6.9570140507,16.5231302362,0.9000000000
2026-11-15,S03,K05,shared_ridge10,16.3090925632,10.8573842912,19.7881222737,0.9000000000
2026-11-15,S03,K06,shared_ridge10,15.6932516143,10.1049894481,19.6028885051,0.9000000000
2026-11-15,S03,K07,shared_ridge10,18.2197680200,11.6616612861,21.6954431292,0.9000000000
2026-11-15,S03,K08,shared_ridge10,18.1840163384,12.4575048175,22.5963545722,0.9000000000
2026-11-15,S04,K01,shared_ridge10,11.7354653563,6.5704981658,15.6016269078,0.9000000000
2026-11-15,S04,K02,shared_ridge10,11.5704204738,6.1588440739,15.1747956123,0.9000000000
2026-11-15,S04,K03,shared_ridge10,13.9889360986,8.7997301485,18.0169227041,0.9000000000
2026-11-15,S04,K04,shared_ridge10,14.1698382918,8.0105882598,17.9684587265,0.9000000000
2026-11-15,S04,K05,shared_ridge10,16.7906260066,11.4757213899,19.7437595664,0.9000000000
2026-11-15,S04,K06,shared_ridge10,16.3150132723,10.1821266473,19.7052229025,0.9000000000
2026-11-15,S04,K07,shared_ridge10,18.9399752739,13.7679698888,22.4324243671,0.9000000000
2026-11-15,S04,K08,shared_ridge10,19.2980059757,12.5280370523,22.2725213546,0.9000000000
2026-11-15,S05,K01,shared_ridge10,12.2276933356,6.5051076373,15.9701147124,0.9000000000
2026-11-15,S05,K02,shared_ridge10,12.2854463806,7.2089260281,16.4932203698,0.9000000000
2026-11-15,S05,K03,shared_ridge10,14.0613753025,8.3200176578,18.0640182209,0.9000000000
2026-11-15,S05,K04,shared_ridge10,14.3252493537,8.4493921518,18.3027524313,0.9000000000
2026-11-15,S05,K05,shared_ridge10,17.5054859926,11.0815373446,21.3563777806,0.9000000000
2026-11-15,S05,K06,shared_ridge10,16.9626816661,11.2583426224,20.8547630549,0.9000000000
2026-11-15,S05,K07,shared_ridge10,19.6601825278,13.6137424092,22.9273584818,0.9000000000
2026-11-15,S05,K08,shared_ridge10,19.9301563323,13.6379533929,24.4010550343,0.9000000000
2026-11-15,S06,K01,shared_ridge10,12.2484187242,6.4648219272,16.4824743330,0.9000000000
2026-11-15,S06,K02,shared_ridge10,12.6536609629,6.8071111781,16.7175650268,0.9000000000
2026-11-15,S06,K03,shared_ridge10,14.8541214165,9.4289431804,19.2648231090,0.9000000000
2026-11-15,S06,K04,shared_ridge10,14.9624963482,9.3196277870,19.7634443084,0.9000000000
2026-11-15,S06,K05,shared_ridge10,17.7490093087,11.3503818819,21.7217656744,0.9000000000
2026-11-15,S06,K06,shared_ridge10,17.7191583501,12.3973433397,21.7716432956,0.9000000000
2026-11-15,S06,K07,shared_ridge10,20.0280581754,12.7153455446,24.6409127828,0.9000000000
2026-11-15,S06,K08,shared_ridge10,20.0027472010,13.1379516096,22.8191689268,0.9000000000
2026-11-15,S07,K01,shared_ridge10,12.9530819366,7.5104092348,16.9886727128,0.9000000000
2026-11-15,S07,K02,shared_ridge10,12.4571087059,7.3124797786,16.3898991880,0.9000000000
2026-11-15,S07,K03,shared_ridge10,15.1857276341,9.6110022887,20.6673180179,0.9000000000
2026-11-15,S07,K04,shared_ridge10,15.1955982649,9.3097067918,19.2940450081,0.9000000000
2026-11-15,S07,K05,shared_ridge10,18.4847606040,13.0151730652,23.1398515896,0.9000000000
2026-11-15,S07,K06,shared_ridge10,17.9782257076,11.9605875016,22.3660303269,0.9000000000
2026-11-15,S07,K07,shared_ridge10,21.0021514397,12.6858974197,25.9052265786,0.9000000000
2026-11-15,S07,K08,shared_ridge10,21.0183432510,14.6935021230,25.7028484810,0.9000000000
2026-11-15,S08,K01,shared_ridge10,13.5902639620,8.1117149641,17.9238654818,0.9000000000
2026-11-15,S08,K02,shared_ridge10,12.9443248053,6.5463913723,17.2775232315,0.9000000000
2026-11-15,S08,K03,shared_ridge10,15.8231329898,10.0530503771,21.2125261512,0.9000000000
2026-11-15,S08,K04,shared_ridge10,15.9624376431,10.5197048109,20.0082972002,0.9000000000
2026-11-15,S08,K05,shared_ridge10,19.3085948009,12.9633825615,23.3519659087,0.9000000000
2026-11-15,S08,K06,shared_ridge10,18.3771894381,12.5330318761,23.3876018112,0.9000000000
2026-11-15,S08,K07,shared_ridge10,21.2963742102,14.7358721814,23.9751708500,0.9000000000
2026-11-15,S08,K08,shared_ridge10,21.9976178624,15.1176866291,26.4320714911,0.9000000000
2026-11-15,S09,K01,shared_ridge10,13.7661824169,8.5961103502,17.5241259981,0.9000000000
2026-11-15,S09,K02,shared_ridge10,13.6075372406,7.5569651698,18.4292901354,0.9000000000
2026-11-15,S09,K03,shared_ridge10,15.9734917133,10.7616530394,21.1556014071,0.9000000000
2026-11-15,S09,K04,shared_ridge10,16.3562200265,11.1446973660,21.3464486983,0.9000000000
2026-11-15,S09,K05,shared_ridge10,19.6039315885,13.3390564760,23.7474196736,0.9000000000
2026-11-15,S09,K06,shared_ridge10,19.1802982464,13.4662202894,22.3646712006,0.9000000000
2026-11-15,S09,K07,shared_ridge10,21.7615814367,16.0324469945,26.1359394638,0.9000000000
2026-11-15,S09,K08,shared_ridge10,22.7126437691,15.2696905293,27.1751958178,0.9000000000
2026-11-15,S10,K01,shared_ridge10,13.6778521672,8.6998088598,18.7335841019,0.9000000000
2026-11-15,S10,K02,shared_ridge10,13.9234299494,8.7467047153,18.6796591375,0.9000000000
2026-11-15,S10,K03,shared_ridge10,16.7973757383,11.3709430726,21.4628137950,0.9000000000
2026-11-15,S10,K04,shared_ridge10,16.5738366068,11.9322046628,21.2468757254,0.9000000000
2026-11-15,S10,K05,shared_ridge10,19.9096310703,14.4415466980,25.0757045948,0.9000000000
2026-11-15,S10,K06,shared_ridge10,20.0764928884,13.3051811594,24.0180949750,0.9000000000
2026-11-15,S10,K07,shared_ridge10,22.6781228738,14.8341513736,28.9910185986,0.9000000000
2026-11-15,S10,K08,shared_ridge10,22.7177731077,15.2110995039,26.6567065100,0.9000000000
2026-11-15,S11,K01,shared_ridge10,14.4395101982,8.5967869408,19.0924595305,0.9000000000
2026-11-15,S11,K02,shared_ridge10,14.6381169215,9.0782619064,19.2290430036,0.9000000000
2026-11-15,S11,K03,shared_ridge10,17.0201736658,12.2796569985,21.3893330908,0.9000000000
2026-11-15,S11,K04,shared_ridge10,17.4961163996,12.5557781259,20.7917225701,0.9000000000
2026-11-15,S11,K05,shared_ridge10,20.6971958372,14.3538606488,24.6985185769,0.9000000000
2026-11-15,S11,K06,shared_ridge10,20.1175868355,13.5867700861,26.1652767011,0.9000000000
2026-11-15,S11,K07,shared_ridge10,23.2273456717,15.8814893719,29.0333584984,0.9000000000
2026-11-15,S11,K08,shared_ridge10,23.8213480422,16.6913349884,29.2769594637,0.9000000000
2026-11-15,S12,K01,shared_ridge10,14.8177485402,9.7244061653,19.3503320513,0.9000000000
2026-11-15,S12,K02,shared_ridge10,14.8502132199,8.6558342152,18.6273281640,0.9000000000
2026-11-15,S12,K03,shared_ridge10,17.3725052720,11.5973807330,22.8341923318,0.9000000000
2026-11-15,S12,K04,shared_ridge10,17.7655464514,11.7273413655,23.1742494008,0.9000000000
2026-11-15,S12,K05,shared_ridge10,20.7956414330,13.9986643269,26.0225726564,0.9000000000
2026-11-15,S12,K06,shared_ridge10,20.6405460675,13.1415840033,25.1538676741,0.9000000000
2026-11-15,S12,K07,shared_ridge10,23.2745348046,16.3802897005,27.2616582015,0.9000000000
2026-11-15,S12,K08,shared_ridge10,24.4275396545,18.0768202039,28.9511738500,0.9000000000
2026-11-16,S01,K01,shared_ridge10,8.1757815563,3.2271781168,12.8640183685,0.9000000000
2026-11-16,S01,K02,shared_ridge10,7.2213996357,1.8227652786,11.1498625842,0.9000000000
2026-11-16,S01,K03,shared_ridge10,9.7705434994,4.0362505823,13.8917915646,0.9000000000
2026-11-16,S01,K04,shared_ridge10,9.4384694743,3.2890713321,12.9098251281,0.9000000000
2026-11-16,S01,K05,shared_ridge10,11.7382774886,6.6041197502,15.3565599897,0.9000000000
2026-11-16,S01,K06,shared_ridge10,11.0678004591,4.3537609039,15.3369330278,0.9000000000
2026-11-16,S01,K07,shared_ridge10,13.5285321712,6.5714584806,17.2105143343,0.9000000000
2026-11-16,S01,K08,shared_ridge10,13.0486783166,6.9059475216,17.2276493921,0.9000000000
2026-11-16,S02,K01,shared_ridge10,8.5643825925,3.1252922094,13.0991372445,0.9000000000
2026-11-16,S02,K02,shared_ridge10,7.2991198430,2.1738002638,10.5500475261,0.9000000000
2026-11-16,S02,K03,shared_ridge10,10.3042222558,5.2625286178,13.8205609463,0.9000000000
2026-11-16,S02,K04,shared_ridge10,9.7960411327,3.6354345126,14.1632062904,0.9000000000
2026-11-16,S02,K05,shared_ridge10,12.5983811156,6.6638744839,16.3300340754,0.9000000000
2026-11-16,S02,K06,shared_ridge10,11.6070173929,5.6970312794,15.0010884936,0.9000000000
2026-11-16,S02,K07,shared_ridge10,13.5958896842,7.4960961120,17.2979906573,0.9000000000
2026-11-16,S02,K08,shared_ridge10,13.7222534462,7.6627888902,16.5315492433,0.9000000000
2026-11-16,S03,K01,shared_ridge10,8.6835535770,3.0885880091,12.8493737461,0.9000000000
2026-11-16,S03,K02,shared_ridge10,8.1540421228,2.0995360051,12.0643597402,0.9000000000
2026-11-16,S03,K03,shared_ridge10,10.4026180236,4.6604830218,15.7843500516,0.9000000000
2026-11-16,S03,K04,shared_ridge10,10.0499564956,3.7801374359,13.3462536214,0.9000000000
2026-11-16,S03,K05,shared_ridge10,12.8001218129,7.3484135408,16.2791515234,0.9000000000
2026-11-16,S03,K06,shared_ridge10,11.9852557348,6.3969935686,15.8948926256,0.9000000000
2026-11-16,S03,K07,shared_ridge10,14.6736098914,8.1155031576,18.1492850007,0.9000000000
2026-11-16,S03,K08,shared_ridge10,14.0538596638,8.3273481428,18.4661978976,0.9000000000
2026-11-16,S04,K01,shared_ridge10,9.0773359604,3.9123687699,12.9434975119,0.9000000000
2026-11-16,S04,K02,shared_ridge10,8.5115550761,3.0999786762,12.1159302146,0.9000000000
2026-11-16,S04,K03,shared_ridge10,11.2470779529,6.0578720028,15.2750645584,0.9000000000
2026-11-16,S04,K04,shared_ridge10,10.9929616770,4.8337116450,14.7915821117,0.9000000000
2026-11-16,S04,K05,shared_ridge10,13.2816552563,7.9667506396,16.2347888161,0.9000000000
2026-11-16,S04,K06,shared_ridge10,12.6070173929,6.4741307678,15.9972270231,0.9000000000
2026-11-16,S04,K07,shared_ridge10,15.3938171453,10.2218117602,18.8862662385,0.9000000000
2026-11-16,S04,K08,shared_ridge10,15.1678493011,8.3978803776,18.1423646800,0.9000000000
2026-11-16,S05,K01,shared_ridge10,9.5695639397,3.8469782414,13.3119853165,0.9000000000
2026-11-16,S05,K02,shared_ridge10,9.2265809829,4.1500606304,13.4343549721,0.9000000000
2026-11-16,S05,K03,shared_ridge10,11.3195171568,5.5781595121,15.3221600751,0.9000000000
2026-11-16,S05,K04,shared_ridge10,11.1483727389,5.2725155370,15.1258758164,0.9000000000
2026-11-16,S05,K05,shared_ridge10,13.9965152423,7.5725665943,17.8474070303,0.9000000000
2026-11-16,S05,K06,shared_ridge10,13.2546857867,7.5503467430,17.1467671755,0.9000000000
2026-11-16,S05,K07,shared_ridge10,16.1140243992,10.0675842806,19.3812003533,0.9000000000
2026-11-16,S05,K08,shared_ridge10,15.7999996577,9.5077967183,20.2708983596,0.9000000000
2026-11-16,S06,K01,shared_ridge10,9.5902893283,3.8066925313,13.8243449371,0.9000000000
2026-11-16,S06,K02,shared_ridge10,9.5947955652,3.7482457804,13.6586996291,0.9000000000
2026-11-16,S06,K03,shared_ridge10,12.1122632708,6.6870850347,16.5229649633,0.9000000000
2026-11-16,S06,K04,shared_ridge10,11.7856197333,6.1427511722,16.5865676936,0.9000000000
2026-11-16,S06,K05,shared_ridge10,14.2400385583,7.8414111315,18.2127949240,0.9000000000
2026-11-16,S06,K06,shared_ridge10,14.0111624706,8.6893474603,18.0636474161,0.9000000000
2026-11-16,S06,K07,shared_ridge10,16.4819000469,9.1691874160,21.0947546542,0.9000000000
2026-11-16,S06,K08,shared_ridge10,15.8725905263,9.0077949350,18.6890122522,0.9000000000
2026-11-16,S07,K01,shared_ridge10,10.2949525407,4.8522798389,14.3305433169,0.9000000000
2026-11-16,S07,K02,shared_ridge10,9.3982433082,4.2536143809,13.3310337903,0.9000000000
2026-11-16,S07,K03,shared_ridge10,12.4438694884,6.8691441430,17.9254598722,0.9000000000
2026-11-16,S07,K04,shared_ridge10,12.0187216500,6.1328301769,16.1171683933,0.9000000000
2026-11-16,S07,K05,shared_ridge10,14.9757898537,9.5062023149,19.6308808392,0.9000000000
2026-11-16,S07,K06,shared_ridge10,14.2702298281,8.2525916222,18.6580344474,0.9000000000
2026-11-16,S07,K07,shared_ridge10,17.4559933111,9.1397392911,22.3590684500,0.9000000000
2026-11-16,S07,K08,shared_ridge10,16.8881865763,10.5633454484,21.5726918063,0.9000000000
2026-11-16,S08,K01,shared_ridge10,10.9321345661,5.4535855682,15.2657360859,0.9000000000
2026-11-16,S08,K02,shared_ridge10,9.8854594076,3.4875259746,14.2186578338,0.9000000000
2026-11-16,S08,K03,shared_ridge10,13.0812748441,7.3111922313,18.4706680055,0.9000000000
2026-11-16,S08,K04,shared_ridge10,12.7855610283,7.3428281961,16.8314205854,0.9000000000
2026-11-16,S08,K05,shared_ridge10,15.7996240505,9.4544118112,19.8429951584,0.9000000000
2026-11-16,S08,K06,shared_ridge10,14.6691935587,8.8250359966,19.6796059317,0.9000000000
2026-11-16,S08,K07,shared_ridge10,17.7502160816,11.1897140528,20.4290127214,0.9000000000
2026-11-16,S08,K08,shared_ridge10,17.8674611877,10.9875299545,22.3019148164,0.9000000000
2026-11-16,S09,K01,shared_ridge10,11.1080530210,5.9379809543,14.8659966022,0.9000000000
2026-11-16,S09,K02,shared_ridge10,10.5486718429,4.4980997721,15.3704247377,0.9000000000
2026-11-16,S09,K03,shared_ridge10,13.2316335676,8.0197948937,18.4137432614,0.9000000000
2026-11-16,S09,K04,shared_ridge10,13.1793434117,7.9678207512,18.1695720835,0.9000000000
2026-11-16,S09,K05,shared_ridge10,16.0949608381,9.8300857257,20.2384489232,0.9000000000
2026-11-16,S09,K06,shared_ridge10,15.4723023670,9.7582244100,18.6566753211,0.9000000000
2026-11-16,S09,K07,shared_ridge10,18.2154233081,12.4862888659,22.5897813352,0.9000000000
2026-11-16,S09,K08,shared_ridge10,18.5824870944,11.1395338547,23.0450391432,0.9000000000
2026-11-16,S10,K01,shared_ridge10,11.0197227713,6.0416794639,16.0754547060,0.9000000000
2026-11-16,S10,K02,shared_ridge10,10.8645645517,5.6878393176,15.6207937398,0.9000000000
2026-11-16,S10,K03,shared_ridge10,14.0555175926,8.6290849269,18.7209556493,0.9000000000
2026-11-16,S10,K04,shared_ridge10,13.3969599920,8.7553280480,18.0699991106,0.9000000000
2026-11-16,S10,K05,shared_ridge10,16.4006603200,10.9325759477,21.5667338445,0.9000000000
2026-11-16,S10,K06,shared_ridge10,16.3684970089,9.5971852799,20.3100990956,0.9000000000
2026-11-16,S10,K07,shared_ridge10,19.1319647452,11.2879932450,25.4448604700,0.9000000000
2026-11-16,S10,K08,shared_ridge10,18.5876164331,11.0809428292,22.5265498354,0.9000000000
2026-11-16,S11,K01,shared_ridge10,11.7813808023,5.9386575449,16.4343301345,0.9000000000
2026-11-16,S11,K02,shared_ridge10,11.5792515238,6.0193965087,16.1701776059,0.9000000000
2026-11-16,S11,K03,shared_ridge10,14.2783155201,9.5377988528,18.6474749451,0.9000000000
2026-11-16,S11,K04,shared_ridge10,14.3192397848,9.3789015111,17.6148459553,0.9000000000
2026-11-16,S11,K05,shared_ridge10,17.1882250868,10.8448898984,21.1895478265,0.9000000000
2026-11-16,S11,K06,shared_ridge10,16.4095909560,9.8787742066,22.4572808216,0.9000000000
2026-11-16,S11,K07,shared_ridge10,19.6811875431,12.3353312434,25.4872003698,0.9000000000
2026-11-16,S11,K08,shared_ridge10,19.6911913675,12.5611783137,25.1468027890,0.9000000000
2026-11-16,S12,K01,shared_ridge10,12.1596191443,7.0662767694,16.6922026554,0.9000000000
2026-11-16,S12,K02,shared_ridge10,11.7913478222,5.5969688175,15.5684627663,0.9000000000
2026-11-16,S12,K03,shared_ridge10,14.6306471263,8.8555225873,20.0923341860,0.9000000000
2026-11-16,S12,K04,shared_ridge10,14.5886698366,8.5504647507,19.9973727859,0.9000000000
2026-11-16,S12,K05,shared_ridge10,17.2866706827,10.4896935765,22.5136019061,0.9000000000
2026-11-16,S12,K06,shared_ridge10,16.9325501881,9.4335881239,21.4458717947,0.9000000000
2026-11-16,S12,K07,shared_ridge10,19.7283766760,12.8341315719,23.7155000729,0.9000000000
2026-11-16,S12,K08,shared_ridge10,20.2973829799,13.9466635292,24.8210171753,0.9000000000
2026-11-17,S01,K01,shared_ridge10,11.5754079952,6.6268045557,16.2636448075,0.9000000000
2026-11-17,S01,K02,shared_ridge10,10.8568619080,5.4582275508,14.7853248565,0.9000000000
2026-11-17,S01,K03,shared_ridge10,13.2944714609,7.5601785439,17.4157195262,0.9000000000
2026-11-17,S01,K04,shared_ridge10,12.7882362594,6.6388381172,16.2595919131,0.9000000000
2026-11-17,S01,K05,shared_ridge10,15.0262183297,9.8920605912,18.6445008308,0.9000000000
2026-11-17,S01,K06,shared_ridge10,14.5232902254,7.8092506702,18.7924227941,0.9000000000
2026-11-17,S01,K07,shared_ridge10,16.8533864870,9.8963127964,20.5353686501,0.9000000000
2026-11-17,S01,K08,shared_ridge10,16.4513586287,10.3086278337,20.6303297041,0.9000000000
2026-11-17,S02,K01,shared_ridge10,11.9640090315,6.5249186484,16.4987636835,0.9000000000
2026-11-17,S02,K02,shared_ridge10,10.9345821152,5.8092625361,14.1855097984,0.9000000000
2026-11-17,S02,K03,shared_ridge10,13.8281502174,8.7864565793,17.3444889078,0.9000000000
2026-11-17,S02,K04,shared_ridge10,13.1458079178,6.9852012977,17.5129730755,0.9000000000
2026-11-17,S02,K05,shared_ridge10,15.8863219566,9.9518153250,19.6179749165,0.9000000000
2026-11-17,S02,K06,shared_ridge10,15.0625071592,9.1525210457,18.4565782599,0.9000000000
2026-11-17,S02,K07,shared_ridge10,16.9207439999,10.8209504278,20.6228449731,0.9000000000
2026-11-17,S02,K08,shared_ridge10,17.1249337583,11.0654692022,19.9342295554,0.9000000000
2026-11-17,S03,K01,shared_ridge10,12.0831800160,6.4882144480,16.2490001851,0.9000000000
2026-11-17,S03,K02,shared_ridge10,11.7895043950,5.7349982773,15.6998220124,0.9000000000
2026-11-17,S03,K03,shared_ridge10,13.9265459852,8.1844109833,19.3082780132,0.9000000000
2026-11-17,S03,K04,shared_ridge10,13.3997232807,7.1299042210,16.6960204065,0.9000000000
2026-11-17,S03,K05,shared_ridge10,16.0880626539,10.6363543819,19.5670923644,0.9000000000
2026-11-17,S03,K06,shared_ridge10,15.4407455011,9.8524833349,19.3503823919,0.9000000000
2026-11-17,S03,K07,shared_ridge10,17.9984642072,11.4403574733,21.4741393164,0.9000000000
2026-11-17,S03,K08,shared_ridge10,17.4565399759,11.7300284549,21.8688782096,0.9000000000
2026-11-17,S04,K01,shared_ridge10,12.4769623994,7.3119952089,16.3431239509,0.9000000000
2026-11-17,S04,K02,shared_ridge10,12.1470173484,6.7354409485,15.7513924868,0.9000000000
2026-11-17,S04,K03,shared_ridge10,14.7710059145,9.5817999644,18.7989925199,0.9000000000
2026-11-17,S04,K04,shared_ridge10,14.3427284620,8.1834784301,18.1413488968,0.9000000000
2026-11-17,S04,K05,shared_ridge10,16.5695960974,11.2546914807,19.5227296571,0.9000000000
2026-11-17,S04,K06,shared_ridge10,16.0625071592,9.9296205341,19.4527167894,0.9000000000
2026-11-17,S04,K07,shared_ridge10,18.7186714611,13.5466660760,22.2111205543,0.9000000000
2026-11-17,S04,K08,shared_ridge10,18.5705296132,11.8005606897,21.5450449921,0.9000000000
2026-11-17,S05,K01,shared_ridge10,12.9691903787,7.2466046804,16.7116117555,0.9000000000
2026-11-17,S05,K02,shared_ridge10,12.8620432551,7.7855229027,17.0698172444,0.9000000000
2026-11-17,S05,K03,shared_ridge10,14.8434451184,9.1020874736,18.8460880367,0.9000000000
2026-11-17,S05,K04,shared_ridge10,14.4981395240,8.6222823221,18.4756426015,0.9000000000
2026-11-17,S05,K05,shared_ridge10,17.2844560833,10.8605074353,21.1353478713,0.9000000000
2026-11-17,S05,K06,shared_ridge10,16.7101755530,11.0058365093,20.6022569418,0.9000000000
2026-11-17,S05,K07,shared_ridge10,19.4388787150,13.3924385964,22.7060546690,0.9000000000
2026-11-17,S05,K08,shared_ridge10,19.2026799698,12.9104770304,23.6735786717,0.9000000000
2026-11-17,S06,K01,shared_ridge10,12.9899157673,7.2063189703,17.2239713760,0.9000000000
2026-11-17,S06,K02,shared_ridge10,13.2302578374,7.3837080527,17.2941619014,0.9000000000
2026-11-17,S06,K03,shared_ridge10,15.6361912324,10.2110129963,20.0468929248,0.9000000000
2026-11-17,S06,K04,shared_ridge10,15.1353865184,9.4925179573,19.9363344787,0.9000000000
2026-11-17,S06,K05,shared_ridge10,17.5279793994,11.1293519726,21.5007357651,0.9000000000
2026-11-17,S06,K06,shared_ridge10,17.4666522369,12.1448372266,21.5191371824,0.9000000000
2026-11-17,S06,K07,shared_ridge10,19.8067543626,12.4940417318,24.4196089700,0.9000000000
2026-11-17,S06,K08,shared_ridge10,19.2752708384,12.4104752470,22.0916925643,0.9000000000
2026-11-17,S07,K01,shared_ridge10,13.6945789797,8.2519062779,17.7301697559,0.9000000000
2026-11-17,S07,K02,shared_ridge10,13.0337055804,7.8890766531,16.9664960626,0.9000000000
2026-11-17,S07,K03,shared_ridge10,15.9677974500,10.3930721046,21.4493878337,0.9000000000
2026-11-17,S07,K04,shared_ridge10,15.3684884351,9.4825969620,19.4669351784,0.9000000000
2026-11-17,S07,K05,shared_ridge10,18.2637306947,12.7941431559,22.9188216803,0.9000000000
2026-11-17,S07,K06,shared_ridge10,17.7257195944,11.7080813885,22.1135242137,0.9000000000
2026-11-17,S07,K07,shared_ridge10,20.7808476269,12.4645936069,25.6839227658,0.9000000000
2026-11-17,S07,K08,shared_ridge10,20.2908668884,13.9660257604,24.9753721184,0.9000000000
2026-11-17,S08,K01,shared_ridge10,14.3317610051,8.8532120072,18.6653625248,0.9000000000
2026-11-17,S08,K02,shared_ridge10,13.5209216799,7.1229882468,17.8541201061,0.9000000000
2026-11-17,S08,K03,shared_ridge10,16.6052028057,10.8351201929,21.9945959671,0.9000000000
2026-11-17,S08,K04,shared_ridge10,16.1353278134,10.6925949812,20.1811873704,0.9000000000
2026-11-17,S08,K05,shared_ridge10,19.0875648916,12.7423526522,23.1309359995,0.9000000000
2026-11-17,S08,K06,shared_ridge10,18.1246833250,12.2805257629,23.1350956980,0.9000000000
2026-11-17,S08,K07,shared_ridge10,21.0750703974,14.5145683686,23.7538670372,0.9000000000
2026-11-17,S08,K08,shared_ridge10,21.2701414998,14.3902102666,25.7045951285,0.9000000000
2026-11-17,S09,K01,shared_ridge10,14.5076794600,9.3376073932,18.2656230412,0.9000000000
2026-11-17,S09,K02,shared_ridge10,14.1841341151,8.1335620444,19.0058870099,0.9000000000
2026-11-17,S09,K03,shared_ridge10,16.7555615292,11.5437228553,21.9376712230,0.9000000000
2026-11-17,S09,K04,shared_ridge10,16.5291101968,11.3175875363,21.5193388685,0.9000000000
2026-11-17,S09,K05,shared_ridge10,19.3829016792,13.1180265667,23.5263897643,0.9000000000
2026-11-17,S09,K06,shared_ridge10,18.9277921333,13.2137141763,22.1121650874,0.9000000000
2026-11-17,S09,K07,shared_ridge10,21.5402776239,15.8111431817,25.9146356510,0.9000000000
2026-11-17,S09,K08,shared_ridge10,21.9851674065,14.5422141668,26.4477194552,0.9000000000
2026-11-17,S10,K01,shared_ridge10,14.4193492102,9.4413059028,19.4750811449,0.9000000000
2026-11-17,S10,K02,shared_ridge10,14.5000268239,9.3233015898,19.2562560121,0.9000000000
2026-11-17,S10,K03,shared_ridge10,17.5794455542,12.1530128884,22.2448836108,0.9000000000
2026-11-17,S10,K04,shared_ridge10,16.7467267771,12.1050948331,21.4197658957,0.9000000000
2026-11-17,S10,K05,shared_ridge10,19.6886011610,14.2205167888,24.8546746855,0.9000000000
2026-11-17,S10,K06,shared_ridge10,19.8239867752,13.0526750462,23.7655888619,0.9000000000
2026-11-17,S10,K07,shared_ridge10,22.4568190610,14.6128475608,28.7697147858,0.9000000000
2026-11-17,S10,K08,shared_ridge10,21.9902967451,14.4836231413,25.9292301474,0.9000000000
2026-11-17,S11,K01,shared_ridge10,15.1810072413,9.3382839839,19.8339565735,0.9000000000
2026-11-17,S11,K02,shared_ridge10,15.2147137960,9.6548587810,19.8056398781,0.9000000000
2026-11-17,S11,K03,shared_ridge10,17.8022434817,13.0617268143,22.1714029067,0.9000000000
2026-11-17,S11,K04,shared_ridge10,17.6690065698,12.7286682962,20.9646127404,0.9000000000
2026-11-17,S11,K05,shared_ridge10,20.4761659279,14.1328307395,24.4774886676,0.9000000000
2026-11-17,S11,K06,shared_ridge10,19.8650807223,13.3342639729,25.9127705879,0.9000000000
2026-11-17,S11,K07,shared_ridge10,23.0060418589,15.6601855591,28.8120546856,0.9000000000
2026-11-17,S11,K08,shared_ridge10,23.0938716796,15.9638586258,28.5494831011,0.9000000000
2026-11-17,S12,K01,shared_ridge10,15.5592455833,10.4659032084,20.0918290943,0.9000000000
2026-11-17,S12,K02,shared_ridge10,15.4268100945,9.2324310897,19.2039250385,0.9000000000
2026-11-17,S12,K03,shared_ridge10,18.1545750879,12.3794505489,23.6162621476,0.9000000000
2026-11-17,S12,K04,shared_ridge10,17.9384366217,11.9002315357,23.3471395710,0.9000000000
2026-11-17,S12,K05,shared_ridge10,20.5746115237,13.7776344176,25.8015427472,0.9000000000
2026-11-17,S12,K06,shared_ridge10,20.3880399544,12.8890778902,24.9013615610,0.9000000000
2026-11-17,S12,K07,shared_ridge10,23.0532309918,16.1589858877,27.0403543887,0.9000000000
2026-11-17,S12,K08,shared_ridge10,23.7000632919,17.3493438413,28.2236974874,0.9000000000
2026-11-18,S01,K01,shared_ridge10,11.5290798416,6.5804764021,16.2173166538,0.9000000000
2026-11-18,S01,K02,shared_ridge10,10.7483070693,5.3496727121,14.6767700178,0.9000000000
2026-11-18,S01,K03,shared_ridge10,13.0898803960,7.3555874789,17.2111284612,0.9000000000
2026-11-18,S01,K04,shared_ridge10,12.5368254831,6.3874273409,16.0081811369,0.9000000000
2026-11-18,S01,K05,shared_ridge10,15.0483034800,9.9141457415,18.6665859811,0.9000000000
2026-11-18,S01,K06,shared_ridge10,14.4426235385,7.7285839833,18.7117561071,0.9000000000
2026-11-18,S01,K07,shared_ridge10,16.6239985447,9.6669248542,20.3059807079,0.9000000000
2026-11-18,S01,K08,shared_ridge10,16.3118851839,10.1691543889,20.4908562593,0.9000000000
2026-11-18,S02,K01,shared_ridge10,11.9176808778,6.4785904947,16.4524355298,0.9000000000
2026-11-18,S02,K02,shared_ridge10,10.8260272765,5.7007076974,14.0769549597,0.9000000000
2026-11-18,S02,K03,shared_ridge10,13.6235591525,8.5818655144,17.1398978429,0.9000000000
2026-11-18,S02,K04,shared_ridge10,12.8943971415,6.7337905214,17.2615622992,0.9000000000
2026-11-18,S02,K05,shared_ridge10,15.9084071069,9.9739004753,19.6400600667,0.9000000000
2026-11-18,S02,K06,shared_ridge10,14.9818404723,9.0718543588,18.3759115730,0.9000000000
2026-11-18,S02,K07,shared_ridge10,16.6913560577,10.5915624856,20.3934570309,0.9000000000
2026-11-18,S02,K08,shared_ridge10,16.9854603134,10.9259957574,19.7947561105,0.9000000000
2026-11-18,S03,K01,shared_ridge10,12.0368518623,6.4418862944,16.2026720314,0.9000000000
2026-11-18,S03,K02,shared_ridge10,11.6809495563,5.6264434386,15.5912671737,0.9000000000
2026-11-18,S03,K03,shared_ridge10,13.7219549202,7.9798199184,19.1036869482,0.9000000000
2026-11-18,S03,K04,shared_ridge10,13.1483125044,6.8784934447,16.4446096302,0.9000000000
2026-11-18,S03,K05,shared_ridge10,16.1101478042,10.6584395322,19.5891775147,0.9000000000
2026-11-18,S03,K06,shared_ridge10,15.3600788142,9.7718166480,19.2697157050,0.9000000000
2026-11-18,S03,K07,shared_ridge10,17.7690762650,11.2109695311,21.2447513742,0.9000000000
2026-11-18,S03,K08,shared_ridge10,17.3170665310,11.5905550101,21.7294047648,0.9000000000
2026-11-18,S04,K01,shared_ridge10,12.4306342457,7.2656670552,16.2967957972,0.9000000000
2026-11-18,S04,K02,shared_ridge10,12.0384625097,6.6268861098,15.6428376481,0.9000000000
2026-11-18,S04,K03,shared_ridge10,14.5664148495,9.3772088994,18.5944014550,0.9000000000
2026-11-18,S04,K04,shared_ridge10,14.0913176857,7.9320676538,17.8899381205,0.9000000000
2026-11-18,S04,K05,shared_ridge10,16.5916812476,11.2767766309,19.5448148074,0.9000000000
2026-11-18,S04,K06,shared_ridge10,15.9818404723,9.8489538472,19.3720501025,0.9000000000
2026-11-18,S04,K07,shared_ridge10,18.4892835188,13.3172781338,21.9817326120,0.9000000000
2026-11-18,S04,K08,shared_ridge10,18.4310561683,11.6610872449,21.4055715472,0.9000000000
2026-11-18,S05,K01,shared_ridge10,12.9228622250,7.2002765267,16.6652836018,0.9000000000
2026-11-18,S05,K02,shared_ridge10,12.7534884164,7.6769680640,16.9612624057,0.9000000000
2026-11-18,S05,K03,shared_ridge10,14.6388540534,8.8974964087,18.6414969718,0.9000000000
2026-11-18,S05,K04,shared_ridge10,14.2467287477,8.3708715458,18.2242318252,0.9000000000
2026-11-18,S05,K05,shared_ridge10,17.3065412336,10.8825925856,21.1574330216,0.9000000000
2026-11-18,S05,K06,shared_ridge10,16.6295088660,10.9251698224,20.5215902548,0.9000000000
2026-11-18,S05,K07,shared_ridge10,19.2094907727,13.1630506541,22.4766667268,0.9000000000
2026-11-18,S05,K08,shared_ridge10,19.0632065249,12.7710035855,23.5341052269,0.9000000000
2026-11-18,S06,K01,shared_ridge10,12.9435876136,7.1599908166,17.1776432224,0.9000000000
2026-11-18,S06,K02,shared_ridge10,13.1217029987,7.2751532140,17.1856070627,0.9000000000
2026-11-18,S06,K03,shared_ridge10,15.4316001674,10.0064219313,19.8423018599,0.9000000000
2026-11-18,S06,K04,shared_ridge10,14.8839757421,9.2411071810,19.6849237024,0.9000000000
2026-11-18,S06,K05,shared_ridge10,17.5500645497,11.1514371229,21.5228209153,0.9000000000
2026-11-18,S06,K06,shared_ridge10,17.3859855500,12.0641705396,21.4384704955,0.9000000000
2026-11-18,S06,K07,shared_ridge10,19.5773664204,12.2646537895,24.1902210277,0.9000000000
2026-11-18,S06,K08,shared_ridge10,19.1357973936,12.2710018022,21.9522191194,0.9000000000
2026-11-18,S07,K01,shared_ridge10,13.6482508260,8.2055781242,17.6838416022,0.9000000000
2026-11-18,S07,K02,shared_ridge10,12.9251507417,7.7805218144,16.8579412239,0.9000000000
2026-11-18,S07,K03,shared_ridge10,15.7632063850,10.1884810396,21.2447967688,0.9000000000
2026-11-18,S07,K04,shared_ridge10,15.1170776588,9.2311861857,19.2155244021,0.9000000000
2026-11-18,S07,K05,shared_ridge10,18.2858158450,12.8162283062,22.9409068305,0.9000000000
2026-11-18,S07,K06,shared_ridge10,17.6450529075,11.6274147016,22.0328575268,0.9000000000
2026-11-18,S07,K07,shared_ridge10,20.5514596846,12.2352056647,25.4545348235,0.9000000000
2026-11-18,S07,K08,shared_ridge10,20.1513934436,13.8265523156,24.8358986736,0.9000000000
2026-11-18,S08,K01,shared_ridge10,14.2854328514,8.8068838535,18.6190343712,0.9000000000
2026-11-18,S08,K02,shared_ridge10,13.4123668412,7.0144334081,17.7455652674,0.9000000000
2026-11-18,S08,K03,shared_ridge10,16.4006117407,10.6305291280,21.7900049021,0.9000000000
2026-11-18,S08,K04,shared_ridge10,15.8839170371,10.4411842049,19.9297765941,0.9000000000
2026-11-18,S08,K05,shared_ridge10,19.1096500419,12.7644378025,23.1530211497,0.9000000000
2026-11-18,S08,K06,shared_ridge10,18.0440166381,12.1998590760,23.0544290111,0.9000000000
2026-11-18,S08,K07,shared_ridge10,20.8456824552,14.2851804263,23.5244790950,0.9000000000
2026-11-18,S08,K08,shared_ridge10,21.1306680550,14.2507368217,25.5651216837,0.9000000000
2026-11-18,S09,K01,shared_ridge10,14.4613513063,9.2912792396,18.2192948875,0.9000000000
2026-11-18,S09,K02,shared_ridge10,14.0755792764,8.0250072057,18.8973321712,0.9000000000
2026-11-18,S09,K03,shared_ridge10,16.5509704643,11.3391317903,21.7330801580,0.9000000000
2026-11-18,S09,K04,shared_ridge10,16.2776994205,11.0661767600,21.2679280922,0.9000000000
2026-11-18,S09,K05,shared_ridge10,19.4049868294,13.1401117170,23.5484749146,0.9000000000
2026-11-18,S09,K06,shared_ridge10,18.8471254464,13.1330474893,22.0314984005,0.9000000000
2026-11-18,S09,K07,shared_ridge10,21.3108896817,15.5817552395,25.6852477088,0.9000000000
2026-11-18,S09,K08,shared_ridge10,21.8456939617,14.4027407219,26.3082460104,0.9000000000
2026-11-18,S10,K01,shared_ridge10,14.3730210565,9.3949777492,19.4287529913,0.9000000000
2026-11-18,S10,K02,shared_ridge10,14.3914719852,9.2147467511,19.1477011734,0.9000000000
2026-11-18,S10,K03,shared_ridge10,17.3748544892,11.9484218235,22.0402925459,0.9000000000
2026-11-18,S10,K04,shared_ridge10,16.4953160008,11.8536840568,21.1683551194,0.9000000000
2026-11-18,S10,K05,shared_ridge10,19.7106863113,14.2426019390,24.8767598358,0.9000000000
2026-11-18,S10,K06,shared_ridge10,19.7433200883,12.9720083593,23.6849221749,0.9000000000
2026-11-18,S10,K07,shared_ridge10,22.2274311188,14.3834596185,28.5403268435,0.9000000000
2026-11-18,S10,K08,shared_ridge10,21.8508233003,14.3441496965,25.7897567026,0.9000000000
2026-11-18,S11,K01,shared_ridge10,15.1346790876,9.2919558302,19.7876284198,0.9000000000
2026-11-18,S11,K02,shared_ridge10,15.1061589573,9.5463039423,19.6970850394,0.9000000000
2026-11-18,S11,K03,shared_ridge10,17.5976524167,12.8571357494,21.9668118417,0.9000000000
2026-11-18,S11,K04,shared_ridge10,17.4175957935,12.4772575199,20.7132019641,0.9000000000
2026-11-18,S11,K05,shared_ridge10,20.4982510782,14.1549158897,24.4995738179,0.9000000000
2026-11-18,S11,K06,shared_ridge10,19.7844140354,13.2535972860,25.8321039010,0.9000000000
2026-11-18,S11,K07,shared_ridge10,22.7766539167,15.4307976169,28.5826667433,0.9000000000
2026-11-18,S11,K08,shared_ridge10,22.9543982348,15.8243851810,28.4100096563,0.9000000000
2026-11-18,S12,K01,shared_ridge10,15.5129174296,10.4195750547,20.0455009407,0.9000000000
2026-11-18,S12,K02,shared_ridge10,15.3182552558,9.1238762510,19.0953701998,0.9000000000
2026-11-18,S12,K03,shared_ridge10,17.9499840229,12.1748594839,23.4116710827,0.9000000000
2026-11-18,S12,K04,shared_ridge10,17.6870258454,11.6488207594,23.0957287947,0.9000000000
2026-11-18,S12,K05,shared_ridge10,20.5966966740,13.7997195679,25.8236278974,0.9000000000
2026-11-18,S12,K06,shared_ridge10,20.3073732674,12.8084112032,24.8206948741,0.9000000000
2026-11-18,S12,K07,shared_ridge10,22.8238430495,15.9295979454,26.8109664465,0.9000000000
2026-11-18,S12,K08,shared_ridge10,23.5605898471,17.2098703965,28.0842240426,0.9000000000
2026-11-19,S01,K01,shared_ridge10,8.1083739220,3.1597704825,12.7966107342,0.9000000000
2026-11-19,S01,K02,shared_ridge10,7.6783438153,2.2797094581,11.6068067638,0.9000000000
2026-11-19,S01,K03,shared_ridge10,9.8245020337,4.0902091167,13.9457500990,0.9000000000
2026-11-19,S01,K04,shared_ridge10,9.5413800025,3.3919818604,13.0127356563,0.9000000000
2026-11-19,S01,K05,shared_ridge10,11.4632163808,6.3290586424,15.0814988819,0.9000000000
2026-11-19,S01,K06,shared_ridge10,10.9223945050,4.2083549498,15.1915270736,0.9000000000
2026-11-19,S01,K07,shared_ridge10,13.5142813880,6.5572076974,17.1962635511,0.9000000000
2026-11-19,S01,K08,shared_ridge10,12.8476648729,6.7049340779,17.0266359483,0.9000000000
2026-11-19,S02,K01,shared_ridge10,8.4969749583,3.0578845752,13.0317296102,0.9000000000
2026-11-19,S02,K02,shared_ridge10,7.7560640225,2.6307444434,11.0069917057,0.9000000000
2026-11-19,S02,K03,shared_ridge10,10.3581807902,5.3164871521,13.8745194806,0.9000000000
2026-11-19,S02,K04,shared_ridge10,9.8989516610,3.7383450409,14.2661168187,0.9000000000
2026-11-19,S02,K05,shared_ridge10,12.3233200078,6.3888133761,16.0549729676,0.9000000000
2026-11-19,S02,K06,shared_ridge10,11.4616114387,5.5516253252,14.8556825394,0.9000000000
2026-11-19,S02,K07,shared_ridge10,13.5816389009,7.4818453288,17.2837398741,0.9000000000
2026-11-19,S02,K08,shared_ridge10,13.5212400024,7.4617754464,16.3305357996,0.9000000000
2026-11-19,S03,K01,shared_ridge10,8.6161459427,3.0211803748,12.7819661119,0.9000000000
2026-11-19,S03,K02,shared_ridge10,8.6109863023,2.5564801846,12.5213039197,0.9000000000
2026-11-19,S03,K03,shared_ridge10,10.4565765580,4.7144415561,15.8383085860,0.9000000000
2026-11-19,S03,K04,shared_ridge10,10.1528670239,3.8830479642,13.4491641496,0.9000000000
2026-11-19,S03,K05,shared_ridge10,12.5250607051,7.0733524330,16.0040904156,0.9000000000
2026-11-19,S03,K06,shared_ridge10,11.8398497807,6.2515876144,15.7494866715,0.9000000000
2026-11-19,S03,K07,shared_ridge10,14.6593591082,8.1012523743,18.1350342174,0.9000000000
2026-11-19,S03,K08,shared_ridge10,13.8528462201,8.1263346991,18.2651844538,0.9000000000
2026-11-19,S04,K01,shared_ridge10,9.0099283261,3.8449611357,12.8760898777,0.9000000000
2026-11-19,S04,K02,shared_ridge10,8.9684992557,3.5569228558,12.5728743941,0.9000000000
2026-11-19,S04,K03,shared_ridge10,11.3010364873,6.1118305372,15.3290230927,0.9000000000
2026-11-19,S04,K04,shared_ridge10,11.0958722052,4.9366221732,14.8944926400,0.9000000000
2026-11-19,S04,K05,shared_ridge10,13.0065941485,7.6916895318,15.9597277083,0.9000000000
2026-11-19,S04,K06,shared_ridge10,12.4616114387,6.3287248136,15.8518210689,0.9000000000
2026-11-19,S04,K07,shared_ridge10,15.3795663621,10.2075609770,18.8720154553,0.9000000000
2026-11-19,S04,K08,shared_ridge10,14.9668358574,8.1968669339,17.9413512363,0.9000000000
2026-11-19,S05,K01,shared_ridge10,9.5021563054,3.7795706072,13.2445776822,0.9000000000
2026-11-19,S05,K02,shared_ridge10,9.6835251624,4.6070048100,13.8912991517,0.9000000000
2026-11-19,S05,K03,shared_ridge10,11.3734756912,5.6321180464,15.3761186095,0.9000000000
2026-11-19,S05,K04,shared_ridge10,11.2512832672,5.3754260652,15.2287863447,0.9000000000
2026-11-19,S05,K05,shared_ridge10,13.7214541345,7.2975054865,17.5723459225,0.9000000000
2026-11-19,S05,K06,shared_ridge10,13.1092798325,7.4049407888,17.0013612213,0.9000000000
2026-11-19,S05,K07,shared_ridge10,16.0997736160,10.0533334974,19.3669495700,0.9000000000
2026-11-19,S05,K08,shared_ridge10,15.5989862140,9.3067832745,20.0698849159,0.9000000000
2026-11-19,S06,K01,shared_ridge10,9.5228816940,3.7392848970,13.7569373028,0.9000000000
2026-11-19,S06,K02,shared_ridge10,10.0517397448,4.2051899600,14.1156438087,0.9000000000
2026-11-19,S06,K03,shared_ridge10,12.1662218052,6.7410435691,16.5769234976,0.9000000000
2026-11-19,S06,K04,shared_ridge10,11.8885302616,6.2456617005,16.6894782218,0.9000000000
2026-11-19,S06,K05,shared_ridge10,13.9649774505,7.5663500238,17.9377338162,0.9000000000
2026-11-19,S06,K06,shared_ridge10,13.8657565164,8.5439415061,17.9182414620,0.9000000000
2026-11-19,S06,K07,shared_ridge10,16.4676492636,9.1549366327,21.0805038710,0.9000000000
2026-11-19,S06,K08,shared_ridge10,15.6715770826,8.8067814912,18.4879988085,0.9000000000
2026-11-19,S07,K01,shared_ridge10,10.2275449065,4.7848722047,14.2631356827,0.9000000000
2026-11-19,S07,K02,shared_ridge10,9.8551874877,4.7105585604,13.7879779699,0.9000000000
2026-11-19,S07,K03,shared_ridge10,12.4978280228,6.9231026774,17.9794184065,0.9000000000
2026-11-19,S07,K04,shared_ridge10,12.1216321783,6.2357407052,16.2200789216,0.9000000000
2026-11-19,S07,K05,shared_ridge10,14.7007287459,9.2311412071,19.3558197314,0.9000000000
2026-11-19,S07,K06,shared_ridge10,14.1248238739,8.1071856680,18.5126284932,0.9000000000
2026-11-19,S07,K07,shared_ridge10,17.4417425279,9.1254885079,22.3448176668,0.9000000000
2026-11-19,S07,K08,shared_ridge10,16.6871731326,10.3623320046,21.3716783626,0.9000000000
2026-11-19,S08,K01,shared_ridge10,10.8647269318,5.3861779340,15.1983284516,0.9000000000
2026-11-19,S08,K02,shared_ridge10,10.3424035872,3.9444701541,14.6756020134,0.9000000000
2026-11-19,S08,K03,shared_ridge10,13.1352333785,7.3651507657,18.5246265399,0.9000000000
2026-11-19,S08,K04,shared_ridge10,12.8884715565,7.4457387244,16.9343311136,0.9000000000
2026-11-19,S08,K05,shared_ridge10,15.5245629428,9.1793507034,19.5679340506,0.9000000000
2026-11-19,S08,K06,shared_ridge10,14.5237876045,8.6796300424,19.5341999775,0.9000000000
2026-11-19,S08,K07,shared_ridge10,17.7359652984,11.1754632695,20.4147619382,0.9000000000
2026-11-19,S08,K08,shared_ridge10,17.6664477440,10.7865165107,22.1009013727,0.9000000000
2026-11-19,S09,K01,shared_ridge10,11.0406453867,5.8705733200,14.7985889679,0.9000000000
2026-11-19,S09,K02,shared_ridge10,11.0056160224,4.9550439517,15.8273689173,0.9000000000
2026-11-19,S09,K03,shared_ridge10,13.2855921020,8.0737534281,18.4677017958,0.9000000000
2026-11-19,S09,K04,shared_ridge10,13.2822539400,8.0707312795,18.2724826117,0.9000000000
2026-11-19,S09,K05,shared_ridge10,15.8198997303,9.5550246179,19.9633878154,0.9000000000
2026-11-19,S09,K06,shared_ridge10,15.3268964128,9.6128184558,18.5112693670,0.9000000000
2026-11-19,S09,K07,shared_ridge10,18.2011725249,12.4720380827,22.5755305520,0.9000000000
2026-11-19,S09,K08,shared_ridge10,18.3814736507,10.9385204110,22.8440256994,0.9000000000
2026-11-19,S10,K01,shared_ridge10,10.9523151370,5.9742718296,16.0080470717,0.9000000000
2026-11-19,S10,K02,shared_ridge10,11.3215087312,6.1447834971,16.0777379194,0.9000000000
2026-11-19,S10,K03,shared_ridge10,14.1094761270,8.6830434612,18.7749141836,0.9000000000
2026-11-19,S10,K04,shared_ridge10,13.4998705203,8.8582385763,18.1729096388,0.9000000000
2026-11-19,S10,K05,shared_ridge10,16.1255992122,10.6575148399,21.2916727367,0.9000000000
2026-11-19,S10,K06,shared_ridge10,16.2230910547,9.4517793258,20.1646931414,0.9000000000
2026-11-19,S10,K07,shared_ridge10,19.1177139620,11.2737424618,25.4306096867,0.9000000000
2026-11-19,S10,K08,shared_ridge10,18.3866029893,10.8799293855,22.3255363916,0.9000000000
2026-11-19,S11,K01,shared_ridge10,11.7139731681,5.8712499106,16.3669225003,0.9000000000
2026-11-19,S11,K02,shared_ridge10,12.0361957033,6.4763406883,16.6271217855,0.9000000000
2026-11-19,S11,K03,shared_ridge10,14.3322740545,9.5917573871,18.7014334795,0.9000000000
2026-11-19,S11,K04,shared_ridge10,14.4221503130,9.4818120393,17.7177564836,0.9000000000
2026-11-19,S11,K05,shared_ridge10,16.9131639790,10.5698287906,20.9144867187,0.9000000000
2026-11-19,S11,K06,shared_ridge10,16.2641850018,9.7333682525,22.3118748674,0.9000000000
2026-11-19,S11,K07,shared_ridge10,19.6669367599,12.3210804601,25.4729495865,0.9000000000
2026-11-19,S11,K08,shared_ridge10,19.4901779238,12.3601648700,24.9457893453,0.9000000000
2026-11-19,S12,K01,shared_ridge10,12.0922115100,6.9988691352,16.6247950211,0.9000000000
2026-11-19,S12,K02,shared_ridge10,12.2482920018,6.0539129971,16.0254069458,0.9000000000
2026-11-19,S12,K03,shared_ridge10,14.6846056607,8.9094811217,20.1462927204,0.9000000000
2026-11-19,S12,K04,shared_ridge10,14.6915803648,8.6533752789,20.1002833142,0.9000000000
2026-11-19,S12,K05,shared_ridge10,17.0116095749,10.2146324687,22.2385407983,0.9000000000
2026-11-19,S12,K06,shared_ridge10,16.7871442339,9.2881821697,21.3004658405,0.9000000000
2026-11-19,S12,K07,shared_ridge10,19.7141258928,12.8198807887,23.7012492897,0.9000000000
2026-11-19,S12,K08,shared_ridge10,20.0963695361,13.7456500855,24.6200037316,0.9000000000
2026-11-20,S01,K01,shared_ridge10,8.6078813368,3.6592778973,13.2961181490,0.9000000000
2026-11-20,S01,K02,shared_ridge10,7.9822964003,2.5836620432,11.9107593489,0.9000000000
2026-11-20,S01,K03,shared_ridge10,10.0256548538,4.2913619368,14.1469029191,0.9000000000
2026-11-20,S01,K04,shared_ridge10,9.6954005509,3.5460024087,13.1667562046,0.9000000000
2026-11-20,S01,K05,shared_ridge10,11.9422360751,6.8080783366,15.5605185762,0.9000000000
2026-11-20,S01,K06,shared_ridge10,11.5770827251,4.8630431699,15.8462152938,0.9000000000
2026-11-20,S01,K07,shared_ridge10,13.6131456750,6.6560719844,17.2951278382,0.9000000000
2026-11-20,S01,K08,shared_ridge10,13.1341870399,6.9914562449,17.3131581154,0.9000000000
2026-11-20,S02,K01,shared_ridge10,8.9964823731,3.5573919899,13.5312370250,0.9000000000
2026-11-20,S02,K02,shared_ridge10,8.0600166076,2.9346970285,11.3109442908,0.9000000000
2026-11-20,S02,K03,shared_ridge10,10.5593336103,5.5176399722,14.0756723007,0.9000000000
2026-11-20,S02,K04,shared_ridge10,10.0529722093,3.8923655892,14.4201373670,0.9000000000
2026-11-20,S02,K05,shared_ridge10,12.8023397020,6.8678330704,16.5339926619,0.9000000000
2026-11-20,S02,K06,shared_ridge10,12.1162996589,6.2063135454,15.5103707596,0.9000000000
2026-11-20,S02,K07,shared_ridge10,13.6805031880,7.5807096159,17.3826041612,0.9000000000
2026-11-20,S02,K08,shared_ridge10,13.8077621695,7.7482976134,16.6170579666,0.9000000000
2026-11-20,S03,K01,shared_ridge10,9.1156533575,3.5206877896,13.2814735267,0.9000000000
2026-11-20,S03,K02,shared_ridge10,8.9149388874,2.8604327697,12.8252565048,0.9000000000
2026-11-20,S03,K03,shared_ridge10,10.6577293781,4.9155943762,16.0394614061,0.9000000000
2026-11-20,S03,K04,shared_ridge10,10.3068875722,4.0370685125,13.6031846980,0.9000000000
2026-11-20,S03,K05,shared_ridge10,13.0040803993,7.5523721273,16.4831101098,0.9000000000
2026-11-20,S03,K06,shared_ridge10,12.4945380009,6.9062758346,16.4041748917,0.9000000000
2026-11-20,S03,K07,shared_ridge10,14.7582233952,8.2001166614,18.2338985045,0.9000000000
2026-11-20,S03,K08,shared_ridge10,14.1393683871,8.4128568661,18.5517066208,0.9000000000
2026-11-20,S04,K01,shared_ridge10,9.5094357409,4.3444685505,13.3755972925,0.9000000000
2026-11-20,S04,K02,shared_ridge10,9.2724518408,3.8608754409,12.8768269792,0.9000000000
2026-11-20,S04,K03,shared_ridge10,11.5021893074,6.3129833573,15.5301759128,0.9000000000
2026-11-20,S04,K04,shared_ridge10,11.2498927535,5.0906427215,15.0485131883,0.9000000000
2026-11-20,S04,K05,shared_ridge10,13.4856138427,8.1707092260,16.4387474025,0.9000000000
2026-11-20,S04,K06,shared_ridge10,13.1162996589,6.9834130338,16.5065092891,0.9000000000
2026-11-20,S04,K07,shared_ridge10,15.4784306491,10.3064252641,18.9708797423,0.9000000000
2026-11-20,S04,K08,shared_ridge10,15.2533580244,8.4833891009,18.2278734033,0.9000000000
2026-11-20,S05,K01,shared_ridge10,10.0016637202,4.2790780220,13.7440850970,0.9000000000
2026-11-20,S05,K02,shared_ridge10,9.9874777475,4.9109573951,14.1952517367,0.9000000000
2026-11-20,S05,K03,shared_ridge10,11.5746285113,5.8332708665,15.5772714296,0.9000000000
2026-11-20,S05,K04,shared_ridge10,11.4053038155,5.5294466136,15.3828068930,0.9000000000
2026-11-20,S05,K05,shared_ridge10,14.2004738287,7.7765251807,18.0513656167,0.9000000000
2026-11-20,S05,K06,shared_ridge10,13.7639680527,8.0596290090,17.6560494415,0.9000000000
2026-11-20,S05,K07,shared_ridge10,16.1986379030,10.1521977844,19.4658138571,0.9000000000
2026-11-20,S05,K08,shared_ridge10,15.8855083810,9.5933054416,20.3564070829,0.9000000000
2026-11-20,S06,K01,shared_ridge10,10.0223891088,4.2387923118,14.2564447176,0.9000000000
2026-11-20,S06,K02,shared_ridge10,10.3556923298,4.5091425450,14.4195963938,0.9000000000
2026-11-20,S06,K03,shared_ridge10,12.3673746253,6.9421963892,16.7780763177,0.9000000000
2026-11-20,S06,K04,shared_ridge10,12.0425508099,6.3996822488,16.8434987701,0.9000000000
2026-11-20,S06,K05,shared_ridge10,14.4439971448,8.0453697180,18.4167535105,0.9000000000
2026-11-20,S06,K06,shared_ridge10,14.5204447366,9.1986297263,18.5729296822,0.9000000000
2026-11-20,S06,K07,shared_ridge10,16.5665135507,9.2538009198,21.1793681580,0.9000000000
2026-11-20,S06,K08,shared_ridge10,15.9580992496,9.0933036582,18.7745209755,0.9000000000
2026-11-20,S07,K01,shared_ridge10,10.7270523213,5.2843796195,14.7626430975,0.9000000000
2026-11-20,S07,K02,shared_ridge10,10.1591400728,5.0145111455,14.0919305549,0.9000000000
2026-11-20,S07,K03,shared_ridge10,12.6989808429,7.1242554975,18.1805712266,0.9000000000
2026-11-20,S07,K04,shared_ridge10,12.2756527266,6.3897612535,16.3740994699,0.9000000000
2026-11-20,S07,K05,shared_ridge10,15.1797484401,9.7101609013,19.8348394256,0.9000000000
2026-11-20,S07,K06,shared_ridge10,14.7795120941,8.7618738882,19.1673167134,0.9000000000
2026-11-20,S07,K07,shared_ridge10,17.5406068149,9.2243527950,22.4436819538,0.9000000000
2026-11-20,S07,K08,shared_ridge10,16.9736952996,10.6488541717,21.6582005296,0.9000000000
2026-11-20,S08,K01,shared_ridge10,11.3642343466,5.8856853487,15.6978358664,0.9000000000
2026-11-20,S08,K02,shared_ridge10,10.6463561723,4.2484227392,14.9795545985,0.9000000000
2026-11-20,S08,K03,shared_ridge10,13.3363861986,7.5663035858,18.7257793600,0.9000000000
2026-11-20,S08,K04,shared_ridge10,13.0424921049,7.5997592727,17.0883516619,0.9000000000
2026-11-20,S08,K05,shared_ridge10,16.0035826370,9.6583703976,20.0469537448,0.9000000000
2026-11-20,S08,K06,shared_ridge10,15.1784758247,9.3343182626,20.1888881977,0.9000000000
2026-11-20,S08,K07,shared_ridge10,17.8348295855,11.2743275566,20.5136262253,0.9000000000
2026-11-20,S08,K08,shared_ridge10,17.9529699110,11.0730386778,22.3874235397,0.9000000000
2026-11-20,S09,K01,shared_ridge10,11.5401528015,6.3700807348,15.2980963827,0.9000000000
2026-11-20,S09,K02,shared_ridge10,11.3095686075,5.2589965368,16.1313215023,0.9000000000
2026-11-20,S09,K03,shared_ridge10,13.4867449221,8.2749062482,18.6688546159,0.9000000000
2026-11-20,S09,K04,shared_ridge10,13.4362744883,8.2247518278,18.4265031600,0.9000000000
2026-11-20,S09,K05,shared_ridge10,16.2989194245,10.0340443121,20.4424075097,0.9000000000
2026-11-20,S09,K06,shared_ridge10,15.9815846330,10.2675066760,19.1659575871,0.9000000000
2026-11-20,S09,K07,shared_ridge10,18.3000368120,12.5709023698,22.6743948391,0.9000000000
2026-11-20,S09,K08,shared_ridge10,18.6679958177,11.2250425780,23.1305478664,0.9000000000
2026-11-20,S10,K01,shared_ridge10,11.4518225518,6.4737792444,16.5075544865,0.9000000000
2026-11-20,S10,K02,shared_ridge10,11.6254613163,6.4487360822,16.3816905044,0.9000000000
2026-11-20,S10,K03,shared_ridge10,14.3106289471,8.8841962813,18.9760670037,0.9000000000
2026-11-20,S10,K04,shared_ridge10,13.6538910686,9.0122591246,18.3269301872,0.9000000000
2026-11-20,S10,K05,shared_ridge10,16.6046189064,11.1365345341,21.7706924309,0.9000000000
2026-11-20,S10,K06,shared_ridge10,16.8777792749,10.1064675459,20.8193813616,0.9000000000
2026-11-20,S10,K07,shared_ridge10,19.2165782490,11.3726067488,25.5294739738,0.9000000000
2026-11-20,S10,K08,shared_ridge10,18.6731251564,11.1664515525,22.6120585587,0.9000000000
2026-11-20,S11,K01,shared_ridge10,12.2134805829,6.3707573254,16.8664299151,0.9000000000
2026-11-20,S11,K02,shared_ridge10,12.3401482884,6.7802932733,16.9310743705,0.9000000000
2026-11-20,S11,K03,shared_ridge10,14.5334268746,9.7929102072,18.9025862996,0.9000000000
2026-11-20,S11,K04,shared_ridge10,14.5761708613,9.6358325877,17.8717770319,0.9000000000
2026-11-20,S11,K05,shared_ridge10,17.3921836733,11.0488484848,21.3935064130,0.9000000000
2026-11-20,S11,K06,shared_ridge10,16.9188732220,10.3880564726,22.9665630876,0.9000000000
2026-11-20,S11,K07,shared_ridge10,19.7658010470,12.4199447472,25.5718138736,0.9000000000
2026-11-20,S11,K08,shared_ridge10,19.7767000908,12.6466870370,25.2323115123,0.9000000000
2026-11-20,S12,K01,shared_ridge10,12.5917189248,7.4983765500,17.1243024359,0.9000000000
2026-11-20,S12,K02,shared_ridge10,12.5522445869,6.3578655821,16.3293595309,0.9000000000
2026-11-20,S12,K03,shared_ridge10,14.8857584808,9.1106339418,20.3474455405,0.9000000000
2026-11-20,S12,K04,shared_ridge10,14.8456009131,8.8073958272,20.2543038625,0.9000000000
2026-11-20,S12,K05,shared_ridge10,17.4906292691,10.6936521630,22.7175604925,0.9000000000
2026-11-20,S12,K06,shared_ridge10,17.4418324541,9.9428703899,21.9551540607,0.9000000000
2026-11-20,S12,K07,shared_ridge10,19.8129901798,12.9187450757,23.8001135768,0.9000000000
2026-11-20,S12,K08,shared_ridge10,20.3828917031,14.0321722525,24.9065258986,0.9000000000
2026-11-21,S01,K01,shared_ridge10,10.8644454014,5.9158419618,15.5526822136,0.9000000000
2026-11-21,S01,K02,shared_ridge10,10.3616545931,4.9630202360,14.2901175416,0.9000000000
2026-11-21,S01,K03,shared_ridge10,12.8798362848,7.1455433677,17.0010843501,0.9000000000
2026-11-21,S01,K04,shared_ridge10,12.5447306210,6.3953324788,16.0160862747,0.9000000000
2026-11-21,S01,K05,shared_ridge10,15.5024910410,10.3683333025,19.1207735421,0.9000000000
2026-11-21,S01,K06,shared_ridge10,15.0005662637,8.2865267084,19.2696988323,0.9000000000
2026-11-21,S01,K07,shared_ridge10,17.3662084298,10.4091347392,21.0481905929,0.9000000000
2026-11-21,S01,K08,shared_ridge10,16.8095653999,10.6668346049,20.9885364753,0.9000000000
2026-11-21,S02,K01,shared_ridge10,11.2530464376,5.8139560545,15.7878010896,0.9000000000
2026-11-21,S02,K02,shared_ridge10,10.4393748004,5.3140552212,13.6903024835,0.9000000000
2026-11-21,S02,K03,shared_ridge10,13.4135150413,8.3718214032,16.9298537317,0.9000000000
2026-11-21,S02,K04,shared_ridge10,12.9023022794,6.7416956593,17.2694674371,0.9000000000
2026-11-21,S02,K05,shared_ridge10,16.3625946679,10.4280880363,20.0942476278,0.9000000000
2026-11-21,S02,K06,shared_ridge10,15.5397831974,9.6297970839,18.9338542981,0.9000000000
2026-11-21,S02,K07,shared_ridge10,17.4335659428,11.3337723706,21.1356669159,0.9000000000
2026-11-21,S02,K08,shared_ridge10,17.4831405294,11.4236759734,20.2924363265,0.9000000000
2026-11-21,S03,K01,shared_ridge10,11.3722174221,5.7772518541,15.5380375912,0.9000000000
2026-11-21,S03,K02,shared_ridge10,11.2942970802,5.2397909625,15.2046146976,0.9000000000
2026-11-21,S03,K03,shared_ridge10,13.5119108090,7.7697758072,18.8936428370,0.9000000000
2026-11-21,S03,K04,shared_ridge10,13.1562176423,6.8863985826,16.4525147681,0.9000000000
2026-11-21,S03,K05,shared_ridge10,16.5643353652,11.1126270932,20.0433650758,0.9000000000
2026-11-21,S03,K06,shared_ridge10,15.9180215394,10.3297593731,19.8276584302,0.9000000000
2026-11-21,S03,K07,shared_ridge10,18.5112861500,11.9531794162,21.9869612593,0.9000000000
2026-11-21,S03,K08,shared_ridge10,17.8147467470,12.0882352261,22.2270849808,0.9000000000
2026-11-21,S04,K01,shared_ridge10,11.7659998055,6.6010326150,15.6321613570,0.9000000000
2026-11-21,S04,K02,shared_ridge10,11.6518100335,6.2402336336,15.2561851720,0.9000000000
2026-11-21,S04,K03,shared_ridge10,14.3563707383,9.1671647883,18.3843573438,0.9000000000
2026-11-21,S04,K04,shared_ridge10,14.0992228236,7.9399727917,17.8978432584,0.9000000000
2026-11-21,S04,K05,shared_ridge10,17.0458688087,11.7309641920,19.9990023684,0.9000000000
2026-11-21,S04,K06,shared_ridge10,16.5397831974,10.4068965723,19.9299928276,0.9000000000
2026-11-21,S04,K07,shared_ridge10,19.2314934039,14.0594880188,22.7239424971,0.9000000000
2026-11-21,S04,K08,shared_ridge10,18.9287363843,12.1587674609,21.9032517632,0.9000000000
2026-11-21,S05,K01,shared_ridge10,12.2582277848,6.5356420865,16.0006491616,0.9000000000
2026-11-21,S05,K02,shared_ridge10,12.3668359403,7.2903155878,16.5746099295,0.9000000000
2026-11-21,S05,K03,shared_ridge10,14.4288099422,8.6874522975,18.4314528606,0.9000000000
2026-11-21,S05,K04,shared_ridge10,14.2546338856,8.3787766837,18.2321369631,0.9000000000
2026-11-21,S05,K05,shared_ridge10,17.7607287946,11.3367801467,21.6116205827,0.9000000000
2026-11-21,S05,K06,shared_ridge10,17.1874515912,11.4831125475,21.0795329800,0.9000000000
2026-11-21,S05,K07,shared_ridge10,19.9517006578,13.9052605392,23.2188766119,0.9000000000
2026-11-21,S05,K08,shared_ridge10,19.5608867409,13.2686838015,24.0317854429,0.9000000000
2026-11-21,S06,K01,shared_ridge10,12.2789531734,6.4953563764,16.5130087821,0.9000000000
2026-11-21,S06,K02,shared_ridge10,12.7350505226,6.8885007378,16.7989545865,0.9000000000
2026-11-21,S06,K03,shared_ridge10,15.2215560562,9.7963778201,19.6322577487,0.9000000000
2026-11-21,S06,K04,shared_ridge10,14.8918808800,9.2490123189,19.6928288403,0.9000000000
2026-11-21,S06,K05,shared_ridge10,18.0042521107,11.6056246839,21.9770084764,0.9000000000
2026-11-21,S06,K06,shared_ridge10,17.9439282751,12.6221132648,21.9964132207,0.9000000000
2026-11-21,S06,K07,shared_ridge10,20.3195763055,13.0068636746,24.9324309128,0.9000000000
2026-11-21,S06,K08,shared_ridge10,19.6334776096,12.7686820182,22.4498993354,0.9000000000
2026-11-21,S07,K01,shared_ridge10,12.9836163858,7.5409436840,17.0192071620,0.9000000000
2026-11-21,S07,K02,shared_ridge10,12.5384982656,7.3938693383,16.4712887477,0.9000000000
2026-11-21,S07,K03,shared_ridge10,15.5531622739,9.9784369284,21.0347526576,0.9000000000
2026-11-21,S07,K04,shared_ridge10,15.1249827967,9.2390913236,19.2234295400,0.9000000000
2026-11-21,S07,K05,shared_ridge10,18.7400034060,13.2704158673,23.3950943916,0.9000000000
2026-11-21,S07,K06,shared_ridge10,18.2029956326,12.1853574267,22.5908002519,0.9000000000
2026-11-21,S07,K07,shared_ridge10,21.2936695697,12.9774155497,26.1967447086,0.9000000000
2026-11-21,S07,K08,shared_ridge10,20.6490736596,14.3242325316,25.3335788896,0.9000000000
2026-11-21,S08,K01,shared_ridge10,13.6207984112,8.1422494133,17.9543999309,0.9000000000
2026-11-21,S08,K02,shared_ridge10,13.0257143650,6.6277809320,17.3589127912,0.9000000000
2026-11-21,S08,K03,shared_ridge10,16.1905676295,10.4204850168,21.5799607909,0.9000000000
2026-11-21,S08,K04,shared_ridge10,15.8918221750,10.4490893428,19.9376817320,0.9000000000
2026-11-21,S08,K05,shared_ridge10,19.5638376029,13.2186253635,23.6072087108,0.9000000000
2026-11-21,S08,K06,shared_ridge10,18.6019593632,12.7578018011,23.6123717362,0.9000000000
2026-11-21,S08,K07,shared_ridge10,21.5878923403,15.0273903114,24.2666889800,0.9000000000
2026-11-21,S08,K08,shared_ridge10,21.6283482710,14.7484170377,26.0628018997,0.9000000000
2026-11-21,S09,K01,shared_ridge10,13.7967168661,8.6266447994,17.5546604473,0.9000000000
2026-11-21,S09,K02,shared_ridge10,13.6889268003,7.6383547295,18.5106796951,0.9000000000
2026-11-21,S09,K03,shared_ridge10,16.3409263531,11.1290876791,21.5230360469,0.9000000000
2026-11-21,S09,K04,shared_ridge10,16.2856045584,11.0740818979,21.2758332301,0.9000000000
2026-11-21,S09,K05,shared_ridge10,19.8591743905,13.5942992780,24.0026624756,0.9000000000
2026-11-21,S09,K06,shared_ridge10,19.4050681715,13.6909902145,22.5894411257,0.9000000000
2026-11-21,S09,K07,shared_ridge10,22.0530995667,16.3239651245,26.4274575938,0.9000000000
2026-11-21,S09,K08,shared_ridge10,22.3433741777,14.9004209379,26.8059262264,0.9000000000
2026-11-21,S10,K01,shared_ridge10,13.7083866163,8.7303433090,18.7641185510,0.9000000000
2026-11-21,S10,K02,shared_ridge10,14.0048195091,8.8280942750,18.7610486972,0.9000000000
2026-11-21,S10,K03,shared_ridge10,17.1648103781,11.7383777123,21.8302484347,0.9000000000
2026-11-21,S10,K04,shared_ridge10,16.5032211387,11.8615891947,21.1762602573,0.9000000000
2026-11-21,S10,K05,shared_ridge10,20.1648738724,14.6967895001,25.3309473969,0.9000000000
2026-11-21,S10,K06,shared_ridge10,20.3012628134,13.5299510844,24.2428649001,0.9000000000
2026-11-21,S10,K07,shared_ridge10,22.9696410038,15.1256695036,29.2825367286,0.9000000000
2026-11-21,S10,K08,shared_ridge10,22.3485035163,14.8418299125,26.2874369186,0.9000000000
2026-11-21,S11,K01,shared_ridge10,14.4700446474,8.6273213900,19.1229939796,0.9000000000
2026-11-21,S11,K02,shared_ridge10,14.7195064812,9.1596514661,19.3104325633,0.9000000000
2026-11-21,S11,K03,shared_ridge10,17.3876083055,12.6470916382,21.7567677305,0.9000000000
2026-11-21,S11,K04,shared_ridge10,17.4255009314,12.4851626578,20.7211071020,0.9000000000
2026-11-21,S11,K05,shared_ridge10,20.9524386392,14.6091034508,24.9537613789,0.9000000000
2026-11-21,S11,K06,shared_ridge10,20.3423567605,13.8115400111,26.3900466261,0.9000000000
2026-11-21,S11,K07,shared_ridge10,23.5188638018,16.1730075020,29.3248766284,0.9000000000
2026-11-21,S11,K08,shared_ridge10,23.4520784508,16.3220653970,28.9076898723,0.9000000000
2026-11-21,S12,K01,shared_ridge10,14.8482829894,9.7549406145,19.3808665005,0.9000000000
2026-11-21,S12,K02,shared_ridge10,14.9316027797,8.7372237749,18.7087177237,0.9000000000
2026-11-21,S12,K03,shared_ridge10,17.7399399117,11.9648153728,23.2016269715,0.9000000000
2026-11-21,S12,K04,shared_ridge10,17.6949309833,11.6567258973,23.1036339326,0.9000000000
2026-11-21,S12,K05,shared_ridge10,21.0508842350,14.2539071289,26.2778154585,0.9000000000
2026-11-21,S12,K06,shared_ridge10,20.8653159926,13.3663539284,25.3786375992,0.9000000000
2026-11-21,S12,K07,shared_ridge10,23.5660529346,16.6718078305,27.5531763315,0.9000000000
2026-11-21,S12,K08,shared_ridge10,24.0582700631,17.7075506125,28.5819042586,0.9000000000
2026-11-22,S01,K01,shared_ridge10,10.9082534871,5.9596500476,15.5964902994,0.9000000000
2026-11-22,S01,K02,shared_ridge10,10.3120043905,4.9133700333,14.2404673390,0.9000000000
2026-11-22,S01,K03,shared_ridge10,12.5975756024,6.8632826853,16.7188236676,0.9000000000
2026-11-22,S01,K04,shared_ridge10,12.6473571117,6.4979589696,16.1187127655,0.9000000000
2026-11-22,S01,K05,shared_ridge10,15.3476570071,10.2134992687,18.9659395082,0.9000000000
2026-11-22,S01,K06,shared_ridge10,14.8176289811,8.1035894259,19.0867615497,0.9000000000
2026-11-22,S01,K07,shared_ridge10,17.1706481191,10.2135744285,20.8526302822,0.9000000000
2026-11-22,S01,K08,shared_ridge10,17.2415205265,11.0987897315,21.4204916019,0.9000000000
2026-11-22,S02,K01,shared_ridge10,11.2968545234,5.8577641403,15.8316091754,0.9000000000
2026-11-22,S02,K02,shared_ridge10,10.3897245977,5.2644050186,13.6406522809,0.9000000000
2026-11-22,S02,K03,shared_ridge10,13.1312543588,8.0895607208,16.6475930493,0.9000000000
2026-11-22,S02,K04,shared_ridge10,13.0049287702,6.8443221501,17.3720939279,0.9000000000
2026-11-22,S02,K05,shared_ridge10,16.2077606341,10.2732540024,19.9394135939,0.9000000000
2026-11-22,S02,K06,shared_ridge10,15.3568459149,9.4468598014,18.7509170156,0.9000000000
2026-11-22,S02,K07,shared_ridge10,17.2380056321,11.1382120599,20.9401066052,0.9000000000
2026-11-22,S02,K08,shared_ridge10,17.9150956560,11.8556311000,20.7243914531,0.9000000000
2026-11-22,S03,K01,shared_ridge10,11.4160255079,5.8210599399,15.5818456770,0.9000000000
2026-11-22,S03,K02,shared_ridge10,11.2446468775,5.1901407598,15.1549644949,0.9000000000
2026-11-22,S03,K03,shared_ridge10,13.2296501266,7.4875151248,18.6113821546,0.9000000000
2026-11-22,S03,K04,shared_ridge10,13.2588441331,6.9890250734,16.5551412589,0.9000000000
2026-11-22,S03,K05,shared_ridge10,16.4095013314,10.9577930593,19.8885310419,0.9000000000
2026-11-22,S03,K06,shared_ridge10,15.7350842568,10.1468220906,19.6447211476,0.9000000000
2026-11-22,S03,K07,shared_ridge10,18.3157258393,11.7576191055,21.7914009486,0.9000000000
2026-11-22,S03,K08,shared_ridge10,18.2467018736,12.5201903527,22.6590401074,0.9000000000
2026-11-22,S04,K01,shared_ridge10,11.8098078913,6.6448407008,15.6759694428,0.9000000000
2026-11-22,S04,K02,shared_ridge10,11.6021598309,6.1905834310,15.2065349693,0.9000000000
2026-11-22,S04,K03,shared_ridge10,14.0741100559,8.8849041058,18.1020966614,0.9000000000
2026-11-22,S04,K04,shared_ridge10,14.2018493144,8.0425992824,18.0004697492,0.9000000000
2026-11-22,S04,K05,shared_ridge10,16.8910347748,11.5761301581,19.8441683346,0.9000000000
2026-11-22,S04,K06,shared_ridge10,16.3568459149,10.2239592898,19.7470555451,0.9000000000
2026-11-22,S04,K07,shared_ridge10,19.0359330932,13.8639277082,22.5283821864,0.9000000000
2026-11-22,S04,K08,shared_ridge10,19.3606915109,12.5907225875,22.3352068898,0.9000000000
2026-11-22,S05,K01,shared_ridge10,12.3020358706,6.5794501723,16.0444572474,0.9000000000
2026-11-22,S05,K02,shared_ridge10,12.3171857376,7.2406653852,16.5249597269,0.9000000000
2026-11-22,S05,K03,shared_ridge10,14.1465492598,8.4051916151,18.1491921781,0.9000000000
2026-11-22,S05,K04,shared_ridge10,14.3572603764,8.4814031744,18.3347634539,0.9000000000
2026-11-22,S05,K05,shared_ridge10,17.6058947608,11.1819461128,21.4567865488,0.9000000000
2026-11-22,S05,K06,shared_ridge10,17.0045143086,11.3001752650,20.8965956975,0.9000000000
2026-11-22,S05,K07,shared_ridge10,19.7561403471,13.7097002285,23.0233163012,0.9000000000
2026-11-22,S05,K08,shared_ridge10,19.9928418675,13.7006389281,24.4637405695,0.9000000000
2026-11-22,S06,K01,shared_ridge10,12.3227612592,6.5391644622,16.5568168679,0.9000000000
2026-11-22,S06,K02,shared_ridge10,12.6854003200,6.8388505352,16.7493043839,0.9000000000
2026-11-22,S06,K03,shared_ridge10,14.9392953738,9.5141171377,19.3499970663,0.9000000000
2026-11-22,S06,K04,shared_ridge10,14.9945073708,9.3516388097,19.7954553310,0.9000000000
2026-11-22,S06,K05,shared_ridge10,17.8494180768,11.4507906501,21.8221744425,0.9000000000
2026-11-22,S06,K06,shared_ridge10,17.7609909926,12.4391759822,21.8134759381,0.9000000000
2026-11-22,S06,K07,shared_ridge10,20.1240159948,12.8113033639,24.7368706021,0.9000000000
2026-11-22,S06,K08,shared_ridge10,20.0654327362,13.2006371448,22.8818544620,0.9000000000
2026-11-22,S07,K01,shared_ridge10,13.0274244716,7.5847517698,17.0630152478,0.9000000000
2026-11-22,S07,K02,shared_ridge10,12.4888480629,7.3442191356,16.4216385451,0.9000000000
2026-11-22,S07,K03,shared_ridge10,15.2709015914,9.6961762460,20.7524919752,0.9000000000
2026-11-22,S07,K04,shared_ridge10,15.2276092875,9.3417178144,19.3260560308,0.9000000000
2026-11-22,S07,K05,shared_ridge10,18.5851693722,13.1155818334,23.2402603577,0.9000000000
2026-11-22,S07,K06,shared_ridge10,18.0200583501,12.0024201442,22.4078629694,0.9000000000
2026-11-22,S07,K07,shared_ridge10,21.0981092590,12.7818552390,26.0011843979,0.9000000000
2026-11-22,S07,K08,shared_ridge10,21.0810287862,14.7561876582,25.7655340162,0.9000000000
2026-11-22,S08,K01,shared_ridge10,13.6646064970,8.1860574991,17.9982080167,0.9000000000
2026-11-22,S08,K02,shared_ridge10,12.9760641624,6.5781307293,17.3092625886,0.9000000000
2026-11-22,S08,K03,shared_ridge10,15.9083069471,10.1382243344,21.2977001085,0.9000000000
2026-11-22,S08,K04,shared_ridge10,15.9944486657,10.5517158336,20.0403082228,0.9000000000
2026-11-22,S08,K05,shared_ridge10,19.4090035691,13.0637913297,23.4523746769,0.9000000000
2026-11-22,S08,K06,shared_ridge10,18.4190220807,12.5748645186,23.4294344537,0.9000000000
2026-11-22,S08,K07,shared_ridge10,21.3923320296,14.8318300007,24.0711286694,0.9000000000
2026-11-22,S08,K08,shared_ridge10,22.0603033976,15.1803721643,26.4947570263,0.9000000000
2026-11-22,S09,K01,shared_ridge10,13.8405249519,8.6704528851,17.5984685331,0.9000000000
2026-11-22,S09,K02,shared_ridge10,13.6392765976,7.5887045269,18.4610294924,0.9000000000
2026-11-22,S09,K03,shared_ridge10,16.0586656706,10.8468269967,21.2407753644,0.9000000000
2026-11-22,S09,K04,shared_ridge10,16.3882310492,11.1767083887,21.3784597209,0.9000000000
2026-11-22,S09,K05,shared_ridge10,19.7043403566,13.4394652442,23.8478284417,0.9000000000
2026-11-22,S09,K06,shared_ridge10,19.2221308890,13.5080529319,22.4065038431,0.9000000000
2026-11-22,S09,K07,shared_ridge10,21.8575392561,16.1284048139,26.2318972831,0.9000000000
2026-11-22,S09,K08,shared_ridge10,22.7753293043,15.3323760645,27.2378813530,0.9000000000
2026-11-22,S10,K01,shared_ridge10,13.7521947021,8.7741513947,18.8079266368,0.9000000000
2026-11-22,S10,K02,shared_ridge10,13.9551693064,8.7784440723,18.7113984946,0.9000000000
2026-11-22,S10,K03,shared_ridge10,16.8825496956,11.4561170299,21.5479877523,0.9000000000
2026-11-22,S10,K04,shared_ridge10,16.6058476295,11.9642156855,21.2788867480,0.9000000000
2026-11-22,S10,K05,shared_ridge10,20.0100398385,14.5419554662,25.1761133630,0.9000000000
2026-11-22,S10,K06,shared_ridge10,20.1183255309,13.3470138019,24.0599276175,0.9000000000
2026-11-22,S10,K07,shared_ridge10,22.7740806931,14.9301091929,29.0869764179,0.9000000000
2026-11-22,S10,K08,shared_ridge10,22.7804586429,15.2737850391,26.7193920452,0.9000000000
2026-11-22,S11,K01,shared_ridge10,14.5138527332,8.6711294758,19.1668020654,0.9000000000
2026-11-22,S11,K02,shared_ridge10,14.6698562785,9.1100012635,19.2607823607,0.9000000000
2026-11-22,S11,K03,shared_ridge10,17.1053476231,12.3648309558,21.4745070481,0.9000000000
2026-11-22,S11,K04,shared_ridge10,17.5281274222,12.5877891486,20.8237335928,0.9000000000
2026-11-22,S11,K05,shared_ridge10,20.7976046053,14.4542694169,24.7989273450,0.9000000000
2026-11-22,S11,K06,shared_ridge10,20.1594194780,13.6286027286,26.2071093436,0.9000000000
2026-11-22,S11,K07,shared_ridge10,23.3233034911,15.9774471913,29.1293163177,0.9000000000
2026-11-22,S11,K08,shared_ridge10,23.8840335774,16.7540205236,29.3396449989,0.9000000000
2026-11-22,S12,K01,shared_ridge10,14.8920910752,9.7987487003,19.4246745862,0.9000000000
2026-11-22,S12,K02,shared_ridge10,14.8819525770,8.6875735723,18.6590675210,0.9000000000
2026-11-22,S12,K03,shared_ridge10,17.4576792293,11.6825546903,22.9193662890,0.9000000000
2026-11-22,S12,K04,shared_ridge10,17.7975574740,11.7593523881,23.2062604234,0.9000000000
2026-11-22,S12,K05,shared_ridge10,20.8960502012,14.0990730950,26.1229814246,0.9000000000
2026-11-22,S12,K06,shared_ridge10,20.6823787100,13.1834166458,25.1957003167,0.9000000000
2026-11-22,S12,K07,shared_ridge10,23.3704926239,16.4762475198,27.3576160208,0.9000000000
2026-11-22,S12,K08,shared_ridge10,24.4902251897,18.1395057391,29.0138593852,0.9000000000
2026-11-23,S01,K01,shared_ridge10,8.2501240912,3.3015206517,12.9383609035,0.9000000000
2026-11-23,S01,K02,shared_ridge10,7.2531389928,1.8545046356,11.1816019413,0.9000000000
2026-11-23,S01,K03,shared_ridge10,9.8557174567,4.1214245396,13.9769655219,0.9000000000
2026-11-23,S01,K04,shared_ridge10,9.4704804969,3.3210823548,12.9418361507,0.9000000000
2026-11-23,S01,K05,shared_ridge10,11.8386862568,6.7045285183,15.4569687579,0.9000000000
2026-11-23,S01,K06,shared_ridge10,11.1096331017,4.3955935464,15.3787656703,0.9000000000
2026-11-23,S01,K07,shared_ridge10,13.6244899906,6.6674163000,17.3064721537,0.9000000000
2026-11-23,S01,K08,shared_ridge10,13.1113638518,6.9686330568,17.2903349273,0.9000000000
2026-11-23,S02,K01,shared_ridge10,8.6387251275,3.1996347444,13.1734797795,0.9000000000
2026-11-23,S02,K02,shared_ridge10,7.3308592000,2.2055396209,10.5817868832,0.9000000000
2026-11-23,S02,K03,shared_ridge10,10.3893962131,5.3477025751,13.9057349036,0.9000000000
2026-11-23,S02,K04,shared_ridge10,9.8280521554,3.6674455353,14.1952173131,0.9000000000
2026-11-23,S02,K05,shared_ridge10,12.6987898837,6.7642832521,16.4304428436,0.9000000000
2026-11-23,S02,K06,shared_ridge10,11.6488500354,5.7388639219,15.0429211361,0.9000000000
2026-11-23,S02,K07,shared_ridge10,13.6918475035,7.5920539314,17.3939484767,0.9000000000
2026-11-23,S02,K08,shared_ridge10,13.7849389814,7.7254744254,16.5942347785,0.9000000000
2026-11-23,S03,K01,shared_ridge10,8.7578961120,3.1629305440,12.9237162811,0.9000000000
2026-11-23,S03,K02,shared_ridge10,8.1857814798,2.1312753621,12.0960990972,0.9000000000
2026-11-23,S03,K03,shared_ridge10,10.4877919809,4.7456569790,15.8695240089,0.9000000000
2026-11-23,S03,K04,shared_ridge10,10.0819675183,3.8121484586,13.3782646440,0.9000000000
2026-11-23,S03,K05,shared_ridge10,12.9005305810,7.4488223090,16.3795602915,0.9000000000
2026-11-23,S03,K06,shared_ridge10,12.0270883774,6.4388262111,15.9367252682,0.9000000000
2026-11-23,S03,K07,shared_ridge10,14.7695677108,8.2114609769,18.2452428200,0.9000000000
2026-11-23,S03,K08,shared_ridge10,14.1165451990,8.3900336780,18.5288834328,0.9000000000
2026-11-23,S04,K01,shared_ridge10,9.1516784954,3.9867113049,13.0178400469,0.9000000000
2026-11-23,S04,K02,shared_ridge10,8.5432944332,3.1317180333,12.1476695716,0.9000000000
2026-11-23,S04,K03,shared_ridge10,11.3322519102,6.1430459601,15.3602385157,0.9000000000
2026-11-23,S04,K04,shared_ridge10,11.0249726996,4.8657226676,14.8235931344,0.9000000000
2026-11-23,S04,K05,shared_ridge10,13.3820640245,8.0671594078,16.3351975842,0.9000000000
2026-11-23,S04,K06,shared_ridge10,12.6488500354,6.5159634103,16.0390596656,0.9000000000
2026-11-23,S04,K07,shared_ridge10,15.4897749646,10.3177695796,18.9822240578,0.9000000000
2026-11-23,S04,K08,shared_ridge10,15.2305348363,8.4605659128,18.2050502152,0.9000000000
2026-11-23,S05,K01,shared_ridge10,9.6439064747,3.9213207764,13.3863278515,0.9000000000
2026-11-23,S05,K02,shared_ridge10,9.2583203399,4.1817999875,13.4660943292,0.9000000000
2026-11-23,S05,K03,shared_ridge10,11.4046911141,5.6633334694,15.4073340324,0.9000000000
2026-11-23,S05,K04,shared_ridge10,11.1803837616,5.3045265596,15.1578868391,0.9000000000
2026-11-23,S05,K05,shared_ridge10,14.0969240104,7.6729753624,17.9478157984,0.9000000000
2026-11-23,S05,K06,shared_ridge10,13.2965184292,7.5921793855,17.1885998180,0.9000000000
2026-11-23,S05,K07,shared_ridge10,16.2099822185,10.1635420999,19.4771581726,0.9000000000
2026-11-23,S05,K08,shared_ridge10,15.8626851929,9.5704822535,20.3335838948,0.9000000000
2026-11-23,S06,K01,shared_ridge10,9.6646318633,3.8810350663,13.8986874720,0.9000000000
2026-11-23,S06,K02,shared_ridge10,9.6265349222,3.7799851375,13.6904389862,0.9000000000
2026-11-23,S06,K03,shared_ridge10,12.1974372281,6.7722589920,16.6081389206,0.9000000000
2026-11-23,S06,K04,shared_ridge10,11.8176307560,6.1747621949,16.6185787162,0.9000000000
2026-11-23,S06,K05,shared_ridge10,14.3404473265,7.9418198997,18.3132036922,0.9000000000
2026-11-23,S06,K06,shared_ridge10,14.0529951131,8.7311801028,18.1054800587,0.9000000000
2026-11-23,S06,K07,shared_ridge10,16.5778578662,9.2651452353,21.1907124736,0.9000000000
2026-11-23,S06,K08,shared_ridge10,15.9352760615,9.0704804702,18.7516977874,0.9000000000
2026-11-23,S07,K01,shared_ridge10,10.3692950757,4.9266223739,14.4048858519,0.9000000000
2026-11-23,S07,K02,shared_ridge10,9.4299826652,4.2853537379,13.3627731474,0.9000000000
2026-11-23,S07,K03,shared_ridge10,12.5290434457,6.9543181003,18.0106338295,0.9000000000
2026-11-23,S07,K04,shared_ridge10,12.0507326727,6.1648411996,16.1491794160,0.9000000000
2026-11-23,S07,K05,shared_ridge10,15.0761986218,9.6066110831,19.7312896074,0.9000000000
2026-11-23,S07,K06,shared_ridge10,14.3120624706,8.2944242647,18.6998670899,0.9000000000
2026-11-23,S07,K07,shared_ridge10,17.5519511304,9.2356971105,22.4550262693,0.9000000000
2026-11-23,S07,K08,shared_ridge10,16.9508721115,10.6260309836,21.6353773415,0.9000000000
2026-11-23,S08,K01,shared_ridge10,11.0064771011,5.5279281032,15.3400786208,0.9000000000
2026-11-23,S08,K02,shared_ridge10,9.9171987647,3.5192653316,14.2503971909,0.9000000000
2026-11-23,S08,K03,shared_ridge10,13.1664488014,7.3963661886,18.5558419628,0.9000000000
2026-11-23,S08,K04,shared_ridge10,12.8175720509,7.3748392188,16.8634316080,0.9000000000
2026-11-23,S08,K05,shared_ridge10,15.9000328187,9.5548205793,19.9434039266,0.9000000000
2026-11-23,S08,K06,shared_ridge10,14.7110262012,8.8668686391,19.7214385742,0.9000000000
2026-11-23,S08,K07,shared_ridge10,17.8461739010,11.2856718721,20.5249705408,0.9000000000
2026-11-23,S08,K08,shared_ridge10,17.9301467229,11.0502154897,22.3646003516,0.9000000000
2026-11-23,S09,K01,shared_ridge10,11.1823955560,6.0123234892,14.9403391372,0.9000000000
2026-11-23,S09,K02,shared_ridge10,10.5804111999,4.5298391292,15.4021640947,0.9000000000
2026-11-23,S09,K03,shared_ridge10,13.3168075249,8.1049688510,18.4989172187,0.9000000000
2026-11-23,S09,K04,shared_ridge10,13.2113544344,7.9998317739,18.2015831061,0.9000000000
2026-11-23,S09,K05,shared_ridge10,16.1953696063,9.9304944938,20.3388576914,0.9000000000
2026-11-23,S09,K06,shared_ridge10,15.5141350095,9.8000570525,18.6985079637,0.9000000000
2026-11-23,S09,K07,shared_ridge10,18.3113811275,12.5822466853,22.6857391546,0.9000000000
2026-11-23,S09,K08,shared_ridge10,18.6451726296,11.2022193899,23.1077246784,0.9000000000
2026-11-23,S10,K01,shared_ridge10,11.0940653062,6.1160219988,16.1497972409,0.9000000000
2026-11-23,S10,K02,shared_ridge10,10.8963039087,5.7195786746,15.6525330969,0.9000000000
2026-11-23,S10,K03,shared_ridge10,14.1406915499,8.7142588842,18.8061296066,0.9000000000
2026-11-23,S10,K04,shared_ridge10,13.4289710147,8.7873390707,18.1020101332,0.9000000000
2026-11-23,S10,K05,shared_ridge10,16.5010690881,11.0329847159,21.6671426126,0.9000000000
2026-11-23,S10,K06,shared_ridge10,16.4103296514,9.6390179224,20.3519317381,0.9000000000
2026-11-23,S10,K07,shared_ridge10,19.2279225646,11.3839510644,25.5408182893,0.9000000000
2026-11-23,S10,K08,shared_ridge10,18.6503019683,11.1436283644,22.5892353706,0.9000000000
2026-11-23,S11,K01,shared_ridge10,11.8557233373,6.0130000799,16.5086726695,0.9000000000
2026-11-23,S11,K02,shared_ridge10,11.6109908808,6.0511358658,16.2019169629,0.9000000000
2026-11-23,S11,K03,shared_ridge10,14.3634894774,9.6229728101,18.7326489024,0.9000000000
2026-11-23,S11,K04,shared_ridge10,14.3512508074,9.4109125338,17.6468569780,0.9000000000
2026-11-23,S11,K05,shared_ridge10,17.2886338550,10.9452986666,21.2899565947,0.9000000000
2026-11-23,S11,K06,shared_ridge10,16.4514235985,9.9206068491,22.4991134641,0.9000000000
2026-11-23,S11,K07,shared_ridge10,19.7771453625,12.4312890627,25.5831581891,0.9000000000
2026-11-23,S11,K08,shared_ridge10,19.7538769027,12.6238638489,25.2094883242,0.9000000000
2026-11-23,S12,K01,shared_ridge10,12.2339616793,7.1406193044,16.7665451903,0.9000000000
2026-11-23,S12,K02,shared_ridge10,11.8230871793,5.6287081745,15.6002021233,0.9000000000
2026-11-23,S12,K03,shared_ridge10,14.7158210836,8.9406965446,20.1775081433,0.9000000000
2026-11-23,S12,K04,shared_ridge10,14.6206808592,8.5824757733,20.0293838086,0.9000000000
2026-11-23,S12,K05,shared_ridge10,17.3870794508,10.5901023447,22.6140106743,0.9000000000
2026-11-23,S12,K06,shared_ridge10,16.9743828306,9.4754207664,21.4877044372,0.9000000000
2026-11-23,S12,K07,shared_ridge10,19.8243344954,12.9300893912,23.8114578923,0.9000000000
2026-11-23,S12,K08,shared_ridge10,20.3600685151,14.0093490644,24.8837027105,0.9000000000
2026-11-24,S01,K01,shared_ridge10,11.6497505302,6.7011470907,16.3379873424,0.9000000000
2026-11-24,S01,K02,shared_ridge10,10.8886012650,5.4899669079,14.8170642135,0.9000000000
2026-11-24,S01,K03,shared_ridge10,13.3796454182,7.6453525012,17.5008934835,0.9000000000
2026-11-24,S01,K04,shared_ridge10,12.8202472820,6.6708491399,16.2916029358,0.9000000000
2026-11-24,S01,K05,shared_ridge10,15.1266270978,9.9924693594,18.7449095990,0.9000000000
2026-11-24,S01,K06,shared_ridge10,14.5651228680,7.8510833127,18.8342554366,0.9000000000
2026-11-24,S01,K07,shared_ridge10,16.9493443063,9.9922706157,20.6313264694,0.9000000000
2026-11-24,S01,K08,shared_ridge10,16.5140441639,10.3713133689,20.6930152393,0.9000000000
2026-11-24,S02,K01,shared_ridge10,12.0383515665,6.5992611833,16.5731062184,0.9000000000
2026-11-24,S02,K02,shared_ridge10,10.9663214723,5.8410018931,14.2172491554,0.9000000000
2026-11-24,S02,K03,shared_ridge10,13.9133241747,8.8716305366,17.4296628651,0.9000000000
2026-11-24,S02,K04,shared_ridge10,13.1778189404,7.0172123203,17.5449840981,0.9000000000
2026-11-24,S02,K05,shared_ridge10,15.9867307248,10.0522240932,19.7183836846,0.9000000000
2026-11-24,S02,K06,shared_ridge10,15.1043398017,9.1943536882,18.4984109024,0.9000000000
2026-11-24,S02,K07,shared_ridge10,17.0167018193,10.9169082471,20.7188027924,0.9000000000
2026-11-24,S02,K08,shared_ridge10,17.1876192935,11.1281547374,19.9969150906,0.9000000000
2026-11-24,S03,K01,shared_ridge10,12.1575225509,6.5625569830,16.3233427201,0.9000000000
2026-11-24,S03,K02,shared_ridge10,11.8212437520,5.7667376344,15.7315613694,0.9000000000
2026-11-24,S03,K03,shared_ridge10,14.0117199425,8.2695849406,19.3934519705,0.9000000000
2026-11-24,S03,K04,shared_ridge10,13.4317343033,7.1619152436,16.7280314291,0.9000000000
2026-11-24,S03,K05,shared_ridge10,16.1884714221,10.7367631501,19.6675011326,0.9000000000
2026-11-24,S03,K06,shared_ridge10,15.4825781437,9.8943159774,19.3922150345,0.9000000000
2026-11-24,S03,K07,shared_ridge10,18.0944220265,11.5363152927,21.5700971358,0.9000000000
2026-11-24,S03,K08,shared_ridge10,17.5192255111,11.7927139901,21.9315637448,0.9000000000
2026-11-24,S04,K01,shared_ridge10,12.5513049343,7.3863377438,16.4174664859,0.9000000000
2026-11-24,S04,K02,shared_ridge10,12.1787567054,6.7671803055,15.7831318439,0.9000000000
2026-11-24,S04,K03,shared_ridge10,14.8561798718,9.6669739217,18.8841664772,0.9000000000
2026-11-24,S04,K04,shared_ridge10,14.3747394847,8.2154894527,18.1733599194,0.9000000000
2026-11-24,S04,K05,shared_ridge10,16.6700048655,11.3551002488,19.6231384253,0.9000000000
2026-11-24,S04,K06,shared_ridge10,16.1043398017,9.9714531766,19.4945494319,0.9000000000
2026-11-24,S04,K07,shared_ridge10,18.8146292804,13.6426238954,22.3070783736,0.9000000000
2026-11-24,S04,K08,shared_ridge10,18.6332151484,11.8632462249,21.6077305273,0.9000000000
2026-11-24,S05,K01,shared_ridge10,13.0435329136,7.3209472154,16.7859542904,0.9000000000
2026-11-24,S05,K02,shared_ridge10,12.8937826122,7.8172622597,17.1015566014,0.9000000000
2026-11-24,S05,K03,shared_ridge10,14.9286190757,9.1872614309,18.9312619940,0.9000000000
2026-11-24,S05,K04,shared_ridge10,14.5301505467,8.6542933447,18.5076536242,0.9000000000
2026-11-24,S05,K05,shared_ridge10,17.3848648515,10.9609162035,21.2357566395,0.9000000000
2026-11-24,S05,K06,shared_ridge10,16.7520081955,11.0476691518,20.6440895843,0.9000000000
2026-11-24,S05,K07,shared_ridge10,19.5348365343,13.4883964157,22.8020124884,0.9000000000
2026-11-24,S05,K08,shared_ridge10,19.2653655050,12.9731625656,23.7362642069,0.9000000000
2026-11-24,S06,K01,shared_ridge10,13.0642583022,7.2806615052,17.2983139110,0.9000000000
2026-11-24,S06,K02,shared_ridge10,13.2619971945,7.4154474097,17.3259012584,0.9000000000
2026-11-24,S06,K03,shared_ridge10,15.7213651897,10.2961869536,20.1320668821,0.9000000000
2026-11-24,S06,K04,shared_ridge10,15.1673975411,9.5245289800,19.9683455013,0.9000000000
2026-11-24,S06,K05,shared_ridge10,17.6283881675,11.2297607408,21.6011445332,0.9000000000
2026-11-24,S06,K06,shared_ridge10,17.5084848794,12.1866698691,21.5609698250,0.9000000000
2026-11-24,S06,K07,shared_ridge10,19.9027121820,12.5899995511,24.5155667893,0.9000000000
2026-11-24,S06,K08,shared_ridge10,19.3379563736,12.4731607822,22.1543780995,0.9000000000
2026-11-24,S07,K01,shared_ridge10,13.7689215146,8.3262488128,17.8045122909,0.9000000000
2026-11-24,S07,K02,shared_ridge10,13.0654449375,7.9208160101,16.9982354196,0.9000000000
2026-11-24,S07,K03,shared_ridge10,16.0529714073,10.4782460619,21.5345617910,0.9000000000
2026-11-24,S07,K04,shared_ridge10,15.4004994578,9.5146079847,19.4989462011,0.9000000000
2026-11-24,S07,K05,shared_ridge10,18.3641394629,12.8945519241,23.0192304484,0.9000000000
2026-11-24,S07,K06,shared_ridge10,17.7675522369,11.7499140310,22.1553568562,0.9000000000
2026-11-24,S07,K07,shared_ridge10,20.8768054462,12.5605514262,25.7798805851,0.9000000000
2026-11-24,S07,K08,shared_ridge10,20.3535524236,14.0287112956,25.0380576536,0.9000000000
2026-11-24,S08,K01,shared_ridge10,14.4061035400,8.9275545421,18.7397050598,0.9000000000
2026-11-24,S08,K02,shared_ridge10,13.5526610369,7.1547276038,17.8858594631,0.9000000000
2026-11-24,S08,K03,shared_ridge10,16.6903767630,10.9202941502,22.0797699244,0.9000000000
2026-11-24,S08,K04,shared_ridge10,16.1673388360,10.7246060038,20.2131983931,0.9000000000
2026-11-24,S08,K05,shared_ridge10,19.1879736598,12.8427614204,23.2313447676,0.9000000000
2026-11-24,S08,K06,shared_ridge10,18.1665159675,12.3223584054,23.1769283405,0.9000000000
2026-11-24,S08,K07,shared_ridge10,21.1710282168,14.6105261879,23.8498248566,0.9000000000
2026-11-24,S08,K08,shared_ridge10,21.3328270350,14.4528958018,25.7672806637,0.9000000000
2026-11-24,S09,K01,shared_ridge10,14.5820219949,9.4119499282,18.3399655761,0.9000000000
2026-11-24,S09,K02,shared_ridge10,14.2158734721,8.1653014014,19.0376263670,0.9000000000
2026-11-24,S09,K03,shared_ridge10,16.8407354865,11.6288968126,22.0228451803,0.9000000000
2026-11-24,S09,K04,shared_ridge10,16.5611212194,11.3495985589,21.5513498912,0.9000000000
2026-11-24,S09,K05,shared_ridge10,19.4833104473,13.2184353349,23.6267985325,0.9000000000
2026-11-24,S09,K06,shared_ridge10,18.9696247758,13.2555468188,22.1539977299,0.9000000000
2026-11-24,S09,K07,shared_ridge10,21.6362354433,15.9071010011,26.0105934703,0.9000000000
2026-11-24,S09,K08,shared_ridge10,22.0478529417,14.6048997020,26.5104049904,0.9000000000
2026-11-24,S10,K01,shared_ridge10,14.4936917452,9.5156484378,19.5494236799,0.9000000000
2026-11-24,S10,K02,shared_ridge10,14.5317661810,9.3550409468,19.2879953691,0.9000000000
2026-11-24,S10,K03,shared_ridge10,17.6646195115,12.2381868457,22.3300575681,0.9000000000
2026-11-24,S10,K04,shared_ridge10,16.7787377997,12.1371058558,21.4517769183,0.9000000000
2026-11-24,S10,K05,shared_ridge10,19.7890099292,14.3209255569,24.9550834537,0.9000000000
2026-11-24,S10,K06,shared_ridge10,19.8658194177,13.0945076887,23.8074215044,0.9000000000
2026-11-24,S10,K07,shared_ridge10,22.5527768803,14.7088053801,28.8656726051,0.9000000000
2026-11-24,S10,K08,shared_ridge10,22.0529822803,14.5463086765,25.9919156826,0.9000000000
2026-11-24,S11,K01,shared_ridge10,15.2553497763,9.4126265188,19.9082991085,0.9000000000
2026-11-24,S11,K02,shared_ridge10,15.2464531530,9.6865981380,19.8373792352,0.9000000000
2026-11-24,S11,K03,shared_ridge10,17.8874174390,13.1469007716,22.2565768640,0.9000000000
2026-11-24,S11,K04,shared_ridge10,17.7010175925,12.7606793188,20.9966237630,0.9000000000
2026-11-24,S11,K05,shared_ridge10,20.5765746960,14.2332395076,24.5778974357,0.9000000000
2026-11-24,S11,K06,shared_ridge10,19.9069133648,13.3760966154,25.9546032304,0.9000000000
2026-11-24,S11,K07,shared_ridge10,23.1019996783,15.7561433785,28.9080125049,0.9000000000
2026-11-24,S11,K08,shared_ridge10,23.1565572148,16.0265441610,28.6121686363,0.9000000000
2026-11-24,S12,K01,shared_ridge10,15.6335881182,10.5402457434,20.1661716293,0.9000000000
2026-11-24,S12,K02,shared_ridge10,15.4585494515,9.2641704468,19.2356643955,0.9000000000
2026-11-24,S12,K03,shared_ridge10,18.2397490452,12.4646245062,23.7014361049,0.9000000000
2026-11-24,S12,K04,shared_ridge10,17.9704476443,11.9322425584,23.3791505937,0.9000000000
2026-11-24,S12,K05,shared_ridge10,20.6750202919,13.8780431857,25.9019515153,0.9000000000
2026-11-24,S12,K06,shared_ridge10,20.4298725969,12.9309105327,24.9431942035,0.9000000000
2026-11-24,S12,K07,shared_ridge10,23.1491888111,16.2549437070,27.1363122080,0.9000000000
2026-11-24,S12,K08,shared_ridge10,23.7627488271,17.4120293765,28.2863830226,0.9000000000
2026-11-25,S01,K01,shared_ridge10,11.6034223765,6.6548189370,16.2916591887,0.9000000000
2026-11-25,S01,K02,shared_ridge10,10.7800464263,5.3814120692,14.7085093748,0.9000000000
2026-11-25,S01,K03,shared_ridge10,13.1750543533,7.4407614362,17.2963024185,0.9000000000
2026-11-25,S01,K04,shared_ridge10,12.5688365057,6.4194383636,16.0401921595,0.9000000000
2026-11-25,S01,K05,shared_ridge10,15.1487122481,10.0145545097,18.7669947492,0.9000000000
2026-11-25,S01,K06,shared_ridge10,14.4844561810,7.7704166258,18.7535887496,0.9000000000
2026-11-25,S01,K07,shared_ridge10,16.7199563641,9.7628826735,20.4019385272,0.9000000000
2026-11-25,S01,K08,shared_ridge10,16.3745707191,10.2318399241,20.5535417945,0.9000000000
2026-11-25,S02,K01,shared_ridge10,11.9920234128,6.5529330297,16.5267780648,0.9000000000
2026-11-25,S02,K02,shared_ridge10,10.8577666336,5.7324470544,14.1086943167,0.9000000000
2026-11-25,S02,K03,shared_ridge10,13.7087331097,8.6670394717,17.2250718002,0.9000000000
2026-11-25,S02,K04,shared_ridge10,12.9264081641,6.7658015440,17.2935733218,0.9000000000
2026-11-25,S02,K05,shared_ridge10,16.0088158751,10.0743092434,19.7404688349,0.9000000000
2026-11-25,S02,K06,shared_ridge10,15.0236731148,9.1136870013,18.4177442155,0.9000000000
2026-11-25,S02,K07,shared_ridge10,16.7873138770,10.6875203049,20.4894148502,0.9000000000
2026-11-25,S02,K08,shared_ridge10,17.0481458486,10.9886812926,19.8574416457,0.9000000000
2026-11-25,S03,K01,shared_ridge10,12.1111943973,6.5162288293,16.2770145664,0.9000000000
2026-11-25,S03,K02,shared_ridge10,11.7126889133,5.6581827957,15.6230065307,0.9000000000
2026-11-25,S03,K03,shared_ridge10,13.8071288775,8.0649938757,19.1888609055,0.9000000000
2026-11-25,S03,K04,shared_ridge10,13.1803235270,6.9105044673,16.4766206528,0.9000000000
2026-11-25,S03,K05,shared_ridge10,16.2105565724,10.7588483003,19.6895862829,0.9000000000
2026-11-25,S03,K06,shared_ridge10,15.4019114567,9.8136492905,19.3115483475,0.9000000000
2026-11-25,S03,K07,shared_ridge10,17.8650340843,11.3069273504,21.3407091935,0.9000000000
2026-11-25,S03,K08,shared_ridge10,17.3797520662,11.6532405453,21.7920903000,0.9000000000
2026-11-25,S04,K01,shared_ridge10,12.5049767807,7.3400095902,16.3711383322,0.9000000000
2026-11-25,S04,K02,shared_ridge10,12.0702018667,6.6586254668,15.6745770052,0.9000000000
2026-11-25,S04,K03,shared_ridge10,14.6515888068,9.4623828567,18.6795754123,0.9000000000
2026-11-25,S04,K04,shared_ridge10,14.1233287084,7.9640786764,17.9219491432,0.9000000000
2026-11-25,S04,K05,shared_ridge10,16.6920900158,11.3771853991,19.6452235756,0.9000000000
2026-11-25,S04,K06,shared_ridge10,16.0236731148,9.8907864897,19.4138827450,0.9000000000
2026-11-25,S04,K07,shared_ridge10,18.5852413382,13.4132359531,22.0776904314,0.9000000000
2026-11-25,S04,K08,shared_ridge10,18.4937417035,11.7237727801,21.4682570824,0.9000000000
2026-11-25,S05,K01,shared_ridge10,12.9972047599,7.2746190617,16.7396261368,0.9000000000
2026-11-25,S05,K02,shared_ridge10,12.7852277735,7.7087074210,16.9930017627,0.9000000000
2026-11-25,S05,K03,shared_ridge10,14.7240280107,8.9826703660,18.7266709291,0.9000000000
2026-11-25,S05,K04,shared_ridge10,14.2787397704,8.4028825684,18.2562428479,0.9000000000
2026-11-25,S05,K05,shared_ridge10,17.4069500018,10.9830013538,21.2578417898,0.9000000000
2026-11-25,S05,K06,shared_ridge10,16.6713415086,10.9670024649,20.5634228974,0.9000000000
2026-11-25,S05,K07,shared_ridge10,19.3054485921,13.2590084735,22.5726245461,0.9000000000
2026-11-25,S05,K08,shared_ridge10,19.1258920601,12.8336891207,23.5967907621,0.9000000000
2026-11-25,S06,K01,shared_ridge10,13.0179301485,7.2343333515,17.2519857573,0.9000000000
2026-11-25,S06,K02,shared_ridge10,13.1534423558,7.3068925710,17.2173464197,0.9000000000
2026-11-25,S06,K03,shared_ridge10,15.5167741247,10.0915958886,19.9274758172,0.9000000000
2026-11-25,S06,K04,shared_ridge10,14.9159867648,9.2731182037,19.7169347250,0.9000000000
2026-11-25,S06,K05,shared_ridge10,17.6504733178,11.2518458910,21.6232296835,0.9000000000
2026-11-25,S06,K06,shared_ridge10,17.4278181925,12.1060031822,21.4803031380,0.9000000000
2026-11-25,S06,K07,shared_ridge10,19.6733242397,12.3606116089,24.2861788471,0.9000000000
2026-11-25,S06,K08,shared_ridge10,19.1984829288,12.3336873374,22.0149046546,0.9000000000
2026-11-25,S07,K01,shared_ridge10,13.7225933610,8.2799206592,17.7581841372,0.9000000000
2026-11-25,S07,K02,shared_ridge10,12.9568900988,7.8122611714,16.8896805809,0.9000000000
2026-11-25,S07,K03,shared_ridge10,15.8483803423,10.2736549969,21.3299707261,0.9000000000
2026-11-25,S07,K04,shared_ridge10,15.1490886815,9.2631972084,19.2475354248,0.9000000000
2026-11-25,S07,K05,shared_ridge10,18.3862246132,12.9166370744,23.0413155987,0.9000000000
2026-11-25,S07,K06,shared_ridge10,17.6868855500,11.6692473441,22.0746901693,0.9000000000
2026-11-25,S07,K07,shared_ridge10,20.6474175040,12.3311634840,25.5504926429,0.9000000000
2026-11-25,S07,K08,shared_ridge10,20.2140789788,13.8892378508,24.8985842088,0.9000000000
2026-11-25,S08,K01,shared_ridge10,14.3597753864,8.8812263885,18.6933769061,0.9000000000
2026-11-25,S08,K02,shared_ridge10,13.4441061982,7.0461727651,17.7773046244,0.9000000000
2026-11-25,S08,K03,shared_ridge10,16.4857856980,10.7157030853,21.8751788594,0.9000000000
2026-11-25,S08,K04,shared_ridge10,15.9159280597,10.4731952275,19.9617876168,0.9000000000
2026-11-25,S08,K05,shared_ridge10,19.2100588100,12.8648465707,23.2534299179,0.9000000000
2026-11-25,S08,K06,shared_ridge10,18.0858492806,12.2416917185,23.0962616536,0.9000000000
2026-11-25,S08,K07,shared_ridge10,20.9416402745,14.3811382457,23.6204369143,0.9000000000
2026-11-25,S08,K08,shared_ridge10,21.1933535902,14.3134223569,25.6278072189,0.9000000000
2026-11-25,S09,K01,shared_ridge10,14.5356938413,9.3656217745,18.2936374225,0.9000000000
2026-11-25,S09,K02,shared_ridge10,14.1073186334,8.0567465627,18.9290715283,0.9000000000
2026-11-25,S09,K03,shared_ridge10,16.6361444215,11.4243057476,21.8182541153,0.9000000000
2026-11-25,S09,K04,shared_ridge10,16.3097104431,11.0981877826,21.2999391149,0.9000000000
2026-11-25,S09,K05,shared_ridge10,19.5053955976,13.2405204852,23.6488836827,0.9000000000
2026-11-25,S09,K06,shared_ridge10,18.8889580889,13.1748801319,22.0733310430,0.9000000000
2026-11-25,S09,K07,shared_ridge10,21.4068475010,15.6777130588,25.7812055281,0.9000000000
2026-11-25,S09,K08,shared_ridge10,21.9083794969,14.4654262571,26.3709315456,0.9000000000
2026-11-25,S10,K01,shared_ridge10,14.4473635915,9.4693202841,19.5030955262,0.9000000000
2026-11-25,S10,K02,shared_ridge10,14.4232113423,9.2464861081,19.1794405304,0.9000000000
2026-11-25,S10,K03,shared_ridge10,17.4600284465,12.0335957808,22.1254665032,0.9000000000
2026-11-25,S10,K04,shared_ridge10,16.5273270234,11.8856950795,21.2003661420,0.9000000000
2026-11-25,S10,K05,shared_ridge10,19.8110950795,14.3430107072,24.9771686040,0.9000000000
2026-11-25,S10,K06,shared_ridge10,19.7851527308,13.0138410018,23.7267548175,0.9000000000
2026-11-25,S10,K07,shared_ridge10,22.3233889381,14.4794174379,28.6362846629,0.9000000000
2026-11-25,S10,K08,shared_ridge10,21.9135088355,14.4068352317,25.8524422378,0.9000000000
2026-11-25,S11,K01,shared_ridge10,15.2090216226,9.3662983652,19.8619709548,0.9000000000
2026-11-25,S11,K02,shared_ridge10,15.1378983143,9.5780432993,19.7288243965,0.9000000000
2026-11-25,S11,K03,shared_ridge10,17.6828263740,12.9423097067,22.0519857990,0.9000000000
2026-11-25,S11,K04,shared_ridge10,17.4496068162,12.5092685425,20.7452129868,0.9000000000
2026-11-25,S11,K05,shared_ridge10,20.5986598463,14.2553246579,24.5999825860,0.9000000000
2026-11-25,S11,K06,shared_ridge10,19.8262466779,13.2954299285,25.8739365435,0.9000000000
2026-11-25,S11,K07,shared_ridge10,22.8726117360,15.5267554362,28.6786245627,0.9000000000
2026-11-25,S11,K08,shared_ridge10,23.0170837700,15.8870707162,28.4726951915,0.9000000000
2026-11-25,S12,K01,shared_ridge10,15.5872599646,10.4939175897,20.1198434756,0.9000000000
2026-11-25,S12,K02,shared_ridge10,15.3499946128,9.1556156081,19.1271095568,0.9000000000
2026-11-25,S12,K03,shared_ridge10,18.0351579802,12.2600334412,23.4968450400,0.9000000000
2026-11-25,S12,K04,shared_ridge10,17.7190368680,11.6808317821,23.1277398174,0.9000000000
2026-11-25,S12,K05,shared_ridge10,20.6971054422,13.9001283360,25.9240366656,0.9000000000
2026-11-25,S12,K06,shared_ridge10,20.3492059100,12.8502438458,24.8625275166,0.9000000000
2026-11-25,S12,K07,shared_ridge10,22.9198008689,16.0255557648,26.9069242658,0.9000000000
2026-11-25,S12,K08,shared_ridge10,23.6232753823,17.2725559317,28.1469095778,0.9000000000
2026-11-26,S01,K01,shared_ridge10,8.1827164570,3.2341130174,12.8709532692,0.9000000000
2026-11-26,S01,K02,shared_ridge10,7.7100831723,2.3114488152,11.6385461208,0.9000000000
2026-11-26,S01,K03,shared_ridge10,9.9096759910,4.1753830740,14.0309240563,0.9000000000
2026-11-26,S01,K04,shared_ridge10,9.5733910252,3.4239928830,13.0447466790,0.9000000000
2026-11-26,S01,K05,shared_ridge10,11.5636251490,6.4294674105,15.1819076501,0.9000000000
2026-11-26,S01,K06,shared_ridge10,10.9642271475,4.2501875923,15.2333597161,0.9000000000
2026-11-26,S01,K07,shared_ridge10,13.6102392073,6.6531655167,17.2922213704,0.9000000000
2026-11-26,S01,K08,shared_ridge10,12.9103504081,6.7676196131,17.0893214835,0.9000000000
2026-11-26,S02,K01,shared_ridge10,8.5713174932,3.1322271101,13.1060721452,0.9000000000
2026-11-26,S02,K02,shared_ridge10,7.7878033796,2.6624838004,11.0387310627,0.9000000000
2026-11-26,S02,K03,shared_ridge10,10.4433547475,5.4016611094,13.9596934379,0.9000000000
2026-11-26,S02,K04,shared_ridge10,9.9309626836,3.7703560635,14.2981278413,0.9000000000
2026-11-26,S02,K05,shared_ridge10,12.4237287759,6.4892221443,16.1553817358,0.9000000000
2026-11-26,S02,K06,shared_ridge10,11.5034440812,5.5934579677,14.8975151819,0.9000000000
2026-11-26,S02,K07,shared_ridge10,13.6775967203,7.5778031481,17.3796976934,0.9000000000
2026-11-26,S02,K08,shared_ridge10,13.5839255376,7.5244609816,16.3932213348,0.9000000000
2026-11-26,S03,K01,shared_ridge10,8.6904884777,3.0955229097,12.8563086468,0.9000000000
2026-11-26,S03,K02,shared_ridge10,8.6427256594,2.5882195417,12.5530432768,0.9000000000
2026-11-26,S03,K03,shared_ridge10,10.5417505153,4.7996155134,15.9234825432,0.9000000000
2026-11-26,S03,K04,shared_ridge10,10.1848780465,3.9150589868,13.4811751723,0.9000000000
2026-11-26,S03,K05,shared_ridge10,12.6254694733,7.1737612012,16.1044991838,0.9000000000
2026-11-26,S03,K06,shared_ridge10,11.8816824232,6.2934202570,15.7913193140,0.9000000000
2026-11-26,S03,K07,shared_ridge10,14.7553169275,8.1972101937,18.2309920368,0.9000000000
2026-11-26,S03,K08,shared_ridge10,13.9155317553,8.1890202343,18.3278699890,0.9000000000
2026-11-26,S04,K01,shared_ridge10,9.0842708611,3.9193036706,12.9504324126,0.9000000000
2026-11-26,S04,K02,shared_ridge10,9.0002386127,3.5886622128,12.6046137512,0.9000000000
2026-11-26,S04,K03,shared_ridge10,11.3862104446,6.1970044945,15.4141970500,0.9000000000
2026-11-26,S04,K04,shared_ridge10,11.1278832279,4.9686331959,14.9265036626,0.9000000000
2026-11-26,S04,K05,shared_ridge10,13.1070029167,7.7920983000,16.0601364764,0.9000000000
2026-11-26,S04,K06,shared_ridge10,12.5034440812,6.3705574561,15.8936537114,0.9000000000
2026-11-26,S04,K07,shared_ridge10,15.4755241814,10.3035187963,18.9679732746,0.9000000000
2026-11-26,S04,K08,shared_ridge10,15.0295213926,8.2595524691,18.0040367715,0.9000000000
2026-11-26,S05,K01,shared_ridge10,9.5764988404,3.8539131421,13.3189202172,0.9000000000
2026-11-26,S05,K02,shared_ridge10,9.7152645195,4.6387441670,13.9230385087,0.9000000000
2026-11-26,S05,K03,shared_ridge10,11.4586496485,5.7172920037,15.4612925668,0.9000000000
2026-11-26,S05,K04,shared_ridge10,11.2832942898,5.4074370879,15.2607973674,0.9000000000
2026-11-26,S05,K05,shared_ridge10,13.8218629026,7.3979142547,17.6727546907,0.9000000000
2026-11-26,S05,K06,shared_ridge10,13.1511124750,7.4467734313,17.0431938638,0.9000000000
2026-11-26,S05,K07,shared_ridge10,16.1957314353,10.1492913167,19.4629073894,0.9000000000
2026-11-26,S05,K08,shared_ridge10,15.6616717492,9.3694688097,20.1325704511,0.9000000000
2026-11-26,S06,K01,shared_ridge10,9.5972242290,3.8136274320,13.8312798377,0.9000000000
2026-11-26,S06,K02,shared_ridge10,10.0834791018,4.2369293170,14.1473831657,0.9000000000
2026-11-26,S06,K03,shared_ridge10,12.2513957625,6.8262175264,16.6620974549,0.9000000000
2026-11-26,S06,K04,shared_ridge10,11.9205412843,6.2776727231,16.7214892445,0.9000000000
2026-11-26,S06,K05,shared_ridge10,14.0653862187,7.6667587919,18.0381425844,0.9000000000
2026-11-26,S06,K06,shared_ridge10,13.9075891589,8.5857741486,17.9600741045,0.9000000000
2026-11-26,S06,K07,shared_ridge10,16.5636070830,9.2508944521,21.1764616903,0.9000000000
2026-11-26,S06,K08,shared_ridge10,15.7342626178,8.8694670264,18.5506843436,0.9000000000
2026-11-26,S07,K01,shared_ridge10,10.3018874414,4.8592147396,14.3374782176,0.9000000000
2026-11-26,S07,K02,shared_ridge10,9.8869268448,4.7422979174,13.8197173269,0.9000000000
2026-11-26,S07,K03,shared_ridge10,12.5830019801,7.0082766346,18.0645923638,0.9000000000
2026-11-26,S07,K04,shared_ridge10,12.1536432010,6.2677517279,16.2520899442,0.9000000000
2026-11-26,S07,K05,shared_ridge10,14.8011375140,9.3315499753,19.4562284996,0.9000000000
2026-11-26,S07,K06,shared_ridge10,14.1666565164,8.1490183105,18.5544611357,0.9000000000
2026-11-26,S07,K07,shared_ridge10,17.5377003472,9.2214463272,22.4407754861,0.9000000000
2026-11-26,S07,K08,shared_ridge10,16.7498586678,10.4250175398,21.4343638978,0.9000000000
2026-11-26,S08,K01,shared_ridge10,10.9390694668,5.4605204689,15.2726709865,0.9000000000
2026-11-26,S08,K02,shared_ridge10,10.3741429442,3.9762095112,14.7073413704,0.9000000000
2026-11-26,S08,K03,shared_ridge10,13.2204073358,7.4503247230,18.6098004972,0.9000000000
2026-11-26,S08,K04,shared_ridge10,12.9204825792,7.4777497470,16.9663421363,0.9000000000
2026-11-26,S08,K05,shared_ridge10,15.6249717109,9.2797594715,19.6683428188,0.9000000000
2026-11-26,S08,K06,shared_ridge10,14.5656202470,8.7214626849,19.5760326200,0.9000000000
2026-11-26,S08,K07,shared_ridge10,17.8319231177,11.2714210889,20.5107197575,0.9000000000
2026-11-26,S08,K08,shared_ridge10,17.7291332792,10.8492020459,22.1635869079,0.9000000000
2026-11-26,S09,K01,shared_ridge10,11.1149879217,5.9449158550,14.8729315029,0.9000000000
2026-11-26,S09,K02,shared_ridge10,11.0373553795,4.9867833087,15.8591082743,0.9000000000
2026-11-26,S09,K03,shared_ridge10,13.3707660593,8.1589273854,18.5528757531,0.9000000000
2026-11-26,S09,K04,shared_ridge10,13.3142649626,8.1027423021,18.3044936344,0.9000000000
2026-11-26,S09,K05,shared_ridge10,15.9203084985,9.6554333861,20.0637965836,0.9000000000
2026-11-26,S09,K06,shared_ridge10,15.3687290553,9.6546510983,18.5531020095,0.9000000000
2026-11-26,S09,K07,shared_ridge10,18.2971303442,12.5679959020,22.6714883713,0.9000000000
2026-11-26,S09,K08,shared_ridge10,18.4441591859,11.0012059462,22.9067112346,0.9000000000
2026-11-26,S10,K01,shared_ridge10,11.0266576719,6.0486143646,16.0823896066,0.9000000000
2026-11-26,S10,K02,shared_ridge10,11.3532480883,6.1765228542,16.1094772764,0.9000000000
2026-11-26,S10,K03,shared_ridge10,14.1946500843,8.7682174185,18.8600881409,0.9000000000
2026-11-26,S10,K04,shared_ridge10,13.5318815429,8.8902495989,18.2049206615,0.9000000000
2026-11-26,S10,K05,shared_ridge10,16.2260079804,10.7579236081,21.3920815049,0.9000000000
2026-11-26,S10,K06,shared_ridge10,16.2649236972,9.4936119683,20.2065257839,0.9000000000
2026-11-26,S10,K07,shared_ridge10,19.2136717813,11.3697002811,25.5265675061,0.9000000000
2026-11-26,S10,K08,shared_ridge10,18.4492885245,10.9426149207,22.3882219268,0.9000000000
2026-11-26,S11,K01,shared_ridge10,11.7883157030,5.9455924456,16.4412650352,0.9000000000
2026-11-26,S11,K02,shared_ridge10,12.0679350603,6.5080800453,16.6588611425,0.9000000000
2026-11-26,S11,K03,shared_ridge10,14.4174480118,9.6769313444,18.7866074368,0.9000000000
2026-11-26,S11,K04,shared_ridge10,14.4541613357,9.5138230620,17.7497675062,0.9000000000
2026-11-26,S11,K05,shared_ridge10,17.0135727472,10.6702375588,21.0148954869,0.9000000000
2026-11-26,S11,K06,shared_ridge10,16.3060176443,9.7752008950,22.3537075099,0.9000000000
2026-11-26,S11,K07,shared_ridge10,19.7628945792,12.4170382795,25.5689074059,0.9000000000
2026-11-26,S11,K08,shared_ridge10,19.5528634590,12.4228504052,25.0084748805,0.9000000000
2026-11-26,S12,K01,shared_ridge10,12.1665540450,7.0732116701,16.6991375561,0.9000000000
2026-11-26,S12,K02,shared_ridge10,12.2800313588,6.0856523541,16.0571463028,0.9000000000
2026-11-26,S12,K03,shared_ridge10,14.7697796180,8.9946550790,20.2314666777,0.9000000000
2026-11-26,S12,K04,shared_ridge10,14.7235913875,8.6853863016,20.1322943369,0.9000000000
2026-11-26,S12,K05,shared_ridge10,17.1120183431,10.3150412369,22.3389495665,0.9000000000
2026-11-26,S12,K06,shared_ridge10,16.8289768764,9.3300148122,21.3422984830,0.9000000000
2026-11-26,S12,K07,shared_ridge10,19.8100837121,12.9158386080,23.7972071090,0.9000000000
2026-11-26,S12,K08,shared_ridge10,20.1590550713,13.8083356207,24.6826892668,0.9000000000
2026-11-27,S01,K01,shared_ridge10,8.6822238717,3.7336204322,13.3704606840,0.9000000000
2026-11-27,S01,K02,shared_ridge10,8.0140357574,2.6154014003,11.9424987059,0.9000000000
2026-11-27,S01,K03,shared_ridge10,10.1108288111,4.3765358941,14.2320768764,0.9000000000
2026-11-27,S01,K04,shared_ridge10,9.7274115735,3.5780134314,13.1987672273,0.9000000000
2026-11-27,S01,K05,shared_ridge10,12.0426448432,6.9084871048,15.6609273443,0.9000000000
2026-11-27,S01,K06,shared_ridge10,11.6189153677,4.9048758124,15.8880479363,0.9000000000
2026-11-27,S01,K07,shared_ridge10,13.7091034944,6.7520298038,17.3910856575,0.9000000000
2026-11-27,S01,K08,shared_ridge10,13.1968725751,7.0541417801,17.3758436506,0.9000000000
2026-11-27,S02,K01,shared_ridge10,9.0708249080,3.6317345249,13.6055795600,0.9000000000
2026-11-27,S02,K02,shared_ridge10,8.0917559646,2.9664363855,11.3426836478,0.9000000000
2026-11-27,S02,K03,shared_ridge10,10.6445075676,5.6028139295,14.1608462580,0.9000000000
2026-11-27,S02,K04,shared_ridge10,10.0849832319,3.9243766118,14.4521483896,0.9000000000
2026-11-27,S02,K05,shared_ridge10,12.9027484702,6.9682418385,16.6344014300,0.9000000000
2026-11-27,S02,K06,shared_ridge10,12.1581323014,6.2481461879,15.5522034021,0.9000000000
2026-11-27,S02,K07,shared_ridge10,13.7764610073,7.6766674352,17.4785619805,0.9000000000
2026-11-27,S02,K08,shared_ridge10,13.8704477047,7.8109831486,16.6797435018,0.9000000000
2026-11-27,S03,K01,shared_ridge10,9.1899958925,3.5950303245,13.3558160616,0.9000000000
2026-11-27,S03,K02,shared_ridge10,8.9466782444,2.8921721267,12.8569958618,0.9000000000
2026-11-27,S03,K03,shared_ridge10,10.7429033354,5.0007683335,16.1246353633,0.9000000000
2026-11-27,S03,K04,shared_ridge10,10.3388985948,4.0690795351,13.6351957206,0.9000000000
2026-11-27,S03,K05,shared_ridge10,13.1044891675,7.6527808954,16.5835188780,0.9000000000
2026-11-27,S03,K06,shared_ridge10,12.5363706434,6.9481084771,16.4460075342,0.9000000000
2026-11-27,S03,K07,shared_ridge10,14.8541812146,8.2960744807,18.3298563238,0.9000000000
2026-11-27,S03,K08,shared_ridge10,14.2020539223,8.4755424013,18.6143921560,0.9000000000
2026-11-27,S04,K01,shared_ridge10,9.5837782759,4.4188110854,13.4499398274,0.9000000000
2026-11-27,S04,K02,shared_ridge10,9.3041911978,3.8926147979,12.9085663363,0.9000000000
2026-11-27,S04,K03,shared_ridge10,11.5873632647,6.3981573146,15.6153498701,0.9000000000
2026-11-27,S04,K04,shared_ridge10,11.2819037762,5.1226537442,15.0805242109,0.9000000000
2026-11-27,S04,K05,shared_ridge10,13.5860226109,8.2711179942,16.5391561707,0.9000000000
2026-11-27,S04,K06,shared_ridge10,13.1581323014,7.0252456763,16.5483419316,0.9000000000
2026-11-27,S04,K07,shared_ridge10,15.5743884685,10.4023830834,19.0668375617,0.9000000000
2026-11-27,S04,K08,shared_ridge10,15.3160435596,8.5460746361,18.2905589385,0.9000000000
2026-11-27,S05,K01,shared_ridge10,10.0760062552,4.3534205569,13.8184276320,0.9000000000
2026-11-27,S05,K02,shared_ridge10,10.0192171045,4.9426967521,14.2269910938,0.9000000000
2026-11-27,S05,K03,shared_ridge10,11.6598024686,5.9184448238,15.6624453869,0.9000000000
2026-11-27,S05,K04,shared_ridge10,11.4373148382,5.5614576362,15.4148179157,0.9000000000
2026-11-27,S05,K05,shared_ridge10,14.3008825969,7.8769339489,18.1517743849,0.9000000000
2026-11-27,S05,K06,shared_ridge10,13.8058006952,8.1014616515,17.6978820840,0.9000000000
2026-11-27,S05,K07,shared_ridge10,16.2945957224,10.2481556038,19.5617716764,0.9000000000
2026-11-27,S05,K08,shared_ridge10,15.9481939162,9.6559909768,20.4190926181,0.9000000000
2026-11-27,S06,K01,shared_ridge10,10.0967316438,4.3131348468,14.3307872525,0.9000000000
2026-11-27,S06,K02,shared_ridge10,10.3874316869,4.5408819021,14.4513357508,0.9000000000
2026-11-27,S06,K03,shared_ridge10,12.4525485826,7.0273703465,16.8632502750,0.9000000000
2026-11-27,S06,K04,shared_ridge10,12.0745618326,6.4316932715,16.8755097928,0.9000000000
2026-11-27,S06,K05,shared_ridge10,14.5444059129,8.1457784862,18.5171622786,0.9000000000
2026-11-27,S06,K06,shared_ridge10,14.5622773791,9.2404623688,18.6147623247,0.9000000000
2026-11-27,S06,K07,shared_ridge10,16.6624713700,9.3497587391,21.2753259774,0.9000000000
2026-11-27,S06,K08,shared_ridge10,16.0207847848,9.1559891934,18.8372065107,0.9000000000
2026-11-27,S07,K01,shared_ridge10,10.8013948562,5.3587221544,14.8369856324,0.9000000000
2026-11-27,S07,K02,shared_ridge10,10.1908794298,5.0462505025,14.1236699120,0.9000000000
2026-11-27,S07,K03,shared_ridge10,12.7841548002,7.2094294547,18.2657451839,0.9000000000
2026-11-27,S07,K04,shared_ridge10,12.3076637493,6.4217722762,16.4061104926,0.9000000000
2026-11-27,S07,K05,shared_ridge10,15.2801572083,9.8105696695,19.9352481938,0.9000000000
2026-11-27,S07,K06,shared_ridge10,14.8213447366,8.8037065307,19.2091493559,0.9000000000
2026-11-27,S07,K07,shared_ridge10,17.6365646343,9.3203106143,22.5396397732,0.9000000000
2026-11-27,S07,K08,shared_ridge10,17.0363808348,10.7115397069,21.7208860648,0.9000000000
2026-11-27,S08,K01,shared_ridge10,11.4385768816,5.9600278837,15.7721784013,0.9000000000
2026-11-27,S08,K02,shared_ridge10,10.6780955293,4.2801620962,15.0112939555,0.9000000000
2026-11-27,S08,K03,shared_ridge10,13.4215601559,7.6514775431,18.8109533173,0.9000000000
2026-11-27,S08,K04,shared_ridge10,13.0745031275,7.6317702953,17.1203626846,0.9000000000
2026-11-27,S08,K05,shared_ridge10,16.1039914052,9.7587791658,20.1473625130,0.9000000000
2026-11-27,S08,K06,shared_ridge10,15.2203084672,9.3761509051,20.2307208402,0.9000000000
2026-11-27,S08,K07,shared_ridge10,17.9307874048,11.3702853759,20.6095840446,0.9000000000
2026-11-27,S08,K08,shared_ridge10,18.0156554462,11.1357242130,22.4501090749,0.9000000000
2026-11-27,S09,K01,shared_ridge10,11.6144953365,6.4444232697,15.3724389177,0.9000000000
2026-11-27,S09,K02,shared_ridge10,11.3413079645,5.2907358938,16.1630608594,0.9000000000
2026-11-27,S09,K03,shared_ridge10,13.5719188794,8.3600802055,18.7540285732,0.9000000000
2026-11-27,S09,K04,shared_ridge10,13.4682855109,8.2567628504,18.4585141827,0.9000000000
2026-11-27,S09,K05,shared_ridge10,16.3993281927,10.1344530803,20.5428162778,0.9000000000
2026-11-27,S09,K06,shared_ridge10,16.0234172755,10.3093393185,19.2077902297,0.9000000000
2026-11-27,S09,K07,shared_ridge10,18.3959946313,12.6668601891,22.7703526584,0.9000000000
2026-11-27,S09,K08,shared_ridge10,18.7306813529,11.2877281132,23.1932334016,0.9000000000
2026-11-27,S10,K01,shared_ridge10,11.5261650867,6.5481217794,16.5818970214,0.9000000000
2026-11-27,S10,K02,shared_ridge10,11.6572006734,6.4804754392,16.4134298615,0.9000000000
2026-11-27,S10,K03,shared_ridge10,14.3958029044,8.9693702386,19.0612409610,0.9000000000
2026-11-27,S10,K04,shared_ridge10,13.6859020912,9.0442701473,18.3589412098,0.9000000000
2026-11-27,S10,K05,shared_ridge10,16.7050276746,11.2369433023,21.8711011991,0.9000000000
2026-11-27,S10,K06,shared_ridge10,16.9196119174,10.1483001885,20.8612140041,0.9000000000
2026-11-27,S10,K07,shared_ridge10,19.3125360684,11.4685645682,25.6254317931,0.9000000000
2026-11-27,S10,K08,shared_ridge10,18.7358106916,11.2291370877,22.6747440939,0.9000000000
2026-11-27,S11,K01,shared_ridge10,12.2878231178,6.4450998604,16.9407724500,0.9000000000
2026-11-27,S11,K02,shared_ridge10,12.3718876454,6.8120326304,16.9628137276,0.9000000000
2026-11-27,S11,K03,shared_ridge10,14.6186008319,9.8780841645,18.9877602569,0.9000000000
2026-11-27,S11,K04,shared_ridge10,14.6081818840,9.6678436103,17.9037880545,0.9000000000
2026-11-27,S11,K05,shared_ridge10,17.4925924414,11.1492572530,21.4939151811,0.9000000000
2026-11-27,S11,K06,shared_ridge10,16.9607058645,10.4298891151,23.0083957301,0.9000000000
2026-11-27,S11,K07,shared_ridge10,19.8617588663,12.5159025665,25.6677716929,0.9000000000
2026-11-27,S11,K08,shared_ridge10,19.8393856260,12.7093725722,25.2949970475,0.9000000000
2026-11-27,S12,K01,shared_ridge10,12.6660614598,7.5727190849,17.1986449709,0.9000000000
2026-11-27,S12,K02,shared_ridge10,12.5839839439,6.3896049392,16.3610988879,0.9000000000
2026-11-27,S12,K03,shared_ridge10,14.9709324381,9.1958078991,20.4326194978,0.9000000000
2026-11-27,S12,K04,shared_ridge10,14.8776119358,8.8394068499,20.2863148852,0.9000000000
2026-11-27,S12,K05,shared_ridge10,17.5910380373,10.7940609311,22.8179692607,0.9000000000
2026-11-27,S12,K06,shared_ridge10,17.4836650966,9.9847030324,21.9969867032,0.9000000000
2026-11-27,S12,K07,shared_ridge10,19.9089479992,13.0147028951,23.8960713961,0.9000000000
2026-11-27,S12,K08,shared_ridge10,20.4455772383,14.0948577877,24.9692114338,0.9000000000
2026-11-28,S01,K01,shared_ridge10,10.9387879363,5.9901844968,15.6270247485,0.9000000000
2026-11-28,S01,K02,shared_ridge10,10.3933939502,4.9947595930,14.3218568987,0.9000000000
2026-11-28,S01,K03,shared_ridge10,12.9650102421,7.2307173250,17.0862583073,0.9000000000
2026-11-28,S01,K04,shared_ridge10,12.5767416436,6.4273435015,16.0480972974,0.9000000000
2026-11-28,S01,K05,shared_ridge10,15.6028998092,10.4687420707,19.2211823103,0.9000000000
2026-11-28,S01,K06,shared_ridge10,15.0423989062,8.3283593510,19.3115314748,0.9000000000
2026-11-28,S01,K07,shared_ridge10,17.4621662492,10.5050925586,21.1441484123,0.9000000000
2026-11-28,S01,K08,shared_ridge10,16.8722509351,10.7295201401,21.0512220105,0.9000000000
2026-11-28,S02,K01,shared_ridge10,11.3273889726,5.8882985895,15.8621436245,0.9000000000
2026-11-28,S02,K02,shared_ridge10,10.4711141574,5.3457945783,13.7220418406,0.9000000000
2026-11-28,S02,K03,shared_ridge10,13.4986889986,8.4569953605,17.0150276890,0.9000000000
2026-11-28,S02,K04,shared_ridge10,12.9343133020,6.7737066819,17.3014784597,0.9000000000
2026-11-28,S02,K05,shared_ridge10,16.4630034361,10.5284968045,20.1946563960,0.9000000000
2026-11-28,S02,K06,shared_ridge10,15.5816158399,9.6716297264,18.9756869406,0.9000000000
2026-11-28,S02,K07,shared_ridge10,17.5295237621,11.4297301900,21.2316247353,0.9000000000
2026-11-28,S02,K08,shared_ridge10,17.5458260646,11.4863615086,20.3551218617,0.9000000000
2026-11-28,S03,K01,shared_ridge10,11.4465599570,5.8515943891,15.6123801262,0.9000000000
2026-11-28,S03,K02,shared_ridge10,11.3260364372,5.2715303195,15.2363540546,0.9000000000
2026-11-28,S03,K03,shared_ridge10,13.5970847663,7.8549497645,18.9788167943,0.9000000000
2026-11-28,S03,K04,shared_ridge10,13.1882286649,6.9184096052,16.4845257907,0.9000000000
2026-11-28,S03,K05,shared_ridge10,16.6647441334,11.2130358614,20.1437738439,0.9000000000
2026-11-28,S03,K06,shared_ridge10,15.9598541819,10.3715920157,19.8694910727,0.9000000000
2026-11-28,S03,K07,shared_ridge10,18.6072439694,12.0491372355,22.0829190786,0.9000000000
2026-11-28,S03,K08,shared_ridge10,17.8774322822,12.1509207613,22.2897705160,0.9000000000
2026-11-28,S04,K01,shared_ridge10,11.8403423405,6.6753751500,15.7065038920,0.9000000000
2026-11-28,S04,K02,shared_ridge10,11.6835493906,6.2719729907,15.2879245290,0.9000000000
2026-11-28,S04,K03,shared_ridge10,14.4415446956,9.2523387456,18.4695313011,0.9000000000
2026-11-28,S04,K04,shared_ridge10,14.1312338463,7.9719838143,17.9298542810,0.9000000000
2026-11-28,S04,K05,shared_ridge10,17.1462775768,11.8313729601,20.0994111366,0.9000000000
2026-11-28,S04,K06,shared_ridge10,16.5816158399,10.4487292148,19.9718254701,0.9000000000
2026-11-28,S04,K07,shared_ridge10,19.3274512233,14.1554458382,22.8199003165,0.9000000000
2026-11-28,S04,K08,shared_ridge10,18.9914219195,12.2214529961,21.9659372984,0.9000000000
2026-11-28,S05,K01,shared_ridge10,12.3325703197,6.6099846215,16.0749916965,0.9000000000
2026-11-28,S05,K02,shared_ridge10,12.3985752973,7.3220549449,16.6063492866,0.9000000000
2026-11-28,S05,K03,shared_ridge10,14.5139838995,8.7726262548,18.5166268179,0.9000000000
2026-11-28,S05,K04,shared_ridge10,14.2866449083,8.4107877063,18.2641479858,0.9000000000
2026-11-28,S05,K05,shared_ridge10,17.8611375628,11.4371889148,21.7120293508,0.9000000000
2026-11-28,S05,K06,shared_ridge10,17.2292842337,11.5249451900,21.1213656225,0.9000000000
2026-11-28,S05,K07,shared_ridge10,20.0476584771,14.0012183585,23.3148344312,0.9000000000
2026-11-28,S05,K08,shared_ridge10,19.6235722761,13.3313693367,24.0944709781,0.9000000000
2026-11-28,S06,K01,shared_ridge10,12.3532957083,6.5696989113,16.5873513171,0.9000000000
2026-11-28,S06,K02,shared_ridge10,12.7667898797,6.9202400949,16.8306939436,0.9000000000
2026-11-28,S06,K03,shared_ridge10,15.3067300135,9.8815517774,19.7174317060,0.9000000000
2026-11-28,S06,K04,shared_ridge10,14.9238919027,9.2810233416,19.7248398629,0.9000000000
2026-11-28,S06,K05,shared_ridge10,18.1046608789,11.7060334521,22.0774172446,0.9000000000
2026-11-28,S06,K06,shared_ridge10,17.9857609176,12.6639459073,22.0382458632,0.9000000000
2026-11-28,S06,K07,shared_ridge10,20.4155341248,13.1028214939,25.0283887322,0.9000000000
2026-11-28,S06,K08,shared_ridge10,19.6961631448,12.8313675534,22.5125848706,0.9000000000
2026-11-28,S07,K01,shared_ridge10,13.0579589208,7.6152862190,17.0935496970,0.9000000000
2026-11-28,S07,K02,shared_ridge10,12.5702376226,7.4256086953,16.5030281048,0.9000000000
2026-11-28,S07,K03,shared_ridge10,15.6383362311,10.0636108857,21.1199266149,0.9000000000
2026-11-28,S07,K04,shared_ridge10,15.1569938194,9.2711023463,19.2554405627,0.9000000000
2026-11-28,S07,K05,shared_ridge10,18.8404121742,13.3708246354,23.4955031597,0.9000000000
2026-11-28,S07,K06,shared_ridge10,18.2448282751,12.2271900692,22.6326328944,0.9000000000
2026-11-28,S07,K07,shared_ridge10,21.3896273891,13.0733733691,26.2927025279,0.9000000000
2026-11-28,S07,K08,shared_ridge10,20.7117591948,14.3869180668,25.3962644248,0.9000000000
2026-11-28,S08,K01,shared_ridge10,13.6951409461,8.2165919483,18.0287424659,0.9000000000
2026-11-28,S08,K02,shared_ridge10,13.0574537221,6.6595202890,17.3906521483,0.9000000000
2026-11-28,S08,K03,shared_ridge10,16.2757415868,10.5056589741,21.6651347482,0.9000000000
2026-11-28,S08,K04,shared_ridge10,15.9238331976,10.4811003654,19.9696927547,0.9000000000
2026-11-28,S08,K05,shared_ridge10,19.6642463711,13.3190341317,23.7076174789,0.9000000000
2026-11-28,S08,K06,shared_ridge10,18.6437920057,12.7996344436,23.6542043787,0.9000000000
2026-11-28,S08,K07,shared_ridge10,21.6838501596,15.1233481307,24.3626467994,0.9000000000
2026-11-28,S08,K08,shared_ridge10,21.6910338062,14.8111025729,26.1254874349,0.9000000000
2026-11-28,S09,K01,shared_ridge10,13.8710594010,8.7009873343,17.6290029822,0.9000000000
2026-11-28,S09,K02,shared_ridge10,13.7206661573,7.6700940866,18.5424190522,0.9000000000
2026-11-28,S09,K03,shared_ridge10,16.4261003104,11.2142616364,21.6082100042,0.9000000000
2026-11-28,S09,K04,shared_ridge10,16.3176155810,11.1060929205,21.3078442528,0.9000000000
2026-11-28,S09,K05,shared_ridge10,19.9595831587,13.6947080462,24.1030712438,0.9000000000
2026-11-28,S09,K06,shared_ridge10,19.4469008140,13.7328228570,22.6312737682,0.9000000000
2026-11-28,S09,K07,shared_ridge10,22.1490573861,16.4199229439,26.5234154132,0.9000000000
2026-11-28,S09,K08,shared_ridge10,22.4060597129,14.9631064731,26.8686117616,0.9000000000
2026-11-28,S10,K01,shared_ridge10,13.7827291513,8.8046858439,18.8384610860,0.9000000000
2026-11-28,S10,K02,shared_ridge10,14.0365588661,8.8598336320,18.7927880543,0.9000000000
2026-11-28,S10,K03,shared_ridge10,17.2499843353,11.8235516696,21.9154223920,0.9000000000
2026-11-28,S10,K04,shared_ridge10,16.5352321613,11.8936002174,21.2082712799,0.9000000000
2026-11-28,S10,K05,shared_ridge10,20.2652826405,14.7971982682,25.4313561650,0.9000000000
2026-11-28,S10,K06,shared_ridge10,20.3430954559,13.5717837270,24.2846975426,0.9000000000
2026-11-28,S10,K07,shared_ridge10,23.0655988232,15.2216273230,29.3784945479,0.9000000000
2026-11-28,S10,K08,shared_ridge10,22.4111890515,14.9045154477,26.3501224538,0.9000000000
2026-11-28,S11,K01,shared_ridge10,14.5443871824,8.7016639249,19.1973365146,0.9000000000
2026-11-28,S11,K02,shared_ridge10,14.7512458382,9.1913908232,19.3421719204,0.9000000000
2026-11-28,S11,K03,shared_ridge10,17.4727822628,12.7322655955,21.8419416878,0.9000000000
2026-11-28,S11,K04,shared_ridge10,17.4575119541,12.5171736804,20.7531181246,0.9000000000
2026-11-28,S11,K05,shared_ridge10,21.0528474074,14.7095122189,25.0541701471,0.9000000000
2026-11-28,S11,K06,shared_ridge10,20.3841894030,13.8533726537,26.4318792686,0.9000000000
2026-11-28,S11,K07,shared_ridge10,23.6148216211,16.2689653213,29.4208344477,0.9000000000
2026-11-28,S11,K08,shared_ridge10,23.5147639860,16.3847509322,28.9703754075,0.9000000000
2026-11-28,S12,K01,shared_ridge10,14.9226255243,9.8292831495,19.4552090354,0.9000000000
2026-11-28,S12,K02,shared_ridge10,14.9633421367,8.7689631320,18.7404570807,0.9000000000
2026-11-28,S12,K03,shared_ridge10,17.8251138690,12.0499893301,23.2868009288,0.9000000000
2026-11-28,S12,K04,shared_ridge10,17.7269420059,11.6887369200,23.1356449553,0.9000000000
2026-11-28,S12,K05,shared_ridge10,21.1512930032,14.3543158971,26.3782242266,0.9000000000
2026-11-28,S12,K06,shared_ridge10,20.9071486351,13.4081865709,25.4204702417,0.9000000000
2026-11-28,S12,K07,shared_ridge10,23.6620107540,16.7677656499,27.6491341509,0.9000000000
2026-11-28,S12,K08,shared_ridge10,24.1209555983,17.7702361477,28.6445897938,0.9000000000
2026-11-29,S01,K01,shared_ridge10,10.9825960221,6.0339925826,15.6708328343,0.9000000000
2026-11-29,S01,K02,shared_ridge10,10.3437437475,4.9451093904,14.2722066960,0.9000000000
2026-11-29,S01,K03,shared_ridge10,12.6827495597,6.9484566426,16.8039976249,0.9000000000
2026-11-29,S01,K04,shared_ridge10,12.6793681344,6.5299699922,16.1507237882,0.9000000000
2026-11-29,S01,K05,shared_ridge10,15.4480657753,10.3139080368,19.0663482764,0.9000000000
2026-11-29,S01,K06,shared_ridge10,14.8594616236,8.1454220684,19.1285941922,0.9000000000
2026-11-29,S01,K07,shared_ridge10,17.2666059385,10.3095322479,20.9485881016,0.9000000000
2026-11-29,S01,K08,shared_ridge10,17.3042060617,11.1614752667,21.4831771371,0.9000000000
2026-11-29,S02,K01,shared_ridge10,11.3711970584,5.9321066752,15.9059517103,0.9000000000
2026-11-29,S02,K02,shared_ridge10,10.4214639548,5.2961443756,13.6723916379,0.9000000000
2026-11-29,S02,K03,shared_ridge10,13.2164283161,8.1747346781,16.7327670066,0.9000000000
2026-11-29,S02,K04,shared_ridge10,13.0369397928,6.8763331727,17.4041049505,0.9000000000
2026-11-29,S02,K05,shared_ridge10,16.3081694022,10.3736627706,20.0398223621,0.9000000000
2026-11-29,S02,K06,shared_ridge10,15.3986785574,9.4886924439,18.7927496581,0.9000000000
2026-11-29,S02,K07,shared_ridge10,17.3339634514,11.2341698793,21.0360644246,0.9000000000
2026-11-29,S02,K08,shared_ridge10,17.9777811912,11.9183166352,20.7870769883,0.9000000000
2026-11-29,S03,K01,shared_ridge10,11.4903680428,5.8954024749,15.6561882119,0.9000000000
2026-11-29,S03,K02,shared_ridge10,11.2763862346,5.2218801169,15.1867038520,0.9000000000
2026-11-29,S03,K03,shared_ridge10,13.3148240839,7.5726890821,18.6965561119,0.9000000000
2026-11-29,S03,K04,shared_ridge10,13.2908551557,7.0210360960,16.5871522815,0.9000000000
2026-11-29,S03,K05,shared_ridge10,16.5099100996,11.0582018275,19.9889398101,0.9000000000
2026-11-29,S03,K06,shared_ridge10,15.7769168993,10.1886547331,19.6865537901,0.9000000000
2026-11-29,S03,K07,shared_ridge10,18.4116836587,11.8535769248,21.8873587679,0.9000000000
2026-11-29,S03,K08,shared_ridge10,18.3093874088,12.5828758879,22.7217256426,0.9000000000
2026-11-29,S04,K01,shared_ridge10,11.8841504262,6.7191832357,15.7503119778,0.9000000000
2026-11-29,S04,K02,shared_ridge10,11.6338991879,6.2223227880,15.2382743264,0.9000000000
2026-11-29,S04,K03,shared_ridge10,14.1592840132,8.9700780631,18.1872706187,0.9000000000
2026-11-29,S04,K04,shared_ridge10,14.2338603371,8.0746103051,18.0324807718,0.9000000000
2026-11-29,S04,K05,shared_ridge10,16.9914435430,11.6765389263,19.9445771027,0.9000000000
2026-11-29,S04,K06,shared_ridge10,16.3986785574,10.2657919323,19.7888881876,0.9000000000
2026-11-29,S04,K07,shared_ridge10,19.1318909126,13.9598855275,22.6243400058,0.9000000000
2026-11-29,S04,K08,shared_ridge10,19.4233770461,12.6534081227,22.3978924250,0.9000000000
2026-11-29,S05,K01,shared_ridge10,12.3763784055,6.6537927072,16.1187997823,0.9000000000
2026-11-29,S05,K02,shared_ridge10,12.3489250947,7.2724047422,16.5566990839,0.9000000000
2026-11-29,S05,K03,shared_ridge10,14.2317232171,8.4903655724,18.2343661354,0.9000000000
2026-11-29,S05,K04,shared_ridge10,14.3892713990,8.5134141971,18.3667744766,0.9000000000
2026-11-29,S05,K05,shared_ridge10,17.7063035289,11.2823548810,21.5571953170,0.9000000000
2026-11-29,S05,K06,shared_ridge10,17.0463469512,11.3420079075,20.9384283400,0.9000000000
2026-11-29,S05,K07,shared_ridge10,19.8520981664,13.8056580479,23.1192741205,0.9000000000
2026-11-29,S05,K08,shared_ridge10,20.0555274027,13.7633244633,24.5264261047,0.9000000000
2026-11-29,S06,K01,shared_ridge10,12.3971037941,6.6135069971,16.6311594029,0.9000000000
2026-11-29,S06,K02,shared_ridge10,12.7171396770,6.8705898922,16.7810437409,0.9000000000
2026-11-29,S06,K03,shared_ridge10,15.0244693311,9.5992910950,19.4351710236,0.9000000000
2026-11-29,S06,K04,shared_ridge10,15.0265183935,9.3836498324,19.8274663537,0.9000000000
2026-11-29,S06,K05,shared_ridge10,17.9498268450,11.5511994182,21.9225832107,0.9000000000
2026-11-29,S06,K06,shared_ridge10,17.8028236351,12.4810086248,21.8553085806,0.9000000000
2026-11-29,S06,K07,shared_ridge10,20.2199738141,12.9072611832,24.8328284215,0.9000000000
2026-11-29,S06,K08,shared_ridge10,20.1281182714,13.2633226800,22.9445399972,0.9000000000
2026-11-29,S07,K01,shared_ridge10,13.1017670065,7.6590943047,17.1373577828,0.9000000000
2026-11-29,S07,K02,shared_ridge10,12.5205874200,7.3759584926,16.4533779021,0.9000000000
2026-11-29,S07,K03,shared_ridge10,15.3560755487,9.7813502033,20.8376659325,0.9000000000
2026-11-29,S07,K04,shared_ridge10,15.2596203102,9.3737288371,19.3580670535,0.9000000000
2026-11-29,S07,K05,shared_ridge10,18.6855781403,13.2159906016,23.3406691259,0.9000000000
2026-11-29,S07,K06,shared_ridge10,18.0618909926,12.0442527867,22.4496956119,0.9000000000
2026-11-29,S07,K07,shared_ridge10,21.1940670784,12.8778130584,26.0971422172,0.9000000000
2026-11-29,S07,K08,shared_ridge10,21.1437143214,14.8188731934,25.8282195513,0.9000000000
2026-11-29,S08,K01,shared_ridge10,13.7389490319,8.2604000340,18.0725505517,0.9000000000
2026-11-29,S08,K02,shared_ridge10,13.0078035194,6.6098700864,17.3410019456,0.9000000000
2026-11-29,S08,K03,shared_ridge10,15.9934809044,10.2233982916,21.3828740658,0.9000000000
2026-11-29,S08,K04,shared_ridge10,16.0264596884,10.5837268562,20.0723192455,0.9000000000
2026-11-29,S08,K05,shared_ridge10,19.5094123372,13.1642000978,23.5527834451,0.9000000000
2026-11-29,S08,K06,shared_ridge10,18.4608547232,12.6166971611,23.4712670962,0.9000000000
2026-11-29,S08,K07,shared_ridge10,21.4882898489,14.9277878200,24.1670864887,0.9000000000
2026-11-29,S08,K08,shared_ridge10,22.1229889328,15.2430576995,26.5574425615,0.9000000000
2026-11-29,S09,K01,shared_ridge10,13.9148674868,8.7447954201,17.6728110680,0.9000000000
2026-11-29,S09,K02,shared_ridge10,13.6710159547,7.6204438839,18.4927688495,0.9000000000
2026-11-29,S09,K03,shared_ridge10,16.1438396279,10.9320009540,21.3259493217,0.9000000000
2026-11-29,S09,K04,shared_ridge10,16.4202420718,11.2087194113,21.4104707436,0.9000000000
2026-11-29,S09,K05,shared_ridge10,19.8047491248,13.5398740124,23.9482372099,0.9000000000
2026-11-29,S09,K06,shared_ridge10,19.2639635315,13.5498855745,22.4483364856,0.9000000000
2026-11-29,S09,K07,shared_ridge10,21.9534970754,16.2243626332,26.3278551025,0.9000000000
2026-11-29,S09,K08,shared_ridge10,22.8380148395,15.3950615997,27.3005668882,0.9000000000
2026-11-29,S10,K01,shared_ridge10,13.8265372371,8.8484939297,18.8822691718,0.9000000000
2026-11-29,S10,K02,shared_ridge10,13.9869086635,8.8101834293,18.7431378516,0.9000000000
2026-11-29,S10,K03,shared_ridge10,16.9677236529,11.5412909872,21.6331617096,0.9000000000
2026-11-29,S10,K04,shared_ridge10,16.6378586521,11.9962267082,21.3108977707,0.9000000000
2026-11-29,S10,K05,shared_ridge10,20.1104486067,14.6423642344,25.2765221312,0.9000000000
2026-11-29,S10,K06,shared_ridge10,20.1601581734,13.3888464444,24.1017602601,0.9000000000
2026-11-29,S10,K07,shared_ridge10,22.8700385125,15.0260670123,29.1829342372,0.9000000000
2026-11-29,S10,K08,shared_ridge10,22.8431441781,15.3364705743,26.7820775804,0.9000000000
2026-11-29,S11,K01,shared_ridge10,14.5881952682,8.7454720107,19.2411446004,0.9000000000
2026-11-29,S11,K02,shared_ridge10,14.7015956355,9.1417406205,19.2925217177,0.9000000000
2026-11-29,S11,K03,shared_ridge10,17.1905215804,12.4500049131,21.5596810054,0.9000000000
2026-11-29,S11,K04,shared_ridge10,17.5601384449,12.6198001712,20.8557446154,0.9000000000
2026-11-29,S11,K05,shared_ridge10,20.8980133735,14.5546781851,24.8993361132,0.9000000000
2026-11-29,S11,K06,shared_ridge10,20.2012521205,13.6704353711,26.2489419861,0.9000000000
2026-11-29,S11,K07,shared_ridge10,23.4192613104,16.0734050106,29.2252741370,0.9000000000
2026-11-29,S11,K08,shared_ridge10,23.9467191126,16.8167060588,29.4023305341,0.9000000000
2026-11-29,S12,K01,shared_ridge10,14.9664336101,9.8730912352,19.4990171212,0.9000000000
2026-11-29,S12,K02,shared_ridge10,14.9136919340,8.7193129293,18.6908068780,0.9000000000
2026-11-29,S12,K03,shared_ridge10,17.5428531866,11.7677286476,23.0045402463,0.9000000000
2026-11-29,S12,K04,shared_ridge10,17.8295684967,11.7913634108,23.2382714461,0.9000000000
2026-11-29,S12,K05,shared_ridge10,20.9964589694,14.1994818632,26.2233901928,0.9000000000
2026-11-29,S12,K06,shared_ridge10,20.7242113526,13.2252492884,25.2375329592,0.9000000000
2026-11-29,S12,K07,shared_ridge10,23.4664504433,16.5722053392,27.4535738402,0.9000000000
2026-11-29,S12,K08,shared_ridge10,24.5529107249,18.2021912742,29.0765449203,0.9000000000
2026-11-30,S01,K01,shared_ridge10,8.3244666262,3.3758631867,13.0127034384,0.9000000000
2026-11-30,S01,K02,shared_ridge10,7.2848783498,1.8862439927,11.2133412983,0.9000000000
2026-11-30,S01,K03,shared_ridge10,9.9408914140,4.2065984969,14.0621394792,0.9000000000
2026-11-30,S01,K04,shared_ridge10,9.5024915196,3.3530933774,12.9738471734,0.9000000000
2026-11-30,S01,K05,shared_ridge10,11.9390950250,6.8049372865,15.5573775261,0.9000000000
2026-11-30,S01,K06,shared_ridge10,11.1514657442,4.4374261890,15.4205983128,0.9000000000
2026-11-30,S01,K07,shared_ridge10,13.7204478099,6.7633741193,17.4024299730,0.9000000000
2026-11-30,S01,K08,shared_ridge10,13.1740493870,7.0313185920,17.3530204625,0.9000000000
2026-11-30,S02,K01,shared_ridge10,8.7130676625,3.2739772793,13.2478223144,0.9000000000
2026-11-30,S02,K02,shared_ridge10,7.3625985571,2.2372789779,10.6135262402,0.9000000000
2026-11-30,S02,K03,shared_ridge10,10.4745701704,5.4328765324,13.9909088609,0.9000000000
2026-11-30,S02,K04,shared_ridge10,9.8600631780,3.6994565579,14.2272283357,0.9000000000
2026-11-30,S02,K05,shared_ridge10,12.7991986519,6.8646920203,16.5308516118,0.9000000000
2026-11-30,S02,K06,shared_ridge10,11.6906826779,5.7806965644,15.0847537786,0.9000000000
2026-11-30,S02,K07,shared_ridge10,13.7878053228,7.6880117507,17.4899062960,0.9000000000
2026-11-30,S02,K08,shared_ridge10,13.8476245166,7.7881599606,16.6569203137,0.9000000000
2026-11-30,S03,K01,shared_ridge10,8.8322386469,3.2372730790,12.9980588160,0.9000000000
2026-11-30,S03,K02,shared_ridge10,8.2175208368,2.1630147192,12.1278384542,0.9000000000
2026-11-30,S03,K03,shared_ridge10,10.5729659382,4.8308309363,15.9546979662,0.9000000000
2026-11-30,S03,K04,shared_ridge10,10.1139785409,3.8441594812,13.4102756667,0.9000000000
2026-11-30,S03,K05,shared_ridge10,13.0009393492,7.5492310772,16.4799690597,0.9000000000
2026-11-30,S03,K06,shared_ridge10,12.0689210199,6.4806588537,15.9785579107,0.9000000000
2026-11-30,S03,K07,shared_ridge10,14.8655255301,8.3074187963,18.3412006393,0.9000000000
2026-11-30,S03,K08,shared_ridge10,14.1792307342,8.4527192132,18.5915689679,0.9000000000
2026-11-30,S04,K01,shared_ridge10,9.2260210303,4.0610538398,13.0921825819,0.9000000000
2026-11-30,S04,K02,shared_ridge10,8.5750337902,3.1634573903,12.1794089287,0.9000000000
2026-11-30,S04,K03,shared_ridge10,11.4174258675,6.2282199174,15.4454124730,0.9000000000
2026-11-30,S04,K04,shared_ridge10,11.0569837223,4.8977336903,14.8556041570,0.9000000000
2026-11-30,S04,K05,shared_ridge10,13.4824727926,8.1675681759,16.4356063524,0.9000000000
2026-11-30,S04,K06,shared_ridge10,12.6906826779,6.5577960528,16.0808923081,0.9000000000
2026-11-30,S04,K07,shared_ridge10,15.5857327840,10.4137273989,19.0781818772,0.9000000000
2026-11-30,S04,K08,shared_ridge10,15.2932203715,8.5232514480,18.2677357504,0.9000000000
2026-11-30,S05,K01,shared_ridge10,9.7182490096,3.9956633113,13.4606703864,0.9000000000
2026-11-30,S05,K02,shared_ridge10,9.2900596970,4.2135393445,13.4978336862,0.9000000000
2026-11-30,S05,K03,shared_ridge10,11.4898650714,5.7485074267,15.4925079897,0.9000000000
2026-11-30,S05,K04,shared_ridge10,11.2123947842,5.3365375823,15.1898978618,0.9000000000
2026-11-30,S05,K05,shared_ridge10,14.1973327786,7.7733841306,18.0482245666,0.9000000000
2026-11-30,S05,K06,shared_ridge10,13.3383510717,7.6340120280,17.2304324605,0.9000000000
2026-11-30,S05,K07,shared_ridge10,16.3059400379,10.2594999193,19.5731159920,0.9000000000
2026-11-30,S05,K08,shared_ridge10,15.9253707281,9.6331677887,20.3962694300,0.9000000000
2026-11-30,S06,K01,shared_ridge10,9.7389743982,3.9553776012,13.9730300070,0.9000000000
2026-11-30,S06,K02,shared_ridge10,9.6582742793,3.8117244945,13.7221783432,0.9000000000
2026-11-30,S06,K03,shared_ridge10,12.2826111854,6.8574329493,16.6933128778,0.9000000000
2026-11-30,S06,K04,shared_ridge10,11.8496417787,6.2067732175,16.6505897389,0.9000000000
2026-11-30,S06,K05,shared_ridge10,14.4408560947,8.0422286679,18.4136124604,0.9000000000
2026-11-30,S06,K06,shared_ridge10,14.0948277556,8.7730127453,18.1473127012,0.9000000000
2026-11-30,S06,K07,shared_ridge10,16.6738156855,9.3611030547,21.2866702929,0.9000000000
2026-11-30,S06,K08,shared_ridge10,15.9979615967,9.1331660054,18.8143833226,0.9000000000
2026-11-30,S07,K01,shared_ridge10,10.4436376106,5.0009649088,14.4792283869,0.9000000000
2026-11-30,S07,K02,shared_ridge10,9.4617220223,4.3170930949,13.3945125044,0.9000000000
2026-11-30,S07,K03,shared_ridge10,12.6142174030,7.0394920576,18.0958077868,0.9000000000
2026-11-30,S07,K04,shared_ridge10,12.0827436954,6.1968522223,16.1811904386,0.9000000000
2026-11-30,S07,K05,shared_ridge10,15.1766073900,9.7070198512,19.8316983755,0.9000000000
2026-11-30,S07,K06,shared_ridge10,14.3538951131,8.3362569072,18.7416997324,0.9000000000
2026-11-30,S07,K07,shared_ridge10,17.6479089498,9.3316549298,22.5509840887,0.9000000000
2026-11-30,S07,K08,shared_ridge10,17.0135576467,10.6887165188,21.6980628767,0.9000000000
2026-11-30,S08,K01,shared_ridge10,11.0808196360,5.6022706381,15.4144211558,0.9000000000
2026-11-30,S08,K02,shared_ridge10,9.9489381217,3.5510046886,14.2821365479,0.9000000000
2026-11-30,S08,K03,shared_ridge10,13.2516227587,7.4815401459,18.6410159201,0.9000000000
2026-11-30,S08,K04,shared_ridge10,12.8495830736,7.4068502414,16.8954426307,0.9000000000
2026-11-30,S08,K05,shared_ridge10,16.0004415869,9.6552293475,20.0438126947,0.9000000000
2026-11-30,S08,K06,shared_ridge10,14.7528588437,8.9087012816,19.7632712167,0.9000000000
2026-11-30,S08,K07,shared_ridge10,17.9421317203,11.3816296915,20.6209283601,0.9000000000
2026-11-30,S08,K08,shared_ridge10,17.9928322581,11.1129010249,22.4272858868,0.9000000000
2026-11-30,S09,K01,shared_ridge10,11.2567380909,6.0866660242,15.0146816721,0.9000000000
2026-11-30,S09,K02,shared_ridge10,10.6121505569,4.5615784862,15.4339034518,0.9000000000
2026-11-30,S09,K03,shared_ridge10,13.4019814822,8.1901428083,18.5840911760,0.9000000000
2026-11-30,S09,K04,shared_ridge10,13.2433654570,8.0318427965,18.2335941288,0.9000000000
2026-11-30,S09,K05,shared_ridge10,16.2957783744,10.0309032620,20.4392664596,0.9000000000
2026-11-30,S09,K06,shared_ridge10,15.5559676520,9.8418896950,18.7403406062,0.9000000000
2026-11-30,S09,K07,shared_ridge10,18.4073389468,12.6782045046,22.7816969739,0.9000000000
2026-11-30,S09,K08,shared_ridge10,18.7078581648,11.2649049251,23.1704102136,0.9000000000
2026-11-30,S10,K01,shared_ridge10,11.1684078412,6.1903645338,16.2241397759,0.9000000000
2026-11-30,S10,K02,shared_ridge10,10.9280432658,5.7513180316,15.6842724539,0.9000000000
2026-11-30,S10,K03,shared_ridge10,14.2258655072,8.7994328415,18.8913035639,0.9000000000
2026-11-30,S10,K04,shared_ridge10,13.4609820373,8.8193500933,18.1340211559,0.9000000000
2026-11-30,S10,K05,shared_ridge10,16.6014778563,11.1333934840,21.7675513808,0.9000000000
2026-11-30,S10,K06,shared_ridge10,16.4521622939,9.6808505650,20.3937643806,0.9000000000
2026-11-30,S10,K07,shared_ridge10,19.3238803839,11.4799088837,25.6367761087,0.9000000000
2026-11-30,S10,K08,shared_ridge10,18.7129875035,11.2063138996,22.6519209058,0.9000000000
2026-11-30,S11,K01,shared_ridge10,11.9300658722,6.0873426148,16.5830152045,0.9000000000
2026-11-30,S11,K02,shared_ridge10,11.6427302378,6.0828752228,16.2336563200,0.9000000000
2026-11-30,S11,K03,shared_ridge10,14.4486634347,9.7081467673,18.8178228597,0.9000000000
2026-11-30,S11,K04,shared_ridge10,14.3832618301,9.4429235564,17.6788680006,0.9000000000
2026-11-30,S11,K05,shared_ridge10,17.3890426232,11.0457074347,21.3903653629,0.9000000000
2026-11-30,S11,K06,shared_ridge10,16.4932562410,9.9624394917,22.5409461066,0.9000000000
2026-11-30,S11,K07,shared_ridge10,19.8731031818,12.5272468821,25.6791160085,0.9000000000
2026-11-30,S11,K08,shared_ridge10,19.8165624379,12.6865493841,25.2721738594,0.9000000000
2026-11-30,S12,K01,shared_ridge10,12.3083042142,7.2149618393,16.8408877253,0.9000000000
2026-11-30,S12,K02,shared_ridge10,11.8548265363,5.6604475316,15.6319414803,0.9000000000
2026-11-30,S12,K03,shared_ridge10,14.8009950409,9.0258705019,20.2626821006,0.9000000000
2026-11-30,S12,K04,shared_ridge10,14.6526918819,8.6144867960,20.0613948313,0.9000000000
2026-11-30,S12,K05,shared_ridge10,17.4874882190,10.6905111129,22.7144194424,0.9000000000
2026-11-30,S12,K06,shared_ridge10,17.0162154731,9.5172534089,21.5295370797,0.9000000000
2026-11-30,S12,K07,shared_ridge10,19.9202923147,13.0260472106,23.9074157116,0.9000000000
2026-11-30,S12,K08,shared_ridge10,20.4227540503,14.0720345996,24.9463882457,0.9000000000
2026-12-01,S01,K01,shared_ridge10,11.7240930651,6.7754896256,16.4123298774,0.9000000000
2026-12-01,S01,K02,shared_ridge10,10.9203406220,5.5217062649,14.8488035706,0.9000000000
2026-12-01,S01,K03,shared_ridge10,13.4648193755,7.7305264585,17.5860674408,0.9000000000
2026-12-01,S01,K04,shared_ridge10,12.8522583047,6.7028601625,16.3236139585,0.9000000000
2026-12-01,S01,K05,shared_ridge10,15.2270358660,10.0928781276,18.8453183671,0.9000000000
2026-12-01,S01,K06,shared_ridge10,14.6069555105,7.8929159553,18.8760880791,0.9000000000
2026-12-01,S01,K07,shared_ridge10,17.0453021257,10.0882284351,20.7272842888,0.9000000000
2026-12-01,S01,K08,shared_ridge10,16.5767296991,10.4339989041,20.7557007745,0.9000000000
2026-12-01,S02,K01,shared_ridge10,12.1126941014,6.6736037183,16.6474487534,0.9000000000
2026-12-01,S02,K02,shared_ridge10,10.9980608293,5.8727412501,14.2489885125,0.9000000000
2026-12-01,S02,K03,shared_ridge10,13.9984981320,8.9568044939,17.5148368224,0.9000000000
2026-12-01,S02,K04,shared_ridge10,13.2098299631,7.0492233430,17.5769951208,0.9000000000
2026-12-01,S02,K05,shared_ridge10,16.0871394930,10.1526328613,19.8187924528,0.9000000000
2026-12-01,S02,K06,shared_ridge10,15.1461724442,9.2361863307,18.5402435449,0.9000000000
2026-12-01,S02,K07,shared_ridge10,17.1126596386,11.0128660665,20.8147606118,0.9000000000
2026-12-01,S02,K08,shared_ridge10,17.2503048287,11.1908402726,20.0596006258,0.9000000000
2026-12-01,S03,K01,shared_ridge10,12.2318650859,6.6368995179,16.3976852550,0.9000000000
2026-12-01,S03,K02,shared_ridge10,11.8529831091,5.7984769914,15.7633007265,0.9000000000
2026-12-01,S03,K03,shared_ridge10,14.0968938998,8.3547588979,19.4786259277,0.9000000000
2026-12-01,S03,K04,shared_ridge10,13.4637453260,7.1939262663,16.7600424518,0.9000000000
2026-12-01,S03,K05,shared_ridge10,16.2888801903,10.8371719182,19.7679099008,0.9000000000
2026-12-01,S03,K06,shared_ridge10,15.5244107862,9.9361486199,19.4340476770,0.9000000000
2026-12-01,S03,K07,shared_ridge10,18.1903798459,11.6322731120,21.6660549551,0.9000000000
2026-12-01,S03,K08,shared_ridge10,17.5819110463,11.8553995253,21.9942492800,0.9000000000
2026-12-01,S04,K01,shared_ridge10,12.6256474693,7.4606802788,16.4918090208,0.9000000000
2026-12-01,S04,K02,shared_ridge10,12.2104960625,6.7989196626,15.8148712009,0.9000000000
2026-12-01,S04,K03,shared_ridge10,14.9413538291,9.7521478790,18.9693404345,0.9000000000
2026-12-01,S04,K04,shared_ridge10,14.4067505073,8.2475004754,18.2053709421,0.9000000000
2026-12-01,S04,K05,shared_ridge10,16.7704136337,11.4555090170,19.7235471935,0.9000000000
2026-12-01,S04,K06,shared_ridge10,16.1461724442,10.0132858191,19.5363820744,0.9000000000
2026-12-01,S04,K07,shared_ridge10,18.9105870998,13.7385817147,22.4030361930,0.9000000000
2026-12-01,S04,K08,shared_ridge10,18.6959006836,11.9259317601,21.6704160625,0.9000000000
2026-12-01,S05,K01,shared_ridge10,13.1178754486,7.3952897503,16.8602968254,0.9000000000
2026-12-01,S05,K02,shared_ridge10,12.9255219692,7.8490016168,17.1332959584,0.9000000000
2026-12-01,S05,K03,shared_ridge10,15.0137930330,9.2724353882,19.0164359513,0.9000000000
2026-12-01,S05,K04,shared_ridge10,14.5621615693,8.6863043674,18.5396646468,0.9000000000
2026-12-01,S05,K05,shared_ridge10,17.4852736197,11.0613249717,21.3361654077,0.9000000000
2026-12-01,S05,K06,shared_ridge10,16.7938408380,11.0895017943,20.6859222268,0.9000000000
2026-12-01,S05,K07,shared_ridge10,19.6307943536,13.5843542351,22.8979703077,0.9000000000
2026-12-01,S05,K08,shared_ridge10,19.3280510402,13.0358481007,23.7989497421,0.9000000000
2026-12-01,S06,K01,shared_ridge10,13.1386008372,7.3550040402,17.3726564459,0.9000000000
2026-12-01,S06,K02,shared_ridge10,13.2937365515,7.4471867667,17.3576406155,0.9000000000
2026-12-01,S06,K03,shared_ridge10,15.8065391470,10.3813609109,20.2172408394,0.9000000000
2026-12-01,S06,K04,shared_ridge10,15.1994085637,9.5565400026,20.0003565240,0.9000000000
2026-12-01,S06,K05,shared_ridge10,17.7287969357,11.3301695089,21.7015533014,0.9000000000
2026-12-01,S06,K06,shared_ridge10,17.5503175219,12.2285025116,21.6028024675,0.9000000000
2026-12-01,S06,K07,shared_ridge10,19.9986700013,12.6859573704,24.6115246087,0.9000000000
2026-12-01,S06,K08,shared_ridge10,19.4006419088,12.5358463174,22.2170636347,0.9000000000
2026-12-01,S07,K01,shared_ridge10,13.8432640496,8.4005913478,17.8788548258,0.9000000000
2026-12-01,S07,K02,shared_ridge10,13.0971842945,7.9525553672,17.0299747766,0.9000000000
2026-12-01,S07,K03,shared_ridge10,16.1381453646,10.5634200191,21.6197357483,0.9000000000
2026-12-01,S07,K04,shared_ridge10,15.4325104804,9.5466190073,19.5309572237,0.9000000000
2026-12-01,S07,K05,shared_ridge10,18.4645482311,12.9949606923,23.1196392166,0.9000000000
2026-12-01,S07,K06,shared_ridge10,17.8093848794,11.7917466735,22.1971894987,0.9000000000
2026-12-01,S07,K07,shared_ridge10,20.9727632656,12.6565092456,25.8758384044,0.9000000000
2026-12-01,S07,K08,shared_ridge10,20.4162379588,14.0913968308,25.1007431888,0.9000000000
2026-12-01,S08,K01,shared_ridge10,14.4804460750,9.0018970771,18.8140475947,0.9000000000
2026-12-01,S08,K02,shared_ridge10,13.5844003940,7.1864669609,17.9175988202,0.9000000000
2026-12-01,S08,K03,shared_ridge10,16.7755507203,11.0054681075,22.1649438817,0.9000000000
2026-12-01,S08,K04,shared_ridge10,16.1993498587,10.7566170265,20.2452094157,0.9000000000
2026-12-01,S08,K05,shared_ridge10,19.2883824279,12.9431701886,23.3317535358,0.9000000000
2026-12-01,S08,K06,shared_ridge10,18.2083486100,12.3641910479,23.2187609830,0.9000000000
2026-12-01,S08,K07,shared_ridge10,21.2669860361,14.7064840072,23.9457826759,0.9000000000
2026-12-01,S08,K08,shared_ridge10,21.3955125702,14.5155813370,25.8299661989,0.9000000000
2026-12-01,S09,K01,shared_ridge10,14.6563645299,9.4862924631,18.4143081111,0.9000000000
2026-12-01,S09,K02,shared_ridge10,14.2476128292,8.1970407585,19.0693657240,0.9000000000
2026-12-01,S09,K03,shared_ridge10,16.9259094438,11.7140707699,22.1080191376,0.9000000000
2026-12-01,S09,K04,shared_ridge10,16.5931322421,11.3816095816,21.5833609138,0.9000000000
2026-12-01,S09,K05,shared_ridge10,19.5837192155,13.3188441031,23.7272073006,0.9000000000
2026-12-01,S09,K06,shared_ridge10,19.0114574183,13.2973794613,22.1958303725,0.9000000000
2026-12-01,S09,K07,shared_ridge10,21.7321932626,16.0030588204,26.1065512897,0.9000000000
2026-12-01,S09,K08,shared_ridge10,22.1105384769,14.6675852372,26.5730905256,0.9000000000
2026-12-01,S10,K01,shared_ridge10,14.5680342801,9.5899909728,19.6237662148,0.9000000000
2026-12-01,S10,K02,shared_ridge10,14.5635055380,9.3867803039,19.3197347261,0.9000000000
2026-12-01,S10,K03,shared_ridge10,17.7497934688,12.3233608030,22.4152315254,0.9000000000
2026-12-01,S10,K04,shared_ridge10,16.8107488224,12.1691168784,21.4837879410,0.9000000000
2026-12-01,S10,K05,shared_ridge10,19.8894186974,14.4213343251,25.0554922219,0.9000000000
2026-12-01,S10,K06,shared_ridge10,19.9076520602,13.1363403313,23.8492541469,0.9000000000
2026-12-01,S10,K07,shared_ridge10,22.6487346997,14.8047631995,28.9616304244,0.9000000000
2026-12-01,S10,K08,shared_ridge10,22.1156678155,14.6089942117,26.0546012178,0.9000000000
2026-12-01,S11,K01,shared_ridge10,15.3296923112,9.4869690538,19.9826416434,0.9000000000
2026-12-01,S11,K02,shared_ridge10,15.2781925101,9.7183374950,19.8691185922,0.9000000000
2026-12-01,S11,K03,shared_ridge10,17.9725913963,13.2320747289,22.3417508213,0.9000000000
2026-12-01,S11,K04,shared_ridge10,17.7330286151,12.7926903415,21.0286347857,0.9000000000
2026-12-01,S11,K05,shared_ridge10,20.6769834642,14.3336482758,24.6783062039,0.9000000000
2026-12-01,S11,K06,shared_ridge10,19.9487460073,13.4179292580,25.9964358729,0.9000000000
2026-12-01,S11,K07,shared_ridge10,23.1979574976,15.8521011978,29.0039703242,0.9000000000
2026-12-01,S11,K08,shared_ridge10,23.2192427500,16.0892296962,28.6748541715,0.9000000000
2026-12-01,S12,K01,shared_ridge10,15.7079306532,10.6145882783,20.2405141642,0.9000000000
2026-12-01,S12,K02,shared_ridge10,15.4902888086,9.2959098038,19.2674037526,0.9000000000
2026-12-01,S12,K03,shared_ridge10,18.3249230025,12.5497984635,23.7866100622,0.9000000000
2026-12-01,S12,K04,shared_ridge10,18.0024586670,11.9642535810,23.4111616163,0.9000000000
2026-12-01,S12,K05,shared_ridge10,20.7754290601,13.9784519539,26.0023602835,0.9000000000
2026-12-01,S12,K06,shared_ridge10,20.4717052394,12.9727431752,24.9850268460,0.9000000000
2026-12-01,S12,K07,shared_ridge10,23.2451466305,16.3509015264,27.2322700274,0.9000000000
2026-12-01,S12,K08,shared_ridge10,23.8254343623,17.4747149117,28.3490685578,0.9000000000
2026-12-02,S01,K01,shared_ridge10,11.6777649115,6.7291614720,16.3660017237,0.9000000000
2026-12-02,S01,K02,shared_ridge10,10.8117857833,5.4131514262,14.7402487319,0.9000000000
2026-12-02,S01,K03,shared_ridge10,13.2602283106,7.5259353935,17.3814763758,0.9000000000
2026-12-02,S01,K04,shared_ridge10,12.6008475284,6.4514493862,16.0722031822,0.9000000000
2026-12-02,S01,K05,shared_ridge10,15.2491210163,10.1149632778,18.8674035174,0.9000000000
2026-12-02,S01,K06,shared_ridge10,14.5262888235,7.8122492683,18.7954213922,0.9000000000
2026-12-02,S01,K07,shared_ridge10,16.8159141834,9.8588404928,20.4978963466,0.9000000000
2026-12-02,S01,K08,shared_ridge10,16.4372562543,10.2945254593,20.6162273297,0.9000000000
2026-12-02,S02,K01,shared_ridge10,12.0663659477,6.6272755646,16.6011205997,0.9000000000
2026-12-02,S02,K02,shared_ridge10,10.8895059906,5.7641864115,14.1404336738,0.9000000000
2026-12-02,S02,K03,shared_ridge10,13.7939070670,8.7522134290,17.3102457575,0.9000000000
2026-12-02,S02,K04,shared_ridge10,12.9584191868,6.7978125667,17.3255843445,0.9000000000
2026-12-02,S02,K05,shared_ridge10,16.1092246432,10.1747180116,19.8408776031,0.9000000000
2026-12-02,S02,K06,shared_ridge10,15.0655057573,9.1555196438,18.4595768580,0.9000000000
2026-12-02,S02,K07,shared_ridge10,16.8832716964,10.7834781242,20.5853726696,0.9000000000
2026-12-02,S02,K08,shared_ridge10,17.1108313838,11.0513668278,19.9201271809,0.9000000000
2026-12-02,S03,K01,shared_ridge10,12.1855369322,6.5905713643,16.3513571013,0.9000000000
2026-12-02,S03,K02,shared_ridge10,11.7444282704,5.6899221527,15.6547458878,0.9000000000
2026-12-02,S03,K03,shared_ridge10,13.8923028348,8.1501678330,19.2740348628,0.9000000000
2026-12-02,S03,K04,shared_ridge10,13.2123345497,6.9425154900,16.5086316755,0.9000000000
2026-12-02,S03,K05,shared_ridge10,16.3109653405,10.8592570685,19.7899950510,0.9000000000
2026-12-02,S03,K06,shared_ridge10,15.4437440993,9.8554819330,19.3533809900,0.9000000000
2026-12-02,S03,K07,shared_ridge10,17.9609919036,11.4028851698,21.4366670129,0.9000000000
2026-12-02,S03,K08,shared_ridge10,17.4424376014,11.7159260805,21.8547758352,0.9000000000
2026-12-02,S04,K01,shared_ridge10,12.5793193156,7.4143521251,16.4454808671,0.9000000000
2026-12-02,S04,K02,shared_ridge10,12.1019412238,6.6903648239,15.7063163622,0.9000000000
2026-12-02,S04,K03,shared_ridge10,14.7367627641,9.5475568140,18.7647493696,0.9000000000
2026-12-02,S04,K04,shared_ridge10,14.1553397310,7.9960896991,17.9539601658,0.9000000000
2026-12-02,S04,K05,shared_ridge10,16.7924987840,11.4775941673,19.7456323437,0.9000000000
2026-12-02,S04,K06,shared_ridge10,16.0655057573,9.9326191322,19.4557153875,0.9000000000
2026-12-02,S04,K07,shared_ridge10,18.6811991575,13.5091937725,22.1736482507,0.9000000000
2026-12-02,S04,K08,shared_ridge10,18.5564272387,11.7864583153,21.5309426176,0.9000000000
2026-12-02,S05,K01,shared_ridge10,13.0715472949,7.3489615966,16.8139686717,0.9000000000
2026-12-02,S05,K02,shared_ridge10,12.8169671305,7.7404467781,17.0247411197,0.9000000000
2026-12-02,S05,K03,shared_ridge10,14.8092019680,9.0678443233,18.8118448863,0.9000000000
2026-12-02,S05,K04,shared_ridge10,14.3107507930,8.4348935911,18.2882538705,0.9000000000
2026-12-02,S05,K05,shared_ridge10,17.5073587699,11.0834101219,21.3582505579,0.9000000000
2026-12-02,S05,K06,shared_ridge10,16.7131741511,11.0088351074,20.6052555399,0.9000000000
2026-12-02,S05,K07,shared_ridge10,19.4014064114,13.3549662928,22.6685823655,0.9000000000
2026-12-02,S05,K08,shared_ridge10,19.1885775953,12.8963746559,23.6594762973,0.9000000000
2026-12-02,S06,K01,shared_ridge10,13.0922726835,7.3086758865,17.3263282923,0.9000000000
2026-12-02,S06,K02,shared_ridge10,13.1851817128,7.3386319280,17.2490857768,0.9000000000
2026-12-02,S06,K03,shared_ridge10,15.6019480820,10.1767698459,20.0126497745,0.9000000000
2026-12-02,S06,K04,shared_ridge10,14.9479977874,9.3051292263,19.7489457477,0.9000000000
2026-12-02,S06,K05,shared_ridge10,17.7508820860,11.3522546592,21.7236384517,0.9000000000
2026-12-02,S06,K06,shared_ridge10,17.4696508350,12.1478358247,21.5221357806,0.9000000000
2026-12-02,S06,K07,shared_ridge10,19.7692820591,12.4565694282,24.3821366664,0.9000000000
2026-12-02,S06,K08,shared_ridge10,19.2611684640,12.3963728726,22.0775901898,0.9000000000
2026-12-02,S07,K01,shared_ridge10,13.7969358959,8.3542631941,17.8325266721,0.9000000000
2026-12-02,S07,K02,shared_ridge10,12.9886294558,7.8440005285,16.9214199379,0.9000000000
2026-12-02,S07,K03,shared_ridge10,15.9335542996,10.3588289542,21.4151446834,0.9000000000
2026-12-02,S07,K04,shared_ridge10,15.1810997041,9.2952082310,19.2795464474,0.9000000000
2026-12-02,S07,K05,shared_ridge10,18.4866333813,13.0170458426,23.1417243669,0.9000000000
2026-12-02,S07,K06,shared_ridge10,17.7287181925,11.7110799866,22.1165228118,0.9000000000
2026-12-02,S07,K07,shared_ridge10,20.7433753233,12.4271213034,25.6464504622,0.9000000000
2026-12-02,S07,K08,shared_ridge10,20.2767645140,13.9519233860,24.9612697439,0.9000000000
2026-12-02,S08,K01,shared_ridge10,14.4341179213,8.9555689234,18.7677194411,0.9000000000
2026-12-02,S08,K02,shared_ridge10,13.4758455553,7.0779121222,17.8090439815,0.9000000000
2026-12-02,S08,K03,shared_ridge10,16.5709596553,10.8008770426,21.9603528167,0.9000000000
2026-12-02,S08,K04,shared_ridge10,15.9479390824,10.5052062502,19.9937986394,0.9000000000
2026-12-02,S08,K05,shared_ridge10,19.3104675782,12.9652553388,23.3538386861,0.9000000000
2026-12-02,S08,K06,shared_ridge10,18.1276819231,12.2835243610,23.1380942961,0.9000000000
2026-12-02,S08,K07,shared_ridge10,21.0375980939,14.4770960650,23.7163947337,0.9000000000
2026-12-02,S08,K08,shared_ridge10,21.2560391254,14.3761078921,25.6904927541,0.9000000000
2026-12-02,S09,K01,shared_ridge10,14.6100363762,9.4399643095,18.3679799574,0.9000000000
2026-12-02,S09,K02,shared_ridge10,14.1390579905,8.0884859198,18.9608108853,0.9000000000
2026-12-02,S09,K03,shared_ridge10,16.7213183788,11.5094797049,21.9034280726,0.9000000000
2026-12-02,S09,K04,shared_ridge10,16.3417214658,11.1301988053,21.3319501375,0.9000000000
2026-12-02,S09,K05,shared_ridge10,19.6058043658,13.3409292533,23.7492924509,0.9000000000
2026-12-02,S09,K06,shared_ridge10,18.9307907314,13.2167127744,22.1151636855,0.9000000000
2026-12-02,S09,K07,shared_ridge10,21.5028053204,15.7736708782,25.8771633474,0.9000000000
2026-12-02,S09,K08,shared_ridge10,21.9710650321,14.5281117923,26.4336170808,0.9000000000
2026-12-02,S10,K01,shared_ridge10,14.5217061265,9.5436628191,19.5774380612,0.9000000000
2026-12-02,S10,K02,shared_ridge10,14.4549506993,9.2782254652,19.2111798874,0.9000000000
2026-12-02,S10,K03,shared_ridge10,17.5452024038,12.1187697381,22.2106404605,0.9000000000
2026-12-02,S10,K04,shared_ridge10,16.5593380461,11.9177061021,21.2323771647,0.9000000000
2026-12-02,S10,K05,shared_ridge10,19.9115038476,14.4434194754,25.0775773721,0.9000000000
2026-12-02,S10,K06,shared_ridge10,19.8269853733,13.0556736443,23.7685874600,0.9000000000
2026-12-02,S10,K07,shared_ridge10,22.4193467574,14.5753752572,28.7322424822,0.9000000000
2026-12-02,S10,K08,shared_ridge10,21.9761943707,14.4695207669,25.9151277730,0.9000000000
2026-12-02,S11,K01,shared_ridge10,15.2833641575,9.4406409001,19.9363134897,0.9000000000
2026-12-02,S11,K02,shared_ridge10,15.1696376714,9.6097826563,19.7605637535,0.9000000000
2026-12-02,S11,K03,shared_ridge10,17.7680003313,13.0274836640,22.1371597563,0.9000000000
2026-12-02,S11,K04,shared_ridge10,17.4816178388,12.5412795652,20.7772240094,0.9000000000
2026-12-02,S11,K05,shared_ridge10,20.6990686145,14.3557334261,24.7003913542,0.9000000000
2026-12-02,S11,K06,shared_ridge10,19.8680793204,13.3372625710,25.9157691860,0.9000000000
2026-12-02,S11,K07,shared_ridge10,22.9685695554,15.6227132556,28.7745823820,0.9000000000
2026-12-02,S11,K08,shared_ridge10,23.0797693052,15.9497562514,28.5353807267,0.9000000000
2026-12-02,S12,K01,shared_ridge10,15.6616024995,10.5682601246,20.1941860106,0.9000000000
2026-12-02,S12,K02,shared_ridge10,15.3817339699,9.1873549651,19.1588489139,0.9000000000
2026-12-02,S12,K03,shared_ridge10,18.1203319375,12.3452073985,23.5820189972,0.9000000000
2026-12-02,S12,K04,shared_ridge10,17.7510478907,11.7128428047,23.1597508400,0.9000000000
2026-12-02,S12,K05,shared_ridge10,20.7975142103,14.0005371042,26.0244454338,0.9000000000
2026-12-02,S12,K06,shared_ridge10,20.3910385525,12.8920764883,24.9043601591,0.9000000000
2026-12-02,S12,K07,shared_ridge10,23.0157586882,16.1215135841,27.0028820851,0.9000000000
2026-12-02,S12,K08,shared_ridge10,23.6859609175,17.3352414668,28.2095951129,0.9000000000
2026-12-03,S01,K01,shared_ridge10,8.2570589919,3.3084555524,12.9452958041,0.9000000000
2026-12-03,S01,K02,shared_ridge10,7.7418225294,2.3431881722,11.6702854779,0.9000000000
2026-12-03,S01,K03,shared_ridge10,9.9948499483,4.2605570313,14.1160980136,0.9000000000
2026-12-03,S01,K04,shared_ridge10,9.6054020478,3.4560039057,13.0767577016,0.9000000000
2026-12-03,S01,K05,shared_ridge10,11.6640339172,6.5298761787,15.2823164183,0.9000000000
2026-12-03,S01,K06,shared_ridge10,11.0060597900,4.2920202348,15.2751923586,0.9000000000
2026-12-03,S01,K07,shared_ridge10,13.7061970267,6.7491233361,17.3881791898,0.9000000000
2026-12-03,S01,K08,shared_ridge10,12.9730359433,6.8303051483,17.1520070187,0.9000000000
2026-12-03,S02,K01,shared_ridge10,8.6456600282,3.2065696451,13.1804146801,0.9000000000
2026-12-03,S02,K02,shared_ridge10,7.8195427366,2.6942231575,11.0704704198,0.9000000000
2026-12-03,S02,K03,shared_ridge10,10.5285287048,5.4868350667,14.0448673952,0.9000000000
2026-12-03,S02,K04,shared_ridge10,9.9629737063,3.8023670862,14.3301388640,0.9000000000
2026-12-03,S02,K05,shared_ridge10,12.5241375441,6.5896309125,16.2557905040,0.9000000000
2026-12-03,S02,K06,shared_ridge10,11.5452767237,5.6352906102,14.9393478244,0.9000000000
2026-12-03,S02,K07,shared_ridge10,13.7735545396,7.6737609675,17.4756555128,0.9000000000
2026-12-03,S02,K08,shared_ridge10,13.6466110728,7.5871465168,16.4559068700,0.9000000000
2026-12-03,S03,K01,shared_ridge10,8.7648310126,3.1698654447,12.9306511818,0.9000000000
2026-12-03,S03,K02,shared_ridge10,8.6744650164,2.6199588987,12.5847826338,0.9000000000
2026-12-03,S03,K03,shared_ridge10,10.6269244726,4.8847894707,16.0086565005,0.9000000000
2026-12-03,S03,K04,shared_ridge10,10.2168890692,3.9470700095,13.5131861950,0.9000000000
2026-12-03,S03,K05,shared_ridge10,12.7258782414,7.2741699694,16.2049079519,0.9000000000
2026-12-03,S03,K06,shared_ridge10,11.9235150657,6.3352528995,15.8331519565,0.9000000000
2026-12-03,S03,K07,shared_ridge10,14.8512747469,8.2931680130,18.3269498561,0.9000000000
2026-12-03,S03,K08,shared_ridge10,13.9782172905,8.2517057695,18.3905555242,0.9000000000
2026-12-03,S04,K01,shared_ridge10,9.1586133961,3.9936462056,13.0247749476,0.9000000000
2026-12-03,S04,K02,shared_ridge10,9.0319779698,3.6204015699,12.6363531082,0.9000000000
2026-12-03,S04,K03,shared_ridge10,11.4713844019,6.2821784518,15.4993710073,0.9000000000
2026-12-03,S04,K04,shared_ridge10,11.1598942505,5.0006442185,14.9585146853,0.9000000000
2026-12-03,S04,K05,shared_ridge10,13.2074116848,7.8925070681,16.1605452446,0.9000000000
2026-12-03,S04,K06,shared_ridge10,12.5452767237,6.4123900986,15.9354863539,0.9000000000
2026-12-03,S04,K07,shared_ridge10,15.5714820007,10.3994766157,19.0639310939,0.9000000000
2026-12-03,S04,K08,shared_ridge10,15.0922069278,8.3222380043,18.0667223067,0.9000000000
2026-12-03,S05,K01,shared_ridge10,9.6508413753,3.9282556771,13.3932627521,0.9000000000
2026-12-03,S05,K02,shared_ridge10,9.7470038765,4.6704835241,13.9547778657,0.9000000000
2026-12-03,S05,K03,shared_ridge10,11.5438236058,5.8024659610,15.5464665241,0.9000000000
2026-12-03,S05,K04,shared_ridge10,11.3153053125,5.4394481105,15.2928083900,0.9000000000
2026-12-03,S05,K05,shared_ridge10,13.9222716708,7.4983230228,17.7731634588,0.9000000000
2026-12-03,S05,K06,shared_ridge10,13.1929451175,7.4886060738,17.0850265063,0.9000000000
2026-12-03,S05,K07,shared_ridge10,16.2916892546,10.2452491360,19.5588652087,0.9000000000
2026-12-03,S05,K08,shared_ridge10,15.7243572844,9.4321543449,20.1952559863,0.9000000000
2026-12-03,S06,K01,shared_ridge10,9.6715667639,3.8879699669,13.9056223727,0.9000000000
2026-12-03,S06,K02,shared_ridge10,10.1152184588,4.2686686741,14.1791225228,0.9000000000
2026-12-03,S06,K03,shared_ridge10,12.3365697198,6.9113914837,16.7472714122,0.9000000000
2026-12-03,S06,K04,shared_ridge10,11.9525523069,6.3096837458,16.7535002671,0.9000000000
2026-12-03,S06,K05,shared_ridge10,14.1657949869,7.7671675601,18.1385513526,0.9000000000
2026-12-03,S06,K06,shared_ridge10,13.9494218014,8.6276067911,18.0019067470,0.9000000000
2026-12-03,S06,K07,shared_ridge10,16.6595649023,9.3468522714,21.2724195097,0.9000000000
2026-12-03,S06,K08,shared_ridge10,15.7969481530,8.9321525616,18.6133698788,0.9000000000
2026-12-03,S07,K01,shared_ridge10,10.3762299764,4.9335572746,14.4118207526,0.9000000000
2026-12-03,S07,K02,shared_ridge10,9.9186662018,4.7740372745,13.8514566840,0.9000000000
2026-12-03,S07,K03,shared_ridge10,12.6681759374,7.0934505919,18.1497663211,0.9000000000
2026-12-03,S07,K04,shared_ridge10,12.1856542236,6.2997627505,16.2841009669,0.9000000000
2026-12-03,S07,K05,shared_ridge10,14.9015462822,9.4319587434,19.5566372678,0.9000000000
2026-12-03,S07,K06,shared_ridge10,14.2084891590,8.1908509530,18.5962937782,0.9000000000
2026-12-03,S07,K07,shared_ridge10,17.6336581665,9.3174041466,22.5367333054,0.9000000000
2026-12-03,S07,K08,shared_ridge10,16.8125442030,10.4877030750,21.4970494330,0.9000000000
2026-12-03,S08,K01,shared_ridge10,11.0134120017,5.5348630039,15.3470135215,0.9000000000
2026-12-03,S08,K02,shared_ridge10,10.4058823013,4.0079488682,14.7390807275,0.9000000000
2026-12-03,S08,K03,shared_ridge10,13.3055812931,7.5354986803,18.6949744544,0.9000000000
2026-12-03,S08,K04,shared_ridge10,12.9524936018,7.5097607697,16.9983531589,0.9000000000
2026-12-03,S08,K05,shared_ridge10,15.7253804791,9.3801682397,19.7687515869,0.9000000000
2026-12-03,S08,K06,shared_ridge10,14.6074528895,8.7632953274,19.6178652625,0.9000000000
2026-12-03,S08,K07,shared_ridge10,17.9278809371,11.3673789082,20.6066775769,0.9000000000
2026-12-03,S08,K08,shared_ridge10,17.7918188144,10.9118875811,22.2262724431,0.9000000000
2026-12-03,S09,K01,shared_ridge10,11.1893304566,6.0192583899,14.9472740378,0.9000000000
2026-12-03,S09,K02,shared_ridge10,11.0690947365,5.0185226658,15.8908476313,0.9000000000
2026-12-03,S09,K03,shared_ridge10,13.4559400166,8.2441013427,18.6380497104,0.9000000000
2026-12-03,S09,K04,shared_ridge10,13.3462759853,8.1347533248,18.3365046570,0.9000000000
2026-12-03,S09,K05,shared_ridge10,16.0207172667,9.7558421542,20.1642053518,0.9000000000
2026-12-03,S09,K06,shared_ridge10,15.4105616978,9.6964837408,18.5949346520,0.9000000000
2026-12-03,S09,K07,shared_ridge10,18.3930881636,12.6639537214,22.7674461907,0.9000000000
2026-12-03,S09,K08,shared_ridge10,18.5068447211,11.0638914814,22.9693967698,0.9000000000
2026-12-03,S10,K01,shared_ridge10,11.1010002069,6.1229568995,16.1567321416,0.9000000000
2026-12-03,S10,K02,shared_ridge10,11.3849874453,6.2082622112,16.1412166335,0.9000000000
2026-12-03,S10,K03,shared_ridge10,14.2798240416,8.8533913758,18.9452620982,0.9000000000
2026-12-03,S10,K04,shared_ridge10,13.5638925656,8.9222606216,18.2369316841,0.9000000000
2026-12-03,S10,K05,shared_ridge10,16.3264167485,10.8583323762,21.4924902730,0.9000000000
2026-12-03,S10,K06,shared_ridge10,16.3067563398,9.5354446108,20.2483584264,0.9000000000
2026-12-03,S10,K07,shared_ridge10,19.3096296007,11.4656581005,25.6225253254,0.9000000000
2026-12-03,S10,K08,shared_ridge10,18.5119740597,11.0053004559,22.4509074620,0.9000000000
2026-12-03,S11,K01,shared_ridge10,11.8626582380,6.0199349805,16.5156075702,0.9000000000
2026-12-03,S11,K02,shared_ridge10,12.0996744174,6.5398194024,16.6906004995,0.9000000000
2026-12-03,S11,K03,shared_ridge10,14.5026219690,9.7621053017,18.8717813941,0.9000000000
2026-12-03,S11,K04,shared_ridge10,14.4861723583,9.5458340847,17.7817785289,0.9000000000
2026-12-03,S11,K05,shared_ridge10,17.1139815154,10.7706463270,21.1153042551,0.9000000000
2026-12-03,S11,K06,shared_ridge10,16.3478502868,9.8170335375,22.3955401525,0.9000000000
2026-12-03,S11,K07,shared_ridge10,19.8588523986,12.5129960988,25.6648652252,0.9000000000
2026-12-03,S11,K08,shared_ridge10,19.6155489942,12.4855359404,25.0711604157,0.9000000000
2026-12-03,S12,K01,shared_ridge10,12.2408965799,7.1475542051,16.7734800910,0.9000000000
2026-12-03,S12,K02,shared_ridge10,12.3117707159,6.1173917111,16.0888856599,0.9000000000
2026-12-03,S12,K03,shared_ridge10,14.8549535753,9.0798290363,20.3166406350,0.9000000000
2026-12-03,S12,K04,shared_ridge10,14.7556024101,8.7173973242,20.1643053595,0.9000000000
2026-12-03,S12,K05,shared_ridge10,17.2124271112,10.4154500051,22.4393583346,0.9000000000
2026-12-03,S12,K06,shared_ridge10,16.8708095189,9.3718474547,21.3841311255,0.9000000000
2026-12-03,S12,K07,shared_ridge10,19.9060415315,13.0117964273,23.8931649284,0.9000000000
2026-12-03,S12,K08,shared_ridge10,20.2217406065,13.8710211559,24.7453748020,0.9000000000
2026-12-04,S01,K01,shared_ridge10,8.7565664067,3.8079629672,13.4448032189,0.9000000000
2026-12-04,S01,K02,shared_ridge10,8.0457751144,2.6471407573,11.9742380630,0.9000000000
2026-12-04,S01,K03,shared_ridge10,10.1960027684,4.4617098514,14.3172508337,0.9000000000
2026-12-04,S01,K04,shared_ridge10,9.7594225962,3.6100244540,13.2307782500,0.9000000000
2026-12-04,S01,K05,shared_ridge10,12.1430536114,7.0088958729,15.7613361125,0.9000000000
2026-12-04,S01,K06,shared_ridge10,11.6607480102,4.9467084550,15.9298805788,0.9000000000
2026-12-04,S01,K07,shared_ridge10,13.8050613137,6.8479876231,17.4870434768,0.9000000000
2026-12-04,S01,K08,shared_ridge10,13.2595581103,7.1168273153,17.4385291858,0.9000000000
2026-12-04,S02,K01,shared_ridge10,9.1451674430,3.7060770599,13.6799220949,0.9000000000
2026-12-04,S02,K02,shared_ridge10,8.1234953217,2.9981757425,11.3744230048,0.9000000000
2026-12-04,S02,K03,shared_ridge10,10.7296815249,5.6879878868,14.2460202153,0.9000000000
2026-12-04,S02,K04,shared_ridge10,10.1169942546,3.9563876345,14.4841594123,0.9000000000
2026-12-04,S02,K05,shared_ridge10,13.0031572383,7.0686506067,16.7348101982,0.9000000000
2026-12-04,S02,K06,shared_ridge10,12.1999649439,6.2899788304,15.5940360446,0.9000000000
2026-12-04,S02,K07,shared_ridge10,13.8724188267,7.7726252545,17.5745197998,0.9000000000
2026-12-04,S02,K08,shared_ridge10,13.9331332399,7.8736686838,16.7424290370,0.9000000000
2026-12-04,S03,K01,shared_ridge10,9.2643384274,3.6693728595,13.4301585966,0.9000000000
2026-12-04,S03,K02,shared_ridge10,8.9784176015,2.9239114838,12.8887352189,0.9000000000
2026-12-04,S03,K03,shared_ridge10,10.8280772927,5.0859422908,16.2098093206,0.9000000000
2026-12-04,S03,K04,shared_ridge10,10.3709096175,4.1010905578,13.6672067433,0.9000000000
2026-12-04,S03,K05,shared_ridge10,13.2048979356,7.7531896636,16.6839276462,0.9000000000
2026-12-04,S03,K06,shared_ridge10,12.5782032859,6.9899411197,16.4878401767,0.9000000000
2026-12-04,S03,K07,shared_ridge10,14.9501390339,8.3920323001,18.4258141432,0.9000000000
2026-12-04,S03,K08,shared_ridge10,14.2647394575,8.5382279365,18.6770776912,0.9000000000
2026-12-04,S04,K01,shared_ridge10,9.6581208108,4.4931536204,13.5242823624,0.9000000000
2026-12-04,S04,K02,shared_ridge10,9.3359305549,3.9243541549,12.9403056933,0.9000000000
2026-12-04,S04,K03,shared_ridge10,11.6725372220,6.4833312719,15.7005238274,0.9000000000
2026-12-04,S04,K04,shared_ridge10,11.3139147988,5.1546647669,15.1125352336,0.9000000000
2026-12-04,S04,K05,shared_ridge10,13.6864313791,8.3715267624,16.6395649388,0.9000000000
2026-12-04,S04,K06,shared_ridge10,13.1999649439,7.0670783188,16.5901745741,0.9000000000
2026-12-04,S04,K07,shared_ridge10,15.6703462878,10.4983409027,19.1627953810,0.9000000000
2026-12-04,S04,K08,shared_ridge10,15.3787290948,8.6087601713,18.3532444737,0.9000000000
2026-12-04,S05,K01,shared_ridge10,10.1503487901,4.4277630919,13.8927701669,0.9000000000
2026-12-04,S05,K02,shared_ridge10,10.0509564616,4.9744361092,14.2587304508,0.9000000000
2026-12-04,S05,K03,shared_ridge10,11.7449764259,6.0036187811,15.7476193442,0.9000000000
2026-12-04,S05,K04,shared_ridge10,11.4693258608,5.5934686589,15.4468289383,0.9000000000
2026-12-04,S05,K05,shared_ridge10,14.4012913650,7.9773427170,18.2521831531,0.9000000000
2026-12-04,S05,K06,shared_ridge10,13.8476333377,8.1432942940,17.7397147265,0.9000000000
2026-12-04,S05,K07,shared_ridge10,16.3905535417,10.3441134231,19.6577294958,0.9000000000
2026-12-04,S05,K08,shared_ridge10,16.0108794514,9.7186765120,20.4817781533,0.9000000000
2026-12-04,S06,K01,shared_ridge10,10.1710741787,4.3874773817,14.4051297875,0.9000000000
2026-12-04,S06,K02,shared_ridge10,10.4191710439,4.5726212591,14.4830751079,0.9000000000
2026-12-04,S06,K03,shared_ridge10,12.5377225399,7.1125443038,16.9484242323,0.9000000000
2026-12-04,S06,K04,shared_ridge10,12.1065728552,6.4637042941,16.9075208155,0.9000000000
2026-12-04,S06,K05,shared_ridge10,14.6448146811,8.2461872543,18.6175710468,0.9000000000
2026-12-04,S06,K06,shared_ridge10,14.6041100216,9.2822950113,18.6565949672,0.9000000000
2026-12-04,S06,K07,shared_ridge10,16.7584291894,9.4457165585,21.3712837967,0.9000000000
2026-12-04,S06,K08,shared_ridge10,16.0834703200,9.2186747286,18.8998920459,0.9000000000
2026-12-04,S07,K01,shared_ridge10,10.8757373912,5.4330646894,14.9113281674,0.9000000000
2026-12-04,S07,K02,shared_ridge10,10.2226187869,5.0779898596,14.1554092690,0.9000000000
2026-12-04,S07,K03,shared_ridge10,12.8693287575,7.2946034120,18.3509191412,0.9000000000
2026-12-04,S07,K04,shared_ridge10,12.3396747719,6.4537832988,16.4381215152,0.9000000000
2026-12-04,S07,K05,shared_ridge10,15.3805659764,9.9109784377,20.0356569620,0.9000000000
2026-12-04,S07,K06,shared_ridge10,14.8631773791,8.8455391732,19.2509819984,0.9000000000
2026-12-04,S07,K07,shared_ridge10,17.7325224536,9.4162684336,22.6355975925,0.9000000000
2026-12-04,S07,K08,shared_ridge10,17.0990663700,10.7742252421,21.7835716000,0.9000000000
2026-12-04,S08,K01,shared_ridge10,11.5129194165,6.0343704187,15.8465209363,0.9000000000
2026-12-04,S08,K02,shared_ridge10,10.7098348863,4.3119014533,15.0430333126,0.9000000000
2026-12-04,S08,K03,shared_ridge10,13.5067341132,7.7366515004,18.8961272745,0.9000000000
2026-12-04,S08,K04,shared_ridge10,13.1065141502,7.6637813180,17.1523737072,0.9000000000
2026-12-04,S08,K05,shared_ridge10,16.2044001733,9.8591879339,20.2477712812,0.9000000000
2026-12-04,S08,K06,shared_ridge10,15.2621411097,9.4179835476,20.2725534827,0.9000000000
2026-12-04,S08,K07,shared_ridge10,18.0267452241,11.4662431953,20.7055418639,0.9000000000
2026-12-04,S08,K08,shared_ridge10,18.0783409814,11.1984097482,22.5127946101,0.9000000000
2026-12-04,S09,K01,shared_ridge10,11.6888378714,6.5187658047,15.4467814526,0.9000000000
2026-12-04,S09,K02,shared_ridge10,11.3730473216,5.3224752509,16.1948002164,0.9000000000
2026-12-04,S09,K03,shared_ridge10,13.6570928367,8.4452541628,18.8392025305,0.9000000000
2026-12-04,S09,K04,shared_ridge10,13.5002965336,8.2887738731,18.4905252053,0.9000000000
2026-12-04,S09,K05,shared_ridge10,16.4997369609,10.2348618484,20.6432250460,0.9000000000
2026-12-04,S09,K06,shared_ridge10,16.0652499180,10.3511719610,19.2496228722,0.9000000000
2026-12-04,S09,K07,shared_ridge10,18.4919524506,12.7628180084,22.8663104777,0.9000000000
2026-12-04,S09,K08,shared_ridge10,18.7933668881,11.3504136484,23.2559189368,0.9000000000
2026-12-04,S10,K01,shared_ridge10,11.6005076217,6.6224643143,16.6562395564,0.9000000000
2026-12-04,S10,K02,shared_ridge10,11.6889400304,6.5122147963,16.4451692185,0.9000000000
2026-12-04,S10,K03,shared_ridge10,14.4809768617,9.0545441959,19.1464149183,0.9000000000
2026-12-04,S10,K04,shared_ridge10,13.7179131139,9.0762811699,18.3909522325,0.9000000000
2026-12-04,S10,K05,shared_ridge10,16.8054364427,11.3373520705,21.9715099672,0.9000000000
2026-12-04,S10,K06,shared_ridge10,16.9614445599,10.1901328310,20.9030466466,0.9000000000
2026-12-04,S10,K07,shared_ridge10,19.4084938877,11.5645223875,25.7213896125,0.9000000000
2026-12-04,S10,K08,shared_ridge10,18.7984962268,11.2918226229,22.7374296291,0.9000000000
2026-12-04,S11,K01,shared_ridge10,12.3621656528,6.5194423953,17.0151149850,0.9000000000
2026-12-04,S11,K02,shared_ridge10,12.4036270025,6.8437719874,16.9945530846,0.9000000000
2026-12-04,S11,K03,shared_ridge10,14.7037747891,9.9632581218,19.0729342142,0.9000000000
2026-12-04,S11,K04,shared_ridge10,14.6401929066,9.6998546330,17.9357990772,0.9000000000
2026-12-04,S11,K05,shared_ridge10,17.5930012096,11.2496660212,21.5943239493,0.9000000000
2026-12-04,S11,K06,shared_ridge10,17.0025385070,10.4717217577,23.0502283726,0.9000000000
2026-12-04,S11,K07,shared_ridge10,19.9577166856,12.6118603859,25.7637295123,0.9000000000
2026-12-04,S11,K08,shared_ridge10,19.9020711612,12.7720581074,25.3576825827,0.9000000000
2026-12-04,S12,K01,shared_ridge10,12.7404039947,7.6470616199,17.2729875058,0.9000000000
2026-12-04,S12,K02,shared_ridge10,12.6157233010,6.4213442962,16.3928382450,0.9000000000
2026-12-04,S12,K03,shared_ridge10,15.0561063954,9.2809818564,20.5177934551,0.9000000000
2026-12-04,S12,K04,shared_ridge10,14.9096229585,8.8714178725,20.3183259078,0.9000000000
2026-12-04,S12,K05,shared_ridge10,17.6914468054,10.8944696993,22.9183780289,0.9000000000
2026-12-04,S12,K06,shared_ridge10,17.5254977391,10.0265356749,22.0388193457,0.9000000000
2026-12-04,S12,K07,shared_ridge10,20.0049058185,13.1106607144,23.9920292154,0.9000000000
2026-12-04,S12,K08,shared_ridge10,20.5082627735,14.1575433229,25.0318969690,0.9000000000
2026-12-05,S01,K01,shared_ridge10,11.0131304713,6.0645270318,15.7013672835,0.9000000000
2026-12-05,S01,K02,shared_ridge10,10.4251333072,5.0264989501,14.3535962557,0.9000000000
2026-12-05,S01,K03,shared_ridge10,13.0501841994,7.3158912823,17.1714322646,0.9000000000
2026-12-05,S01,K04,shared_ridge10,12.6087526663,6.4593545241,16.0801083201,0.9000000000
2026-12-05,S01,K05,shared_ridge10,15.7033085773,10.5691508389,19.3215910784,0.9000000000
2026-12-05,S01,K06,shared_ridge10,15.0842315487,8.3701919935,19.3533641173,0.9000000000
2026-12-05,S01,K07,shared_ridge10,17.5581240685,10.6010503779,21.2401062316,0.9000000000
2026-12-05,S01,K08,shared_ridge10,16.9349364703,10.7922056753,21.1139075457,0.9000000000
2026-12-05,S02,K01,shared_ridge10,11.4017315075,5.9626411244,15.9364861595,0.9000000000
2026-12-05,S02,K02,shared_ridge10,10.5028535145,5.3775339353,13.7537811976,0.9000000000
2026-12-05,S02,K03,shared_ridge10,13.5838629559,8.5421693178,17.1002016463,0.9000000000
2026-12-05,S02,K04,shared_ridge10,12.9663243247,6.8057177046,17.3334894824,0.9000000000
2026-12-05,S02,K05,shared_ridge10,16.5634122043,10.6289055726,20.2950651641,0.9000000000
2026-12-05,S02,K06,shared_ridge10,15.6234484824,9.7134623689,19.0175195831,0.9000000000
2026-12-05,S02,K07,shared_ridge10,17.6254815815,11.5256880093,21.3275825546,0.9000000000
2026-12-05,S02,K08,shared_ridge10,17.6085115998,11.5490470438,20.4178073969,0.9000000000
2026-12-05,S03,K01,shared_ridge10,11.5209024920,5.9259369241,15.6867226611,0.9000000000
2026-12-05,S03,K02,shared_ridge10,11.3577757943,5.3032696766,15.2680934117,0.9000000000
2026-12-05,S03,K03,shared_ridge10,13.6822587236,7.9401237218,19.0639907516,0.9000000000
2026-12-05,S03,K04,shared_ridge10,13.2202396876,6.9504206279,16.5165368134,0.9000000000
2026-12-05,S03,K05,shared_ridge10,16.7651529016,11.3134446295,20.2441826121,0.9000000000
2026-12-05,S03,K06,shared_ridge10,16.0016868244,10.4134246582,19.9113237152,0.9000000000
2026-12-05,S03,K07,shared_ridge10,18.7032017887,12.1450950549,22.1788768979,0.9000000000
2026-12-05,S03,K08,shared_ridge10,17.9401178174,12.2136062965,22.3524560512,0.9000000000
2026-12-05,S04,K01,shared_ridge10,11.9146848754,6.7497176849,15.7808464269,0.9000000000
2026-12-05,S04,K02,shared_ridge10,11.7152887476,6.3037123477,15.3196638861,0.9000000000
2026-12-05,S04,K03,shared_ridge10,14.5267186529,9.3375127029,18.5547052584,0.9000000000
2026-12-05,S04,K04,shared_ridge10,14.1632448689,8.0039948370,17.9618653037,0.9000000000
2026-12-05,S04,K05,shared_ridge10,17.2466863450,11.9317817283,20.1998199048,0.9000000000
2026-12-05,S04,K06,shared_ridge10,16.6234484824,10.4905618573,20.0136581126,0.9000000000
2026-12-05,S04,K07,shared_ridge10,19.4234090426,14.2514036575,22.9158581358,0.9000000000
2026-12-05,S04,K08,shared_ridge10,19.0541074547,12.2841385313,22.0286228336,0.9000000000
2026-12-05,S05,K01,shared_ridge10,12.4069128547,6.6843271564,16.1493342315,0.9000000000
2026-12-05,S05,K02,shared_ridge10,12.4303146544,7.3537943019,16.6380886436,0.9000000000
2026-12-05,S05,K03,shared_ridge10,14.5991578568,8.8578002121,18.6018007752,0.9000000000
2026-12-05,S05,K04,shared_ridge10,14.3186559309,8.4427987290,18.2961590084,0.9000000000
2026-12-05,S05,K05,shared_ridge10,17.9615463310,11.5375976830,21.8124381190,0.9000000000
2026-12-05,S05,K06,shared_ridge10,17.2711168762,11.5667778325,21.1631982650,0.9000000000
2026-12-05,S05,K07,shared_ridge10,20.1436162965,14.0971761779,23.4107922506,0.9000000000
2026-12-05,S05,K08,shared_ridge10,19.6862578113,13.3940548719,24.1571565133,0.9000000000
2026-12-05,S06,K01,shared_ridge10,12.4276382433,6.6440414463,16.6616938520,0.9000000000
2026-12-05,S06,K02,shared_ridge10,12.7985292367,6.9519794519,16.8624333006,0.9000000000
2026-12-05,S06,K03,shared_ridge10,15.3919039708,9.9667257347,19.8026056633,0.9000000000
2026-12-05,S06,K04,shared_ridge10,14.9559029253,9.3130343642,19.7568508856,0.9000000000
2026-12-05,S06,K05,shared_ridge10,18.2050696470,11.8064422203,22.1778260127,0.9000000000
2026-12-05,S06,K06,shared_ridge10,18.0275935601,12.7057785498,22.0800785057,0.9000000000
2026-12-05,S06,K07,shared_ridge10,20.5114919442,13.1987793133,25.1243465515,0.9000000000
2026-12-05,S06,K08,shared_ridge10,19.7588486800,12.8940530886,22.5752704058,0.9000000000
2026-12-05,S07,K01,shared_ridge10,13.1323014557,7.6896287539,17.1678922319,0.9000000000
2026-12-05,S07,K02,shared_ridge10,12.6019769797,7.4573480524,16.5347674618,0.9000000000
2026-12-05,S07,K03,shared_ridge10,15.7235101884,10.1487848430,21.2051005722,0.9000000000
2026-12-05,S07,K04,shared_ridge10,15.1890048420,9.3031133689,19.2874515853,0.9000000000
2026-12-05,S07,K05,shared_ridge10,18.9408209424,13.4712334036,23.5959119279,0.9000000000
2026-12-05,S07,K06,shared_ridge10,18.2866609177,12.2690227117,22.6744655369,0.9000000000
2026-12-05,S07,K07,shared_ridge10,21.4855852084,13.1693311884,26.3886603473,0.9000000000
2026-12-05,S07,K08,shared_ridge10,20.7744447300,14.4496036020,25.4589499599,0.9000000000
2026-12-05,S08,K01,shared_ridge10,13.7694834811,8.2909344832,18.1030850008,0.9000000000
2026-12-05,S08,K02,shared_ridge10,13.0891930791,6.6912596461,17.4223915053,0.9000000000
2026-12-05,S08,K03,shared_ridge10,16.3609155441,10.5908329314,21.7503087055,0.9000000000
2026-12-05,S08,K04,shared_ridge10,15.9558442203,10.5131113881,20.0017037773,0.9000000000
2026-12-05,S08,K05,shared_ridge10,19.7646551393,13.4194428999,23.8080262471,0.9000000000
2026-12-05,S08,K06,shared_ridge10,18.6856246482,12.8414670861,23.6960370212,0.9000000000
2026-12-05,S08,K07,shared_ridge10,21.7798079789,15.2193059501,24.4586046187,0.9000000000
2026-12-05,S08,K08,shared_ridge10,21.7537193414,14.8737881081,26.1881729701,0.9000000000
2026-12-05,S09,K01,shared_ridge10,13.9454019360,8.7753298693,17.7033455172,0.9000000000
2026-12-05,S09,K02,shared_ridge10,13.7524055144,7.7018334436,18.5741584092,0.9000000000
2026-12-05,S09,K03,shared_ridge10,16.5112742677,11.2994355937,21.6933839615,0.9000000000
2026-12-05,S09,K04,shared_ridge10,16.3496266037,11.1381039432,21.3398552754,0.9000000000
2026-12-05,S09,K05,shared_ridge10,20.0599919268,13.7951168144,24.2034800119,0.9000000000
2026-12-05,S09,K06,shared_ridge10,19.4887334565,13.7746554995,22.6731064107,0.9000000000
2026-12-05,S09,K07,shared_ridge10,22.2450152054,16.5158807632,26.6193732325,0.9000000000
2026-12-05,S09,K08,shared_ridge10,22.4687452481,15.0257920083,26.9312972968,0.9000000000
2026-12-05,S10,K01,shared_ridge10,13.8570716862,8.8790283789,18.9128036209,0.9000000000
2026-12-05,S10,K02,shared_ridge10,14.0682982232,8.8915729891,18.8245274113,0.9000000000
2026-12-05,S10,K03,shared_ridge10,17.3351582926,11.9087256269,22.0005963493,0.9000000000
2026-12-05,S10,K04,shared_ridge10,16.5672431840,11.9256112400,21.2402823026,0.9000000000
2026-12-05,S10,K05,shared_ridge10,20.3656914087,14.8976070364,25.5317649332,0.9000000000
2026-12-05,S10,K06,shared_ridge10,20.3849280984,13.6136163695,24.3265301851,0.9000000000
2026-12-05,S10,K07,shared_ridge10,23.1615566425,15.3175851423,29.4744523673,0.9000000000
2026-12-05,S10,K08,shared_ridge10,22.4738745867,14.9672009829,26.4128079890,0.9000000000
2026-12-05,S11,K01,shared_ridge10,14.6187297173,8.7760064599,19.2716790495,0.9000000000
2026-12-05,S11,K02,shared_ridge10,14.7829851953,9.2231301802,19.3739112774,0.9000000000
2026-12-05,S11,K03,shared_ridge10,17.5579562201,12.8174395528,21.9271156451,0.9000000000
2026-12-05,S11,K04,shared_ridge10,17.4895229767,12.5491847031,20.7851291473,0.9000000000
2026-12-05,S11,K05,shared_ridge10,21.1532561755,14.8099209871,25.1545789152,0.9000000000
2026-12-05,S11,K06,shared_ridge10,20.4260220455,13.8952052962,26.4737119112,0.9000000000
2026-12-05,S11,K07,shared_ridge10,23.7107794404,16.3649231407,29.5167922671,0.9000000000
2026-12-05,S11,K08,shared_ridge10,23.5774495212,16.4474364674,29.0330609427,0.9000000000
2026-12-05,S12,K01,shared_ridge10,14.9969680593,9.9036256844,19.5295515704,0.9000000000
2026-12-05,S12,K02,shared_ridge10,14.9950814937,8.8007024890,18.7721964377,0.9000000000
2026-12-05,S12,K03,shared_ridge10,17.9102878263,12.1351632873,23.3719748861,0.9000000000
2026-12-05,S12,K04,shared_ridge10,17.7589530286,11.7207479426,23.1676559779,0.9000000000
2026-12-05,S12,K05,shared_ridge10,21.2517017714,14.4547246652,26.4786329948,0.9000000000
2026-12-05,S12,K06,shared_ridge10,20.9489812776,13.4500192134,25.4623028842,0.9000000000
2026-12-05,S12,K07,shared_ridge10,23.7579685733,16.8637234692,27.7450919702,0.9000000000
2026-12-05,S12,K08,shared_ridge10,24.1836411335,17.8329216829,28.7072753289,0.9000000000
2026-12-06,S01,K01,shared_ridge10,11.0569385570,6.1083351175,15.7451753693,0.9000000000
2026-12-06,S01,K02,shared_ridge10,10.3754831046,4.9768487474,14.3039460531,0.9000000000
2026-12-06,S01,K03,shared_ridge10,12.7679235170,7.0336305999,16.8891715822,0.9000000000
2026-12-06,S01,K04,shared_ridge10,12.7113791570,6.5619810149,16.1827348108,0.9000000000
2026-12-06,S01,K05,shared_ridge10,15.5484745435,10.4143168050,19.1667570446,0.9000000000
2026-12-06,S01,K06,shared_ridge10,14.9012942661,8.1872547109,19.1704268348,0.9000000000
2026-12-06,S01,K07,shared_ridge10,17.3625637578,10.4054900672,21.0445459209,0.9000000000
2026-12-06,S01,K08,shared_ridge10,17.3668915969,11.2241608019,21.5458626723,0.9000000000
2026-12-06,S02,K01,shared_ridge10,11.4455395933,6.0064492102,15.9802942453,0.9000000000
2026-12-06,S02,K02,shared_ridge10,10.4532033118,5.3278837327,13.7041309950,0.9000000000
2026-12-06,S02,K03,shared_ridge10,13.3016022734,8.2599086354,16.8179409639,0.9000000000
2026-12-06,S02,K04,shared_ridge10,13.0689508155,6.9083441954,17.4361159732,0.9000000000
2026-12-06,S02,K05,shared_ridge10,16.4085781704,10.4740715388,20.1402311303,0.9000000000
2026-12-06,S02,K06,shared_ridge10,15.4405111999,9.5305250864,18.8345823006,0.9000000000
2026-12-06,S02,K07,shared_ridge10,17.4299212708,11.3301276986,21.1320222439,0.9000000000
2026-12-06,S02,K08,shared_ridge10,18.0404667264,11.9810021704,20.8497625235,0.9000000000
2026-12-06,S03,K01,shared_ridge10,11.5647105778,5.9697450098,15.7305307469,0.9000000000
2026-12-06,S03,K02,shared_ridge10,11.3081255916,5.2536194739,15.2184432090,0.9000000000
2026-12-06,S03,K03,shared_ridge10,13.3999980412,7.6578630393,18.7817300692,0.9000000000
2026-12-06,S03,K04,shared_ridge10,13.3228661784,7.0530471187,16.6191633042,0.9000000000
2026-12-06,S03,K05,shared_ridge10,16.6103188677,11.1586105957,20.0893485782,0.9000000000
2026-12-06,S03,K06,shared_ridge10,15.8187495419,10.2304873756,19.7283864326,0.9000000000
2026-12-06,S03,K07,shared_ridge10,18.5076414780,11.9495347442,21.9833165872,0.9000000000
2026-12-06,S03,K08,shared_ridge10,18.3720729440,12.6455614231,22.7844111778,0.9000000000
2026-12-06,S04,K01,shared_ridge10,11.9584929612,6.7935257707,15.8246545127,0.9000000000
2026-12-06,S04,K02,shared_ridge10,11.6656385450,6.2540621451,15.2700136834,0.9000000000
2026-12-06,S04,K03,shared_ridge10,14.2444579705,9.0552520204,18.2724445760,0.9000000000
2026-12-06,S04,K04,shared_ridge10,14.2658713597,8.1066213277,18.0644917945,0.9000000000
2026-12-06,S04,K05,shared_ridge10,17.0918523111,11.7769476944,20.0449858709,0.9000000000
2026-12-06,S04,K06,shared_ridge10,16.4405111999,10.3076245748,19.8307208301,0.9000000000
2026-12-06,S04,K07,shared_ridge10,19.2278487319,14.0558433468,22.7202978251,0.9000000000
2026-12-06,S04,K08,shared_ridge10,19.4860625813,12.7160936579,22.4605779602,0.9000000000
2026-12-06,S05,K01,shared_ridge10,12.4507209405,6.7281352422,16.1931423173,0.9000000000
2026-12-06,S05,K02,shared_ridge10,12.3806644517,7.3041440993,16.5884384409,0.9000000000
2026-12-06,S05,K03,shared_ridge10,14.3168971744,8.5755395297,18.3195400927,0.9000000000
2026-12-06,S05,K04,shared_ridge10,14.4212824217,8.5454252197,18.3987854992,0.9000000000
2026-12-06,S05,K05,shared_ridge10,17.8067122971,11.3827636491,21.6576040851,0.9000000000
2026-12-06,S05,K06,shared_ridge10,17.0881795937,11.3838405500,20.9802609825,0.9000000000
2026-12-06,S05,K07,shared_ridge10,19.9480559858,13.9016158672,23.2152319399,0.9000000000
2026-12-06,S05,K08,shared_ridge10,20.1182129379,13.8260099985,24.5891116399,0.9000000000
2026-12-06,S06,K01,shared_ridge10,12.4714463291,6.6878495321,16.7055019378,0.9000000000
2026-12-06,S06,K02,shared_ridge10,12.7488790340,6.9023292492,16.8127830980,0.9000000000
2026-12-06,S06,K03,shared_ridge10,15.1096432884,9.6844650523,19.5203449809,0.9000000000
2026-12-06,S06,K04,shared_ridge10,15.0585294161,9.4156608550,19.8594773763,0.9000000000
2026-12-06,S06,K05,shared_ridge10,18.0502356132,11.6516081864,22.0229919789,0.9000000000
2026-12-06,S06,K06,shared_ridge10,17.8446562776,12.5228412673,21.8971412232,0.9000000000
2026-12-06,S06,K07,shared_ridge10,20.3159316335,13.0032190026,24.9287862408,0.9000000000
2026-12-06,S06,K08,shared_ridge10,20.1908038066,13.3260082152,23.0072255324,0.9000000000
2026-12-06,S07,K01,shared_ridge10,13.1761095415,7.7334368397,17.2117003177,0.9000000000
2026-12-06,S07,K02,shared_ridge10,12.5523267770,7.4076978497,16.4851172592,0.9000000000
2026-12-06,S07,K03,shared_ridge10,15.4412495060,9.8665241606,20.9228398898,0.9000000000
2026-12-06,S07,K04,shared_ridge10,15.2916313328,9.4057398597,19.3900780761,0.9000000000
2026-12-06,S07,K05,shared_ridge10,18.7859869085,13.3163993697,23.4410778941,0.9000000000
2026-12-06,S07,K06,shared_ridge10,18.1037236351,12.0860854292,22.4915282544,0.9000000000
2026-12-06,S07,K07,shared_ridge10,21.2900248977,12.9737708777,26.1931000366,0.9000000000
2026-12-06,S07,K08,shared_ridge10,21.2063998566,14.8815587286,25.8909050865,0.9000000000
2026-12-06,S08,K01,shared_ridge10,13.8132915669,8.3347425690,18.1468930866,0.9000000000
2026-12-06,S08,K02,shared_ridge10,13.0395428765,6.6416094434,17.3727413027,0.9000000000
2026-12-06,S08,K03,shared_ridge10,16.0786548617,10.3085722489,21.4680480231,0.9000000000
2026-12-06,S08,K04,shared_ridge10,16.0584707111,10.6157378789,20.1043302681,0.9000000000
2026-12-06,S08,K05,shared_ridge10,19.6098211054,13.2646088660,23.6531922132,0.9000000000
2026-12-06,S08,K06,shared_ridge10,18.5026873657,12.6585298036,23.5130997387,0.9000000000
2026-12-06,S08,K07,shared_ridge10,21.5842476682,15.0237456394,24.2630443080,0.9000000000
2026-12-06,S08,K08,shared_ridge10,22.1856744680,15.3057432347,26.6201280967,0.9000000000
2026-12-06,S09,K01,shared_ridge10,13.9892100218,8.8191379550,17.7471536030,0.9000000000
2026-12-06,S09,K02,shared_ridge10,13.7027553117,7.6521832410,18.5245082065,0.9000000000
2026-12-06,S09,K03,shared_ridge10,16.2290135852,11.0171749113,21.4111232790,0.9000000000
2026-12-06,S09,K04,shared_ridge10,16.4522530945,11.2407304340,21.4424817662,0.9000000000
2026-12-06,S09,K05,shared_ridge10,19.9051578930,13.6402827805,24.0486459781,0.9000000000
2026-12-06,S09,K06,shared_ridge10,19.3057961740,13.5917182170,22.4901691281,0.9000000000
2026-12-06,S09,K07,shared_ridge10,22.0494548947,16.3203204525,26.4238129218,0.9000000000
2026-12-06,S09,K08,shared_ridge10,22.9007003747,15.4577471349,27.3632524234,0.9000000000
2026-12-06,S10,K01,shared_ridge10,13.9008797720,8.9228364646,18.9566117067,0.9000000000
2026-12-06,S10,K02,shared_ridge10,14.0186480205,8.8419227864,18.7748772086,0.9000000000
2026-12-06,S10,K03,shared_ridge10,17.0528976102,11.6264649445,21.7183356669,0.9000000000
2026-12-06,S10,K04,shared_ridge10,16.6698696748,12.0282377308,21.3429087934,0.9000000000
2026-12-06,S10,K05,shared_ridge10,20.2108573748,14.7427730026,25.3769308993,0.9000000000
2026-12-06,S10,K06,shared_ridge10,20.2019908159,13.4306790869,24.1435929026,0.9000000000
2026-12-06,S10,K07,shared_ridge10,22.9659963318,15.1220248316,29.2788920566,0.9000000000
2026-12-06,S10,K08,shared_ridge10,22.9058297133,15.3991561095,26.8447631156,0.9000000000
2026-12-06,S11,K01,shared_ridge10,14.6625378031,8.8198145457,19.3154871353,0.9000000000
2026-12-06,S11,K02,shared_ridge10,14.7333349926,9.1734799776,19.3242610747,0.9000000000
2026-12-06,S11,K03,shared_ridge10,17.2756955377,12.5351788703,21.6448549627,0.9000000000
2026-12-06,S11,K04,shared_ridge10,17.5921494675,12.6518111939,20.8877556381,0.9000000000
2026-12-06,S11,K05,shared_ridge10,20.9984221417,14.6550869533,24.9997448814,0.9000000000
2026-12-06,S11,K06,shared_ridge10,20.2430847630,13.7122680136,26.2907746286,0.9000000000
2026-12-06,S11,K07,shared_ridge10,23.5152191297,16.1693628300,29.3212319564,0.9000000000
2026-12-06,S11,K08,shared_ridge10,24.0094046478,16.8793915940,29.4650160693,0.9000000000
2026-12-06,S12,K01,shared_ridge10,15.0407761451,9.9474337702,19.5733596561,0.9000000000
2026-12-06,S12,K02,shared_ridge10,14.9454312911,8.7510522863,18.7225462351,0.9000000000
2026-12-06,S12,K03,shared_ridge10,17.6280271439,11.8529026049,23.0897142036,0.9000000000
2026-12-06,S12,K04,shared_ridge10,17.8615795193,11.8233744334,23.2702824687,0.9000000000
2026-12-06,S12,K05,shared_ridge10,21.0968677375,14.2998906314,26.3237989609,0.9000000000
2026-12-06,S12,K06,shared_ridge10,20.7660439951,13.2670819309,25.2793656017,0.9000000000
2026-12-06,S12,K07,shared_ridge10,23.5624082626,16.6681631585,27.5495316595,0.9000000000
2026-12-06,S12,K08,shared_ridge10,24.6155962601,18.2648768094,29.1392304555,0.9000000000
2026-12-07,S01,K01,shared_ridge10,8.3988091611,3.4502057216,13.0870459734,0.9000000000
2026-12-07,S01,K02,shared_ridge10,7.3166177068,1.9179833497,11.2450806554,0.9000000000
2026-12-07,S01,K03,shared_ridge10,10.0260653712,4.2917724542,14.1473134365,0.9000000000
2026-12-07,S01,K04,shared_ridge10,9.5345025422,3.3851044001,13.0058581960,0.9000000000
2026-12-07,S01,K05,shared_ridge10,12.0395037931,6.9053460547,15.6577862942,0.9000000000
2026-12-07,S01,K06,shared_ridge10,11.1932983867,4.4792588315,15.4624309553,0.9000000000
2026-12-07,S01,K07,shared_ridge10,13.8164056292,6.8593319386,17.4983877924,0.9000000000
2026-12-07,S01,K08,shared_ridge10,13.2367349222,7.0940041272,17.4157059977,0.9000000000
2026-12-07,S02,K01,shared_ridge10,8.7874101974,3.3483198143,13.3221648494,0.9000000000
2026-12-07,S02,K02,shared_ridge10,7.3943379141,2.2690183350,10.6452655973,0.9000000000
2026-12-07,S02,K03,shared_ridge10,10.5597441277,5.5180504897,14.0760828182,0.9000000000
2026-12-07,S02,K04,shared_ridge10,9.8920742007,3.7314675806,14.2592393584,0.9000000000
2026-12-07,S02,K05,shared_ridge10,12.8996074201,6.9651007884,16.6312603799,0.9000000000
2026-12-07,S02,K06,shared_ridge10,11.7325153204,5.8225292069,15.1265864211,0.9000000000
2026-12-07,S02,K07,shared_ridge10,13.8837631422,7.7839695701,17.5858641154,0.9000000000
2026-12-07,S02,K08,shared_ridge10,13.9103100518,7.8508454958,16.7196058489,0.9000000000
2026-12-07,S03,K01,shared_ridge10,8.9065811819,3.3116156139,13.0724013510,0.9000000000
2026-12-07,S03,K02,shared_ridge10,8.2492601939,2.1947540762,12.1595778113,0.9000000000
2026-12-07,S03,K03,shared_ridge10,10.6581398955,4.9160048936,16.0398719235,0.9000000000
2026-12-07,S03,K04,shared_ridge10,10.1459895636,3.8761705039,13.4422866894,0.9000000000
2026-12-07,S03,K05,shared_ridge10,13.1013481174,7.6496398453,16.5803778279,0.9000000000
2026-12-07,S03,K06,shared_ridge10,12.1107536624,6.5224914962,16.0203905532,0.9000000000
2026-12-07,S03,K07,shared_ridge10,14.9614833494,8.4033766156,18.4371584587,0.9000000000
2026-12-07,S03,K08,shared_ridge10,14.2419162694,8.5154047484,18.6542545031,0.9000000000
2026-12-07,S04,K01,shared_ridge10,9.3003635653,4.1353963748,13.1665251168,0.9000000000
2026-12-07,S04,K02,shared_ridge10,8.6067731473,3.1951967474,12.2111482857,0.9000000000
2026-12-07,S04,K03,shared_ridge10,11.5025998248,6.3133938747,15.5305864302,0.9000000000
2026-12-07,S04,K04,shared_ridge10,11.0889947449,4.9297447129,14.8876151797,0.9000000000
2026-12-07,S04,K05,shared_ridge10,13.5828815608,8.2679769441,16.5360151206,0.9000000000
2026-12-07,S04,K06,shared_ridge10,12.7325153204,6.5996286953,16.1227249506,0.9000000000
2026-12-07,S04,K07,shared_ridge10,15.6816906033,10.5096852183,19.1741396965,0.9000000000
2026-12-07,S04,K08,shared_ridge10,15.3559059067,8.5859369832,18.3304212856,0.9000000000
2026-12-07,S05,K01,shared_ridge10,9.7925915446,4.0700058463,13.5350129214,0.9000000000
2026-12-07,S05,K02,shared_ridge10,9.3217990540,4.2452787016,13.5295730432,0.9000000000
2026-12-07,S05,K03,shared_ridge10,11.5750390287,5.8336813840,15.5776819470,0.9000000000
2026-12-07,S05,K04,shared_ridge10,11.2444058069,5.3685486049,15.2219088844,0.9000000000
2026-12-07,S05,K05,shared_ridge10,14.2977415468,7.8737928988,18.1486333348,0.9000000000
2026-12-07,S05,K06,shared_ridge10,13.3801837142,7.6758446705,17.2722651030,0.9000000000
2026-12-07,S05,K07,shared_ridge10,16.4018978572,10.3554577386,19.6690738113,0.9000000000
2026-12-07,S05,K08,shared_ridge10,15.9880562633,9.6958533239,20.4589549652,0.9000000000
2026-12-07,S06,K01,shared_ridge10,9.8133169332,4.0297201362,14.0473725419,0.9000000000
2026-12-07,S06,K02,shared_ridge10,9.6900136363,3.8434638515,13.7539177003,0.9000000000
2026-12-07,S06,K03,shared_ridge10,12.3677851427,6.9426069066,16.7784868351,0.9000000000
2026-12-07,S06,K04,shared_ridge10,11.8816528013,6.2387842402,16.6826007615,0.9000000000
2026-12-07,S06,K05,shared_ridge10,14.5412648628,8.1426374361,18.5140212285,0.9000000000
2026-12-07,S06,K06,shared_ridge10,14.1366603981,8.8148453878,18.1891453437,0.9000000000
2026-12-07,S06,K07,shared_ridge10,16.7697735049,9.4570608740,21.3826281122,0.9000000000
2026-12-07,S06,K08,shared_ridge10,16.0606471319,9.1958515406,18.8770688578,0.9000000000
2026-12-07,S07,K01,shared_ridge10,10.5179801456,5.0753074438,14.5535709218,0.9000000000
2026-12-07,S07,K02,shared_ridge10,9.4934613793,4.3488324520,13.4262518614,0.9000000000
2026-12-07,S07,K03,shared_ridge10,12.6993913603,7.1246660149,18.1809817441,0.9000000000
2026-12-07,S07,K04,shared_ridge10,12.1147547180,6.2288632449,16.2132014613,0.9000000000
2026-12-07,S07,K05,shared_ridge10,15.2770161582,9.8074286194,19.9321071437,0.9000000000
2026-12-07,S07,K06,shared_ridge10,14.3957277556,8.3780895497,18.7835323749,0.9000000000
2026-12-07,S07,K07,shared_ridge10,17.7438667691,9.4276127492,22.6469419080,0.9000000000
2026-12-07,S07,K08,shared_ridge10,17.0762431819,10.7514020540,21.7607484119,0.9000000000
2026-12-07,S08,K01,shared_ridge10,11.1551621710,5.6766131731,15.4887636907,0.9000000000
2026-12-07,S08,K02,shared_ridge10,9.9806774788,3.5827440457,14.3138759050,0.9000000000
2026-12-07,S08,K03,shared_ridge10,13.3367967160,7.5667141032,18.7261898774,0.9000000000
2026-12-07,S08,K04,shared_ridge10,12.8815940962,7.4388612641,16.9274536533,0.9000000000
2026-12-07,S08,K05,shared_ridge10,16.1008503551,9.7556381157,20.1442214629,0.9000000000
2026-12-07,S08,K06,shared_ridge10,14.7946914862,8.9505339241,19.8051038592,0.9000000000
2026-12-07,S08,K07,shared_ridge10,18.0380895397,11.4775875108,20.7168861795,0.9000000000
2026-12-07,S08,K08,shared_ridge10,18.0555177933,11.1755865601,22.4899714220,0.9000000000
2026-12-07,S09,K01,shared_ridge10,11.3310806259,6.1610085591,15.0890242071,0.9000000000
2026-12-07,S09,K02,shared_ridge10,10.6438899140,4.5933178433,15.4656428088,0.9000000000
2026-12-07,S09,K03,shared_ridge10,13.4871554395,8.2753167656,18.6692651333,0.9000000000
2026-12-07,S09,K04,shared_ridge10,13.2753764797,8.0638538192,18.2656051514,0.9000000000
2026-12-07,S09,K05,shared_ridge10,16.3961871426,10.1313120302,20.5396752277,0.9000000000
2026-12-07,S09,K06,shared_ridge10,15.5978002945,9.8837223375,18.7821732487,0.9000000000
2026-12-07,S09,K07,shared_ridge10,18.5032967662,12.7741623240,22.8776547933,0.9000000000
2026-12-07,S09,K08,shared_ridge10,18.7705437000,11.3275904603,23.2330957488,0.9000000000
2026-12-07,S10,K01,shared_ridge10,11.2427503761,6.2647070687,16.2984823108,0.9000000000
2026-12-07,S10,K02,shared_ridge10,10.9597826228,5.7830573887,15.7160118109,0.9000000000
2026-12-07,S10,K03,shared_ridge10,14.3110394645,8.8846067987,18.9764775212,0.9000000000
2026-12-07,S10,K04,shared_ridge10,13.4929930600,8.8513611160,18.1660321785,0.9000000000
2026-12-07,S10,K05,shared_ridge10,16.7018866245,11.2338022522,21.8679601490,0.9000000000
2026-12-07,S10,K06,shared_ridge10,16.4939949364,9.7226832075,20.4355970231,0.9000000000
2026-12-07,S10,K07,shared_ridge10,19.4198382032,11.5758667030,25.7327339280,0.9000000000
2026-12-07,S10,K08,shared_ridge10,18.7756730387,11.2689994348,22.7146064410,0.9000000000
2026-12-07,S11,K01,shared_ridge10,12.0044084072,6.1616851498,16.6573577394,0.9000000000
2026-12-07,S11,K02,shared_ridge10,11.6744695949,6.1146145798,16.2653956770,0.9000000000
2026-12-07,S11,K03,shared_ridge10,14.5338373920,9.7933207246,18.9029968170,0.9000000000
2026-12-07,S11,K04,shared_ridge10,14.4152728527,9.4749345791,17.7108790233,0.9000000000
2026-12-07,S11,K05,shared_ridge10,17.4894513913,11.1461162029,21.4907741310,0.9000000000
2026-12-07,S11,K06,shared_ridge10,16.5350888835,10.0042721342,22.5827787491,0.9000000000
2026-12-07,S11,K07,shared_ridge10,19.9690610012,12.6232047014,25.7750738278,0.9000000000
2026-12-07,S11,K08,shared_ridge10,19.8792479731,12.7492349193,25.3348593946,0.9000000000
2026-12-07,S12,K01,shared_ridge10,12.3826467492,7.2893043743,16.9152302602,0.9000000000
2026-12-07,S12,K02,shared_ridge10,11.8865658934,5.6921868886,15.6636808374,0.9000000000
2026-12-07,S12,K03,shared_ridge10,14.8861689982,9.1110444592,20.3478560579,0.9000000000
2026-12-07,S12,K04,shared_ridge10,14.6847029045,8.6464978186,20.0934058539,0.9000000000
2026-12-07,S12,K05,shared_ridge10,17.5878969872,10.7909198810,22.8148282106,0.9000000000
2026-12-07,S12,K06,shared_ridge10,17.0580481156,9.5590860514,21.5713697222,0.9000000000
2026-12-07,S12,K07,shared_ridge10,20.0162501340,13.1220050299,24.0033735310,0.9000000000
2026-12-07,S12,K08,shared_ridge10,20.4854395855,14.1347201348,25.0090737809,0.9000000000
2026-12-08,S01,K01,shared_ridge10,11.7984356001,6.8498321606,16.4866724123,0.9000000000
2026-12-08,S01,K02,shared_ridge10,10.9520799791,5.5534456220,14.8805429276,0.9000000000
2026-12-08,S01,K03,shared_ridge10,13.5499933328,7.8157004158,17.6712413981,0.9000000000
2026-12-08,S01,K04,shared_ridge10,12.8842693273,6.7348711852,16.3556249811,0.9000000000
2026-12-08,S01,K05,shared_ridge10,15.3274446342,10.1932868957,18.9457271353,0.9000000000
2026-12-08,S01,K06,shared_ridge10,14.6487881530,7.9347485978,18.9179207216,0.9000000000
2026-12-08,S01,K07,shared_ridge10,17.1412599450,10.1841862544,20.8232421081,0.9000000000
2026-12-08,S01,K08,shared_ridge10,16.6394152343,10.4966844393,20.8183863097,0.9000000000
2026-12-08,S02,K01,shared_ridge10,12.1870366364,6.7479462532,16.7217912883,0.9000000000
2026-12-08,S02,K02,shared_ridge10,11.0298001863,5.9044806072,14.2807278695,0.9000000000
2026-12-08,S02,K03,shared_ridge10,14.0836720893,9.0419784512,17.6000107797,0.9000000000
2026-12-08,S02,K04,shared_ridge10,13.2418409857,7.0812343656,17.6090061435,0.9000000000
2026-12-08,S02,K05,shared_ridge10,16.1875482611,10.2530416295,19.9192012210,0.9000000000
2026-12-08,S02,K06,shared_ridge10,15.1880050867,9.2780189732,18.5820761874,0.9000000000
2026-12-08,S02,K07,shared_ridge10,17.2086174580,11.1088238858,20.9107184311,0.9000000000
2026-12-08,S02,K08,shared_ridge10,17.3129903638,11.2535258078,20.1222861610,0.9000000000
2026-12-08,S03,K01,shared_ridge10,12.3062076208,6.7112420529,16.4720277900,0.9000000000
2026-12-08,S03,K02,shared_ridge10,11.8847224661,5.8302163484,15.7950400835,0.9000000000
2026-12-08,S03,K03,shared_ridge10,14.1820678571,8.4399328552,19.5637998850,0.9000000000
2026-12-08,S03,K04,shared_ridge10,13.4957563486,7.2259372889,16.7920534744,0.9000000000
2026-12-08,S03,K05,shared_ridge10,16.3892889584,10.9375806864,19.8683186689,0.9000000000
2026-12-08,S03,K06,shared_ridge10,15.5662434287,9.9779812625,19.4758803195,0.9000000000
2026-12-08,S03,K07,shared_ridge10,18.2863376652,11.7282309314,21.7620127744,0.9000000000
2026-12-08,S03,K08,shared_ridge10,17.6445965815,11.9180850605,22.0569348152,0.9000000000
2026-12-08,S04,K01,shared_ridge10,12.6999900042,7.5350228138,16.5661515558,0.9000000000
2026-12-08,S04,K02,shared_ridge10,12.2422354195,6.8306590196,15.8466105580,0.9000000000
2026-12-08,S04,K03,shared_ridge10,15.0265277864,9.8373218363,19.0545143918,0.9000000000
2026-12-08,S04,K04,shared_ridge10,14.4387615300,8.2795114980,18.2373819648,0.9000000000
2026-12-08,S04,K05,shared_ridge10,16.8708224019,11.5559177852,19.8239559616,0.9000000000
2026-12-08,S04,K06,shared_ridge10,16.1880050867,10.0551184616,19.5782147169,0.9000000000
2026-12-08,S04,K07,shared_ridge10,19.0065449191,13.8345395340,22.4989940123,0.9000000000
2026-12-08,S04,K08,shared_ridge10,18.7585862188,11.9886172953,21.7331015977,0.9000000000
2026-12-08,S05,K01,shared_ridge10,13.1922179835,7.4696322853,16.9346393603,0.9000000000
2026-12-08,S05,K02,shared_ridge10,12.9572613262,7.8807409738,17.1650353155,0.9000000000
2026-12-08,S05,K03,shared_ridge10,15.0989669903,9.3576093455,19.1016099086,0.9000000000
2026-12-08,S05,K04,shared_ridge10,14.5941725920,8.7183153900,18.5716756695,0.9000000000
2026-12-08,S05,K05,shared_ridge10,17.5856823878,11.1617337398,21.4365741758,0.9000000000
2026-12-08,S05,K06,shared_ridge10,16.8356734805,11.1313344368,20.7277548693,0.9000000000
2026-12-08,S05,K07,shared_ridge10,19.7267521730,13.6803120544,22.9939281271,0.9000000000
2026-12-08,S05,K08,shared_ridge10,19.3907365754,13.0985336359,23.8616352773,0.9000000000
2026-12-08,S06,K01,shared_ridge10,13.2129433721,7.4293465751,17.4469989809,0.9000000000
2026-12-08,S06,K02,shared_ridge10,13.3254759086,7.4789261238,17.3893799725,0.9000000000
2026-12-08,S06,K03,shared_ridge10,15.8917131043,10.4665348682,20.3024147967,0.9000000000
2026-12-08,S06,K04,shared_ridge10,15.2314195864,9.5885510253,20.0323675466,0.9000000000
2026-12-08,S06,K05,shared_ridge10,17.8292057039,11.4305782771,21.8019620696,0.9000000000
2026-12-08,S06,K06,shared_ridge10,17.5921501644,12.2703351541,21.6446351100,0.9000000000
2026-12-08,S06,K07,shared_ridge10,20.0946278207,12.7819151898,24.7074824280,0.9000000000
2026-12-08,S06,K08,shared_ridge10,19.4633274440,12.5985318526,22.2797491699,0.9000000000
2026-12-08,S07,K01,shared_ridge10,13.9176065846,8.4749338828,17.9531973608,0.9000000000
2026-12-08,S07,K02,shared_ridge10,13.1289236515,7.9842947242,17.0617141337,0.9000000000
2026-12-08,S07,K03,shared_ridge10,16.2233193219,10.6485939764,21.7049097056,0.9000000000
2026-12-08,S07,K04,shared_ridge10,15.4645215031,9.5786300300,19.5629682464,0.9000000000
2026-12-08,S07,K05,shared_ridge10,18.5649569992,13.0953694604,23.2200479848,0.9000000000
2026-12-08,S07,K06,shared_ridge10,17.8512175219,11.8335793160,22.2390221412,0.9000000000
2026-12-08,S07,K07,shared_ridge10,21.0687210849,12.7524670649,25.9717962238,0.9000000000
2026-12-08,S07,K08,shared_ridge10,20.4789234940,14.1540823660,25.1634287240,0.9000000000
2026-12-08,S08,K01,shared_ridge10,14.5547886099,9.0762396120,18.8883901297,0.9000000000
2026-12-08,S08,K02,shared_ridge10,13.6161397510,7.2182063179,17.9493381772,0.9000000000
2026-12-08,S08,K03,shared_ridge10,16.8607246776,11.0906420648,22.2501178389,0.9000000000
2026-12-08,S08,K04,shared_ridge10,16.2313608813,10.7886280491,20.2772204384,0.9000000000
2026-12-08,S08,K05,shared_ridge10,19.3887911961,13.0435789567,23.4321623040,0.9000000000
2026-12-08,S08,K06,shared_ridge10,18.2501812525,12.4060236904,23.2605936255,0.9000000000
2026-12-08,S08,K07,shared_ridge10,21.3629438554,14.8024418266,24.0417404952,0.9000000000
2026-12-08,S08,K08,shared_ridge10,21.4581981054,14.5782668722,25.8926517341,0.9000000000
2026-12-08,S09,K01,shared_ridge10,14.7307070648,9.5606349981,18.4886506460,0.9000000000
2026-12-08,S09,K02,shared_ridge10,14.2793521862,8.2287801155,19.1011050811,0.9000000000
2026-12-08,S09,K03,shared_ridge10,17.0110834011,11.7992447272,22.1931930949,0.9000000000
2026-12-08,S09,K04,shared_ridge10,16.6251432647,11.4136206043,21.6153719365,0.9000000000
2026-12-08,S09,K05,shared_ridge10,19.6841279837,13.4192528712,23.8276160688,0.9000000000
2026-12-08,S09,K06,shared_ridge10,19.0532900608,13.3392121038,22.2376630150,0.9000000000
2026-12-08,S09,K07,shared_ridge10,21.8281510819,16.0990166397,26.2025091090,0.9000000000
2026-12-08,S09,K08,shared_ridge10,22.1732240121,14.7302707724,26.6357760608,0.9000000000
2026-12-08,S10,K01,shared_ridge10,14.6423768151,9.6643335077,19.6981087498,0.9000000000
2026-12-08,S10,K02,shared_ridge10,14.5952448951,9.4185196609,19.3514740832,0.9000000000
2026-12-08,S10,K03,shared_ridge10,17.8349674261,12.4085347603,22.5004054827,0.9000000000
2026-12-08,S10,K04,shared_ridge10,16.8427598451,12.2011279011,21.5157989636,0.9000000000
2026-12-08,S10,K05,shared_ridge10,19.9898274655,14.5217430933,25.1559009900,0.9000000000
2026-12-08,S10,K06,shared_ridge10,19.9494847027,13.1781729738,23.8910867894,0.9000000000
2026-12-08,S10,K07,shared_ridge10,22.7446925190,14.9007210188,29.0575882438,0.9000000000
2026-12-08,S10,K08,shared_ridge10,22.1783533507,14.6716797469,26.1172867530,0.9000000000
2026-12-08,S11,K01,shared_ridge10,15.4040348462,9.5613115887,20.0569841784,0.9000000000
2026-12-08,S11,K02,shared_ridge10,15.3099318671,9.7500768521,19.9008579493,0.9000000000
2026-12-08,S11,K03,shared_ridge10,18.0577653535,13.3172486862,22.4269247786,0.9000000000
2026-12-08,S11,K04,shared_ridge10,17.7650396378,12.8247013641,21.0606458084,0.9000000000
2026-12-08,S11,K05,shared_ridge10,20.7773922324,14.4340570440,24.7787149721,0.9000000000
2026-12-08,S11,K06,shared_ridge10,19.9905786498,13.4597619005,26.0382685154,0.9000000000
2026-12-08,S11,K07,shared_ridge10,23.2939153169,15.9480590172,29.0999281436,0.9000000000
2026-12-08,S11,K08,shared_ridge10,23.2819282852,16.1519152314,28.7375397067,0.9000000000
2026-12-08,S12,K01,shared_ridge10,15.7822731881,10.6889308133,20.3148566992,0.9000000000
2026-12-08,S12,K02,shared_ridge10,15.5220281656,9.3276491609,19.2991431096,0.9000000000
2026-12-08,S12,K03,shared_ridge10,18.4100969598,12.6349724208,23.8717840195,0.9000000000
2026-12-08,S12,K04,shared_ridge10,18.0344696896,11.9962646037,23.4431726390,0.9000000000
2026-12-08,S12,K05,shared_ridge10,20.8758378282,14.0788607221,26.1027690517,0.9000000000
2026-12-08,S12,K06,shared_ridge10,20.5135378819,13.0145758177,25.0268594885,0.9000000000
2026-12-08,S12,K07,shared_ridge10,23.3411044498,16.4468593457,27.3282278467,0.9000000000
2026-12-08,S12,K08,shared_ridge10,23.8881198975,17.5374004469,28.4117540930,0.9000000000
2026-12-09,S01,K01,shared_ridge10,11.7521074464,6.8035040069,16.4403442587,0.9000000000
2026-12-09,S01,K02,shared_ridge10,10.8435251404,5.4448907833,14.7719880889,0.9000000000
2026-12-09,S01,K03,shared_ridge10,13.3454022679,7.6111093508,17.4666503331,0.9000000000
2026-12-09,S01,K04,shared_ridge10,12.6328585510,6.4834604089,16.1042142048,0.9000000000
2026-12-09,S01,K05,shared_ridge10,15.3495297845,10.2153720460,18.9678122856,0.9000000000
2026-12-09,S01,K06,shared_ridge10,14.5681214661,7.8540819108,18.8372540347,0.9000000000
2026-12-09,S01,K07,shared_ridge10,16.9118720028,9.9547983122,20.5938541659,0.9000000000
2026-12-09,S01,K08,shared_ridge10,16.4999417895,10.3572109945,20.6789128649,0.9000000000
2026-12-09,S02,K01,shared_ridge10,12.1407084827,6.7016180996,16.6754631347,0.9000000000
2026-12-09,S02,K02,shared_ridge10,10.9212453476,5.7959257685,14.1721730308,0.9000000000
2026-12-09,S02,K03,shared_ridge10,13.8790810243,8.8373873863,17.3954197148,0.9000000000
2026-12-09,S02,K04,shared_ridge10,12.9904302095,6.8298235894,17.3575953672,0.9000000000
2026-12-09,S02,K05,shared_ridge10,16.2096334114,10.2751267798,19.9412863713,0.9000000000
2026-12-09,S02,K06,shared_ridge10,15.1073383998,9.1973522863,18.5014095005,0.9000000000
2026-12-09,S02,K07,shared_ridge10,16.9792295157,10.8794359436,20.6813304889,0.9000000000
2026-12-09,S02,K08,shared_ridge10,17.1735169190,11.1140523630,19.9828127161,0.9000000000
2026-12-09,S03,K01,shared_ridge10,12.2598794672,6.6649138992,16.4256996363,0.9000000000
2026-12-09,S03,K02,shared_ridge10,11.7761676274,5.7216615097,15.6864852448,0.9000000000
2026-12-09,S03,K03,shared_ridge10,13.9774767921,8.2353417903,19.3592088201,0.9000000000
2026-12-09,S03,K04,shared_ridge10,13.2443455723,6.9745265127,16.5406426981,0.9000000000
2026-12-09,S03,K05,shared_ridge10,16.4113741087,10.9596658367,19.8904038192,0.9000000000
2026-12-09,S03,K06,shared_ridge10,15.4855767418,9.8973145755,19.3952136326,0.9000000000
2026-12-09,S03,K07,shared_ridge10,18.0569497230,11.4988429891,21.5326248322,0.9000000000
2026-12-09,S03,K08,shared_ridge10,17.5051231366,11.7786116157,21.9174613704,0.9000000000
2026-12-09,S04,K01,shared_ridge10,12.6536618506,7.4886946601,16.5198234021,0.9000000000
2026-12-09,S04,K02,shared_ridge10,12.1336805808,6.7221041809,15.7380557193,0.9000000000
2026-12-09,S04,K03,shared_ridge10,14.8219367214,9.6327307713,18.8499233269,0.9000000000
2026-12-09,S04,K04,shared_ridge10,14.1873507537,8.0281007217,17.9859711885,0.9000000000
2026-12-09,S04,K05,shared_ridge10,16.8929075521,11.5780029354,19.8460411119,0.9000000000
2026-12-09,S04,K06,shared_ridge10,16.1073383998,9.9744517747,19.4975480300,0.9000000000
2026-12-09,S04,K07,shared_ridge10,18.7771569769,13.6051515918,22.2696060701,0.9000000000
2026-12-09,S04,K08,shared_ridge10,18.6191127739,11.8491438505,21.5936281528,0.9000000000
2026-12-09,S05,K01,shared_ridge10,13.1458898298,7.4233041316,16.8883112067,0.9000000000
2026-12-09,S05,K02,shared_ridge10,12.8487064875,7.7721861351,17.0564804768,0.9000000000
2026-12-09,S05,K03,shared_ridge10,14.8943759253,9.1530182806,18.8970188436,0.9000000000
2026-12-09,S05,K04,shared_ridge10,14.3427618157,8.4669046137,18.3202648932,0.9000000000
2026-12-09,S05,K05,shared_ridge10,17.6077675381,11.1838188901,21.4586593261,0.9000000000
2026-12-09,S05,K06,shared_ridge10,16.7550067936,11.0506677499,20.6470881824,0.9000000000
2026-12-09,S05,K07,shared_ridge10,19.4973642307,13.4509241122,22.7645401848,0.9000000000
2026-12-09,S05,K08,shared_ridge10,19.2512631305,12.9590601911,23.7221618325,0.9000000000
2026-12-09,S06,K01,shared_ridge10,13.1666152185,7.3830184214,17.4006708272,0.9000000000
2026-12-09,S06,K02,shared_ridge10,13.2169210699,7.3703712851,17.2808251338,0.9000000000
2026-12-09,S06,K03,shared_ridge10,15.6871220393,10.2619438032,20.0978237318,0.9000000000
2026-12-09,S06,K04,shared_ridge10,14.9800088101,9.3371402490,19.7809567703,0.9000000000
2026-12-09,S06,K05,shared_ridge10,17.8512908542,11.4526634274,21.8240472199,0.9000000000
2026-12-09,S06,K06,shared_ridge10,17.5114834775,12.1896684672,21.5639684231,0.9000000000
2026-12-09,S06,K07,shared_ridge10,19.8652398784,12.5525272475,24.4780944858,0.9000000000
2026-12-09,S06,K08,shared_ridge10,19.3238539992,12.4590584078,22.1402757250,0.9000000000
2026-12-09,S07,K01,shared_ridge10,13.8712784309,8.4286057291,17.9068692071,0.9000000000
2026-12-09,S07,K02,shared_ridge10,13.0203688128,7.8757398855,16.9531592950,0.9000000000
2026-12-09,S07,K03,shared_ridge10,16.0187282569,10.4440029115,21.5003186407,0.9000000000
2026-12-09,S07,K04,shared_ridge10,15.2131107268,9.3272192537,19.3115574701,0.9000000000
2026-12-09,S07,K05,shared_ridge10,18.5870421495,13.1174546107,23.2421331350,0.9000000000
2026-12-09,S07,K06,shared_ridge10,17.7705508350,11.7529126291,22.1583554543,0.9000000000
2026-12-09,S07,K07,shared_ridge10,20.8393331427,12.5230791227,25.7424082815,0.9000000000
2026-12-09,S07,K08,shared_ridge10,20.3394500492,14.0146089212,25.0239552791,0.9000000000
2026-12-09,S08,K01,shared_ridge10,14.5084604563,9.0299114584,18.8420619760,0.9000000000
2026-12-09,S08,K02,shared_ridge10,13.5075849123,7.1096514792,17.8407833385,0.9000000000
2026-12-09,S08,K03,shared_ridge10,16.6561336126,10.8860509998,22.0455267740,0.9000000000
2026-12-09,S08,K04,shared_ridge10,15.9799501050,10.5372172728,20.0258096621,0.9000000000
2026-12-09,S08,K05,shared_ridge10,19.4108763464,13.0656641070,23.4542474542,0.9000000000
2026-12-09,S08,K06,shared_ridge10,18.1695145656,12.3253570035,23.1799269386,0.9000000000
2026-12-09,S08,K07,shared_ridge10,21.1335559132,14.5730538843,23.8123525530,0.9000000000
2026-12-09,S08,K08,shared_ridge10,21.3187246606,14.4387934273,25.7531782893,0.9000000000
2026-12-09,S09,K01,shared_ridge10,14.6843789112,9.5143068444,18.4423224924,0.9000000000
2026-12-09,S09,K02,shared_ridge10,14.1707973475,8.1202252768,18.9925502424,0.9000000000
2026-12-09,S09,K03,shared_ridge10,16.8064923361,11.5946536622,21.9886020299,0.9000000000
2026-12-09,S09,K04,shared_ridge10,16.3737324884,11.1622098280,21.3639611602,0.9000000000
2026-12-09,S09,K05,shared_ridge10,19.7062131339,13.4413380215,23.8497012191,0.9000000000
2026-12-09,S09,K06,shared_ridge10,18.9726233739,13.2585454169,22.1569963281,0.9000000000
2026-12-09,S09,K07,shared_ridge10,21.5987631397,15.8696286975,25.9731211668,0.9000000000
2026-12-09,S09,K08,shared_ridge10,22.0337505673,14.5907973275,26.4963026160,0.9000000000
2026-12-09,S10,K01,shared_ridge10,14.5960486614,9.6180053540,19.6517805961,0.9000000000
2026-12-09,S10,K02,shared_ridge10,14.4866900564,9.3099648222,19.2429192445,0.9000000000
2026-12-09,S10,K03,shared_ridge10,17.6303763611,12.2039436954,22.2958144178,0.9000000000
2026-12-09,S10,K04,shared_ridge10,16.5913490688,11.9497171248,21.2643881873,0.9000000000
2026-12-09,S10,K05,shared_ridge10,20.0119126158,14.5438282435,25.1779861403,0.9000000000
2026-12-09,S10,K06,shared_ridge10,19.8688180158,13.0975062868,23.8104201025,0.9000000000
2026-12-09,S10,K07,shared_ridge10,22.5153045768,14.6713330766,28.8282003015,0.9000000000
2026-12-09,S10,K08,shared_ridge10,22.0388799059,14.5322063021,25.9778133082,0.9000000000
2026-12-09,S11,K01,shared_ridge10,15.3577066925,9.5149834351,20.0106560247,0.9000000000
2026-12-09,S11,K02,shared_ridge10,15.2013770284,9.6415220134,19.7923031106,0.9000000000
2026-12-09,S11,K03,shared_ridge10,17.8531742886,13.1126576213,22.2223337136,0.9000000000
2026-12-09,S11,K04,shared_ridge10,17.5136288615,12.5732905878,20.8092350321,0.9000000000
2026-12-09,S11,K05,shared_ridge10,20.7994773827,14.4561421942,24.8008001224,0.9000000000
2026-12-09,S11,K06,shared_ridge10,19.9099119629,13.3790952135,25.9576018285,0.9000000000
2026-12-09,S11,K07,shared_ridge10,23.0645273747,15.7186710749,28.8705402013,0.9000000000
2026-12-09,S11,K08,shared_ridge10,23.1424548404,16.0124417866,28.5980662619,0.9000000000
2026-12-09,S12,K01,shared_ridge10,15.7359450345,10.6426026596,20.2685285455,0.9000000000
2026-12-09,S12,K02,shared_ridge10,15.4134733269,9.2190943222,19.1905882709,0.9000000000
2026-12-09,S12,K03,shared_ridge10,18.2055058948,12.4303813558,23.6671929545,0.9000000000
2026-12-09,S12,K04,shared_ridge10,17.7830589133,11.7448538274,23.1917618627,0.9000000000
2026-12-09,S12,K05,shared_ridge10,20.8979229785,14.1009458724,26.1248542019,0.9000000000
2026-12-09,S12,K06,shared_ridge10,20.4328711950,12.9339091308,24.9461928016,0.9000000000
2026-12-09,S12,K07,shared_ridge10,23.1117165076,16.2174714035,27.0988399045,0.9000000000
2026-12-09,S12,K08,shared_ridge10,23.7486464527,17.3979270020,28.2722806481,0.9000000000
2026-12-10,S01,K01,shared_ridge10,8.3314015269,3.3827980874,13.0196383391,0.9000000000
2026-12-10,S01,K02,shared_ridge10,7.7735618864,2.3749275293,11.7020248349,0.9000000000
2026-12-10,S01,K03,shared_ridge10,10.0800239056,4.3457309886,14.2012719709,0.9000000000
2026-12-10,S01,K04,shared_ridge10,9.6374130705,3.4880149283,13.1087687243,0.9000000000
2026-12-10,S01,K05,shared_ridge10,11.7644426853,6.6302849469,15.3827251864,0.9000000000
2026-12-10,S01,K06,shared_ridge10,11.0478924325,4.3338528773,15.3170250011,0.9000000000
2026-12-10,S01,K07,shared_ridge10,13.8021548460,6.8450811554,17.4841370091,0.9000000000
2026-12-10,S01,K08,shared_ridge10,13.0357214785,6.8929906835,17.2146925539,0.9000000000
2026-12-10,S02,K01,shared_ridge10,8.7200025631,3.2809121800,13.2547572151,0.9000000000
2026-12-10,S02,K02,shared_ridge10,7.8512820937,2.7259625145,11.1022097768,0.9000000000
2026-12-10,S02,K03,shared_ridge10,10.6137026621,5.5720090240,14.1300413525,0.9000000000
2026-12-10,S02,K04,shared_ridge10,9.9949847289,3.8343781088,14.3621498866,0.9000000000
2026-12-10,S02,K05,shared_ridge10,12.6245463123,6.6900396806,16.3561992721,0.9000000000
2026-12-10,S02,K06,shared_ridge10,11.5871093662,5.6771232527,14.9811804669,0.9000000000
2026-12-10,S02,K07,shared_ridge10,13.8695123589,7.7697187868,17.5716133321,0.9000000000
2026-12-10,S02,K08,shared_ridge10,13.7092966080,7.6498320520,16.5185924052,0.9000000000
2026-12-10,S03,K01,shared_ridge10,8.8391735476,3.2442079797,13.0049937167,0.9000000000
2026-12-10,S03,K02,shared_ridge10,8.7062043734,2.6516982557,12.6165219908,0.9000000000
2026-12-10,S03,K03,shared_ridge10,10.7120984299,4.9699634280,16.0938304578,0.9000000000
2026-12-10,S03,K04,shared_ridge10,10.2489000918,3.9790810321,13.5451972176,0.9000000000
2026-12-10,S03,K05,shared_ridge10,12.8262870096,7.3745787375,16.3053167201,0.9000000000
2026-12-10,S03,K06,shared_ridge10,11.9653477082,6.3770855420,15.8749845990,0.9000000000
2026-12-10,S03,K07,shared_ridge10,14.9472325662,8.3891258324,18.4229076754,0.9000000000
2026-12-10,S03,K08,shared_ridge10,14.0409028257,8.3143913047,18.4532410594,0.9000000000
2026-12-10,S04,K01,shared_ridge10,9.2329559310,4.0679887405,13.0991174825,0.9000000000
2026-12-10,S04,K02,shared_ridge10,9.0637173268,3.6521409269,12.6680924653,0.9000000000
2026-12-10,S04,K03,shared_ridge10,11.5565583592,6.3673524091,15.5845449646,0.9000000000
2026-12-10,S04,K04,shared_ridge10,11.1919052732,5.0326552412,14.9905257079,0.9000000000
2026-12-10,S04,K05,shared_ridge10,13.3078204530,7.9929158363,16.2609540128,0.9000000000
2026-12-10,S04,K06,shared_ridge10,12.5871093662,6.4542227412,15.9773189964,0.9000000000
2026-12-10,S04,K07,shared_ridge10,15.6674398201,10.4954344350,19.1598889133,0.9000000000
2026-12-10,S04,K08,shared_ridge10,15.1548924630,8.3849235395,18.1294078419,0.9000000000
2026-12-10,S05,K01,shared_ridge10,9.7251839103,4.0025982120,13.4676052871,0.9000000000
2026-12-10,S05,K02,shared_ridge10,9.7787432335,4.7022228811,13.9865172228,0.9000000000
2026-12-10,S05,K03,shared_ridge10,11.6289975631,5.8876399183,15.6316404814,0.9000000000
2026-12-10,S05,K04,shared_ridge10,11.3473163351,5.4714591332,15.3248194127,0.9000000000
2026-12-10,S05,K05,shared_ridge10,14.0226804390,7.5987317910,17.8735722270,0.9000000000
2026-12-10,S05,K06,shared_ridge10,13.2347777600,7.5304387163,17.1268591488,0.9000000000
2026-12-10,S05,K07,shared_ridge10,16.3876470740,10.3412069554,19.6548230281,0.9000000000
2026-12-10,S05,K08,shared_ridge10,15.7870428196,9.4948398801,20.2579415215,0.9000000000
2026-12-10,S06,K01,shared_ridge10,9.7459092989,3.9623125019,13.9799649076,0.9000000000
2026-12-10,S06,K02,shared_ridge10,10.1469578159,4.3004080311,14.2108618798,0.9000000000
2026-12-10,S06,K03,shared_ridge10,12.4217436771,6.9965654410,16.8324453695,0.9000000000
2026-12-10,S06,K04,shared_ridge10,11.9845633296,6.3416947685,16.7855112898,0.9000000000
2026-12-10,S06,K05,shared_ridge10,14.2662037550,7.8675763283,18.2389601207,0.9000000000
2026-12-10,S06,K06,shared_ridge10,13.9912544440,8.6694394336,18.0437393895,0.9000000000
2026-12-10,S06,K07,shared_ridge10,16.7555227216,9.4428100908,21.3683773290,0.9000000000
2026-12-10,S06,K08,shared_ridge10,15.8596336882,8.9948380968,18.6760554140,0.9000000000
2026-12-10,S07,K01,shared_ridge10,10.4505725113,5.0078998095,14.4861632875,0.9000000000
2026-12-10,S07,K02,shared_ridge10,9.9504055588,4.8057766315,13.8831960410,0.9000000000
2026-12-10,S07,K03,shared_ridge10,12.7533498947,7.1786245492,18.2349402784,0.9000000000
2026-12-10,S07,K04,shared_ridge10,12.2176652463,6.3317737732,16.3161119896,0.9000000000
2026-12-10,S07,K05,shared_ridge10,15.0019550504,9.5323675116,19.6570460359,0.9000000000
2026-12-10,S07,K06,shared_ridge10,14.2503218015,8.2326835955,18.6381264207,0.9000000000
2026-12-10,S07,K07,shared_ridge10,17.7296159859,9.4133619659,22.6326911248,0.9000000000
2026-12-10,S07,K08,shared_ridge10,16.8752297382,10.5503886102,21.5597349682,0.9000000000
2026-12-10,S08,K01,shared_ridge10,11.0877545367,5.6092055388,15.4213560564,0.9000000000
2026-12-10,S08,K02,shared_ridge10,10.4376216583,4.0396882252,14.7708200845,0.9000000000
2026-12-10,S08,K03,shared_ridge10,13.3907552504,7.6206726376,18.7801484117,0.9000000000
2026-12-10,S08,K04,shared_ridge10,12.9845046245,7.5417717923,17.0303641816,0.9000000000
2026-12-10,S08,K05,shared_ridge10,15.8257892473,9.4805770079,19.8691603551,0.9000000000
2026-12-10,S08,K06,shared_ridge10,14.6492855320,8.8051279700,19.6596979050,0.9000000000
2026-12-10,S08,K07,shared_ridge10,18.0238387564,11.4633367276,20.7026353962,0.9000000000
2026-12-10,S08,K08,shared_ridge10,17.8545043496,10.9745731163,22.2889579783,0.9000000000
2026-12-10,S09,K01,shared_ridge10,11.2636729916,6.0936009249,15.0216165728,0.9000000000
2026-12-10,S09,K02,shared_ridge10,11.1008340935,5.0502620228,15.9225869884,0.9000000000
2026-12-10,S09,K03,shared_ridge10,13.5411139739,8.3292753000,18.7232236677,0.9000000000
2026-12-10,S09,K04,shared_ridge10,13.3782870079,8.1667643474,18.3685156797,0.9000000000
2026-12-10,S09,K05,shared_ridge10,16.1211260348,9.8562509224,20.2646141199,0.9000000000
2026-12-10,S09,K06,shared_ridge10,15.4523943403,9.7383163833,18.6367672945,0.9000000000
2026-12-10,S09,K07,shared_ridge10,18.4890459829,12.7599115407,22.8634040100,0.9000000000
2026-12-10,S09,K08,shared_ridge10,18.5695302563,11.1265770166,23.0320823050,0.9000000000
2026-12-10,S10,K01,shared_ridge10,11.1753427418,6.1972994345,16.2310746765,0.9000000000
2026-12-10,S10,K02,shared_ridge10,11.4167268024,6.2400015682,16.1729559905,0.9000000000
2026-12-10,S10,K03,shared_ridge10,14.3649979989,8.9385653331,19.0304360555,0.9000000000
2026-12-10,S10,K04,shared_ridge10,13.5959035882,8.9542716443,18.2689427068,0.9000000000
2026-12-10,S10,K05,shared_ridge10,16.4268255167,10.9587411444,21.5928990412,0.9000000000
2026-12-10,S10,K06,shared_ridge10,16.3485889823,9.5772772533,20.2901910689,0.9000000000
2026-12-10,S10,K07,shared_ridge10,19.4055874200,11.5616159198,25.7184831448,0.9000000000
2026-12-10,S10,K08,shared_ridge10,18.5746595949,11.0679859911,22.5135929972,0.9000000000
2026-12-10,S11,K01,shared_ridge10,11.9370007729,6.0942775155,16.5899501051,0.9000000000
2026-12-10,S11,K02,shared_ridge10,12.1314137744,6.5715587594,16.7223398566,0.9000000000
2026-12-10,S11,K03,shared_ridge10,14.5877959263,9.8472792590,18.9569553514,0.9000000000
2026-12-10,S11,K04,shared_ridge10,14.5181833810,9.5778451073,17.8137895515,0.9000000000
2026-12-10,S11,K05,shared_ridge10,17.2143902835,10.8710550951,21.2157130232,0.9000000000
2026-12-10,S11,K06,shared_ridge10,16.3896829294,9.8588661800,22.4373727950,0.9000000000
2026-12-10,S11,K07,shared_ridge10,19.9548102179,12.6089539182,25.7608230446,0.9000000000
2026-12-10,S11,K08,shared_ridge10,19.6782345294,12.5482214756,25.1338459509,0.9000000000
2026-12-10,S12,K01,shared_ridge10,12.3152391149,7.2218967400,16.8478226260,0.9000000000
2026-12-10,S12,K02,shared_ridge10,12.3435100729,6.1491310682,16.1206250169,0.9000000000
2026-12-10,S12,K03,shared_ridge10,14.9401275326,9.1650029936,20.4018145923,0.9000000000
2026-12-10,S12,K04,shared_ridge10,14.7876134328,8.7494083469,20.1963163822,0.9000000000
2026-12-10,S12,K05,shared_ridge10,17.3128358794,10.5158587732,22.5397671028,0.9000000000
2026-12-10,S12,K06,shared_ridge10,16.9126421614,9.4136800972,21.4259637680,0.9000000000
2026-12-10,S12,K07,shared_ridge10,20.0019993508,13.1077542467,23.9891227477,0.9000000000
2026-12-10,S12,K08,shared_ridge10,20.2844261417,13.9337066911,24.8080603372,0.9000000000
2026-12-11,S01,K01,shared_ridge10,8.8309089417,3.8823055021,13.5191457539,0.9000000000
2026-12-11,S01,K02,shared_ridge10,8.0775144715,2.6788801143,12.0059774200,0.9000000000
2026-12-11,S01,K03,shared_ridge10,10.2811767257,4.5468838087,14.4024247910,0.9000000000
2026-12-11,S01,K04,shared_ridge10,9.7914336188,3.6420354767,13.2627892726,0.9000000000
2026-12-11,S01,K05,shared_ridge10,12.2434623796,7.1093046411,15.8617448807,0.9000000000
2026-12-11,S01,K06,shared_ridge10,11.7025806527,4.9885410975,15.9717132213,0.9000000000
2026-12-11,S01,K07,shared_ridge10,13.9010191331,6.9439454425,17.5830012962,0.9000000000
2026-12-11,S01,K08,shared_ridge10,13.3222436455,7.1795128505,17.5012147210,0.9000000000
2026-12-11,S02,K01,shared_ridge10,9.2195099779,3.7804195948,13.7542646299,0.9000000000
2026-12-11,S02,K02,shared_ridge10,8.1552346787,3.0299150996,11.4061623619,0.9000000000
2026-12-11,S02,K03,shared_ridge10,10.8148554822,5.7731618441,14.3311941726,0.9000000000
2026-12-11,S02,K04,shared_ridge10,10.1490052772,3.9883986571,14.5161704350,0.9000000000
2026-12-11,S02,K05,shared_ridge10,13.1035660065,7.1690593749,16.8352189664,0.9000000000
2026-12-11,S02,K06,shared_ridge10,12.2417975864,6.3318114729,15.6358686871,0.9000000000
2026-12-11,S02,K07,shared_ridge10,13.9683766460,7.8685830739,17.6704776192,0.9000000000
2026-12-11,S02,K08,shared_ridge10,13.9958187751,7.9363542190,16.8051145722,0.9000000000
2026-12-11,S03,K01,shared_ridge10,9.3386809624,3.7437153944,13.5045011315,0.9000000000
2026-12-11,S03,K02,shared_ridge10,9.0101569585,2.9556508408,12.9204745759,0.9000000000
2026-12-11,S03,K03,shared_ridge10,10.9132512500,5.1711162481,16.2949832779,0.9000000000
2026-12-11,S03,K04,shared_ridge10,10.4029206401,4.1331015804,13.6992177659,0.9000000000
2026-12-11,S03,K05,shared_ridge10,13.3053067038,7.8535984318,16.7843364143,0.9000000000
2026-12-11,S03,K06,shared_ridge10,12.6200359284,7.0317737622,16.5296728192,0.9000000000
2026-12-11,S03,K07,shared_ridge10,15.0460968533,8.4879901194,18.5217719625,0.9000000000
2026-12-11,S03,K08,shared_ridge10,14.3274249927,8.6009134717,18.7397632264,0.9000000000
2026-12-11,S04,K01,shared_ridge10,9.7324633458,4.5674961553,13.5986248973,0.9000000000
2026-12-11,S04,K02,shared_ridge10,9.3676699119,3.9560935120,12.9720450504,0.9000000000
2026-12-11,S04,K03,shared_ridge10,11.7577111793,6.5685052292,15.7856977847,0.9000000000
2026-12-11,S04,K04,shared_ridge10,11.3459258215,5.1866757895,15.1445462563,0.9000000000
2026-12-11,S04,K05,shared_ridge10,13.7868401472,8.4719355305,16.7399737070,0.9000000000
2026-12-11,S04,K06,shared_ridge10,13.2417975864,7.1089109613,16.6320072166,0.9000000000
2026-12-11,S04,K07,shared_ridge10,15.7663041071,10.5942987221,19.2587532003,0.9000000000
2026-12-11,S04,K08,shared_ridge10,15.4414146300,8.6714457065,18.4159300089,0.9000000000
2026-12-11,S05,K01,shared_ridge10,10.2246913251,4.5021056268,13.9671127019,0.9000000000
2026-12-11,S05,K02,shared_ridge10,10.0826958186,5.0061754662,14.2904698079,0.9000000000
2026-12-11,S05,K03,shared_ridge10,11.8301503832,6.0887927384,15.8327933015,0.9000000000
2026-12-11,S05,K04,shared_ridge10,11.5013368835,5.6254796815,15.4788399610,0.9000000000
2026-12-11,S05,K05,shared_ridge10,14.5017001332,8.0777514852,18.3525919212,0.9000000000
2026-12-11,S05,K06,shared_ridge10,13.8894659802,8.1851269365,17.7815473690,0.9000000000
2026-12-11,S05,K07,shared_ridge10,16.4865113610,10.4400712424,19.7536873151,0.9000000000
2026-12-11,S05,K08,shared_ridge10,16.0735649866,9.7813620472,20.5444636885,0.9000000000
2026-12-11,S06,K01,shared_ridge10,10.2454167137,4.4618199167,14.4794723224,0.9000000000
2026-12-11,S06,K02,shared_ridge10,10.4509104010,4.6043606162,14.5148144649,0.9000000000
2026-12-11,S06,K03,shared_ridge10,12.6228964972,7.1977182611,17.0335981896,0.9000000000
2026-12-11,S06,K04,shared_ridge10,12.1385838779,6.4957153168,16.9395318381,0.9000000000
2026-12-11,S06,K05,shared_ridge10,14.7452234493,8.3465960225,18.7179798150,0.9000000000
2026-12-11,S06,K06,shared_ridge10,14.6459426641,9.3241276538,18.6984276097,0.9000000000
2026-12-11,S06,K07,shared_ridge10,16.8543870087,9.5416743778,21.4672416161,0.9000000000
2026-12-11,S06,K08,shared_ridge10,16.1461558552,9.2813602638,18.9625775811,0.9000000000
2026-12-11,S07,K01,shared_ridge10,10.9500799261,5.5074072243,14.9856707023,0.9000000000
2026-12-11,S07,K02,shared_ridge10,10.2543581439,5.1097292166,14.1871486261,0.9000000000
2026-12-11,S07,K03,shared_ridge10,12.9545027148,7.3797773693,18.4360930985,0.9000000000
2026-12-11,S07,K04,shared_ridge10,12.3716857946,6.4857943215,16.4701325379,0.9000000000
2026-12-11,S07,K05,shared_ridge10,15.4809747446,10.0113872058,20.1360657301,0.9000000000
2026-12-11,S07,K06,shared_ridge10,14.9050100217,8.8873718157,19.2928146409,0.9000000000
2026-12-11,S07,K07,shared_ridge10,17.8284802730,9.5122262530,22.7315554118,0.9000000000
2026-12-11,S07,K08,shared_ridge10,17.1617519052,10.8369107773,21.8462571352,0.9000000000
2026-12-11,S08,K01,shared_ridge10,11.5872619515,6.1087129536,15.9208634712,0.9000000000
2026-12-11,S08,K02,shared_ridge10,10.7415742434,4.3436408103,15.0747726696,0.9000000000
2026-12-11,S08,K03,shared_ridge10,13.5919080705,7.8218254577,18.9813012318,0.9000000000
2026-12-11,S08,K04,shared_ridge10,13.1385251728,7.6957923406,17.1843847299,0.9000000000
2026-12-11,S08,K05,shared_ridge10,16.3048089415,9.9595967021,20.3481800493,0.9000000000
2026-12-11,S08,K06,shared_ridge10,15.3039737522,9.4598161901,20.3143861252,0.9000000000
2026-12-11,S08,K07,shared_ridge10,18.1227030435,11.5622010146,20.8014996833,0.9000000000
2026-12-11,S08,K08,shared_ridge10,18.1410265166,11.2610952834,22.5754801453,0.9000000000
2026-12-11,S09,K01,shared_ridge10,11.7631804064,6.5931083397,15.5211239876,0.9000000000
2026-12-11,S09,K02,shared_ridge10,11.4047866786,5.3542146079,16.2265395735,0.9000000000
2026-12-11,S09,K03,shared_ridge10,13.7422667940,8.5304281201,18.9243764878,0.9000000000
2026-12-11,S09,K04,shared_ridge10,13.5323075562,8.3207848958,18.5225362280,0.9000000000
2026-12-11,S09,K05,shared_ridge10,16.6001457291,10.3352706166,20.7436338142,0.9000000000
2026-12-11,S09,K06,shared_ridge10,16.1070825605,10.3930046035,19.2914555147,0.9000000000
2026-12-11,S09,K07,shared_ridge10,18.5879102700,12.8587758278,22.9622682971,0.9000000000
2026-12-11,S09,K08,shared_ridge10,18.8560524233,11.4130991836,23.3186044720,0.9000000000
2026-12-11,S10,K01,shared_ridge10,11.6748501566,6.6968068493,16.7305820913,0.9000000000
2026-12-11,S10,K02,shared_ridge10,11.7206793875,6.5439541533,16.4769085756,0.9000000000
2026-12-11,S10,K03,shared_ridge10,14.5661508190,9.1397181532,19.2315888756,0.9000000000
2026-12-11,S10,K04,shared_ridge10,13.7499241366,9.1082921926,18.4229632551,0.9000000000
2026-12-11,S10,K05,shared_ridge10,16.9058452109,11.4377608386,22.0719187354,0.9000000000
2026-12-11,S10,K06,shared_ridge10,17.0032772025,10.2319654735,20.9448792891,0.9000000000
2026-12-11,S10,K07,shared_ridge10,19.5044517071,11.6604802069,25.8173474318,0.9000000000
2026-12-11,S10,K08,shared_ridge10,18.8611817619,11.3545081581,22.8001151643,0.9000000000
2026-12-11,S11,K01,shared_ridge10,12.4365081877,6.5937849303,17.0894575199,0.9000000000
2026-12-11,S11,K02,shared_ridge10,12.4353663595,6.8755113445,17.0262924417,0.9000000000
2026-12-11,S11,K03,shared_ridge10,14.7889487464,10.0484320791,19.1581081715,0.9000000000
2026-12-11,S11,K04,shared_ridge10,14.6722039293,9.7318656556,17.9678100999,0.9000000000
2026-12-11,S11,K05,shared_ridge10,17.6934099778,11.3500747893,21.6947327175,0.9000000000
2026-12-11,S11,K06,shared_ridge10,17.0443711495,10.5135544002,23.0920610152,0.9000000000
2026-12-11,S11,K07,shared_ridge10,20.0536745050,12.7078182052,25.8596873316,0.9000000000
2026-12-11,S11,K08,shared_ridge10,19.9647566964,12.8347436426,25.4203681179,0.9000000000
2026-12-11,S12,K01,shared_ridge10,12.8147465297,7.7214041548,17.3473300408,0.9000000000
2026-12-11,S12,K02,shared_ridge10,12.6474626580,6.4530836533,16.4245776020,0.9000000000
2026-12-11,S12,K03,shared_ridge10,15.1412803527,9.3661558137,20.6029674124,0.9000000000
2026-12-11,S12,K04,shared_ridge10,14.9416339811,8.9034288952,20.3503369305,0.9000000000
2026-12-11,S12,K05,shared_ridge10,17.7918555736,10.9948784675,23.0187867970,0.9000000000
2026-12-11,S12,K06,shared_ridge10,17.5673303816,10.0683683174,22.0806519882,0.9000000000
2026-12-11,S12,K07,shared_ridge10,20.1008636379,13.2066185337,24.0879870348,0.9000000000
2026-12-11,S12,K08,shared_ridge10,20.5709483087,14.2202288581,25.0945825042,0.9000000000
2026-12-12,S01,K01,shared_ridge10,11.0874730062,6.1388695667,15.7757098184,0.9000000000
2026-12-12,S01,K02,shared_ridge10,10.4568726643,5.0582383071,14.3853356128,0.9000000000
2026-12-12,S01,K03,shared_ridge10,13.1353581567,7.4010652396,17.2566062219,0.9000000000
2026-12-12,S01,K04,shared_ridge10,12.6407636889,6.4913655468,16.1121193427,0.9000000000
2026-12-12,S01,K05,shared_ridge10,15.8037173455,10.6695596070,19.4219998466,0.9000000000
2026-12-12,S01,K06,shared_ridge10,15.1260641912,8.4120246360,19.3951967598,0.9000000000
2026-12-12,S01,K07,shared_ridge10,17.6540818878,10.6970081973,21.3360640510,0.9000000000
2026-12-12,S01,K08,shared_ridge10,16.9976220055,10.8548912105,21.1765930809,0.9000000000
2026-12-12,S02,K01,shared_ridge10,11.4760740425,6.0369836594,16.0108286944,0.9000000000
2026-12-12,S02,K02,shared_ridge10,10.5345928715,5.4092732924,13.7855205547,0.9000000000
2026-12-12,S02,K03,shared_ridge10,13.6690369132,8.6273432751,17.1853756036,0.9000000000
2026-12-12,S02,K04,shared_ridge10,12.9983353473,6.8377287272,17.3655005051,0.9000000000
2026-12-12,S02,K05,shared_ridge10,16.6638209724,10.7293143408,20.3954739323,0.9000000000
2026-12-12,S02,K06,shared_ridge10,15.6652811249,9.7552950114,19.0593522256,0.9000000000
2026-12-12,S02,K07,shared_ridge10,17.7214394008,11.6216458287,21.4235403740,0.9000000000
2026-12-12,S02,K08,shared_ridge10,17.6711971350,11.6117325790,20.4804929321,0.9000000000
2026-12-12,S03,K01,shared_ridge10,11.5952450269,6.0002794590,15.7610651961,0.9000000000
2026-12-12,S03,K02,shared_ridge10,11.3895151513,5.3350090336,15.2998327687,0.9000000000
2026-12-12,S03,K03,shared_ridge10,13.7674326809,8.0252976791,19.1491647089,0.9000000000
2026-12-12,S03,K04,shared_ridge10,13.2522507102,6.9824316505,16.5485478360,0.9000000000
2026-12-12,S03,K05,shared_ridge10,16.8655616697,11.4138533977,20.3445913803,0.9000000000
2026-12-12,S03,K06,shared_ridge10,16.0435194669,10.4552573007,19.9531563577,0.9000000000
2026-12-12,S03,K07,shared_ridge10,18.7991596081,12.2410528742,22.2748347173,0.9000000000
2026-12-12,S03,K08,shared_ridge10,18.0028033526,12.2762918317,22.4151415864,0.9000000000
2026-12-12,S04,K01,shared_ridge10,11.9890274104,6.8240602199,15.8551889619,0.9000000000
2026-12-12,S04,K02,shared_ridge10,11.7470281047,6.3354517048,15.3514032431,0.9000000000
2026-12-12,S04,K03,shared_ridge10,14.6118926102,9.4226866601,18.6398792157,0.9000000000
2026-12-12,S04,K04,shared_ridge10,14.1952558916,8.0360058596,17.9938763264,0.9000000000
2026-12-12,S04,K05,shared_ridge10,17.3470951132,12.0321904965,20.3002286729,0.9000000000
2026-12-12,S04,K06,shared_ridge10,16.6652811249,10.5323944998,20.0554907551,0.9000000000
2026-12-12,S04,K07,shared_ridge10,19.5193668619,14.3473614769,23.0118159551,0.9000000000
2026-12-12,S04,K08,shared_ridge10,19.1167929899,12.3468240665,22.0913083688,0.9000000000
2026-12-12,S05,K01,shared_ridge10,12.4812553896,6.7586696914,16.2236767665,0.9000000000
2026-12-12,S05,K02,shared_ridge10,12.4620540114,7.3855336590,16.6698280007,0.9000000000
2026-12-12,S05,K03,shared_ridge10,14.6843318141,8.9429741694,18.6869747325,0.9000000000
2026-12-12,S05,K04,shared_ridge10,14.3506669536,8.4748097516,18.3281700311,0.9000000000
2026-12-12,S05,K05,shared_ridge10,18.0619550991,11.6380064512,21.9128468872,0.9000000000
2026-12-12,S05,K06,shared_ridge10,17.3129495187,11.6086104750,21.2050309075,0.9000000000
2026-12-12,S05,K07,shared_ridge10,20.2395741158,14.1931339972,23.5067500699,0.9000000000
2026-12-12,S05,K08,shared_ridge10,19.7489433465,13.4567404071,24.2198420485,0.9000000000
2026-12-12,S06,K01,shared_ridge10,12.5019807782,6.7183839812,16.7360363870,0.9000000000
2026-12-12,S06,K02,shared_ridge10,12.8302685937,6.9837188090,16.8941726577,0.9000000000
2026-12-12,S06,K03,shared_ridge10,15.4770779281,10.0518996920,19.8877796206,0.9000000000
2026-12-12,S06,K04,shared_ridge10,14.9879139480,9.3450453869,19.7888619082,0.9000000000
2026-12-12,S06,K05,shared_ridge10,18.3054784152,11.9068509884,22.2782347809,0.9000000000
2026-12-12,S06,K06,shared_ridge10,18.0694262026,12.7476111923,22.1219111482,0.9000000000
2026-12-12,S06,K07,shared_ridge10,20.6074497635,13.2947371326,25.2203043708,0.9000000000
2026-12-12,S06,K08,shared_ridge10,19.8215342152,12.9567386238,22.6379559410,0.9000000000
2026-12-12,S07,K01,shared_ridge10,13.2066439907,7.7639712889,17.2422347669,0.9000000000
2026-12-12,S07,K02,shared_ridge10,12.6337163367,7.4890874094,16.5665068189,0.9000000000
2026-12-12,S07,K03,shared_ridge10,15.8086841457,10.2339588003,21.2902745295,0.9000000000
2026-12-12,S07,K04,shared_ridge10,15.2210158647,9.3351243916,19.3194626080,0.9000000000
2026-12-12,S07,K05,shared_ridge10,19.0412297105,13.5716421718,23.6963206961,0.9000000000
2026-12-12,S07,K06,shared_ridge10,18.3284935602,12.3108553542,22.7162981794,0.9000000000
2026-12-12,S07,K07,shared_ridge10,21.5815430277,13.2652890078,26.4846181666,0.9000000000
2026-12-12,S07,K08,shared_ridge10,20.8371302652,14.5122891372,25.5216354951,0.9000000000
2026-12-12,S08,K01,shared_ridge10,13.8438260160,8.3652770182,18.1774275358,0.9000000000
2026-12-12,S08,K02,shared_ridge10,13.1209324362,6.7229990031,17.4541308624,0.9000000000
2026-12-12,S08,K03,shared_ridge10,16.4460895014,10.6760068887,21.8354826628,0.9000000000
2026-12-12,S08,K04,shared_ridge10,15.9878552429,10.5451224107,20.0337148000,0.9000000000
2026-12-12,S08,K05,shared_ridge10,19.8650639074,13.5198516680,23.9084350153,0.9000000000
2026-12-12,S08,K06,shared_ridge10,18.7274572907,12.8832997286,23.7378696637,0.9000000000
2026-12-12,S08,K07,shared_ridge10,21.8757657983,15.3152637694,24.5545624381,0.9000000000
2026-12-12,S08,K08,shared_ridge10,21.8164048766,14.9364736433,26.2508585053,0.9000000000
2026-12-12,S09,K01,shared_ridge10,14.0197444709,8.8496724042,17.7776880521,0.9000000000
2026-12-12,S09,K02,shared_ridge10,13.7841448714,7.7335728007,18.6058977662,0.9000000000
2026-12-12,S09,K03,shared_ridge10,16.5964482250,11.3846095510,21.7785579187,0.9000000000
2026-12-12,S09,K04,shared_ridge10,16.3816376263,11.1701149659,21.3718662981,0.9000000000
2026-12-12,S09,K05,shared_ridge10,20.1604006950,13.8955255826,24.3038887801,0.9000000000
2026-12-12,S09,K06,shared_ridge10,19.5305660990,13.8164881420,22.7149390532,0.9000000000
2026-12-12,S09,K07,shared_ridge10,22.3409730248,16.6118385826,26.7153310519,0.9000000000
2026-12-12,S09,K08,shared_ridge10,22.5314307833,15.0884775435,26.9939828320,0.9000000000
2026-12-12,S10,K01,shared_ridge10,13.9314142212,8.9533709138,18.9871461559,0.9000000000
2026-12-12,S10,K02,shared_ridge10,14.1000375802,8.9233123461,18.8562667684,0.9000000000
2026-12-12,S10,K03,shared_ridge10,17.4203322499,11.9938995842,22.0857703066,0.9000000000
2026-12-12,S10,K04,shared_ridge10,16.5992542067,11.9576222627,21.2722933252,0.9000000000
2026-12-12,S10,K05,shared_ridge10,20.4661001769,14.9980158046,25.6321737014,0.9000000000
2026-12-12,S10,K06,shared_ridge10,20.4267607410,13.6554490120,24.3683628276,0.9000000000
2026-12-12,S10,K07,shared_ridge10,23.2575144618,15.4135429616,29.5704101866,0.9000000000
2026-12-12,S10,K08,shared_ridge10,22.5365601219,15.0298865181,26.4754935242,0.9000000000
2026-12-12,S11,K01,shared_ridge10,14.6930722523,8.8503489948,19.3460215845,0.9000000000
2026-12-12,S11,K02,shared_ridge10,14.8147245523,9.2548695373,19.4056506344,0.9000000000
2026-12-12,S11,K03,shared_ridge10,17.6431301774,12.9026135101,22.0122896024,0.9000000000
2026-12-12,S11,K04,shared_ridge10,17.5215339994,12.5811957257,20.8171401700,0.9000000000
2026-12-12,S11,K05,shared_ridge10,21.2536649437,14.9103297553,25.2549876834,0.9000000000
2026-12-12,S11,K06,shared_ridge10,20.4678546881,13.9370379387,26.5155445537,0.9000000000
2026-12-12,S11,K07,shared_ridge10,23.8067372598,16.4608809600,29.6127500864,0.9000000000
2026-12-12,S11,K08,shared_ridge10,23.6401350564,16.5101220026,29.0957464779,0.9000000000
2026-12-12,S12,K01,shared_ridge10,15.0713105942,9.9779682194,19.6038941053,0.9000000000
2026-12-12,S12,K02,shared_ridge10,15.0268208508,8.8324418460,18.8039357948,0.9000000000
2026-12-12,S12,K03,shared_ridge10,17.9954617836,12.2203372446,23.4571488434,0.9000000000
2026-12-12,S12,K04,shared_ridge10,17.7909640512,11.7527589653,23.1996670006,0.9000000000
2026-12-12,S12,K05,shared_ridge10,21.3521105396,14.5551334334,26.5790417630,0.9000000000
2026-12-12,S12,K06,shared_ridge10,20.9908139201,13.4918518559,25.5041355267,0.9000000000
2026-12-12,S12,K07,shared_ridge10,23.8539263926,16.9596812885,27.8410497896,0.9000000000
2026-12-12,S12,K08,shared_ridge10,24.2463266687,17.8956072180,28.7699608641,0.9000000000
