service_date,store_id,item_id,weekday_monday_zero,holiday,zone_id,discount_fraction,announced_at,promo_raw_row,promo_raw_hash,promo_known,rain_mm,weather_available_at,weather_raw_row,weather_known,time30,origin
2026-08-06,S01,K01,3,0,Z1,0.0000000000,2026-07-27 12:00:00+08:00,9314.0000000000,c861e19d11635042d3edef4a8e84100fd173513b21e9c90638ddfa8e951206f3,1,7.8000000000,2026-08-05 16:00:00+08:00,584.0000000000,1,3.2333333333,2026-08-05T18:00:00+08:00
2026-08-06,S01,K02,3,0,Z1,0.0000000000,2026-07-27 12:00:00+08:00,9315.0000000000,b731fde02bde99fcba192731482bb4f041559ffb8659cfbedbb3e8b4048cb55d,1,7.8000000000,2026-08-05 16:00:00+08:00,584.0000000000,1,3.2333333333,2026-08-05T18:00:00+08:00
2026-08-06,S01,K03,3,0,Z1,0.0000000000,2026-07-27 12:00:00+08:00,9316.0000000000,8dbad28ce81cf4ab3d77180696698e988866b0c4dd095287ecfaea579d9a48f3,1,7.8000000000,2026-08-05 16:00:00+08:00,584.0000000000,1,3.2333333333,2026-08-05T18:00:00+08:00
2026-08-06,S01,K04,3,0,Z1,0.1200000000,2026-07-27 12:00:00+08:00,9317.0000000000,d34de84f8f765e880c6da54921b57a7d27199c7ef82d3c54582161e36e220b1d,1,7.8000000000,2026-08-05 16:00:00+08:00,584.0000000000,1,3.2333333333,2026-08-05T18:00:00+08:00
2026-08-06,S01,K05,3,0,Z1,0.0000000000,2026-07-27 12:00:00+08:00,9318.0000000000,8f54af2d299dddf352e774f7862d63d976b9e9471b3251aa4ca3d54c7b54799e,1,7.8000000000,2026-08-05 16:00:00+08:00,584.0000000000,1,3.2333333333,2026-08-05T18:00:00+08:00
2026-08-06,S01,K06,3,0,Z1,0.0000000000,2026-07-27 12:00:00+08:00,9319.0000000000,45eacbc6d4bae4ac1a38a408b6b679a0b6ae6c21406f75780e72bc94fd6b217b,1,7.8000000000,2026-08-05 16:00:00+08:00,584.0000000000,1,3.2333333333,2026-08-05T18:00:00+08:00
2026-08-06,S01,K07,3,0,Z1,0.0000000000,2026-07-27 12:00:00+08:00,9320.0000000000,93a364e44415cf35be3c04253e4795598b8d44e8b87ac3b1c126ea09fd1de349,1,7.8000000000,2026-08-05 16:00:00+08:00,584.0000000000,1,3.2333333333,2026-08-05T18:00:00+08:00
2026-08-06,S01,K08,3,0,Z1,0.0000000000,2026-07-27 12:00:00+08:00,9321.0000000000,21a0e67f0bb4737b4238270b1b43d4edc65701b476db3fac66c9f8fb90a19a07,1,7.8000000000,2026-08-05 16:00:00+08:00,584.0000000000,1,3.2333333333,2026-08-05T18:00:00+08:00
2026-08-06,S02,K01,3,0,Z1,0.0000000000,2026-07-27 12:00:00+08:00,9322.0000000000,40025b7c8c5cc68991f9e19cfb1c1139bb881a1ffe9ee13c2c792b74f81698e9,1,7.8000000000,2026-08-05 16:00:00+08:00,584.0000000000,1,3.2333333333,2026-08-05T18:00:00+08:00
2026-08-06,S02,K02,3,0,Z1,0.0000000000,2026-07-27 12:00:00+08:00,9323.0000000000,9f2bd60b6c9a0617e8199cb2f456d565acec834365ff1190831e6b535a77b8b5,1,7.8000000000,2026-08-05 16:00:00+08:00,584.0000000000,1,3.2333333333,2026-08-05T18:00:00+08:00
2026-08-06,S02,K03,3,0,Z1,0.1200000000,2026-07-27 12:00:00+08:00,9324.0000000000,b98efe05c61e59f742406a5d8aeddb3dc7cda8f5fb96dd35a27f5ca3a2545057,1,7.8000000000,2026-08-05 16:00:00+08:00,584.0000000000,1,3.2333333333,2026-08-05T18:00:00+08:00
2026-08-06,S02,K04,3,0,Z1,0.0000000000,2026-07-27 12:00:00+08:00,9325.0000000000,e93861a8cf0eb7441dbfeeaa380ceff8b88a60f351ac07933eec49442ba75a5d,1,7.8000000000,2026-08-05 16:00:00+08:00,584.0000000000,1,3.2333333333,2026-08-05T18:00:00+08:00
2026-08-06,S02,K05,3,0,Z1,0.0000000000,2026-07-27 12:00:00+08:00,9326.0000000000,1950a44bc7f90d0b950d8362e7a8d6c7b81f2af2dc19cc3c7f75465d35964968,1,7.8000000000,2026-08-05 16:00:00+08:00,584.0000000000,1,3.2333333333,2026-08-05T18:00:00+08:00
2026-08-06,S02,K06,3,0,Z1,0.0000000000,2026-07-27 12:00:00+08:00,9327.0000000000,50a2cbe22441b9463643a6c8f40f071acf528cac700fc75bceb531b0c2450266,1,7.8000000000,2026-08-05 16:00:00+08:00,584.0000000000,1,3.2333333333,2026-08-05T18:00:00+08:00
2026-08-06,S02,K07,3,0,Z1,0.0000000000,2026-07-27 12:00:00+08:00,9328.0000000000,2a752a35ff231ff13690c998d948561ffea48c63cc5112944b1373315ec98801,1,7.8000000000,2026-08-05 16:00:00+08:00,584.0000000000,1,3.2333333333,2026-08-05T18:00:00+08:00
2026-08-06,S02,K08,3,0,Z1,0.0000000000,2026-07-27 12:00:00+08:00,9329.0000000000,af234ee3281abb5b65f073aa653cda7b9c7b1e16a07c8e5b6b547c135e8a2b14,1,7.8000000000,2026-08-05 16:00:00+08:00,584.0000000000,1,3.2333333333,2026-08-05T18:00:00+08:00
2026-08-06,S03,K01,3,0,Z1,0.0000000000,2026-07-27 12:00:00+08:00,9330.0000000000,388afcf955b23e0566daf0935145ffd7540abb17549fd35c2523c9d2bd72c689,1,7.8000000000,2026-08-05 16:00:00+08:00,584.0000000000,1,3.2333333333,2026-08-05T18:00:00+08:00
2026-08-06,S03,K02,3,0,Z1,0.0000000000,2026-07-27 12:00:00+08:00,9331.0000000000,d7f5be958704c3ac0c65be3effe8cf0698c3d76094030c1bbb767f96300d43df,1,7.8000000000,2026-08-05 16:00:00+08:00,584.0000000000,1,3.2333333333,2026-08-05T18:00:00+08:00
2026-08-06,S03,K03,3,0,Z1,0.1200000000,2026-07-27 12:00:00+08:00,9332.0000000000,53c9b5712e44dd12e9f09e9ff2c9fdac15547a95fce3c332e3b95bda26825f1b,1,7.8000000000,2026-08-05 16:00:00+08:00,584.0000000000,1,3.2333333333,2026-08-05T18:00:00+08:00
2026-08-06,S03,K04,3,0,Z1,0.0000000000,2026-07-27 12:00:00+08:00,9333.0000000000,88b8c428bb5edd5483a21f12a8b08c2322e4d82c8679fcbbb48e07464d654dcd,1,7.8000000000,2026-08-05 16:00:00+08:00,584.0000000000,1,3.2333333333,2026-08-05T18:00:00+08:00
2026-08-06,S03,K05,3,0,Z1,0.0000000000,2026-07-27 12:00:00+08:00,9334.0000000000,a90dcf4ce66adf19018fb24cbddc4b1ae2d209444692e6cf482041c34a9549b3,1,7.8000000000,2026-08-05 16:00:00+08:00,584.0000000000,1,3.2333333333,2026-08-05T18:00:00+08:00
2026-08-06,S03,K06,3,0,Z1,0.0000000000,2026-07-27 12:00:00+08:00,9335.0000000000,fd164dc1ef725c713a73f0d401a0a892fc5eb6e2eec4699dc91db7aaf193a18a,1,7.8000000000,2026-08-05 16:00:00+08:00,584.0000000000,1,3.2333333333,2026-08-05T18:00:00+08:00
2026-08-06,S03,K07,3,0,Z1,0.0000000000,2026-07-27 12:00:00+08:00,9336.0000000000,1ed812407e0e56cfdf1044d258cbd01c40292a536867ad9115950d492db59f08,1,7.8000000000,2026-08-05 16:00:00+08:00,584.0000000000,1,3.2333333333,2026-08-05T18:00:00+08:00
2026-08-06,S03,K08,3,0,Z1,0.0000000000,2026-07-27 12:00:00+08:00,9337.0000000000,a75e7cf848ec7a2e39285341bbfe2b5f2ce2a115b278bbbce78a93b484b52d3f,1,7.8000000000,2026-08-05 16:00:00+08:00,584.0000000000,1,3.2333333333,2026-08-05T18:00:00+08:00
2026-08-06,S04,K01,3,0,Z1,0.0000000000,2026-07-27 12:00:00+08:00,9338.0000000000,29596ef75fbf1940e295fe7e5b3e5f44fb96ca9d96e08ce434c379baf90b7d52,1,7.8000000000,2026-08-05 16:00:00+08:00,584.0000000000,1,3.2333333333,2026-08-05T18:00:00+08:00
2026-08-06,S04,K02,3,0,Z1,0.0000000000,2026-07-27 12:00:00+08:00,9339.0000000000,71d1e628ec6d5f3be11ea15ee31e8f1354be3114b19b6e90c86ad0652ffc2376,1,7.8000000000,2026-08-05 16:00:00+08:00,584.0000000000,1,3.2333333333,2026-08-05T18:00:00+08:00
2026-08-06,S04,K03,3,0,Z1,0.1200000000,2026-07-27 12:00:00+08:00,9340.0000000000,6af9f9a148c7593eb676dfab3ff68a4b9f1f793aded1d6d8e0d438c66f0c9387,1,7.8000000000,2026-08-05 16:00:00+08:00,584.0000000000,1,3.2333333333,2026-08-05T18:00:00+08:00
2026-08-06,S04,K04,3,0,Z1,0.0000000000,2026-07-27 12:00:00+08:00,9341.0000000000,21ca2b60ec0dbc75d251b045345fa69cfaf2f520eddfac15f592d7f86c1a57df,1,7.8000000000,2026-08-05 16:00:00+08:00,584.0000000000,1,3.2333333333,2026-08-05T18:00:00+08:00
2026-08-06,S04,K05,3,0,Z1,0.0000000000,2026-07-27 12:00:00+08:00,9342.0000000000,86cb64b83aeefa43b902f043ad41616c9690f7a54b248125e84e09dc90e5852b,1,7.8000000000,2026-08-05 16:00:00+08:00,584.0000000000,1,3.2333333333,2026-08-05T18:00:00+08:00
2026-08-06,S04,K06,3,0,Z1,0.0000000000,2026-07-27 12:00:00+08:00,9343.0000000000,c50aec3b52d5cfe2a5de25fd7834a76ca50a4428fefb2122f0b67fec1f64036b,1,7.8000000000,2026-08-05 16:00:00+08:00,584.0000000000,1,3.2333333333,2026-08-05T18:00:00+08:00
2026-08-06,S04,K07,3,0,Z1,0.0000000000,2026-07-27 12:00:00+08:00,9344.0000000000,e25c42a7dcf3290cba56a5f182b2aec5bc5c61dfa77c5efe6e0cdc6b85448b44,1,7.8000000000,2026-08-05 16:00:00+08:00,584.0000000000,1,3.2333333333,2026-08-05T18:00:00+08:00
2026-08-06,S04,K08,3,0,Z1,0.1200000000,2026-07-27 12:00:00+08:00,9345.0000000000,62fdd42a91d944a630dfa6618bc677b2501bae410062b8237aaeef3456304105,1,7.8000000000,2026-08-05 16:00:00+08:00,584.0000000000,1,3.2333333333,2026-08-05T18:00:00+08:00
2026-08-06,S05,K01,3,0,Z2,0.0000000000,2026-07-27 12:00:00+08:00,9346.0000000000,32915f7dd96b2a533d897cd94876e25af0bdd1124b4df35a9cd0ad71e0aed112,1,9.3100000000,2026-08-05 16:00:00+08:00,586.0000000000,1,3.2333333333,2026-08-05T18:00:00+08:00
2026-08-06,S05,K02,3,0,Z2,0.1200000000,2026-07-27 12:00:00+08:00,9347.0000000000,26d29dd2b95e7557f3240113a4453a82f6f6c8962516931628e1a3fe48993e34,1,9.3100000000,2026-08-05 16:00:00+08:00,586.0000000000,1,3.2333333333,2026-08-05T18:00:00+08:00
2026-08-06,S05,K03,3,0,Z2,0.0000000000,2026-07-27 12:00:00+08:00,9348.0000000000,2be3c69e0386464dbb04bab54a11f768c27d4f230becda3307dd9c20cb63b495,1,9.3100000000,2026-08-05 16:00:00+08:00,586.0000000000,1,3.2333333333,2026-08-05T18:00:00+08:00
2026-08-06,S05,K04,3,0,Z2,0.0000000000,2026-07-27 12:00:00+08:00,9349.0000000000,d0a3bd5371d3ee43554242e04bf8fa26129463d9189d97330227ed68d4445fe3,1,9.3100000000,2026-08-05 16:00:00+08:00,586.0000000000,1,3.2333333333,2026-08-05T18:00:00+08:00
2026-08-06,S05,K05,3,0,Z2,0.0000000000,2026-07-27 12:00:00+08:00,9350.0000000000,c1d7680f9de564ab94ded3efb7c77d474059efdfd33c6ba24f5aea62b0c85a9c,1,9.3100000000,2026-08-05 16:00:00+08:00,586.0000000000,1,3.2333333333,2026-08-05T18:00:00+08:00
2026-08-06,S05,K06,3,0,Z2,0.0000000000,2026-07-27 12:00:00+08:00,9351.0000000000,00c6944724c9382a9bbc36095465bdf0da950ef4a1a97f9dbf68b09dded87ac6,1,9.3100000000,2026-08-05 16:00:00+08:00,586.0000000000,1,3.2333333333,2026-08-05T18:00:00+08:00
2026-08-06,S05,K07,3,0,Z2,0.0000000000,2026-07-27 12:00:00+08:00,9352.0000000000,186e981116bf68b8fb8846c602c257dc645596dcd676fc69bdcb0732401ae66e,1,9.3100000000,2026-08-05 16:00:00+08:00,586.0000000000,1,3.2333333333,2026-08-05T18:00:00+08:00
2026-08-06,S05,K08,3,0,Z2,0.1200000000,2026-07-27 12:00:00+08:00,9353.0000000000,21858bd8b7226ff5a643ccd3f48f7937793e7cfd4015192365e41950ec1edc11,1,9.3100000000,2026-08-05 16:00:00+08:00,586.0000000000,1,3.2333333333,2026-08-05T18:00:00+08:00
2026-08-06,S06,K01,3,0,Z2,0.0000000000,2026-07-27 12:00:00+08:00,9354.0000000000,aba98258d7c2ae36dc84ef58dc7f3f185800f86498fbd6414488a9b4d6c2095f,1,9.3100000000,2026-08-05 16:00:00+08:00,586.0000000000,1,3.2333333333,2026-08-05T18:00:00+08:00
2026-08-06,S06,K02,3,0,Z2,0.1200000000,2026-07-27 12:00:00+08:00,9355.0000000000,f020eafb208f9e9a1942be2dd2fe10bde4eac26ecf0a51ba0727f49e18649e72,1,9.3100000000,2026-08-05 16:00:00+08:00,586.0000000000,1,3.2333333333,2026-08-05T18:00:00+08:00
2026-08-06,S06,K03,3,0,Z2,0.0000000000,2026-07-27 12:00:00+08:00,9356.0000000000,85144a9f6721d2bd274943e82ccdec07704e9832463b94bc0070f3d56d32243d,1,9.3100000000,2026-08-05 16:00:00+08:00,586.0000000000,1,3.2333333333,2026-08-05T18:00:00+08:00
2026-08-06,S06,K04,3,0,Z2,0.0000000000,2026-07-27 12:00:00+08:00,9357.0000000000,66dc05c0375edbbe23eae36e7727adea1686394538006a752a8888c14b4e2bfc,1,9.3100000000,2026-08-05 16:00:00+08:00,586.0000000000,1,3.2333333333,2026-08-05T18:00:00+08:00
2026-08-06,S06,K05,3,0,Z2,0.0000000000,2026-07-27 12:00:00+08:00,9358.0000000000,fde0dc9f9ab11225f64302f180743fd12172cddf4125ad46af444fb67118ba5c,1,9.3100000000,2026-08-05 16:00:00+08:00,586.0000000000,1,3.2333333333,2026-08-05T18:00:00+08:00
2026-08-06,S06,K06,3,0,Z2,0.0000000000,2026-07-27 12:00:00+08:00,9359.0000000000,9494d8cc66eea10d3960c5174be6e7cf84e40cededca55f7295ed5e8b17c7c37,1,9.3100000000,2026-08-05 16:00:00+08:00,586.0000000000,1,3.2333333333,2026-08-05T18:00:00+08:00
2026-08-06,S06,K07,3,0,Z2,0.0000000000,2026-07-27 12:00:00+08:00,9360.0000000000,0c93d46ab563a52c8a2c0ab744d0ebb91731232b9a9e9a647c05f2d785e361be,1,9.3100000000,2026-08-05 16:00:00+08:00,586.0000000000,1,3.2333333333,2026-08-05T18:00:00+08:00
2026-08-06,S06,K08,3,0,Z2,0.1200000000,2026-07-27 12:00:00+08:00,9361.0000000000,09cfd5f6b217ab5fd553a19bdb26d3434954bf2810e2210436e291348809e283,1,9.3100000000,2026-08-05 16:00:00+08:00,586.0000000000,1,3.2333333333,2026-08-05T18:00:00+08:00
2026-08-06,S07,K01,3,0,Z2,0.1200000000,2026-07-27 12:00:00+08:00,9362.0000000000,9f65e74d0053a334977934eff7ecb607503188d2af8b7f57cf71474b95e22583,1,9.3100000000,2026-08-05 16:00:00+08:00,586.0000000000,1,3.2333333333,2026-08-05T18:00:00+08:00
2026-08-06,S07,K02,3,0,Z2,0.0000000000,2026-07-27 12:00:00+08:00,9363.0000000000,0eeb76e843535c1ed264124d32ec9c8de734bd0b2a2845f2a4082740de48e069,1,9.3100000000,2026-08-05 16:00:00+08:00,586.0000000000,1,3.2333333333,2026-08-05T18:00:00+08:00
2026-08-06,S07,K03,3,0,Z2,0.0000000000,2026-07-27 12:00:00+08:00,9364.0000000000,5fa03778d3d17847e569b4a7e199270db0d542f62295fc5cd3cb0677733e9a65,1,9.3100000000,2026-08-05 16:00:00+08:00,586.0000000000,1,3.2333333333,2026-08-05T18:00:00+08:00
2026-08-06,S07,K04,3,0,Z2,0.0000000000,2026-07-27 12:00:00+08:00,9365.0000000000,a1f4507766fd0768f8e1047d3694ea9aea28597e71ce802181ff94e53159ed71,1,9.3100000000,2026-08-05 16:00:00+08:00,586.0000000000,1,3.2333333333,2026-08-05T18:00:00+08:00
2026-08-06,S07,K05,3,0,Z2,0.0000000000,2026-07-27 12:00:00+08:00,9366.0000000000,8df138836cd53fa7965274254f8b170b83fba830c0be4b65f4da68be510230e3,1,9.3100000000,2026-08-05 16:00:00+08:00,586.0000000000,1,3.2333333333,2026-08-05T18:00:00+08:00
2026-08-06,S07,K06,3,0,Z2,0.0000000000,2026-07-27 12:00:00+08:00,9367.0000000000,6c6d83f80bf63c4c44160ef488f6cb78cee2ec872cf9e7d56d2b7081cdde1905,1,9.3100000000,2026-08-05 16:00:00+08:00,586.0000000000,1,3.2333333333,2026-08-05T18:00:00+08:00
2026-08-06,S07,K07,3,0,Z2,0.1200000000,2026-07-27 12:00:00+08:00,9368.0000000000,24becb032eb23a93e2818e2390f0fdc0fb4330ba9f3c30c4fcd3d1afa23efb73,1,9.3100000000,2026-08-05 16:00:00+08:00,586.0000000000,1,3.2333333333,2026-08-05T18:00:00+08:00
2026-08-06,S07,K08,3,0,Z2,0.0000000000,2026-07-27 12:00:00+08:00,9369.0000000000,bafd0bc3cb9acba415a8fa8c44d353898514c32e27280729b022c35ba3aa7486,1,9.3100000000,2026-08-05 16:00:00+08:00,586.0000000000,1,3.2333333333,2026-08-05T18:00:00+08:00
2026-08-06,S08,K01,3,0,Z2,0.1200000000,2026-07-27 12:00:00+08:00,9370.0000000000,ee09a30e88f111531e9420b0ae5d6aa95b95a7473c43248ddce7a3f670c8dad5,1,9.3100000000,2026-08-05 16:00:00+08:00,586.0000000000,1,3.2333333333,2026-08-05T18:00:00+08:00
2026-08-06,S08,K02,3,0,Z2,0.0000000000,2026-07-27 12:00:00+08:00,9371.0000000000,89b309aa1f131b45c479abe7cfa1d448af1ebc4cdd7d3c276e11895cea8affa3,1,9.3100000000,2026-08-05 16:00:00+08:00,586.0000000000,1,3.2333333333,2026-08-05T18:00:00+08:00
2026-08-06,S08,K03,3,0,Z2,0.0000000000,2026-07-27 12:00:00+08:00,9372.0000000000,7651ca9b819b1e1eba4d10c09b00c12feff1be856ea7ddc7f347b1edc1cdfb1c,1,9.3100000000,2026-08-05 16:00:00+08:00,586.0000000000,1,3.2333333333,2026-08-05T18:00:00+08:00
2026-08-06,S08,K04,3,0,Z2,0.0000000000,2026-07-27 12:00:00+08:00,9373.0000000000,efee2766b148a44db911f419a0ab0c88e1a078ca03dcbff7b43a69cc5165fb12,1,9.3100000000,2026-08-05 16:00:00+08:00,586.0000000000,1,3.2333333333,2026-08-05T18:00:00+08:00
2026-08-06,S08,K05,3,0,Z2,0.0000000000,2026-07-27 12:00:00+08:00,9374.0000000000,342cc1d4de1f78d81bcba22d5af2db430bd6617ea1e06942db7865815884bf02,1,9.3100000000,2026-08-05 16:00:00+08:00,586.0000000000,1,3.2333333333,2026-08-05T18:00:00+08:00
2026-08-06,S08,K06,3,0,Z2,0.0000000000,2026-07-27 12:00:00+08:00,9375.0000000000,5e097d024663f5c4a4196dcd8963892b0f6e030b1b417773bb3b0350839fae3e,1,9.3100000000,2026-08-05 16:00:00+08:00,586.0000000000,1,3.2333333333,2026-08-05T18:00:00+08:00
2026-08-06,S08,K07,3,0,Z2,0.1200000000,2026-07-27 12:00:00+08:00,9376.0000000000,900fa8af68bf479b92921460af11b91112fed37a0420fbbdf870f96542822814,1,9.3100000000,2026-08-05 16:00:00+08:00,586.0000000000,1,3.2333333333,2026-08-05T18:00:00+08:00
2026-08-06,S08,K08,3,0,Z2,0.0000000000,2026-07-27 12:00:00+08:00,9377.0000000000,1669d4628ad5ef9fac60d676b8b971348b18c31b8f9fd718213120b1245a7f59,1,9.3100000000,2026-08-05 16:00:00+08:00,586.0000000000,1,3.2333333333,2026-08-05T18:00:00+08:00
2026-08-06,S09,K01,3,0,Z3,0.1200000000,2026-07-27 12:00:00+08:00,9378.0000000000,f7f63477554ba78996dacc4ea2d1a4bbbc1c7f7f58908532740f467aeece9f56,1,12.3700000000,2026-08-05 16:00:00+08:00,588.0000000000,1,3.2333333333,2026-08-05T18:00:00+08:00
2026-08-06,S09,K02,3,0,Z3,0.0000000000,2026-07-27 12:00:00+08:00,9379.0000000000,59f2fd30856f75c0cbf864c3560fb4b68e858f2f586636439c95f77d571d4e4a,1,12.3700000000,2026-08-05 16:00:00+08:00,588.0000000000,1,3.2333333333,2026-08-05T18:00:00+08:00
2026-08-06,S09,K03,3,0,Z3,0.0000000000,2026-07-27 12:00:00+08:00,9380.0000000000,211547b29057261d3bc58021a8bb6be152d22d39dea51a7703eaf1d526bee049,1,12.3700000000,2026-08-05 16:00:00+08:00,588.0000000000,1,3.2333333333,2026-08-05T18:00:00+08:00
2026-08-06,S09,K04,3,0,Z3,0.0000000000,2026-07-27 12:00:00+08:00,9381.0000000000,9bd7d1d168f848d5825038f9498af55c21a3abf0fa1afefc75857644ba19860e,1,12.3700000000,2026-08-05 16:00:00+08:00,588.0000000000,1,3.2333333333,2026-08-05T18:00:00+08:00
2026-08-06,S09,K05,3,0,Z3,0.0000000000,2026-07-27 12:00:00+08:00,9382.0000000000,85a3d663448c5d8974b067fccb50f6e249f7f51f2f6466b1a50e2b2a28a06706,1,12.3700000000,2026-08-05 16:00:00+08:00,588.0000000000,1,3.2333333333,2026-08-05T18:00:00+08:00
2026-08-06,S09,K06,3,0,Z3,0.1200000000,2026-07-27 12:00:00+08:00,9383.0000000000,d05ee5350369f6292b96a576c4e2e9f03b9c116f5b8984d7de0bc9db705ca24c,1,12.3700000000,2026-08-05 16:00:00+08:00,588.0000000000,1,3.2333333333,2026-08-05T18:00:00+08:00
2026-08-06,S09,K07,3,0,Z3,0.0000000000,2026-07-27 12:00:00+08:00,9384.0000000000,c7eda78b4555fa0f7e2b81154427c21bd66b6a3fb2d9739c777ea504f5bba527,1,12.3700000000,2026-08-05 16:00:00+08:00,588.0000000000,1,3.2333333333,2026-08-05T18:00:00+08:00
2026-08-06,S09,K08,3,0,Z3,0.0000000000,2026-07-27 12:00:00+08:00,9385.0000000000,44fb17d6af27138602362ec349c05575658c5b725a8fc2726512793c4dd54ca3,1,12.3700000000,2026-08-05 16:00:00+08:00,588.0000000000,1,3.2333333333,2026-08-05T18:00:00+08:00
2026-08-06,S10,K01,3,0,Z3,0.0000000000,2026-07-27 12:00:00+08:00,9386.0000000000,7c28ac61de863155341ebf02151dbfad3c62dea49a8a72d7ac80dbb5152b506f,1,12.3700000000,2026-08-05 16:00:00+08:00,588.0000000000,1,3.2333333333,2026-08-05T18:00:00+08:00
2026-08-06,S10,K02,3,0,Z3,0.0000000000,2026-07-27 12:00:00+08:00,9387.0000000000,298fc5689523ceaa13462ba0d80a0db3f3991c94fd81fc699d5846324ccbd637,1,12.3700000000,2026-08-05 16:00:00+08:00,588.0000000000,1,3.2333333333,2026-08-05T18:00:00+08:00
2026-08-06,S10,K03,3,0,Z3,0.0000000000,2026-07-27 12:00:00+08:00,9388.0000000000,d94f1e28b05ae6f56584ce21965b3276b6e421161c38a909d2f094344f07fabd,1,12.3700000000,2026-08-05 16:00:00+08:00,588.0000000000,1,3.2333333333,2026-08-05T18:00:00+08:00
2026-08-06,S10,K04,3,0,Z3,0.0000000000,2026-07-27 12:00:00+08:00,9389.0000000000,0bc7376a5f2f5bbf1aacd3afa9f0db9f27390103933659b470c479abd4da8b8f,1,12.3700000000,2026-08-05 16:00:00+08:00,588.0000000000,1,3.2333333333,2026-08-05T18:00:00+08:00
2026-08-06,S10,K05,3,0,Z3,0.0000000000,2026-07-27 12:00:00+08:00,9390.0000000000,1543ae8fae9453dcfbce770be4a6af5f834663caaaa25773907c126958c90f6f,1,12.3700000000,2026-08-05 16:00:00+08:00,588.0000000000,1,3.2333333333,2026-08-05T18:00:00+08:00
2026-08-06,S10,K06,3,0,Z3,0.1200000000,2026-07-27 12:00:00+08:00,9391.0000000000,c561a91d5f94d6342195bf5ed84cfdee5555ace13682e20b2b83efd27bca2e63,1,12.3700000000,2026-08-05 16:00:00+08:00,588.0000000000,1,3.2333333333,2026-08-05T18:00:00+08:00
2026-08-06,S10,K07,3,0,Z3,0.0000000000,2026-07-27 12:00:00+08:00,9392.0000000000,8f4f1250cba8112670073f700b024e2a9bc59fb0d4208f7ebb8abd408faa79f1,1,12.3700000000,2026-08-05 16:00:00+08:00,588.0000000000,1,3.2333333333,2026-08-05T18:00:00+08:00
2026-08-06,S10,K08,3,0,Z3,0.0000000000,2026-07-27 12:00:00+08:00,9393.0000000000,d82121fd067d641c97f60d1f169331ed92c18b5baaa30b8c9551c8a540e3ccbe,1,12.3700000000,2026-08-05 16:00:00+08:00,588.0000000000,1,3.2333333333,2026-08-05T18:00:00+08:00
2026-08-06,S11,K01,3,0,Z3,0.0000000000,2026-07-27 12:00:00+08:00,9394.0000000000,9796fb32218356e0414feb6a4d26f31f64babe72b0739aec01a3e5ceaf1c34fb,1,12.3700000000,2026-08-05 16:00:00+08:00,588.0000000000,1,3.2333333333,2026-08-05T18:00:00+08:00
2026-08-06,S11,K02,3,0,Z3,0.0000000000,2026-07-27 12:00:00+08:00,9395.0000000000,f8b2fdf4f8ac40a67262954a5fa2d9967899b80f0c84edaca31123ef0862c8ce,1,12.3700000000,2026-08-05 16:00:00+08:00,588.0000000000,1,3.2333333333,2026-08-05T18:00:00+08:00
2026-08-06,S11,K03,3,0,Z3,0.0000000000,2026-07-27 12:00:00+08:00,9396.0000000000,96b876c21b2b27835d8e18766fe62af2b4695d14afd055ba8d96c044390d00ef,1,12.3700000000,2026-08-05 16:00:00+08:00,588.0000000000,1,3.2333333333,2026-08-05T18:00:00+08:00
2026-08-06,S11,K04,3,0,Z3,0.0000000000,2026-07-27 12:00:00+08:00,9397.0000000000,22eec4fbc1606bcc3b3ac1fbdee2fb391ebc1a692d805022376abe09908f3ce3,1,12.3700000000,2026-08-05 16:00:00+08:00,588.0000000000,1,3.2333333333,2026-08-05T18:00:00+08:00
2026-08-06,S11,K05,3,0,Z3,0.0000000000,2026-07-27 12:00:00+08:00,9398.0000000000,438ec4aaf4b0767bd62ed436c73fe152c563c5b1360cbca4e8c2703ef677a74d,1,12.3700000000,2026-08-05 16:00:00+08:00,588.0000000000,1,3.2333333333,2026-08-05T18:00:00+08:00
2026-08-06,S11,K06,3,0,Z3,0.1200000000,2026-07-27 12:00:00+08:00,9399.0000000000,72bbe9242518bb1c3b5f0b52bb9afe55e649c138ca2f54766b2aa6f80b319d50,1,12.3700000000,2026-08-05 16:00:00+08:00,588.0000000000,1,3.2333333333,2026-08-05T18:00:00+08:00
2026-08-06,S11,K07,3,0,Z3,0.0000000000,2026-07-27 12:00:00+08:00,9400.0000000000,8da23a2ca96d99634e27acdb4dbd12fe7c7d0d262898444682df270c77ce6ddd,1,12.3700000000,2026-08-05 16:00:00+08:00,588.0000000000,1,3.2333333333,2026-08-05T18:00:00+08:00
2026-08-06,S11,K08,3,0,Z3,0.0000000000,2026-07-27 12:00:00+08:00,9401.0000000000,9d03866b42c77dcbe3bac7d4859437fdb2c238367706f3883ccf75c7d0ce24a2,1,12.3700000000,2026-08-05 16:00:00+08:00,588.0000000000,1,3.2333333333,2026-08-05T18:00:00+08:00
2026-08-06,S12,K01,3,0,Z3,0.0000000000,2026-07-27 12:00:00+08:00,9402.0000000000,acb69f684456ba77b179513d08b8d2a2d77ddb3748a6dfe5fd5a0d2eb70ec502,1,12.3700000000,2026-08-05 16:00:00+08:00,588.0000000000,1,3.2333333333,2026-08-05T18:00:00+08:00
2026-08-06,S12,K02,3,0,Z3,0.0000000000,2026-07-27 12:00:00+08:00,9403.0000000000,22e9414d6c47372b8955c532d9e35e57f9574a1104f4c9c5f3da09cacbc82d92,1,12.3700000000,2026-08-05 16:00:00+08:00,588.0000000000,1,3.2333333333,2026-08-05T18:00:00+08:00
2026-08-06,S12,K03,3,0,Z3,0.0000000000,2026-07-27 12:00:00+08:00,9404.0000000000,6eab91b61b34eeb6c4c1e11b84cb146f0fd3771354342fa29f380a5696bca83e,1,12.3700000000,2026-08-05 16:00:00+08:00,588.0000000000,1,3.2333333333,2026-08-05T18:00:00+08:00
2026-08-06,S12,K04,3,0,Z3,0.0000000000,2026-07-27 12:00:00+08:00,9405.0000000000,43e21c81dd28c8376aa02d6d90b66447aa03d67305431779fbf1a7e15cbd8c83,1,12.3700000000,2026-08-05 16:00:00+08:00,588.0000000000,1,3.2333333333,2026-08-05T18:00:00+08:00
2026-08-06,S12,K05,3,0,Z3,0.1200000000,2026-07-27 12:00:00+08:00,9406.0000000000,168210e21b5c59492235227b2ecd66411e7a475399c838ce6fbd3ed04cf37999,1,12.3700000000,2026-08-05 16:00:00+08:00,588.0000000000,1,3.2333333333,2026-08-05T18:00:00+08:00
2026-08-06,S12,K06,3,0,Z3,0.0000000000,2026-07-27 12:00:00+08:00,9407.0000000000,d1d45a1f4b28280b23d7d4e88f3d0a850331bfcada383fdccb1169e301a4dc03,1,12.3700000000,2026-08-05 16:00:00+08:00,588.0000000000,1,3.2333333333,2026-08-05T18:00:00+08:00
2026-08-06,S12,K07,3,0,Z3,0.0000000000,2026-07-27 12:00:00+08:00,9408.0000000000,b72474119c254cb9b20f7b8a9083c6ac92021f05d8fb160705a2c28b0a5da92c,1,12.3700000000,2026-08-05 16:00:00+08:00,588.0000000000,1,3.2333333333,2026-08-05T18:00:00+08:00
2026-08-06,S12,K08,3,0,Z3,0.0000000000,2026-07-27 12:00:00+08:00,9409.0000000000,33d31f7a8293e073d5dbcd9b3c83da5d5b20ab1247b9d7e8c4c500c94352e9ef,1,12.3700000000,2026-08-05 16:00:00+08:00,588.0000000000,1,3.2333333333,2026-08-05T18:00:00+08:00
2026-08-07,S01,K01,4,0,Z1,0.0000000000,2026-07-28 12:00:00+08:00,9410.0000000000,2163650897480fa715278c3b842041259744cfa038664e7e71f0a5dc2935cafd,1,,,,0,3.2666666667,2026-08-05T18:00:00+08:00
2026-08-07,S01,K02,4,0,Z1,0.0000000000,2026-07-28 12:00:00+08:00,9411.0000000000,2d161497805b28e7a818ddc2577860ffd2b890039ce2f0d009fb71ebb6acb2f9,1,,,,0,3.2666666667,2026-08-05T18:00:00+08:00
2026-08-07,S01,K03,4,0,Z1,0.0000000000,2026-07-28 12:00:00+08:00,9412.0000000000,8937e47bbb6a89c82a4d37726305597ab83c9027d0066ef95f0221fd613deb83,1,,,,0,3.2666666667,2026-08-05T18:00:00+08:00
2026-08-07,S01,K04,4,0,Z1,0.1200000000,2026-07-28 12:00:00+08:00,9413.0000000000,8df2e5b5a7fd6735a6379fd7b19b73bfdd78c20c7fd76ba110c6689fcd9da576,1,,,,0,3.2666666667,2026-08-05T18:00:00+08:00
2026-08-07,S01,K05,4,0,Z1,0.0000000000,2026-07-28 12:00:00+08:00,9414.0000000000,265753b9c8e9bc80b0febb5516c73e7cd5d2d1b26b06c5a78ca4c4258bfef783,1,,,,0,3.2666666667,2026-08-05T18:00:00+08:00
2026-08-07,S01,K06,4,0,Z1,0.0000000000,2026-07-28 12:00:00+08:00,9415.0000000000,66babeb47cd9d8bd1db02fd58bd1b71c31a4a8a0498e0d89289135475e89b1fe,1,,,,0,3.2666666667,2026-08-05T18:00:00+08:00
2026-08-07,S01,K07,4,0,Z1,0.0000000000,2026-07-28 12:00:00+08:00,9416.0000000000,2fc58b916f19f6ddf89841c69beb77d51575f2bd40f0ed65a277e435a0279cdf,1,,,,0,3.2666666667,2026-08-05T18:00:00+08:00
2026-08-07,S01,K08,4,0,Z1,0.0000000000,2026-07-28 12:00:00+08:00,9417.0000000000,01ffe3627147abbc1966f7dfc7e81de8ac488c83e779407627a713b877885098,1,,,,0,3.2666666667,2026-08-05T18:00:00+08:00
2026-08-07,S02,K01,4,0,Z1,0.0000000000,2026-07-28 12:00:00+08:00,9418.0000000000,173a9fdbf054b48ccf64a5dc20c595de68bfb968a4dec4b8c036350e8a5014ff,1,,,,0,3.2666666667,2026-08-05T18:00:00+08:00
2026-08-07,S02,K02,4,0,Z1,0.0000000000,2026-07-28 12:00:00+08:00,9419.0000000000,fc73e334bb360eab7acf4880077337a608184bd8708b5216c319aed3401f0c9d,1,,,,0,3.2666666667,2026-08-05T18:00:00+08:00
2026-08-07,S02,K03,4,0,Z1,0.1200000000,2026-07-28 12:00:00+08:00,9420.0000000000,d400c1d8e8543d2308422de0bb6221fa3b4631cdb1c0056d25280683c32efb4d,1,,,,0,3.2666666667,2026-08-05T18:00:00+08:00
2026-08-07,S02,K04,4,0,Z1,0.0000000000,2026-07-28 12:00:00+08:00,9421.0000000000,ab1a7fbfb1f9eb5e8d3ab4654497af952b6d0a00d4d625c0ed2221468ea6fcfa,1,,,,0,3.2666666667,2026-08-05T18:00:00+08:00
2026-08-07,S02,K05,4,0,Z1,0.0000000000,2026-07-28 12:00:00+08:00,9422.0000000000,8f88aeb3e33e72331a42f851876328b8310d017a35b476cd9e56ea70b82230d3,1,,,,0,3.2666666667,2026-08-05T18:00:00+08:00
2026-08-07,S02,K06,4,0,Z1,0.0000000000,2026-07-28 12:00:00+08:00,9423.0000000000,4f2082404d0945b239968b18d5bbfd2caf31032c6b311a4b6038982f7722e4ff,1,,,,0,3.2666666667,2026-08-05T18:00:00+08:00
2026-08-07,S02,K07,4,0,Z1,0.0000000000,2026-07-28 12:00:00+08:00,9424.0000000000,1e90ba5cc9a5fb118f1f1923a11d8d4513ab80443789f32192c5ae03b1f00f17,1,,,,0,3.2666666667,2026-08-05T18:00:00+08:00
2026-08-07,S02,K08,4,0,Z1,0.0000000000,2026-07-28 12:00:00+08:00,9425.0000000000,4080cc68227a23d92af74274f9eb003bb9e94089bd8cdf20f23d302988899006,1,,,,0,3.2666666667,2026-08-05T18:00:00+08:00
2026-08-07,S03,K01,4,0,Z1,0.0000000000,2026-07-28 12:00:00+08:00,9426.0000000000,4930c075a50413015c25e36f77ee9e791f465f52a7f22c648de70122f4283a1b,1,,,,0,3.2666666667,2026-08-05T18:00:00+08:00
2026-08-07,S03,K02,4,0,Z1,0.0000000000,2026-07-28 12:00:00+08:00,9427.0000000000,ba5b53db30b50d171cfc3fc59f6d6925366b5fdd89d39837e32c71f1c1980a21,1,,,,0,3.2666666667,2026-08-05T18:00:00+08:00
2026-08-07,S03,K03,4,0,Z1,0.1200000000,2026-07-28 12:00:00+08:00,9428.0000000000,d5c07a5b843a4897662a518946656234401a145e1e3243ee2791b63819501235,1,,,,0,3.2666666667,2026-08-05T18:00:00+08:00
2026-08-07,S03,K04,4,0,Z1,0.0000000000,2026-07-28 12:00:00+08:00,9429.0000000000,8109ea0d7e5bde66d39c091ae8a513703bff0b6ea6c3e4752db9e4ae646ec1ca,1,,,,0,3.2666666667,2026-08-05T18:00:00+08:00
2026-08-07,S03,K05,4,0,Z1,0.0000000000,2026-07-28 12:00:00+08:00,9430.0000000000,5657b94097029439b0262957f62acb1cfdf82d392ac7386835c082820a7a28ad,1,,,,0,3.2666666667,2026-08-05T18:00:00+08:00
2026-08-07,S03,K06,4,0,Z1,0.0000000000,2026-07-28 12:00:00+08:00,9431.0000000000,32ee82aa2a17229b8d32baab90c7d8c08ae941f996bd996aba401ce7b438e523,1,,,,0,3.2666666667,2026-08-05T18:00:00+08:00
2026-08-07,S03,K07,4,0,Z1,0.0000000000,2026-07-28 12:00:00+08:00,9432.0000000000,7d4852ef7a55f943f21819f5bd77fbe46ca2128c2321d018d763adcac892f088,1,,,,0,3.2666666667,2026-08-05T18:00:00+08:00
2026-08-07,S03,K08,4,0,Z1,0.0000000000,2026-07-28 12:00:00+08:00,9433.0000000000,7a24c8e640719a4abe329b4205ad96576f8fc9aa524ad65f6d4f6b51077d6f6b,1,,,,0,3.2666666667,2026-08-05T18:00:00+08:00
2026-08-07,S04,K01,4,0,Z1,0.0000000000,2026-07-28 12:00:00+08:00,9434.0000000000,c0c8636fa67e26a7242b0784a6b85ce700f63e591a83af1f0aca57d1b2128987,1,,,,0,3.2666666667,2026-08-05T18:00:00+08:00
2026-08-07,S04,K02,4,0,Z1,0.1200000000,2026-07-28 12:00:00+08:00,9435.0000000000,b25b52fe50a950c4848941c05cca094b2b251ea6d0a27148e22845411abf3f02,1,,,,0,3.2666666667,2026-08-05T18:00:00+08:00
2026-08-07,S04,K03,4,0,Z1,0.0000000000,2026-07-28 12:00:00+08:00,9436.0000000000,0c49c58405288a9ab307fc34f4e340c31b5302193cc1bcdb949edac60cdc6777,1,,,,0,3.2666666667,2026-08-05T18:00:00+08:00
2026-08-07,S04,K04,4,0,Z1,0.0000000000,2026-07-28 12:00:00+08:00,9437.0000000000,3c4bcf7985c129a7c5a08ef1b1cc3e75d4e1524c812f2b6bdb0f45963f2f583b,1,,,,0,3.2666666667,2026-08-05T18:00:00+08:00
2026-08-07,S04,K05,4,0,Z1,0.0000000000,2026-07-28 12:00:00+08:00,9438.0000000000,8eacebea75443e7577f7fb51dc8e4e9a08aa5ff6ff6ef321cad0d68cd69f8bd4,1,,,,0,3.2666666667,2026-08-05T18:00:00+08:00
2026-08-07,S04,K06,4,0,Z1,0.0000000000,2026-07-28 12:00:00+08:00,9439.0000000000,b85dc49d3d29d7935952ea47548c018e594e5ab47c219bb5bd01dd1d52f4f836,1,,,,0,3.2666666667,2026-08-05T18:00:00+08:00
2026-08-07,S04,K07,4,0,Z1,0.0000000000,2026-07-28 12:00:00+08:00,9440.0000000000,38d82aabc457494ee4ca256b821aacb85e6057f6131f6b9d4fecfceafca11ba8,1,,,,0,3.2666666667,2026-08-05T18:00:00+08:00
2026-08-07,S04,K08,4,0,Z1,0.1200000000,2026-07-28 12:00:00+08:00,9441.0000000000,b530a2d890a63031d972d3caa7c37e3a6175ecde26bb66f289deb61ff91ac0ed,1,,,,0,3.2666666667,2026-08-05T18:00:00+08:00
2026-08-07,S05,K01,4,0,Z2,0.0000000000,2026-07-28 12:00:00+08:00,9442.0000000000,c2b682f237f038cb5ddb88e3667d72c57780a93706f94b823badc066c380b150,1,,,,0,3.2666666667,2026-08-05T18:00:00+08:00
2026-08-07,S05,K02,4,0,Z2,0.1200000000,2026-07-28 12:00:00+08:00,9443.0000000000,73ee3a4160db95b5987a307aa0a29246d6f9ba2b41864777b08c594ceab98db5,1,,,,0,3.2666666667,2026-08-05T18:00:00+08:00
2026-08-07,S05,K03,4,0,Z2,0.0000000000,2026-07-28 12:00:00+08:00,9444.0000000000,fdfa5156b6e5d34ce88a139e75e557eb353dfbb5e8e31d48e8bf59c95d04f23f,1,,,,0,3.2666666667,2026-08-05T18:00:00+08:00
2026-08-07,S05,K04,4,0,Z2,0.0000000000,2026-07-28 12:00:00+08:00,9445.0000000000,e61ffd094d31dcda627160557b054780099012856fad268a1f14b04a9cad1af0,1,,,,0,3.2666666667,2026-08-05T18:00:00+08:00
2026-08-07,S05,K05,4,0,Z2,0.0000000000,2026-07-28 12:00:00+08:00,9446.0000000000,9c8ec622d30791e5f9c4b7f7ed2d38bb92edb037b4da249c7749604d04e922e1,1,,,,0,3.2666666667,2026-08-05T18:00:00+08:00
2026-08-07,S05,K06,4,0,Z2,0.0000000000,2026-07-28 12:00:00+08:00,9447.0000000000,c5f833c60d1adfbcdd35c3b5142c072477517113516d6fb1ae3527a8c406907c,1,,,,0,3.2666666667,2026-08-05T18:00:00+08:00
2026-08-07,S05,K07,4,0,Z2,0.0000000000,2026-07-28 12:00:00+08:00,9448.0000000000,9d68402da7a417b0d0efc111712d847e76640b06418e2fef241221a2b6a46c0e,1,,,,0,3.2666666667,2026-08-05T18:00:00+08:00
2026-08-07,S05,K08,4,0,Z2,0.1200000000,2026-07-28 12:00:00+08:00,9449.0000000000,8f565c4fca89c859bb80859a658ac8ec4e9c34cf503395fe11b19aaf194c5f6b,1,,,,0,3.2666666667,2026-08-05T18:00:00+08:00
2026-08-07,S06,K01,4,0,Z2,0.0000000000,2026-07-28 12:00:00+08:00,9450.0000000000,5535c4dfe539f53218f78305f3e9aee6c919b2bfc3ad32746c849abe3dc64cca,1,,,,0,3.2666666667,2026-08-05T18:00:00+08:00
2026-08-07,S06,K02,4,0,Z2,0.1200000000,2026-07-28 12:00:00+08:00,9451.0000000000,0f162e62bbccac98607e02cf16747e56cd7116d47b8ad02390c7446ca6ab6d12,1,,,,0,3.2666666667,2026-08-05T18:00:00+08:00
2026-08-07,S06,K03,4,0,Z2,0.0000000000,2026-07-28 12:00:00+08:00,9452.0000000000,9ca84f6985355d79742b67e3ca27f140f5afafd77120cfc25b6e168fbca5c691,1,,,,0,3.2666666667,2026-08-05T18:00:00+08:00
2026-08-07,S06,K04,4,0,Z2,0.0000000000,2026-07-28 12:00:00+08:00,9453.0000000000,3fdf6e73546c3e8225e80a91e3544c9b026eedb5f8fb47ba52e72f0b70564537,1,,,,0,3.2666666667,2026-08-05T18:00:00+08:00
2026-08-07,S06,K05,4,0,Z2,0.0000000000,2026-07-28 12:00:00+08:00,9454.0000000000,d21ffaa55b5c91a3e17134edbde357706fb5a2e5076686adb41fdcee5d51d3a9,1,,,,0,3.2666666667,2026-08-05T18:00:00+08:00
2026-08-07,S06,K06,4,0,Z2,0.0000000000,2026-07-28 12:00:00+08:00,9455.0000000000,de26034f1bdf4d8cc22f3b00b0c2c676313748af1ceb8a699e3f03d88deb0161,1,,,,0,3.2666666667,2026-08-05T18:00:00+08:00
2026-08-07,S06,K07,4,0,Z2,0.1200000000,2026-07-28 12:00:00+08:00,9456.0000000000,b3111b8eed6d891f462cf2802cb16cce0a18c1bd8516a97acb43d20d67033f39,1,,,,0,3.2666666667,2026-08-05T18:00:00+08:00
2026-08-07,S06,K08,4,0,Z2,0.0000000000,2026-07-28 12:00:00+08:00,9457.0000000000,d75bae43672f84cd0c20e4458a70f8ed97ac7e57c10ddd5338fcb9037e88d0b3,1,,,,0,3.2666666667,2026-08-05T18:00:00+08:00
2026-08-07,S07,K01,4,0,Z2,0.1200000000,2026-07-28 12:00:00+08:00,9458.0000000000,c389c7c30aa3bcb6e9ad8259fae54baa46aba0c5f8554a9bf28cc617c486ad19,1,,,,0,3.2666666667,2026-08-05T18:00:00+08:00
2026-08-07,S07,K02,4,0,Z2,0.0000000000,2026-07-28 12:00:00+08:00,9459.0000000000,93121e8715c966405eecaa99d9c9b44e5b2e1e8165d6d2345723adbd14c13b12,1,,,,0,3.2666666667,2026-08-05T18:00:00+08:00
2026-08-07,S07,K03,4,0,Z2,0.0000000000,2026-07-28 12:00:00+08:00,9460.0000000000,38ebcaa4afaa2568c5758ecbf72e99c1ee46d7d9b80fa9d1b07b90b819b9a3dd,1,,,,0,3.2666666667,2026-08-05T18:00:00+08:00
2026-08-07,S07,K04,4,0,Z2,0.0000000000,2026-07-28 12:00:00+08:00,9461.0000000000,46738c9364b206d3b6d4aac80420c6f9ffefdec9cb0913bb2def8c689a3c8c0e,1,,,,0,3.2666666667,2026-08-05T18:00:00+08:00
2026-08-07,S07,K05,4,0,Z2,0.0000000000,2026-07-28 12:00:00+08:00,9462.0000000000,35af92d912f4f6457889feed268c3424cfb6cc878830a20ed34bf13f3d328e60,1,,,,0,3.2666666667,2026-08-05T18:00:00+08:00
2026-08-07,S07,K06,4,0,Z2,0.0000000000,2026-07-28 12:00:00+08:00,9463.0000000000,0dc29f90a04c58d8e3c531630fcd8f8e10c6c4666b198af8f93a33b9250976cb,1,,,,0,3.2666666667,2026-08-05T18:00:00+08:00
2026-08-07,S07,K07,4,0,Z2,0.1200000000,2026-07-28 12:00:00+08:00,9464.0000000000,0699d1098efb97f6524821d749fd9cc191512df8e21ea33677e664933cd6fe4c,1,,,,0,3.2666666667,2026-08-05T18:00:00+08:00
2026-08-07,S07,K08,4,0,Z2,0.0000000000,2026-07-28 12:00:00+08:00,9465.0000000000,8e528c9035576555a676a70f82a5cf0d624f2d479ed3a78bd99487f3e04b1ea3,1,,,,0,3.2666666667,2026-08-05T18:00:00+08:00
2026-08-07,S08,K01,4,0,Z2,0.1200000000,2026-07-28 12:00:00+08:00,9466.0000000000,35f0ac837bbc234cffeea8c86e9f1abaf580d0056f3f51e3e58d1efc298367e4,1,,,,0,3.2666666667,2026-08-05T18:00:00+08:00
2026-08-07,S08,K02,4,0,Z2,0.0000000000,2026-07-28 12:00:00+08:00,9467.0000000000,347ac45249dd57f2b8841d032e8a6515ff26b368d8d3c17f5c76abd6cdef0982,1,,,,0,3.2666666667,2026-08-05T18:00:00+08:00
2026-08-07,S08,K03,4,0,Z2,0.0000000000,2026-07-28 12:00:00+08:00,9468.0000000000,a49fba1e5b7d352914be212daca9fc5535e94742644cb6a7c9c8392611c68910,1,,,,0,3.2666666667,2026-08-05T18:00:00+08:00
2026-08-07,S08,K04,4,0,Z2,0.0000000000,2026-07-28 12:00:00+08:00,9469.0000000000,46eda45faea4a4324987db46d5404a32dfc89c60ebf2ef03a412dc3598324e08,1,,,,0,3.2666666667,2026-08-05T18:00:00+08:00
2026-08-07,S08,K05,4,0,Z2,0.0000000000,2026-07-28 12:00:00+08:00,9470.0000000000,f77336f945ee3396294cd3cb5dd1b74cb8e720991e3f162e5a97d8b1f1158b75,1,,,,0,3.2666666667,2026-08-05T18:00:00+08:00
2026-08-07,S08,K06,4,0,Z2,0.0000000000,2026-07-28 12:00:00+08:00,9471.0000000000,4a46949e6c188e523fac5dea366ffd955f7423b5d16a8d6c28bd7c4b0491d020,1,,,,0,3.2666666667,2026-08-05T18:00:00+08:00
2026-08-07,S08,K07,4,0,Z2,0.1200000000,2026-07-28 12:00:00+08:00,9472.0000000000,f3453fdd39fcb68b58528fca5ff15289df8ffbb3015d85acefce9b13ffaf3abd,1,,,,0,3.2666666667,2026-08-05T18:00:00+08:00
2026-08-07,S08,K08,4,0,Z2,0.0000000000,2026-07-28 12:00:00+08:00,9473.0000000000,323b28ffcb22c9b31304b7ee270fa0337e6135de62fd72eeb2d430d80b701e2f,1,,,,0,3.2666666667,2026-08-05T18:00:00+08:00
2026-08-07,S09,K01,4,0,Z3,0.0000000000,2026-07-28 12:00:00+08:00,9474.0000000000,df62edaa340cead6754e50a43fdcfdb14659d5ceb311c1c94b4bc087e2a0e257,1,,,,0,3.2666666667,2026-08-05T18:00:00+08:00
2026-08-07,S09,K02,4,0,Z3,0.0000000000,2026-07-28 12:00:00+08:00,9475.0000000000,79d2f86c4d45f2d09c34739b42fa8c4d6e09c10abd5dca69f394c876a1086047,1,,,,0,3.2666666667,2026-08-05T18:00:00+08:00
2026-08-07,S09,K03,4,0,Z3,0.0000000000,2026-07-28 12:00:00+08:00,9476.0000000000,f8be160fb80a91d30ce5f72a9b30cce1cc7a7dc4f1161e56ae6a84cd9f4caa7c,1,,,,0,3.2666666667,2026-08-05T18:00:00+08:00
2026-08-07,S09,K04,4,0,Z3,0.0000000000,2026-07-28 12:00:00+08:00,9477.0000000000,1508321a5569d6be7a6b68cf97bb7e0a3df87814bcaee31e7f812b2b4af0a6a6,1,,,,0,3.2666666667,2026-08-05T18:00:00+08:00
2026-08-07,S09,K05,4,0,Z3,0.0000000000,2026-07-28 12:00:00+08:00,9478.0000000000,2c915df4e17b26cac60b9f478fe5c7a93f7e17f45c60e5f5d065bff6ec9ebf63,1,,,,0,3.2666666667,2026-08-05T18:00:00+08:00
2026-08-07,S09,K06,4,0,Z3,0.1200000000,2026-07-28 12:00:00+08:00,9479.0000000000,807091123da3c12a42b1a8ac6a5b2ef09c13854133484836cd245ec98b57f838,1,,,,0,3.2666666667,2026-08-05T18:00:00+08:00
2026-08-07,S09,K07,4,0,Z3,0.0000000000,2026-07-28 12:00:00+08:00,9480.0000000000,c2d06527c4363c9a5e44706997811ccb9d609c1efa3f9e3da9f669f47151d8de,1,,,,0,3.2666666667,2026-08-05T18:00:00+08:00
2026-08-07,S09,K08,4,0,Z3,0.0000000000,2026-07-28 12:00:00+08:00,9481.0000000000,71ab594a4c8fb220ce39b1f515b6d5e61330bc6ac31629de6f32d6d9a03cc8b3,1,,,,0,3.2666666667,2026-08-05T18:00:00+08:00
2026-08-07,S10,K01,4,0,Z3,0.0000000000,2026-07-28 12:00:00+08:00,9482.0000000000,a0d81bce6dddcd29ee65caf44f769046e4087708d090ee16c9f53755234d261f,1,,,,0,3.2666666667,2026-08-05T18:00:00+08:00
2026-08-07,S10,K02,4,0,Z3,0.0000000000,2026-07-28 12:00:00+08:00,9483.0000000000,a728c8523a2e9e99072d2aa3ef7c4d958f5022631fb98b3f21bc7a8a2cc4996f,1,,,,0,3.2666666667,2026-08-05T18:00:00+08:00
2026-08-07,S10,K03,4,0,Z3,0.0000000000,2026-07-28 12:00:00+08:00,9484.0000000000,7d9bc950a87ba8cc94a8ab6fdd193dcda2e9107ee09cd005ea3a7ce56ef7b3b0,1,,,,0,3.2666666667,2026-08-05T18:00:00+08:00
2026-08-07,S10,K04,4,0,Z3,0.0000000000,2026-07-28 12:00:00+08:00,9485.0000000000,414c7f62a6dcf9304f0bc2fcaaeb9795e87f945e4fb29dbc8f8b2f470d006760,1,,,,0,3.2666666667,2026-08-05T18:00:00+08:00
2026-08-07,S10,K05,4,0,Z3,0.0000000000,2026-07-28 12:00:00+08:00,9486.0000000000,5bd7093e92777dc042857bfee6ec95c89542998401f91f33188abd3453eef1e4,1,,,,0,3.2666666667,2026-08-05T18:00:00+08:00
2026-08-07,S10,K06,4,0,Z3,0.1200000000,2026-07-28 12:00:00+08:00,9487.0000000000,4bd5b3b07c596fe1ea96a15f755219c7d9f325b26af344f3f1943152dfc9fdf0,1,,,,0,3.2666666667,2026-08-05T18:00:00+08:00
2026-08-07,S10,K07,4,0,Z3,0.0000000000,2026-07-28 12:00:00+08:00,9488.0000000000,b522bcf406d3a64c4e9e138778e1b71007cefe71f0b8dddf1f91e5d75ee74880,1,,,,0,3.2666666667,2026-08-05T18:00:00+08:00
2026-08-07,S10,K08,4,0,Z3,0.0000000000,2026-07-28 12:00:00+08:00,9489.0000000000,e963481775d0006496941183b3d5786efaefc81d92493634b95f7325069054bd,1,,,,0,3.2666666667,2026-08-05T18:00:00+08:00
2026-08-07,S11,K01,4,0,Z3,0.0000000000,2026-07-28 12:00:00+08:00,9490.0000000000,12f863f22872d6077c325b341e5c8193dddc46913e4e970b568dd72d8dab99cd,1,,,,0,3.2666666667,2026-08-05T18:00:00+08:00
2026-08-07,S11,K02,4,0,Z3,0.0000000000,2026-07-28 12:00:00+08:00,9491.0000000000,9bb577e4facec6bd858c2d20a2b025561fa8fc7966aefa219cce7c1338051343,1,,,,0,3.2666666667,2026-08-05T18:00:00+08:00
2026-08-07,S11,K03,4,0,Z3,0.0000000000,2026-07-28 12:00:00+08:00,9492.0000000000,f4c8e2afa124d935ba4d0a0ba6eac3523b6b6c627e10b19df1ac74b63a4a57ef,1,,,,0,3.2666666667,2026-08-05T18:00:00+08:00
2026-08-07,S11,K04,4,0,Z3,0.0000000000,2026-07-28 12:00:00+08:00,9493.0000000000,2d7ead80ba9d383f9f528506a4ff03cba769a5129acc958f72df9d5f613842f5,1,,,,0,3.2666666667,2026-08-05T18:00:00+08:00
2026-08-07,S11,K05,4,0,Z3,0.1200000000,2026-07-28 12:00:00+08:00,9494.0000000000,e5946646a31e1f47e279b1b55705182038ae303b290535240b52a8456f244a5f,1,,,,0,3.2666666667,2026-08-05T18:00:00+08:00
2026-08-07,S11,K06,4,0,Z3,0.0000000000,2026-07-28 12:00:00+08:00,9495.0000000000,219f583d509f741801f668376156435523b62dadc03af666d2d2e6fb40d0f7b4,1,,,,0,3.2666666667,2026-08-05T18:00:00+08:00
2026-08-07,S11,K07,4,0,Z3,0.0000000000,2026-07-28 12:00:00+08:00,9496.0000000000,1a46cafc91d18d1c4643283ed65b5dfe4f67d012dd510017db37951289bdd2cb,1,,,,0,3.2666666667,2026-08-05T18:00:00+08:00
2026-08-07,S11,K08,4,0,Z3,0.0000000000,2026-07-28 12:00:00+08:00,9497.0000000000,848d8ac3ca048a887ddc2fd87ec63ea94b823486e72082803c44c3eea685436f,1,,,,0,3.2666666667,2026-08-05T18:00:00+08:00
2026-08-07,S12,K01,4,0,Z3,0.0000000000,2026-07-28 12:00:00+08:00,9498.0000000000,816ac175e06c64f5bbb73454ad85d6e5810bd506566327f94f195a81f3782a83,1,,,,0,3.2666666667,2026-08-05T18:00:00+08:00
2026-08-07,S12,K02,4,0,Z3,0.0000000000,2026-07-28 12:00:00+08:00,9499.0000000000,2a100b6362d82cef5f3775130dba3cdbad33d8d83686dbe4dc6d858ebbf5484e,1,,,,0,3.2666666667,2026-08-05T18:00:00+08:00
2026-08-07,S12,K03,4,0,Z3,0.0000000000,2026-07-28 12:00:00+08:00,9500.0000000000,5b988f215296bc202cca33768fbec11c05026d1717e525d3213bbecc21aff05d,1,,,,0,3.2666666667,2026-08-05T18:00:00+08:00
2026-08-07,S12,K04,4,0,Z3,0.0000000000,2026-07-28 12:00:00+08:00,9501.0000000000,ef4a1234fb2feab99cdffc062687109e5cf5c1d3450456a43cabfac0636d99ba,1,,,,0,3.2666666667,2026-08-05T18:00:00+08:00
2026-08-07,S12,K05,4,0,Z3,0.1200000000,2026-07-28 12:00:00+08:00,9502.0000000000,8b143b8dd68a52a7b85c6f50379d31ca31297a89d21f6f8b518fa3b95678fd18,1,,,,0,3.2666666667,2026-08-05T18:00:00+08:00
2026-08-07,S12,K06,4,0,Z3,0.0000000000,2026-07-28 12:00:00+08:00,9503.0000000000,6d6a6c2ccdf7d0427b14cef9c359fceea40bd0d400400c3f65d3143fbb427982,1,,,,0,3.2666666667,2026-08-05T18:00:00+08:00
2026-08-07,S12,K07,4,0,Z3,0.0000000000,2026-07-28 12:00:00+08:00,9504.0000000000,82271d3c9bc5b9ead4ae39841d04cfa6e69799e06e5163bc800ce6aadca6d3a2,1,,,,0,3.2666666667,2026-08-05T18:00:00+08:00
2026-08-07,S12,K08,4,0,Z3,0.0000000000,2026-07-28 12:00:00+08:00,9505.0000000000,3ced7e1db7bf962fbc2580bc057506335689ea40716617500b0ed3653e7ef4cf,1,,,,0,3.2666666667,2026-08-05T18:00:00+08:00
2026-08-08,S01,K01,5,0,Z1,0.0000000000,2026-07-29 12:00:00+08:00,9506.0000000000,a5eee4221d889f386452ea092fb0640571f68f456a101ad871848d194db07499,1,,,,0,3.3000000000,2026-08-05T18:00:00+08:00
2026-08-08,S01,K02,5,0,Z1,0.0000000000,2026-07-29 12:00:00+08:00,9507.0000000000,4846ea53d9b2ca2b902a3412e0780ce93903d478473189ef9d875dd28d2b0814,1,,,,0,3.3000000000,2026-08-05T18:00:00+08:00
2026-08-08,S01,K03,5,0,Z1,0.1200000000,2026-07-29 12:00:00+08:00,9508.0000000000,e67e2b6621b364d466e2eef7e4320e8604e2ba6d2ff26d143530fd6321fc6a0b,1,,,,0,3.3000000000,2026-08-05T18:00:00+08:00
2026-08-08,S01,K04,5,0,Z1,0.0000000000,2026-07-29 12:00:00+08:00,9509.0000000000,6fc5f44a35e294ab3b6fbef09a4840e5f3f9058c2d455d6ca8ac577f816eb6c1,1,,,,0,3.3000000000,2026-08-05T18:00:00+08:00
2026-08-08,S01,K05,5,0,Z1,0.0000000000,2026-07-29 12:00:00+08:00,9510.0000000000,086b7580535cf44bf387cf369f91cd9601937d2578e02fab3e8ac8d83074af8a,1,,,,0,3.3000000000,2026-08-05T18:00:00+08:00
2026-08-08,S01,K06,5,0,Z1,0.0000000000,2026-07-29 12:00:00+08:00,9511.0000000000,d5f5685014dbbe4b0ad0bc8d40e619c0c24f3c3352b40ef467c7b4b2eea895d0,1,,,,0,3.3000000000,2026-08-05T18:00:00+08:00
2026-08-08,S01,K07,5,0,Z1,0.0000000000,2026-07-29 12:00:00+08:00,9512.0000000000,07b24890349f88d14200cea12eb2e45738065954eea81e9600e2b52b9621cbf6,1,,,,0,3.3000000000,2026-08-05T18:00:00+08:00
2026-08-08,S01,K08,5,0,Z1,0.0000000000,2026-07-29 12:00:00+08:00,9513.0000000000,529e4ad3534e18e4910f9d25cab3d9d498cd24670420490b0992125d0d367615,1,,,,0,3.3000000000,2026-08-05T18:00:00+08:00
2026-08-08,S02,K01,5,0,Z1,0.0000000000,2026-07-29 12:00:00+08:00,9514.0000000000,c0c9addbeecb560ac8a2e8606b8a51a49d066161304f8368074b2bc9927b0905,1,,,,0,3.3000000000,2026-08-05T18:00:00+08:00
2026-08-08,S02,K02,5,0,Z1,0.0000000000,2026-07-29 12:00:00+08:00,9515.0000000000,c4cd276202f5196f2127a9cdacf59e5da87b952ea5b7a3b24f28ae8f86ee2aa1,1,,,,0,3.3000000000,2026-08-05T18:00:00+08:00
2026-08-08,S02,K03,5,0,Z1,0.1200000000,2026-07-29 12:00:00+08:00,9516.0000000000,0d36bb618fdfb320d2a8b6218fd21d4f5124978918553ac986315b4f258e124c,1,,,,0,3.3000000000,2026-08-05T18:00:00+08:00
2026-08-08,S02,K04,5,0,Z1,0.0000000000,2026-07-29 12:00:00+08:00,9517.0000000000,3b150ec2d1c5710fbd2cdb371d0723a2eb85fbc66e1cb0a2382e3e9a0d76a1ec,1,,,,0,3.3000000000,2026-08-05T18:00:00+08:00
2026-08-08,S02,K05,5,0,Z1,0.0000000000,2026-07-29 12:00:00+08:00,9518.0000000000,7b24a4c9a9d0cfaf1cf6cfe838a80c643a8186641b22c0abddbdaf95afddcb8f,1,,,,0,3.3000000000,2026-08-05T18:00:00+08:00
2026-08-08,S02,K06,5,0,Z1,0.0000000000,2026-07-29 12:00:00+08:00,9519.0000000000,6cdfd802c139e201d7e9d60e824a66d6fc143c781c2df710ee9bc45e21e9975e,1,,,,0,3.3000000000,2026-08-05T18:00:00+08:00
2026-08-08,S02,K07,5,0,Z1,0.0000000000,2026-07-29 12:00:00+08:00,9520.0000000000,c7066ad3e30074394cdc316b7926d6e47706313bc838290cab2361f73b46c94c,1,,,,0,3.3000000000,2026-08-05T18:00:00+08:00
2026-08-08,S02,K08,5,0,Z1,0.0000000000,2026-07-29 12:00:00+08:00,9521.0000000000,b336243c06603b77bbddcbba1ebd838eba4f2c99f62cae6cd2f5f11c5ca255fd,1,,,,0,3.3000000000,2026-08-05T18:00:00+08:00
2026-08-08,S03,K01,5,0,Z1,0.0000000000,2026-07-29 12:00:00+08:00,9522.0000000000,5a8285107b7096c72e0024aa101e3e90355b6ea12b81b0a5785679921c02029b,1,,,,0,3.3000000000,2026-08-05T18:00:00+08:00
2026-08-08,S03,K02,5,0,Z1,0.0000000000,2026-07-29 12:00:00+08:00,9523.0000000000,50b162b23cf2f0843655dd84d66d4401caacb6c7fe23ca2d5cf282a8ca46f4f2,1,,,,0,3.3000000000,2026-08-05T18:00:00+08:00
2026-08-08,S03,K03,5,0,Z1,0.1200000000,2026-07-29 12:00:00+08:00,9524.0000000000,b6bbf869235c20b2798889dcc9c171cb0bb0c820d3cf632592cd93dbf3275f57,1,,,,0,3.3000000000,2026-08-05T18:00:00+08:00
2026-08-08,S03,K04,5,0,Z1,0.0000000000,2026-07-29 12:00:00+08:00,9525.0000000000,aba482099d530c1c7f4ddea2fa38551761697a0f4061a827e3859eab88bf4d0e,1,,,,0,3.3000000000,2026-08-05T18:00:00+08:00
2026-08-08,S03,K05,5,0,Z1,0.0000000000,2026-07-29 12:00:00+08:00,9526.0000000000,cba1ec8b18de5ffeda5c210621045274c532e97448fd042d88b89f53463472c4,1,,,,0,3.3000000000,2026-08-05T18:00:00+08:00
2026-08-08,S03,K06,5,0,Z1,0.0000000000,2026-07-29 12:00:00+08:00,9527.0000000000,f90e2dca3c266fe2d9278546979165b358c94bf3b9160ab86bcb9fece657eca0,1,,,,0,3.3000000000,2026-08-05T18:00:00+08:00
2026-08-08,S03,K07,5,0,Z1,0.0000000000,2026-07-29 12:00:00+08:00,9528.0000000000,0ec629d11243cad5bfe8a1adb808f909dd371692d8e091d562070f9134bc0306,1,,,,0,3.3000000000,2026-08-05T18:00:00+08:00
2026-08-08,S03,K08,5,0,Z1,0.1200000000,2026-07-29 12:00:00+08:00,9529.0000000000,a9017b9a6c1524fb7f77500682df7a87e1c82929bcb07bdce5e40aef1f9a89ad,1,,,,0,3.3000000000,2026-08-05T18:00:00+08:00
2026-08-08,S04,K01,5,0,Z1,0.0000000000,2026-07-29 12:00:00+08:00,9530.0000000000,39f73609476caa7e006af007776990694eb9dd8f67791cf9fafe03bc5791d552,1,,,,0,3.3000000000,2026-08-05T18:00:00+08:00
2026-08-08,S04,K02,5,0,Z1,0.1200000000,2026-07-29 12:00:00+08:00,9531.0000000000,9cbd55572c45fc4902cc580461f488a87e7001d90773ea2a519b56083871600c,1,,,,0,3.3000000000,2026-08-05T18:00:00+08:00
2026-08-08,S04,K03,5,0,Z1,0.0000000000,2026-07-29 12:00:00+08:00,9532.0000000000,4f0df788ee7752a1ff85ca2a3464f9a60ef519f3da50298b5052d93de29763a4,1,,,,0,3.3000000000,2026-08-05T18:00:00+08:00
2026-08-08,S04,K04,5,0,Z1,0.0000000000,2026-07-29 12:00:00+08:00,9533.0000000000,c758b5f4397b7cc65a6ed4f06c4d0184344b12b6e6396d38b55cc1f6d6cca11d,1,,,,0,3.3000000000,2026-08-05T18:00:00+08:00
2026-08-08,S04,K05,5,0,Z1,0.0000000000,2026-07-29 12:00:00+08:00,9534.0000000000,f0c0ec01066e7b6391934f335ff38ced000042cae3ad10bc21e298d5d449384e,1,,,,0,3.3000000000,2026-08-05T18:00:00+08:00
2026-08-08,S04,K06,5,0,Z1,0.0000000000,2026-07-29 12:00:00+08:00,9535.0000000000,7ba81dcaa34b21c216db5fdb541d138d150e0039721d808c9ae05bd66d5e298b,1,,,,0,3.3000000000,2026-08-05T18:00:00+08:00
2026-08-08,S04,K07,5,0,Z1,0.0000000000,2026-07-29 12:00:00+08:00,9536.0000000000,564c790ec924acd42185db37cb49c20ac32885a338b02f9b6385fceb53acb34c,1,,,,0,3.3000000000,2026-08-05T18:00:00+08:00
2026-08-08,S04,K08,5,0,Z1,0.1200000000,2026-07-29 12:00:00+08:00,9537.0000000000,7612960a34927b7d42cff26236877dfaa3d4df22f085e6dbeea037fcfa140879,1,,,,0,3.3000000000,2026-08-05T18:00:00+08:00
2026-08-08,S05,K01,5,0,Z2,0.0000000000,2026-07-29 12:00:00+08:00,9538.0000000000,b887d92238088b12e47b40077534ca3c6f17d56119707cc3edd46ad30035f7b1,1,,,,0,3.3000000000,2026-08-05T18:00:00+08:00
2026-08-08,S05,K02,5,0,Z2,0.1200000000,2026-07-29 12:00:00+08:00,9539.0000000000,67579d9a363c5daf8b420999854dcf7c8ed06aa3180e1537896329e9d117c639,1,,,,0,3.3000000000,2026-08-05T18:00:00+08:00
2026-08-08,S05,K03,5,0,Z2,0.0000000000,2026-07-29 12:00:00+08:00,9540.0000000000,032391f8348483dd0850d5a8e3eeb044ece1ea0e1d0320c76f33fc859d57a812,1,,,,0,3.3000000000,2026-08-05T18:00:00+08:00
2026-08-08,S05,K04,5,0,Z2,0.0000000000,2026-07-29 12:00:00+08:00,9541.0000000000,14486ff3a6be817626818844ffc93a4a39d7aaf9ca08a131c79d3797f08ad2e8,1,,,,0,3.3000000000,2026-08-05T18:00:00+08:00
2026-08-08,S05,K05,5,0,Z2,0.0000000000,2026-07-29 12:00:00+08:00,9542.0000000000,c876fc0ed89727d5f7844265055b9077f468a3d2a45e250b9ab717ae57fb2074,1,,,,0,3.3000000000,2026-08-05T18:00:00+08:00
2026-08-08,S05,K06,5,0,Z2,0.0000000000,2026-07-29 12:00:00+08:00,9543.0000000000,ee5cea5ad7035a4e04362d28505d02da0d7285f2a216c129a6dfa38520f48bdf,1,,,,0,3.3000000000,2026-08-05T18:00:00+08:00
2026-08-08,S05,K07,5,0,Z2,0.0000000000,2026-07-29 12:00:00+08:00,9544.0000000000,628286162b7be064690a540f19a42facb7fb60b1b124bf41e5e1c72ead00e6a7,1,,,,0,3.3000000000,2026-08-05T18:00:00+08:00
2026-08-08,S05,K08,5,0,Z2,0.1200000000,2026-07-29 12:00:00+08:00,9545.0000000000,0fb179365987a393070f4f958ce9af29744e4f0425af8178fc0a356a3a9b7aa5,1,,,,0,3.3000000000,2026-08-05T18:00:00+08:00
2026-08-08,S06,K01,5,0,Z2,0.1200000000,2026-07-29 12:00:00+08:00,9546.0000000000,61ebc576b5e2f3e6a39344c762633ea75c2ba17768b5b0917fd1763155ba71e4,1,,,,0,3.3000000000,2026-08-05T18:00:00+08:00
2026-08-08,S06,K02,5,0,Z2,0.0000000000,2026-07-29 12:00:00+08:00,9547.0000000000,f6ecf97845f44b8da89b09ccafd5d44aee9a97a42b76b661e93c2180419b09ec,1,,,,0,3.3000000000,2026-08-05T18:00:00+08:00
2026-08-08,S06,K03,5,0,Z2,0.0000000000,2026-07-29 12:00:00+08:00,9548.0000000000,ba7b1c17d6d6b0a88112ef692dc9e53ee387f32bbf8e8338028d33a848c94f7c,1,,,,0,3.3000000000,2026-08-05T18:00:00+08:00
2026-08-08,S06,K04,5,0,Z2,0.0000000000,2026-07-29 12:00:00+08:00,9549.0000000000,8828fd7b70af40a459919807efeeff285148dcaf9904634d9bfe7e6b1671ba21,1,,,,0,3.3000000000,2026-08-05T18:00:00+08:00
2026-08-08,S06,K05,5,0,Z2,0.0000000000,2026-07-29 12:00:00+08:00,9550.0000000000,4de14ad43caa01697d7b9e0a719022e868adbb3465d6fa1f468c241037bbf015,1,,,,0,3.3000000000,2026-08-05T18:00:00+08:00
2026-08-08,S06,K06,5,0,Z2,0.0000000000,2026-07-29 12:00:00+08:00,9551.0000000000,fe676ab83f5fa1d3672907f7a050d69729c72b2382a286f887d453d36d710cf6,1,,,,0,3.3000000000,2026-08-05T18:00:00+08:00
2026-08-08,S06,K07,5,0,Z2,0.1200000000,2026-07-29 12:00:00+08:00,9552.0000000000,57071de6897c898c536b53b2fa3f3e3cc172a3f029d85441dbf7b4e2f5bcb8de,1,,,,0,3.3000000000,2026-08-05T18:00:00+08:00
2026-08-08,S06,K08,5,0,Z2,0.0000000000,2026-07-29 12:00:00+08:00,9553.0000000000,c2dc35faba6c67bd7e26f795cb1ffa78834b94fe8d6a0696d2e661d5dd325df7,1,,,,0,3.3000000000,2026-08-05T18:00:00+08:00
2026-08-08,S07,K01,5,0,Z2,0.1200000000,2026-07-29 12:00:00+08:00,9554.0000000000,c498cabd2bbe7c71996c4e2ead847213f360cbf8e68fdf98765ea6085b2cf563,1,,,,0,3.3000000000,2026-08-05T18:00:00+08:00
2026-08-08,S07,K02,5,0,Z2,0.0000000000,2026-07-29 12:00:00+08:00,9555.0000000000,8f19e05d91ce25613b1110faf73aa973f04d537b86f17e3c1c58837c9e5c4add,1,,,,0,3.3000000000,2026-08-05T18:00:00+08:00
2026-08-08,S07,K03,5,0,Z2,0.0000000000,2026-07-29 12:00:00+08:00,9556.0000000000,1a7cb96bee95a2a7e132cc335bf3f0fc22326a5544769f9b4362b15c74d4046b,1,,,,0,3.3000000000,2026-08-05T18:00:00+08:00
2026-08-08,S07,K04,5,0,Z2,0.0000000000,2026-07-29 12:00:00+08:00,9557.0000000000,550883451389e620205552aeb5cecaa878b769eb8ad7425dc1c360e38ff3a8ad,1,,,,0,3.3000000000,2026-08-05T18:00:00+08:00
2026-08-08,S07,K05,5,0,Z2,0.0000000000,2026-07-29 12:00:00+08:00,9558.0000000000,bbce325f0307fe32e696f841512c8e13f0a961538672fd2c140c0fb027cb8d42,1,,,,0,3.3000000000,2026-08-05T18:00:00+08:00
2026-08-08,S07,K06,5,0,Z2,0.0000000000,2026-07-29 12:00:00+08:00,9559.0000000000,edcc66aec64fe377e9633417b9508ae5fb4271d3a30e78f6d7edd05cdca8f66e,1,,,,0,3.3000000000,2026-08-05T18:00:00+08:00
2026-08-08,S07,K07,5,0,Z2,0.1200000000,2026-07-29 12:00:00+08:00,9560.0000000000,f81ca32ea6d108944457cba401b2c4eba1bdf99b365dff64f45e95e0a3ce0667,1,,,,0,3.3000000000,2026-08-05T18:00:00+08:00
2026-08-08,S07,K08,5,0,Z2,0.0000000000,2026-07-29 12:00:00+08:00,9561.0000000000,1d52765c6b17e5d6c022d44ae9ec64b2c897bed74935c46b91c56b8eb2a92358,1,,,,0,3.3000000000,2026-08-05T18:00:00+08:00
2026-08-08,S08,K01,5,0,Z2,0.1200000000,2026-07-29 12:00:00+08:00,9562.0000000000,a89dc92e647f8039a0b82a7ea125ce5b982c0351a5a18732ef03487e5fcc1b86,1,,,,0,3.3000000000,2026-08-05T18:00:00+08:00
2026-08-08,S08,K02,5,0,Z2,0.0000000000,2026-07-29 12:00:00+08:00,9563.0000000000,6a9b9d65f00ae485c31c7ec055ee263a6731c7181c4fc1bd33e13df91473e812,1,,,,0,3.3000000000,2026-08-05T18:00:00+08:00
2026-08-08,S08,K03,5,0,Z2,0.0000000000,2026-07-29 12:00:00+08:00,9564.0000000000,02a9b674618d2e885d2e5bdd8c81cb1e3f41a382b1dfb65f27547e6e83c8bf8f,1,,,,0,3.3000000000,2026-08-05T18:00:00+08:00
2026-08-08,S08,K04,5,0,Z2,0.0000000000,2026-07-29 12:00:00+08:00,9565.0000000000,429550985134517786e0c95ec2432748ebeaf04fc9b706e586b6b6559c9e4f95,1,,,,0,3.3000000000,2026-08-05T18:00:00+08:00
2026-08-08,S08,K05,5,0,Z2,0.0000000000,2026-07-29 12:00:00+08:00,9566.0000000000,6ef6c34c4c76e9d5812101e909eea31cbc1c4f604b09ee214dba23a73d56a603,1,,,,0,3.3000000000,2026-08-05T18:00:00+08:00
2026-08-08,S08,K06,5,0,Z2,0.1200000000,2026-07-29 12:00:00+08:00,9567.0000000000,0300bda4f0e3f57d67ac2fe2a612634b02688466cbf8b3a24f9afa843b8a8cf2,1,,,,0,3.3000000000,2026-08-05T18:00:00+08:00
2026-08-08,S08,K07,5,0,Z2,0.0000000000,2026-07-29 12:00:00+08:00,9568.0000000000,a497d660c583dc525351bb9b4cec1976f95eeb3a9ad4337a729c117029eb33e1,1,,,,0,3.3000000000,2026-08-05T18:00:00+08:00
2026-08-08,S08,K08,5,0,Z2,0.0000000000,2026-07-29 12:00:00+08:00,9569.0000000000,66ce0324516a1351ae5662f17494e8ef9ae73451ddf73f14c7d07755e6dc9992,1,,,,0,3.3000000000,2026-08-05T18:00:00+08:00
2026-08-08,S09,K01,5,0,Z3,0.0000000000,2026-07-29 12:00:00+08:00,9570.0000000000,8523fef5887541f1debf28e3aabba61cc4cde2344f9ac470185ca0ec168b6a23,1,,,,0,3.3000000000,2026-08-05T18:00:00+08:00
2026-08-08,S09,K02,5,0,Z3,0.0000000000,2026-07-29 12:00:00+08:00,9571.0000000000,c0c17b8f5b99be4d31899bcf3afb7c0c1fe21c39cf4de598c6f3937677b581d2,1,,,,0,3.3000000000,2026-08-05T18:00:00+08:00
2026-08-08,S09,K03,5,0,Z3,0.0000000000,2026-07-29 12:00:00+08:00,9572.0000000000,a16a6aa81ed344485e60d0acfebb4dc796af8abe2fdf0c55e3d468da09ff2773,1,,,,0,3.3000000000,2026-08-05T18:00:00+08:00
2026-08-08,S09,K04,5,0,Z3,0.0000000000,2026-07-29 12:00:00+08:00,9573.0000000000,45ddc2f61b8406531124d287886d3f007dbcbe961d7dd7c9e5d144fa3b4d0541,1,,,,0,3.3000000000,2026-08-05T18:00:00+08:00
2026-08-08,S09,K05,5,0,Z3,0.0000000000,2026-07-29 12:00:00+08:00,9574.0000000000,e612ddef50956cddda5280a796a0e060a4a83611add1f871afadc6569a61944f,1,,,,0,3.3000000000,2026-08-05T18:00:00+08:00
2026-08-08,S09,K06,5,0,Z3,0.1200000000,2026-07-29 12:00:00+08:00,9575.0000000000,17b4ba9a346cfb08c34d79528efd62b73737f3d2f8652d5c4b376b882913a1c3,1,,,,0,3.3000000000,2026-08-05T18:00:00+08:00
2026-08-08,S09,K07,5,0,Z3,0.0000000000,2026-07-29 12:00:00+08:00,9576.0000000000,61a0b356b99895dfbca873a3be39df29f67b08f8a7faf376bb22b0dff449932a,1,,,,0,3.3000000000,2026-08-05T18:00:00+08:00
2026-08-08,S09,K08,5,0,Z3,0.0000000000,2026-07-29 12:00:00+08:00,9577.0000000000,8c6d673ed2c0964d60a9ddf300ba213359835edd6cf8d773e48aa257a4cb1f00,1,,,,0,3.3000000000,2026-08-05T18:00:00+08:00
2026-08-08,S10,K01,5,0,Z3,0.0000000000,2026-07-29 12:00:00+08:00,9578.0000000000,1714d3387a269e79f4aebdf7065b984b575abc37935ea61a978fd24bc27570bf,1,,,,0,3.3000000000,2026-08-05T18:00:00+08:00
2026-08-08,S10,K02,5,0,Z3,0.0000000000,2026-07-29 12:00:00+08:00,9579.0000000000,3d9b094d42b5f5deba3c401084ce61dde59971cf66d18f066671f385acb6e392,1,,,,0,3.3000000000,2026-08-05T18:00:00+08:00
2026-08-08,S10,K03,5,0,Z3,0.0000000000,2026-07-29 12:00:00+08:00,9580.0000000000,7f6ced5e32ddf26489f4281a1dc4fb526534a3bb8b0383ef0debdc2e1dc1c64e,1,,,,0,3.3000000000,2026-08-05T18:00:00+08:00
2026-08-08,S10,K04,5,0,Z3,0.0000000000,2026-07-29 12:00:00+08:00,9581.0000000000,873216b0689861c2803c9ecce68a500b0e51b5e3a94a2b634cc044b7ac665ba0,1,,,,0,3.3000000000,2026-08-05T18:00:00+08:00
2026-08-08,S10,K05,5,0,Z3,0.0000000000,2026-07-29 12:00:00+08:00,9582.0000000000,f3ec623930596d754685355bc8e90c97ea49cdd53a73274d097cd932ab9116be,1,,,,0,3.3000000000,2026-08-05T18:00:00+08:00
2026-08-08,S10,K06,5,0,Z3,0.1200000000,2026-07-29 12:00:00+08:00,9583.0000000000,6af74566355a7cbb847e0a634592b5a1c06fab03c5cac03ed2a44184179bd6fd,1,,,,0,3.3000000000,2026-08-05T18:00:00+08:00
2026-08-08,S10,K07,5,0,Z3,0.0000000000,2026-07-29 12:00:00+08:00,9584.0000000000,7e7f0d119d1ea313b0d2c98af36f912eee0a454f725afd6ee90417da69e89c22,1,,,,0,3.3000000000,2026-08-05T18:00:00+08:00
2026-08-08,S10,K08,5,0,Z3,0.0000000000,2026-07-29 12:00:00+08:00,9585.0000000000,221df934e0e3b9f9b8f33073cce58fad394d6747ed4fa986cc2e68bd030f779a,1,,,,0,3.3000000000,2026-08-05T18:00:00+08:00
2026-08-08,S11,K01,5,0,Z3,0.0000000000,2026-07-29 12:00:00+08:00,9586.0000000000,788c1a5a216999aa5823308b16e91b284eb2a7caaa3935d660de5d1cc0b2095c,1,,,,0,3.3000000000,2026-08-05T18:00:00+08:00
2026-08-08,S11,K02,5,0,Z3,0.0000000000,2026-07-29 12:00:00+08:00,9587.0000000000,936ce272c8d7566050cb8a3ce3551dc056d13c9d1655bb79e9c30e68efd13264,1,,,,0,3.3000000000,2026-08-05T18:00:00+08:00
2026-08-08,S11,K03,5,0,Z3,0.0000000000,2026-07-29 12:00:00+08:00,9588.0000000000,4613441dd12f8308194b2a67e37a4fa4926d6431af5f32281bc681023753e69f,1,,,,0,3.3000000000,2026-08-05T18:00:00+08:00
2026-08-08,S11,K04,5,0,Z3,0.0000000000,2026-07-29 12:00:00+08:00,9589.0000000000,257443d044ffaba47b425222c174bc44e57562f681258b6a46d1ae7fe7f52587,1,,,,0,3.3000000000,2026-08-05T18:00:00+08:00
2026-08-08,S11,K05,5,0,Z3,0.1200000000,2026-07-29 12:00:00+08:00,9590.0000000000,ed4f8ea0827d81cc07ead42151e6f9fef71df62be70f5b98f819456f3db77432,1,,,,0,3.3000000000,2026-08-05T18:00:00+08:00
2026-08-08,S11,K06,5,0,Z3,0.0000000000,2026-07-29 12:00:00+08:00,9591.0000000000,56ffccc992f439bf9215ac4da060faf6ede7b3bd4ed7301f8c9459b96046ee31,1,,,,0,3.3000000000,2026-08-05T18:00:00+08:00
2026-08-08,S11,K07,5,0,Z3,0.0000000000,2026-07-29 12:00:00+08:00,9592.0000000000,9c373674a1bf09328afacdcf346a2b2f49be99ac96da7d204d62e8fa222186bc,1,,,,0,3.3000000000,2026-08-05T18:00:00+08:00
2026-08-08,S11,K08,5,0,Z3,0.0000000000,2026-07-29 12:00:00+08:00,9593.0000000000,2c7babd4f29c203eb99e3e8f79ccb8d4234ac618572694a201df50bcd0aea591,1,,,,0,3.3000000000,2026-08-05T18:00:00+08:00
2026-08-08,S12,K01,5,0,Z3,0.0000000000,2026-07-29 12:00:00+08:00,9594.0000000000,7dc538bd9b65de09414c0ff9ad54155d5ddf00d530888f5a8bbd2046525708ac,1,,,,0,3.3000000000,2026-08-05T18:00:00+08:00
2026-08-08,S12,K02,5,0,Z3,0.0000000000,2026-07-29 12:00:00+08:00,9595.0000000000,46aea00ef871492c6050d96609221eb889c0510d60fe79e95263218bf8641a54,1,,,,0,3.3000000000,2026-08-05T18:00:00+08:00
2026-08-08,S12,K03,5,0,Z3,0.0000000000,2026-07-29 12:00:00+08:00,9596.0000000000,37ea0cb0c3b4235153639d81b407c67245df5a73e962fd7e677184bf7a79c693,1,,,,0,3.3000000000,2026-08-05T18:00:00+08:00
2026-08-08,S12,K04,5,0,Z3,0.0000000000,2026-07-29 12:00:00+08:00,9597.0000000000,fcadc0d608d283d60e49aa140e8a43e7193995312ff16a6ae2547ac66482b430,1,,,,0,3.3000000000,2026-08-05T18:00:00+08:00
2026-08-08,S12,K05,5,0,Z3,0.1200000000,2026-07-29 12:00:00+08:00,9598.0000000000,1ee64d7232da8aa377b5b7257d45d5cf00a750d367ab691534ac2b330d0b1033,1,,,,0,3.3000000000,2026-08-05T18:00:00+08:00
2026-08-08,S12,K06,5,0,Z3,0.0000000000,2026-07-29 12:00:00+08:00,9599.0000000000,760e7e10e10f6fc9bc3f5fc24de910f95eceeaf68cdc11be3676dd41a8cbbd85,1,,,,0,3.3000000000,2026-08-05T18:00:00+08:00
2026-08-08,S12,K07,5,0,Z3,0.0000000000,2026-07-29 12:00:00+08:00,9600.0000000000,2a4b2104eb24dbc7b9a0b0fa8080ef0f896a26c71cfc83ad3636c26e85851853,1,,,,0,3.3000000000,2026-08-05T18:00:00+08:00
2026-08-08,S12,K08,5,0,Z3,0.0000000000,2026-07-29 12:00:00+08:00,9601.0000000000,962b18b108954d210c8751a47ee0c7eb1c4573906adfa627730df01dc3de2e3b,1,,,,0,3.3000000000,2026-08-05T18:00:00+08:00
2026-08-09,S01,K01,6,1,Z1,0.0000000000,2026-07-30 12:00:00+08:00,9602.0000000000,a86ec59466650a4618b8c8dae1c3f07d78057d0569c2de2557a0994b3c8a0a79,1,,,,0,3.3333333333,2026-08-05T18:00:00+08:00
2026-08-09,S01,K02,6,1,Z1,0.0000000000,2026-07-30 12:00:00+08:00,9603.0000000000,bca9585e3e89423d7e593bdeb603817e23a7ff4c5dffe594eb0ce46ccc59e2e4,1,,,,0,3.3333333333,2026-08-05T18:00:00+08:00
2026-08-09,S01,K03,6,1,Z1,0.1200000000,2026-07-30 12:00:00+08:00,9604.0000000000,bbad1a58a97a7404bb01b4e1927e66049e486fe51f041e77687bd4c2eeab8cbb,1,,,,0,3.3333333333,2026-08-05T18:00:00+08:00
2026-08-09,S01,K04,6,1,Z1,0.0000000000,2026-07-30 12:00:00+08:00,9605.0000000000,a0f2abac26f489d4e95d635629685b368b4ae5ff62b3f74ab9ae09c53cbd420b,1,,,,0,3.3333333333,2026-08-05T18:00:00+08:00
2026-08-09,S01,K05,6,1,Z1,0.0000000000,2026-07-30 12:00:00+08:00,9606.0000000000,d5ad2d75322ce1328a95b7e1b4b602c73fbb5a90ca1ff8b3f35ac02773857760,1,,,,0,3.3333333333,2026-08-05T18:00:00+08:00
2026-08-09,S01,K06,6,1,Z1,0.0000000000,2026-07-30 12:00:00+08:00,9607.0000000000,5939d1308cdb706736f7fcefd984d42e098e2c7a7c3bfd4458d38e68ea8e0361,1,,,,0,3.3333333333,2026-08-05T18:00:00+08:00
2026-08-09,S01,K07,6,1,Z1,0.0000000000,2026-07-30 12:00:00+08:00,9608.0000000000,e2868bb2f6a77d03144225ad68be2b3338b1d0c08067a408896bef4e0fba04d1,1,,,,0,3.3333333333,2026-08-05T18:00:00+08:00
2026-08-09,S01,K08,6,1,Z1,0.0000000000,2026-07-30 12:00:00+08:00,9609.0000000000,f6f545b6860e6f45339d3bbd30b0bc31cae6633a97271f9c2470804796631f77,1,,,,0,3.3333333333,2026-08-05T18:00:00+08:00
2026-08-09,S02,K01,6,1,Z1,0.0000000000,2026-07-30 12:00:00+08:00,9610.0000000000,da022677bb6787ac7d50c11e535476b8ecce422e00cac7e611a144a8271f3403,1,,,,0,3.3333333333,2026-08-05T18:00:00+08:00
2026-08-09,S02,K02,6,1,Z1,0.0000000000,2026-07-30 12:00:00+08:00,9611.0000000000,859fb0fc8e5db82bf404a40f8bf1ef87257b976c59a90a8c7c27c70114408c6c,1,,,,0,3.3333333333,2026-08-05T18:00:00+08:00
2026-08-09,S02,K03,6,1,Z1,0.1200000000,2026-07-30 12:00:00+08:00,9612.0000000000,d042e78387e92b3d0dc3cd5367ff4673512be4514a7d449ba1706da664abf2ef,1,,,,0,3.3333333333,2026-08-05T18:00:00+08:00
2026-08-09,S02,K04,6,1,Z1,0.0000000000,2026-07-30 12:00:00+08:00,9613.0000000000,e86874036e310b8947f7731c0ffb05c1c31d030c2861f9294f6cb9b6bbfb60b0,1,,,,0,3.3333333333,2026-08-05T18:00:00+08:00
2026-08-09,S02,K05,6,1,Z1,0.0000000000,2026-07-30 12:00:00+08:00,9614.0000000000,9e3ab07a68de8d21fd46099e813650068ef81c6e5d79abfc1646e2e3bc036853,1,,,,0,3.3333333333,2026-08-05T18:00:00+08:00
2026-08-09,S02,K06,6,1,Z1,0.0000000000,2026-07-30 12:00:00+08:00,9615.0000000000,a130e7750e5cc43fe815dd8f740a846734dbbe195bad3c8ddd15ea5403467368,1,,,,0,3.3333333333,2026-08-05T18:00:00+08:00
2026-08-09,S02,K07,6,1,Z1,0.0000000000,2026-07-30 12:00:00+08:00,9616.0000000000,4397c07a55b8d9107e50aa42ec1f10ad6958be4cd650c25064455486029f0424,1,,,,0,3.3333333333,2026-08-05T18:00:00+08:00
2026-08-09,S02,K08,6,1,Z1,0.0000000000,2026-07-30 12:00:00+08:00,9617.0000000000,e9ecbdd80339ff318e0a61bcad180a5ed2bbd83d0cb4ce4db4ecdbe0f6aeb2fc,1,,,,0,3.3333333333,2026-08-05T18:00:00+08:00
2026-08-09,S03,K01,6,1,Z1,0.0000000000,2026-07-30 12:00:00+08:00,9618.0000000000,f76fad8538379d5ac10225a69afdce652ca8d1b9ec1e3a16d47bdc8434e275a2,1,,,,0,3.3333333333,2026-08-05T18:00:00+08:00
2026-08-09,S03,K02,6,1,Z1,0.1200000000,2026-07-30 12:00:00+08:00,9619.0000000000,16ceb50fa6144c183493d1d78b322a8b47fe432c74f5805cca6167154fc2b396,1,,,,0,3.3333333333,2026-08-05T18:00:00+08:00
2026-08-09,S03,K03,6,1,Z1,0.0000000000,2026-07-30 12:00:00+08:00,9620.0000000000,9c347d65c67e495234c89af14910e27d57b09ca812c29f16c9ea6496b8830c47,1,,,,0,3.3333333333,2026-08-05T18:00:00+08:00
2026-08-09,S03,K04,6,1,Z1,0.0000000000,2026-07-30 12:00:00+08:00,9621.0000000000,8bfa483cfa76033fd98d42e30f401d7b5c2b95857b0b02683c1a7a29a995a1c6,1,,,,0,3.3333333333,2026-08-05T18:00:00+08:00
2026-08-09,S03,K05,6,1,Z1,0.0000000000,2026-07-30 12:00:00+08:00,9622.0000000000,8a2fb7ecb9bf75b1aff9fe6f42866ba9c9c881f4b9566e9e256d74ac6a9bd99f,1,,,,0,3.3333333333,2026-08-05T18:00:00+08:00
2026-08-09,S03,K06,6,1,Z1,0.0000000000,2026-07-30 12:00:00+08:00,9623.0000000000,45ba079287ee1afc2fcb9dc07099775e2fe530cf7ea095349f33b395bf7a1a71,1,,,,0,3.3333333333,2026-08-05T18:00:00+08:00
2026-08-09,S03,K07,6,1,Z1,0.0000000000,2026-07-30 12:00:00+08:00,9624.0000000000,b8d4be7f432d03a9dfd3900da74cc80d1f8491fa5b062dc368124538c0f863d2,1,,,,0,3.3333333333,2026-08-05T18:00:00+08:00
2026-08-09,S03,K08,6,1,Z1,0.1200000000,2026-07-30 12:00:00+08:00,9625.0000000000,b868c4832c92ee7de4431241cb04e6527d0d3263ed3444f98129b5ade74d6ff7,1,,,,0,3.3333333333,2026-08-05T18:00:00+08:00
2026-08-09,S04,K01,6,1,Z1,0.0000000000,2026-07-30 12:00:00+08:00,9626.0000000000,8263d730178f91f307d7ec49ecadedd53f30b2e72ae1938ca79065d57e2a0a7b,1,,,,0,3.3333333333,2026-08-05T18:00:00+08:00
2026-08-09,S04,K02,6,1,Z1,0.1200000000,2026-07-30 12:00:00+08:00,9627.0000000000,470419da21428876a5776d14b1546ce7c67cc107afbba78de2167af05b52fddc,1,,,,0,3.3333333333,2026-08-05T18:00:00+08:00
2026-08-09,S04,K03,6,1,Z1,0.0000000000,2026-07-30 12:00:00+08:00,9628.0000000000,b3eab531ece98b3d07321ed0f7d8da13b74c3ea93552687d176cce9b3aed28d8,1,,,,0,3.3333333333,2026-08-05T18:00:00+08:00
2026-08-09,S04,K04,6,1,Z1,0.0000000000,2026-07-30 12:00:00+08:00,9629.0000000000,bcedf020abab5bd9c9945c372d6e79ad8e5e65d5e207e5761423da4fad7466f3,1,,,,0,3.3333333333,2026-08-05T18:00:00+08:00
2026-08-09,S04,K05,6,1,Z1,0.0000000000,2026-07-30 12:00:00+08:00,9630.0000000000,eeac75e042a6774c4985c60d21e7e51d4dbec5cef473e5052a280704230191c3,1,,,,0,3.3333333333,2026-08-05T18:00:00+08:00
2026-08-09,S04,K06,6,1,Z1,0.0000000000,2026-07-30 12:00:00+08:00,9631.0000000000,354c4af5bc2ab88b5c11333dd119a0c953644bfdcf39945a879dd3f9a7edfd16,1,,,,0,3.3333333333,2026-08-05T18:00:00+08:00
2026-08-09,S04,K07,6,1,Z1,0.0000000000,2026-07-30 12:00:00+08:00,9632.0000000000,de4978bbfc3aa3a794c2d18ea2e5c66af152866b84d298cd940782fab0967efc,1,,,,0,3.3333333333,2026-08-05T18:00:00+08:00
2026-08-09,S04,K08,6,1,Z1,0.1200000000,2026-07-30 12:00:00+08:00,9633.0000000000,9a6baa721dd8cc824fc3268543b62cbbafa29e4ef781597a2e2ae979628c82e5,1,,,,0,3.3333333333,2026-08-05T18:00:00+08:00
2026-08-09,S05,K01,6,1,Z2,0.0000000000,2026-07-30 12:00:00+08:00,9634.0000000000,b5542b37f354d1618ff9ce65ccf59374af782f5a4120f588a265fb616d4ce71c,1,,,,0,3.3333333333,2026-08-05T18:00:00+08:00
2026-08-09,S05,K02,6,1,Z2,0.1200000000,2026-07-30 12:00:00+08:00,9635.0000000000,691711f8122917317cbe2c77c8098497d1d7e680824cb1e1f4795dc880f806d8,1,,,,0,3.3333333333,2026-08-05T18:00:00+08:00
2026-08-09,S05,K03,6,1,Z2,0.0000000000,2026-07-30 12:00:00+08:00,9636.0000000000,03c0f5acf470eb13cec1b45f39cb289f0b0f7b6b74d38bbcb1bbb5b4068ac984,1,,,,0,3.3333333333,2026-08-05T18:00:00+08:00
2026-08-09,S05,K04,6,1,Z2,0.0000000000,2026-07-30 12:00:00+08:00,9637.0000000000,02080fbc25352221df2cc3972fba72670976d9c3e8ca031cd4cf1a912be95208,1,,,,0,3.3333333333,2026-08-05T18:00:00+08:00
2026-08-09,S05,K05,6,1,Z2,0.0000000000,2026-07-30 12:00:00+08:00,9638.0000000000,5f8bcfc4da550408ccb19702c91e262af9f9e65556d2ba3dd6894a9e4bcc9663,1,,,,0,3.3333333333,2026-08-05T18:00:00+08:00
2026-08-09,S05,K06,6,1,Z2,0.0000000000,2026-07-30 12:00:00+08:00,9639.0000000000,425b167bf4ece00c918654cbfade9cc351a2893ba91093693f96f3f112281de0,1,,,,0,3.3333333333,2026-08-05T18:00:00+08:00
2026-08-09,S05,K07,6,1,Z2,0.1200000000,2026-07-30 12:00:00+08:00,9640.0000000000,027f5e25c6b72c67feaceb174a5a53b78f4c5da3f6c8b9effeda15c4da50bf3b,1,,,,0,3.3333333333,2026-08-05T18:00:00+08:00
2026-08-09,S05,K08,6,1,Z2,0.0000000000,2026-07-30 12:00:00+08:00,9641.0000000000,146ee77711abeabe96e940278e4453c42bd74be1caf991cb37c09f5224444611,1,,,,0,3.3333333333,2026-08-05T18:00:00+08:00
2026-08-09,S06,K01,6,1,Z2,0.1200000000,2026-07-30 12:00:00+08:00,9642.0000000000,59bcbf099eef8c344cbfeb2d57493b66363cb01e9872c774a732007e3aca7eac,1,,,,0,3.3333333333,2026-08-05T18:00:00+08:00
2026-08-09,S06,K02,6,1,Z2,0.0000000000,2026-07-30 12:00:00+08:00,9643.0000000000,650cba220d1e4ec3ebd3fe17beeaee7bf4f71db19d6776df91ffcd2015979498,1,,,,0,3.3333333333,2026-08-05T18:00:00+08:00
2026-08-09,S06,K03,6,1,Z2,0.0000000000,2026-07-30 12:00:00+08:00,9644.0000000000,391712a51bc1340cfd91b6c4264017a2ca27be381e229c55c63af5f2ca3b4f6e,1,,,,0,3.3333333333,2026-08-05T18:00:00+08:00
2026-08-09,S06,K04,6,1,Z2,0.0000000000,2026-07-30 12:00:00+08:00,9645.0000000000,d69df42501d84e86130520a2341372758b134b090d31199a173aa7ee32920e93,1,,,,0,3.3333333333,2026-08-05T18:00:00+08:00
2026-08-09,S06,K05,6,1,Z2,0.0000000000,2026-07-30 12:00:00+08:00,9646.0000000000,a240c0b8c19466121c68ad63493681cf2b0dc7f28f38d76a56083cbeb783c634,1,,,,0,3.3333333333,2026-08-05T18:00:00+08:00
2026-08-09,S06,K06,6,1,Z2,0.0000000000,2026-07-30 12:00:00+08:00,9647.0000000000,b21024d683e4780b94f96f305b1a49306ca45f05d9b4e5dba4d53782f3d7ba07,1,,,,0,3.3333333333,2026-08-05T18:00:00+08:00
2026-08-09,S06,K07,6,1,Z2,0.1200000000,2026-07-30 12:00:00+08:00,9648.0000000000,13780a290918c3773248e7672a7052906db22830514bd13d3d154a108b9298fd,1,,,,0,3.3333333333,2026-08-05T18:00:00+08:00
2026-08-09,S06,K08,6,1,Z2,0.0000000000,2026-07-30 12:00:00+08:00,9649.0000000000,49425794759bc8e29b1dd652b90c5acc765cb183a157df3bb8ca2ebb4ee5d032,1,,,,0,3.3333333333,2026-08-05T18:00:00+08:00
2026-08-09,S07,K01,6,1,Z2,0.1200000000,2026-07-30 12:00:00+08:00,9650.0000000000,5cad358b821e99caf4a6bf7d17eb912512260cc6a84fe1f4888fe3e97ef2e8a4,1,,,,0,3.3333333333,2026-08-05T18:00:00+08:00
2026-08-09,S07,K02,6,1,Z2,0.0000000000,2026-07-30 12:00:00+08:00,9651.0000000000,9ddd02f622f7ae0c5ea775867645f3293c6bec29e81c33a156ccff46f46a3835,1,,,,0,3.3333333333,2026-08-05T18:00:00+08:00
2026-08-09,S07,K03,6,1,Z2,0.0000000000,2026-07-30 12:00:00+08:00,9652.0000000000,714a4d0afa7e6d2865822ee89aeeb62a0f4387bde2a955d94edb1e1d2b98088a,1,,,,0,3.3333333333,2026-08-05T18:00:00+08:00
2026-08-09,S07,K04,6,1,Z2,0.0000000000,2026-07-30 12:00:00+08:00,9653.0000000000,cd715e3fe685750fe17035acc4cac580044129b3575677838239f82c8ea6ba33,1,,,,0,3.3333333333,2026-08-05T18:00:00+08:00
2026-08-09,S07,K05,6,1,Z2,0.0000000000,2026-07-30 12:00:00+08:00,9654.0000000000,260e5f99c7e6cc81878c4ac4316d80892eb29c973e268ab628d34bb07de85536,1,,,,0,3.3333333333,2026-08-05T18:00:00+08:00
2026-08-09,S07,K06,6,1,Z2,0.0000000000,2026-07-30 12:00:00+08:00,9655.0000000000,324da1af8daa652e9664ecbd97a5f4be7435af578cb2a03e262c765acc904a77,1,,,,0,3.3333333333,2026-08-05T18:00:00+08:00
2026-08-09,S07,K07,6,1,Z2,0.1200000000,2026-07-30 12:00:00+08:00,9656.0000000000,bd6b93eb5f3dc7b03c99812bf5391e17042f7cfe19944281ccad143616ecfefe,1,,,,0,3.3333333333,2026-08-05T18:00:00+08:00
2026-08-09,S07,K08,6,1,Z2,0.0000000000,2026-07-30 12:00:00+08:00,9657.0000000000,cefc166efc26d394b4112144937516aa582970f6e67cc724db79dfcc77b4d4a0,1,,,,0,3.3333333333,2026-08-05T18:00:00+08:00
2026-08-09,S08,K01,6,1,Z2,0.0000000000,2026-07-30 12:00:00+08:00,9658.0000000000,fb00fb262aa1602597f9f443f1b5748f8ded5a5225aefe8592ac5975077912f3,1,,,,0,3.3333333333,2026-08-05T18:00:00+08:00
2026-08-09,S08,K02,6,1,Z2,0.0000000000,2026-07-30 12:00:00+08:00,9659.0000000000,a5b43e3cb7351838970427c590f321cbf43eeae7e1d77c3403f73ccb83574050,1,,,,0,3.3333333333,2026-08-05T18:00:00+08:00
2026-08-09,S08,K03,6,1,Z2,0.0000000000,2026-07-30 12:00:00+08:00,9660.0000000000,2d81ef7b7c85faf7ba2db4a08544bb614cf66b755c5f78ddade3f4e68244deac,1,,,,0,3.3333333333,2026-08-05T18:00:00+08:00
2026-08-09,S08,K04,6,1,Z2,0.0000000000,2026-07-30 12:00:00+08:00,9661.0000000000,85f5642b792ddc03434b3ce2901fae040b9eb56b7ffc03b23e60ddd436acb96e,1,,,,0,3.3333333333,2026-08-05T18:00:00+08:00
2026-08-09,S08,K05,6,1,Z2,0.0000000000,2026-07-30 12:00:00+08:00,9662.0000000000,ca09e3207400e7866dc0c7164a3427a660c68a8bc0536fc10a422d7cd04a8b66,1,,,,0,3.3333333333,2026-08-05T18:00:00+08:00
2026-08-09,S08,K06,6,1,Z2,0.1200000000,2026-07-30 12:00:00+08:00,9663.0000000000,f8188704d74d120df7c0bb2a72555453a885c0599e92ae40b9d89e615a69b545,1,,,,0,3.3333333333,2026-08-05T18:00:00+08:00
2026-08-09,S08,K07,6,1,Z2,0.0000000000,2026-07-30 12:00:00+08:00,9664.0000000000,50fded99cdb0d57d838c86c4dd78c9d69f82920eca6577ae85df67db5b9696cb,1,,,,0,3.3333333333,2026-08-05T18:00:00+08:00
2026-08-09,S08,K08,6,1,Z2,0.0000000000,2026-07-30 12:00:00+08:00,9665.0000000000,15a2a794fad0322386572bad00197150ca415259c578cb22c4192c57decd3e20,1,,,,0,3.3333333333,2026-08-05T18:00:00+08:00
2026-08-09,S09,K01,6,1,Z3,0.0000000000,2026-07-30 12:00:00+08:00,9666.0000000000,e0126ff75448b2c9dc1a337ef43f5452bdccc1eaabc0fc0ce0e551d2989f9cdb,1,,,,0,3.3333333333,2026-08-05T18:00:00+08:00
2026-08-09,S09,K02,6,1,Z3,0.0000000000,2026-07-30 12:00:00+08:00,9667.0000000000,da0bce8f738ef5f649ee7a6f1719735f7b82d48452dfa8981bf14f51f5c9fb62,1,,,,0,3.3333333333,2026-08-05T18:00:00+08:00
2026-08-09,S09,K03,6,1,Z3,0.0000000000,2026-07-30 12:00:00+08:00,9668.0000000000,420d7ae66c906f7f68a29134aa1a2482845b2daa8d2f8e05217fa0fb01818ea9,1,,,,0,3.3333333333,2026-08-05T18:00:00+08:00
2026-08-09,S09,K04,6,1,Z3,0.0000000000,2026-07-30 12:00:00+08:00,9669.0000000000,fd50ce2e5c957bfa06f92146b922ac0ea697d0fe4a229424d2ddc23e58664cbc,1,,,,0,3.3333333333,2026-08-05T18:00:00+08:00
2026-08-09,S09,K05,6,1,Z3,0.0000000000,2026-07-30 12:00:00+08:00,9670.0000000000,d1834b92891d091467f818d42a1cef6fa6f54cf1d18da9c6ba59ce6c7e627bc6,1,,,,0,3.3333333333,2026-08-05T18:00:00+08:00
2026-08-09,S09,K06,6,1,Z3,0.1200000000,2026-07-30 12:00:00+08:00,9671.0000000000,7f82c4f0f0c80090504a353dfb3d5d96c7d0dbc0e71dec4cada2080cd8d50b70,1,,,,0,3.3333333333,2026-08-05T18:00:00+08:00
2026-08-09,S09,K07,6,1,Z3,0.0000000000,2026-07-30 12:00:00+08:00,9672.0000000000,3afffaec709ecad9fe4b388b25f9e5f134a176c408737ec6440922704fe74861,1,,,,0,3.3333333333,2026-08-05T18:00:00+08:00
2026-08-09,S09,K08,6,1,Z3,0.0000000000,2026-07-30 12:00:00+08:00,9673.0000000000,d7eaf57f155e21bdf2f0aaa8b71b9576ff61aa2d549487bf2e51d94905581249,1,,,,0,3.3333333333,2026-08-05T18:00:00+08:00
2026-08-09,S10,K01,6,1,Z3,0.0000000000,2026-07-30 12:00:00+08:00,9674.0000000000,f31a6d2d92b55b49493707aad54e176593b9da9f70051164e6b98bae886a0a8b,1,,,,0,3.3333333333,2026-08-05T18:00:00+08:00
2026-08-09,S10,K02,6,1,Z3,0.0000000000,2026-07-30 12:00:00+08:00,9675.0000000000,b95d93e930c9e1456d07024036d4dfb00e1ce627a509bb280b2c26bb2420218b,1,,,,0,3.3333333333,2026-08-05T18:00:00+08:00
2026-08-09,S10,K03,6,1,Z3,0.0000000000,2026-07-30 12:00:00+08:00,9676.0000000000,3689ceb2c38d14566b016cd89adeee0a50f415cfeb863f1bc1e8142dab23347a,1,,,,0,3.3333333333,2026-08-05T18:00:00+08:00
2026-08-09,S10,K04,6,1,Z3,0.0000000000,2026-07-30 12:00:00+08:00,9677.0000000000,fe079a7566db7137b5d30cef131ec9a05b69f21f07479c855fcb7fb91f86e33e,1,,,,0,3.3333333333,2026-08-05T18:00:00+08:00
2026-08-09,S10,K05,6,1,Z3,0.1200000000,2026-07-30 12:00:00+08:00,9678.0000000000,5b4ab0200bf5f8e0ac026fdcc6fd286dfd0dce968ceb4b9ebe170f7c48e1a6b6,1,,,,0,3.3333333333,2026-08-05T18:00:00+08:00
2026-08-09,S10,K06,6,1,Z3,0.0000000000,2026-07-30 12:00:00+08:00,9679.0000000000,9adaf6395c363f51b82c6630d09b71d881107409b29267abcefdbed3e77ff429,1,,,,0,3.3333333333,2026-08-05T18:00:00+08:00
2026-08-09,S10,K07,6,1,Z3,0.0000000000,2026-07-30 12:00:00+08:00,9680.0000000000,7071196c0bc8c0b59f84c11847c61a3072e6927b6b95473bb9f1f48f7e8aef08,1,,,,0,3.3333333333,2026-08-05T18:00:00+08:00
2026-08-09,S10,K08,6,1,Z3,0.0000000000,2026-07-30 12:00:00+08:00,9681.0000000000,3772941636b3229b963b926639a3ff9f44334833e59ee06d2649ece34a41d10d,1,,,,0,3.3333333333,2026-08-05T18:00:00+08:00
2026-08-09,S11,K01,6,1,Z3,0.0000000000,2026-07-30 12:00:00+08:00,9682.0000000000,f30c673f801f98ed97b1e4be5a528b3d5e6fd64a00163d2083c89ec06c87f6e1,1,,,,0,3.3333333333,2026-08-05T18:00:00+08:00
2026-08-09,S11,K02,6,1,Z3,0.0000000000,2026-07-30 12:00:00+08:00,9683.0000000000,e1954c92216e30b813398dac252f489a47ac09b6946f3684d4612f92babe097d,1,,,,0,3.3333333333,2026-08-05T18:00:00+08:00
2026-08-09,S11,K03,6,1,Z3,0.0000000000,2026-07-30 12:00:00+08:00,9684.0000000000,dade84adfcfc433dae9aeb55f06b5e113edf235c270aa11f81f02931d0d8486d,1,,,,0,3.3333333333,2026-08-05T18:00:00+08:00
2026-08-09,S11,K04,6,1,Z3,0.0000000000,2026-07-30 12:00:00+08:00,9685.0000000000,e09386265bfe9353259d4acdf23d2b315268005acdddb9336cdddd21007734b0,1,,,,0,3.3333333333,2026-08-05T18:00:00+08:00
2026-08-09,S11,K05,6,1,Z3,0.1200000000,2026-07-30 12:00:00+08:00,9686.0000000000,e4c384e5c795fa0992ab8af1bc4617bf64e35297c5e67f489489c10be1100363,1,,,,0,3.3333333333,2026-08-05T18:00:00+08:00
2026-08-09,S11,K06,6,1,Z3,0.0000000000,2026-07-30 12:00:00+08:00,9687.0000000000,78bcf82d5088998b8ad2c0af8416dbc6a49d60a221d75485b423b46d81efd98d,1,,,,0,3.3333333333,2026-08-05T18:00:00+08:00
2026-08-09,S11,K07,6,1,Z3,0.0000000000,2026-07-30 12:00:00+08:00,9688.0000000000,d2e94d013e0fc7584b9780fcad4f31e3a3994c0c4507fe227804dfef0ff510b6,1,,,,0,3.3333333333,2026-08-05T18:00:00+08:00
2026-08-09,S11,K08,6,1,Z3,0.0000000000,2026-07-30 12:00:00+08:00,9689.0000000000,f68c3453b85e799a972b6fa52070bbf12eda9a85ffae1ce10c762eefd46b6bdc,1,,,,0,3.3333333333,2026-08-05T18:00:00+08:00
2026-08-09,S12,K01,6,1,Z3,0.0000000000,2026-07-30 12:00:00+08:00,9690.0000000000,fdaabf05e034962a98643de831fc977bb3621ccc241548ff0a6e8d3d3bfc8724,1,,,,0,3.3333333333,2026-08-05T18:00:00+08:00
2026-08-09,S12,K02,6,1,Z3,0.0000000000,2026-07-30 12:00:00+08:00,9691.0000000000,e2c610a03f3a15c78961ff8ea034b319de333f49dcf91a834ab49b2a1fd05d11,1,,,,0,3.3333333333,2026-08-05T18:00:00+08:00
2026-08-09,S12,K03,6,1,Z3,0.0000000000,2026-07-30 12:00:00+08:00,9692.0000000000,59ed0bcf528444411d4446d9b9a029c8532f2d9e5fd2dba42e1aff51747bab91,1,,,,0,3.3333333333,2026-08-05T18:00:00+08:00
2026-08-09,S12,K04,6,1,Z3,0.0000000000,2026-07-30 12:00:00+08:00,9693.0000000000,1e6e4f81d8c5ef68484e639a215400cb36133ea1d8e8fce201a28f62ce28b1f7,1,,,,0,3.3333333333,2026-08-05T18:00:00+08:00
2026-08-09,S12,K05,6,1,Z3,0.1200000000,2026-07-30 12:00:00+08:00,9694.0000000000,56c4c44c137b4a7e7414785b63fe7ac52444dc1ba75a321344ef47c23d35af07,1,,,,0,3.3333333333,2026-08-05T18:00:00+08:00
2026-08-09,S12,K06,6,1,Z3,0.0000000000,2026-07-30 12:00:00+08:00,9695.0000000000,4763658d06b77b7fe619e534207d5ac55a7ab727b0a64323906c99f48df14048,1,,,,0,3.3333333333,2026-08-05T18:00:00+08:00
2026-08-09,S12,K07,6,1,Z3,0.0000000000,2026-07-30 12:00:00+08:00,9696.0000000000,bbab0d8842ba0fff3ac72247f42530ed3996bfea3f3b8ae77ab9c4aedcbd7b4d,1,,,,0,3.3333333333,2026-08-05T18:00:00+08:00
2026-08-09,S12,K08,6,1,Z3,0.0000000000,2026-07-30 12:00:00+08:00,9697.0000000000,a97c5e3bfab604f23b373014d5a334d369e7425bf0bd8c67e289ae2d83a2e742,1,,,,0,3.3333333333,2026-08-05T18:00:00+08:00
2026-08-10,S01,K01,0,1,Z1,0.0000000000,2026-07-31 12:00:00+08:00,9698.0000000000,6df0ae56e14c20c08c77d6ecc5720c4e11c83877aa09844c56cd9fbb61d8012b,1,,,,0,3.3666666667,2026-08-05T18:00:00+08:00
2026-08-10,S01,K02,0,1,Z1,0.0000000000,2026-07-31 12:00:00+08:00,9699.0000000000,43e34a57d5fe3bdf2800a3b53da2ea60dddff93ddab0ae96f1db1f2b50c111ea,1,,,,0,3.3666666667,2026-08-05T18:00:00+08:00
2026-08-10,S01,K03,0,1,Z1,0.1200000000,2026-07-31 12:00:00+08:00,9700.0000000000,a861e215c698229260fdf1d6b08109315acf183cd07f4f6ffa72c45b2e2d2f2f,1,,,,0,3.3666666667,2026-08-05T18:00:00+08:00
2026-08-10,S01,K04,0,1,Z1,0.0000000000,2026-07-31 12:00:00+08:00,9701.0000000000,dbfd156a4f087b0e68af6bbed506cc425d05ce479636e47a2b0a0c4724ef01d4,1,,,,0,3.3666666667,2026-08-05T18:00:00+08:00
2026-08-10,S01,K05,0,1,Z1,0.0000000000,2026-07-31 12:00:00+08:00,9702.0000000000,2a9888fddd0592a9e024e9c23d826d8d41adf224ef09bfdb207b257f896308fe,1,,,,0,3.3666666667,2026-08-05T18:00:00+08:00
2026-08-10,S01,K06,0,1,Z1,0.0000000000,2026-07-31 12:00:00+08:00,9703.0000000000,17cbb27b1f8bed771f5f1411fc486d3deb0b293764a83445b4c1be85bc8b24df,1,,,,0,3.3666666667,2026-08-05T18:00:00+08:00
2026-08-10,S01,K07,0,1,Z1,0.0000000000,2026-07-31 12:00:00+08:00,9704.0000000000,202edaccf46ebf7b65ec833d95884d7876a35f2e26c917d903b1453867b3d6a4,1,,,,0,3.3666666667,2026-08-05T18:00:00+08:00
2026-08-10,S01,K08,0,1,Z1,0.0000000000,2026-07-31 12:00:00+08:00,9705.0000000000,604cb956d88750d6551058186bf8a32a06eb474ef3b35aa1c640a96293c4453a,1,,,,0,3.3666666667,2026-08-05T18:00:00+08:00
2026-08-10,S02,K01,0,1,Z1,0.0000000000,2026-07-31 12:00:00+08:00,9706.0000000000,f11ceb7900db88c58973faef4a0ba50b5f0f39f92dd672051cf31fcdbef5fef7,1,,,,0,3.3666666667,2026-08-05T18:00:00+08:00
2026-08-10,S02,K02,0,1,Z1,0.0000000000,2026-07-31 12:00:00+08:00,9707.0000000000,69bc7d0e8f6e3aac69bc14effc1951f42e48bcbf074a9a7d337877bb5f44dbbe,1,,,,0,3.3666666667,2026-08-05T18:00:00+08:00
2026-08-10,S02,K03,0,1,Z1,0.1200000000,2026-07-31 12:00:00+08:00,9708.0000000000,8d461a5e173cc0afa079eb4c65328bc7845d0f43ae036cc113401a508d0a3c13,1,,,,0,3.3666666667,2026-08-05T18:00:00+08:00
2026-08-10,S02,K04,0,1,Z1,0.0000000000,2026-07-31 12:00:00+08:00,9709.0000000000,5e0e1f0160f59156a8a40ede18992fd3bbc3ae545ef48b7a6fc228996fa868cb,1,,,,0,3.3666666667,2026-08-05T18:00:00+08:00
2026-08-10,S02,K05,0,1,Z1,0.0000000000,2026-07-31 12:00:00+08:00,9710.0000000000,882a7c10952a9ae2d376ec91c431e67ae17409e14c7e897e4d1cc919d52fd1cc,1,,,,0,3.3666666667,2026-08-05T18:00:00+08:00
2026-08-10,S02,K06,0,1,Z1,0.0000000000,2026-07-31 12:00:00+08:00,9711.0000000000,a07452318eb668dd777eb65671efbd4c9a74c2f5dc0891c6e76201ae1a103e85,1,,,,0,3.3666666667,2026-08-05T18:00:00+08:00
2026-08-10,S02,K07,0,1,Z1,0.0000000000,2026-07-31 12:00:00+08:00,9712.0000000000,083ce60c51ba7109b7a8042908f6ce9e7beb8e2c6a38976eb12b5c7b0cc105ed,1,,,,0,3.3666666667,2026-08-05T18:00:00+08:00
2026-08-10,S02,K08,0,1,Z1,0.1200000000,2026-07-31 12:00:00+08:00,9713.0000000000,77256587e58e5c5ef1d293b184f6954e6541440681bd7a4d7dafd8e6b485af5a,1,,,,0,3.3666666667,2026-08-05T18:00:00+08:00
2026-08-10,S03,K01,0,1,Z1,0.0000000000,2026-07-31 12:00:00+08:00,9714.0000000000,a4d62bc329ee83c7904da7beb375a39fd6dc965cdaad963b271823a6711d2ae6,1,,,,0,3.3666666667,2026-08-05T18:00:00+08:00
2026-08-10,S03,K02,0,1,Z1,0.1200000000,2026-07-31 12:00:00+08:00,9715.0000000000,627db40c928b941cde5174731b5ada5fa2fb2dfab343d2fa806b224503b222ce,1,,,,0,3.3666666667,2026-08-05T18:00:00+08:00
2026-08-10,S03,K03,0,1,Z1,0.0000000000,2026-07-31 12:00:00+08:00,9716.0000000000,df34ca0a37d824ef39507affdfc465ce3e8794e7749d5d6c9e46cb469ecda0c4,1,,,,0,3.3666666667,2026-08-05T18:00:00+08:00
2026-08-10,S03,K04,0,1,Z1,0.0000000000,2026-07-31 12:00:00+08:00,9717.0000000000,6cd0886930c960474c6ec4ff0dc60ab88bef3e75b578e9eea8ea73f4d2105b81,1,,,,0,3.3666666667,2026-08-05T18:00:00+08:00
2026-08-10,S03,K05,0,1,Z1,0.0000000000,2026-07-31 12:00:00+08:00,9718.0000000000,b484782bf6d30ba05873f981984083ef7c26458493ed552816ba66cb04fa2ae4,1,,,,0,3.3666666667,2026-08-05T18:00:00+08:00
2026-08-10,S03,K06,0,1,Z1,0.0000000000,2026-07-31 12:00:00+08:00,9719.0000000000,2df21ef7554b7b2987c2abd037dfef57109869b2d0e19ea076a74cbbc2e38e94,1,,,,0,3.3666666667,2026-08-05T18:00:00+08:00
2026-08-10,S03,K07,0,1,Z1,0.0000000000,2026-07-31 12:00:00+08:00,9720.0000000000,996d9d42060dbd1d8041c5455950871051f71c16576bc3c3cdc8e9ed8a600432,1,,,,0,3.3666666667,2026-08-05T18:00:00+08:00
2026-08-10,S03,K08,0,1,Z1,0.1200000000,2026-07-31 12:00:00+08:00,9721.0000000000,8d785d3a63038f141402a0aea1c2919a00fd753ea69f3d67106d0f1fa42df207,1,,,,0,3.3666666667,2026-08-05T18:00:00+08:00
2026-08-10,S04,K01,0,1,Z1,0.0000000000,2026-07-31 12:00:00+08:00,9722.0000000000,03cb0fa261dc5e5dfd9d871b448ac83e1d579381ca74390ec9af75017dfc71a5,1,,,,0,3.3666666667,2026-08-05T18:00:00+08:00
2026-08-10,S04,K02,0,1,Z1,0.1200000000,2026-07-31 12:00:00+08:00,9723.0000000000,eef97b1dfcf701a217a2afda8eaa261bda9c7264e7321ddaaccb07ea13c698ed,1,,,,0,3.3666666667,2026-08-05T18:00:00+08:00
2026-08-10,S04,K03,0,1,Z1,0.0000000000,2026-07-31 12:00:00+08:00,9724.0000000000,738362801f0951cc854b70c981359bee6cfc5b061651b52401d627473ccf20ca,1,,,,0,3.3666666667,2026-08-05T18:00:00+08:00
2026-08-10,S04,K04,0,1,Z1,0.0000000000,2026-07-31 12:00:00+08:00,9725.0000000000,8f4f71463a5e1613e73ddea5c47db177057eb23c3864fdf13037178a40db18b3,1,,,,0,3.3666666667,2026-08-05T18:00:00+08:00
2026-08-10,S04,K05,0,1,Z1,0.0000000000,2026-07-31 12:00:00+08:00,9726.0000000000,27af6c4b3c0101b075c2c941e77dc5d275d0d1ab2c384f424bdfbb6dccbde553,1,,,,0,3.3666666667,2026-08-05T18:00:00+08:00
2026-08-10,S04,K06,0,1,Z1,0.0000000000,2026-07-31 12:00:00+08:00,9727.0000000000,28c325a43b0a3e264bc99e0454d66fd07855acec35f8a72b2b12d3a061e697f1,1,,,,0,3.3666666667,2026-08-05T18:00:00+08:00
2026-08-10,S04,K07,0,1,Z1,0.0000000000,2026-07-31 12:00:00+08:00,9728.0000000000,8838254a2a1131c35ecc2530401e8e00404659397b3c5d1f019a70d9dc8f7cb5,1,,,,0,3.3666666667,2026-08-05T18:00:00+08:00
2026-08-10,S04,K08,0,1,Z1,0.1200000000,2026-07-31 12:00:00+08:00,9729.0000000000,2303a19784052332c87538a9c5122bd63b38b6fe07634dae00358fd0c2ba24c4,1,,,,0,3.3666666667,2026-08-05T18:00:00+08:00
2026-08-10,S05,K01,0,1,Z2,0.1200000000,2026-07-31 12:00:00+08:00,9730.0000000000,d150424d37a9e90263ca58126f970e6069fba2ff8a50ad295c9fa3d026ac7018,1,,,,0,3.3666666667,2026-08-05T18:00:00+08:00
2026-08-10,S05,K02,0,1,Z2,0.0000000000,2026-07-31 12:00:00+08:00,9731.0000000000,2bb37123422c798208dea3af3a92662b46e368364c08753510a7805f023aed73,1,,,,0,3.3666666667,2026-08-05T18:00:00+08:00
2026-08-10,S05,K03,0,1,Z2,0.0000000000,2026-07-31 12:00:00+08:00,9732.0000000000,c9171e0fe0188f78f134f5c62630a9b14fedbb45b6a7db9a4671b5778f435881,1,,,,0,3.3666666667,2026-08-05T18:00:00+08:00
2026-08-10,S05,K04,0,1,Z2,0.0000000000,2026-07-31 12:00:00+08:00,9733.0000000000,7213e43607ed3cc39927c0ab93feb8dfdf93bd0368f82f351d668fab40df49f1,1,,,,0,3.3666666667,2026-08-05T18:00:00+08:00
2026-08-10,S05,K05,0,1,Z2,0.0000000000,2026-07-31 12:00:00+08:00,9734.0000000000,1b9c29d724fcbdb13b9b2dc459220a2913a06000a30719d59d5c20829db55136,1,,,,0,3.3666666667,2026-08-05T18:00:00+08:00
2026-08-10,S05,K06,0,1,Z2,0.0000000000,2026-07-31 12:00:00+08:00,9735.0000000000,88100d9f2b948857a2b48b16d5032cca3896aaa2cf1b48f197f1a0cc205f5240,1,,,,0,3.3666666667,2026-08-05T18:00:00+08:00
2026-08-10,S05,K07,0,1,Z2,0.1200000000,2026-07-31 12:00:00+08:00,9736.0000000000,b93dae39e4c9943c28b5b06e1434267a27d4e2fd73d2e6724b2f076af9a4db27,1,,,,0,3.3666666667,2026-08-05T18:00:00+08:00
2026-08-10,S05,K08,0,1,Z2,0.0000000000,2026-07-31 12:00:00+08:00,9737.0000000000,3ea4739238ba53840d6d05b23db78fa145697fe57b15f064052a7cee164919ec,1,,,,0,3.3666666667,2026-08-05T18:00:00+08:00
2026-08-10,S06,K01,0,1,Z2,0.1200000000,2026-07-31 12:00:00+08:00,9738.0000000000,9f7cd9482472166e64c92e7a7ae8ea0b167b801ddb4af328b240caa7a4670ce3,1,,,,0,3.3666666667,2026-08-05T18:00:00+08:00
2026-08-10,S06,K02,0,1,Z2,0.0000000000,2026-07-31 12:00:00+08:00,9739.0000000000,5530d06558a45c07208f93c25f23d8c0f6ba709bab7e3c61409aacef8d7a950b,1,,,,0,3.3666666667,2026-08-05T18:00:00+08:00
2026-08-10,S06,K03,0,1,Z2,0.0000000000,2026-07-31 12:00:00+08:00,9740.0000000000,e0c6535f256c43b37c997ccf3472a62762e3594723f5faffb239dfaac336254f,1,,,,0,3.3666666667,2026-08-05T18:00:00+08:00
2026-08-10,S06,K04,0,1,Z2,0.0000000000,2026-07-31 12:00:00+08:00,9741.0000000000,db46948ebaab5e724a89705bcdba0d126e3ccff9ee6725115df6c282cb9793dd,1,,,,0,3.3666666667,2026-08-05T18:00:00+08:00
2026-08-10,S06,K05,0,1,Z2,0.0000000000,2026-07-31 12:00:00+08:00,9742.0000000000,9ddd77e588b8f8e3d4259c51f18ece0bd9eac3953986e64f259ed1191f05c36c,1,,,,0,3.3666666667,2026-08-05T18:00:00+08:00
2026-08-10,S06,K06,0,1,Z2,0.0000000000,2026-07-31 12:00:00+08:00,9743.0000000000,28bba328723c3947875989dde0ce793fa8638abe7a19b69a88850c1e23f690af,1,,,,0,3.3666666667,2026-08-05T18:00:00+08:00
2026-08-10,S06,K07,0,1,Z2,0.1200000000,2026-07-31 12:00:00+08:00,9744.0000000000,c2cbc1e88fc49e2299050ebe6dcbad441c441585e5ba983e686fd5be6bf72a93,1,,,,0,3.3666666667,2026-08-05T18:00:00+08:00
2026-08-10,S06,K08,0,1,Z2,0.0000000000,2026-07-31 12:00:00+08:00,9745.0000000000,82ba1f8aca17e2a926cd6ba5010772c4dc1dd44ae8b00a21b5c54b8856dd89f8,1,,,,0,3.3666666667,2026-08-05T18:00:00+08:00
2026-08-10,S07,K01,0,1,Z2,0.1200000000,2026-07-31 12:00:00+08:00,9746.0000000000,20dabcb58e22b655024ce16dfdf831239d01f65ef0a5b88fb03853ea4a99650c,1,,,,0,3.3666666667,2026-08-05T18:00:00+08:00
2026-08-10,S07,K02,0,1,Z2,0.0000000000,2026-07-31 12:00:00+08:00,9747.0000000000,9e2871ec020835c38bd2bbc30f8d50916cb4325e0c795f9e3f487b0749906191,1,,,,0,3.3666666667,2026-08-05T18:00:00+08:00
2026-08-10,S07,K03,0,1,Z2,0.0000000000,2026-07-31 12:00:00+08:00,9748.0000000000,bc9a566826d55711a809597fad0b63f4d04e3118f3490629e7d943327945fb95,1,,,,0,3.3666666667,2026-08-05T18:00:00+08:00
2026-08-10,S07,K04,0,1,Z2,0.0000000000,2026-07-31 12:00:00+08:00,9749.0000000000,963a52bbb838748feadae5c285aa2670471a64228a2992f6df5d1007ae10308b,1,,,,0,3.3666666667,2026-08-05T18:00:00+08:00
2026-08-10,S07,K05,0,1,Z2,0.0000000000,2026-07-31 12:00:00+08:00,9750.0000000000,705d5b29cea673919123be3ec3e5b1641baa97e992ba7f5321ad4fac1e1f19db,1,,,,0,3.3666666667,2026-08-05T18:00:00+08:00
2026-08-10,S07,K06,0,1,Z2,0.1200000000,2026-07-31 12:00:00+08:00,9751.0000000000,95b0dc509dde630189530e14105ce337ace18a494dcdcf60ed9b10c943e26171,1,,,,0,3.3666666667,2026-08-05T18:00:00+08:00
2026-08-10,S07,K07,0,1,Z2,0.0000000000,2026-07-31 12:00:00+08:00,9752.0000000000,6c5a7c2d18050574c3d7a04ed8c8961c03e7869c6d382e885c0baaf67ee157ea,1,,,,0,3.3666666667,2026-08-05T18:00:00+08:00
2026-08-10,S07,K08,0,1,Z2,0.0000000000,2026-07-31 12:00:00+08:00,9753.0000000000,f95ff34fd984dd430f1713f22a7b57a9ebf070758715ceac724edda4333e0c92,1,,,,0,3.3666666667,2026-08-05T18:00:00+08:00
2026-08-10,S08,K01,0,1,Z2,0.0000000000,2026-07-31 12:00:00+08:00,9754.0000000000,51b3235ccfe39efed223a19ecbb0617689d363c1e53ca42657dab06c2fb25159,1,,,,0,3.3666666667,2026-08-05T18:00:00+08:00
2026-08-10,S08,K02,0,1,Z2,0.0000000000,2026-07-31 12:00:00+08:00,9755.0000000000,efdab4727d221a096b41d5c87f7930eaf9604394caf70cb55e08b18de992d3d5,1,,,,0,3.3666666667,2026-08-05T18:00:00+08:00
2026-08-10,S08,K03,0,1,Z2,0.0000000000,2026-07-31 12:00:00+08:00,9756.0000000000,a1272be5b2ac36c3f4d315338bb96788e7b8d3274ceb8d152a9b3471a992a5cd,1,,,,0,3.3666666667,2026-08-05T18:00:00+08:00
2026-08-10,S08,K04,0,1,Z2,0.0000000000,2026-07-31 12:00:00+08:00,9757.0000000000,c56aaa8fdd718fd565a0e03ceb6fd043e2da6a87d0e37435bc1bfcebeef469fb,1,,,,0,3.3666666667,2026-08-05T18:00:00+08:00
2026-08-10,S08,K05,0,1,Z2,0.0000000000,2026-07-31 12:00:00+08:00,9758.0000000000,490ede61e3978a27e5f6e6ced5794de356504745fa16562668f5b3a9fdbe3941,1,,,,0,3.3666666667,2026-08-05T18:00:00+08:00
2026-08-10,S08,K06,0,1,Z2,0.1200000000,2026-07-31 12:00:00+08:00,9759.0000000000,2b5334fec0ca2264e578974ea874b69a6cec2bea54735e7f7de8c9fd30c660eb,1,,,,0,3.3666666667,2026-08-05T18:00:00+08:00
2026-08-10,S08,K07,0,1,Z2,0.0000000000,2026-07-31 12:00:00+08:00,9760.0000000000,9b9c7ffa9f7cae7e70fe945fa3907d14e7249fb454c23ef0f651ac622ed90ade,1,,,,0,3.3666666667,2026-08-05T18:00:00+08:00
2026-08-10,S08,K08,0,1,Z2,0.0000000000,2026-07-31 12:00:00+08:00,9761.0000000000,24e63b34a53d72650a9272058af300b2f78d56f6cdbbbcdbfb9f738f436b698b,1,,,,0,3.3666666667,2026-08-05T18:00:00+08:00
2026-08-10,S09,K01,0,1,Z3,0.0000000000,2026-07-31 12:00:00+08:00,9762.0000000000,c3f4b48e18502d5277773686f2af5b97b959d939772bd2cf396f7cc8fb05eba5,1,,,,0,3.3666666667,2026-08-05T18:00:00+08:00
2026-08-10,S09,K02,0,1,Z3,0.0000000000,2026-07-31 12:00:00+08:00,9763.0000000000,57287a8f9499b31884ed183ff5a91157526b09fad6b968cd7beab9dff25681b6,1,,,,0,3.3666666667,2026-08-05T18:00:00+08:00
2026-08-10,S09,K03,0,1,Z3,0.0000000000,2026-07-31 12:00:00+08:00,9764.0000000000,b262fd0917d41080d19bbc65e9d67ec180b747d81b4b2e236ccc2d72bedbad5c,1,,,,0,3.3666666667,2026-08-05T18:00:00+08:00
2026-08-10,S09,K04,0,1,Z3,0.0000000000,2026-07-31 12:00:00+08:00,9765.0000000000,b11d0aa5f53d659e5bec4d199902d297c31fa50312eb82701222e8e2c13961b3,1,,,,0,3.3666666667,2026-08-05T18:00:00+08:00
2026-08-10,S09,K05,0,1,Z3,0.0000000000,2026-07-31 12:00:00+08:00,9766.0000000000,8bbfe2dec751d5a6e95d562aeb22ffdb55c4dc13597a06e4330ce418cf0a3a38,1,,,,0,3.3666666667,2026-08-05T18:00:00+08:00
2026-08-10,S09,K06,0,1,Z3,0.1200000000,2026-07-31 12:00:00+08:00,9767.0000000000,9e946d87ea3b33ff3d8ddf3b98fd1f3c8eb1a85d942eac62d810d5214748facf,1,,,,0,3.3666666667,2026-08-05T18:00:00+08:00
2026-08-10,S09,K07,0,1,Z3,0.0000000000,2026-07-31 12:00:00+08:00,9768.0000000000,123a64252cbcc6785034a21136439259e1972d62981432ace5d3224e1e340814,1,,,,0,3.3666666667,2026-08-05T18:00:00+08:00
2026-08-10,S09,K08,0,1,Z3,0.0000000000,2026-07-31 12:00:00+08:00,9769.0000000000,8af6dc917577e1f553a5bf7f650b0f161ef203d8f893414f270929dd8ce3d4d4,1,,,,0,3.3666666667,2026-08-05T18:00:00+08:00
2026-08-10,S10,K01,0,1,Z3,0.0000000000,2026-07-31 12:00:00+08:00,9770.0000000000,16d5b815bd4bfce36650423ccaad23f41e905f0f098251920727b5d50da8d9e1,1,,,,0,3.3666666667,2026-08-05T18:00:00+08:00
2026-08-10,S10,K02,0,1,Z3,0.0000000000,2026-07-31 12:00:00+08:00,9771.0000000000,e57364d821762ef849a128347d1a1cd35a7e11978f694f47006b580f75de0a9f,1,,,,0,3.3666666667,2026-08-05T18:00:00+08:00
2026-08-10,S10,K03,0,1,Z3,0.0000000000,2026-07-31 12:00:00+08:00,9772.0000000000,e4e3dbdd9f1396c8ae33059769a75c3d979f9d5462cc04dcb7c31f8457d88e17,1,,,,0,3.3666666667,2026-08-05T18:00:00+08:00
2026-08-10,S10,K04,0,1,Z3,0.0000000000,2026-07-31 12:00:00+08:00,9773.0000000000,0792c39bf963a7c53c109159cdd66249970402e3de2a0cc9b89a7cfdfc711806,1,,,,0,3.3666666667,2026-08-05T18:00:00+08:00
2026-08-10,S10,K05,0,1,Z3,0.1200000000,2026-07-31 12:00:00+08:00,9774.0000000000,1181b344b1ae6ed8c79dca496d758ab3015b29f982d1218f56800000bd9c67bb,1,,,,0,3.3666666667,2026-08-05T18:00:00+08:00
2026-08-10,S10,K06,0,1,Z3,0.0000000000,2026-07-31 12:00:00+08:00,9775.0000000000,38a39c0c192d0bd042ca230342dd0e8583d3f2aa253cf4bc3166fc1b32b06156,1,,,,0,3.3666666667,2026-08-05T18:00:00+08:00
2026-08-10,S10,K07,0,1,Z3,0.0000000000,2026-07-31 12:00:00+08:00,9776.0000000000,2c854f8ce47ae7390e1f610bf587a497414e4f24d6803ca44b9282bf11e511ee,1,,,,0,3.3666666667,2026-08-05T18:00:00+08:00
2026-08-10,S10,K08,0,1,Z3,0.0000000000,2026-07-31 12:00:00+08:00,9777.0000000000,cde18c1c7de2675ca5c22f432699db354c67fb2e670030afe1a15e11633a6b72,1,,,,0,3.3666666667,2026-08-05T18:00:00+08:00
2026-08-10,S11,K01,0,1,Z3,0.0000000000,2026-07-31 12:00:00+08:00,9778.0000000000,8d1445cab2f099cb2e1c79d101ff7a9daa34eb2719837154d91eebe5fe7616a1,1,,,,0,3.3666666667,2026-08-05T18:00:00+08:00
2026-08-10,S11,K02,0,1,Z3,0.0000000000,2026-07-31 12:00:00+08:00,9779.0000000000,3ff223ae2eee599de8dd31edbe681af9e8d4cb197ec004d9e0edb588f5630ad1,1,,,,0,3.3666666667,2026-08-05T18:00:00+08:00
2026-08-10,S11,K03,0,1,Z3,0.0000000000,2026-07-31 12:00:00+08:00,9780.0000000000,2b98b79f36479eb9f4d5272fd79b47e0f3e078f2e3bbfac8fa688dafd36103b3,1,,,,0,3.3666666667,2026-08-05T18:00:00+08:00
2026-08-10,S11,K04,0,1,Z3,0.0000000000,2026-07-31 12:00:00+08:00,9781.0000000000,1c7c95d299280e4bbda128b4e35ebf2fa7629d5f347b14e20cf84ec3e3af0c02,1,,,,0,3.3666666667,2026-08-05T18:00:00+08:00
2026-08-10,S11,K05,0,1,Z3,0.1200000000,2026-07-31 12:00:00+08:00,9782.0000000000,470e4f49c265fd4fe946f5730e1d55d261c577898be93ce8c6ecf92a130ff131,1,,,,0,3.3666666667,2026-08-05T18:00:00+08:00
2026-08-10,S11,K06,0,1,Z3,0.0000000000,2026-07-31 12:00:00+08:00,9783.0000000000,a74ff1c9b528ffb3642a686e333d7d09bc108018b5aa50b9bbf61e7f43858f9e,1,,,,0,3.3666666667,2026-08-05T18:00:00+08:00
2026-08-10,S11,K07,0,1,Z3,0.0000000000,2026-07-31 12:00:00+08:00,9784.0000000000,4974a96b989f64fce0612b716d1dff0c522c09a7d18e52811932d883c2b076b6,1,,,,0,3.3666666667,2026-08-05T18:00:00+08:00
2026-08-10,S11,K08,0,1,Z3,0.0000000000,2026-07-31 12:00:00+08:00,9785.0000000000,3f6cb7dadcee476bf5baaa437a83286e289d7ea0ef4d68c857dfaf42d61b01f6,1,,,,0,3.3666666667,2026-08-05T18:00:00+08:00
2026-08-10,S12,K01,0,1,Z3,0.0000000000,2026-07-31 12:00:00+08:00,9786.0000000000,929a7c935a7199deccfa91ed1b460e874b6794c3c1e61cddd8378f14232e1ce1,1,,,,0,3.3666666667,2026-08-05T18:00:00+08:00
2026-08-10,S12,K02,0,1,Z3,0.0000000000,2026-07-31 12:00:00+08:00,9787.0000000000,741e96d9c8aae181f4d06f9b93e6fd7a4f008b85a40940ca1dbd9afa2331ad8a,1,,,,0,3.3666666667,2026-08-05T18:00:00+08:00
2026-08-10,S12,K03,0,1,Z3,0.0000000000,2026-07-31 12:00:00+08:00,9788.0000000000,a3f5dbefbb9b90dc8b18e2b6c4bd7ff705cefe5cd3d2ac21af8f2ccb94839533,1,,,,0,3.3666666667,2026-08-05T18:00:00+08:00
2026-08-10,S12,K04,0,1,Z3,0.1200000000,2026-07-31 12:00:00+08:00,9789.0000000000,b2510548ca309c1d954090c058aa50d405a40c17bafc6ffd4f2337fc4982c408,1,,,,0,3.3666666667,2026-08-05T18:00:00+08:00
2026-08-10,S12,K05,0,1,Z3,0.0000000000,2026-07-31 12:00:00+08:00,9790.0000000000,d7e302c6aede1a4898e39be35268be2b5dbf7c2ec431d8a5ad7109bf83b6a252,1,,,,0,3.3666666667,2026-08-05T18:00:00+08:00
2026-08-10,S12,K06,0,1,Z3,0.0000000000,2026-07-31 12:00:00+08:00,9791.0000000000,462cc467c570ed317fdc71ba2e95dee489afeec1d73f15d617723b1bf538f37b,1,,,,0,3.3666666667,2026-08-05T18:00:00+08:00
2026-08-10,S12,K07,0,1,Z3,0.0000000000,2026-07-31 12:00:00+08:00,9792.0000000000,e0e4f441ad50cd13c78e33c05e59e332ef12548f84179d243e2eeef3d2fb538b,1,,,,0,3.3666666667,2026-08-05T18:00:00+08:00
2026-08-10,S12,K08,0,1,Z3,0.0000000000,2026-07-31 12:00:00+08:00,9793.0000000000,2ff812fec4ed8f1155677b901887820250ab630150eaac8510d25a2bcaa6079f,1,,,,0,3.3666666667,2026-08-05T18:00:00+08:00
2026-08-11,S01,K01,1,0,Z1,0.0000000000,2026-08-01 12:00:00+08:00,9794.0000000000,18602932b0f293407cc8a9d9d982546dea19fbbe22821fba052f19b766008032,1,,,,0,3.4000000000,2026-08-05T18:00:00+08:00
2026-08-11,S01,K02,1,0,Z1,0.0000000000,2026-08-01 12:00:00+08:00,9795.0000000000,7c9300be419d8323a1447201f9f0906cca44b27c807a600e6514b870a0a37a6d,1,,,,0,3.4000000000,2026-08-05T18:00:00+08:00
2026-08-11,S01,K03,1,0,Z1,0.1200000000,2026-08-01 12:00:00+08:00,9796.0000000000,899d7d19a21e315cf8df4a60f5265b3f36dfe20401c7892b6c2cab0676d7c615,1,,,,0,3.4000000000,2026-08-05T18:00:00+08:00
2026-08-11,S01,K04,1,0,Z1,0.0000000000,2026-08-01 12:00:00+08:00,9797.0000000000,76da31b05b2521f73053e89e58ee0d482b87be3f57f86776581fc3a62eb55cdd,1,,,,0,3.4000000000,2026-08-05T18:00:00+08:00
2026-08-11,S01,K05,1,0,Z1,0.0000000000,2026-08-01 12:00:00+08:00,9798.0000000000,e8bcf210a1e46ab79739f7859ac9d73e40e96469e018e0b3daef99e013ea6277,1,,,,0,3.4000000000,2026-08-05T18:00:00+08:00
2026-08-11,S01,K06,1,0,Z1,0.0000000000,2026-08-01 12:00:00+08:00,9799.0000000000,9d7e845a45b68c91424994294b032b80543af5dd400043558a6cf36802523f3e,1,,,,0,3.4000000000,2026-08-05T18:00:00+08:00
2026-08-11,S01,K07,1,0,Z1,0.0000000000,2026-08-01 12:00:00+08:00,9800.0000000000,43781f0fe84292e4ce2dcb349e69a85558b7ad1cc9656821d9ed15326d382bff,1,,,,0,3.4000000000,2026-08-05T18:00:00+08:00
2026-08-11,S01,K08,1,0,Z1,0.0000000000,2026-08-01 12:00:00+08:00,9801.0000000000,c2e2794aa45e8d5e6d1c46dec71b013ce554d14a9c71c8cdb700733828db020e,1,,,,0,3.4000000000,2026-08-05T18:00:00+08:00
2026-08-11,S02,K01,1,0,Z1,0.0000000000,2026-08-01 12:00:00+08:00,9802.0000000000,59d542860515a4576be4338e9fee83bb9ff29ca1d5802aa6ed2b3f9e44e6713b,1,,,,0,3.4000000000,2026-08-05T18:00:00+08:00
2026-08-11,S02,K02,1,0,Z1,0.1200000000,2026-08-01 12:00:00+08:00,9803.0000000000,f616f56c22a008f14d7718aa69fa8b8d4feea219017608c6a541ef3ac98c8fa0,1,,,,0,3.4000000000,2026-08-05T18:00:00+08:00
2026-08-11,S02,K03,1,0,Z1,0.0000000000,2026-08-01 12:00:00+08:00,9804.0000000000,93d357972721913c7d55339d0767e0f598ae55e9c7ba5558dbf7c408c70c4f84,1,,,,0,3.4000000000,2026-08-05T18:00:00+08:00
2026-08-11,S02,K04,1,0,Z1,0.0000000000,2026-08-01 12:00:00+08:00,9805.0000000000,5704805ffbf18503211a8f937e9a3e1f9e6f04de3420d2ae6f0898f4d3e21499,1,,,,0,3.4000000000,2026-08-05T18:00:00+08:00
2026-08-11,S02,K05,1,0,Z1,0.0000000000,2026-08-01 12:00:00+08:00,9806.0000000000,e8b6853265707ea047b210d4ded86936cb02e97cb696ac4c1598a2c5d9ed029b,1,,,,0,3.4000000000,2026-08-05T18:00:00+08:00
2026-08-11,S02,K06,1,0,Z1,0.0000000000,2026-08-01 12:00:00+08:00,9807.0000000000,5066a3b4abc5c89101b9d9c6b6bb53101b7864b7ea6fbd7421b1d03d24262c25,1,,,,0,3.4000000000,2026-08-05T18:00:00+08:00
2026-08-11,S02,K07,1,0,Z1,0.0000000000,2026-08-01 12:00:00+08:00,9808.0000000000,fc2c3bab05ca905af5e1c98cd68717e7a5ac989ca8ca67b295b2b4473c64426e,1,,,,0,3.4000000000,2026-08-05T18:00:00+08:00
2026-08-11,S02,K08,1,0,Z1,0.1200000000,2026-08-01 12:00:00+08:00,9809.0000000000,a3cde59a82eceb838c8a9dff6186ef14d0d825530194c282dd98d9a89b9e1175,1,,,,0,3.4000000000,2026-08-05T18:00:00+08:00
2026-08-11,S03,K01,1,0,Z1,0.0000000000,2026-08-01 12:00:00+08:00,9810.0000000000,a635e160118c7608794d337a8eb773a8804cabead44de2e824643df1e2e6a9d4,1,,,,0,3.4000000000,2026-08-05T18:00:00+08:00
2026-08-11,S03,K02,1,0,Z1,0.1200000000,2026-08-01 12:00:00+08:00,9811.0000000000,72c473da5746d33dda41da79f98ebf9e1d440266e5ec1d8b0fa93a92d4c2a8d7,1,,,,0,3.4000000000,2026-08-05T18:00:00+08:00
2026-08-11,S03,K03,1,0,Z1,0.0000000000,2026-08-01 12:00:00+08:00,9812.0000000000,0ede694b032d6e5eeca1f80afb3c84ef328d2318e8b4a99be9d26602987266c8,1,,,,0,3.4000000000,2026-08-05T18:00:00+08:00
2026-08-11,S03,K04,1,0,Z1,0.0000000000,2026-08-01 12:00:00+08:00,9813.0000000000,bb463c51eab7e4f8456104fbb0ab51854d158aedfdc50c2bd04fbc07d4ac2fcc,1,,,,0,3.4000000000,2026-08-05T18:00:00+08:00
2026-08-11,S03,K05,1,0,Z1,0.0000000000,2026-08-01 12:00:00+08:00,9814.0000000000,3d1d45a670b9c454c74be8e3504e71d243c722eecdbfa4f46348fead912cbe79,1,,,,0,3.4000000000,2026-08-05T18:00:00+08:00
2026-08-11,S03,K06,1,0,Z1,0.0000000000,2026-08-01 12:00:00+08:00,9815.0000000000,1086ddb632e3bba6c5cea7cb501671f426beeefd38d2711540cd59dd0edcb21b,1,,,,0,3.4000000000,2026-08-05T18:00:00+08:00
2026-08-11,S03,K07,1,0,Z1,0.0000000000,2026-08-01 12:00:00+08:00,9816.0000000000,cea3a1c37a048da49a7eb4612394fff527ed1e4dd477b3e1bc64e248a6ff3445,1,,,,0,3.4000000000,2026-08-05T18:00:00+08:00
2026-08-11,S03,K08,1,0,Z1,0.1200000000,2026-08-01 12:00:00+08:00,9817.0000000000,23fa9e7b7c2c29449c0d70fb208bd1a91d014e91a6d8cad5955346e64695cd84,1,,,,0,3.4000000000,2026-08-05T18:00:00+08:00
2026-08-11,S04,K01,1,0,Z1,0.0000000000,2026-08-01 12:00:00+08:00,9818.0000000000,09347ead2a621b28066df106c4f05e40917b6d461bb32d28b972b431adcf133f,1,,,,0,3.4000000000,2026-08-05T18:00:00+08:00
2026-08-11,S04,K02,1,0,Z1,0.1200000000,2026-08-01 12:00:00+08:00,9819.0000000000,f936b1607fb91f8f4cde735ec6a7aeadcb96b8d2da743f08385be31d7d9a6664,1,,,,0,3.4000000000,2026-08-05T18:00:00+08:00
2026-08-11,S04,K03,1,0,Z1,0.0000000000,2026-08-01 12:00:00+08:00,9820.0000000000,533ce9c8bc6b519991ba7e431bf8e6c6bdb776a949bf7be83afc13a177eda937,1,,,,0,3.4000000000,2026-08-05T18:00:00+08:00
2026-08-11,S04,K04,1,0,Z1,0.0000000000,2026-08-01 12:00:00+08:00,9821.0000000000,28b0cfbf7ca02390acdc43605fe5ba5fd29be88458ae5a2236eca5c12587c2ec,1,,,,0,3.4000000000,2026-08-05T18:00:00+08:00
2026-08-11,S04,K05,1,0,Z1,0.0000000000,2026-08-01 12:00:00+08:00,9822.0000000000,55cc1e419c3ef1cc15afcbf49047428b8ac51b64f506b7825b5cb15ca41e1e9a,1,,,,0,3.4000000000,2026-08-05T18:00:00+08:00
2026-08-11,S04,K06,1,0,Z1,0.0000000000,2026-08-01 12:00:00+08:00,9823.0000000000,577468bf793552a96896b29822ce498aa60d0cc5cc1d39651d72411c17be1cb8,1,,,,0,3.4000000000,2026-08-05T18:00:00+08:00
2026-08-11,S04,K07,1,0,Z1,0.1200000000,2026-08-01 12:00:00+08:00,9824.0000000000,3c09c39b8c9880824ce61af933b5922b87f354ce98a32991dd803d03ccda7f8d,1,,,,0,3.4000000000,2026-08-05T18:00:00+08:00
2026-08-11,S04,K08,1,0,Z1,0.0000000000,2026-08-01 12:00:00+08:00,9825.0000000000,c517dea97faa159f2057f94eb8abb6f410a0b14b915889efe472c7eb458da02f,1,,,,0,3.4000000000,2026-08-05T18:00:00+08:00
2026-08-11,S05,K01,1,0,Z2,0.1200000000,2026-08-01 12:00:00+08:00,9826.0000000000,0ec0e22a938a4d2439d62a1b634d25a5c4cce610b3d7412c3fc51d66416d9634,1,,,,0,3.4000000000,2026-08-05T18:00:00+08:00
2026-08-11,S05,K02,1,0,Z2,0.0000000000,2026-08-01 12:00:00+08:00,9827.0000000000,c13f5dcac206e113728e555a854433cc39167c5cabfd2b599c4cdd79cddbc3f9,1,,,,0,3.4000000000,2026-08-05T18:00:00+08:00
2026-08-11,S05,K03,1,0,Z2,0.0000000000,2026-08-01 12:00:00+08:00,9828.0000000000,67e14d6d24fed33e28d2ba1966ed70da11e6e6fa86525e3068df841be4c79914,1,,,,0,3.4000000000,2026-08-05T18:00:00+08:00
2026-08-11,S05,K04,1,0,Z2,0.0000000000,2026-08-01 12:00:00+08:00,9829.0000000000,e1f5380a18d5b977e771b33d867e89e288d16a4edd0cb0ca777203de4ecb3600,1,,,,0,3.4000000000,2026-08-05T18:00:00+08:00
2026-08-11,S05,K05,1,0,Z2,0.0000000000,2026-08-01 12:00:00+08:00,9830.0000000000,151286e30f356f74456dc3ae67e66c835bba3f393406ec190ffd59152dd13493,1,,,,0,3.4000000000,2026-08-05T18:00:00+08:00
2026-08-11,S05,K06,1,0,Z2,0.0000000000,2026-08-01 12:00:00+08:00,9831.0000000000,0c70c89c462c0d94f23342278116272397e14bf4940ed05ee1c295d296f487b9,1,,,,0,3.4000000000,2026-08-05T18:00:00+08:00
2026-08-11,S05,K07,1,0,Z2,0.1200000000,2026-08-01 12:00:00+08:00,9832.0000000000,b70d962814cb5471d040c636a3bb1faf076a6b73284973b747826ec12b293eca,1,,,,0,3.4000000000,2026-08-05T18:00:00+08:00
2026-08-11,S05,K08,1,0,Z2,0.0000000000,2026-08-01 12:00:00+08:00,9833.0000000000,67926cdd512d3c8b87f3b8993db868b6c57cdb795b6ef3f97900d14c403048df,1,,,,0,3.4000000000,2026-08-05T18:00:00+08:00
2026-08-11,S06,K01,1,0,Z2,0.1200000000,2026-08-01 12:00:00+08:00,9834.0000000000,6732f8e8c34f774134a627ae7cddb2f09e069061f2af40a33b15108b162370d0,1,,,,0,3.4000000000,2026-08-05T18:00:00+08:00
2026-08-11,S06,K02,1,0,Z2,0.0000000000,2026-08-01 12:00:00+08:00,9835.0000000000,1b9ecdac6d20cbbcf22c0bbfb4569e0d470bc9fda185b2525ae8e5956e870b2c,1,,,,0,3.4000000000,2026-08-05T18:00:00+08:00
2026-08-11,S06,K03,1,0,Z2,0.0000000000,2026-08-01 12:00:00+08:00,9836.0000000000,71303e55834ed26d49b9dc7980a27f23cf5bc308d9f87b63f7d56ddf33127996,1,,,,0,3.4000000000,2026-08-05T18:00:00+08:00
2026-08-11,S06,K04,1,0,Z2,0.0000000000,2026-08-01 12:00:00+08:00,9837.0000000000,3b884534815d39b08fa87ef533aca38abf1c52b2b2fdea8678b2b51d84cef7e0,1,,,,0,3.4000000000,2026-08-05T18:00:00+08:00
2026-08-11,S06,K05,1,0,Z2,0.0000000000,2026-08-01 12:00:00+08:00,9838.0000000000,936f1061180ec1309d298eab17e53ff40ca6a95ca2acddf759abed913d727320,1,,,,0,3.4000000000,2026-08-05T18:00:00+08:00
2026-08-11,S06,K06,1,0,Z2,0.0000000000,2026-08-01 12:00:00+08:00,9839.0000000000,7ab6e49343eb2afcbf92e27b7611b31d37a7725c0b518cd27b766b8ca2f5d08e,1,,,,0,3.4000000000,2026-08-05T18:00:00+08:00
2026-08-11,S06,K07,1,0,Z2,0.1200000000,2026-08-01 12:00:00+08:00,9840.0000000000,86cb0917cda072e7151a7e94613a16f44fcb8555ad88c5a58f250e425a4cc36c,1,,,,0,3.4000000000,2026-08-05T18:00:00+08:00
2026-08-11,S06,K08,1,0,Z2,0.0000000000,2026-08-01 12:00:00+08:00,9841.0000000000,cd11cd06fd65ed21ee25987919fd217e0218270ac6bcd0a5c342813f491b4aeb,1,,,,0,3.4000000000,2026-08-05T18:00:00+08:00
2026-08-11,S07,K01,1,0,Z2,0.0000000000,2026-08-01 12:00:00+08:00,9842.0000000000,fcbe7b570c00079f0a4bd451b815da3051cb0e67c669f0e3db7480f67b525d20,1,,,,0,3.4000000000,2026-08-05T18:00:00+08:00
2026-08-11,S07,K02,1,0,Z2,0.0000000000,2026-08-01 12:00:00+08:00,9843.0000000000,07b7ceac9136ffd4594b74ddf57d4a58bdc1795e2fb05ece98a97b46bc94a282,1,,,,0,3.4000000000,2026-08-05T18:00:00+08:00
2026-08-11,S07,K03,1,0,Z2,0.0000000000,2026-08-01 12:00:00+08:00,9844.0000000000,e86cfdc272554361c0ebf8605300b95a45fd3a1841af4de60332dfd541bbb5ea,1,,,,0,3.4000000000,2026-08-05T18:00:00+08:00
2026-08-11,S07,K04,1,0,Z2,0.0000000000,2026-08-01 12:00:00+08:00,9845.0000000000,07c2e5f7c62f133274958e6c301d7a706df773ca611f91501d2ab8f65bc2fa40,1,,,,0,3.4000000000,2026-08-05T18:00:00+08:00
2026-08-11,S07,K05,1,0,Z2,0.0000000000,2026-08-01 12:00:00+08:00,9846.0000000000,a31aa34494ed756ebb96476eea2aec31c9498d592f688b5c06ec62190c97b471,1,,,,0,3.4000000000,2026-08-05T18:00:00+08:00
2026-08-11,S07,K06,1,0,Z2,0.1200000000,2026-08-01 12:00:00+08:00,9847.0000000000,b8e7afe4f07841be452e73e6845a2c77f18d7fc9a0dad9ee795decf76a988e39,1,,,,0,3.4000000000,2026-08-05T18:00:00+08:00
2026-08-11,S07,K07,1,0,Z2,0.0000000000,2026-08-01 12:00:00+08:00,9848.0000000000,528ce71079f844f3b5a1ee5a588d42c6df012e88d2e023961c149f46c3a7ba3c,1,,,,0,3.4000000000,2026-08-05T18:00:00+08:00
2026-08-11,S07,K08,1,0,Z2,0.0000000000,2026-08-01 12:00:00+08:00,9849.0000000000,c7e22b7e51226500a76500e7117e0e330a0ab8ab4ce3d9f905d8503f99378866,1,,,,0,3.4000000000,2026-08-05T18:00:00+08:00
2026-08-11,S08,K01,1,0,Z2,0.0000000000,2026-08-01 12:00:00+08:00,9850.0000000000,ab6d62619a449a91d514b588ddf335a0612c7366a5164e4783a812a8b3c23aa6,1,,,,0,3.4000000000,2026-08-05T18:00:00+08:00
2026-08-11,S08,K02,1,0,Z2,0.0000000000,2026-08-01 12:00:00+08:00,9851.0000000000,29de1aa468f1ee63969bd8af17eaf30464e810866b8ca00bc79e4370e9784be0,1,,,,0,3.4000000000,2026-08-05T18:00:00+08:00
2026-08-11,S08,K03,1,0,Z2,0.0000000000,2026-08-01 12:00:00+08:00,9852.0000000000,fe69edb0209d061276c7f07ee1bf0b4f377bd30092e9bbb65285036cc6827135,1,,,,0,3.4000000000,2026-08-05T18:00:00+08:00
2026-08-11,S08,K04,1,0,Z2,0.0000000000,2026-08-01 12:00:00+08:00,9853.0000000000,17d2c6422deee60d16eacc411163a855dabb5b35406d06ba0b0840b6d2deee65,1,,,,0,3.4000000000,2026-08-05T18:00:00+08:00
2026-08-11,S08,K05,1,0,Z2,0.0000000000,2026-08-01 12:00:00+08:00,9854.0000000000,1e64bddfedc237680090f2246512507e359fd28baeb5c8f856c039ccda309968,1,,,,0,3.4000000000,2026-08-05T18:00:00+08:00
2026-08-11,S08,K06,1,0,Z2,0.1200000000,2026-08-01 12:00:00+08:00,9855.0000000000,457f737e699a240fed163bf5fe84e5b95c25a83fee1994d8e1bc577149f40d6c,1,,,,0,3.4000000000,2026-08-05T18:00:00+08:00
2026-08-11,S08,K07,1,0,Z2,0.0000000000,2026-08-01 12:00:00+08:00,9856.0000000000,694066288aba7f176591ea374f007ffae221bb574578493bd6784d674225c687,1,,,,0,3.4000000000,2026-08-05T18:00:00+08:00
2026-08-11,S08,K08,1,0,Z2,0.0000000000,2026-08-01 12:00:00+08:00,9857.0000000000,cb41e93c11964d3b537e9d8c0ed197cf67e210c6cb7b8822adf2a0bd5b71aac6,1,,,,0,3.4000000000,2026-08-05T18:00:00+08:00
2026-08-11,S09,K01,1,0,Z3,0.0000000000,2026-08-01 12:00:00+08:00,9858.0000000000,588890e9a57b7bb7fc407dfacc1b4ee9f01e8dbd1285824a39b751012ab5895a,1,,,,0,3.4000000000,2026-08-05T18:00:00+08:00
2026-08-11,S09,K02,1,0,Z3,0.0000000000,2026-08-01 12:00:00+08:00,9859.0000000000,7cd1ef8fea8fd420d965d319d273c79f540287939840385df5e6dffdc188902f,1,,,,0,3.4000000000,2026-08-05T18:00:00+08:00
2026-08-11,S09,K03,1,0,Z3,0.0000000000,2026-08-01 12:00:00+08:00,9860.0000000000,e42a8f573511d46adae94c4f65ea154309360b694ace41a3fff3a0b64d7b5e9b,1,,,,0,3.4000000000,2026-08-05T18:00:00+08:00
2026-08-11,S09,K04,1,0,Z3,0.0000000000,2026-08-01 12:00:00+08:00,9861.0000000000,3db985bec545e4cfb19b781e86a4c29651fbd13d3e9873dca1bec58297c00feb,1,,,,0,3.4000000000,2026-08-05T18:00:00+08:00
2026-08-11,S09,K05,1,0,Z3,0.1200000000,2026-08-01 12:00:00+08:00,9862.0000000000,4a08c495567db69d7bec207e6c9914c2727cf19b3008edc299027d8c256c0073,1,,,,0,3.4000000000,2026-08-05T18:00:00+08:00
2026-08-11,S09,K06,1,0,Z3,0.0000000000,2026-08-01 12:00:00+08:00,9863.0000000000,42cd5fca8fe22cd89a4a20b7a9e7fac05e28465512e9be67a7b6eddf137ad664,1,,,,0,3.4000000000,2026-08-05T18:00:00+08:00
2026-08-11,S09,K07,1,0,Z3,0.0000000000,2026-08-01 12:00:00+08:00,9864.0000000000,0798fcefe7cff766a6618550740b1ab93e9f763d358c439ba3d4361eedc505cf,1,,,,0,3.4000000000,2026-08-05T18:00:00+08:00
2026-08-11,S09,K08,1,0,Z3,0.0000000000,2026-08-01 12:00:00+08:00,9865.0000000000,9e26f336de530f5f19be19b1b8ba25d6f6a8cbaca819285009638a02ec59ccc9,1,,,,0,3.4000000000,2026-08-05T18:00:00+08:00
2026-08-11,S10,K01,1,0,Z3,0.0000000000,2026-08-01 12:00:00+08:00,9866.0000000000,1c27c1c2ff741b783e38cec3760d9e1fc5742345c716be0d400f2643cfe75716,1,,,,0,3.4000000000,2026-08-05T18:00:00+08:00
2026-08-11,S10,K02,1,0,Z3,0.0000000000,2026-08-01 12:00:00+08:00,9867.0000000000,162c01a32609c8d29dc8c2a5c00b7c93351a709ccf5041a1cbaa11125dfe6335,1,,,,0,3.4000000000,2026-08-05T18:00:00+08:00
2026-08-11,S10,K03,1,0,Z3,0.0000000000,2026-08-01 12:00:00+08:00,9868.0000000000,b68032db05e9f3b7d959a15a3603e937ae76a1229d9f7dac90d3a9d4ef44aeeb,1,,,,0,3.4000000000,2026-08-05T18:00:00+08:00
2026-08-11,S10,K04,1,0,Z3,0.0000000000,2026-08-01 12:00:00+08:00,9869.0000000000,fadd03f0519e62597111d913655bd13c17a00edfbdcd4ce4bda6cfc55f206146,1,,,,0,3.4000000000,2026-08-05T18:00:00+08:00
2026-08-11,S10,K05,1,0,Z3,0.1200000000,2026-08-01 12:00:00+08:00,9870.0000000000,c26171f0ce087a53006b4ea2ff7406649f195ea56ef88cc56910ff027e642d54,1,,,,0,3.4000000000,2026-08-05T18:00:00+08:00
2026-08-11,S10,K06,1,0,Z3,0.0000000000,2026-08-01 12:00:00+08:00,9871.0000000000,004cd45e0105866a036920a12d2ab164eaca8296ba755377b2fae09d23339990,1,,,,0,3.4000000000,2026-08-05T18:00:00+08:00
2026-08-11,S10,K07,1,0,Z3,0.0000000000,2026-08-01 12:00:00+08:00,9872.0000000000,e316677ffcaa556f347ac14c449ae3e474a1e978b5de6bfbe5752f86656dab7d,1,,,,0,3.4000000000,2026-08-05T18:00:00+08:00
2026-08-11,S10,K08,1,0,Z3,0.0000000000,2026-08-01 12:00:00+08:00,9873.0000000000,434978d6a400e986a78eb8240154075dc936019a39178df3a80836f09aa99cba,1,,,,0,3.4000000000,2026-08-05T18:00:00+08:00
2026-08-11,S11,K01,1,0,Z3,0.0000000000,2026-08-01 12:00:00+08:00,9874.0000000000,06f6b0498108054f80c8e7c1cc005698c54aa803bbdd741f06c43d6086fad9e1,1,,,,0,3.4000000000,2026-08-05T18:00:00+08:00
2026-08-11,S11,K02,1,0,Z3,0.0000000000,2026-08-01 12:00:00+08:00,9875.0000000000,391ac854bb7bf9566918332fee9cf903e3155b3f36c2ef5866c0639d5802d056,1,,,,0,3.4000000000,2026-08-05T18:00:00+08:00
2026-08-11,S11,K03,1,0,Z3,0.0000000000,2026-08-01 12:00:00+08:00,9876.0000000000,04e7d3929ffc5c82e8929becd1096b26294556eabfa4ecd7bfd6fb5156a7dbde,1,,,,0,3.4000000000,2026-08-05T18:00:00+08:00
2026-08-11,S11,K04,1,0,Z3,0.0000000000,2026-08-01 12:00:00+08:00,9877.0000000000,d5c52a03b593a025a199204ef03fe3aa35ea867c770ce756a96ef7318b5ba19d,1,,,,0,3.4000000000,2026-08-05T18:00:00+08:00
2026-08-11,S11,K05,1,0,Z3,0.1200000000,2026-08-01 12:00:00+08:00,9878.0000000000,4211d68d6370dd16e53227ff9f918bd240840f2e68a5020fbbc79026f974c532,1,,,,0,3.4000000000,2026-08-05T18:00:00+08:00
2026-08-11,S11,K06,1,0,Z3,0.0000000000,2026-08-01 12:00:00+08:00,9879.0000000000,b099a89f04241d98fac4b71c1bb7a8dfba3e9334c8b6fd68094f1876e780e2d2,1,,,,0,3.4000000000,2026-08-05T18:00:00+08:00
2026-08-11,S11,K07,1,0,Z3,0.0000000000,2026-08-01 12:00:00+08:00,9880.0000000000,db6eacf045be9799fac76d1c5d3c4601b79d5e4ddac11f784960eab560b0b1ff,1,,,,0,3.4000000000,2026-08-05T18:00:00+08:00
2026-08-11,S11,K08,1,0,Z3,0.0000000000,2026-08-01 12:00:00+08:00,9881.0000000000,c588f9a10379ab2f5f31d5d8e407e7f125ea1f97ee5adc4548eee1043d3ecc48,1,,,,0,3.4000000000,2026-08-05T18:00:00+08:00
2026-08-11,S12,K01,1,0,Z3,0.0000000000,2026-08-01 12:00:00+08:00,9882.0000000000,2a981b9a199b4b5e2cfffc518df812ec0e804b50b9f732c14d99e1391d299381,1,,,,0,3.4000000000,2026-08-05T18:00:00+08:00
2026-08-11,S12,K02,1,0,Z3,0.0000000000,2026-08-01 12:00:00+08:00,9883.0000000000,ebcaa7dc2b85bbc6d9091969be4286c0b47c619fac2ac525c54a182a54bf446a,1,,,,0,3.4000000000,2026-08-05T18:00:00+08:00
2026-08-11,S12,K03,1,0,Z3,0.0000000000,2026-08-01 12:00:00+08:00,9884.0000000000,bd52f611b52b736c36ee1b00f1a32b692cc3131419aad356ec7d176f2efbf881,1,,,,0,3.4000000000,2026-08-05T18:00:00+08:00
2026-08-11,S12,K04,1,0,Z3,0.1200000000,2026-08-01 12:00:00+08:00,9885.0000000000,288a62b93e7ea709203361b4c4c365f28bedcef5f3ad723d70de581eeee587f0,1,,,,0,3.4000000000,2026-08-05T18:00:00+08:00
2026-08-11,S12,K05,1,0,Z3,0.0000000000,2026-08-01 12:00:00+08:00,9886.0000000000,7c7731de3c2553bc19afc6be3425fa752bb19274b615464ee3d0b4389b0575b8,1,,,,0,3.4000000000,2026-08-05T18:00:00+08:00
2026-08-11,S12,K06,1,0,Z3,0.0000000000,2026-08-01 12:00:00+08:00,9887.0000000000,15f41735d2fb136900d9a96cae600a1e631a70be0749452de3ff7e15b2bf8100,1,,,,0,3.4000000000,2026-08-05T18:00:00+08:00
2026-08-11,S12,K07,1,0,Z3,0.0000000000,2026-08-01 12:00:00+08:00,9888.0000000000,d4a9442715ce64952f8ba89fe9cbcd6b5ef7566520eb78a634b560405f04530c,1,,,,0,3.4000000000,2026-08-05T18:00:00+08:00
2026-08-11,S12,K08,1,0,Z3,0.0000000000,2026-08-01 12:00:00+08:00,9889.0000000000,00e3c71d260e76025306271c322693b252b4225c072a3ea792512836cc881b2c,1,,,,0,3.4000000000,2026-08-05T18:00:00+08:00
2026-08-12,S01,K01,2,0,Z1,0.0000000000,2026-08-02 12:00:00+08:00,9890.0000000000,5f586849771f8cbea6ff4bfeeffa00b68b7bd428f01d2101ec0be5903f0c6a48,1,,,,0,3.4333333333,2026-08-05T18:00:00+08:00
2026-08-12,S01,K02,2,0,Z1,0.0000000000,2026-08-02 12:00:00+08:00,9891.0000000000,895e42a16b58292fbdfe03dc32a3675eb4cdbe968d57a1f580cf2030351c507c,1,,,,0,3.4333333333,2026-08-05T18:00:00+08:00
2026-08-12,S01,K03,2,0,Z1,0.1200000000,2026-08-02 12:00:00+08:00,9892.0000000000,7b889048c9bcfd534497a0100ad5eb47335db0fdfa0ee69627a90a03f6da38c8,1,,,,0,3.4333333333,2026-08-05T18:00:00+08:00
2026-08-12,S01,K04,2,0,Z1,0.0000000000,2026-08-02 12:00:00+08:00,9893.0000000000,7734bd07e61b6f32e3c6f73d8e4a50c0089173699af66747ea22cad6a93d9506,1,,,,0,3.4333333333,2026-08-05T18:00:00+08:00
2026-08-12,S01,K05,2,0,Z1,0.0000000000,2026-08-02 12:00:00+08:00,9894.0000000000,b40c959bdb8f5c548b8e5d24cbcb435504cc8b85ea3f204bb8da6ed038e5f44d,1,,,,0,3.4333333333,2026-08-05T18:00:00+08:00
2026-08-12,S01,K06,2,0,Z1,0.0000000000,2026-08-02 12:00:00+08:00,9895.0000000000,dccf0b975f260427b1151fcab0401036b9dfc0651964913f5186c0875fceaf33,1,,,,0,3.4333333333,2026-08-05T18:00:00+08:00
2026-08-12,S01,K07,2,0,Z1,0.0000000000,2026-08-02 12:00:00+08:00,9896.0000000000,22ffdd933d291b0152ef258f957423db3f13cd29dd5a67707968c56481dcb324,1,,,,0,3.4333333333,2026-08-05T18:00:00+08:00
2026-08-12,S01,K08,2,0,Z1,0.1200000000,2026-08-02 12:00:00+08:00,9897.0000000000,37daefd10f56d62e940d9bc86d9aa2ad168801a058a1fbc82ffa3f95f152961d,1,,,,0,3.4333333333,2026-08-05T18:00:00+08:00
2026-08-12,S02,K01,2,0,Z1,0.0000000000,2026-08-02 12:00:00+08:00,9898.0000000000,9cbc5569f189beedc91e9913cd6e5ae57ba3b93ea36bb32d8ac5d89eaadfaa65,1,,,,0,3.4333333333,2026-08-05T18:00:00+08:00
2026-08-12,S02,K02,2,0,Z1,0.1200000000,2026-08-02 12:00:00+08:00,9899.0000000000,33267d3dd6881969d8ef58f3b6c0d0a9e485372ef54b0fa61865be3dffd7b849,1,,,,0,3.4333333333,2026-08-05T18:00:00+08:00
2026-08-12,S02,K03,2,0,Z1,0.0000000000,2026-08-02 12:00:00+08:00,9900.0000000000,67a5839146b5176e5ef163017801dcaf1fe74d401b037dba5d9b58e1c168b479,1,,,,0,3.4333333333,2026-08-05T18:00:00+08:00
2026-08-12,S02,K04,2,0,Z1,0.0000000000,2026-08-02 12:00:00+08:00,9901.0000000000,05d0ba564c63094fbf88fba6de7792f5c4ac0f7fc65270c90ea9a937c6983c37,1,,,,0,3.4333333333,2026-08-05T18:00:00+08:00
2026-08-12,S02,K05,2,0,Z1,0.0000000000,2026-08-02 12:00:00+08:00,9902.0000000000,420875853804c2ed521549cda1748b5c89c1779ba0171cc9efd20999f97d24a9,1,,,,0,3.4333333333,2026-08-05T18:00:00+08:00
2026-08-12,S02,K06,2,0,Z1,0.0000000000,2026-08-02 12:00:00+08:00,9903.0000000000,f8a0ca33e3a68948d315a08cb5cc55512d52a2eed3c4bec6021b60a8a7325b8e,1,,,,0,3.4333333333,2026-08-05T18:00:00+08:00
2026-08-12,S02,K07,2,0,Z1,0.0000000000,2026-08-02 12:00:00+08:00,9904.0000000000,08ea6f1ddfe9a17927c3e95201d1a8e0c9939a8b11836ac0edc83ef4e869d3d5,1,,,,0,3.4333333333,2026-08-05T18:00:00+08:00
2026-08-12,S02,K08,2,0,Z1,0.1200000000,2026-08-02 12:00:00+08:00,9905.0000000000,cf7fcc79c2e2e5087c31cf117919154425e99c7753abe93170dd62f756ae72b2,1,,,,0,3.4333333333,2026-08-05T18:00:00+08:00
2026-08-12,S03,K01,2,0,Z1,0.0000000000,2026-08-02 12:00:00+08:00,9906.0000000000,3621fa788f02dc31c15d8c19cce52647983c3259a3be4055f9df36b0b5679620,1,,,,0,3.4333333333,2026-08-05T18:00:00+08:00
2026-08-12,S03,K02,2,0,Z1,0.1200000000,2026-08-02 12:00:00+08:00,9907.0000000000,67fcb617dbffa764c704d8d0af8331d57a5cc25f146766ebc87423db1a4c777e,1,,,,0,3.4333333333,2026-08-05T18:00:00+08:00
2026-08-12,S03,K03,2,0,Z1,0.0000000000,2026-08-02 12:00:00+08:00,9908.0000000000,6ece0aef1d02fe85685fa0d5d2a974347e510c50fa98e382af70149dc2662286,1,,,,0,3.4333333333,2026-08-05T18:00:00+08:00
2026-08-12,S03,K04,2,0,Z1,0.0000000000,2026-08-02 12:00:00+08:00,9909.0000000000,2ea3e745b7fbb0f83a19073802af4adb4d14bf507233f0bb67e4efa4b19c41a6,1,,,,0,3.4333333333,2026-08-05T18:00:00+08:00
2026-08-12,S03,K05,2,0,Z1,0.0000000000,2026-08-02 12:00:00+08:00,9910.0000000000,fb70b0f74df019adcbfccbc2f6c8107dcf9fb7d208a210f7d7334364fe595e9f,1,,,,0,3.4333333333,2026-08-05T18:00:00+08:00
2026-08-12,S03,K06,2,0,Z1,0.0000000000,2026-08-02 12:00:00+08:00,9911.0000000000,ac47c5fc8a2d6b698f13cc33fa301182b6c12fa8746bbb8519c3afafe7bc6c56,1,,,,0,3.4333333333,2026-08-05T18:00:00+08:00
2026-08-12,S03,K07,2,0,Z1,0.0000000000,2026-08-02 12:00:00+08:00,9912.0000000000,de127dd6d51b5b1157a16a9c394d1d5bf4acff92a5e6182c8e419cd88ddc6a30,1,,,,0,3.4333333333,2026-08-05T18:00:00+08:00
2026-08-12,S03,K08,2,0,Z1,0.1200000000,2026-08-02 12:00:00+08:00,9913.0000000000,b048fa5d46015915d4d678bc75abaa7df18d345cfe86512d3623361d7b3f87d5,1,,,,0,3.4333333333,2026-08-05T18:00:00+08:00
2026-08-12,S04,K01,2,0,Z1,0.1200000000,2026-08-02 12:00:00+08:00,9914.0000000000,97ee74925ac871eb865c7aebd86183a778d62f53871b47715fe269ef037eddfe,1,,,,0,3.4333333333,2026-08-05T18:00:00+08:00
2026-08-12,S04,K02,2,0,Z1,0.0000000000,2026-08-02 12:00:00+08:00,9915.0000000000,82b96d77330fa5c5f91a9490d725d788b61311dcfdae82f73b6dbe6a61767203,1,,,,0,3.4333333333,2026-08-05T18:00:00+08:00
2026-08-12,S04,K03,2,0,Z1,0.0000000000,2026-08-02 12:00:00+08:00,9916.0000000000,d944bda2bad5771a130d5cf2cbf81843721043a09bfdfc0b76391b9527a8fd08,1,,,,0,3.4333333333,2026-08-05T18:00:00+08:00
2026-08-12,S04,K04,2,0,Z1,0.0000000000,2026-08-02 12:00:00+08:00,9917.0000000000,b0c69fb82fa3586be14a623d32f6e3bf0bc5cba5bd5abe1e392f3fa660f67d8f,1,,,,0,3.4333333333,2026-08-05T18:00:00+08:00
2026-08-12,S04,K05,2,0,Z1,0.0000000000,2026-08-02 12:00:00+08:00,9918.0000000000,dc5e8b8928b743e98099eb0392f5d4d8b59c346436e732835b5009b611eb7b87,1,,,,0,3.4333333333,2026-08-05T18:00:00+08:00
2026-08-12,S04,K06,2,0,Z1,0.0000000000,2026-08-02 12:00:00+08:00,9919.0000000000,6030618e130c69d5d4e90399c8584961db49eeac16450931b0c26f92fbd20877,1,,,,0,3.4333333333,2026-08-05T18:00:00+08:00
2026-08-12,S04,K07,2,0,Z1,0.1200000000,2026-08-02 12:00:00+08:00,9920.0000000000,853e37698d5556fe23d362f742d8f536455a06d8777026488ffc8c1532f17c10,1,,,,0,3.4333333333,2026-08-05T18:00:00+08:00
2026-08-12,S04,K08,2,0,Z1,0.0000000000,2026-08-02 12:00:00+08:00,9921.0000000000,823b7e9a52f6de413724e4777c683d304810e778ee695c9b2076c65fdf8bef35,1,,,,0,3.4333333333,2026-08-05T18:00:00+08:00
2026-08-12,S05,K01,2,0,Z2,0.1200000000,2026-08-02 12:00:00+08:00,9922.0000000000,66a3f4e0c9b0f4d3857a503dbeb27fee58c4560b6a77ef5507063c9b66eae6c4,1,,,,0,3.4333333333,2026-08-05T18:00:00+08:00
2026-08-12,S05,K02,2,0,Z2,0.0000000000,2026-08-02 12:00:00+08:00,9923.0000000000,b44630cf9a909c84ac10a73105f6fe5c1b1a3fd6e8b1fa71914a8e11361d351e,1,,,,0,3.4333333333,2026-08-05T18:00:00+08:00
2026-08-12,S05,K03,2,0,Z2,0.0000000000,2026-08-02 12:00:00+08:00,9924.0000000000,f07bde57b6a53bb6346892a438d59395484fc81b01552bc38b27be02bb1ab173,1,,,,0,3.4333333333,2026-08-05T18:00:00+08:00
2026-08-12,S05,K04,2,0,Z2,0.0000000000,2026-08-02 12:00:00+08:00,9925.0000000000,348b351e7385c56a32eabf690ef7ba88d024316c4c624114653be452a1595d3b,1,,,,0,3.4333333333,2026-08-05T18:00:00+08:00
2026-08-12,S05,K05,2,0,Z2,0.0000000000,2026-08-02 12:00:00+08:00,9926.0000000000,ac6e707ae6bb6f4469c589567a54b87ff57281de696b3d66a2a8b6192215d601,1,,,,0,3.4333333333,2026-08-05T18:00:00+08:00
2026-08-12,S05,K06,2,0,Z2,0.0000000000,2026-08-02 12:00:00+08:00,9927.0000000000,2c7902192879daa77ab5c6e7a0c90594547060e46ab6b1d9d487a61f0a7c4c91,1,,,,0,3.4333333333,2026-08-05T18:00:00+08:00
2026-08-12,S05,K07,2,0,Z2,0.1200000000,2026-08-02 12:00:00+08:00,9928.0000000000,d601a63baa7c26523fed11852b6ae3b1681203b33bddcb6653d64e485b79635c,1,,,,0,3.4333333333,2026-08-05T18:00:00+08:00
2026-08-12,S05,K08,2,0,Z2,0.0000000000,2026-08-02 12:00:00+08:00,9929.0000000000,865d416abc90d69a58953f6c3166efadf55fcf420362a0917a4b3de652bf4410,1,,,,0,3.4333333333,2026-08-05T18:00:00+08:00
2026-08-12,S06,K01,2,0,Z2,0.1200000000,2026-08-02 12:00:00+08:00,9930.0000000000,76e1cb41d5be78a6736b930ee24e27233bde780117f826e89e135118321c2eee,1,,,,0,3.4333333333,2026-08-05T18:00:00+08:00
2026-08-12,S06,K02,2,0,Z2,0.0000000000,2026-08-02 12:00:00+08:00,9931.0000000000,4ad3ee5ce43742365ef377c14eb05ef204a261966fed532eb9dfacf6f267e5d0,1,,,,0,3.4333333333,2026-08-05T18:00:00+08:00
2026-08-12,S06,K03,2,0,Z2,0.0000000000,2026-08-02 12:00:00+08:00,9932.0000000000,b57bd880cd26cc2e7f13d1f2ea67006c4d8f5de789ca67940b85743249599557,1,,,,0,3.4333333333,2026-08-05T18:00:00+08:00
2026-08-12,S06,K04,2,0,Z2,0.0000000000,2026-08-02 12:00:00+08:00,9933.0000000000,08d1f8e04ac6f206c7bd44a187225dc6501af58ccc86df278f4344f50a0e3bb8,1,,,,0,3.4333333333,2026-08-05T18:00:00+08:00
2026-08-12,S06,K05,2,0,Z2,0.0000000000,2026-08-02 12:00:00+08:00,9934.0000000000,38ea61f632712c8a3c2bc42d83fe9be0042c4966bfc7c38be162ecff701ff9f5,1,,,,0,3.4333333333,2026-08-05T18:00:00+08:00
2026-08-12,S06,K06,2,0,Z2,0.1200000000,2026-08-02 12:00:00+08:00,9935.0000000000,d05c774adb553036855006ec0c6195271e648a15fe0edb65aa4a7f95edf751b3,1,,,,0,3.4333333333,2026-08-05T18:00:00+08:00
2026-08-12,S06,K07,2,0,Z2,0.0000000000,2026-08-02 12:00:00+08:00,9936.0000000000,f6629649e1f64e9d78be8d0440849764c479ad6141ba942c0e63d73e6703e71a,1,,,,0,3.4333333333,2026-08-05T18:00:00+08:00
2026-08-12,S06,K08,2,0,Z2,0.0000000000,2026-08-02 12:00:00+08:00,9937.0000000000,96b06a34ea10bcb733c6d3553c47f8b081ada56a13be884f003beb70b1fd5531,1,,,,0,3.4333333333,2026-08-05T18:00:00+08:00
2026-08-12,S07,K01,2,0,Z2,0.0000000000,2026-08-02 12:00:00+08:00,9938.0000000000,914239431e1ecf9d9c55367b736babf3fe5f94796958fdba0c92280ad14dfbef,1,,,,0,3.4333333333,2026-08-05T18:00:00+08:00
2026-08-12,S07,K02,2,0,Z2,0.0000000000,2026-08-02 12:00:00+08:00,9939.0000000000,46bb6f2c984c5c4a2153c33e9c5b158f9747b1bf61f7c8a858bcec14cd5f8bfd,1,,,,0,3.4333333333,2026-08-05T18:00:00+08:00
2026-08-12,S07,K03,2,0,Z2,0.0000000000,2026-08-02 12:00:00+08:00,9940.0000000000,e0d200932bc3d8a76e905299ee01ad159e82791453761ebd56d00ef1d522c7f5,1,,,,0,3.4333333333,2026-08-05T18:00:00+08:00
2026-08-12,S07,K04,2,0,Z2,0.0000000000,2026-08-02 12:00:00+08:00,9941.0000000000,008f7271c569e9dfdd4ef4e78787d352c688a1b02e2344209c5ac56e72badef5,1,,,,0,3.4333333333,2026-08-05T18:00:00+08:00
2026-08-12,S07,K05,2,0,Z2,0.0000000000,2026-08-02 12:00:00+08:00,9942.0000000000,2fa30a555989f70d719a60fd1ef7a71887bccd18975e5037ef4f489ddefc4d60,1,,,,0,3.4333333333,2026-08-05T18:00:00+08:00
2026-08-12,S07,K06,2,0,Z2,0.1200000000,2026-08-02 12:00:00+08:00,9943.0000000000,4ca1ecc3a457d5b9054658cf22c06dba557e2b8d7b5b9516ec1d4795dbea14e1,1,,,,0,3.4333333333,2026-08-05T18:00:00+08:00
2026-08-12,S07,K07,2,0,Z2,0.0000000000,2026-08-02 12:00:00+08:00,9944.0000000000,5375c02c766876164db88eb1d7cc4ae18d8e5d4a6c21b12936acc0347e9d7fee,1,,,,0,3.4333333333,2026-08-05T18:00:00+08:00
2026-08-12,S07,K08,2,0,Z2,0.0000000000,2026-08-02 12:00:00+08:00,9945.0000000000,7bb702ba72667e93f7589f5435e60dc35633ee86476d5811c6815db2668279a7,1,,,,0,3.4333333333,2026-08-05T18:00:00+08:00
2026-08-12,S08,K01,2,0,Z2,0.0000000000,2026-08-02 12:00:00+08:00,9946.0000000000,cbf269f091fa52ee106622d8ef2f27c713a088ed2fe5c12dc8da699cd96bd40a,1,,,,0,3.4333333333,2026-08-05T18:00:00+08:00
2026-08-12,S08,K02,2,0,Z2,0.0000000000,2026-08-02 12:00:00+08:00,9947.0000000000,1456ced750f5ebea3cd57b2fbeb2adace3c455d3bd32a7d5837ff03a1090e12a,1,,,,0,3.4333333333,2026-08-05T18:00:00+08:00
2026-08-12,S08,K03,2,0,Z2,0.0000000000,2026-08-02 12:00:00+08:00,9948.0000000000,232bc2531cb7241436cb6566873c9907c9603af1e6a4503b93339f60a7aba65c,1,,,,0,3.4333333333,2026-08-05T18:00:00+08:00
2026-08-12,S08,K04,2,0,Z2,0.0000000000,2026-08-02 12:00:00+08:00,9949.0000000000,5f6bbbc2cb589161b0ba1f1c494e3bce88731ed6eeb3ef2ab99e18592e9261b7,1,,,,0,3.4333333333,2026-08-05T18:00:00+08:00
2026-08-12,S08,K05,2,0,Z2,0.0000000000,2026-08-02 12:00:00+08:00,9950.0000000000,875b7389e3a181c9bac5ccad0bac790dbe26901717df1d396d9d269fb265f57e,1,,,,0,3.4333333333,2026-08-05T18:00:00+08:00
2026-08-12,S08,K06,2,0,Z2,0.1200000000,2026-08-02 12:00:00+08:00,9951.0000000000,e98b8ccfba33e0563b99a50a9c2d99487cb3c73d133db074fa0dd4dd6c89660d,1,,,,0,3.4333333333,2026-08-05T18:00:00+08:00
2026-08-12,S08,K07,2,0,Z2,0.0000000000,2026-08-02 12:00:00+08:00,9952.0000000000,e86316a19b479c86c502324e20cc16c4169017910e4401c1a031600db172affb,1,,,,0,3.4333333333,2026-08-05T18:00:00+08:00
2026-08-12,S08,K08,2,0,Z2,0.0000000000,2026-08-02 12:00:00+08:00,9953.0000000000,6446d08fbd6e4ccf3aefe226ef271958f0699326177ec5f596dd07f81e5d8c8b,1,,,,0,3.4333333333,2026-08-05T18:00:00+08:00
2026-08-12,S09,K01,2,0,Z3,0.0000000000,2026-08-02 12:00:00+08:00,9954.0000000000,3c62ac5db97ff7a502b04078c71ded60fbfd133f1fa1b791a45c42e000e483d9,1,,,,0,3.4333333333,2026-08-05T18:00:00+08:00
2026-08-12,S09,K02,2,0,Z3,0.0000000000,2026-08-02 12:00:00+08:00,9955.0000000000,d2881308ad523e3fa90c3e62bc9365c1ac19eb0d83ed970d4b3c23b5e6f5456a,1,,,,0,3.4333333333,2026-08-05T18:00:00+08:00
2026-08-12,S09,K03,2,0,Z3,0.0000000000,2026-08-02 12:00:00+08:00,9956.0000000000,74743e94748a068e0ee14d1fc332e4894f0e19cccf37ddd2994c023a7f6fcf21,1,,,,0,3.4333333333,2026-08-05T18:00:00+08:00
2026-08-12,S09,K04,2,0,Z3,0.0000000000,2026-08-02 12:00:00+08:00,9957.0000000000,b7d025524090a4436eedf9cb54762dc523c43a35b509e9991ac1fcf48f5c8afc,1,,,,0,3.4333333333,2026-08-05T18:00:00+08:00
2026-08-12,S09,K05,2,0,Z3,0.1200000000,2026-08-02 12:00:00+08:00,9958.0000000000,faf61ccf1e433e68246b58c6767839da3dd00cbd94c7786ea755c639423192c5,1,,,,0,3.4333333333,2026-08-05T18:00:00+08:00
2026-08-12,S09,K06,2,0,Z3,0.0000000000,2026-08-02 12:00:00+08:00,9959.0000000000,3b7860768a6d23384570e30742ef52a96c4c060885714f1ab2beb4aa8a353a1c,1,,,,0,3.4333333333,2026-08-05T18:00:00+08:00
2026-08-12,S09,K07,2,0,Z3,0.0000000000,2026-08-02 12:00:00+08:00,9960.0000000000,b2585c4efee9cb5aff15af4478285c1e39cad41b6c48ab3ebb7e4854ecf14aa1,1,,,,0,3.4333333333,2026-08-05T18:00:00+08:00
2026-08-12,S09,K08,2,0,Z3,0.0000000000,2026-08-02 12:00:00+08:00,9961.0000000000,dc94b439bd0b880203ddca92a282755d0480aa98661a03cc16ddf480bf5709f5,1,,,,0,3.4333333333,2026-08-05T18:00:00+08:00
2026-08-12,S10,K01,2,0,Z3,0.0000000000,2026-08-02 12:00:00+08:00,9962.0000000000,b532b4bde6fae1f899a039a6f1b34874418c8a8cb038ef3092ddde1d9150ab06,1,,,,0,3.4333333333,2026-08-05T18:00:00+08:00
2026-08-12,S10,K02,2,0,Z3,0.0000000000,2026-08-02 12:00:00+08:00,9963.0000000000,af9ec4f4487c33f04304c86687b5fcab2b420e01a49be32eab706038e98f1d22,1,,,,0,3.4333333333,2026-08-05T18:00:00+08:00
2026-08-12,S10,K03,2,0,Z3,0.0000000000,2026-08-02 12:00:00+08:00,9964.0000000000,bbf9475cb140a1c4c5301f9202bd46485484cd80febb5a32d6eca0bcb10b7cc3,1,,,,0,3.4333333333,2026-08-05T18:00:00+08:00
2026-08-12,S10,K04,2,0,Z3,0.0000000000,2026-08-02 12:00:00+08:00,9965.0000000000,e0698dccfd8be9088b75c0fd75cd29327670aababa39ec5a7653be403506c24f,1,,,,0,3.4333333333,2026-08-05T18:00:00+08:00
2026-08-12,S10,K05,2,0,Z3,0.1200000000,2026-08-02 12:00:00+08:00,9966.0000000000,fee51b5fd5c02c8c095564df627f6bd7c0832752d7d7ae9af739147dcddab351,1,,,,0,3.4333333333,2026-08-05T18:00:00+08:00
2026-08-12,S10,K06,2,0,Z3,0.0000000000,2026-08-02 12:00:00+08:00,9967.0000000000,d842a7464ba4df016465674e07738555beab739a50abe0a04369cb675ed80026,1,,,,0,3.4333333333,2026-08-05T18:00:00+08:00
2026-08-12,S10,K07,2,0,Z3,0.0000000000,2026-08-02 12:00:00+08:00,9968.0000000000,cf1b2f92cc7260cad888f6fa9c4f95ce483f8e517f7b91d3f4c2742f079e0238,1,,,,0,3.4333333333,2026-08-05T18:00:00+08:00
2026-08-12,S10,K08,2,0,Z3,0.0000000000,2026-08-02 12:00:00+08:00,9969.0000000000,873000e697b53313aeb8831f354941951ab92159abf9cc1510d1847f8da6a51c,1,,,,0,3.4333333333,2026-08-05T18:00:00+08:00
2026-08-12,S11,K01,2,0,Z3,0.0000000000,2026-08-02 12:00:00+08:00,9970.0000000000,db6909348ecaf7dcb1c1abd6622a6af91dbdc9ef3eb9c9d15580bf50bebeebcf,1,,,,0,3.4333333333,2026-08-05T18:00:00+08:00
2026-08-12,S11,K02,2,0,Z3,0.0000000000,2026-08-02 12:00:00+08:00,9971.0000000000,aa6602cd461fc48fa88c1d083c6559f969125535ef7d7711a2b918be277d14be,1,,,,0,3.4333333333,2026-08-05T18:00:00+08:00
2026-08-12,S11,K03,2,0,Z3,0.0000000000,2026-08-02 12:00:00+08:00,9972.0000000000,cc574035d1a8e0d62846bb18cafee16922863d3158e525758fe0861ec8dfbb47,1,,,,0,3.4333333333,2026-08-05T18:00:00+08:00
2026-08-12,S11,K04,2,0,Z3,0.1200000000,2026-08-02 12:00:00+08:00,9973.0000000000,18789693060f552235b75ed50860ba16559f7a49ba64c9199c0019d5e7071edf,1,,,,0,3.4333333333,2026-08-05T18:00:00+08:00
2026-08-12,S11,K05,2,0,Z3,0.0000000000,2026-08-02 12:00:00+08:00,9974.0000000000,facb8a106c15bfd1cbb2b4df80bf6845599ec638e48a627645d0013504e0eb8e,1,,,,0,3.4333333333,2026-08-05T18:00:00+08:00
2026-08-12,S11,K06,2,0,Z3,0.0000000000,2026-08-02 12:00:00+08:00,9975.0000000000,ef5efd35cd2b2211ee1037609f92d3111b15ba7d977ad51d44b1c450ba8ad8ca,1,,,,0,3.4333333333,2026-08-05T18:00:00+08:00
2026-08-12,S11,K07,2,0,Z3,0.0000000000,2026-08-02 12:00:00+08:00,9976.0000000000,0a19709a2494eb02e91c2ab68771dbd3a7a7923bbe447da7832e23a98f0ef72a,1,,,,0,3.4333333333,2026-08-05T18:00:00+08:00
2026-08-12,S11,K08,2,0,Z3,0.0000000000,2026-08-02 12:00:00+08:00,9977.0000000000,10b62a321a8977bea36682553dae5fb467a5f02d40ca0a58031ccd516c34287b,1,,,,0,3.4333333333,2026-08-05T18:00:00+08:00
2026-08-12,S12,K01,2,0,Z3,0.0000000000,2026-08-02 12:00:00+08:00,9978.0000000000,35cec871a8c9021b91d5e958575a9880c8d4c37eb014d6bb28d5b71281068580,1,,,,0,3.4333333333,2026-08-05T18:00:00+08:00
2026-08-12,S12,K02,2,0,Z3,0.0000000000,2026-08-02 12:00:00+08:00,9979.0000000000,e25824c6b5b83005b57ad13d45ce414409f4c2426220bbde8e2ec583e2857b99,1,,,,0,3.4333333333,2026-08-05T18:00:00+08:00
2026-08-12,S12,K03,2,0,Z3,0.0000000000,2026-08-02 12:00:00+08:00,9980.0000000000,8b9f786dc72bdea20b021359697456d4e9c536e32e0855494f56fea827f6cf28,1,,,,0,3.4333333333,2026-08-05T18:00:00+08:00
2026-08-12,S12,K04,2,0,Z3,0.1200000000,2026-08-02 12:00:00+08:00,9981.0000000000,7550c4f87fa8c164aa4d981d272759e2669a73cca2193b30ee5567af50a67b0c,1,,,,0,3.4333333333,2026-08-05T18:00:00+08:00
2026-08-12,S12,K05,2,0,Z3,0.0000000000,2026-08-02 12:00:00+08:00,9982.0000000000,9ed033833fd2eb528cadda2646ac316e597a4689da4fc3dec8ebdf9f3078cd34,1,,,,0,3.4333333333,2026-08-05T18:00:00+08:00
2026-08-12,S12,K06,2,0,Z3,0.0000000000,2026-08-02 12:00:00+08:00,9983.0000000000,9edc7b812dfd154a9a1961f6b87a0375d2d7a39ebe4addc9f6528a1dc873e964,1,,,,0,3.4333333333,2026-08-05T18:00:00+08:00
2026-08-12,S12,K07,2,0,Z3,0.0000000000,2026-08-02 12:00:00+08:00,9984.0000000000,dc56a8aa63009e1dd248cf072a7dba28bfdce3b017447b6644395ee012278b49,1,,,,0,3.4333333333,2026-08-05T18:00:00+08:00
2026-08-12,S12,K08,2,0,Z3,0.0000000000,2026-08-02 12:00:00+08:00,9985.0000000000,ab4fca71b80d564f3c58ca7ea5ab8b5c3f2bf8a837d72ab17af5da150f20b4f9,1,,,,0,3.4333333333,2026-08-05T18:00:00+08:00
2026-08-13,S01,K01,3,0,Z1,0.0000000000,2026-08-03 12:00:00+08:00,9986.0000000000,74689258059ba9abd22ea8a82b71253d9a79e96b960a9cda027b459c7df21824,1,,,,0,3.4666666667,2026-08-05T18:00:00+08:00
2026-08-13,S01,K02,3,0,Z1,0.1200000000,2026-08-03 12:00:00+08:00,9987.0000000000,a4e0e47424795f2dc37b1c24a4f7dbc0e6e22ab6ae525dc10c5aa608aa7a142b,1,,,,0,3.4666666667,2026-08-05T18:00:00+08:00
2026-08-13,S01,K03,3,0,Z1,0.0000000000,2026-08-03 12:00:00+08:00,9988.0000000000,b2bba441f0c56b08b0add3d6e6dbcff153ada3555c9682b03784a6781de45430,1,,,,0,3.4666666667,2026-08-05T18:00:00+08:00
2026-08-13,S01,K04,3,0,Z1,0.0000000000,2026-08-03 12:00:00+08:00,9989.0000000000,2e59f11b9c770a06d5d01026038f79062b02adcb21cc441f50c88ce5fd2bf31a,1,,,,0,3.4666666667,2026-08-05T18:00:00+08:00
2026-08-13,S01,K05,3,0,Z1,0.0000000000,2026-08-03 12:00:00+08:00,9990.0000000000,305879d7ecca8481f709bc101a07874568332e91082e6af713151d2482ad5cad,1,,,,0,3.4666666667,2026-08-05T18:00:00+08:00
2026-08-13,S01,K06,3,0,Z1,0.0000000000,2026-08-03 12:00:00+08:00,9991.0000000000,0420bc2b78508c1b2ade50dfe67c36db6ecc29b4bf33367fcb4ea36c15bd002c,1,,,,0,3.4666666667,2026-08-05T18:00:00+08:00
2026-08-13,S01,K07,3,0,Z1,0.0000000000,2026-08-03 12:00:00+08:00,9992.0000000000,a3bb68f4a9ac3e7ae26290ffa6f52c4bee0fda8cdcf6b83e45ace47b8f7b106c,1,,,,0,3.4666666667,2026-08-05T18:00:00+08:00
2026-08-13,S01,K08,3,0,Z1,0.1200000000,2026-08-03 12:00:00+08:00,9993.0000000000,7640758ba4eef1d385d3055fc0a2b0dbef93c91a2272685065f5be688d1abe0a,1,,,,0,3.4666666667,2026-08-05T18:00:00+08:00
2026-08-13,S02,K01,3,0,Z1,0.0000000000,2026-08-03 12:00:00+08:00,9994.0000000000,2fab3a760d9872be053969262e8533ddf6886e8c7d314b5002c41416efb1c054,1,,,,0,3.4666666667,2026-08-05T18:00:00+08:00
2026-08-13,S02,K02,3,0,Z1,0.1200000000,2026-08-03 12:00:00+08:00,9995.0000000000,618a4551ec24894bc1efc01b60d9b5788ea15eafda82bc2937623c501833ac44,1,,,,0,3.4666666667,2026-08-05T18:00:00+08:00
2026-08-13,S02,K03,3,0,Z1,0.0000000000,2026-08-03 12:00:00+08:00,9996.0000000000,fd0f07b2272f3a93e83a3c9ec71f1505df8f672b26bbf8e4b750e6a2f056d2c8,1,,,,0,3.4666666667,2026-08-05T18:00:00+08:00
2026-08-13,S02,K04,3,0,Z1,0.0000000000,2026-08-03 12:00:00+08:00,9997.0000000000,756617bdd828a06429688089fcef76a8a5e2483f8dea856025ed7707380b6f9b,1,,,,0,3.4666666667,2026-08-05T18:00:00+08:00
2026-08-13,S02,K05,3,0,Z1,0.0000000000,2026-08-03 12:00:00+08:00,9998.0000000000,2162408ccc4309dc10871234f4f75bd2b2c771574ac426b57fcdd57064e80a29,1,,,,0,3.4666666667,2026-08-05T18:00:00+08:00
2026-08-13,S02,K06,3,0,Z1,0.0000000000,2026-08-03 12:00:00+08:00,9999.0000000000,ad56c8926b165306ac98f2b73eff47aa7144f45d7a5cbfcc1af09e0883d9686e,1,,,,0,3.4666666667,2026-08-05T18:00:00+08:00
2026-08-13,S02,K07,3,0,Z1,0.0000000000,2026-08-03 12:00:00+08:00,10000.0000000000,4ff3545677ab0f9c865f3a9eb095640d2170fff80ff4bcdc645e1f0e4f3cf96b,1,,,,0,3.4666666667,2026-08-05T18:00:00+08:00
2026-08-13,S02,K08,3,0,Z1,0.1200000000,2026-08-03 12:00:00+08:00,10001.0000000000,0fef29f3af9aa732b7b7804a6ff873b082f26e9c115567b700814f0abd5b525e,1,,,,0,3.4666666667,2026-08-05T18:00:00+08:00
2026-08-13,S03,K01,3,0,Z1,0.0000000000,2026-08-03 12:00:00+08:00,10002.0000000000,8ace0b00218e302065f9af2108bffecb865f4a348270741af8f34770086f57ef,1,,,,0,3.4666666667,2026-08-05T18:00:00+08:00
2026-08-13,S03,K02,3,0,Z1,0.1200000000,2026-08-03 12:00:00+08:00,10003.0000000000,a603a6a4d79c6a4e9ac8a6b025337c307f4214f828f09b44ab751e3cd5de8b16,1,,,,0,3.4666666667,2026-08-05T18:00:00+08:00
2026-08-13,S03,K03,3,0,Z1,0.0000000000,2026-08-03 12:00:00+08:00,10004.0000000000,0ee3e49a52514a889b8cba0d36dea600615521067c04f43b7789707200d2b908,1,,,,0,3.4666666667,2026-08-05T18:00:00+08:00
2026-08-13,S03,K04,3,0,Z1,0.0000000000,2026-08-03 12:00:00+08:00,10005.0000000000,2e88d12440f87655df0cf78dc8c50eef534cb883e782d5c7b3ad956158262962,1,,,,0,3.4666666667,2026-08-05T18:00:00+08:00
2026-08-13,S03,K05,3,0,Z1,0.0000000000,2026-08-03 12:00:00+08:00,10006.0000000000,1c7ee50eeecf0a179893546ff89e3cd4e8e636fc673ccacfe83e39507c2c6094,1,,,,0,3.4666666667,2026-08-05T18:00:00+08:00
2026-08-13,S03,K06,3,0,Z1,0.0000000000,2026-08-03 12:00:00+08:00,10007.0000000000,bb9c1c4559af3ccf5fb24ec3a5c2eda591387fad3f6aa19395688657e61566ea,1,,,,0,3.4666666667,2026-08-05T18:00:00+08:00
2026-08-13,S03,K07,3,0,Z1,0.1200000000,2026-08-03 12:00:00+08:00,10008.0000000000,99b023f47901ca66d8a015b3585c0f714c491b8f07c6ecebbe80c5099073f66a,1,,,,0,3.4666666667,2026-08-05T18:00:00+08:00
2026-08-13,S03,K08,3,0,Z1,0.0000000000,2026-08-03 12:00:00+08:00,10009.0000000000,3543e281de37c64f958831cea3b949a6f43a1eca31f528c6fcc822bead33d769,1,,,,0,3.4666666667,2026-08-05T18:00:00+08:00
2026-08-13,S04,K01,3,0,Z1,0.1200000000,2026-08-03 12:00:00+08:00,10010.0000000000,aa5ee3c0efc35e5c07f17e7b86d843c4e59f1f8769d172899d1a09f97d0f9006,1,,,,0,3.4666666667,2026-08-05T18:00:00+08:00
2026-08-13,S04,K02,3,0,Z1,0.0000000000,2026-08-03 12:00:00+08:00,10011.0000000000,4a52d348f6753201b0c06f9b3dd1748fe5cf9a818a926e048dde421ca9b446b9,1,,,,0,3.4666666667,2026-08-05T18:00:00+08:00
2026-08-13,S04,K03,3,0,Z1,0.0000000000,2026-08-03 12:00:00+08:00,10012.0000000000,35823a11244da9681e0f56c6728b806d78a01e09a2866bb25392c7ebb5c522fb,1,,,,0,3.4666666667,2026-08-05T18:00:00+08:00
2026-08-13,S04,K04,3,0,Z1,0.0000000000,2026-08-03 12:00:00+08:00,10013.0000000000,47686774db6f2fd87e7b4c575f0da243f5903250b8ec74e81ab01b5410918f95,1,,,,0,3.4666666667,2026-08-05T18:00:00+08:00
2026-08-13,S04,K05,3,0,Z1,0.0000000000,2026-08-03 12:00:00+08:00,10014.0000000000,30475af8494a34b8da67eecac4ded5ae6c4d50b17d779280cab91f323e5aecff,1,,,,0,3.4666666667,2026-08-05T18:00:00+08:00
2026-08-13,S04,K06,3,0,Z1,0.0000000000,2026-08-03 12:00:00+08:00,10015.0000000000,462d6a2bce16cf81cca9669fe2608f795b4b5ac3d8c59689625b2e30a159d203,1,,,,0,3.4666666667,2026-08-05T18:00:00+08:00
2026-08-13,S04,K07,3,0,Z1,0.1200000000,2026-08-03 12:00:00+08:00,10016.0000000000,bc331c29702ff203251a92ad946ebeb5489cf79cd72647b3f046b251d0e958aa,1,,,,0,3.4666666667,2026-08-05T18:00:00+08:00
2026-08-13,S04,K08,3,0,Z1,0.0000000000,2026-08-03 12:00:00+08:00,10017.0000000000,d087206ba207c478788cddb92e0be359a327c81255958bfaa769f31725c1ce40,1,,,,0,3.4666666667,2026-08-05T18:00:00+08:00
2026-08-13,S05,K01,3,0,Z2,0.1200000000,2026-08-03 12:00:00+08:00,10018.0000000000,56b69a9d097ee2a7997c20affaaf747136a32e8225755a19ead719347d7627f4,1,,,,0,3.4666666667,2026-08-05T18:00:00+08:00
2026-08-13,S05,K02,3,0,Z2,0.0000000000,2026-08-03 12:00:00+08:00,10019.0000000000,82be9c7aeb4f4a4dfb353c703ff6796d3eb2f99f7ac2fb5982f5fdae9dce0b9f,1,,,,0,3.4666666667,2026-08-05T18:00:00+08:00
2026-08-13,S05,K03,3,0,Z2,0.0000000000,2026-08-03 12:00:00+08:00,10020.0000000000,5680d98249b0ee62f9e70e6e88f78509f1540373aea6a0acddb1bd44633b2fdd,1,,,,0,3.4666666667,2026-08-05T18:00:00+08:00
2026-08-13,S05,K04,3,0,Z2,0.0000000000,2026-08-03 12:00:00+08:00,10021.0000000000,51c8d8b098db7266fe3b26cc8a46f7f9223d805a7a9417cefb709a953ce592fd,1,,,,0,3.4666666667,2026-08-05T18:00:00+08:00
2026-08-13,S05,K05,3,0,Z2,0.0000000000,2026-08-03 12:00:00+08:00,10022.0000000000,79916e8a3fd9514cdd5377bc849bbbcdd7c95b9ca11ccef422e8ed4e8dcd5f60,1,,,,0,3.4666666667,2026-08-05T18:00:00+08:00
2026-08-13,S05,K06,3,0,Z2,0.0000000000,2026-08-03 12:00:00+08:00,10023.0000000000,62ad6ad4fc76e12c6dca2b8faa5ff85d319074c63a9f0f23f10752be4511f31a,1,,,,0,3.4666666667,2026-08-05T18:00:00+08:00
2026-08-13,S05,K07,3,0,Z2,0.1200000000,2026-08-03 12:00:00+08:00,10024.0000000000,a5106ddab4f94350fec392e65de6911a22b1e8156925e88a83e7ba287646d0fd,1,,,,0,3.4666666667,2026-08-05T18:00:00+08:00
2026-08-13,S05,K08,3,0,Z2,0.0000000000,2026-08-03 12:00:00+08:00,10025.0000000000,134855e476238eacb038825f6d1bb442a60afdc7ac08d6f46cc874a14397ebc9,1,,,,0,3.4666666667,2026-08-05T18:00:00+08:00
2026-08-13,S06,K01,3,0,Z2,0.0000000000,2026-08-03 12:00:00+08:00,10026.0000000000,3ee02ea4d1d69f49c9d4d4d089b1d9e2aabc392ff9d4aaadf7f6d27fd27b560f,1,,,,0,3.4666666667,2026-08-05T18:00:00+08:00
2026-08-13,S06,K02,3,0,Z2,0.0000000000,2026-08-03 12:00:00+08:00,10027.0000000000,0dbe05bbc375bc9c441e09fb971621a2ce09b377215d3d2de11870664491a867,1,,,,0,3.4666666667,2026-08-05T18:00:00+08:00
2026-08-13,S06,K03,3,0,Z2,0.0000000000,2026-08-03 12:00:00+08:00,10028.0000000000,438b5581b11303bebd98f7549bf6d8ca667e25a36bebef01daa82bb64ad306b4,1,,,,0,3.4666666667,2026-08-05T18:00:00+08:00
2026-08-13,S06,K04,3,0,Z2,0.0000000000,2026-08-03 12:00:00+08:00,10029.0000000000,8e8d8818d08b3cb8f3a3deaa77441e6c60714bec1ab4840a83e03287d335ae5e,1,,,,0,3.4666666667,2026-08-05T18:00:00+08:00
2026-08-13,S06,K05,3,0,Z2,0.0000000000,2026-08-03 12:00:00+08:00,10030.0000000000,59de16fe8aa8544c835903b1dc437d3da2ce56608a5ce24f2655f82e40087278,1,,,,0,3.4666666667,2026-08-05T18:00:00+08:00
2026-08-13,S06,K06,3,0,Z2,0.1200000000,2026-08-03 12:00:00+08:00,10031.0000000000,0bf1d6dfa2b36eda2fa3587c7344befee628f59a656574fa85bec9d59c569364,1,,,,0,3.4666666667,2026-08-05T18:00:00+08:00
2026-08-13,S06,K07,3,0,Z2,0.0000000000,2026-08-03 12:00:00+08:00,10032.0000000000,eb8e0915cec2892e29434a0ba04c3a95f441b73cf05feeada94b6c03e31ad37c,1,,,,0,3.4666666667,2026-08-05T18:00:00+08:00
2026-08-13,S06,K08,3,0,Z2,0.0000000000,2026-08-03 12:00:00+08:00,10033.0000000000,594d73abfc2aab267574b58ee53c0628be8e1fcbe719dbdfd0427224960eb1f8,1,,,,0,3.4666666667,2026-08-05T18:00:00+08:00
2026-08-13,S07,K01,3,0,Z2,0.0000000000,2026-08-03 12:00:00+08:00,10034.0000000000,50db9bf98542e4f81c704b201c0cd37cb43bd36ed8d9c700ffacfd58ab033b24,1,,,,0,3.4666666667,2026-08-05T18:00:00+08:00
2026-08-13,S07,K02,3,0,Z2,0.0000000000,2026-08-03 12:00:00+08:00,10035.0000000000,5ede7563f328102fd20bb2359267d03837e67669c37296d667c18df6e6f2fa60,1,,,,0,3.4666666667,2026-08-05T18:00:00+08:00
2026-08-13,S07,K03,3,0,Z2,0.0000000000,2026-08-03 12:00:00+08:00,10036.0000000000,340f69072748a3463e283567a2ed87594914f93d79f73e450785e74f712413e1,1,,,,0,3.4666666667,2026-08-05T18:00:00+08:00
2026-08-13,S07,K04,3,0,Z2,0.0000000000,2026-08-03 12:00:00+08:00,10037.0000000000,20277a3ef9fd45c0c6479169aa90f65f9d48a61043db4943c247ded8878e3c64,1,,,,0,3.4666666667,2026-08-05T18:00:00+08:00
2026-08-13,S07,K05,3,0,Z2,0.0000000000,2026-08-03 12:00:00+08:00,10038.0000000000,0b394ce9c6857794bf44871c045da595f7ecc901fae60047e01430ae0c307890,1,,,,0,3.4666666667,2026-08-05T18:00:00+08:00
2026-08-13,S07,K06,3,0,Z2,0.1200000000,2026-08-03 12:00:00+08:00,10039.0000000000,7854524d1299b644a21f5ce43172de2c8791ea808126fe128f3af81fdf63d319,1,,,,0,3.4666666667,2026-08-05T18:00:00+08:00
2026-08-13,S07,K07,3,0,Z2,0.0000000000,2026-08-03 12:00:00+08:00,10040.0000000000,f152358e9d6bc0cebdb97cad81cf2417d6711b9eec15f68c37e691a2b0060e34,1,,,,0,3.4666666667,2026-08-05T18:00:00+08:00
2026-08-13,S07,K08,3,0,Z2,0.0000000000,2026-08-03 12:00:00+08:00,10041.0000000000,b4e98fc19b5d558c37bc853361a8f66fa39cfac700caf62d055ed27609b8addc,1,,,,0,3.4666666667,2026-08-05T18:00:00+08:00
2026-08-13,S08,K01,3,0,Z2,0.0000000000,2026-08-03 12:00:00+08:00,10042.0000000000,0c37ada520326510442589fcc8849d99aaa472f67c0d6939ed052d97245b5da7,1,,,,0,3.4666666667,2026-08-05T18:00:00+08:00
2026-08-13,S08,K02,3,0,Z2,0.0000000000,2026-08-03 12:00:00+08:00,10043.0000000000,fdc0783a9be4454fc77b479eaa6c2a69089c796984141c5dc459a35a6e433579,1,,,,0,3.4666666667,2026-08-05T18:00:00+08:00
2026-08-13,S08,K03,3,0,Z2,0.0000000000,2026-08-03 12:00:00+08:00,10044.0000000000,2e2662e90ecee6e44e29b322caf29e21715e8368a84b32e3abe79daa20b144fe,1,,,,0,3.4666666667,2026-08-05T18:00:00+08:00
2026-08-13,S08,K04,3,0,Z2,0.0000000000,2026-08-03 12:00:00+08:00,10045.0000000000,a25a99961f94411effe5eae75a46a89edab3163bd4bfbb95062bce6cf332743a,1,,,,0,3.4666666667,2026-08-05T18:00:00+08:00
2026-08-13,S08,K05,3,0,Z2,0.1200000000,2026-08-03 12:00:00+08:00,10046.0000000000,fffb0231f913320dacd5d5b2907611f03d8d95e9b54b2ab4c7cafa22d448211c,1,,,,0,3.4666666667,2026-08-05T18:00:00+08:00
2026-08-13,S08,K06,3,0,Z2,0.0000000000,2026-08-03 12:00:00+08:00,10047.0000000000,96e1bafebdf7f1e3d36a7fa9c2582587a10a08dd46eec563777c92c7a8b17884,1,,,,0,3.4666666667,2026-08-05T18:00:00+08:00
2026-08-13,S08,K07,3,0,Z2,0.0000000000,2026-08-03 12:00:00+08:00,10048.0000000000,31de3f69eb3177bc12e19b1fe131bae4e28f23309796257c37620e98d3d884b8,1,,,,0,3.4666666667,2026-08-05T18:00:00+08:00
2026-08-13,S08,K08,3,0,Z2,0.0000000000,2026-08-03 12:00:00+08:00,10049.0000000000,62fa7cfea551c32ac439ea56d4a6a44978d2289c8cfddfa61eac83b4934d67b3,1,,,,0,3.4666666667,2026-08-05T18:00:00+08:00
2026-08-13,S09,K01,3,0,Z3,0.0000000000,2026-08-03 12:00:00+08:00,10050.0000000000,eb1671dd5754376f0f3ccfee775cf16942b9375f5ded17afe7dff3f6416fc249,1,,,,0,3.4666666667,2026-08-05T18:00:00+08:00
2026-08-13,S09,K02,3,0,Z3,0.0000000000,2026-08-03 12:00:00+08:00,10051.0000000000,903abd20b94bd54d5c32e67649b514987f5821a6069190390937e54bfdc69df3,1,,,,0,3.4666666667,2026-08-05T18:00:00+08:00
2026-08-13,S09,K03,3,0,Z3,0.0000000000,2026-08-03 12:00:00+08:00,10052.0000000000,2cb0306e4c2a86366f08ce0de260db76e9ba1490bb5689e36647de8d09252903,1,,,,0,3.4666666667,2026-08-05T18:00:00+08:00
2026-08-13,S09,K04,3,0,Z3,0.0000000000,2026-08-03 12:00:00+08:00,10053.0000000000,a3a0b195fac39cad3ba1717fa083e86f634e6514dc11f1aed7165e986e3b5b34,1,,,,0,3.4666666667,2026-08-05T18:00:00+08:00
2026-08-13,S09,K05,3,0,Z3,0.1200000000,2026-08-03 12:00:00+08:00,10054.0000000000,c25f914bd7c10b3154a0eaddf17b9317c5ec383e9bc1635f4e13412e4a30be91,1,,,,0,3.4666666667,2026-08-05T18:00:00+08:00
2026-08-13,S09,K06,3,0,Z3,0.0000000000,2026-08-03 12:00:00+08:00,10055.0000000000,bc007a67d95e437e89d5f4a2583025a90d910f8ddd5499ec2315c68d98ca9930,1,,,,0,3.4666666667,2026-08-05T18:00:00+08:00
2026-08-13,S09,K07,3,0,Z3,0.0000000000,2026-08-03 12:00:00+08:00,10056.0000000000,a8186517ea890dc2d55e45c2074b6cfb9d2ecd0b06b7d465cd4cd456defdc34f,1,,,,0,3.4666666667,2026-08-05T18:00:00+08:00
2026-08-13,S09,K08,3,0,Z3,0.0000000000,2026-08-03 12:00:00+08:00,10057.0000000000,775a4da2ba508e4b52c68a5e4413456c7e9012d7662d77e25f0ef0a557191c10,1,,,,0,3.4666666667,2026-08-05T18:00:00+08:00
2026-08-13,S10,K01,3,0,Z3,0.0000000000,2026-08-03 12:00:00+08:00,10058.0000000000,fdf02e3b1d16c960e333a33a496b610e65eae7cdd998f48d6a145771e3cfca4c,1,,,,0,3.4666666667,2026-08-05T18:00:00+08:00
2026-08-13,S10,K02,3,0,Z3,0.0000000000,2026-08-03 12:00:00+08:00,10059.0000000000,ddc6b35c85119b6341169f53b64d88bd6c08447ff82e6c2b68ec5c83426db7a7,1,,,,0,3.4666666667,2026-08-05T18:00:00+08:00
2026-08-13,S10,K03,3,0,Z3,0.0000000000,2026-08-03 12:00:00+08:00,10060.0000000000,b1841c77deae405b1d3619cc01599a962fc5b823b08a1be7bda1a9e6fb08d8ee,1,,,,0,3.4666666667,2026-08-05T18:00:00+08:00
2026-08-13,S10,K04,3,0,Z3,0.0000000000,2026-08-03 12:00:00+08:00,10061.0000000000,52e478c3bd89e3617441b2e6dc8bfbb5b091312194879c82d7c73dfe2d2b1c64,1,,,,0,3.4666666667,2026-08-05T18:00:00+08:00
2026-08-13,S10,K05,3,0,Z3,0.1200000000,2026-08-03 12:00:00+08:00,10062.0000000000,e69686b96ef7781788077bc14d189a06fe5fa9a8718eb102aba1374605c9ef04,1,,,,0,3.4666666667,2026-08-05T18:00:00+08:00
2026-08-13,S10,K06,3,0,Z3,0.0000000000,2026-08-03 12:00:00+08:00,10063.0000000000,4c4efec27419e344c57f74c2bd27d0fa76ced6c4d122cbe24d630e2ca9fef9e3,1,,,,0,3.4666666667,2026-08-05T18:00:00+08:00
2026-08-13,S10,K07,3,0,Z3,0.0000000000,2026-08-03 12:00:00+08:00,10064.0000000000,f0c60d21547c88a846899e03e1e52743d13c604385d7d9df0d83e4c2c82b277f,1,,,,0,3.4666666667,2026-08-05T18:00:00+08:00
2026-08-13,S10,K08,3,0,Z3,0.0000000000,2026-08-03 12:00:00+08:00,10065.0000000000,881c67e409dcc1b6bbdaa9e39204e73e4e3d989db05a3f8577f80f1b61acfec3,1,,,,0,3.4666666667,2026-08-05T18:00:00+08:00
2026-08-13,S11,K01,3,0,Z3,0.0000000000,2026-08-03 12:00:00+08:00,10066.0000000000,9e254ce8a6bf6538608d8a728ef7c76c3fce9d203173cb68c95fd79773cd4fa8,1,,,,0,3.4666666667,2026-08-05T18:00:00+08:00
2026-08-13,S11,K02,3,0,Z3,0.0000000000,2026-08-03 12:00:00+08:00,10067.0000000000,45cc4cac36187c80d7af71d725ef97b3719829dcfe163108616a040fbd2922ed,1,,,,0,3.4666666667,2026-08-05T18:00:00+08:00
2026-08-13,S11,K03,3,0,Z3,0.0000000000,2026-08-03 12:00:00+08:00,10068.0000000000,b03a79b3c31f63340e6a44e233b90fd2861b6d5866eb532b293d0c2350b5bb72,1,,,,0,3.4666666667,2026-08-05T18:00:00+08:00
2026-08-13,S11,K04,3,0,Z3,0.1200000000,2026-08-03 12:00:00+08:00,10069.0000000000,29956dec8d5c8d602c3c54ab63a1534d060a37727dd896428184bf66bc97b45d,1,,,,0,3.4666666667,2026-08-05T18:00:00+08:00
2026-08-13,S11,K05,3,0,Z3,0.0000000000,2026-08-03 12:00:00+08:00,10070.0000000000,51233107547c08a3b552c70645338831da109b8ffd956dd7c314bf8bbbc9c9c4,1,,,,0,3.4666666667,2026-08-05T18:00:00+08:00
2026-08-13,S11,K06,3,0,Z3,0.0000000000,2026-08-03 12:00:00+08:00,10071.0000000000,fddb2022282fb92ba789501887342b9a8d64dd3a7e7b90d47b609416bbb8885f,1,,,,0,3.4666666667,2026-08-05T18:00:00+08:00
2026-08-13,S11,K07,3,0,Z3,0.0000000000,2026-08-03 12:00:00+08:00,10072.0000000000,21e5fa97fcfcc6c534c3eb0a0ada58c36ae786aa51496a9bc49a6b71621f6e8e,1,,,,0,3.4666666667,2026-08-05T18:00:00+08:00
2026-08-13,S11,K08,3,0,Z3,0.0000000000,2026-08-03 12:00:00+08:00,10073.0000000000,780ccb26bf525439888797578abbff96a799aeb1046d21d029bc8ff782a1c758,1,,,,0,3.4666666667,2026-08-05T18:00:00+08:00
2026-08-13,S12,K01,3,0,Z3,0.0000000000,2026-08-03 12:00:00+08:00,10074.0000000000,0b75c78cc2f5ed07f44f7bba1116d01b67f2d73902c81b6b853b884bd89d5a7c,1,,,,0,3.4666666667,2026-08-05T18:00:00+08:00
2026-08-13,S12,K02,3,0,Z3,0.0000000000,2026-08-03 12:00:00+08:00,10075.0000000000,0f0ebbe3dda3765b0a338a844d3b60b56a132eb5df4ea197ccbd6dbc5091bfec,1,,,,0,3.4666666667,2026-08-05T18:00:00+08:00
2026-08-13,S12,K03,3,0,Z3,0.0000000000,2026-08-03 12:00:00+08:00,10076.0000000000,4fe6dd09e99ffb1aab7a432741b0ec5dc1f8ddcc6d59e1b6aeb1facc3f882ce4,1,,,,0,3.4666666667,2026-08-05T18:00:00+08:00
2026-08-13,S12,K04,3,0,Z3,0.1200000000,2026-08-03 12:00:00+08:00,10077.0000000000,571cdac76c98cbad8ec9be8003c8edc21b5f6ee526952d8ac9b7ed7eb42089b5,1,,,,0,3.4666666667,2026-08-05T18:00:00+08:00
2026-08-13,S12,K05,3,0,Z3,0.0000000000,2026-08-03 12:00:00+08:00,10078.0000000000,293cc85582c01e56e9e6a50202329e5ebb524bb49e45ee0484fee6362ae1d762,1,,,,0,3.4666666667,2026-08-05T18:00:00+08:00
2026-08-13,S12,K06,3,0,Z3,0.0000000000,2026-08-03 12:00:00+08:00,10079.0000000000,4bd43df1cd464d855118beaddb4b83050d9e3cd5b317737dc975d9b848447e36,1,,,,0,3.4666666667,2026-08-05T18:00:00+08:00
2026-08-13,S12,K07,3,0,Z3,0.0000000000,2026-08-03 12:00:00+08:00,10080.0000000000,a9598ad86b56f734b8cea97595ca7046798ca0fb8815f756625f5d5055cedcff,1,,,,0,3.4666666667,2026-08-05T18:00:00+08:00
2026-08-13,S12,K08,3,0,Z3,0.0000000000,2026-08-03 12:00:00+08:00,10081.0000000000,c436e0aced8c15fb6836a5db7e60063857b5c4eb818a230352d11ab2bb4706d6,1,,,,0,3.4666666667,2026-08-05T18:00:00+08:00
2026-08-14,S01,K01,4,0,Z1,0.0000000000,2026-08-04 12:00:00+08:00,10082.0000000000,a28bdc4e2b1ad219bf03856120fac62b4a8e59947cbf57dbfd3e7fcfcc6818cf,1,,,,0,3.5000000000,2026-08-05T18:00:00+08:00
2026-08-14,S01,K02,4,0,Z1,0.1200000000,2026-08-04 12:00:00+08:00,10083.0000000000,523fe93bd67b5b303f724ff73c55eb323339c50002d815dc2e7309a803c582ca,1,,,,0,3.5000000000,2026-08-05T18:00:00+08:00
2026-08-14,S01,K03,4,0,Z1,0.0000000000,2026-08-04 12:00:00+08:00,10084.0000000000,5359b4d7fcbc047effe27bdfb70ace3caa50ba9b89f8ccd607e21f3c920479ad,1,,,,0,3.5000000000,2026-08-05T18:00:00+08:00
2026-08-14,S01,K04,4,0,Z1,0.0000000000,2026-08-04 12:00:00+08:00,10085.0000000000,a9f9e7812be5969d470c7902403d290e9f6c32ffb14f49765d78ada10ce0228c,1,,,,0,3.5000000000,2026-08-05T18:00:00+08:00
2026-08-14,S01,K05,4,0,Z1,0.0000000000,2026-08-04 12:00:00+08:00,10086.0000000000,2feec2af076aaffe02a0cf7fd546fea6e509b322b4b8df87636cfe9b639c8eee,1,,,,0,3.5000000000,2026-08-05T18:00:00+08:00
2026-08-14,S01,K06,4,0,Z1,0.0000000000,2026-08-04 12:00:00+08:00,10087.0000000000,50929d8fd6bed96629d4a7597321d16db288b53fcd952c8c11c4c04d75f0e84e,1,,,,0,3.5000000000,2026-08-05T18:00:00+08:00
2026-08-14,S01,K07,4,0,Z1,0.0000000000,2026-08-04 12:00:00+08:00,10088.0000000000,a29167f24a7b82fa2edd436e0f3806d3eef5a893acc655b56cf152ba55901d25,1,,,,0,3.5000000000,2026-08-05T18:00:00+08:00
2026-08-14,S01,K08,4,0,Z1,0.1200000000,2026-08-04 12:00:00+08:00,10089.0000000000,42d5d0655f941a6f9c2d83d733a7b9b58c4c33ec3cc80655773d424a76b39384,1,,,,0,3.5000000000,2026-08-05T18:00:00+08:00
2026-08-14,S02,K01,4,0,Z1,0.0000000000,2026-08-04 12:00:00+08:00,10090.0000000000,d0bb3817ba8e062801894f2543d3eae623ea5933f190cb88d35a0314e1cace1a,1,,,,0,3.5000000000,2026-08-05T18:00:00+08:00
2026-08-14,S02,K02,4,0,Z1,0.1200000000,2026-08-04 12:00:00+08:00,10091.0000000000,3211d86306c20a0818573df389abb3a8ef5e1ddfd4a69c1c5c6ac2508bc8fa1e,1,,,,0,3.5000000000,2026-08-05T18:00:00+08:00
2026-08-14,S02,K03,4,0,Z1,0.0000000000,2026-08-04 12:00:00+08:00,10092.0000000000,9024e22f36de35efd01d8e71a1825fc4b28811083a796c480776427e9991bcea,1,,,,0,3.5000000000,2026-08-05T18:00:00+08:00
2026-08-14,S02,K04,4,0,Z1,0.0000000000,2026-08-04 12:00:00+08:00,10093.0000000000,f2932abd42f744798c1f69d4c492a00cc9a8cdd4fa44cc4ed3c07306fdec6291,1,,,,0,3.5000000000,2026-08-05T18:00:00+08:00
2026-08-14,S02,K05,4,0,Z1,0.0000000000,2026-08-04 12:00:00+08:00,10094.0000000000,d11b381d16b4dc5a2ffcb8eaa58f2b4a8f0611f4137749b94597585a96e5f5d3,1,,,,0,3.5000000000,2026-08-05T18:00:00+08:00
2026-08-14,S02,K06,4,0,Z1,0.0000000000,2026-08-04 12:00:00+08:00,10095.0000000000,1e54016f8e0d373dac620e7eea695bbb3282bd7620e4b6cd658534de14962dfc,1,,,,0,3.5000000000,2026-08-05T18:00:00+08:00
2026-08-14,S02,K07,4,0,Z1,0.0000000000,2026-08-04 12:00:00+08:00,10096.0000000000,76d21ceff1f21675489c9334054aa0be32feab415d62e3d230d7470f425c4544,1,,,,0,3.5000000000,2026-08-05T18:00:00+08:00
2026-08-14,S02,K08,4,0,Z1,0.1200000000,2026-08-04 12:00:00+08:00,10097.0000000000,ea9bfe0ffc764b02e3ca69142447d08c40725d64c49e0b738883eb27a1b4bf46,1,,,,0,3.5000000000,2026-08-05T18:00:00+08:00
2026-08-14,S03,K01,4,0,Z1,0.1200000000,2026-08-04 12:00:00+08:00,10098.0000000000,74e2a45892ef44708614896614a647a45fdbefe8ba244b9b91061aca324b5cbe,1,,,,0,3.5000000000,2026-08-05T18:00:00+08:00
2026-08-14,S03,K02,4,0,Z1,0.0000000000,2026-08-04 12:00:00+08:00,10099.0000000000,4f6e76d63f1caf988768ededc846dd6970535c723be346289e5c4878d7444875,1,,,,0,3.5000000000,2026-08-05T18:00:00+08:00
2026-08-14,S03,K03,4,0,Z1,0.0000000000,2026-08-04 12:00:00+08:00,10100.0000000000,00e7d905b3110157b72010e56b0edecb0d616be200740b3b41d32f7c5650f116,1,,,,0,3.5000000000,2026-08-05T18:00:00+08:00
2026-08-14,S03,K04,4,0,Z1,0.0000000000,2026-08-04 12:00:00+08:00,10101.0000000000,762c160b4deae1a37c255665478dbde27afd305f92c2ef41f4d821ea714b99b5,1,,,,0,3.5000000000,2026-08-05T18:00:00+08:00
2026-08-14,S03,K05,4,0,Z1,0.0000000000,2026-08-04 12:00:00+08:00,10102.0000000000,d59cf3886b67aa7c208e38b4330003e625dac32aa8ce4c0349da73c9f6696941,1,,,,0,3.5000000000,2026-08-05T18:00:00+08:00
2026-08-14,S03,K06,4,0,Z1,0.0000000000,2026-08-04 12:00:00+08:00,10103.0000000000,2f883a6f7695b17a5c2e2dd0b31830dbec00389ef437d6ae97fca6fa2534cec9,1,,,,0,3.5000000000,2026-08-05T18:00:00+08:00
2026-08-14,S03,K07,4,0,Z1,0.1200000000,2026-08-04 12:00:00+08:00,10104.0000000000,3383dc2efe287bd6be72e55788a7d492e4a7cae1a91a0a599e5d39082b39fcf1,1,,,,0,3.5000000000,2026-08-05T18:00:00+08:00
2026-08-14,S03,K08,4,0,Z1,0.0000000000,2026-08-04 12:00:00+08:00,10105.0000000000,c8ba9a7d7fdf7193175746f88f8a38572d0d23ac57b00eab724fcdebbc90eb32,1,,,,0,3.5000000000,2026-08-05T18:00:00+08:00
2026-08-14,S04,K01,4,0,Z1,0.1200000000,2026-08-04 12:00:00+08:00,10106.0000000000,7ae51517690a3bc039d04c0d3ae004b6bf3626196f7457f3f9d1557cda5fa419,1,,,,0,3.5000000000,2026-08-05T18:00:00+08:00
2026-08-14,S04,K02,4,0,Z1,0.0000000000,2026-08-04 12:00:00+08:00,10107.0000000000,dd445add89841f9ef38bb4b17614fc63acc0f55cf432ff0cc1a810dad15bb4a4,1,,,,0,3.5000000000,2026-08-05T18:00:00+08:00
2026-08-14,S04,K03,4,0,Z1,0.0000000000,2026-08-04 12:00:00+08:00,10108.0000000000,8f88941159fa52c15d1a0e83090b9e4ffe1fab62d2b953a3d0c8496cc519f721,1,,,,0,3.5000000000,2026-08-05T18:00:00+08:00
2026-08-14,S04,K04,4,0,Z1,0.0000000000,2026-08-04 12:00:00+08:00,10109.0000000000,aa1fa0af2f62516c7e2b9da7dcd477b8217afe162f47b495eb2057b94f7531ce,1,,,,0,3.5000000000,2026-08-05T18:00:00+08:00
2026-08-14,S04,K05,4,0,Z1,0.0000000000,2026-08-04 12:00:00+08:00,10110.0000000000,dca998c3a93ffd58bde57dcf8b78dafbb293dbe0e7bd1d3d4ab91c93d1a2fc32,1,,,,0,3.5000000000,2026-08-05T18:00:00+08:00
2026-08-14,S04,K06,4,0,Z1,0.0000000000,2026-08-04 12:00:00+08:00,10111.0000000000,69e9450b9ac81292fc291661ca24b97b442c9805f32642749b3754ba67045c80,1,,,,0,3.5000000000,2026-08-05T18:00:00+08:00
2026-08-14,S04,K07,4,0,Z1,0.1200000000,2026-08-04 12:00:00+08:00,10112.0000000000,357135b7c7306a671fa4b5a7ffc6c66dc0aa996190be5233e26da5843004b636,1,,,,0,3.5000000000,2026-08-05T18:00:00+08:00
2026-08-14,S04,K08,4,0,Z1,0.0000000000,2026-08-04 12:00:00+08:00,10113.0000000000,5a19cb526d97d27eca8edd9d180c6a893504f361d0f4f08651819ff1add7bef5,1,,,,0,3.5000000000,2026-08-05T18:00:00+08:00
2026-08-14,S05,K01,4,0,Z2,0.1200000000,2026-08-04 12:00:00+08:00,10114.0000000000,409cba10bd0d751703726974e9c5f4a6e833b90b24f96383e6b301cf46a8f9e2,1,,,,0,3.5000000000,2026-08-05T18:00:00+08:00
2026-08-14,S05,K02,4,0,Z2,0.0000000000,2026-08-04 12:00:00+08:00,10115.0000000000,c14d81a8f38797712af5aceed7a8c18473cae0149bf571877322dddc26488754,1,,,,0,3.5000000000,2026-08-05T18:00:00+08:00
2026-08-14,S05,K03,4,0,Z2,0.0000000000,2026-08-04 12:00:00+08:00,10116.0000000000,b09ebbbbb1d28cb307f2fb19a6961c13701945d6b22652f588573aa476c8877d,1,,,,0,3.5000000000,2026-08-05T18:00:00+08:00
2026-08-14,S05,K04,4,0,Z2,0.0000000000,2026-08-04 12:00:00+08:00,10117.0000000000,ff7724794a9f350186bf3d8df88dfdf3d4cfec152454ea3008a5f17cd572fc50,1,,,,0,3.5000000000,2026-08-05T18:00:00+08:00
2026-08-14,S05,K05,4,0,Z2,0.0000000000,2026-08-04 12:00:00+08:00,10118.0000000000,b2d4dfed56b14f3fbc8d1c8ef2104d9ac307ac31b14d7f95920fae730c0b1d8e,1,,,,0,3.5000000000,2026-08-05T18:00:00+08:00
2026-08-14,S05,K06,4,0,Z2,0.1200000000,2026-08-04 12:00:00+08:00,10119.0000000000,cd75d39a46f23a273cadc723a4bcdcda1527abe8178879dbe30cd93174c1b62a,1,,,,0,3.5000000000,2026-08-05T18:00:00+08:00
2026-08-14,S05,K07,4,0,Z2,0.0000000000,2026-08-04 12:00:00+08:00,10120.0000000000,88b0e1ba83e8a9690f5b0d8440694961c08c9dc1aae00eaa6ee8b2aaf172302c,1,,,,0,3.5000000000,2026-08-05T18:00:00+08:00
2026-08-14,S05,K08,4,0,Z2,0.0000000000,2026-08-04 12:00:00+08:00,10121.0000000000,017ca18791e144b2541bde88bc0ad66e757a70dd80b2821c7695f507f6dfccb1,1,,,,0,3.5000000000,2026-08-05T18:00:00+08:00
2026-08-14,S06,K01,4,0,Z2,0.0000000000,2026-08-04 12:00:00+08:00,10122.0000000000,2f4e8ae8894ce56ede034504ef4b34a8625bfabeef94f679edb951b249d41579,1,,,,0,3.5000000000,2026-08-05T18:00:00+08:00
2026-08-14,S06,K02,4,0,Z2,0.0000000000,2026-08-04 12:00:00+08:00,10123.0000000000,13f691a378df98fbcaab44c0e6d1ccbadfb1f170886b2c9ee1b0ba4efb198737,1,,,,0,3.5000000000,2026-08-05T18:00:00+08:00
2026-08-14,S06,K03,4,0,Z2,0.0000000000,2026-08-04 12:00:00+08:00,10124.0000000000,0b2f9daccf83c38c2b3bd15cdb41afd9c95e1477dbc9a3d520d9b64c361c66f1,1,,,,0,3.5000000000,2026-08-05T18:00:00+08:00
2026-08-14,S06,K04,4,0,Z2,0.0000000000,2026-08-04 12:00:00+08:00,10125.0000000000,2ddfc74d94c9d8ce5f8ce8f75455756d4815a5008ae39b60ceecc9b1d1fe4d25,1,,,,0,3.5000000000,2026-08-05T18:00:00+08:00
2026-08-14,S06,K05,4,0,Z2,0.0000000000,2026-08-04 12:00:00+08:00,10126.0000000000,392285030d91d679775023f49d8ec4e8e2a74f48c5d57f8b65c2f31625f49c09,1,,,,0,3.5000000000,2026-08-05T18:00:00+08:00
2026-08-14,S06,K06,4,0,Z2,0.1200000000,2026-08-04 12:00:00+08:00,10127.0000000000,913bd9bb3e13b255fae1f4fe4ebcb836575e01d7758c37118a615e2f61b3237f,1,,,,0,3.5000000000,2026-08-05T18:00:00+08:00
2026-08-14,S06,K07,4,0,Z2,0.0000000000,2026-08-04 12:00:00+08:00,10128.0000000000,897bf105786eb57948b1b1012cf831786992af3101b44bce2eab4ce9114624d9,1,,,,0,3.5000000000,2026-08-05T18:00:00+08:00
2026-08-14,S06,K08,4,0,Z2,0.0000000000,2026-08-04 12:00:00+08:00,10129.0000000000,76f874206f1b25e026a660ef9c8348650f9ee530ad7d8ed17315fc9a051b495b,1,,,,0,3.5000000000,2026-08-05T18:00:00+08:00
2026-08-14,S07,K01,4,0,Z2,0.0000000000,2026-08-04 12:00:00+08:00,10130.0000000000,7db7a924db3ac5407d5a11555390af25b48f3f58c62d002f1da1671b17e86d4b,1,,,,0,3.5000000000,2026-08-05T18:00:00+08:00
2026-08-14,S07,K02,4,0,Z2,0.0000000000,2026-08-04 12:00:00+08:00,10131.0000000000,c38bcfa59d04c5f2658e2b10166d418339eda350b0e9c430049e922f977acb8f,1,,,,0,3.5000000000,2026-08-05T18:00:00+08:00
2026-08-14,S07,K03,4,0,Z2,0.0000000000,2026-08-04 12:00:00+08:00,10132.0000000000,4c47acd8616d7e901ef9b55cc13a622814a608bfd308d3e8f809ed38d193f3ab,1,,,,0,3.5000000000,2026-08-05T18:00:00+08:00
2026-08-14,S07,K04,4,0,Z2,0.0000000000,2026-08-04 12:00:00+08:00,10133.0000000000,54916ab4494953c04cc1c6a5f49f95358344ee7f76205a9c62c4f2deb4b3680f,1,,,,0,3.5000000000,2026-08-05T18:00:00+08:00
2026-08-14,S07,K05,4,0,Z2,0.0000000000,2026-08-04 12:00:00+08:00,10134.0000000000,3310e5bfb44ece8fb657ac00fd9d8b98f7342ba733949e23fe48fd8d3df3e419,1,,,,0,3.5000000000,2026-08-05T18:00:00+08:00
2026-08-14,S07,K06,4,0,Z2,0.1200000000,2026-08-04 12:00:00+08:00,10135.0000000000,e03a1eaad268a05faee61c13dfdcc788c31dce9e3c40053045019b76e0fc5d2a,1,,,,0,3.5000000000,2026-08-05T18:00:00+08:00
2026-08-14,S07,K07,4,0,Z2,0.0000000000,2026-08-04 12:00:00+08:00,10136.0000000000,f02e6ef77c26f9c7f5294784ff9a6365540072e79f312569e12a72868297298b,1,,,,0,3.5000000000,2026-08-05T18:00:00+08:00
2026-08-14,S07,K08,4,0,Z2,0.0000000000,2026-08-04 12:00:00+08:00,10137.0000000000,4588f6569ed6c8c4a21f478ec7792231cdb0946811f175274efee58e730073ce,1,,,,0,3.5000000000,2026-08-05T18:00:00+08:00
2026-08-14,S08,K01,4,0,Z2,0.0000000000,2026-08-04 12:00:00+08:00,10138.0000000000,d03144711914d37616f5600b0164f25d6cf0d58beb3651d9e21cf01d54b65e3c,1,,,,0,3.5000000000,2026-08-05T18:00:00+08:00
2026-08-14,S08,K02,4,0,Z2,0.0000000000,2026-08-04 12:00:00+08:00,10139.0000000000,955ef68b72dd86e847f3f64f97bb959c50862c77f85de52479cb7ab59b6a2039,1,,,,0,3.5000000000,2026-08-05T18:00:00+08:00
2026-08-14,S08,K03,4,0,Z2,0.0000000000,2026-08-04 12:00:00+08:00,10140.0000000000,5f3775015661409afebb0338e833fa67aca502e12da9bf77ae1b2b3b2631acb5,1,,,,0,3.5000000000,2026-08-05T18:00:00+08:00
2026-08-14,S08,K04,4,0,Z2,0.0000000000,2026-08-04 12:00:00+08:00,10141.0000000000,1b53c2766000cf2845a730d24a37a38001e35c08c3fc3ac83de095a0537714b2,1,,,,0,3.5000000000,2026-08-05T18:00:00+08:00
2026-08-14,S08,K05,4,0,Z2,0.1200000000,2026-08-04 12:00:00+08:00,10142.0000000000,7399d32aa5a44525d638b9eaf175c9f485f7369092892d0cd352d7f8979db24c,1,,,,0,3.5000000000,2026-08-05T18:00:00+08:00
2026-08-14,S08,K06,4,0,Z2,0.0000000000,2026-08-04 12:00:00+08:00,10143.0000000000,d4a55104e69167cd4f7cf2cf25369cc3e6e003faa9ac87a97d0a19c30d47f54c,1,,,,0,3.5000000000,2026-08-05T18:00:00+08:00
2026-08-14,S08,K07,4,0,Z2,0.0000000000,2026-08-04 12:00:00+08:00,10144.0000000000,b5200326292f0ab82b422f2e69ba1b75704b5e802f3cbfa871425a11ada10e87,1,,,,0,3.5000000000,2026-08-05T18:00:00+08:00
2026-08-14,S08,K08,4,0,Z2,0.0000000000,2026-08-04 12:00:00+08:00,10145.0000000000,7bf6595bbf0dd5dc0dbe19a7f80b95c8737df91e089ebb222b0b5385f1d1ef96,1,,,,0,3.5000000000,2026-08-05T18:00:00+08:00
2026-08-14,S09,K01,4,0,Z3,0.0000000000,2026-08-04 12:00:00+08:00,10146.0000000000,3bbe45bd74609383e46dba213d327abec757e6226e5c0e083fe3ea9c4ab18ad9,1,,,,0,3.5000000000,2026-08-05T18:00:00+08:00
2026-08-14,S09,K02,4,0,Z3,0.0000000000,2026-08-04 12:00:00+08:00,10147.0000000000,b7fe4bb9cf970b1ed0a67ec5d2e87d18d2483eaab29a72f8dc21c1844ec0fc8d,1,,,,0,3.5000000000,2026-08-05T18:00:00+08:00
2026-08-14,S09,K03,4,0,Z3,0.0000000000,2026-08-04 12:00:00+08:00,10148.0000000000,cfc71c0b370e8671880b27cb9c2ec3560911a48077aed48fd8a19071253807a5,1,,,,0,3.5000000000,2026-08-05T18:00:00+08:00
2026-08-14,S09,K04,4,0,Z3,0.0000000000,2026-08-04 12:00:00+08:00,10149.0000000000,3ece2e8a6e87cbc12cfb1f906531429b17fd32556f08229b3f6e2872e3c4cf2b,1,,,,0,3.5000000000,2026-08-05T18:00:00+08:00
2026-08-14,S09,K05,4,0,Z3,0.1200000000,2026-08-04 12:00:00+08:00,10150.0000000000,9a5a206a2cd039c6121be15b29d527ffde30d1b68d3adce08f9b72c0a85df650,1,,,,0,3.5000000000,2026-08-05T18:00:00+08:00
2026-08-14,S09,K06,4,0,Z3,0.0000000000,2026-08-04 12:00:00+08:00,10151.0000000000,7901242294e942e0f3ddb7dec40398144039e1e05b7d6fa679ccca3ab8e10b02,1,,,,0,3.5000000000,2026-08-05T18:00:00+08:00
2026-08-14,S09,K07,4,0,Z3,0.0000000000,2026-08-04 12:00:00+08:00,10152.0000000000,ea6526eff41c627b87339957c1e0e833de7add6317d21a04925e809d48297264,1,,,,0,3.5000000000,2026-08-05T18:00:00+08:00
2026-08-14,S09,K08,4,0,Z3,0.0000000000,2026-08-04 12:00:00+08:00,10153.0000000000,62ac2d7dd5f034d4c551b7e8c8aa72e10a74867ad41f928527c5268f2131bedf,1,,,,0,3.5000000000,2026-08-05T18:00:00+08:00
2026-08-14,S10,K01,4,0,Z3,0.0000000000,2026-08-04 12:00:00+08:00,10154.0000000000,034a7343b4ca1f71a49a3c2e6b8703db01c1d4c0941d4ded299b6c9a2bf8e914,1,,,,0,3.5000000000,2026-08-05T18:00:00+08:00
2026-08-14,S10,K02,4,0,Z3,0.0000000000,2026-08-04 12:00:00+08:00,10155.0000000000,7af27e7c1e828986fac6aa76838dcb502efd9ede1bc517f26a6267dea381838f,1,,,,0,3.5000000000,2026-08-05T18:00:00+08:00
2026-08-14,S10,K03,4,0,Z3,0.0000000000,2026-08-04 12:00:00+08:00,10156.0000000000,157b6ff78fcd5623b192638712bfbb0c3cf762fb7a9686280ece1d5d082523b5,1,,,,0,3.5000000000,2026-08-05T18:00:00+08:00
2026-08-14,S10,K04,4,0,Z3,0.1200000000,2026-08-04 12:00:00+08:00,10157.0000000000,742a02f5ebc8454a619142ed14aaadbf426e0ea4934367bf6eefd6b48f4780dd,1,,,,0,3.5000000000,2026-08-05T18:00:00+08:00
2026-08-14,S10,K05,4,0,Z3,0.0000000000,2026-08-04 12:00:00+08:00,10158.0000000000,4cc608c0f571fbf2afef2e12bc31a48cb8fe734606c7a9d1ae3f5b85b6d0de57,1,,,,0,3.5000000000,2026-08-05T18:00:00+08:00
2026-08-14,S10,K06,4,0,Z3,0.0000000000,2026-08-04 12:00:00+08:00,10159.0000000000,ee6ecf0be378bc39e324f224b59a49ffea6f92314a5fc529588a846f2ada7b29,1,,,,0,3.5000000000,2026-08-05T18:00:00+08:00
2026-08-14,S10,K07,4,0,Z3,0.0000000000,2026-08-04 12:00:00+08:00,10160.0000000000,94502789bd0bbd6706ce0136a1b9d40330b4d77a44c1a97b42ac55dcd466902d,1,,,,0,3.5000000000,2026-08-05T18:00:00+08:00
2026-08-14,S10,K08,4,0,Z3,0.0000000000,2026-08-04 12:00:00+08:00,10161.0000000000,28a8b3f083aa5df1e2337de8867dd88552cccab20b81cf292c129c20c216bda5,1,,,,0,3.5000000000,2026-08-05T18:00:00+08:00
2026-08-14,S11,K01,4,0,Z3,0.0000000000,2026-08-04 12:00:00+08:00,10162.0000000000,a83d004b4d051ab731e641bbfbed97ebd5639c99d2d33056d4e056d67f801ccf,1,,,,0,3.5000000000,2026-08-05T18:00:00+08:00
2026-08-14,S11,K02,4,0,Z3,0.0000000000,2026-08-04 12:00:00+08:00,10163.0000000000,5e60419a3aef65ae0fc3b7dd5202a9a3dbb499ea6814748bc928c4b46dca1ce2,1,,,,0,3.5000000000,2026-08-05T18:00:00+08:00
2026-08-14,S11,K03,4,0,Z3,0.0000000000,2026-08-04 12:00:00+08:00,10164.0000000000,106fe8851d554fcffbcfd13f5aa2a273c8f3ce2757385a7b1e8bd719e3f1b0ca,1,,,,0,3.5000000000,2026-08-05T18:00:00+08:00
2026-08-14,S11,K04,4,0,Z3,0.1200000000,2026-08-04 12:00:00+08:00,10165.0000000000,f28cc22da2006b3fbbd0eca5f06040731a7d046f594dd2584517e073f5cc037e,1,,,,0,3.5000000000,2026-08-05T18:00:00+08:00
2026-08-14,S11,K05,4,0,Z3,0.0000000000,2026-08-04 12:00:00+08:00,10166.0000000000,4b2724c1b9bfde9ead97f99afb32c920a519ee8c15a4febdbd0f959866f52512,1,,,,0,3.5000000000,2026-08-05T18:00:00+08:00
2026-08-14,S11,K06,4,0,Z3,0.0000000000,2026-08-04 12:00:00+08:00,10167.0000000000,b164a9516bb1715ebe86f7632a9904d810134d9ec499a6ce9c72873f2ea49054,1,,,,0,3.5000000000,2026-08-05T18:00:00+08:00
2026-08-14,S11,K07,4,0,Z3,0.0000000000,2026-08-04 12:00:00+08:00,10168.0000000000,23425cac71a44b51de7f00ec5498be95b4eb5309444b76e1bdb97d65ac4bfef7,1,,,,0,3.5000000000,2026-08-05T18:00:00+08:00
2026-08-14,S11,K08,4,0,Z3,0.0000000000,2026-08-04 12:00:00+08:00,10169.0000000000,282ae629a09a76e95f2f294aa3186880564d0a7d2b280e1bb69bdc94cd57b018,1,,,,0,3.5000000000,2026-08-05T18:00:00+08:00
2026-08-14,S12,K01,4,0,Z3,0.0000000000,2026-08-04 12:00:00+08:00,10170.0000000000,be381677cd7bbd35b5e6c8f6d6ce3bc1df8710acf064dc717211f76f2224b1a2,1,,,,0,3.5000000000,2026-08-05T18:00:00+08:00
2026-08-14,S12,K02,4,0,Z3,0.0000000000,2026-08-04 12:00:00+08:00,10171.0000000000,3c62ee7d3e4fbe3b99a5f856138341b2dfe9a0195ad7c53e5b46e6e0bed57955,1,,,,0,3.5000000000,2026-08-05T18:00:00+08:00
2026-08-14,S12,K03,4,0,Z3,0.0000000000,2026-08-04 12:00:00+08:00,10172.0000000000,c40ce80f25d220ba2cccade78cb20ccd42f6d8aece2cd16867c3fccc9f1025d8,1,,,,0,3.5000000000,2026-08-05T18:00:00+08:00
2026-08-14,S12,K04,4,0,Z3,0.1200000000,2026-08-04 12:00:00+08:00,10173.0000000000,cd53519b505a37d1dac2527cd2445c26f3533ad062263c5af5608472c54e4b43,1,,,,0,3.5000000000,2026-08-05T18:00:00+08:00
2026-08-14,S12,K05,4,0,Z3,0.0000000000,2026-08-04 12:00:00+08:00,10174.0000000000,7aa2e7d00108bb8293c51c4cd0d7f0e21c071c7aad5b095b81c00b2a4fa0c877,1,,,,0,3.5000000000,2026-08-05T18:00:00+08:00
2026-08-14,S12,K06,4,0,Z3,0.0000000000,2026-08-04 12:00:00+08:00,10175.0000000000,ca49e8efbf5495a7c3c6fab0d509e9edb222c50642f2e770565da1b3bc0f4062,1,,,,0,3.5000000000,2026-08-05T18:00:00+08:00
2026-08-14,S12,K07,4,0,Z3,0.0000000000,2026-08-04 12:00:00+08:00,10176.0000000000,896d0a08e275274344e9925e32953f7a9ab25f4ecf1df1627661bfd8979dfdbb,1,,,,0,3.5000000000,2026-08-05T18:00:00+08:00
2026-08-14,S12,K08,4,0,Z3,0.0000000000,2026-08-04 12:00:00+08:00,10177.0000000000,ead99556e7e2cb6c4fa9ec41f01bba8fade1a1d6f3d71a8a69753832b5d9b558,1,,,,0,3.5000000000,2026-08-05T18:00:00+08:00
2026-08-15,S01,K01,5,0,Z1,0.0000000000,2026-08-05 12:00:00+08:00,10178.0000000000,fb4a1e3cf7149c2829a9966d0815ecc5cc93207b6d963cd34b334f23c43764c8,1,,,,0,3.5333333333,2026-08-05T18:00:00+08:00
2026-08-15,S01,K02,5,0,Z1,0.1200000000,2026-08-05 12:00:00+08:00,10179.0000000000,5cf6b48dbf74979a7e9776e0c765ff7d9f3b94aa3c05a8e2d582501287add6b0,1,,,,0,3.5333333333,2026-08-05T18:00:00+08:00
2026-08-15,S01,K03,5,0,Z1,0.0000000000,2026-08-05 12:00:00+08:00,10180.0000000000,a5710e5def345a75cefc356f6410c245ccb63f28a62053666a8367bf416f97b4,1,,,,0,3.5333333333,2026-08-05T18:00:00+08:00
2026-08-15,S01,K04,5,0,Z1,0.0000000000,2026-08-05 12:00:00+08:00,10181.0000000000,bafc9a00429622d909ced6a260e72e9a003a8530ce43114867a62e5b312e3249,1,,,,0,3.5333333333,2026-08-05T18:00:00+08:00
2026-08-15,S01,K05,5,0,Z1,0.0000000000,2026-08-05 12:00:00+08:00,10182.0000000000,0c910c1ac6e5a6a08302a3c0cb9c33312650c638f352a2fbb83b758c9e0b19e3,1,,,,0,3.5333333333,2026-08-05T18:00:00+08:00
2026-08-15,S01,K06,5,0,Z1,0.0000000000,2026-08-05 12:00:00+08:00,10183.0000000000,da979312a99335ce5d465cd04f4cf87cef0447dae2d493577ab4406e025c5cb1,1,,,,0,3.5333333333,2026-08-05T18:00:00+08:00
2026-08-15,S01,K07,5,0,Z1,0.0000000000,2026-08-05 12:00:00+08:00,10184.0000000000,9d20d133315a16cc24d58986c293531aaa6db67afe8208ac9b99016c62d2ed1e,1,,,,0,3.5333333333,2026-08-05T18:00:00+08:00
2026-08-15,S01,K08,5,0,Z1,0.1200000000,2026-08-05 12:00:00+08:00,10185.0000000000,ad95a5796bf0a7a8bc665e4b9c4e44bbed1e941a46ff316c1f59597d2368eb6a,1,,,,0,3.5333333333,2026-08-05T18:00:00+08:00
2026-08-15,S02,K01,5,0,Z1,0.0000000000,2026-08-05 12:00:00+08:00,10186.0000000000,7e3d5f3780bea03b0c95d0aa81d89119fd7c92edbf1863c46f62548f009e66b1,1,,,,0,3.5333333333,2026-08-05T18:00:00+08:00
2026-08-15,S02,K02,5,0,Z1,0.1200000000,2026-08-05 12:00:00+08:00,10187.0000000000,1797bcb9d2205dd1817e283c469bb115d0609ae6158d5ea7e3e01779d2eae74d,1,,,,0,3.5333333333,2026-08-05T18:00:00+08:00
2026-08-15,S02,K03,5,0,Z1,0.0000000000,2026-08-05 12:00:00+08:00,10188.0000000000,abd4dbb62740f87f43d848b41c3a73cb751d344c57b5d595e3e9a049c59a690b,1,,,,0,3.5333333333,2026-08-05T18:00:00+08:00
2026-08-15,S02,K04,5,0,Z1,0.0000000000,2026-08-05 12:00:00+08:00,10189.0000000000,dd03e5d2aa42f704ca1276d8a526855f245efbb8dc255298a0e237a845c97f0f,1,,,,0,3.5333333333,2026-08-05T18:00:00+08:00
2026-08-15,S02,K05,5,0,Z1,0.0000000000,2026-08-05 12:00:00+08:00,10190.0000000000,912cf29021b35339845a57334e8c7574849d1be434e36fd136601445e0857a63,1,,,,0,3.5333333333,2026-08-05T18:00:00+08:00
2026-08-15,S02,K06,5,0,Z1,0.0000000000,2026-08-05 12:00:00+08:00,10191.0000000000,206e52eabe979ea0d54a09dbfd73ad25bf553a8bedc3756a4aacc214c424684f,1,,,,0,3.5333333333,2026-08-05T18:00:00+08:00
2026-08-15,S02,K07,5,0,Z1,0.1200000000,2026-08-05 12:00:00+08:00,10192.0000000000,689f0e20b0bef648b7df6a5f07b88fef7284f2c241aa3ba17c48fe26872ebb18,1,,,,0,3.5333333333,2026-08-05T18:00:00+08:00
2026-08-15,S02,K08,5,0,Z1,0.0000000000,2026-08-05 12:00:00+08:00,10193.0000000000,3f6841b7bd19c1c3dde4f78d00a706317659db4fa93621982e6b8a588431d3d0,1,,,,0,3.5333333333,2026-08-05T18:00:00+08:00
2026-08-15,S03,K01,5,0,Z1,0.1200000000,2026-08-05 12:00:00+08:00,10194.0000000000,d78aac99f88ec1b0b9e805c3bbc9f7466b16e1a211fc937f8ea42d5bab5ff91a,1,,,,0,3.5333333333,2026-08-05T18:00:00+08:00
2026-08-15,S03,K02,5,0,Z1,0.0000000000,2026-08-05 12:00:00+08:00,10195.0000000000,37caac674f17abd8778355e2dee51594ecb8f0df5cf890c42a50a8d0d8f7d364,1,,,,0,3.5333333333,2026-08-05T18:00:00+08:00
2026-08-15,S03,K03,5,0,Z1,0.0000000000,2026-08-05 12:00:00+08:00,10196.0000000000,217cb93d1dec47cc451ca9bdcb139297f32e30341077523987924f875e8c3b40,1,,,,0,3.5333333333,2026-08-05T18:00:00+08:00
2026-08-15,S03,K04,5,0,Z1,0.0000000000,2026-08-05 12:00:00+08:00,10197.0000000000,3a3a1cfe7aa577ac51bb55a30ee901c8c2ec3656b810bf691a6b38fe1b96cc22,1,,,,0,3.5333333333,2026-08-05T18:00:00+08:00
2026-08-15,S03,K05,5,0,Z1,0.0000000000,2026-08-05 12:00:00+08:00,10198.0000000000,1df5359b5a8ad82518b193b52c856a67df2814f21c1dd89a91c6674b5ddb28c2,1,,,,0,3.5333333333,2026-08-05T18:00:00+08:00
2026-08-15,S03,K06,5,0,Z1,0.0000000000,2026-08-05 12:00:00+08:00,10199.0000000000,01b56b8ffdf8f84620ad08901a04cbd382b208d23318cae7b77413b9cf9a1165,1,,,,0,3.5333333333,2026-08-05T18:00:00+08:00
2026-08-15,S03,K07,5,0,Z1,0.1200000000,2026-08-05 12:00:00+08:00,10200.0000000000,21a55c7e6989f5a7d3ff2d06d79b5b1bd94f9e08170d4ad5c2e1bbc60944a6c4,1,,,,0,3.5333333333,2026-08-05T18:00:00+08:00
2026-08-15,S03,K08,5,0,Z1,0.0000000000,2026-08-05 12:00:00+08:00,10201.0000000000,1dc0f3e720fe52ff1a90a0edc69b711a8ca92174049c2279f658d26803044876,1,,,,0,3.5333333333,2026-08-05T18:00:00+08:00
2026-08-15,S04,K01,5,0,Z1,0.1200000000,2026-08-05 12:00:00+08:00,10202.0000000000,ab895b3c61092964704793fe7765a3002fa4853f5b74c0a50d6b9ecdcad62136,1,,,,0,3.5333333333,2026-08-05T18:00:00+08:00
2026-08-15,S04,K02,5,0,Z1,0.0000000000,2026-08-05 12:00:00+08:00,10203.0000000000,d026bda4cc54425b4a51a373a4cda96f0833bd88f3259e3830fc107283db7a03,1,,,,0,3.5333333333,2026-08-05T18:00:00+08:00
2026-08-15,S04,K03,5,0,Z1,0.0000000000,2026-08-05 12:00:00+08:00,10204.0000000000,15f79dad8220658a3f4ae27c2bc6adbadf7ea438e8c00c027dbaef35ec310984,1,,,,0,3.5333333333,2026-08-05T18:00:00+08:00
2026-08-15,S04,K04,5,0,Z1,0.0000000000,2026-08-05 12:00:00+08:00,10205.0000000000,68984e223f912a6c66753d8eeafd03700ac1a8ef58f3ecbcbcd6befd309da48c,1,,,,0,3.5333333333,2026-08-05T18:00:00+08:00
2026-08-15,S04,K05,5,0,Z1,0.0000000000,2026-08-05 12:00:00+08:00,10206.0000000000,d05ab7f775c0615bf18a6aba8ae1467e04154f3f3801ec1eb2209277bb7f5f3e,1,,,,0,3.5333333333,2026-08-05T18:00:00+08:00
2026-08-15,S04,K06,5,0,Z1,0.0000000000,2026-08-05 12:00:00+08:00,10207.0000000000,7091d3ba778cdd5ca87b28fb8d2d36ba899c43b1a82bd1f5ed837e0eefb9a857,1,,,,0,3.5333333333,2026-08-05T18:00:00+08:00
2026-08-15,S04,K07,5,0,Z1,0.1200000000,2026-08-05 12:00:00+08:00,10208.0000000000,5e9f28cb3872231fe9990e4520fd066994c2d2e4330a4bcfc9f0f057b3134cba,1,,,,0,3.5333333333,2026-08-05T18:00:00+08:00
2026-08-15,S04,K08,5,0,Z1,0.0000000000,2026-08-05 12:00:00+08:00,10209.0000000000,c502f8a892b98bae3c9244bc595b5b35bf2fd81e7a2b9ec74896769a4eda0950,1,,,,0,3.5333333333,2026-08-05T18:00:00+08:00
2026-08-15,S05,K01,5,0,Z2,0.0000000000,2026-08-05 12:00:00+08:00,10210.0000000000,179f14171b7d7cc65006b84375b74effff028c960b53e6ea9889f17ab9dd4136,1,,,,0,3.5333333333,2026-08-05T18:00:00+08:00
2026-08-15,S05,K02,5,0,Z2,0.0000000000,2026-08-05 12:00:00+08:00,10211.0000000000,38d1f1cee2ec8162b5a04fdeff7c8c018de3b9d3e180f13dadaf36f2bdb4f0b4,1,,,,0,3.5333333333,2026-08-05T18:00:00+08:00
2026-08-15,S05,K03,5,0,Z2,0.0000000000,2026-08-05 12:00:00+08:00,10212.0000000000,2bbe7b7df18257fc0f75823790e019a3fdadb65a7d253b1f954c9004c40a3936,1,,,,0,3.5333333333,2026-08-05T18:00:00+08:00
2026-08-15,S05,K04,5,0,Z2,0.0000000000,2026-08-05 12:00:00+08:00,10213.0000000000,853cffe029443fb49e333a0f3d70fbc8fc66320f71b9804b107ddd7bc13b98c8,1,,,,0,3.5333333333,2026-08-05T18:00:00+08:00
2026-08-15,S05,K05,5,0,Z2,0.0000000000,2026-08-05 12:00:00+08:00,10214.0000000000,4e9541ee599363efee7beb5467ef53d8af69bfab83deb62f96e4796261d1343d,1,,,,0,3.5333333333,2026-08-05T18:00:00+08:00
2026-08-15,S05,K06,5,0,Z2,0.1200000000,2026-08-05 12:00:00+08:00,10215.0000000000,0482464c531022b57dc647c6f729169efd487a7b7a5e0c483fd194a439da2ea6,1,,,,0,3.5333333333,2026-08-05T18:00:00+08:00
2026-08-15,S05,K07,5,0,Z2,0.0000000000,2026-08-05 12:00:00+08:00,10216.0000000000,a9bb36c84384bad2afaca0400215b3bf6bfa8c46bc04293cf75adeea38e6e159,1,,,,0,3.5333333333,2026-08-05T18:00:00+08:00
2026-08-15,S05,K08,5,0,Z2,0.0000000000,2026-08-05 12:00:00+08:00,10217.0000000000,93af41a88e9047802d214dba0a77288c71205a85269e68d3417ec73e65710fa6,1,,,,0,3.5333333333,2026-08-05T18:00:00+08:00
2026-08-15,S06,K01,5,0,Z2,0.0000000000,2026-08-05 12:00:00+08:00,10218.0000000000,4795daf8536fe017c61dd3c3728ae79409927da31ca033373a6d680a0dee07f7,1,,,,0,3.5333333333,2026-08-05T18:00:00+08:00
2026-08-15,S06,K02,5,0,Z2,0.0000000000,2026-08-05 12:00:00+08:00,10219.0000000000,b30cef5d78c43d8d9c07064dac26d01f4939e78df137e97519738e59e81798ed,1,,,,0,3.5333333333,2026-08-05T18:00:00+08:00
2026-08-15,S06,K03,5,0,Z2,0.0000000000,2026-08-05 12:00:00+08:00,10220.0000000000,3368edf0c2d790a14a1525e350451f185e4c2ad581e97eba253aa25ceed9f8de,1,,,,0,3.5333333333,2026-08-05T18:00:00+08:00
2026-08-15,S06,K04,5,0,Z2,0.0000000000,2026-08-05 12:00:00+08:00,10221.0000000000,19c82c1cb778011c807f2d0b0067c96b1df5a7d6470e41a25de4f5993a15d968,1,,,,0,3.5333333333,2026-08-05T18:00:00+08:00
2026-08-15,S06,K05,5,0,Z2,0.0000000000,2026-08-05 12:00:00+08:00,10222.0000000000,c6609c9d8a6ba42fe619b31fc3aa65e23999661d606402f38aba5894f4ec8279,1,,,,0,3.5333333333,2026-08-05T18:00:00+08:00
2026-08-15,S06,K06,5,0,Z2,0.1200000000,2026-08-05 12:00:00+08:00,10223.0000000000,cdc63a48a290fa2728855d64c2eb5a152ddc927d1d94ad9ed63c95a1c00aa67a,1,,,,0,3.5333333333,2026-08-05T18:00:00+08:00
2026-08-15,S06,K07,5,0,Z2,0.0000000000,2026-08-05 12:00:00+08:00,10224.0000000000,a5eaaf70165c3cf65f7f74d22589d006e0192f3aeaba406184d4303e6a3a972a,1,,,,0,3.5333333333,2026-08-05T18:00:00+08:00
2026-08-15,S06,K08,5,0,Z2,0.0000000000,2026-08-05 12:00:00+08:00,10225.0000000000,622cfa40467d54e9e49b59c6d58a2210d745244a8417143076e7151f27b7d611,1,,,,0,3.5333333333,2026-08-05T18:00:00+08:00
2026-08-15,S07,K01,5,0,Z2,0.0000000000,2026-08-05 12:00:00+08:00,10226.0000000000,71afebd0ecf37bdae5931b8e287178fbc7dddde458f0d3daa8aeeec44525be36,1,,,,0,3.5333333333,2026-08-05T18:00:00+08:00
2026-08-15,S07,K02,5,0,Z2,0.0000000000,2026-08-05 12:00:00+08:00,10227.0000000000,0afd8a50c48b5b36e06920b0bda109f83787950c4b02bc12a7aefb09e133cb6c,1,,,,0,3.5333333333,2026-08-05T18:00:00+08:00
2026-08-15,S07,K03,5,0,Z2,0.0000000000,2026-08-05 12:00:00+08:00,10228.0000000000,21e59f3a4e95eecb48ece634a2f068f0f4a1bfca22f5733b58303d96bd6db421,1,,,,0,3.5333333333,2026-08-05T18:00:00+08:00
2026-08-15,S07,K04,5,0,Z2,0.0000000000,2026-08-05 12:00:00+08:00,10229.0000000000,91c13378a7748c8ec72d42dff282eb101d41b69b3834cd6ad228c1b30ea67d70,1,,,,0,3.5333333333,2026-08-05T18:00:00+08:00
2026-08-15,S07,K05,5,0,Z2,0.1200000000,2026-08-05 12:00:00+08:00,10230.0000000000,e97b2b339868ea39bd939fdb7152bb53ca1a70311855b5559beba0f05b0a6249,1,,,,0,3.5333333333,2026-08-05T18:00:00+08:00
2026-08-15,S07,K06,5,0,Z2,0.0000000000,2026-08-05 12:00:00+08:00,10231.0000000000,6b98b5b10f474dc82a37cf9388d865dc36fcaf7aae74460cfd357b69f3d4d716,1,,,,0,3.5333333333,2026-08-05T18:00:00+08:00
2026-08-15,S07,K07,5,0,Z2,0.0000000000,2026-08-05 12:00:00+08:00,10232.0000000000,179c01714889f76ad6a921ead6889eb1b0c373e008c82b346594f0b71230b3f8,1,,,,0,3.5333333333,2026-08-05T18:00:00+08:00
2026-08-15,S07,K08,5,0,Z2,0.0000000000,2026-08-05 12:00:00+08:00,10233.0000000000,f06e8fb2c6b72a366579d9be35c3bf303ac3062836983b56b35f68a9ffaca3b6,1,,,,0,3.5333333333,2026-08-05T18:00:00+08:00
2026-08-15,S08,K01,5,0,Z2,0.0000000000,2026-08-05 12:00:00+08:00,10234.0000000000,46401a96fd49b7b18ab85053ef9805cbc4a0a1dd95a99dc22d00355c972a9387,1,,,,0,3.5333333333,2026-08-05T18:00:00+08:00
2026-08-15,S08,K02,5,0,Z2,0.0000000000,2026-08-05 12:00:00+08:00,10235.0000000000,a95c2407ce8b04a189d0f10c4343ef5de7bded0fe2226198694a4ea6f5664453,1,,,,0,3.5333333333,2026-08-05T18:00:00+08:00
2026-08-15,S08,K03,5,0,Z2,0.0000000000,2026-08-05 12:00:00+08:00,10236.0000000000,c1037833fe13ba8b5e36c9aceeb437b35a93c45d7cf733821361c0b36ca8a6e9,1,,,,0,3.5333333333,2026-08-05T18:00:00+08:00
2026-08-15,S08,K04,5,0,Z2,0.0000000000,2026-08-05 12:00:00+08:00,10237.0000000000,21dc8d8ad6f391e3f914c752c97d965889ba8a77d2631ae43c5d4784cf3fe822,1,,,,0,3.5333333333,2026-08-05T18:00:00+08:00
2026-08-15,S08,K05,5,0,Z2,0.1200000000,2026-08-05 12:00:00+08:00,10238.0000000000,09fd6d1c0fadbd592d399bea9be9a913cc573db07a90800bd31b5ea01a75196d,1,,,,0,3.5333333333,2026-08-05T18:00:00+08:00
2026-08-15,S08,K06,5,0,Z2,0.0000000000,2026-08-05 12:00:00+08:00,10239.0000000000,f8b0e2351f95f3ac39f150e7daecc015328b7e983f74749a6513fc1a0ab55a28,1,,,,0,3.5333333333,2026-08-05T18:00:00+08:00
2026-08-15,S08,K07,5,0,Z2,0.0000000000,2026-08-05 12:00:00+08:00,10240.0000000000,781240ff2b51b1fec1e58ecd815477e9877f86525fb4c58cbe545682446b80ea,1,,,,0,3.5333333333,2026-08-05T18:00:00+08:00
2026-08-15,S08,K08,5,0,Z2,0.0000000000,2026-08-05 12:00:00+08:00,10241.0000000000,5f61dfae3acc20f8fc8f8fc49d88671c734a43a85d424fd29bcdded006bf3bd3,1,,,,0,3.5333333333,2026-08-05T18:00:00+08:00
2026-08-15,S09,K01,5,0,Z3,0.0000000000,2026-08-05 12:00:00+08:00,10242.0000000000,7d547a29ea055db00bd7e9ea7f015a749da061c94300ec8cabc8144e622205cd,1,,,,0,3.5333333333,2026-08-05T18:00:00+08:00
2026-08-15,S09,K02,5,0,Z3,0.0000000000,2026-08-05 12:00:00+08:00,10243.0000000000,385f33aeca78cf70c6f6aa0b509ee893db6aa95d5a136f7f5d75e513f1ed8424,1,,,,0,3.5333333333,2026-08-05T18:00:00+08:00
2026-08-15,S09,K03,5,0,Z3,0.0000000000,2026-08-05 12:00:00+08:00,10244.0000000000,fa7628b62fd1e5ddce18a5702f2aaa4218be3d787773882535fceb0764eabaaa,1,,,,0,3.5333333333,2026-08-05T18:00:00+08:00
2026-08-15,S09,K04,5,0,Z3,0.0000000000,2026-08-05 12:00:00+08:00,10245.0000000000,a77c444dd199c0b2ad2d8a505a81dde13d6806c1be6674c0d27409fac4fa9df4,1,,,,0,3.5333333333,2026-08-05T18:00:00+08:00
2026-08-15,S09,K05,5,0,Z3,0.1200000000,2026-08-05 12:00:00+08:00,10246.0000000000,1b264125b3c30da90212503797538401f7b715a5f0f88bba863ab0b966e63371,1,,,,0,3.5333333333,2026-08-05T18:00:00+08:00
2026-08-15,S09,K06,5,0,Z3,0.0000000000,2026-08-05 12:00:00+08:00,10247.0000000000,106d1567cff107a428c84216c603663e8ecccc38ce84d5348c9bbe65386218c8,1,,,,0,3.5333333333,2026-08-05T18:00:00+08:00
2026-08-15,S09,K07,5,0,Z3,0.0000000000,2026-08-05 12:00:00+08:00,10248.0000000000,1190623b0fec33777a4c7e3e07a1e9cfa1242107ae13a5a902be6d7f9ef67d52,1,,,,0,3.5333333333,2026-08-05T18:00:00+08:00
2026-08-15,S09,K08,5,0,Z3,0.0000000000,2026-08-05 12:00:00+08:00,10249.0000000000,047cd89403463f93381b2f1e812cf39cfe38b29a4713adaf9a3e3b4846392193,1,,,,0,3.5333333333,2026-08-05T18:00:00+08:00
2026-08-15,S10,K01,5,0,Z3,0.0000000000,2026-08-05 12:00:00+08:00,10250.0000000000,273e486a021b26ae97d92c4a9f3fdd38cfdc2e343e81363e81cabf153c8bf0fe,1,,,,0,3.5333333333,2026-08-05T18:00:00+08:00
2026-08-15,S10,K02,5,0,Z3,0.0000000000,2026-08-05 12:00:00+08:00,10251.0000000000,d83bf0a0fa8e41053cccc82b3ae92d186b66ce94e1413a5b5ec02698e348fc12,1,,,,0,3.5333333333,2026-08-05T18:00:00+08:00
2026-08-15,S10,K03,5,0,Z3,0.0000000000,2026-08-05 12:00:00+08:00,10252.0000000000,ac7e55cfbbf1b45841b72d290ede33919f19becf17f794287c545eb89f6010c4,1,,,,0,3.5333333333,2026-08-05T18:00:00+08:00
2026-08-15,S10,K04,5,0,Z3,0.1200000000,2026-08-05 12:00:00+08:00,10253.0000000000,85e9c7a0a159645ea4d8aed1282ac5da57df8dd5c63ce5a5248e8547d4afd648,1,,,,0,3.5333333333,2026-08-05T18:00:00+08:00
2026-08-15,S10,K05,5,0,Z3,0.0000000000,2026-08-05 12:00:00+08:00,10254.0000000000,05a4e25ec7d25f2d29465158806ac892290d72e3f5018cda5f723313f1e3f426,1,,,,0,3.5333333333,2026-08-05T18:00:00+08:00
2026-08-15,S10,K06,5,0,Z3,0.0000000000,2026-08-05 12:00:00+08:00,10255.0000000000,4658f68485269fb0b3d0cf9acc39760a7b47e6d5d1b2950ef381e202f9a4d6ab,1,,,,0,3.5333333333,2026-08-05T18:00:00+08:00
2026-08-15,S10,K07,5,0,Z3,0.0000000000,2026-08-05 12:00:00+08:00,10256.0000000000,85bdf9dab71df6504ceccb7cea5b7d3a763360a40b2a708bd131e98fd8cb1afd,1,,,,0,3.5333333333,2026-08-05T18:00:00+08:00
2026-08-15,S10,K08,5,0,Z3,0.0000000000,2026-08-05 12:00:00+08:00,10257.0000000000,a33585938bcaa7cb255bd43378a2a343bbe9bda89cbff2e308b6b81980e35fd5,1,,,,0,3.5333333333,2026-08-05T18:00:00+08:00
2026-08-15,S11,K01,5,0,Z3,0.0000000000,2026-08-05 12:00:00+08:00,10258.0000000000,635e01536545af92077f1ef8c58f0e5fae954a78a5130da41a449a96fe45baf2,1,,,,0,3.5333333333,2026-08-05T18:00:00+08:00
2026-08-15,S11,K02,5,0,Z3,0.0000000000,2026-08-05 12:00:00+08:00,10259.0000000000,dd7114d131a56a2e5a92c18f4b0d380d751362216ce896e336966e70f2f7b7dd,1,,,,0,3.5333333333,2026-08-05T18:00:00+08:00
2026-08-15,S11,K03,5,0,Z3,0.0000000000,2026-08-05 12:00:00+08:00,10260.0000000000,f573b991bec160bc31b843909730b1e1788d7dc2aee46e703422c6528fe253a5,1,,,,0,3.5333333333,2026-08-05T18:00:00+08:00
2026-08-15,S11,K04,5,0,Z3,0.1200000000,2026-08-05 12:00:00+08:00,10261.0000000000,c5b43b108538f13c6c880ed7ead909e98f0a5fec3e4d99f9d6410901e44bfdb1,1,,,,0,3.5333333333,2026-08-05T18:00:00+08:00
2026-08-15,S11,K05,5,0,Z3,0.0000000000,2026-08-05 12:00:00+08:00,10262.0000000000,960732e1b21d06e3770f964986a5c78d96cba25b5413671ed9ddc6186056b088,1,,,,0,3.5333333333,2026-08-05T18:00:00+08:00
2026-08-15,S11,K06,5,0,Z3,0.0000000000,2026-08-05 12:00:00+08:00,10263.0000000000,4d268d7f24183e4037ba1ddbf42993543d51f83d12e7eef64578dff7d70acca7,1,,,,0,3.5333333333,2026-08-05T18:00:00+08:00
2026-08-15,S11,K07,5,0,Z3,0.0000000000,2026-08-05 12:00:00+08:00,10264.0000000000,44e2ee43946ee0ac65043e0d8306aaea2f49d6458a9a77805e6275fad1079f5b,1,,,,0,3.5333333333,2026-08-05T18:00:00+08:00
2026-08-15,S11,K08,5,0,Z3,0.0000000000,2026-08-05 12:00:00+08:00,10265.0000000000,4eae15863880cb83131be44dc3aaf158ba91eae7ddc41792741fbead9f459f56,1,,,,0,3.5333333333,2026-08-05T18:00:00+08:00
2026-08-15,S12,K01,5,0,Z3,0.0000000000,2026-08-05 12:00:00+08:00,10266.0000000000,bea6bdc2930e25ff7bca8e0fe011158d3b6825471d3288ede303bf818d04f14f,1,,,,0,3.5333333333,2026-08-05T18:00:00+08:00
2026-08-15,S12,K02,5,0,Z3,0.0000000000,2026-08-05 12:00:00+08:00,10267.0000000000,9dccc73c5f6347f3c80d2b17165390b371833c8edd5d04490ffc986d1200566d,1,,,,0,3.5333333333,2026-08-05T18:00:00+08:00
2026-08-15,S12,K03,5,0,Z3,0.1200000000,2026-08-05 12:00:00+08:00,10268.0000000000,9778520c51f52b0955b5384d44aa7eb8757bb744108f83a01f75dfffe494e0f6,1,,,,0,3.5333333333,2026-08-05T18:00:00+08:00
2026-08-15,S12,K04,5,0,Z3,0.0000000000,2026-08-05 12:00:00+08:00,10269.0000000000,d4f157a6fa7b1204be81a5d0488c43fde4bc10ce475711dd6b4b95e9819e506b,1,,,,0,3.5333333333,2026-08-05T18:00:00+08:00
2026-08-15,S12,K05,5,0,Z3,0.0000000000,2026-08-05 12:00:00+08:00,10270.0000000000,5c9304e82e2ccf0fabf9859d9e283a8791f438b116e09b6275fa6955bfad3ead,1,,,,0,3.5333333333,2026-08-05T18:00:00+08:00
2026-08-15,S12,K06,5,0,Z3,0.0000000000,2026-08-05 12:00:00+08:00,10271.0000000000,ce4e098e46cb4fefc03550851744a24568913761624d89abda2b03c06bbab369,1,,,,0,3.5333333333,2026-08-05T18:00:00+08:00
2026-08-15,S12,K07,5,0,Z3,0.0000000000,2026-08-05 12:00:00+08:00,10272.0000000000,fd6b024a59b7ed041afeca4f06bdfd82a4c2c6a2797ce0f788a0b66c20f7cd37,1,,,,0,3.5333333333,2026-08-05T18:00:00+08:00
2026-08-15,S12,K08,5,0,Z3,0.0000000000,2026-08-05 12:00:00+08:00,10273.0000000000,dc2f921e42d9606c628f0ff251219289f07c6e1406ed6cc70c0d256775432978,1,,,,0,3.5333333333,2026-08-05T18:00:00+08:00
2026-08-16,S01,K01,6,0,Z1,0.0205357143,,,,0,,,,0,3.5666666667,2026-08-05T18:00:00+08:00
2026-08-16,S01,K02,6,0,Z1,0.0205357143,,,,0,,,,0,3.5666666667,2026-08-05T18:00:00+08:00
2026-08-16,S01,K03,6,0,Z1,0.0205357143,,,,0,,,,0,3.5666666667,2026-08-05T18:00:00+08:00
2026-08-16,S01,K04,6,0,Z1,0.0208928571,,,,0,,,,0,3.5666666667,2026-08-05T18:00:00+08:00
2026-08-16,S01,K05,6,0,Z1,0.0210714286,,,,0,,,,0,3.5666666667,2026-08-05T18:00:00+08:00
2026-08-16,S01,K06,6,0,Z1,0.0205357143,,,,0,,,,0,3.5666666667,2026-08-05T18:00:00+08:00
2026-08-16,S01,K07,6,0,Z1,0.0205357143,,,,0,,,,0,3.5666666667,2026-08-05T18:00:00+08:00
2026-08-16,S01,K08,6,0,Z1,0.0205357143,,,,0,,,,0,3.5666666667,2026-08-05T18:00:00+08:00
2026-08-16,S02,K01,6,0,Z1,0.0205357143,,,,0,,,,0,3.5666666667,2026-08-05T18:00:00+08:00
2026-08-16,S02,K02,6,0,Z1,0.0205357143,,,,0,,,,0,3.5666666667,2026-08-05T18:00:00+08:00
2026-08-16,S02,K03,6,0,Z1,0.0205357143,,,,0,,,,0,3.5666666667,2026-08-05T18:00:00+08:00
2026-08-16,S02,K04,6,0,Z1,0.0208928571,,,,0,,,,0,3.5666666667,2026-08-05T18:00:00+08:00
2026-08-16,S02,K05,6,0,Z1,0.0210714286,,,,0,,,,0,3.5666666667,2026-08-05T18:00:00+08:00
2026-08-16,S02,K06,6,0,Z1,0.0205357143,,,,0,,,,0,3.5666666667,2026-08-05T18:00:00+08:00
2026-08-16,S02,K07,6,0,Z1,0.0205357143,,,,0,,,,0,3.5666666667,2026-08-05T18:00:00+08:00
2026-08-16,S02,K08,6,0,Z1,0.0205357143,,,,0,,,,0,3.5666666667,2026-08-05T18:00:00+08:00
2026-08-16,S03,K01,6,0,Z1,0.0205357143,,,,0,,,,0,3.5666666667,2026-08-05T18:00:00+08:00
2026-08-16,S03,K02,6,0,Z1,0.0205357143,,,,0,,,,0,3.5666666667,2026-08-05T18:00:00+08:00
2026-08-16,S03,K03,6,0,Z1,0.0205357143,,,,0,,,,0,3.5666666667,2026-08-05T18:00:00+08:00
2026-08-16,S03,K04,6,0,Z1,0.0208928571,,,,0,,,,0,3.5666666667,2026-08-05T18:00:00+08:00
2026-08-16,S03,K05,6,0,Z1,0.0210714286,,,,0,,,,0,3.5666666667,2026-08-05T18:00:00+08:00
2026-08-16,S03,K06,6,0,Z1,0.0205357143,,,,0,,,,0,3.5666666667,2026-08-05T18:00:00+08:00
2026-08-16,S03,K07,6,0,Z1,0.0205357143,,,,0,,,,0,3.5666666667,2026-08-05T18:00:00+08:00
2026-08-16,S03,K08,6,0,Z1,0.0205357143,,,,0,,,,0,3.5666666667,2026-08-05T18:00:00+08:00
2026-08-16,S04,K01,6,0,Z1,0.0205357143,,,,0,,,,0,3.5666666667,2026-08-05T18:00:00+08:00
2026-08-16,S04,K02,6,0,Z1,0.0205357143,,,,0,,,,0,3.5666666667,2026-08-05T18:00:00+08:00
2026-08-16,S04,K03,6,0,Z1,0.0205357143,,,,0,,,,0,3.5666666667,2026-08-05T18:00:00+08:00
2026-08-16,S04,K04,6,0,Z1,0.0208928571,,,,0,,,,0,3.5666666667,2026-08-05T18:00:00+08:00
2026-08-16,S04,K05,6,0,Z1,0.0210714286,,,,0,,,,0,3.5666666667,2026-08-05T18:00:00+08:00
2026-08-16,S04,K06,6,0,Z1,0.0205357143,,,,0,,,,0,3.5666666667,2026-08-05T18:00:00+08:00
2026-08-16,S04,K07,6,0,Z1,0.0205357143,,,,0,,,,0,3.5666666667,2026-08-05T18:00:00+08:00
2026-08-16,S04,K08,6,0,Z1,0.0205357143,,,,0,,,,0,3.5666666667,2026-08-05T18:00:00+08:00
2026-08-16,S05,K01,6,0,Z2,0.0205357143,,,,0,,,,0,3.5666666667,2026-08-05T18:00:00+08:00
2026-08-16,S05,K02,6,0,Z2,0.0205357143,,,,0,,,,0,3.5666666667,2026-08-05T18:00:00+08:00
2026-08-16,S05,K03,6,0,Z2,0.0205357143,,,,0,,,,0,3.5666666667,2026-08-05T18:00:00+08:00
2026-08-16,S05,K04,6,0,Z2,0.0208928571,,,,0,,,,0,3.5666666667,2026-08-05T18:00:00+08:00
2026-08-16,S05,K05,6,0,Z2,0.0210714286,,,,0,,,,0,3.5666666667,2026-08-05T18:00:00+08:00
2026-08-16,S05,K06,6,0,Z2,0.0205357143,,,,0,,,,0,3.5666666667,2026-08-05T18:00:00+08:00
2026-08-16,S05,K07,6,0,Z2,0.0205357143,,,,0,,,,0,3.5666666667,2026-08-05T18:00:00+08:00
2026-08-16,S05,K08,6,0,Z2,0.0205357143,,,,0,,,,0,3.5666666667,2026-08-05T18:00:00+08:00
2026-08-16,S06,K01,6,0,Z2,0.0205357143,,,,0,,,,0,3.5666666667,2026-08-05T18:00:00+08:00
2026-08-16,S06,K02,6,0,Z2,0.0205357143,,,,0,,,,0,3.5666666667,2026-08-05T18:00:00+08:00
2026-08-16,S06,K03,6,0,Z2,0.0205357143,,,,0,,,,0,3.5666666667,2026-08-05T18:00:00+08:00
2026-08-16,S06,K04,6,0,Z2,0.0208928571,,,,0,,,,0,3.5666666667,2026-08-05T18:00:00+08:00
2026-08-16,S06,K05,6,0,Z2,0.0210714286,,,,0,,,,0,3.5666666667,2026-08-05T18:00:00+08:00
2026-08-16,S06,K06,6,0,Z2,0.0205357143,,,,0,,,,0,3.5666666667,2026-08-05T18:00:00+08:00
2026-08-16,S06,K07,6,0,Z2,0.0205357143,,,,0,,,,0,3.5666666667,2026-08-05T18:00:00+08:00
2026-08-16,S06,K08,6,0,Z2,0.0205357143,,,,0,,,,0,3.5666666667,2026-08-05T18:00:00+08:00
2026-08-16,S07,K01,6,0,Z2,0.0205357143,,,,0,,,,0,3.5666666667,2026-08-05T18:00:00+08:00
2026-08-16,S07,K02,6,0,Z2,0.0205357143,,,,0,,,,0,3.5666666667,2026-08-05T18:00:00+08:00
2026-08-16,S07,K03,6,0,Z2,0.0205357143,,,,0,,,,0,3.5666666667,2026-08-05T18:00:00+08:00
2026-08-16,S07,K04,6,0,Z2,0.0208928571,,,,0,,,,0,3.5666666667,2026-08-05T18:00:00+08:00
2026-08-16,S07,K05,6,0,Z2,0.0210714286,,,,0,,,,0,3.5666666667,2026-08-05T18:00:00+08:00
2026-08-16,S07,K06,6,0,Z2,0.0205357143,,,,0,,,,0,3.5666666667,2026-08-05T18:00:00+08:00
2026-08-16,S07,K07,6,0,Z2,0.0205357143,,,,0,,,,0,3.5666666667,2026-08-05T18:00:00+08:00
2026-08-16,S07,K08,6,0,Z2,0.0205357143,,,,0,,,,0,3.5666666667,2026-08-05T18:00:00+08:00
2026-08-16,S08,K01,6,0,Z2,0.0205357143,,,,0,,,,0,3.5666666667,2026-08-05T18:00:00+08:00
2026-08-16,S08,K02,6,0,Z2,0.0205357143,,,,0,,,,0,3.5666666667,2026-08-05T18:00:00+08:00
2026-08-16,S08,K03,6,0,Z2,0.0205357143,,,,0,,,,0,3.5666666667,2026-08-05T18:00:00+08:00
2026-08-16,S08,K04,6,0,Z2,0.0208928571,,,,0,,,,0,3.5666666667,2026-08-05T18:00:00+08:00
2026-08-16,S08,K05,6,0,Z2,0.0210714286,,,,0,,,,0,3.5666666667,2026-08-05T18:00:00+08:00
2026-08-16,S08,K06,6,0,Z2,0.0205357143,,,,0,,,,0,3.5666666667,2026-08-05T18:00:00+08:00
2026-08-16,S08,K07,6,0,Z2,0.0205357143,,,,0,,,,0,3.5666666667,2026-08-05T18:00:00+08:00
2026-08-16,S08,K08,6,0,Z2,0.0205357143,,,,0,,,,0,3.5666666667,2026-08-05T18:00:00+08:00
2026-08-16,S09,K01,6,0,Z3,0.0205357143,,,,0,,,,0,3.5666666667,2026-08-05T18:00:00+08:00
2026-08-16,S09,K02,6,0,Z3,0.0205357143,,,,0,,,,0,3.5666666667,2026-08-05T18:00:00+08:00
2026-08-16,S09,K03,6,0,Z3,0.0205357143,,,,0,,,,0,3.5666666667,2026-08-05T18:00:00+08:00
2026-08-16,S09,K04,6,0,Z3,0.0208928571,,,,0,,,,0,3.5666666667,2026-08-05T18:00:00+08:00
2026-08-16,S09,K05,6,0,Z3,0.0210714286,,,,0,,,,0,3.5666666667,2026-08-05T18:00:00+08:00
2026-08-16,S09,K06,6,0,Z3,0.0205357143,,,,0,,,,0,3.5666666667,2026-08-05T18:00:00+08:00
2026-08-16,S09,K07,6,0,Z3,0.0205357143,,,,0,,,,0,3.5666666667,2026-08-05T18:00:00+08:00
2026-08-16,S09,K08,6,0,Z3,0.0205357143,,,,0,,,,0,3.5666666667,2026-08-05T18:00:00+08:00
2026-08-16,S10,K01,6,0,Z3,0.0205357143,,,,0,,,,0,3.5666666667,2026-08-05T18:00:00+08:00
2026-08-16,S10,K02,6,0,Z3,0.0205357143,,,,0,,,,0,3.5666666667,2026-08-05T18:00:00+08:00
2026-08-16,S10,K03,6,0,Z3,0.0205357143,,,,0,,,,0,3.5666666667,2026-08-05T18:00:00+08:00
2026-08-16,S10,K04,6,0,Z3,0.0208928571,,,,0,,,,0,3.5666666667,2026-08-05T18:00:00+08:00
2026-08-16,S10,K05,6,0,Z3,0.0210714286,,,,0,,,,0,3.5666666667,2026-08-05T18:00:00+08:00
2026-08-16,S10,K06,6,0,Z3,0.0205357143,,,,0,,,,0,3.5666666667,2026-08-05T18:00:00+08:00
2026-08-16,S10,K07,6,0,Z3,0.0205357143,,,,0,,,,0,3.5666666667,2026-08-05T18:00:00+08:00
2026-08-16,S10,K08,6,0,Z3,0.0205357143,,,,0,,,,0,3.5666666667,2026-08-05T18:00:00+08:00
2026-08-16,S11,K01,6,0,Z3,0.0205357143,,,,0,,,,0,3.5666666667,2026-08-05T18:00:00+08:00
2026-08-16,S11,K02,6,0,Z3,0.0205357143,,,,0,,,,0,3.5666666667,2026-08-05T18:00:00+08:00
2026-08-16,S11,K03,6,0,Z3,0.0205357143,,,,0,,,,0,3.5666666667,2026-08-05T18:00:00+08:00
2026-08-16,S11,K04,6,0,Z3,0.0208928571,,,,0,,,,0,3.5666666667,2026-08-05T18:00:00+08:00
2026-08-16,S11,K05,6,0,Z3,0.0210714286,,,,0,,,,0,3.5666666667,2026-08-05T18:00:00+08:00
2026-08-16,S11,K06,6,0,Z3,0.0205357143,,,,0,,,,0,3.5666666667,2026-08-05T18:00:00+08:00
2026-08-16,S11,K07,6,0,Z3,0.0205357143,,,,0,,,,0,3.5666666667,2026-08-05T18:00:00+08:00
2026-08-16,S11,K08,6,0,Z3,0.0205357143,,,,0,,,,0,3.5666666667,2026-08-05T18:00:00+08:00
2026-08-16,S12,K01,6,0,Z3,0.0205357143,,,,0,,,,0,3.5666666667,2026-08-05T18:00:00+08:00
2026-08-16,S12,K02,6,0,Z3,0.0205357143,,,,0,,,,0,3.5666666667,2026-08-05T18:00:00+08:00
2026-08-16,S12,K03,6,0,Z3,0.0205357143,,,,0,,,,0,3.5666666667,2026-08-05T18:00:00+08:00
2026-08-16,S12,K04,6,0,Z3,0.0208928571,,,,0,,,,0,3.5666666667,2026-08-05T18:00:00+08:00
2026-08-16,S12,K05,6,0,Z3,0.0210714286,,,,0,,,,0,3.5666666667,2026-08-05T18:00:00+08:00
2026-08-16,S12,K06,6,0,Z3,0.0205357143,,,,0,,,,0,3.5666666667,2026-08-05T18:00:00+08:00
2026-08-16,S12,K07,6,0,Z3,0.0205357143,,,,0,,,,0,3.5666666667,2026-08-05T18:00:00+08:00
2026-08-16,S12,K08,6,0,Z3,0.0205357143,,,,0,,,,0,3.5666666667,2026-08-05T18:00:00+08:00
2026-08-17,S01,K01,0,0,Z1,0.0205357143,,,,0,,,,0,3.6000000000,2026-08-05T18:00:00+08:00
2026-08-17,S01,K02,0,0,Z1,0.0205357143,,,,0,,,,0,3.6000000000,2026-08-05T18:00:00+08:00
2026-08-17,S01,K03,0,0,Z1,0.0205357143,,,,0,,,,0,3.6000000000,2026-08-05T18:00:00+08:00
2026-08-17,S01,K04,0,0,Z1,0.0208928571,,,,0,,,,0,3.6000000000,2026-08-05T18:00:00+08:00
2026-08-17,S01,K05,0,0,Z1,0.0210714286,,,,0,,,,0,3.6000000000,2026-08-05T18:00:00+08:00
2026-08-17,S01,K06,0,0,Z1,0.0205357143,,,,0,,,,0,3.6000000000,2026-08-05T18:00:00+08:00
2026-08-17,S01,K07,0,0,Z1,0.0205357143,,,,0,,,,0,3.6000000000,2026-08-05T18:00:00+08:00
2026-08-17,S01,K08,0,0,Z1,0.0205357143,,,,0,,,,0,3.6000000000,2026-08-05T18:00:00+08:00
2026-08-17,S02,K01,0,0,Z1,0.0205357143,,,,0,,,,0,3.6000000000,2026-08-05T18:00:00+08:00
2026-08-17,S02,K02,0,0,Z1,0.0205357143,,,,0,,,,0,3.6000000000,2026-08-05T18:00:00+08:00
2026-08-17,S02,K03,0,0,Z1,0.0205357143,,,,0,,,,0,3.6000000000,2026-08-05T18:00:00+08:00
2026-08-17,S02,K04,0,0,Z1,0.0208928571,,,,0,,,,0,3.6000000000,2026-08-05T18:00:00+08:00
2026-08-17,S02,K05,0,0,Z1,0.0210714286,,,,0,,,,0,3.6000000000,2026-08-05T18:00:00+08:00
2026-08-17,S02,K06,0,0,Z1,0.0205357143,,,,0,,,,0,3.6000000000,2026-08-05T18:00:00+08:00
2026-08-17,S02,K07,0,0,Z1,0.0205357143,,,,0,,,,0,3.6000000000,2026-08-05T18:00:00+08:00
2026-08-17,S02,K08,0,0,Z1,0.0205357143,,,,0,,,,0,3.6000000000,2026-08-05T18:00:00+08:00
2026-08-17,S03,K01,0,0,Z1,0.0205357143,,,,0,,,,0,3.6000000000,2026-08-05T18:00:00+08:00
2026-08-17,S03,K02,0,0,Z1,0.0205357143,,,,0,,,,0,3.6000000000,2026-08-05T18:00:00+08:00
2026-08-17,S03,K03,0,0,Z1,0.0205357143,,,,0,,,,0,3.6000000000,2026-08-05T18:00:00+08:00
2026-08-17,S03,K04,0,0,Z1,0.0208928571,,,,0,,,,0,3.6000000000,2026-08-05T18:00:00+08:00
2026-08-17,S03,K05,0,0,Z1,0.0210714286,,,,0,,,,0,3.6000000000,2026-08-05T18:00:00+08:00
2026-08-17,S03,K06,0,0,Z1,0.0205357143,,,,0,,,,0,3.6000000000,2026-08-05T18:00:00+08:00
2026-08-17,S03,K07,0,0,Z1,0.0205357143,,,,0,,,,0,3.6000000000,2026-08-05T18:00:00+08:00
2026-08-17,S03,K08,0,0,Z1,0.0205357143,,,,0,,,,0,3.6000000000,2026-08-05T18:00:00+08:00
2026-08-17,S04,K01,0,0,Z1,0.0205357143,,,,0,,,,0,3.6000000000,2026-08-05T18:00:00+08:00
2026-08-17,S04,K02,0,0,Z1,0.0205357143,,,,0,,,,0,3.6000000000,2026-08-05T18:00:00+08:00
2026-08-17,S04,K03,0,0,Z1,0.0205357143,,,,0,,,,0,3.6000000000,2026-08-05T18:00:00+08:00
2026-08-17,S04,K04,0,0,Z1,0.0208928571,,,,0,,,,0,3.6000000000,2026-08-05T18:00:00+08:00
2026-08-17,S04,K05,0,0,Z1,0.0210714286,,,,0,,,,0,3.6000000000,2026-08-05T18:00:00+08:00
2026-08-17,S04,K06,0,0,Z1,0.0205357143,,,,0,,,,0,3.6000000000,2026-08-05T18:00:00+08:00
2026-08-17,S04,K07,0,0,Z1,0.0205357143,,,,0,,,,0,3.6000000000,2026-08-05T18:00:00+08:00
2026-08-17,S04,K08,0,0,Z1,0.0205357143,,,,0,,,,0,3.6000000000,2026-08-05T18:00:00+08:00
2026-08-17,S05,K01,0,0,Z2,0.0205357143,,,,0,,,,0,3.6000000000,2026-08-05T18:00:00+08:00
2026-08-17,S05,K02,0,0,Z2,0.0205357143,,,,0,,,,0,3.6000000000,2026-08-05T18:00:00+08:00
2026-08-17,S05,K03,0,0,Z2,0.0205357143,,,,0,,,,0,3.6000000000,2026-08-05T18:00:00+08:00
2026-08-17,S05,K04,0,0,Z2,0.0208928571,,,,0,,,,0,3.6000000000,2026-08-05T18:00:00+08:00
2026-08-17,S05,K05,0,0,Z2,0.0210714286,,,,0,,,,0,3.6000000000,2026-08-05T18:00:00+08:00
2026-08-17,S05,K06,0,0,Z2,0.0205357143,,,,0,,,,0,3.6000000000,2026-08-05T18:00:00+08:00
2026-08-17,S05,K07,0,0,Z2,0.0205357143,,,,0,,,,0,3.6000000000,2026-08-05T18:00:00+08:00
2026-08-17,S05,K08,0,0,Z2,0.0205357143,,,,0,,,,0,3.6000000000,2026-08-05T18:00:00+08:00
2026-08-17,S06,K01,0,0,Z2,0.0205357143,,,,0,,,,0,3.6000000000,2026-08-05T18:00:00+08:00
2026-08-17,S06,K02,0,0,Z2,0.0205357143,,,,0,,,,0,3.6000000000,2026-08-05T18:00:00+08:00
2026-08-17,S06,K03,0,0,Z2,0.0205357143,,,,0,,,,0,3.6000000000,2026-08-05T18:00:00+08:00
2026-08-17,S06,K04,0,0,Z2,0.0208928571,,,,0,,,,0,3.6000000000,2026-08-05T18:00:00+08:00
2026-08-17,S06,K05,0,0,Z2,0.0210714286,,,,0,,,,0,3.6000000000,2026-08-05T18:00:00+08:00
2026-08-17,S06,K06,0,0,Z2,0.0205357143,,,,0,,,,0,3.6000000000,2026-08-05T18:00:00+08:00
2026-08-17,S06,K07,0,0,Z2,0.0205357143,,,,0,,,,0,3.6000000000,2026-08-05T18:00:00+08:00
2026-08-17,S06,K08,0,0,Z2,0.0205357143,,,,0,,,,0,3.6000000000,2026-08-05T18:00:00+08:00
2026-08-17,S07,K01,0,0,Z2,0.0205357143,,,,0,,,,0,3.6000000000,2026-08-05T18:00:00+08:00
2026-08-17,S07,K02,0,0,Z2,0.0205357143,,,,0,,,,0,3.6000000000,2026-08-05T18:00:00+08:00
2026-08-17,S07,K03,0,0,Z2,0.0205357143,,,,0,,,,0,3.6000000000,2026-08-05T18:00:00+08:00
2026-08-17,S07,K04,0,0,Z2,0.0208928571,,,,0,,,,0,3.6000000000,2026-08-05T18:00:00+08:00
2026-08-17,S07,K05,0,0,Z2,0.0210714286,,,,0,,,,0,3.6000000000,2026-08-05T18:00:00+08:00
2026-08-17,S07,K06,0,0,Z2,0.0205357143,,,,0,,,,0,3.6000000000,2026-08-05T18:00:00+08:00
2026-08-17,S07,K07,0,0,Z2,0.0205357143,,,,0,,,,0,3.6000000000,2026-08-05T18:00:00+08:00
2026-08-17,S07,K08,0,0,Z2,0.0205357143,,,,0,,,,0,3.6000000000,2026-08-05T18:00:00+08:00
2026-08-17,S08,K01,0,0,Z2,0.0205357143,,,,0,,,,0,3.6000000000,2026-08-05T18:00:00+08:00
2026-08-17,S08,K02,0,0,Z2,0.0205357143,,,,0,,,,0,3.6000000000,2026-08-05T18:00:00+08:00
2026-08-17,S08,K03,0,0,Z2,0.0205357143,,,,0,,,,0,3.6000000000,2026-08-05T18:00:00+08:00
2026-08-17,S08,K04,0,0,Z2,0.0208928571,,,,0,,,,0,3.6000000000,2026-08-05T18:00:00+08:00
2026-08-17,S08,K05,0,0,Z2,0.0210714286,,,,0,,,,0,3.6000000000,2026-08-05T18:00:00+08:00
2026-08-17,S08,K06,0,0,Z2,0.0205357143,,,,0,,,,0,3.6000000000,2026-08-05T18:00:00+08:00
2026-08-17,S08,K07,0,0,Z2,0.0205357143,,,,0,,,,0,3.6000000000,2026-08-05T18:00:00+08:00
2026-08-17,S08,K08,0,0,Z2,0.0205357143,,,,0,,,,0,3.6000000000,2026-08-05T18:00:00+08:00
2026-08-17,S09,K01,0,0,Z3,0.0205357143,,,,0,,,,0,3.6000000000,2026-08-05T18:00:00+08:00
2026-08-17,S09,K02,0,0,Z3,0.0205357143,,,,0,,,,0,3.6000000000,2026-08-05T18:00:00+08:00
2026-08-17,S09,K03,0,0,Z3,0.0205357143,,,,0,,,,0,3.6000000000,2026-08-05T18:00:00+08:00
2026-08-17,S09,K04,0,0,Z3,0.0208928571,,,,0,,,,0,3.6000000000,2026-08-05T18:00:00+08:00
2026-08-17,S09,K05,0,0,Z3,0.0210714286,,,,0,,,,0,3.6000000000,2026-08-05T18:00:00+08:00
2026-08-17,S09,K06,0,0,Z3,0.0205357143,,,,0,,,,0,3.6000000000,2026-08-05T18:00:00+08:00
2026-08-17,S09,K07,0,0,Z3,0.0205357143,,,,0,,,,0,3.6000000000,2026-08-05T18:00:00+08:00
2026-08-17,S09,K08,0,0,Z3,0.0205357143,,,,0,,,,0,3.6000000000,2026-08-05T18:00:00+08:00
2026-08-17,S10,K01,0,0,Z3,0.0205357143,,,,0,,,,0,3.6000000000,2026-08-05T18:00:00+08:00
2026-08-17,S10,K02,0,0,Z3,0.0205357143,,,,0,,,,0,3.6000000000,2026-08-05T18:00:00+08:00
2026-08-17,S10,K03,0,0,Z3,0.0205357143,,,,0,,,,0,3.6000000000,2026-08-05T18:00:00+08:00
2026-08-17,S10,K04,0,0,Z3,0.0208928571,,,,0,,,,0,3.6000000000,2026-08-05T18:00:00+08:00
2026-08-17,S10,K05,0,0,Z3,0.0210714286,,,,0,,,,0,3.6000000000,2026-08-05T18:00:00+08:00
2026-08-17,S10,K06,0,0,Z3,0.0205357143,,,,0,,,,0,3.6000000000,2026-08-05T18:00:00+08:00
2026-08-17,S10,K07,0,0,Z3,0.0205357143,,,,0,,,,0,3.6000000000,2026-08-05T18:00:00+08:00
2026-08-17,S10,K08,0,0,Z3,0.0205357143,,,,0,,,,0,3.6000000000,2026-08-05T18:00:00+08:00
2026-08-17,S11,K01,0,0,Z3,0.0205357143,,,,0,,,,0,3.6000000000,2026-08-05T18:00:00+08:00
2026-08-17,S11,K02,0,0,Z3,0.0205357143,,,,0,,,,0,3.6000000000,2026-08-05T18:00:00+08:00
2026-08-17,S11,K03,0,0,Z3,0.0205357143,,,,0,,,,0,3.6000000000,2026-08-05T18:00:00+08:00
2026-08-17,S11,K04,0,0,Z3,0.0208928571,,,,0,,,,0,3.6000000000,2026-08-05T18:00:00+08:00
2026-08-17,S11,K05,0,0,Z3,0.0210714286,,,,0,,,,0,3.6000000000,2026-08-05T18:00:00+08:00
2026-08-17,S11,K06,0,0,Z3,0.0205357143,,,,0,,,,0,3.6000000000,2026-08-05T18:00:00+08:00
2026-08-17,S11,K07,0,0,Z3,0.0205357143,,,,0,,,,0,3.6000000000,2026-08-05T18:00:00+08:00
2026-08-17,S11,K08,0,0,Z3,0.0205357143,,,,0,,,,0,3.6000000000,2026-08-05T18:00:00+08:00
2026-08-17,S12,K01,0,0,Z3,0.0205357143,,,,0,,,,0,3.6000000000,2026-08-05T18:00:00+08:00
2026-08-17,S12,K02,0,0,Z3,0.0205357143,,,,0,,,,0,3.6000000000,2026-08-05T18:00:00+08:00
2026-08-17,S12,K03,0,0,Z3,0.0205357143,,,,0,,,,0,3.6000000000,2026-08-05T18:00:00+08:00
2026-08-17,S12,K04,0,0,Z3,0.0208928571,,,,0,,,,0,3.6000000000,2026-08-05T18:00:00+08:00
2026-08-17,S12,K05,0,0,Z3,0.0210714286,,,,0,,,,0,3.6000000000,2026-08-05T18:00:00+08:00
2026-08-17,S12,K06,0,0,Z3,0.0205357143,,,,0,,,,0,3.6000000000,2026-08-05T18:00:00+08:00
2026-08-17,S12,K07,0,0,Z3,0.0205357143,,,,0,,,,0,3.6000000000,2026-08-05T18:00:00+08:00
2026-08-17,S12,K08,0,0,Z3,0.0205357143,,,,0,,,,0,3.6000000000,2026-08-05T18:00:00+08:00
2026-08-18,S01,K01,1,0,Z1,0.0205357143,,,,0,,,,0,3.6333333333,2026-08-05T18:00:00+08:00
2026-08-18,S01,K02,1,0,Z1,0.0205357143,,,,0,,,,0,3.6333333333,2026-08-05T18:00:00+08:00
2026-08-18,S01,K03,1,0,Z1,0.0205357143,,,,0,,,,0,3.6333333333,2026-08-05T18:00:00+08:00
2026-08-18,S01,K04,1,0,Z1,0.0208928571,,,,0,,,,0,3.6333333333,2026-08-05T18:00:00+08:00
2026-08-18,S01,K05,1,0,Z1,0.0210714286,,,,0,,,,0,3.6333333333,2026-08-05T18:00:00+08:00
2026-08-18,S01,K06,1,0,Z1,0.0205357143,,,,0,,,,0,3.6333333333,2026-08-05T18:00:00+08:00
2026-08-18,S01,K07,1,0,Z1,0.0205357143,,,,0,,,,0,3.6333333333,2026-08-05T18:00:00+08:00
2026-08-18,S01,K08,1,0,Z1,0.0205357143,,,,0,,,,0,3.6333333333,2026-08-05T18:00:00+08:00
2026-08-18,S02,K01,1,0,Z1,0.0205357143,,,,0,,,,0,3.6333333333,2026-08-05T18:00:00+08:00
2026-08-18,S02,K02,1,0,Z1,0.0205357143,,,,0,,,,0,3.6333333333,2026-08-05T18:00:00+08:00
2026-08-18,S02,K03,1,0,Z1,0.0205357143,,,,0,,,,0,3.6333333333,2026-08-05T18:00:00+08:00
2026-08-18,S02,K04,1,0,Z1,0.0208928571,,,,0,,,,0,3.6333333333,2026-08-05T18:00:00+08:00
2026-08-18,S02,K05,1,0,Z1,0.0210714286,,,,0,,,,0,3.6333333333,2026-08-05T18:00:00+08:00
2026-08-18,S02,K06,1,0,Z1,0.0205357143,,,,0,,,,0,3.6333333333,2026-08-05T18:00:00+08:00
2026-08-18,S02,K07,1,0,Z1,0.0205357143,,,,0,,,,0,3.6333333333,2026-08-05T18:00:00+08:00
2026-08-18,S02,K08,1,0,Z1,0.0205357143,,,,0,,,,0,3.6333333333,2026-08-05T18:00:00+08:00
2026-08-18,S03,K01,1,0,Z1,0.0205357143,,,,0,,,,0,3.6333333333,2026-08-05T18:00:00+08:00
2026-08-18,S03,K02,1,0,Z1,0.0205357143,,,,0,,,,0,3.6333333333,2026-08-05T18:00:00+08:00
2026-08-18,S03,K03,1,0,Z1,0.0205357143,,,,0,,,,0,3.6333333333,2026-08-05T18:00:00+08:00
2026-08-18,S03,K04,1,0,Z1,0.0208928571,,,,0,,,,0,3.6333333333,2026-08-05T18:00:00+08:00
2026-08-18,S03,K05,1,0,Z1,0.0210714286,,,,0,,,,0,3.6333333333,2026-08-05T18:00:00+08:00
2026-08-18,S03,K06,1,0,Z1,0.0205357143,,,,0,,,,0,3.6333333333,2026-08-05T18:00:00+08:00
2026-08-18,S03,K07,1,0,Z1,0.0205357143,,,,0,,,,0,3.6333333333,2026-08-05T18:00:00+08:00
2026-08-18,S03,K08,1,0,Z1,0.0205357143,,,,0,,,,0,3.6333333333,2026-08-05T18:00:00+08:00
2026-08-18,S04,K01,1,0,Z1,0.0205357143,,,,0,,,,0,3.6333333333,2026-08-05T18:00:00+08:00
2026-08-18,S04,K02,1,0,Z1,0.0205357143,,,,0,,,,0,3.6333333333,2026-08-05T18:00:00+08:00
2026-08-18,S04,K03,1,0,Z1,0.0205357143,,,,0,,,,0,3.6333333333,2026-08-05T18:00:00+08:00
2026-08-18,S04,K04,1,0,Z1,0.0208928571,,,,0,,,,0,3.6333333333,2026-08-05T18:00:00+08:00
2026-08-18,S04,K05,1,0,Z1,0.0210714286,,,,0,,,,0,3.6333333333,2026-08-05T18:00:00+08:00
2026-08-18,S04,K06,1,0,Z1,0.0205357143,,,,0,,,,0,3.6333333333,2026-08-05T18:00:00+08:00
2026-08-18,S04,K07,1,0,Z1,0.0205357143,,,,0,,,,0,3.6333333333,2026-08-05T18:00:00+08:00
2026-08-18,S04,K08,1,0,Z1,0.0205357143,,,,0,,,,0,3.6333333333,2026-08-05T18:00:00+08:00
2026-08-18,S05,K01,1,0,Z2,0.0205357143,,,,0,,,,0,3.6333333333,2026-08-05T18:00:00+08:00
2026-08-18,S05,K02,1,0,Z2,0.0205357143,,,,0,,,,0,3.6333333333,2026-08-05T18:00:00+08:00
2026-08-18,S05,K03,1,0,Z2,0.0205357143,,,,0,,,,0,3.6333333333,2026-08-05T18:00:00+08:00
2026-08-18,S05,K04,1,0,Z2,0.0208928571,,,,0,,,,0,3.6333333333,2026-08-05T18:00:00+08:00
2026-08-18,S05,K05,1,0,Z2,0.0210714286,,,,0,,,,0,3.6333333333,2026-08-05T18:00:00+08:00
2026-08-18,S05,K06,1,0,Z2,0.0205357143,,,,0,,,,0,3.6333333333,2026-08-05T18:00:00+08:00
2026-08-18,S05,K07,1,0,Z2,0.0205357143,,,,0,,,,0,3.6333333333,2026-08-05T18:00:00+08:00
2026-08-18,S05,K08,1,0,Z2,0.0205357143,,,,0,,,,0,3.6333333333,2026-08-05T18:00:00+08:00
2026-08-18,S06,K01,1,0,Z2,0.0205357143,,,,0,,,,0,3.6333333333,2026-08-05T18:00:00+08:00
2026-08-18,S06,K02,1,0,Z2,0.0205357143,,,,0,,,,0,3.6333333333,2026-08-05T18:00:00+08:00
2026-08-18,S06,K03,1,0,Z2,0.0205357143,,,,0,,,,0,3.6333333333,2026-08-05T18:00:00+08:00
2026-08-18,S06,K04,1,0,Z2,0.0208928571,,,,0,,,,0,3.6333333333,2026-08-05T18:00:00+08:00
2026-08-18,S06,K05,1,0,Z2,0.0210714286,,,,0,,,,0,3.6333333333,2026-08-05T18:00:00+08:00
2026-08-18,S06,K06,1,0,Z2,0.0205357143,,,,0,,,,0,3.6333333333,2026-08-05T18:00:00+08:00
2026-08-18,S06,K07,1,0,Z2,0.0205357143,,,,0,,,,0,3.6333333333,2026-08-05T18:00:00+08:00
2026-08-18,S06,K08,1,0,Z2,0.0205357143,,,,0,,,,0,3.6333333333,2026-08-05T18:00:00+08:00
2026-08-18,S07,K01,1,0,Z2,0.0205357143,,,,0,,,,0,3.6333333333,2026-08-05T18:00:00+08:00
2026-08-18,S07,K02,1,0,Z2,0.0205357143,,,,0,,,,0,3.6333333333,2026-08-05T18:00:00+08:00
2026-08-18,S07,K03,1,0,Z2,0.0205357143,,,,0,,,,0,3.6333333333,2026-08-05T18:00:00+08:00
2026-08-18,S07,K04,1,0,Z2,0.0208928571,,,,0,,,,0,3.6333333333,2026-08-05T18:00:00+08:00
2026-08-18,S07,K05,1,0,Z2,0.0210714286,,,,0,,,,0,3.6333333333,2026-08-05T18:00:00+08:00
2026-08-18,S07,K06,1,0,Z2,0.0205357143,,,,0,,,,0,3.6333333333,2026-08-05T18:00:00+08:00
2026-08-18,S07,K07,1,0,Z2,0.0205357143,,,,0,,,,0,3.6333333333,2026-08-05T18:00:00+08:00
2026-08-18,S07,K08,1,0,Z2,0.0205357143,,,,0,,,,0,3.6333333333,2026-08-05T18:00:00+08:00
2026-08-18,S08,K01,1,0,Z2,0.0205357143,,,,0,,,,0,3.6333333333,2026-08-05T18:00:00+08:00
2026-08-18,S08,K02,1,0,Z2,0.0205357143,,,,0,,,,0,3.6333333333,2026-08-05T18:00:00+08:00
2026-08-18,S08,K03,1,0,Z2,0.0205357143,,,,0,,,,0,3.6333333333,2026-08-05T18:00:00+08:00
2026-08-18,S08,K04,1,0,Z2,0.0208928571,,,,0,,,,0,3.6333333333,2026-08-05T18:00:00+08:00
2026-08-18,S08,K05,1,0,Z2,0.0210714286,,,,0,,,,0,3.6333333333,2026-08-05T18:00:00+08:00
2026-08-18,S08,K06,1,0,Z2,0.0205357143,,,,0,,,,0,3.6333333333,2026-08-05T18:00:00+08:00
2026-08-18,S08,K07,1,0,Z2,0.0205357143,,,,0,,,,0,3.6333333333,2026-08-05T18:00:00+08:00
2026-08-18,S08,K08,1,0,Z2,0.0205357143,,,,0,,,,0,3.6333333333,2026-08-05T18:00:00+08:00
2026-08-18,S09,K01,1,0,Z3,0.0205357143,,,,0,,,,0,3.6333333333,2026-08-05T18:00:00+08:00
2026-08-18,S09,K02,1,0,Z3,0.0205357143,,,,0,,,,0,3.6333333333,2026-08-05T18:00:00+08:00
2026-08-18,S09,K03,1,0,Z3,0.0205357143,,,,0,,,,0,3.6333333333,2026-08-05T18:00:00+08:00
2026-08-18,S09,K04,1,0,Z3,0.0208928571,,,,0,,,,0,3.6333333333,2026-08-05T18:00:00+08:00
2026-08-18,S09,K05,1,0,Z3,0.0210714286,,,,0,,,,0,3.6333333333,2026-08-05T18:00:00+08:00
2026-08-18,S09,K06,1,0,Z3,0.0205357143,,,,0,,,,0,3.6333333333,2026-08-05T18:00:00+08:00
2026-08-18,S09,K07,1,0,Z3,0.0205357143,,,,0,,,,0,3.6333333333,2026-08-05T18:00:00+08:00
2026-08-18,S09,K08,1,0,Z3,0.0205357143,,,,0,,,,0,3.6333333333,2026-08-05T18:00:00+08:00
2026-08-18,S10,K01,1,0,Z3,0.0205357143,,,,0,,,,0,3.6333333333,2026-08-05T18:00:00+08:00
2026-08-18,S10,K02,1,0,Z3,0.0205357143,,,,0,,,,0,3.6333333333,2026-08-05T18:00:00+08:00
2026-08-18,S10,K03,1,0,Z3,0.0205357143,,,,0,,,,0,3.6333333333,2026-08-05T18:00:00+08:00
2026-08-18,S10,K04,1,0,Z3,0.0208928571,,,,0,,,,0,3.6333333333,2026-08-05T18:00:00+08:00
2026-08-18,S10,K05,1,0,Z3,0.0210714286,,,,0,,,,0,3.6333333333,2026-08-05T18:00:00+08:00
2026-08-18,S10,K06,1,0,Z3,0.0205357143,,,,0,,,,0,3.6333333333,2026-08-05T18:00:00+08:00
2026-08-18,S10,K07,1,0,Z3,0.0205357143,,,,0,,,,0,3.6333333333,2026-08-05T18:00:00+08:00
2026-08-18,S10,K08,1,0,Z3,0.0205357143,,,,0,,,,0,3.6333333333,2026-08-05T18:00:00+08:00
2026-08-18,S11,K01,1,0,Z3,0.0205357143,,,,0,,,,0,3.6333333333,2026-08-05T18:00:00+08:00
2026-08-18,S11,K02,1,0,Z3,0.0205357143,,,,0,,,,0,3.6333333333,2026-08-05T18:00:00+08:00
2026-08-18,S11,K03,1,0,Z3,0.0205357143,,,,0,,,,0,3.6333333333,2026-08-05T18:00:00+08:00
2026-08-18,S11,K04,1,0,Z3,0.0208928571,,,,0,,,,0,3.6333333333,2026-08-05T18:00:00+08:00
2026-08-18,S11,K05,1,0,Z3,0.0210714286,,,,0,,,,0,3.6333333333,2026-08-05T18:00:00+08:00
2026-08-18,S11,K06,1,0,Z3,0.0205357143,,,,0,,,,0,3.6333333333,2026-08-05T18:00:00+08:00
2026-08-18,S11,K07,1,0,Z3,0.0205357143,,,,0,,,,0,3.6333333333,2026-08-05T18:00:00+08:00
2026-08-18,S11,K08,1,0,Z3,0.0205357143,,,,0,,,,0,3.6333333333,2026-08-05T18:00:00+08:00
2026-08-18,S12,K01,1,0,Z3,0.0205357143,,,,0,,,,0,3.6333333333,2026-08-05T18:00:00+08:00
2026-08-18,S12,K02,1,0,Z3,0.0205357143,,,,0,,,,0,3.6333333333,2026-08-05T18:00:00+08:00
2026-08-18,S12,K03,1,0,Z3,0.0205357143,,,,0,,,,0,3.6333333333,2026-08-05T18:00:00+08:00
2026-08-18,S12,K04,1,0,Z3,0.0208928571,,,,0,,,,0,3.6333333333,2026-08-05T18:00:00+08:00
2026-08-18,S12,K05,1,0,Z3,0.0210714286,,,,0,,,,0,3.6333333333,2026-08-05T18:00:00+08:00
2026-08-18,S12,K06,1,0,Z3,0.0205357143,,,,0,,,,0,3.6333333333,2026-08-05T18:00:00+08:00
2026-08-18,S12,K07,1,0,Z3,0.0205357143,,,,0,,,,0,3.6333333333,2026-08-05T18:00:00+08:00
2026-08-18,S12,K08,1,0,Z3,0.0205357143,,,,0,,,,0,3.6333333333,2026-08-05T18:00:00+08:00
2026-08-19,S01,K01,2,0,Z1,0.0205357143,,,,0,,,,0,3.6666666667,2026-08-05T18:00:00+08:00
2026-08-19,S01,K02,2,0,Z1,0.0205357143,,,,0,,,,0,3.6666666667,2026-08-05T18:00:00+08:00
2026-08-19,S01,K03,2,0,Z1,0.0205357143,,,,0,,,,0,3.6666666667,2026-08-05T18:00:00+08:00
2026-08-19,S01,K04,2,0,Z1,0.0208928571,,,,0,,,,0,3.6666666667,2026-08-05T18:00:00+08:00
2026-08-19,S01,K05,2,0,Z1,0.0210714286,,,,0,,,,0,3.6666666667,2026-08-05T18:00:00+08:00
2026-08-19,S01,K06,2,0,Z1,0.0205357143,,,,0,,,,0,3.6666666667,2026-08-05T18:00:00+08:00
2026-08-19,S01,K07,2,0,Z1,0.0205357143,,,,0,,,,0,3.6666666667,2026-08-05T18:00:00+08:00
2026-08-19,S01,K08,2,0,Z1,0.0205357143,,,,0,,,,0,3.6666666667,2026-08-05T18:00:00+08:00
2026-08-19,S02,K01,2,0,Z1,0.0205357143,,,,0,,,,0,3.6666666667,2026-08-05T18:00:00+08:00
2026-08-19,S02,K02,2,0,Z1,0.0205357143,,,,0,,,,0,3.6666666667,2026-08-05T18:00:00+08:00
2026-08-19,S02,K03,2,0,Z1,0.0205357143,,,,0,,,,0,3.6666666667,2026-08-05T18:00:00+08:00
2026-08-19,S02,K04,2,0,Z1,0.0208928571,,,,0,,,,0,3.6666666667,2026-08-05T18:00:00+08:00
2026-08-19,S02,K05,2,0,Z1,0.0210714286,,,,0,,,,0,3.6666666667,2026-08-05T18:00:00+08:00
2026-08-19,S02,K06,2,0,Z1,0.0205357143,,,,0,,,,0,3.6666666667,2026-08-05T18:00:00+08:00
2026-08-19,S02,K07,2,0,Z1,0.0205357143,,,,0,,,,0,3.6666666667,2026-08-05T18:00:00+08:00
2026-08-19,S02,K08,2,0,Z1,0.0205357143,,,,0,,,,0,3.6666666667,2026-08-05T18:00:00+08:00
2026-08-19,S03,K01,2,0,Z1,0.0205357143,,,,0,,,,0,3.6666666667,2026-08-05T18:00:00+08:00
2026-08-19,S03,K02,2,0,Z1,0.0205357143,,,,0,,,,0,3.6666666667,2026-08-05T18:00:00+08:00
2026-08-19,S03,K03,2,0,Z1,0.0205357143,,,,0,,,,0,3.6666666667,2026-08-05T18:00:00+08:00
2026-08-19,S03,K04,2,0,Z1,0.0208928571,,,,0,,,,0,3.6666666667,2026-08-05T18:00:00+08:00
2026-08-19,S03,K05,2,0,Z1,0.0210714286,,,,0,,,,0,3.6666666667,2026-08-05T18:00:00+08:00
2026-08-19,S03,K06,2,0,Z1,0.0205357143,,,,0,,,,0,3.6666666667,2026-08-05T18:00:00+08:00
2026-08-19,S03,K07,2,0,Z1,0.0205357143,,,,0,,,,0,3.6666666667,2026-08-05T18:00:00+08:00
2026-08-19,S03,K08,2,0,Z1,0.0205357143,,,,0,,,,0,3.6666666667,2026-08-05T18:00:00+08:00
2026-08-19,S04,K01,2,0,Z1,0.0205357143,,,,0,,,,0,3.6666666667,2026-08-05T18:00:00+08:00
2026-08-19,S04,K02,2,0,Z1,0.0205357143,,,,0,,,,0,3.6666666667,2026-08-05T18:00:00+08:00
2026-08-19,S04,K03,2,0,Z1,0.0205357143,,,,0,,,,0,3.6666666667,2026-08-05T18:00:00+08:00
2026-08-19,S04,K04,2,0,Z1,0.0208928571,,,,0,,,,0,3.6666666667,2026-08-05T18:00:00+08:00
2026-08-19,S04,K05,2,0,Z1,0.0210714286,,,,0,,,,0,3.6666666667,2026-08-05T18:00:00+08:00
2026-08-19,S04,K06,2,0,Z1,0.0205357143,,,,0,,,,0,3.6666666667,2026-08-05T18:00:00+08:00
2026-08-19,S04,K07,2,0,Z1,0.0205357143,,,,0,,,,0,3.6666666667,2026-08-05T18:00:00+08:00
2026-08-19,S04,K08,2,0,Z1,0.0205357143,,,,0,,,,0,3.6666666667,2026-08-05T18:00:00+08:00
2026-08-19,S05,K01,2,0,Z2,0.0205357143,,,,0,,,,0,3.6666666667,2026-08-05T18:00:00+08:00
2026-08-19,S05,K02,2,0,Z2,0.0205357143,,,,0,,,,0,3.6666666667,2026-08-05T18:00:00+08:00
2026-08-19,S05,K03,2,0,Z2,0.0205357143,,,,0,,,,0,3.6666666667,2026-08-05T18:00:00+08:00
2026-08-19,S05,K04,2,0,Z2,0.0208928571,,,,0,,,,0,3.6666666667,2026-08-05T18:00:00+08:00
2026-08-19,S05,K05,2,0,Z2,0.0210714286,,,,0,,,,0,3.6666666667,2026-08-05T18:00:00+08:00
2026-08-19,S05,K06,2,0,Z2,0.0205357143,,,,0,,,,0,3.6666666667,2026-08-05T18:00:00+08:00
2026-08-19,S05,K07,2,0,Z2,0.0205357143,,,,0,,,,0,3.6666666667,2026-08-05T18:00:00+08:00
2026-08-19,S05,K08,2,0,Z2,0.0205357143,,,,0,,,,0,3.6666666667,2026-08-05T18:00:00+08:00
2026-08-19,S06,K01,2,0,Z2,0.0205357143,,,,0,,,,0,3.6666666667,2026-08-05T18:00:00+08:00
2026-08-19,S06,K02,2,0,Z2,0.0205357143,,,,0,,,,0,3.6666666667,2026-08-05T18:00:00+08:00
2026-08-19,S06,K03,2,0,Z2,0.0205357143,,,,0,,,,0,3.6666666667,2026-08-05T18:00:00+08:00
2026-08-19,S06,K04,2,0,Z2,0.0208928571,,,,0,,,,0,3.6666666667,2026-08-05T18:00:00+08:00
2026-08-19,S06,K05,2,0,Z2,0.0210714286,,,,0,,,,0,3.6666666667,2026-08-05T18:00:00+08:00
2026-08-19,S06,K06,2,0,Z2,0.0205357143,,,,0,,,,0,3.6666666667,2026-08-05T18:00:00+08:00
2026-08-19,S06,K07,2,0,Z2,0.0205357143,,,,0,,,,0,3.6666666667,2026-08-05T18:00:00+08:00
2026-08-19,S06,K08,2,0,Z2,0.0205357143,,,,0,,,,0,3.6666666667,2026-08-05T18:00:00+08:00
2026-08-19,S07,K01,2,0,Z2,0.0205357143,,,,0,,,,0,3.6666666667,2026-08-05T18:00:00+08:00
2026-08-19,S07,K02,2,0,Z2,0.0205357143,,,,0,,,,0,3.6666666667,2026-08-05T18:00:00+08:00
2026-08-19,S07,K03,2,0,Z2,0.0205357143,,,,0,,,,0,3.6666666667,2026-08-05T18:00:00+08:00
2026-08-19,S07,K04,2,0,Z2,0.0208928571,,,,0,,,,0,3.6666666667,2026-08-05T18:00:00+08:00
2026-08-19,S07,K05,2,0,Z2,0.0210714286,,,,0,,,,0,3.6666666667,2026-08-05T18:00:00+08:00
2026-08-19,S07,K06,2,0,Z2,0.0205357143,,,,0,,,,0,3.6666666667,2026-08-05T18:00:00+08:00
2026-08-19,S07,K07,2,0,Z2,0.0205357143,,,,0,,,,0,3.6666666667,2026-08-05T18:00:00+08:00
2026-08-19,S07,K08,2,0,Z2,0.0205357143,,,,0,,,,0,3.6666666667,2026-08-05T18:00:00+08:00
2026-08-19,S08,K01,2,0,Z2,0.0205357143,,,,0,,,,0,3.6666666667,2026-08-05T18:00:00+08:00
2026-08-19,S08,K02,2,0,Z2,0.0205357143,,,,0,,,,0,3.6666666667,2026-08-05T18:00:00+08:00
2026-08-19,S08,K03,2,0,Z2,0.0205357143,,,,0,,,,0,3.6666666667,2026-08-05T18:00:00+08:00
2026-08-19,S08,K04,2,0,Z2,0.0208928571,,,,0,,,,0,3.6666666667,2026-08-05T18:00:00+08:00
2026-08-19,S08,K05,2,0,Z2,0.0210714286,,,,0,,,,0,3.6666666667,2026-08-05T18:00:00+08:00
2026-08-19,S08,K06,2,0,Z2,0.0205357143,,,,0,,,,0,3.6666666667,2026-08-05T18:00:00+08:00
2026-08-19,S08,K07,2,0,Z2,0.0205357143,,,,0,,,,0,3.6666666667,2026-08-05T18:00:00+08:00
2026-08-19,S08,K08,2,0,Z2,0.0205357143,,,,0,,,,0,3.6666666667,2026-08-05T18:00:00+08:00
2026-08-19,S09,K01,2,0,Z3,0.0205357143,,,,0,,,,0,3.6666666667,2026-08-05T18:00:00+08:00
2026-08-19,S09,K02,2,0,Z3,0.0205357143,,,,0,,,,0,3.6666666667,2026-08-05T18:00:00+08:00
2026-08-19,S09,K03,2,0,Z3,0.0205357143,,,,0,,,,0,3.6666666667,2026-08-05T18:00:00+08:00
2026-08-19,S09,K04,2,0,Z3,0.0208928571,,,,0,,,,0,3.6666666667,2026-08-05T18:00:00+08:00
2026-08-19,S09,K05,2,0,Z3,0.0210714286,,,,0,,,,0,3.6666666667,2026-08-05T18:00:00+08:00
2026-08-19,S09,K06,2,0,Z3,0.0205357143,,,,0,,,,0,3.6666666667,2026-08-05T18:00:00+08:00
2026-08-19,S09,K07,2,0,Z3,0.0205357143,,,,0,,,,0,3.6666666667,2026-08-05T18:00:00+08:00
2026-08-19,S09,K08,2,0,Z3,0.0205357143,,,,0,,,,0,3.6666666667,2026-08-05T18:00:00+08:00
2026-08-19,S10,K01,2,0,Z3,0.0205357143,,,,0,,,,0,3.6666666667,2026-08-05T18:00:00+08:00
2026-08-19,S10,K02,2,0,Z3,0.0205357143,,,,0,,,,0,3.6666666667,2026-08-05T18:00:00+08:00
2026-08-19,S10,K03,2,0,Z3,0.0205357143,,,,0,,,,0,3.6666666667,2026-08-05T18:00:00+08:00
2026-08-19,S10,K04,2,0,Z3,0.0208928571,,,,0,,,,0,3.6666666667,2026-08-05T18:00:00+08:00
2026-08-19,S10,K05,2,0,Z3,0.0210714286,,,,0,,,,0,3.6666666667,2026-08-05T18:00:00+08:00
2026-08-19,S10,K06,2,0,Z3,0.0205357143,,,,0,,,,0,3.6666666667,2026-08-05T18:00:00+08:00
2026-08-19,S10,K07,2,0,Z3,0.0205357143,,,,0,,,,0,3.6666666667,2026-08-05T18:00:00+08:00
2026-08-19,S10,K08,2,0,Z3,0.0205357143,,,,0,,,,0,3.6666666667,2026-08-05T18:00:00+08:00
2026-08-19,S11,K01,2,0,Z3,0.0205357143,,,,0,,,,0,3.6666666667,2026-08-05T18:00:00+08:00
2026-08-19,S11,K02,2,0,Z3,0.0205357143,,,,0,,,,0,3.6666666667,2026-08-05T18:00:00+08:00
2026-08-19,S11,K03,2,0,Z3,0.0205357143,,,,0,,,,0,3.6666666667,2026-08-05T18:00:00+08:00
2026-08-19,S11,K04,2,0,Z3,0.0208928571,,,,0,,,,0,3.6666666667,2026-08-05T18:00:00+08:00
2026-08-19,S11,K05,2,0,Z3,0.0210714286,,,,0,,,,0,3.6666666667,2026-08-05T18:00:00+08:00
2026-08-19,S11,K06,2,0,Z3,0.0205357143,,,,0,,,,0,3.6666666667,2026-08-05T18:00:00+08:00
2026-08-19,S11,K07,2,0,Z3,0.0205357143,,,,0,,,,0,3.6666666667,2026-08-05T18:00:00+08:00
2026-08-19,S11,K08,2,0,Z3,0.0205357143,,,,0,,,,0,3.6666666667,2026-08-05T18:00:00+08:00
2026-08-19,S12,K01,2,0,Z3,0.0205357143,,,,0,,,,0,3.6666666667,2026-08-05T18:00:00+08:00
2026-08-19,S12,K02,2,0,Z3,0.0205357143,,,,0,,,,0,3.6666666667,2026-08-05T18:00:00+08:00
2026-08-19,S12,K03,2,0,Z3,0.0205357143,,,,0,,,,0,3.6666666667,2026-08-05T18:00:00+08:00
2026-08-19,S12,K04,2,0,Z3,0.0208928571,,,,0,,,,0,3.6666666667,2026-08-05T18:00:00+08:00
2026-08-19,S12,K05,2,0,Z3,0.0210714286,,,,0,,,,0,3.6666666667,2026-08-05T18:00:00+08:00
2026-08-19,S12,K06,2,0,Z3,0.0205357143,,,,0,,,,0,3.6666666667,2026-08-05T18:00:00+08:00
2026-08-19,S12,K07,2,0,Z3,0.0205357143,,,,0,,,,0,3.6666666667,2026-08-05T18:00:00+08:00
2026-08-19,S12,K08,2,0,Z3,0.0205357143,,,,0,,,,0,3.6666666667,2026-08-05T18:00:00+08:00
