service_date,store_id,item_id,weekday_monday_zero,holiday,zone_id,discount_fraction,announced_at,promo_raw_row,promo_raw_hash,promo_known,rain_mm,weather_available_at,weather_raw_row,weather_known,time30,origin
2026-09-17,S01,K01,3,1,Z1,0.1200000000,2026-09-07 12:00:00+08:00,13346.0000000000,fc850d5a95aaa927a7d4a9c65940b5408eb497e551c2692b74e4fa33908bce95,1,6.8000000000,2026-09-16 16:00:00+08:00,836.0000000000,1,4.6333333333,2026-09-16T18:00:00+08:00
2026-09-17,S01,K02,3,1,Z1,0.0000000000,2026-09-07 12:00:00+08:00,13347.0000000000,ae90c830602e32fa4a3aa0e201efb8c4505358e4d0c07877f94f57a9fbe4a059,1,6.8000000000,2026-09-16 16:00:00+08:00,836.0000000000,1,4.6333333333,2026-09-16T18:00:00+08:00
2026-09-17,S01,K03,3,1,Z1,0.0000000000,2026-09-07 12:00:00+08:00,13348.0000000000,3dbe467457b3662b4ef3e486a8c1f6f7f089d5d5bbe2bc4811c582ea5cc2c4ed,1,6.8000000000,2026-09-16 16:00:00+08:00,836.0000000000,1,4.6333333333,2026-09-16T18:00:00+08:00
2026-09-17,S01,K04,3,1,Z1,0.0000000000,2026-09-07 12:00:00+08:00,13349.0000000000,6f5eda209d19f774f65cff8503b3edc5642b23bea88f49ff71fd9b9b2430e525,1,6.8000000000,2026-09-16 16:00:00+08:00,836.0000000000,1,4.6333333333,2026-09-16T18:00:00+08:00
2026-09-17,S01,K05,3,1,Z1,0.0000000000,2026-09-07 12:00:00+08:00,13350.0000000000,64e35df356fb3065421ba54e22238e95c5057aeb82b3d96047cab59b1a06101d,1,6.8000000000,2026-09-16 16:00:00+08:00,836.0000000000,1,4.6333333333,2026-09-16T18:00:00+08:00
2026-09-17,S01,K06,3,1,Z1,0.0000000000,2026-09-07 12:00:00+08:00,13351.0000000000,e5fd9bee6cc01dcbf5b478f0b4659b60c3e3042a0a4f3af54e77dc3500b2ce4b,1,6.8000000000,2026-09-16 16:00:00+08:00,836.0000000000,1,4.6333333333,2026-09-16T18:00:00+08:00
2026-09-17,S01,K07,3,1,Z1,0.1200000000,2026-09-07 12:00:00+08:00,13352.0000000000,5a113958e173339c5da6398524d2be9906c5c167f02feb43045bd87ba08cf6a8,1,6.8000000000,2026-09-16 16:00:00+08:00,836.0000000000,1,4.6333333333,2026-09-16T18:00:00+08:00
2026-09-17,S01,K08,3,1,Z1,0.0000000000,2026-09-07 12:00:00+08:00,13353.0000000000,78094b4b6787b1ec29ce27adb8f86aad4f9344645b6d5732ce884c097132d4fd,1,6.8000000000,2026-09-16 16:00:00+08:00,836.0000000000,1,4.6333333333,2026-09-16T18:00:00+08:00
2026-09-17,S02,K01,3,1,Z1,0.1200000000,2026-09-07 12:00:00+08:00,13354.0000000000,eef02e375a10fdbb165cdaf47b5c89690a19228e05779086aef542911f935e15,1,6.8000000000,2026-09-16 16:00:00+08:00,836.0000000000,1,4.6333333333,2026-09-16T18:00:00+08:00
2026-09-17,S02,K02,3,1,Z1,0.0000000000,2026-09-07 12:00:00+08:00,13355.0000000000,2fc382890f1df3b5b409cb9948d38aae842adb66f5780424e1bc0f568d1d752b,1,6.8000000000,2026-09-16 16:00:00+08:00,836.0000000000,1,4.6333333333,2026-09-16T18:00:00+08:00
2026-09-17,S02,K03,3,1,Z1,0.0000000000,2026-09-07 12:00:00+08:00,13356.0000000000,72323353894faab87d93a6b2576f147afb0837847d897b1f1b574d67192b0e31,1,6.8000000000,2026-09-16 16:00:00+08:00,836.0000000000,1,4.6333333333,2026-09-16T18:00:00+08:00
2026-09-17,S02,K04,3,1,Z1,0.0000000000,2026-09-07 12:00:00+08:00,13357.0000000000,beadbcf2998b8dcc7e665e8baf625e4686aa50875b49db1274d5047540c5811b,1,6.8000000000,2026-09-16 16:00:00+08:00,836.0000000000,1,4.6333333333,2026-09-16T18:00:00+08:00
2026-09-17,S02,K05,3,1,Z1,0.0000000000,2026-09-07 12:00:00+08:00,13358.0000000000,0a087d6e2f90a254afe71e27e4124a02ce9f97e306ebfa22afef015820945a60,1,6.8000000000,2026-09-16 16:00:00+08:00,836.0000000000,1,4.6333333333,2026-09-16T18:00:00+08:00
2026-09-17,S02,K06,3,1,Z1,0.0000000000,2026-09-07 12:00:00+08:00,13359.0000000000,2fbbf0b4a947f4cfbf7c18304cfdb878cfaddacdf0b3a0c0dc9ed41fd46e15c1,1,6.8000000000,2026-09-16 16:00:00+08:00,836.0000000000,1,4.6333333333,2026-09-16T18:00:00+08:00
2026-09-17,S02,K07,3,1,Z1,0.1200000000,2026-09-07 12:00:00+08:00,13360.0000000000,f2a76fe64ea7cf7e885ab522457315316ab94fef508cdcc585312d1b70180b50,1,6.8000000000,2026-09-16 16:00:00+08:00,836.0000000000,1,4.6333333333,2026-09-16T18:00:00+08:00
2026-09-17,S02,K08,3,1,Z1,0.0000000000,2026-09-07 12:00:00+08:00,13361.0000000000,06b494b939301636923a792bd8b4e83062d9b0098f2c59094a70420ba232e789,1,6.8000000000,2026-09-16 16:00:00+08:00,836.0000000000,1,4.6333333333,2026-09-16T18:00:00+08:00
2026-09-17,S03,K01,3,1,Z1,0.0000000000,2026-09-07 12:00:00+08:00,13362.0000000000,b12a82865daa37b7f344e314e9357bd05789c97f4acde70873d41e3e148945bc,1,6.8000000000,2026-09-16 16:00:00+08:00,836.0000000000,1,4.6333333333,2026-09-16T18:00:00+08:00
2026-09-17,S03,K02,3,1,Z1,0.0000000000,2026-09-07 12:00:00+08:00,13363.0000000000,b5c9c78eac9c1da2aeed600dfd2e222804686b04241712bc30f5c46efa40a884,1,6.8000000000,2026-09-16 16:00:00+08:00,836.0000000000,1,4.6333333333,2026-09-16T18:00:00+08:00
2026-09-17,S03,K03,3,1,Z1,0.0000000000,2026-09-07 12:00:00+08:00,13364.0000000000,9d1b4d7b39b21109f664da5edb865041ed80b1086bf57072b648d806334e3503,1,6.8000000000,2026-09-16 16:00:00+08:00,836.0000000000,1,4.6333333333,2026-09-16T18:00:00+08:00
2026-09-17,S03,K04,3,1,Z1,0.0000000000,2026-09-07 12:00:00+08:00,13365.0000000000,a1f941da7feccce8ef55a2055f0203935cb6e6ca2a1c93615529458902285cad,1,6.8000000000,2026-09-16 16:00:00+08:00,836.0000000000,1,4.6333333333,2026-09-16T18:00:00+08:00
2026-09-17,S03,K05,3,1,Z1,0.0000000000,2026-09-07 12:00:00+08:00,13366.0000000000,42517eb03367216bd512bccb48dc84dd97b27a08490c82dac2c1ffe9344542bd,1,6.8000000000,2026-09-16 16:00:00+08:00,836.0000000000,1,4.6333333333,2026-09-16T18:00:00+08:00
2026-09-17,S03,K06,3,1,Z1,0.1200000000,2026-09-07 12:00:00+08:00,13367.0000000000,db8114c3eb98b633fc73d2e14a5e4d1c26e54978de70bf858d497cd05050dccb,1,6.8000000000,2026-09-16 16:00:00+08:00,836.0000000000,1,4.6333333333,2026-09-16T18:00:00+08:00
2026-09-17,S03,K07,3,1,Z1,0.0000000000,2026-09-07 12:00:00+08:00,13368.0000000000,3aef14d11655ebb39f2d3f121f74f4de7021ef612b7a0ad9b387d60a09875749,1,6.8000000000,2026-09-16 16:00:00+08:00,836.0000000000,1,4.6333333333,2026-09-16T18:00:00+08:00
2026-09-17,S03,K08,3,1,Z1,0.0000000000,2026-09-07 12:00:00+08:00,13369.0000000000,d7667c031ea49ae613f0217ff08ff926fc012fbb3c396cbbbc7424f2e2beb1c4,1,6.8000000000,2026-09-16 16:00:00+08:00,836.0000000000,1,4.6333333333,2026-09-16T18:00:00+08:00
2026-09-17,S04,K01,3,1,Z1,0.0000000000,2026-09-07 12:00:00+08:00,13370.0000000000,a49e0bf4bc9a06dee0cfc4a3a8b9a8713b5ec5ea5ff8f7ff0a36eb9cf464dcc4,1,6.8000000000,2026-09-16 16:00:00+08:00,836.0000000000,1,4.6333333333,2026-09-16T18:00:00+08:00
2026-09-17,S04,K02,3,1,Z1,0.0000000000,2026-09-07 12:00:00+08:00,13371.0000000000,48c114400532681bfaf1d1dd5569da1ceb4ccd0ead7e71a70d840fb3562d3a96,1,6.8000000000,2026-09-16 16:00:00+08:00,836.0000000000,1,4.6333333333,2026-09-16T18:00:00+08:00
2026-09-17,S04,K03,3,1,Z1,0.0000000000,2026-09-07 12:00:00+08:00,13372.0000000000,1b7f83abc8be4b5560f3c02c4b74cb936c00f111c33f119c47a6138de7a4f701,1,6.8000000000,2026-09-16 16:00:00+08:00,836.0000000000,1,4.6333333333,2026-09-16T18:00:00+08:00
2026-09-17,S04,K04,3,1,Z1,0.0000000000,2026-09-07 12:00:00+08:00,13373.0000000000,152d5198b9a15ac88f460cd92361f76cb5278e473b6cf98258021d1d8eda0461,1,6.8000000000,2026-09-16 16:00:00+08:00,836.0000000000,1,4.6333333333,2026-09-16T18:00:00+08:00
2026-09-17,S04,K05,3,1,Z1,0.0000000000,2026-09-07 12:00:00+08:00,13374.0000000000,aa19902e0e875a73c03bbb0b0738218c3918128c07a2e05ae35f9284f00ea526,1,6.8000000000,2026-09-16 16:00:00+08:00,836.0000000000,1,4.6333333333,2026-09-16T18:00:00+08:00
2026-09-17,S04,K06,3,1,Z1,0.1200000000,2026-09-07 12:00:00+08:00,13375.0000000000,ddf1e2472e7be55cb8e87685f215dddd8369d0ac613e8d9c392c4986339eb23f,1,6.8000000000,2026-09-16 16:00:00+08:00,836.0000000000,1,4.6333333333,2026-09-16T18:00:00+08:00
2026-09-17,S04,K07,3,1,Z1,0.0000000000,2026-09-07 12:00:00+08:00,13376.0000000000,9da876b043faf13e1a5279402f1c7251b66fd81e30761a4ed8adb2cc57b347fe,1,6.8000000000,2026-09-16 16:00:00+08:00,836.0000000000,1,4.6333333333,2026-09-16T18:00:00+08:00
2026-09-17,S04,K08,3,1,Z1,0.0000000000,2026-09-07 12:00:00+08:00,13377.0000000000,39d2a6ad7ba52702d1a2b4d87d733ba34a1fa260fdf5ee794cc116165112c11f,1,6.8000000000,2026-09-16 16:00:00+08:00,836.0000000000,1,4.6333333333,2026-09-16T18:00:00+08:00
2026-09-17,S05,K01,3,1,Z2,0.0000000000,2026-09-07 12:00:00+08:00,13378.0000000000,ca14d7b23096051b2a0d3871719afe597d9651180c9290ff736af63bc869fbad,1,2.4900000000,2026-09-16 16:00:00+08:00,838.0000000000,1,4.6333333333,2026-09-16T18:00:00+08:00
2026-09-17,S05,K02,3,1,Z2,0.0000000000,2026-09-07 12:00:00+08:00,13379.0000000000,6fb51189eba44a46de157fdc88ab2e4dcfdac86921efdaed2ea56c0d22dd3eea,1,2.4900000000,2026-09-16 16:00:00+08:00,838.0000000000,1,4.6333333333,2026-09-16T18:00:00+08:00
2026-09-17,S05,K03,3,1,Z2,0.0000000000,2026-09-07 12:00:00+08:00,13380.0000000000,8e7cc0599f9ed47c584d7eb8bf8f0351a1f908b1824579e585d326804cb5f9a0,1,2.4900000000,2026-09-16 16:00:00+08:00,838.0000000000,1,4.6333333333,2026-09-16T18:00:00+08:00
2026-09-17,S05,K04,3,1,Z2,0.0000000000,2026-09-07 12:00:00+08:00,13381.0000000000,b330ce59b0baa82b7031fdf58dcbbd915c43ce779e56e76e3741bae1b338159f,1,2.4900000000,2026-09-16 16:00:00+08:00,838.0000000000,1,4.6333333333,2026-09-16T18:00:00+08:00
2026-09-17,S05,K05,3,1,Z2,0.1200000000,2026-09-07 12:00:00+08:00,13382.0000000000,69883a73fcb1af0156c4266896f54467427f9085bea9622b3e49d0b6233d150b,1,2.4900000000,2026-09-16 16:00:00+08:00,838.0000000000,1,4.6333333333,2026-09-16T18:00:00+08:00
2026-09-17,S05,K06,3,1,Z2,0.0000000000,2026-09-07 12:00:00+08:00,13383.0000000000,54611b1e03ba2b8596da5afb5eb121d82b028b6e56d7641a9df65cbe19ab3995,1,2.4900000000,2026-09-16 16:00:00+08:00,838.0000000000,1,4.6333333333,2026-09-16T18:00:00+08:00
2026-09-17,S05,K07,3,1,Z2,0.0000000000,2026-09-07 12:00:00+08:00,13384.0000000000,3c0497c4b6668aa1312f738810f688a1db52b101aea8425ed30bbcff32bf88ae,1,2.4900000000,2026-09-16 16:00:00+08:00,838.0000000000,1,4.6333333333,2026-09-16T18:00:00+08:00
2026-09-17,S05,K08,3,1,Z2,0.0000000000,2026-09-07 12:00:00+08:00,13385.0000000000,849c3897998a5efbfa52edfdffff018f8a690027ba0f0af279932bbd41593495,1,2.4900000000,2026-09-16 16:00:00+08:00,838.0000000000,1,4.6333333333,2026-09-16T18:00:00+08:00
2026-09-17,S06,K01,3,1,Z2,0.0000000000,2026-09-07 12:00:00+08:00,13386.0000000000,ec4498d27ca9ceb1e706c7c8ed0b9de0e528bdc419da6740b5f7fc86a4123841,1,2.4900000000,2026-09-16 16:00:00+08:00,838.0000000000,1,4.6333333333,2026-09-16T18:00:00+08:00
2026-09-17,S06,K02,3,1,Z2,0.0000000000,2026-09-07 12:00:00+08:00,13387.0000000000,fc67ad0915f13659f279eb880851ac7103efec5afc910bfc73eaa9f836dfb531,1,2.4900000000,2026-09-16 16:00:00+08:00,838.0000000000,1,4.6333333333,2026-09-16T18:00:00+08:00
2026-09-17,S06,K03,3,1,Z2,0.0000000000,2026-09-07 12:00:00+08:00,13388.0000000000,79846431fecbb96215245104105baef7a9b81fb1dd06cddf549b34b533190ca6,1,2.4900000000,2026-09-16 16:00:00+08:00,838.0000000000,1,4.6333333333,2026-09-16T18:00:00+08:00
2026-09-17,S06,K04,3,1,Z2,0.0000000000,2026-09-07 12:00:00+08:00,13389.0000000000,60ff1c7fd91dcec3d01e1eff8ba5a204e707bcfd673cb9c91eaca3c7ea78d346,1,2.4900000000,2026-09-16 16:00:00+08:00,838.0000000000,1,4.6333333333,2026-09-16T18:00:00+08:00
2026-09-17,S06,K05,3,1,Z2,0.1200000000,2026-09-07 12:00:00+08:00,13390.0000000000,b31a48a44f220c50f23c0b16d43f319c42e3a54b94bc915b850464e9b545daa0,1,2.4900000000,2026-09-16 16:00:00+08:00,838.0000000000,1,4.6333333333,2026-09-16T18:00:00+08:00
2026-09-17,S06,K06,3,1,Z2,0.0000000000,2026-09-07 12:00:00+08:00,13391.0000000000,47ba07eebcabddcd1a87492cbd9e7843d5e12636dfeea26d09dba8db3956b719,1,2.4900000000,2026-09-16 16:00:00+08:00,838.0000000000,1,4.6333333333,2026-09-16T18:00:00+08:00
2026-09-17,S06,K07,3,1,Z2,0.0000000000,2026-09-07 12:00:00+08:00,13392.0000000000,f30d0f4206ffe6e565405fe4dec3c58a04a15299654646b8552cb4ef5d0aaaa9,1,2.4900000000,2026-09-16 16:00:00+08:00,838.0000000000,1,4.6333333333,2026-09-16T18:00:00+08:00
2026-09-17,S06,K08,3,1,Z2,0.0000000000,2026-09-07 12:00:00+08:00,13393.0000000000,f6603f0d1e009a8c548ed501764370a190e2e0ad92cdcde1be9b817de3b2165e,1,2.4900000000,2026-09-16 16:00:00+08:00,838.0000000000,1,4.6333333333,2026-09-16T18:00:00+08:00
2026-09-17,S07,K01,3,1,Z2,0.0000000000,2026-09-07 12:00:00+08:00,13394.0000000000,1f0a774262d3dc6d9aa48020ba1b4b736e2b82599d2ec4f3b9ced775db2a77ca,1,2.4900000000,2026-09-16 16:00:00+08:00,838.0000000000,1,4.6333333333,2026-09-16T18:00:00+08:00
2026-09-17,S07,K02,3,1,Z2,0.0000000000,2026-09-07 12:00:00+08:00,13395.0000000000,9adcf02db2640782d0718b932fd669d73dbacbd8af22757ade9126c396f6ac9b,1,2.4900000000,2026-09-16 16:00:00+08:00,838.0000000000,1,4.6333333333,2026-09-16T18:00:00+08:00
2026-09-17,S07,K03,3,1,Z2,0.0000000000,2026-09-07 12:00:00+08:00,13396.0000000000,ffcc4aace6cbda531e5d0efd39d73403c861682c427c8cdeca4515a37da9d111,1,2.4900000000,2026-09-16 16:00:00+08:00,838.0000000000,1,4.6333333333,2026-09-16T18:00:00+08:00
2026-09-17,S07,K04,3,1,Z2,0.0000000000,2026-09-07 12:00:00+08:00,13397.0000000000,df153cf8826504544b578f2a2fc7dd240038f905ccbca6414fabbb97d9c5c1e6,1,2.4900000000,2026-09-16 16:00:00+08:00,838.0000000000,1,4.6333333333,2026-09-16T18:00:00+08:00
2026-09-17,S07,K05,3,1,Z2,0.1200000000,2026-09-07 12:00:00+08:00,13398.0000000000,3964c1679e4f7ece19d0ffb450fa0ac3a84dc3d8a1be9101331378481fda2e2d,1,2.4900000000,2026-09-16 16:00:00+08:00,838.0000000000,1,4.6333333333,2026-09-16T18:00:00+08:00
2026-09-17,S07,K06,3,1,Z2,0.0000000000,2026-09-07 12:00:00+08:00,13399.0000000000,ca9774247083ac1270ffdb9c965a3a8ed264fd9c5468a167bc430eac2952090d,1,2.4900000000,2026-09-16 16:00:00+08:00,838.0000000000,1,4.6333333333,2026-09-16T18:00:00+08:00
2026-09-17,S07,K07,3,1,Z2,0.0000000000,2026-09-07 12:00:00+08:00,13400.0000000000,ee85ef77eca36da33fa70fbf5a04197c79276201bb7f7ab239c644680f23fe91,1,2.4900000000,2026-09-16 16:00:00+08:00,838.0000000000,1,4.6333333333,2026-09-16T18:00:00+08:00
2026-09-17,S07,K08,3,1,Z2,0.0000000000,2026-09-07 12:00:00+08:00,13401.0000000000,9c34638d985413b4312be7365c211baa994deded455a0ed6fbe8724f4299c915,1,2.4900000000,2026-09-16 16:00:00+08:00,838.0000000000,1,4.6333333333,2026-09-16T18:00:00+08:00
2026-09-17,S08,K01,3,1,Z2,0.0000000000,2026-09-07 12:00:00+08:00,13402.0000000000,c2cdfc3995e01ced5011dee1138e3cacc67068ee44beb8977d4da888cd58286a,1,2.4900000000,2026-09-16 16:00:00+08:00,838.0000000000,1,4.6333333333,2026-09-16T18:00:00+08:00
2026-09-17,S08,K02,3,1,Z2,0.0000000000,2026-09-07 12:00:00+08:00,13403.0000000000,c0b829dd9c3a1a244041033a183437115fd4ba890c38f4496631f69ef3eb2852,1,2.4900000000,2026-09-16 16:00:00+08:00,838.0000000000,1,4.6333333333,2026-09-16T18:00:00+08:00
2026-09-17,S08,K03,3,1,Z2,0.0000000000,2026-09-07 12:00:00+08:00,13404.0000000000,afc9a6beb0a15382258e58c2541f3144992eabc5aea4190fb95d5d79c86dec30,1,2.4900000000,2026-09-16 16:00:00+08:00,838.0000000000,1,4.6333333333,2026-09-16T18:00:00+08:00
2026-09-17,S08,K04,3,1,Z2,0.1200000000,2026-09-07 12:00:00+08:00,13405.0000000000,ca3b001e4dcc4b2c7073f4406e22256a2be285d458826fe7704e338051826424,1,2.4900000000,2026-09-16 16:00:00+08:00,838.0000000000,1,4.6333333333,2026-09-16T18:00:00+08:00
2026-09-17,S08,K05,3,1,Z2,0.0000000000,2026-09-07 12:00:00+08:00,13406.0000000000,f2c8a48e78c2cf11fe33c40dce55ed1b8d9c2082ff9c28ed32f7afd85cae9d99,1,2.4900000000,2026-09-16 16:00:00+08:00,838.0000000000,1,4.6333333333,2026-09-16T18:00:00+08:00
2026-09-17,S08,K06,3,1,Z2,0.0000000000,2026-09-07 12:00:00+08:00,13407.0000000000,e0af10cbae2740898613fea81ddc9fc7b0fae3339d6d6603a0c7e34b5d4cd1a5,1,2.4900000000,2026-09-16 16:00:00+08:00,838.0000000000,1,4.6333333333,2026-09-16T18:00:00+08:00
2026-09-17,S08,K07,3,1,Z2,0.0000000000,2026-09-07 12:00:00+08:00,13408.0000000000,b1ef15372d91ed24aac84eded743217e3ef837807b9f48fb26e2ff20a9013634,1,2.4900000000,2026-09-16 16:00:00+08:00,838.0000000000,1,4.6333333333,2026-09-16T18:00:00+08:00
2026-09-17,S08,K08,3,1,Z2,0.0000000000,2026-09-07 12:00:00+08:00,13409.0000000000,a65be922341426c1041cb562f7e4a2afba9bcc79a9b464c00ee8f524fbf428b0,1,2.4900000000,2026-09-16 16:00:00+08:00,838.0000000000,1,4.6333333333,2026-09-16T18:00:00+08:00
2026-09-17,S09,K01,3,1,Z3,0.0000000000,2026-09-07 12:00:00+08:00,13410.0000000000,fe13a1252f38f3b8b77487cf749d7fa2b524579f8321addac667b2064b660ae9,1,4.0100000000,2026-09-16 16:00:00+08:00,840.0000000000,1,4.6333333333,2026-09-16T18:00:00+08:00
2026-09-17,S09,K02,3,1,Z3,0.0000000000,2026-09-07 12:00:00+08:00,13411.0000000000,2291ddfca58816595e5b5fa9ccbc87b94dd4164d02eff1c67a0595fdb75c55f4,1,4.0100000000,2026-09-16 16:00:00+08:00,840.0000000000,1,4.6333333333,2026-09-16T18:00:00+08:00
2026-09-17,S09,K03,3,1,Z3,0.0000000000,2026-09-07 12:00:00+08:00,13412.0000000000,e11585b80d1e48459c06e42605676f2e9043be87951c1c407587e777ca4809bb,1,4.0100000000,2026-09-16 16:00:00+08:00,840.0000000000,1,4.6333333333,2026-09-16T18:00:00+08:00
2026-09-17,S09,K04,3,1,Z3,0.1200000000,2026-09-07 12:00:00+08:00,13413.0000000000,5cf707ad8711537ba018173e41a24feee50f2f09823f53187eeeec076cd2fb3b,1,4.0100000000,2026-09-16 16:00:00+08:00,840.0000000000,1,4.6333333333,2026-09-16T18:00:00+08:00
2026-09-17,S09,K05,3,1,Z3,0.0000000000,2026-09-07 12:00:00+08:00,13414.0000000000,68a9c52a3610f91cdd8ca61fc4e7899c4659ebd3d1959c51628ecec20e10f13f,1,4.0100000000,2026-09-16 16:00:00+08:00,840.0000000000,1,4.6333333333,2026-09-16T18:00:00+08:00
2026-09-17,S09,K06,3,1,Z3,0.0000000000,2026-09-07 12:00:00+08:00,13415.0000000000,42980035b5f94da9c54da95817d1e6de22175d51925f1b863715c7e71dc1a69b,1,4.0100000000,2026-09-16 16:00:00+08:00,840.0000000000,1,4.6333333333,2026-09-16T18:00:00+08:00
2026-09-17,S09,K07,3,1,Z3,0.0000000000,2026-09-07 12:00:00+08:00,13416.0000000000,8a9aec966a13fbb9a28e29e7b3f3cef06cb32249d21a8229680f8ff8786f3666,1,4.0100000000,2026-09-16 16:00:00+08:00,840.0000000000,1,4.6333333333,2026-09-16T18:00:00+08:00
2026-09-17,S09,K08,3,1,Z3,0.0000000000,2026-09-07 12:00:00+08:00,13417.0000000000,95aeffb35faea05df028d0cb03ebb35dab571f5730dc8e8d615539813d22fe1f,1,4.0100000000,2026-09-16 16:00:00+08:00,840.0000000000,1,4.6333333333,2026-09-16T18:00:00+08:00
2026-09-17,S10,K01,3,1,Z3,0.0000000000,2026-09-07 12:00:00+08:00,13418.0000000000,0703218a1176d4e5d8eaae937c8d6e5c83b7d42bab55651fab12f087f118990f,1,4.0100000000,2026-09-16 16:00:00+08:00,840.0000000000,1,4.6333333333,2026-09-16T18:00:00+08:00
2026-09-17,S10,K02,3,1,Z3,0.0000000000,2026-09-07 12:00:00+08:00,13419.0000000000,78bb50e7ac398a2094e23b6bc8a4cac739af142ca1727f4168cc53b60f58a70a,1,4.0100000000,2026-09-16 16:00:00+08:00,840.0000000000,1,4.6333333333,2026-09-16T18:00:00+08:00
2026-09-17,S10,K03,3,1,Z3,0.1200000000,2026-09-07 12:00:00+08:00,13420.0000000000,9a8d99dfc319a3a8bdc8e20b8c78fee0d28e17986eb4abc9ecfc3d7d224106e3,1,4.0100000000,2026-09-16 16:00:00+08:00,840.0000000000,1,4.6333333333,2026-09-16T18:00:00+08:00
2026-09-17,S10,K04,3,1,Z3,0.0000000000,2026-09-07 12:00:00+08:00,13421.0000000000,5f33cce912d773096a10c0ad47f9bc59d3348ecda70ad2ce6b3ef7c3e0649c69,1,4.0100000000,2026-09-16 16:00:00+08:00,840.0000000000,1,4.6333333333,2026-09-16T18:00:00+08:00
2026-09-17,S10,K05,3,1,Z3,0.0000000000,2026-09-07 12:00:00+08:00,13422.0000000000,c17533e305c76ea4cc9dcdb419907497ff734729f1b316800651c97f2d3b028f,1,4.0100000000,2026-09-16 16:00:00+08:00,840.0000000000,1,4.6333333333,2026-09-16T18:00:00+08:00
2026-09-17,S10,K06,3,1,Z3,0.0000000000,2026-09-07 12:00:00+08:00,13423.0000000000,40437a20da0970fee9d83a881a51506a66e7720c461a8e20b159d1c03bc392bc,1,4.0100000000,2026-09-16 16:00:00+08:00,840.0000000000,1,4.6333333333,2026-09-16T18:00:00+08:00
2026-09-17,S10,K07,3,1,Z3,0.0000000000,2026-09-07 12:00:00+08:00,13424.0000000000,b51a146a303d0dd9c04e4e920767d5f539ab4be3cf692e30b801fa31d6747010,1,4.0100000000,2026-09-16 16:00:00+08:00,840.0000000000,1,4.6333333333,2026-09-16T18:00:00+08:00
2026-09-17,S10,K08,3,1,Z3,0.0000000000,2026-09-07 12:00:00+08:00,13425.0000000000,0b849c937324df3a4f73c509ddf908a2318e9176a6f0e453962acc123ac58053,1,4.0100000000,2026-09-16 16:00:00+08:00,840.0000000000,1,4.6333333333,2026-09-16T18:00:00+08:00
2026-09-17,S11,K01,3,1,Z3,0.0000000000,2026-09-07 12:00:00+08:00,13426.0000000000,2233f265e0d356bfadd9bc13bf7f79d954f9c380c186dec3b44eb0fd137cfbc0,1,4.0100000000,2026-09-16 16:00:00+08:00,840.0000000000,1,4.6333333333,2026-09-16T18:00:00+08:00
2026-09-17,S11,K02,3,1,Z3,0.0000000000,2026-09-07 12:00:00+08:00,13427.0000000000,0cc9f5364620296d69758b9cb24b3841c8feaca39197a9db85ece6f873766f41,1,4.0100000000,2026-09-16 16:00:00+08:00,840.0000000000,1,4.6333333333,2026-09-16T18:00:00+08:00
2026-09-17,S11,K03,3,1,Z3,0.1200000000,2026-09-07 12:00:00+08:00,13428.0000000000,a6e1d5b5cbbee425bd84d4f8dd6be254fad860276babcae6a1b55352eec0f602,1,4.0100000000,2026-09-16 16:00:00+08:00,840.0000000000,1,4.6333333333,2026-09-16T18:00:00+08:00
2026-09-17,S11,K04,3,1,Z3,0.0000000000,2026-09-07 12:00:00+08:00,13429.0000000000,eb4763c5af59829aefe6b09a0ff39b855c236cf60fe39d87bcd1d3dccfd24638,1,4.0100000000,2026-09-16 16:00:00+08:00,840.0000000000,1,4.6333333333,2026-09-16T18:00:00+08:00
2026-09-17,S11,K05,3,1,Z3,0.0000000000,2026-09-07 12:00:00+08:00,13430.0000000000,1899a034b69c43cad08b5ffcf6bce1fabd8a637e26525c379ce528897363365d,1,4.0100000000,2026-09-16 16:00:00+08:00,840.0000000000,1,4.6333333333,2026-09-16T18:00:00+08:00
2026-09-17,S11,K06,3,1,Z3,0.0000000000,2026-09-07 12:00:00+08:00,13431.0000000000,3aea46f3d0a16c4d4ffee6ea097063a7f4eef9d6aa3a35370f54c1268a04517e,1,4.0100000000,2026-09-16 16:00:00+08:00,840.0000000000,1,4.6333333333,2026-09-16T18:00:00+08:00
2026-09-17,S11,K07,3,1,Z3,0.0000000000,2026-09-07 12:00:00+08:00,13432.0000000000,438927160f6e8aa34e808de18ea723e5cba33b112867f4d1c56d8b6c33e4cdfb,1,4.0100000000,2026-09-16 16:00:00+08:00,840.0000000000,1,4.6333333333,2026-09-16T18:00:00+08:00
2026-09-17,S11,K08,3,1,Z3,0.0000000000,2026-09-07 12:00:00+08:00,13433.0000000000,52471f85bed467a5eee8de1d43aaa0cddd560694ea7305d0b882079c64c79fbd,1,4.0100000000,2026-09-16 16:00:00+08:00,840.0000000000,1,4.6333333333,2026-09-16T18:00:00+08:00
2026-09-17,S12,K01,3,1,Z3,0.0000000000,2026-09-07 12:00:00+08:00,13434.0000000000,974d329e679c121fd6a0f934531d9661f0b94f2b4ab6bf4c966c2afb03ed1b9d,1,4.0100000000,2026-09-16 16:00:00+08:00,840.0000000000,1,4.6333333333,2026-09-16T18:00:00+08:00
2026-09-17,S12,K02,3,1,Z3,0.0000000000,2026-09-07 12:00:00+08:00,13435.0000000000,083c96240bbeda8a6c8abfa55d4f0a12c067ddb5a3f22a557097c935e315017d,1,4.0100000000,2026-09-16 16:00:00+08:00,840.0000000000,1,4.6333333333,2026-09-16T18:00:00+08:00
2026-09-17,S12,K03,3,1,Z3,0.1200000000,2026-09-07 12:00:00+08:00,13436.0000000000,4f70060c8f66ba03fd9fd27ac07c5591f9403033eff5af30d20d40c54cf774a3,1,4.0100000000,2026-09-16 16:00:00+08:00,840.0000000000,1,4.6333333333,2026-09-16T18:00:00+08:00
2026-09-17,S12,K04,3,1,Z3,0.0000000000,2026-09-07 12:00:00+08:00,13437.0000000000,3c2b2a6cc55f6288c51e3c41fde9142a432c380590254c2a70471ec0f137365b,1,4.0100000000,2026-09-16 16:00:00+08:00,840.0000000000,1,4.6333333333,2026-09-16T18:00:00+08:00
2026-09-17,S12,K05,3,1,Z3,0.0000000000,2026-09-07 12:00:00+08:00,13438.0000000000,59a5bb451173db45b00cc48103c0ac249bc8b4a673f1afee6820b2c4c248a1c6,1,4.0100000000,2026-09-16 16:00:00+08:00,840.0000000000,1,4.6333333333,2026-09-16T18:00:00+08:00
2026-09-17,S12,K06,3,1,Z3,0.0000000000,2026-09-07 12:00:00+08:00,13439.0000000000,319479ecc00160f4165c1a8d4d5707036d64e03ccfa6d8b3313ee837b1001ce5,1,4.0100000000,2026-09-16 16:00:00+08:00,840.0000000000,1,4.6333333333,2026-09-16T18:00:00+08:00
2026-09-17,S12,K07,3,1,Z3,0.0000000000,2026-09-07 12:00:00+08:00,13440.0000000000,d78f0d999372cba28dc2a3ad4868b866832526789ce49900b8c9000823e40c75,1,4.0100000000,2026-09-16 16:00:00+08:00,840.0000000000,1,4.6333333333,2026-09-16T18:00:00+08:00
2026-09-17,S12,K08,3,1,Z3,0.1200000000,2026-09-07 12:00:00+08:00,13441.0000000000,0020dc484426fb1ac3d32361f6aba0f7113799398c01a4b86e430a985c1348f4,1,4.0100000000,2026-09-16 16:00:00+08:00,840.0000000000,1,4.6333333333,2026-09-16T18:00:00+08:00
2026-09-18,S01,K01,4,0,Z1,0.1200000000,2026-09-08 12:00:00+08:00,13442.0000000000,f714c7487109de2c3e9eb2bf85341b76d22cd110c38e740d0dbc3d3b92b51a85,1,,,,0,4.6666666667,2026-09-16T18:00:00+08:00
2026-09-18,S01,K02,4,0,Z1,0.0000000000,2026-09-08 12:00:00+08:00,13443.0000000000,aac11909c5ef5f39191c398772d5e48d2ea1ab3c51ca3c4a2938ae92ca6f83de,1,,,,0,4.6666666667,2026-09-16T18:00:00+08:00
2026-09-18,S01,K03,4,0,Z1,0.0000000000,2026-09-08 12:00:00+08:00,13444.0000000000,6d64e0922d4d5613d25ccb914195d3c8e8a694df1a7bdb6f0993b431855cf84a,1,,,,0,4.6666666667,2026-09-16T18:00:00+08:00
2026-09-18,S01,K04,4,0,Z1,0.0000000000,2026-09-08 12:00:00+08:00,13445.0000000000,c2824b4d7b6fcdcfeffb8826954bd224f1e349a202f4e030bf4200252d08c1f4,1,,,,0,4.6666666667,2026-09-16T18:00:00+08:00
2026-09-18,S01,K05,4,0,Z1,0.0000000000,2026-09-08 12:00:00+08:00,13446.0000000000,6a9a9cb91893ac5fc953a921376b77d140b949af75c30bd7af27a6c07af1348a,1,,,,0,4.6666666667,2026-09-16T18:00:00+08:00
2026-09-18,S01,K06,4,0,Z1,0.0000000000,2026-09-08 12:00:00+08:00,13447.0000000000,521df3a4dc45381b8117df2f3f511d146e8ebd0ece46e1971c25cf4cb01c0f39,1,,,,0,4.6666666667,2026-09-16T18:00:00+08:00
2026-09-18,S01,K07,4,0,Z1,0.1200000000,2026-09-08 12:00:00+08:00,13448.0000000000,ccbf5bf913a92f0eaa4f4d41c0efafd0de3697a3fd9b8a22ff23d8bc32bfc1b6,1,,,,0,4.6666666667,2026-09-16T18:00:00+08:00
2026-09-18,S01,K08,4,0,Z1,0.0000000000,2026-09-08 12:00:00+08:00,13449.0000000000,431a3ca9cc0a31c1a5854b3efba43c4289fc6b9cbffb776bd68da8dc961ab287,1,,,,0,4.6666666667,2026-09-16T18:00:00+08:00
2026-09-18,S02,K01,4,0,Z1,0.1200000000,2026-09-08 12:00:00+08:00,13450.0000000000,e352ff83c5bb21704c5f325cd823b68779bb26f4ca7bfbdb1309d95bbc7a7336,1,,,,0,4.6666666667,2026-09-16T18:00:00+08:00
2026-09-18,S02,K02,4,0,Z1,0.0000000000,2026-09-08 12:00:00+08:00,13451.0000000000,59360daae8124d034b52875a1fd89431359f910abf3d6bd4f9b07b69d1714308,1,,,,0,4.6666666667,2026-09-16T18:00:00+08:00
2026-09-18,S02,K03,4,0,Z1,0.0000000000,2026-09-08 12:00:00+08:00,13452.0000000000,b7cc84a6044b3c6d38c07b51ef8b9045572b68250c7fc4ff2e74d0c209d884f4,1,,,,0,4.6666666667,2026-09-16T18:00:00+08:00
2026-09-18,S02,K04,4,0,Z1,0.0000000000,2026-09-08 12:00:00+08:00,13453.0000000000,8a82ee096de654d83893d71737ad81211ada9c4309974dc9f357dad3230e973a,1,,,,0,4.6666666667,2026-09-16T18:00:00+08:00
2026-09-18,S02,K05,4,0,Z1,0.0000000000,2026-09-08 12:00:00+08:00,13454.0000000000,7381ad858078daaa4af82ae94b2a3d8223358633368e73291bac985b3fbaa411,1,,,,0,4.6666666667,2026-09-16T18:00:00+08:00
2026-09-18,S02,K06,4,0,Z1,0.1200000000,2026-09-08 12:00:00+08:00,13455.0000000000,4b5c985de70ec6b1c80943d74aa8fb8a692ce95f435f95ef754fb516ba3082c7,1,,,,0,4.6666666667,2026-09-16T18:00:00+08:00
2026-09-18,S02,K07,4,0,Z1,0.0000000000,2026-09-08 12:00:00+08:00,13456.0000000000,a330ba8d58dc1b7696f078e21e2eab881435f5ea641373e5d85e1a40caa4ce1c,1,,,,0,4.6666666667,2026-09-16T18:00:00+08:00
2026-09-18,S02,K08,4,0,Z1,0.0000000000,2026-09-08 12:00:00+08:00,13457.0000000000,31d487815cb796fc83e86e6b7fe9a20a087a6440180bba76c876ee928956d767,1,,,,0,4.6666666667,2026-09-16T18:00:00+08:00
2026-09-18,S03,K01,4,0,Z1,0.0000000000,2026-09-08 12:00:00+08:00,13458.0000000000,ca622c69234f52d1a384b35f3178e41b0959c000a59403bd128af7bc79894d80,1,,,,0,4.6666666667,2026-09-16T18:00:00+08:00
2026-09-18,S03,K02,4,0,Z1,0.0000000000,2026-09-08 12:00:00+08:00,13459.0000000000,31c6a411a9bda10719ddfa0acc9fe47164e3547ced77d4a1801ee9b733746396,1,,,,0,4.6666666667,2026-09-16T18:00:00+08:00
2026-09-18,S03,K03,4,0,Z1,0.0000000000,2026-09-08 12:00:00+08:00,13460.0000000000,fb6ada30d6bc73c5dcd9e5c840ef87b6d62762bf7981ea8fcc3c87093df3b83c,1,,,,0,4.6666666667,2026-09-16T18:00:00+08:00
2026-09-18,S03,K04,4,0,Z1,0.0000000000,2026-09-08 12:00:00+08:00,13461.0000000000,800e593b0d60ee799df5adf8c9ae18d38f5fd3282adf9d6f9fa9f7178d85ccdf,1,,,,0,4.6666666667,2026-09-16T18:00:00+08:00
2026-09-18,S03,K05,4,0,Z1,0.0000000000,2026-09-08 12:00:00+08:00,13462.0000000000,98e8a776887410dc415b957a060f2aafe3ed947414629f3fac682f0842affa5d,1,,,,0,4.6666666667,2026-09-16T18:00:00+08:00
2026-09-18,S03,K06,4,0,Z1,0.1200000000,2026-09-08 12:00:00+08:00,13463.0000000000,0d9614e5b410d0268feeb1bef8a04cecab5bfba677f604d57c09d0b21e8e2a6a,1,,,,0,4.6666666667,2026-09-16T18:00:00+08:00
2026-09-18,S03,K07,4,0,Z1,0.0000000000,2026-09-08 12:00:00+08:00,13464.0000000000,f39fe57b64996cb0d85e24487f5da6edcbb6eccd9bddb55fd939823ee89a9e27,1,,,,0,4.6666666667,2026-09-16T18:00:00+08:00
2026-09-18,S03,K08,4,0,Z1,0.0000000000,2026-09-08 12:00:00+08:00,13465.0000000000,e4f6cfccae1d612b0a64e1122691ba70cc96727053cf980bcb9f98aa18f01e14,1,,,,0,4.6666666667,2026-09-16T18:00:00+08:00
2026-09-18,S04,K01,4,0,Z1,0.0000000000,2026-09-08 12:00:00+08:00,13466.0000000000,0a05160f678b138bf3e42dd7c39c1370103e72aff35ee495441dece41627114d,1,,,,0,4.6666666667,2026-09-16T18:00:00+08:00
2026-09-18,S04,K02,4,0,Z1,0.0000000000,2026-09-08 12:00:00+08:00,13467.0000000000,9877ce73272f00cc1dd74e5a20a2e52cfb992558a488c5e60e052446494a7006,1,,,,0,4.6666666667,2026-09-16T18:00:00+08:00
2026-09-18,S04,K03,4,0,Z1,0.0000000000,2026-09-08 12:00:00+08:00,13468.0000000000,082df91d00a91c159712c3813fbe07be1a91839e778c2bb74ec9c46ea9fd4699,1,,,,0,4.6666666667,2026-09-16T18:00:00+08:00
2026-09-18,S04,K04,4,0,Z1,0.0000000000,2026-09-08 12:00:00+08:00,13469.0000000000,0200c8d534a3b21f0772892875b8cf2a60c007a3d3a402b203d3d9aac4637107,1,,,,0,4.6666666667,2026-09-16T18:00:00+08:00
2026-09-18,S04,K05,4,0,Z1,0.0000000000,2026-09-08 12:00:00+08:00,13470.0000000000,93ca0f98e4aa20d00202137b431b15a87a02f2c1451694d78e7829ec2e34806b,1,,,,0,4.6666666667,2026-09-16T18:00:00+08:00
2026-09-18,S04,K06,4,0,Z1,0.1200000000,2026-09-08 12:00:00+08:00,13471.0000000000,cfdcd0d0bb8a007d394e9f552f7abb19a5803df0396c7beef87674909237119e,1,,,,0,4.6666666667,2026-09-16T18:00:00+08:00
2026-09-18,S04,K07,4,0,Z1,0.0000000000,2026-09-08 12:00:00+08:00,13472.0000000000,f970627640927c19573e896c5c513e22dd691d6a1f0ac2d6ff5034776ec610fc,1,,,,0,4.6666666667,2026-09-16T18:00:00+08:00
2026-09-18,S04,K08,4,0,Z1,0.0000000000,2026-09-08 12:00:00+08:00,13473.0000000000,eba58ed295a2b3126ac4965f4e2f3d27b645cd9151ab6d5c58cf044ea23f42f8,1,,,,0,4.6666666667,2026-09-16T18:00:00+08:00
2026-09-18,S05,K01,4,0,Z2,0.0000000000,2026-09-08 12:00:00+08:00,13474.0000000000,244675de81159654dfa9c034c9664f4f9ed72490c2b4688718e1be0219c51df7,1,,,,0,4.6666666667,2026-09-16T18:00:00+08:00
2026-09-18,S05,K02,4,0,Z2,0.0000000000,2026-09-08 12:00:00+08:00,13475.0000000000,56c7b9a021738b18d235bb285f99f96af9bb3e28701b13df774de2b524245db5,1,,,,0,4.6666666667,2026-09-16T18:00:00+08:00
2026-09-18,S05,K03,4,0,Z2,0.0000000000,2026-09-08 12:00:00+08:00,13476.0000000000,76ef9cbc05db58d6e9b73a222fd112895e5c7c49d91bfaa37d83483343a9b136,1,,,,0,4.6666666667,2026-09-16T18:00:00+08:00
2026-09-18,S05,K04,4,0,Z2,0.0000000000,2026-09-08 12:00:00+08:00,13477.0000000000,8085a5f9429962e00ef3126746847eff587fa685b6f9b2efd49105e3def3b4d7,1,,,,0,4.6666666667,2026-09-16T18:00:00+08:00
2026-09-18,S05,K05,4,0,Z2,0.1200000000,2026-09-08 12:00:00+08:00,13478.0000000000,7a961b6c6ebf92e4649410114a66ad038263026303de4cdc91a35878c3961858,1,,,,0,4.6666666667,2026-09-16T18:00:00+08:00
2026-09-18,S05,K06,4,0,Z2,0.0000000000,2026-09-08 12:00:00+08:00,13479.0000000000,0dc5e0b88ad2f212305029e8dd3a6834f2b6141348ab25a6c36be1950dd6421e,1,,,,0,4.6666666667,2026-09-16T18:00:00+08:00
2026-09-18,S05,K07,4,0,Z2,0.0000000000,2026-09-08 12:00:00+08:00,13480.0000000000,fe3dad03eb91d01f7d2ff4268e7ceff0eccccd20341b27c4235f31356d806ed2,1,,,,0,4.6666666667,2026-09-16T18:00:00+08:00
2026-09-18,S05,K08,4,0,Z2,0.0000000000,2026-09-08 12:00:00+08:00,13481.0000000000,21f9273fa34fbb7633af8dfb0c3a5d754431ba4d118aae370533256b914834b9,1,,,,0,4.6666666667,2026-09-16T18:00:00+08:00
2026-09-18,S06,K01,4,0,Z2,0.0000000000,2026-09-08 12:00:00+08:00,13482.0000000000,1aecf47f5061aecc1917feed23d6be2436ce7abf19c4eeaf33ade2f9853902cf,1,,,,0,4.6666666667,2026-09-16T18:00:00+08:00
2026-09-18,S06,K02,4,0,Z2,0.0000000000,2026-09-08 12:00:00+08:00,13483.0000000000,5aea25154585cbf1c3439cb92903e8d1fc587dd911bd32c5c0d4415060584a32,1,,,,0,4.6666666667,2026-09-16T18:00:00+08:00
2026-09-18,S06,K03,4,0,Z2,0.0000000000,2026-09-08 12:00:00+08:00,13484.0000000000,3d6f5a937694206ac5d9d66bfaad2eb9a67a10c30957cf2ad3dd23f23058d4f8,1,,,,0,4.6666666667,2026-09-16T18:00:00+08:00
2026-09-18,S06,K04,4,0,Z2,0.0000000000,2026-09-08 12:00:00+08:00,13485.0000000000,c70c61eeeb1dadab2d62b260a12f9dd8b56b3cc648243fc091d46da0758bfc53,1,,,,0,4.6666666667,2026-09-16T18:00:00+08:00
2026-09-18,S06,K05,4,0,Z2,0.1200000000,2026-09-08 12:00:00+08:00,13486.0000000000,9426f25af4770e9a1c8628aae9b97d384506d7a1c9b7cabb187caedb33bd3da7,1,,,,0,4.6666666667,2026-09-16T18:00:00+08:00
2026-09-18,S06,K06,4,0,Z2,0.0000000000,2026-09-08 12:00:00+08:00,13487.0000000000,d838b0f18cde356ea39e7a6f2d3feb2da5dc46848d5d64f0e0739f1cbb722a31,1,,,,0,4.6666666667,2026-09-16T18:00:00+08:00
2026-09-18,S06,K07,4,0,Z2,0.0000000000,2026-09-08 12:00:00+08:00,13488.0000000000,01ed94dbfeb7a53b2ea268163c41cfbc58bdb8029646bdb97ea63aa371faeb53,1,,,,0,4.6666666667,2026-09-16T18:00:00+08:00
2026-09-18,S06,K08,4,0,Z2,0.0000000000,2026-09-08 12:00:00+08:00,13489.0000000000,31b02bfac63ab523291086afb763b5cc5b8651b0d8ecfc2e28391fba0baf29e8,1,,,,0,4.6666666667,2026-09-16T18:00:00+08:00
2026-09-18,S07,K01,4,0,Z2,0.0000000000,2026-09-08 12:00:00+08:00,13490.0000000000,5738f03208050b8cb66de48d2aff412a06976c83dbff496cb781e94ee15f1b51,1,,,,0,4.6666666667,2026-09-16T18:00:00+08:00
2026-09-18,S07,K02,4,0,Z2,0.0000000000,2026-09-08 12:00:00+08:00,13491.0000000000,8ac5ae2d4591e8c7a98ca790f40c1c013bfd5201b19041dc6587d07707608a8d,1,,,,0,4.6666666667,2026-09-16T18:00:00+08:00
2026-09-18,S07,K03,4,0,Z2,0.0000000000,2026-09-08 12:00:00+08:00,13492.0000000000,d3d63960941db18afc585b22152de362bb0189abe5eae5e2b2800c896e6ccf5e,1,,,,0,4.6666666667,2026-09-16T18:00:00+08:00
2026-09-18,S07,K04,4,0,Z2,0.1200000000,2026-09-08 12:00:00+08:00,13493.0000000000,e2e81daa98cdda65fcaf18b61cd478487cb51dcd85092fa58a15c61667ef44ca,1,,,,0,4.6666666667,2026-09-16T18:00:00+08:00
2026-09-18,S07,K05,4,0,Z2,0.0000000000,2026-09-08 12:00:00+08:00,13494.0000000000,ad3b0493de77b70a684eff3aadd968752511cad480c9599ba3c099ca968b86a9,1,,,,0,4.6666666667,2026-09-16T18:00:00+08:00
2026-09-18,S07,K06,4,0,Z2,0.0000000000,2026-09-08 12:00:00+08:00,13495.0000000000,636467b14d5208a6073341e79095e0aacc8b1fce09a9e3b1f31238dfc8abad27,1,,,,0,4.6666666667,2026-09-16T18:00:00+08:00
2026-09-18,S07,K07,4,0,Z2,0.0000000000,2026-09-08 12:00:00+08:00,13496.0000000000,184bb14b2d65a46724f3a4691f33d83b7573cb2d73f077397017231c2f6e610e,1,,,,0,4.6666666667,2026-09-16T18:00:00+08:00
2026-09-18,S07,K08,4,0,Z2,0.0000000000,2026-09-08 12:00:00+08:00,13497.0000000000,c3a1713ea401626b1e53d42febba3a93a56f9f9ab5bed86d21db3c34dc772bbe,1,,,,0,4.6666666667,2026-09-16T18:00:00+08:00
2026-09-18,S08,K01,4,0,Z2,0.0000000000,2026-09-08 12:00:00+08:00,13498.0000000000,0d4813eb37b769f10cddd8df732f915483d7c5c993d744b9221cbbe5a8552f33,1,,,,0,4.6666666667,2026-09-16T18:00:00+08:00
2026-09-18,S08,K02,4,0,Z2,0.0000000000,2026-09-08 12:00:00+08:00,13499.0000000000,2ee0e1a43633db13a3455460a26c4233ca8fb22dafe07dcbd765f880237ef0dd,1,,,,0,4.6666666667,2026-09-16T18:00:00+08:00
2026-09-18,S08,K03,4,0,Z2,0.0000000000,2026-09-08 12:00:00+08:00,13500.0000000000,0a533406905013d92f4dc0ba2072236343728e6c8eddc2809cd1b8346406eeb2,1,,,,0,4.6666666667,2026-09-16T18:00:00+08:00
2026-09-18,S08,K04,4,0,Z2,0.1200000000,2026-09-08 12:00:00+08:00,13501.0000000000,509213be5add774901d77210773d78e4e1a41c94c4f28228c476aac289b59b3f,1,,,,0,4.6666666667,2026-09-16T18:00:00+08:00
2026-09-18,S08,K05,4,0,Z2,0.0000000000,2026-09-08 12:00:00+08:00,13502.0000000000,ed6092f059452ccf6b21bf487a8c9049398c4cf81da17c4b1d63f8c94ff00b0e,1,,,,0,4.6666666667,2026-09-16T18:00:00+08:00
2026-09-18,S08,K06,4,0,Z2,0.0000000000,2026-09-08 12:00:00+08:00,13503.0000000000,c9dc98020aabea8adab3c48bb7210e957abb42755acc0a48632b8612f8002274,1,,,,0,4.6666666667,2026-09-16T18:00:00+08:00
2026-09-18,S08,K07,4,0,Z2,0.0000000000,2026-09-08 12:00:00+08:00,13504.0000000000,ec364a44b8bd03e5932726e4c9486bf2a21951c8e97c4e21e4ad1b0997461c4a,1,,,,0,4.6666666667,2026-09-16T18:00:00+08:00
2026-09-18,S08,K08,4,0,Z2,0.0000000000,2026-09-08 12:00:00+08:00,13505.0000000000,c636510a1737097113954a81e762bad988deb963afbf1e3184199cd577569e69,1,,,,0,4.6666666667,2026-09-16T18:00:00+08:00
2026-09-18,S09,K01,4,0,Z3,0.0000000000,2026-09-08 12:00:00+08:00,13506.0000000000,8ca489a10acb845160d61afafbe53c8d76499903ef9c586afd02b2c1d2570706,1,,,,0,4.6666666667,2026-09-16T18:00:00+08:00
2026-09-18,S09,K02,4,0,Z3,0.0000000000,2026-09-08 12:00:00+08:00,13507.0000000000,0cbe1ab39cf4e7020ccae25f878af68a834410badfe5db60938b5b588769e434,1,,,,0,4.6666666667,2026-09-16T18:00:00+08:00
2026-09-18,S09,K03,4,0,Z3,0.0000000000,2026-09-08 12:00:00+08:00,13508.0000000000,485103299b3f50e56f064d05821ded59501800f92ac7611453739539551c956b,1,,,,0,4.6666666667,2026-09-16T18:00:00+08:00
2026-09-18,S09,K04,4,0,Z3,0.1200000000,2026-09-08 12:00:00+08:00,13509.0000000000,14946f519a759af8de7d45688d558302d72020f75245c5685b6e5294b2f45426,1,,,,0,4.6666666667,2026-09-16T18:00:00+08:00
2026-09-18,S09,K05,4,0,Z3,0.0000000000,2026-09-08 12:00:00+08:00,13510.0000000000,d02462c7c521517143011e27793521c220ba1458b7fd45e7f294d0239cbdc8fc,1,,,,0,4.6666666667,2026-09-16T18:00:00+08:00
2026-09-18,S09,K06,4,0,Z3,0.0000000000,2026-09-08 12:00:00+08:00,13511.0000000000,07f851b06f2356eacd76360b8ae191c4cdb5789af44ecdd536662a02adf9e33c,1,,,,0,4.6666666667,2026-09-16T18:00:00+08:00
2026-09-18,S09,K07,4,0,Z3,0.0000000000,2026-09-08 12:00:00+08:00,13512.0000000000,b80882d3a998123ef8d9135386774c8904ae1ef1bf609908e4c8e537d7e03b10,1,,,,0,4.6666666667,2026-09-16T18:00:00+08:00
2026-09-18,S09,K08,4,0,Z3,0.0000000000,2026-09-08 12:00:00+08:00,13513.0000000000,d08785506066a3f3f09c1515ff786dbe2a7dd541b5e893f0d85546a6ce7aaa20,1,,,,0,4.6666666667,2026-09-16T18:00:00+08:00
2026-09-18,S10,K01,4,0,Z3,0.0000000000,2026-09-08 12:00:00+08:00,13514.0000000000,fc1a869edba17aefe3211ccd4a62fce0f6f97332899f356d0bdd2f7e909e83c5,1,,,,0,4.6666666667,2026-09-16T18:00:00+08:00
2026-09-18,S10,K02,4,0,Z3,0.0000000000,2026-09-08 12:00:00+08:00,13515.0000000000,0f4d979d0420280c7d37857440867c0f25a28f238f16f635dd42d200511e745d,1,,,,0,4.6666666667,2026-09-16T18:00:00+08:00
2026-09-18,S10,K03,4,0,Z3,0.1200000000,2026-09-08 12:00:00+08:00,13516.0000000000,ee26ff31ea9a5cb1db08b4409632967ae580ea1a26ca031f4bb7c0036dd7d508,1,,,,0,4.6666666667,2026-09-16T18:00:00+08:00
2026-09-18,S10,K04,4,0,Z3,0.0000000000,2026-09-08 12:00:00+08:00,13517.0000000000,845d8538d679c54a96738a6e2e2a84f531fcde73279eeed7932cf772595960fb,1,,,,0,4.6666666667,2026-09-16T18:00:00+08:00
2026-09-18,S10,K05,4,0,Z3,0.0000000000,2026-09-08 12:00:00+08:00,13518.0000000000,4d1abc8fb234b0258a3838f601b2184535ae0b82813137c45c038576824f5e9e,1,,,,0,4.6666666667,2026-09-16T18:00:00+08:00
2026-09-18,S10,K06,4,0,Z3,0.0000000000,2026-09-08 12:00:00+08:00,13519.0000000000,f8c1672d32c6768a8676fcfd21083a4912933556323f529476f6d4537af66420,1,,,,0,4.6666666667,2026-09-16T18:00:00+08:00
2026-09-18,S10,K07,4,0,Z3,0.0000000000,2026-09-08 12:00:00+08:00,13520.0000000000,185a0a38277daa7e395b85fcb48b79082861396b79a933cecb877b220bf961cd,1,,,,0,4.6666666667,2026-09-16T18:00:00+08:00
2026-09-18,S10,K08,4,0,Z3,0.0000000000,2026-09-08 12:00:00+08:00,13521.0000000000,39941288535bc1e65a5e3c07c58047eee36306e3ff397d40631d63b3ceaeba79,1,,,,0,4.6666666667,2026-09-16T18:00:00+08:00
2026-09-18,S11,K01,4,0,Z3,0.0000000000,2026-09-08 12:00:00+08:00,13522.0000000000,83bb558d7e8ac0c6174ec58ce11d35f2ef800a1bc633cae8450e447ac1beddd8,1,,,,0,4.6666666667,2026-09-16T18:00:00+08:00
2026-09-18,S11,K02,4,0,Z3,0.0000000000,2026-09-08 12:00:00+08:00,13523.0000000000,5ed78286133ab5e509d2fe2b06ec7ebe29de599daaa0b6c2b27519f35aaaeabb,1,,,,0,4.6666666667,2026-09-16T18:00:00+08:00
2026-09-18,S11,K03,4,0,Z3,0.1200000000,2026-09-08 12:00:00+08:00,13524.0000000000,e358bcebba63a5bfb32e79325242762313e3d5dfb213ce168874857666241d08,1,,,,0,4.6666666667,2026-09-16T18:00:00+08:00
2026-09-18,S11,K04,4,0,Z3,0.0000000000,2026-09-08 12:00:00+08:00,13525.0000000000,8ff86f57f8ebb36c52e582b3f5183eabe6b72515c5a4863f22b02069be2ae8b9,1,,,,0,4.6666666667,2026-09-16T18:00:00+08:00
2026-09-18,S11,K05,4,0,Z3,0.0000000000,2026-09-08 12:00:00+08:00,13526.0000000000,9001bd020455a23fac3ab7df132f31a88f7045ddce9c3ba68027a8da21b31ca8,1,,,,0,4.6666666667,2026-09-16T18:00:00+08:00
2026-09-18,S11,K06,4,0,Z3,0.0000000000,2026-09-08 12:00:00+08:00,13527.0000000000,b09fd4971df1fd9cde72f9c36ae6feb6441a228e61eb03917d32a7f9cb918523,1,,,,0,4.6666666667,2026-09-16T18:00:00+08:00
2026-09-18,S11,K07,4,0,Z3,0.0000000000,2026-09-08 12:00:00+08:00,13528.0000000000,6b8ddb7cda66848cba9189eb370f2dc55eeb6b76199627ad81625f2976ce72d2,1,,,,0,4.6666666667,2026-09-16T18:00:00+08:00
2026-09-18,S11,K08,4,0,Z3,0.0000000000,2026-09-08 12:00:00+08:00,13529.0000000000,0bdaa01c4d193ba76c15dc0d715c101e33addfec60b226c3d7a6a99df93db32e,1,,,,0,4.6666666667,2026-09-16T18:00:00+08:00
2026-09-18,S12,K01,4,0,Z3,0.0000000000,2026-09-08 12:00:00+08:00,13530.0000000000,1641eb0da00fc8ac49a2ba8cb3013f3510a9e89dafee283c1a33d1825ee86185,1,,,,0,4.6666666667,2026-09-16T18:00:00+08:00
2026-09-18,S12,K02,4,0,Z3,0.1200000000,2026-09-08 12:00:00+08:00,13531.0000000000,0ea0e5f1b1a552abc88b96fb7426a3061920df9ee3a6b0df9b89b2ce78a74fcd,1,,,,0,4.6666666667,2026-09-16T18:00:00+08:00
2026-09-18,S12,K03,4,0,Z3,0.0000000000,2026-09-08 12:00:00+08:00,13532.0000000000,48f5b00274d741ce6d157c7ce0558e12eef9241bee97fbc3d4be66508a4fd11f,1,,,,0,4.6666666667,2026-09-16T18:00:00+08:00
2026-09-18,S12,K04,4,0,Z3,0.0000000000,2026-09-08 12:00:00+08:00,13533.0000000000,6ff423a9318c9b75b9753daff83ab805ff649eb065b1b92b21fff5719c111b27,1,,,,0,4.6666666667,2026-09-16T18:00:00+08:00
2026-09-18,S12,K05,4,0,Z3,0.0000000000,2026-09-08 12:00:00+08:00,13534.0000000000,520e0ffe1fc5165a0e2fc04ee5018a09a2063ea9934a8b6ad76cad2100d97196,1,,,,0,4.6666666667,2026-09-16T18:00:00+08:00
2026-09-18,S12,K06,4,0,Z3,0.0000000000,2026-09-08 12:00:00+08:00,13535.0000000000,70d9b62859371bf668245a3684a81893ee51b1e977231e9dce4a044a54f929ba,1,,,,0,4.6666666667,2026-09-16T18:00:00+08:00
2026-09-18,S12,K07,4,0,Z3,0.0000000000,2026-09-08 12:00:00+08:00,13536.0000000000,0f472381a6b7d78349678d6a6068e4381782feb9f6a0eea34a78a0b3f69393ec,1,,,,0,4.6666666667,2026-09-16T18:00:00+08:00
2026-09-18,S12,K08,4,0,Z3,0.1200000000,2026-09-08 12:00:00+08:00,13537.0000000000,f8e2ee4fd5016d55e2bf3a9a7eb5d69a889a2fd7d58debab8af1b97824867920,1,,,,0,4.6666666667,2026-09-16T18:00:00+08:00
2026-09-19,S01,K01,5,0,Z1,0.1200000000,2026-09-09 12:00:00+08:00,13538.0000000000,d8de84e896e35696dd6ee41bf5af1056ce53a8bbd09eaf9d1afe2e3ae9697958,1,,,,0,4.7000000000,2026-09-16T18:00:00+08:00
2026-09-19,S01,K02,5,0,Z1,0.0000000000,2026-09-09 12:00:00+08:00,13539.0000000000,6164abefff2f724e727d61423c894fff976c98306f3363de10fa7c7d24920988,1,,,,0,4.7000000000,2026-09-16T18:00:00+08:00
2026-09-19,S01,K03,5,0,Z1,0.0000000000,2026-09-09 12:00:00+08:00,13540.0000000000,8c0f6b0e16cbdb5f92e248fd3d821601a80a899413a8cea292d50940189ca77b,1,,,,0,4.7000000000,2026-09-16T18:00:00+08:00
2026-09-19,S01,K04,5,0,Z1,0.0000000000,2026-09-09 12:00:00+08:00,13541.0000000000,32840de2a625c18fb8ce2ae9b1ba837e1ff91c316aad0419a385118f2009e5ec,1,,,,0,4.7000000000,2026-09-16T18:00:00+08:00
2026-09-19,S01,K05,5,0,Z1,0.0000000000,2026-09-09 12:00:00+08:00,13542.0000000000,aa9e8e3d8442573d87ddcb1a219a9055f976885b62392696ae43df08e8167c91,1,,,,0,4.7000000000,2026-09-16T18:00:00+08:00
2026-09-19,S01,K06,5,0,Z1,0.0000000000,2026-09-09 12:00:00+08:00,13543.0000000000,2e2818899b42542d911d72c7c07b93391cff4899f3f9dad597e10d7e2633ec27,1,,,,0,4.7000000000,2026-09-16T18:00:00+08:00
2026-09-19,S01,K07,5,0,Z1,0.1200000000,2026-09-09 12:00:00+08:00,13544.0000000000,4cd07b1879ede6895f50fca2139171156b7d02b7bc043b965b7c8a4926f751ca,1,,,,0,4.7000000000,2026-09-16T18:00:00+08:00
2026-09-19,S01,K08,5,0,Z1,0.0000000000,2026-09-09 12:00:00+08:00,13545.0000000000,a92f436589f9052fd5bce9be3f4f17dc294706a03fc2fd6481e8b83f228a6b25,1,,,,0,4.7000000000,2026-09-16T18:00:00+08:00
2026-09-19,S02,K01,5,0,Z1,0.0000000000,2026-09-09 12:00:00+08:00,13546.0000000000,b769c335e6a954bd30e334dd6987d89f4fb297c7d945f947b128637622b1cea1,1,,,,0,4.7000000000,2026-09-16T18:00:00+08:00
2026-09-19,S02,K02,5,0,Z1,0.0000000000,2026-09-09 12:00:00+08:00,13547.0000000000,20928ec50e2378a1c837ab90d5efafd425fa6033a7811ed87210fe67255c543e,1,,,,0,4.7000000000,2026-09-16T18:00:00+08:00
2026-09-19,S02,K03,5,0,Z1,0.0000000000,2026-09-09 12:00:00+08:00,13548.0000000000,b23d3b51bcdf2fb0af129c48675f0411a5fb380bd9b8950167ae3cf0dc8e6a16,1,,,,0,4.7000000000,2026-09-16T18:00:00+08:00
2026-09-19,S02,K04,5,0,Z1,0.0000000000,2026-09-09 12:00:00+08:00,13549.0000000000,b85016be28f7dd8e08769994a9462517b199c1ef2a51bb0fa3854978aef6f234,1,,,,0,4.7000000000,2026-09-16T18:00:00+08:00
2026-09-19,S02,K05,5,0,Z1,0.0000000000,2026-09-09 12:00:00+08:00,13550.0000000000,f752b5ae632ffb2217b6fb9923cd0f545e6fa6114d638fa0e98e4f462de63ee1,1,,,,0,4.7000000000,2026-09-16T18:00:00+08:00
2026-09-19,S02,K06,5,0,Z1,0.1200000000,2026-09-09 12:00:00+08:00,13551.0000000000,ab36c5e65d882769fc5ec62397cacb895524f6cfd6700b9f0254d835013b05ed,1,,,,0,4.7000000000,2026-09-16T18:00:00+08:00
2026-09-19,S02,K07,5,0,Z1,0.0000000000,2026-09-09 12:00:00+08:00,13552.0000000000,0bf749d1dbab6d0f206f6a3e9f7b85b4336b459976f8f0d31296cb7c65d7821b,1,,,,0,4.7000000000,2026-09-16T18:00:00+08:00
2026-09-19,S02,K08,5,0,Z1,0.0000000000,2026-09-09 12:00:00+08:00,13553.0000000000,4ca4726ca386ac5b5ba74f5bf56ed3f0cccf52f7337fa3ec6ce7bed21f465318,1,,,,0,4.7000000000,2026-09-16T18:00:00+08:00
2026-09-19,S03,K01,5,0,Z1,0.0000000000,2026-09-09 12:00:00+08:00,13554.0000000000,5ba0dc6ca4b0f17c26d42cbbb31c69b3becdb2327fb7a85584d7d2bc610fff01,1,,,,0,4.7000000000,2026-09-16T18:00:00+08:00
2026-09-19,S03,K02,5,0,Z1,0.0000000000,2026-09-09 12:00:00+08:00,13555.0000000000,34e62c9dfee843cd9222d3849d0124287ecf685ec1d57426cf68aef5a56ebafa,1,,,,0,4.7000000000,2026-09-16T18:00:00+08:00
2026-09-19,S03,K03,5,0,Z1,0.0000000000,2026-09-09 12:00:00+08:00,13556.0000000000,33510ac1d7427bd411da90e53f925447e511103aff9140e486235ced1169e75f,1,,,,0,4.7000000000,2026-09-16T18:00:00+08:00
2026-09-19,S03,K04,5,0,Z1,0.0000000000,2026-09-09 12:00:00+08:00,13557.0000000000,d27bae0e1256fd4aa7293540749205af5849239c069a57dec0d9c778938fc57d,1,,,,0,4.7000000000,2026-09-16T18:00:00+08:00
2026-09-19,S03,K05,5,0,Z1,0.0000000000,2026-09-09 12:00:00+08:00,13558.0000000000,adc4f709bc05a4493373412f0ffd71641ce405e338ac6f53a059d98e424544ce,1,,,,0,4.7000000000,2026-09-16T18:00:00+08:00
2026-09-19,S03,K06,5,0,Z1,0.1200000000,2026-09-09 12:00:00+08:00,13559.0000000000,99cd0eb47299c7289b251d656a0c2b9217bf6b4a8570aab19dc880077853650d,1,,,,0,4.7000000000,2026-09-16T18:00:00+08:00
2026-09-19,S03,K07,5,0,Z1,0.0000000000,2026-09-09 12:00:00+08:00,13560.0000000000,6eb5d1acd091c1b45f69b67fd690162502845402356d62b2cf1e9e5b56880b3a,1,,,,0,4.7000000000,2026-09-16T18:00:00+08:00
2026-09-19,S03,K08,5,0,Z1,0.0000000000,2026-09-09 12:00:00+08:00,13561.0000000000,7ab37f01a34cfc2ac6a38e40d1511ba03ff98e0cd0a48a673fb09dbc3f2f490a,1,,,,0,4.7000000000,2026-09-16T18:00:00+08:00
2026-09-19,S04,K01,5,0,Z1,0.0000000000,2026-09-09 12:00:00+08:00,13562.0000000000,a75f6dbd4d36cd38bb2cf6d91307871a34e01fcbfa3fa21c04b8d86110aa46cb,1,,,,0,4.7000000000,2026-09-16T18:00:00+08:00
2026-09-19,S04,K02,5,0,Z1,0.0000000000,2026-09-09 12:00:00+08:00,13563.0000000000,17e2bc4b4773396578677535cc181aa53b5571c8845d0a15098abaf3d26c6920,1,,,,0,4.7000000000,2026-09-16T18:00:00+08:00
2026-09-19,S04,K03,5,0,Z1,0.0000000000,2026-09-09 12:00:00+08:00,13564.0000000000,6c9c38370dd9adc27a86769c9d35552a213af3ed4f2face8d2afdd17082459f3,1,,,,0,4.7000000000,2026-09-16T18:00:00+08:00
2026-09-19,S04,K04,5,0,Z1,0.0000000000,2026-09-09 12:00:00+08:00,13565.0000000000,030ddc7ca320018c55747888592f32c07e24219681c90ac8fadb7c6c489f36d9,1,,,,0,4.7000000000,2026-09-16T18:00:00+08:00
2026-09-19,S04,K05,5,0,Z1,0.1200000000,2026-09-09 12:00:00+08:00,13566.0000000000,25e4983b79635df928f171900b98dcc1e7272c2a5bf168d57ba2825ff9313574,1,,,,0,4.7000000000,2026-09-16T18:00:00+08:00
2026-09-19,S04,K06,5,0,Z1,0.0000000000,2026-09-09 12:00:00+08:00,13567.0000000000,7545d0484b61f70e56538815d988b94f9d4b7f9317aff9726bad1dddc4a9d152,1,,,,0,4.7000000000,2026-09-16T18:00:00+08:00
2026-09-19,S04,K07,5,0,Z1,0.0000000000,2026-09-09 12:00:00+08:00,13568.0000000000,faa7c5ac966dde12a04e8bbc4eba549f8234dc65c0bb7a55481815ed48921be5,1,,,,0,4.7000000000,2026-09-16T18:00:00+08:00
2026-09-19,S04,K08,5,0,Z1,0.0000000000,2026-09-09 12:00:00+08:00,13569.0000000000,b7833de1f0566a8b6c10a20f1df8116a1971b05f05bb87d76be485c72c9cebd8,1,,,,0,4.7000000000,2026-09-16T18:00:00+08:00
2026-09-19,S05,K01,5,0,Z2,0.0000000000,2026-09-09 12:00:00+08:00,13570.0000000000,01a95cc292a20bdcd42ed2334af428388dac97f74ecb66f73c1c49b400960bc6,1,,,,0,4.7000000000,2026-09-16T18:00:00+08:00
2026-09-19,S05,K02,5,0,Z2,0.0000000000,2026-09-09 12:00:00+08:00,13571.0000000000,6703293c187ea48788ecc3d075611216e36187e0fe308886c61e3832d1694bc9,1,,,,0,4.7000000000,2026-09-16T18:00:00+08:00
2026-09-19,S05,K03,5,0,Z2,0.0000000000,2026-09-09 12:00:00+08:00,13572.0000000000,dff06f5add206d772caee02c1eeb94330509fa296aa8374451a6baa6252390de,1,,,,0,4.7000000000,2026-09-16T18:00:00+08:00
2026-09-19,S05,K04,5,0,Z2,0.0000000000,2026-09-09 12:00:00+08:00,13573.0000000000,84144dbfc0fd99650a0750c42c777fd25e40eb5638fe1d307d7d131ca238a8ab,1,,,,0,4.7000000000,2026-09-16T18:00:00+08:00
2026-09-19,S05,K05,5,0,Z2,0.1200000000,2026-09-09 12:00:00+08:00,13574.0000000000,ed5c5e4fc976355e2c024842c09c44f163e2d341c804a57d8e3e793035b3555e,1,,,,0,4.7000000000,2026-09-16T18:00:00+08:00
2026-09-19,S05,K06,5,0,Z2,0.0000000000,2026-09-09 12:00:00+08:00,13575.0000000000,4131778a2b811f9e6f662316678da1fa0b0c605bfc8de3f9e76dc915fdb2fffd,1,,,,0,4.7000000000,2026-09-16T18:00:00+08:00
2026-09-19,S05,K07,5,0,Z2,0.0000000000,2026-09-09 12:00:00+08:00,13576.0000000000,dc07e1efbce435de9b3c0b98b66cc391f4576b87ce15b67ccb633dff3885cdc3,1,,,,0,4.7000000000,2026-09-16T18:00:00+08:00
2026-09-19,S05,K08,5,0,Z2,0.0000000000,2026-09-09 12:00:00+08:00,13577.0000000000,21cf8b0291538ca9fba48a949d3767789bd644384fc1efb31eb8b6ab090575e8,1,,,,0,4.7000000000,2026-09-16T18:00:00+08:00
2026-09-19,S06,K01,5,0,Z2,0.0000000000,2026-09-09 12:00:00+08:00,13578.0000000000,76d4a9cda931a8eb8049dcf7c3e34e966af7f7b4424fd47f1022a17e40cc243d,1,,,,0,4.7000000000,2026-09-16T18:00:00+08:00
2026-09-19,S06,K02,5,0,Z2,0.0000000000,2026-09-09 12:00:00+08:00,13579.0000000000,f613676a875344c196cce69963ec1f483ee7b3e8383b68718ba44eaf45dcd260,1,,,,0,4.7000000000,2026-09-16T18:00:00+08:00
2026-09-19,S06,K03,5,0,Z2,0.0000000000,2026-09-09 12:00:00+08:00,13580.0000000000,f0c2b69663fc9945d4b1e38239b189b46ec12c1f7616bb8f12b3fcfe0c17854e,1,,,,0,4.7000000000,2026-09-16T18:00:00+08:00
2026-09-19,S06,K04,5,0,Z2,0.0000000000,2026-09-09 12:00:00+08:00,13581.0000000000,a533025b5355c763762ac62c36d7b4279d0b14f1e959f7d63c60c76a16784ed5,1,,,,0,4.7000000000,2026-09-16T18:00:00+08:00
2026-09-19,S06,K05,5,0,Z2,0.1200000000,2026-09-09 12:00:00+08:00,13582.0000000000,b3e626d8d2c1c62f75e74bdf3db1f6f385779c19b852255c62d3fd5b9b0286f8,1,,,,0,4.7000000000,2026-09-16T18:00:00+08:00
2026-09-19,S06,K06,5,0,Z2,0.0000000000,2026-09-09 12:00:00+08:00,13583.0000000000,1ca1e1161cb7a97a59e55db38f3fc5433cdc531190e8da49040c0fd85bdb92a7,1,,,,0,4.7000000000,2026-09-16T18:00:00+08:00
2026-09-19,S06,K07,5,0,Z2,0.0000000000,2026-09-09 12:00:00+08:00,13584.0000000000,5c4febcd13fa880af52f06955e3a25926b2ecb64a5d168753918329938d85ab4,1,,,,0,4.7000000000,2026-09-16T18:00:00+08:00
2026-09-19,S06,K08,5,0,Z2,0.0000000000,2026-09-09 12:00:00+08:00,13585.0000000000,adf35ac669d3762d3a7e396742906ac4729807713b88c43c615eb2538b28e27d,1,,,,0,4.7000000000,2026-09-16T18:00:00+08:00
2026-09-19,S07,K01,5,0,Z2,0.0000000000,2026-09-09 12:00:00+08:00,13586.0000000000,6a6439000946ba224b79fada138980ed16e35652238142d88b37336b276d1bd3,1,,,,0,4.7000000000,2026-09-16T18:00:00+08:00
2026-09-19,S07,K02,5,0,Z2,0.0000000000,2026-09-09 12:00:00+08:00,13587.0000000000,87011ef60be515c326e381d0c4569d681eb2c0bf447e0cfdbbbc9499e8179d90,1,,,,0,4.7000000000,2026-09-16T18:00:00+08:00
2026-09-19,S07,K03,5,0,Z2,0.0000000000,2026-09-09 12:00:00+08:00,13588.0000000000,8d17ea3d2a0f07230acbd309a0f4ed20b695f9fc909f4700662b321e6e43417a,1,,,,0,4.7000000000,2026-09-16T18:00:00+08:00
2026-09-19,S07,K04,5,0,Z2,0.1200000000,2026-09-09 12:00:00+08:00,13589.0000000000,65cb9c3d4d31e9444cd3ce3ad5e23fa04346d3a153f6ad01fcfb502edfbe38bc,1,,,,0,4.7000000000,2026-09-16T18:00:00+08:00
2026-09-19,S07,K05,5,0,Z2,0.0000000000,2026-09-09 12:00:00+08:00,13590.0000000000,0846f8af5f0021e4a141194f506c777e4fb7357f449d0a14750f57b5832a5efd,1,,,,0,4.7000000000,2026-09-16T18:00:00+08:00
2026-09-19,S07,K06,5,0,Z2,0.0000000000,2026-09-09 12:00:00+08:00,13591.0000000000,6675dc4ac978e19c4069a13d65c617b19901246620350edbaf43fb06503367d3,1,,,,0,4.7000000000,2026-09-16T18:00:00+08:00
2026-09-19,S07,K07,5,0,Z2,0.0000000000,2026-09-09 12:00:00+08:00,13592.0000000000,f44a4e6dea704e9a8642d50a032cda3b4eb802380c94ff315fa8f5f9ffdb009b,1,,,,0,4.7000000000,2026-09-16T18:00:00+08:00
2026-09-19,S07,K08,5,0,Z2,0.0000000000,2026-09-09 12:00:00+08:00,13593.0000000000,597f9bbe5105c2e608c87c4e2a1af941ac7c5f243fab920b43cebeada178f446,1,,,,0,4.7000000000,2026-09-16T18:00:00+08:00
2026-09-19,S08,K01,5,0,Z2,0.0000000000,2026-09-09 12:00:00+08:00,13594.0000000000,56313a13cb815037f7cf45bbb5a7bef51957ceac2a9a920e36bad9bd181a02e1,1,,,,0,4.7000000000,2026-09-16T18:00:00+08:00
2026-09-19,S08,K02,5,0,Z2,0.0000000000,2026-09-09 12:00:00+08:00,13595.0000000000,ecdb8f9d433c9dc76ee1fdea0d68dae0eca264ca4bace951225b3d0ee743b889,1,,,,0,4.7000000000,2026-09-16T18:00:00+08:00
2026-09-19,S08,K03,5,0,Z2,0.0000000000,2026-09-09 12:00:00+08:00,13596.0000000000,65b20a50fd90188346a0293ceb25f9638e094273a48aa9dfd7a5ef491cb4dc8d,1,,,,0,4.7000000000,2026-09-16T18:00:00+08:00
2026-09-19,S08,K04,5,0,Z2,0.1200000000,2026-09-09 12:00:00+08:00,13597.0000000000,12b519583f60eb3fd500c64d5b250f86b9319a2dbe194e082736ec259e094240,1,,,,0,4.7000000000,2026-09-16T18:00:00+08:00
2026-09-19,S08,K05,5,0,Z2,0.0000000000,2026-09-09 12:00:00+08:00,13598.0000000000,158102e5d8b31bd8ddcf69cb9a4be23b05bdd99d151c6b668f3eb3463be53db7,1,,,,0,4.7000000000,2026-09-16T18:00:00+08:00
2026-09-19,S08,K06,5,0,Z2,0.0000000000,2026-09-09 12:00:00+08:00,13599.0000000000,84fb2e56af18a87d9a03a30ddd2dd3ffd525f37bf192f27d8092a89802ad32cc,1,,,,0,4.7000000000,2026-09-16T18:00:00+08:00
2026-09-19,S08,K07,5,0,Z2,0.0000000000,2026-09-09 12:00:00+08:00,13600.0000000000,ac64c7a698d1c64535d2f9d8bc0e36c8056b612bfde4b4548692f269446785eb,1,,,,0,4.7000000000,2026-09-16T18:00:00+08:00
2026-09-19,S08,K08,5,0,Z2,0.0000000000,2026-09-09 12:00:00+08:00,13601.0000000000,605698892c69b384a5afd787ecd8cab05827d0245e85416d94da7c249e132628,1,,,,0,4.7000000000,2026-09-16T18:00:00+08:00
2026-09-19,S09,K01,5,0,Z3,0.0000000000,2026-09-09 12:00:00+08:00,13602.0000000000,1b455beb4a96404f24d3c77395455128fced4b3af16cc05b52de5fa0cba6259a,1,,,,0,4.7000000000,2026-09-16T18:00:00+08:00
2026-09-19,S09,K02,5,0,Z3,0.0000000000,2026-09-09 12:00:00+08:00,13603.0000000000,edb9525fd0b30633a4b0710b1aa89eeafb6f5fa5db562719b39f505014857b91,1,,,,0,4.7000000000,2026-09-16T18:00:00+08:00
2026-09-19,S09,K03,5,0,Z3,0.1200000000,2026-09-09 12:00:00+08:00,13604.0000000000,09bbdc6b83a8fb682e6e375df2e2ccadb77a13816e37bee2a77020c66b6e8ec1,1,,,,0,4.7000000000,2026-09-16T18:00:00+08:00
2026-09-19,S09,K04,5,0,Z3,0.0000000000,2026-09-09 12:00:00+08:00,13605.0000000000,bd8fe9b8e6990758a97def658ab9eaed7c3df6595afb7756da251b39e7ce19f3,1,,,,0,4.7000000000,2026-09-16T18:00:00+08:00
2026-09-19,S09,K05,5,0,Z3,0.0000000000,2026-09-09 12:00:00+08:00,13606.0000000000,58f40e55d9cc133a071548dd39eeba9d5bb04deb90dfe404d46cd6617e25162d,1,,,,0,4.7000000000,2026-09-16T18:00:00+08:00
2026-09-19,S09,K06,5,0,Z3,0.0000000000,2026-09-09 12:00:00+08:00,13607.0000000000,d92692b7f86199ea695df5c23a5b18750ff5152fadf7299f3d28b0a3f8325fa7,1,,,,0,4.7000000000,2026-09-16T18:00:00+08:00
2026-09-19,S09,K07,5,0,Z3,0.0000000000,2026-09-09 12:00:00+08:00,13608.0000000000,1137bdd144da7276a7b7988e25726108b694d2fca890d3543d6f99fdc779bd50,1,,,,0,4.7000000000,2026-09-16T18:00:00+08:00
2026-09-19,S09,K08,5,0,Z3,0.0000000000,2026-09-09 12:00:00+08:00,13609.0000000000,71851c5a73fc1207735e481d751c0712ce2685b6c4350090288c5d7f9d8f69b7,1,,,,0,4.7000000000,2026-09-16T18:00:00+08:00
2026-09-19,S10,K01,5,0,Z3,0.0000000000,2026-09-09 12:00:00+08:00,13610.0000000000,33c8d5a97d740f7571145bb7f9ef3a8a4649a7d1903f1b0b58a8a2ea023bc3b8,1,,,,0,4.7000000000,2026-09-16T18:00:00+08:00
2026-09-19,S10,K02,5,0,Z3,0.0000000000,2026-09-09 12:00:00+08:00,13611.0000000000,92325cef74caa2766ebe6568ccf54765567c66da36d1802b4730ac0f3eadb137,1,,,,0,4.7000000000,2026-09-16T18:00:00+08:00
2026-09-19,S10,K03,5,0,Z3,0.1200000000,2026-09-09 12:00:00+08:00,13612.0000000000,89b78035bed5e3d9489d82944184f3d907082a307d7f2a43b90dcfe1c1e3b5cc,1,,,,0,4.7000000000,2026-09-16T18:00:00+08:00
2026-09-19,S10,K04,5,0,Z3,0.0000000000,2026-09-09 12:00:00+08:00,13613.0000000000,a3c10a780bdb5abd65296fefc9985a26b72137e5ede993fb1603aebae2a5900f,1,,,,0,4.7000000000,2026-09-16T18:00:00+08:00
2026-09-19,S10,K05,5,0,Z3,0.0000000000,2026-09-09 12:00:00+08:00,13614.0000000000,ca5d5175f64c565de212fc6c876c76837581369439b0144868ceae341653223d,1,,,,0,4.7000000000,2026-09-16T18:00:00+08:00
2026-09-19,S10,K06,5,0,Z3,0.0000000000,2026-09-09 12:00:00+08:00,13615.0000000000,6aaa31ede4186c89f9882b131b1fd6253bfacb025a637d11400d67954dd68dd0,1,,,,0,4.7000000000,2026-09-16T18:00:00+08:00
2026-09-19,S10,K07,5,0,Z3,0.0000000000,2026-09-09 12:00:00+08:00,13616.0000000000,9e5d714c23f5796b11eb853f01bc6b2fee3fb1a6df83cf161d4d3adb2f7d7571,1,,,,0,4.7000000000,2026-09-16T18:00:00+08:00
2026-09-19,S10,K08,5,0,Z3,0.0000000000,2026-09-09 12:00:00+08:00,13617.0000000000,928ac4774a435e62c56ae639bd63ece408d580cd699cc6fb732a09732c269319,1,,,,0,4.7000000000,2026-09-16T18:00:00+08:00
2026-09-19,S11,K01,5,0,Z3,0.0000000000,2026-09-09 12:00:00+08:00,13618.0000000000,19683e2cafd36a058e770eef3d4885392a332ace7836bb10110d7a94bb59cc63,1,,,,0,4.7000000000,2026-09-16T18:00:00+08:00
2026-09-19,S11,K02,5,0,Z3,0.0000000000,2026-09-09 12:00:00+08:00,13619.0000000000,348047e65b962dbee940ca70388a350203b970f3a2f51a11d6209243d141f047,1,,,,0,4.7000000000,2026-09-16T18:00:00+08:00
2026-09-19,S11,K03,5,0,Z3,0.1200000000,2026-09-09 12:00:00+08:00,13620.0000000000,6f9ad55c89f27028a87788399a06af54cf85cdcadfb60508799c340bd653fa30,1,,,,0,4.7000000000,2026-09-16T18:00:00+08:00
2026-09-19,S11,K04,5,0,Z3,0.0000000000,2026-09-09 12:00:00+08:00,13621.0000000000,bccf031cb010fc93b1326dd96cd9125bf682581d5b8559c778feae972adf7d69,1,,,,0,4.7000000000,2026-09-16T18:00:00+08:00
2026-09-19,S11,K05,5,0,Z3,0.0000000000,2026-09-09 12:00:00+08:00,13622.0000000000,89d8bed029e63d828b455623237c4f291d46d88481577a33f1293c0e1d5ed0bb,1,,,,0,4.7000000000,2026-09-16T18:00:00+08:00
2026-09-19,S11,K06,5,0,Z3,0.0000000000,2026-09-09 12:00:00+08:00,13623.0000000000,06716cb22d12d1a32f75a0f266e0c7e8485a42cd3e0dbf355501520a20902be7,1,,,,0,4.7000000000,2026-09-16T18:00:00+08:00
2026-09-19,S11,K07,5,0,Z3,0.0000000000,2026-09-09 12:00:00+08:00,13624.0000000000,8b82db6f29f66ddddfaeb744dc91b05f00ef162d07983b2649619f14804ad315,1,,,,0,4.7000000000,2026-09-16T18:00:00+08:00
2026-09-19,S11,K08,5,0,Z3,0.1200000000,2026-09-09 12:00:00+08:00,13625.0000000000,48ad25dbc87bf0f9dcdc8acba1b3268c6a33a489bb8370d2f1a17a766963fee5,1,,,,0,4.7000000000,2026-09-16T18:00:00+08:00
2026-09-19,S12,K01,5,0,Z3,0.0000000000,2026-09-09 12:00:00+08:00,13626.0000000000,c9ddbdae2a82fd78b2b2c2886d5fb4c48a04c870f85b3c62cd33edbd0da33b77,1,,,,0,4.7000000000,2026-09-16T18:00:00+08:00
2026-09-19,S12,K02,5,0,Z3,0.1200000000,2026-09-09 12:00:00+08:00,13627.0000000000,bc7ca370f7fb128cd654588b67be2ae7985ffd74a3b9dbb354b9792ecba99083,1,,,,0,4.7000000000,2026-09-16T18:00:00+08:00
2026-09-19,S12,K03,5,0,Z3,0.0000000000,2026-09-09 12:00:00+08:00,13628.0000000000,94c849529ceae9295423bbf30e2a575c9ee191a70e065ad0470d15a1500f144a,1,,,,0,4.7000000000,2026-09-16T18:00:00+08:00
2026-09-19,S12,K04,5,0,Z3,0.0000000000,2026-09-09 12:00:00+08:00,13629.0000000000,904b19d76fcb6893cf504278a0cb57e181b7d9ae794a3f6697dbf71bec0af673,1,,,,0,4.7000000000,2026-09-16T18:00:00+08:00
2026-09-19,S12,K05,5,0,Z3,0.0000000000,2026-09-09 12:00:00+08:00,13630.0000000000,8e782a16eea1bdcca00942ec00dd812066fab979dcf64f7116268c2bcc2420a9,1,,,,0,4.7000000000,2026-09-16T18:00:00+08:00
2026-09-19,S12,K06,5,0,Z3,0.0000000000,2026-09-09 12:00:00+08:00,13631.0000000000,17b42be5954224dfaeda5c9699232caf79c51d0f0ea3056c20a31914f10ced48,1,,,,0,4.7000000000,2026-09-16T18:00:00+08:00
2026-09-19,S12,K07,5,0,Z3,0.0000000000,2026-09-09 12:00:00+08:00,13632.0000000000,c849fda5b3b4d4f74b2ad465ebf14c564b00b8a48eefe493c1240e68818c35ff,1,,,,0,4.7000000000,2026-09-16T18:00:00+08:00
2026-09-19,S12,K08,5,0,Z3,0.1200000000,2026-09-09 12:00:00+08:00,13633.0000000000,4491bae79cc5cc9930f0bbea14db69ff985cbb00913e266c771a1be02f9ac3c5,1,,,,0,4.7000000000,2026-09-16T18:00:00+08:00
2026-09-20,S01,K01,6,0,Z1,0.1200000000,2026-09-10 12:00:00+08:00,13634.0000000000,6a95fba2a4ba46321751c8d319cf52d507b79902913dea84232c87d9ccf95859,1,,,,0,4.7333333333,2026-09-16T18:00:00+08:00
2026-09-20,S01,K02,6,0,Z1,0.0000000000,2026-09-10 12:00:00+08:00,13635.0000000000,a6917a412be32708605f9f617535e66b3f4edd315ffc664e2d99eb21fc27179f,1,,,,0,4.7333333333,2026-09-16T18:00:00+08:00
2026-09-20,S01,K03,6,0,Z1,0.0000000000,2026-09-10 12:00:00+08:00,13636.0000000000,52255639664524584a881c85101ede90c7bfb1ad1f2473741a23366cbea3d1d2,1,,,,0,4.7333333333,2026-09-16T18:00:00+08:00
2026-09-20,S01,K04,6,0,Z1,0.0000000000,2026-09-10 12:00:00+08:00,13637.0000000000,bdc47af21ed2d17a642e20961b258046700abee66fc45c9201cc068b009949c3,1,,,,0,4.7333333333,2026-09-16T18:00:00+08:00
2026-09-20,S01,K05,6,0,Z1,0.0000000000,2026-09-10 12:00:00+08:00,13638.0000000000,1f65babd58eae42cc85f12628aaea41bfc17e4e8e08032269ec98e9f1e4101d8,1,,,,0,4.7333333333,2026-09-16T18:00:00+08:00
2026-09-20,S01,K06,6,0,Z1,0.1200000000,2026-09-10 12:00:00+08:00,13639.0000000000,e06d3d078d1c19b3c0379b4ffc72bcb30c8b504f007559e442450bef3fab79e6,1,,,,0,4.7333333333,2026-09-16T18:00:00+08:00
2026-09-20,S01,K07,6,0,Z1,0.0000000000,2026-09-10 12:00:00+08:00,13640.0000000000,caac4160831d3b0293e0d92d7d0aea074044ed2e507153f1be64ea847b50c88f,1,,,,0,4.7333333333,2026-09-16T18:00:00+08:00
2026-09-20,S01,K08,6,0,Z1,0.0000000000,2026-09-10 12:00:00+08:00,13641.0000000000,2d9198a789981e514bb935b141f054df411de7590954ea598331fd9bb83c4a61,1,,,,0,4.7333333333,2026-09-16T18:00:00+08:00
2026-09-20,S02,K01,6,0,Z1,0.0000000000,2026-09-10 12:00:00+08:00,13642.0000000000,73bfbdb520eda81161d347efcb71bc53077e50bd16600a47f528e65b4f6e073f,1,,,,0,4.7333333333,2026-09-16T18:00:00+08:00
2026-09-20,S02,K02,6,0,Z1,0.0000000000,2026-09-10 12:00:00+08:00,13643.0000000000,d986ce55f8d647b2c6a39c77e82893bbf1e92d5299cd49b160add21509885864,1,,,,0,4.7333333333,2026-09-16T18:00:00+08:00
2026-09-20,S02,K03,6,0,Z1,0.0000000000,2026-09-10 12:00:00+08:00,13644.0000000000,36b956a5750596e0a8b5777afc7e72a0262fe88bfe2219af15457c18810f57b8,1,,,,0,4.7333333333,2026-09-16T18:00:00+08:00
2026-09-20,S02,K04,6,0,Z1,0.0000000000,2026-09-10 12:00:00+08:00,13645.0000000000,3e68d7c483a30fe8445d87e3be89bd83a6a5036a2bd396ca968ec03ed77cecb8,1,,,,0,4.7333333333,2026-09-16T18:00:00+08:00
2026-09-20,S02,K05,6,0,Z1,0.0000000000,2026-09-10 12:00:00+08:00,13646.0000000000,def96087dc1cbf4695af07fb339eef0f55f3081b0087099fb9b2fa1eb9f1192d,1,,,,0,4.7333333333,2026-09-16T18:00:00+08:00
2026-09-20,S02,K06,6,0,Z1,0.1200000000,2026-09-10 12:00:00+08:00,13647.0000000000,2558925bd7019f42c6684f1465b52bfcba7e9599db8becda587da0438f639be0,1,,,,0,4.7333333333,2026-09-16T18:00:00+08:00
2026-09-20,S02,K07,6,0,Z1,0.0000000000,2026-09-10 12:00:00+08:00,13648.0000000000,5848954755eaa64d8e997d456eed9a4657e7caebaca2e566e5ac17179b094492,1,,,,0,4.7333333333,2026-09-16T18:00:00+08:00
2026-09-20,S02,K08,6,0,Z1,0.0000000000,2026-09-10 12:00:00+08:00,13649.0000000000,03e0ae461d5a16dbdd08e7b8f934d7949801aa3041ac9028f4fa90dae0849838,1,,,,0,4.7333333333,2026-09-16T18:00:00+08:00
2026-09-20,S03,K01,6,0,Z1,0.0000000000,2026-09-10 12:00:00+08:00,13650.0000000000,00a4d8f61ae6b6c678f8b35d5a577aa5f0b8562f03d4aa731502196aba01932c,1,,,,0,4.7333333333,2026-09-16T18:00:00+08:00
2026-09-20,S03,K02,6,0,Z1,0.0000000000,2026-09-10 12:00:00+08:00,13651.0000000000,bdbba1cb7515f026a8b987ead86300d1fb91472cc1855df3ad146528077182df,1,,,,0,4.7333333333,2026-09-16T18:00:00+08:00
2026-09-20,S03,K03,6,0,Z1,0.0000000000,2026-09-10 12:00:00+08:00,13652.0000000000,a1aa022c63329efe76470bb17aaaea2bac885163584d247479b638319a0b7307,1,,,,0,4.7333333333,2026-09-16T18:00:00+08:00
2026-09-20,S03,K04,6,0,Z1,0.0000000000,2026-09-10 12:00:00+08:00,13653.0000000000,b45d8a7cee384662348aa82a2803d8d43b9d6a01b46b4e859dc1d2cb548f7e1e,1,,,,0,4.7333333333,2026-09-16T18:00:00+08:00
2026-09-20,S03,K05,6,0,Z1,0.0000000000,2026-09-10 12:00:00+08:00,13654.0000000000,82040cf54480737507656f8b7ee75886607cf2a78e472572ac07327e2e7f9584,1,,,,0,4.7333333333,2026-09-16T18:00:00+08:00
2026-09-20,S03,K06,6,0,Z1,0.1200000000,2026-09-10 12:00:00+08:00,13655.0000000000,9fcbe424481504c32bf0529fc01e94b328e9eec288c51bff9db7dfa474b207d6,1,,,,0,4.7333333333,2026-09-16T18:00:00+08:00
2026-09-20,S03,K07,6,0,Z1,0.0000000000,2026-09-10 12:00:00+08:00,13656.0000000000,efda05b1d69e696970c0669c3c0b9311ab6c4c18501d7feea1d471fa1e163a91,1,,,,0,4.7333333333,2026-09-16T18:00:00+08:00
2026-09-20,S03,K08,6,0,Z1,0.0000000000,2026-09-10 12:00:00+08:00,13657.0000000000,6d5cb47a1f903f717b9b2eb35a81a8421511148e0c840acba6b074b6b05853c6,1,,,,0,4.7333333333,2026-09-16T18:00:00+08:00
2026-09-20,S04,K01,6,0,Z1,0.0000000000,2026-09-10 12:00:00+08:00,13658.0000000000,ea4143c48189fdbdd9b0b0cec5032cf77d0ef4c54ee2888e3f8d9ce31cfc326b,1,,,,0,4.7333333333,2026-09-16T18:00:00+08:00
2026-09-20,S04,K02,6,0,Z1,0.0000000000,2026-09-10 12:00:00+08:00,13659.0000000000,a6ba4379617c6d2ae9a8f7292bd99835c1f6bb5d1f36c30a450b069ddd39e3da,1,,,,0,4.7333333333,2026-09-16T18:00:00+08:00
2026-09-20,S04,K03,6,0,Z1,0.0000000000,2026-09-10 12:00:00+08:00,13660.0000000000,4f936eb934f0715ab3bcc61a06ed399d6c846f726896c34f51b28599ab791641,1,,,,0,4.7333333333,2026-09-16T18:00:00+08:00
2026-09-20,S04,K04,6,0,Z1,0.0000000000,2026-09-10 12:00:00+08:00,13661.0000000000,bfa9cf2c4be9c4c15f402073704567d22215cb6946724e3cc46f528ee0c8b321,1,,,,0,4.7333333333,2026-09-16T18:00:00+08:00
2026-09-20,S04,K05,6,0,Z1,0.1200000000,2026-09-10 12:00:00+08:00,13662.0000000000,25809cf59546f1240c7e2f8660323d0a513f68d571abd41e5861ac28a059a75a,1,,,,0,4.7333333333,2026-09-16T18:00:00+08:00
2026-09-20,S04,K06,6,0,Z1,0.0000000000,2026-09-10 12:00:00+08:00,13663.0000000000,fb086ffe6c764419a9c7c995c91db7576cd3bbc0a6d07349ebecdd4fe4cf999a,1,,,,0,4.7333333333,2026-09-16T18:00:00+08:00
2026-09-20,S04,K07,6,0,Z1,0.0000000000,2026-09-10 12:00:00+08:00,13664.0000000000,00be66cca925a507458845b667118e6210e1d511ce9ecf981ccdd4a5c73ea188,1,,,,0,4.7333333333,2026-09-16T18:00:00+08:00
2026-09-20,S04,K08,6,0,Z1,0.0000000000,2026-09-10 12:00:00+08:00,13665.0000000000,d00b6c36a66f3a68c47a64fc9ad9579387d7984dc3a992c5fe444c9fcc9bbbb3,1,,,,0,4.7333333333,2026-09-16T18:00:00+08:00
2026-09-20,S05,K01,6,0,Z2,0.0000000000,2026-09-10 12:00:00+08:00,13666.0000000000,eba9f5e549c0cf1e2de315fcf6ebf4dbef68f7b059e308efa55f0151701a84a1,1,,,,0,4.7333333333,2026-09-16T18:00:00+08:00
2026-09-20,S05,K02,6,0,Z2,0.0000000000,2026-09-10 12:00:00+08:00,13667.0000000000,8a53f963a7c18531f7a623ef87815a923a491b34aa5b839bda07eee2116b7554,1,,,,0,4.7333333333,2026-09-16T18:00:00+08:00
2026-09-20,S05,K03,6,0,Z2,0.0000000000,2026-09-10 12:00:00+08:00,13668.0000000000,ac40d17f3594c2373deab81cc18e325f74a2b8c421af174360432dda99099982,1,,,,0,4.7333333333,2026-09-16T18:00:00+08:00
2026-09-20,S05,K04,6,0,Z2,0.0000000000,2026-09-10 12:00:00+08:00,13669.0000000000,c97d1007d5cc16cfe0f8b9b3dfb62b0b723a060f25b7dd4fe29b45225a0df23b,1,,,,0,4.7333333333,2026-09-16T18:00:00+08:00
2026-09-20,S05,K05,6,0,Z2,0.1200000000,2026-09-10 12:00:00+08:00,13670.0000000000,f2df022d84874de0dd733aafa09182ac51b077ae418b4a1c0fdbc1f29b692c4f,1,,,,0,4.7333333333,2026-09-16T18:00:00+08:00
2026-09-20,S05,K06,6,0,Z2,0.0000000000,2026-09-10 12:00:00+08:00,13671.0000000000,5e0ac56f546c71b50196b6231e3d4c66640eefd005a7f51b93bb0dec6c422361,1,,,,0,4.7333333333,2026-09-16T18:00:00+08:00
2026-09-20,S05,K07,6,0,Z2,0.0000000000,2026-09-10 12:00:00+08:00,13672.0000000000,66829338e494510c45855ab7076a0b2bea002cba169c45d6c21c18b7768be780,1,,,,0,4.7333333333,2026-09-16T18:00:00+08:00
2026-09-20,S05,K08,6,0,Z2,0.0000000000,2026-09-10 12:00:00+08:00,13673.0000000000,e77a648a11749d1ae46e0c3c7a55952e2b44520eecb329935db29b62589e1b6e,1,,,,0,4.7333333333,2026-09-16T18:00:00+08:00
2026-09-20,S06,K01,6,0,Z2,0.0000000000,2026-09-10 12:00:00+08:00,13674.0000000000,9ab3f653cb31f1c472904614e770d9e620572385b4a5073e31ad646ced066cbd,1,,,,0,4.7333333333,2026-09-16T18:00:00+08:00
2026-09-20,S06,K02,6,0,Z2,0.0000000000,2026-09-10 12:00:00+08:00,13675.0000000000,3a511ede4afcb66eefe1ab4fcfd490779d212e6a568bc9046c985a9a5ee40f6a,1,,,,0,4.7333333333,2026-09-16T18:00:00+08:00
2026-09-20,S06,K03,6,0,Z2,0.0000000000,2026-09-10 12:00:00+08:00,13676.0000000000,d1d9ebae4578c7c7493bd222ee4d7c314002404c18128a5a7522b0b2a08dfec3,1,,,,0,4.7333333333,2026-09-16T18:00:00+08:00
2026-09-20,S06,K04,6,0,Z2,0.1200000000,2026-09-10 12:00:00+08:00,13677.0000000000,20c2f9ecee46d9288548764556a5da9465e75f39504e3d534169a3993f72d508,1,,,,0,4.7333333333,2026-09-16T18:00:00+08:00
2026-09-20,S06,K05,6,0,Z2,0.0000000000,2026-09-10 12:00:00+08:00,13678.0000000000,0bb69fa50ef40acdf846a82035747bd800b6c1f1a70009f0da4f7d830657b68f,1,,,,0,4.7333333333,2026-09-16T18:00:00+08:00
2026-09-20,S06,K06,6,0,Z2,0.0000000000,2026-09-10 12:00:00+08:00,13679.0000000000,74219f27b8f4ad4dc5cabbe3fcb956b815675e04397017dbdc970713d92384c2,1,,,,0,4.7333333333,2026-09-16T18:00:00+08:00
2026-09-20,S06,K07,6,0,Z2,0.0000000000,2026-09-10 12:00:00+08:00,13680.0000000000,11118d180d468929f9aa5ffe0da97865ccfcaa5f0480228b275554ade2e57db8,1,,,,0,4.7333333333,2026-09-16T18:00:00+08:00
2026-09-20,S06,K08,6,0,Z2,0.0000000000,2026-09-10 12:00:00+08:00,13681.0000000000,c08884049ee3f702c171b4c8837f592a13991bdd03b51118a543d6620e5d369d,1,,,,0,4.7333333333,2026-09-16T18:00:00+08:00
2026-09-20,S07,K01,6,0,Z2,0.0000000000,2026-09-10 12:00:00+08:00,13682.0000000000,025018dffa59db81a4ead405f09628bbc90b3aec9297979494482a3a29ccdd02,1,,,,0,4.7333333333,2026-09-16T18:00:00+08:00
2026-09-20,S07,K02,6,0,Z2,0.0000000000,2026-09-10 12:00:00+08:00,13683.0000000000,43a1ac782981cbd1e1303282d810e001774ff298fffca9f2e15c584afaf647d6,1,,,,0,4.7333333333,2026-09-16T18:00:00+08:00
2026-09-20,S07,K03,6,0,Z2,0.0000000000,2026-09-10 12:00:00+08:00,13684.0000000000,fc0ff3192db7df13093cddd0bf1cc1ee4c83a866c48f128540f853a7a949ec42,1,,,,0,4.7333333333,2026-09-16T18:00:00+08:00
2026-09-20,S07,K04,6,0,Z2,0.1200000000,2026-09-10 12:00:00+08:00,13685.0000000000,dad0e88a7e365cd53bf6d5c4a530f9d29eaf6667151d347721ca889cf0732664,1,,,,0,4.7333333333,2026-09-16T18:00:00+08:00
2026-09-20,S07,K05,6,0,Z2,0.0000000000,2026-09-10 12:00:00+08:00,13686.0000000000,a9707543fdce097128f1c4a627a901d0ee1528a2657698d897ef3c8cc2542325,1,,,,0,4.7333333333,2026-09-16T18:00:00+08:00
2026-09-20,S07,K06,6,0,Z2,0.0000000000,2026-09-10 12:00:00+08:00,13687.0000000000,becbe79299dfa4b215bd8356cbb0dcc987f33198c5c4fbada5a6aed28f777cb4,1,,,,0,4.7333333333,2026-09-16T18:00:00+08:00
2026-09-20,S07,K07,6,0,Z2,0.0000000000,2026-09-10 12:00:00+08:00,13688.0000000000,d138492ee3b6d57dd00ba1bd8d0cf45210778c3b5420083e52b4c4da30e7fc06,1,,,,0,4.7333333333,2026-09-16T18:00:00+08:00
2026-09-20,S07,K08,6,0,Z2,0.0000000000,2026-09-10 12:00:00+08:00,13689.0000000000,4c9a1d2c2c2825eac60bf7e062a3265b464625f7b7396f622a079af5fce9845b,1,,,,0,4.7333333333,2026-09-16T18:00:00+08:00
2026-09-20,S08,K01,6,0,Z2,0.0000000000,2026-09-10 12:00:00+08:00,13690.0000000000,6390c5edaf358d64364e52d3b584b1dda34530a6c3dc1205b5421e65e3e3084d,1,,,,0,4.7333333333,2026-09-16T18:00:00+08:00
2026-09-20,S08,K02,6,0,Z2,0.0000000000,2026-09-10 12:00:00+08:00,13691.0000000000,3d35af91b9ce770f0d1c6910d98f070e3c7d9f7cfc559b4fe5120f47c78f9820,1,,,,0,4.7333333333,2026-09-16T18:00:00+08:00
2026-09-20,S08,K03,6,0,Z2,0.0000000000,2026-09-10 12:00:00+08:00,13692.0000000000,61cd056de6609f434049d2e18ddbc66afc9368073b3f64fe957925cd91f45fb6,1,,,,0,4.7333333333,2026-09-16T18:00:00+08:00
2026-09-20,S08,K04,6,0,Z2,0.1200000000,2026-09-10 12:00:00+08:00,13693.0000000000,983497b43a02c4cf39a35b4eb872d7f71e1f7f72887db1ca8704e26762c9f5ea,1,,,,0,4.7333333333,2026-09-16T18:00:00+08:00
2026-09-20,S08,K05,6,0,Z2,0.0000000000,2026-09-10 12:00:00+08:00,13694.0000000000,439e37ef5d056eea9cd0d7a21380cf2e8665703223b595c128966b491b5c5ca3,1,,,,0,4.7333333333,2026-09-16T18:00:00+08:00
2026-09-20,S08,K06,6,0,Z2,0.0000000000,2026-09-10 12:00:00+08:00,13695.0000000000,02bd0043c44b935662a037f29fd9730ad2025f9e7d2d82859baf70b4db2ff077,1,,,,0,4.7333333333,2026-09-16T18:00:00+08:00
2026-09-20,S08,K07,6,0,Z2,0.0000000000,2026-09-10 12:00:00+08:00,13696.0000000000,b4c5ec7e445f8da25e7ff8e8ac0fbed564d66f8478486d123d75aaca14ae598b,1,,,,0,4.7333333333,2026-09-16T18:00:00+08:00
2026-09-20,S08,K08,6,0,Z2,0.0000000000,2026-09-10 12:00:00+08:00,13697.0000000000,e9630b233ba4cb53b45a942b3f2bbc963fa4175e27768fdb089e70b1d58fb2f2,1,,,,0,4.7333333333,2026-09-16T18:00:00+08:00
2026-09-20,S09,K01,6,0,Z3,0.0000000000,2026-09-10 12:00:00+08:00,13698.0000000000,12bdafa311b26a427b04c53c04968c1e61f53dc83e95c178ded3725daf5822b7,1,,,,0,4.7333333333,2026-09-16T18:00:00+08:00
2026-09-20,S09,K02,6,0,Z3,0.0000000000,2026-09-10 12:00:00+08:00,13699.0000000000,87c4d3e578320faad12277ca0bb316d7421d3208d6deb41201a4e750b7886a28,1,,,,0,4.7333333333,2026-09-16T18:00:00+08:00
2026-09-20,S09,K03,6,0,Z3,0.1200000000,2026-09-10 12:00:00+08:00,13700.0000000000,46541a00de993e66a60c7cfda570db1d5cfeb5493dea6af44ea3b9c7e5e3dc38,1,,,,0,4.7333333333,2026-09-16T18:00:00+08:00
2026-09-20,S09,K04,6,0,Z3,0.0000000000,2026-09-10 12:00:00+08:00,13701.0000000000,7725e52c1689ccf6ad787a107cb36d49059a96b835b4a13e0b6601b95e6b29f9,1,,,,0,4.7333333333,2026-09-16T18:00:00+08:00
2026-09-20,S09,K05,6,0,Z3,0.0000000000,2026-09-10 12:00:00+08:00,13702.0000000000,d6325ea1dd4ea4b81e9c7bb70c3277f227e3efa9b2f06cd61ade4ae588b6e125,1,,,,0,4.7333333333,2026-09-16T18:00:00+08:00
2026-09-20,S09,K06,6,0,Z3,0.0000000000,2026-09-10 12:00:00+08:00,13703.0000000000,b5dce3adc6e3c5fcd247a704cb9aa739f8bd39427a9cd5f789ffa45883a9ef4a,1,,,,0,4.7333333333,2026-09-16T18:00:00+08:00
2026-09-20,S09,K07,6,0,Z3,0.0000000000,2026-09-10 12:00:00+08:00,13704.0000000000,a11d725958b79a8f26d016aa5dd40727323d5ee588fe4c744426d36d3caeeab0,1,,,,0,4.7333333333,2026-09-16T18:00:00+08:00
2026-09-20,S09,K08,6,0,Z3,0.0000000000,2026-09-10 12:00:00+08:00,13705.0000000000,daea592587470b7ef2727af8b585544761193f2ab9d50b986a0ecd0adbb39d85,1,,,,0,4.7333333333,2026-09-16T18:00:00+08:00
2026-09-20,S10,K01,6,0,Z3,0.0000000000,2026-09-10 12:00:00+08:00,13706.0000000000,95ffc94c781eb389aa167b03504a5b5b1f2a9ae568f45208daa985b1542df1ec,1,,,,0,4.7333333333,2026-09-16T18:00:00+08:00
2026-09-20,S10,K02,6,0,Z3,0.0000000000,2026-09-10 12:00:00+08:00,13707.0000000000,e96c36ffef261700424db1eae719898ea7cc20dbfda09df8e52a021128208b58,1,,,,0,4.7333333333,2026-09-16T18:00:00+08:00
2026-09-20,S10,K03,6,0,Z3,0.1200000000,2026-09-10 12:00:00+08:00,13708.0000000000,193cf5387ef41905f79b596d2408a6cbc9b733b008535ca016000274ae6a335d,1,,,,0,4.7333333333,2026-09-16T18:00:00+08:00
2026-09-20,S10,K04,6,0,Z3,0.0000000000,2026-09-10 12:00:00+08:00,13709.0000000000,516e567c0d27dfa5ae45e23a75be96fbdbca80e2e4ffce487fd045f787225669,1,,,,0,4.7333333333,2026-09-16T18:00:00+08:00
2026-09-20,S10,K05,6,0,Z3,0.0000000000,2026-09-10 12:00:00+08:00,13710.0000000000,5f361cb44b477a637a8372019bf52dae0923162b8ac9511250af2f0953761706,1,,,,0,4.7333333333,2026-09-16T18:00:00+08:00
2026-09-20,S10,K06,6,0,Z3,0.0000000000,2026-09-10 12:00:00+08:00,13711.0000000000,4c1e4288fbc78179a026c523ade28a9459b57979913f72d04bbc6bf4e0d86986,1,,,,0,4.7333333333,2026-09-16T18:00:00+08:00
2026-09-20,S10,K07,6,0,Z3,0.0000000000,2026-09-10 12:00:00+08:00,13712.0000000000,ca4955983bb60d7c2d62635eb89d7a23bbca9badc5be82cdcd2ab25cdbce3115,1,,,,0,4.7333333333,2026-09-16T18:00:00+08:00
2026-09-20,S10,K08,6,0,Z3,0.0000000000,2026-09-10 12:00:00+08:00,13713.0000000000,f37690f39b6a835231fde83a5a89bb2944af542b028a351810d18d30ea0affcf,1,,,,0,4.7333333333,2026-09-16T18:00:00+08:00
2026-09-20,S11,K01,6,0,Z3,0.0000000000,2026-09-10 12:00:00+08:00,13714.0000000000,9542527a5f1fec6ad4d5b5f98d76801bd5692941d45cec6cbbaf5c284ae33480,1,,,,0,4.7333333333,2026-09-16T18:00:00+08:00
2026-09-20,S11,K02,6,0,Z3,0.1200000000,2026-09-10 12:00:00+08:00,13715.0000000000,bc6cbe535baceb1e2b6d24a6c0c2674e0ecb3a647a2d1daa16efd94138aad347,1,,,,0,4.7333333333,2026-09-16T18:00:00+08:00
2026-09-20,S11,K03,6,0,Z3,0.0000000000,2026-09-10 12:00:00+08:00,13716.0000000000,f79b327aab01ce9350dc13ec639844849d00ee2bb095e239cbf393f89d16460d,1,,,,0,4.7333333333,2026-09-16T18:00:00+08:00
2026-09-20,S11,K04,6,0,Z3,0.0000000000,2026-09-10 12:00:00+08:00,13717.0000000000,be13be73219941e2fb11ff767a1ba9ddedb05c366c0051b5fc13031728cf82eb,1,,,,0,4.7333333333,2026-09-16T18:00:00+08:00
2026-09-20,S11,K05,6,0,Z3,0.0000000000,2026-09-10 12:00:00+08:00,13718.0000000000,84477eab1e622cc0bddb600654559606898043ea0842219aec1a8b1df84de5ef,1,,,,0,4.7333333333,2026-09-16T18:00:00+08:00
2026-09-20,S11,K06,6,0,Z3,0.0000000000,2026-09-10 12:00:00+08:00,13719.0000000000,df2b47d2475b59de4aa996f00e0c30a0ff5b9b3883c7b2ecfc792dec5366f595,1,,,,0,4.7333333333,2026-09-16T18:00:00+08:00
2026-09-20,S11,K07,6,0,Z3,0.0000000000,2026-09-10 12:00:00+08:00,13720.0000000000,cb3abd3c6a158d84b9fd3eb68a91f788077f7f76113bc24bbf4b7e74b2f4bc0f,1,,,,0,4.7333333333,2026-09-16T18:00:00+08:00
2026-09-20,S11,K08,6,0,Z3,0.1200000000,2026-09-10 12:00:00+08:00,13721.0000000000,ed37b2ee5c32c06683309c38b1800c7df6f9aed271a3f1ffad403172a8d6b114,1,,,,0,4.7333333333,2026-09-16T18:00:00+08:00
2026-09-20,S12,K01,6,0,Z3,0.0000000000,2026-09-10 12:00:00+08:00,13722.0000000000,c8e0310de4c7d25e8cea8216a504513229a450ed4a68fee258ebf95f9bbfae71,1,,,,0,4.7333333333,2026-09-16T18:00:00+08:00
2026-09-20,S12,K02,6,0,Z3,0.1200000000,2026-09-10 12:00:00+08:00,13723.0000000000,a14d7133749e046933a986557d3cfcf45e60b9e840d13dcee71bae75297c184a,1,,,,0,4.7333333333,2026-09-16T18:00:00+08:00
2026-09-20,S12,K03,6,0,Z3,0.0000000000,2026-09-10 12:00:00+08:00,13724.0000000000,98e602c962ad0a0b561f8ff62da2e16e40d225d0729bf1f5d7c53c70105ed9e2,1,,,,0,4.7333333333,2026-09-16T18:00:00+08:00
2026-09-20,S12,K04,6,0,Z3,0.0000000000,2026-09-10 12:00:00+08:00,13725.0000000000,1a1201ad35e5b6f2e1644322baad841192a89fca3a5d8a21095a1eed31331e98,1,,,,0,4.7333333333,2026-09-16T18:00:00+08:00
2026-09-20,S12,K05,6,0,Z3,0.0000000000,2026-09-10 12:00:00+08:00,13726.0000000000,faaa707bb13866593d19a2d91e8ee0cfe7a3c4c90a56de30072288a5a1fa7c89,1,,,,0,4.7333333333,2026-09-16T18:00:00+08:00
2026-09-20,S12,K06,6,0,Z3,0.0000000000,2026-09-10 12:00:00+08:00,13727.0000000000,ec46f19de7d88471946ddce6907eab59def13e91a3871a8e7aea62ca73773e9d,1,,,,0,4.7333333333,2026-09-16T18:00:00+08:00
2026-09-20,S12,K07,6,0,Z3,0.0000000000,2026-09-10 12:00:00+08:00,13728.0000000000,af1de9869b675831b487e9cfe901bdc91ebb5c008a40a3256f170cb800b87ac3,1,,,,0,4.7333333333,2026-09-16T18:00:00+08:00
2026-09-20,S12,K08,6,0,Z3,0.1200000000,2026-09-10 12:00:00+08:00,13729.0000000000,f93f9ce3a54cc89fb9ac156ce8f2f221d54adfcc5681473c23b798a3d9e07ee8,1,,,,0,4.7333333333,2026-09-16T18:00:00+08:00
2026-09-21,S01,K01,0,0,Z1,0.0000000000,2026-09-11 12:00:00+08:00,13730.0000000000,afc8183810998d6901d5bd2558e0a6a995c1d66f8161b47fa7ace9d02f842b01,1,,,,0,4.7666666667,2026-09-16T18:00:00+08:00
2026-09-21,S01,K02,0,0,Z1,0.0000000000,2026-09-11 12:00:00+08:00,13731.0000000000,80df245e17b6047e6fa388aaf865f0a2fff245be62478dd4a3d4297f14567bb8,1,,,,0,4.7666666667,2026-09-16T18:00:00+08:00
2026-09-21,S01,K03,0,0,Z1,0.0000000000,2026-09-11 12:00:00+08:00,13732.0000000000,111a664a7766a2855b45675bd9da3782d9e96332ae4583647e22ca52e204f805,1,,,,0,4.7666666667,2026-09-16T18:00:00+08:00
2026-09-21,S01,K04,0,0,Z1,0.0000000000,2026-09-11 12:00:00+08:00,13733.0000000000,984f19176b990252bfcb8888fa487048cf1a203996c0f95a96b828fb1c7c6307,1,,,,0,4.7666666667,2026-09-16T18:00:00+08:00
2026-09-21,S01,K05,0,0,Z1,0.0000000000,2026-09-11 12:00:00+08:00,13734.0000000000,09087713e6b37f8642ea9b38e2a8657e75486fcef5b9e13047d4fdc30f2c6dc2,1,,,,0,4.7666666667,2026-09-16T18:00:00+08:00
2026-09-21,S01,K06,0,0,Z1,0.1200000000,2026-09-11 12:00:00+08:00,13735.0000000000,9a20f6491d1b30272e9be3665fba0a5cd76f910d5e91019965d62a6eda4e7524,1,,,,0,4.7666666667,2026-09-16T18:00:00+08:00
2026-09-21,S01,K07,0,0,Z1,0.0000000000,2026-09-11 12:00:00+08:00,13736.0000000000,9ff17b38e4fd3eedc0f478521ad5608c4d92b7b766ea115e5b787d1c79f69c6c,1,,,,0,4.7666666667,2026-09-16T18:00:00+08:00
2026-09-21,S01,K08,0,0,Z1,0.0000000000,2026-09-11 12:00:00+08:00,13737.0000000000,2ea0551a59e845a99b5427b47475628413f51554f12fdb9442d12dbba635d3c9,1,,,,0,4.7666666667,2026-09-16T18:00:00+08:00
2026-09-21,S02,K01,0,0,Z1,0.0000000000,2026-09-11 12:00:00+08:00,13738.0000000000,6a528190fd72e47b71321d98de5a6a32808501a8787481f8a896e1d4787aaedd,1,,,,0,4.7666666667,2026-09-16T18:00:00+08:00
2026-09-21,S02,K02,0,0,Z1,0.0000000000,2026-09-11 12:00:00+08:00,13739.0000000000,0137d07a774aee58fd0ecc6b40fd17a993a5c3f378aa53db84b6405753457bf6,1,,,,0,4.7666666667,2026-09-16T18:00:00+08:00
2026-09-21,S02,K03,0,0,Z1,0.0000000000,2026-09-11 12:00:00+08:00,13740.0000000000,978bf9ce217d675a0f72e5c748ef0299702a18b1800cae55dfacda1cd1f06acc,1,,,,0,4.7666666667,2026-09-16T18:00:00+08:00
2026-09-21,S02,K04,0,0,Z1,0.0000000000,2026-09-11 12:00:00+08:00,13741.0000000000,8ca753f770ef68d8ebbdfab54ed0c1d79bf28c6dbee088a718c55e0f253e8271,1,,,,0,4.7666666667,2026-09-16T18:00:00+08:00
2026-09-21,S02,K05,0,0,Z1,0.0000000000,2026-09-11 12:00:00+08:00,13742.0000000000,b81ac76c3ed52a45e24bb09bc08a4429424f7e7aeb6f40905c0ddf4edc11ad7f,1,,,,0,4.7666666667,2026-09-16T18:00:00+08:00
2026-09-21,S02,K06,0,0,Z1,0.1200000000,2026-09-11 12:00:00+08:00,13743.0000000000,0e91d25ee04c99cac1ce76ebd2a93f0ab947c03a9d92a943796685cece0eeeb5,1,,,,0,4.7666666667,2026-09-16T18:00:00+08:00
2026-09-21,S02,K07,0,0,Z1,0.0000000000,2026-09-11 12:00:00+08:00,13744.0000000000,b566dd304fa9e962838501cc8a71d1677b8a0c414b2800d71a8457e8a9359069,1,,,,0,4.7666666667,2026-09-16T18:00:00+08:00
2026-09-21,S02,K08,0,0,Z1,0.0000000000,2026-09-11 12:00:00+08:00,13745.0000000000,5153ed43fb36faea2a4bd11577660ea695fa101a00edd998241d25feff1dff86,1,,,,0,4.7666666667,2026-09-16T18:00:00+08:00
2026-09-21,S03,K01,0,0,Z1,0.0000000000,2026-09-11 12:00:00+08:00,13746.0000000000,3e66d5e0fc55bfb448620b2a2d4d8562407d4451dd6e2b7ef4e32e05e5c42fd1,1,,,,0,4.7666666667,2026-09-16T18:00:00+08:00
2026-09-21,S03,K02,0,0,Z1,0.0000000000,2026-09-11 12:00:00+08:00,13747.0000000000,4a5dfb9ab6e7feb7b53b5a79cda8e33478068c75fea8e61a34233baa597326eb,1,,,,0,4.7666666667,2026-09-16T18:00:00+08:00
2026-09-21,S03,K03,0,0,Z1,0.0000000000,2026-09-11 12:00:00+08:00,13748.0000000000,2fca68189cf633ada7f56e45811530073a0c61efabc2db6204788a41d37ffc97,1,,,,0,4.7666666667,2026-09-16T18:00:00+08:00
2026-09-21,S03,K04,0,0,Z1,0.0000000000,2026-09-11 12:00:00+08:00,13749.0000000000,1d1fd9cc2aeda97a11a9a701ff2a278d779b75db1123e5092d8477afe7ac917d,1,,,,0,4.7666666667,2026-09-16T18:00:00+08:00
2026-09-21,S03,K05,0,0,Z1,0.1200000000,2026-09-11 12:00:00+08:00,13750.0000000000,124fd211440f74403d5604cb4e2f6f247ee4e663b33bd5b2cb1e3b2c298d26f6,1,,,,0,4.7666666667,2026-09-16T18:00:00+08:00
2026-09-21,S03,K06,0,0,Z1,0.0000000000,2026-09-11 12:00:00+08:00,13751.0000000000,65b12402df4d7bccc25e971b3e0681f801a48cc1e37f5df4e029eb9b5cfc1dab,1,,,,0,4.7666666667,2026-09-16T18:00:00+08:00
2026-09-21,S03,K07,0,0,Z1,0.0000000000,2026-09-11 12:00:00+08:00,13752.0000000000,cb4d7a8486366e4a0ef8d7dc0bd0d6b04e99f86f9e825fe9bf26ba9223923867,1,,,,0,4.7666666667,2026-09-16T18:00:00+08:00
2026-09-21,S03,K08,0,0,Z1,0.0000000000,2026-09-11 12:00:00+08:00,13753.0000000000,d2630e07de6dad4eca4c49ca9366df732d4cd47e04370fb351210a773527286b,1,,,,0,4.7666666667,2026-09-16T18:00:00+08:00
2026-09-21,S04,K01,0,0,Z1,0.0000000000,2026-09-11 12:00:00+08:00,13754.0000000000,512c2ee66a24e7601b9f4a6fdaf7de18d819a9ee630177e8c1316f1a941dfcdb,1,,,,0,4.7666666667,2026-09-16T18:00:00+08:00
2026-09-21,S04,K02,0,0,Z1,0.0000000000,2026-09-11 12:00:00+08:00,13755.0000000000,4ff75a8185a52e0eb63b20da7019879c90a4419893df46a64ce5441a6c691b3e,1,,,,0,4.7666666667,2026-09-16T18:00:00+08:00
2026-09-21,S04,K03,0,0,Z1,0.0000000000,2026-09-11 12:00:00+08:00,13756.0000000000,e4518a0e656d56d62157f41f4b7e2407b044c37cc9575215456f2d2133e80491,1,,,,0,4.7666666667,2026-09-16T18:00:00+08:00
2026-09-21,S04,K04,0,0,Z1,0.0000000000,2026-09-11 12:00:00+08:00,13757.0000000000,22bb8efe74132638c651da6d89a8126ecd26cc16362c4fe9f1139aa8f5430a30,1,,,,0,4.7666666667,2026-09-16T18:00:00+08:00
2026-09-21,S04,K05,0,0,Z1,0.1200000000,2026-09-11 12:00:00+08:00,13758.0000000000,4c5a1714a33ff566d367c21019ff550c05425372725c5bccb75c142f4d90aa78,1,,,,0,4.7666666667,2026-09-16T18:00:00+08:00
2026-09-21,S04,K06,0,0,Z1,0.0000000000,2026-09-11 12:00:00+08:00,13759.0000000000,a0b0b6e5a672dd9055671f687ed255c19a57279c53cc518150fa6e5a55fbbc76,1,,,,0,4.7666666667,2026-09-16T18:00:00+08:00
2026-09-21,S04,K07,0,0,Z1,0.0000000000,2026-09-11 12:00:00+08:00,13760.0000000000,10f009bd3928822c6d359ad066e5956319bce91b0d180d8ab27985e21248326e,1,,,,0,4.7666666667,2026-09-16T18:00:00+08:00
2026-09-21,S04,K08,0,0,Z1,0.0000000000,2026-09-11 12:00:00+08:00,13761.0000000000,e1fe355bc2e5d77827f7858910bf7ce5be6a4e724fa4facdf6ce4ee20cdeb703,1,,,,0,4.7666666667,2026-09-16T18:00:00+08:00
2026-09-21,S05,K01,0,0,Z2,0.0000000000,2026-09-11 12:00:00+08:00,13762.0000000000,3a0bfa3be74781f12bbe2685c2127ec89adb4124b69bcaa925442d5c64d194e2,1,,,,0,4.7666666667,2026-09-16T18:00:00+08:00
2026-09-21,S05,K02,0,0,Z2,0.0000000000,2026-09-11 12:00:00+08:00,13763.0000000000,e648b263b7c9e59407b0952544e348531e8026e72027538a7a8202682dc33813,1,,,,0,4.7666666667,2026-09-16T18:00:00+08:00
2026-09-21,S05,K03,0,0,Z2,0.0000000000,2026-09-11 12:00:00+08:00,13764.0000000000,d18ee91165fcf60e646cbb8174f84fbadcbab061313ce7ade05fcdb932fd6766,1,,,,0,4.7666666667,2026-09-16T18:00:00+08:00
2026-09-21,S05,K04,0,0,Z2,0.0000000000,2026-09-11 12:00:00+08:00,13765.0000000000,4094aad4e332c2471ddea28a58916f661f3848f55543054533b096e950f90f25,1,,,,0,4.7666666667,2026-09-16T18:00:00+08:00
2026-09-21,S05,K05,0,0,Z2,0.1200000000,2026-09-11 12:00:00+08:00,13766.0000000000,97d1ecb99ac67f416414f7c47a43f8e8d709e95bacb5835a43a162d1ac70177b,1,,,,0,4.7666666667,2026-09-16T18:00:00+08:00
2026-09-21,S05,K06,0,0,Z2,0.0000000000,2026-09-11 12:00:00+08:00,13767.0000000000,1061f5996c5cce2539d9ed0f0f52ba4cc4ce9a5110cdd5abf5f92c4973041b8d,1,,,,0,4.7666666667,2026-09-16T18:00:00+08:00
2026-09-21,S05,K07,0,0,Z2,0.0000000000,2026-09-11 12:00:00+08:00,13768.0000000000,0039e5e58ca0d54f4bd24a8791851506e987020e49cb4fad01d27637def1f386,1,,,,0,4.7666666667,2026-09-16T18:00:00+08:00
2026-09-21,S05,K08,0,0,Z2,0.0000000000,2026-09-11 12:00:00+08:00,13769.0000000000,f052e6e68f5b1f12a70ab5dd0f3c7b668552543d8401fc9fd67714a77b0a90c0,1,,,,0,4.7666666667,2026-09-16T18:00:00+08:00
2026-09-21,S06,K01,0,0,Z2,0.0000000000,2026-09-11 12:00:00+08:00,13770.0000000000,89bfcb69c266d5943a27874316bba411762e16c6eaa246afb9fa65d24b178a1f,1,,,,0,4.7666666667,2026-09-16T18:00:00+08:00
2026-09-21,S06,K02,0,0,Z2,0.0000000000,2026-09-11 12:00:00+08:00,13771.0000000000,82f27000667dedf17d0f7ee9ded26b63b16f79952e743a770df55eae86fb32f8,1,,,,0,4.7666666667,2026-09-16T18:00:00+08:00
2026-09-21,S06,K03,0,0,Z2,0.0000000000,2026-09-11 12:00:00+08:00,13772.0000000000,5a995937c20666e521a06af3efff31175bae5d85e7d4f8f4429c2f97791c07b8,1,,,,0,4.7666666667,2026-09-16T18:00:00+08:00
2026-09-21,S06,K04,0,0,Z2,0.1200000000,2026-09-11 12:00:00+08:00,13773.0000000000,7ed5f37ff1de859449c44243abf38fe85d890ae42f00abbb68a628b556f60777,1,,,,0,4.7666666667,2026-09-16T18:00:00+08:00
2026-09-21,S06,K05,0,0,Z2,0.0000000000,2026-09-11 12:00:00+08:00,13774.0000000000,468a5afc1063f0288750df28a70a62d163973ba4a10ec30f0a2b58860245ffdc,1,,,,0,4.7666666667,2026-09-16T18:00:00+08:00
2026-09-21,S06,K06,0,0,Z2,0.0000000000,2026-09-11 12:00:00+08:00,13775.0000000000,53abf23a12b0915064b295e2707445f12c97df86febffb6b2b70719de0931a3f,1,,,,0,4.7666666667,2026-09-16T18:00:00+08:00
2026-09-21,S06,K07,0,0,Z2,0.0000000000,2026-09-11 12:00:00+08:00,13776.0000000000,60064df48f564f6877bf19d7a0a225c3ec7fb82d7a75af2dc73ece33d9796563,1,,,,0,4.7666666667,2026-09-16T18:00:00+08:00
2026-09-21,S06,K08,0,0,Z2,0.0000000000,2026-09-11 12:00:00+08:00,13777.0000000000,a1db23e3a775ffaacd119e04b8a53fec4a22989beed3f840f1dedfd622c37dc8,1,,,,0,4.7666666667,2026-09-16T18:00:00+08:00
2026-09-21,S07,K01,0,0,Z2,0.0000000000,2026-09-11 12:00:00+08:00,13778.0000000000,9694151143a2053c97341fbeb256e5795242c17cd2b4fc8f85593dd3839361f2,1,,,,0,4.7666666667,2026-09-16T18:00:00+08:00
2026-09-21,S07,K02,0,0,Z2,0.0000000000,2026-09-11 12:00:00+08:00,13779.0000000000,b92857b35e62a4493e32f35d4c496827388091e1e72117fd6fd2a44ef06d6b7c,1,,,,0,4.7666666667,2026-09-16T18:00:00+08:00
2026-09-21,S07,K03,0,0,Z2,0.0000000000,2026-09-11 12:00:00+08:00,13780.0000000000,432330dc261a945e00f2cbdaa5a10c7134ff61758e284fb9c9da00b80227a0af,1,,,,0,4.7666666667,2026-09-16T18:00:00+08:00
2026-09-21,S07,K04,0,0,Z2,0.1200000000,2026-09-11 12:00:00+08:00,13781.0000000000,c6c644b3040760c55789ff879d32a10cca859394a73d5ddefa21dc3f69a6f0ea,1,,,,0,4.7666666667,2026-09-16T18:00:00+08:00
2026-09-21,S07,K05,0,0,Z2,0.0000000000,2026-09-11 12:00:00+08:00,13782.0000000000,ac5edd02228b9e0897a2371c67678b8188ee044e0b8ec4322c584b8098b3a270,1,,,,0,4.7666666667,2026-09-16T18:00:00+08:00
2026-09-21,S07,K06,0,0,Z2,0.0000000000,2026-09-11 12:00:00+08:00,13783.0000000000,f4c26dd691c1c4860286f2bc83dbb2ef6f0c9e85e7deff887e9d81c14352441b,1,,,,0,4.7666666667,2026-09-16T18:00:00+08:00
2026-09-21,S07,K07,0,0,Z2,0.0000000000,2026-09-11 12:00:00+08:00,13784.0000000000,7c17abf603c68a220197ea8552dc86cdf80584566844c7f851b1fea216720c2b,1,,,,0,4.7666666667,2026-09-16T18:00:00+08:00
2026-09-21,S07,K08,0,0,Z2,0.0000000000,2026-09-11 12:00:00+08:00,13785.0000000000,0741c95ae1bd86d731f52f96a4a7f2aab7218590c0fd9f12c6a8a48624e15a77,1,,,,0,4.7666666667,2026-09-16T18:00:00+08:00
2026-09-21,S08,K01,0,0,Z2,0.0000000000,2026-09-11 12:00:00+08:00,13786.0000000000,fcd46cb81c6a73601404c6b1e6300e4d0d730ef60759d61a1e6dd5894e267352,1,,,,0,4.7666666667,2026-09-16T18:00:00+08:00
2026-09-21,S08,K02,0,0,Z2,0.0000000000,2026-09-11 12:00:00+08:00,13787.0000000000,7892bd60fe889aabf6b20b747703ed733cc7e6e27ecd5537274a45c4a60a2bcc,1,,,,0,4.7666666667,2026-09-16T18:00:00+08:00
2026-09-21,S08,K03,0,0,Z2,0.1200000000,2026-09-11 12:00:00+08:00,13788.0000000000,64a0941163e347910624dd088522f88fb026d20a492a59d3be9195747f043367,1,,,,0,4.7666666667,2026-09-16T18:00:00+08:00
2026-09-21,S08,K04,0,0,Z2,0.0000000000,2026-09-11 12:00:00+08:00,13789.0000000000,4e13bd52d36069a18b4cacfbfcc7d6f365a9c2a0a16af47aff7f14257bbdb179,1,,,,0,4.7666666667,2026-09-16T18:00:00+08:00
2026-09-21,S08,K05,0,0,Z2,0.0000000000,2026-09-11 12:00:00+08:00,13790.0000000000,734e3eb29b17991b841b136e6a41b347172011fd12570218fe67865f3286850e,1,,,,0,4.7666666667,2026-09-16T18:00:00+08:00
2026-09-21,S08,K06,0,0,Z2,0.0000000000,2026-09-11 12:00:00+08:00,13791.0000000000,c23cbfd22ddf99a36c85c8b6d3b19bd91bab6af770f27e5ecd9ac70947f9d8ad,1,,,,0,4.7666666667,2026-09-16T18:00:00+08:00
2026-09-21,S08,K07,0,0,Z2,0.0000000000,2026-09-11 12:00:00+08:00,13792.0000000000,81e4ce10af4857e92d8ab7f4aace7638e5adbbfb0e3459c4cfbb8822a8db4d43,1,,,,0,4.7666666667,2026-09-16T18:00:00+08:00
2026-09-21,S08,K08,0,0,Z2,0.0000000000,2026-09-11 12:00:00+08:00,13793.0000000000,eb3c1f1a7663efb02d89191cdb76636063b281ada87069e55cb9377b27797552,1,,,,0,4.7666666667,2026-09-16T18:00:00+08:00
2026-09-21,S09,K01,0,0,Z3,0.0000000000,2026-09-11 12:00:00+08:00,13794.0000000000,64b72e39a8a637c1e6b3ccdb5feee9876318e8f7846d8c2385627e647acfc62f,1,,,,0,4.7666666667,2026-09-16T18:00:00+08:00
2026-09-21,S09,K02,0,0,Z3,0.0000000000,2026-09-11 12:00:00+08:00,13795.0000000000,0f63c356e0426dd4e58667f45cfbaa6dd87dc50c459eac131e1b6fdf02dfa2dc,1,,,,0,4.7666666667,2026-09-16T18:00:00+08:00
2026-09-21,S09,K03,0,0,Z3,0.1200000000,2026-09-11 12:00:00+08:00,13796.0000000000,b09bcf84abdad01e2e1aa92d2788173e9ec0a88478e0e3836f11aa2707263fb3,1,,,,0,4.7666666667,2026-09-16T18:00:00+08:00
2026-09-21,S09,K04,0,0,Z3,0.0000000000,2026-09-11 12:00:00+08:00,13797.0000000000,98bc16a19625fe2070a564ecb958fb5265ea18e4c59f93db72147e997279e77f,1,,,,0,4.7666666667,2026-09-16T18:00:00+08:00
2026-09-21,S09,K05,0,0,Z3,0.0000000000,2026-09-11 12:00:00+08:00,13798.0000000000,dbd3370fc4543b60a6c1359fa2e98256dee0ff8e445cf064990f295304620ad6,1,,,,0,4.7666666667,2026-09-16T18:00:00+08:00
2026-09-21,S09,K06,0,0,Z3,0.0000000000,2026-09-11 12:00:00+08:00,13799.0000000000,b26308852443ac6ebd52e653e404c773e38ca22c767e92e739ac065919b8fdf2,1,,,,0,4.7666666667,2026-09-16T18:00:00+08:00
2026-09-21,S09,K07,0,0,Z3,0.0000000000,2026-09-11 12:00:00+08:00,13800.0000000000,e34bde620cdebd96dcecafe220fcfcfdc11a6ab7e440a74cdadf740ca9308dcd,1,,,,0,4.7666666667,2026-09-16T18:00:00+08:00
2026-09-21,S09,K08,0,0,Z3,0.0000000000,2026-09-11 12:00:00+08:00,13801.0000000000,3e3f1c76a779f8ccbbeb11b66174ff9b4a333ca506e2453c683b354c1bc2ddee,1,,,,0,4.7666666667,2026-09-16T18:00:00+08:00
2026-09-21,S10,K01,0,0,Z3,0.0000000000,2026-09-11 12:00:00+08:00,13802.0000000000,5bd97ff4fed231765d1269a0f6593d08df995835b81f8c66bdf98b9073286878,1,,,,0,4.7666666667,2026-09-16T18:00:00+08:00
2026-09-21,S10,K02,0,0,Z3,0.0000000000,2026-09-11 12:00:00+08:00,13803.0000000000,572f509df9c9fb039b2d4dc87090b4c1e2a823cad863a815c6066a4ec923e8c1,1,,,,0,4.7666666667,2026-09-16T18:00:00+08:00
2026-09-21,S10,K03,0,0,Z3,0.1200000000,2026-09-11 12:00:00+08:00,13804.0000000000,ec705e69cc42762dbdfbdb6785e9b988a795eb140591244e30c6e947833965f9,1,,,,0,4.7666666667,2026-09-16T18:00:00+08:00
2026-09-21,S10,K04,0,0,Z3,0.0000000000,2026-09-11 12:00:00+08:00,13805.0000000000,d894e6fb00361b40a73b4eb76466878cf50bb990dca191509d7c04313794e1cb,1,,,,0,4.7666666667,2026-09-16T18:00:00+08:00
2026-09-21,S10,K05,0,0,Z3,0.0000000000,2026-09-11 12:00:00+08:00,13806.0000000000,7727aad249674bfe26d673c03fa11cfb9f17f63b31ae4168dab847cc61c8a65f,1,,,,0,4.7666666667,2026-09-16T18:00:00+08:00
2026-09-21,S10,K06,0,0,Z3,0.0000000000,2026-09-11 12:00:00+08:00,13807.0000000000,845cc43f6e7187762e29827f9442583fc79ccf2bbcdaf0d170977125fcf0a2d8,1,,,,0,4.7666666667,2026-09-16T18:00:00+08:00
2026-09-21,S10,K07,0,0,Z3,0.0000000000,2026-09-11 12:00:00+08:00,13808.0000000000,db0de82ee59662eb08708b305ef4f4dd13482cf38a132cb4394513ae89d87dfc,1,,,,0,4.7666666667,2026-09-16T18:00:00+08:00
2026-09-21,S10,K08,0,0,Z3,0.1200000000,2026-09-11 12:00:00+08:00,13809.0000000000,dde5ba6729d07c6f3fc883a7887946f736245535af4fe206b5c0b468d17e1a12,1,,,,0,4.7666666667,2026-09-16T18:00:00+08:00
2026-09-21,S11,K01,0,0,Z3,0.0000000000,2026-09-11 12:00:00+08:00,13810.0000000000,635aa5ba3170427cca93ccfad2850ee8b46805fd131dbba178aab36a3d0b606c,1,,,,0,4.7666666667,2026-09-16T18:00:00+08:00
2026-09-21,S11,K02,0,0,Z3,0.1200000000,2026-09-11 12:00:00+08:00,13811.0000000000,c3effaaa0e7654d64f03d0837266a26a80487dde982fd886d0fe779ec90b0e61,1,,,,0,4.7666666667,2026-09-16T18:00:00+08:00
2026-09-21,S11,K03,0,0,Z3,0.0000000000,2026-09-11 12:00:00+08:00,13812.0000000000,31cb30b946a14a525a7026778d78f3ec11f8d73c355b3cb0335b8d83be005550,1,,,,0,4.7666666667,2026-09-16T18:00:00+08:00
2026-09-21,S11,K04,0,0,Z3,0.0000000000,2026-09-11 12:00:00+08:00,13813.0000000000,3e719caa4a334c9b0b254ced3996535211a2d33c2636ca559b7a50128ce8e823,1,,,,0,4.7666666667,2026-09-16T18:00:00+08:00
2026-09-21,S11,K05,0,0,Z3,0.0000000000,2026-09-11 12:00:00+08:00,13814.0000000000,229ae30b3d5643cefacfd3605891c27f241ec8bd61f143ecaa124172ba17fce0,1,,,,0,4.7666666667,2026-09-16T18:00:00+08:00
2026-09-21,S11,K06,0,0,Z3,0.0000000000,2026-09-11 12:00:00+08:00,13815.0000000000,bb48e28f784f02d70a5aac7eb7d37cf8a803d38d0435bc89491d5d90fa23d20f,1,,,,0,4.7666666667,2026-09-16T18:00:00+08:00
2026-09-21,S11,K07,0,0,Z3,0.0000000000,2026-09-11 12:00:00+08:00,13816.0000000000,e96649b115e6744b176850cddf2052bbc2cca2dfd93db9b1f3a974f87894bbcc,1,,,,0,4.7666666667,2026-09-16T18:00:00+08:00
2026-09-21,S11,K08,0,0,Z3,0.1200000000,2026-09-11 12:00:00+08:00,13817.0000000000,8f2a7b338b2c01a790f0c81cbdd923b4f1b9c96be413db48a24cecacf3e69be5,1,,,,0,4.7666666667,2026-09-16T18:00:00+08:00
2026-09-21,S12,K01,0,0,Z3,0.0000000000,2026-09-11 12:00:00+08:00,13818.0000000000,1263cace719cd03488c9cd99f415d22ffde29101dfd476f85d304b5404b39636,1,,,,0,4.7666666667,2026-09-16T18:00:00+08:00
2026-09-21,S12,K02,0,0,Z3,0.1200000000,2026-09-11 12:00:00+08:00,13819.0000000000,a30fc60f9dda558f22f8b8a86f43bf0ba97012ed1ee4333768d21bdfb84fb754,1,,,,0,4.7666666667,2026-09-16T18:00:00+08:00
2026-09-21,S12,K03,0,0,Z3,0.0000000000,2026-09-11 12:00:00+08:00,13820.0000000000,4f1beb4d82ae5faba6ff0c0742608c1270201f44775ab39219082ad25590bcee,1,,,,0,4.7666666667,2026-09-16T18:00:00+08:00
2026-09-21,S12,K04,0,0,Z3,0.0000000000,2026-09-11 12:00:00+08:00,13821.0000000000,f3497029fa7a948001cdd80af08514d60aa732c3847eaa793da8bd88bfe26ba7,1,,,,0,4.7666666667,2026-09-16T18:00:00+08:00
2026-09-21,S12,K05,0,0,Z3,0.0000000000,2026-09-11 12:00:00+08:00,13822.0000000000,6672108790a14fc3a56f0d8973b594662dc679d7a6398ad0c1d578d5b50dcd69,1,,,,0,4.7666666667,2026-09-16T18:00:00+08:00
2026-09-21,S12,K06,0,0,Z3,0.0000000000,2026-09-11 12:00:00+08:00,13823.0000000000,3b7bf40cd197dc385410f01c2b6cfbfc48a004027f40e1a57e82f1b31be57780,1,,,,0,4.7666666667,2026-09-16T18:00:00+08:00
2026-09-21,S12,K07,0,0,Z3,0.0000000000,2026-09-11 12:00:00+08:00,13824.0000000000,373c278a927e94b079cbf499818b5e86f96c1c243d7a1e2feefaca1dbf5d5af9,1,,,,0,4.7666666667,2026-09-16T18:00:00+08:00
2026-09-21,S12,K08,0,0,Z3,0.1200000000,2026-09-11 12:00:00+08:00,13825.0000000000,0ca3e89560a97cceb5edb5629423b0e99daec15fb9368ae4d7ba338762062b2f,1,,,,0,4.7666666667,2026-09-16T18:00:00+08:00
2026-09-22,S01,K01,1,0,Z1,0.0000000000,2026-09-12 12:00:00+08:00,13826.0000000000,49d1d7b1561530e0b1e80a0a9cf1d54f6afd0a282c8dd4ca6ad6b015e8e6359b,1,,,,0,4.8000000000,2026-09-16T18:00:00+08:00
2026-09-22,S01,K02,1,0,Z1,0.0000000000,2026-09-12 12:00:00+08:00,13827.0000000000,e16184b530e7d1d686c88f2cf73a37cfd501aa9f8c1cd1e3e58e2c6bd436e1ee,1,,,,0,4.8000000000,2026-09-16T18:00:00+08:00
2026-09-22,S01,K03,1,0,Z1,0.0000000000,2026-09-12 12:00:00+08:00,13828.0000000000,92c018e224011ac97a0f197414d697032c66d9713435c921724581938aafdacd,1,,,,0,4.8000000000,2026-09-16T18:00:00+08:00
2026-09-22,S01,K04,1,0,Z1,0.0000000000,2026-09-12 12:00:00+08:00,13829.0000000000,e86adffd18675b4c9cf68a3b4b41c0a6bfc83fcbd9098fe25a75ba5544a2bd3e,1,,,,0,4.8000000000,2026-09-16T18:00:00+08:00
2026-09-22,S01,K05,1,0,Z1,0.0000000000,2026-09-12 12:00:00+08:00,13830.0000000000,d536d5f21c6e61d47854ef7789108800809283245e51c7d05eca096dd13b5a90,1,,,,0,4.8000000000,2026-09-16T18:00:00+08:00
2026-09-22,S01,K06,1,0,Z1,0.1200000000,2026-09-12 12:00:00+08:00,13831.0000000000,b6a75938e4815f614b9e2c059578524c617b92867f1de78f78073d5797a1df0d,1,,,,0,4.8000000000,2026-09-16T18:00:00+08:00
2026-09-22,S01,K07,1,0,Z1,0.0000000000,2026-09-12 12:00:00+08:00,13832.0000000000,45a16110659a72a6ee0a9cf0b3b3dc580092497c9518f5402b8929f0b82587ed,1,,,,0,4.8000000000,2026-09-16T18:00:00+08:00
2026-09-22,S01,K08,1,0,Z1,0.0000000000,2026-09-12 12:00:00+08:00,13833.0000000000,1750840328dbb5b95e169f3da0aae48095ea8eced9bcd91ab5b075cb2f11f8b1,1,,,,0,4.8000000000,2026-09-16T18:00:00+08:00
2026-09-22,S02,K01,1,0,Z1,0.0000000000,2026-09-12 12:00:00+08:00,13834.0000000000,c1d8903e4c9ede678fa1ad92e7c04cc558c4c63a2f3df9df47fca765b5624205,1,,,,0,4.8000000000,2026-09-16T18:00:00+08:00
2026-09-22,S02,K02,1,0,Z1,0.0000000000,2026-09-12 12:00:00+08:00,13835.0000000000,045b47c1b4437f89a98a2898b52ef6d21909ec899c023516da47d21ca538e121,1,,,,0,4.8000000000,2026-09-16T18:00:00+08:00
2026-09-22,S02,K03,1,0,Z1,0.0000000000,2026-09-12 12:00:00+08:00,13836.0000000000,53904a2fb1a04b85b98855eacd7a2387a5b46b90980b72ba752d7b0f7bd5b5a2,1,,,,0,4.8000000000,2026-09-16T18:00:00+08:00
2026-09-22,S02,K04,1,0,Z1,0.0000000000,2026-09-12 12:00:00+08:00,13837.0000000000,dc260bc5c150e46f3f1df2e5b3db74dd8ebf593bbe76f098f66339e09b3b4d99,1,,,,0,4.8000000000,2026-09-16T18:00:00+08:00
2026-09-22,S02,K05,1,0,Z1,0.0000000000,2026-09-12 12:00:00+08:00,13838.0000000000,c9a2cf706de3266fb5e155476209e66f631b7006147923e31ae62c59a426b72d,1,,,,0,4.8000000000,2026-09-16T18:00:00+08:00
2026-09-22,S02,K06,1,0,Z1,0.1200000000,2026-09-12 12:00:00+08:00,13839.0000000000,d094a2fa775e32be13777431a93e1cdfdc8b655ecc4c3b7818f42b4b4a9e08df,1,,,,0,4.8000000000,2026-09-16T18:00:00+08:00
2026-09-22,S02,K07,1,0,Z1,0.0000000000,2026-09-12 12:00:00+08:00,13840.0000000000,0e024d10cbd29a5f324a644165e1b85a00b117b446fe46ef25c777723cb30ae0,1,,,,0,4.8000000000,2026-09-16T18:00:00+08:00
2026-09-22,S02,K08,1,0,Z1,0.0000000000,2026-09-12 12:00:00+08:00,13841.0000000000,3b519552c0dc51e9a2c7102375b2aff6650a58248ade92405e57baf6a85e2019,1,,,,0,4.8000000000,2026-09-16T18:00:00+08:00
2026-09-22,S03,K01,1,0,Z1,0.0000000000,2026-09-12 12:00:00+08:00,13842.0000000000,6d0b3a766b55ab10d221748f1cab660d62bcde07efb2feab5598faacbbe3575e,1,,,,0,4.8000000000,2026-09-16T18:00:00+08:00
2026-09-22,S03,K02,1,0,Z1,0.0000000000,2026-09-12 12:00:00+08:00,13843.0000000000,d4be086d736abc0b6ebdbb5b179649d26f655d30a4bde62c1c33b9e0d047b1a4,1,,,,0,4.8000000000,2026-09-16T18:00:00+08:00
2026-09-22,S03,K03,1,0,Z1,0.0000000000,2026-09-12 12:00:00+08:00,13844.0000000000,8a21bdf2347910e6d0923d352787e5e26331a2b8217c229e460f90a7be62d59d,1,,,,0,4.8000000000,2026-09-16T18:00:00+08:00
2026-09-22,S03,K04,1,0,Z1,0.0000000000,2026-09-12 12:00:00+08:00,13845.0000000000,0ad1dce27085c69afeb2aa553b903a506c1f724f8ebfdea8f77beb6cb90fb08c,1,,,,0,4.8000000000,2026-09-16T18:00:00+08:00
2026-09-22,S03,K05,1,0,Z1,0.1200000000,2026-09-12 12:00:00+08:00,13846.0000000000,38ec013ef3d14a233a2d6f193aa6492194f22004b0f2a3303254dfaf4f6bb8ae,1,,,,0,4.8000000000,2026-09-16T18:00:00+08:00
2026-09-22,S03,K06,1,0,Z1,0.0000000000,2026-09-12 12:00:00+08:00,13847.0000000000,79a402092d14e73bdb5b9144bc91ca5a7eef4cbf8d26ac13df8e847c71122d04,1,,,,0,4.8000000000,2026-09-16T18:00:00+08:00
2026-09-22,S03,K07,1,0,Z1,0.0000000000,2026-09-12 12:00:00+08:00,13848.0000000000,c911228d98b41770ca1a5e6edcc83258c1db67a9ee377d813112b6adba842c63,1,,,,0,4.8000000000,2026-09-16T18:00:00+08:00
2026-09-22,S03,K08,1,0,Z1,0.0000000000,2026-09-12 12:00:00+08:00,13849.0000000000,039f73fb05a22d5797075620c73a48feac9bf7bb81c2559db6f604dcb6a9de28,1,,,,0,4.8000000000,2026-09-16T18:00:00+08:00
2026-09-22,S04,K01,1,0,Z1,0.0000000000,2026-09-12 12:00:00+08:00,13850.0000000000,bd5413663ef2c372c8684f5e6b006414e064758ba17778364644abcb32a095c0,1,,,,0,4.8000000000,2026-09-16T18:00:00+08:00
2026-09-22,S04,K02,1,0,Z1,0.0000000000,2026-09-12 12:00:00+08:00,13851.0000000000,e1260a5e5f53e29bdd4063ccb73888af4fd3caf5c14ecf488d6f9dd978415aa4,1,,,,0,4.8000000000,2026-09-16T18:00:00+08:00
2026-09-22,S04,K03,1,0,Z1,0.0000000000,2026-09-12 12:00:00+08:00,13852.0000000000,3afacabf812732ff52111877e95e7d67e7c1361d806263ea42a8e28dc5ae461e,1,,,,0,4.8000000000,2026-09-16T18:00:00+08:00
2026-09-22,S04,K04,1,0,Z1,0.0000000000,2026-09-12 12:00:00+08:00,13853.0000000000,3e2d8927162c850575e819f5615d6fd25d2de86340f0bd34e2cfc570270bcd27,1,,,,0,4.8000000000,2026-09-16T18:00:00+08:00
2026-09-22,S04,K05,1,0,Z1,0.1200000000,2026-09-12 12:00:00+08:00,13854.0000000000,ed87d4f9d6ffed0d14cc55fe64d8bda403d24af5427c85db1a812e4a4874bd37,1,,,,0,4.8000000000,2026-09-16T18:00:00+08:00
2026-09-22,S04,K06,1,0,Z1,0.0000000000,2026-09-12 12:00:00+08:00,13855.0000000000,5d8d796e773aeb9a31c5ee506788645fe8aa8c0dece341b866728c24b3e2518f,1,,,,0,4.8000000000,2026-09-16T18:00:00+08:00
2026-09-22,S04,K07,1,0,Z1,0.0000000000,2026-09-12 12:00:00+08:00,13856.0000000000,4e7ec0070b2bd46a15a3e1e3721bf36ab2856ef0c3071215d9710a6e7476531b,1,,,,0,4.8000000000,2026-09-16T18:00:00+08:00
2026-09-22,S04,K08,1,0,Z1,0.0000000000,2026-09-12 12:00:00+08:00,13857.0000000000,ef08acd3d4162ddabcfb25afead5007d7c7835f6b251758302491f79b0a8959b,1,,,,0,4.8000000000,2026-09-16T18:00:00+08:00
2026-09-22,S05,K01,1,0,Z2,0.0000000000,2026-09-12 12:00:00+08:00,13858.0000000000,878034e2607f229d4fc1844e0e5a56cd12bbdbae109ace8a8765dd2643e59eb3,1,,,,0,4.8000000000,2026-09-16T18:00:00+08:00
2026-09-22,S05,K02,1,0,Z2,0.0000000000,2026-09-12 12:00:00+08:00,13859.0000000000,59b9c75003a939b2e85b82f0cddf1f4025f47ccb9e59f7d636e385ee73bf06a7,1,,,,0,4.8000000000,2026-09-16T18:00:00+08:00
2026-09-22,S05,K03,1,0,Z2,0.0000000000,2026-09-12 12:00:00+08:00,13860.0000000000,dfdd85035468af793698636445f12f4fe0a8a1217168e4b0f2e85f07162af440,1,,,,0,4.8000000000,2026-09-16T18:00:00+08:00
2026-09-22,S05,K04,1,0,Z2,0.1200000000,2026-09-12 12:00:00+08:00,13861.0000000000,d7eeb2e3dcd07e5b75aeb788057a0a14154aa4edb729e86df56b4bb94f1abcac,1,,,,0,4.8000000000,2026-09-16T18:00:00+08:00
2026-09-22,S05,K05,1,0,Z2,0.0000000000,2026-09-12 12:00:00+08:00,13862.0000000000,a058939e314db907f94174953350276421a40a5ed1785f7697cc57fc618a09b1,1,,,,0,4.8000000000,2026-09-16T18:00:00+08:00
2026-09-22,S05,K06,1,0,Z2,0.0000000000,2026-09-12 12:00:00+08:00,13863.0000000000,68b8040afacf9caa6d26c545dfbfc4f661ec6c86ab1bd0791887e9e651be61e3,1,,,,0,4.8000000000,2026-09-16T18:00:00+08:00
2026-09-22,S05,K07,1,0,Z2,0.0000000000,2026-09-12 12:00:00+08:00,13864.0000000000,3344bcff9e921fe54941e567bb00037ae8fc8d821c9cc567abb0943fab4705da,1,,,,0,4.8000000000,2026-09-16T18:00:00+08:00
2026-09-22,S05,K08,1,0,Z2,0.0000000000,2026-09-12 12:00:00+08:00,13865.0000000000,737b5e2c66378c4117edc9fffe6d447f07cc031d25f399e479bd972bc0187fe5,1,,,,0,4.8000000000,2026-09-16T18:00:00+08:00
2026-09-22,S06,K01,1,0,Z2,0.0000000000,2026-09-12 12:00:00+08:00,13866.0000000000,3711bda5c055bd6ba624a20e56cabcce23fc47eeeac46dbf1659e9202fed12cc,1,,,,0,4.8000000000,2026-09-16T18:00:00+08:00
2026-09-22,S06,K02,1,0,Z2,0.0000000000,2026-09-12 12:00:00+08:00,13867.0000000000,fdf2ef1b0f53b458ff54afa2496e73592ec812e6526cc55e8b181032677ad511,1,,,,0,4.8000000000,2026-09-16T18:00:00+08:00
2026-09-22,S06,K03,1,0,Z2,0.0000000000,2026-09-12 12:00:00+08:00,13868.0000000000,0ad1706cccd661620c47b286dc8a52c873c2c182be24ff00236d01dcf0455c97,1,,,,0,4.8000000000,2026-09-16T18:00:00+08:00
2026-09-22,S06,K04,1,0,Z2,0.1200000000,2026-09-12 12:00:00+08:00,13869.0000000000,b840e5d60d2c57b855c6ecf55b398f41e43e0e64e2712a8b0d736e3bcc3d9e37,1,,,,0,4.8000000000,2026-09-16T18:00:00+08:00
2026-09-22,S06,K05,1,0,Z2,0.0000000000,2026-09-12 12:00:00+08:00,13870.0000000000,31e28a931715b645a3d7ac29ab6af001f10003920b3fe8998146652202de49a7,1,,,,0,4.8000000000,2026-09-16T18:00:00+08:00
2026-09-22,S06,K06,1,0,Z2,0.0000000000,2026-09-12 12:00:00+08:00,13871.0000000000,00c5a615ba7d2e0a609e03e7bb47287f48a12eb5c637f79ba6a76d9edfba6296,1,,,,0,4.8000000000,2026-09-16T18:00:00+08:00
2026-09-22,S06,K07,1,0,Z2,0.0000000000,2026-09-12 12:00:00+08:00,13872.0000000000,ab277188c9f110a167456baf1be88425c8d1a80769854109b7e3fd746bb67b24,1,,,,0,4.8000000000,2026-09-16T18:00:00+08:00
2026-09-22,S06,K08,1,0,Z2,0.0000000000,2026-09-12 12:00:00+08:00,13873.0000000000,52b3d579dbac0118bf4b5e153888f661059554721cd7b63fc565f8a92892ca0f,1,,,,0,4.8000000000,2026-09-16T18:00:00+08:00
2026-09-22,S07,K01,1,0,Z2,0.0000000000,2026-09-12 12:00:00+08:00,13874.0000000000,6aee262c4ccc8412e3d4593d48427d57673cb2479cd400ee3b41701fd488f0ce,1,,,,0,4.8000000000,2026-09-16T18:00:00+08:00
2026-09-22,S07,K02,1,0,Z2,0.0000000000,2026-09-12 12:00:00+08:00,13875.0000000000,e0ec5417c5d8df4454cec647f122b712740fa26b70747efc1f9db46552ee4d9c,1,,,,0,4.8000000000,2026-09-16T18:00:00+08:00
2026-09-22,S07,K03,1,0,Z2,0.0000000000,2026-09-12 12:00:00+08:00,13876.0000000000,5dcb3160e4fa78b736fc8791277488aa221fe719ea2d1b65e9b319e287da3091,1,,,,0,4.8000000000,2026-09-16T18:00:00+08:00
2026-09-22,S07,K04,1,0,Z2,0.1200000000,2026-09-12 12:00:00+08:00,13877.0000000000,3d472f973fe1d430819a690bb2412ac4c7e00af231111d743f837a4d88d6c512,1,,,,0,4.8000000000,2026-09-16T18:00:00+08:00
2026-09-22,S07,K05,1,0,Z2,0.0000000000,2026-09-12 12:00:00+08:00,13878.0000000000,74d498a4946ed5d1cabe143d28b2635f8ce68eebe0ebe5341f45edb9b4bc3f88,1,,,,0,4.8000000000,2026-09-16T18:00:00+08:00
2026-09-22,S07,K06,1,0,Z2,0.0000000000,2026-09-12 12:00:00+08:00,13879.0000000000,a93098b57bb76a606f8dd18c7d135cb50d0f6281992d65504dc448b97409c867,1,,,,0,4.8000000000,2026-09-16T18:00:00+08:00
2026-09-22,S07,K07,1,0,Z2,0.0000000000,2026-09-12 12:00:00+08:00,13880.0000000000,a2654b9b54726affb2944a38ae41ef21ed0ca7839817622b9b02bbfa21d59fd2,1,,,,0,4.8000000000,2026-09-16T18:00:00+08:00
2026-09-22,S07,K08,1,0,Z2,0.0000000000,2026-09-12 12:00:00+08:00,13881.0000000000,3bdb5aca0d4c72a2ad1d1eccaccdd2bae000dcb4a1c207a853ac7bff7c2ea8e5,1,,,,0,4.8000000000,2026-09-16T18:00:00+08:00
2026-09-22,S08,K01,1,0,Z2,0.0000000000,2026-09-12 12:00:00+08:00,13882.0000000000,538e027355bf9cd6b35ccbba076ea3c9ca289ca892426769058aac8ab6bc5135,1,,,,0,4.8000000000,2026-09-16T18:00:00+08:00
2026-09-22,S08,K02,1,0,Z2,0.0000000000,2026-09-12 12:00:00+08:00,13883.0000000000,d43af92e1c7858092c96d3c8f749f786808682c4ee2683c3ec45de5b13bce012,1,,,,0,4.8000000000,2026-09-16T18:00:00+08:00
2026-09-22,S08,K03,1,0,Z2,0.1200000000,2026-09-12 12:00:00+08:00,13884.0000000000,12b5faea1738ec1116ce4fe26b03245960e859b264f3482c851d299b808c4e9e,1,,,,0,4.8000000000,2026-09-16T18:00:00+08:00
2026-09-22,S08,K04,1,0,Z2,0.0000000000,2026-09-12 12:00:00+08:00,13885.0000000000,5914488c1fd779a22089d0f17de89b23d544b38fd99936787699c372dc4d9fcd,1,,,,0,4.8000000000,2026-09-16T18:00:00+08:00
2026-09-22,S08,K05,1,0,Z2,0.0000000000,2026-09-12 12:00:00+08:00,13886.0000000000,ee63d7d1a3b63a1aac3a3fcbde7735375d4dec4caeec5858f6a1657ec09a879a,1,,,,0,4.8000000000,2026-09-16T18:00:00+08:00
2026-09-22,S08,K06,1,0,Z2,0.0000000000,2026-09-12 12:00:00+08:00,13887.0000000000,9a2aa7e7be4e88c9863d28479edacaa1784f209fe7f54cf69cdbe4aaba8ea4e4,1,,,,0,4.8000000000,2026-09-16T18:00:00+08:00
2026-09-22,S08,K07,1,0,Z2,0.0000000000,2026-09-12 12:00:00+08:00,13888.0000000000,15bb9e7a7b24d577270b28fc8a5e5e211982608f7cd7690421624bd0eb1d745c,1,,,,0,4.8000000000,2026-09-16T18:00:00+08:00
2026-09-22,S08,K08,1,0,Z2,0.0000000000,2026-09-12 12:00:00+08:00,13889.0000000000,eba94fc6ba040b08adc80ebfdbf6ab7d9c0f569787bba3040dafcfc9c64df4e8,1,,,,0,4.8000000000,2026-09-16T18:00:00+08:00
2026-09-22,S09,K01,1,0,Z3,0.0000000000,2026-09-12 12:00:00+08:00,13890.0000000000,bccedda79b0cd40c976d327bb327b334c11d30d2a1642d7b31b8399d9dfbb974,1,,,,0,4.8000000000,2026-09-16T18:00:00+08:00
2026-09-22,S09,K02,1,0,Z3,0.0000000000,2026-09-12 12:00:00+08:00,13891.0000000000,331b53cdc68fc7799a35b79e50442e81844b84aec48b39657e4207760cea9f48,1,,,,0,4.8000000000,2026-09-16T18:00:00+08:00
2026-09-22,S09,K03,1,0,Z3,0.1200000000,2026-09-12 12:00:00+08:00,13892.0000000000,ebed0638235d7e75bd38c0476aff8482de35535a0be3e3dba407e3d8466f2493,1,,,,0,4.8000000000,2026-09-16T18:00:00+08:00
2026-09-22,S09,K04,1,0,Z3,0.0000000000,2026-09-12 12:00:00+08:00,13893.0000000000,fb1e3a6c87392c0676d4a7650846eeab6be7b60cd08bbeb1420e34c0a21beb1a,1,,,,0,4.8000000000,2026-09-16T18:00:00+08:00
2026-09-22,S09,K05,1,0,Z3,0.0000000000,2026-09-12 12:00:00+08:00,13894.0000000000,0e51218ca9785a878d3e3f5963bec7c0ad885f6079d7325fd58d67d58e095c74,1,,,,0,4.8000000000,2026-09-16T18:00:00+08:00
2026-09-22,S09,K06,1,0,Z3,0.0000000000,2026-09-12 12:00:00+08:00,13895.0000000000,5093d9be0fbfa95e2522fdc0841fee46e22a92580e5a627dc04d86476674627c,1,,,,0,4.8000000000,2026-09-16T18:00:00+08:00
2026-09-22,S09,K07,1,0,Z3,0.0000000000,2026-09-12 12:00:00+08:00,13896.0000000000,fb962a45ea6117cb082c13f52a1d0de08813b7efbdf52b48ec6698f817bb649b,1,,,,0,4.8000000000,2026-09-16T18:00:00+08:00
2026-09-22,S09,K08,1,0,Z3,0.0000000000,2026-09-12 12:00:00+08:00,13897.0000000000,a47c027a0b40eb38c77d903a33498994449ed24872cc35922ca8b70dd3800c10,1,,,,0,4.8000000000,2026-09-16T18:00:00+08:00
2026-09-22,S10,K01,1,0,Z3,0.0000000000,2026-09-12 12:00:00+08:00,13898.0000000000,649f3bf9efd9e7c4cf9b44e8352d39c0a59a1d6fa0b603b33a1103d136bb19bb,1,,,,0,4.8000000000,2026-09-16T18:00:00+08:00
2026-09-22,S10,K02,1,0,Z3,0.1200000000,2026-09-12 12:00:00+08:00,13899.0000000000,c137d4d2d5a4bac5892fc7a8f84575f4fd61b0c9193e4946c1299f31c28cc279,1,,,,0,4.8000000000,2026-09-16T18:00:00+08:00
2026-09-22,S10,K03,1,0,Z3,0.0000000000,2026-09-12 12:00:00+08:00,13900.0000000000,c836dd48607a490dbcd10a51fedd5e43e433dcc05d32060bb5203e4abf09f6e5,1,,,,0,4.8000000000,2026-09-16T18:00:00+08:00
2026-09-22,S10,K04,1,0,Z3,0.0000000000,2026-09-12 12:00:00+08:00,13901.0000000000,afe127e1deda21de48664c5a777d7df1295678a15bbefa5ee39c09f4eebf1be2,1,,,,0,4.8000000000,2026-09-16T18:00:00+08:00
2026-09-22,S10,K05,1,0,Z3,0.0000000000,2026-09-12 12:00:00+08:00,13902.0000000000,0b71b02233acf5aa5f650e3bc75014cb8bf4844d045754a7dd4ab3b8d24fcd76,1,,,,0,4.8000000000,2026-09-16T18:00:00+08:00
2026-09-22,S10,K06,1,0,Z3,0.0000000000,2026-09-12 12:00:00+08:00,13903.0000000000,eeea22d3242f29cf2f6a3e58fa141617fcb8a5a70f574ede7b6fb848ed537c68,1,,,,0,4.8000000000,2026-09-16T18:00:00+08:00
2026-09-22,S10,K07,1,0,Z3,0.0000000000,2026-09-12 12:00:00+08:00,13904.0000000000,aa2aff1425917c4ca2658d8aa1ffcd84c6decfdb0845af9f4b821ef15ccd8b76,1,,,,0,4.8000000000,2026-09-16T18:00:00+08:00
2026-09-22,S10,K08,1,0,Z3,0.1200000000,2026-09-12 12:00:00+08:00,13905.0000000000,29f51df1d240e0a4fa073b598e4a84405ab88d6600409da70f57752fe417490e,1,,,,0,4.8000000000,2026-09-16T18:00:00+08:00
2026-09-22,S11,K01,1,0,Z3,0.0000000000,2026-09-12 12:00:00+08:00,13906.0000000000,94abda5773cbd6a11007819bc4ac530a3aefc65d0a7915e63e2bcd10a7f2753f,1,,,,0,4.8000000000,2026-09-16T18:00:00+08:00
2026-09-22,S11,K02,1,0,Z3,0.1200000000,2026-09-12 12:00:00+08:00,13907.0000000000,6a366c09e4fd33e82d441e17a74c7661b88f16216ef6e760b962c4ab49b2c37c,1,,,,0,4.8000000000,2026-09-16T18:00:00+08:00
2026-09-22,S11,K03,1,0,Z3,0.0000000000,2026-09-12 12:00:00+08:00,13908.0000000000,1abcdfc6af5adff6fa7dc11336826094645a2df5b75b84b0921408041bc31e6d,1,,,,0,4.8000000000,2026-09-16T18:00:00+08:00
2026-09-22,S11,K04,1,0,Z3,0.0000000000,2026-09-12 12:00:00+08:00,13909.0000000000,7e91374659c160a69eb0788f5438c729d41d17d1cdb83cf955778e8792656514,1,,,,0,4.8000000000,2026-09-16T18:00:00+08:00
2026-09-22,S11,K05,1,0,Z3,0.0000000000,2026-09-12 12:00:00+08:00,13910.0000000000,777ae0b02ebfad4de47cead149919c9eacd62b406a51d4ca086af1169542e507,1,,,,0,4.8000000000,2026-09-16T18:00:00+08:00
2026-09-22,S11,K06,1,0,Z3,0.0000000000,2026-09-12 12:00:00+08:00,13911.0000000000,c05e2be6a246fd67363174cfcacd90f65d997e51d18344dec40b816604636365,1,,,,0,4.8000000000,2026-09-16T18:00:00+08:00
2026-09-22,S11,K07,1,0,Z3,0.0000000000,2026-09-12 12:00:00+08:00,13912.0000000000,1d8a68ba1d7fe45cb1311733f41dc8bf8f3bed757c8c5e180bef14c3eeaed6e3,1,,,,0,4.8000000000,2026-09-16T18:00:00+08:00
2026-09-22,S11,K08,1,0,Z3,0.1200000000,2026-09-12 12:00:00+08:00,13913.0000000000,59e6ba3ca7cf38d6ed90cadb157091f7e32bfd76e3725da1aaa84767be681c55,1,,,,0,4.8000000000,2026-09-16T18:00:00+08:00
2026-09-22,S12,K01,1,0,Z3,0.0000000000,2026-09-12 12:00:00+08:00,13914.0000000000,8f0d7e1b35b79a73bc86750c0e782a3ce59bd2489ab80d221161f3920d933b35,1,,,,0,4.8000000000,2026-09-16T18:00:00+08:00
2026-09-22,S12,K02,1,0,Z3,0.1200000000,2026-09-12 12:00:00+08:00,13915.0000000000,c67e4d912940eeb8c83befea91ac6fba885e26657be05642f3049df339d7a780,1,,,,0,4.8000000000,2026-09-16T18:00:00+08:00
2026-09-22,S12,K03,1,0,Z3,0.0000000000,2026-09-12 12:00:00+08:00,13916.0000000000,539f8b30a6f883875044ee16de08fc66b7abf340f37de9075504bb84f1a0a6d6,1,,,,0,4.8000000000,2026-09-16T18:00:00+08:00
2026-09-22,S12,K04,1,0,Z3,0.0000000000,2026-09-12 12:00:00+08:00,13917.0000000000,85b7a1f2d0f9374378927c32557285beddc8679ccdfcab917e37121a1a3319cb,1,,,,0,4.8000000000,2026-09-16T18:00:00+08:00
2026-09-22,S12,K05,1,0,Z3,0.0000000000,2026-09-12 12:00:00+08:00,13918.0000000000,1013571d5dedc1d138502a6ded193503e40a774be79b9f08225376572e8e37c3,1,,,,0,4.8000000000,2026-09-16T18:00:00+08:00
2026-09-22,S12,K06,1,0,Z3,0.0000000000,2026-09-12 12:00:00+08:00,13919.0000000000,ccde6898b2267bce0681e491852c7aeebf5ff38210754dbdd5ada0f5f2b2f7e1,1,,,,0,4.8000000000,2026-09-16T18:00:00+08:00
2026-09-22,S12,K07,1,0,Z3,0.1200000000,2026-09-12 12:00:00+08:00,13920.0000000000,2b44892a36f427e0632eb072c1973bc3157fd49f8b79198874eefa6cd9482f5e,1,,,,0,4.8000000000,2026-09-16T18:00:00+08:00
2026-09-22,S12,K08,1,0,Z3,0.0000000000,2026-09-12 12:00:00+08:00,13921.0000000000,320602ff16ae66526c6b83864e866bb761a83a1469f6a22c61f2f1381e3874c2,1,,,,0,4.8000000000,2026-09-16T18:00:00+08:00
2026-09-23,S01,K01,2,0,Z1,0.0000000000,2026-09-13 12:00:00+08:00,13922.0000000000,4c74280de72c56c366683409ec66666640805cc7264ac6c2bdfffb1d976ef1b7,1,,,,0,4.8333333333,2026-09-16T18:00:00+08:00
2026-09-23,S01,K02,2,0,Z1,0.0000000000,2026-09-13 12:00:00+08:00,13923.0000000000,ab041c5588ee55099c74b4ba04334e5627c563e3df7e9c99a71e0a43a97ac769,1,,,,0,4.8333333333,2026-09-16T18:00:00+08:00
2026-09-23,S01,K03,2,0,Z1,0.0000000000,2026-09-13 12:00:00+08:00,13924.0000000000,6f760a758cf523e34126c943c1a40801814f1d58d6f9baf6de33c59880449b3a,1,,,,0,4.8333333333,2026-09-16T18:00:00+08:00
2026-09-23,S01,K04,2,0,Z1,0.0000000000,2026-09-13 12:00:00+08:00,13925.0000000000,07ccd66a43b0f8b800ce95ffac102bfbb2534866a7968204538c01b425e1f4f0,1,,,,0,4.8333333333,2026-09-16T18:00:00+08:00
2026-09-23,S01,K05,2,0,Z1,0.0000000000,2026-09-13 12:00:00+08:00,13926.0000000000,4e7d271c3f1a59491e874ccd422e2ae3668083c6e5cc27aa185af37637931304,1,,,,0,4.8333333333,2026-09-16T18:00:00+08:00
2026-09-23,S01,K06,2,0,Z1,0.1200000000,2026-09-13 12:00:00+08:00,13927.0000000000,7de8cdb34e71cf3c882682bb7d062b8aa2da13975b399bca900692d1e8f3b3cb,1,,,,0,4.8333333333,2026-09-16T18:00:00+08:00
2026-09-23,S01,K07,2,0,Z1,0.0000000000,2026-09-13 12:00:00+08:00,13928.0000000000,f2f6c47a341a170c8ed09b083e431e61752f0ecefd4065adcddcb8d071629867,1,,,,0,4.8333333333,2026-09-16T18:00:00+08:00
2026-09-23,S01,K08,2,0,Z1,0.0000000000,2026-09-13 12:00:00+08:00,13929.0000000000,081fb7bcc6a8d6cd3b1d6d5b08440e92b08a31458334f39eafc39f198680d023,1,,,,0,4.8333333333,2026-09-16T18:00:00+08:00
2026-09-23,S02,K01,2,0,Z1,0.0000000000,2026-09-13 12:00:00+08:00,13930.0000000000,5b45e455643e69bb516d45896e34c1ce0ce06d34a158c95da7bc97cfc218d3d4,1,,,,0,4.8333333333,2026-09-16T18:00:00+08:00
2026-09-23,S02,K02,2,0,Z1,0.0000000000,2026-09-13 12:00:00+08:00,13931.0000000000,e3a874adc71fd9896c38ad45f6446c9719b40e99bd1e69ed4a5358298070c448,1,,,,0,4.8333333333,2026-09-16T18:00:00+08:00
2026-09-23,S02,K03,2,0,Z1,0.0000000000,2026-09-13 12:00:00+08:00,13932.0000000000,56bf537c6a15b30f2a961d61ca91ae5c1b9b75f9121331ed2bee80be3358bfb2,1,,,,0,4.8333333333,2026-09-16T18:00:00+08:00
2026-09-23,S02,K04,2,0,Z1,0.0000000000,2026-09-13 12:00:00+08:00,13933.0000000000,cc102049e7184f937d43dbcb0d03e189dccdaee0de99c2ce0607bf37d1547e16,1,,,,0,4.8333333333,2026-09-16T18:00:00+08:00
2026-09-23,S02,K05,2,0,Z1,0.1200000000,2026-09-13 12:00:00+08:00,13934.0000000000,4474909e71f3259839bbc7968778897186b97ee3ac48c65f64e706af1dbe170e,1,,,,0,4.8333333333,2026-09-16T18:00:00+08:00
2026-09-23,S02,K06,2,0,Z1,0.0000000000,2026-09-13 12:00:00+08:00,13935.0000000000,9deff11e6bda435af2c9d4c51b4afa956a40e84404a86473379380520eaa0beb,1,,,,0,4.8333333333,2026-09-16T18:00:00+08:00
2026-09-23,S02,K07,2,0,Z1,0.0000000000,2026-09-13 12:00:00+08:00,13936.0000000000,459d3a129b557459afb50b59c8e9fc9cacddc364f6922362aacce9ed1df739bc,1,,,,0,4.8333333333,2026-09-16T18:00:00+08:00
2026-09-23,S02,K08,2,0,Z1,0.0000000000,2026-09-13 12:00:00+08:00,13937.0000000000,e79bf45a33f4020d37c1ae3e4105352738328ac9283d6221a3591f5f51839b46,1,,,,0,4.8333333333,2026-09-16T18:00:00+08:00
2026-09-23,S03,K01,2,0,Z1,0.0000000000,2026-09-13 12:00:00+08:00,13938.0000000000,82da96edf49e5f9f57c1d49162472ff1e3b2d0686f70d4689e2d3f25d090d6a4,1,,,,0,4.8333333333,2026-09-16T18:00:00+08:00
2026-09-23,S03,K02,2,0,Z1,0.0000000000,2026-09-13 12:00:00+08:00,13939.0000000000,8ecbb59ebc0087f4b1cd3c1c297160360e5d35b710868a074028d1fbf502d82e,1,,,,0,4.8333333333,2026-09-16T18:00:00+08:00
2026-09-23,S03,K03,2,0,Z1,0.0000000000,2026-09-13 12:00:00+08:00,13940.0000000000,71f85aa4d9db0c52eb36cf82c6f5389b2766eb08a931f1d00efa02aca38a1143,1,,,,0,4.8333333333,2026-09-16T18:00:00+08:00
2026-09-23,S03,K04,2,0,Z1,0.0000000000,2026-09-13 12:00:00+08:00,13941.0000000000,86eaec025c1bbab0f75e3a7dc3a533e24d6638b0fae0d7848d981ff2554a957a,1,,,,0,4.8333333333,2026-09-16T18:00:00+08:00
2026-09-23,S03,K05,2,0,Z1,0.1200000000,2026-09-13 12:00:00+08:00,13942.0000000000,5dece944b5f0e3f942ac3d5f0476df2efedd3913673874f93da538469418f23f,1,,,,0,4.8333333333,2026-09-16T18:00:00+08:00
2026-09-23,S03,K06,2,0,Z1,0.0000000000,2026-09-13 12:00:00+08:00,13943.0000000000,4463e82cd1ad85218824617e1f18735a4c0b2b0e0f2ba1732845a1bfac1c1653,1,,,,0,4.8333333333,2026-09-16T18:00:00+08:00
2026-09-23,S03,K07,2,0,Z1,0.0000000000,2026-09-13 12:00:00+08:00,13944.0000000000,35a9a0661db7f8e5c6b0e43658e163bdc12a0e3faa5f26e7e9cdb6b585fd597e,1,,,,0,4.8333333333,2026-09-16T18:00:00+08:00
2026-09-23,S03,K08,2,0,Z1,0.0000000000,2026-09-13 12:00:00+08:00,13945.0000000000,c9eef623bcb39cda1e1cef1353d7d26794b5d7c1124425a40241ba9365097b39,1,,,,0,4.8333333333,2026-09-16T18:00:00+08:00
2026-09-23,S04,K01,2,0,Z1,0.0000000000,2026-09-13 12:00:00+08:00,13946.0000000000,a96cb7ca3e0c2873ef3756d88eecaa9c88fdd42d331a90e7fa0c1810542b6e30,1,,,,0,4.8333333333,2026-09-16T18:00:00+08:00
2026-09-23,S04,K02,2,0,Z1,0.0000000000,2026-09-13 12:00:00+08:00,13947.0000000000,85636918c044d443810a1bc925b4f751027663fb28ea545e751a1d5419820b2d,1,,,,0,4.8333333333,2026-09-16T18:00:00+08:00
2026-09-23,S04,K03,2,0,Z1,0.0000000000,2026-09-13 12:00:00+08:00,13948.0000000000,43ca86eb33f9714f6d5382eae3dbe34e989ed77bb7e8304db4b5e486eb0df04b,1,,,,0,4.8333333333,2026-09-16T18:00:00+08:00
2026-09-23,S04,K04,2,0,Z1,0.0000000000,2026-09-13 12:00:00+08:00,13949.0000000000,1cc2a6344f3cfeb658eaa35ae9b8af5aea09d9ae97740e752b34aeddf15a5c13,1,,,,0,4.8333333333,2026-09-16T18:00:00+08:00
2026-09-23,S04,K05,2,0,Z1,0.1200000000,2026-09-13 12:00:00+08:00,13950.0000000000,0a2d35dd6d050fc08b4fc6cf253385116f69bff6eef30d897ef48854ad823ac8,1,,,,0,4.8333333333,2026-09-16T18:00:00+08:00
2026-09-23,S04,K06,2,0,Z1,0.0000000000,2026-09-13 12:00:00+08:00,13951.0000000000,ea9a5987fda3386d5ca767ceff884f6abef9d7b7acd3423893ed7e7840b6b44d,1,,,,0,4.8333333333,2026-09-16T18:00:00+08:00
2026-09-23,S04,K07,2,0,Z1,0.0000000000,2026-09-13 12:00:00+08:00,13952.0000000000,6c4d84c9bf3324b1ec394078e6b15dbe39675c7a3c4066ca5ed816f73ae9aed9,1,,,,0,4.8333333333,2026-09-16T18:00:00+08:00
2026-09-23,S04,K08,2,0,Z1,0.0000000000,2026-09-13 12:00:00+08:00,13953.0000000000,3fe1a986f3a4fae6193d03268b27e49731af43ed5e25f765d42c49bbeb33daea,1,,,,0,4.8333333333,2026-09-16T18:00:00+08:00
2026-09-23,S05,K01,2,0,Z2,0.0000000000,2026-09-13 12:00:00+08:00,13954.0000000000,02c21d997244bc42c872f96d5d4500ef3e1b030b293d633a4efc543cd333efe8,1,,,,0,4.8333333333,2026-09-16T18:00:00+08:00
2026-09-23,S05,K02,2,0,Z2,0.0000000000,2026-09-13 12:00:00+08:00,13955.0000000000,9f879b3b48b0ae68f259c142c8841b84223200604b62d308f7694324f334ef28,1,,,,0,4.8333333333,2026-09-16T18:00:00+08:00
2026-09-23,S05,K03,2,0,Z2,0.0000000000,2026-09-13 12:00:00+08:00,13956.0000000000,e8b75a7282e6def18463f81c2061c7ffb47345a30f4fe2334b3c2342b609eda6,1,,,,0,4.8333333333,2026-09-16T18:00:00+08:00
2026-09-23,S05,K04,2,0,Z2,0.1200000000,2026-09-13 12:00:00+08:00,13957.0000000000,2f7e9fe189e746ba0cf4f38e4254a4e5871cad22d42ae15ead8ea156d8fb948f,1,,,,0,4.8333333333,2026-09-16T18:00:00+08:00
2026-09-23,S05,K05,2,0,Z2,0.0000000000,2026-09-13 12:00:00+08:00,13958.0000000000,1a54bdea625fba72889263c4961047c5f940e5ab8a9e7246dac6a8406ca42ee7,1,,,,0,4.8333333333,2026-09-16T18:00:00+08:00
2026-09-23,S05,K06,2,0,Z2,0.0000000000,2026-09-13 12:00:00+08:00,13959.0000000000,57a7a88d798e0eb53fc4fa189d190d95cdd43470a7c39d0c210764849fbec1e9,1,,,,0,4.8333333333,2026-09-16T18:00:00+08:00
2026-09-23,S05,K07,2,0,Z2,0.0000000000,2026-09-13 12:00:00+08:00,13960.0000000000,d450fbd3085bc2a7a17eeb855e4c182e0f3239e26054212472fe13650bb0326f,1,,,,0,4.8333333333,2026-09-16T18:00:00+08:00
2026-09-23,S05,K08,2,0,Z2,0.0000000000,2026-09-13 12:00:00+08:00,13961.0000000000,3c4874a775f75d7c5c221f336dadfeacf2555a2c3af1aac1b58ba68932513cd0,1,,,,0,4.8333333333,2026-09-16T18:00:00+08:00
2026-09-23,S06,K01,2,0,Z2,0.0000000000,2026-09-13 12:00:00+08:00,13962.0000000000,11995f61c07829a92393ae3c7746d1304d73a9d752cb8671c21d10275964a2ab,1,,,,0,4.8333333333,2026-09-16T18:00:00+08:00
2026-09-23,S06,K02,2,0,Z2,0.0000000000,2026-09-13 12:00:00+08:00,13963.0000000000,376dca8eb9084f60301e2ccb62b823e760c6f93ef65d0afdbfc77803e400dbb1,1,,,,0,4.8333333333,2026-09-16T18:00:00+08:00
2026-09-23,S06,K03,2,0,Z2,0.0000000000,2026-09-13 12:00:00+08:00,13964.0000000000,d7da12edbf5345f3266f01b756302a73fe64852ee0fdeb4d5688c83436cef85e,1,,,,0,4.8333333333,2026-09-16T18:00:00+08:00
2026-09-23,S06,K04,2,0,Z2,0.1200000000,2026-09-13 12:00:00+08:00,13965.0000000000,704c784610bd954d9c1366d6d4bde3ba2efb75e314da2d425949e14a8ae16c10,1,,,,0,4.8333333333,2026-09-16T18:00:00+08:00
2026-09-23,S06,K05,2,0,Z2,0.0000000000,2026-09-13 12:00:00+08:00,13966.0000000000,ebe6a6a95feb8b80c6fe289f748bd2a16c3b4115232836e617a9f14e751fd3fc,1,,,,0,4.8333333333,2026-09-16T18:00:00+08:00
2026-09-23,S06,K06,2,0,Z2,0.0000000000,2026-09-13 12:00:00+08:00,13967.0000000000,4ba46b9e2b88b3ff57d488654d0639be4a3958e778683796574ca1c57da2bc78,1,,,,0,4.8333333333,2026-09-16T18:00:00+08:00
2026-09-23,S06,K07,2,0,Z2,0.0000000000,2026-09-13 12:00:00+08:00,13968.0000000000,ec5cb1e1adf088744cbc31765693e4d05d3968d55c96cd23672dc71bd0efc388,1,,,,0,4.8333333333,2026-09-16T18:00:00+08:00
2026-09-23,S06,K08,2,0,Z2,0.0000000000,2026-09-13 12:00:00+08:00,13969.0000000000,9b78c33bbf21bb4804848403a107b16b56024df020ca2322d7b58946ecac8f0e,1,,,,0,4.8333333333,2026-09-16T18:00:00+08:00
2026-09-23,S07,K01,2,0,Z2,0.0000000000,2026-09-13 12:00:00+08:00,13970.0000000000,7a8d7a4d15a66929bf07b59753cad051d42c58c2b1dd0e7e1466d0ea1112b19d,1,,,,0,4.8333333333,2026-09-16T18:00:00+08:00
2026-09-23,S07,K02,2,0,Z2,0.0000000000,2026-09-13 12:00:00+08:00,13971.0000000000,908bbe745f472aa010dedc73c38b36cbcdbd678ddb542a4ce31c280f3abaad43,1,,,,0,4.8333333333,2026-09-16T18:00:00+08:00
2026-09-23,S07,K03,2,0,Z2,0.1200000000,2026-09-13 12:00:00+08:00,13972.0000000000,2baf1ca0aa5b1585154278f2f827065c8071520c0c79fe15fcf80a460ad7b17f,1,,,,0,4.8333333333,2026-09-16T18:00:00+08:00
2026-09-23,S07,K04,2,0,Z2,0.0000000000,2026-09-13 12:00:00+08:00,13973.0000000000,04173cbb161b5569e34a0b04384cb53982a4ec6777937df814bbf1f7d2610461,1,,,,0,4.8333333333,2026-09-16T18:00:00+08:00
2026-09-23,S07,K05,2,0,Z2,0.0000000000,2026-09-13 12:00:00+08:00,13974.0000000000,8645f83445b49fa7e4e9358441dc70bfd1d8cba44c7aa38ca17fcb66e1e911a1,1,,,,0,4.8333333333,2026-09-16T18:00:00+08:00
2026-09-23,S07,K06,2,0,Z2,0.0000000000,2026-09-13 12:00:00+08:00,13975.0000000000,d5b6a05172d86f4c8ab74acea08c5cb598dd160935b4dd40ff1398267b9a9143,1,,,,0,4.8333333333,2026-09-16T18:00:00+08:00
2026-09-23,S07,K07,2,0,Z2,0.0000000000,2026-09-13 12:00:00+08:00,13976.0000000000,1eb47f86fb0a33039638ddeb45ad12341c120095655311e2d6c7fb8cf1223489,1,,,,0,4.8333333333,2026-09-16T18:00:00+08:00
2026-09-23,S07,K08,2,0,Z2,0.0000000000,2026-09-13 12:00:00+08:00,13977.0000000000,bb6e5734832ceaddaae2bdbf86f8c63db3451927794cba7c254bc1701d42bcfd,1,,,,0,4.8333333333,2026-09-16T18:00:00+08:00
2026-09-23,S08,K01,2,0,Z2,0.0000000000,2026-09-13 12:00:00+08:00,13978.0000000000,bb663a13c4138c17fc65968a3e7b9e6c0493c38880ace0b55fa29f9e7ceed78a,1,,,,0,4.8333333333,2026-09-16T18:00:00+08:00
2026-09-23,S08,K02,2,0,Z2,0.0000000000,2026-09-13 12:00:00+08:00,13979.0000000000,808117ecea8dbd80395589fb76ea0d56aab76f741760fd32c933591c7deb39f0,1,,,,0,4.8333333333,2026-09-16T18:00:00+08:00
2026-09-23,S08,K03,2,0,Z2,0.1200000000,2026-09-13 12:00:00+08:00,13980.0000000000,e438d2e1589525762818b1ae63e8dac7b6047d26b167edb82af776eea30e2899,1,,,,0,4.8333333333,2026-09-16T18:00:00+08:00
2026-09-23,S08,K04,2,0,Z2,0.0000000000,2026-09-13 12:00:00+08:00,13981.0000000000,9522160a58144796ba615109ff954b13acf41228c3eda7def8b46d6d0fd9c2f6,1,,,,0,4.8333333333,2026-09-16T18:00:00+08:00
2026-09-23,S08,K05,2,0,Z2,0.0000000000,2026-09-13 12:00:00+08:00,13982.0000000000,05c30fbc9277217ad0d15a53b07a2f4a62a8733ded32d95207fb68ad4fae04ec,1,,,,0,4.8333333333,2026-09-16T18:00:00+08:00
2026-09-23,S08,K06,2,0,Z2,0.0000000000,2026-09-13 12:00:00+08:00,13983.0000000000,eb35c121366b18808af4cc4e8a22e6305b14c5d0f61f2b07c942fcbfe0eb8bfd,1,,,,0,4.8333333333,2026-09-16T18:00:00+08:00
2026-09-23,S08,K07,2,0,Z2,0.0000000000,2026-09-13 12:00:00+08:00,13984.0000000000,7dedac233b471e90c9a45771044468a1df86cad7f27ff9f03de986efaf44e959,1,,,,0,4.8333333333,2026-09-16T18:00:00+08:00
2026-09-23,S08,K08,2,0,Z2,0.0000000000,2026-09-13 12:00:00+08:00,13985.0000000000,61dd34f2fb1cef3cdaa402e21ab2de0fbd740f81fdc3fbf20aedf87bdc136795,1,,,,0,4.8333333333,2026-09-16T18:00:00+08:00
2026-09-23,S09,K01,2,0,Z3,0.0000000000,2026-09-13 12:00:00+08:00,13986.0000000000,125660aef9d62cd36be895bafb9d7397c1af802d3a435dc21e16c215ac107e3f,1,,,,0,4.8333333333,2026-09-16T18:00:00+08:00
2026-09-23,S09,K02,2,0,Z3,0.0000000000,2026-09-13 12:00:00+08:00,13987.0000000000,d379d8d910e7522f3ae215cb1d1e6a2e703473a873b89f427b8be425de8cff95,1,,,,0,4.8333333333,2026-09-16T18:00:00+08:00
2026-09-23,S09,K03,2,0,Z3,0.1200000000,2026-09-13 12:00:00+08:00,13988.0000000000,19737aea68ae7045f6b02502985ad7b7d88ed3ebba9263d091217af07b7ba8f2,1,,,,0,4.8333333333,2026-09-16T18:00:00+08:00
2026-09-23,S09,K04,2,0,Z3,0.0000000000,2026-09-13 12:00:00+08:00,13989.0000000000,cd9a7291a3ef1aea50d0975a4f742ce784d71d60173d6c5ea10d8c279412af8c,1,,,,0,4.8333333333,2026-09-16T18:00:00+08:00
2026-09-23,S09,K05,2,0,Z3,0.0000000000,2026-09-13 12:00:00+08:00,13990.0000000000,00904da729b256c8856871bfb5abec4a2d748605755db202f9ff12c853620b98,1,,,,0,4.8333333333,2026-09-16T18:00:00+08:00
2026-09-23,S09,K06,2,0,Z3,0.0000000000,2026-09-13 12:00:00+08:00,13991.0000000000,3a01e18fb15924295cc1dbf34b42122bf9d8b6ea0c7c970062962048499343e8,1,,,,0,4.8333333333,2026-09-16T18:00:00+08:00
2026-09-23,S09,K07,2,0,Z3,0.0000000000,2026-09-13 12:00:00+08:00,13992.0000000000,c8932efd4db004d0a2d4467af43349eab7d21abc5bff99f2e4b265f9ceb458fe,1,,,,0,4.8333333333,2026-09-16T18:00:00+08:00
2026-09-23,S09,K08,2,0,Z3,0.1200000000,2026-09-13 12:00:00+08:00,13993.0000000000,831be8277e52af3ae04cf574e88b6e4e4e79c5b7de4a0f4619773fa395c38cc8,1,,,,0,4.8333333333,2026-09-16T18:00:00+08:00
2026-09-23,S10,K01,2,0,Z3,0.0000000000,2026-09-13 12:00:00+08:00,13994.0000000000,1344803619373c7252df3eccecc4d2adf409d5c93527dede585dc8c3c79a7f09,1,,,,0,4.8333333333,2026-09-16T18:00:00+08:00
2026-09-23,S10,K02,2,0,Z3,0.1200000000,2026-09-13 12:00:00+08:00,13995.0000000000,357114a359b130623563d367d2b27e0da595ca067b32c80595b5102d91286ba8,1,,,,0,4.8333333333,2026-09-16T18:00:00+08:00
2026-09-23,S10,K03,2,0,Z3,0.0000000000,2026-09-13 12:00:00+08:00,13996.0000000000,caf251cba5ea480ec88aa5681a05223f9077cabfacfe78f43da3c4135abefcc7,1,,,,0,4.8333333333,2026-09-16T18:00:00+08:00
2026-09-23,S10,K04,2,0,Z3,0.0000000000,2026-09-13 12:00:00+08:00,13997.0000000000,5220a7b588850ff8187544f4ca6c7bf7d283a168eead4ffbe35a24245688f74c,1,,,,0,4.8333333333,2026-09-16T18:00:00+08:00
2026-09-23,S10,K05,2,0,Z3,0.0000000000,2026-09-13 12:00:00+08:00,13998.0000000000,0b2be124649ac584591e81a817cf29538eb475e6cd9538d0cdc61b7df72d6206,1,,,,0,4.8333333333,2026-09-16T18:00:00+08:00
2026-09-23,S10,K06,2,0,Z3,0.0000000000,2026-09-13 12:00:00+08:00,13999.0000000000,bdc36c17f6bf2dba5cd25d0dc6ee23d942f160b03d1edd7d38eae2c4e25478e5,1,,,,0,4.8333333333,2026-09-16T18:00:00+08:00
2026-09-23,S10,K07,2,0,Z3,0.0000000000,2026-09-13 12:00:00+08:00,14000.0000000000,f7d1955fb4b4debcc2b786c74880563aa66e24d6ae62d81d57c9352f478e7b36,1,,,,0,4.8333333333,2026-09-16T18:00:00+08:00
2026-09-23,S10,K08,2,0,Z3,0.1200000000,2026-09-13 12:00:00+08:00,14001.0000000000,48ca4a2ff34bab3e9c55154abd194c9a0c248cf9e83ec0cb1f9f81e3f2c87ed6,1,,,,0,4.8333333333,2026-09-16T18:00:00+08:00
2026-09-23,S11,K01,2,0,Z3,0.0000000000,2026-09-13 12:00:00+08:00,14002.0000000000,4fe3d452b983139f10b3e340db2b3d8643fbaf328c2e83f198924f747aa40284,1,,,,0,4.8333333333,2026-09-16T18:00:00+08:00
2026-09-23,S11,K02,2,0,Z3,0.1200000000,2026-09-13 12:00:00+08:00,14003.0000000000,a49724ae04f1b06fbd00cf06e6d16ad8a7110aa17dc9870e329ae58d6d37361d,1,,,,0,4.8333333333,2026-09-16T18:00:00+08:00
2026-09-23,S11,K03,2,0,Z3,0.0000000000,2026-09-13 12:00:00+08:00,14004.0000000000,8536fc237481e8d8de5083c59a2c1e6cd9daa559b342e21320ed12d193348b92,1,,,,0,4.8333333333,2026-09-16T18:00:00+08:00
2026-09-23,S11,K04,2,0,Z3,0.0000000000,2026-09-13 12:00:00+08:00,14005.0000000000,0a94f966733263ee345c6dc58ccc421e05af8fd4107073c194e89ee9761359b0,1,,,,0,4.8333333333,2026-09-16T18:00:00+08:00
2026-09-23,S11,K05,2,0,Z3,0.0000000000,2026-09-13 12:00:00+08:00,14006.0000000000,ceaab26ad1acbf663bd75ebe2dc8439e3a202e7aeea112e5fb8f9477eaf96176,1,,,,0,4.8333333333,2026-09-16T18:00:00+08:00
2026-09-23,S11,K06,2,0,Z3,0.0000000000,2026-09-13 12:00:00+08:00,14007.0000000000,21d40c0f200abf5bd24ddfd33cad150885e873858574213feddfe781acac9f5b,1,,,,0,4.8333333333,2026-09-16T18:00:00+08:00
2026-09-23,S11,K07,2,0,Z3,0.0000000000,2026-09-13 12:00:00+08:00,14008.0000000000,7a6c2223ce478012ca98fc2ba975870ecbe633eaa82fead8fd54138f2743dc54,1,,,,0,4.8333333333,2026-09-16T18:00:00+08:00
2026-09-23,S11,K08,2,0,Z3,0.1200000000,2026-09-13 12:00:00+08:00,14009.0000000000,9e601e9ccccffe5f163f00545a5a1909da665fcbb98a0dc76a453bc8aba83086,1,,,,0,4.8333333333,2026-09-16T18:00:00+08:00
2026-09-23,S12,K01,2,0,Z3,0.1200000000,2026-09-13 12:00:00+08:00,14010.0000000000,e7baa61ce276663e912320a26301517a0d6957e6a786d81ded6372ded88f2c59,1,,,,0,4.8333333333,2026-09-16T18:00:00+08:00
2026-09-23,S12,K02,2,0,Z3,0.0000000000,2026-09-13 12:00:00+08:00,14011.0000000000,8ce287ca5d4adca0282725f991d339ba3ee4ffe7b74c6c6c3dd22bfb360bfde1,1,,,,0,4.8333333333,2026-09-16T18:00:00+08:00
2026-09-23,S12,K03,2,0,Z3,0.0000000000,2026-09-13 12:00:00+08:00,14012.0000000000,7d29b201cd98ec850430cd70bc141e1fdc01ae58411e2d4cb1a545cf23a45e3a,1,,,,0,4.8333333333,2026-09-16T18:00:00+08:00
2026-09-23,S12,K04,2,0,Z3,0.0000000000,2026-09-13 12:00:00+08:00,14013.0000000000,213b7852e6604438c6225d1a5ee05fc1b91764ebc471be4c314e03c7c1cd63fe,1,,,,0,4.8333333333,2026-09-16T18:00:00+08:00
2026-09-23,S12,K05,2,0,Z3,0.0000000000,2026-09-13 12:00:00+08:00,14014.0000000000,34a06e1ec7efc0911acd3331bc65967d047e57dfe7fadf6b35eef2508f88025f,1,,,,0,4.8333333333,2026-09-16T18:00:00+08:00
2026-09-23,S12,K06,2,0,Z3,0.0000000000,2026-09-13 12:00:00+08:00,14015.0000000000,f5713dad09a2e3558ab846be77ef5d7f9fe66e489043f51120dd684cbf2168ad,1,,,,0,4.8333333333,2026-09-16T18:00:00+08:00
2026-09-23,S12,K07,2,0,Z3,0.1200000000,2026-09-13 12:00:00+08:00,14016.0000000000,477bc93503301adecc364c0c24bcd9bb0ca24d2579229b3fe199807f53574bdf,1,,,,0,4.8333333333,2026-09-16T18:00:00+08:00
2026-09-23,S12,K08,2,0,Z3,0.0000000000,2026-09-13 12:00:00+08:00,14017.0000000000,6946465a97200f9d78c9cb5383332ff2df203db3a712143fb1aefbfa88480c4f,1,,,,0,4.8333333333,2026-09-16T18:00:00+08:00
2026-09-24,S01,K01,3,0,Z1,0.0000000000,2026-09-14 12:00:00+08:00,14018.0000000000,375349fa9828f3bf5cb07672e6093ed85c6623cf25feb34f4beac9e1b37d063d,1,,,,0,4.8666666667,2026-09-16T18:00:00+08:00
2026-09-24,S01,K02,3,0,Z1,0.0000000000,2026-09-14 12:00:00+08:00,14019.0000000000,a2d32b770bd21596c611da80640aba4c4a761def200facf98183a92d903c6c93,1,,,,0,4.8666666667,2026-09-16T18:00:00+08:00
2026-09-24,S01,K03,3,0,Z1,0.0000000000,2026-09-14 12:00:00+08:00,14020.0000000000,beed8e57b166b44385389e05c2aeca9706526e8d20c348f7501b78a36a81c098,1,,,,0,4.8666666667,2026-09-16T18:00:00+08:00
2026-09-24,S01,K04,3,0,Z1,0.0000000000,2026-09-14 12:00:00+08:00,14021.0000000000,7c98748fbf4dd1de2068b3aec1d9fe7428954a55ef2365a9f9a505e54dad1b04,1,,,,0,4.8666666667,2026-09-16T18:00:00+08:00
2026-09-24,S01,K05,3,0,Z1,0.0000000000,2026-09-14 12:00:00+08:00,14022.0000000000,1b5d731100a5657ff1da7b71d6b97f579acf1b576fdeb93fe79fb255da44823a,1,,,,0,4.8666666667,2026-09-16T18:00:00+08:00
2026-09-24,S01,K06,3,0,Z1,0.1200000000,2026-09-14 12:00:00+08:00,14023.0000000000,a674ed01a06e49ec778c25018e956433c1a8253aedac5355d87b6414fc5ce391,1,,,,0,4.8666666667,2026-09-16T18:00:00+08:00
2026-09-24,S01,K07,3,0,Z1,0.0000000000,2026-09-14 12:00:00+08:00,14024.0000000000,6abd95b05939c1da8ca029bb987050370a851bfb61b1f00c9b29ba52704ed304,1,,,,0,4.8666666667,2026-09-16T18:00:00+08:00
2026-09-24,S01,K08,3,0,Z1,0.0000000000,2026-09-14 12:00:00+08:00,14025.0000000000,709ef7cfbf44a0648f95b35997938e4dc5f0bbc48fc7ded1d26c50d634a934eb,1,,,,0,4.8666666667,2026-09-16T18:00:00+08:00
2026-09-24,S02,K01,3,0,Z1,0.0000000000,2026-09-14 12:00:00+08:00,14026.0000000000,f55b43fe16e222f1475ba459c4f815a227eeea62418d653b8f74f06d77347b7b,1,,,,0,4.8666666667,2026-09-16T18:00:00+08:00
2026-09-24,S02,K02,3,0,Z1,0.0000000000,2026-09-14 12:00:00+08:00,14027.0000000000,30aecbf6dd012b7f3c0d7aed852a8e6bb4081fdedfbfd006323045a0f48b825a,1,,,,0,4.8666666667,2026-09-16T18:00:00+08:00
2026-09-24,S02,K03,3,0,Z1,0.0000000000,2026-09-14 12:00:00+08:00,14028.0000000000,59e6e161f9f19785d2a4a02576dc03df6274f8b59c8e7eb807ea8b1021aae450,1,,,,0,4.8666666667,2026-09-16T18:00:00+08:00
2026-09-24,S02,K04,3,0,Z1,0.0000000000,2026-09-14 12:00:00+08:00,14029.0000000000,a9c04d02500a2684482deb9c180b02ec9e40e9856c664d66c220acc4d7a25ca2,1,,,,0,4.8666666667,2026-09-16T18:00:00+08:00
2026-09-24,S02,K05,3,0,Z1,0.1200000000,2026-09-14 12:00:00+08:00,14030.0000000000,50392bf359965b07ddc10e36d7007b251800b811b95c9ad8bb0276b69e7a87a3,1,,,,0,4.8666666667,2026-09-16T18:00:00+08:00
2026-09-24,S02,K06,3,0,Z1,0.0000000000,2026-09-14 12:00:00+08:00,14031.0000000000,793fa923e7d1c0da71cbd3f007108ec26ed8ea0fc8d5737cadc5805e94f73aa4,1,,,,0,4.8666666667,2026-09-16T18:00:00+08:00
2026-09-24,S02,K07,3,0,Z1,0.0000000000,2026-09-14 12:00:00+08:00,14032.0000000000,9c368dd1c97014dbdbb0e989be9f816d347d862fbc8d76e17549b8b4cd2b7e22,1,,,,0,4.8666666667,2026-09-16T18:00:00+08:00
2026-09-24,S02,K08,3,0,Z1,0.0000000000,2026-09-14 12:00:00+08:00,14033.0000000000,da651d6639bffa569521fbb12a5a51319a22dd9713386a352eaec052c1efb282,1,,,,0,4.8666666667,2026-09-16T18:00:00+08:00
2026-09-24,S03,K01,3,0,Z1,0.0000000000,2026-09-14 12:00:00+08:00,14034.0000000000,8c53614484e8f0484579bb87526fb89d47aa8afc590ad2ffd2beed6985a848c1,1,,,,0,4.8666666667,2026-09-16T18:00:00+08:00
2026-09-24,S03,K02,3,0,Z1,0.0000000000,2026-09-14 12:00:00+08:00,14035.0000000000,e10e9420c655117401c9573726e02bbdeacb0bb58bcf3ad70f009b02671455bd,1,,,,0,4.8666666667,2026-09-16T18:00:00+08:00
2026-09-24,S03,K03,3,0,Z1,0.0000000000,2026-09-14 12:00:00+08:00,14036.0000000000,ae66758d907d2c4c6db0a288d78e20702411d9f075847d785b49828d35792fba,1,,,,0,4.8666666667,2026-09-16T18:00:00+08:00
2026-09-24,S03,K04,3,0,Z1,0.0000000000,2026-09-14 12:00:00+08:00,14037.0000000000,f63ebc095ce0f7ecbd012b24ccb8b49c06d59612a5ac92dafa58c4760611d56b,1,,,,0,4.8666666667,2026-09-16T18:00:00+08:00
2026-09-24,S03,K05,3,0,Z1,0.1200000000,2026-09-14 12:00:00+08:00,14038.0000000000,83ce0a003e0f5cd7e5680fb5b61f09362f3de35908ddd5b736509455f70f42e7,1,,,,0,4.8666666667,2026-09-16T18:00:00+08:00
2026-09-24,S03,K06,3,0,Z1,0.0000000000,2026-09-14 12:00:00+08:00,14039.0000000000,2eae55715b2bb3fa6e91f81489424655e87382328127f7d2298bea29ac1eebc8,1,,,,0,4.8666666667,2026-09-16T18:00:00+08:00
2026-09-24,S03,K07,3,0,Z1,0.0000000000,2026-09-14 12:00:00+08:00,14040.0000000000,4ea505ba3b88d3fe4fb603c2ba0f5eba49f4f546b6382cb6fea2bffa09d231c3,1,,,,0,4.8666666667,2026-09-16T18:00:00+08:00
2026-09-24,S03,K08,3,0,Z1,0.0000000000,2026-09-14 12:00:00+08:00,14041.0000000000,8f84d9e1d634fe5fefd8e9a98d6373a679190988155ad9b28af5705aa598aa96,1,,,,0,4.8666666667,2026-09-16T18:00:00+08:00
2026-09-24,S04,K01,3,0,Z1,0.0000000000,2026-09-14 12:00:00+08:00,14042.0000000000,b396bc591e1147d81a4e90c4a0a7b6e2a5aac9740caed49f6383d0591e1334d7,1,,,,0,4.8666666667,2026-09-16T18:00:00+08:00
2026-09-24,S04,K02,3,0,Z1,0.0000000000,2026-09-14 12:00:00+08:00,14043.0000000000,bcc9ab433576a41df55fe891fabd3cefe8edef975876912df7b220e031110c4c,1,,,,0,4.8666666667,2026-09-16T18:00:00+08:00
2026-09-24,S04,K03,3,0,Z1,0.0000000000,2026-09-14 12:00:00+08:00,14044.0000000000,8aa19388b08d5e84a8b696de946f01a4e5a0dfb17ff480a30b684c237dc51aaa,1,,,,0,4.8666666667,2026-09-16T18:00:00+08:00
2026-09-24,S04,K04,3,0,Z1,0.1200000000,2026-09-14 12:00:00+08:00,14045.0000000000,96dc9e523c6b58d6da3f60fb348144707518a04ac940e45f97da155415904c4c,1,,,,0,4.8666666667,2026-09-16T18:00:00+08:00
2026-09-24,S04,K05,3,0,Z1,0.0000000000,2026-09-14 12:00:00+08:00,14046.0000000000,3d2f30acaf283c8b20ba6aa9e059bd75fdf780c322b3fb5ea92d28bfa82a6f70,1,,,,0,4.8666666667,2026-09-16T18:00:00+08:00
2026-09-24,S04,K06,3,0,Z1,0.0000000000,2026-09-14 12:00:00+08:00,14047.0000000000,c2931bb25673358c02c56fbd4c2dc590189f3a2dc79f0fff68e555aaffb08072,1,,,,0,4.8666666667,2026-09-16T18:00:00+08:00
2026-09-24,S04,K07,3,0,Z1,0.0000000000,2026-09-14 12:00:00+08:00,14048.0000000000,3cffe5c0d8db0ebe3bd42dfecfb21d80131f9c8a9292d91c8c8948d50b4a86be,1,,,,0,4.8666666667,2026-09-16T18:00:00+08:00
2026-09-24,S04,K08,3,0,Z1,0.0000000000,2026-09-14 12:00:00+08:00,14049.0000000000,4a4fdf4d4ac5f24cccf835ea968849ba17413c397c04f985ff6e3d4866a90e11,1,,,,0,4.8666666667,2026-09-16T18:00:00+08:00
2026-09-24,S05,K01,3,0,Z2,0.0000000000,2026-09-14 12:00:00+08:00,14050.0000000000,e17b4bb8e6ce555941728f84eaa94113375ba69dfa96dd04798fa2634c699f79,1,,,,0,4.8666666667,2026-09-16T18:00:00+08:00
2026-09-24,S05,K02,3,0,Z2,0.0000000000,2026-09-14 12:00:00+08:00,14051.0000000000,1ae5847f959fa9fce8cb49bf357cbc2f47cda25d32e854dc9542a1bb6a63023e,1,,,,0,4.8666666667,2026-09-16T18:00:00+08:00
2026-09-24,S05,K03,3,0,Z2,0.0000000000,2026-09-14 12:00:00+08:00,14052.0000000000,16b2bfaca577f080c34af7b39fcd98121cf5a89ef35a42f09c1d7cec79d70e03,1,,,,0,4.8666666667,2026-09-16T18:00:00+08:00
2026-09-24,S05,K04,3,0,Z2,0.1200000000,2026-09-14 12:00:00+08:00,14053.0000000000,7b3ff4b44efd60df233849ba8a2028a4cc2fe4e53c776ba35229be45dff38380,1,,,,0,4.8666666667,2026-09-16T18:00:00+08:00
2026-09-24,S05,K05,3,0,Z2,0.0000000000,2026-09-14 12:00:00+08:00,14054.0000000000,5050117891c079c097900cb04547a7de812ec820a24d5955f3891564638138d3,1,,,,0,4.8666666667,2026-09-16T18:00:00+08:00
2026-09-24,S05,K06,3,0,Z2,0.0000000000,2026-09-14 12:00:00+08:00,14055.0000000000,c9651fdbb90b7138b377e037fea8aaf2df6b38405225da40e1580b6fc50e7472,1,,,,0,4.8666666667,2026-09-16T18:00:00+08:00
2026-09-24,S05,K07,3,0,Z2,0.0000000000,2026-09-14 12:00:00+08:00,14056.0000000000,fe512d118812c3cf838756bc71381c2ad6d35d54425d0f0d53fa86930b778cbd,1,,,,0,4.8666666667,2026-09-16T18:00:00+08:00
2026-09-24,S05,K08,3,0,Z2,0.0000000000,2026-09-14 12:00:00+08:00,14057.0000000000,b2bddf74dbcd7a5d631f11246a8d3dd36f179d3084058b61e1768144f7abd7aa,1,,,,0,4.8666666667,2026-09-16T18:00:00+08:00
2026-09-24,S06,K01,3,0,Z2,0.0000000000,2026-09-14 12:00:00+08:00,14058.0000000000,fc56d562a7400d644eca270e295a484d9dc8571a4467ac3d6b53050307d64b22,1,,,,0,4.8666666667,2026-09-16T18:00:00+08:00
2026-09-24,S06,K02,3,0,Z2,0.0000000000,2026-09-14 12:00:00+08:00,14059.0000000000,c3bf90458976ef1b6507a9ac1ced5f9acde8ec0d136b748fe9a434c6555920a9,1,,,,0,4.8666666667,2026-09-16T18:00:00+08:00
2026-09-24,S06,K03,3,0,Z2,0.0000000000,2026-09-14 12:00:00+08:00,14060.0000000000,33bc904d1e02d168f671292875df7eb0e146412d582399aa022267ebace78626,1,,,,0,4.8666666667,2026-09-16T18:00:00+08:00
2026-09-24,S06,K04,3,0,Z2,0.1200000000,2026-09-14 12:00:00+08:00,14061.0000000000,367ed34156244f43d2f3cd065c2c0258631af3931bda9930c4466fad2ae449d5,1,,,,0,4.8666666667,2026-09-16T18:00:00+08:00
2026-09-24,S06,K05,3,0,Z2,0.0000000000,2026-09-14 12:00:00+08:00,14062.0000000000,1be1826e955d9a00dbda61f3307e4af03549302b0e41f72ce0b2cbea4771b82d,1,,,,0,4.8666666667,2026-09-16T18:00:00+08:00
2026-09-24,S06,K06,3,0,Z2,0.0000000000,2026-09-14 12:00:00+08:00,14063.0000000000,c4742ddf9b334936333cb73924b9c432935b114deb72561384d688600f9c7779,1,,,,0,4.8666666667,2026-09-16T18:00:00+08:00
2026-09-24,S06,K07,3,0,Z2,0.0000000000,2026-09-14 12:00:00+08:00,14064.0000000000,85e0f016a2882a26762bc4458db21c9dedaca4d4066c519b1c82ad735f516182,1,,,,0,4.8666666667,2026-09-16T18:00:00+08:00
2026-09-24,S06,K08,3,0,Z2,0.0000000000,2026-09-14 12:00:00+08:00,14065.0000000000,539ab3da1f90e5bf61eb226c9941d85cefaa07a9c5eca4bd61492e21e1390691,1,,,,0,4.8666666667,2026-09-16T18:00:00+08:00
2026-09-24,S07,K01,3,0,Z2,0.0000000000,2026-09-14 12:00:00+08:00,14066.0000000000,038df550a1faab1c986cbb078a0069486d8f52cbdfaabbd43b2377924f36288a,1,,,,0,4.8666666667,2026-09-16T18:00:00+08:00
2026-09-24,S07,K02,3,0,Z2,0.0000000000,2026-09-14 12:00:00+08:00,14067.0000000000,a01813481ae43be6b903446f66b3c6d06e9a214561919b3d03cfb1ae7562d379,1,,,,0,4.8666666667,2026-09-16T18:00:00+08:00
2026-09-24,S07,K03,3,0,Z2,0.1200000000,2026-09-14 12:00:00+08:00,14068.0000000000,32bc2a2cb36bec59a6e74ba1fb286a414d8b13d40cea3c82c1460cd2eceb3e70,1,,,,0,4.8666666667,2026-09-16T18:00:00+08:00
2026-09-24,S07,K04,3,0,Z2,0.0000000000,2026-09-14 12:00:00+08:00,14069.0000000000,f70d63c097fbd49dada0ba84371911d1dd564e838ac1970d430cb4d6fe35da4c,1,,,,0,4.8666666667,2026-09-16T18:00:00+08:00
2026-09-24,S07,K05,3,0,Z2,0.0000000000,2026-09-14 12:00:00+08:00,14070.0000000000,34c60a2f15ec368cf6f53a1e279a2ed83e48a440b50afe4cd2a241ace6405c74,1,,,,0,4.8666666667,2026-09-16T18:00:00+08:00
2026-09-24,S07,K06,3,0,Z2,0.0000000000,2026-09-14 12:00:00+08:00,14071.0000000000,8a096425f0ff6c8a091c099ed013f3b353b77a43e5cf7dca7e03808bf1825890,1,,,,0,4.8666666667,2026-09-16T18:00:00+08:00
2026-09-24,S07,K07,3,0,Z2,0.0000000000,2026-09-14 12:00:00+08:00,14072.0000000000,f758caecd4de6d53b94527532c5e61b766b2558489269a98b8b07eda1204e404,1,,,,0,4.8666666667,2026-09-16T18:00:00+08:00
2026-09-24,S07,K08,3,0,Z2,0.0000000000,2026-09-14 12:00:00+08:00,14073.0000000000,67ae476b469e7fa07583db58698df06dbcb6d0eb57297b75b98e66e719faccfc,1,,,,0,4.8666666667,2026-09-16T18:00:00+08:00
2026-09-24,S08,K01,3,0,Z2,0.0000000000,2026-09-14 12:00:00+08:00,14074.0000000000,407e6231ebcbf21d9a9fc10422972d81a1daf780a85d34ec0d4e83b128e02549,1,,,,0,4.8666666667,2026-09-16T18:00:00+08:00
2026-09-24,S08,K02,3,0,Z2,0.0000000000,2026-09-14 12:00:00+08:00,14075.0000000000,721575cb547153bdefd7f0eb2ec5bdedf7b59b80617dd6d82397f92c32f222db,1,,,,0,4.8666666667,2026-09-16T18:00:00+08:00
2026-09-24,S08,K03,3,0,Z2,0.1200000000,2026-09-14 12:00:00+08:00,14076.0000000000,0d92f44565a50c9744abaacba0ee4ddcef2b8d0517de70789b4ce3c7ef4a21e2,1,,,,0,4.8666666667,2026-09-16T18:00:00+08:00
2026-09-24,S08,K04,3,0,Z2,0.0000000000,2026-09-14 12:00:00+08:00,14077.0000000000,bad464837938feb59599111f23eb72f9814905bc477ca433cb889e6642af4de0,1,,,,0,4.8666666667,2026-09-16T18:00:00+08:00
2026-09-24,S08,K05,3,0,Z2,0.0000000000,2026-09-14 12:00:00+08:00,14078.0000000000,52f1ad582864c19bda9a2061dd74c59bb0553b5bfd7547ca0755988adc07ab5c,1,,,,0,4.8666666667,2026-09-16T18:00:00+08:00
2026-09-24,S08,K06,3,0,Z2,0.0000000000,2026-09-14 12:00:00+08:00,14079.0000000000,a3bdafdfe4cd2ace8f6833af805f6aadb2a01210cc921a6c283625cccf535edb,1,,,,0,4.8666666667,2026-09-16T18:00:00+08:00
2026-09-24,S08,K07,3,0,Z2,0.0000000000,2026-09-14 12:00:00+08:00,14080.0000000000,09c815d95ab9e20ecc212d8bd3d1f2dbcd5b2705522b20aa1e55a98d0bddd2cd,1,,,,0,4.8666666667,2026-09-16T18:00:00+08:00
2026-09-24,S08,K08,3,0,Z2,0.0000000000,2026-09-14 12:00:00+08:00,14081.0000000000,2c563fec68795081bfc5dfd7ba84867754cefe3b979dde0657e382b2bb4e8cb2,1,,,,0,4.8666666667,2026-09-16T18:00:00+08:00
2026-09-24,S09,K01,3,0,Z3,0.0000000000,2026-09-14 12:00:00+08:00,14082.0000000000,1247efdc527ae5e0b07ca1b241ce8290f91dc53c35c007d9d294c0d5c00e2d40,1,,,,0,4.8666666667,2026-09-16T18:00:00+08:00
2026-09-24,S09,K02,3,0,Z3,0.1200000000,2026-09-14 12:00:00+08:00,14083.0000000000,dfe8aad7e1daf160a8661a7d36a1c7d725126bb653e0fffd4008df13f7f97774,1,,,,0,4.8666666667,2026-09-16T18:00:00+08:00
2026-09-24,S09,K03,3,0,Z3,0.0000000000,2026-09-14 12:00:00+08:00,14084.0000000000,52cc4096d9517b82cdf9ed966d80d9084aeb9b25d7cc7668f9c115483845e39f,1,,,,0,4.8666666667,2026-09-16T18:00:00+08:00
2026-09-24,S09,K04,3,0,Z3,0.0000000000,2026-09-14 12:00:00+08:00,14085.0000000000,660f51cf896780509f77404a0cf4ffed7e86e56a5ba2624d505ce799c13fffac,1,,,,0,4.8666666667,2026-09-16T18:00:00+08:00
2026-09-24,S09,K05,3,0,Z3,0.0000000000,2026-09-14 12:00:00+08:00,14086.0000000000,6015919b03859846a974867912dcfa45a967e8a0ebf7ab3efa5eed216406645d,1,,,,0,4.8666666667,2026-09-16T18:00:00+08:00
2026-09-24,S09,K06,3,0,Z3,0.0000000000,2026-09-14 12:00:00+08:00,14087.0000000000,b44ff3761a956a6537d6ee463262c406b40eb7a02d4be83eedce2fe58bd705c2,1,,,,0,4.8666666667,2026-09-16T18:00:00+08:00
2026-09-24,S09,K07,3,0,Z3,0.0000000000,2026-09-14 12:00:00+08:00,14088.0000000000,e9725ddf62e8e8a217d88264db1d6e9bcffa3d948b32e5a7dba4537267d3595e,1,,,,0,4.8666666667,2026-09-16T18:00:00+08:00
2026-09-24,S09,K08,3,0,Z3,0.1200000000,2026-09-14 12:00:00+08:00,14089.0000000000,164904b2448fc86fca7473eac00aba11057e057488fe277526c67ca3faf6f8ea,1,,,,0,4.8666666667,2026-09-16T18:00:00+08:00
2026-09-24,S10,K01,3,0,Z3,0.0000000000,2026-09-14 12:00:00+08:00,14090.0000000000,bdb2378518752bc59e1d90615e20b414be9be28359d6e48019321c06cdb974cf,1,,,,0,4.8666666667,2026-09-16T18:00:00+08:00
2026-09-24,S10,K02,3,0,Z3,0.1200000000,2026-09-14 12:00:00+08:00,14091.0000000000,064fe87e944d33daad96fb258df2c5d7b946d7bdebfb6cce137b64a2a1b14f79,1,,,,0,4.8666666667,2026-09-16T18:00:00+08:00
2026-09-24,S10,K03,3,0,Z3,0.0000000000,2026-09-14 12:00:00+08:00,14092.0000000000,a125916619be1d453d9e1a121105db0b07471e69b2a8e34fd6dafc249a6ede90,1,,,,0,4.8666666667,2026-09-16T18:00:00+08:00
2026-09-24,S10,K04,3,0,Z3,0.0000000000,2026-09-14 12:00:00+08:00,14093.0000000000,6ebf1e79e3a18a5bf1e936c34928998d4a7ea96a08c934a2e70d68dec8ad158b,1,,,,0,4.8666666667,2026-09-16T18:00:00+08:00
2026-09-24,S10,K05,3,0,Z3,0.0000000000,2026-09-14 12:00:00+08:00,14094.0000000000,32a485571ad30b7cf330437c355300ec6af4bf370f556d277cfe96e1a935b676,1,,,,0,4.8666666667,2026-09-16T18:00:00+08:00
2026-09-24,S10,K06,3,0,Z3,0.0000000000,2026-09-14 12:00:00+08:00,14095.0000000000,073f5777b08c8a431e52c4a988b220b74a6889339711ac68dfe681f36cee37bc,1,,,,0,4.8666666667,2026-09-16T18:00:00+08:00
2026-09-24,S10,K07,3,0,Z3,0.0000000000,2026-09-14 12:00:00+08:00,14096.0000000000,633a0023d86b8a40a4612392e149ea15a5d2fa33cda9bff1ab3eed8357a06cee,1,,,,0,4.8666666667,2026-09-16T18:00:00+08:00
2026-09-24,S10,K08,3,0,Z3,0.1200000000,2026-09-14 12:00:00+08:00,14097.0000000000,9ef56bbe1afa4a00f2c02971bb3981b70dc2a177f0a52fb82283cfb80995e8bb,1,,,,0,4.8666666667,2026-09-16T18:00:00+08:00
2026-09-24,S11,K01,3,0,Z3,0.0000000000,2026-09-14 12:00:00+08:00,14098.0000000000,a325d08952c7346100c1bfbc4516f87ef4c7aae8eca050a0a8e2be88ec20929a,1,,,,0,4.8666666667,2026-09-16T18:00:00+08:00
2026-09-24,S11,K02,3,0,Z3,0.1200000000,2026-09-14 12:00:00+08:00,14099.0000000000,ef5f9bbcf288080a6d663181eea7c65952aac5a111b579af54ae79b98c4cf87d,1,,,,0,4.8666666667,2026-09-16T18:00:00+08:00
2026-09-24,S11,K03,3,0,Z3,0.0000000000,2026-09-14 12:00:00+08:00,14100.0000000000,f40eb2ed0a33117695d2c408d7af90d5c02a1fa66b571752b80ab646727a350e,1,,,,0,4.8666666667,2026-09-16T18:00:00+08:00
2026-09-24,S11,K04,3,0,Z3,0.0000000000,2026-09-14 12:00:00+08:00,14101.0000000000,fab04cb5409027fde9fec8909831ca3c178dfbff76a5bfb1c0edd2674c132ba6,1,,,,0,4.8666666667,2026-09-16T18:00:00+08:00
2026-09-24,S11,K05,3,0,Z3,0.0000000000,2026-09-14 12:00:00+08:00,14102.0000000000,efb39b456a101203e44ef14203f2b1f94768ddd7180ced833d76ee362620e29c,1,,,,0,4.8666666667,2026-09-16T18:00:00+08:00
2026-09-24,S11,K06,3,0,Z3,0.0000000000,2026-09-14 12:00:00+08:00,14103.0000000000,db8a593600bc567e74391c3106b914ccbac7bed55e1a24492a19a52983658395,1,,,,0,4.8666666667,2026-09-16T18:00:00+08:00
2026-09-24,S11,K07,3,0,Z3,0.1200000000,2026-09-14 12:00:00+08:00,14104.0000000000,f897bcdc8c0e50318b183f1f2020426e1c9b42c15e3b0a594dfaaa5c94e4eb1a,1,,,,0,4.8666666667,2026-09-16T18:00:00+08:00
2026-09-24,S11,K08,3,0,Z3,0.0000000000,2026-09-14 12:00:00+08:00,14105.0000000000,8cb74546920887024e9c60739971cb002f1905ec0c15190217ceb5f9a42edf00,1,,,,0,4.8666666667,2026-09-16T18:00:00+08:00
2026-09-24,S12,K01,3,0,Z3,0.1200000000,2026-09-14 12:00:00+08:00,14106.0000000000,d1e40f7152f770ac2725bef8529e2ee166f56220798682c5747f8c5ea9053eb8,1,,,,0,4.8666666667,2026-09-16T18:00:00+08:00
2026-09-24,S12,K02,3,0,Z3,0.0000000000,2026-09-14 12:00:00+08:00,14107.0000000000,9af7ed41cdc0e9508acaa0843f69fe962be8b3c1c9d2a167eeac5943073e125f,1,,,,0,4.8666666667,2026-09-16T18:00:00+08:00
2026-09-24,S12,K03,3,0,Z3,0.0000000000,2026-09-14 12:00:00+08:00,14108.0000000000,e7bb61e99ce4c4e965a5dafc4c6f329f9873485081d354bf331c20330ca0398a,1,,,,0,4.8666666667,2026-09-16T18:00:00+08:00
2026-09-24,S12,K04,3,0,Z3,0.0000000000,2026-09-14 12:00:00+08:00,14109.0000000000,ea2a16f1733558b5cc657354df9636f72495b582afd0df345c1f729346347dad,1,,,,0,4.8666666667,2026-09-16T18:00:00+08:00
2026-09-24,S12,K05,3,0,Z3,0.0000000000,2026-09-14 12:00:00+08:00,14110.0000000000,e894b040963f04c3be6139f90b8614ddd4040bade5790258c3e8c26dbcb63589,1,,,,0,4.8666666667,2026-09-16T18:00:00+08:00
2026-09-24,S12,K06,3,0,Z3,0.0000000000,2026-09-14 12:00:00+08:00,14111.0000000000,6cbb514a26ce5c0b0878d48e31ed14b454e71ef2176b3f9c54155671ccdd1de5,1,,,,0,4.8666666667,2026-09-16T18:00:00+08:00
2026-09-24,S12,K07,3,0,Z3,0.1200000000,2026-09-14 12:00:00+08:00,14112.0000000000,48d029a85f39d159d72bd5d91cbdd43422ede472df13d32799d33892f7fc0863,1,,,,0,4.8666666667,2026-09-16T18:00:00+08:00
2026-09-24,S12,K08,3,0,Z3,0.0000000000,2026-09-14 12:00:00+08:00,14113.0000000000,bd74bdab3c943c0a7238ad86ff9dbbaa2bb096b72144057948d3d9b0bbd52548,1,,,,0,4.8666666667,2026-09-16T18:00:00+08:00
2026-09-25,S01,K01,4,0,Z1,0.0000000000,2026-09-15 12:00:00+08:00,14114.0000000000,777c343a867db59c5b6850de36cd1d10a7660d186840cb3aa902e093fd672f9a,1,,,,0,4.9000000000,2026-09-16T18:00:00+08:00
2026-09-25,S01,K02,4,0,Z1,0.0000000000,2026-09-15 12:00:00+08:00,14115.0000000000,b33ebcbcde5219db2ed0f4e19d96c780004484e1068a0409206bed8a9e2c2512,1,,,,0,4.9000000000,2026-09-16T18:00:00+08:00
2026-09-25,S01,K03,4,0,Z1,0.0000000000,2026-09-15 12:00:00+08:00,14116.0000000000,9c3bc7abe97402bcae95f11e84412db151b013e93575f7c96937aef397055afb,1,,,,0,4.9000000000,2026-09-16T18:00:00+08:00
2026-09-25,S01,K04,4,0,Z1,0.0000000000,2026-09-15 12:00:00+08:00,14117.0000000000,2b811a5f0eeb132c7a89d5195fdda80390d4b2eae2c6a52ed922ed0a50ea9b5e,1,,,,0,4.9000000000,2026-09-16T18:00:00+08:00
2026-09-25,S01,K05,4,0,Z1,0.1200000000,2026-09-15 12:00:00+08:00,14118.0000000000,30f8186f123cb9a0d4800cf8d4010fd87ee50a2b6cf522a6ac432ba7adfa7760,1,,,,0,4.9000000000,2026-09-16T18:00:00+08:00
2026-09-25,S01,K06,4,0,Z1,0.0000000000,2026-09-15 12:00:00+08:00,14119.0000000000,c8127ec40225c1e6542975cf96b6e3111a2804b4fadf2513b7c66a5a8cf184a3,1,,,,0,4.9000000000,2026-09-16T18:00:00+08:00
2026-09-25,S01,K07,4,0,Z1,0.0000000000,2026-09-15 12:00:00+08:00,14120.0000000000,06fba5763d03c5d242ace9eabbd9f3a7861a6d94ce7433c9120da9a834186f4e,1,,,,0,4.9000000000,2026-09-16T18:00:00+08:00
2026-09-25,S01,K08,4,0,Z1,0.0000000000,2026-09-15 12:00:00+08:00,14121.0000000000,872a621768fd6b22c539b38947a31a8b63ed085034c5f44ed23768b4e0f1eb3c,1,,,,0,4.9000000000,2026-09-16T18:00:00+08:00
2026-09-25,S02,K01,4,0,Z1,0.0000000000,2026-09-15 12:00:00+08:00,14122.0000000000,e974e39d060a3be2eb11e514b04d55ae7b7bb8a75365e0193d4c585f8df053b1,1,,,,0,4.9000000000,2026-09-16T18:00:00+08:00
2026-09-25,S02,K02,4,0,Z1,0.0000000000,2026-09-15 12:00:00+08:00,14123.0000000000,2d0c27555712a4af55d1cf27c069635ed82bc98871b21f862613924391c6f511,1,,,,0,4.9000000000,2026-09-16T18:00:00+08:00
2026-09-25,S02,K03,4,0,Z1,0.0000000000,2026-09-15 12:00:00+08:00,14124.0000000000,cef57801ede2e64c03d00ed31d5a52b71911f8b5524d8dd9b680db121d1002c9,1,,,,0,4.9000000000,2026-09-16T18:00:00+08:00
2026-09-25,S02,K04,4,0,Z1,0.0000000000,2026-09-15 12:00:00+08:00,14125.0000000000,90cc3633cda340c7bcacaa89175aae52473b4ffd6b40508522df47a97f4c23eb,1,,,,0,4.9000000000,2026-09-16T18:00:00+08:00
2026-09-25,S02,K05,4,0,Z1,0.1200000000,2026-09-15 12:00:00+08:00,14126.0000000000,a1be3faa78e643cdf70e943660711ede70c5b1a1a18027adb9343c117566f3ce,1,,,,0,4.9000000000,2026-09-16T18:00:00+08:00
2026-09-25,S02,K06,4,0,Z1,0.0000000000,2026-09-15 12:00:00+08:00,14127.0000000000,b3aa2adb3485d22dae99bc10d78e792c9237e700fa0f70a36907d1d907711d09,1,,,,0,4.9000000000,2026-09-16T18:00:00+08:00
2026-09-25,S02,K07,4,0,Z1,0.0000000000,2026-09-15 12:00:00+08:00,14128.0000000000,7ca65ab8c1a784c22215a887e711c55550e338a61f6cfdd9048dc0d5dfe0fc17,1,,,,0,4.9000000000,2026-09-16T18:00:00+08:00
2026-09-25,S02,K08,4,0,Z1,0.0000000000,2026-09-15 12:00:00+08:00,14129.0000000000,02e92bb9f6571c28fe05c4c43717ff85ce2fe8c01761a49595c4216ffbd93d6d,1,,,,0,4.9000000000,2026-09-16T18:00:00+08:00
2026-09-25,S03,K01,4,0,Z1,0.0000000000,2026-09-15 12:00:00+08:00,14130.0000000000,e386d833dfd2a2f19a4c410471f71640ce9b97254318d54b17061d90754ecb6c,1,,,,0,4.9000000000,2026-09-16T18:00:00+08:00
2026-09-25,S03,K02,4,0,Z1,0.0000000000,2026-09-15 12:00:00+08:00,14131.0000000000,45a5d2c717db55f64cf590069fcc2a9cfe21217e9f8afec0201fe2f8f286cc83,1,,,,0,4.9000000000,2026-09-16T18:00:00+08:00
2026-09-25,S03,K03,4,0,Z1,0.0000000000,2026-09-15 12:00:00+08:00,14132.0000000000,d3f3251ab3b1f36c60dba1d845dd228437946b8f4aff5f86135d1876b7d998aa,1,,,,0,4.9000000000,2026-09-16T18:00:00+08:00
2026-09-25,S03,K04,4,0,Z1,0.0000000000,2026-09-15 12:00:00+08:00,14133.0000000000,1da5b5b9408b37a06b6aefb4472ffbaabae57e11f8f6d96eaa4589bc4d883831,1,,,,0,4.9000000000,2026-09-16T18:00:00+08:00
2026-09-25,S03,K05,4,0,Z1,0.1200000000,2026-09-15 12:00:00+08:00,14134.0000000000,816f52f891b108b40e089ed18ce84fa079f4d1e9a0669b1b7a46deb224644b11,1,,,,0,4.9000000000,2026-09-16T18:00:00+08:00
2026-09-25,S03,K06,4,0,Z1,0.0000000000,2026-09-15 12:00:00+08:00,14135.0000000000,b1e0127b868eeeca6921bdae375e237b7be0834ecc51d3a792a9084665822c72,1,,,,0,4.9000000000,2026-09-16T18:00:00+08:00
2026-09-25,S03,K07,4,0,Z1,0.0000000000,2026-09-15 12:00:00+08:00,14136.0000000000,ac44f4672d6d1702763734026126a25958d14eba4695cbd6817095eb89601fd5,1,,,,0,4.9000000000,2026-09-16T18:00:00+08:00
2026-09-25,S03,K08,4,0,Z1,0.0000000000,2026-09-15 12:00:00+08:00,14137.0000000000,7f6e40dd3e3651f28a85d9f426db32b5a924cfe723811da02ff8371ca063e11d,1,,,,0,4.9000000000,2026-09-16T18:00:00+08:00
2026-09-25,S04,K01,4,0,Z1,0.0000000000,2026-09-15 12:00:00+08:00,14138.0000000000,74adc6b88d78b69a24c357a5a2d11bfa766f99865b3141549f93d712eb8067e1,1,,,,0,4.9000000000,2026-09-16T18:00:00+08:00
2026-09-25,S04,K02,4,0,Z1,0.0000000000,2026-09-15 12:00:00+08:00,14139.0000000000,8d283b16f0e46c6f0d95079a89bcbfcddcc648133dd11949c35ebe6b92a23bde,1,,,,0,4.9000000000,2026-09-16T18:00:00+08:00
2026-09-25,S04,K03,4,0,Z1,0.0000000000,2026-09-15 12:00:00+08:00,14140.0000000000,b10a91e87bbe6789a7b480d04ea4683f037ea60665686d970fc5c16ff7262c08,1,,,,0,4.9000000000,2026-09-16T18:00:00+08:00
2026-09-25,S04,K04,4,0,Z1,0.1200000000,2026-09-15 12:00:00+08:00,14141.0000000000,9c5179bac29e62b09fbf3fe42644187acba276ed7acd0a0fa553145ccf93b9b5,1,,,,0,4.9000000000,2026-09-16T18:00:00+08:00
2026-09-25,S04,K05,4,0,Z1,0.0000000000,2026-09-15 12:00:00+08:00,14142.0000000000,97f1f1d7b7f3e73ebc5b1c8684a2c1b06e52a73a7c75ce921cb4df33dbb0a2ad,1,,,,0,4.9000000000,2026-09-16T18:00:00+08:00
2026-09-25,S04,K06,4,0,Z1,0.0000000000,2026-09-15 12:00:00+08:00,14143.0000000000,e039a62584bd36d19fa429d078e95e931c2900759c735c550f26ee66ed0f8248,1,,,,0,4.9000000000,2026-09-16T18:00:00+08:00
2026-09-25,S04,K07,4,0,Z1,0.0000000000,2026-09-15 12:00:00+08:00,14144.0000000000,d77311cf6b0f82a0a05cfafaa0b8a4eca185cbbee502f171863c527fd9553258,1,,,,0,4.9000000000,2026-09-16T18:00:00+08:00
2026-09-25,S04,K08,4,0,Z1,0.0000000000,2026-09-15 12:00:00+08:00,14145.0000000000,8fc3eb3ffb243c0088f2aa3fa52b3119e0227d81a05c78e393709bca303e1a6a,1,,,,0,4.9000000000,2026-09-16T18:00:00+08:00
2026-09-25,S05,K01,4,0,Z2,0.0000000000,2026-09-15 12:00:00+08:00,14146.0000000000,feb1a684f4a0ae09f595b5cd9890f368780eaaa85825ca6c92492e5595e924db,1,,,,0,4.9000000000,2026-09-16T18:00:00+08:00
2026-09-25,S05,K02,4,0,Z2,0.0000000000,2026-09-15 12:00:00+08:00,14147.0000000000,ef4b8b3cab611eeb1ca45ec1bd4ccc9c76dfa8bc3c328973802b0ec85e5937b9,1,,,,0,4.9000000000,2026-09-16T18:00:00+08:00
2026-09-25,S05,K03,4,0,Z2,0.0000000000,2026-09-15 12:00:00+08:00,14148.0000000000,4769dcbc26cc7e5906d23842c750f905a3ee4352ddbcf3efde4936b89d58aa8e,1,,,,0,4.9000000000,2026-09-16T18:00:00+08:00
2026-09-25,S05,K04,4,0,Z2,0.1200000000,2026-09-15 12:00:00+08:00,14149.0000000000,4a4dbe2cf1266a1bd721f761acbff0c2b41f5b02dd3b2a20d38f2559bd802ed2,1,,,,0,4.9000000000,2026-09-16T18:00:00+08:00
2026-09-25,S05,K05,4,0,Z2,0.0000000000,2026-09-15 12:00:00+08:00,14150.0000000000,60d9986cd2d9a44d7158ebbffdb771decdeb7b19dd4e5208f6c0f1c228625e31,1,,,,0,4.9000000000,2026-09-16T18:00:00+08:00
2026-09-25,S05,K06,4,0,Z2,0.0000000000,2026-09-15 12:00:00+08:00,14151.0000000000,b5fd4f8d898c42308f31d727d5f80d4a26fe2a1a0166510bea9687afb6b2b095,1,,,,0,4.9000000000,2026-09-16T18:00:00+08:00
2026-09-25,S05,K07,4,0,Z2,0.0000000000,2026-09-15 12:00:00+08:00,14152.0000000000,f2d4055ac5161462227f4fd7a501bdccf3b78ae0a9b599645ae28fcc5110d9f4,1,,,,0,4.9000000000,2026-09-16T18:00:00+08:00
2026-09-25,S05,K08,4,0,Z2,0.0000000000,2026-09-15 12:00:00+08:00,14153.0000000000,29403d503bb2bbd454a8794fcaeb41007c1f1aa6f096b0aaef1a444a22b3711c,1,,,,0,4.9000000000,2026-09-16T18:00:00+08:00
2026-09-25,S06,K01,4,0,Z2,0.0000000000,2026-09-15 12:00:00+08:00,14154.0000000000,8d222afbcd520eb9b66951ec3bd56eb4153d4ac01e9f5177fc9b4f1b7b087fa7,1,,,,0,4.9000000000,2026-09-16T18:00:00+08:00
2026-09-25,S06,K02,4,0,Z2,0.0000000000,2026-09-15 12:00:00+08:00,14155.0000000000,bc326fb5c2a6d1955ab8a0f384d63743dfd1d2af2a9bafd76a590c9214ef62d1,1,,,,0,4.9000000000,2026-09-16T18:00:00+08:00
2026-09-25,S06,K03,4,0,Z2,0.1200000000,2026-09-15 12:00:00+08:00,14156.0000000000,aa7c669fea37c250c16fe8d04916a337d05d9ffbda105ee3f073e187afbd1770,1,,,,0,4.9000000000,2026-09-16T18:00:00+08:00
2026-09-25,S06,K04,4,0,Z2,0.0000000000,2026-09-15 12:00:00+08:00,14157.0000000000,e5c541f62fdd80aef7f0afebf19b9ded0c9c9bd9f040f6a30ceb36c760c73474,1,,,,0,4.9000000000,2026-09-16T18:00:00+08:00
2026-09-25,S06,K05,4,0,Z2,0.0000000000,2026-09-15 12:00:00+08:00,14158.0000000000,5a2330e830ec47655539b1b832836c4a5ca67f543b9166ccd005f3b8d1d614cd,1,,,,0,4.9000000000,2026-09-16T18:00:00+08:00
2026-09-25,S06,K06,4,0,Z2,0.0000000000,2026-09-15 12:00:00+08:00,14159.0000000000,4235567a479c19b5d5a1ecdfbeecd47fdfbf05094d75353508ce0e229db2ba5d,1,,,,0,4.9000000000,2026-09-16T18:00:00+08:00
2026-09-25,S06,K07,4,0,Z2,0.0000000000,2026-09-15 12:00:00+08:00,14160.0000000000,22b42af0d77cb0cfea1cdd7b728efdaf6973ac0c8583bbfd07b96859753aad12,1,,,,0,4.9000000000,2026-09-16T18:00:00+08:00
2026-09-25,S06,K08,4,0,Z2,0.0000000000,2026-09-15 12:00:00+08:00,14161.0000000000,3781f14036ef06d339d3df5b9dc70532a89101c26a805cf8dc1064f9609f8406,1,,,,0,4.9000000000,2026-09-16T18:00:00+08:00
2026-09-25,S07,K01,4,0,Z2,0.0000000000,2026-09-15 12:00:00+08:00,14162.0000000000,fbb3ebede5d14dc2938945da142616299c4594ad77712140d92de42f83bafe4d,1,,,,0,4.9000000000,2026-09-16T18:00:00+08:00
2026-09-25,S07,K02,4,0,Z2,0.0000000000,2026-09-15 12:00:00+08:00,14163.0000000000,6946b7dd45a5817bef01325bd5ce68c4cfcfafa0287033ec73e3711b56b8d430,1,,,,0,4.9000000000,2026-09-16T18:00:00+08:00
2026-09-25,S07,K03,4,0,Z2,0.1200000000,2026-09-15 12:00:00+08:00,14164.0000000000,db0765ca6e43ed9ad0b3880d79215b0a274c01b02d6c7451b05197ccc66a9780,1,,,,0,4.9000000000,2026-09-16T18:00:00+08:00
2026-09-25,S07,K04,4,0,Z2,0.0000000000,2026-09-15 12:00:00+08:00,14165.0000000000,9bd0cb4723ca0acad0ff55ad0b580f02d3015cc05d049060b9fe95f8aa81eb2d,1,,,,0,4.9000000000,2026-09-16T18:00:00+08:00
2026-09-25,S07,K05,4,0,Z2,0.0000000000,2026-09-15 12:00:00+08:00,14166.0000000000,7922be3c918e0c7dc1314ae4f5a83dba5aa88304c56311aace053db1861def50,1,,,,0,4.9000000000,2026-09-16T18:00:00+08:00
2026-09-25,S07,K06,4,0,Z2,0.0000000000,2026-09-15 12:00:00+08:00,14167.0000000000,18f4bdb5073a1ec80e863323c99d87029d846f8720f92239471483152b49aff3,1,,,,0,4.9000000000,2026-09-16T18:00:00+08:00
2026-09-25,S07,K07,4,0,Z2,0.0000000000,2026-09-15 12:00:00+08:00,14168.0000000000,0f99023c5aacbcc832cd6927f5547a984ec3431fa2f8d130af5a36962f4e6601,1,,,,0,4.9000000000,2026-09-16T18:00:00+08:00
2026-09-25,S07,K08,4,0,Z2,0.0000000000,2026-09-15 12:00:00+08:00,14169.0000000000,bacc9536607a2dc8da3782fd58d97a2527063d278ac84576283a6b0595d0f439,1,,,,0,4.9000000000,2026-09-16T18:00:00+08:00
2026-09-25,S08,K01,4,0,Z2,0.0000000000,2026-09-15 12:00:00+08:00,14170.0000000000,40f5b9c11aa2e415bcb76c8191534e7c41387deb63f11f91b39165684a521fb4,1,,,,0,4.9000000000,2026-09-16T18:00:00+08:00
2026-09-25,S08,K02,4,0,Z2,0.0000000000,2026-09-15 12:00:00+08:00,14171.0000000000,c0a15883549cf09faed89123041c81409e8c5824f932d0a776b225cd1a96804e,1,,,,0,4.9000000000,2026-09-16T18:00:00+08:00
2026-09-25,S08,K03,4,0,Z2,0.1200000000,2026-09-15 12:00:00+08:00,14172.0000000000,35ef8fb27e6350ce15e02717f44b15cd4457c9c93ed641511c6b67074cc472f1,1,,,,0,4.9000000000,2026-09-16T18:00:00+08:00
2026-09-25,S08,K04,4,0,Z2,0.0000000000,2026-09-15 12:00:00+08:00,14173.0000000000,01ffc6e621a83992fdbffcffd20b96d461f408c2c5f366f4ca4fce1af0f33212,1,,,,0,4.9000000000,2026-09-16T18:00:00+08:00
2026-09-25,S08,K05,4,0,Z2,0.0000000000,2026-09-15 12:00:00+08:00,14174.0000000000,d37de19210de2fc6de1e062baac4ef501bca4cd2e675479bb8674654ea5c0a96,1,,,,0,4.9000000000,2026-09-16T18:00:00+08:00
2026-09-25,S08,K06,4,0,Z2,0.0000000000,2026-09-15 12:00:00+08:00,14175.0000000000,e7c14c4608e6c6df5a3952b53e19386e60c81d6ae748ddd02d8be948a10ded3f,1,,,,0,4.9000000000,2026-09-16T18:00:00+08:00
2026-09-25,S08,K07,4,0,Z2,0.0000000000,2026-09-15 12:00:00+08:00,14176.0000000000,e3386b5017a8e44bb57b952b3d33a211a8645976624b26cb190c50d41a9ffe7a,1,,,,0,4.9000000000,2026-09-16T18:00:00+08:00
2026-09-25,S08,K08,4,0,Z2,0.1200000000,2026-09-15 12:00:00+08:00,14177.0000000000,906b015a26e1fe35520d3cc2ce27ee94d16166e1576217bc2d69f1547075e721,1,,,,0,4.9000000000,2026-09-16T18:00:00+08:00
2026-09-25,S09,K01,4,0,Z3,0.0000000000,2026-09-15 12:00:00+08:00,14178.0000000000,86c774a8ffec2bb18ce49eb083b6755cce265f621e01d1cb38c84513d8fbe888,1,,,,0,4.9000000000,2026-09-16T18:00:00+08:00
2026-09-25,S09,K02,4,0,Z3,0.1200000000,2026-09-15 12:00:00+08:00,14179.0000000000,d982b65a0ccc87c89f7d2853c725f17a4f7881537e96a9bb6c02849e8d97b430,1,,,,0,4.9000000000,2026-09-16T18:00:00+08:00
2026-09-25,S09,K03,4,0,Z3,0.0000000000,2026-09-15 12:00:00+08:00,14180.0000000000,fe989e8a8afcb74d892b0b585dd20ea17ab931f768b8490565f18525a4fa7a45,1,,,,0,4.9000000000,2026-09-16T18:00:00+08:00
2026-09-25,S09,K04,4,0,Z3,0.0000000000,2026-09-15 12:00:00+08:00,14181.0000000000,cd83ae7affd146160b4750f1de1b53857ce0a6e28d8446dc23d8620c2fffded7,1,,,,0,4.9000000000,2026-09-16T18:00:00+08:00
2026-09-25,S09,K05,4,0,Z3,0.0000000000,2026-09-15 12:00:00+08:00,14182.0000000000,34819e8c87f346036d73b463c44e944613060659f92a0b32f8bbf9a8ff9b63dd,1,,,,0,4.9000000000,2026-09-16T18:00:00+08:00
2026-09-25,S09,K06,4,0,Z3,0.0000000000,2026-09-15 12:00:00+08:00,14183.0000000000,d0dc9c1cb865988cc59356ea049f9fa1282c72a33cd6d86152c183a6b50fa051,1,,,,0,4.9000000000,2026-09-16T18:00:00+08:00
2026-09-25,S09,K07,4,0,Z3,0.0000000000,2026-09-15 12:00:00+08:00,14184.0000000000,111108bbf1e67e76fe380436cd7bc3f0fabc21e19f4e1011ebf32fdd0425809a,1,,,,0,4.9000000000,2026-09-16T18:00:00+08:00
2026-09-25,S09,K08,4,0,Z3,0.1200000000,2026-09-15 12:00:00+08:00,14185.0000000000,40730a8851cf13e382de0963ba2faa79ad6e20aabc0ef1fba1bfb794c4173fd3,1,,,,0,4.9000000000,2026-09-16T18:00:00+08:00
2026-09-25,S10,K01,4,0,Z3,0.0000000000,2026-09-15 12:00:00+08:00,14186.0000000000,55c284948cdc2a9d5808cb7b61fbb1a91d63f150caff83991a08374df94c88dd,1,,,,0,4.9000000000,2026-09-16T18:00:00+08:00
2026-09-25,S10,K02,4,0,Z3,0.1200000000,2026-09-15 12:00:00+08:00,14187.0000000000,5bbec14952b2e2f6c959641704801ef20426789066b5dc164d5a7b50f03a8722,1,,,,0,4.9000000000,2026-09-16T18:00:00+08:00
2026-09-25,S10,K03,4,0,Z3,0.0000000000,2026-09-15 12:00:00+08:00,14188.0000000000,f4af7d61fc7358e764ae51cf8a08ca95457a02451f43170edfdb278f8190f12c,1,,,,0,4.9000000000,2026-09-16T18:00:00+08:00
2026-09-25,S10,K04,4,0,Z3,0.0000000000,2026-09-15 12:00:00+08:00,14189.0000000000,a8e3f18fc19622505c7e740e4531a99f0d370419e2e4f91f44afa766ff34537d,1,,,,0,4.9000000000,2026-09-16T18:00:00+08:00
2026-09-25,S10,K05,4,0,Z3,0.0000000000,2026-09-15 12:00:00+08:00,14190.0000000000,e1ae2b8a6dde1a679eeff810624981411b37c53417656787994f1d61ba21d54b,1,,,,0,4.9000000000,2026-09-16T18:00:00+08:00
2026-09-25,S10,K06,4,0,Z3,0.0000000000,2026-09-15 12:00:00+08:00,14191.0000000000,234c0ee783f0b5d1b817fc596794842a73b1a5c272cfc5ef3c612592e7e0a637,1,,,,0,4.9000000000,2026-09-16T18:00:00+08:00
2026-09-25,S10,K07,4,0,Z3,0.0000000000,2026-09-15 12:00:00+08:00,14192.0000000000,50957ffac5f7fb5b26581d5b2e2778b4d70674841c480359360cc28a53770886,1,,,,0,4.9000000000,2026-09-16T18:00:00+08:00
2026-09-25,S10,K08,4,0,Z3,0.1200000000,2026-09-15 12:00:00+08:00,14193.0000000000,2616c02075c70e22c4db4d5c0d1e614c65cad5693ef9c6b465207d99cc0266d9,1,,,,0,4.9000000000,2026-09-16T18:00:00+08:00
2026-09-25,S11,K01,4,0,Z3,0.1200000000,2026-09-15 12:00:00+08:00,14194.0000000000,e929591704734135a1f5b6203463b27b48793541391eccfc379c4dc2341795d8,1,,,,0,4.9000000000,2026-09-16T18:00:00+08:00
2026-09-25,S11,K02,4,0,Z3,0.0000000000,2026-09-15 12:00:00+08:00,14195.0000000000,8922555f8b4f5cb8f021ab4c9d9cdd1396a2043ebafcb9fd657037b17b2925b8,1,,,,0,4.9000000000,2026-09-16T18:00:00+08:00
2026-09-25,S11,K03,4,0,Z3,0.0000000000,2026-09-15 12:00:00+08:00,14196.0000000000,fe3c9afa933c76c48ed8c951e26fed50346e22a6e173cc84e8d37cbdae8573f6,1,,,,0,4.9000000000,2026-09-16T18:00:00+08:00
2026-09-25,S11,K04,4,0,Z3,0.0000000000,2026-09-15 12:00:00+08:00,14197.0000000000,7b836dd2628dfee6a8ce6ae58b2497fa901d88cdf33e7c38fbb868e91e6d9320,1,,,,0,4.9000000000,2026-09-16T18:00:00+08:00
2026-09-25,S11,K05,4,0,Z3,0.0000000000,2026-09-15 12:00:00+08:00,14198.0000000000,ad6f8e64808020619ff038e74877a3c76c4f6add0c14cccbccebc4b6014941c3,1,,,,0,4.9000000000,2026-09-16T18:00:00+08:00
2026-09-25,S11,K06,4,0,Z3,0.0000000000,2026-09-15 12:00:00+08:00,14199.0000000000,5576eaf5fac1f3fbd2865aee341c08f3d52c909886df5f0c23b5751fc2fe2bab,1,,,,0,4.9000000000,2026-09-16T18:00:00+08:00
2026-09-25,S11,K07,4,0,Z3,0.1200000000,2026-09-15 12:00:00+08:00,14200.0000000000,6c99eb9ec243e07ef4caf2f0d618b03e684f628a8e8d4c73dfd18151bf46f8b8,1,,,,0,4.9000000000,2026-09-16T18:00:00+08:00
2026-09-25,S11,K08,4,0,Z3,0.0000000000,2026-09-15 12:00:00+08:00,14201.0000000000,4425212c745733460389c4b20a0fbd9a0bda703dfa718d4d5d9b8b0ead193f19,1,,,,0,4.9000000000,2026-09-16T18:00:00+08:00
2026-09-25,S12,K01,4,0,Z3,0.1200000000,2026-09-15 12:00:00+08:00,14202.0000000000,5d3a8fcdbe51f81bcbc4f465836718b5fa1c1f932919b3295568975459361d3d,1,,,,0,4.9000000000,2026-09-16T18:00:00+08:00
2026-09-25,S12,K02,4,0,Z3,0.0000000000,2026-09-15 12:00:00+08:00,14203.0000000000,620483f6b186cad17628b4f46627def124bd29f16c4800f97a025527ace26580,1,,,,0,4.9000000000,2026-09-16T18:00:00+08:00
2026-09-25,S12,K03,4,0,Z3,0.0000000000,2026-09-15 12:00:00+08:00,14204.0000000000,c10b79f5d51e39d9533649637a5a581d225869055432cd4ed189cd86ba8ecec6,1,,,,0,4.9000000000,2026-09-16T18:00:00+08:00
2026-09-25,S12,K04,4,0,Z3,0.0000000000,2026-09-15 12:00:00+08:00,14205.0000000000,dd54cbba0d5acc426d697ebf81f3c6424b8ab9d1d09ea47a3775d9dcc62b0499,1,,,,0,4.9000000000,2026-09-16T18:00:00+08:00
2026-09-25,S12,K05,4,0,Z3,0.0000000000,2026-09-15 12:00:00+08:00,14206.0000000000,ce05a6d4c56e16e318215557cfae0d5946936e272257ec14d3d5a7272c93f345,1,,,,0,4.9000000000,2026-09-16T18:00:00+08:00
2026-09-25,S12,K06,4,0,Z3,0.0000000000,2026-09-15 12:00:00+08:00,14207.0000000000,7fc85586c4f97363544482ab4d49efadfe536a1dddafbb0ceee93267baa8c5d4,1,,,,0,4.9000000000,2026-09-16T18:00:00+08:00
2026-09-25,S12,K07,4,0,Z3,0.1200000000,2026-09-15 12:00:00+08:00,14208.0000000000,ae58dfb7e6adb1ca73ed7b1ac09a3699329912d188f98495a103447f207e1114,1,,,,0,4.9000000000,2026-09-16T18:00:00+08:00
2026-09-25,S12,K08,4,0,Z3,0.0000000000,2026-09-15 12:00:00+08:00,14209.0000000000,61cba8ffe9046c2117459cf286d1b3c068b21ef18f1a57953f4355b2cdb89a48,1,,,,0,4.9000000000,2026-09-16T18:00:00+08:00
2026-09-26,S01,K01,5,0,Z1,0.0000000000,2026-09-16 12:00:00+08:00,14210.0000000000,109618653dc26217858968c86a2d9526e31283fcd6238f503d52633508edf63b,1,,,,0,4.9333333333,2026-09-16T18:00:00+08:00
2026-09-26,S01,K02,5,0,Z1,0.0000000000,2026-09-16 12:00:00+08:00,14211.0000000000,c20a003e3cf75d92aaea2847ef7c54378923eb265041d7f8e3708e1e2e2c6e22,1,,,,0,4.9333333333,2026-09-16T18:00:00+08:00
2026-09-26,S01,K03,5,0,Z1,0.0000000000,2026-09-16 12:00:00+08:00,14212.0000000000,571b1419d35366f914110fa8abf317cd26950cd4879ed4d74dbeec806fc9928c,1,,,,0,4.9333333333,2026-09-16T18:00:00+08:00
2026-09-26,S01,K04,5,0,Z1,0.0000000000,2026-09-16 12:00:00+08:00,14213.0000000000,647ba30ddb120318743023ea0d16788887c087020e551875a2819c046a255aa9,1,,,,0,4.9333333333,2026-09-16T18:00:00+08:00
2026-09-26,S01,K05,5,0,Z1,0.1200000000,2026-09-16 12:00:00+08:00,14214.0000000000,5a5fecc615a6d980548d89a370c922fb17db8cd6da20e98587ebcb516a90749b,1,,,,0,4.9333333333,2026-09-16T18:00:00+08:00
2026-09-26,S01,K06,5,0,Z1,0.0000000000,2026-09-16 12:00:00+08:00,14215.0000000000,9235af73060c3abcc8bc53df852aff929f95d597ec09930a550e279d50d217a9,1,,,,0,4.9333333333,2026-09-16T18:00:00+08:00
2026-09-26,S01,K07,5,0,Z1,0.0000000000,2026-09-16 12:00:00+08:00,14216.0000000000,87297e20c121f931c41d5f75b7b3dcae1208e4eade05ae5727a439fd8b37cea4,1,,,,0,4.9333333333,2026-09-16T18:00:00+08:00
2026-09-26,S01,K08,5,0,Z1,0.0000000000,2026-09-16 12:00:00+08:00,14217.0000000000,8dc29075137a8f4e11dae453d9f9f3459c9c376e4175bfd8a84c5e199c103959,1,,,,0,4.9333333333,2026-09-16T18:00:00+08:00
2026-09-26,S02,K01,5,0,Z1,0.0000000000,2026-09-16 12:00:00+08:00,14218.0000000000,f1e10246dabce00d864f1eff9e4e87f771f09b578d2f10a94dfd3f52bafdf126,1,,,,0,4.9333333333,2026-09-16T18:00:00+08:00
2026-09-26,S02,K02,5,0,Z1,0.0000000000,2026-09-16 12:00:00+08:00,14219.0000000000,f33751e1e56ed337797d5f31419b5c9db8d091b5355fc5fefc2dff94241e750b,1,,,,0,4.9333333333,2026-09-16T18:00:00+08:00
2026-09-26,S02,K03,5,0,Z1,0.0000000000,2026-09-16 12:00:00+08:00,14220.0000000000,ae3739798151dc618e66cdfba72eff545022b3224745851e9fc936bbadf0634b,1,,,,0,4.9333333333,2026-09-16T18:00:00+08:00
2026-09-26,S02,K04,5,0,Z1,0.0000000000,2026-09-16 12:00:00+08:00,14221.0000000000,398f3ac2ba9ae6642d32103203c72abb7a1877c75b9f096ec56660c25c26e516,1,,,,0,4.9333333333,2026-09-16T18:00:00+08:00
2026-09-26,S02,K05,5,0,Z1,0.1200000000,2026-09-16 12:00:00+08:00,14222.0000000000,aca15f1506ac912af0f004f031b932aa779a3b25396c4d2f67c19c88017c705a,1,,,,0,4.9333333333,2026-09-16T18:00:00+08:00
2026-09-26,S02,K06,5,0,Z1,0.0000000000,2026-09-16 12:00:00+08:00,14223.0000000000,c18a822505c62c47c672a3a52020fe8e47132f72bc8436ed9cced1e1b04aa9d3,1,,,,0,4.9333333333,2026-09-16T18:00:00+08:00
2026-09-26,S02,K07,5,0,Z1,0.0000000000,2026-09-16 12:00:00+08:00,14224.0000000000,b1358237bf2534ba76ae07057af45386831a3e4ef18e61719c90da8a9c7460b0,1,,,,0,4.9333333333,2026-09-16T18:00:00+08:00
2026-09-26,S02,K08,5,0,Z1,0.0000000000,2026-09-16 12:00:00+08:00,14225.0000000000,9aef1323a8741576bfc0dafd73aaaf52b204d6eda8c93a40e3d1cf7b54907601,1,,,,0,4.9333333333,2026-09-16T18:00:00+08:00
2026-09-26,S03,K01,5,0,Z1,0.0000000000,2026-09-16 12:00:00+08:00,14226.0000000000,eb207b068d43ae56232803bd59c4a3a0193ca8c6033022918c322a6feef79ded,1,,,,0,4.9333333333,2026-09-16T18:00:00+08:00
2026-09-26,S03,K02,5,0,Z1,0.0000000000,2026-09-16 12:00:00+08:00,14227.0000000000,647f5609b88f3817b07e046b8937416b6ff0cbd15fbd0ec789332d9eb390cb22,1,,,,0,4.9333333333,2026-09-16T18:00:00+08:00
2026-09-26,S03,K03,5,0,Z1,0.0000000000,2026-09-16 12:00:00+08:00,14228.0000000000,ef924e042ba5ef6638362eec463807fded37782f093038061f8ee147cc14b4f6,1,,,,0,4.9333333333,2026-09-16T18:00:00+08:00
2026-09-26,S03,K04,5,0,Z1,0.1200000000,2026-09-16 12:00:00+08:00,14229.0000000000,450922f7eb53425d441c00a8780426b6a80948c405454e41e8c4be500631d880,1,,,,0,4.9333333333,2026-09-16T18:00:00+08:00
2026-09-26,S03,K05,5,0,Z1,0.0000000000,2026-09-16 12:00:00+08:00,14230.0000000000,324b03aa10dc88df1c4a4b0abacacdda6ec80cd84a0d7e0b61d4a00c4c31720e,1,,,,0,4.9333333333,2026-09-16T18:00:00+08:00
2026-09-26,S03,K06,5,0,Z1,0.0000000000,2026-09-16 12:00:00+08:00,14231.0000000000,433f1b9a6dacc68bd86bd0ed9a533ab81e17d89676f707307b0d3ced2947c3b9,1,,,,0,4.9333333333,2026-09-16T18:00:00+08:00
2026-09-26,S03,K07,5,0,Z1,0.0000000000,2026-09-16 12:00:00+08:00,14232.0000000000,68daa36db8f4c4bebfd63e91085c1534339dc5b66f127ae973ac543620f82a65,1,,,,0,4.9333333333,2026-09-16T18:00:00+08:00
2026-09-26,S03,K08,5,0,Z1,0.0000000000,2026-09-16 12:00:00+08:00,14233.0000000000,feb1f5e50cc60e3e592b644c2f40e9188e1b43f189832f9edd3773161f387dd4,1,,,,0,4.9333333333,2026-09-16T18:00:00+08:00
2026-09-26,S04,K01,5,0,Z1,0.0000000000,2026-09-16 12:00:00+08:00,14234.0000000000,38f41eb86fd356d2f8a4f82f96490563cf685c55dfece3c86b4f616bb7180f40,1,,,,0,4.9333333333,2026-09-16T18:00:00+08:00
2026-09-26,S04,K02,5,0,Z1,0.0000000000,2026-09-16 12:00:00+08:00,14235.0000000000,e8cb2fa1e9a65c186524564a2acf3b164d817782ca5b33321af5947351ae975b,1,,,,0,4.9333333333,2026-09-16T18:00:00+08:00
2026-09-26,S04,K03,5,0,Z1,0.0000000000,2026-09-16 12:00:00+08:00,14236.0000000000,3404fa9a2e4f5603150f3e0fdf19c83afda02ee28158aa571cb42a08267dc068,1,,,,0,4.9333333333,2026-09-16T18:00:00+08:00
2026-09-26,S04,K04,5,0,Z1,0.1200000000,2026-09-16 12:00:00+08:00,14237.0000000000,c64bb58f2f4c47b3583139f825f06dcd7c99278472fed37f469c8693c260053a,1,,,,0,4.9333333333,2026-09-16T18:00:00+08:00
2026-09-26,S04,K05,5,0,Z1,0.0000000000,2026-09-16 12:00:00+08:00,14238.0000000000,28098ac3548833aaac40e8a7363a7d585d56d338de8dcb1bfcbd2d1752e22dbf,1,,,,0,4.9333333333,2026-09-16T18:00:00+08:00
2026-09-26,S04,K06,5,0,Z1,0.0000000000,2026-09-16 12:00:00+08:00,14239.0000000000,00fa862c867cdfc5936ea3563052ef3a18abaa663401560b508fba129d5b7930,1,,,,0,4.9333333333,2026-09-16T18:00:00+08:00
2026-09-26,S04,K07,5,0,Z1,0.0000000000,2026-09-16 12:00:00+08:00,14240.0000000000,1aaad38ea52e21633545c8f726c280a0e5026a3b232a6104e232c1576ab794ca,1,,,,0,4.9333333333,2026-09-16T18:00:00+08:00
2026-09-26,S04,K08,5,0,Z1,0.0000000000,2026-09-16 12:00:00+08:00,14241.0000000000,e619d2f15971e3a164b470b27b770be0062a9d96955ef15e070d83738fdd02d9,1,,,,0,4.9333333333,2026-09-16T18:00:00+08:00
2026-09-26,S05,K01,5,0,Z2,0.0000000000,2026-09-16 12:00:00+08:00,14242.0000000000,f0ca4c41572a25cf38a6bb224c0f459121a6e8df2293aca7b881d9f2c0b391de,1,,,,0,4.9333333333,2026-09-16T18:00:00+08:00
2026-09-26,S05,K02,5,0,Z2,0.0000000000,2026-09-16 12:00:00+08:00,14243.0000000000,6a09dcfdcb01839c0bd6f3c17927df2a60caac24ddd72c0ffe3d536962b60ba8,1,,,,0,4.9333333333,2026-09-16T18:00:00+08:00
2026-09-26,S05,K03,5,0,Z2,0.0000000000,2026-09-16 12:00:00+08:00,14244.0000000000,8864e157dd580004c2e07a6973d59a87880adaacf47dac0df3daf0e7a90f2211,1,,,,0,4.9333333333,2026-09-16T18:00:00+08:00
2026-09-26,S05,K04,5,0,Z2,0.1200000000,2026-09-16 12:00:00+08:00,14245.0000000000,9a97dab5a584a3e2fceb6116dde2e85f2277452eb326e90cf6c2dead886b1218,1,,,,0,4.9333333333,2026-09-16T18:00:00+08:00
2026-09-26,S05,K05,5,0,Z2,0.0000000000,2026-09-16 12:00:00+08:00,14246.0000000000,16bae149dae703858e3a2998f89559e3a6afcde4a3958ae3c3dc7268584fd28f,1,,,,0,4.9333333333,2026-09-16T18:00:00+08:00
2026-09-26,S05,K06,5,0,Z2,0.0000000000,2026-09-16 12:00:00+08:00,14247.0000000000,a2e48df5c66ace1e61a2c1527e989a70f62f18296530f63c6176aaa086efbdba,1,,,,0,4.9333333333,2026-09-16T18:00:00+08:00
2026-09-26,S05,K07,5,0,Z2,0.0000000000,2026-09-16 12:00:00+08:00,14248.0000000000,e9a47c87a9781bfebb52dbc18317e1b03a6c351460bf62e9f707ecc5a6ad43d5,1,,,,0,4.9333333333,2026-09-16T18:00:00+08:00
2026-09-26,S05,K08,5,0,Z2,0.0000000000,2026-09-16 12:00:00+08:00,14249.0000000000,c96848046094bc5bf15e07a61a472caefddf9f5bda86b6441dbbd915232d5850,1,,,,0,4.9333333333,2026-09-16T18:00:00+08:00
2026-09-26,S06,K01,5,0,Z2,0.0000000000,2026-09-16 12:00:00+08:00,14250.0000000000,b0eb33cebfad6ad84e4e687096b40cdb378fa27e4b679496427644c2328598e5,1,,,,0,4.9333333333,2026-09-16T18:00:00+08:00
2026-09-26,S06,K02,5,0,Z2,0.0000000000,2026-09-16 12:00:00+08:00,14251.0000000000,b0572a871c30152412bbc691fdc384a4c823b7630badf629bbf04ab7254e3f64,1,,,,0,4.9333333333,2026-09-16T18:00:00+08:00
2026-09-26,S06,K03,5,0,Z2,0.1200000000,2026-09-16 12:00:00+08:00,14252.0000000000,46af5a8bed66dff195a96d1f82c2e3ebba47985f79cef6aabc9202393b720783,1,,,,0,4.9333333333,2026-09-16T18:00:00+08:00
2026-09-26,S06,K04,5,0,Z2,0.0000000000,2026-09-16 12:00:00+08:00,14253.0000000000,b5e4c47885861f689ee7f56a4fd5d5ce37cadd45f5019da040ddba4ab9cf3fd1,1,,,,0,4.9333333333,2026-09-16T18:00:00+08:00
2026-09-26,S06,K05,5,0,Z2,0.0000000000,2026-09-16 12:00:00+08:00,14254.0000000000,cf9a21f5d7f94a1ab784ccc4f51db223635a050b7867ebbcefe79d20c5dc07cf,1,,,,0,4.9333333333,2026-09-16T18:00:00+08:00
2026-09-26,S06,K06,5,0,Z2,0.0000000000,2026-09-16 12:00:00+08:00,14255.0000000000,5165d078e6f16c6d6f18357e16448f7e5c73d3f50199265fd29937ddbc08f3ed,1,,,,0,4.9333333333,2026-09-16T18:00:00+08:00
2026-09-26,S06,K07,5,0,Z2,0.0000000000,2026-09-16 12:00:00+08:00,14256.0000000000,0e292243737ce11ccef66bbf756db5d4a7c376c7c08717f27077d9a88392478e,1,,,,0,4.9333333333,2026-09-16T18:00:00+08:00
2026-09-26,S06,K08,5,0,Z2,0.0000000000,2026-09-16 12:00:00+08:00,14257.0000000000,a1e32acc8c7adb2578638fa9b0af1678958689bf5e4fad98df331f5d4617ca97,1,,,,0,4.9333333333,2026-09-16T18:00:00+08:00
2026-09-26,S07,K01,5,0,Z2,0.0000000000,2026-09-16 12:00:00+08:00,14258.0000000000,3e4f39c519db95a78d143ee878071c6f55d05f0aee35489cae84f0c5857ee587,1,,,,0,4.9333333333,2026-09-16T18:00:00+08:00
2026-09-26,S07,K02,5,0,Z2,0.0000000000,2026-09-16 12:00:00+08:00,14259.0000000000,0a05e4af48f8beee02ff02649ece855c0699ef9f270bb39eff16e4ae3c230fba,1,,,,0,4.9333333333,2026-09-16T18:00:00+08:00
2026-09-26,S07,K03,5,0,Z2,0.1200000000,2026-09-16 12:00:00+08:00,14260.0000000000,d3b2dc7f0e4b5d9ca39da71f6c856e3241534120656e742f80382b7ea56b1b0b,1,,,,0,4.9333333333,2026-09-16T18:00:00+08:00
2026-09-26,S07,K04,5,0,Z2,0.0000000000,2026-09-16 12:00:00+08:00,14261.0000000000,54d0db5910542228ad0016be961073d301059d1b4ce4c860a29e721f0bcb951f,1,,,,0,4.9333333333,2026-09-16T18:00:00+08:00
2026-09-26,S07,K05,5,0,Z2,0.0000000000,2026-09-16 12:00:00+08:00,14262.0000000000,3c3e99737012da46156466b0503e6cd763092a071ffbb4d42492307c321c1a15,1,,,,0,4.9333333333,2026-09-16T18:00:00+08:00
2026-09-26,S07,K06,5,0,Z2,0.0000000000,2026-09-16 12:00:00+08:00,14263.0000000000,ab20513c29c51e5f2722ec8aba7290297ffeaf4b1518b22b65aa8d288f5efc85,1,,,,0,4.9333333333,2026-09-16T18:00:00+08:00
2026-09-26,S07,K07,5,0,Z2,0.0000000000,2026-09-16 12:00:00+08:00,14264.0000000000,92ce29d9adc246818802fc9d7f9ac66536ef59fe6140fcf56258ce10d6a47283,1,,,,0,4.9333333333,2026-09-16T18:00:00+08:00
2026-09-26,S07,K08,5,0,Z2,0.0000000000,2026-09-16 12:00:00+08:00,14265.0000000000,d6063434ac13c3adf30cd144f316083eb8a7b7326532eea7a1b76cfa4e4aef6b,1,,,,0,4.9333333333,2026-09-16T18:00:00+08:00
2026-09-26,S08,K01,5,0,Z2,0.0000000000,2026-09-16 12:00:00+08:00,14266.0000000000,73bc5e42033c9ed14dde936f70c54e7aa2c0a02e672630992a6c2bb462aadc97,1,,,,0,4.9333333333,2026-09-16T18:00:00+08:00
2026-09-26,S08,K02,5,0,Z2,0.1200000000,2026-09-16 12:00:00+08:00,14267.0000000000,27b7d39505f3c1bc14aa4257c7693dfadb168df0e626b0a1aac5ef8ee0814bf1,1,,,,0,4.9333333333,2026-09-16T18:00:00+08:00
2026-09-26,S08,K03,5,0,Z2,0.0000000000,2026-09-16 12:00:00+08:00,14268.0000000000,3a7c4a34b355caae1219118c8e5661672e6c973bd3928c426f7196d3f1429d60,1,,,,0,4.9333333333,2026-09-16T18:00:00+08:00
2026-09-26,S08,K04,5,0,Z2,0.0000000000,2026-09-16 12:00:00+08:00,14269.0000000000,aac528ea3280319cb6d99f9efe7d424b8b9e77848203493935b4a30c43bbad8d,1,,,,0,4.9333333333,2026-09-16T18:00:00+08:00
2026-09-26,S08,K05,5,0,Z2,0.0000000000,2026-09-16 12:00:00+08:00,14270.0000000000,77aa478a7c686182c6de5fd054d57c94e85ae03abf84090f0b53404c69c04bf5,1,,,,0,4.9333333333,2026-09-16T18:00:00+08:00
2026-09-26,S08,K06,5,0,Z2,0.0000000000,2026-09-16 12:00:00+08:00,14271.0000000000,d42837054cc36dd73dbb1b5f7d2fa0a346b9a16f72fa8f88333970ae0d75e712,1,,,,0,4.9333333333,2026-09-16T18:00:00+08:00
2026-09-26,S08,K07,5,0,Z2,0.0000000000,2026-09-16 12:00:00+08:00,14272.0000000000,81750939e2d4bbe9d8d3af35ed439732fef7d13cdec5be10602acc7c48206c4a,1,,,,0,4.9333333333,2026-09-16T18:00:00+08:00
2026-09-26,S08,K08,5,0,Z2,0.1200000000,2026-09-16 12:00:00+08:00,14273.0000000000,489f1c8d5219074a02ca3d3d0f4aaa5569d8d4a17fc2e711b694e2fa890888e4,1,,,,0,4.9333333333,2026-09-16T18:00:00+08:00
2026-09-26,S09,K01,5,0,Z3,0.0000000000,2026-09-16 12:00:00+08:00,14274.0000000000,2f2ee20e96cdbe1f71bd6960ba83ad94efa9bfb3fd08cd904fd61b3a9e3dcb15,1,,,,0,4.9333333333,2026-09-16T18:00:00+08:00
2026-09-26,S09,K02,5,0,Z3,0.1200000000,2026-09-16 12:00:00+08:00,14275.0000000000,9daf83100d51098c016e009253539b5d5627318c168a18690d24d107f3f1ab24,1,,,,0,4.9333333333,2026-09-16T18:00:00+08:00
2026-09-26,S09,K03,5,0,Z3,0.0000000000,2026-09-16 12:00:00+08:00,14276.0000000000,5a4b532a762be00c830e9e2c08e25a7b3ea8b7052a3b7d6655bee73f72e21aba,1,,,,0,4.9333333333,2026-09-16T18:00:00+08:00
2026-09-26,S09,K04,5,0,Z3,0.0000000000,2026-09-16 12:00:00+08:00,14277.0000000000,9bff3e0ae79ef7d51e1680b8ee3a87f4f0cf511240404f0a07f3949a6aee5855,1,,,,0,4.9333333333,2026-09-16T18:00:00+08:00
2026-09-26,S09,K05,5,0,Z3,0.0000000000,2026-09-16 12:00:00+08:00,14278.0000000000,e167d6a377a71c255a705ca00b81522f8a57353b57e0bca2d0ddac71cc50783e,1,,,,0,4.9333333333,2026-09-16T18:00:00+08:00
2026-09-26,S09,K06,5,0,Z3,0.0000000000,2026-09-16 12:00:00+08:00,14279.0000000000,fcfc3edbef0e2ea3abbc4bc452f8148f23c083f7b2d538ded819d03772415db2,1,,,,0,4.9333333333,2026-09-16T18:00:00+08:00
2026-09-26,S09,K07,5,0,Z3,0.0000000000,2026-09-16 12:00:00+08:00,14280.0000000000,0366e754efa73820b9636d1b46a572abec0f8d993cdda05bd0cf111b4b194d24,1,,,,0,4.9333333333,2026-09-16T18:00:00+08:00
2026-09-26,S09,K08,5,0,Z3,0.1200000000,2026-09-16 12:00:00+08:00,14281.0000000000,e8fe51f8b4ef463dab903f1515d33cfea317eef8ed1f91d1812633271e62db58,1,,,,0,4.9333333333,2026-09-16T18:00:00+08:00
2026-09-26,S10,K01,5,0,Z3,0.0000000000,2026-09-16 12:00:00+08:00,14282.0000000000,092e87aab08538ab8c494b42fb66fa4a18bc0529146d549c9e8e47a34b20220c,1,,,,0,4.9333333333,2026-09-16T18:00:00+08:00
2026-09-26,S10,K02,5,0,Z3,0.1200000000,2026-09-16 12:00:00+08:00,14283.0000000000,a854ff607c0bd655099d8955ce6392ab7871e4ecb6dbcfa70ed77b527ccef2b8,1,,,,0,4.9333333333,2026-09-16T18:00:00+08:00
2026-09-26,S10,K03,5,0,Z3,0.0000000000,2026-09-16 12:00:00+08:00,14284.0000000000,09d72a46f0f0c2ef2ec304f47729c35614d592b2a2b6f30bfd51c9bd5af43dc0,1,,,,0,4.9333333333,2026-09-16T18:00:00+08:00
2026-09-26,S10,K04,5,0,Z3,0.0000000000,2026-09-16 12:00:00+08:00,14285.0000000000,8ab2a78af6ffe059abc8105a95a3fe7a335712305594e3ec00e03c849156f79c,1,,,,0,4.9333333333,2026-09-16T18:00:00+08:00
2026-09-26,S10,K05,5,0,Z3,0.0000000000,2026-09-16 12:00:00+08:00,14286.0000000000,1442d4af592d781067eda936da7390395c89627a1d0cf900302deb1d68bb5fc3,1,,,,0,4.9333333333,2026-09-16T18:00:00+08:00
2026-09-26,S10,K06,5,0,Z3,0.0000000000,2026-09-16 12:00:00+08:00,14287.0000000000,a95a5a83aacb6bdfa787b9d1453eb575e2e9e506a6b2e8734b139619c03b8700,1,,,,0,4.9333333333,2026-09-16T18:00:00+08:00
2026-09-26,S10,K07,5,0,Z3,0.1200000000,2026-09-16 12:00:00+08:00,14288.0000000000,5e59882fc410e734638570b81de88a290aac1d6e4c8a09854a9a1be6e3a93e8e,1,,,,0,4.9333333333,2026-09-16T18:00:00+08:00
2026-09-26,S10,K08,5,0,Z3,0.0000000000,2026-09-16 12:00:00+08:00,14289.0000000000,dab4c9bac49241f83aa6a2b49db18edbbeff2b936133e33166f29bfe0c4f7151,1,,,,0,4.9333333333,2026-09-16T18:00:00+08:00
2026-09-26,S11,K01,5,0,Z3,0.1200000000,2026-09-16 12:00:00+08:00,14290.0000000000,c4541d45e99150d969487ecf527caa1aa7a76e4e89c32d74ed1a3090b6b80762,1,,,,0,4.9333333333,2026-09-16T18:00:00+08:00
2026-09-26,S11,K02,5,0,Z3,0.0000000000,2026-09-16 12:00:00+08:00,14291.0000000000,a6eb37eed32aa73365185c2d5fbccebdabe6cabe9e3fef5daf7eff7385d7963c,1,,,,0,4.9333333333,2026-09-16T18:00:00+08:00
2026-09-26,S11,K03,5,0,Z3,0.0000000000,2026-09-16 12:00:00+08:00,14292.0000000000,8a6a32d8be9baa4e8eabc7c1c6482396cb6b725b765ccbd6b24b13b6b2febe81,1,,,,0,4.9333333333,2026-09-16T18:00:00+08:00
2026-09-26,S11,K04,5,0,Z3,0.0000000000,2026-09-16 12:00:00+08:00,14293.0000000000,6382dac9e5ef6c7b416b7a37ddcf4c1b8120a67fe8b79b71c394947ddc286f78,1,,,,0,4.9333333333,2026-09-16T18:00:00+08:00
2026-09-26,S11,K05,5,0,Z3,0.0000000000,2026-09-16 12:00:00+08:00,14294.0000000000,d07ad7e7198de7c54c1885736752d9859cf1fa6a6c2f8dc7a02858c491d50a54,1,,,,0,4.9333333333,2026-09-16T18:00:00+08:00
2026-09-26,S11,K06,5,0,Z3,0.0000000000,2026-09-16 12:00:00+08:00,14295.0000000000,c970dc1ef944dc6dcd9f5893a9bb629e99e7ab9e8707a5d5c21173e1977584c5,1,,,,0,4.9333333333,2026-09-16T18:00:00+08:00
2026-09-26,S11,K07,5,0,Z3,0.1200000000,2026-09-16 12:00:00+08:00,14296.0000000000,75001e62ab5191d0aa2e1c99f707021fe25c4bf1947e75f9bd6d8d90b383d399,1,,,,0,4.9333333333,2026-09-16T18:00:00+08:00
2026-09-26,S11,K08,5,0,Z3,0.0000000000,2026-09-16 12:00:00+08:00,14297.0000000000,e4ec4537af308658633972934e8c6e031a6f485b80ba277120ba8439e247b026,1,,,,0,4.9333333333,2026-09-16T18:00:00+08:00
2026-09-26,S12,K01,5,0,Z3,0.1200000000,2026-09-16 12:00:00+08:00,14298.0000000000,1a1a24d9c0150a5cd0813b0b86e1bf118141cc79931733e4384b474d3ce4710e,1,,,,0,4.9333333333,2026-09-16T18:00:00+08:00
2026-09-26,S12,K02,5,0,Z3,0.0000000000,2026-09-16 12:00:00+08:00,14299.0000000000,f77bef8e7c3c8bb3564ac9d6aefd757ed6e48d493524fabf83f641c54a8626dc,1,,,,0,4.9333333333,2026-09-16T18:00:00+08:00
2026-09-26,S12,K03,5,0,Z3,0.0000000000,2026-09-16 12:00:00+08:00,14300.0000000000,5f1d1e3d0e502c7399e5010cd6dd36607e5465dfe8c0d1cd9d59b9934e5e2364,1,,,,0,4.9333333333,2026-09-16T18:00:00+08:00
2026-09-26,S12,K04,5,0,Z3,0.0000000000,2026-09-16 12:00:00+08:00,14301.0000000000,f813833de573a620e7b44ae25cdbf15059d30739c564e5625aa5397b4c58219e,1,,,,0,4.9333333333,2026-09-16T18:00:00+08:00
2026-09-26,S12,K05,5,0,Z3,0.0000000000,2026-09-16 12:00:00+08:00,14302.0000000000,ac952e9cf7b0314ac14fef92cdd05387f3d24366dc576a7f5b523884bf4cbe24,1,,,,0,4.9333333333,2026-09-16T18:00:00+08:00
2026-09-26,S12,K06,5,0,Z3,0.0000000000,2026-09-16 12:00:00+08:00,14303.0000000000,2260f811f025b9ffa3976160d873a643f87a962ffb2abd317d961c68cb880656,1,,,,0,4.9333333333,2026-09-16T18:00:00+08:00
2026-09-26,S12,K07,5,0,Z3,0.1200000000,2026-09-16 12:00:00+08:00,14304.0000000000,bdacc61003906b2a735a1355caf4519a7996eebc901aefa7abda2b16ddb0203c,1,,,,0,4.9333333333,2026-09-16T18:00:00+08:00
2026-09-26,S12,K08,5,0,Z3,0.0000000000,2026-09-16 12:00:00+08:00,14305.0000000000,e3cd8d414895492edacd13a12f76c745362bae89b615d3ae4b60055ec14b36ae,1,,,,0,4.9333333333,2026-09-16T18:00:00+08:00
2026-09-27,S01,K01,6,0,Z1,0.0205357143,,,,0,,,,0,4.9666666667,2026-09-16T18:00:00+08:00
2026-09-27,S01,K02,6,0,Z1,0.0214285714,,,,0,,,,0,4.9666666667,2026-09-16T18:00:00+08:00
2026-09-27,S01,K03,6,0,Z1,0.0205357143,,,,0,,,,0,4.9666666667,2026-09-16T18:00:00+08:00
2026-09-27,S01,K04,6,0,Z1,0.0205357143,,,,0,,,,0,4.9666666667,2026-09-16T18:00:00+08:00
2026-09-27,S01,K05,6,0,Z1,0.0205357143,,,,0,,,,0,4.9666666667,2026-09-16T18:00:00+08:00
2026-09-27,S01,K06,6,0,Z1,0.0205357143,,,,0,,,,0,4.9666666667,2026-09-16T18:00:00+08:00
2026-09-27,S01,K07,6,0,Z1,0.0207142857,,,,0,,,,0,4.9666666667,2026-09-16T18:00:00+08:00
2026-09-27,S01,K08,6,0,Z1,0.0212500000,,,,0,,,,0,4.9666666667,2026-09-16T18:00:00+08:00
2026-09-27,S02,K01,6,0,Z1,0.0205357143,,,,0,,,,0,4.9666666667,2026-09-16T18:00:00+08:00
2026-09-27,S02,K02,6,0,Z1,0.0214285714,,,,0,,,,0,4.9666666667,2026-09-16T18:00:00+08:00
2026-09-27,S02,K03,6,0,Z1,0.0205357143,,,,0,,,,0,4.9666666667,2026-09-16T18:00:00+08:00
2026-09-27,S02,K04,6,0,Z1,0.0205357143,,,,0,,,,0,4.9666666667,2026-09-16T18:00:00+08:00
2026-09-27,S02,K05,6,0,Z1,0.0205357143,,,,0,,,,0,4.9666666667,2026-09-16T18:00:00+08:00
2026-09-27,S02,K06,6,0,Z1,0.0205357143,,,,0,,,,0,4.9666666667,2026-09-16T18:00:00+08:00
2026-09-27,S02,K07,6,0,Z1,0.0207142857,,,,0,,,,0,4.9666666667,2026-09-16T18:00:00+08:00
2026-09-27,S02,K08,6,0,Z1,0.0212500000,,,,0,,,,0,4.9666666667,2026-09-16T18:00:00+08:00
2026-09-27,S03,K01,6,0,Z1,0.0205357143,,,,0,,,,0,4.9666666667,2026-09-16T18:00:00+08:00
2026-09-27,S03,K02,6,0,Z1,0.0214285714,,,,0,,,,0,4.9666666667,2026-09-16T18:00:00+08:00
2026-09-27,S03,K03,6,0,Z1,0.0205357143,,,,0,,,,0,4.9666666667,2026-09-16T18:00:00+08:00
2026-09-27,S03,K04,6,0,Z1,0.0205357143,,,,0,,,,0,4.9666666667,2026-09-16T18:00:00+08:00
2026-09-27,S03,K05,6,0,Z1,0.0205357143,,,,0,,,,0,4.9666666667,2026-09-16T18:00:00+08:00
2026-09-27,S03,K06,6,0,Z1,0.0205357143,,,,0,,,,0,4.9666666667,2026-09-16T18:00:00+08:00
2026-09-27,S03,K07,6,0,Z1,0.0207142857,,,,0,,,,0,4.9666666667,2026-09-16T18:00:00+08:00
2026-09-27,S03,K08,6,0,Z1,0.0212500000,,,,0,,,,0,4.9666666667,2026-09-16T18:00:00+08:00
2026-09-27,S04,K01,6,0,Z1,0.0205357143,,,,0,,,,0,4.9666666667,2026-09-16T18:00:00+08:00
2026-09-27,S04,K02,6,0,Z1,0.0214285714,,,,0,,,,0,4.9666666667,2026-09-16T18:00:00+08:00
2026-09-27,S04,K03,6,0,Z1,0.0205357143,,,,0,,,,0,4.9666666667,2026-09-16T18:00:00+08:00
2026-09-27,S04,K04,6,0,Z1,0.0205357143,,,,0,,,,0,4.9666666667,2026-09-16T18:00:00+08:00
2026-09-27,S04,K05,6,0,Z1,0.0205357143,,,,0,,,,0,4.9666666667,2026-09-16T18:00:00+08:00
2026-09-27,S04,K06,6,0,Z1,0.0205357143,,,,0,,,,0,4.9666666667,2026-09-16T18:00:00+08:00
2026-09-27,S04,K07,6,0,Z1,0.0207142857,,,,0,,,,0,4.9666666667,2026-09-16T18:00:00+08:00
2026-09-27,S04,K08,6,0,Z1,0.0212500000,,,,0,,,,0,4.9666666667,2026-09-16T18:00:00+08:00
2026-09-27,S05,K01,6,0,Z2,0.0205357143,,,,0,,,,0,4.9666666667,2026-09-16T18:00:00+08:00
2026-09-27,S05,K02,6,0,Z2,0.0214285714,,,,0,,,,0,4.9666666667,2026-09-16T18:00:00+08:00
2026-09-27,S05,K03,6,0,Z2,0.0205357143,,,,0,,,,0,4.9666666667,2026-09-16T18:00:00+08:00
2026-09-27,S05,K04,6,0,Z2,0.0205357143,,,,0,,,,0,4.9666666667,2026-09-16T18:00:00+08:00
2026-09-27,S05,K05,6,0,Z2,0.0205357143,,,,0,,,,0,4.9666666667,2026-09-16T18:00:00+08:00
2026-09-27,S05,K06,6,0,Z2,0.0205357143,,,,0,,,,0,4.9666666667,2026-09-16T18:00:00+08:00
2026-09-27,S05,K07,6,0,Z2,0.0207142857,,,,0,,,,0,4.9666666667,2026-09-16T18:00:00+08:00
2026-09-27,S05,K08,6,0,Z2,0.0212500000,,,,0,,,,0,4.9666666667,2026-09-16T18:00:00+08:00
2026-09-27,S06,K01,6,0,Z2,0.0205357143,,,,0,,,,0,4.9666666667,2026-09-16T18:00:00+08:00
2026-09-27,S06,K02,6,0,Z2,0.0214285714,,,,0,,,,0,4.9666666667,2026-09-16T18:00:00+08:00
2026-09-27,S06,K03,6,0,Z2,0.0205357143,,,,0,,,,0,4.9666666667,2026-09-16T18:00:00+08:00
2026-09-27,S06,K04,6,0,Z2,0.0205357143,,,,0,,,,0,4.9666666667,2026-09-16T18:00:00+08:00
2026-09-27,S06,K05,6,0,Z2,0.0205357143,,,,0,,,,0,4.9666666667,2026-09-16T18:00:00+08:00
2026-09-27,S06,K06,6,0,Z2,0.0205357143,,,,0,,,,0,4.9666666667,2026-09-16T18:00:00+08:00
2026-09-27,S06,K07,6,0,Z2,0.0207142857,,,,0,,,,0,4.9666666667,2026-09-16T18:00:00+08:00
2026-09-27,S06,K08,6,0,Z2,0.0212500000,,,,0,,,,0,4.9666666667,2026-09-16T18:00:00+08:00
2026-09-27,S07,K01,6,0,Z2,0.0205357143,,,,0,,,,0,4.9666666667,2026-09-16T18:00:00+08:00
2026-09-27,S07,K02,6,0,Z2,0.0214285714,,,,0,,,,0,4.9666666667,2026-09-16T18:00:00+08:00
2026-09-27,S07,K03,6,0,Z2,0.0205357143,,,,0,,,,0,4.9666666667,2026-09-16T18:00:00+08:00
2026-09-27,S07,K04,6,0,Z2,0.0205357143,,,,0,,,,0,4.9666666667,2026-09-16T18:00:00+08:00
2026-09-27,S07,K05,6,0,Z2,0.0205357143,,,,0,,,,0,4.9666666667,2026-09-16T18:00:00+08:00
2026-09-27,S07,K06,6,0,Z2,0.0205357143,,,,0,,,,0,4.9666666667,2026-09-16T18:00:00+08:00
2026-09-27,S07,K07,6,0,Z2,0.0207142857,,,,0,,,,0,4.9666666667,2026-09-16T18:00:00+08:00
2026-09-27,S07,K08,6,0,Z2,0.0212500000,,,,0,,,,0,4.9666666667,2026-09-16T18:00:00+08:00
2026-09-27,S08,K01,6,0,Z2,0.0205357143,,,,0,,,,0,4.9666666667,2026-09-16T18:00:00+08:00
2026-09-27,S08,K02,6,0,Z2,0.0214285714,,,,0,,,,0,4.9666666667,2026-09-16T18:00:00+08:00
2026-09-27,S08,K03,6,0,Z2,0.0205357143,,,,0,,,,0,4.9666666667,2026-09-16T18:00:00+08:00
2026-09-27,S08,K04,6,0,Z2,0.0205357143,,,,0,,,,0,4.9666666667,2026-09-16T18:00:00+08:00
2026-09-27,S08,K05,6,0,Z2,0.0205357143,,,,0,,,,0,4.9666666667,2026-09-16T18:00:00+08:00
2026-09-27,S08,K06,6,0,Z2,0.0205357143,,,,0,,,,0,4.9666666667,2026-09-16T18:00:00+08:00
2026-09-27,S08,K07,6,0,Z2,0.0207142857,,,,0,,,,0,4.9666666667,2026-09-16T18:00:00+08:00
2026-09-27,S08,K08,6,0,Z2,0.0212500000,,,,0,,,,0,4.9666666667,2026-09-16T18:00:00+08:00
2026-09-27,S09,K01,6,0,Z3,0.0205357143,,,,0,,,,0,4.9666666667,2026-09-16T18:00:00+08:00
2026-09-27,S09,K02,6,0,Z3,0.0214285714,,,,0,,,,0,4.9666666667,2026-09-16T18:00:00+08:00
2026-09-27,S09,K03,6,0,Z3,0.0205357143,,,,0,,,,0,4.9666666667,2026-09-16T18:00:00+08:00
2026-09-27,S09,K04,6,0,Z3,0.0205357143,,,,0,,,,0,4.9666666667,2026-09-16T18:00:00+08:00
2026-09-27,S09,K05,6,0,Z3,0.0205357143,,,,0,,,,0,4.9666666667,2026-09-16T18:00:00+08:00
2026-09-27,S09,K06,6,0,Z3,0.0205357143,,,,0,,,,0,4.9666666667,2026-09-16T18:00:00+08:00
2026-09-27,S09,K07,6,0,Z3,0.0207142857,,,,0,,,,0,4.9666666667,2026-09-16T18:00:00+08:00
2026-09-27,S09,K08,6,0,Z3,0.0212500000,,,,0,,,,0,4.9666666667,2026-09-16T18:00:00+08:00
2026-09-27,S10,K01,6,0,Z3,0.0205357143,,,,0,,,,0,4.9666666667,2026-09-16T18:00:00+08:00
2026-09-27,S10,K02,6,0,Z3,0.0214285714,,,,0,,,,0,4.9666666667,2026-09-16T18:00:00+08:00
2026-09-27,S10,K03,6,0,Z3,0.0205357143,,,,0,,,,0,4.9666666667,2026-09-16T18:00:00+08:00
2026-09-27,S10,K04,6,0,Z3,0.0205357143,,,,0,,,,0,4.9666666667,2026-09-16T18:00:00+08:00
2026-09-27,S10,K05,6,0,Z3,0.0205357143,,,,0,,,,0,4.9666666667,2026-09-16T18:00:00+08:00
2026-09-27,S10,K06,6,0,Z3,0.0205357143,,,,0,,,,0,4.9666666667,2026-09-16T18:00:00+08:00
2026-09-27,S10,K07,6,0,Z3,0.0207142857,,,,0,,,,0,4.9666666667,2026-09-16T18:00:00+08:00
2026-09-27,S10,K08,6,0,Z3,0.0212500000,,,,0,,,,0,4.9666666667,2026-09-16T18:00:00+08:00
2026-09-27,S11,K01,6,0,Z3,0.0205357143,,,,0,,,,0,4.9666666667,2026-09-16T18:00:00+08:00
2026-09-27,S11,K02,6,0,Z3,0.0214285714,,,,0,,,,0,4.9666666667,2026-09-16T18:00:00+08:00
2026-09-27,S11,K03,6,0,Z3,0.0205357143,,,,0,,,,0,4.9666666667,2026-09-16T18:00:00+08:00
2026-09-27,S11,K04,6,0,Z3,0.0205357143,,,,0,,,,0,4.9666666667,2026-09-16T18:00:00+08:00
2026-09-27,S11,K05,6,0,Z3,0.0205357143,,,,0,,,,0,4.9666666667,2026-09-16T18:00:00+08:00
2026-09-27,S11,K06,6,0,Z3,0.0205357143,,,,0,,,,0,4.9666666667,2026-09-16T18:00:00+08:00
2026-09-27,S11,K07,6,0,Z3,0.0207142857,,,,0,,,,0,4.9666666667,2026-09-16T18:00:00+08:00
2026-09-27,S11,K08,6,0,Z3,0.0212500000,,,,0,,,,0,4.9666666667,2026-09-16T18:00:00+08:00
2026-09-27,S12,K01,6,0,Z3,0.0205357143,,,,0,,,,0,4.9666666667,2026-09-16T18:00:00+08:00
2026-09-27,S12,K02,6,0,Z3,0.0214285714,,,,0,,,,0,4.9666666667,2026-09-16T18:00:00+08:00
2026-09-27,S12,K03,6,0,Z3,0.0205357143,,,,0,,,,0,4.9666666667,2026-09-16T18:00:00+08:00
2026-09-27,S12,K04,6,0,Z3,0.0205357143,,,,0,,,,0,4.9666666667,2026-09-16T18:00:00+08:00
2026-09-27,S12,K05,6,0,Z3,0.0205357143,,,,0,,,,0,4.9666666667,2026-09-16T18:00:00+08:00
2026-09-27,S12,K06,6,0,Z3,0.0205357143,,,,0,,,,0,4.9666666667,2026-09-16T18:00:00+08:00
2026-09-27,S12,K07,6,0,Z3,0.0207142857,,,,0,,,,0,4.9666666667,2026-09-16T18:00:00+08:00
2026-09-27,S12,K08,6,0,Z3,0.0212500000,,,,0,,,,0,4.9666666667,2026-09-16T18:00:00+08:00
2026-09-28,S01,K01,0,0,Z1,0.0205357143,,,,0,,,,0,5.0000000000,2026-09-16T18:00:00+08:00
2026-09-28,S01,K02,0,0,Z1,0.0214285714,,,,0,,,,0,5.0000000000,2026-09-16T18:00:00+08:00
2026-09-28,S01,K03,0,0,Z1,0.0205357143,,,,0,,,,0,5.0000000000,2026-09-16T18:00:00+08:00
2026-09-28,S01,K04,0,0,Z1,0.0205357143,,,,0,,,,0,5.0000000000,2026-09-16T18:00:00+08:00
2026-09-28,S01,K05,0,0,Z1,0.0205357143,,,,0,,,,0,5.0000000000,2026-09-16T18:00:00+08:00
2026-09-28,S01,K06,0,0,Z1,0.0205357143,,,,0,,,,0,5.0000000000,2026-09-16T18:00:00+08:00
2026-09-28,S01,K07,0,0,Z1,0.0207142857,,,,0,,,,0,5.0000000000,2026-09-16T18:00:00+08:00
2026-09-28,S01,K08,0,0,Z1,0.0212500000,,,,0,,,,0,5.0000000000,2026-09-16T18:00:00+08:00
2026-09-28,S02,K01,0,0,Z1,0.0205357143,,,,0,,,,0,5.0000000000,2026-09-16T18:00:00+08:00
2026-09-28,S02,K02,0,0,Z1,0.0214285714,,,,0,,,,0,5.0000000000,2026-09-16T18:00:00+08:00
2026-09-28,S02,K03,0,0,Z1,0.0205357143,,,,0,,,,0,5.0000000000,2026-09-16T18:00:00+08:00
2026-09-28,S02,K04,0,0,Z1,0.0205357143,,,,0,,,,0,5.0000000000,2026-09-16T18:00:00+08:00
2026-09-28,S02,K05,0,0,Z1,0.0205357143,,,,0,,,,0,5.0000000000,2026-09-16T18:00:00+08:00
2026-09-28,S02,K06,0,0,Z1,0.0205357143,,,,0,,,,0,5.0000000000,2026-09-16T18:00:00+08:00
2026-09-28,S02,K07,0,0,Z1,0.0207142857,,,,0,,,,0,5.0000000000,2026-09-16T18:00:00+08:00
2026-09-28,S02,K08,0,0,Z1,0.0212500000,,,,0,,,,0,5.0000000000,2026-09-16T18:00:00+08:00
2026-09-28,S03,K01,0,0,Z1,0.0205357143,,,,0,,,,0,5.0000000000,2026-09-16T18:00:00+08:00
2026-09-28,S03,K02,0,0,Z1,0.0214285714,,,,0,,,,0,5.0000000000,2026-09-16T18:00:00+08:00
2026-09-28,S03,K03,0,0,Z1,0.0205357143,,,,0,,,,0,5.0000000000,2026-09-16T18:00:00+08:00
2026-09-28,S03,K04,0,0,Z1,0.0205357143,,,,0,,,,0,5.0000000000,2026-09-16T18:00:00+08:00
2026-09-28,S03,K05,0,0,Z1,0.0205357143,,,,0,,,,0,5.0000000000,2026-09-16T18:00:00+08:00
2026-09-28,S03,K06,0,0,Z1,0.0205357143,,,,0,,,,0,5.0000000000,2026-09-16T18:00:00+08:00
2026-09-28,S03,K07,0,0,Z1,0.0207142857,,,,0,,,,0,5.0000000000,2026-09-16T18:00:00+08:00
2026-09-28,S03,K08,0,0,Z1,0.0212500000,,,,0,,,,0,5.0000000000,2026-09-16T18:00:00+08:00
2026-09-28,S04,K01,0,0,Z1,0.0205357143,,,,0,,,,0,5.0000000000,2026-09-16T18:00:00+08:00
2026-09-28,S04,K02,0,0,Z1,0.0214285714,,,,0,,,,0,5.0000000000,2026-09-16T18:00:00+08:00
2026-09-28,S04,K03,0,0,Z1,0.0205357143,,,,0,,,,0,5.0000000000,2026-09-16T18:00:00+08:00
2026-09-28,S04,K04,0,0,Z1,0.0205357143,,,,0,,,,0,5.0000000000,2026-09-16T18:00:00+08:00
2026-09-28,S04,K05,0,0,Z1,0.0205357143,,,,0,,,,0,5.0000000000,2026-09-16T18:00:00+08:00
2026-09-28,S04,K06,0,0,Z1,0.0205357143,,,,0,,,,0,5.0000000000,2026-09-16T18:00:00+08:00
2026-09-28,S04,K07,0,0,Z1,0.0207142857,,,,0,,,,0,5.0000000000,2026-09-16T18:00:00+08:00
2026-09-28,S04,K08,0,0,Z1,0.0212500000,,,,0,,,,0,5.0000000000,2026-09-16T18:00:00+08:00
2026-09-28,S05,K01,0,0,Z2,0.0205357143,,,,0,,,,0,5.0000000000,2026-09-16T18:00:00+08:00
2026-09-28,S05,K02,0,0,Z2,0.0214285714,,,,0,,,,0,5.0000000000,2026-09-16T18:00:00+08:00
2026-09-28,S05,K03,0,0,Z2,0.0205357143,,,,0,,,,0,5.0000000000,2026-09-16T18:00:00+08:00
2026-09-28,S05,K04,0,0,Z2,0.0205357143,,,,0,,,,0,5.0000000000,2026-09-16T18:00:00+08:00
2026-09-28,S05,K05,0,0,Z2,0.0205357143,,,,0,,,,0,5.0000000000,2026-09-16T18:00:00+08:00
2026-09-28,S05,K06,0,0,Z2,0.0205357143,,,,0,,,,0,5.0000000000,2026-09-16T18:00:00+08:00
2026-09-28,S05,K07,0,0,Z2,0.0207142857,,,,0,,,,0,5.0000000000,2026-09-16T18:00:00+08:00
2026-09-28,S05,K08,0,0,Z2,0.0212500000,,,,0,,,,0,5.0000000000,2026-09-16T18:00:00+08:00
2026-09-28,S06,K01,0,0,Z2,0.0205357143,,,,0,,,,0,5.0000000000,2026-09-16T18:00:00+08:00
2026-09-28,S06,K02,0,0,Z2,0.0214285714,,,,0,,,,0,5.0000000000,2026-09-16T18:00:00+08:00
2026-09-28,S06,K03,0,0,Z2,0.0205357143,,,,0,,,,0,5.0000000000,2026-09-16T18:00:00+08:00
2026-09-28,S06,K04,0,0,Z2,0.0205357143,,,,0,,,,0,5.0000000000,2026-09-16T18:00:00+08:00
2026-09-28,S06,K05,0,0,Z2,0.0205357143,,,,0,,,,0,5.0000000000,2026-09-16T18:00:00+08:00
2026-09-28,S06,K06,0,0,Z2,0.0205357143,,,,0,,,,0,5.0000000000,2026-09-16T18:00:00+08:00
2026-09-28,S06,K07,0,0,Z2,0.0207142857,,,,0,,,,0,5.0000000000,2026-09-16T18:00:00+08:00
2026-09-28,S06,K08,0,0,Z2,0.0212500000,,,,0,,,,0,5.0000000000,2026-09-16T18:00:00+08:00
2026-09-28,S07,K01,0,0,Z2,0.0205357143,,,,0,,,,0,5.0000000000,2026-09-16T18:00:00+08:00
2026-09-28,S07,K02,0,0,Z2,0.0214285714,,,,0,,,,0,5.0000000000,2026-09-16T18:00:00+08:00
2026-09-28,S07,K03,0,0,Z2,0.0205357143,,,,0,,,,0,5.0000000000,2026-09-16T18:00:00+08:00
2026-09-28,S07,K04,0,0,Z2,0.0205357143,,,,0,,,,0,5.0000000000,2026-09-16T18:00:00+08:00
2026-09-28,S07,K05,0,0,Z2,0.0205357143,,,,0,,,,0,5.0000000000,2026-09-16T18:00:00+08:00
2026-09-28,S07,K06,0,0,Z2,0.0205357143,,,,0,,,,0,5.0000000000,2026-09-16T18:00:00+08:00
2026-09-28,S07,K07,0,0,Z2,0.0207142857,,,,0,,,,0,5.0000000000,2026-09-16T18:00:00+08:00
2026-09-28,S07,K08,0,0,Z2,0.0212500000,,,,0,,,,0,5.0000000000,2026-09-16T18:00:00+08:00
2026-09-28,S08,K01,0,0,Z2,0.0205357143,,,,0,,,,0,5.0000000000,2026-09-16T18:00:00+08:00
2026-09-28,S08,K02,0,0,Z2,0.0214285714,,,,0,,,,0,5.0000000000,2026-09-16T18:00:00+08:00
2026-09-28,S08,K03,0,0,Z2,0.0205357143,,,,0,,,,0,5.0000000000,2026-09-16T18:00:00+08:00
2026-09-28,S08,K04,0,0,Z2,0.0205357143,,,,0,,,,0,5.0000000000,2026-09-16T18:00:00+08:00
2026-09-28,S08,K05,0,0,Z2,0.0205357143,,,,0,,,,0,5.0000000000,2026-09-16T18:00:00+08:00
2026-09-28,S08,K06,0,0,Z2,0.0205357143,,,,0,,,,0,5.0000000000,2026-09-16T18:00:00+08:00
2026-09-28,S08,K07,0,0,Z2,0.0207142857,,,,0,,,,0,5.0000000000,2026-09-16T18:00:00+08:00
2026-09-28,S08,K08,0,0,Z2,0.0212500000,,,,0,,,,0,5.0000000000,2026-09-16T18:00:00+08:00
2026-09-28,S09,K01,0,0,Z3,0.0205357143,,,,0,,,,0,5.0000000000,2026-09-16T18:00:00+08:00
2026-09-28,S09,K02,0,0,Z3,0.0214285714,,,,0,,,,0,5.0000000000,2026-09-16T18:00:00+08:00
2026-09-28,S09,K03,0,0,Z3,0.0205357143,,,,0,,,,0,5.0000000000,2026-09-16T18:00:00+08:00
2026-09-28,S09,K04,0,0,Z3,0.0205357143,,,,0,,,,0,5.0000000000,2026-09-16T18:00:00+08:00
2026-09-28,S09,K05,0,0,Z3,0.0205357143,,,,0,,,,0,5.0000000000,2026-09-16T18:00:00+08:00
2026-09-28,S09,K06,0,0,Z3,0.0205357143,,,,0,,,,0,5.0000000000,2026-09-16T18:00:00+08:00
2026-09-28,S09,K07,0,0,Z3,0.0207142857,,,,0,,,,0,5.0000000000,2026-09-16T18:00:00+08:00
2026-09-28,S09,K08,0,0,Z3,0.0212500000,,,,0,,,,0,5.0000000000,2026-09-16T18:00:00+08:00
2026-09-28,S10,K01,0,0,Z3,0.0205357143,,,,0,,,,0,5.0000000000,2026-09-16T18:00:00+08:00
2026-09-28,S10,K02,0,0,Z3,0.0214285714,,,,0,,,,0,5.0000000000,2026-09-16T18:00:00+08:00
2026-09-28,S10,K03,0,0,Z3,0.0205357143,,,,0,,,,0,5.0000000000,2026-09-16T18:00:00+08:00
2026-09-28,S10,K04,0,0,Z3,0.0205357143,,,,0,,,,0,5.0000000000,2026-09-16T18:00:00+08:00
2026-09-28,S10,K05,0,0,Z3,0.0205357143,,,,0,,,,0,5.0000000000,2026-09-16T18:00:00+08:00
2026-09-28,S10,K06,0,0,Z3,0.0205357143,,,,0,,,,0,5.0000000000,2026-09-16T18:00:00+08:00
2026-09-28,S10,K07,0,0,Z3,0.0207142857,,,,0,,,,0,5.0000000000,2026-09-16T18:00:00+08:00
2026-09-28,S10,K08,0,0,Z3,0.0212500000,,,,0,,,,0,5.0000000000,2026-09-16T18:00:00+08:00
2026-09-28,S11,K01,0,0,Z3,0.0205357143,,,,0,,,,0,5.0000000000,2026-09-16T18:00:00+08:00
2026-09-28,S11,K02,0,0,Z3,0.0214285714,,,,0,,,,0,5.0000000000,2026-09-16T18:00:00+08:00
2026-09-28,S11,K03,0,0,Z3,0.0205357143,,,,0,,,,0,5.0000000000,2026-09-16T18:00:00+08:00
2026-09-28,S11,K04,0,0,Z3,0.0205357143,,,,0,,,,0,5.0000000000,2026-09-16T18:00:00+08:00
2026-09-28,S11,K05,0,0,Z3,0.0205357143,,,,0,,,,0,5.0000000000,2026-09-16T18:00:00+08:00
2026-09-28,S11,K06,0,0,Z3,0.0205357143,,,,0,,,,0,5.0000000000,2026-09-16T18:00:00+08:00
2026-09-28,S11,K07,0,0,Z3,0.0207142857,,,,0,,,,0,5.0000000000,2026-09-16T18:00:00+08:00
2026-09-28,S11,K08,0,0,Z3,0.0212500000,,,,0,,,,0,5.0000000000,2026-09-16T18:00:00+08:00
2026-09-28,S12,K01,0,0,Z3,0.0205357143,,,,0,,,,0,5.0000000000,2026-09-16T18:00:00+08:00
2026-09-28,S12,K02,0,0,Z3,0.0214285714,,,,0,,,,0,5.0000000000,2026-09-16T18:00:00+08:00
2026-09-28,S12,K03,0,0,Z3,0.0205357143,,,,0,,,,0,5.0000000000,2026-09-16T18:00:00+08:00
2026-09-28,S12,K04,0,0,Z3,0.0205357143,,,,0,,,,0,5.0000000000,2026-09-16T18:00:00+08:00
2026-09-28,S12,K05,0,0,Z3,0.0205357143,,,,0,,,,0,5.0000000000,2026-09-16T18:00:00+08:00
2026-09-28,S12,K06,0,0,Z3,0.0205357143,,,,0,,,,0,5.0000000000,2026-09-16T18:00:00+08:00
2026-09-28,S12,K07,0,0,Z3,0.0207142857,,,,0,,,,0,5.0000000000,2026-09-16T18:00:00+08:00
2026-09-28,S12,K08,0,0,Z3,0.0212500000,,,,0,,,,0,5.0000000000,2026-09-16T18:00:00+08:00
2026-09-29,S01,K01,1,0,Z1,0.0205357143,,,,0,,,,0,5.0333333333,2026-09-16T18:00:00+08:00
2026-09-29,S01,K02,1,0,Z1,0.0214285714,,,,0,,,,0,5.0333333333,2026-09-16T18:00:00+08:00
2026-09-29,S01,K03,1,0,Z1,0.0205357143,,,,0,,,,0,5.0333333333,2026-09-16T18:00:00+08:00
2026-09-29,S01,K04,1,0,Z1,0.0205357143,,,,0,,,,0,5.0333333333,2026-09-16T18:00:00+08:00
2026-09-29,S01,K05,1,0,Z1,0.0205357143,,,,0,,,,0,5.0333333333,2026-09-16T18:00:00+08:00
2026-09-29,S01,K06,1,0,Z1,0.0205357143,,,,0,,,,0,5.0333333333,2026-09-16T18:00:00+08:00
2026-09-29,S01,K07,1,0,Z1,0.0207142857,,,,0,,,,0,5.0333333333,2026-09-16T18:00:00+08:00
2026-09-29,S01,K08,1,0,Z1,0.0212500000,,,,0,,,,0,5.0333333333,2026-09-16T18:00:00+08:00
2026-09-29,S02,K01,1,0,Z1,0.0205357143,,,,0,,,,0,5.0333333333,2026-09-16T18:00:00+08:00
2026-09-29,S02,K02,1,0,Z1,0.0214285714,,,,0,,,,0,5.0333333333,2026-09-16T18:00:00+08:00
2026-09-29,S02,K03,1,0,Z1,0.0205357143,,,,0,,,,0,5.0333333333,2026-09-16T18:00:00+08:00
2026-09-29,S02,K04,1,0,Z1,0.0205357143,,,,0,,,,0,5.0333333333,2026-09-16T18:00:00+08:00
2026-09-29,S02,K05,1,0,Z1,0.0205357143,,,,0,,,,0,5.0333333333,2026-09-16T18:00:00+08:00
2026-09-29,S02,K06,1,0,Z1,0.0205357143,,,,0,,,,0,5.0333333333,2026-09-16T18:00:00+08:00
2026-09-29,S02,K07,1,0,Z1,0.0207142857,,,,0,,,,0,5.0333333333,2026-09-16T18:00:00+08:00
2026-09-29,S02,K08,1,0,Z1,0.0212500000,,,,0,,,,0,5.0333333333,2026-09-16T18:00:00+08:00
2026-09-29,S03,K01,1,0,Z1,0.0205357143,,,,0,,,,0,5.0333333333,2026-09-16T18:00:00+08:00
2026-09-29,S03,K02,1,0,Z1,0.0214285714,,,,0,,,,0,5.0333333333,2026-09-16T18:00:00+08:00
2026-09-29,S03,K03,1,0,Z1,0.0205357143,,,,0,,,,0,5.0333333333,2026-09-16T18:00:00+08:00
2026-09-29,S03,K04,1,0,Z1,0.0205357143,,,,0,,,,0,5.0333333333,2026-09-16T18:00:00+08:00
2026-09-29,S03,K05,1,0,Z1,0.0205357143,,,,0,,,,0,5.0333333333,2026-09-16T18:00:00+08:00
2026-09-29,S03,K06,1,0,Z1,0.0205357143,,,,0,,,,0,5.0333333333,2026-09-16T18:00:00+08:00
2026-09-29,S03,K07,1,0,Z1,0.0207142857,,,,0,,,,0,5.0333333333,2026-09-16T18:00:00+08:00
2026-09-29,S03,K08,1,0,Z1,0.0212500000,,,,0,,,,0,5.0333333333,2026-09-16T18:00:00+08:00
2026-09-29,S04,K01,1,0,Z1,0.0205357143,,,,0,,,,0,5.0333333333,2026-09-16T18:00:00+08:00
2026-09-29,S04,K02,1,0,Z1,0.0214285714,,,,0,,,,0,5.0333333333,2026-09-16T18:00:00+08:00
2026-09-29,S04,K03,1,0,Z1,0.0205357143,,,,0,,,,0,5.0333333333,2026-09-16T18:00:00+08:00
2026-09-29,S04,K04,1,0,Z1,0.0205357143,,,,0,,,,0,5.0333333333,2026-09-16T18:00:00+08:00
2026-09-29,S04,K05,1,0,Z1,0.0205357143,,,,0,,,,0,5.0333333333,2026-09-16T18:00:00+08:00
2026-09-29,S04,K06,1,0,Z1,0.0205357143,,,,0,,,,0,5.0333333333,2026-09-16T18:00:00+08:00
2026-09-29,S04,K07,1,0,Z1,0.0207142857,,,,0,,,,0,5.0333333333,2026-09-16T18:00:00+08:00
2026-09-29,S04,K08,1,0,Z1,0.0212500000,,,,0,,,,0,5.0333333333,2026-09-16T18:00:00+08:00
2026-09-29,S05,K01,1,0,Z2,0.0205357143,,,,0,,,,0,5.0333333333,2026-09-16T18:00:00+08:00
2026-09-29,S05,K02,1,0,Z2,0.0214285714,,,,0,,,,0,5.0333333333,2026-09-16T18:00:00+08:00
2026-09-29,S05,K03,1,0,Z2,0.0205357143,,,,0,,,,0,5.0333333333,2026-09-16T18:00:00+08:00
2026-09-29,S05,K04,1,0,Z2,0.0205357143,,,,0,,,,0,5.0333333333,2026-09-16T18:00:00+08:00
2026-09-29,S05,K05,1,0,Z2,0.0205357143,,,,0,,,,0,5.0333333333,2026-09-16T18:00:00+08:00
2026-09-29,S05,K06,1,0,Z2,0.0205357143,,,,0,,,,0,5.0333333333,2026-09-16T18:00:00+08:00
2026-09-29,S05,K07,1,0,Z2,0.0207142857,,,,0,,,,0,5.0333333333,2026-09-16T18:00:00+08:00
2026-09-29,S05,K08,1,0,Z2,0.0212500000,,,,0,,,,0,5.0333333333,2026-09-16T18:00:00+08:00
2026-09-29,S06,K01,1,0,Z2,0.0205357143,,,,0,,,,0,5.0333333333,2026-09-16T18:00:00+08:00
2026-09-29,S06,K02,1,0,Z2,0.0214285714,,,,0,,,,0,5.0333333333,2026-09-16T18:00:00+08:00
2026-09-29,S06,K03,1,0,Z2,0.0205357143,,,,0,,,,0,5.0333333333,2026-09-16T18:00:00+08:00
2026-09-29,S06,K04,1,0,Z2,0.0205357143,,,,0,,,,0,5.0333333333,2026-09-16T18:00:00+08:00
2026-09-29,S06,K05,1,0,Z2,0.0205357143,,,,0,,,,0,5.0333333333,2026-09-16T18:00:00+08:00
2026-09-29,S06,K06,1,0,Z2,0.0205357143,,,,0,,,,0,5.0333333333,2026-09-16T18:00:00+08:00
2026-09-29,S06,K07,1,0,Z2,0.0207142857,,,,0,,,,0,5.0333333333,2026-09-16T18:00:00+08:00
2026-09-29,S06,K08,1,0,Z2,0.0212500000,,,,0,,,,0,5.0333333333,2026-09-16T18:00:00+08:00
2026-09-29,S07,K01,1,0,Z2,0.0205357143,,,,0,,,,0,5.0333333333,2026-09-16T18:00:00+08:00
2026-09-29,S07,K02,1,0,Z2,0.0214285714,,,,0,,,,0,5.0333333333,2026-09-16T18:00:00+08:00
2026-09-29,S07,K03,1,0,Z2,0.0205357143,,,,0,,,,0,5.0333333333,2026-09-16T18:00:00+08:00
2026-09-29,S07,K04,1,0,Z2,0.0205357143,,,,0,,,,0,5.0333333333,2026-09-16T18:00:00+08:00
2026-09-29,S07,K05,1,0,Z2,0.0205357143,,,,0,,,,0,5.0333333333,2026-09-16T18:00:00+08:00
2026-09-29,S07,K06,1,0,Z2,0.0205357143,,,,0,,,,0,5.0333333333,2026-09-16T18:00:00+08:00
2026-09-29,S07,K07,1,0,Z2,0.0207142857,,,,0,,,,0,5.0333333333,2026-09-16T18:00:00+08:00
2026-09-29,S07,K08,1,0,Z2,0.0212500000,,,,0,,,,0,5.0333333333,2026-09-16T18:00:00+08:00
2026-09-29,S08,K01,1,0,Z2,0.0205357143,,,,0,,,,0,5.0333333333,2026-09-16T18:00:00+08:00
2026-09-29,S08,K02,1,0,Z2,0.0214285714,,,,0,,,,0,5.0333333333,2026-09-16T18:00:00+08:00
2026-09-29,S08,K03,1,0,Z2,0.0205357143,,,,0,,,,0,5.0333333333,2026-09-16T18:00:00+08:00
2026-09-29,S08,K04,1,0,Z2,0.0205357143,,,,0,,,,0,5.0333333333,2026-09-16T18:00:00+08:00
2026-09-29,S08,K05,1,0,Z2,0.0205357143,,,,0,,,,0,5.0333333333,2026-09-16T18:00:00+08:00
2026-09-29,S08,K06,1,0,Z2,0.0205357143,,,,0,,,,0,5.0333333333,2026-09-16T18:00:00+08:00
2026-09-29,S08,K07,1,0,Z2,0.0207142857,,,,0,,,,0,5.0333333333,2026-09-16T18:00:00+08:00
2026-09-29,S08,K08,1,0,Z2,0.0212500000,,,,0,,,,0,5.0333333333,2026-09-16T18:00:00+08:00
2026-09-29,S09,K01,1,0,Z3,0.0205357143,,,,0,,,,0,5.0333333333,2026-09-16T18:00:00+08:00
2026-09-29,S09,K02,1,0,Z3,0.0214285714,,,,0,,,,0,5.0333333333,2026-09-16T18:00:00+08:00
2026-09-29,S09,K03,1,0,Z3,0.0205357143,,,,0,,,,0,5.0333333333,2026-09-16T18:00:00+08:00
2026-09-29,S09,K04,1,0,Z3,0.0205357143,,,,0,,,,0,5.0333333333,2026-09-16T18:00:00+08:00
2026-09-29,S09,K05,1,0,Z3,0.0205357143,,,,0,,,,0,5.0333333333,2026-09-16T18:00:00+08:00
2026-09-29,S09,K06,1,0,Z3,0.0205357143,,,,0,,,,0,5.0333333333,2026-09-16T18:00:00+08:00
2026-09-29,S09,K07,1,0,Z3,0.0207142857,,,,0,,,,0,5.0333333333,2026-09-16T18:00:00+08:00
2026-09-29,S09,K08,1,0,Z3,0.0212500000,,,,0,,,,0,5.0333333333,2026-09-16T18:00:00+08:00
2026-09-29,S10,K01,1,0,Z3,0.0205357143,,,,0,,,,0,5.0333333333,2026-09-16T18:00:00+08:00
2026-09-29,S10,K02,1,0,Z3,0.0214285714,,,,0,,,,0,5.0333333333,2026-09-16T18:00:00+08:00
2026-09-29,S10,K03,1,0,Z3,0.0205357143,,,,0,,,,0,5.0333333333,2026-09-16T18:00:00+08:00
2026-09-29,S10,K04,1,0,Z3,0.0205357143,,,,0,,,,0,5.0333333333,2026-09-16T18:00:00+08:00
2026-09-29,S10,K05,1,0,Z3,0.0205357143,,,,0,,,,0,5.0333333333,2026-09-16T18:00:00+08:00
2026-09-29,S10,K06,1,0,Z3,0.0205357143,,,,0,,,,0,5.0333333333,2026-09-16T18:00:00+08:00
2026-09-29,S10,K07,1,0,Z3,0.0207142857,,,,0,,,,0,5.0333333333,2026-09-16T18:00:00+08:00
2026-09-29,S10,K08,1,0,Z3,0.0212500000,,,,0,,,,0,5.0333333333,2026-09-16T18:00:00+08:00
2026-09-29,S11,K01,1,0,Z3,0.0205357143,,,,0,,,,0,5.0333333333,2026-09-16T18:00:00+08:00
2026-09-29,S11,K02,1,0,Z3,0.0214285714,,,,0,,,,0,5.0333333333,2026-09-16T18:00:00+08:00
2026-09-29,S11,K03,1,0,Z3,0.0205357143,,,,0,,,,0,5.0333333333,2026-09-16T18:00:00+08:00
2026-09-29,S11,K04,1,0,Z3,0.0205357143,,,,0,,,,0,5.0333333333,2026-09-16T18:00:00+08:00
2026-09-29,S11,K05,1,0,Z3,0.0205357143,,,,0,,,,0,5.0333333333,2026-09-16T18:00:00+08:00
2026-09-29,S11,K06,1,0,Z3,0.0205357143,,,,0,,,,0,5.0333333333,2026-09-16T18:00:00+08:00
2026-09-29,S11,K07,1,0,Z3,0.0207142857,,,,0,,,,0,5.0333333333,2026-09-16T18:00:00+08:00
2026-09-29,S11,K08,1,0,Z3,0.0212500000,,,,0,,,,0,5.0333333333,2026-09-16T18:00:00+08:00
2026-09-29,S12,K01,1,0,Z3,0.0205357143,,,,0,,,,0,5.0333333333,2026-09-16T18:00:00+08:00
2026-09-29,S12,K02,1,0,Z3,0.0214285714,,,,0,,,,0,5.0333333333,2026-09-16T18:00:00+08:00
2026-09-29,S12,K03,1,0,Z3,0.0205357143,,,,0,,,,0,5.0333333333,2026-09-16T18:00:00+08:00
2026-09-29,S12,K04,1,0,Z3,0.0205357143,,,,0,,,,0,5.0333333333,2026-09-16T18:00:00+08:00
2026-09-29,S12,K05,1,0,Z3,0.0205357143,,,,0,,,,0,5.0333333333,2026-09-16T18:00:00+08:00
2026-09-29,S12,K06,1,0,Z3,0.0205357143,,,,0,,,,0,5.0333333333,2026-09-16T18:00:00+08:00
2026-09-29,S12,K07,1,0,Z3,0.0207142857,,,,0,,,,0,5.0333333333,2026-09-16T18:00:00+08:00
2026-09-29,S12,K08,1,0,Z3,0.0212500000,,,,0,,,,0,5.0333333333,2026-09-16T18:00:00+08:00
2026-09-30,S01,K01,2,0,Z1,0.0205357143,,,,0,,,,0,5.0666666667,2026-09-16T18:00:00+08:00
2026-09-30,S01,K02,2,0,Z1,0.0214285714,,,,0,,,,0,5.0666666667,2026-09-16T18:00:00+08:00
2026-09-30,S01,K03,2,0,Z1,0.0205357143,,,,0,,,,0,5.0666666667,2026-09-16T18:00:00+08:00
2026-09-30,S01,K04,2,0,Z1,0.0205357143,,,,0,,,,0,5.0666666667,2026-09-16T18:00:00+08:00
2026-09-30,S01,K05,2,0,Z1,0.0205357143,,,,0,,,,0,5.0666666667,2026-09-16T18:00:00+08:00
2026-09-30,S01,K06,2,0,Z1,0.0205357143,,,,0,,,,0,5.0666666667,2026-09-16T18:00:00+08:00
2026-09-30,S01,K07,2,0,Z1,0.0207142857,,,,0,,,,0,5.0666666667,2026-09-16T18:00:00+08:00
2026-09-30,S01,K08,2,0,Z1,0.0212500000,,,,0,,,,0,5.0666666667,2026-09-16T18:00:00+08:00
2026-09-30,S02,K01,2,0,Z1,0.0205357143,,,,0,,,,0,5.0666666667,2026-09-16T18:00:00+08:00
2026-09-30,S02,K02,2,0,Z1,0.0214285714,,,,0,,,,0,5.0666666667,2026-09-16T18:00:00+08:00
2026-09-30,S02,K03,2,0,Z1,0.0205357143,,,,0,,,,0,5.0666666667,2026-09-16T18:00:00+08:00
2026-09-30,S02,K04,2,0,Z1,0.0205357143,,,,0,,,,0,5.0666666667,2026-09-16T18:00:00+08:00
2026-09-30,S02,K05,2,0,Z1,0.0205357143,,,,0,,,,0,5.0666666667,2026-09-16T18:00:00+08:00
2026-09-30,S02,K06,2,0,Z1,0.0205357143,,,,0,,,,0,5.0666666667,2026-09-16T18:00:00+08:00
2026-09-30,S02,K07,2,0,Z1,0.0207142857,,,,0,,,,0,5.0666666667,2026-09-16T18:00:00+08:00
2026-09-30,S02,K08,2,0,Z1,0.0212500000,,,,0,,,,0,5.0666666667,2026-09-16T18:00:00+08:00
2026-09-30,S03,K01,2,0,Z1,0.0205357143,,,,0,,,,0,5.0666666667,2026-09-16T18:00:00+08:00
2026-09-30,S03,K02,2,0,Z1,0.0214285714,,,,0,,,,0,5.0666666667,2026-09-16T18:00:00+08:00
2026-09-30,S03,K03,2,0,Z1,0.0205357143,,,,0,,,,0,5.0666666667,2026-09-16T18:00:00+08:00
2026-09-30,S03,K04,2,0,Z1,0.0205357143,,,,0,,,,0,5.0666666667,2026-09-16T18:00:00+08:00
2026-09-30,S03,K05,2,0,Z1,0.0205357143,,,,0,,,,0,5.0666666667,2026-09-16T18:00:00+08:00
2026-09-30,S03,K06,2,0,Z1,0.0205357143,,,,0,,,,0,5.0666666667,2026-09-16T18:00:00+08:00
2026-09-30,S03,K07,2,0,Z1,0.0207142857,,,,0,,,,0,5.0666666667,2026-09-16T18:00:00+08:00
2026-09-30,S03,K08,2,0,Z1,0.0212500000,,,,0,,,,0,5.0666666667,2026-09-16T18:00:00+08:00
2026-09-30,S04,K01,2,0,Z1,0.0205357143,,,,0,,,,0,5.0666666667,2026-09-16T18:00:00+08:00
2026-09-30,S04,K02,2,0,Z1,0.0214285714,,,,0,,,,0,5.0666666667,2026-09-16T18:00:00+08:00
2026-09-30,S04,K03,2,0,Z1,0.0205357143,,,,0,,,,0,5.0666666667,2026-09-16T18:00:00+08:00
2026-09-30,S04,K04,2,0,Z1,0.0205357143,,,,0,,,,0,5.0666666667,2026-09-16T18:00:00+08:00
2026-09-30,S04,K05,2,0,Z1,0.0205357143,,,,0,,,,0,5.0666666667,2026-09-16T18:00:00+08:00
2026-09-30,S04,K06,2,0,Z1,0.0205357143,,,,0,,,,0,5.0666666667,2026-09-16T18:00:00+08:00
2026-09-30,S04,K07,2,0,Z1,0.0207142857,,,,0,,,,0,5.0666666667,2026-09-16T18:00:00+08:00
2026-09-30,S04,K08,2,0,Z1,0.0212500000,,,,0,,,,0,5.0666666667,2026-09-16T18:00:00+08:00
2026-09-30,S05,K01,2,0,Z2,0.0205357143,,,,0,,,,0,5.0666666667,2026-09-16T18:00:00+08:00
2026-09-30,S05,K02,2,0,Z2,0.0214285714,,,,0,,,,0,5.0666666667,2026-09-16T18:00:00+08:00
2026-09-30,S05,K03,2,0,Z2,0.0205357143,,,,0,,,,0,5.0666666667,2026-09-16T18:00:00+08:00
2026-09-30,S05,K04,2,0,Z2,0.0205357143,,,,0,,,,0,5.0666666667,2026-09-16T18:00:00+08:00
2026-09-30,S05,K05,2,0,Z2,0.0205357143,,,,0,,,,0,5.0666666667,2026-09-16T18:00:00+08:00
2026-09-30,S05,K06,2,0,Z2,0.0205357143,,,,0,,,,0,5.0666666667,2026-09-16T18:00:00+08:00
2026-09-30,S05,K07,2,0,Z2,0.0207142857,,,,0,,,,0,5.0666666667,2026-09-16T18:00:00+08:00
2026-09-30,S05,K08,2,0,Z2,0.0212500000,,,,0,,,,0,5.0666666667,2026-09-16T18:00:00+08:00
2026-09-30,S06,K01,2,0,Z2,0.0205357143,,,,0,,,,0,5.0666666667,2026-09-16T18:00:00+08:00
2026-09-30,S06,K02,2,0,Z2,0.0214285714,,,,0,,,,0,5.0666666667,2026-09-16T18:00:00+08:00
2026-09-30,S06,K03,2,0,Z2,0.0205357143,,,,0,,,,0,5.0666666667,2026-09-16T18:00:00+08:00
2026-09-30,S06,K04,2,0,Z2,0.0205357143,,,,0,,,,0,5.0666666667,2026-09-16T18:00:00+08:00
2026-09-30,S06,K05,2,0,Z2,0.0205357143,,,,0,,,,0,5.0666666667,2026-09-16T18:00:00+08:00
2026-09-30,S06,K06,2,0,Z2,0.0205357143,,,,0,,,,0,5.0666666667,2026-09-16T18:00:00+08:00
2026-09-30,S06,K07,2,0,Z2,0.0207142857,,,,0,,,,0,5.0666666667,2026-09-16T18:00:00+08:00
2026-09-30,S06,K08,2,0,Z2,0.0212500000,,,,0,,,,0,5.0666666667,2026-09-16T18:00:00+08:00
2026-09-30,S07,K01,2,0,Z2,0.0205357143,,,,0,,,,0,5.0666666667,2026-09-16T18:00:00+08:00
2026-09-30,S07,K02,2,0,Z2,0.0214285714,,,,0,,,,0,5.0666666667,2026-09-16T18:00:00+08:00
2026-09-30,S07,K03,2,0,Z2,0.0205357143,,,,0,,,,0,5.0666666667,2026-09-16T18:00:00+08:00
2026-09-30,S07,K04,2,0,Z2,0.0205357143,,,,0,,,,0,5.0666666667,2026-09-16T18:00:00+08:00
2026-09-30,S07,K05,2,0,Z2,0.0205357143,,,,0,,,,0,5.0666666667,2026-09-16T18:00:00+08:00
2026-09-30,S07,K06,2,0,Z2,0.0205357143,,,,0,,,,0,5.0666666667,2026-09-16T18:00:00+08:00
2026-09-30,S07,K07,2,0,Z2,0.0207142857,,,,0,,,,0,5.0666666667,2026-09-16T18:00:00+08:00
2026-09-30,S07,K08,2,0,Z2,0.0212500000,,,,0,,,,0,5.0666666667,2026-09-16T18:00:00+08:00
2026-09-30,S08,K01,2,0,Z2,0.0205357143,,,,0,,,,0,5.0666666667,2026-09-16T18:00:00+08:00
2026-09-30,S08,K02,2,0,Z2,0.0214285714,,,,0,,,,0,5.0666666667,2026-09-16T18:00:00+08:00
2026-09-30,S08,K03,2,0,Z2,0.0205357143,,,,0,,,,0,5.0666666667,2026-09-16T18:00:00+08:00
2026-09-30,S08,K04,2,0,Z2,0.0205357143,,,,0,,,,0,5.0666666667,2026-09-16T18:00:00+08:00
2026-09-30,S08,K05,2,0,Z2,0.0205357143,,,,0,,,,0,5.0666666667,2026-09-16T18:00:00+08:00
2026-09-30,S08,K06,2,0,Z2,0.0205357143,,,,0,,,,0,5.0666666667,2026-09-16T18:00:00+08:00
2026-09-30,S08,K07,2,0,Z2,0.0207142857,,,,0,,,,0,5.0666666667,2026-09-16T18:00:00+08:00
2026-09-30,S08,K08,2,0,Z2,0.0212500000,,,,0,,,,0,5.0666666667,2026-09-16T18:00:00+08:00
2026-09-30,S09,K01,2,0,Z3,0.0205357143,,,,0,,,,0,5.0666666667,2026-09-16T18:00:00+08:00
2026-09-30,S09,K02,2,0,Z3,0.0214285714,,,,0,,,,0,5.0666666667,2026-09-16T18:00:00+08:00
2026-09-30,S09,K03,2,0,Z3,0.0205357143,,,,0,,,,0,5.0666666667,2026-09-16T18:00:00+08:00
2026-09-30,S09,K04,2,0,Z3,0.0205357143,,,,0,,,,0,5.0666666667,2026-09-16T18:00:00+08:00
2026-09-30,S09,K05,2,0,Z3,0.0205357143,,,,0,,,,0,5.0666666667,2026-09-16T18:00:00+08:00
2026-09-30,S09,K06,2,0,Z3,0.0205357143,,,,0,,,,0,5.0666666667,2026-09-16T18:00:00+08:00
2026-09-30,S09,K07,2,0,Z3,0.0207142857,,,,0,,,,0,5.0666666667,2026-09-16T18:00:00+08:00
2026-09-30,S09,K08,2,0,Z3,0.0212500000,,,,0,,,,0,5.0666666667,2026-09-16T18:00:00+08:00
2026-09-30,S10,K01,2,0,Z3,0.0205357143,,,,0,,,,0,5.0666666667,2026-09-16T18:00:00+08:00
2026-09-30,S10,K02,2,0,Z3,0.0214285714,,,,0,,,,0,5.0666666667,2026-09-16T18:00:00+08:00
2026-09-30,S10,K03,2,0,Z3,0.0205357143,,,,0,,,,0,5.0666666667,2026-09-16T18:00:00+08:00
2026-09-30,S10,K04,2,0,Z3,0.0205357143,,,,0,,,,0,5.0666666667,2026-09-16T18:00:00+08:00
2026-09-30,S10,K05,2,0,Z3,0.0205357143,,,,0,,,,0,5.0666666667,2026-09-16T18:00:00+08:00
2026-09-30,S10,K06,2,0,Z3,0.0205357143,,,,0,,,,0,5.0666666667,2026-09-16T18:00:00+08:00
2026-09-30,S10,K07,2,0,Z3,0.0207142857,,,,0,,,,0,5.0666666667,2026-09-16T18:00:00+08:00
2026-09-30,S10,K08,2,0,Z3,0.0212500000,,,,0,,,,0,5.0666666667,2026-09-16T18:00:00+08:00
2026-09-30,S11,K01,2,0,Z3,0.0205357143,,,,0,,,,0,5.0666666667,2026-09-16T18:00:00+08:00
2026-09-30,S11,K02,2,0,Z3,0.0214285714,,,,0,,,,0,5.0666666667,2026-09-16T18:00:00+08:00
2026-09-30,S11,K03,2,0,Z3,0.0205357143,,,,0,,,,0,5.0666666667,2026-09-16T18:00:00+08:00
2026-09-30,S11,K04,2,0,Z3,0.0205357143,,,,0,,,,0,5.0666666667,2026-09-16T18:00:00+08:00
2026-09-30,S11,K05,2,0,Z3,0.0205357143,,,,0,,,,0,5.0666666667,2026-09-16T18:00:00+08:00
2026-09-30,S11,K06,2,0,Z3,0.0205357143,,,,0,,,,0,5.0666666667,2026-09-16T18:00:00+08:00
2026-09-30,S11,K07,2,0,Z3,0.0207142857,,,,0,,,,0,5.0666666667,2026-09-16T18:00:00+08:00
2026-09-30,S11,K08,2,0,Z3,0.0212500000,,,,0,,,,0,5.0666666667,2026-09-16T18:00:00+08:00
2026-09-30,S12,K01,2,0,Z3,0.0205357143,,,,0,,,,0,5.0666666667,2026-09-16T18:00:00+08:00
2026-09-30,S12,K02,2,0,Z3,0.0214285714,,,,0,,,,0,5.0666666667,2026-09-16T18:00:00+08:00
2026-09-30,S12,K03,2,0,Z3,0.0205357143,,,,0,,,,0,5.0666666667,2026-09-16T18:00:00+08:00
2026-09-30,S12,K04,2,0,Z3,0.0205357143,,,,0,,,,0,5.0666666667,2026-09-16T18:00:00+08:00
2026-09-30,S12,K05,2,0,Z3,0.0205357143,,,,0,,,,0,5.0666666667,2026-09-16T18:00:00+08:00
2026-09-30,S12,K06,2,0,Z3,0.0205357143,,,,0,,,,0,5.0666666667,2026-09-16T18:00:00+08:00
2026-09-30,S12,K07,2,0,Z3,0.0207142857,,,,0,,,,0,5.0666666667,2026-09-16T18:00:00+08:00
2026-09-30,S12,K08,2,0,Z3,0.0212500000,,,,0,,,,0,5.0666666667,2026-09-16T18:00:00+08:00
