service_date,store_id,item_id,weekday_monday_zero,holiday,zone_id,discount_fraction,announced_at,promo_raw_row,promo_raw_hash,promo_known,rain_mm,weather_available_at,weather_raw_row,weather_known,time30,origin
2026-07-09,S01,K01,3,0,Z1,0.0000000000,2026-06-29 12:00:00+08:00,6626.0000000000,4f6874b48974db36207c02773fbaed4fc3417fc743879eab190f1a50ae30a6de,1,6.7200000000,2026-07-08 16:00:00+08:00,416.0000000000,1,2.3000000000,2026-07-08T18:00:00+08:00
2026-07-09,S01,K02,3,0,Z1,0.0000000000,2026-06-29 12:00:00+08:00,6627.0000000000,92fab014241490d98d8e92f86507d1b69a0ee35766e403528c0c5234fb4f4f58,1,6.7200000000,2026-07-08 16:00:00+08:00,416.0000000000,1,2.3000000000,2026-07-08T18:00:00+08:00
2026-07-09,S01,K03,3,0,Z1,0.0000000000,2026-06-29 12:00:00+08:00,6628.0000000000,aacb84cf2f756dadb49ce2711118f0021d4972d2835b2953bf3982064b32e9a9,1,6.7200000000,2026-07-08 16:00:00+08:00,416.0000000000,1,2.3000000000,2026-07-08T18:00:00+08:00
2026-07-09,S01,K04,3,0,Z1,0.0000000000,2026-06-29 12:00:00+08:00,6629.0000000000,29c5188268e7cc13fb00b2cc76eb14b5bd7453edec182821d6851a0f00d9dfc1,1,6.7200000000,2026-07-08 16:00:00+08:00,416.0000000000,1,2.3000000000,2026-07-08T18:00:00+08:00
2026-07-09,S01,K05,3,0,Z1,0.0000000000,2026-06-29 12:00:00+08:00,6630.0000000000,31ad06465cdaca2798697cda24e1c0f6bd93028feb0f948e573ec879a7240d4f,1,6.7200000000,2026-07-08 16:00:00+08:00,416.0000000000,1,2.3000000000,2026-07-08T18:00:00+08:00
2026-07-09,S01,K06,3,0,Z1,0.0000000000,2026-06-29 12:00:00+08:00,6631.0000000000,1421754233795ee13196ed2eee56cb680f9ef29d240880d8ea836903236102b9,1,6.7200000000,2026-07-08 16:00:00+08:00,416.0000000000,1,2.3000000000,2026-07-08T18:00:00+08:00
2026-07-09,S01,K07,3,0,Z1,0.0000000000,2026-06-29 12:00:00+08:00,6632.0000000000,1bc7a6d8e438fe103cc67dfc385536ff74449118baf6be5bb7ff3032aa9ba9ea,1,6.7200000000,2026-07-08 16:00:00+08:00,416.0000000000,1,2.3000000000,2026-07-08T18:00:00+08:00
2026-07-09,S01,K08,3,0,Z1,0.0000000000,2026-06-29 12:00:00+08:00,6633.0000000000,494b726100508a3de2e36978241c38f3abab66c8f553b2ba1075a5e2093ab022,1,6.7200000000,2026-07-08 16:00:00+08:00,416.0000000000,1,2.3000000000,2026-07-08T18:00:00+08:00
2026-07-09,S02,K01,3,0,Z1,0.0000000000,2026-06-29 12:00:00+08:00,6634.0000000000,7fa23b549f75489b34e4d5ee9d4958e60f0a817f0b81f4c8d43fcbd97956d1cc,1,6.7200000000,2026-07-08 16:00:00+08:00,416.0000000000,1,2.3000000000,2026-07-08T18:00:00+08:00
2026-07-09,S02,K02,3,0,Z1,0.0000000000,2026-06-29 12:00:00+08:00,6635.0000000000,f8731113a79aab5155d6ecf48aa53dc0f6507e42b99ca0795ea0de5c032958cd,1,6.7200000000,2026-07-08 16:00:00+08:00,416.0000000000,1,2.3000000000,2026-07-08T18:00:00+08:00
2026-07-09,S02,K03,3,0,Z1,0.0000000000,2026-06-29 12:00:00+08:00,6636.0000000000,4dc275701bfeb5328f7911e33c1371f7ae7762f54854fcce566d49677e4e74aa,1,6.7200000000,2026-07-08 16:00:00+08:00,416.0000000000,1,2.3000000000,2026-07-08T18:00:00+08:00
2026-07-09,S02,K04,3,0,Z1,0.0000000000,2026-06-29 12:00:00+08:00,6637.0000000000,90ea9045b01916a72dc467257da32346b620ac9c825dc14bb7de08759bf4749d,1,6.7200000000,2026-07-08 16:00:00+08:00,416.0000000000,1,2.3000000000,2026-07-08T18:00:00+08:00
2026-07-09,S02,K05,3,0,Z1,0.0000000000,2026-06-29 12:00:00+08:00,6638.0000000000,f13b12bed56aeb89a3edd256672fe6a1215aabbe0168c36d8a52b22f405ce80e,1,6.7200000000,2026-07-08 16:00:00+08:00,416.0000000000,1,2.3000000000,2026-07-08T18:00:00+08:00
2026-07-09,S02,K06,3,0,Z1,0.0000000000,2026-06-29 12:00:00+08:00,6639.0000000000,c2a9abfff523c7f3ba99b2369eec3b3257ac09bd70f0bca008879550f0a1cf7a,1,6.7200000000,2026-07-08 16:00:00+08:00,416.0000000000,1,2.3000000000,2026-07-08T18:00:00+08:00
2026-07-09,S02,K07,3,0,Z1,0.0000000000,2026-06-29 12:00:00+08:00,6640.0000000000,671521fec43828c7e5ac71480f50ce827ec4efd30e940a01fbd258c089cac4f3,1,6.7200000000,2026-07-08 16:00:00+08:00,416.0000000000,1,2.3000000000,2026-07-08T18:00:00+08:00
2026-07-09,S02,K08,3,0,Z1,0.0000000000,2026-06-29 12:00:00+08:00,6641.0000000000,a0aaf21a33b5a4895cf6bf653e5d290bbc26507dc743b9d64281708829894a08,1,6.7200000000,2026-07-08 16:00:00+08:00,416.0000000000,1,2.3000000000,2026-07-08T18:00:00+08:00
2026-07-09,S03,K01,3,0,Z1,0.0000000000,2026-06-29 12:00:00+08:00,6642.0000000000,2469fc2b78e9a983525ea164f2d712a7e716319f7d10e50653955f095dd9166b,1,6.7200000000,2026-07-08 16:00:00+08:00,416.0000000000,1,2.3000000000,2026-07-08T18:00:00+08:00
2026-07-09,S03,K02,3,0,Z1,0.0000000000,2026-06-29 12:00:00+08:00,6643.0000000000,567d25722a64da9e15b06fc8bc38ca94a373e103bc1933a08b4f3b6424697074,1,6.7200000000,2026-07-08 16:00:00+08:00,416.0000000000,1,2.3000000000,2026-07-08T18:00:00+08:00
2026-07-09,S03,K03,3,0,Z1,0.0000000000,2026-06-29 12:00:00+08:00,6644.0000000000,06231cd51a5501417897f52cf9b24ee4c372dfcd0460915ca20382b00a328b73,1,6.7200000000,2026-07-08 16:00:00+08:00,416.0000000000,1,2.3000000000,2026-07-08T18:00:00+08:00
2026-07-09,S03,K04,3,0,Z1,0.0000000000,2026-06-29 12:00:00+08:00,6645.0000000000,3702b906a6fa8a887e09eb3d8693e56f91063fd9803d1f93d3dc6214671ff258,1,6.7200000000,2026-07-08 16:00:00+08:00,416.0000000000,1,2.3000000000,2026-07-08T18:00:00+08:00
2026-07-09,S03,K05,3,0,Z1,0.0000000000,2026-06-29 12:00:00+08:00,6646.0000000000,fd8714100f2bcbaf3315269167ba739df649369dc36701c8eefb104604fe18ae,1,6.7200000000,2026-07-08 16:00:00+08:00,416.0000000000,1,2.3000000000,2026-07-08T18:00:00+08:00
2026-07-09,S03,K06,3,0,Z1,0.0000000000,2026-06-29 12:00:00+08:00,6647.0000000000,0a6290b0aca7dcff6093f3a903e01f747db5d44f857bc30d8130781785a656c8,1,6.7200000000,2026-07-08 16:00:00+08:00,416.0000000000,1,2.3000000000,2026-07-08T18:00:00+08:00
2026-07-09,S03,K07,3,0,Z1,0.1500000000,2026-06-29 12:00:00+08:00,6648.0000000000,dd9a581131cd4e5edb25c34360b763882ab3ebd4d7b3b99ea5b45170526cba34,1,6.7200000000,2026-07-08 16:00:00+08:00,416.0000000000,1,2.3000000000,2026-07-08T18:00:00+08:00
2026-07-09,S03,K08,3,0,Z1,0.1500000000,2026-06-29 12:00:00+08:00,6649.0000000000,3bd34a7ece11dba1bb19884477ea9df49af293cfda7c6c9a1da539413b87784c,1,6.7200000000,2026-07-08 16:00:00+08:00,416.0000000000,1,2.3000000000,2026-07-08T18:00:00+08:00
2026-07-09,S04,K01,3,0,Z1,0.0000000000,2026-06-29 12:00:00+08:00,6650.0000000000,99eb56c52151e8241dfbf32841acc98155e98ee184b7ce7bfdd2d9fe10ec3598,1,6.7200000000,2026-07-08 16:00:00+08:00,416.0000000000,1,2.3000000000,2026-07-08T18:00:00+08:00
2026-07-09,S04,K02,3,0,Z1,0.0000000000,2026-06-29 12:00:00+08:00,6651.0000000000,df9e698d98b0e23c69a304c1ab78d6aea0f57073adb0ab7ef5f820cc1bc6766d,1,6.7200000000,2026-07-08 16:00:00+08:00,416.0000000000,1,2.3000000000,2026-07-08T18:00:00+08:00
2026-07-09,S04,K03,3,0,Z1,0.0000000000,2026-06-29 12:00:00+08:00,6652.0000000000,77c7e5b7b31c6c397b37668f0b3f152a0679f94c6b8df11935989a7bf31f4a7d,1,6.7200000000,2026-07-08 16:00:00+08:00,416.0000000000,1,2.3000000000,2026-07-08T18:00:00+08:00
2026-07-09,S04,K04,3,0,Z1,0.0000000000,2026-06-29 12:00:00+08:00,6653.0000000000,904afe3dbaede4cd523eca749cc4c4f312c10f3713362e9f0b1e15dbc68a7262,1,6.7200000000,2026-07-08 16:00:00+08:00,416.0000000000,1,2.3000000000,2026-07-08T18:00:00+08:00
2026-07-09,S04,K05,3,0,Z1,0.0000000000,2026-06-29 12:00:00+08:00,6654.0000000000,e7a4394210b2b04b163ff45aab766a24618e0ce217dada00c894a142301ee382,1,6.7200000000,2026-07-08 16:00:00+08:00,416.0000000000,1,2.3000000000,2026-07-08T18:00:00+08:00
2026-07-09,S04,K06,3,0,Z1,0.1500000000,2026-06-29 12:00:00+08:00,6655.0000000000,216a8f6a26e6993ac98ff2bf774baeb3c465144ad1aca6a6957102b210dafe90,1,6.7200000000,2026-07-08 16:00:00+08:00,416.0000000000,1,2.3000000000,2026-07-08T18:00:00+08:00
2026-07-09,S04,K07,3,0,Z1,0.1500000000,2026-06-29 12:00:00+08:00,6656.0000000000,0f6ab013070e6a1d6c251c74a8178364137b404fda3b2445ebafbc992e8993c3,1,6.7200000000,2026-07-08 16:00:00+08:00,416.0000000000,1,2.3000000000,2026-07-08T18:00:00+08:00
2026-07-09,S04,K08,3,0,Z1,0.0000000000,2026-06-29 12:00:00+08:00,6657.0000000000,0f257bcebbea5817f851ac4338c7a7c629f209dd969f70106a429873bb0d7518,1,6.7200000000,2026-07-08 16:00:00+08:00,416.0000000000,1,2.3000000000,2026-07-08T18:00:00+08:00
2026-07-09,S05,K01,3,0,Z2,0.0000000000,2026-06-29 12:00:00+08:00,6658.0000000000,0e058e46ec474d7b68aa17a655297c8c77ce3ce0be0631b85dbdbeac7b6f9d95,1,8.4500000000,2026-07-08 16:00:00+08:00,418.0000000000,1,2.3000000000,2026-07-08T18:00:00+08:00
2026-07-09,S05,K02,3,0,Z2,0.0000000000,2026-06-29 12:00:00+08:00,6659.0000000000,810c25edf907584c38eda8bab4ca7156a0b60ce15f054a0cbb6a534fd605315e,1,8.4500000000,2026-07-08 16:00:00+08:00,418.0000000000,1,2.3000000000,2026-07-08T18:00:00+08:00
2026-07-09,S05,K03,3,0,Z2,0.0000000000,2026-06-29 12:00:00+08:00,6660.0000000000,fe9c4d79605ffe6ab37d2e2ef6743e6b385d9d7f6ebc786baae20e23eb48ab84,1,8.4500000000,2026-07-08 16:00:00+08:00,418.0000000000,1,2.3000000000,2026-07-08T18:00:00+08:00
2026-07-09,S05,K04,3,0,Z2,0.1500000000,2026-06-29 12:00:00+08:00,6661.0000000000,63fd563eef9b8187862130bd00c53423784d66544ccc9a20764ab041785c9be7,1,8.4500000000,2026-07-08 16:00:00+08:00,418.0000000000,1,2.3000000000,2026-07-08T18:00:00+08:00
2026-07-09,S05,K05,3,0,Z2,0.1500000000,2026-06-29 12:00:00+08:00,6662.0000000000,f553ffa36729597addd51e0fb26bafa08268086968861a4d160a738dd4d905cc,1,8.4500000000,2026-07-08 16:00:00+08:00,418.0000000000,1,2.3000000000,2026-07-08T18:00:00+08:00
2026-07-09,S05,K06,3,0,Z2,0.0000000000,2026-06-29 12:00:00+08:00,6663.0000000000,7b872d76c64b42921be3ff209333c6a164d1a50f3116c0460d7ab5bb384a4874,1,8.4500000000,2026-07-08 16:00:00+08:00,418.0000000000,1,2.3000000000,2026-07-08T18:00:00+08:00
2026-07-09,S05,K07,3,0,Z2,0.0000000000,2026-06-29 12:00:00+08:00,6664.0000000000,4f360ef6cc52aaee9801a90bf10c7ad92a46a5dbd4b36c33f07d0c62de57ab9a,1,8.4500000000,2026-07-08 16:00:00+08:00,418.0000000000,1,2.3000000000,2026-07-08T18:00:00+08:00
2026-07-09,S05,K08,3,0,Z2,0.0000000000,2026-06-29 12:00:00+08:00,6665.0000000000,2f13641bb30b42578310140d551d2a452e6b3130f72c20c3e96bcf3f65818e8e,1,8.4500000000,2026-07-08 16:00:00+08:00,418.0000000000,1,2.3000000000,2026-07-08T18:00:00+08:00
2026-07-09,S06,K01,3,0,Z2,0.0000000000,2026-06-29 12:00:00+08:00,6666.0000000000,3bf892ec47d13a950f39a5d09777c745e19fc008bfb904cc450bfd88ae7f71f8,1,8.4500000000,2026-07-08 16:00:00+08:00,418.0000000000,1,2.3000000000,2026-07-08T18:00:00+08:00
2026-07-09,S06,K02,3,0,Z2,0.0000000000,2026-06-29 12:00:00+08:00,6667.0000000000,bb97d9cc6064faaf7bf6aed7bd5f130eb71cbf862cfd036ab8835dfe045fec00,1,8.4500000000,2026-07-08 16:00:00+08:00,418.0000000000,1,2.3000000000,2026-07-08T18:00:00+08:00
2026-07-09,S06,K03,3,0,Z2,0.1500000000,2026-06-29 12:00:00+08:00,6668.0000000000,b87350d9b0fdbd81195c112cfd84fb939745bbdd3da92d1d4fae5e8e37359c7a,1,8.4500000000,2026-07-08 16:00:00+08:00,418.0000000000,1,2.3000000000,2026-07-08T18:00:00+08:00
2026-07-09,S06,K04,3,0,Z2,0.1500000000,2026-06-29 12:00:00+08:00,6669.0000000000,abb26c60f53656d1c5bfe1002cc0ac3c4c63aaa641959738779805b6d5ad68e4,1,8.4500000000,2026-07-08 16:00:00+08:00,418.0000000000,1,2.3000000000,2026-07-08T18:00:00+08:00
2026-07-09,S06,K05,3,0,Z2,0.0000000000,2026-06-29 12:00:00+08:00,6670.0000000000,2a1bae6236fe4c87c2b511ae67a7ad46b1d876ea9871c21f8ba6bebf7927b7ef,1,8.4500000000,2026-07-08 16:00:00+08:00,418.0000000000,1,2.3000000000,2026-07-08T18:00:00+08:00
2026-07-09,S06,K06,3,0,Z2,0.0000000000,2026-06-29 12:00:00+08:00,6671.0000000000,b31c72b9be56070b3a7ebb43990a6ed0ae44eb1bd23ed24b8c0d061282a78082,1,8.4500000000,2026-07-08 16:00:00+08:00,418.0000000000,1,2.3000000000,2026-07-08T18:00:00+08:00
2026-07-09,S06,K07,3,0,Z2,0.0000000000,2026-06-29 12:00:00+08:00,6672.0000000000,415b8dbc98d2d292f1655d447eda8f8cf5e1fb3bab48886fe4b06257ec7add6f,1,8.4500000000,2026-07-08 16:00:00+08:00,418.0000000000,1,2.3000000000,2026-07-08T18:00:00+08:00
2026-07-09,S06,K08,3,0,Z2,0.0000000000,2026-06-29 12:00:00+08:00,6673.0000000000,383b21f756cb3c7ab3ad163a3f5d007935b2156f2e37f9f507222fa9d4720b28,1,8.4500000000,2026-07-08 16:00:00+08:00,418.0000000000,1,2.3000000000,2026-07-08T18:00:00+08:00
2026-07-09,S07,K01,3,0,Z2,0.1500000000,2026-06-29 12:00:00+08:00,6674.0000000000,c8062f99f40c59ed4b333385ab87d0ef2d39451ec978277860fa2146481d26a5,1,8.4500000000,2026-07-08 16:00:00+08:00,418.0000000000,1,2.3000000000,2026-07-08T18:00:00+08:00
2026-07-09,S07,K02,3,0,Z2,0.1500000000,2026-06-29 12:00:00+08:00,6675.0000000000,0edbccb3e9e0782abbbcc5bf200704b1e615a4c04d3f48591cec80982daaecc9,1,8.4500000000,2026-07-08 16:00:00+08:00,418.0000000000,1,2.3000000000,2026-07-08T18:00:00+08:00
2026-07-09,S07,K03,3,0,Z2,0.0000000000,2026-06-29 12:00:00+08:00,6676.0000000000,b47493ca4201cf5e6e349690c14b651bc39224b6e48ab93af732f0b5bbd6b481,1,8.4500000000,2026-07-08 16:00:00+08:00,418.0000000000,1,2.3000000000,2026-07-08T18:00:00+08:00
2026-07-09,S07,K04,3,0,Z2,0.0000000000,2026-06-29 12:00:00+08:00,6677.0000000000,c3fa23a496e775d20c39a7c20efec80717726fbfd582d3ef0c9b9928f21e0ee7,1,8.4500000000,2026-07-08 16:00:00+08:00,418.0000000000,1,2.3000000000,2026-07-08T18:00:00+08:00
2026-07-09,S07,K05,3,0,Z2,0.0000000000,2026-06-29 12:00:00+08:00,6678.0000000000,9b1baa7c4ee356e7089b74f1d7d4271e18275e6c011b4095c58120cda3510a5b,1,8.4500000000,2026-07-08 16:00:00+08:00,418.0000000000,1,2.3000000000,2026-07-08T18:00:00+08:00
2026-07-09,S07,K06,3,0,Z2,0.0000000000,2026-06-29 12:00:00+08:00,6679.0000000000,44aa90bef6789b07aab9f77c49172bdfdfa9d4296dc1f85f96a56c014ad120bc,1,8.4500000000,2026-07-08 16:00:00+08:00,418.0000000000,1,2.3000000000,2026-07-08T18:00:00+08:00
2026-07-09,S07,K07,3,0,Z2,0.0000000000,2026-06-29 12:00:00+08:00,6680.0000000000,8e515e50bc8c554b4e657db7e86489d02157deff80d202da70954cf3e3cfd690,1,8.4500000000,2026-07-08 16:00:00+08:00,418.0000000000,1,2.3000000000,2026-07-08T18:00:00+08:00
2026-07-09,S07,K08,3,0,Z2,0.0000000000,2026-06-29 12:00:00+08:00,6681.0000000000,0212b0c473fbd0f91e8dc92fed16bee3df82ea9cd3bd6c1f5352b7a89d17f043,1,8.4500000000,2026-07-08 16:00:00+08:00,418.0000000000,1,2.3000000000,2026-07-08T18:00:00+08:00
2026-07-09,S08,K01,3,0,Z2,0.1500000000,2026-06-29 12:00:00+08:00,6682.0000000000,8d4d19ab3a646df72fe197e97ee73173fabe3dbb50f14f1f1f19eb88b628a28e,1,8.4500000000,2026-07-08 16:00:00+08:00,418.0000000000,1,2.3000000000,2026-07-08T18:00:00+08:00
2026-07-09,S08,K02,3,0,Z2,0.0000000000,2026-06-29 12:00:00+08:00,6683.0000000000,41d01385490803d818268b943e6adb5751f1334986478a18298534c290d88f00,1,8.4500000000,2026-07-08 16:00:00+08:00,418.0000000000,1,2.3000000000,2026-07-08T18:00:00+08:00
2026-07-09,S08,K03,3,0,Z2,0.0000000000,2026-06-29 12:00:00+08:00,6684.0000000000,d4b860d5586de295c7a18b32f2d1cbbf76cf702a6381b9ff52cbdd8e71892ce5,1,8.4500000000,2026-07-08 16:00:00+08:00,418.0000000000,1,2.3000000000,2026-07-08T18:00:00+08:00
2026-07-09,S08,K04,3,0,Z2,0.0000000000,2026-06-29 12:00:00+08:00,6685.0000000000,4f8e7eaf1c52ea6fca544a31857897f22017c4b10230d93e961a16223c3b8dfe,1,8.4500000000,2026-07-08 16:00:00+08:00,418.0000000000,1,2.3000000000,2026-07-08T18:00:00+08:00
2026-07-09,S08,K05,3,0,Z2,0.0000000000,2026-06-29 12:00:00+08:00,6686.0000000000,918a3ce285ccef84598ff74b0a5c5f7da816e59e5b5f0ba02d9d3b05369ff0f0,1,8.4500000000,2026-07-08 16:00:00+08:00,418.0000000000,1,2.3000000000,2026-07-08T18:00:00+08:00
2026-07-09,S08,K06,3,0,Z2,0.0000000000,2026-06-29 12:00:00+08:00,6687.0000000000,065164bcc2fb6caadd6655cc9230323a3ec8a56c727a36515b2ea354bb84e13f,1,8.4500000000,2026-07-08 16:00:00+08:00,418.0000000000,1,2.3000000000,2026-07-08T18:00:00+08:00
2026-07-09,S08,K07,3,0,Z2,0.0000000000,2026-06-29 12:00:00+08:00,6688.0000000000,685f0214ecb2eee58b27833f607a62d1c65d061f445078fe71a23ebd831684e0,1,8.4500000000,2026-07-08 16:00:00+08:00,418.0000000000,1,2.3000000000,2026-07-08T18:00:00+08:00
2026-07-09,S08,K08,3,0,Z2,0.0000000000,2026-06-29 12:00:00+08:00,6689.0000000000,6b32cc5dcd1ac891957020a56dd5dcf15c02a9e5d36a6b0d3dbac08481306eed,1,8.4500000000,2026-07-08 16:00:00+08:00,418.0000000000,1,2.3000000000,2026-07-08T18:00:00+08:00
2026-07-09,S09,K01,3,0,Z3,0.0000000000,2026-06-29 12:00:00+08:00,6690.0000000000,aae41278d201375f8e78949af383d00e792ad66224f9a2a722a0e442f549df16,1,16.0700000000,2026-07-08 16:00:00+08:00,420.0000000000,1,2.3000000000,2026-07-08T18:00:00+08:00
2026-07-09,S09,K02,3,0,Z3,0.0000000000,2026-06-29 12:00:00+08:00,6691.0000000000,4f88a0e72e5f3d976b42cd5064c9ec31b7abd10990caab99aacd57e4f28ca5cf,1,16.0700000000,2026-07-08 16:00:00+08:00,420.0000000000,1,2.3000000000,2026-07-08T18:00:00+08:00
2026-07-09,S09,K03,3,0,Z3,0.0000000000,2026-06-29 12:00:00+08:00,6692.0000000000,fceed37819917a30942b32ab0c312ec87bd7872f894485c5f1a4f5ce51ff0559,1,16.0700000000,2026-07-08 16:00:00+08:00,420.0000000000,1,2.3000000000,2026-07-08T18:00:00+08:00
2026-07-09,S09,K04,3,0,Z3,0.0000000000,2026-06-29 12:00:00+08:00,6693.0000000000,6d8edc1eb5419ddd4ef97507a7e21a6e6014a8430317e1d6b736e087a3d1b5f0,1,16.0700000000,2026-07-08 16:00:00+08:00,420.0000000000,1,2.3000000000,2026-07-08T18:00:00+08:00
2026-07-09,S09,K05,3,0,Z3,0.0000000000,2026-06-29 12:00:00+08:00,6694.0000000000,ccf4d3062f95d89f84eb119542be7d0645e132992aaffbaeb96a1038e443a8a8,1,16.0700000000,2026-07-08 16:00:00+08:00,420.0000000000,1,2.3000000000,2026-07-08T18:00:00+08:00
2026-07-09,S09,K06,3,0,Z3,0.0000000000,2026-06-29 12:00:00+08:00,6695.0000000000,609ae45e71110528be6e99a2c5ffd5817605130e8da923512d615c291db372e1,1,16.0700000000,2026-07-08 16:00:00+08:00,420.0000000000,1,2.3000000000,2026-07-08T18:00:00+08:00
2026-07-09,S09,K07,3,0,Z3,0.0000000000,2026-06-29 12:00:00+08:00,6696.0000000000,36a2b34a7d3b85b1edcb0d7503c6b298da79c4b7beaf93f2638a012b01a5d452,1,16.0700000000,2026-07-08 16:00:00+08:00,420.0000000000,1,2.3000000000,2026-07-08T18:00:00+08:00
2026-07-09,S09,K08,3,0,Z3,0.0000000000,2026-06-29 12:00:00+08:00,6697.0000000000,aa6a64ce5de9bed9324b2ec4cb906054f805eeb8895845f8333bc878a720bfeb,1,16.0700000000,2026-07-08 16:00:00+08:00,420.0000000000,1,2.3000000000,2026-07-08T18:00:00+08:00
2026-07-09,S10,K01,3,0,Z3,0.0000000000,2026-06-29 12:00:00+08:00,6698.0000000000,9ed1b7aca2ed946dd3b915d7760b4ad4ca8ea522ae5476ec69b17b2ad269cac7,1,16.0700000000,2026-07-08 16:00:00+08:00,420.0000000000,1,2.3000000000,2026-07-08T18:00:00+08:00
2026-07-09,S10,K02,3,0,Z3,0.0000000000,2026-06-29 12:00:00+08:00,6699.0000000000,93468497bf592f3ec37c860af62c22704b2144b2834bde4573831be13677ea26,1,16.0700000000,2026-07-08 16:00:00+08:00,420.0000000000,1,2.3000000000,2026-07-08T18:00:00+08:00
2026-07-09,S10,K03,3,0,Z3,0.0000000000,2026-06-29 12:00:00+08:00,6700.0000000000,c8fa80bf54f5a48ed7d7b2cb5bc501acef7b9e36f0ecca204464745f003ca3cd,1,16.0700000000,2026-07-08 16:00:00+08:00,420.0000000000,1,2.3000000000,2026-07-08T18:00:00+08:00
2026-07-09,S10,K04,3,0,Z3,0.0000000000,2026-06-29 12:00:00+08:00,6701.0000000000,d29ed395a3b9801622e706d2cebe95d8570e9f0e656cc3962d63fb9b7d2deb58,1,16.0700000000,2026-07-08 16:00:00+08:00,420.0000000000,1,2.3000000000,2026-07-08T18:00:00+08:00
2026-07-09,S10,K05,3,0,Z3,0.0000000000,2026-06-29 12:00:00+08:00,6702.0000000000,0e42ab8d3f0e979959ccf8fc55ac82cfa45249722d07c936449111b5f2b9c43c,1,16.0700000000,2026-07-08 16:00:00+08:00,420.0000000000,1,2.3000000000,2026-07-08T18:00:00+08:00
2026-07-09,S10,K06,3,0,Z3,0.0000000000,2026-06-29 12:00:00+08:00,6703.0000000000,5f0eb0336783128848f576b739868da39be4fbdf93f98310d3911389d43affa0,1,16.0700000000,2026-07-08 16:00:00+08:00,420.0000000000,1,2.3000000000,2026-07-08T18:00:00+08:00
2026-07-09,S10,K07,3,0,Z3,0.0000000000,2026-06-29 12:00:00+08:00,6704.0000000000,0f9768883755ab6486cd7ad26bf1e057312cbe648d6e0ec1a3885414625f0502,1,16.0700000000,2026-07-08 16:00:00+08:00,420.0000000000,1,2.3000000000,2026-07-08T18:00:00+08:00
2026-07-09,S10,K08,3,0,Z3,0.1500000000,2026-06-29 12:00:00+08:00,6705.0000000000,85473fe824e08ebd944bf576a654f41134ef330b90daea89bb58a61921370757,1,16.0700000000,2026-07-08 16:00:00+08:00,420.0000000000,1,2.3000000000,2026-07-08T18:00:00+08:00
2026-07-09,S11,K01,3,0,Z3,0.0000000000,2026-06-29 12:00:00+08:00,6706.0000000000,c35e68dc6014e69959795faf843f8eb0d12ad7f1642d12fa34eca034ff75d8ab,1,16.0700000000,2026-07-08 16:00:00+08:00,420.0000000000,1,2.3000000000,2026-07-08T18:00:00+08:00
2026-07-09,S11,K02,3,0,Z3,0.0000000000,2026-06-29 12:00:00+08:00,6707.0000000000,99048f22badd3df05cafe0392b899ad9a43e205df30fc73c63b19b47706cfe37,1,16.0700000000,2026-07-08 16:00:00+08:00,420.0000000000,1,2.3000000000,2026-07-08T18:00:00+08:00
2026-07-09,S11,K03,3,0,Z3,0.0000000000,2026-06-29 12:00:00+08:00,6708.0000000000,60dcc4743ace3ecc9d43a345ff9f2f0f39b0873480897c4d89022641d4fc5abf,1,16.0700000000,2026-07-08 16:00:00+08:00,420.0000000000,1,2.3000000000,2026-07-08T18:00:00+08:00
2026-07-09,S11,K04,3,0,Z3,0.0000000000,2026-06-29 12:00:00+08:00,6709.0000000000,51bdb2a1cecf47dc3d7698998c83c192bb878ac9f113984c8cce9c386a3e7224,1,16.0700000000,2026-07-08 16:00:00+08:00,420.0000000000,1,2.3000000000,2026-07-08T18:00:00+08:00
2026-07-09,S11,K05,3,0,Z3,0.0000000000,2026-06-29 12:00:00+08:00,6710.0000000000,97005481361af122be52e78d7563fa6af8d75682ceb36612229bdf5726109cff,1,16.0700000000,2026-07-08 16:00:00+08:00,420.0000000000,1,2.3000000000,2026-07-08T18:00:00+08:00
2026-07-09,S11,K06,3,0,Z3,0.0000000000,2026-06-29 12:00:00+08:00,6711.0000000000,27bfaaac17289bc4c2d22b6663e1977c232678c7cf8c6ef5ddebf6e35b7c0913,1,16.0700000000,2026-07-08 16:00:00+08:00,420.0000000000,1,2.3000000000,2026-07-08T18:00:00+08:00
2026-07-09,S11,K07,3,0,Z3,0.1500000000,2026-06-29 12:00:00+08:00,6712.0000000000,7d3b7f5e49c5b2099b5d82a116aea18649e7f1e69749a049b8eb20e3d98dbb4c,1,16.0700000000,2026-07-08 16:00:00+08:00,420.0000000000,1,2.3000000000,2026-07-08T18:00:00+08:00
2026-07-09,S11,K08,3,0,Z3,0.1500000000,2026-06-29 12:00:00+08:00,6713.0000000000,5cc73bb7b3e1c503a105c0698ccce46759119016457f09d4b136b10153e4c25d,1,16.0700000000,2026-07-08 16:00:00+08:00,420.0000000000,1,2.3000000000,2026-07-08T18:00:00+08:00
2026-07-09,S12,K01,3,0,Z3,0.0000000000,2026-06-29 12:00:00+08:00,6714.0000000000,774de53abfeb8a23624523d0a73e99890f3d59c7c1f89b88f73524ea7a8c19ee,1,16.0700000000,2026-07-08 16:00:00+08:00,420.0000000000,1,2.3000000000,2026-07-08T18:00:00+08:00
2026-07-09,S12,K02,3,0,Z3,0.0000000000,2026-06-29 12:00:00+08:00,6715.0000000000,1a03c005fc7f4320d6473a6f4b90fbb4bd4b3e8a0c52c180e7c0a07cafb3f6c6,1,16.0700000000,2026-07-08 16:00:00+08:00,420.0000000000,1,2.3000000000,2026-07-08T18:00:00+08:00
2026-07-09,S12,K03,3,0,Z3,0.0000000000,2026-06-29 12:00:00+08:00,6716.0000000000,6bb40e71a16a4d4c8badbc2b97225837cedf8b4ec99b846fe4d2a574c57b011f,1,16.0700000000,2026-07-08 16:00:00+08:00,420.0000000000,1,2.3000000000,2026-07-08T18:00:00+08:00
2026-07-09,S12,K04,3,0,Z3,0.0000000000,2026-06-29 12:00:00+08:00,6717.0000000000,a57d9ea632d671e1b77af16f9eb184295c3866b11a3a10e0e76ffc83b1c0adfe,1,16.0700000000,2026-07-08 16:00:00+08:00,420.0000000000,1,2.3000000000,2026-07-08T18:00:00+08:00
2026-07-09,S12,K05,3,0,Z3,0.1500000000,2026-06-29 12:00:00+08:00,6718.0000000000,1dddeb60e4c111ffff58b6243a15447e8318f05298000a560cb83a656cf9e520,1,16.0700000000,2026-07-08 16:00:00+08:00,420.0000000000,1,2.3000000000,2026-07-08T18:00:00+08:00
2026-07-09,S12,K06,3,0,Z3,0.1500000000,2026-06-29 12:00:00+08:00,6719.0000000000,e75bccd123eb6630ffb50cae3d669566102b9ffa6e4aceffae1d548811fd1d10,1,16.0700000000,2026-07-08 16:00:00+08:00,420.0000000000,1,2.3000000000,2026-07-08T18:00:00+08:00
2026-07-09,S12,K07,3,0,Z3,0.0000000000,2026-06-29 12:00:00+08:00,6720.0000000000,0e39d3872a44e4a411e16aea5066b8d48b97bbfcb0e96e71e0775639d43c50cd,1,16.0700000000,2026-07-08 16:00:00+08:00,420.0000000000,1,2.3000000000,2026-07-08T18:00:00+08:00
2026-07-09,S12,K08,3,0,Z3,0.0000000000,2026-06-29 12:00:00+08:00,6721.0000000000,87ef0faa6d3d22bbe5650b481c7b6c102d4ee7a809c689ccf74fbc131fea8589,1,16.0700000000,2026-07-08 16:00:00+08:00,420.0000000000,1,2.3000000000,2026-07-08T18:00:00+08:00
2026-07-10,S01,K01,4,0,Z1,0.0000000000,2026-06-30 12:00:00+08:00,6722.0000000000,ac86645086695fccb4c0c64ead7e0aac82c4e4f19bdf579a435f2f228f99f000,1,,,,0,2.3333333333,2026-07-08T18:00:00+08:00
2026-07-10,S01,K02,4,0,Z1,0.0000000000,2026-06-30 12:00:00+08:00,6723.0000000000,fd9a86cbb11202b2313dd1a929b5247e43528679076fb784239b399138137648,1,,,,0,2.3333333333,2026-07-08T18:00:00+08:00
2026-07-10,S01,K03,4,0,Z1,0.0000000000,2026-06-30 12:00:00+08:00,6724.0000000000,ff6078c470a533c47c8be2a473abdd4f11dc7e719e039b57562e9e7ada0cea3a,1,,,,0,2.3333333333,2026-07-08T18:00:00+08:00
2026-07-10,S01,K04,4,0,Z1,0.0000000000,2026-06-30 12:00:00+08:00,6725.0000000000,8b5fb8c6afadc10e7076a830ce7ec870395b8914d5c83fdcc189f1c794ae5014,1,,,,0,2.3333333333,2026-07-08T18:00:00+08:00
2026-07-10,S01,K05,4,0,Z1,0.0000000000,2026-06-30 12:00:00+08:00,6726.0000000000,b39d641a1a65a9a58c96316059c9d97077dcc47dda33238b38cf209623be5e97,1,,,,0,2.3333333333,2026-07-08T18:00:00+08:00
2026-07-10,S01,K06,4,0,Z1,0.0000000000,2026-06-30 12:00:00+08:00,6727.0000000000,7250acce746b633411dc9b160c72065a14befe7e5928a0693a4f4cadde6a69d0,1,,,,0,2.3333333333,2026-07-08T18:00:00+08:00
2026-07-10,S01,K07,4,0,Z1,0.0000000000,2026-06-30 12:00:00+08:00,6728.0000000000,d4bb6b9013b45a7d00c10b4db0fcb7e8e9b0430189aa7abe521af792dffe4398,1,,,,0,2.3333333333,2026-07-08T18:00:00+08:00
2026-07-10,S01,K08,4,0,Z1,0.0000000000,2026-06-30 12:00:00+08:00,6729.0000000000,aef1d5e0eb30931c73cb54d4ec1222dd8c7b3662a51d9c033a04c4decdcdf0db,1,,,,0,2.3333333333,2026-07-08T18:00:00+08:00
2026-07-10,S02,K01,4,0,Z1,0.0000000000,2026-06-30 12:00:00+08:00,6730.0000000000,c39dbf4004b86e0600e56cf09f7e343d1358dba83dc6fab0a72b53af9dcf7039,1,,,,0,2.3333333333,2026-07-08T18:00:00+08:00
2026-07-10,S02,K02,4,0,Z1,0.0000000000,2026-06-30 12:00:00+08:00,6731.0000000000,ec7f5cbc743348222122fcaa7b5b11fe18e81a2ec6c56629bd05847c8efffa50,1,,,,0,2.3333333333,2026-07-08T18:00:00+08:00
2026-07-10,S02,K03,4,0,Z1,0.0000000000,2026-06-30 12:00:00+08:00,6732.0000000000,72ee53ff4cfc021842385ed1744e1e6b02d0b8f43a9f085ba551ed6f83642dc3,1,,,,0,2.3333333333,2026-07-08T18:00:00+08:00
2026-07-10,S02,K04,4,0,Z1,0.0000000000,2026-06-30 12:00:00+08:00,6733.0000000000,dc37a66097563e2c72da07ebb5ddefb0812749ebe907254993f4000a8cea7409,1,,,,0,2.3333333333,2026-07-08T18:00:00+08:00
2026-07-10,S02,K05,4,0,Z1,0.0000000000,2026-06-30 12:00:00+08:00,6734.0000000000,2891041ce4bdfed0c772d3638e6b10712e26132f8b4a3bab8c37fec696d6fa74,1,,,,0,2.3333333333,2026-07-08T18:00:00+08:00
2026-07-10,S02,K06,4,0,Z1,0.0000000000,2026-06-30 12:00:00+08:00,6735.0000000000,fd0b6479d9439faec2c5e1b41322fa746d45b43f389ab6485b2811ed8a4c0886,1,,,,0,2.3333333333,2026-07-08T18:00:00+08:00
2026-07-10,S02,K07,4,0,Z1,0.0000000000,2026-06-30 12:00:00+08:00,6736.0000000000,512e616e3f83408d93ee326c48f71c09bed9401c0028ed63cf9ff5fbf7b6568a,1,,,,0,2.3333333333,2026-07-08T18:00:00+08:00
2026-07-10,S02,K08,4,0,Z1,0.1500000000,2026-06-30 12:00:00+08:00,6737.0000000000,3dfcd28c2fede5a94c55b097d366e42e86b148d416b39cc7729b3f102a5adb79,1,,,,0,2.3333333333,2026-07-08T18:00:00+08:00
2026-07-10,S03,K01,4,0,Z1,0.0000000000,2026-06-30 12:00:00+08:00,6738.0000000000,9e529adffefe555eabc648fcbcc56e50c6d3886532d01013dd3558fc96a48f90,1,,,,0,2.3333333333,2026-07-08T18:00:00+08:00
2026-07-10,S03,K02,4,0,Z1,0.0000000000,2026-06-30 12:00:00+08:00,6739.0000000000,936b6034621b90e27e6d81c8d78f3e4fbf2abe25f938dcc0179781df8fc8e605,1,,,,0,2.3333333333,2026-07-08T18:00:00+08:00
2026-07-10,S03,K03,4,0,Z1,0.0000000000,2026-06-30 12:00:00+08:00,6740.0000000000,b76d839582d34262ef5261d199205107bf63288814dd3afd7b74dc59151e0712,1,,,,0,2.3333333333,2026-07-08T18:00:00+08:00
2026-07-10,S03,K04,4,0,Z1,0.0000000000,2026-06-30 12:00:00+08:00,6741.0000000000,f4456c5907fc14e3601382275af3501a27df15d988a7aa52ae58fc8ecdb1106a,1,,,,0,2.3333333333,2026-07-08T18:00:00+08:00
2026-07-10,S03,K05,4,0,Z1,0.0000000000,2026-06-30 12:00:00+08:00,6742.0000000000,8ce70edad9aaab581c50a058a49d90b0e132b4524bd24b10c8e7e80628123804,1,,,,0,2.3333333333,2026-07-08T18:00:00+08:00
2026-07-10,S03,K06,4,0,Z1,0.0000000000,2026-06-30 12:00:00+08:00,6743.0000000000,2864199f74b19bcf0eba065b9b84eab8d2ef85d914882b986456ca8d2d4b0b99,1,,,,0,2.3333333333,2026-07-08T18:00:00+08:00
2026-07-10,S03,K07,4,0,Z1,0.1500000000,2026-06-30 12:00:00+08:00,6744.0000000000,d3bf2e2cca8a15c4768404d4eede109815d6ba616d27f7c441717706bfa7fd5e,1,,,,0,2.3333333333,2026-07-08T18:00:00+08:00
2026-07-10,S03,K08,4,0,Z1,0.1500000000,2026-06-30 12:00:00+08:00,6745.0000000000,e6f9d45989c75908e099b5fe5cf7557a59bc6a40c18e59d0d1cc2ad0fc4b8fb6,1,,,,0,2.3333333333,2026-07-08T18:00:00+08:00
2026-07-10,S04,K01,4,0,Z1,0.0000000000,2026-06-30 12:00:00+08:00,6746.0000000000,16db1f823d31fd029b249c3fcad65ebdb8eee971bbac8001726328bebc99274a,1,,,,0,2.3333333333,2026-07-08T18:00:00+08:00
2026-07-10,S04,K02,4,0,Z1,0.0000000000,2026-06-30 12:00:00+08:00,6747.0000000000,f4b395b2f49503c8bc319064815e5a842250be056a66d0ee83edd15952dfe797,1,,,,0,2.3333333333,2026-07-08T18:00:00+08:00
2026-07-10,S04,K03,4,0,Z1,0.0000000000,2026-06-30 12:00:00+08:00,6748.0000000000,ed11742e3810992e753b945edd970f3844eafdf5cbe00153d39bffdcaebae175,1,,,,0,2.3333333333,2026-07-08T18:00:00+08:00
2026-07-10,S04,K04,4,0,Z1,0.0000000000,2026-06-30 12:00:00+08:00,6749.0000000000,b9980dacb3e0619853ec93e4074be7e244349c8add3bdff9145d6cb2380ac987,1,,,,0,2.3333333333,2026-07-08T18:00:00+08:00
2026-07-10,S04,K05,4,0,Z1,0.1500000000,2026-06-30 12:00:00+08:00,6750.0000000000,0ad0b3274cfd5982b42ab18b2b9b0202c80978de98d24b15a4dd45aeefac8071,1,,,,0,2.3333333333,2026-07-08T18:00:00+08:00
2026-07-10,S04,K06,4,0,Z1,0.1500000000,2026-06-30 12:00:00+08:00,6751.0000000000,f0a304f591c6b1696ed133c21726edcafc40cc6ca2a421757709ee41169ef1f8,1,,,,0,2.3333333333,2026-07-08T18:00:00+08:00
2026-07-10,S04,K07,4,0,Z1,0.0000000000,2026-06-30 12:00:00+08:00,6752.0000000000,44543a5e82f929e2fed6d4a964cdefe50ccd9f6d5cfdb3e961a6021e164a7143,1,,,,0,2.3333333333,2026-07-08T18:00:00+08:00
2026-07-10,S04,K08,4,0,Z1,0.0000000000,2026-06-30 12:00:00+08:00,6753.0000000000,84c4ad4acb0504e58ca107d75330ee74e2c9a038fc29381388361ea89db5b5e4,1,,,,0,2.3333333333,2026-07-08T18:00:00+08:00
2026-07-10,S05,K01,4,0,Z2,0.0000000000,2026-06-30 12:00:00+08:00,6754.0000000000,1f21566a5eaacf224179f4ddc8c5072a38ca909b190c00b9dfbdc8a5fbefb151,1,,,,0,2.3333333333,2026-07-08T18:00:00+08:00
2026-07-10,S05,K02,4,0,Z2,0.0000000000,2026-06-30 12:00:00+08:00,6755.0000000000,f0436b012a589c6542d3857da5fcffd790236a93167034ef4d873734e69ba35c,1,,,,0,2.3333333333,2026-07-08T18:00:00+08:00
2026-07-10,S05,K03,4,0,Z2,0.0000000000,2026-06-30 12:00:00+08:00,6756.0000000000,ce14dca6884bb649df5a84b847a7f34c703231e7b57a6fdd97432162627dbb39,1,,,,0,2.3333333333,2026-07-08T18:00:00+08:00
2026-07-10,S05,K04,4,0,Z2,0.1500000000,2026-06-30 12:00:00+08:00,6757.0000000000,df908c420c9592977d974c770da1b53a91b1ddd0e5016113f063ad78f345d19b,1,,,,0,2.3333333333,2026-07-08T18:00:00+08:00
2026-07-10,S05,K05,4,0,Z2,0.1500000000,2026-06-30 12:00:00+08:00,6758.0000000000,6788c29676fb930de50a477eafa2232b3b8dbcfc427caef62d0f023df089f55b,1,,,,0,2.3333333333,2026-07-08T18:00:00+08:00
2026-07-10,S05,K06,4,0,Z2,0.0000000000,2026-06-30 12:00:00+08:00,6759.0000000000,bb00056316ea2de95c08ef1ab3e047562be1346bbd22528b725b1d1ea9986dc4,1,,,,0,2.3333333333,2026-07-08T18:00:00+08:00
2026-07-10,S05,K07,4,0,Z2,0.0000000000,2026-06-30 12:00:00+08:00,6760.0000000000,0e1e10f6dd921c38f0bd85491dd24a832db56def1c350aa2e60aa8fa88d261ac,1,,,,0,2.3333333333,2026-07-08T18:00:00+08:00
2026-07-10,S05,K08,4,0,Z2,0.0000000000,2026-06-30 12:00:00+08:00,6761.0000000000,4c26ad75560a4f500524cbb2e83f9232f37ada927e17e8b25a85d38c895bd5db,1,,,,0,2.3333333333,2026-07-08T18:00:00+08:00
2026-07-10,S06,K01,4,0,Z2,0.0000000000,2026-06-30 12:00:00+08:00,6762.0000000000,c6c3ea611e3df86fb7539d42e0a6a16ccf0f456651d91d8a9b3297a42d6031d0,1,,,,0,2.3333333333,2026-07-08T18:00:00+08:00
2026-07-10,S06,K02,4,0,Z2,0.1500000000,2026-06-30 12:00:00+08:00,6763.0000000000,bc6c65e9783b43beda73b1217ed5cedbddf8c72f8403708d758f0440cd98a09f,1,,,,0,2.3333333333,2026-07-08T18:00:00+08:00
2026-07-10,S06,K03,4,0,Z2,0.1500000000,2026-06-30 12:00:00+08:00,6764.0000000000,f1ee81e2bf00e91c32c3114f28671ae104baac6b2433d49392c256882e633f75,1,,,,0,2.3333333333,2026-07-08T18:00:00+08:00
2026-07-10,S06,K04,4,0,Z2,0.0000000000,2026-06-30 12:00:00+08:00,6765.0000000000,6c8961d6b6f98227018a0abe872a451196dc4e20084979b531899ad21a4f78be,1,,,,0,2.3333333333,2026-07-08T18:00:00+08:00
2026-07-10,S06,K05,4,0,Z2,0.0000000000,2026-06-30 12:00:00+08:00,6766.0000000000,72545e9efd283077eba402f3bd3cb1e9096360a7669c687518485ac47aba132a,1,,,,0,2.3333333333,2026-07-08T18:00:00+08:00
2026-07-10,S06,K06,4,0,Z2,0.0000000000,2026-06-30 12:00:00+08:00,6767.0000000000,f1365f66a7442c5f59f6ffaa6f98933a35916e8eb12a10bd6030deab5c667aca,1,,,,0,2.3333333333,2026-07-08T18:00:00+08:00
2026-07-10,S06,K07,4,0,Z2,0.0000000000,2026-06-30 12:00:00+08:00,6768.0000000000,2c558d953846edcdf60c2ef620f298e23f1716fede92828b9e4cc3a9ce2a9963,1,,,,0,2.3333333333,2026-07-08T18:00:00+08:00
2026-07-10,S06,K08,4,0,Z2,0.0000000000,2026-06-30 12:00:00+08:00,6769.0000000000,72e898915d0ef7cafdb8db868594b3cda1332285781c67b3bb5691de675d94df,1,,,,0,2.3333333333,2026-07-08T18:00:00+08:00
2026-07-10,S07,K01,4,0,Z2,0.1500000000,2026-06-30 12:00:00+08:00,6770.0000000000,67370d9cc9d92337150c269c0e559f965eeac42129a5c2b150d9d8eaded7742a,1,,,,0,2.3333333333,2026-07-08T18:00:00+08:00
2026-07-10,S07,K02,4,0,Z2,0.1500000000,2026-06-30 12:00:00+08:00,6771.0000000000,24ef115092778cf5189634c008d8d22afa8cd86a84dd4acc573495dca1d03028,1,,,,0,2.3333333333,2026-07-08T18:00:00+08:00
2026-07-10,S07,K03,4,0,Z2,0.0000000000,2026-06-30 12:00:00+08:00,6772.0000000000,0c58d671347691040190d7efebdac8a411a8e0ba3d5c1e1754a27f7f96390896,1,,,,0,2.3333333333,2026-07-08T18:00:00+08:00
2026-07-10,S07,K04,4,0,Z2,0.0000000000,2026-06-30 12:00:00+08:00,6773.0000000000,77e6e3dab025a1e70ed5ed196c9ad1c8cdb0c4d902dc0e38de16c30b1d84dd32,1,,,,0,2.3333333333,2026-07-08T18:00:00+08:00
2026-07-10,S07,K05,4,0,Z2,0.0000000000,2026-06-30 12:00:00+08:00,6774.0000000000,155d3b9351e8ef889249c56cf3b4cdb395d548a4a5d502795b532e0270f61ad9,1,,,,0,2.3333333333,2026-07-08T18:00:00+08:00
2026-07-10,S07,K06,4,0,Z2,0.0000000000,2026-06-30 12:00:00+08:00,6775.0000000000,a6555f2d2029a28524792b4416d2d78c4509b96d9bca710c55b07a43da36991a,1,,,,0,2.3333333333,2026-07-08T18:00:00+08:00
2026-07-10,S07,K07,4,0,Z2,0.0000000000,2026-06-30 12:00:00+08:00,6776.0000000000,7e231114878d539d71901975890e4225a8dce8c9aa37d82014658c0bbe553d3b,1,,,,0,2.3333333333,2026-07-08T18:00:00+08:00
2026-07-10,S07,K08,4,0,Z2,0.0000000000,2026-06-30 12:00:00+08:00,6777.0000000000,899a0f55ba8da8239ac77e599a14f9d80b3cd77d1fb2cf3e94876c51fd8f2936,1,,,,0,2.3333333333,2026-07-08T18:00:00+08:00
2026-07-10,S08,K01,4,0,Z2,0.0000000000,2026-06-30 12:00:00+08:00,6778.0000000000,954e1d59fdf2c4c61877202da1d21c4667fd7f9144f02bcc80bccd227e682105,1,,,,0,2.3333333333,2026-07-08T18:00:00+08:00
2026-07-10,S08,K02,4,0,Z2,0.0000000000,2026-06-30 12:00:00+08:00,6779.0000000000,dc233da98e2a4c2f1cc66b12358602d0e33b8665174db27a59684faae1eaa3a9,1,,,,0,2.3333333333,2026-07-08T18:00:00+08:00
2026-07-10,S08,K03,4,0,Z2,0.0000000000,2026-06-30 12:00:00+08:00,6780.0000000000,19a42edcad8648dca9da7c449f0a1fce3df5fc553112ef1810cd6ecb72bda35c,1,,,,0,2.3333333333,2026-07-08T18:00:00+08:00
2026-07-10,S08,K04,4,0,Z2,0.0000000000,2026-06-30 12:00:00+08:00,6781.0000000000,59635e1fd5be2bc0d7e8ee0aa8aaea5d8cd8929dd385a7a6728ce77ac8e71a67,1,,,,0,2.3333333333,2026-07-08T18:00:00+08:00
2026-07-10,S08,K05,4,0,Z2,0.0000000000,2026-06-30 12:00:00+08:00,6782.0000000000,575273678db95359e458e5012eeb2697df1a34084ce37ff2568195c8756e2e69,1,,,,0,2.3333333333,2026-07-08T18:00:00+08:00
2026-07-10,S08,K06,4,0,Z2,0.0000000000,2026-06-30 12:00:00+08:00,6783.0000000000,f0d2b8a1956b850473970cd1ab8b2eb48224dfdeaceb4aafa3850ca05a02bbda,1,,,,0,2.3333333333,2026-07-08T18:00:00+08:00
2026-07-10,S08,K07,4,0,Z2,0.0000000000,2026-06-30 12:00:00+08:00,6784.0000000000,cd8d1553b3d92c800e137a91420cba37ad326f69193e52ce9dff26d3b2c4d87a,1,,,,0,2.3333333333,2026-07-08T18:00:00+08:00
2026-07-10,S08,K08,4,0,Z2,0.0000000000,2026-06-30 12:00:00+08:00,6785.0000000000,935226fc071280fdd6363fa491a34e5772de14e9801ab2c1f7421f1ec450d59c,1,,,,0,2.3333333333,2026-07-08T18:00:00+08:00
2026-07-10,S09,K01,4,0,Z3,0.0000000000,2026-06-30 12:00:00+08:00,6786.0000000000,dd82fbf9335ca23facf3df9c2d0aa8a8bd9ebd06273c1b34e92b7ae56ae5c862,1,,,,0,2.3333333333,2026-07-08T18:00:00+08:00
2026-07-10,S09,K02,4,0,Z3,0.0000000000,2026-06-30 12:00:00+08:00,6787.0000000000,30a75af5b0638ee9355da54c2250c69d97aff04093f01d12e6b5e6199e231a07,1,,,,0,2.3333333333,2026-07-08T18:00:00+08:00
2026-07-10,S09,K03,4,0,Z3,0.0000000000,2026-06-30 12:00:00+08:00,6788.0000000000,fc7bfa2bdadc8b52af64cd95a8123f5b8d018a4f160cedf1fbd52bb9fd0b5ad4,1,,,,0,2.3333333333,2026-07-08T18:00:00+08:00
2026-07-10,S09,K04,4,0,Z3,0.0000000000,2026-06-30 12:00:00+08:00,6789.0000000000,47065123ff2e9bd6712b286586690c6420b5e85d45de5ae09c4e7a28ddabb244,1,,,,0,2.3333333333,2026-07-08T18:00:00+08:00
2026-07-10,S09,K05,4,0,Z3,0.0000000000,2026-06-30 12:00:00+08:00,6790.0000000000,55d3236353d52c97c6879ccdb09db8920a587119e16bfc0e938a164e3ccf9bc2,1,,,,0,2.3333333333,2026-07-08T18:00:00+08:00
2026-07-10,S09,K06,4,0,Z3,0.0000000000,2026-06-30 12:00:00+08:00,6791.0000000000,5afbc07a66705b06804e79bcc1a5f415da2fa67e597214a0f288c7267212031a,1,,,,0,2.3333333333,2026-07-08T18:00:00+08:00
2026-07-10,S09,K07,4,0,Z3,0.0000000000,2026-06-30 12:00:00+08:00,6792.0000000000,df1e28b2cffaa591fd741c2dfbb35597c4190bfe0ac057fa323ae535daf4dda5,1,,,,0,2.3333333333,2026-07-08T18:00:00+08:00
2026-07-10,S09,K08,4,0,Z3,0.0000000000,2026-06-30 12:00:00+08:00,6793.0000000000,d3aa03b3ee64e0410824889fc19f48675aaba694b2dcacd4aa78708685d6c846,1,,,,0,2.3333333333,2026-07-08T18:00:00+08:00
2026-07-10,S10,K01,4,0,Z3,0.0000000000,2026-06-30 12:00:00+08:00,6794.0000000000,2066f5335484ebd9f326f4b6a5e9d872c5a8867e53a74c5963fed4fff1a9dfb4,1,,,,0,2.3333333333,2026-07-08T18:00:00+08:00
2026-07-10,S10,K02,4,0,Z3,0.0000000000,2026-06-30 12:00:00+08:00,6795.0000000000,607b48b13079b668ffb0a744f8936c40079ae3ded96ccbb3c935702de9539c0b,1,,,,0,2.3333333333,2026-07-08T18:00:00+08:00
2026-07-10,S10,K03,4,0,Z3,0.0000000000,2026-06-30 12:00:00+08:00,6796.0000000000,6f0060ab2ad454cb4b65ba95573057267933d4cf90cf15d0b747c64b2f8825a2,1,,,,0,2.3333333333,2026-07-08T18:00:00+08:00
2026-07-10,S10,K04,4,0,Z3,0.0000000000,2026-06-30 12:00:00+08:00,6797.0000000000,32942c0b30bf37d297e45f6f644edabacc191a44f7f8d730b4b1ff4d21280b40,1,,,,0,2.3333333333,2026-07-08T18:00:00+08:00
2026-07-10,S10,K05,4,0,Z3,0.0000000000,2026-06-30 12:00:00+08:00,6798.0000000000,2a19c7d37b191068ba42f92e2368e143dbbf63a898f4fc05ecd09e54e7b36eba,1,,,,0,2.3333333333,2026-07-08T18:00:00+08:00
2026-07-10,S10,K06,4,0,Z3,0.0000000000,2026-06-30 12:00:00+08:00,6799.0000000000,d045c8dbf3932e88fba100290bb075c8d6f92d77a0a7eaaa65c48665296dc432,1,,,,0,2.3333333333,2026-07-08T18:00:00+08:00
2026-07-10,S10,K07,4,0,Z3,0.0000000000,2026-06-30 12:00:00+08:00,6800.0000000000,00c3d31407df2c22232f6afc831c6f1afb977cf3ff6259b42ee508024f45bffc,1,,,,0,2.3333333333,2026-07-08T18:00:00+08:00
2026-07-10,S10,K08,4,0,Z3,0.1500000000,2026-06-30 12:00:00+08:00,6801.0000000000,a4a289958446c72c0edde9233626664bfef7e7a02a55e087d1c296219542b517,1,,,,0,2.3333333333,2026-07-08T18:00:00+08:00
2026-07-10,S11,K01,4,0,Z3,0.0000000000,2026-06-30 12:00:00+08:00,6802.0000000000,d2075b549db99667721e45e593d4798fb4c5e8d549405fc3a5cd9427d78e3912,1,,,,0,2.3333333333,2026-07-08T18:00:00+08:00
2026-07-10,S11,K02,4,0,Z3,0.0000000000,2026-06-30 12:00:00+08:00,6803.0000000000,d4b4b3a31329a7f8a06aaa0550316e26863b5cab18229a0ad813262bd0ccc9e3,1,,,,0,2.3333333333,2026-07-08T18:00:00+08:00
2026-07-10,S11,K03,4,0,Z3,0.0000000000,2026-06-30 12:00:00+08:00,6804.0000000000,d693816f4bf7cbf765684893e910b22d6d23eb9267b7a56571c924c296aa8714,1,,,,0,2.3333333333,2026-07-08T18:00:00+08:00
2026-07-10,S11,K04,4,0,Z3,0.0000000000,2026-06-30 12:00:00+08:00,6805.0000000000,ffb47cddfcaa19007df86e5387df97482fc6ba7cb0b3f5f7bedb47453002f903,1,,,,0,2.3333333333,2026-07-08T18:00:00+08:00
2026-07-10,S11,K05,4,0,Z3,0.0000000000,2026-06-30 12:00:00+08:00,6806.0000000000,a27c0611a697b86bbcebb8f966b0be8da7d2182ddd1689f5c388fca4e1d10246,1,,,,0,2.3333333333,2026-07-08T18:00:00+08:00
2026-07-10,S11,K06,4,0,Z3,0.1500000000,2026-06-30 12:00:00+08:00,6807.0000000000,afe10a265c76c79ce37db437c1bbcc3ec47133785495b481c5fcd3d293c5827e,1,,,,0,2.3333333333,2026-07-08T18:00:00+08:00
2026-07-10,S11,K07,4,0,Z3,0.1500000000,2026-06-30 12:00:00+08:00,6808.0000000000,10e7aab54838d3c1241db9a80bb221a0d59eab7dd2487aba248472e65d29d275,1,,,,0,2.3333333333,2026-07-08T18:00:00+08:00
2026-07-10,S11,K08,4,0,Z3,0.0000000000,2026-06-30 12:00:00+08:00,6809.0000000000,f3579fa0867704bc875fd7d343bc7de0a00270a234997f1e89747960a69085e2,1,,,,0,2.3333333333,2026-07-08T18:00:00+08:00
2026-07-10,S12,K01,4,0,Z3,0.0000000000,2026-06-30 12:00:00+08:00,6810.0000000000,751b3c758f32ca0d00589bd72f813a3dd5e9bc32c3a4c542028d136adbca3c14,1,,,,0,2.3333333333,2026-07-08T18:00:00+08:00
2026-07-10,S12,K02,4,0,Z3,0.0000000000,2026-06-30 12:00:00+08:00,6811.0000000000,eeebcdd028c0c59e67007106b97852ad9a381e222139c44e975437187483f333,1,,,,0,2.3333333333,2026-07-08T18:00:00+08:00
2026-07-10,S12,K03,4,0,Z3,0.0000000000,2026-06-30 12:00:00+08:00,6812.0000000000,ffef6360ce33041a3db4ceb5714bfbb261c17eac14a5b761c59ac4cc59945ab3,1,,,,0,2.3333333333,2026-07-08T18:00:00+08:00
2026-07-10,S12,K04,4,0,Z3,0.0000000000,2026-06-30 12:00:00+08:00,6813.0000000000,a4e30d5dd83a848e54c0a8c518b7a80f1f94fbd865c3b2bd4c2ea352018f257a,1,,,,0,2.3333333333,2026-07-08T18:00:00+08:00
2026-07-10,S12,K05,4,0,Z3,0.1500000000,2026-06-30 12:00:00+08:00,6814.0000000000,b052d4dbbe9e04dbdd1edc445effe72306b290688aae395bcc64b7a9a068ab5c,1,,,,0,2.3333333333,2026-07-08T18:00:00+08:00
2026-07-10,S12,K06,4,0,Z3,0.1500000000,2026-06-30 12:00:00+08:00,6815.0000000000,ca458798587137bc1ce793f6212afaff7d6080e30cb87e7789f492e5fea9163e,1,,,,0,2.3333333333,2026-07-08T18:00:00+08:00
2026-07-10,S12,K07,4,0,Z3,0.0000000000,2026-06-30 12:00:00+08:00,6816.0000000000,2cd98925c8a480b211073e120203bce30747f9b554d70d77ef475801cdffd3d4,1,,,,0,2.3333333333,2026-07-08T18:00:00+08:00
2026-07-10,S12,K08,4,0,Z3,0.0000000000,2026-06-30 12:00:00+08:00,6817.0000000000,3be8bbdf357926a0c3d07f0543a16fef4915263bbcb87ed56ca1764631d8b616,1,,,,0,2.3333333333,2026-07-08T18:00:00+08:00
2026-07-11,S01,K01,5,0,Z1,0.0000000000,2026-07-01 12:00:00+08:00,6818.0000000000,bb38a98e83c4bb37accc7373f46adda6a86b69532833757c0d02824b1202ce31,1,,,,0,2.3666666667,2026-07-08T18:00:00+08:00
2026-07-11,S01,K02,5,0,Z1,0.0000000000,2026-07-01 12:00:00+08:00,6819.0000000000,5b1fcd25888f1448cd7a7c7e1350a586ddec1a3bd5fc51a3f917a400330e0cde,1,,,,0,2.3666666667,2026-07-08T18:00:00+08:00
2026-07-11,S01,K03,5,0,Z1,0.0000000000,2026-07-01 12:00:00+08:00,6820.0000000000,1f2d9d30d1375dc09ee5cceaf3ddb885ff77d300a4eb46d8f461a531c3242434,1,,,,0,2.3666666667,2026-07-08T18:00:00+08:00
2026-07-11,S01,K04,5,0,Z1,0.0000000000,2026-07-01 12:00:00+08:00,6821.0000000000,bdbc4497b977b894cfa0825a2e98cb5554e780d04554aea6c0158fb72c64d85d,1,,,,0,2.3666666667,2026-07-08T18:00:00+08:00
2026-07-11,S01,K05,5,0,Z1,0.0000000000,2026-07-01 12:00:00+08:00,6822.0000000000,bc74ad8fa99c1230a5efad210369476b99324e17ee69af9101d0a0b7e928e561,1,,,,0,2.3666666667,2026-07-08T18:00:00+08:00
2026-07-11,S01,K06,5,0,Z1,0.0000000000,2026-07-01 12:00:00+08:00,6823.0000000000,8783083804adcd11509d9f201d3b07abbd737913d115e60c6241bd8cbaa8649b,1,,,,0,2.3666666667,2026-07-08T18:00:00+08:00
2026-07-11,S01,K07,5,0,Z1,0.0000000000,2026-07-01 12:00:00+08:00,6824.0000000000,e0443942f63cd6d2137875715836c7ee6cb2c5e3ff4ce91d1bc7df6bd6c8510f,1,,,,0,2.3666666667,2026-07-08T18:00:00+08:00
2026-07-11,S01,K08,5,0,Z1,0.0000000000,2026-07-01 12:00:00+08:00,6825.0000000000,9ba9bd8559f4228aaa0d67ba8e1f63a4bdbe0abd8d926383bb2e26a402be0369,1,,,,0,2.3666666667,2026-07-08T18:00:00+08:00
2026-07-11,S02,K01,5,0,Z1,0.0000000000,2026-07-01 12:00:00+08:00,6826.0000000000,b7babe97e94b664cae353b8d6f027883795179ea82446a09cd3f5bf8f2bbdf7a,1,,,,0,2.3666666667,2026-07-08T18:00:00+08:00
2026-07-11,S02,K02,5,0,Z1,0.0000000000,2026-07-01 12:00:00+08:00,6827.0000000000,725fadd0b0ba380faff847558c34f0a1e5ea96bf54fd7b59749ab906ae37111d,1,,,,0,2.3666666667,2026-07-08T18:00:00+08:00
2026-07-11,S02,K03,5,0,Z1,0.0000000000,2026-07-01 12:00:00+08:00,6828.0000000000,14df04bc54600784f258dfd4f3e16b09ab0bd0c3acad7d2e2527e064c7b0df02,1,,,,0,2.3666666667,2026-07-08T18:00:00+08:00
2026-07-11,S02,K04,5,0,Z1,0.0000000000,2026-07-01 12:00:00+08:00,6829.0000000000,92afcdf7f83660678c5c7d970123fb130419b3f989a7e133d5ae1ec8e98c7e29,1,,,,0,2.3666666667,2026-07-08T18:00:00+08:00
2026-07-11,S02,K05,5,0,Z1,0.0000000000,2026-07-01 12:00:00+08:00,6830.0000000000,cfe7b75984136858ed52452abd29752e65cc5f804bfb2aef68dd5d69a36e5132,1,,,,0,2.3666666667,2026-07-08T18:00:00+08:00
2026-07-11,S02,K06,5,0,Z1,0.0000000000,2026-07-01 12:00:00+08:00,6831.0000000000,9978c20b7b554f1e47e9a917d15da714b8c2799f981ac1892ce73d9e8fe12a16,1,,,,0,2.3666666667,2026-07-08T18:00:00+08:00
2026-07-11,S02,K07,5,0,Z1,0.0000000000,2026-07-01 12:00:00+08:00,6832.0000000000,349ba68f14dfefcb77f22926818d1a80c9cf32ad9a87d2f98680c80730ba56d3,1,,,,0,2.3666666667,2026-07-08T18:00:00+08:00
2026-07-11,S02,K08,5,0,Z1,0.1500000000,2026-07-01 12:00:00+08:00,6833.0000000000,bc5137d2d3113d77810b2d73aeefc49c147d018e7a53d929c2a8a30c0cd193a6,1,,,,0,2.3666666667,2026-07-08T18:00:00+08:00
2026-07-11,S03,K01,5,0,Z1,0.0000000000,2026-07-01 12:00:00+08:00,6834.0000000000,d774b957362769d72d2816f42e132de3af10f25fb39dbea9348ccc4f676e3f63,1,,,,0,2.3666666667,2026-07-08T18:00:00+08:00
2026-07-11,S03,K02,5,0,Z1,0.0000000000,2026-07-01 12:00:00+08:00,6835.0000000000,b208191f5b899875bd187726bdafa57db620af61e653e1fd5ac4c609c45819bd,1,,,,0,2.3666666667,2026-07-08T18:00:00+08:00
2026-07-11,S03,K03,5,0,Z1,0.0000000000,2026-07-01 12:00:00+08:00,6836.0000000000,ad6f141e8a1649806e32e31766d30f5fc7100439692eec76e0131d363440464c,1,,,,0,2.3666666667,2026-07-08T18:00:00+08:00
2026-07-11,S03,K04,5,0,Z1,0.0000000000,2026-07-01 12:00:00+08:00,6837.0000000000,d28dfd2805743bd3cb3065de60616b8def83cbf9205c4c68c9391ca7641b84a5,1,,,,0,2.3666666667,2026-07-08T18:00:00+08:00
2026-07-11,S03,K05,5,0,Z1,0.0000000000,2026-07-01 12:00:00+08:00,6838.0000000000,7c7ff6f7c3390aa4142fcba964046a68ea6ada94adf0ca9c046978c9afef326c,1,,,,0,2.3666666667,2026-07-08T18:00:00+08:00
2026-07-11,S03,K06,5,0,Z1,0.1500000000,2026-07-01 12:00:00+08:00,6839.0000000000,3e35cd8158e309fd133686414dab8a5980208455925175a95fee583b6d0393be,1,,,,0,2.3666666667,2026-07-08T18:00:00+08:00
2026-07-11,S03,K07,5,0,Z1,0.1500000000,2026-07-01 12:00:00+08:00,6840.0000000000,346fcf22c6226c491d38a543c441477d0e6bbe60b73bd25ddccdca4356eb29ee,1,,,,0,2.3666666667,2026-07-08T18:00:00+08:00
2026-07-11,S03,K08,5,0,Z1,0.0000000000,2026-07-01 12:00:00+08:00,6841.0000000000,f627a82677580016ad4c4d01acd62a7d5a2bed34b96ddc2da4c3f9279d17d7ab,1,,,,0,2.3666666667,2026-07-08T18:00:00+08:00
2026-07-11,S04,K01,5,0,Z1,0.0000000000,2026-07-01 12:00:00+08:00,6842.0000000000,7a31c4dd55745694d053769cdd6d6176e69e57b03efa7e89fce481dd6e626ad9,1,,,,0,2.3666666667,2026-07-08T18:00:00+08:00
2026-07-11,S04,K02,5,0,Z1,0.0000000000,2026-07-01 12:00:00+08:00,6843.0000000000,c8cb966279b110859851fd833d9800d9ad05070dcc8d2d54e9ba3528280c46ec,1,,,,0,2.3666666667,2026-07-08T18:00:00+08:00
2026-07-11,S04,K03,5,0,Z1,0.0000000000,2026-07-01 12:00:00+08:00,6844.0000000000,1ff24bfe9763df2dd96c8e3a931615ee99265babb71aba0a9e1c6fce3701e9a7,1,,,,0,2.3666666667,2026-07-08T18:00:00+08:00
2026-07-11,S04,K04,5,0,Z1,0.0000000000,2026-07-01 12:00:00+08:00,6845.0000000000,2c663373fe4cf295e889189ef5e7263cfad20f5f63aa39f3685ace4a82f5fac8,1,,,,0,2.3666666667,2026-07-08T18:00:00+08:00
2026-07-11,S04,K05,5,0,Z1,0.1500000000,2026-07-01 12:00:00+08:00,6846.0000000000,637b231d7af1fce545b4567b4d6004b96f248e3e60fa4e5f7dafc09d906c06c2,1,,,,0,2.3666666667,2026-07-08T18:00:00+08:00
2026-07-11,S04,K06,5,0,Z1,0.1500000000,2026-07-01 12:00:00+08:00,6847.0000000000,59c8ee4dc9f16e7541f82638a7ce0ab1147533bbd5888b624d1f138f1a56665e,1,,,,0,2.3666666667,2026-07-08T18:00:00+08:00
2026-07-11,S04,K07,5,0,Z1,0.0000000000,2026-07-01 12:00:00+08:00,6848.0000000000,59b2e44ff03f3d50ee87a98b9fbf8c1073fe5d51921df3213c3d055e8a3497f2,1,,,,0,2.3666666667,2026-07-08T18:00:00+08:00
2026-07-11,S04,K08,5,0,Z1,0.0000000000,2026-07-01 12:00:00+08:00,6849.0000000000,8e592a38f56ac7e2b37b9a31989cd19de13ec52367dc9c56474d6b2a223d47f3,1,,,,0,2.3666666667,2026-07-08T18:00:00+08:00
2026-07-11,S05,K01,5,0,Z2,0.0000000000,2026-07-01 12:00:00+08:00,6850.0000000000,96ab99f3d7e63d450cdc1504a0cb00f5491808276d30cf9371bccc13e0879f0b,1,,,,0,2.3666666667,2026-07-08T18:00:00+08:00
2026-07-11,S05,K02,5,0,Z2,0.0000000000,2026-07-01 12:00:00+08:00,6851.0000000000,74d0e9782de24848567eb434f434f71d53790f4ad6f5fcffa3467126247fd155,1,,,,0,2.3666666667,2026-07-08T18:00:00+08:00
2026-07-11,S05,K03,5,0,Z2,0.1500000000,2026-07-01 12:00:00+08:00,6852.0000000000,34d1d03499425387844bd8afd031f2a5224cf701d55c87b476155581db6dd676,1,,,,0,2.3666666667,2026-07-08T18:00:00+08:00
2026-07-11,S05,K04,5,0,Z2,0.1500000000,2026-07-01 12:00:00+08:00,6853.0000000000,dd74493d84422b87d05c880714037d301ba408e53f1412a840ba218cbbab4ec3,1,,,,0,2.3666666667,2026-07-08T18:00:00+08:00
2026-07-11,S05,K05,5,0,Z2,0.0000000000,2026-07-01 12:00:00+08:00,6854.0000000000,0bd22f326236f7b821e7f4c7956c63f9b690cdc1660ebac369185a4cfd73429d,1,,,,0,2.3666666667,2026-07-08T18:00:00+08:00
2026-07-11,S05,K06,5,0,Z2,0.0000000000,2026-07-01 12:00:00+08:00,6855.0000000000,9012a31d5c4b8301c440799e2ec610de47037dae6bd9549b9c212d74145f1106,1,,,,0,2.3666666667,2026-07-08T18:00:00+08:00
2026-07-11,S05,K07,5,0,Z2,0.0000000000,2026-07-01 12:00:00+08:00,6856.0000000000,f676859d702f0e9839dafc2c30e13d66b5abd95a0b3f228975edcb36c86a91d9,1,,,,0,2.3666666667,2026-07-08T18:00:00+08:00
2026-07-11,S05,K08,5,0,Z2,0.0000000000,2026-07-01 12:00:00+08:00,6857.0000000000,9577ef8c868ba3d106679d78774192e98af38a9e4c9a36e5828c76f9ce8cd6b2,1,,,,0,2.3666666667,2026-07-08T18:00:00+08:00
2026-07-11,S06,K01,5,0,Z2,0.0000000000,2026-07-01 12:00:00+08:00,6858.0000000000,37d053f82bbc3df336c46ac1c6fec8c72b27e7c128641b27f61f5e0a69a09e70,1,,,,0,2.3666666667,2026-07-08T18:00:00+08:00
2026-07-11,S06,K02,5,0,Z2,0.1500000000,2026-07-01 12:00:00+08:00,6859.0000000000,fd4dcc93a5a2d6cd73f246804c5967f214466b5ae8237c4fb1635b613f3ed9f3,1,,,,0,2.3666666667,2026-07-08T18:00:00+08:00
2026-07-11,S06,K03,5,0,Z2,0.1500000000,2026-07-01 12:00:00+08:00,6860.0000000000,bccea64c61c6019050c41d1a808ae2a6276f40b8dc537bf821490ad97bb4d985,1,,,,0,2.3666666667,2026-07-08T18:00:00+08:00
2026-07-11,S06,K04,5,0,Z2,0.0000000000,2026-07-01 12:00:00+08:00,6861.0000000000,06437ede0e00905dcbcf77af5cfc8270cdfa1fc68f4a6788209aac21685fda87,1,,,,0,2.3666666667,2026-07-08T18:00:00+08:00
2026-07-11,S06,K05,5,0,Z2,0.0000000000,2026-07-01 12:00:00+08:00,6862.0000000000,45b76ba1a1066869285755c693a58d44750c34c48f0813990e9a1f69798ed9f6,1,,,,0,2.3666666667,2026-07-08T18:00:00+08:00
2026-07-11,S06,K06,5,0,Z2,0.0000000000,2026-07-01 12:00:00+08:00,6863.0000000000,3b3fd2342704359f76490a92dac5b7dbf1d5d70865789f82776c56707eaaf841,1,,,,0,2.3666666667,2026-07-08T18:00:00+08:00
2026-07-11,S06,K07,5,0,Z2,0.0000000000,2026-07-01 12:00:00+08:00,6864.0000000000,0618a32506f0edaff1d76af6efbd0237203d637d129c42ef574dd253a50196e8,1,,,,0,2.3666666667,2026-07-08T18:00:00+08:00
2026-07-11,S06,K08,5,0,Z2,0.0000000000,2026-07-01 12:00:00+08:00,6865.0000000000,beca5b41948c7a2d42c285288dacb8a39a5fff0d146809a4e2d4b7b920764f09,1,,,,0,2.3666666667,2026-07-08T18:00:00+08:00
2026-07-11,S07,K01,5,0,Z2,0.1500000000,2026-07-01 12:00:00+08:00,6866.0000000000,3690ca0280c24e7d4370aa4d5d834cc74d8433b445b1469671023fc1c428a461,1,,,,0,2.3666666667,2026-07-08T18:00:00+08:00
2026-07-11,S07,K02,5,0,Z2,0.0000000000,2026-07-01 12:00:00+08:00,6867.0000000000,a711d886ff7f388a4c50f1bc397c2cb9fa0927e603a595f8e3030fd90f13278f,1,,,,0,2.3666666667,2026-07-08T18:00:00+08:00
2026-07-11,S07,K03,5,0,Z2,0.0000000000,2026-07-01 12:00:00+08:00,6868.0000000000,132fdb252a6d32a74efdb747b0399fc2ce7fc22e7f8406c02d7bc25a28d8b956,1,,,,0,2.3666666667,2026-07-08T18:00:00+08:00
2026-07-11,S07,K04,5,0,Z2,0.0000000000,2026-07-01 12:00:00+08:00,6869.0000000000,e3ab502ce1f57803fcf78918df40e11a57ee98d4efe7f3f16a0174e228453cf3,1,,,,0,2.3666666667,2026-07-08T18:00:00+08:00
2026-07-11,S07,K05,5,0,Z2,0.0000000000,2026-07-01 12:00:00+08:00,6870.0000000000,72e452d3b867fdbf08b805dd1ab9a0a30889024b4fde775438982e5f71e990aa,1,,,,0,2.3666666667,2026-07-08T18:00:00+08:00
2026-07-11,S07,K06,5,0,Z2,0.0000000000,2026-07-01 12:00:00+08:00,6871.0000000000,a12b4e8eaef527dcb82f87439f5fffc931979f0e7733992bf88d27965e657043,1,,,,0,2.3666666667,2026-07-08T18:00:00+08:00
2026-07-11,S07,K07,5,0,Z2,0.0000000000,2026-07-01 12:00:00+08:00,6872.0000000000,02dd9c866b614eebe8d29377f323589b81bfd40546734c47edcf89eea85bad80,1,,,,0,2.3666666667,2026-07-08T18:00:00+08:00
2026-07-11,S07,K08,5,0,Z2,0.0000000000,2026-07-01 12:00:00+08:00,6873.0000000000,98c7f2e212a126d1a163ff01e92efa042f75e1dbf4a7fdfeedfafa90cd48f4c8,1,,,,0,2.3666666667,2026-07-08T18:00:00+08:00
2026-07-11,S08,K01,5,0,Z2,0.0000000000,2026-07-01 12:00:00+08:00,6874.0000000000,d2be989d51d57137701d741a38460184917dd4183065cb8689e7f2553ac1769f,1,,,,0,2.3666666667,2026-07-08T18:00:00+08:00
2026-07-11,S08,K02,5,0,Z2,0.0000000000,2026-07-01 12:00:00+08:00,6875.0000000000,881656383f15c8cd4fad023d472088bfd6b16777913057d68da9a4bccbbdf698,1,,,,0,2.3666666667,2026-07-08T18:00:00+08:00
2026-07-11,S08,K03,5,0,Z2,0.0000000000,2026-07-01 12:00:00+08:00,6876.0000000000,1fc52abef443921ad25540a2c0f7bcda8059c6742c705db964198b0920b24a15,1,,,,0,2.3666666667,2026-07-08T18:00:00+08:00
2026-07-11,S08,K04,5,0,Z2,0.0000000000,2026-07-01 12:00:00+08:00,6877.0000000000,c0fb0923a24537da30342f2c32eb715b8a8df7c935f30a57fa3f629009dd2e02,1,,,,0,2.3666666667,2026-07-08T18:00:00+08:00
2026-07-11,S08,K05,5,0,Z2,0.0000000000,2026-07-01 12:00:00+08:00,6878.0000000000,edf2aa9d6ab9da279b51e700be19f22d837f1288b8d56d2389ec81ca5d976656,1,,,,0,2.3666666667,2026-07-08T18:00:00+08:00
2026-07-11,S08,K06,5,0,Z2,0.0000000000,2026-07-01 12:00:00+08:00,6879.0000000000,eddf29249218e5fc8ceeebe18cc626955c36447e95e95dadf03088f0ec024a5a,1,,,,0,2.3666666667,2026-07-08T18:00:00+08:00
2026-07-11,S08,K07,5,0,Z2,0.0000000000,2026-07-01 12:00:00+08:00,6880.0000000000,b0d5c4eb94526c739dfdc1960dcde421095692ca84b28ee570b52836c83a7513,1,,,,0,2.3666666667,2026-07-08T18:00:00+08:00
2026-07-11,S08,K08,5,0,Z2,0.0000000000,2026-07-01 12:00:00+08:00,6881.0000000000,d53e4d6fba278e83ad4194277fc55b584975ee0833a0e3d125b6d58505d118e4,1,,,,0,2.3666666667,2026-07-08T18:00:00+08:00
2026-07-11,S09,K01,5,0,Z3,0.0000000000,2026-07-01 12:00:00+08:00,6882.0000000000,faccdd6c224a7917bfc98532b386f11bed8a709efed43d616e8218bb7c3231cc,1,,,,0,2.3666666667,2026-07-08T18:00:00+08:00
2026-07-11,S09,K02,5,0,Z3,0.0000000000,2026-07-01 12:00:00+08:00,6883.0000000000,82fd17f043d3f5338a8e3a3fb38d95331298faa5de7abd80d5336668691bd52a,1,,,,0,2.3666666667,2026-07-08T18:00:00+08:00
2026-07-11,S09,K03,5,0,Z3,0.0000000000,2026-07-01 12:00:00+08:00,6884.0000000000,4dfbac868960f3b8106ebe5fcd687be3fa6038005e47499aef6c09552299a01f,1,,,,0,2.3666666667,2026-07-08T18:00:00+08:00
2026-07-11,S09,K04,5,0,Z3,0.0000000000,2026-07-01 12:00:00+08:00,6885.0000000000,20718f73bf49ef5253eff0cde8711cc5b73182e14e06c23fd39dc08bdd5dd3f9,1,,,,0,2.3666666667,2026-07-08T18:00:00+08:00
2026-07-11,S09,K05,5,0,Z3,0.0000000000,2026-07-01 12:00:00+08:00,6886.0000000000,92b4aa395039d3c378fcbec4fa4832ca9c9173ad86fb09b30a82157fe7a89851,1,,,,0,2.3666666667,2026-07-08T18:00:00+08:00
2026-07-11,S09,K06,5,0,Z3,0.0000000000,2026-07-01 12:00:00+08:00,6887.0000000000,6f44e59bfd592a5ef897b3a312621dfaba369da8bc5bc5fad71561f912c896c2,1,,,,0,2.3666666667,2026-07-08T18:00:00+08:00
2026-07-11,S09,K07,5,0,Z3,0.0000000000,2026-07-01 12:00:00+08:00,6888.0000000000,738317ffafa3e587a12bcab8375be13662beb88bcf2ab7f1bd85082ce1aadc08,1,,,,0,2.3666666667,2026-07-08T18:00:00+08:00
2026-07-11,S09,K08,5,0,Z3,0.0000000000,2026-07-01 12:00:00+08:00,6889.0000000000,e879cfc7d2c1878b982296fa6e05bcf57dc369aef0399e80ae4c9bbe70cb557c,1,,,,0,2.3666666667,2026-07-08T18:00:00+08:00
2026-07-11,S10,K01,5,0,Z3,0.0000000000,2026-07-01 12:00:00+08:00,6890.0000000000,19264efd3c2581913f154638fc34590f3c112e8771ff7a0234b5e34577ce7cad,1,,,,0,2.3666666667,2026-07-08T18:00:00+08:00
2026-07-11,S10,K02,5,0,Z3,0.0000000000,2026-07-01 12:00:00+08:00,6891.0000000000,451177779719aec2c2a205e6ea713a0e8891290d0a61019cf36d000daed1a57c,1,,,,0,2.3666666667,2026-07-08T18:00:00+08:00
2026-07-11,S10,K03,5,0,Z3,0.0000000000,2026-07-01 12:00:00+08:00,6892.0000000000,d95cf878927d4ea3f0c6f72c64439e24bc6d13b8385eefb8d4d19b9910093c54,1,,,,0,2.3666666667,2026-07-08T18:00:00+08:00
2026-07-11,S10,K04,5,0,Z3,0.0000000000,2026-07-01 12:00:00+08:00,6893.0000000000,3afe815e1e755d179f9da6f39e5ff088378f62ea838db3952def2a9e58d58cda,1,,,,0,2.3666666667,2026-07-08T18:00:00+08:00
2026-07-11,S10,K05,5,0,Z3,0.0000000000,2026-07-01 12:00:00+08:00,6894.0000000000,9503fc5c3b55ebd0295dec34d16c8ad755b092cd73bf497db73d29ff215f9020,1,,,,0,2.3666666667,2026-07-08T18:00:00+08:00
2026-07-11,S10,K06,5,0,Z3,0.0000000000,2026-07-01 12:00:00+08:00,6895.0000000000,1e01a5020b4ff3c05ed3174013f9106380ca0d68743839e5ae5d60820000d1ba,1,,,,0,2.3666666667,2026-07-08T18:00:00+08:00
2026-07-11,S10,K07,5,0,Z3,0.1500000000,2026-07-01 12:00:00+08:00,6896.0000000000,44a7182c85355244ad2f66af8202307e17fedbf7e596a0d745537baa18122a38,1,,,,0,2.3666666667,2026-07-08T18:00:00+08:00
2026-07-11,S10,K08,5,0,Z3,0.1500000000,2026-07-01 12:00:00+08:00,6897.0000000000,495e888a8432820db7a56a78d29c64eb96ee5e4919737b5fecbd7f978f8b4f7c,1,,,,0,2.3666666667,2026-07-08T18:00:00+08:00
2026-07-11,S11,K01,5,0,Z3,0.0000000000,2026-07-01 12:00:00+08:00,6898.0000000000,3fc1aadae87b30fa41901e1f3d577e8a25c73349e9765a3533a7a7e8e80949cd,1,,,,0,2.3666666667,2026-07-08T18:00:00+08:00
2026-07-11,S11,K02,5,0,Z3,0.0000000000,2026-07-01 12:00:00+08:00,6899.0000000000,71f18d52deee5e273788c1877a46e626eeffccd6dd9981b04fb4d9ce516a2399,1,,,,0,2.3666666667,2026-07-08T18:00:00+08:00
2026-07-11,S11,K03,5,0,Z3,0.0000000000,2026-07-01 12:00:00+08:00,6900.0000000000,77822597444f5f821155da5ae01448ea1e8ff189c7bcd9ac0675f0cc67de73bf,1,,,,0,2.3666666667,2026-07-08T18:00:00+08:00
2026-07-11,S11,K04,5,0,Z3,0.0000000000,2026-07-01 12:00:00+08:00,6901.0000000000,919e55794a19d69c58ea27aa7031af8b6399b4b323d122daa70a0a62d85c633e,1,,,,0,2.3666666667,2026-07-08T18:00:00+08:00
2026-07-11,S11,K05,5,0,Z3,0.0000000000,2026-07-01 12:00:00+08:00,6902.0000000000,f461da6b1f1cdcdfa110a4b9ee58dbaee0f9618f873324faad510bce4eedc12c,1,,,,0,2.3666666667,2026-07-08T18:00:00+08:00
2026-07-11,S11,K06,5,0,Z3,0.1500000000,2026-07-01 12:00:00+08:00,6903.0000000000,8adda56573dbd5295593f975cd7a7f6b2d6a24a09115712d91c72f4c4c2a27ba,1,,,,0,2.3666666667,2026-07-08T18:00:00+08:00
2026-07-11,S11,K07,5,0,Z3,0.1500000000,2026-07-01 12:00:00+08:00,6904.0000000000,34dd77839f6e30cc5da57b2db85beae7dc2ad42f2b55c104cd42e7f6bd4a684f,1,,,,0,2.3666666667,2026-07-08T18:00:00+08:00
2026-07-11,S11,K08,5,0,Z3,0.0000000000,2026-07-01 12:00:00+08:00,6905.0000000000,b6f7f5cf26f20b114a45a4488af7bd5aec1d52af3a190fc983f4d36a9d8aabb1,1,,,,0,2.3666666667,2026-07-08T18:00:00+08:00
2026-07-11,S12,K01,5,0,Z3,0.0000000000,2026-07-01 12:00:00+08:00,6906.0000000000,ce2ecf98cc660573f634ee0bdf41ebb3f979245d24b13b0c6e3da07e7ca09b17,1,,,,0,2.3666666667,2026-07-08T18:00:00+08:00
2026-07-11,S12,K02,5,0,Z3,0.0000000000,2026-07-01 12:00:00+08:00,6907.0000000000,36a236bed30b36ed50acfe0f64696dfb445bc68214f5ad2b6657d112f4f39b1f,1,,,,0,2.3666666667,2026-07-08T18:00:00+08:00
2026-07-11,S12,K03,5,0,Z3,0.0000000000,2026-07-01 12:00:00+08:00,6908.0000000000,54eeec745c68482de32e6207933fed9328d595e2ecb3481a71681d00d5d99f00,1,,,,0,2.3666666667,2026-07-08T18:00:00+08:00
2026-07-11,S12,K04,5,0,Z3,0.1500000000,2026-07-01 12:00:00+08:00,6909.0000000000,c501cf9b9d97ae419b353183203a1b397c37fdfd2e7f26b05208c3328f9f57c1,1,,,,0,2.3666666667,2026-07-08T18:00:00+08:00
2026-07-11,S12,K05,5,0,Z3,0.1500000000,2026-07-01 12:00:00+08:00,6910.0000000000,9959444afc30d12d4f7b339856a4fb1e5265324dfa561d4921aee37337010bca,1,,,,0,2.3666666667,2026-07-08T18:00:00+08:00
2026-07-11,S12,K06,5,0,Z3,0.0000000000,2026-07-01 12:00:00+08:00,6911.0000000000,a3f8874260f3cea8c33bc8bb29be0517f4f44421088babfe065d336cd5db63ca,1,,,,0,2.3666666667,2026-07-08T18:00:00+08:00
2026-07-11,S12,K07,5,0,Z3,0.0000000000,2026-07-01 12:00:00+08:00,6912.0000000000,6c22a643e278cfdc644a6f6603fe05c6745d650b4b52f91023ddae6a0485178e,1,,,,0,2.3666666667,2026-07-08T18:00:00+08:00
2026-07-11,S12,K08,5,0,Z3,0.0000000000,2026-07-01 12:00:00+08:00,6913.0000000000,392b5ead1017e399c50949e54e34eb017aa329a0779a8540ff91942b973dd259,1,,,,0,2.3666666667,2026-07-08T18:00:00+08:00
2026-07-12,S01,K01,6,0,Z1,0.0000000000,2026-07-02 12:00:00+08:00,6914.0000000000,f86bd1c1d1b9f5e089858ed657ea2f314e75f275aeeedb108231c16ed1cf5b98,1,,,,0,2.4000000000,2026-07-08T18:00:00+08:00
2026-07-12,S01,K02,6,0,Z1,0.0000000000,2026-07-02 12:00:00+08:00,6915.0000000000,6552a02133595e8cd3c3be1e7f41f38c12211c09fe31bcc15aaed54e92a0152e,1,,,,0,2.4000000000,2026-07-08T18:00:00+08:00
2026-07-12,S01,K03,6,0,Z1,0.0000000000,2026-07-02 12:00:00+08:00,6916.0000000000,18c753d49e09ad6cd7cae43377107e0a195795a2e3f2600848b4e1441616102e,1,,,,0,2.4000000000,2026-07-08T18:00:00+08:00
2026-07-12,S01,K04,6,0,Z1,0.0000000000,2026-07-02 12:00:00+08:00,6917.0000000000,5c23d333f5f20e947f997453b2a85043a5f85295ba0a6bdd72b9e64b65c338b2,1,,,,0,2.4000000000,2026-07-08T18:00:00+08:00
2026-07-12,S01,K05,6,0,Z1,0.0000000000,2026-07-02 12:00:00+08:00,6918.0000000000,c90dd37c6b2bf8d4e86ba025786b727b0e655a17b7f7502abcd6468bf4df5640,1,,,,0,2.4000000000,2026-07-08T18:00:00+08:00
2026-07-12,S01,K06,6,0,Z1,0.0000000000,2026-07-02 12:00:00+08:00,6919.0000000000,e25f1eba3987959377b16e31effe4cc722922ebdf924bd2b3c944c133f3ee96f,1,,,,0,2.4000000000,2026-07-08T18:00:00+08:00
2026-07-12,S01,K07,6,0,Z1,0.0000000000,2026-07-02 12:00:00+08:00,6920.0000000000,2c20ff329b59e082045fc2e9cb701717c5cce0f152129b916db9bde254f8e77b,1,,,,0,2.4000000000,2026-07-08T18:00:00+08:00
2026-07-12,S01,K08,6,0,Z1,0.0000000000,2026-07-02 12:00:00+08:00,6921.0000000000,945672c86d356005ef81efe50f3be807b8c4bd4d26e7864f2971995a013b8a57,1,,,,0,2.4000000000,2026-07-08T18:00:00+08:00
2026-07-12,S02,K01,6,0,Z1,0.0000000000,2026-07-02 12:00:00+08:00,6922.0000000000,5ae914188995261eb155cd1a028b3d0074f72928168d9962d70365e13daecbaf,1,,,,0,2.4000000000,2026-07-08T18:00:00+08:00
2026-07-12,S02,K02,6,0,Z1,0.0000000000,2026-07-02 12:00:00+08:00,6923.0000000000,8f3c79e50ce0a424490689143547e857ac1ca37bbe89aa39a786c8e44fc0f85c,1,,,,0,2.4000000000,2026-07-08T18:00:00+08:00
2026-07-12,S02,K03,6,0,Z1,0.0000000000,2026-07-02 12:00:00+08:00,6924.0000000000,0e76bda5009e6bdb3ccd2c84a9f13e7f627ee63f91e95f17d6e9d495c157070f,1,,,,0,2.4000000000,2026-07-08T18:00:00+08:00
2026-07-12,S02,K04,6,0,Z1,0.0000000000,2026-07-02 12:00:00+08:00,6925.0000000000,5a202d763efa21db79e4391090651a49bf85a804ebf5951e6d0403871674d25a,1,,,,0,2.4000000000,2026-07-08T18:00:00+08:00
2026-07-12,S02,K05,6,0,Z1,0.0000000000,2026-07-02 12:00:00+08:00,6926.0000000000,fe1fae3ccc07d83a4a36682d9ee46e50043d0de5bcc8f4f75faa0e56dbc9520a,1,,,,0,2.4000000000,2026-07-08T18:00:00+08:00
2026-07-12,S02,K06,6,0,Z1,0.0000000000,2026-07-02 12:00:00+08:00,6927.0000000000,34e38d291463f5ee64628ff1300b8a45d6e20a2a053c252e4b55e4ec3d7f1ed0,1,,,,0,2.4000000000,2026-07-08T18:00:00+08:00
2026-07-12,S02,K07,6,0,Z1,0.1500000000,2026-07-02 12:00:00+08:00,6928.0000000000,90fec40c4ff73e44ce9a6a9097e6a469c29b7e67c6116d33d902b68019e385d0,1,,,,0,2.4000000000,2026-07-08T18:00:00+08:00
2026-07-12,S02,K08,6,0,Z1,0.1500000000,2026-07-02 12:00:00+08:00,6929.0000000000,80193922e9a1ab62c64cef7bcb6ea8a2459a7bc6d2e361a0c01420fa4f5a52c6,1,,,,0,2.4000000000,2026-07-08T18:00:00+08:00
2026-07-12,S03,K01,6,0,Z1,0.0000000000,2026-07-02 12:00:00+08:00,6930.0000000000,2b2d5dea3edc0dc7f14a57335bf63a313eb247667bfa4007acad04127227565d,1,,,,0,2.4000000000,2026-07-08T18:00:00+08:00
2026-07-12,S03,K02,6,0,Z1,0.0000000000,2026-07-02 12:00:00+08:00,6931.0000000000,60e329135b01914a626bf148ab2911a9d69d5bf61b0fa9261729efab22eba1b9,1,,,,0,2.4000000000,2026-07-08T18:00:00+08:00
2026-07-12,S03,K03,6,0,Z1,0.0000000000,2026-07-02 12:00:00+08:00,6932.0000000000,a0744caf2bba82bef244d16ccd2014f4c4f5df5ae819792fa158306dbb955aa8,1,,,,0,2.4000000000,2026-07-08T18:00:00+08:00
2026-07-12,S03,K04,6,0,Z1,0.0000000000,2026-07-02 12:00:00+08:00,6933.0000000000,a247968edf093e846784a3f972625d75ffebd6d044ffc5461318f31ab9214800,1,,,,0,2.4000000000,2026-07-08T18:00:00+08:00
2026-07-12,S03,K05,6,0,Z1,0.0000000000,2026-07-02 12:00:00+08:00,6934.0000000000,24e5454c7d5c7483f823347baa42bd041e3be351d1085bff21cef31269a31d9b,1,,,,0,2.4000000000,2026-07-08T18:00:00+08:00
2026-07-12,S03,K06,6,0,Z1,0.1500000000,2026-07-02 12:00:00+08:00,6935.0000000000,937d9fdbe5e41ac2f34ee6e15b264f03b569942c3687875780a2bc7234855db8,1,,,,0,2.4000000000,2026-07-08T18:00:00+08:00
2026-07-12,S03,K07,6,0,Z1,0.1500000000,2026-07-02 12:00:00+08:00,6936.0000000000,dc3cfd4a21b19ef20d80baf04391039963e73dbf4b01e21272679de002bf377e,1,,,,0,2.4000000000,2026-07-08T18:00:00+08:00
2026-07-12,S03,K08,6,0,Z1,0.0000000000,2026-07-02 12:00:00+08:00,6937.0000000000,ee7503a13dc117b45346e58ddb5eda102eb4b1bd77258d56336e2168c60f88c2,1,,,,0,2.4000000000,2026-07-08T18:00:00+08:00
2026-07-12,S04,K01,6,0,Z1,0.0000000000,2026-07-02 12:00:00+08:00,6938.0000000000,56f57b1501ce1d1c28dd4bab2a7a131e13af4c74c45b6cd03ab80e647897c1ca,1,,,,0,2.4000000000,2026-07-08T18:00:00+08:00
2026-07-12,S04,K02,6,0,Z1,0.0000000000,2026-07-02 12:00:00+08:00,6939.0000000000,7f9ed36b34eb145a7dc303d05155bc5c05cb2175cd95124ad3e1874f5899cf56,1,,,,0,2.4000000000,2026-07-08T18:00:00+08:00
2026-07-12,S04,K03,6,0,Z1,0.0000000000,2026-07-02 12:00:00+08:00,6940.0000000000,5bba47d4a5b6f558195c308da2eea38200cbadb50c709a3517ed41d68a310ede,1,,,,0,2.4000000000,2026-07-08T18:00:00+08:00
2026-07-12,S04,K04,6,0,Z1,0.1500000000,2026-07-02 12:00:00+08:00,6941.0000000000,bd1b921598da3c247f5e92bfbaefac156dba295ee97b26dcc0bbb6f7aa3e1c5f,1,,,,0,2.4000000000,2026-07-08T18:00:00+08:00
2026-07-12,S04,K05,6,0,Z1,0.1500000000,2026-07-02 12:00:00+08:00,6942.0000000000,2623581d8cfa22979ef3db022b170e254c88d389b628b4e26c296cc5b705ed67,1,,,,0,2.4000000000,2026-07-08T18:00:00+08:00
2026-07-12,S04,K06,6,0,Z1,0.0000000000,2026-07-02 12:00:00+08:00,6943.0000000000,0bea19bf05fa57d7360f94911f7f7f4e8a87f7860ba1b01efde71f6e3491252b,1,,,,0,2.4000000000,2026-07-08T18:00:00+08:00
2026-07-12,S04,K07,6,0,Z1,0.0000000000,2026-07-02 12:00:00+08:00,6944.0000000000,ff0d20455145466e31295c4d08a2d01a54a2212ba892761e2ad70095061b5af9,1,,,,0,2.4000000000,2026-07-08T18:00:00+08:00
2026-07-12,S04,K08,6,0,Z1,0.0000000000,2026-07-02 12:00:00+08:00,6945.0000000000,81868ed3f9ff2da6b0c0c7b89782833bbe3c8fa207ae9b8fbf048ba9a6d51fad,1,,,,0,2.4000000000,2026-07-08T18:00:00+08:00
2026-07-12,S05,K01,6,0,Z2,0.0000000000,2026-07-02 12:00:00+08:00,6946.0000000000,0d9df68a042228d05b2b9cf7bd6737b2745159c7ee170edb6c5613e4997918f4,1,,,,0,2.4000000000,2026-07-08T18:00:00+08:00
2026-07-12,S05,K02,6,0,Z2,0.0000000000,2026-07-02 12:00:00+08:00,6947.0000000000,83430c1f82381c4e3539b73aaaadf148636fa3c1d83a29bd9229bc0cdec1aa8e,1,,,,0,2.4000000000,2026-07-08T18:00:00+08:00
2026-07-12,S05,K03,6,0,Z2,0.1500000000,2026-07-02 12:00:00+08:00,6948.0000000000,2654d8a5de8781ff7a89d65b5b1b65117d8448b10cd4c93ddfcc3329c710d3b0,1,,,,0,2.4000000000,2026-07-08T18:00:00+08:00
2026-07-12,S05,K04,6,0,Z2,0.1500000000,2026-07-02 12:00:00+08:00,6949.0000000000,7a2b027cd42bc3175a06cafa349c5137e7bdb0e6ca7adff92d096f4f35bab8d8,1,,,,0,2.4000000000,2026-07-08T18:00:00+08:00
2026-07-12,S05,K05,6,0,Z2,0.0000000000,2026-07-02 12:00:00+08:00,6950.0000000000,f58ea5ab0fcb0556e0b52667ee14ae2d5fce13efa98d1317c71aa17db40cd24b,1,,,,0,2.4000000000,2026-07-08T18:00:00+08:00
2026-07-12,S05,K06,6,0,Z2,0.0000000000,2026-07-02 12:00:00+08:00,6951.0000000000,b620668127d8a72b51821692ce873c5ea20e23156425739e101be950da84707c,1,,,,0,2.4000000000,2026-07-08T18:00:00+08:00
2026-07-12,S05,K07,6,0,Z2,0.0000000000,2026-07-02 12:00:00+08:00,6952.0000000000,02247d819bce2692d0ff933fe82ad91d2703e06d0abda1bbb410f3089f6c7cfd,1,,,,0,2.4000000000,2026-07-08T18:00:00+08:00
2026-07-12,S05,K08,6,0,Z2,0.0000000000,2026-07-02 12:00:00+08:00,6953.0000000000,77f033b6fe522fd7392aa4d932681970929edad1cbd23ab346f7623c31271986,1,,,,0,2.4000000000,2026-07-08T18:00:00+08:00
2026-07-12,S06,K01,6,0,Z2,0.1500000000,2026-07-02 12:00:00+08:00,6954.0000000000,b3aa54234462f3ae698508c785bc2d5f6842deb18d3b6f66eaf403b7a5f7abd9,1,,,,0,2.4000000000,2026-07-08T18:00:00+08:00
2026-07-12,S06,K02,6,0,Z2,0.1500000000,2026-07-02 12:00:00+08:00,6955.0000000000,abccfab6d70cee1780dd6145c47cff688a447a5aa4211b465075e442adffca3f,1,,,,0,2.4000000000,2026-07-08T18:00:00+08:00
2026-07-12,S06,K03,6,0,Z2,0.0000000000,2026-07-02 12:00:00+08:00,6956.0000000000,bf7f3087d45d5331d67c0585ac5edf247a3c5b0b3f7a497b01b195977f9116d9,1,,,,0,2.4000000000,2026-07-08T18:00:00+08:00
2026-07-12,S06,K04,6,0,Z2,0.0000000000,2026-07-02 12:00:00+08:00,6957.0000000000,5f16f12bf119e74dee90619883fed5cc9496ea494568013d93f99131070e79a0,1,,,,0,2.4000000000,2026-07-08T18:00:00+08:00
2026-07-12,S06,K05,6,0,Z2,0.0000000000,2026-07-02 12:00:00+08:00,6958.0000000000,03aad0cc8a268844d5907b43216a6995868cac1507458cde241beb6fd347c5cb,1,,,,0,2.4000000000,2026-07-08T18:00:00+08:00
2026-07-12,S06,K06,6,0,Z2,0.0000000000,2026-07-02 12:00:00+08:00,6959.0000000000,97ce560dba7aa846665b8ce2d18c24c647054c3c8edb7ac7918656f6ad765141,1,,,,0,2.4000000000,2026-07-08T18:00:00+08:00
2026-07-12,S06,K07,6,0,Z2,0.0000000000,2026-07-02 12:00:00+08:00,6960.0000000000,6bf628ffe2786282728ba141304c0ebe6df4b8741436e7ec5ab98541878b15a6,1,,,,0,2.4000000000,2026-07-08T18:00:00+08:00
2026-07-12,S06,K08,6,0,Z2,0.0000000000,2026-07-02 12:00:00+08:00,6961.0000000000,1f509c756474cb3497b373638403a3cc176d1726b7a57d6f7be7b9d17b04bfbd,1,,,,0,2.4000000000,2026-07-08T18:00:00+08:00
2026-07-12,S07,K01,6,0,Z2,0.1500000000,2026-07-02 12:00:00+08:00,6962.0000000000,b9d88f6516a8efd974e1194aaa8789682b87785f58cc9b110c263632a852d72d,1,,,,0,2.4000000000,2026-07-08T18:00:00+08:00
2026-07-12,S07,K02,6,0,Z2,0.0000000000,2026-07-02 12:00:00+08:00,6963.0000000000,ffa6e6becc18f11dd8fdaab6a37879cf674f1f483f00a8855b5ba2faafcef3db,1,,,,0,2.4000000000,2026-07-08T18:00:00+08:00
2026-07-12,S07,K03,6,0,Z2,0.0000000000,2026-07-02 12:00:00+08:00,6964.0000000000,7c283d016aca4e60ddd306fc6dd561a71a68b28e7da98c9d66c2e861e1ed50a5,1,,,,0,2.4000000000,2026-07-08T18:00:00+08:00
2026-07-12,S07,K04,6,0,Z2,0.0000000000,2026-07-02 12:00:00+08:00,6965.0000000000,ff98f274e173189dfe2c02858e9a99b8673983f93f79e83b08f287228c6469d7,1,,,,0,2.4000000000,2026-07-08T18:00:00+08:00
2026-07-12,S07,K05,6,0,Z2,0.0000000000,2026-07-02 12:00:00+08:00,6966.0000000000,7d09fccf162dfc56c3083149cacdf7937c91895bdee3d148324e85158be8a5e1,1,,,,0,2.4000000000,2026-07-08T18:00:00+08:00
2026-07-12,S07,K06,6,0,Z2,0.0000000000,2026-07-02 12:00:00+08:00,6967.0000000000,c9ce5b7062a0955aa0169e9f317879ad1c448db7842e770359e34d31018f179b,1,,,,0,2.4000000000,2026-07-08T18:00:00+08:00
2026-07-12,S07,K07,6,0,Z2,0.0000000000,2026-07-02 12:00:00+08:00,6968.0000000000,35c841c70c69e9601df8673d24d217e2627c11175f8c493553722092b641c555,1,,,,0,2.4000000000,2026-07-08T18:00:00+08:00
2026-07-12,S07,K08,6,0,Z2,0.0000000000,2026-07-02 12:00:00+08:00,6969.0000000000,a0274a3e9aaa39e6066c5b669503df7988899b86edf4b9b4a15536201ee72890,1,,,,0,2.4000000000,2026-07-08T18:00:00+08:00
2026-07-12,S08,K01,6,0,Z2,0.0000000000,2026-07-02 12:00:00+08:00,6970.0000000000,c404f23eed32947aea02a107957d15bfa66e8216b3356af7825b44b3fbc9e09b,1,,,,0,2.4000000000,2026-07-08T18:00:00+08:00
2026-07-12,S08,K02,6,0,Z2,0.0000000000,2026-07-02 12:00:00+08:00,6971.0000000000,06e1d6ba75063409975a25fd0ec0173beeaac7ea5949c56fdea3d005da4843ed,1,,,,0,2.4000000000,2026-07-08T18:00:00+08:00
2026-07-12,S08,K03,6,0,Z2,0.0000000000,2026-07-02 12:00:00+08:00,6972.0000000000,72bd21a9f8a35d81261be576ac6d0c960bc388a20ae2178003feef021540e8e6,1,,,,0,2.4000000000,2026-07-08T18:00:00+08:00
2026-07-12,S08,K04,6,0,Z2,0.0000000000,2026-07-02 12:00:00+08:00,6973.0000000000,d5f35f338c53ea7b64844a1e33e4646e7941dbab7c4a0ae23393d0d8764410db,1,,,,0,2.4000000000,2026-07-08T18:00:00+08:00
2026-07-12,S08,K05,6,0,Z2,0.0000000000,2026-07-02 12:00:00+08:00,6974.0000000000,ed1750b79cab23693714aa3508129621bef0f5dc3ce213fe40aff65f045835a8,1,,,,0,2.4000000000,2026-07-08T18:00:00+08:00
2026-07-12,S08,K06,6,0,Z2,0.0000000000,2026-07-02 12:00:00+08:00,6975.0000000000,7bd98b8c92e305a3c3a3726f6724e78344e0303be36d690adbc3e6c01a2897b2,1,,,,0,2.4000000000,2026-07-08T18:00:00+08:00
2026-07-12,S08,K07,6,0,Z2,0.0000000000,2026-07-02 12:00:00+08:00,6976.0000000000,ae77e1f0414c64806d969229a440b8b9e61f2c154e83beb931ba607a1d7dc82f,1,,,,0,2.4000000000,2026-07-08T18:00:00+08:00
2026-07-12,S08,K08,6,0,Z2,0.0000000000,2026-07-02 12:00:00+08:00,6977.0000000000,6698c3136abe7b041d33443ffe27319f00e07d19672a3f18000132f934651135,1,,,,0,2.4000000000,2026-07-08T18:00:00+08:00
2026-07-12,S09,K01,6,0,Z3,0.0000000000,2026-07-02 12:00:00+08:00,6978.0000000000,22efafdb9fe26ee5dbd6a9097f05819e4070fe95c99e5f1e274e98864383673d,1,,,,0,2.4000000000,2026-07-08T18:00:00+08:00
2026-07-12,S09,K02,6,0,Z3,0.0000000000,2026-07-02 12:00:00+08:00,6979.0000000000,ca043247c204861a78df7af473ec728e475be0655a2f685a9eaad5ace634e466,1,,,,0,2.4000000000,2026-07-08T18:00:00+08:00
2026-07-12,S09,K03,6,0,Z3,0.0000000000,2026-07-02 12:00:00+08:00,6980.0000000000,89684f2cce064bb2570bcd9296d965841d57f251d1cbd88497ba2712276b2fe0,1,,,,0,2.4000000000,2026-07-08T18:00:00+08:00
2026-07-12,S09,K04,6,0,Z3,0.0000000000,2026-07-02 12:00:00+08:00,6981.0000000000,5b10f5dca277b4ef0ee705f212a32df4bcb89f08e9f79540b7a6ff5866d6e331,1,,,,0,2.4000000000,2026-07-08T18:00:00+08:00
2026-07-12,S09,K05,6,0,Z3,0.0000000000,2026-07-02 12:00:00+08:00,6982.0000000000,65c2ea3953926ac2fccc31e428d8d85ec683dbc6d581d0cffad8bfb6c9162691,1,,,,0,2.4000000000,2026-07-08T18:00:00+08:00
2026-07-12,S09,K06,6,0,Z3,0.0000000000,2026-07-02 12:00:00+08:00,6983.0000000000,407b162038f12e1653fb09ec14bbe5cd4659d7f8584ea3c0c3a6344f8e253f32,1,,,,0,2.4000000000,2026-07-08T18:00:00+08:00
2026-07-12,S09,K07,6,0,Z3,0.0000000000,2026-07-02 12:00:00+08:00,6984.0000000000,d1c5919c4968ffaaa13122d6cddc56b7dc215eb3829a66acbe92c32c86d9fe8f,1,,,,0,2.4000000000,2026-07-08T18:00:00+08:00
2026-07-12,S09,K08,6,0,Z3,0.1500000000,2026-07-02 12:00:00+08:00,6985.0000000000,247b1b3530c4e9be19a3d6d40423c421fbd586de37ba5ac42cbaf4dcaad2706c,1,,,,0,2.4000000000,2026-07-08T18:00:00+08:00
2026-07-12,S10,K01,6,0,Z3,0.0000000000,2026-07-02 12:00:00+08:00,6986.0000000000,8a963abf236222afc881a2de8a0becfa3b9d9fef4ee1ff636333e34e5ebca0da,1,,,,0,2.4000000000,2026-07-08T18:00:00+08:00
2026-07-12,S10,K02,6,0,Z3,0.0000000000,2026-07-02 12:00:00+08:00,6987.0000000000,87105f116b5b0c46e9ae9ee73ec5b6abc0e51051d5dba6801f54684ded534139,1,,,,0,2.4000000000,2026-07-08T18:00:00+08:00
2026-07-12,S10,K03,6,0,Z3,0.0000000000,2026-07-02 12:00:00+08:00,6988.0000000000,41a78c1b3024b982bfb43694c58b32020029b437262a4cfccb7286bb5aa4e6d8,1,,,,0,2.4000000000,2026-07-08T18:00:00+08:00
2026-07-12,S10,K04,6,0,Z3,0.0000000000,2026-07-02 12:00:00+08:00,6989.0000000000,2f88ed35b6ebc16a90bf6f9322f4f4a04367d8877c6e7c377b1cc9acc7b0985d,1,,,,0,2.4000000000,2026-07-08T18:00:00+08:00
2026-07-12,S10,K05,6,0,Z3,0.0000000000,2026-07-02 12:00:00+08:00,6990.0000000000,125ce5d0e831b93b9092cfc34229be27e95eeecfd15c34d3a0e419a23be982ea,1,,,,0,2.4000000000,2026-07-08T18:00:00+08:00
2026-07-12,S10,K06,6,0,Z3,0.0000000000,2026-07-02 12:00:00+08:00,6991.0000000000,b22be52a814f7ec89fed2731a8141b489a88083cd3a78cb40e80ec7f02cc2778,1,,,,0,2.4000000000,2026-07-08T18:00:00+08:00
2026-07-12,S10,K07,6,0,Z3,0.1500000000,2026-07-02 12:00:00+08:00,6992.0000000000,a0b730259825e952cb18dfeeef7715997280d640194b637f2d364c6048e8fe46,1,,,,0,2.4000000000,2026-07-08T18:00:00+08:00
2026-07-12,S10,K08,6,0,Z3,0.1500000000,2026-07-02 12:00:00+08:00,6993.0000000000,3b02ff8234e3830ab676c0845bdc4e4a076bd5766c711c0dd55a117309f49bec,1,,,,0,2.4000000000,2026-07-08T18:00:00+08:00
2026-07-12,S11,K01,6,0,Z3,0.0000000000,2026-07-02 12:00:00+08:00,6994.0000000000,c3490de3dfeff2013501422f0036a77b9e83ad86c271667f75ba8f07943f5dbd,1,,,,0,2.4000000000,2026-07-08T18:00:00+08:00
2026-07-12,S11,K02,6,0,Z3,0.0000000000,2026-07-02 12:00:00+08:00,6995.0000000000,15750bdfe4446a64635a7ec4b4384ce11ea6c029cbbd084b4450dc623e03b9f1,1,,,,0,2.4000000000,2026-07-08T18:00:00+08:00
2026-07-12,S11,K03,6,0,Z3,0.0000000000,2026-07-02 12:00:00+08:00,6996.0000000000,c1d7029b7e9a300c1bcc937b879d321d63326c4de387ab28b53cc2992baab448,1,,,,0,2.4000000000,2026-07-08T18:00:00+08:00
2026-07-12,S11,K04,6,0,Z3,0.0000000000,2026-07-02 12:00:00+08:00,6997.0000000000,41b18c729288bb9c2a466f386007bdaf01199f15a706cf69eec86ccb12f4b466,1,,,,0,2.4000000000,2026-07-08T18:00:00+08:00
2026-07-12,S11,K05,6,0,Z3,0.1500000000,2026-07-02 12:00:00+08:00,6998.0000000000,09585a9d5de4affb3d15d7d548a1570dc7190d96bd6412d9800b996a3b92ea2c,1,,,,0,2.4000000000,2026-07-08T18:00:00+08:00
2026-07-12,S11,K06,6,0,Z3,0.1500000000,2026-07-02 12:00:00+08:00,6999.0000000000,e61cf19d4e38d37f8f73cec3d9f6f57bfb0ced7b8a64eada1eba6aaa5c0a25c6,1,,,,0,2.4000000000,2026-07-08T18:00:00+08:00
2026-07-12,S11,K07,6,0,Z3,0.0000000000,2026-07-02 12:00:00+08:00,7000.0000000000,333d34144855d6ba29d36aec53500e869a25f8fad592c61da97e90bb79fcdeda,1,,,,0,2.4000000000,2026-07-08T18:00:00+08:00
2026-07-12,S11,K08,6,0,Z3,0.0000000000,2026-07-02 12:00:00+08:00,7001.0000000000,48dbb52550e642df86d891a7c80fa5d12877025bfe092725ba03adbe3a121a0f,1,,,,0,2.4000000000,2026-07-08T18:00:00+08:00
2026-07-12,S12,K01,6,0,Z3,0.0000000000,2026-07-02 12:00:00+08:00,7002.0000000000,b7a444044e95f622a8b2ebfba623f5e503cabfb23ca0bc9b96e1c692cd08a07b,1,,,,0,2.4000000000,2026-07-08T18:00:00+08:00
2026-07-12,S12,K02,6,0,Z3,0.0000000000,2026-07-02 12:00:00+08:00,7003.0000000000,8a36dfc47d508fab5be8e05076c525fefc8b92d8a7a24aa34c59e1406e9bed71,1,,,,0,2.4000000000,2026-07-08T18:00:00+08:00
2026-07-12,S12,K03,6,0,Z3,0.0000000000,2026-07-02 12:00:00+08:00,7004.0000000000,0f6de49fc7a88c400739c75c4f01795de1a3e2ef15c795883be517883ac24e76,1,,,,0,2.4000000000,2026-07-08T18:00:00+08:00
2026-07-12,S12,K04,6,0,Z3,0.1500000000,2026-07-02 12:00:00+08:00,7005.0000000000,8b8dc21ceb718be7a1709866ce1531d1a14d3444598a9f6c24b3780d833a8f48,1,,,,0,2.4000000000,2026-07-08T18:00:00+08:00
2026-07-12,S12,K05,6,0,Z3,0.1500000000,2026-07-02 12:00:00+08:00,7006.0000000000,7cb47bd09dd12b8638d9dfbab803ab0fe99b39560245830e68ba0096b10bd56b,1,,,,0,2.4000000000,2026-07-08T18:00:00+08:00
2026-07-12,S12,K06,6,0,Z3,0.0000000000,2026-07-02 12:00:00+08:00,7007.0000000000,547b61136f46d287120abf0be79d8f058948f2f384c46b5c9d570a04f17d3102,1,,,,0,2.4000000000,2026-07-08T18:00:00+08:00
2026-07-12,S12,K07,6,0,Z3,0.0000000000,2026-07-02 12:00:00+08:00,7008.0000000000,130c1209ed947439f17a4841e065f0c3413fa7421abbcb0262d27deb670453d2,1,,,,0,2.4000000000,2026-07-08T18:00:00+08:00
2026-07-12,S12,K08,6,0,Z3,0.0000000000,2026-07-02 12:00:00+08:00,7009.0000000000,d48e314e2367dc582a20658836ff375ae7a4117e33be8334ab5a5044992761c4,1,,,,0,2.4000000000,2026-07-08T18:00:00+08:00
2026-07-13,S01,K01,0,0,Z1,0.0000000000,2026-07-03 12:00:00+08:00,7010.0000000000,ad3ef05a178edbb6fc1d6fd4469fdeeca32ddaa20b1bbeec7d0a869f682046cf,1,,,,0,2.4333333333,2026-07-08T18:00:00+08:00
2026-07-13,S01,K02,0,0,Z1,0.0000000000,2026-07-03 12:00:00+08:00,7011.0000000000,70b2f535bbd4635982be74408ccdf84cd0cc0e5d7daa9099dccabcdc9dd1154f,1,,,,0,2.4333333333,2026-07-08T18:00:00+08:00
2026-07-13,S01,K03,0,0,Z1,0.0000000000,2026-07-03 12:00:00+08:00,7012.0000000000,4008cfae21d5260ab828fac7dd3a04b3b1044878945869b0d2015ce8c0cc05ac,1,,,,0,2.4333333333,2026-07-08T18:00:00+08:00
2026-07-13,S01,K04,0,0,Z1,0.0000000000,2026-07-03 12:00:00+08:00,7013.0000000000,992b50c94541db6a6a0b6e0a60a7b04e99ae2569696da70e21d25c476d0cb8dd,1,,,,0,2.4333333333,2026-07-08T18:00:00+08:00
2026-07-13,S01,K05,0,0,Z1,0.0000000000,2026-07-03 12:00:00+08:00,7014.0000000000,2736f13d8d0bf73f61ae770f1f623190cb4f0d1a683159a3ba5a2d3c9a36837f,1,,,,0,2.4333333333,2026-07-08T18:00:00+08:00
2026-07-13,S01,K06,0,0,Z1,0.0000000000,2026-07-03 12:00:00+08:00,7015.0000000000,849820e469d89ed523a0a6d997f028b5db50480d2e745a822ee02e2ab8d34a0d,1,,,,0,2.4333333333,2026-07-08T18:00:00+08:00
2026-07-13,S01,K07,0,0,Z1,0.0000000000,2026-07-03 12:00:00+08:00,7016.0000000000,6bba97fa06766619a30ab8c7dc0e5c13a513a3b3179f5402fd0ffc3a6f4249a7,1,,,,0,2.4333333333,2026-07-08T18:00:00+08:00
2026-07-13,S01,K08,0,0,Z1,0.1500000000,2026-07-03 12:00:00+08:00,7017.0000000000,31a1e2239b744a6219f371af50ac9fe6f51841944a20cb64e6e64ecd2493c943,1,,,,0,2.4333333333,2026-07-08T18:00:00+08:00
2026-07-13,S02,K01,0,0,Z1,0.0000000000,2026-07-03 12:00:00+08:00,7018.0000000000,3e67334270fab2c7413330012c903d2813f6aa3a8070a9a26a93ac27264a98c7,1,,,,0,2.4333333333,2026-07-08T18:00:00+08:00
2026-07-13,S02,K02,0,0,Z1,0.0000000000,2026-07-03 12:00:00+08:00,7019.0000000000,5770335ce525d698484cd19db24a0e8f727ab1058be5e58d3f835be8a7b04977,1,,,,0,2.4333333333,2026-07-08T18:00:00+08:00
2026-07-13,S02,K03,0,0,Z1,0.0000000000,2026-07-03 12:00:00+08:00,7020.0000000000,2dc68a6a82324631e29abf270572d5c899ae9c15ca464a16a837f1b13961eae0,1,,,,0,2.4333333333,2026-07-08T18:00:00+08:00
2026-07-13,S02,K04,0,0,Z1,0.0000000000,2026-07-03 12:00:00+08:00,7021.0000000000,a1f46108ff400f742cf9bc40abb3ccc6f200c2b166000202f43b2459e9656b65,1,,,,0,2.4333333333,2026-07-08T18:00:00+08:00
2026-07-13,S02,K05,0,0,Z1,0.0000000000,2026-07-03 12:00:00+08:00,7022.0000000000,8f14a5740498554f255782c2e35a4aa31fc92651310a3fd7c6d79183f4f24c3f,1,,,,0,2.4333333333,2026-07-08T18:00:00+08:00
2026-07-13,S02,K06,0,0,Z1,0.0000000000,2026-07-03 12:00:00+08:00,7023.0000000000,688f4837535039f2ac1a4b4d8e6c57a47094d7b9d18158bcad610fd3e24282c4,1,,,,0,2.4333333333,2026-07-08T18:00:00+08:00
2026-07-13,S02,K07,0,0,Z1,0.1500000000,2026-07-03 12:00:00+08:00,7024.0000000000,519e4eb9f9a2610f04058e31fed5f6fb508f10943984ae0cd324dd3872658e4b,1,,,,0,2.4333333333,2026-07-08T18:00:00+08:00
2026-07-13,S02,K08,0,0,Z1,0.1500000000,2026-07-03 12:00:00+08:00,7025.0000000000,ae4dd360ae85d57c51b6b5fb03eb00dd7c85b0eaed6bc86ccb5854f4beed9c77,1,,,,0,2.4333333333,2026-07-08T18:00:00+08:00
2026-07-13,S03,K01,0,0,Z1,0.0000000000,2026-07-03 12:00:00+08:00,7026.0000000000,221cfea1bf15982db06ed10b116592b308610df9a6c1c4bb153c5c870d0c500a,1,,,,0,2.4333333333,2026-07-08T18:00:00+08:00
2026-07-13,S03,K02,0,0,Z1,0.0000000000,2026-07-03 12:00:00+08:00,7027.0000000000,3de49d1c59352a85d93b7ae48d8bdd4cc2e7ff885a27f4ea7fad050feb62a656,1,,,,0,2.4333333333,2026-07-08T18:00:00+08:00
2026-07-13,S03,K03,0,0,Z1,0.0000000000,2026-07-03 12:00:00+08:00,7028.0000000000,1d16a4cd1e7b6d6d423a85c7697dd9fae7442f44b1c890b42ef966be3027da99,1,,,,0,2.4333333333,2026-07-08T18:00:00+08:00
2026-07-13,S03,K04,0,0,Z1,0.0000000000,2026-07-03 12:00:00+08:00,7029.0000000000,27fd7010df535b73c3a1e6ac0bb99905360254baeef6a5f93e0df047b3931414,1,,,,0,2.4333333333,2026-07-08T18:00:00+08:00
2026-07-13,S03,K05,0,0,Z1,0.1500000000,2026-07-03 12:00:00+08:00,7030.0000000000,01bc94b5426349b6918c40f9f0479c021a3c7fa4060f7eb700209509ae289811,1,,,,0,2.4333333333,2026-07-08T18:00:00+08:00
2026-07-13,S03,K06,0,0,Z1,0.1500000000,2026-07-03 12:00:00+08:00,7031.0000000000,3c38da31bf3b3b6fd9f411f9403012f703ae392397db09071cbaf6c6aac6331c,1,,,,0,2.4333333333,2026-07-08T18:00:00+08:00
2026-07-13,S03,K07,0,0,Z1,0.0000000000,2026-07-03 12:00:00+08:00,7032.0000000000,7a7eb5fd049f5fae00cac03c7300dbfa1623b309e08c280515073d25873373c2,1,,,,0,2.4333333333,2026-07-08T18:00:00+08:00
2026-07-13,S03,K08,0,0,Z1,0.0000000000,2026-07-03 12:00:00+08:00,7033.0000000000,f788035af04102bc2265a3daf4f969207e20416382162450f690db44fcb026e9,1,,,,0,2.4333333333,2026-07-08T18:00:00+08:00
2026-07-13,S04,K01,0,0,Z1,0.0000000000,2026-07-03 12:00:00+08:00,7034.0000000000,990ef5163ba359e147476d0931b74bc8ff6a4fcf4750bb337d954ab82562a757,1,,,,0,2.4333333333,2026-07-08T18:00:00+08:00
2026-07-13,S04,K02,0,0,Z1,0.0000000000,2026-07-03 12:00:00+08:00,7035.0000000000,e0d00f23fba4864910fde44cbe8b307d6e106b1915ba66cab22f1cf74509151d,1,,,,0,2.4333333333,2026-07-08T18:00:00+08:00
2026-07-13,S04,K03,0,0,Z1,0.0000000000,2026-07-03 12:00:00+08:00,7036.0000000000,70c89c43b16aa05185ceead5d51802f60b7e71850395700ebe25709602f3d297,1,,,,0,2.4333333333,2026-07-08T18:00:00+08:00
2026-07-13,S04,K04,0,0,Z1,0.1500000000,2026-07-03 12:00:00+08:00,7037.0000000000,ec7063c8c478af6b087386cbfa72320dc38ca1fb859be9caa52e077832a48e93,1,,,,0,2.4333333333,2026-07-08T18:00:00+08:00
2026-07-13,S04,K05,0,0,Z1,0.1500000000,2026-07-03 12:00:00+08:00,7038.0000000000,9153698ebff079ab98eccc7406d34653b4d073fe503ea7308f1b765ae32c4424,1,,,,0,2.4333333333,2026-07-08T18:00:00+08:00
2026-07-13,S04,K06,0,0,Z1,0.0000000000,2026-07-03 12:00:00+08:00,7039.0000000000,4cc4ea33ba1c2df582f35ca57f45b3b48f6aeac8cbada0942aa5bd0d0a69adf4,1,,,,0,2.4333333333,2026-07-08T18:00:00+08:00
2026-07-13,S04,K07,0,0,Z1,0.0000000000,2026-07-03 12:00:00+08:00,7040.0000000000,6361663688ac4145ca333530ce1d7e81e7919a0e98f68cfb972a2f819ab093ae,1,,,,0,2.4333333333,2026-07-08T18:00:00+08:00
2026-07-13,S04,K08,0,0,Z1,0.0000000000,2026-07-03 12:00:00+08:00,7041.0000000000,cc560be7d8f62a1a52de0901c6576e18470982726aa4d788f10bab5d7257bc71,1,,,,0,2.4333333333,2026-07-08T18:00:00+08:00
2026-07-13,S05,K01,0,0,Z2,0.0000000000,2026-07-03 12:00:00+08:00,7042.0000000000,24e7ccb8b24cb154aae0023ce0f18a85370cfa5cdcb3c2156ca6f0dd697061e7,1,,,,0,2.4333333333,2026-07-08T18:00:00+08:00
2026-07-13,S05,K02,0,0,Z2,0.1500000000,2026-07-03 12:00:00+08:00,7043.0000000000,07544ceeb33944dc7293bec6bb92d529ac94bf3d501929a31012ffc696a799ff,1,,,,0,2.4333333333,2026-07-08T18:00:00+08:00
2026-07-13,S05,K03,0,0,Z2,0.1500000000,2026-07-03 12:00:00+08:00,7044.0000000000,fc662484f0ff6f96def5f1dfc1fa94c27eede33b1526e1a4989a6fa2e40789dd,1,,,,0,2.4333333333,2026-07-08T18:00:00+08:00
2026-07-13,S05,K04,0,0,Z2,0.0000000000,2026-07-03 12:00:00+08:00,7045.0000000000,26e0f0d0a9837d47a6ad527573e85e6ebe80edcd6cdd1dc8b2be85a1c0635dbb,1,,,,0,2.4333333333,2026-07-08T18:00:00+08:00
2026-07-13,S05,K05,0,0,Z2,0.0000000000,2026-07-03 12:00:00+08:00,7046.0000000000,c10c4da6b5bfb200f88d0f01b6eb50e90492f7cf33aed1d0e7fb56031abcb444,1,,,,0,2.4333333333,2026-07-08T18:00:00+08:00
2026-07-13,S05,K06,0,0,Z2,0.0000000000,2026-07-03 12:00:00+08:00,7047.0000000000,d8e86f648e36660a27ed2aa486ab4e2267b6cb08be2f83c7bf455aaf1753ce07,1,,,,0,2.4333333333,2026-07-08T18:00:00+08:00
2026-07-13,S05,K07,0,0,Z2,0.0000000000,2026-07-03 12:00:00+08:00,7048.0000000000,a0e35202b276b4ce3a6cc282b5ef290d3e1b7201d641eb8d4c3b55caecd76772,1,,,,0,2.4333333333,2026-07-08T18:00:00+08:00
2026-07-13,S05,K08,0,0,Z2,0.0000000000,2026-07-03 12:00:00+08:00,7049.0000000000,6dbff8b2608fa423a9714ae78a0733c9af5467b38cb16f7bd99b94ef70c49116,1,,,,0,2.4333333333,2026-07-08T18:00:00+08:00
2026-07-13,S06,K01,0,0,Z2,0.1500000000,2026-07-03 12:00:00+08:00,7050.0000000000,c921c23219de58be4a489747610bf0b9ea245cb2c8414114c7aa857a67753626,1,,,,0,2.4333333333,2026-07-08T18:00:00+08:00
2026-07-13,S06,K02,0,0,Z2,0.1500000000,2026-07-03 12:00:00+08:00,7051.0000000000,8844c931c272deb42b83b9d4eb6ff23fe38c84a897d36e86d1f2ddc393b98f0b,1,,,,0,2.4333333333,2026-07-08T18:00:00+08:00
2026-07-13,S06,K03,0,0,Z2,0.0000000000,2026-07-03 12:00:00+08:00,7052.0000000000,774d89c49936846a4be5b38721de893acb886df34cc385fba4142d5267a97195,1,,,,0,2.4333333333,2026-07-08T18:00:00+08:00
2026-07-13,S06,K04,0,0,Z2,0.0000000000,2026-07-03 12:00:00+08:00,7053.0000000000,e0eecb57c5cc9c1e2b88e39846ecdb40fc160c0c5a893812c42317407fca5e4a,1,,,,0,2.4333333333,2026-07-08T18:00:00+08:00
2026-07-13,S06,K05,0,0,Z2,0.0000000000,2026-07-03 12:00:00+08:00,7054.0000000000,668a4587f5a5d70167635f9ba9fcb06b2d883a6e34e351e27e0374572df6ab54,1,,,,0,2.4333333333,2026-07-08T18:00:00+08:00
2026-07-13,S06,K06,0,0,Z2,0.0000000000,2026-07-03 12:00:00+08:00,7055.0000000000,e91b63c97798a91f3f911e122aa567b11c109ec2a698981082fd0fd52e749909,1,,,,0,2.4333333333,2026-07-08T18:00:00+08:00
2026-07-13,S06,K07,0,0,Z2,0.0000000000,2026-07-03 12:00:00+08:00,7056.0000000000,4fb5662f4d8edc6d2d2109ee46b65f5ffdfdb7d1bac07b6186aaa071ff5ffb7a,1,,,,0,2.4333333333,2026-07-08T18:00:00+08:00
2026-07-13,S06,K08,0,0,Z2,0.0000000000,2026-07-03 12:00:00+08:00,7057.0000000000,263f5b26058b73c6780cd7be4b0a152ba171198ec21bb112597153fde40e5e28,1,,,,0,2.4333333333,2026-07-08T18:00:00+08:00
2026-07-13,S07,K01,0,0,Z2,0.0000000000,2026-07-03 12:00:00+08:00,7058.0000000000,cdaf6622fbe1cb8bad27b8bc01c4c00d450053a3a5274fd8ef2782d104b5c961,1,,,,0,2.4333333333,2026-07-08T18:00:00+08:00
2026-07-13,S07,K02,0,0,Z2,0.0000000000,2026-07-03 12:00:00+08:00,7059.0000000000,c339b13dfad41d01cf6fd66eb998c92b7f4922d7da80e8dc1dd94b0bdeeb52a7,1,,,,0,2.4333333333,2026-07-08T18:00:00+08:00
2026-07-13,S07,K03,0,0,Z2,0.0000000000,2026-07-03 12:00:00+08:00,7060.0000000000,5bd088268308b129759d3b9ba9ac9cfe649703de2b1cd8f724ce7354a52612d0,1,,,,0,2.4333333333,2026-07-08T18:00:00+08:00
2026-07-13,S07,K04,0,0,Z2,0.0000000000,2026-07-03 12:00:00+08:00,7061.0000000000,76e71ce02f18b9426f3481873528f188eae7e3fc48e90624e62d1babea7d32af,1,,,,0,2.4333333333,2026-07-08T18:00:00+08:00
2026-07-13,S07,K05,0,0,Z2,0.0000000000,2026-07-03 12:00:00+08:00,7062.0000000000,409584d78a22db63650512321ca6134ce74dcc7299cc4130dd988a70fee7d7ba,1,,,,0,2.4333333333,2026-07-08T18:00:00+08:00
2026-07-13,S07,K06,0,0,Z2,0.0000000000,2026-07-03 12:00:00+08:00,7063.0000000000,faa0a5adc189c79c214b704cc2dd86358d571d2f897edb34a286707ddf36b2ed,1,,,,0,2.4333333333,2026-07-08T18:00:00+08:00
2026-07-13,S07,K07,0,0,Z2,0.0000000000,2026-07-03 12:00:00+08:00,7064.0000000000,8bc19c040cf44da6c7cb8aecab32bc5bd14a74ee2e5213d3862971d4dd5091c0,1,,,,0,2.4333333333,2026-07-08T18:00:00+08:00
2026-07-13,S07,K08,0,0,Z2,0.0000000000,2026-07-03 12:00:00+08:00,7065.0000000000,6175221a708e44296f9421496466dafd390436069672af0703c7fb724cca6cd3,1,,,,0,2.4333333333,2026-07-08T18:00:00+08:00
2026-07-13,S08,K01,0,0,Z2,0.0000000000,2026-07-03 12:00:00+08:00,7066.0000000000,5061d3ae4f380c5e459c8c78e89c5a85ee052373b3de927123989b6833ccb083,1,,,,0,2.4333333333,2026-07-08T18:00:00+08:00
2026-07-13,S08,K02,0,0,Z2,0.0000000000,2026-07-03 12:00:00+08:00,7067.0000000000,f8e48110eb45a801a1c501c7e63e494556b074845062061fb3aac43d527b5016,1,,,,0,2.4333333333,2026-07-08T18:00:00+08:00
2026-07-13,S08,K03,0,0,Z2,0.0000000000,2026-07-03 12:00:00+08:00,7068.0000000000,29f112d7ca7472e5f48bfbb8eb39051969cdcc70d8458de6a3f9741d78eb43b2,1,,,,0,2.4333333333,2026-07-08T18:00:00+08:00
2026-07-13,S08,K04,0,0,Z2,0.0000000000,2026-07-03 12:00:00+08:00,7069.0000000000,097f4468003072ebe54fdbc5b9ea36e516e95dc6a48a1dcf1d9e784a0228c8a7,1,,,,0,2.4333333333,2026-07-08T18:00:00+08:00
2026-07-13,S08,K05,0,0,Z2,0.0000000000,2026-07-03 12:00:00+08:00,7070.0000000000,9aa604a35dc60e7acf4cfd61954f83d9c3f28535626c78bb5eb5cd60a3c9e1f5,1,,,,0,2.4333333333,2026-07-08T18:00:00+08:00
2026-07-13,S08,K06,0,0,Z2,0.0000000000,2026-07-03 12:00:00+08:00,7071.0000000000,a0173862af55e7af42e7f3a26e6135872b4889eed2f1c43cdf9de9c67037782d,1,,,,0,2.4333333333,2026-07-08T18:00:00+08:00
2026-07-13,S08,K07,0,0,Z2,0.0000000000,2026-07-03 12:00:00+08:00,7072.0000000000,2ef51efcd55f87fd391ba23ee5b3c7038c4ea58c384ad034bd508e29850478ce,1,,,,0,2.4333333333,2026-07-08T18:00:00+08:00
2026-07-13,S08,K08,0,0,Z2,0.0000000000,2026-07-03 12:00:00+08:00,7073.0000000000,2c7c8531938a55d6db12eca95049c3d3c4bdc8760ba3c0ef9ef1eda89a02d472,1,,,,0,2.4333333333,2026-07-08T18:00:00+08:00
2026-07-13,S09,K01,0,0,Z3,0.0000000000,2026-07-03 12:00:00+08:00,7074.0000000000,b07dac919666ab51dc718e6e1fccc2f6de2997567aa26ed86023933049f520af,1,,,,0,2.4333333333,2026-07-08T18:00:00+08:00
2026-07-13,S09,K02,0,0,Z3,0.0000000000,2026-07-03 12:00:00+08:00,7075.0000000000,cadb6172a58a125c5e36ae312f0670ee507cc0aef414d67642dbe36a3521c206,1,,,,0,2.4333333333,2026-07-08T18:00:00+08:00
2026-07-13,S09,K03,0,0,Z3,0.0000000000,2026-07-03 12:00:00+08:00,7076.0000000000,8bb997b95ffe59a9857758d16f3a4dda08ab8cc2f9b7c41196de21de2778edcc,1,,,,0,2.4333333333,2026-07-08T18:00:00+08:00
2026-07-13,S09,K04,0,0,Z3,0.0000000000,2026-07-03 12:00:00+08:00,7077.0000000000,5103d5f112e657a5e647f45de6f17cc64dd2c2a2bade735d57b38ee50606d4be,1,,,,0,2.4333333333,2026-07-08T18:00:00+08:00
2026-07-13,S09,K05,0,0,Z3,0.0000000000,2026-07-03 12:00:00+08:00,7078.0000000000,73bc478ac5fee6df8b0737ee4fd8e3dfa3e7780165c96cddc616d6ffd59556ef,1,,,,0,2.4333333333,2026-07-08T18:00:00+08:00
2026-07-13,S09,K06,0,0,Z3,0.0000000000,2026-07-03 12:00:00+08:00,7079.0000000000,71c8b715af3ee18510c689e6946b9c78c987fcf90c5a7750324c5cf6a1cb1abc,1,,,,0,2.4333333333,2026-07-08T18:00:00+08:00
2026-07-13,S09,K07,0,0,Z3,0.0000000000,2026-07-03 12:00:00+08:00,7080.0000000000,c3c137de1dbe1f6d96484da4f221e5098b18def626cbc637fd32a63fbb1caff8,1,,,,0,2.4333333333,2026-07-08T18:00:00+08:00
2026-07-13,S09,K08,0,0,Z3,0.1500000000,2026-07-03 12:00:00+08:00,7081.0000000000,304de138add5416f67ffb7d2cda48d0a62de7aa163b39cb3e0a98beab26ce3ee,1,,,,0,2.4333333333,2026-07-08T18:00:00+08:00
2026-07-13,S10,K01,0,0,Z3,0.0000000000,2026-07-03 12:00:00+08:00,7082.0000000000,c748a1fa2153acc619c28158ce3fdb2ecdb93139a88f30d6194883763ce35d4b,1,,,,0,2.4333333333,2026-07-08T18:00:00+08:00
2026-07-13,S10,K02,0,0,Z3,0.0000000000,2026-07-03 12:00:00+08:00,7083.0000000000,9b19224c194834113e33a8ff9301bf88ea270f473982ebfdca683fe6eedc0fcf,1,,,,0,2.4333333333,2026-07-08T18:00:00+08:00
2026-07-13,S10,K03,0,0,Z3,0.0000000000,2026-07-03 12:00:00+08:00,7084.0000000000,3deb4d9e69cc080ada00907382431328fd135a3b8db2f1233c5259c595957385,1,,,,0,2.4333333333,2026-07-08T18:00:00+08:00
2026-07-13,S10,K04,0,0,Z3,0.0000000000,2026-07-03 12:00:00+08:00,7085.0000000000,0844226ae4ed92d5a943949ef66726f9d55bec52f4b0378dd735aaee7b304a1e,1,,,,0,2.4333333333,2026-07-08T18:00:00+08:00
2026-07-13,S10,K05,0,0,Z3,0.0000000000,2026-07-03 12:00:00+08:00,7086.0000000000,76681532c48acd56e6e02935aeed3fdfeaeb4d8df6645fdcd51f6cddd742035e,1,,,,0,2.4333333333,2026-07-08T18:00:00+08:00
2026-07-13,S10,K06,0,0,Z3,0.1500000000,2026-07-03 12:00:00+08:00,7087.0000000000,9ed1c3ae43acef3fa08aab7cea839d93aa55c7fb8e06040575aa1b4ed2303316,1,,,,0,2.4333333333,2026-07-08T18:00:00+08:00
2026-07-13,S10,K07,0,0,Z3,0.1500000000,2026-07-03 12:00:00+08:00,7088.0000000000,7f889873ed918b662ad9a10cfa375e31b058c3066224a35504f4e636717007e9,1,,,,0,2.4333333333,2026-07-08T18:00:00+08:00
2026-07-13,S10,K08,0,0,Z3,0.0000000000,2026-07-03 12:00:00+08:00,7089.0000000000,6731be67e0ec34bdd908b9e81c3ae5910d246a6f7a7ef3b7ffec84fa83415dd2,1,,,,0,2.4333333333,2026-07-08T18:00:00+08:00
2026-07-13,S11,K01,0,0,Z3,0.0000000000,2026-07-03 12:00:00+08:00,7090.0000000000,3934ffe3600950afb0b2ddb9e4fc0d343e48d3d72124c9a2022049eb938ea6ac,1,,,,0,2.4333333333,2026-07-08T18:00:00+08:00
2026-07-13,S11,K02,0,0,Z3,0.0000000000,2026-07-03 12:00:00+08:00,7091.0000000000,0efe487775d4c117eca41855a7d24d16a7e23e95226013cd4f1c23f87ddbf6de,1,,,,0,2.4333333333,2026-07-08T18:00:00+08:00
2026-07-13,S11,K03,0,0,Z3,0.0000000000,2026-07-03 12:00:00+08:00,7092.0000000000,57614acc45ed9fb8894a1a6fdc13ef0a7b7a4cc5a6595fef6e2ee2a2b531c26d,1,,,,0,2.4333333333,2026-07-08T18:00:00+08:00
2026-07-13,S11,K04,0,0,Z3,0.0000000000,2026-07-03 12:00:00+08:00,7093.0000000000,914f27e63014d4eba79da869afcd8c3019caf4a673d9fead1367c4eeafe78571,1,,,,0,2.4333333333,2026-07-08T18:00:00+08:00
2026-07-13,S11,K05,0,0,Z3,0.1500000000,2026-07-03 12:00:00+08:00,7094.0000000000,14a46c77c16b9d3175b0b0f7e039fd3c3174a030465e3c6b617356e1b15f08d0,1,,,,0,2.4333333333,2026-07-08T18:00:00+08:00
2026-07-13,S11,K06,0,0,Z3,0.1500000000,2026-07-03 12:00:00+08:00,7095.0000000000,8247fbd1b7a3fffc69b71b109a76dca7e8f2fb1ce10613b823460611ed1a1c26,1,,,,0,2.4333333333,2026-07-08T18:00:00+08:00
2026-07-13,S11,K07,0,0,Z3,0.0000000000,2026-07-03 12:00:00+08:00,7096.0000000000,b60e14a8ab23e422415013c4cc971845716ed464343b57b8292537d007ceb76f,1,,,,0,2.4333333333,2026-07-08T18:00:00+08:00
2026-07-13,S11,K08,0,0,Z3,0.0000000000,2026-07-03 12:00:00+08:00,7097.0000000000,9727f5e973dc12beb427efec6d04066b458ccd8a65aef7ec28c16d7594797527,1,,,,0,2.4333333333,2026-07-08T18:00:00+08:00
2026-07-13,S12,K01,0,0,Z3,0.0000000000,2026-07-03 12:00:00+08:00,7098.0000000000,68cd72dac7ce8589ea220092e4d7501210045e4dc9f5d3938a39bf3485999bd0,1,,,,0,2.4333333333,2026-07-08T18:00:00+08:00
2026-07-13,S12,K02,0,0,Z3,0.0000000000,2026-07-03 12:00:00+08:00,7099.0000000000,04a9c098a71ee6c7c4026180bf04f6a7ada3aada09454ed890ab149885c331f0,1,,,,0,2.4333333333,2026-07-08T18:00:00+08:00
2026-07-13,S12,K03,0,0,Z3,0.1500000000,2026-07-03 12:00:00+08:00,7100.0000000000,4e18e767e9c902b9938602d22fc5d95289749a09b3b509538b65c66d8c069880,1,,,,0,2.4333333333,2026-07-08T18:00:00+08:00
2026-07-13,S12,K04,0,0,Z3,0.1500000000,2026-07-03 12:00:00+08:00,7101.0000000000,6ea1743a741e7b8480ccdfcba4ea876df65ac426e4dba99b4dfa99aae36d6917,1,,,,0,2.4333333333,2026-07-08T18:00:00+08:00
2026-07-13,S12,K05,0,0,Z3,0.0000000000,2026-07-03 12:00:00+08:00,7102.0000000000,89cc1e8afae4a369b22c9ebc772777b524efd821c438a2207b486cbde6d4a54e,1,,,,0,2.4333333333,2026-07-08T18:00:00+08:00
2026-07-13,S12,K06,0,0,Z3,0.0000000000,2026-07-03 12:00:00+08:00,7103.0000000000,e0c6f0e3c6b423938d444d6e94f71d277db24e1cfcb0697b27418b0daad52c68,1,,,,0,2.4333333333,2026-07-08T18:00:00+08:00
2026-07-13,S12,K07,0,0,Z3,0.0000000000,2026-07-03 12:00:00+08:00,7104.0000000000,bff3e402da436a29a1647ea1704dd6fc533d95f63232025957dc9055e54711da,1,,,,0,2.4333333333,2026-07-08T18:00:00+08:00
2026-07-13,S12,K08,0,0,Z3,0.0000000000,2026-07-03 12:00:00+08:00,7105.0000000000,8e46d4351c7a558695a03ab821584130c10fddd74d833d914e31c2a4d5e01bb0,1,,,,0,2.4333333333,2026-07-08T18:00:00+08:00
2026-07-14,S01,K01,1,0,Z1,0.0000000000,2026-07-04 12:00:00+08:00,7106.0000000000,6b2a3adbde2f39044d1f1d971514b324974c472e70a3a6daf37d2f019038a467,1,,,,0,2.4666666667,2026-07-08T18:00:00+08:00
2026-07-14,S01,K02,1,0,Z1,0.0000000000,2026-07-04 12:00:00+08:00,7107.0000000000,b33371d3696efca648041b55075693bfe2b05aaa04425fddeb3f973f6772c8ed,1,,,,0,2.4666666667,2026-07-08T18:00:00+08:00
2026-07-14,S01,K03,1,0,Z1,0.0000000000,2026-07-04 12:00:00+08:00,7108.0000000000,8d44f3e4abd6b40652eecd4f30703d0036a0b4edc21a17b1a78936548a6791dc,1,,,,0,2.4666666667,2026-07-08T18:00:00+08:00
2026-07-14,S01,K04,1,0,Z1,0.0000000000,2026-07-04 12:00:00+08:00,7109.0000000000,46934c6734fd5029dd8f6289a5f904249da472699aefb7e8f8769c0299a6387c,1,,,,0,2.4666666667,2026-07-08T18:00:00+08:00
2026-07-14,S01,K05,1,0,Z1,0.0000000000,2026-07-04 12:00:00+08:00,7110.0000000000,ce40875f99fb0895ed049c70ad660ad1af41f4d7994afeef0d7f1dc7106e5089,1,,,,0,2.4666666667,2026-07-08T18:00:00+08:00
2026-07-14,S01,K06,1,0,Z1,0.0000000000,2026-07-04 12:00:00+08:00,7111.0000000000,15c7186be4761624fcc1e0fb4ceda891c0139734cac1a30c8aa7255e42d4d409,1,,,,0,2.4666666667,2026-07-08T18:00:00+08:00
2026-07-14,S01,K07,1,0,Z1,0.0000000000,2026-07-04 12:00:00+08:00,7112.0000000000,4909b722944e5d81ef2b82470cc332b0706e3d06076442edf345e6b7fa5255ff,1,,,,0,2.4666666667,2026-07-08T18:00:00+08:00
2026-07-14,S01,K08,1,0,Z1,0.1500000000,2026-07-04 12:00:00+08:00,7113.0000000000,cfb26fd84a10a62f14fbb9e17012f4082fa3ccf8c0e8f3b75776436f7a0db0f7,1,,,,0,2.4666666667,2026-07-08T18:00:00+08:00
2026-07-14,S02,K01,1,0,Z1,0.0000000000,2026-07-04 12:00:00+08:00,7114.0000000000,078a1894ad40ef5a9e357e5308bbdef6f4241351e240fb94dd45f6c4e3c08cdb,1,,,,0,2.4666666667,2026-07-08T18:00:00+08:00
2026-07-14,S02,K02,1,0,Z1,0.0000000000,2026-07-04 12:00:00+08:00,7115.0000000000,0efec99a704ea7b6053a9fd816a5195b07a48b5df991131cdcba7c05773c0193,1,,,,0,2.4666666667,2026-07-08T18:00:00+08:00
2026-07-14,S02,K03,1,0,Z1,0.0000000000,2026-07-04 12:00:00+08:00,7116.0000000000,a3051ecb61d91fcc4c2a0f5a7f5416c0a26adbc02c1b233faba90665579d80d9,1,,,,0,2.4666666667,2026-07-08T18:00:00+08:00
2026-07-14,S02,K04,1,0,Z1,0.0000000000,2026-07-04 12:00:00+08:00,7117.0000000000,8d45c811da8facd4259b9af9812b56e3b972d51f8432173e8b496ba70c171dea,1,,,,0,2.4666666667,2026-07-08T18:00:00+08:00
2026-07-14,S02,K05,1,0,Z1,0.0000000000,2026-07-04 12:00:00+08:00,7118.0000000000,d4028b05ef5005a1d28ac898e11d884e6f501b9af57e012f0b0e40c67a59b6dd,1,,,,0,2.4666666667,2026-07-08T18:00:00+08:00
2026-07-14,S02,K06,1,0,Z1,0.1500000000,2026-07-04 12:00:00+08:00,7119.0000000000,9bfdc8d24f71f418411e69220b98a5bc3b894152fe459ca360278dc0f7fee35e,1,,,,0,2.4666666667,2026-07-08T18:00:00+08:00
2026-07-14,S02,K07,1,0,Z1,0.1500000000,2026-07-04 12:00:00+08:00,7120.0000000000,6f89fdd5064c170cc19c2b30061ae2679c6c3bfe297a75b48cc12dfe2249302e,1,,,,0,2.4666666667,2026-07-08T18:00:00+08:00
2026-07-14,S02,K08,1,0,Z1,0.0000000000,2026-07-04 12:00:00+08:00,7121.0000000000,0537777c7ee51c68e1b81267df5f1274805f2912c86b2ae2dc69c41e839b3fd9,1,,,,0,2.4666666667,2026-07-08T18:00:00+08:00
2026-07-14,S03,K01,1,0,Z1,0.0000000000,2026-07-04 12:00:00+08:00,7122.0000000000,7a4ea671cff4cba2c9f12d5467dfe5f3f06dcdd979273e4e34bddcb2de953e0e,1,,,,0,2.4666666667,2026-07-08T18:00:00+08:00
2026-07-14,S03,K02,1,0,Z1,0.0000000000,2026-07-04 12:00:00+08:00,7123.0000000000,1b16013bab62fc44f575b6745473baf035cc189b72b8ed295026dca50dffb3e8,1,,,,0,2.4666666667,2026-07-08T18:00:00+08:00
2026-07-14,S03,K03,1,0,Z1,0.0000000000,2026-07-04 12:00:00+08:00,7124.0000000000,10f0e7d6443bbdfcdb5d692e963120053cca5ed555d465b62610432e76e0358b,1,,,,0,2.4666666667,2026-07-08T18:00:00+08:00
2026-07-14,S03,K04,1,0,Z1,0.0000000000,2026-07-04 12:00:00+08:00,7125.0000000000,a6a436add9cc3484567d255d546f123b9fb95e850523163296165f5054501d4d,1,,,,0,2.4666666667,2026-07-08T18:00:00+08:00
2026-07-14,S03,K05,1,0,Z1,0.1500000000,2026-07-04 12:00:00+08:00,7126.0000000000,951a856519757621345ac62e910aa25eb36978ff135ee42e2808e14f35d20d76,1,,,,0,2.4666666667,2026-07-08T18:00:00+08:00
2026-07-14,S03,K06,1,0,Z1,0.1500000000,2026-07-04 12:00:00+08:00,7127.0000000000,cf8fa444e049895932c6ea9aa50a7b1cea1f8e7e2e07c8c57bcfb47ad5ce8481,1,,,,0,2.4666666667,2026-07-08T18:00:00+08:00
2026-07-14,S03,K07,1,0,Z1,0.0000000000,2026-07-04 12:00:00+08:00,7128.0000000000,1a10931c9b31a41b0fb4497c524d84eb20367227154de41ba74e7f6368c62973,1,,,,0,2.4666666667,2026-07-08T18:00:00+08:00
2026-07-14,S03,K08,1,0,Z1,0.0000000000,2026-07-04 12:00:00+08:00,7129.0000000000,db5860b65516905d2dddde8bb7966af62fe2e3893afa319a0a41091c6d34f144,1,,,,0,2.4666666667,2026-07-08T18:00:00+08:00
2026-07-14,S04,K01,1,0,Z1,0.0000000000,2026-07-04 12:00:00+08:00,7130.0000000000,b7169dae514586df6f0352a4a5943e6e3d643243d41e02c28fef1a37696309a7,1,,,,0,2.4666666667,2026-07-08T18:00:00+08:00
2026-07-14,S04,K02,1,0,Z1,0.0000000000,2026-07-04 12:00:00+08:00,7131.0000000000,5a251b1fb5f80d521689a2565737a4651e2e47d32acb78fccba2d96543d0990f,1,,,,0,2.4666666667,2026-07-08T18:00:00+08:00
2026-07-14,S04,K03,1,0,Z1,0.1500000000,2026-07-04 12:00:00+08:00,7132.0000000000,f8fb4316428ce4de1e49266275f5d9830ab79713816365cfec3bcd303c6d3203,1,,,,0,2.4666666667,2026-07-08T18:00:00+08:00
2026-07-14,S04,K04,1,0,Z1,0.1500000000,2026-07-04 12:00:00+08:00,7133.0000000000,34f1ac301ddd04742313a9ca6732da87e419382ba0b3f2aafd5e01e3b1bc17e5,1,,,,0,2.4666666667,2026-07-08T18:00:00+08:00
2026-07-14,S04,K05,1,0,Z1,0.0000000000,2026-07-04 12:00:00+08:00,7134.0000000000,edf02295f0645864782b251b01f32f219197442653e8b447eae046148fee25b6,1,,,,0,2.4666666667,2026-07-08T18:00:00+08:00
2026-07-14,S04,K06,1,0,Z1,0.0000000000,2026-07-04 12:00:00+08:00,7135.0000000000,126d82b92c3c6a31c05fc168d34e53707850ea7d0cc320747b53bbaa9cc6340e,1,,,,0,2.4666666667,2026-07-08T18:00:00+08:00
2026-07-14,S04,K07,1,0,Z1,0.0000000000,2026-07-04 12:00:00+08:00,7136.0000000000,749a9858f44a405895600978138b241feb07b7415b6642af2285425d72af35c9,1,,,,0,2.4666666667,2026-07-08T18:00:00+08:00
2026-07-14,S04,K08,1,0,Z1,0.0000000000,2026-07-04 12:00:00+08:00,7137.0000000000,822373b0856dfd5982a69812b37b192977bb813338820a39b049709a89dc603f,1,,,,0,2.4666666667,2026-07-08T18:00:00+08:00
2026-07-14,S05,K01,1,0,Z2,0.0000000000,2026-07-04 12:00:00+08:00,7138.0000000000,29cffc1203a5500b74faf0fcab13fefaa6a7cb522f6df1efaf6e3a40e6f40503,1,,,,0,2.4666666667,2026-07-08T18:00:00+08:00
2026-07-14,S05,K02,1,0,Z2,0.1500000000,2026-07-04 12:00:00+08:00,7139.0000000000,0f9f9741cbea09428fe37be015e2a0a64dbfaa2ac4e5f4c502dd81a7312e3005,1,,,,0,2.4666666667,2026-07-08T18:00:00+08:00
2026-07-14,S05,K03,1,0,Z2,0.1500000000,2026-07-04 12:00:00+08:00,7140.0000000000,42c9b98a5e82d17af23c0671e1f10c2571bf9848d4c77761af0f29ff754c1d5a,1,,,,0,2.4666666667,2026-07-08T18:00:00+08:00
2026-07-14,S05,K04,1,0,Z2,0.0000000000,2026-07-04 12:00:00+08:00,7141.0000000000,8c133beed1b69856524bf2a3b45b413fc9bd722d5e7d5448890b2e12be8a9c75,1,,,,0,2.4666666667,2026-07-08T18:00:00+08:00
2026-07-14,S05,K05,1,0,Z2,0.0000000000,2026-07-04 12:00:00+08:00,7142.0000000000,641a2433b56eed97999cc9fc1da397db7ec13f1cbdc0b8cbbaff29db226cfbd9,1,,,,0,2.4666666667,2026-07-08T18:00:00+08:00
2026-07-14,S05,K06,1,0,Z2,0.0000000000,2026-07-04 12:00:00+08:00,7143.0000000000,69bc72183fee3b5b6c17a8ec541d4d18064d58567254dee952ddb94503056320,1,,,,0,2.4666666667,2026-07-08T18:00:00+08:00
2026-07-14,S05,K07,1,0,Z2,0.0000000000,2026-07-04 12:00:00+08:00,7144.0000000000,3cb10c3a52cc8a270549f33a3cafbef81201f436538d03d127ed6f48f6e4955a,1,,,,0,2.4666666667,2026-07-08T18:00:00+08:00
2026-07-14,S05,K08,1,0,Z2,0.0000000000,2026-07-04 12:00:00+08:00,7145.0000000000,c9ca0d3cfd680cd07233d7fefc538d813e02c3d96b0d135adb5b15e1fb51b6c9,1,,,,0,2.4666666667,2026-07-08T18:00:00+08:00
2026-07-14,S06,K01,1,0,Z2,0.1500000000,2026-07-04 12:00:00+08:00,7146.0000000000,37182c04aafaf1e8f201290421f28c62af2683f238063419103e05c388bec9d4,1,,,,0,2.4666666667,2026-07-08T18:00:00+08:00
2026-07-14,S06,K02,1,0,Z2,0.0000000000,2026-07-04 12:00:00+08:00,7147.0000000000,0b4780026c0759bd74ffd7134d2bd6967ec7f7172fb8701d2242a27f1c7ae6bd,1,,,,0,2.4666666667,2026-07-08T18:00:00+08:00
2026-07-14,S06,K03,1,0,Z2,0.0000000000,2026-07-04 12:00:00+08:00,7148.0000000000,3e30e0de8d4f23163127467839a517df9e96e8c293288409da9a97e42a2b8c7a,1,,,,0,2.4666666667,2026-07-08T18:00:00+08:00
2026-07-14,S06,K04,1,0,Z2,0.0000000000,2026-07-04 12:00:00+08:00,7149.0000000000,891db113b2356aef398bc80a961f3e766b27a3e1efc5dd276902fa3d471f867d,1,,,,0,2.4666666667,2026-07-08T18:00:00+08:00
2026-07-14,S06,K05,1,0,Z2,0.0000000000,2026-07-04 12:00:00+08:00,7150.0000000000,9b452dc0f87363e5846c375436ba83f937c93a021300e3fa63a2302f89a55ac4,1,,,,0,2.4666666667,2026-07-08T18:00:00+08:00
2026-07-14,S06,K06,1,0,Z2,0.0000000000,2026-07-04 12:00:00+08:00,7151.0000000000,5b801ee47186b3978e62e085a2702799b793e17c468d23fbba6fe91c113b1b3a,1,,,,0,2.4666666667,2026-07-08T18:00:00+08:00
2026-07-14,S06,K07,1,0,Z2,0.0000000000,2026-07-04 12:00:00+08:00,7152.0000000000,625992a37f07d3bab36124ae0d2b0cbb6303cf6eddff469b23683fe4ba58842e,1,,,,0,2.4666666667,2026-07-08T18:00:00+08:00
2026-07-14,S06,K08,1,0,Z2,0.0000000000,2026-07-04 12:00:00+08:00,7153.0000000000,c6f07143a83472d3cf1b90c99f1a66ddb14640facdcad9e95401516e7cef23bf,1,,,,0,2.4666666667,2026-07-08T18:00:00+08:00
2026-07-14,S07,K01,1,0,Z2,0.0000000000,2026-07-04 12:00:00+08:00,7154.0000000000,41da5f9c9cd6f6bb084d2be77d9b720cec07ce125db53a95b6565d0a9d8ab6ce,1,,,,0,2.4666666667,2026-07-08T18:00:00+08:00
2026-07-14,S07,K02,1,0,Z2,0.0000000000,2026-07-04 12:00:00+08:00,7155.0000000000,9f21fb0698be4e17d32c2c7ac2fe5b806b9575ecbb83ac0763968e77285b1ee7,1,,,,0,2.4666666667,2026-07-08T18:00:00+08:00
2026-07-14,S07,K03,1,0,Z2,0.0000000000,2026-07-04 12:00:00+08:00,7156.0000000000,b7a916de46607fa22e197f186a3068501216a28e62cc1aa1358fa52a6ee19da7,1,,,,0,2.4666666667,2026-07-08T18:00:00+08:00
2026-07-14,S07,K04,1,0,Z2,0.0000000000,2026-07-04 12:00:00+08:00,7157.0000000000,dd22d0c7d8dac15419c2f514096ce09724f72fc2751e0c14cb552d0c6ec28d47,1,,,,0,2.4666666667,2026-07-08T18:00:00+08:00
2026-07-14,S07,K05,1,0,Z2,0.0000000000,2026-07-04 12:00:00+08:00,7158.0000000000,2f955fd7e860a70877974404de2379575dc7ca88c7f8c3307cac1b0e8ac11754,1,,,,0,2.4666666667,2026-07-08T18:00:00+08:00
2026-07-14,S07,K06,1,0,Z2,0.0000000000,2026-07-04 12:00:00+08:00,7159.0000000000,4129ed1fed2391c9fa5cb18214c8eac5cb76130d940f1333c25f55ae27e6d64e,1,,,,0,2.4666666667,2026-07-08T18:00:00+08:00
2026-07-14,S07,K07,1,0,Z2,0.0000000000,2026-07-04 12:00:00+08:00,7160.0000000000,b672065bdf66a22a85040576260826c90d60db09031f72bc87872f5f0e937701,1,,,,0,2.4666666667,2026-07-08T18:00:00+08:00
2026-07-14,S07,K08,1,0,Z2,0.0000000000,2026-07-04 12:00:00+08:00,7161.0000000000,47cf72f11067a7adb971768ef94bf3f6cd731bd19a15ac5df330ba9ea7d2d6cd,1,,,,0,2.4666666667,2026-07-08T18:00:00+08:00
2026-07-14,S08,K01,1,0,Z2,0.0000000000,2026-07-04 12:00:00+08:00,7162.0000000000,5b466bbb042a6afab81fb6e51ff40a77b38867c4db2f943fef412a414b7dfaa1,1,,,,0,2.4666666667,2026-07-08T18:00:00+08:00
2026-07-14,S08,K02,1,0,Z2,0.0000000000,2026-07-04 12:00:00+08:00,7163.0000000000,87a4369898b4d001bdc2524224e69a41dc68e1075f522c8b400dac02dcc8296b,1,,,,0,2.4666666667,2026-07-08T18:00:00+08:00
2026-07-14,S08,K03,1,0,Z2,0.0000000000,2026-07-04 12:00:00+08:00,7164.0000000000,3569771430974bbf79085d57651be5022965cd6b7d1aa8a5834562ad06acad24,1,,,,0,2.4666666667,2026-07-08T18:00:00+08:00
2026-07-14,S08,K04,1,0,Z2,0.0000000000,2026-07-04 12:00:00+08:00,7165.0000000000,6bb3b51b5dcc1895c8146f5dd401b1862103d77c95c81401a3191d02d9ec44a2,1,,,,0,2.4666666667,2026-07-08T18:00:00+08:00
2026-07-14,S08,K05,1,0,Z2,0.0000000000,2026-07-04 12:00:00+08:00,7166.0000000000,e94c4045ff398aa23e0777cd64244a12dc2367d1d7d107842aa740e568dd7d6d,1,,,,0,2.4666666667,2026-07-08T18:00:00+08:00
2026-07-14,S08,K06,1,0,Z2,0.0000000000,2026-07-04 12:00:00+08:00,7167.0000000000,7d43c172c44cf453c6e53c4bc54ba1a206b776ef850b0cceac9c6aa32daf6406,1,,,,0,2.4666666667,2026-07-08T18:00:00+08:00
2026-07-14,S08,K07,1,0,Z2,0.0000000000,2026-07-04 12:00:00+08:00,7168.0000000000,1be3fdf4e79a60cdcd6b0467038fff462e1795abd6defc91afff1b2c98cfda8f,1,,,,0,2.4666666667,2026-07-08T18:00:00+08:00
2026-07-14,S08,K08,1,0,Z2,0.0000000000,2026-07-04 12:00:00+08:00,7169.0000000000,eb06a79fe6ac50748caa3c845ba1b6ec9f7d745935a9f6335e3df653aa3dd5e6,1,,,,0,2.4666666667,2026-07-08T18:00:00+08:00
2026-07-14,S09,K01,1,0,Z3,0.0000000000,2026-07-04 12:00:00+08:00,7170.0000000000,65145e93b9ecb5750dc71db0fd6a0a3ccdacb80dd0d934ffc77d0341b8f9303d,1,,,,0,2.4666666667,2026-07-08T18:00:00+08:00
2026-07-14,S09,K02,1,0,Z3,0.0000000000,2026-07-04 12:00:00+08:00,7171.0000000000,05bcab8da1a87dd392a103f7180910858d85b1d853fd3c16f6f01d1d453abb05,1,,,,0,2.4666666667,2026-07-08T18:00:00+08:00
2026-07-14,S09,K03,1,0,Z3,0.0000000000,2026-07-04 12:00:00+08:00,7172.0000000000,0cd8ee06915a5e599f6f60e66879a8620cb65d9699f4a92e97af2afee5f3d7a0,1,,,,0,2.4666666667,2026-07-08T18:00:00+08:00
2026-07-14,S09,K04,1,0,Z3,0.0000000000,2026-07-04 12:00:00+08:00,7173.0000000000,bac09988f980c1c9a9e5491f432fff5191dab5a6a57aa805868c21aa3acd424a,1,,,,0,2.4666666667,2026-07-08T18:00:00+08:00
2026-07-14,S09,K05,1,0,Z3,0.0000000000,2026-07-04 12:00:00+08:00,7174.0000000000,83815478782dd563e42153a14e1c07a61c97d43a533553a5d0ec77e0943ea970,1,,,,0,2.4666666667,2026-07-08T18:00:00+08:00
2026-07-14,S09,K06,1,0,Z3,0.0000000000,2026-07-04 12:00:00+08:00,7175.0000000000,c28d42a454d8f30488bf2023c86b4c384f46032fd313fbb2cb9a9fbcc688ec03,1,,,,0,2.4666666667,2026-07-08T18:00:00+08:00
2026-07-14,S09,K07,1,0,Z3,0.1500000000,2026-07-04 12:00:00+08:00,7176.0000000000,fd43d59ab042681dd709e6917e6d5e15da97f94c06bf3ce9bca71ffdaccc3e4e,1,,,,0,2.4666666667,2026-07-08T18:00:00+08:00
2026-07-14,S09,K08,1,0,Z3,0.1500000000,2026-07-04 12:00:00+08:00,7177.0000000000,7a18a11fb767ee119e54f68d3122e53080f54c02ab5473ce37f99aa6bc3fde25,1,,,,0,2.4666666667,2026-07-08T18:00:00+08:00
2026-07-14,S10,K01,1,0,Z3,0.0000000000,2026-07-04 12:00:00+08:00,7178.0000000000,d01d1b45aba3ebd8a8868914256672c4aeeaf15ee72715a9c3469fcda07d35ce,1,,,,0,2.4666666667,2026-07-08T18:00:00+08:00
2026-07-14,S10,K02,1,0,Z3,0.0000000000,2026-07-04 12:00:00+08:00,7179.0000000000,6656bdd96d26085a8260d871ae86786533fc8d230df5f31689f1a5c6503ea842,1,,,,0,2.4666666667,2026-07-08T18:00:00+08:00
2026-07-14,S10,K03,1,0,Z3,0.0000000000,2026-07-04 12:00:00+08:00,7180.0000000000,04b5f426c97a8fc89f665ef7d900a1a93d2ae32b3eaeec588edd6402437ea0c0,1,,,,0,2.4666666667,2026-07-08T18:00:00+08:00
2026-07-14,S10,K04,1,0,Z3,0.0000000000,2026-07-04 12:00:00+08:00,7181.0000000000,fdfba9ee48816c62491f248ba22611ff93c35409f1b59bf546c3ca6a2584b01f,1,,,,0,2.4666666667,2026-07-08T18:00:00+08:00
2026-07-14,S10,K05,1,0,Z3,0.0000000000,2026-07-04 12:00:00+08:00,7182.0000000000,124d16385926c263ef3ff4d54b202b3753ac49950eec8cd8467431bdf92238c2,1,,,,0,2.4666666667,2026-07-08T18:00:00+08:00
2026-07-14,S10,K06,1,0,Z3,0.1500000000,2026-07-04 12:00:00+08:00,7183.0000000000,1544248ca9e9b1aa3d4ab8b7096d6033a54b7edd6697ffdbab2a9b3cbce0f844,1,,,,0,2.4666666667,2026-07-08T18:00:00+08:00
2026-07-14,S10,K07,1,0,Z3,0.1500000000,2026-07-04 12:00:00+08:00,7184.0000000000,255c1ac42ec06b98d548c0acdbb44055127571a4dda42f0ba84265fc10f7c7f6,1,,,,0,2.4666666667,2026-07-08T18:00:00+08:00
2026-07-14,S10,K08,1,0,Z3,0.0000000000,2026-07-04 12:00:00+08:00,7185.0000000000,4003f8a782e93803b62cad93851963939e5c34bdb2e6f757af925b9fb06a4a41,1,,,,0,2.4666666667,2026-07-08T18:00:00+08:00
2026-07-14,S11,K01,1,0,Z3,0.0000000000,2026-07-04 12:00:00+08:00,7186.0000000000,174f1a31d284c19599bcf7a66e66d5be344dfbb6552d4ec5a6e26276d0449b13,1,,,,0,2.4666666667,2026-07-08T18:00:00+08:00
2026-07-14,S11,K02,1,0,Z3,0.0000000000,2026-07-04 12:00:00+08:00,7187.0000000000,2a2b49a0479c7c5ee1b11c0b6ff2ac493ccdb1121e5773f232c2cb150b61c59c,1,,,,0,2.4666666667,2026-07-08T18:00:00+08:00
2026-07-14,S11,K03,1,0,Z3,0.0000000000,2026-07-04 12:00:00+08:00,7188.0000000000,8cc2ce5e5681c18028b70860c6e895730fb1502ea864400bbcc5fc935e2749ba,1,,,,0,2.4666666667,2026-07-08T18:00:00+08:00
2026-07-14,S11,K04,1,0,Z3,0.1500000000,2026-07-04 12:00:00+08:00,7189.0000000000,3ff989252e11f9dd6dc91c57ddaf005d74720b676005c447d41a9c74841554ef,1,,,,0,2.4666666667,2026-07-08T18:00:00+08:00
2026-07-14,S11,K05,1,0,Z3,0.1500000000,2026-07-04 12:00:00+08:00,7190.0000000000,50378142b6f15bc3e4c2b0e6b072f90b925d005ee48c2a6ac4a6934b09a48c5d,1,,,,0,2.4666666667,2026-07-08T18:00:00+08:00
2026-07-14,S11,K06,1,0,Z3,0.0000000000,2026-07-04 12:00:00+08:00,7191.0000000000,b10b1a844b56d1f184d08005b9396ce001b4d7ef4ebd14a14ec2e23d9fc2d6ff,1,,,,0,2.4666666667,2026-07-08T18:00:00+08:00
2026-07-14,S11,K07,1,0,Z3,0.0000000000,2026-07-04 12:00:00+08:00,7192.0000000000,5ba8d9bf67bc87507dfa5137fb95271dbaf3a646c10c14ea2d552126bd1437c0,1,,,,0,2.4666666667,2026-07-08T18:00:00+08:00
2026-07-14,S11,K08,1,0,Z3,0.0000000000,2026-07-04 12:00:00+08:00,7193.0000000000,9cdd804cf6b5086616a6608d9662d64172a6ff66d4c2452010403cfc61009884,1,,,,0,2.4666666667,2026-07-08T18:00:00+08:00
2026-07-14,S12,K01,1,0,Z3,0.0000000000,2026-07-04 12:00:00+08:00,7194.0000000000,6427881014a38a627dc942003dcc6f585442dd905713f02944316c3a9e825be3,1,,,,0,2.4666666667,2026-07-08T18:00:00+08:00
2026-07-14,S12,K02,1,0,Z3,0.0000000000,2026-07-04 12:00:00+08:00,7195.0000000000,9d083ed5a0845894556c5f03063b2ad1352dfc8afd6c914cd43c90bf83e4af8c,1,,,,0,2.4666666667,2026-07-08T18:00:00+08:00
2026-07-14,S12,K03,1,0,Z3,0.1500000000,2026-07-04 12:00:00+08:00,7196.0000000000,84d8a59322ef5b69c68392f2083b1dfc7e10cfd8c0d1d680b713832314dc5e41,1,,,,0,2.4666666667,2026-07-08T18:00:00+08:00
2026-07-14,S12,K04,1,0,Z3,0.1500000000,2026-07-04 12:00:00+08:00,7197.0000000000,39c51dd57ccf026593c4d8f6f1d478094a2073cb4f9f860a14ea84408b812a50,1,,,,0,2.4666666667,2026-07-08T18:00:00+08:00
2026-07-14,S12,K05,1,0,Z3,0.0000000000,2026-07-04 12:00:00+08:00,7198.0000000000,592f507d2589aacc6f49b41e2540d81009238ac4ad189407903b37836d550e93,1,,,,0,2.4666666667,2026-07-08T18:00:00+08:00
2026-07-14,S12,K06,1,0,Z3,0.0000000000,2026-07-04 12:00:00+08:00,7199.0000000000,14e1cf3ee664de93e2baa3fd25294277273502769a78627c77bf095b589fbf1c,1,,,,0,2.4666666667,2026-07-08T18:00:00+08:00
2026-07-14,S12,K07,1,0,Z3,0.0000000000,2026-07-04 12:00:00+08:00,7200.0000000000,20948af5346dc60690a03b5bcf29e03a7a58a15a5905f51e7509950766de035a,1,,,,0,2.4666666667,2026-07-08T18:00:00+08:00
2026-07-14,S12,K08,1,0,Z3,0.0000000000,2026-07-04 12:00:00+08:00,7201.0000000000,e5d5f49f624c310b9727c45804c722facc5f05f100a2619359601d228cad3fb2,1,,,,0,2.4666666667,2026-07-08T18:00:00+08:00
2026-07-15,S01,K01,2,0,Z1,0.0000000000,2026-07-05 12:00:00+08:00,7202.0000000000,5c99f341dcc9fded394018904b84c8deb0106d40f84cebcf3874c1ff0df177e4,1,,,,0,2.5000000000,2026-07-08T18:00:00+08:00
2026-07-15,S01,K02,2,0,Z1,0.0000000000,2026-07-05 12:00:00+08:00,7203.0000000000,40a4877497c726babd3a807d2046ab4d64713286118563118a98fc85f732b419,1,,,,0,2.5000000000,2026-07-08T18:00:00+08:00
2026-07-15,S01,K03,2,0,Z1,0.0000000000,2026-07-05 12:00:00+08:00,7204.0000000000,f0647d74daaaee46f14397c6440b1ed0a481a05b65a1b38a55d69474ca280c52,1,,,,0,2.5000000000,2026-07-08T18:00:00+08:00
2026-07-15,S01,K04,2,0,Z1,0.0000000000,2026-07-05 12:00:00+08:00,7205.0000000000,55907bc1d396d1b753d7321d334932fbc7db1231ee8b83d861e4967b2e49dd8c,1,,,,0,2.5000000000,2026-07-08T18:00:00+08:00
2026-07-15,S01,K05,2,0,Z1,0.0000000000,2026-07-05 12:00:00+08:00,7206.0000000000,8b890bf17617a6e7563c67a0733bea0d9f86d7d7fa783aed7b781d26b64395d2,1,,,,0,2.5000000000,2026-07-08T18:00:00+08:00
2026-07-15,S01,K06,2,0,Z1,0.0000000000,2026-07-05 12:00:00+08:00,7207.0000000000,d4f78bc23e44d5b0b9065786643c350567b62ffe0eac3a66f667a3fb3658497a,1,,,,0,2.5000000000,2026-07-08T18:00:00+08:00
2026-07-15,S01,K07,2,0,Z1,0.1500000000,2026-07-05 12:00:00+08:00,7208.0000000000,7d2a0b728807f81d290358c3009cb7058020aebcf15150b3627a907cf17092b2,1,,,,0,2.5000000000,2026-07-08T18:00:00+08:00
2026-07-15,S01,K08,2,0,Z1,0.1500000000,2026-07-05 12:00:00+08:00,7209.0000000000,bebb11e39a443bb908763323e4232421aa039cc235d32aa07a9b6ae357c08cda,1,,,,0,2.5000000000,2026-07-08T18:00:00+08:00
2026-07-15,S02,K01,2,0,Z1,0.0000000000,2026-07-05 12:00:00+08:00,7210.0000000000,2dbcbbf8f68a91770644a5812ee1fd5d1a279c5e8e73e2f0eae4ada7fb1a3cc5,1,,,,0,2.5000000000,2026-07-08T18:00:00+08:00
2026-07-15,S02,K02,2,0,Z1,0.0000000000,2026-07-05 12:00:00+08:00,7211.0000000000,45a410c1a706962ea2c3c6029ce84140f06fda734f84157074ca31ed2da705bf,1,,,,0,2.5000000000,2026-07-08T18:00:00+08:00
2026-07-15,S02,K03,2,0,Z1,0.0000000000,2026-07-05 12:00:00+08:00,7212.0000000000,4ccb7d4cdc72df9473a74fdd1e4f56f591e285627e8b9df1c7334ff6c4276353,1,,,,0,2.5000000000,2026-07-08T18:00:00+08:00
2026-07-15,S02,K04,2,0,Z1,0.0000000000,2026-07-05 12:00:00+08:00,7213.0000000000,ec778aa5ce53044e0423207a16aa39b4a9942d0be7715462bb1bc51f6befb8d1,1,,,,0,2.5000000000,2026-07-08T18:00:00+08:00
2026-07-15,S02,K05,2,0,Z1,0.0000000000,2026-07-05 12:00:00+08:00,7214.0000000000,f2df5466f01b04b81c0e7726efa204d70ddb715b4b134b9839747c8c0f4b6b6b,1,,,,0,2.5000000000,2026-07-08T18:00:00+08:00
2026-07-15,S02,K06,2,0,Z1,0.1500000000,2026-07-05 12:00:00+08:00,7215.0000000000,ebe12e5c74b9428414e96f4c9dc8616ae8819bd5c0fe937acdecf1e166713fde,1,,,,0,2.5000000000,2026-07-08T18:00:00+08:00
2026-07-15,S02,K07,2,0,Z1,0.1500000000,2026-07-05 12:00:00+08:00,7216.0000000000,abb99e0744462e210b57827eba2119af680f1bcd1dfc481e79b86bea56e9fab0,1,,,,0,2.5000000000,2026-07-08T18:00:00+08:00
2026-07-15,S02,K08,2,0,Z1,0.0000000000,2026-07-05 12:00:00+08:00,7217.0000000000,caf022f7244cb1e7cfc17debda605617a3e774d175e866e718d93e7aab905983,1,,,,0,2.5000000000,2026-07-08T18:00:00+08:00
2026-07-15,S03,K01,2,0,Z1,0.0000000000,2026-07-05 12:00:00+08:00,7218.0000000000,a02f02fb5bb949b2be3238f85a9861f4607bd46b8828c3511292806cf0cca88b,1,,,,0,2.5000000000,2026-07-08T18:00:00+08:00
2026-07-15,S03,K02,2,0,Z1,0.0000000000,2026-07-05 12:00:00+08:00,7219.0000000000,3c30d9196c52bad59a65854f4e24583013ce4a6cee2995856924acf02a80dbf2,1,,,,0,2.5000000000,2026-07-08T18:00:00+08:00
2026-07-15,S03,K03,2,0,Z1,0.0000000000,2026-07-05 12:00:00+08:00,7220.0000000000,d72e68db8cfc90b65991556c86ffa49a474671852af2bb91d3bba42e72049bee,1,,,,0,2.5000000000,2026-07-08T18:00:00+08:00
2026-07-15,S03,K04,2,0,Z1,0.1500000000,2026-07-05 12:00:00+08:00,7221.0000000000,a94acabb1acbda90acee4300ee87761f420348611b636b0b39ddc7237d592fcb,1,,,,0,2.5000000000,2026-07-08T18:00:00+08:00
2026-07-15,S03,K05,2,0,Z1,0.1500000000,2026-07-05 12:00:00+08:00,7222.0000000000,20a01d41cf0f320e5ee370603e12e283e47b3084c9233cbc55c5590d534c55e0,1,,,,0,2.5000000000,2026-07-08T18:00:00+08:00
2026-07-15,S03,K06,2,0,Z1,0.0000000000,2026-07-05 12:00:00+08:00,7223.0000000000,5e569268db5de7ce06d99f083f627c189875d93f643d82e261eba79c2b0af52c,1,,,,0,2.5000000000,2026-07-08T18:00:00+08:00
2026-07-15,S03,K07,2,0,Z1,0.0000000000,2026-07-05 12:00:00+08:00,7224.0000000000,eb7e404b0e5ed22912b86d235180f4b066b3740aab2f20e37ebfd802cb24cd86,1,,,,0,2.5000000000,2026-07-08T18:00:00+08:00
2026-07-15,S03,K08,2,0,Z1,0.0000000000,2026-07-05 12:00:00+08:00,7225.0000000000,646d75c01192f0581c64f005133b48e00a12a03327960a8bc8567cc9109abf72,1,,,,0,2.5000000000,2026-07-08T18:00:00+08:00
2026-07-15,S04,K01,2,0,Z1,0.0000000000,2026-07-05 12:00:00+08:00,7226.0000000000,0f223a4a7ab8f09e50152643978b300b5ad5ad2ce9afa8a64ce1be395833632c,1,,,,0,2.5000000000,2026-07-08T18:00:00+08:00
2026-07-15,S04,K02,2,0,Z1,0.0000000000,2026-07-05 12:00:00+08:00,7227.0000000000,83a772bf69aa4bbb5399b700208f5140e727dcb4e9905f1b1522eb3c83c26b7c,1,,,,0,2.5000000000,2026-07-08T18:00:00+08:00
2026-07-15,S04,K03,2,0,Z1,0.1500000000,2026-07-05 12:00:00+08:00,7228.0000000000,08176809a3dab48f10c9faadc8d3fcb08f3ddb030079aeaedcc84205308ab2a7,1,,,,0,2.5000000000,2026-07-08T18:00:00+08:00
2026-07-15,S04,K04,2,0,Z1,0.1500000000,2026-07-05 12:00:00+08:00,7229.0000000000,2452cdbb205ff62c9e1bf41590f3c4637d9948890a0c347b4f0e9be31cefcc19,1,,,,0,2.5000000000,2026-07-08T18:00:00+08:00
2026-07-15,S04,K05,2,0,Z1,0.0000000000,2026-07-05 12:00:00+08:00,7230.0000000000,44a259dc55c74cf75dfc5e921f1e5a5ab6cf91b1f13cac5c40be8d54c5074500,1,,,,0,2.5000000000,2026-07-08T18:00:00+08:00
2026-07-15,S04,K06,2,0,Z1,0.0000000000,2026-07-05 12:00:00+08:00,7231.0000000000,1596aef5e72a7cce6a32007dc52e1b8a5d5ba882d53a332c2e56d04ba0e7239d,1,,,,0,2.5000000000,2026-07-08T18:00:00+08:00
2026-07-15,S04,K07,2,0,Z1,0.0000000000,2026-07-05 12:00:00+08:00,7232.0000000000,2cd5e4a01c2262cf86cefcc46c1ea591337cf3a5b4a5236f31f5fdfab592a3ff,1,,,,0,2.5000000000,2026-07-08T18:00:00+08:00
2026-07-15,S04,K08,2,0,Z1,0.0000000000,2026-07-05 12:00:00+08:00,7233.0000000000,eef5789dcb219c8d57d36df36792fbc247f0ef50348e01f01954c63ff463874f,1,,,,0,2.5000000000,2026-07-08T18:00:00+08:00
2026-07-15,S05,K01,2,0,Z2,0.1500000000,2026-07-05 12:00:00+08:00,7234.0000000000,4739abeb8a50cfb081548664da8c4623108e5584d9d25a3f79cf0f69b794be80,1,,,,0,2.5000000000,2026-07-08T18:00:00+08:00
2026-07-15,S05,K02,2,0,Z2,0.1500000000,2026-07-05 12:00:00+08:00,7235.0000000000,ea65c0a4b883875d7b5c7872912a77e05e2af9e0a2c630161280fd72d8713e89,1,,,,0,2.5000000000,2026-07-08T18:00:00+08:00
2026-07-15,S05,K03,2,0,Z2,0.0000000000,2026-07-05 12:00:00+08:00,7236.0000000000,8184ae622e9a47b550eef2fe7cf24be7b281fbb3fed45cc5c6487784bcc4d501,1,,,,0,2.5000000000,2026-07-08T18:00:00+08:00
2026-07-15,S05,K04,2,0,Z2,0.0000000000,2026-07-05 12:00:00+08:00,7237.0000000000,32e23dcc0eea74af1c5cff5f91dacff61559cc0be345cc826cde521b00a9774d,1,,,,0,2.5000000000,2026-07-08T18:00:00+08:00
2026-07-15,S05,K05,2,0,Z2,0.0000000000,2026-07-05 12:00:00+08:00,7238.0000000000,6957ed867afe4e252d632f807dee565fea2b52217b05feb82f84014ecdb3e549,1,,,,0,2.5000000000,2026-07-08T18:00:00+08:00
2026-07-15,S05,K06,2,0,Z2,0.0000000000,2026-07-05 12:00:00+08:00,7239.0000000000,8375d32dce7aef06da88789e967038ce8f710d0344ddf87adb169109d50a5cd0,1,,,,0,2.5000000000,2026-07-08T18:00:00+08:00
2026-07-15,S05,K07,2,0,Z2,0.0000000000,2026-07-05 12:00:00+08:00,7240.0000000000,f6d854baa4b4151ebb8d99b88a02e146e76f2fa804b281a687ead3a061f4a06e,1,,,,0,2.5000000000,2026-07-08T18:00:00+08:00
2026-07-15,S05,K08,2,0,Z2,0.0000000000,2026-07-05 12:00:00+08:00,7241.0000000000,92568298c3d2710f6a0865d3700b6428756d107976edb2f750e783e1ad1ff34d,1,,,,0,2.5000000000,2026-07-08T18:00:00+08:00
2026-07-15,S06,K01,2,0,Z2,0.1500000000,2026-07-05 12:00:00+08:00,7242.0000000000,0880a7e19308266dacb7a1cd19e0e7dcfa2e1af61be4bf709a929fc46d4521af,1,,,,0,2.5000000000,2026-07-08T18:00:00+08:00
2026-07-15,S06,K02,2,0,Z2,0.0000000000,2026-07-05 12:00:00+08:00,7243.0000000000,4779157460d4689fda643a01bf6d434b8dcc509b28020bb2ae13dc2a735edb33,1,,,,0,2.5000000000,2026-07-08T18:00:00+08:00
2026-07-15,S06,K03,2,0,Z2,0.0000000000,2026-07-05 12:00:00+08:00,7244.0000000000,308b278423b603774e492afb016a9f22bdc13e7d811224131e247cb9714c7582,1,,,,0,2.5000000000,2026-07-08T18:00:00+08:00
2026-07-15,S06,K04,2,0,Z2,0.0000000000,2026-07-05 12:00:00+08:00,7245.0000000000,0f639141d8636f91ae6ce19e397f5ff9db87214cea873e0d3edc630d50395363,1,,,,0,2.5000000000,2026-07-08T18:00:00+08:00
2026-07-15,S06,K05,2,0,Z2,0.0000000000,2026-07-05 12:00:00+08:00,7246.0000000000,fb94a6448fd2fd41ee593ab64b5987fad1bbcf272d0e7550690be226729088ad,1,,,,0,2.5000000000,2026-07-08T18:00:00+08:00
2026-07-15,S06,K06,2,0,Z2,0.0000000000,2026-07-05 12:00:00+08:00,7247.0000000000,9d0ebccae21518325432e066c41dda5c6e4f39659061f33b21a72eeaf9b31da5,1,,,,0,2.5000000000,2026-07-08T18:00:00+08:00
2026-07-15,S06,K07,2,0,Z2,0.0000000000,2026-07-05 12:00:00+08:00,7248.0000000000,48d3b24edab3075535be0013c08e6c2ceabefdbe3d558c219c3f06c65c2ad107,1,,,,0,2.5000000000,2026-07-08T18:00:00+08:00
2026-07-15,S06,K08,2,0,Z2,0.0000000000,2026-07-05 12:00:00+08:00,7249.0000000000,54d12d096f4f6d7df13b550883165408ba8834eab697189293af91676842524c,1,,,,0,2.5000000000,2026-07-08T18:00:00+08:00
2026-07-15,S07,K01,2,0,Z2,0.0000000000,2026-07-05 12:00:00+08:00,7250.0000000000,0678feb86514488779c1a72d2ca9a9d081ba8061d2557607c4e6d311470244d4,1,,,,0,2.5000000000,2026-07-08T18:00:00+08:00
2026-07-15,S07,K02,2,0,Z2,0.0000000000,2026-07-05 12:00:00+08:00,7251.0000000000,0c7ca359f667e441eb8314a6ee2755ca674945dff26ff1d1db04371c91feacbc,1,,,,0,2.5000000000,2026-07-08T18:00:00+08:00
2026-07-15,S07,K03,2,0,Z2,0.0000000000,2026-07-05 12:00:00+08:00,7252.0000000000,7d97563017d9df3a34d96ade840419e684daf3279091bf37fa414d7172daad25,1,,,,0,2.5000000000,2026-07-08T18:00:00+08:00
2026-07-15,S07,K04,2,0,Z2,0.0000000000,2026-07-05 12:00:00+08:00,7253.0000000000,8270982a8aa72ccb76886cc591c1c05c0f17c0c0d132f7245fd86c926e645e37,1,,,,0,2.5000000000,2026-07-08T18:00:00+08:00
2026-07-15,S07,K05,2,0,Z2,0.0000000000,2026-07-05 12:00:00+08:00,7254.0000000000,3ebc2d057db74f3609d1a45d5dcbf957a5176a6050cb3787257d80ba849960e1,1,,,,0,2.5000000000,2026-07-08T18:00:00+08:00
2026-07-15,S07,K06,2,0,Z2,0.0000000000,2026-07-05 12:00:00+08:00,7255.0000000000,9ccfc82a8ca7cb76c0dd77ba319b6f337d32c5bf32dcadc308647ca0b02c83ce,1,,,,0,2.5000000000,2026-07-08T18:00:00+08:00
2026-07-15,S07,K07,2,0,Z2,0.0000000000,2026-07-05 12:00:00+08:00,7256.0000000000,b6daf2bdb49901ae04759269cf557711acf69b1dfde4dd51959fe6174c155936,1,,,,0,2.5000000000,2026-07-08T18:00:00+08:00
2026-07-15,S07,K08,2,0,Z2,0.0000000000,2026-07-05 12:00:00+08:00,7257.0000000000,b8bddc0405406065c1bd44883212869733c1484a2b0f03638c3c31809cb89f07,1,,,,0,2.5000000000,2026-07-08T18:00:00+08:00
2026-07-15,S08,K01,2,0,Z2,0.0000000000,2026-07-05 12:00:00+08:00,7258.0000000000,d66e3a553d769fd493e93b186a141ed8c561d704fa9d14799b5b66759da80206,1,,,,0,2.5000000000,2026-07-08T18:00:00+08:00
2026-07-15,S08,K02,2,0,Z2,0.0000000000,2026-07-05 12:00:00+08:00,7259.0000000000,dbc0eb50dbe02ea5705f8fac60b387c372cf6bfce839e226dd486668e1327379,1,,,,0,2.5000000000,2026-07-08T18:00:00+08:00
2026-07-15,S08,K03,2,0,Z2,0.0000000000,2026-07-05 12:00:00+08:00,7260.0000000000,bd19b4b856874d3c40ab1e9878fa0eb4ca9d4d61a83e86b124bc46d0f9a5f7a3,1,,,,0,2.5000000000,2026-07-08T18:00:00+08:00
2026-07-15,S08,K04,2,0,Z2,0.0000000000,2026-07-05 12:00:00+08:00,7261.0000000000,ec85a340dfbb19fbe747c2873b41dfa8d9d2a7b114de8e2455a609c6e4572aa2,1,,,,0,2.5000000000,2026-07-08T18:00:00+08:00
2026-07-15,S08,K05,2,0,Z2,0.0000000000,2026-07-05 12:00:00+08:00,7262.0000000000,1a05429c67d53a1ec9fae22784b80d7a4e1602b6c98bdd7032dc1f23b2d52f7a,1,,,,0,2.5000000000,2026-07-08T18:00:00+08:00
2026-07-15,S08,K06,2,0,Z2,0.0000000000,2026-07-05 12:00:00+08:00,7263.0000000000,a2e856ad4255b5fe94729cc54b6391e200cc78905da464d5f6ec6a3d3f8c2937,1,,,,0,2.5000000000,2026-07-08T18:00:00+08:00
2026-07-15,S08,K07,2,0,Z2,0.0000000000,2026-07-05 12:00:00+08:00,7264.0000000000,abc3f0034b8c92269354e85301de6dc777969d2f810f26c8f5a0fc65f17f5acf,1,,,,0,2.5000000000,2026-07-08T18:00:00+08:00
2026-07-15,S08,K08,2,0,Z2,0.1500000000,2026-07-05 12:00:00+08:00,7265.0000000000,0e084787fe412ea59ba0f1f2a5788b78c118edc24d155db7f7efe0e2bebfabd4,1,,,,0,2.5000000000,2026-07-08T18:00:00+08:00
2026-07-15,S09,K01,2,0,Z3,0.0000000000,2026-07-05 12:00:00+08:00,7266.0000000000,02a2acd37b073c46d9589b07ea327ae56a7bfda00cfaeaf06aa2a7f79e30c828,1,,,,0,2.5000000000,2026-07-08T18:00:00+08:00
2026-07-15,S09,K02,2,0,Z3,0.0000000000,2026-07-05 12:00:00+08:00,7267.0000000000,68b92505271deb852ba57ff24782023533a0ecb89fc8cea39cc682f69c4eef95,1,,,,0,2.5000000000,2026-07-08T18:00:00+08:00
2026-07-15,S09,K03,2,0,Z3,0.0000000000,2026-07-05 12:00:00+08:00,7268.0000000000,fbb63ad1f411f2313dbf18a010f9c5bfa432f9b1478c6c436c62c7eb04f2fee7,1,,,,0,2.5000000000,2026-07-08T18:00:00+08:00
2026-07-15,S09,K04,2,0,Z3,0.0000000000,2026-07-05 12:00:00+08:00,7269.0000000000,e811f923111534948e07a0b81f7d8e05a62555bfb216043e52d4a2e8011f4a8a,1,,,,0,2.5000000000,2026-07-08T18:00:00+08:00
2026-07-15,S09,K05,2,0,Z3,0.0000000000,2026-07-05 12:00:00+08:00,7270.0000000000,be0c4d2fdc4c5daa20b810815ba4d72929d88cedb685a387dca797d363d889b9,1,,,,0,2.5000000000,2026-07-08T18:00:00+08:00
2026-07-15,S09,K06,2,0,Z3,0.0000000000,2026-07-05 12:00:00+08:00,7271.0000000000,9e4fdf4a27013ba4be4ae95258c42323247d3acb56d08edd5f9e583a08665f0c,1,,,,0,2.5000000000,2026-07-08T18:00:00+08:00
2026-07-15,S09,K07,2,0,Z3,0.1500000000,2026-07-05 12:00:00+08:00,7272.0000000000,8287cb598fdba12f3cbada6978721559e37795a65751b3235a696eec55d24cda,1,,,,0,2.5000000000,2026-07-08T18:00:00+08:00
2026-07-15,S09,K08,2,0,Z3,0.1500000000,2026-07-05 12:00:00+08:00,7273.0000000000,919c50038f95a0d50489333de4628be81b007fff5c955964ef9ed3db647d47a7,1,,,,0,2.5000000000,2026-07-08T18:00:00+08:00
2026-07-15,S10,K01,2,0,Z3,0.0000000000,2026-07-05 12:00:00+08:00,7274.0000000000,54831b6a31ef86bba74d93badb7cb133c756756062e60440546d6e624d5cb6a2,1,,,,0,2.5000000000,2026-07-08T18:00:00+08:00
2026-07-15,S10,K02,2,0,Z3,0.0000000000,2026-07-05 12:00:00+08:00,7275.0000000000,dfd5d0cb2e35e9f247b8888e249658e6dcc5261337be76ae670cf313010a5b12,1,,,,0,2.5000000000,2026-07-08T18:00:00+08:00
2026-07-15,S10,K03,2,0,Z3,0.0000000000,2026-07-05 12:00:00+08:00,7276.0000000000,d99203764e07938bb4ef911d41cf077f7a818fc99774d36f6d402f65051a2e78,1,,,,0,2.5000000000,2026-07-08T18:00:00+08:00
2026-07-15,S10,K04,2,0,Z3,0.0000000000,2026-07-05 12:00:00+08:00,7277.0000000000,7c7c125f7cdbbca072478df94e5354fcb824e0c7cd6a1c0cc8e0450f3d93b83e,1,,,,0,2.5000000000,2026-07-08T18:00:00+08:00
2026-07-15,S10,K05,2,0,Z3,0.1500000000,2026-07-05 12:00:00+08:00,7278.0000000000,443dc6161cffddd0f720c484dec77225241ee969e40aaaa63a4e2434f7cf12b8,1,,,,0,2.5000000000,2026-07-08T18:00:00+08:00
2026-07-15,S10,K06,2,0,Z3,0.1500000000,2026-07-05 12:00:00+08:00,7279.0000000000,3ecbe6550a91843206c7ec02012b58860078fa72765b670264d8e078517b219b,1,,,,0,2.5000000000,2026-07-08T18:00:00+08:00
2026-07-15,S10,K07,2,0,Z3,0.0000000000,2026-07-05 12:00:00+08:00,7280.0000000000,dc700676540889735a2c1f3937de137abe2cd9795fa830c9d61eef603f244198,1,,,,0,2.5000000000,2026-07-08T18:00:00+08:00
2026-07-15,S10,K08,2,0,Z3,0.0000000000,2026-07-05 12:00:00+08:00,7281.0000000000,76a26959629ab775bd1c99bb2ca44c679e1d465410100da9af7d8d891d2ae567,1,,,,0,2.5000000000,2026-07-08T18:00:00+08:00
2026-07-15,S11,K01,2,0,Z3,0.0000000000,2026-07-05 12:00:00+08:00,7282.0000000000,80a32283d02e176e5855c50b0aca3d430d29fdd14e5959fefd3be4d0529a90ff,1,,,,0,2.5000000000,2026-07-08T18:00:00+08:00
2026-07-15,S11,K02,2,0,Z3,0.0000000000,2026-07-05 12:00:00+08:00,7283.0000000000,99fee7d17b14c5234eefc9bc384b513b7530dcd31547b52da3896434ab8e1b6a,1,,,,0,2.5000000000,2026-07-08T18:00:00+08:00
2026-07-15,S11,K03,2,0,Z3,0.0000000000,2026-07-05 12:00:00+08:00,7284.0000000000,207ad926085a7955adae40038ef00a3bb3a108a6bc04a912af225d21011b934c,1,,,,0,2.5000000000,2026-07-08T18:00:00+08:00
2026-07-15,S11,K04,2,0,Z3,0.1500000000,2026-07-05 12:00:00+08:00,7285.0000000000,aef93a0cf267f25b401bc09c3e38f9dc2a335f9cf138738734b1f371de159950,1,,,,0,2.5000000000,2026-07-08T18:00:00+08:00
2026-07-15,S11,K05,2,0,Z3,0.1500000000,2026-07-05 12:00:00+08:00,7286.0000000000,635404cd1775bf39f559d22a8763b0c63082da10960be21fa14465e995cc03a9,1,,,,0,2.5000000000,2026-07-08T18:00:00+08:00
2026-07-15,S11,K06,2,0,Z3,0.0000000000,2026-07-05 12:00:00+08:00,7287.0000000000,7ce0e957e7d2a626eadfada8c9da79bebc3a0272f42a242d96a06f84b566407f,1,,,,0,2.5000000000,2026-07-08T18:00:00+08:00
2026-07-15,S11,K07,2,0,Z3,0.0000000000,2026-07-05 12:00:00+08:00,7288.0000000000,7dab93cada8f6514f0bd1077924d8af1a71c71870598c50bc7b270e37835063b,1,,,,0,2.5000000000,2026-07-08T18:00:00+08:00
2026-07-15,S11,K08,2,0,Z3,0.0000000000,2026-07-05 12:00:00+08:00,7289.0000000000,3325bded921c5057381cd98ec26d0c387935446d79c60f7c838d040d2bdf3e2b,1,,,,0,2.5000000000,2026-07-08T18:00:00+08:00
2026-07-15,S12,K01,2,0,Z3,0.0000000000,2026-07-05 12:00:00+08:00,7290.0000000000,12128327eebad3981a317c7d3b1dd78fad4c2e825e9ce47b16463c071e48d749,1,,,,0,2.5000000000,2026-07-08T18:00:00+08:00
2026-07-15,S12,K02,2,0,Z3,0.1500000000,2026-07-05 12:00:00+08:00,7291.0000000000,48d45bae697d270fadb456ab3b9f0f4d126fab75f13166656db34353b640b0bc,1,,,,0,2.5000000000,2026-07-08T18:00:00+08:00
2026-07-15,S12,K03,2,0,Z3,0.1500000000,2026-07-05 12:00:00+08:00,7292.0000000000,222982c1f215c64436f71fee3175ece089087d47c7db08a4a2b44b247d2f0085,1,,,,0,2.5000000000,2026-07-08T18:00:00+08:00
2026-07-15,S12,K04,2,0,Z3,0.0000000000,2026-07-05 12:00:00+08:00,7293.0000000000,5b0bab3633b6f18280e12736897fbe408f4669a6c887220b4493310828464103,1,,,,0,2.5000000000,2026-07-08T18:00:00+08:00
2026-07-15,S12,K05,2,0,Z3,0.0000000000,2026-07-05 12:00:00+08:00,7294.0000000000,2b7cfe4ec235c43a002a4beacb1f527aceebfae7b3bab51a0e791602cc458c7f,1,,,,0,2.5000000000,2026-07-08T18:00:00+08:00
2026-07-15,S12,K06,2,0,Z3,0.0000000000,2026-07-05 12:00:00+08:00,7295.0000000000,15252cc044f3aa50090248794a2b83b541443f8b63d6116c2aeff7680559f0a6,1,,,,0,2.5000000000,2026-07-08T18:00:00+08:00
2026-07-15,S12,K07,2,0,Z3,0.0000000000,2026-07-05 12:00:00+08:00,7296.0000000000,80620a8f5166a47397fbb7b06c4b7bd10a4ff9bbdd55d97adbf6bc45be383ee4,1,,,,0,2.5000000000,2026-07-08T18:00:00+08:00
2026-07-15,S12,K08,2,0,Z3,0.0000000000,2026-07-05 12:00:00+08:00,7297.0000000000,7db2412713c78ff5368d1de05869ed6fe6a0bcc620f66205776295f7fd6ba660,1,,,,0,2.5000000000,2026-07-08T18:00:00+08:00
2026-07-16,S01,K01,3,0,Z1,0.0000000000,2026-07-06 12:00:00+08:00,7298.0000000000,bcb13e5a99aaf0599a626408263d17050fc111e8fef6b910b33288105c9c18b7,1,,,,0,2.5333333333,2026-07-08T18:00:00+08:00
2026-07-16,S01,K02,3,0,Z1,0.0000000000,2026-07-06 12:00:00+08:00,7299.0000000000,17cedfee6c5b739f234e6dc13589aa851d1d71a13d8c0d161defac1614c61ffa,1,,,,0,2.5333333333,2026-07-08T18:00:00+08:00
2026-07-16,S01,K03,3,0,Z1,0.0000000000,2026-07-06 12:00:00+08:00,7300.0000000000,e5527a069c4775c11e595a72791755c46ac3d1957ec60bbe2f2c9a9fabfa9210,1,,,,0,2.5333333333,2026-07-08T18:00:00+08:00
2026-07-16,S01,K04,3,0,Z1,0.0000000000,2026-07-06 12:00:00+08:00,7301.0000000000,f405067886cfc9f1429cce7e22435e3e9569d17140a0be5aeddaf3e7f84cebaf,1,,,,0,2.5333333333,2026-07-08T18:00:00+08:00
2026-07-16,S01,K05,3,0,Z1,0.0000000000,2026-07-06 12:00:00+08:00,7302.0000000000,ee37a0092a748a72a6ca29cdf6bc82dc61efd00f6767e575ab4b34cc5655bb04,1,,,,0,2.5333333333,2026-07-08T18:00:00+08:00
2026-07-16,S01,K06,3,0,Z1,0.0000000000,2026-07-06 12:00:00+08:00,7303.0000000000,b82e898aa33457acc9d673a146ad9b9df74ba8be109abb9a934696c8286b2b92,1,,,,0,2.5333333333,2026-07-08T18:00:00+08:00
2026-07-16,S01,K07,3,0,Z1,0.1500000000,2026-07-06 12:00:00+08:00,7304.0000000000,a72c7ece59cda1a60b8def57d904cae6414acb8d9b644b1480256ac8c6a68caa,1,,,,0,2.5333333333,2026-07-08T18:00:00+08:00
2026-07-16,S01,K08,3,0,Z1,0.1500000000,2026-07-06 12:00:00+08:00,7305.0000000000,45f585bcb2f7629fcb91c4a98e80251d2418e2bd8f53ad117622ec74cfd85cfb,1,,,,0,2.5333333333,2026-07-08T18:00:00+08:00
2026-07-16,S02,K01,3,0,Z1,0.0000000000,2026-07-06 12:00:00+08:00,7306.0000000000,85fcd99c3b066a18866ba4f10bb63b97ad3d23ccb4812416357757fba5adf8e6,1,,,,0,2.5333333333,2026-07-08T18:00:00+08:00
2026-07-16,S02,K02,3,0,Z1,0.0000000000,2026-07-06 12:00:00+08:00,7307.0000000000,babf6ca54099669b931a9469621ae275e459cddf0aa29d3a680bb006297930de,1,,,,0,2.5333333333,2026-07-08T18:00:00+08:00
2026-07-16,S02,K03,3,0,Z1,0.0000000000,2026-07-06 12:00:00+08:00,7308.0000000000,714f3bce67ecfee753de0cd51a504f67f2a255af0207a736394a8ca25a480b12,1,,,,0,2.5333333333,2026-07-08T18:00:00+08:00
2026-07-16,S02,K04,3,0,Z1,0.0000000000,2026-07-06 12:00:00+08:00,7309.0000000000,97575200ce3ac211311a1703fd75196101972a261d11fc1e12eb982e01ffb950,1,,,,0,2.5333333333,2026-07-08T18:00:00+08:00
2026-07-16,S02,K05,3,0,Z1,0.1500000000,2026-07-06 12:00:00+08:00,7310.0000000000,12c37f6ff023c4a7d62b3be30e27506b56e439c39a4b959aec18531de96571b5,1,,,,0,2.5333333333,2026-07-08T18:00:00+08:00
2026-07-16,S02,K06,3,0,Z1,0.1500000000,2026-07-06 12:00:00+08:00,7311.0000000000,c251ebdfbc690b44d6bd7a5b8ef99f53f6a8968279a25dd46bb3d9d9cb30c522,1,,,,0,2.5333333333,2026-07-08T18:00:00+08:00
2026-07-16,S02,K07,3,0,Z1,0.0000000000,2026-07-06 12:00:00+08:00,7312.0000000000,2bcabc60392db49d76532a697ff6ec083423a4202134c695d0ebe345a48e57e5,1,,,,0,2.5333333333,2026-07-08T18:00:00+08:00
2026-07-16,S02,K08,3,0,Z1,0.0000000000,2026-07-06 12:00:00+08:00,7313.0000000000,cb536defe16029da31ce89aaef0fead036ce5aa11888b56749d842ba104927ed,1,,,,0,2.5333333333,2026-07-08T18:00:00+08:00
2026-07-16,S03,K01,3,0,Z1,0.0000000000,2026-07-06 12:00:00+08:00,7314.0000000000,9375f2f34332877cb1652e448769e32eb9ea4fb941b82d046a380884dee174ee,1,,,,0,2.5333333333,2026-07-08T18:00:00+08:00
2026-07-16,S03,K02,3,0,Z1,0.0000000000,2026-07-06 12:00:00+08:00,7315.0000000000,f35d4f0cd4517500c298714848b2dfc05f2b07b8577d17c5215877770dca232e,1,,,,0,2.5333333333,2026-07-08T18:00:00+08:00
2026-07-16,S03,K03,3,0,Z1,0.0000000000,2026-07-06 12:00:00+08:00,7316.0000000000,e40821bd1bdb168f1f882a485f2db358c198b2f905d5784ee84db3212fbafc5c,1,,,,0,2.5333333333,2026-07-08T18:00:00+08:00
2026-07-16,S03,K04,3,0,Z1,0.1500000000,2026-07-06 12:00:00+08:00,7317.0000000000,7d9f8513af7b8804a3813a01b3a6e5e0fcd8bb8a7a9abd08c2f6b7e9cfa8f74f,1,,,,0,2.5333333333,2026-07-08T18:00:00+08:00
2026-07-16,S03,K05,3,0,Z1,0.1500000000,2026-07-06 12:00:00+08:00,7318.0000000000,a3a525ef7d9b4d5572bf4d518a4079bac0b107363b69ade428c916e1c768e671,1,,,,0,2.5333333333,2026-07-08T18:00:00+08:00
2026-07-16,S03,K06,3,0,Z1,0.0000000000,2026-07-06 12:00:00+08:00,7319.0000000000,5b4664d879526c040222281da80ac76fcf42414e239763fcccc553e8350267a7,1,,,,0,2.5333333333,2026-07-08T18:00:00+08:00
2026-07-16,S03,K07,3,0,Z1,0.0000000000,2026-07-06 12:00:00+08:00,7320.0000000000,76a1eee602a4297a4cada6b971ff45a3789ac7204b2d9f3924d3ba4fe27630e5,1,,,,0,2.5333333333,2026-07-08T18:00:00+08:00
2026-07-16,S03,K08,3,0,Z1,0.0000000000,2026-07-06 12:00:00+08:00,7321.0000000000,f0b48c16e0595512f252c712b13e0c72d95a90598f166c01a28d690f93714fb7,1,,,,0,2.5333333333,2026-07-08T18:00:00+08:00
2026-07-16,S04,K01,3,0,Z1,0.0000000000,2026-07-06 12:00:00+08:00,7322.0000000000,4843b43c7c468e2448b7f892623f3a19fac3479a32fc4a34322b327189843362,1,,,,0,2.5333333333,2026-07-08T18:00:00+08:00
2026-07-16,S04,K02,3,0,Z1,0.1500000000,2026-07-06 12:00:00+08:00,7323.0000000000,d4cc49d361bbf426794040bedc72eb1d866f5507f42004bf6d84982fc86c9230,1,,,,0,2.5333333333,2026-07-08T18:00:00+08:00
2026-07-16,S04,K03,3,0,Z1,0.1500000000,2026-07-06 12:00:00+08:00,7324.0000000000,96b22dafbfd6e19901101b2f297a9d422f507a582c98c20616e0596fd2d97d89,1,,,,0,2.5333333333,2026-07-08T18:00:00+08:00
2026-07-16,S04,K04,3,0,Z1,0.0000000000,2026-07-06 12:00:00+08:00,7325.0000000000,96794c976055cc7187fa5232e05320f212f1419fc84830c9f67a7efec4cd3cb2,1,,,,0,2.5333333333,2026-07-08T18:00:00+08:00
2026-07-16,S04,K05,3,0,Z1,0.0000000000,2026-07-06 12:00:00+08:00,7326.0000000000,31bb659f49976fec189e8ff4607a002337370f504604281a4d9aa28489c2eab7,1,,,,0,2.5333333333,2026-07-08T18:00:00+08:00
2026-07-16,S04,K06,3,0,Z1,0.0000000000,2026-07-06 12:00:00+08:00,7327.0000000000,b163b92375225afc56b533b7baa3482e4f99bd7d8bf972889a2e1e30b3b8a2f6,1,,,,0,2.5333333333,2026-07-08T18:00:00+08:00
2026-07-16,S04,K07,3,0,Z1,0.0000000000,2026-07-06 12:00:00+08:00,7328.0000000000,90b5030c701f85d4bffe864f3673c03f8aab7412f5af6f4ec404b0407babf9e2,1,,,,0,2.5333333333,2026-07-08T18:00:00+08:00
2026-07-16,S04,K08,3,0,Z1,0.0000000000,2026-07-06 12:00:00+08:00,7329.0000000000,8d6241b90496760ba82fc2cb948fe15f8d202fa5ed16ab13cf5b754225a4ac5d,1,,,,0,2.5333333333,2026-07-08T18:00:00+08:00
2026-07-16,S05,K01,3,0,Z2,0.1500000000,2026-07-06 12:00:00+08:00,7330.0000000000,a5512d37593c85279c55594fb238b099f95f0d1823b6612a02fc7e40b2201f04,1,,,,0,2.5333333333,2026-07-08T18:00:00+08:00
2026-07-16,S05,K02,3,0,Z2,0.1500000000,2026-07-06 12:00:00+08:00,7331.0000000000,6133a7204f73ffcdcb50cf3597774d3e261e4320990c3851a468c49f94ca5a13,1,,,,0,2.5333333333,2026-07-08T18:00:00+08:00
2026-07-16,S05,K03,3,0,Z2,0.0000000000,2026-07-06 12:00:00+08:00,7332.0000000000,db2fff14d002c822115a29e16e1b9242a259c01857b8b0f6de1e555bc38564e4,1,,,,0,2.5333333333,2026-07-08T18:00:00+08:00
2026-07-16,S05,K04,3,0,Z2,0.0000000000,2026-07-06 12:00:00+08:00,7333.0000000000,81ccff1eb73a31d69f9fb0f8983b27ef45a266eb7a39f0d13e9ca49bb03005f2,1,,,,0,2.5333333333,2026-07-08T18:00:00+08:00
2026-07-16,S05,K05,3,0,Z2,0.0000000000,2026-07-06 12:00:00+08:00,7334.0000000000,c51ef9b2581b47b9589dd61e0c48ef5b44581c0be389ba0bf2a545579de2a51b,1,,,,0,2.5333333333,2026-07-08T18:00:00+08:00
2026-07-16,S05,K06,3,0,Z2,0.0000000000,2026-07-06 12:00:00+08:00,7335.0000000000,4ba1add81b9c50bea709e0f8a810cd5386a8317ee957018bb845136fddda7b5c,1,,,,0,2.5333333333,2026-07-08T18:00:00+08:00
2026-07-16,S05,K07,3,0,Z2,0.0000000000,2026-07-06 12:00:00+08:00,7336.0000000000,ffa0bad79458c7f07657db0b072e565dfb1d44fc84fc4196a26a2e5657873714,1,,,,0,2.5333333333,2026-07-08T18:00:00+08:00
2026-07-16,S05,K08,3,0,Z2,0.0000000000,2026-07-06 12:00:00+08:00,7337.0000000000,433f754cbf399718bb762d902f2eed4ca1f2a2d05770e0d4ffe1be66b4c2d768,1,,,,0,2.5333333333,2026-07-08T18:00:00+08:00
2026-07-16,S06,K01,3,0,Z2,0.0000000000,2026-07-06 12:00:00+08:00,7338.0000000000,0edda7afddb884650508b4119bc93718852b6729984089e8b9d343dba18f61a7,1,,,,0,2.5333333333,2026-07-08T18:00:00+08:00
2026-07-16,S06,K02,3,0,Z2,0.0000000000,2026-07-06 12:00:00+08:00,7339.0000000000,1459dc88e46c97c84411ad37f59df360cdf503374505b39d3cacf8e753dd51fc,1,,,,0,2.5333333333,2026-07-08T18:00:00+08:00
2026-07-16,S06,K03,3,0,Z2,0.0000000000,2026-07-06 12:00:00+08:00,7340.0000000000,8e3369d00262c4538a4f1efd1e19006220ca5298adc7dfd6baca939531bb04cb,1,,,,0,2.5333333333,2026-07-08T18:00:00+08:00
2026-07-16,S06,K04,3,0,Z2,0.0000000000,2026-07-06 12:00:00+08:00,7341.0000000000,57f57db03616badca82a55628b513ff426bcecd2ed462e14e2a87f454bfe9c01,1,,,,0,2.5333333333,2026-07-08T18:00:00+08:00
2026-07-16,S06,K05,3,0,Z2,0.0000000000,2026-07-06 12:00:00+08:00,7342.0000000000,c2a25a41749302b9199d18813075260456b95aa747a08fbc803417afc4aa06d5,1,,,,0,2.5333333333,2026-07-08T18:00:00+08:00
2026-07-16,S06,K06,3,0,Z2,0.0000000000,2026-07-06 12:00:00+08:00,7343.0000000000,0d93ad4ffd69a58ec6a687c1856ca7443bae751ba85a95bb9d17229470c5eca8,1,,,,0,2.5333333333,2026-07-08T18:00:00+08:00
2026-07-16,S06,K07,3,0,Z2,0.0000000000,2026-07-06 12:00:00+08:00,7344.0000000000,fb9ae93786f28b7f09cd63e25537df5992bc370a278299fa770706982cdab210,1,,,,0,2.5333333333,2026-07-08T18:00:00+08:00
2026-07-16,S06,K08,3,0,Z2,0.0000000000,2026-07-06 12:00:00+08:00,7345.0000000000,6ec6640ae58cf141ee36312a60906d15bcebf92663ab5acfffdd3cae01db5575,1,,,,0,2.5333333333,2026-07-08T18:00:00+08:00
2026-07-16,S07,K01,3,0,Z2,0.0000000000,2026-07-06 12:00:00+08:00,7346.0000000000,51aa979ffcba658293f1beaa3116142f92846fcafe5b7ba2e6f4a2fc210ce530,1,,,,0,2.5333333333,2026-07-08T18:00:00+08:00
2026-07-16,S07,K02,3,0,Z2,0.0000000000,2026-07-06 12:00:00+08:00,7347.0000000000,629bb0dde70396bacf1ffb12e8710b3710a19cbc5cbb475bf0988756e08fbcf2,1,,,,0,2.5333333333,2026-07-08T18:00:00+08:00
2026-07-16,S07,K03,3,0,Z2,0.0000000000,2026-07-06 12:00:00+08:00,7348.0000000000,1e0cbc9d041bbb57c455edfaed5cccfcdd4f4b23f97090cc31aea1e3db293ef0,1,,,,0,2.5333333333,2026-07-08T18:00:00+08:00
2026-07-16,S07,K04,3,0,Z2,0.0000000000,2026-07-06 12:00:00+08:00,7349.0000000000,0edd4ba70e532616353b46833df14a4d5478defd114f36eea5aceb8401fdfbff,1,,,,0,2.5333333333,2026-07-08T18:00:00+08:00
2026-07-16,S07,K05,3,0,Z2,0.0000000000,2026-07-06 12:00:00+08:00,7350.0000000000,fbf2ba6119365258f746e741fe937bba546b44e217e2034069004b1633581c33,1,,,,0,2.5333333333,2026-07-08T18:00:00+08:00
2026-07-16,S07,K06,3,0,Z2,0.0000000000,2026-07-06 12:00:00+08:00,7351.0000000000,ae82b584e432d55085b4c6a424997215b07254580568897403225ed02a4c52ad,1,,,,0,2.5333333333,2026-07-08T18:00:00+08:00
2026-07-16,S07,K07,3,0,Z2,0.0000000000,2026-07-06 12:00:00+08:00,7352.0000000000,b940af774c278223eccaf5e9b91c5a0e6e1c55ae53f1a4109ce9645c3328ac57,1,,,,0,2.5333333333,2026-07-08T18:00:00+08:00
2026-07-16,S07,K08,3,0,Z2,0.0000000000,2026-07-06 12:00:00+08:00,7353.0000000000,ba381e9f99fb467ac9ffcae17bd938cb3c26693cd1c622d764e45f7785ba5234,1,,,,0,2.5333333333,2026-07-08T18:00:00+08:00
2026-07-16,S08,K01,3,0,Z2,0.0000000000,2026-07-06 12:00:00+08:00,7354.0000000000,d267ca275dd329bcd90d990f2441ff20e75d73ca0c8e1a70ceffb73478c6cdbf,1,,,,0,2.5333333333,2026-07-08T18:00:00+08:00
2026-07-16,S08,K02,3,0,Z2,0.0000000000,2026-07-06 12:00:00+08:00,7355.0000000000,893033182432c9767ebcb824d4730c54c992a2394ab3506046de5d8eb9de3641,1,,,,0,2.5333333333,2026-07-08T18:00:00+08:00
2026-07-16,S08,K03,3,0,Z2,0.0000000000,2026-07-06 12:00:00+08:00,7356.0000000000,0a432dd76e8ae65d9c31cdcbe1565015ee7dca9b5065a860d12adde2ce9de318,1,,,,0,2.5333333333,2026-07-08T18:00:00+08:00
2026-07-16,S08,K04,3,0,Z2,0.0000000000,2026-07-06 12:00:00+08:00,7357.0000000000,e28e60fb791f33b67b325e9769af5f8f20837f63141167c3cc756cef81e4cdd5,1,,,,0,2.5333333333,2026-07-08T18:00:00+08:00
2026-07-16,S08,K05,3,0,Z2,0.0000000000,2026-07-06 12:00:00+08:00,7358.0000000000,b798dc67be24b5a8ee8300b30b0497f018199fce76cb8d48762f3329d78df4ad,1,,,,0,2.5333333333,2026-07-08T18:00:00+08:00
2026-07-16,S08,K06,3,0,Z2,0.0000000000,2026-07-06 12:00:00+08:00,7359.0000000000,8184d76308719a8f7ca5c20cd8409d79f6e2f7a62feb26f3ae01a806e05029f4,1,,,,0,2.5333333333,2026-07-08T18:00:00+08:00
2026-07-16,S08,K07,3,0,Z2,0.0000000000,2026-07-06 12:00:00+08:00,7360.0000000000,bc760a009b8f0ab6e1af1b651f9a1c1f0ed4476b0cd93f30486ac0cf1ed29de0,1,,,,0,2.5333333333,2026-07-08T18:00:00+08:00
2026-07-16,S08,K08,3,0,Z2,0.1500000000,2026-07-06 12:00:00+08:00,7361.0000000000,f5e211e4e521ea424e1d8dc488ab204720f88f6f552f2b9616fb2c4aba40b3d4,1,,,,0,2.5333333333,2026-07-08T18:00:00+08:00
2026-07-16,S09,K01,3,0,Z3,0.0000000000,2026-07-06 12:00:00+08:00,7362.0000000000,df62d9b7ae653c3b1276768d10584db4ddd38c6c826ae5536bb28865ae570fa0,1,,,,0,2.5333333333,2026-07-08T18:00:00+08:00
2026-07-16,S09,K02,3,0,Z3,0.0000000000,2026-07-06 12:00:00+08:00,7363.0000000000,14ba61890b596e405e6dc007c9a98b2328dab112e696e5a4c4497ed9193f6339,1,,,,0,2.5333333333,2026-07-08T18:00:00+08:00
2026-07-16,S09,K03,3,0,Z3,0.0000000000,2026-07-06 12:00:00+08:00,7364.0000000000,16bae126d5dd47c44229163ccfa30ee5187e30990a2bdf00db88037a58c99bbe,1,,,,0,2.5333333333,2026-07-08T18:00:00+08:00
2026-07-16,S09,K04,3,0,Z3,0.0000000000,2026-07-06 12:00:00+08:00,7365.0000000000,7f40de0a7c9bd0b322bee2c514b07214fe305ca6678dccd30160173594a87ef6,1,,,,0,2.5333333333,2026-07-08T18:00:00+08:00
2026-07-16,S09,K05,3,0,Z3,0.0000000000,2026-07-06 12:00:00+08:00,7366.0000000000,479178b3b83025df25b1c2574c74ab7b06041d6979a11592f5010e14db8325c8,1,,,,0,2.5333333333,2026-07-08T18:00:00+08:00
2026-07-16,S09,K06,3,0,Z3,0.1500000000,2026-07-06 12:00:00+08:00,7367.0000000000,caa69ba745bb66bfc39ccf622ad272f4a2147549d4d582e77de8431fd6f583b9,1,,,,0,2.5333333333,2026-07-08T18:00:00+08:00
2026-07-16,S09,K07,3,0,Z3,0.1500000000,2026-07-06 12:00:00+08:00,7368.0000000000,70ba7f47826b745c521a6f2f4e8414106ccafc06491f0105e19e9e737d3e2d29,1,,,,0,2.5333333333,2026-07-08T18:00:00+08:00
2026-07-16,S09,K08,3,0,Z3,0.0000000000,2026-07-06 12:00:00+08:00,7369.0000000000,d69b4eef4a7f5316b89a9036a28e61ccc56229e589a55b41b445ef1433ae29a3,1,,,,0,2.5333333333,2026-07-08T18:00:00+08:00
2026-07-16,S10,K01,3,0,Z3,0.0000000000,2026-07-06 12:00:00+08:00,7370.0000000000,4eef2ef8bd996a6f8be283e582bbcc9305cb22c5bfebd4d6c18de41a01ab1d36,1,,,,0,2.5333333333,2026-07-08T18:00:00+08:00
2026-07-16,S10,K02,3,0,Z3,0.0000000000,2026-07-06 12:00:00+08:00,7371.0000000000,e860186f6a9805f965031296f6512771c5a7c0e8e1309d572044cbc343cfc086,1,,,,0,2.5333333333,2026-07-08T18:00:00+08:00
2026-07-16,S10,K03,3,0,Z3,0.0000000000,2026-07-06 12:00:00+08:00,7372.0000000000,59e899764647eceebe614be2091a6084f176c074bc73244a37a9dbf701efacba,1,,,,0,2.5333333333,2026-07-08T18:00:00+08:00
2026-07-16,S10,K04,3,0,Z3,0.0000000000,2026-07-06 12:00:00+08:00,7373.0000000000,66659b6e843bff427fe05137410d8e5cec8808a415f61ae988f2c39c975da3c3,1,,,,0,2.5333333333,2026-07-08T18:00:00+08:00
2026-07-16,S10,K05,3,0,Z3,0.1500000000,2026-07-06 12:00:00+08:00,7374.0000000000,dd0ffbeeba6e790b3475bac0cb1fec09951ac300515dd6a55db9cf6091d6f182,1,,,,0,2.5333333333,2026-07-08T18:00:00+08:00
2026-07-16,S10,K06,3,0,Z3,0.1500000000,2026-07-06 12:00:00+08:00,7375.0000000000,fdb3ac3a02722fd1709f3bc2d0ecea5dd83b266dd89db56dd5a63b01dbed0d04,1,,,,0,2.5333333333,2026-07-08T18:00:00+08:00
2026-07-16,S10,K07,3,0,Z3,0.0000000000,2026-07-06 12:00:00+08:00,7376.0000000000,c99b605ba1e03a51e1db7fe92567e24574fb092f97f007d85c91d5532c4755c0,1,,,,0,2.5333333333,2026-07-08T18:00:00+08:00
2026-07-16,S10,K08,3,0,Z3,0.0000000000,2026-07-06 12:00:00+08:00,7377.0000000000,adbfe1c1718ebe1376321618185cc45dadfd8847ae93d56b36fc2fa0cdda63b9,1,,,,0,2.5333333333,2026-07-08T18:00:00+08:00
2026-07-16,S11,K01,3,0,Z3,0.0000000000,2026-07-06 12:00:00+08:00,7378.0000000000,e99971cc0d4c5916b0b93a930bdd2aca8bd4ee2cb10f4e10e1b29628e076a10d,1,,,,0,2.5333333333,2026-07-08T18:00:00+08:00
2026-07-16,S11,K02,3,0,Z3,0.0000000000,2026-07-06 12:00:00+08:00,7379.0000000000,889fe06f5c6b435b2c54e087e573a5c5534bf6092af5f20c4992ab68e05f7392,1,,,,0,2.5333333333,2026-07-08T18:00:00+08:00
2026-07-16,S11,K03,3,0,Z3,0.1500000000,2026-07-06 12:00:00+08:00,7380.0000000000,42015005877a84af4a0a2b9ad314e2cf23db7074026730dc1405884b112f4062,1,,,,0,2.5333333333,2026-07-08T18:00:00+08:00
2026-07-16,S11,K04,3,0,Z3,0.1500000000,2026-07-06 12:00:00+08:00,7381.0000000000,8c693b98147143749ee2533efa7edbae8993bbf589a3f4af7b6d45b5d895d6d9,1,,,,0,2.5333333333,2026-07-08T18:00:00+08:00
2026-07-16,S11,K05,3,0,Z3,0.0000000000,2026-07-06 12:00:00+08:00,7382.0000000000,7fbe3a7a64c667c29f5c3035530b4ffe4ce4de6a585522e3c32fc91f8ed5f667,1,,,,0,2.5333333333,2026-07-08T18:00:00+08:00
2026-07-16,S11,K06,3,0,Z3,0.0000000000,2026-07-06 12:00:00+08:00,7383.0000000000,cf02ce7ece064d7e65134dc5b84f8417b1f9aa2028c19730ba531baceee0c444,1,,,,0,2.5333333333,2026-07-08T18:00:00+08:00
2026-07-16,S11,K07,3,0,Z3,0.0000000000,2026-07-06 12:00:00+08:00,7384.0000000000,91d4dcfbfd5ae5f0ed9f34e49aeecfbbbcfeda6a66a215c5dae528c4cd3c5eba,1,,,,0,2.5333333333,2026-07-08T18:00:00+08:00
2026-07-16,S11,K08,3,0,Z3,0.0000000000,2026-07-06 12:00:00+08:00,7385.0000000000,38ea8cfdd0ffd3c4de2335094a819194a949f1bbd6fe18492ae35cdfeb17bc54,1,,,,0,2.5333333333,2026-07-08T18:00:00+08:00
2026-07-16,S12,K01,3,0,Z3,0.0000000000,2026-07-06 12:00:00+08:00,7386.0000000000,9742b9f75a8f37cbdb6fd3a26739a98ed77e8c2749e40d5444ccf9286c622a4d,1,,,,0,2.5333333333,2026-07-08T18:00:00+08:00
2026-07-16,S12,K02,3,0,Z3,0.1500000000,2026-07-06 12:00:00+08:00,7387.0000000000,bc3a64fe84159f134462820abbc038730e0326cb17218f583592edd8d73c84ba,1,,,,0,2.5333333333,2026-07-08T18:00:00+08:00
2026-07-16,S12,K03,3,0,Z3,0.1500000000,2026-07-06 12:00:00+08:00,7388.0000000000,5fb308778b7bf1535f9121ab72c331f8858bda4449ec092bf98e4fa192ca1c86,1,,,,0,2.5333333333,2026-07-08T18:00:00+08:00
2026-07-16,S12,K04,3,0,Z3,0.0000000000,2026-07-06 12:00:00+08:00,7389.0000000000,062058d42293c2350ab56506eeded34883520a00894dd6fc9777ea88e9cc63d5,1,,,,0,2.5333333333,2026-07-08T18:00:00+08:00
2026-07-16,S12,K05,3,0,Z3,0.0000000000,2026-07-06 12:00:00+08:00,7390.0000000000,aad58523c96326c4b7833db51237b3e8db220b825390c407c0991afd57bc1cdb,1,,,,0,2.5333333333,2026-07-08T18:00:00+08:00
2026-07-16,S12,K06,3,0,Z3,0.0000000000,2026-07-06 12:00:00+08:00,7391.0000000000,49d3fb17734f0944b32148ac2865177d704847b49a5661754066e6a2be53437f,1,,,,0,2.5333333333,2026-07-08T18:00:00+08:00
2026-07-16,S12,K07,3,0,Z3,0.0000000000,2026-07-06 12:00:00+08:00,7392.0000000000,36783bfadb5d865bd8c2738b94b37ff10bfd4fd2ebbe29b7a04b837dc7c9c6b6,1,,,,0,2.5333333333,2026-07-08T18:00:00+08:00
2026-07-16,S12,K08,3,0,Z3,0.0000000000,2026-07-06 12:00:00+08:00,7393.0000000000,a1a1016053e7d9845a83fa1ea1c0ce281c8bfee11cd6b48595c9d990fdca6e24,1,,,,0,2.5333333333,2026-07-08T18:00:00+08:00
2026-07-17,S01,K01,4,0,Z1,0.0000000000,2026-07-07 12:00:00+08:00,7394.0000000000,8304808e3a31abe5f1387080ebdaed8fb2b13c2f9274e946b10fa056c6609837,1,,,,0,2.5666666667,2026-07-08T18:00:00+08:00
2026-07-17,S01,K02,4,0,Z1,0.0000000000,2026-07-07 12:00:00+08:00,7395.0000000000,db9c729082cc3d24fa1da81fb86a18f0967208088c472b20b11d8c8632352be4,1,,,,0,2.5666666667,2026-07-08T18:00:00+08:00
2026-07-17,S01,K03,4,0,Z1,0.0000000000,2026-07-07 12:00:00+08:00,7396.0000000000,b86941ee9a90d1b8eca2ef052381510aa71a69cf91f0726af0af095a17dcc1cb,1,,,,0,2.5666666667,2026-07-08T18:00:00+08:00
2026-07-17,S01,K04,4,0,Z1,0.0000000000,2026-07-07 12:00:00+08:00,7397.0000000000,d57c394f30cf112e56c633bb01a259e6a28b2219157da0cc12f06e7d41d9dd30,1,,,,0,2.5666666667,2026-07-08T18:00:00+08:00
2026-07-17,S01,K05,4,0,Z1,0.0000000000,2026-07-07 12:00:00+08:00,7398.0000000000,654f73aadc68ccb1d9ca817353d9d4fa1e5d87ea846c2f0ed75e7ff74a87c25b,1,,,,0,2.5666666667,2026-07-08T18:00:00+08:00
2026-07-17,S01,K06,4,0,Z1,0.1500000000,2026-07-07 12:00:00+08:00,7399.0000000000,cd476db77ecf05ee16d8bf8d7759bb38854fd22df604c2178ce8f081e6475dcc,1,,,,0,2.5666666667,2026-07-08T18:00:00+08:00
2026-07-17,S01,K07,4,0,Z1,0.1500000000,2026-07-07 12:00:00+08:00,7400.0000000000,de955f558dd667e3b19ba36d53ebcfa9bd6f90dfa12b778a795d6a0886187a61,1,,,,0,2.5666666667,2026-07-08T18:00:00+08:00
2026-07-17,S01,K08,4,0,Z1,0.0000000000,2026-07-07 12:00:00+08:00,7401.0000000000,c76b4655f965b8733824a7d3de41c2a3d2850d6c2a6eaa3f5f2e15421e9413ed,1,,,,0,2.5666666667,2026-07-08T18:00:00+08:00
2026-07-17,S02,K01,4,0,Z1,0.0000000000,2026-07-07 12:00:00+08:00,7402.0000000000,6eae92a9a730e09eef87ca2e55ca3faed1b26089bb1beb2b771daa311b6fec11,1,,,,0,2.5666666667,2026-07-08T18:00:00+08:00
2026-07-17,S02,K02,4,0,Z1,0.0000000000,2026-07-07 12:00:00+08:00,7403.0000000000,b0cfc6423d0e2860bf860f91f21f6987f6a439bc00c07c30d261d720be4d67ff,1,,,,0,2.5666666667,2026-07-08T18:00:00+08:00
2026-07-17,S02,K03,4,0,Z1,0.0000000000,2026-07-07 12:00:00+08:00,7404.0000000000,4f30a543a7f358b025c377841ccf69718fd8dc232a2f1707345dd896666fc121,1,,,,0,2.5666666667,2026-07-08T18:00:00+08:00
2026-07-17,S02,K04,4,0,Z1,0.0000000000,2026-07-07 12:00:00+08:00,7405.0000000000,9d00bf74ec3ab8b52e6d02f89b78ea78d19b65a07ac8a1dd71ce51958b37be27,1,,,,0,2.5666666667,2026-07-08T18:00:00+08:00
2026-07-17,S02,K05,4,0,Z1,0.1500000000,2026-07-07 12:00:00+08:00,7406.0000000000,50c6fef05c6e45012e1f356c34afe680c4cf04471bdbb23cd1e5bb7195efc322,1,,,,0,2.5666666667,2026-07-08T18:00:00+08:00
2026-07-17,S02,K06,4,0,Z1,0.1500000000,2026-07-07 12:00:00+08:00,7407.0000000000,82c6cf7c37c23eaf705a9570ba0aae5234cc2159ab96dc64d0827fdfa4a01dea,1,,,,0,2.5666666667,2026-07-08T18:00:00+08:00
2026-07-17,S02,K07,4,0,Z1,0.0000000000,2026-07-07 12:00:00+08:00,7408.0000000000,a00e114112f5e97545e5ca8811ec1ec2128a0486560a14eff269d397a1c67e15,1,,,,0,2.5666666667,2026-07-08T18:00:00+08:00
2026-07-17,S02,K08,4,0,Z1,0.0000000000,2026-07-07 12:00:00+08:00,7409.0000000000,aaf048c346e3fc4898009850f4d44bc34093accb6474a775eb8eb3497e0b3ac0,1,,,,0,2.5666666667,2026-07-08T18:00:00+08:00
2026-07-17,S03,K01,4,0,Z1,0.0000000000,2026-07-07 12:00:00+08:00,7410.0000000000,bef5cf43281763eaf2e0fa439c8aba322839d30bf91f59a51eee49e0cffbfa17,1,,,,0,2.5666666667,2026-07-08T18:00:00+08:00
2026-07-17,S03,K02,4,0,Z1,0.0000000000,2026-07-07 12:00:00+08:00,7411.0000000000,1512e018def7a50592289899fb670dbe6db24341cbe0a74d5e94bb871950e96f,1,,,,0,2.5666666667,2026-07-08T18:00:00+08:00
2026-07-17,S03,K03,4,0,Z1,0.1500000000,2026-07-07 12:00:00+08:00,7412.0000000000,c623fe0b11a17d0f6d40b873cf2e562d895c4a3f759fa817aa7be6725767d5c9,1,,,,0,2.5666666667,2026-07-08T18:00:00+08:00
2026-07-17,S03,K04,4,0,Z1,0.1500000000,2026-07-07 12:00:00+08:00,7413.0000000000,45fd5bf250277f9cbef4af2f652af608caba2decf141bd2f11fd313447b46cbe,1,,,,0,2.5666666667,2026-07-08T18:00:00+08:00
2026-07-17,S03,K05,4,0,Z1,0.0000000000,2026-07-07 12:00:00+08:00,7414.0000000000,bc5e8d86310aefc1778698231019d213c7ff08d9f5024f58c484cf0ddc978f9c,1,,,,0,2.5666666667,2026-07-08T18:00:00+08:00
2026-07-17,S03,K06,4,0,Z1,0.0000000000,2026-07-07 12:00:00+08:00,7415.0000000000,eb0e1e0a08b9cea00a060ad9e2f93cb22d5f9a0d2b74e280e9b5c162a997b726,1,,,,0,2.5666666667,2026-07-08T18:00:00+08:00
2026-07-17,S03,K07,4,0,Z1,0.0000000000,2026-07-07 12:00:00+08:00,7416.0000000000,26f9ff8c4d3982c4a965759d78a117f904531885fa73877cf1622c0c731cb4c3,1,,,,0,2.5666666667,2026-07-08T18:00:00+08:00
2026-07-17,S03,K08,4,0,Z1,0.0000000000,2026-07-07 12:00:00+08:00,7417.0000000000,766a2f055306774d0a2ffc58d2785cbc5e59f82a845b8d12929ebf5ac50342dc,1,,,,0,2.5666666667,2026-07-08T18:00:00+08:00
2026-07-17,S04,K01,4,0,Z1,0.0000000000,2026-07-07 12:00:00+08:00,7418.0000000000,1e1876e2d520248dac41cb5edd063fcfb7c1c1a17d1766fad82709c57f27da1a,1,,,,0,2.5666666667,2026-07-08T18:00:00+08:00
2026-07-17,S04,K02,4,0,Z1,0.1500000000,2026-07-07 12:00:00+08:00,7419.0000000000,cd456756b1035c060d51e88404f412917356b3c841edbcfcfe5cb82de2709d83,1,,,,0,2.5666666667,2026-07-08T18:00:00+08:00
2026-07-17,S04,K03,4,0,Z1,0.1500000000,2026-07-07 12:00:00+08:00,7420.0000000000,722c08073dfb49880832411992b4a0a151497013c096cdaa18ad2f670fad7236,1,,,,0,2.5666666667,2026-07-08T18:00:00+08:00
2026-07-17,S04,K04,4,0,Z1,0.0000000000,2026-07-07 12:00:00+08:00,7421.0000000000,3580fc7bde311541d4c83970adc9793c0113d29ebebe8a495f1d91b736720ca1,1,,,,0,2.5666666667,2026-07-08T18:00:00+08:00
2026-07-17,S04,K05,4,0,Z1,0.0000000000,2026-07-07 12:00:00+08:00,7422.0000000000,5fb075fcfa77ca1afa0fa90f03401a3914d9dacef5ac56febbdc83f4eee6ebf7,1,,,,0,2.5666666667,2026-07-08T18:00:00+08:00
2026-07-17,S04,K06,4,0,Z1,0.0000000000,2026-07-07 12:00:00+08:00,7423.0000000000,a303ec3e54e5a4a9230c9a8b7c86699e3bfab4a5d6455a659881bfe18455e56c,1,,,,0,2.5666666667,2026-07-08T18:00:00+08:00
2026-07-17,S04,K07,4,0,Z1,0.0000000000,2026-07-07 12:00:00+08:00,7424.0000000000,a9a1e0c0792d1959419981ee93dcc064f5162eab265fe3de6af76e6cce3bc065,1,,,,0,2.5666666667,2026-07-08T18:00:00+08:00
2026-07-17,S04,K08,4,0,Z1,0.0000000000,2026-07-07 12:00:00+08:00,7425.0000000000,11abfd38e3775ec25064117f748bb3806924af6459199872120e284231c0bcab,1,,,,0,2.5666666667,2026-07-08T18:00:00+08:00
2026-07-17,S05,K01,4,0,Z2,0.1500000000,2026-07-07 12:00:00+08:00,7426.0000000000,e010bc1aa103511592557cf0c276b58e5dfd8068f82f7cf21e8b23458b130b9b,1,,,,0,2.5666666667,2026-07-08T18:00:00+08:00
2026-07-17,S05,K02,4,0,Z2,0.0000000000,2026-07-07 12:00:00+08:00,7427.0000000000,7ab1962cd5598996aa357df6ec877862a6c93cac0bc505dee61f845572232c5b,1,,,,0,2.5666666667,2026-07-08T18:00:00+08:00
2026-07-17,S05,K03,4,0,Z2,0.0000000000,2026-07-07 12:00:00+08:00,7428.0000000000,5d710632cf366a5f3fec049ed868f025bb178db1b52193f8a1fa44f83934a602,1,,,,0,2.5666666667,2026-07-08T18:00:00+08:00
2026-07-17,S05,K04,4,0,Z2,0.0000000000,2026-07-07 12:00:00+08:00,7429.0000000000,2a7279e1dc7c4a3e5c6de36dc15328dff88bcf386ce861d7cb569899afd135dc,1,,,,0,2.5666666667,2026-07-08T18:00:00+08:00
2026-07-17,S05,K05,4,0,Z2,0.0000000000,2026-07-07 12:00:00+08:00,7430.0000000000,4329da30223f68d8fb4029dd9d1ef9527cac8483fc3d3960392d32fc8a5822f8,1,,,,0,2.5666666667,2026-07-08T18:00:00+08:00
2026-07-17,S05,K06,4,0,Z2,0.0000000000,2026-07-07 12:00:00+08:00,7431.0000000000,bfa219b8b75c23bd2f086d0af816f73d608e6b142ab670bfcc8df164d65386f2,1,,,,0,2.5666666667,2026-07-08T18:00:00+08:00
2026-07-17,S05,K07,4,0,Z2,0.0000000000,2026-07-07 12:00:00+08:00,7432.0000000000,0c86d3e3e63aabde171745e53bf10c5cbfa994ceddf9e33bb77be140196a9789,1,,,,0,2.5666666667,2026-07-08T18:00:00+08:00
2026-07-17,S05,K08,4,0,Z2,0.0000000000,2026-07-07 12:00:00+08:00,7433.0000000000,15f6274d009a652c28c79552dff19252bc7a14bdbc181e6bd57374fbbead6efe,1,,,,0,2.5666666667,2026-07-08T18:00:00+08:00
2026-07-17,S06,K01,4,0,Z2,0.0000000000,2026-07-07 12:00:00+08:00,7434.0000000000,79a2fb7587452c376d8adbf7fbe3c8330fc69ef35717472af42011dd1e317beb,1,,,,0,2.5666666667,2026-07-08T18:00:00+08:00
2026-07-17,S06,K02,4,0,Z2,0.0000000000,2026-07-07 12:00:00+08:00,7435.0000000000,6641fe54b68c443f7ec2c49afad0d5bfd82c0ec331e4c886f4c0be144f2f24e3,1,,,,0,2.5666666667,2026-07-08T18:00:00+08:00
2026-07-17,S06,K03,4,0,Z2,0.0000000000,2026-07-07 12:00:00+08:00,7436.0000000000,f4f59866df1790da05e1b27ee4cce25e729d5de5fbec99f0785c09ac5626925d,1,,,,0,2.5666666667,2026-07-08T18:00:00+08:00
2026-07-17,S06,K04,4,0,Z2,0.0000000000,2026-07-07 12:00:00+08:00,7437.0000000000,e9270235b5cd065eb85be373bf804e95d22342be5d50e65380201dab501a359e,1,,,,0,2.5666666667,2026-07-08T18:00:00+08:00
2026-07-17,S06,K05,4,0,Z2,0.0000000000,2026-07-07 12:00:00+08:00,7438.0000000000,5da69467fb6200155415b09225261185fc6d1dd12dde874c9d0b1cedbb08f266,1,,,,0,2.5666666667,2026-07-08T18:00:00+08:00
2026-07-17,S06,K06,4,0,Z2,0.0000000000,2026-07-07 12:00:00+08:00,7439.0000000000,1e7b2f325291767fd30227442f4ec793a6f1161c3607779d95f621cff5abece0,1,,,,0,2.5666666667,2026-07-08T18:00:00+08:00
2026-07-17,S06,K07,4,0,Z2,0.0000000000,2026-07-07 12:00:00+08:00,7440.0000000000,1de5deb2bdf09f206780437c2356f4ecea69da1c7264bbf7ca33f0162cff9943,1,,,,0,2.5666666667,2026-07-08T18:00:00+08:00
2026-07-17,S06,K08,4,0,Z2,0.0000000000,2026-07-07 12:00:00+08:00,7441.0000000000,665bd8ce27c5ae05dc1fe0f6ac72c9d1b6ec7eb20e9b3422180e441da9cb2d12,1,,,,0,2.5666666667,2026-07-08T18:00:00+08:00
2026-07-17,S07,K01,4,0,Z2,0.0000000000,2026-07-07 12:00:00+08:00,7442.0000000000,24952a2d0a60841ceb5332b7cdbe6e3b4dc1b0d73872a6fe2ea9c3ef86e3140a,1,,,,0,2.5666666667,2026-07-08T18:00:00+08:00
2026-07-17,S07,K02,4,0,Z2,0.0000000000,2026-07-07 12:00:00+08:00,7443.0000000000,8242aeb4cf8f5dcc9eea599ec61ad6629e33c2fdb66a974e7b1dc209c8339016,1,,,,0,2.5666666667,2026-07-08T18:00:00+08:00
2026-07-17,S07,K03,4,0,Z2,0.0000000000,2026-07-07 12:00:00+08:00,7444.0000000000,1017899843a234d1783b0fcdbe9cac61c5a96f6fb63bd113061c5e16b7b53264,1,,,,0,2.5666666667,2026-07-08T18:00:00+08:00
2026-07-17,S07,K04,4,0,Z2,0.0000000000,2026-07-07 12:00:00+08:00,7445.0000000000,7e5b35e2a6b4e9cafbddb0a91593c3cbef0434bb4adc5afa55400e4a3ac177e1,1,,,,0,2.5666666667,2026-07-08T18:00:00+08:00
2026-07-17,S07,K05,4,0,Z2,0.0000000000,2026-07-07 12:00:00+08:00,7446.0000000000,65bb6c750ef07f915bd437c5ce0ab1f5d1044eb2d17c7a567191b0ba07090414,1,,,,0,2.5666666667,2026-07-08T18:00:00+08:00
2026-07-17,S07,K06,4,0,Z2,0.0000000000,2026-07-07 12:00:00+08:00,7447.0000000000,04623621815106aeac17d29657dea5e676b3e7580f9f307c84297963807147c2,1,,,,0,2.5666666667,2026-07-08T18:00:00+08:00
2026-07-17,S07,K07,4,0,Z2,0.0000000000,2026-07-07 12:00:00+08:00,7448.0000000000,779196eb3a611990dc45ca8415f3b3a0390d2eaff6b07f3d4537e55113321417,1,,,,0,2.5666666667,2026-07-08T18:00:00+08:00
2026-07-17,S07,K08,4,0,Z2,0.0000000000,2026-07-07 12:00:00+08:00,7449.0000000000,a2b009018977837631de956076f4dc1afce0ba437661934b573ec9acb84387ed,1,,,,0,2.5666666667,2026-07-08T18:00:00+08:00
2026-07-17,S08,K01,4,0,Z2,0.0000000000,2026-07-07 12:00:00+08:00,7450.0000000000,c53dc3aa60b4c7a378fe018c197852ce463b34d93b2fce7c61d3a0da50e629a2,1,,,,0,2.5666666667,2026-07-08T18:00:00+08:00
2026-07-17,S08,K02,4,0,Z2,0.0000000000,2026-07-07 12:00:00+08:00,7451.0000000000,c4c604bd9ffcf0c307b61ca4a1e784096050dae64ed85b39250374a376137f49,1,,,,0,2.5666666667,2026-07-08T18:00:00+08:00
2026-07-17,S08,K03,4,0,Z2,0.0000000000,2026-07-07 12:00:00+08:00,7452.0000000000,a44ea26f492d30cfa1be2c9841b6deddda09347efad33117be6a8e6aaa9b1d6f,1,,,,0,2.5666666667,2026-07-08T18:00:00+08:00
2026-07-17,S08,K04,4,0,Z2,0.0000000000,2026-07-07 12:00:00+08:00,7453.0000000000,9e2c1c1782a75881723882e3b3f835defa0ba0ee81211648d0d2839ed2d76f13,1,,,,0,2.5666666667,2026-07-08T18:00:00+08:00
2026-07-17,S08,K05,4,0,Z2,0.0000000000,2026-07-07 12:00:00+08:00,7454.0000000000,9137d659f9781caa714040e60ede93e5add35a0fc49d18fa0728a09ded5ab801,1,,,,0,2.5666666667,2026-07-08T18:00:00+08:00
2026-07-17,S08,K06,4,0,Z2,0.0000000000,2026-07-07 12:00:00+08:00,7455.0000000000,bdacd1f9f4b8a4558435af15695c273fb97cefe9f4e10c7bb5ec11b132326fec,1,,,,0,2.5666666667,2026-07-08T18:00:00+08:00
2026-07-17,S08,K07,4,0,Z2,0.1500000000,2026-07-07 12:00:00+08:00,7456.0000000000,e6f2613fb600f58b53d43e0704fd0744880b3525c8ace1907594e96fdbc3eacf,1,,,,0,2.5666666667,2026-07-08T18:00:00+08:00
2026-07-17,S08,K08,4,0,Z2,0.1500000000,2026-07-07 12:00:00+08:00,7457.0000000000,4b18f4f902b4c58bb52f0f6dd2aec3e7658ed6aaedabbfbbd05e538357c15fc3,1,,,,0,2.5666666667,2026-07-08T18:00:00+08:00
2026-07-17,S09,K01,4,0,Z3,0.0000000000,2026-07-07 12:00:00+08:00,7458.0000000000,590ab5834e5d3655bbd801187238cf6753e8ed331d15a8c6f531a59f23205857,1,,,,0,2.5666666667,2026-07-08T18:00:00+08:00
2026-07-17,S09,K02,4,0,Z3,0.0000000000,2026-07-07 12:00:00+08:00,7459.0000000000,953e67fe4c6a31c4f41f0295ed500b4f78a2032966198d8330ce52b0dd4d586f,1,,,,0,2.5666666667,2026-07-08T18:00:00+08:00
2026-07-17,S09,K03,4,0,Z3,0.0000000000,2026-07-07 12:00:00+08:00,7460.0000000000,455b3e84a48715684827ee1f2a073bf49babd19c50b0d5d2bdee38821b799d7c,1,,,,0,2.5666666667,2026-07-08T18:00:00+08:00
2026-07-17,S09,K04,4,0,Z3,0.0000000000,2026-07-07 12:00:00+08:00,7461.0000000000,b844eb6b339d06006b1a44a8f91cb7f308c49c361e23400282d2e428ac551d16,1,,,,0,2.5666666667,2026-07-08T18:00:00+08:00
2026-07-17,S09,K05,4,0,Z3,0.0000000000,2026-07-07 12:00:00+08:00,7462.0000000000,039f0b1b97fc3ace50ff84622dc2ccb3395d48e85c32ea8fd1d57c20006b2cef,1,,,,0,2.5666666667,2026-07-08T18:00:00+08:00
2026-07-17,S09,K06,4,0,Z3,0.1500000000,2026-07-07 12:00:00+08:00,7463.0000000000,eac7764604a07f867d9945f46ecd96db32b1c3824acb8b094e16e8996260917d,1,,,,0,2.5666666667,2026-07-08T18:00:00+08:00
2026-07-17,S09,K07,4,0,Z3,0.1500000000,2026-07-07 12:00:00+08:00,7464.0000000000,477c66b49b9dfff2a633c48052461c5a8ba220a986a1e1a6ec9120197a4ee8a0,1,,,,0,2.5666666667,2026-07-08T18:00:00+08:00
2026-07-17,S09,K08,4,0,Z3,0.0000000000,2026-07-07 12:00:00+08:00,7465.0000000000,ee71eb2d4a0a3ae15f572d3034a6917c5869e5e2163bd6be2209537bc9080ee8,1,,,,0,2.5666666667,2026-07-08T18:00:00+08:00
2026-07-17,S10,K01,4,0,Z3,0.0000000000,2026-07-07 12:00:00+08:00,7466.0000000000,a325d50ffd8d87f71d406f5b946f8eba4f0484907015dffd4f37660e1b775f6b,1,,,,0,2.5666666667,2026-07-08T18:00:00+08:00
2026-07-17,S10,K02,4,0,Z3,0.0000000000,2026-07-07 12:00:00+08:00,7467.0000000000,bf42e5222459d700f557827504346b0f61d63c53face9a9b42425036130ea273,1,,,,0,2.5666666667,2026-07-08T18:00:00+08:00
2026-07-17,S10,K03,4,0,Z3,0.0000000000,2026-07-07 12:00:00+08:00,7468.0000000000,07ebaed785b3fed2ddd937fc6479415301c8f54555af9f4cc4dff7b0674aa4ad,1,,,,0,2.5666666667,2026-07-08T18:00:00+08:00
2026-07-17,S10,K04,4,0,Z3,0.1500000000,2026-07-07 12:00:00+08:00,7469.0000000000,dc26d13497dace017580959f3c88579fa3d063b23e0e57246978801eed6a8906,1,,,,0,2.5666666667,2026-07-08T18:00:00+08:00
2026-07-17,S10,K05,4,0,Z3,0.1500000000,2026-07-07 12:00:00+08:00,7470.0000000000,2dce6e3bafad2291c482674cb4dea94f088f73c52669dbac318d8b87aa98562d,1,,,,0,2.5666666667,2026-07-08T18:00:00+08:00
2026-07-17,S10,K06,4,0,Z3,0.0000000000,2026-07-07 12:00:00+08:00,7471.0000000000,a2a3e044085266621e860b8e1f267de0d1e356c44c1ae49d35105cb51a8f002e,1,,,,0,2.5666666667,2026-07-08T18:00:00+08:00
2026-07-17,S10,K07,4,0,Z3,0.0000000000,2026-07-07 12:00:00+08:00,7472.0000000000,357b4b170126acd83317efee3ed4b8d9446bcc889f7aa4547acafbfc13fa0739,1,,,,0,2.5666666667,2026-07-08T18:00:00+08:00
2026-07-17,S10,K08,4,0,Z3,0.0000000000,2026-07-07 12:00:00+08:00,7473.0000000000,0f4d8bc881164218bdc9d793a9795f891c5bccd710670f1e6de7f7aca49a76c3,1,,,,0,2.5666666667,2026-07-08T18:00:00+08:00
2026-07-17,S11,K01,4,0,Z3,0.0000000000,2026-07-07 12:00:00+08:00,7474.0000000000,50cd6c8fad55685cf68a1335f5906955f13f9cc8211543ddbafba1e313716ce3,1,,,,0,2.5666666667,2026-07-08T18:00:00+08:00
2026-07-17,S11,K02,4,0,Z3,0.0000000000,2026-07-07 12:00:00+08:00,7475.0000000000,ac0378305c8ecdcfe8801e7c2c803d43d6a4680a11689164865b8421848917e8,1,,,,0,2.5666666667,2026-07-08T18:00:00+08:00
2026-07-17,S11,K03,4,0,Z3,0.1500000000,2026-07-07 12:00:00+08:00,7476.0000000000,b0cdbcadf9142f380d632c880f4359841a7f855387b934dd6d7b3aa13a6ef58e,1,,,,0,2.5666666667,2026-07-08T18:00:00+08:00
2026-07-17,S11,K04,4,0,Z3,0.1500000000,2026-07-07 12:00:00+08:00,7477.0000000000,c2899bee26f1f695047ad5ae8529d59e4317a887ad82b15ef672cc5822289c05,1,,,,0,2.5666666667,2026-07-08T18:00:00+08:00
2026-07-17,S11,K05,4,0,Z3,0.0000000000,2026-07-07 12:00:00+08:00,7478.0000000000,f89fb23cecf74c186e62dde990a6295aaf3fdaa8b3e0250a67c4d9d62fc1ab81,1,,,,0,2.5666666667,2026-07-08T18:00:00+08:00
2026-07-17,S11,K06,4,0,Z3,0.0000000000,2026-07-07 12:00:00+08:00,7479.0000000000,ed402e0c588be35629ae74f4acf6a0adf9880d6d0b0e9c16bd8f413371d52f3d,1,,,,0,2.5666666667,2026-07-08T18:00:00+08:00
2026-07-17,S11,K07,4,0,Z3,0.0000000000,2026-07-07 12:00:00+08:00,7480.0000000000,1fe5c44be0b1361ae23f41c86b18ddc5ddad43ca7a631589d15d1511964edb48,1,,,,0,2.5666666667,2026-07-08T18:00:00+08:00
2026-07-17,S11,K08,4,0,Z3,0.0000000000,2026-07-07 12:00:00+08:00,7481.0000000000,9ab22a33fde4de410896312ebe33af86987a6365945fd49ab63cd7c6aa8579dd,1,,,,0,2.5666666667,2026-07-08T18:00:00+08:00
2026-07-17,S12,K01,4,0,Z3,0.1500000000,2026-07-07 12:00:00+08:00,7482.0000000000,b6ccbe4c153ddc268249c626b5c54086edc7b7b9c76ad2f41396029c14d1aeee,1,,,,0,2.5666666667,2026-07-08T18:00:00+08:00
2026-07-17,S12,K02,4,0,Z3,0.1500000000,2026-07-07 12:00:00+08:00,7483.0000000000,5efd1ee6c5d5c6645d5834497893bea990015f535672729e704d1ff840e2fade,1,,,,0,2.5666666667,2026-07-08T18:00:00+08:00
2026-07-17,S12,K03,4,0,Z3,0.0000000000,2026-07-07 12:00:00+08:00,7484.0000000000,a7bae11caa7d6e4de65ad35ee5f41b4836d315d912cfe3195c2f55488abfa880,1,,,,0,2.5666666667,2026-07-08T18:00:00+08:00
2026-07-17,S12,K04,4,0,Z3,0.0000000000,2026-07-07 12:00:00+08:00,7485.0000000000,d4ddf9bf0ab23053f6f3cb04f010e79bdce9d1e9d79c45e16d69262bcd856e1a,1,,,,0,2.5666666667,2026-07-08T18:00:00+08:00
2026-07-17,S12,K05,4,0,Z3,0.0000000000,2026-07-07 12:00:00+08:00,7486.0000000000,f070181afbc8a198079266e0c6dd8e51da2d1a0194d3fb9a4d3d96f8970c9c5e,1,,,,0,2.5666666667,2026-07-08T18:00:00+08:00
2026-07-17,S12,K06,4,0,Z3,0.0000000000,2026-07-07 12:00:00+08:00,7487.0000000000,efec1b66820fc1f5b13236999279457114233b711a17f4fe8967305d0debbf83,1,,,,0,2.5666666667,2026-07-08T18:00:00+08:00
2026-07-17,S12,K07,4,0,Z3,0.0000000000,2026-07-07 12:00:00+08:00,7488.0000000000,bd933e683c10908bb28db8d7bf2d2f700e30dc7035774ab5df41c937641cbb4c,1,,,,0,2.5666666667,2026-07-08T18:00:00+08:00
2026-07-17,S12,K08,4,0,Z3,0.0000000000,2026-07-07 12:00:00+08:00,7489.0000000000,569f27b64cb5588e1f075e8a1ce5fc65b4f29d22c55396c5da94bcd72a3bdb3c,1,,,,0,2.5666666667,2026-07-08T18:00:00+08:00
2026-07-18,S01,K01,5,0,Z1,0.0000000000,2026-07-08 12:00:00+08:00,7490.0000000000,3c17b082502447e442879d83b8b18189be768d2ce54294af6be614c565b4e611,1,,,,0,2.6000000000,2026-07-08T18:00:00+08:00
2026-07-18,S01,K02,5,0,Z1,0.0000000000,2026-07-08 12:00:00+08:00,7491.0000000000,5790eb0c07204cdce53640fbfc9e7901e42fcc661fb23ba18e9397422cb6585e,1,,,,0,2.6000000000,2026-07-08T18:00:00+08:00
2026-07-18,S01,K03,5,0,Z1,0.0000000000,2026-07-08 12:00:00+08:00,7492.0000000000,7624d5504ce7cdb29a7cf95ec40d04d17a7f55662be7e1c76ca4073c810db354,1,,,,0,2.6000000000,2026-07-08T18:00:00+08:00
2026-07-18,S01,K04,5,0,Z1,0.0000000000,2026-07-08 12:00:00+08:00,7493.0000000000,b621e777b178f1f1e89b491b42a07c5ea36ead46016bf0a9c9f9f7f7f0ceb78b,1,,,,0,2.6000000000,2026-07-08T18:00:00+08:00
2026-07-18,S01,K05,5,0,Z1,0.0000000000,2026-07-08 12:00:00+08:00,7494.0000000000,8b25b447a0eb4849b552f9c73a4fbd4622aaf2cad5a2d5f3ba0be54761f68171,1,,,,0,2.6000000000,2026-07-08T18:00:00+08:00
2026-07-18,S01,K06,5,0,Z1,0.1500000000,2026-07-08 12:00:00+08:00,7495.0000000000,430eab8e1762dfdb607f4be6996018d113944f98bbafdad46afa58b8ac54e201,1,,,,0,2.6000000000,2026-07-08T18:00:00+08:00
2026-07-18,S01,K07,5,0,Z1,0.1500000000,2026-07-08 12:00:00+08:00,7496.0000000000,bb6c254b38f036302c7e39a1b11b38844070a417ba60c5918c10ad4478141156,1,,,,0,2.6000000000,2026-07-08T18:00:00+08:00
2026-07-18,S01,K08,5,0,Z1,0.0000000000,2026-07-08 12:00:00+08:00,7497.0000000000,d5b9477ac0d41160700ed44c214eb9c705d9e3272e450ba77ebc5635c278f305,1,,,,0,2.6000000000,2026-07-08T18:00:00+08:00
2026-07-18,S02,K01,5,0,Z1,0.0000000000,2026-07-08 12:00:00+08:00,7498.0000000000,465a145496e18379e760663efee8d272b3f556513652385fd20487a02a6f14b8,1,,,,0,2.6000000000,2026-07-08T18:00:00+08:00
2026-07-18,S02,K02,5,0,Z1,0.0000000000,2026-07-08 12:00:00+08:00,7499.0000000000,b204979f9977dc82c9a28f89c6401672b55bf3d24c15bdf6a7577b5cfd9e1870,1,,,,0,2.6000000000,2026-07-08T18:00:00+08:00
2026-07-18,S02,K03,5,0,Z1,0.0000000000,2026-07-08 12:00:00+08:00,7500.0000000000,88e6e55b950fbc9c698df037447f9417ffc794de4baf1cfb1e9455ec867221c6,1,,,,0,2.6000000000,2026-07-08T18:00:00+08:00
2026-07-18,S02,K04,5,0,Z1,0.1500000000,2026-07-08 12:00:00+08:00,7501.0000000000,2f94eff42bd0f5e8c919df93a3477eb0671caa0994a01ff96b459cb517d4517d,1,,,,0,2.6000000000,2026-07-08T18:00:00+08:00
2026-07-18,S02,K05,5,0,Z1,0.1500000000,2026-07-08 12:00:00+08:00,7502.0000000000,e1aea5e074987de7512f2ddb390680fb19fbc344396c9be9a827abb23d0e7414,1,,,,0,2.6000000000,2026-07-08T18:00:00+08:00
2026-07-18,S02,K06,5,0,Z1,0.0000000000,2026-07-08 12:00:00+08:00,7503.0000000000,889082398c764d8749fe3f9b68ca77026295121f3ff7e8960f6c97322d6f23ea,1,,,,0,2.6000000000,2026-07-08T18:00:00+08:00
2026-07-18,S02,K07,5,0,Z1,0.0000000000,2026-07-08 12:00:00+08:00,7504.0000000000,afabf5f816321d91421f751cdbffa0c1a945f223d9a204ded1a7de9a20ace6a6,1,,,,0,2.6000000000,2026-07-08T18:00:00+08:00
2026-07-18,S02,K08,5,0,Z1,0.0000000000,2026-07-08 12:00:00+08:00,7505.0000000000,9a682a4d6f794a2b80d1641b8901d201b033e86ee6f44116cc915fef9e864e79,1,,,,0,2.6000000000,2026-07-08T18:00:00+08:00
2026-07-18,S03,K01,5,0,Z1,0.0000000000,2026-07-08 12:00:00+08:00,7506.0000000000,ed44e55e71c2febd436d43e1acdbd2e48901bbd095d58f09c8237371c1b2c496,1,,,,0,2.6000000000,2026-07-08T18:00:00+08:00
2026-07-18,S03,K02,5,0,Z1,0.0000000000,2026-07-08 12:00:00+08:00,7507.0000000000,f93dd1f3507289e57b4c68aa9c85de83a81617c96f236cc460e9afb97f008cfc,1,,,,0,2.6000000000,2026-07-08T18:00:00+08:00
2026-07-18,S03,K03,5,0,Z1,0.1500000000,2026-07-08 12:00:00+08:00,7508.0000000000,600a36d037fcd413aad0808c787664d9e91cd6c5559d3c84f02f1ac1b7a8e2ff,1,,,,0,2.6000000000,2026-07-08T18:00:00+08:00
2026-07-18,S03,K04,5,0,Z1,0.1500000000,2026-07-08 12:00:00+08:00,7509.0000000000,5154475cb0944310d42d7151013d2d4dad906432a3133d851f75795b4f4aa8b6,1,,,,0,2.6000000000,2026-07-08T18:00:00+08:00
2026-07-18,S03,K05,5,0,Z1,0.0000000000,2026-07-08 12:00:00+08:00,7510.0000000000,c737b08fff8d6595c9038920bc856f0c60c4202a035d87c31a4337c13dde8d88,1,,,,0,2.6000000000,2026-07-08T18:00:00+08:00
2026-07-18,S03,K06,5,0,Z1,0.0000000000,2026-07-08 12:00:00+08:00,7511.0000000000,76ae4a6db99c01f54a218793fca6ff852bea9945c53c63a0622d1e57d38fc316,1,,,,0,2.6000000000,2026-07-08T18:00:00+08:00
2026-07-18,S03,K07,5,0,Z1,0.0000000000,2026-07-08 12:00:00+08:00,7512.0000000000,2cfbcb5b3ac99a7943c4563540bf469c11a49c484cef7d52944e0a02b69e70a3,1,,,,0,2.6000000000,2026-07-08T18:00:00+08:00
2026-07-18,S03,K08,5,0,Z1,0.0000000000,2026-07-08 12:00:00+08:00,7513.0000000000,34d381c74ff388fbc39728a9667cdacf896077e60a532e0797ef83ab6b92159b,1,,,,0,2.6000000000,2026-07-08T18:00:00+08:00
2026-07-18,S04,K01,5,0,Z1,0.1500000000,2026-07-08 12:00:00+08:00,7514.0000000000,f1b9c43797d4951ab982bbd677ae45ca26b4348d4c01024cb33d834e595115c7,1,,,,0,2.6000000000,2026-07-08T18:00:00+08:00
2026-07-18,S04,K02,5,0,Z1,0.1500000000,2026-07-08 12:00:00+08:00,7515.0000000000,9fdd9215d20067a8604c5332ea574947fbd28044519645ed7e5f7f1395f9d553,1,,,,0,2.6000000000,2026-07-08T18:00:00+08:00
2026-07-18,S04,K03,5,0,Z1,0.0000000000,2026-07-08 12:00:00+08:00,7516.0000000000,0f2a80b74b1fc575c44afd9e5d45d1582d0b4386b55efb4fcf84018586e5d042,1,,,,0,2.6000000000,2026-07-08T18:00:00+08:00
2026-07-18,S04,K04,5,0,Z1,0.0000000000,2026-07-08 12:00:00+08:00,7517.0000000000,dfb29fb190d6e2e4c15f154f38864aaa606ebc3d294473434985903e8b916e15,1,,,,0,2.6000000000,2026-07-08T18:00:00+08:00
2026-07-18,S04,K05,5,0,Z1,0.0000000000,2026-07-08 12:00:00+08:00,7518.0000000000,49a730dde14737ed5c1f605d369cf48c92570fee16d4a2471bef3094db4b8b24,1,,,,0,2.6000000000,2026-07-08T18:00:00+08:00
2026-07-18,S04,K06,5,0,Z1,0.0000000000,2026-07-08 12:00:00+08:00,7519.0000000000,1b60735465812a0bff4abfc0e470eaf6bbef320b818cb2dd61c3aaeea0b2c191,1,,,,0,2.6000000000,2026-07-08T18:00:00+08:00
2026-07-18,S04,K07,5,0,Z1,0.0000000000,2026-07-08 12:00:00+08:00,7520.0000000000,15f4c76c45e59c6c3ae62ce76d5b9bce7e16d321299633f77a8f0136edfc083a,1,,,,0,2.6000000000,2026-07-08T18:00:00+08:00
2026-07-18,S04,K08,5,0,Z1,0.0000000000,2026-07-08 12:00:00+08:00,7521.0000000000,0490583e7a733a28879c54da0f40835776b9839f178d1613ec3f577b1dcee214,1,,,,0,2.6000000000,2026-07-08T18:00:00+08:00
2026-07-18,S05,K01,5,0,Z2,0.1500000000,2026-07-08 12:00:00+08:00,7522.0000000000,2c7b5e9416fb5c1a873128a80d26ff861afd48851766e216cd0ad1ba7e07e9ad,1,,,,0,2.6000000000,2026-07-08T18:00:00+08:00
2026-07-18,S05,K02,5,0,Z2,0.0000000000,2026-07-08 12:00:00+08:00,7523.0000000000,7eba008d85ad9f71aa5409e767133d18750a64733bf3bb3b85ecee3f335c714e,1,,,,0,2.6000000000,2026-07-08T18:00:00+08:00
2026-07-18,S05,K03,5,0,Z2,0.0000000000,2026-07-08 12:00:00+08:00,7524.0000000000,6f9c11f0de5c7fe0bdaec5cfb5596e083e82322d843a081e6949edd3a59dbe25,1,,,,0,2.6000000000,2026-07-08T18:00:00+08:00
2026-07-18,S05,K04,5,0,Z2,0.0000000000,2026-07-08 12:00:00+08:00,7525.0000000000,6fedc01d957a912fa5174c00eeee71a4a7fd87922d8c087eca4499584a06c113,1,,,,0,2.6000000000,2026-07-08T18:00:00+08:00
2026-07-18,S05,K05,5,0,Z2,0.0000000000,2026-07-08 12:00:00+08:00,7526.0000000000,01c5a908d55a96f83164a19bf835fe47635d191b0c7205d50269c30be1c52877,1,,,,0,2.6000000000,2026-07-08T18:00:00+08:00
2026-07-18,S05,K06,5,0,Z2,0.0000000000,2026-07-08 12:00:00+08:00,7527.0000000000,f679660d9eaf746560b9c6a4e88e8787c2a58e0b738ce7f42ef0202f731c93b4,1,,,,0,2.6000000000,2026-07-08T18:00:00+08:00
2026-07-18,S05,K07,5,0,Z2,0.0000000000,2026-07-08 12:00:00+08:00,7528.0000000000,a393929035aa28a50fe4adba6eb20c69a44333f9ec25dc7970d77ac30c0116bd,1,,,,0,2.6000000000,2026-07-08T18:00:00+08:00
2026-07-18,S05,K08,5,0,Z2,0.0000000000,2026-07-08 12:00:00+08:00,7529.0000000000,e611761726518480b159a923137ac4b1f276737f9a2dc806722c999b8bddf534,1,,,,0,2.6000000000,2026-07-08T18:00:00+08:00
2026-07-18,S06,K01,5,0,Z2,0.0000000000,2026-07-08 12:00:00+08:00,7530.0000000000,df1757b126ebddac424bc85ce0d4cdba014a91ca54f1f1049020a931f9962a92,1,,,,0,2.6000000000,2026-07-08T18:00:00+08:00
2026-07-18,S06,K02,5,0,Z2,0.0000000000,2026-07-08 12:00:00+08:00,7531.0000000000,d5a6a28dcf244b0cb77d298817f59fda9536b6ea394540ff7d410ca17fd1aa3e,1,,,,0,2.6000000000,2026-07-08T18:00:00+08:00
2026-07-18,S06,K03,5,0,Z2,0.0000000000,2026-07-08 12:00:00+08:00,7532.0000000000,e70bbc396b579e8c179ca665fb6ef0c4a930b3fc9cafa6a29428a465405e5ba6,1,,,,0,2.6000000000,2026-07-08T18:00:00+08:00
2026-07-18,S06,K04,5,0,Z2,0.0000000000,2026-07-08 12:00:00+08:00,7533.0000000000,b6124ff48d61eeaf1b92204165e14daa5338326ca0eeaabb091f34e46946df8f,1,,,,0,2.6000000000,2026-07-08T18:00:00+08:00
2026-07-18,S06,K05,5,0,Z2,0.0000000000,2026-07-08 12:00:00+08:00,7534.0000000000,75fd745a043581de3ff5e6dad6f2f0b6758e58a211cefb6e883dae9b72cc18e3,1,,,,0,2.6000000000,2026-07-08T18:00:00+08:00
2026-07-18,S06,K06,5,0,Z2,0.0000000000,2026-07-08 12:00:00+08:00,7535.0000000000,dbbe90231ff469c348254bc1f9dc2db0604fd6cb2e2b03186497346813176389,1,,,,0,2.6000000000,2026-07-08T18:00:00+08:00
2026-07-18,S06,K07,5,0,Z2,0.0000000000,2026-07-08 12:00:00+08:00,7536.0000000000,0813146f250331f93d058702a9b73ae391c8d6d132ab58996ecd658f2ad785bc,1,,,,0,2.6000000000,2026-07-08T18:00:00+08:00
2026-07-18,S06,K08,5,0,Z2,0.0000000000,2026-07-08 12:00:00+08:00,7537.0000000000,dd9c96a7ca911504a341d2e7652b0cf8bf2a3aec00952292b516a9648b58cf23,1,,,,0,2.6000000000,2026-07-08T18:00:00+08:00
2026-07-18,S07,K01,5,0,Z2,0.0000000000,2026-07-08 12:00:00+08:00,7538.0000000000,0daa5d47cd9c85fdafd98e11051d161b78c9edd8db8c86c61e775f983318a572,1,,,,0,2.6000000000,2026-07-08T18:00:00+08:00
2026-07-18,S07,K02,5,0,Z2,0.0000000000,2026-07-08 12:00:00+08:00,7539.0000000000,24cb897873af347829668206507ba703f3573d2e02758738116d18691d7dcc62,1,,,,0,2.6000000000,2026-07-08T18:00:00+08:00
2026-07-18,S07,K03,5,0,Z2,0.0000000000,2026-07-08 12:00:00+08:00,7540.0000000000,be3b65472b826cfb2ea679d177b901b2245ad494234a95be1d2c3ef938308ed8,1,,,,0,2.6000000000,2026-07-08T18:00:00+08:00
2026-07-18,S07,K04,5,0,Z2,0.0000000000,2026-07-08 12:00:00+08:00,7541.0000000000,69ca022a5429828c721d125e24e457a994c825a29365c92ad705fba6eb0109a7,1,,,,0,2.6000000000,2026-07-08T18:00:00+08:00
2026-07-18,S07,K05,5,0,Z2,0.0000000000,2026-07-08 12:00:00+08:00,7542.0000000000,e0a12d057c22fadda84814dcc2e7120739a281fa3ef61fe9f25b6222d4e32431,1,,,,0,2.6000000000,2026-07-08T18:00:00+08:00
2026-07-18,S07,K06,5,0,Z2,0.0000000000,2026-07-08 12:00:00+08:00,7543.0000000000,0d0ebe91e638d3ddea1f9aaaea9e011159ccf5e1c6bf674fffba288339e222e7,1,,,,0,2.6000000000,2026-07-08T18:00:00+08:00
2026-07-18,S07,K07,5,0,Z2,0.0000000000,2026-07-08 12:00:00+08:00,7544.0000000000,82aef95a8648f547715a626c4d6e7c6fabc8e3b8c499b8af58382f0a2a664bf5,1,,,,0,2.6000000000,2026-07-08T18:00:00+08:00
2026-07-18,S07,K08,5,0,Z2,0.1500000000,2026-07-08 12:00:00+08:00,7545.0000000000,7d86a08d5118cb895d60ab2597474bbd09a1453d6a751f8c2e500a396f62e45d,1,,,,0,2.6000000000,2026-07-08T18:00:00+08:00
2026-07-18,S08,K01,5,0,Z2,0.0000000000,2026-07-08 12:00:00+08:00,7546.0000000000,d2290019e0205afde6432f062698a351924e97c269d79807e4556e95fb096fc9,1,,,,0,2.6000000000,2026-07-08T18:00:00+08:00
2026-07-18,S08,K02,5,0,Z2,0.0000000000,2026-07-08 12:00:00+08:00,7547.0000000000,34cae637130dc08863993c7fbf97d68eeba7cbf85ad261fee65c4e4d5bb75c7b,1,,,,0,2.6000000000,2026-07-08T18:00:00+08:00
2026-07-18,S08,K03,5,0,Z2,0.0000000000,2026-07-08 12:00:00+08:00,7548.0000000000,83bd439f03dc3037688745d17c8f046c07cdaf8bce6db532c0a68f239dc45b2d,1,,,,0,2.6000000000,2026-07-08T18:00:00+08:00
2026-07-18,S08,K04,5,0,Z2,0.0000000000,2026-07-08 12:00:00+08:00,7549.0000000000,fd3c20ebc0962ff28cc31a80a775bae811867f9698127cf3afbd74b5787974b4,1,,,,0,2.6000000000,2026-07-08T18:00:00+08:00
2026-07-18,S08,K05,5,0,Z2,0.0000000000,2026-07-08 12:00:00+08:00,7550.0000000000,87a9069c433600315272a0333f91e97841507c0fd6cd8e6cd3f8b105003a430d,1,,,,0,2.6000000000,2026-07-08T18:00:00+08:00
2026-07-18,S08,K06,5,0,Z2,0.0000000000,2026-07-08 12:00:00+08:00,7551.0000000000,02d7644706bbd482429dd4b01513c7bb735dd94615cfcb5ac4af4135b151feb1,1,,,,0,2.6000000000,2026-07-08T18:00:00+08:00
2026-07-18,S08,K07,5,0,Z2,0.1500000000,2026-07-08 12:00:00+08:00,7552.0000000000,6c5056e9a44d2c318a8504f40364625ff34b0276fe392c6fdc81ca7c43c005ae,1,,,,0,2.6000000000,2026-07-08T18:00:00+08:00
2026-07-18,S08,K08,5,0,Z2,0.1500000000,2026-07-08 12:00:00+08:00,7553.0000000000,df1c98a4acc3ab7e820fa8bf86f0c37c27d3b0d126dd7cbd1155797de828600a,1,,,,0,2.6000000000,2026-07-08T18:00:00+08:00
2026-07-18,S09,K01,5,0,Z3,0.0000000000,2026-07-08 12:00:00+08:00,7554.0000000000,e1dc60568e2eda9e03cd811eaf190ad97a22a197b7a62589da01bf88e2b9ea0e,1,,,,0,2.6000000000,2026-07-08T18:00:00+08:00
2026-07-18,S09,K02,5,0,Z3,0.0000000000,2026-07-08 12:00:00+08:00,7555.0000000000,d09787b4e76736e5a8f9e1bd05bd8e6b5f558344f7cc508f2add8f1960aff759,1,,,,0,2.6000000000,2026-07-08T18:00:00+08:00
2026-07-18,S09,K03,5,0,Z3,0.0000000000,2026-07-08 12:00:00+08:00,7556.0000000000,15ae99a35672f2da8ce3b5cbc24c439358577546e8a0e6a4550bf6c133935f46,1,,,,0,2.6000000000,2026-07-08T18:00:00+08:00
2026-07-18,S09,K04,5,0,Z3,0.0000000000,2026-07-08 12:00:00+08:00,7557.0000000000,9050a73eb22e8f78788a41823369ffa931798b313aa7eeb8e0fff1306c92ddd9,1,,,,0,2.6000000000,2026-07-08T18:00:00+08:00
2026-07-18,S09,K05,5,0,Z3,0.1500000000,2026-07-08 12:00:00+08:00,7558.0000000000,b7569bdaaab75c9ee36f648023ba7e2b60c30305098246ed9099981eee77fd87,1,,,,0,2.6000000000,2026-07-08T18:00:00+08:00
2026-07-18,S09,K06,5,0,Z3,0.1500000000,2026-07-08 12:00:00+08:00,7559.0000000000,5399c06f8bb368b911b280870c1b0d7723cabba6e09a0a95915672a574baf978,1,,,,0,2.6000000000,2026-07-08T18:00:00+08:00
2026-07-18,S09,K07,5,0,Z3,0.0000000000,2026-07-08 12:00:00+08:00,7560.0000000000,c5ef6f7e44d7acbd63a4335905fe3a9d8a2c21c8700fec47f9dd42595b950ecf,1,,,,0,2.6000000000,2026-07-08T18:00:00+08:00
2026-07-18,S09,K08,5,0,Z3,0.0000000000,2026-07-08 12:00:00+08:00,7561.0000000000,68b91bd4129bc68893ed7468ec50b95744629004d993acb685c396fc09a9910c,1,,,,0,2.6000000000,2026-07-08T18:00:00+08:00
2026-07-18,S10,K01,5,0,Z3,0.0000000000,2026-07-08 12:00:00+08:00,7562.0000000000,a656abfe42f3caf568aaf4edc7c4f4db789dce12e75597b04182c0f0259ff846,1,,,,0,2.6000000000,2026-07-08T18:00:00+08:00
2026-07-18,S10,K02,5,0,Z3,0.0000000000,2026-07-08 12:00:00+08:00,7563.0000000000,81743e99b7f49909a233a71d955b5a6c1436425d6859a6733b6fce7e95b0f7fc,1,,,,0,2.6000000000,2026-07-08T18:00:00+08:00
2026-07-18,S10,K03,5,0,Z3,0.0000000000,2026-07-08 12:00:00+08:00,7564.0000000000,d2a1c1886f0dae0e922a2e6c5416c7b4e3923b6ce73a1d25490f738b5c9e3991,1,,,,0,2.6000000000,2026-07-08T18:00:00+08:00
2026-07-18,S10,K04,5,0,Z3,0.1500000000,2026-07-08 12:00:00+08:00,7565.0000000000,f4200d479b8065bae762668940e463bc1b3540587f3158c2befa55c57aa37bb6,1,,,,0,2.6000000000,2026-07-08T18:00:00+08:00
2026-07-18,S10,K05,5,0,Z3,0.1500000000,2026-07-08 12:00:00+08:00,7566.0000000000,dee0eb16c4088082febf715e74bce2954850079f23f92106860402fd23f97070,1,,,,0,2.6000000000,2026-07-08T18:00:00+08:00
2026-07-18,S10,K06,5,0,Z3,0.0000000000,2026-07-08 12:00:00+08:00,7567.0000000000,e883751134fd49e960d2181fca3de156c001a46f6c8979d411966e8ea1627cf6,1,,,,0,2.6000000000,2026-07-08T18:00:00+08:00
2026-07-18,S10,K07,5,0,Z3,0.0000000000,2026-07-08 12:00:00+08:00,7568.0000000000,3916f9aa5d3c8cdde945664e631c7b9ae8fccc558273a1cc400d06fd32bc0d73,1,,,,0,2.6000000000,2026-07-08T18:00:00+08:00
2026-07-18,S10,K08,5,0,Z3,0.0000000000,2026-07-08 12:00:00+08:00,7569.0000000000,5bce92277e7b451df17de34287c76f59970dc1026bb39872a2ebd5000362ef49,1,,,,0,2.6000000000,2026-07-08T18:00:00+08:00
2026-07-18,S11,K01,5,0,Z3,0.0000000000,2026-07-08 12:00:00+08:00,7570.0000000000,a84130b6de9c46037f176a7f780fbf19b468c8580e3ffd99c0f8518ffc406359,1,,,,0,2.6000000000,2026-07-08T18:00:00+08:00
2026-07-18,S11,K02,5,0,Z3,0.1500000000,2026-07-08 12:00:00+08:00,7571.0000000000,b845481d2490f3e73a7d8a3cdd3209525e0711eb839f29312aa6ab4042b6713b,1,,,,0,2.6000000000,2026-07-08T18:00:00+08:00
2026-07-18,S11,K03,5,0,Z3,0.1500000000,2026-07-08 12:00:00+08:00,7572.0000000000,48036ea39441a0a1363f0c28ca8c4d5656410877fa256ef22c969cc302696340,1,,,,0,2.6000000000,2026-07-08T18:00:00+08:00
2026-07-18,S11,K04,5,0,Z3,0.0000000000,2026-07-08 12:00:00+08:00,7573.0000000000,ded06b2c2241c126c34f658a92011602c5525710294d19d29d97e0b0b19b41e8,1,,,,0,2.6000000000,2026-07-08T18:00:00+08:00
2026-07-18,S11,K05,5,0,Z3,0.0000000000,2026-07-08 12:00:00+08:00,7574.0000000000,32898de67950d12e85e964858dfacabd9ac0554818c88de3d4a31b449be65cd6,1,,,,0,2.6000000000,2026-07-08T18:00:00+08:00
2026-07-18,S11,K06,5,0,Z3,0.0000000000,2026-07-08 12:00:00+08:00,7575.0000000000,8532a1f1b9e4797a0f16fe25f6bb260c910ce41afeb7ad7a9af99225b37b4bfa,1,,,,0,2.6000000000,2026-07-08T18:00:00+08:00
2026-07-18,S11,K07,5,0,Z3,0.0000000000,2026-07-08 12:00:00+08:00,7576.0000000000,b3ed3b23a3d817344ee80ed3d11d9b171135a2e4742f27c7d234b5e9a82dd696,1,,,,0,2.6000000000,2026-07-08T18:00:00+08:00
2026-07-18,S11,K08,5,0,Z3,0.0000000000,2026-07-08 12:00:00+08:00,7577.0000000000,1ae4d2245df5b7430fc57ee209082f2f2a10fba71eb455c7acc792fd64ce3376,1,,,,0,2.6000000000,2026-07-08T18:00:00+08:00
2026-07-18,S12,K01,5,0,Z3,0.1500000000,2026-07-08 12:00:00+08:00,7578.0000000000,3a4e044fde27a3509c8688d56e48ff5ba1d51ea043653146a21480b57b4e0a7b,1,,,,0,2.6000000000,2026-07-08T18:00:00+08:00
2026-07-18,S12,K02,5,0,Z3,0.1500000000,2026-07-08 12:00:00+08:00,7579.0000000000,5e3835c38a2d64c1b616612bb95d8cf12869b97ccedcc87389c57ec333f18b7f,1,,,,0,2.6000000000,2026-07-08T18:00:00+08:00
2026-07-18,S12,K03,5,0,Z3,0.0000000000,2026-07-08 12:00:00+08:00,7580.0000000000,783d4fdcb09ea9b0d11f2f71cbcc71eb0d7d023a1dc0d628734e88f02a0869cc,1,,,,0,2.6000000000,2026-07-08T18:00:00+08:00
2026-07-18,S12,K04,5,0,Z3,0.0000000000,2026-07-08 12:00:00+08:00,7581.0000000000,50ddeab010eb5c00d1e19236b24da256013c8e469ba0a8ae859ebcf9f1a7be76,1,,,,0,2.6000000000,2026-07-08T18:00:00+08:00
2026-07-18,S12,K05,5,0,Z3,0.0000000000,2026-07-08 12:00:00+08:00,7582.0000000000,5d6109694369407519e241fa71311ca89ffd0d96d94ebd446998c13d51e964e0,1,,,,0,2.6000000000,2026-07-08T18:00:00+08:00
2026-07-18,S12,K06,5,0,Z3,0.0000000000,2026-07-08 12:00:00+08:00,7583.0000000000,15f8017fe944ab47d5094306517b611a3a362928a1ffe89189e75601204e4d1f,1,,,,0,2.6000000000,2026-07-08T18:00:00+08:00
2026-07-18,S12,K07,5,0,Z3,0.0000000000,2026-07-08 12:00:00+08:00,7584.0000000000,284d4ea006434b2e8a4bfb6ec654187f91771fadaa4085129ebb64b13488f72b,1,,,,0,2.6000000000,2026-07-08T18:00:00+08:00
2026-07-18,S12,K08,5,0,Z3,0.0000000000,2026-07-08 12:00:00+08:00,7585.0000000000,06205c82e89ca33dc396412933c6b9f5eac34688d1d15d4b0a2157eb4cffe18f,1,,,,0,2.6000000000,2026-07-08T18:00:00+08:00
2026-07-19,S01,K01,6,0,Z1,0.0272321429,,,,0,,,,0,2.6333333333,2026-07-08T18:00:00+08:00
2026-07-19,S01,K02,6,0,Z1,0.0267857143,,,,0,,,,0,2.6333333333,2026-07-08T18:00:00+08:00
2026-07-19,S01,K03,6,0,Z1,0.0258928571,,,,0,,,,0,2.6333333333,2026-07-08T18:00:00+08:00
2026-07-19,S01,K04,6,0,Z1,0.0254464286,,,,0,,,,0,2.6333333333,2026-07-08T18:00:00+08:00
2026-07-19,S01,K05,6,0,Z1,0.0250000000,,,,0,,,,0,2.6333333333,2026-07-08T18:00:00+08:00
2026-07-19,S01,K06,6,0,Z1,0.0245535714,,,,0,,,,0,2.6333333333,2026-07-08T18:00:00+08:00
2026-07-19,S01,K07,6,0,Z1,0.0250000000,,,,0,,,,0,2.6333333333,2026-07-08T18:00:00+08:00
2026-07-19,S01,K08,6,0,Z1,0.0258928571,,,,0,,,,0,2.6333333333,2026-07-08T18:00:00+08:00
2026-07-19,S02,K01,6,0,Z1,0.0272321429,,,,0,,,,0,2.6333333333,2026-07-08T18:00:00+08:00
2026-07-19,S02,K02,6,0,Z1,0.0267857143,,,,0,,,,0,2.6333333333,2026-07-08T18:00:00+08:00
2026-07-19,S02,K03,6,0,Z1,0.0258928571,,,,0,,,,0,2.6333333333,2026-07-08T18:00:00+08:00
2026-07-19,S02,K04,6,0,Z1,0.0254464286,,,,0,,,,0,2.6333333333,2026-07-08T18:00:00+08:00
2026-07-19,S02,K05,6,0,Z1,0.0250000000,,,,0,,,,0,2.6333333333,2026-07-08T18:00:00+08:00
2026-07-19,S02,K06,6,0,Z1,0.0245535714,,,,0,,,,0,2.6333333333,2026-07-08T18:00:00+08:00
2026-07-19,S02,K07,6,0,Z1,0.0250000000,,,,0,,,,0,2.6333333333,2026-07-08T18:00:00+08:00
2026-07-19,S02,K08,6,0,Z1,0.0258928571,,,,0,,,,0,2.6333333333,2026-07-08T18:00:00+08:00
2026-07-19,S03,K01,6,0,Z1,0.0272321429,,,,0,,,,0,2.6333333333,2026-07-08T18:00:00+08:00
2026-07-19,S03,K02,6,0,Z1,0.0267857143,,,,0,,,,0,2.6333333333,2026-07-08T18:00:00+08:00
2026-07-19,S03,K03,6,0,Z1,0.0258928571,,,,0,,,,0,2.6333333333,2026-07-08T18:00:00+08:00
2026-07-19,S03,K04,6,0,Z1,0.0254464286,,,,0,,,,0,2.6333333333,2026-07-08T18:00:00+08:00
2026-07-19,S03,K05,6,0,Z1,0.0250000000,,,,0,,,,0,2.6333333333,2026-07-08T18:00:00+08:00
2026-07-19,S03,K06,6,0,Z1,0.0245535714,,,,0,,,,0,2.6333333333,2026-07-08T18:00:00+08:00
2026-07-19,S03,K07,6,0,Z1,0.0250000000,,,,0,,,,0,2.6333333333,2026-07-08T18:00:00+08:00
2026-07-19,S03,K08,6,0,Z1,0.0258928571,,,,0,,,,0,2.6333333333,2026-07-08T18:00:00+08:00
2026-07-19,S04,K01,6,0,Z1,0.0272321429,,,,0,,,,0,2.6333333333,2026-07-08T18:00:00+08:00
2026-07-19,S04,K02,6,0,Z1,0.0267857143,,,,0,,,,0,2.6333333333,2026-07-08T18:00:00+08:00
2026-07-19,S04,K03,6,0,Z1,0.0258928571,,,,0,,,,0,2.6333333333,2026-07-08T18:00:00+08:00
2026-07-19,S04,K04,6,0,Z1,0.0254464286,,,,0,,,,0,2.6333333333,2026-07-08T18:00:00+08:00
2026-07-19,S04,K05,6,0,Z1,0.0250000000,,,,0,,,,0,2.6333333333,2026-07-08T18:00:00+08:00
2026-07-19,S04,K06,6,0,Z1,0.0245535714,,,,0,,,,0,2.6333333333,2026-07-08T18:00:00+08:00
2026-07-19,S04,K07,6,0,Z1,0.0250000000,,,,0,,,,0,2.6333333333,2026-07-08T18:00:00+08:00
2026-07-19,S04,K08,6,0,Z1,0.0258928571,,,,0,,,,0,2.6333333333,2026-07-08T18:00:00+08:00
2026-07-19,S05,K01,6,0,Z2,0.0272321429,,,,0,,,,0,2.6333333333,2026-07-08T18:00:00+08:00
2026-07-19,S05,K02,6,0,Z2,0.0267857143,,,,0,,,,0,2.6333333333,2026-07-08T18:00:00+08:00
2026-07-19,S05,K03,6,0,Z2,0.0258928571,,,,0,,,,0,2.6333333333,2026-07-08T18:00:00+08:00
2026-07-19,S05,K04,6,0,Z2,0.0254464286,,,,0,,,,0,2.6333333333,2026-07-08T18:00:00+08:00
2026-07-19,S05,K05,6,0,Z2,0.0250000000,,,,0,,,,0,2.6333333333,2026-07-08T18:00:00+08:00
2026-07-19,S05,K06,6,0,Z2,0.0245535714,,,,0,,,,0,2.6333333333,2026-07-08T18:00:00+08:00
2026-07-19,S05,K07,6,0,Z2,0.0250000000,,,,0,,,,0,2.6333333333,2026-07-08T18:00:00+08:00
2026-07-19,S05,K08,6,0,Z2,0.0258928571,,,,0,,,,0,2.6333333333,2026-07-08T18:00:00+08:00
2026-07-19,S06,K01,6,0,Z2,0.0272321429,,,,0,,,,0,2.6333333333,2026-07-08T18:00:00+08:00
2026-07-19,S06,K02,6,0,Z2,0.0267857143,,,,0,,,,0,2.6333333333,2026-07-08T18:00:00+08:00
2026-07-19,S06,K03,6,0,Z2,0.0258928571,,,,0,,,,0,2.6333333333,2026-07-08T18:00:00+08:00
2026-07-19,S06,K04,6,0,Z2,0.0254464286,,,,0,,,,0,2.6333333333,2026-07-08T18:00:00+08:00
2026-07-19,S06,K05,6,0,Z2,0.0250000000,,,,0,,,,0,2.6333333333,2026-07-08T18:00:00+08:00
2026-07-19,S06,K06,6,0,Z2,0.0245535714,,,,0,,,,0,2.6333333333,2026-07-08T18:00:00+08:00
2026-07-19,S06,K07,6,0,Z2,0.0250000000,,,,0,,,,0,2.6333333333,2026-07-08T18:00:00+08:00
2026-07-19,S06,K08,6,0,Z2,0.0258928571,,,,0,,,,0,2.6333333333,2026-07-08T18:00:00+08:00
2026-07-19,S07,K01,6,0,Z2,0.0272321429,,,,0,,,,0,2.6333333333,2026-07-08T18:00:00+08:00
2026-07-19,S07,K02,6,0,Z2,0.0267857143,,,,0,,,,0,2.6333333333,2026-07-08T18:00:00+08:00
2026-07-19,S07,K03,6,0,Z2,0.0258928571,,,,0,,,,0,2.6333333333,2026-07-08T18:00:00+08:00
2026-07-19,S07,K04,6,0,Z2,0.0254464286,,,,0,,,,0,2.6333333333,2026-07-08T18:00:00+08:00
2026-07-19,S07,K05,6,0,Z2,0.0250000000,,,,0,,,,0,2.6333333333,2026-07-08T18:00:00+08:00
2026-07-19,S07,K06,6,0,Z2,0.0245535714,,,,0,,,,0,2.6333333333,2026-07-08T18:00:00+08:00
2026-07-19,S07,K07,6,0,Z2,0.0250000000,,,,0,,,,0,2.6333333333,2026-07-08T18:00:00+08:00
2026-07-19,S07,K08,6,0,Z2,0.0258928571,,,,0,,,,0,2.6333333333,2026-07-08T18:00:00+08:00
2026-07-19,S08,K01,6,0,Z2,0.0272321429,,,,0,,,,0,2.6333333333,2026-07-08T18:00:00+08:00
2026-07-19,S08,K02,6,0,Z2,0.0267857143,,,,0,,,,0,2.6333333333,2026-07-08T18:00:00+08:00
2026-07-19,S08,K03,6,0,Z2,0.0258928571,,,,0,,,,0,2.6333333333,2026-07-08T18:00:00+08:00
2026-07-19,S08,K04,6,0,Z2,0.0254464286,,,,0,,,,0,2.6333333333,2026-07-08T18:00:00+08:00
2026-07-19,S08,K05,6,0,Z2,0.0250000000,,,,0,,,,0,2.6333333333,2026-07-08T18:00:00+08:00
2026-07-19,S08,K06,6,0,Z2,0.0245535714,,,,0,,,,0,2.6333333333,2026-07-08T18:00:00+08:00
2026-07-19,S08,K07,6,0,Z2,0.0250000000,,,,0,,,,0,2.6333333333,2026-07-08T18:00:00+08:00
2026-07-19,S08,K08,6,0,Z2,0.0258928571,,,,0,,,,0,2.6333333333,2026-07-08T18:00:00+08:00
2026-07-19,S09,K01,6,0,Z3,0.0272321429,,,,0,,,,0,2.6333333333,2026-07-08T18:00:00+08:00
2026-07-19,S09,K02,6,0,Z3,0.0267857143,,,,0,,,,0,2.6333333333,2026-07-08T18:00:00+08:00
2026-07-19,S09,K03,6,0,Z3,0.0258928571,,,,0,,,,0,2.6333333333,2026-07-08T18:00:00+08:00
2026-07-19,S09,K04,6,0,Z3,0.0254464286,,,,0,,,,0,2.6333333333,2026-07-08T18:00:00+08:00
2026-07-19,S09,K05,6,0,Z3,0.0250000000,,,,0,,,,0,2.6333333333,2026-07-08T18:00:00+08:00
2026-07-19,S09,K06,6,0,Z3,0.0245535714,,,,0,,,,0,2.6333333333,2026-07-08T18:00:00+08:00
2026-07-19,S09,K07,6,0,Z3,0.0250000000,,,,0,,,,0,2.6333333333,2026-07-08T18:00:00+08:00
2026-07-19,S09,K08,6,0,Z3,0.0258928571,,,,0,,,,0,2.6333333333,2026-07-08T18:00:00+08:00
2026-07-19,S10,K01,6,0,Z3,0.0272321429,,,,0,,,,0,2.6333333333,2026-07-08T18:00:00+08:00
2026-07-19,S10,K02,6,0,Z3,0.0267857143,,,,0,,,,0,2.6333333333,2026-07-08T18:00:00+08:00
2026-07-19,S10,K03,6,0,Z3,0.0258928571,,,,0,,,,0,2.6333333333,2026-07-08T18:00:00+08:00
2026-07-19,S10,K04,6,0,Z3,0.0254464286,,,,0,,,,0,2.6333333333,2026-07-08T18:00:00+08:00
2026-07-19,S10,K05,6,0,Z3,0.0250000000,,,,0,,,,0,2.6333333333,2026-07-08T18:00:00+08:00
2026-07-19,S10,K06,6,0,Z3,0.0245535714,,,,0,,,,0,2.6333333333,2026-07-08T18:00:00+08:00
2026-07-19,S10,K07,6,0,Z3,0.0250000000,,,,0,,,,0,2.6333333333,2026-07-08T18:00:00+08:00
2026-07-19,S10,K08,6,0,Z3,0.0258928571,,,,0,,,,0,2.6333333333,2026-07-08T18:00:00+08:00
2026-07-19,S11,K01,6,0,Z3,0.0272321429,,,,0,,,,0,2.6333333333,2026-07-08T18:00:00+08:00
2026-07-19,S11,K02,6,0,Z3,0.0267857143,,,,0,,,,0,2.6333333333,2026-07-08T18:00:00+08:00
2026-07-19,S11,K03,6,0,Z3,0.0258928571,,,,0,,,,0,2.6333333333,2026-07-08T18:00:00+08:00
2026-07-19,S11,K04,6,0,Z3,0.0254464286,,,,0,,,,0,2.6333333333,2026-07-08T18:00:00+08:00
2026-07-19,S11,K05,6,0,Z3,0.0250000000,,,,0,,,,0,2.6333333333,2026-07-08T18:00:00+08:00
2026-07-19,S11,K06,6,0,Z3,0.0245535714,,,,0,,,,0,2.6333333333,2026-07-08T18:00:00+08:00
2026-07-19,S11,K07,6,0,Z3,0.0250000000,,,,0,,,,0,2.6333333333,2026-07-08T18:00:00+08:00
2026-07-19,S11,K08,6,0,Z3,0.0258928571,,,,0,,,,0,2.6333333333,2026-07-08T18:00:00+08:00
2026-07-19,S12,K01,6,0,Z3,0.0272321429,,,,0,,,,0,2.6333333333,2026-07-08T18:00:00+08:00
2026-07-19,S12,K02,6,0,Z3,0.0267857143,,,,0,,,,0,2.6333333333,2026-07-08T18:00:00+08:00
2026-07-19,S12,K03,6,0,Z3,0.0258928571,,,,0,,,,0,2.6333333333,2026-07-08T18:00:00+08:00
2026-07-19,S12,K04,6,0,Z3,0.0254464286,,,,0,,,,0,2.6333333333,2026-07-08T18:00:00+08:00
2026-07-19,S12,K05,6,0,Z3,0.0250000000,,,,0,,,,0,2.6333333333,2026-07-08T18:00:00+08:00
2026-07-19,S12,K06,6,0,Z3,0.0245535714,,,,0,,,,0,2.6333333333,2026-07-08T18:00:00+08:00
2026-07-19,S12,K07,6,0,Z3,0.0250000000,,,,0,,,,0,2.6333333333,2026-07-08T18:00:00+08:00
2026-07-19,S12,K08,6,0,Z3,0.0258928571,,,,0,,,,0,2.6333333333,2026-07-08T18:00:00+08:00
2026-07-20,S01,K01,0,0,Z1,0.0272321429,,,,0,,,,0,2.6666666667,2026-07-08T18:00:00+08:00
2026-07-20,S01,K02,0,0,Z1,0.0267857143,,,,0,,,,0,2.6666666667,2026-07-08T18:00:00+08:00
2026-07-20,S01,K03,0,0,Z1,0.0258928571,,,,0,,,,0,2.6666666667,2026-07-08T18:00:00+08:00
2026-07-20,S01,K04,0,0,Z1,0.0254464286,,,,0,,,,0,2.6666666667,2026-07-08T18:00:00+08:00
2026-07-20,S01,K05,0,0,Z1,0.0250000000,,,,0,,,,0,2.6666666667,2026-07-08T18:00:00+08:00
2026-07-20,S01,K06,0,0,Z1,0.0245535714,,,,0,,,,0,2.6666666667,2026-07-08T18:00:00+08:00
2026-07-20,S01,K07,0,0,Z1,0.0250000000,,,,0,,,,0,2.6666666667,2026-07-08T18:00:00+08:00
2026-07-20,S01,K08,0,0,Z1,0.0258928571,,,,0,,,,0,2.6666666667,2026-07-08T18:00:00+08:00
2026-07-20,S02,K01,0,0,Z1,0.0272321429,,,,0,,,,0,2.6666666667,2026-07-08T18:00:00+08:00
2026-07-20,S02,K02,0,0,Z1,0.0267857143,,,,0,,,,0,2.6666666667,2026-07-08T18:00:00+08:00
2026-07-20,S02,K03,0,0,Z1,0.0258928571,,,,0,,,,0,2.6666666667,2026-07-08T18:00:00+08:00
2026-07-20,S02,K04,0,0,Z1,0.0254464286,,,,0,,,,0,2.6666666667,2026-07-08T18:00:00+08:00
2026-07-20,S02,K05,0,0,Z1,0.0250000000,,,,0,,,,0,2.6666666667,2026-07-08T18:00:00+08:00
2026-07-20,S02,K06,0,0,Z1,0.0245535714,,,,0,,,,0,2.6666666667,2026-07-08T18:00:00+08:00
2026-07-20,S02,K07,0,0,Z1,0.0250000000,,,,0,,,,0,2.6666666667,2026-07-08T18:00:00+08:00
2026-07-20,S02,K08,0,0,Z1,0.0258928571,,,,0,,,,0,2.6666666667,2026-07-08T18:00:00+08:00
2026-07-20,S03,K01,0,0,Z1,0.0272321429,,,,0,,,,0,2.6666666667,2026-07-08T18:00:00+08:00
2026-07-20,S03,K02,0,0,Z1,0.0267857143,,,,0,,,,0,2.6666666667,2026-07-08T18:00:00+08:00
2026-07-20,S03,K03,0,0,Z1,0.0258928571,,,,0,,,,0,2.6666666667,2026-07-08T18:00:00+08:00
2026-07-20,S03,K04,0,0,Z1,0.0254464286,,,,0,,,,0,2.6666666667,2026-07-08T18:00:00+08:00
2026-07-20,S03,K05,0,0,Z1,0.0250000000,,,,0,,,,0,2.6666666667,2026-07-08T18:00:00+08:00
2026-07-20,S03,K06,0,0,Z1,0.0245535714,,,,0,,,,0,2.6666666667,2026-07-08T18:00:00+08:00
2026-07-20,S03,K07,0,0,Z1,0.0250000000,,,,0,,,,0,2.6666666667,2026-07-08T18:00:00+08:00
2026-07-20,S03,K08,0,0,Z1,0.0258928571,,,,0,,,,0,2.6666666667,2026-07-08T18:00:00+08:00
2026-07-20,S04,K01,0,0,Z1,0.0272321429,,,,0,,,,0,2.6666666667,2026-07-08T18:00:00+08:00
2026-07-20,S04,K02,0,0,Z1,0.0267857143,,,,0,,,,0,2.6666666667,2026-07-08T18:00:00+08:00
2026-07-20,S04,K03,0,0,Z1,0.0258928571,,,,0,,,,0,2.6666666667,2026-07-08T18:00:00+08:00
2026-07-20,S04,K04,0,0,Z1,0.0254464286,,,,0,,,,0,2.6666666667,2026-07-08T18:00:00+08:00
2026-07-20,S04,K05,0,0,Z1,0.0250000000,,,,0,,,,0,2.6666666667,2026-07-08T18:00:00+08:00
2026-07-20,S04,K06,0,0,Z1,0.0245535714,,,,0,,,,0,2.6666666667,2026-07-08T18:00:00+08:00
2026-07-20,S04,K07,0,0,Z1,0.0250000000,,,,0,,,,0,2.6666666667,2026-07-08T18:00:00+08:00
2026-07-20,S04,K08,0,0,Z1,0.0258928571,,,,0,,,,0,2.6666666667,2026-07-08T18:00:00+08:00
2026-07-20,S05,K01,0,0,Z2,0.0272321429,,,,0,,,,0,2.6666666667,2026-07-08T18:00:00+08:00
2026-07-20,S05,K02,0,0,Z2,0.0267857143,,,,0,,,,0,2.6666666667,2026-07-08T18:00:00+08:00
2026-07-20,S05,K03,0,0,Z2,0.0258928571,,,,0,,,,0,2.6666666667,2026-07-08T18:00:00+08:00
2026-07-20,S05,K04,0,0,Z2,0.0254464286,,,,0,,,,0,2.6666666667,2026-07-08T18:00:00+08:00
2026-07-20,S05,K05,0,0,Z2,0.0250000000,,,,0,,,,0,2.6666666667,2026-07-08T18:00:00+08:00
2026-07-20,S05,K06,0,0,Z2,0.0245535714,,,,0,,,,0,2.6666666667,2026-07-08T18:00:00+08:00
2026-07-20,S05,K07,0,0,Z2,0.0250000000,,,,0,,,,0,2.6666666667,2026-07-08T18:00:00+08:00
2026-07-20,S05,K08,0,0,Z2,0.0258928571,,,,0,,,,0,2.6666666667,2026-07-08T18:00:00+08:00
2026-07-20,S06,K01,0,0,Z2,0.0272321429,,,,0,,,,0,2.6666666667,2026-07-08T18:00:00+08:00
2026-07-20,S06,K02,0,0,Z2,0.0267857143,,,,0,,,,0,2.6666666667,2026-07-08T18:00:00+08:00
2026-07-20,S06,K03,0,0,Z2,0.0258928571,,,,0,,,,0,2.6666666667,2026-07-08T18:00:00+08:00
2026-07-20,S06,K04,0,0,Z2,0.0254464286,,,,0,,,,0,2.6666666667,2026-07-08T18:00:00+08:00
2026-07-20,S06,K05,0,0,Z2,0.0250000000,,,,0,,,,0,2.6666666667,2026-07-08T18:00:00+08:00
2026-07-20,S06,K06,0,0,Z2,0.0245535714,,,,0,,,,0,2.6666666667,2026-07-08T18:00:00+08:00
2026-07-20,S06,K07,0,0,Z2,0.0250000000,,,,0,,,,0,2.6666666667,2026-07-08T18:00:00+08:00
2026-07-20,S06,K08,0,0,Z2,0.0258928571,,,,0,,,,0,2.6666666667,2026-07-08T18:00:00+08:00
2026-07-20,S07,K01,0,0,Z2,0.0272321429,,,,0,,,,0,2.6666666667,2026-07-08T18:00:00+08:00
2026-07-20,S07,K02,0,0,Z2,0.0267857143,,,,0,,,,0,2.6666666667,2026-07-08T18:00:00+08:00
2026-07-20,S07,K03,0,0,Z2,0.0258928571,,,,0,,,,0,2.6666666667,2026-07-08T18:00:00+08:00
2026-07-20,S07,K04,0,0,Z2,0.0254464286,,,,0,,,,0,2.6666666667,2026-07-08T18:00:00+08:00
2026-07-20,S07,K05,0,0,Z2,0.0250000000,,,,0,,,,0,2.6666666667,2026-07-08T18:00:00+08:00
2026-07-20,S07,K06,0,0,Z2,0.0245535714,,,,0,,,,0,2.6666666667,2026-07-08T18:00:00+08:00
2026-07-20,S07,K07,0,0,Z2,0.0250000000,,,,0,,,,0,2.6666666667,2026-07-08T18:00:00+08:00
2026-07-20,S07,K08,0,0,Z2,0.0258928571,,,,0,,,,0,2.6666666667,2026-07-08T18:00:00+08:00
2026-07-20,S08,K01,0,0,Z2,0.0272321429,,,,0,,,,0,2.6666666667,2026-07-08T18:00:00+08:00
2026-07-20,S08,K02,0,0,Z2,0.0267857143,,,,0,,,,0,2.6666666667,2026-07-08T18:00:00+08:00
2026-07-20,S08,K03,0,0,Z2,0.0258928571,,,,0,,,,0,2.6666666667,2026-07-08T18:00:00+08:00
2026-07-20,S08,K04,0,0,Z2,0.0254464286,,,,0,,,,0,2.6666666667,2026-07-08T18:00:00+08:00
2026-07-20,S08,K05,0,0,Z2,0.0250000000,,,,0,,,,0,2.6666666667,2026-07-08T18:00:00+08:00
2026-07-20,S08,K06,0,0,Z2,0.0245535714,,,,0,,,,0,2.6666666667,2026-07-08T18:00:00+08:00
2026-07-20,S08,K07,0,0,Z2,0.0250000000,,,,0,,,,0,2.6666666667,2026-07-08T18:00:00+08:00
2026-07-20,S08,K08,0,0,Z2,0.0258928571,,,,0,,,,0,2.6666666667,2026-07-08T18:00:00+08:00
2026-07-20,S09,K01,0,0,Z3,0.0272321429,,,,0,,,,0,2.6666666667,2026-07-08T18:00:00+08:00
2026-07-20,S09,K02,0,0,Z3,0.0267857143,,,,0,,,,0,2.6666666667,2026-07-08T18:00:00+08:00
2026-07-20,S09,K03,0,0,Z3,0.0258928571,,,,0,,,,0,2.6666666667,2026-07-08T18:00:00+08:00
2026-07-20,S09,K04,0,0,Z3,0.0254464286,,,,0,,,,0,2.6666666667,2026-07-08T18:00:00+08:00
2026-07-20,S09,K05,0,0,Z3,0.0250000000,,,,0,,,,0,2.6666666667,2026-07-08T18:00:00+08:00
2026-07-20,S09,K06,0,0,Z3,0.0245535714,,,,0,,,,0,2.6666666667,2026-07-08T18:00:00+08:00
2026-07-20,S09,K07,0,0,Z3,0.0250000000,,,,0,,,,0,2.6666666667,2026-07-08T18:00:00+08:00
2026-07-20,S09,K08,0,0,Z3,0.0258928571,,,,0,,,,0,2.6666666667,2026-07-08T18:00:00+08:00
2026-07-20,S10,K01,0,0,Z3,0.0272321429,,,,0,,,,0,2.6666666667,2026-07-08T18:00:00+08:00
2026-07-20,S10,K02,0,0,Z3,0.0267857143,,,,0,,,,0,2.6666666667,2026-07-08T18:00:00+08:00
2026-07-20,S10,K03,0,0,Z3,0.0258928571,,,,0,,,,0,2.6666666667,2026-07-08T18:00:00+08:00
2026-07-20,S10,K04,0,0,Z3,0.0254464286,,,,0,,,,0,2.6666666667,2026-07-08T18:00:00+08:00
2026-07-20,S10,K05,0,0,Z3,0.0250000000,,,,0,,,,0,2.6666666667,2026-07-08T18:00:00+08:00
2026-07-20,S10,K06,0,0,Z3,0.0245535714,,,,0,,,,0,2.6666666667,2026-07-08T18:00:00+08:00
2026-07-20,S10,K07,0,0,Z3,0.0250000000,,,,0,,,,0,2.6666666667,2026-07-08T18:00:00+08:00
2026-07-20,S10,K08,0,0,Z3,0.0258928571,,,,0,,,,0,2.6666666667,2026-07-08T18:00:00+08:00
2026-07-20,S11,K01,0,0,Z3,0.0272321429,,,,0,,,,0,2.6666666667,2026-07-08T18:00:00+08:00
2026-07-20,S11,K02,0,0,Z3,0.0267857143,,,,0,,,,0,2.6666666667,2026-07-08T18:00:00+08:00
2026-07-20,S11,K03,0,0,Z3,0.0258928571,,,,0,,,,0,2.6666666667,2026-07-08T18:00:00+08:00
2026-07-20,S11,K04,0,0,Z3,0.0254464286,,,,0,,,,0,2.6666666667,2026-07-08T18:00:00+08:00
2026-07-20,S11,K05,0,0,Z3,0.0250000000,,,,0,,,,0,2.6666666667,2026-07-08T18:00:00+08:00
2026-07-20,S11,K06,0,0,Z3,0.0245535714,,,,0,,,,0,2.6666666667,2026-07-08T18:00:00+08:00
2026-07-20,S11,K07,0,0,Z3,0.0250000000,,,,0,,,,0,2.6666666667,2026-07-08T18:00:00+08:00
2026-07-20,S11,K08,0,0,Z3,0.0258928571,,,,0,,,,0,2.6666666667,2026-07-08T18:00:00+08:00
2026-07-20,S12,K01,0,0,Z3,0.0272321429,,,,0,,,,0,2.6666666667,2026-07-08T18:00:00+08:00
2026-07-20,S12,K02,0,0,Z3,0.0267857143,,,,0,,,,0,2.6666666667,2026-07-08T18:00:00+08:00
2026-07-20,S12,K03,0,0,Z3,0.0258928571,,,,0,,,,0,2.6666666667,2026-07-08T18:00:00+08:00
2026-07-20,S12,K04,0,0,Z3,0.0254464286,,,,0,,,,0,2.6666666667,2026-07-08T18:00:00+08:00
2026-07-20,S12,K05,0,0,Z3,0.0250000000,,,,0,,,,0,2.6666666667,2026-07-08T18:00:00+08:00
2026-07-20,S12,K06,0,0,Z3,0.0245535714,,,,0,,,,0,2.6666666667,2026-07-08T18:00:00+08:00
2026-07-20,S12,K07,0,0,Z3,0.0250000000,,,,0,,,,0,2.6666666667,2026-07-08T18:00:00+08:00
2026-07-20,S12,K08,0,0,Z3,0.0258928571,,,,0,,,,0,2.6666666667,2026-07-08T18:00:00+08:00
2026-07-21,S01,K01,1,0,Z1,0.0272321429,,,,0,,,,0,2.7000000000,2026-07-08T18:00:00+08:00
2026-07-21,S01,K02,1,0,Z1,0.0267857143,,,,0,,,,0,2.7000000000,2026-07-08T18:00:00+08:00
2026-07-21,S01,K03,1,0,Z1,0.0258928571,,,,0,,,,0,2.7000000000,2026-07-08T18:00:00+08:00
2026-07-21,S01,K04,1,0,Z1,0.0254464286,,,,0,,,,0,2.7000000000,2026-07-08T18:00:00+08:00
2026-07-21,S01,K05,1,0,Z1,0.0250000000,,,,0,,,,0,2.7000000000,2026-07-08T18:00:00+08:00
2026-07-21,S01,K06,1,0,Z1,0.0245535714,,,,0,,,,0,2.7000000000,2026-07-08T18:00:00+08:00
2026-07-21,S01,K07,1,0,Z1,0.0250000000,,,,0,,,,0,2.7000000000,2026-07-08T18:00:00+08:00
2026-07-21,S01,K08,1,0,Z1,0.0258928571,,,,0,,,,0,2.7000000000,2026-07-08T18:00:00+08:00
2026-07-21,S02,K01,1,0,Z1,0.0272321429,,,,0,,,,0,2.7000000000,2026-07-08T18:00:00+08:00
2026-07-21,S02,K02,1,0,Z1,0.0267857143,,,,0,,,,0,2.7000000000,2026-07-08T18:00:00+08:00
2026-07-21,S02,K03,1,0,Z1,0.0258928571,,,,0,,,,0,2.7000000000,2026-07-08T18:00:00+08:00
2026-07-21,S02,K04,1,0,Z1,0.0254464286,,,,0,,,,0,2.7000000000,2026-07-08T18:00:00+08:00
2026-07-21,S02,K05,1,0,Z1,0.0250000000,,,,0,,,,0,2.7000000000,2026-07-08T18:00:00+08:00
2026-07-21,S02,K06,1,0,Z1,0.0245535714,,,,0,,,,0,2.7000000000,2026-07-08T18:00:00+08:00
2026-07-21,S02,K07,1,0,Z1,0.0250000000,,,,0,,,,0,2.7000000000,2026-07-08T18:00:00+08:00
2026-07-21,S02,K08,1,0,Z1,0.0258928571,,,,0,,,,0,2.7000000000,2026-07-08T18:00:00+08:00
2026-07-21,S03,K01,1,0,Z1,0.0272321429,,,,0,,,,0,2.7000000000,2026-07-08T18:00:00+08:00
2026-07-21,S03,K02,1,0,Z1,0.0267857143,,,,0,,,,0,2.7000000000,2026-07-08T18:00:00+08:00
2026-07-21,S03,K03,1,0,Z1,0.0258928571,,,,0,,,,0,2.7000000000,2026-07-08T18:00:00+08:00
2026-07-21,S03,K04,1,0,Z1,0.0254464286,,,,0,,,,0,2.7000000000,2026-07-08T18:00:00+08:00
2026-07-21,S03,K05,1,0,Z1,0.0250000000,,,,0,,,,0,2.7000000000,2026-07-08T18:00:00+08:00
2026-07-21,S03,K06,1,0,Z1,0.0245535714,,,,0,,,,0,2.7000000000,2026-07-08T18:00:00+08:00
2026-07-21,S03,K07,1,0,Z1,0.0250000000,,,,0,,,,0,2.7000000000,2026-07-08T18:00:00+08:00
2026-07-21,S03,K08,1,0,Z1,0.0258928571,,,,0,,,,0,2.7000000000,2026-07-08T18:00:00+08:00
2026-07-21,S04,K01,1,0,Z1,0.0272321429,,,,0,,,,0,2.7000000000,2026-07-08T18:00:00+08:00
2026-07-21,S04,K02,1,0,Z1,0.0267857143,,,,0,,,,0,2.7000000000,2026-07-08T18:00:00+08:00
2026-07-21,S04,K03,1,0,Z1,0.0258928571,,,,0,,,,0,2.7000000000,2026-07-08T18:00:00+08:00
2026-07-21,S04,K04,1,0,Z1,0.0254464286,,,,0,,,,0,2.7000000000,2026-07-08T18:00:00+08:00
2026-07-21,S04,K05,1,0,Z1,0.0250000000,,,,0,,,,0,2.7000000000,2026-07-08T18:00:00+08:00
2026-07-21,S04,K06,1,0,Z1,0.0245535714,,,,0,,,,0,2.7000000000,2026-07-08T18:00:00+08:00
2026-07-21,S04,K07,1,0,Z1,0.0250000000,,,,0,,,,0,2.7000000000,2026-07-08T18:00:00+08:00
2026-07-21,S04,K08,1,0,Z1,0.0258928571,,,,0,,,,0,2.7000000000,2026-07-08T18:00:00+08:00
2026-07-21,S05,K01,1,0,Z2,0.0272321429,,,,0,,,,0,2.7000000000,2026-07-08T18:00:00+08:00
2026-07-21,S05,K02,1,0,Z2,0.0267857143,,,,0,,,,0,2.7000000000,2026-07-08T18:00:00+08:00
2026-07-21,S05,K03,1,0,Z2,0.0258928571,,,,0,,,,0,2.7000000000,2026-07-08T18:00:00+08:00
2026-07-21,S05,K04,1,0,Z2,0.0254464286,,,,0,,,,0,2.7000000000,2026-07-08T18:00:00+08:00
2026-07-21,S05,K05,1,0,Z2,0.0250000000,,,,0,,,,0,2.7000000000,2026-07-08T18:00:00+08:00
2026-07-21,S05,K06,1,0,Z2,0.0245535714,,,,0,,,,0,2.7000000000,2026-07-08T18:00:00+08:00
2026-07-21,S05,K07,1,0,Z2,0.0250000000,,,,0,,,,0,2.7000000000,2026-07-08T18:00:00+08:00
2026-07-21,S05,K08,1,0,Z2,0.0258928571,,,,0,,,,0,2.7000000000,2026-07-08T18:00:00+08:00
2026-07-21,S06,K01,1,0,Z2,0.0272321429,,,,0,,,,0,2.7000000000,2026-07-08T18:00:00+08:00
2026-07-21,S06,K02,1,0,Z2,0.0267857143,,,,0,,,,0,2.7000000000,2026-07-08T18:00:00+08:00
2026-07-21,S06,K03,1,0,Z2,0.0258928571,,,,0,,,,0,2.7000000000,2026-07-08T18:00:00+08:00
2026-07-21,S06,K04,1,0,Z2,0.0254464286,,,,0,,,,0,2.7000000000,2026-07-08T18:00:00+08:00
2026-07-21,S06,K05,1,0,Z2,0.0250000000,,,,0,,,,0,2.7000000000,2026-07-08T18:00:00+08:00
2026-07-21,S06,K06,1,0,Z2,0.0245535714,,,,0,,,,0,2.7000000000,2026-07-08T18:00:00+08:00
2026-07-21,S06,K07,1,0,Z2,0.0250000000,,,,0,,,,0,2.7000000000,2026-07-08T18:00:00+08:00
2026-07-21,S06,K08,1,0,Z2,0.0258928571,,,,0,,,,0,2.7000000000,2026-07-08T18:00:00+08:00
2026-07-21,S07,K01,1,0,Z2,0.0272321429,,,,0,,,,0,2.7000000000,2026-07-08T18:00:00+08:00
2026-07-21,S07,K02,1,0,Z2,0.0267857143,,,,0,,,,0,2.7000000000,2026-07-08T18:00:00+08:00
2026-07-21,S07,K03,1,0,Z2,0.0258928571,,,,0,,,,0,2.7000000000,2026-07-08T18:00:00+08:00
2026-07-21,S07,K04,1,0,Z2,0.0254464286,,,,0,,,,0,2.7000000000,2026-07-08T18:00:00+08:00
2026-07-21,S07,K05,1,0,Z2,0.0250000000,,,,0,,,,0,2.7000000000,2026-07-08T18:00:00+08:00
2026-07-21,S07,K06,1,0,Z2,0.0245535714,,,,0,,,,0,2.7000000000,2026-07-08T18:00:00+08:00
2026-07-21,S07,K07,1,0,Z2,0.0250000000,,,,0,,,,0,2.7000000000,2026-07-08T18:00:00+08:00
2026-07-21,S07,K08,1,0,Z2,0.0258928571,,,,0,,,,0,2.7000000000,2026-07-08T18:00:00+08:00
2026-07-21,S08,K01,1,0,Z2,0.0272321429,,,,0,,,,0,2.7000000000,2026-07-08T18:00:00+08:00
2026-07-21,S08,K02,1,0,Z2,0.0267857143,,,,0,,,,0,2.7000000000,2026-07-08T18:00:00+08:00
2026-07-21,S08,K03,1,0,Z2,0.0258928571,,,,0,,,,0,2.7000000000,2026-07-08T18:00:00+08:00
2026-07-21,S08,K04,1,0,Z2,0.0254464286,,,,0,,,,0,2.7000000000,2026-07-08T18:00:00+08:00
2026-07-21,S08,K05,1,0,Z2,0.0250000000,,,,0,,,,0,2.7000000000,2026-07-08T18:00:00+08:00
2026-07-21,S08,K06,1,0,Z2,0.0245535714,,,,0,,,,0,2.7000000000,2026-07-08T18:00:00+08:00
2026-07-21,S08,K07,1,0,Z2,0.0250000000,,,,0,,,,0,2.7000000000,2026-07-08T18:00:00+08:00
2026-07-21,S08,K08,1,0,Z2,0.0258928571,,,,0,,,,0,2.7000000000,2026-07-08T18:00:00+08:00
2026-07-21,S09,K01,1,0,Z3,0.0272321429,,,,0,,,,0,2.7000000000,2026-07-08T18:00:00+08:00
2026-07-21,S09,K02,1,0,Z3,0.0267857143,,,,0,,,,0,2.7000000000,2026-07-08T18:00:00+08:00
2026-07-21,S09,K03,1,0,Z3,0.0258928571,,,,0,,,,0,2.7000000000,2026-07-08T18:00:00+08:00
2026-07-21,S09,K04,1,0,Z3,0.0254464286,,,,0,,,,0,2.7000000000,2026-07-08T18:00:00+08:00
2026-07-21,S09,K05,1,0,Z3,0.0250000000,,,,0,,,,0,2.7000000000,2026-07-08T18:00:00+08:00
2026-07-21,S09,K06,1,0,Z3,0.0245535714,,,,0,,,,0,2.7000000000,2026-07-08T18:00:00+08:00
2026-07-21,S09,K07,1,0,Z3,0.0250000000,,,,0,,,,0,2.7000000000,2026-07-08T18:00:00+08:00
2026-07-21,S09,K08,1,0,Z3,0.0258928571,,,,0,,,,0,2.7000000000,2026-07-08T18:00:00+08:00
2026-07-21,S10,K01,1,0,Z3,0.0272321429,,,,0,,,,0,2.7000000000,2026-07-08T18:00:00+08:00
2026-07-21,S10,K02,1,0,Z3,0.0267857143,,,,0,,,,0,2.7000000000,2026-07-08T18:00:00+08:00
2026-07-21,S10,K03,1,0,Z3,0.0258928571,,,,0,,,,0,2.7000000000,2026-07-08T18:00:00+08:00
2026-07-21,S10,K04,1,0,Z3,0.0254464286,,,,0,,,,0,2.7000000000,2026-07-08T18:00:00+08:00
2026-07-21,S10,K05,1,0,Z3,0.0250000000,,,,0,,,,0,2.7000000000,2026-07-08T18:00:00+08:00
2026-07-21,S10,K06,1,0,Z3,0.0245535714,,,,0,,,,0,2.7000000000,2026-07-08T18:00:00+08:00
2026-07-21,S10,K07,1,0,Z3,0.0250000000,,,,0,,,,0,2.7000000000,2026-07-08T18:00:00+08:00
2026-07-21,S10,K08,1,0,Z3,0.0258928571,,,,0,,,,0,2.7000000000,2026-07-08T18:00:00+08:00
2026-07-21,S11,K01,1,0,Z3,0.0272321429,,,,0,,,,0,2.7000000000,2026-07-08T18:00:00+08:00
2026-07-21,S11,K02,1,0,Z3,0.0267857143,,,,0,,,,0,2.7000000000,2026-07-08T18:00:00+08:00
2026-07-21,S11,K03,1,0,Z3,0.0258928571,,,,0,,,,0,2.7000000000,2026-07-08T18:00:00+08:00
2026-07-21,S11,K04,1,0,Z3,0.0254464286,,,,0,,,,0,2.7000000000,2026-07-08T18:00:00+08:00
2026-07-21,S11,K05,1,0,Z3,0.0250000000,,,,0,,,,0,2.7000000000,2026-07-08T18:00:00+08:00
2026-07-21,S11,K06,1,0,Z3,0.0245535714,,,,0,,,,0,2.7000000000,2026-07-08T18:00:00+08:00
2026-07-21,S11,K07,1,0,Z3,0.0250000000,,,,0,,,,0,2.7000000000,2026-07-08T18:00:00+08:00
2026-07-21,S11,K08,1,0,Z3,0.0258928571,,,,0,,,,0,2.7000000000,2026-07-08T18:00:00+08:00
2026-07-21,S12,K01,1,0,Z3,0.0272321429,,,,0,,,,0,2.7000000000,2026-07-08T18:00:00+08:00
2026-07-21,S12,K02,1,0,Z3,0.0267857143,,,,0,,,,0,2.7000000000,2026-07-08T18:00:00+08:00
2026-07-21,S12,K03,1,0,Z3,0.0258928571,,,,0,,,,0,2.7000000000,2026-07-08T18:00:00+08:00
2026-07-21,S12,K04,1,0,Z3,0.0254464286,,,,0,,,,0,2.7000000000,2026-07-08T18:00:00+08:00
2026-07-21,S12,K05,1,0,Z3,0.0250000000,,,,0,,,,0,2.7000000000,2026-07-08T18:00:00+08:00
2026-07-21,S12,K06,1,0,Z3,0.0245535714,,,,0,,,,0,2.7000000000,2026-07-08T18:00:00+08:00
2026-07-21,S12,K07,1,0,Z3,0.0250000000,,,,0,,,,0,2.7000000000,2026-07-08T18:00:00+08:00
2026-07-21,S12,K08,1,0,Z3,0.0258928571,,,,0,,,,0,2.7000000000,2026-07-08T18:00:00+08:00
2026-07-22,S01,K01,2,0,Z1,0.0272321429,,,,0,,,,0,2.7333333333,2026-07-08T18:00:00+08:00
2026-07-22,S01,K02,2,0,Z1,0.0267857143,,,,0,,,,0,2.7333333333,2026-07-08T18:00:00+08:00
2026-07-22,S01,K03,2,0,Z1,0.0258928571,,,,0,,,,0,2.7333333333,2026-07-08T18:00:00+08:00
2026-07-22,S01,K04,2,0,Z1,0.0254464286,,,,0,,,,0,2.7333333333,2026-07-08T18:00:00+08:00
2026-07-22,S01,K05,2,0,Z1,0.0250000000,,,,0,,,,0,2.7333333333,2026-07-08T18:00:00+08:00
2026-07-22,S01,K06,2,0,Z1,0.0245535714,,,,0,,,,0,2.7333333333,2026-07-08T18:00:00+08:00
2026-07-22,S01,K07,2,0,Z1,0.0250000000,,,,0,,,,0,2.7333333333,2026-07-08T18:00:00+08:00
2026-07-22,S01,K08,2,0,Z1,0.0258928571,,,,0,,,,0,2.7333333333,2026-07-08T18:00:00+08:00
2026-07-22,S02,K01,2,0,Z1,0.0272321429,,,,0,,,,0,2.7333333333,2026-07-08T18:00:00+08:00
2026-07-22,S02,K02,2,0,Z1,0.0267857143,,,,0,,,,0,2.7333333333,2026-07-08T18:00:00+08:00
2026-07-22,S02,K03,2,0,Z1,0.0258928571,,,,0,,,,0,2.7333333333,2026-07-08T18:00:00+08:00
2026-07-22,S02,K04,2,0,Z1,0.0254464286,,,,0,,,,0,2.7333333333,2026-07-08T18:00:00+08:00
2026-07-22,S02,K05,2,0,Z1,0.0250000000,,,,0,,,,0,2.7333333333,2026-07-08T18:00:00+08:00
2026-07-22,S02,K06,2,0,Z1,0.0245535714,,,,0,,,,0,2.7333333333,2026-07-08T18:00:00+08:00
2026-07-22,S02,K07,2,0,Z1,0.0250000000,,,,0,,,,0,2.7333333333,2026-07-08T18:00:00+08:00
2026-07-22,S02,K08,2,0,Z1,0.0258928571,,,,0,,,,0,2.7333333333,2026-07-08T18:00:00+08:00
2026-07-22,S03,K01,2,0,Z1,0.0272321429,,,,0,,,,0,2.7333333333,2026-07-08T18:00:00+08:00
2026-07-22,S03,K02,2,0,Z1,0.0267857143,,,,0,,,,0,2.7333333333,2026-07-08T18:00:00+08:00
2026-07-22,S03,K03,2,0,Z1,0.0258928571,,,,0,,,,0,2.7333333333,2026-07-08T18:00:00+08:00
2026-07-22,S03,K04,2,0,Z1,0.0254464286,,,,0,,,,0,2.7333333333,2026-07-08T18:00:00+08:00
2026-07-22,S03,K05,2,0,Z1,0.0250000000,,,,0,,,,0,2.7333333333,2026-07-08T18:00:00+08:00
2026-07-22,S03,K06,2,0,Z1,0.0245535714,,,,0,,,,0,2.7333333333,2026-07-08T18:00:00+08:00
2026-07-22,S03,K07,2,0,Z1,0.0250000000,,,,0,,,,0,2.7333333333,2026-07-08T18:00:00+08:00
2026-07-22,S03,K08,2,0,Z1,0.0258928571,,,,0,,,,0,2.7333333333,2026-07-08T18:00:00+08:00
2026-07-22,S04,K01,2,0,Z1,0.0272321429,,,,0,,,,0,2.7333333333,2026-07-08T18:00:00+08:00
2026-07-22,S04,K02,2,0,Z1,0.0267857143,,,,0,,,,0,2.7333333333,2026-07-08T18:00:00+08:00
2026-07-22,S04,K03,2,0,Z1,0.0258928571,,,,0,,,,0,2.7333333333,2026-07-08T18:00:00+08:00
2026-07-22,S04,K04,2,0,Z1,0.0254464286,,,,0,,,,0,2.7333333333,2026-07-08T18:00:00+08:00
2026-07-22,S04,K05,2,0,Z1,0.0250000000,,,,0,,,,0,2.7333333333,2026-07-08T18:00:00+08:00
2026-07-22,S04,K06,2,0,Z1,0.0245535714,,,,0,,,,0,2.7333333333,2026-07-08T18:00:00+08:00
2026-07-22,S04,K07,2,0,Z1,0.0250000000,,,,0,,,,0,2.7333333333,2026-07-08T18:00:00+08:00
2026-07-22,S04,K08,2,0,Z1,0.0258928571,,,,0,,,,0,2.7333333333,2026-07-08T18:00:00+08:00
2026-07-22,S05,K01,2,0,Z2,0.0272321429,,,,0,,,,0,2.7333333333,2026-07-08T18:00:00+08:00
2026-07-22,S05,K02,2,0,Z2,0.0267857143,,,,0,,,,0,2.7333333333,2026-07-08T18:00:00+08:00
2026-07-22,S05,K03,2,0,Z2,0.0258928571,,,,0,,,,0,2.7333333333,2026-07-08T18:00:00+08:00
2026-07-22,S05,K04,2,0,Z2,0.0254464286,,,,0,,,,0,2.7333333333,2026-07-08T18:00:00+08:00
2026-07-22,S05,K05,2,0,Z2,0.0250000000,,,,0,,,,0,2.7333333333,2026-07-08T18:00:00+08:00
2026-07-22,S05,K06,2,0,Z2,0.0245535714,,,,0,,,,0,2.7333333333,2026-07-08T18:00:00+08:00
2026-07-22,S05,K07,2,0,Z2,0.0250000000,,,,0,,,,0,2.7333333333,2026-07-08T18:00:00+08:00
2026-07-22,S05,K08,2,0,Z2,0.0258928571,,,,0,,,,0,2.7333333333,2026-07-08T18:00:00+08:00
2026-07-22,S06,K01,2,0,Z2,0.0272321429,,,,0,,,,0,2.7333333333,2026-07-08T18:00:00+08:00
2026-07-22,S06,K02,2,0,Z2,0.0267857143,,,,0,,,,0,2.7333333333,2026-07-08T18:00:00+08:00
2026-07-22,S06,K03,2,0,Z2,0.0258928571,,,,0,,,,0,2.7333333333,2026-07-08T18:00:00+08:00
2026-07-22,S06,K04,2,0,Z2,0.0254464286,,,,0,,,,0,2.7333333333,2026-07-08T18:00:00+08:00
2026-07-22,S06,K05,2,0,Z2,0.0250000000,,,,0,,,,0,2.7333333333,2026-07-08T18:00:00+08:00
2026-07-22,S06,K06,2,0,Z2,0.0245535714,,,,0,,,,0,2.7333333333,2026-07-08T18:00:00+08:00
2026-07-22,S06,K07,2,0,Z2,0.0250000000,,,,0,,,,0,2.7333333333,2026-07-08T18:00:00+08:00
2026-07-22,S06,K08,2,0,Z2,0.0258928571,,,,0,,,,0,2.7333333333,2026-07-08T18:00:00+08:00
2026-07-22,S07,K01,2,0,Z2,0.0272321429,,,,0,,,,0,2.7333333333,2026-07-08T18:00:00+08:00
2026-07-22,S07,K02,2,0,Z2,0.0267857143,,,,0,,,,0,2.7333333333,2026-07-08T18:00:00+08:00
2026-07-22,S07,K03,2,0,Z2,0.0258928571,,,,0,,,,0,2.7333333333,2026-07-08T18:00:00+08:00
2026-07-22,S07,K04,2,0,Z2,0.0254464286,,,,0,,,,0,2.7333333333,2026-07-08T18:00:00+08:00
2026-07-22,S07,K05,2,0,Z2,0.0250000000,,,,0,,,,0,2.7333333333,2026-07-08T18:00:00+08:00
2026-07-22,S07,K06,2,0,Z2,0.0245535714,,,,0,,,,0,2.7333333333,2026-07-08T18:00:00+08:00
2026-07-22,S07,K07,2,0,Z2,0.0250000000,,,,0,,,,0,2.7333333333,2026-07-08T18:00:00+08:00
2026-07-22,S07,K08,2,0,Z2,0.0258928571,,,,0,,,,0,2.7333333333,2026-07-08T18:00:00+08:00
2026-07-22,S08,K01,2,0,Z2,0.0272321429,,,,0,,,,0,2.7333333333,2026-07-08T18:00:00+08:00
2026-07-22,S08,K02,2,0,Z2,0.0267857143,,,,0,,,,0,2.7333333333,2026-07-08T18:00:00+08:00
2026-07-22,S08,K03,2,0,Z2,0.0258928571,,,,0,,,,0,2.7333333333,2026-07-08T18:00:00+08:00
2026-07-22,S08,K04,2,0,Z2,0.0254464286,,,,0,,,,0,2.7333333333,2026-07-08T18:00:00+08:00
2026-07-22,S08,K05,2,0,Z2,0.0250000000,,,,0,,,,0,2.7333333333,2026-07-08T18:00:00+08:00
2026-07-22,S08,K06,2,0,Z2,0.0245535714,,,,0,,,,0,2.7333333333,2026-07-08T18:00:00+08:00
2026-07-22,S08,K07,2,0,Z2,0.0250000000,,,,0,,,,0,2.7333333333,2026-07-08T18:00:00+08:00
2026-07-22,S08,K08,2,0,Z2,0.0258928571,,,,0,,,,0,2.7333333333,2026-07-08T18:00:00+08:00
2026-07-22,S09,K01,2,0,Z3,0.0272321429,,,,0,,,,0,2.7333333333,2026-07-08T18:00:00+08:00
2026-07-22,S09,K02,2,0,Z3,0.0267857143,,,,0,,,,0,2.7333333333,2026-07-08T18:00:00+08:00
2026-07-22,S09,K03,2,0,Z3,0.0258928571,,,,0,,,,0,2.7333333333,2026-07-08T18:00:00+08:00
2026-07-22,S09,K04,2,0,Z3,0.0254464286,,,,0,,,,0,2.7333333333,2026-07-08T18:00:00+08:00
2026-07-22,S09,K05,2,0,Z3,0.0250000000,,,,0,,,,0,2.7333333333,2026-07-08T18:00:00+08:00
2026-07-22,S09,K06,2,0,Z3,0.0245535714,,,,0,,,,0,2.7333333333,2026-07-08T18:00:00+08:00
2026-07-22,S09,K07,2,0,Z3,0.0250000000,,,,0,,,,0,2.7333333333,2026-07-08T18:00:00+08:00
2026-07-22,S09,K08,2,0,Z3,0.0258928571,,,,0,,,,0,2.7333333333,2026-07-08T18:00:00+08:00
2026-07-22,S10,K01,2,0,Z3,0.0272321429,,,,0,,,,0,2.7333333333,2026-07-08T18:00:00+08:00
2026-07-22,S10,K02,2,0,Z3,0.0267857143,,,,0,,,,0,2.7333333333,2026-07-08T18:00:00+08:00
2026-07-22,S10,K03,2,0,Z3,0.0258928571,,,,0,,,,0,2.7333333333,2026-07-08T18:00:00+08:00
2026-07-22,S10,K04,2,0,Z3,0.0254464286,,,,0,,,,0,2.7333333333,2026-07-08T18:00:00+08:00
2026-07-22,S10,K05,2,0,Z3,0.0250000000,,,,0,,,,0,2.7333333333,2026-07-08T18:00:00+08:00
2026-07-22,S10,K06,2,0,Z3,0.0245535714,,,,0,,,,0,2.7333333333,2026-07-08T18:00:00+08:00
2026-07-22,S10,K07,2,0,Z3,0.0250000000,,,,0,,,,0,2.7333333333,2026-07-08T18:00:00+08:00
2026-07-22,S10,K08,2,0,Z3,0.0258928571,,,,0,,,,0,2.7333333333,2026-07-08T18:00:00+08:00
2026-07-22,S11,K01,2,0,Z3,0.0272321429,,,,0,,,,0,2.7333333333,2026-07-08T18:00:00+08:00
2026-07-22,S11,K02,2,0,Z3,0.0267857143,,,,0,,,,0,2.7333333333,2026-07-08T18:00:00+08:00
2026-07-22,S11,K03,2,0,Z3,0.0258928571,,,,0,,,,0,2.7333333333,2026-07-08T18:00:00+08:00
2026-07-22,S11,K04,2,0,Z3,0.0254464286,,,,0,,,,0,2.7333333333,2026-07-08T18:00:00+08:00
2026-07-22,S11,K05,2,0,Z3,0.0250000000,,,,0,,,,0,2.7333333333,2026-07-08T18:00:00+08:00
2026-07-22,S11,K06,2,0,Z3,0.0245535714,,,,0,,,,0,2.7333333333,2026-07-08T18:00:00+08:00
2026-07-22,S11,K07,2,0,Z3,0.0250000000,,,,0,,,,0,2.7333333333,2026-07-08T18:00:00+08:00
2026-07-22,S11,K08,2,0,Z3,0.0258928571,,,,0,,,,0,2.7333333333,2026-07-08T18:00:00+08:00
2026-07-22,S12,K01,2,0,Z3,0.0272321429,,,,0,,,,0,2.7333333333,2026-07-08T18:00:00+08:00
2026-07-22,S12,K02,2,0,Z3,0.0267857143,,,,0,,,,0,2.7333333333,2026-07-08T18:00:00+08:00
2026-07-22,S12,K03,2,0,Z3,0.0258928571,,,,0,,,,0,2.7333333333,2026-07-08T18:00:00+08:00
2026-07-22,S12,K04,2,0,Z3,0.0254464286,,,,0,,,,0,2.7333333333,2026-07-08T18:00:00+08:00
2026-07-22,S12,K05,2,0,Z3,0.0250000000,,,,0,,,,0,2.7333333333,2026-07-08T18:00:00+08:00
2026-07-22,S12,K06,2,0,Z3,0.0245535714,,,,0,,,,0,2.7333333333,2026-07-08T18:00:00+08:00
2026-07-22,S12,K07,2,0,Z3,0.0250000000,,,,0,,,,0,2.7333333333,2026-07-08T18:00:00+08:00
2026-07-22,S12,K08,2,0,Z3,0.0258928571,,,,0,,,,0,2.7333333333,2026-07-08T18:00:00+08:00
