vehicle_id,upper,lower,contact_mm2,transferred_kg,pressure_kg_m2
T009,G5-00004,G5-00003,160000.0,18.0,112.5
T009,G5-00008,G5-00007,160000.0,18.0,112.5
T009,G5-00012,G5-00011,160000.0,18.0,112.5
T009,G5-00016,G5-00015,160000.0,18.0,112.5
T009,G5-00020,G5-00019,160000.0,18.0,112.5
T009,G5-00024,G5-00023,160000.0,18.0,112.5
T009,G5-00028,G5-00027,160000.0,18.0,112.5
T009,G5-00032,G5-00031,160000.0,18.0,112.5
T009,G5-00036,G5-00035,160000.0,18.0,112.5
T009,G5-00040,G5-00039,160000.0,18.0,112.5
T009,G5-00044,G5-00043,160000.0,18.0,112.5
T009,G5-00048,G5-00047,160000.0,18.0,112.5
T009,G5-00052,G5-00051,160000.0,18.0,112.5
T009,G5-00056,G5-00055,160000.0,18.0,112.5
T009,G5-00060,G5-00059,160000.0,18.0,112.5
T009,G5-00064,G5-00063,160000.0,18.0,112.5
T009,G5-00068,G5-00067,160000.0,18.0,112.5
T009,G5-00072,G5-00071,160000.0,18.0,112.5
T009,G5-00076,G5-00075,160000.0,18.0,112.5
T009,G5-00080,G5-00079,160000.0,18.0,112.5
T009,G5-00084,G5-00083,160000.0,18.0,112.5
T009,G5-00088,G5-00087,160000.0,18.0,112.5
T009,G5-00092,G5-00091,160000.0,18.0,112.5
T009,G5-00096,G5-00095,160000.0,18.0,112.5
T009,G5-00100,G5-00099,160000.0,18.0,112.5
T009,G5-00104,G5-00103,160000.0,18.0,112.5
T009,G5-00108,G5-00107,160000.0,18.0,112.5
T009,G5-00112,G5-00111,160000.0,18.0,112.5
T009,G5-00116,G5-00115,160000.0,18.0,112.5
T009,G5-00120,G5-00119,160000.0,18.0,112.5
T009,G5-00124,G5-00123,160000.0,18.0,112.5
T009,G5-00128,G5-00127,160000.0,18.0,112.5
T009,G5-00132,G5-00131,160000.0,18.0,112.5
T009,G5-00136,G5-00135,160000.0,18.0,112.5
T009,G5-00140,G5-00139,160000.0,18.0,112.5
T009,G5-00144,G5-00143,160000.0,18.0,112.5
T009,G5-00148,G5-00147,160000.0,18.0,112.5
T009,G5-00152,G5-00151,160000.0,18.0,112.5
T009,G5-00156,G5-00155,160000.0,18.0,112.5
T009,G5-00160,G5-00159,160000.0,18.0,112.5
T009,G5-00164,G5-00163,160000.0,18.0,112.5
T009,G5-00168,G5-00167,160000.0,18.0,112.5
T009,G5-00172,G5-00171,160000.0,18.0,112.5
T009,G5-00176,G5-00175,160000.0,18.0,112.5
T009,G5-00180,G5-00179,160000.0,18.0,112.5
T009,G5-00184,G5-00183,160000.0,18.0,112.5
T009,G5-00188,G5-00187,160000.0,18.0,112.5
T009,G5-00192,G5-00191,160000.0,18.0,112.5
T009,G5-00196,G5-00195,160000.0,18.0,112.5
T009,G5-00200,G5-00199,160000.0,18.0,112.5
T009,G5-00204,G5-00203,160000.0,18.0,112.5
T009,G5-00208,G5-00207,160000.0,18.0,112.5
T009,G5-00212,G5-00211,160000.0,18.0,112.5
T009,G5-00216,G5-00215,160000.0,18.0,112.5
T009,G5-00220,G5-00219,160000.0,18.0,112.5
T009,G5-00224,G5-00223,160000.0,18.0,112.5
T009,G5-00228,G5-00227,160000.0,18.0,112.5
T009,G5-00232,G5-00231,160000.0,18.0,112.5
T009,G5-00236,G5-00235,160000.0,18.0,112.5
T009,G5-00240,G5-00239,160000.0,18.0,112.5
T009,G5-00244,G5-00243,160000.0,18.0,112.5
T009,G5-00248,G5-00247,160000.0,18.0,112.5
T009,G5-00252,G5-00251,160000.0,18.0,112.5
T009,G5-00256,G5-00255,160000.0,18.0,112.5
T009,G5-00260,G5-00259,160000.0,18.0,112.5
T009,G5-00264,G5-00263,160000.0,18.0,112.5
T009,G5-00268,G5-00267,160000.0,18.0,112.5
T009,G5-00272,G5-00271,160000.0,18.0,112.5
T009,G5-00276,G5-00275,160000.0,18.0,112.5
T009,G5-00280,G5-00279,160000.0,18.0,112.5
T009,G5-00284,G5-00283,160000.0,18.0,112.5
T009,G5-00288,G5-00287,160000.0,18.0,112.5
T009,G5-00292,G5-00291,160000.0,18.0,112.5
T009,G5-00296,G5-00295,160000.0,18.0,112.5
T009,G5-00300,G5-00299,160000.0,18.0,112.5
T009,G5-00304,G5-00303,160000.0,18.0,112.5
T009,G5-00308,G5-00307,160000.0,18.0,112.5
T009,G5-00312,G5-00311,160000.0,18.0,112.5
T009,G5-00316,G5-00315,160000.0,18.0,112.5
T009,G5-00320,G5-00319,160000.0,18.0,112.5
T009,G5-00324,G5-00323,160000.0,18.0,112.5
T009,G5-00328,G5-00327,160000.0,18.0,112.5
T009,G5-00332,G5-00331,160000.0,18.0,112.5
T009,G5-00336,G5-00335,160000.0,18.0,112.5
T009,G5-00340,G5-00339,160000.0,18.0,112.5
T009,G5-00344,G5-00343,160000.0,18.0,112.5
T009,G5-00348,G5-00347,160000.0,18.0,112.5
T009,G5-00352,G5-00351,160000.0,18.0,112.5
T009,G5-00356,G5-00355,160000.0,18.0,112.5
T009,G5-00360,G5-00359,160000.0,18.0,112.5
T009,G5-00364,G5-00363,160000.0,18.0,112.5
T009,G5-00368,G5-00367,160000.0,18.0,112.5
T009,G5-00372,G5-00371,160000.0,18.0,112.5
T009,G5-00376,G5-00375,160000.0,18.0,112.5
T009,G5-00380,G5-00379,160000.0,18.0,112.5
T009,G5-00384,G5-00383,160000.0,18.0,112.5
T009,G5-00388,G5-00387,160000.0,18.0,112.5
T009,G5-00392,G5-00391,160000.0,18.0,112.5
T009,G5-00396,G5-00395,160000.0,18.0,112.5
T009,G5-00400,G5-00399,160000.0,18.0,112.5
T009,G5-00404,G5-00403,160000.0,18.0,112.5
T009,G5-00408,G5-00407,160000.0,18.0,112.5
T009,G5-00003,G5-00002,160000.0,36.0,225.0
T009,G5-00007,G5-00006,160000.0,36.0,225.0
T009,G5-00011,G5-00010,160000.0,36.0,225.0
T009,G5-00015,G5-00014,160000.0,36.0,225.0
T009,G5-00019,G5-00018,160000.0,36.0,225.0
T009,G5-00023,G5-00022,160000.0,36.0,225.0
T009,G5-00027,G5-00026,160000.0,36.0,225.0
T009,G5-00031,G5-00030,160000.0,36.0,225.0
T009,G5-00035,G5-00034,160000.0,36.0,225.0
T009,G5-00039,G5-00038,160000.0,36.0,225.0
T009,G5-00043,G5-00042,160000.0,36.0,225.0
T009,G5-00047,G5-00046,160000.0,36.0,225.0
T009,G5-00051,G5-00050,160000.0,36.0,225.0
T009,G5-00055,G5-00054,160000.0,36.0,225.0
T009,G5-00059,G5-00058,160000.0,36.0,225.0
T009,G5-00063,G5-00062,160000.0,36.0,225.0
T009,G5-00067,G5-00066,160000.0,36.0,225.0
T009,G5-00071,G5-00070,160000.0,36.0,225.0
T009,G5-00075,G5-00074,160000.0,36.0,225.0
T009,G5-00079,G5-00078,160000.0,36.0,225.0
T009,G5-00083,G5-00082,160000.0,36.0,225.0
T009,G5-00087,G5-00086,160000.0,36.0,225.0
T009,G5-00091,G5-00090,160000.0,36.0,225.0
T009,G5-00095,G5-00094,160000.0,36.0,225.0
T009,G5-00099,G5-00098,160000.0,36.0,225.0
T009,G5-00103,G5-00102,160000.0,36.0,225.0
T009,G5-00107,G5-00106,160000.0,36.0,225.0
T009,G5-00111,G5-00110,160000.0,36.0,225.0
T009,G5-00115,G5-00114,160000.0,36.0,225.0
T009,G5-00119,G5-00118,160000.0,36.0,225.0
T009,G5-00123,G5-00122,160000.0,36.0,225.0
T009,G5-00127,G5-00126,160000.0,36.0,225.0
T009,G5-00131,G5-00130,160000.0,36.0,225.0
T009,G5-00135,G5-00134,160000.0,36.0,225.0
T009,G5-00139,G5-00138,160000.0,36.0,225.0
T009,G5-00143,G5-00142,160000.0,36.0,225.0
T009,G5-00147,G5-00146,160000.0,36.0,225.0
T009,G5-00151,G5-00150,160000.0,36.0,225.0
T009,G5-00155,G5-00154,160000.0,36.0,225.0
T009,G5-00159,G5-00158,160000.0,36.0,225.0
T009,G5-00163,G5-00162,160000.0,36.0,225.0
T009,G5-00167,G5-00166,160000.0,36.0,225.0
T009,G5-00171,G5-00170,160000.0,36.0,225.0
T009,G5-00175,G5-00174,160000.0,36.0,225.0
T009,G5-00179,G5-00178,160000.0,36.0,225.0
T009,G5-00183,G5-00182,160000.0,36.0,225.0
T009,G5-00187,G5-00186,160000.0,36.0,225.0
T009,G5-00191,G5-00190,160000.0,36.0,225.0
T009,G5-00195,G5-00194,160000.0,36.0,225.0
T009,G5-00199,G5-00198,160000.0,36.0,225.0
T009,G5-00203,G5-00202,160000.0,36.0,225.0
T009,G5-00207,G5-00206,160000.0,36.0,225.0
T009,G5-00211,G5-00210,160000.0,36.0,225.0
T009,G5-00215,G5-00214,160000.0,36.0,225.0
T009,G5-00219,G5-00218,160000.0,36.0,225.0
T009,G5-00223,G5-00222,160000.0,36.0,225.0
T009,G5-00227,G5-00226,160000.0,36.0,225.0
T009,G5-00231,G5-00230,160000.0,36.0,225.0
T009,G5-00235,G5-00234,160000.0,36.0,225.0
T009,G5-00239,G5-00238,160000.0,36.0,225.0
T009,G5-00243,G5-00242,160000.0,36.0,225.0
T009,G5-00247,G5-00246,160000.0,36.0,225.0
T009,G5-00251,G5-00250,160000.0,36.0,225.0
T009,G5-00255,G5-00254,160000.0,36.0,225.0
T009,G5-00259,G5-00258,160000.0,36.0,225.0
T009,G5-00263,G5-00262,160000.0,36.0,225.0
T009,G5-00267,G5-00266,160000.0,36.0,225.0
T009,G5-00271,G5-00270,160000.0,36.0,225.0
T009,G5-00275,G5-00274,160000.0,36.0,225.0
T009,G5-00279,G5-00278,160000.0,36.0,225.0
T009,G5-00283,G5-00282,160000.0,36.0,225.0
T009,G5-00287,G5-00286,160000.0,36.0,225.0
T009,G5-00291,G5-00290,160000.0,36.0,225.0
T009,G5-00295,G5-00294,160000.0,36.0,225.0
T009,G5-00299,G5-00298,160000.0,36.0,225.0
T009,G5-00303,G5-00302,160000.0,36.0,225.0
T009,G5-00307,G5-00306,160000.0,36.0,225.0
T009,G5-00311,G5-00310,160000.0,36.0,225.0
T009,G5-00315,G5-00314,160000.0,36.0,225.0
T009,G5-00319,G5-00318,160000.0,36.0,225.0
T009,G5-00323,G5-00322,160000.0,36.0,225.0
T009,G5-00327,G5-00326,160000.0,36.0,225.0
T009,G5-00331,G5-00330,160000.0,36.0,225.0
T009,G5-00335,G5-00334,160000.0,36.0,225.0
T009,G5-00339,G5-00338,160000.0,36.0,225.0
T009,G5-00343,G5-00342,160000.0,36.0,225.0
T009,G5-00347,G5-00346,160000.0,36.0,225.0
T009,G5-00351,G5-00350,160000.0,36.0,225.0
T009,G5-00355,G5-00354,160000.0,36.0,225.0
T009,G5-00359,G5-00358,160000.0,36.0,225.0
T009,G5-00363,G5-00362,160000.0,36.0,225.0
T009,G5-00367,G5-00366,160000.0,36.0,225.0
T009,G5-00371,G5-00370,160000.0,36.0,225.0
T009,G5-00375,G5-00374,160000.0,36.0,225.0
T009,G5-00379,G5-00378,160000.0,36.0,225.0
T009,G5-00383,G5-00382,160000.0,36.0,225.0
T009,G5-00387,G5-00386,160000.0,36.0,225.0
T009,G5-00391,G5-00390,160000.0,36.0,225.0
T009,G5-00395,G5-00394,160000.0,36.0,225.0
T009,G5-00399,G5-00398,160000.0,36.0,225.0
T009,G5-00403,G5-00402,160000.0,36.0,225.0
T009,G5-00407,G5-00406,160000.0,36.0,225.0
T009,G5-00002,G5-00001,160000.0,54.0,337.5
T009,G5-00006,G5-00005,160000.0,54.0,337.5
T009,G5-00010,G5-00009,160000.0,54.0,337.5
T009,G5-00014,G5-00013,160000.0,54.0,337.5
T009,G5-00018,G5-00017,160000.0,54.0,337.5
T009,G5-00022,G5-00021,160000.0,54.0,337.5
T009,G5-00026,G5-00025,160000.0,54.0,337.5
T009,G5-00030,G5-00029,160000.0,54.0,337.5
T009,G5-00034,G5-00033,160000.0,54.0,337.5
T009,G5-00038,G5-00037,160000.0,54.0,337.5
T009,G5-00042,G5-00041,160000.0,54.0,337.5
T009,G5-00046,G5-00045,160000.0,54.0,337.5
T009,G5-00050,G5-00049,160000.0,54.0,337.5
T009,G5-00054,G5-00053,160000.0,54.0,337.5
T009,G5-00058,G5-00057,160000.0,54.0,337.5
T009,G5-00062,G5-00061,160000.0,54.0,337.5
T009,G5-00066,G5-00065,160000.0,54.0,337.5
T009,G5-00070,G5-00069,160000.0,54.0,337.5
T009,G5-00074,G5-00073,160000.0,54.0,337.5
T009,G5-00078,G5-00077,160000.0,54.0,337.5
T009,G5-00082,G5-00081,160000.0,54.0,337.5
T009,G5-00086,G5-00085,160000.0,54.0,337.5
T009,G5-00090,G5-00089,160000.0,54.0,337.5
T009,G5-00094,G5-00093,160000.0,54.0,337.5
T009,G5-00098,G5-00097,160000.0,54.0,337.5
T009,G5-00102,G5-00101,160000.0,54.0,337.5
T009,G5-00106,G5-00105,160000.0,54.0,337.5
T009,G5-00110,G5-00109,160000.0,54.0,337.5
T009,G5-00114,G5-00113,160000.0,54.0,337.5
T009,G5-00118,G5-00117,160000.0,54.0,337.5
T009,G5-00122,G5-00121,160000.0,54.0,337.5
T009,G5-00126,G5-00125,160000.0,54.0,337.5
T009,G5-00130,G5-00129,160000.0,54.0,337.5
T009,G5-00134,G5-00133,160000.0,54.0,337.5
T009,G5-00138,G5-00137,160000.0,54.0,337.5
T009,G5-00142,G5-00141,160000.0,54.0,337.5
T009,G5-00146,G5-00145,160000.0,54.0,337.5
T009,G5-00150,G5-00149,160000.0,54.0,337.5
T009,G5-00154,G5-00153,160000.0,54.0,337.5
T009,G5-00158,G5-00157,160000.0,54.0,337.5
T009,G5-00162,G5-00161,160000.0,54.0,337.5
T009,G5-00166,G5-00165,160000.0,54.0,337.5
T009,G5-00170,G5-00169,160000.0,54.0,337.5
T009,G5-00174,G5-00173,160000.0,54.0,337.5
T009,G5-00178,G5-00177,160000.0,54.0,337.5
T009,G5-00182,G5-00181,160000.0,54.0,337.5
T009,G5-00186,G5-00185,160000.0,54.0,337.5
T009,G5-00190,G5-00189,160000.0,54.0,337.5
T009,G5-00194,G5-00193,160000.0,54.0,337.5
T009,G5-00198,G5-00197,160000.0,54.0,337.5
T009,G5-00202,G5-00201,160000.0,54.0,337.5
T009,G5-00206,G5-00205,160000.0,54.0,337.5
T009,G5-00210,G5-00209,160000.0,54.0,337.5
T009,G5-00214,G5-00213,160000.0,54.0,337.5
T009,G5-00218,G5-00217,160000.0,54.0,337.5
T009,G5-00222,G5-00221,160000.0,54.0,337.5
T009,G5-00226,G5-00225,160000.0,54.0,337.5
T009,G5-00230,G5-00229,160000.0,54.0,337.5
T009,G5-00234,G5-00233,160000.0,54.0,337.5
T009,G5-00238,G5-00237,160000.0,54.0,337.5
T009,G5-00242,G5-00241,160000.0,54.0,337.5
T009,G5-00246,G5-00245,160000.0,54.0,337.5
T009,G5-00250,G5-00249,160000.0,54.0,337.5
T009,G5-00254,G5-00253,160000.0,54.0,337.5
T009,G5-00258,G5-00257,160000.0,54.0,337.5
T009,G5-00262,G5-00261,160000.0,54.0,337.5
T009,G5-00266,G5-00265,160000.0,54.0,337.5
T009,G5-00270,G5-00269,160000.0,54.0,337.5
T009,G5-00274,G5-00273,160000.0,54.0,337.5
T009,G5-00278,G5-00277,160000.0,54.0,337.5
T009,G5-00282,G5-00281,160000.0,54.0,337.5
T009,G5-00286,G5-00285,160000.0,54.0,337.5
T009,G5-00290,G5-00289,160000.0,54.0,337.5
T009,G5-00294,G5-00293,160000.0,54.0,337.5
T009,G5-00298,G5-00297,160000.0,54.0,337.5
T009,G5-00302,G5-00301,160000.0,54.0,337.5
T009,G5-00306,G5-00305,160000.0,54.0,337.5
T009,G5-00310,G5-00309,160000.0,54.0,337.5
T009,G5-00314,G5-00313,160000.0,54.0,337.5
T009,G5-00318,G5-00317,160000.0,54.0,337.5
T009,G5-00322,G5-00321,160000.0,54.0,337.5
T009,G5-00326,G5-00325,160000.0,54.0,337.5
T009,G5-00330,G5-00329,160000.0,54.0,337.5
T009,G5-00334,G5-00333,160000.0,54.0,337.5
T009,G5-00338,G5-00337,160000.0,54.0,337.5
T009,G5-00342,G5-00341,160000.0,54.0,337.5
T009,G5-00346,G5-00345,160000.0,54.0,337.5
T009,G5-00350,G5-00349,160000.0,54.0,337.5
T009,G5-00354,G5-00353,160000.0,54.0,337.5
T009,G5-00358,G5-00357,160000.0,54.0,337.5
T009,G5-00362,G5-00361,160000.0,54.0,337.5
T009,G5-00366,G5-00365,160000.0,54.0,337.5
T009,G5-00370,G5-00369,160000.0,54.0,337.5
T009,G5-00374,G5-00373,160000.0,54.0,337.5
T009,G5-00378,G5-00377,160000.0,54.0,337.5
T009,G5-00382,G5-00381,160000.0,54.0,337.5
T009,G5-00386,G5-00385,160000.0,54.0,337.5
T009,G5-00390,G5-00389,160000.0,54.0,337.5
T009,G5-00394,G5-00393,160000.0,54.0,337.5
T009,G5-00398,G5-00397,160000.0,54.0,337.5
T009,G5-00402,G5-00401,160000.0,54.0,337.5
T009,G5-00406,G5-00405,160000.0,54.0,337.5
T010,G5-00412,G5-00411,160000.0,18.0,112.5
T010,G5-00416,G5-00415,160000.0,18.0,112.5
T010,G5-00420,G5-00419,160000.0,18.0,112.5
T010,G5-00424,G5-00423,160000.0,18.0,112.5
T010,G5-00428,G5-00427,160000.0,18.0,112.5
T010,G5-00432,G5-00431,160000.0,18.0,112.5
T010,G5-00436,G5-00435,160000.0,18.0,112.5
T010,G5-00440,G5-00439,160000.0,18.0,112.5
T010,G5-00444,G5-00443,160000.0,18.0,112.5
T010,G5-00448,G5-00447,160000.0,18.0,112.5
T010,G5-00452,G5-00451,160000.0,18.0,112.5
T010,G5-00456,G5-00455,160000.0,18.0,112.5
T010,G5-00460,G5-00459,160000.0,18.0,112.5
T010,G5-00464,G5-00463,160000.0,18.0,112.5
T010,G5-00468,G5-00467,160000.0,18.0,112.5
T010,G5-00472,G5-00471,160000.0,18.0,112.5
T010,G5-00476,G5-00475,160000.0,18.0,112.5
T010,G5-00480,G5-00479,160000.0,18.0,112.5
T010,G5-00484,G5-00483,160000.0,18.0,112.5
T010,G5-00488,G5-00487,160000.0,18.0,112.5
T010,G5-00492,G5-00491,160000.0,18.0,112.5
T010,G5-00496,G5-00495,160000.0,18.0,112.5
T010,G5-00500,G5-00499,160000.0,18.0,112.5
T010,G5-00504,G5-00503,160000.0,18.0,112.5
T010,G5-00508,G5-00507,160000.0,18.0,112.5
T010,G5-00512,G5-00511,160000.0,18.0,112.5
T010,G5-00516,G5-00515,160000.0,18.0,112.5
T010,G5-00520,G5-00519,160000.0,18.0,112.5
T010,G5-00524,G5-00523,160000.0,18.0,112.5
T010,G5-00528,G5-00527,160000.0,18.0,112.5
T010,G5-00532,G5-00531,160000.0,18.0,112.5
T010,G5-00536,G5-00535,160000.0,18.0,112.5
T010,G5-00540,G5-00539,160000.0,18.0,112.5
T010,G5-00544,G5-00543,160000.0,18.0,112.5
T010,G5-00548,G5-00547,160000.0,18.0,112.5
T010,G5-00552,G5-00551,160000.0,18.0,112.5
T010,G5-00556,G5-00555,160000.0,18.0,112.5
T010,G5-00560,G5-00559,160000.0,18.0,112.5
T010,G5-00564,G5-00563,160000.0,18.0,112.5
T010,G5-00568,G5-00567,160000.0,18.0,112.5
T010,G5-00572,G5-00571,160000.0,18.0,112.5
T010,G5-00576,G5-00575,160000.0,18.0,112.5
T010,G5-00580,G5-00579,160000.0,18.0,112.5
T010,G5-00584,G5-00583,160000.0,18.0,112.5
T010,G5-00588,G5-00587,160000.0,18.0,112.5
T010,G5-00592,G5-00591,160000.0,18.0,112.5
T010,G5-00596,G5-00595,160000.0,18.0,112.5
T010,G5-00600,G5-00599,160000.0,18.0,112.5
T010,G5-00604,G5-00603,160000.0,18.0,112.5
T010,G5-00608,G5-00607,160000.0,18.0,112.5
T010,G5-00612,G5-00611,160000.0,18.0,112.5
T010,G5-00616,G5-00615,160000.0,18.0,112.5
T010,G5-00620,G5-00619,160000.0,18.0,112.5
T010,G5-00624,G5-00623,160000.0,18.0,112.5
T010,G5-00628,G5-00627,160000.0,18.0,112.5
T010,G5-00632,G5-00631,160000.0,18.0,112.5
T010,G5-00636,G5-00635,160000.0,18.0,112.5
T010,G5-00640,G5-00639,160000.0,18.0,112.5
T010,G5-00644,G5-00643,160000.0,18.0,112.5
T010,G5-00648,G5-00647,160000.0,18.0,112.5
T010,G5-00652,G5-00651,160000.0,18.0,112.5
T010,G5-00656,G5-00655,160000.0,18.0,112.5
T010,G5-00660,G5-00659,160000.0,18.0,112.5
T010,G5-00664,G5-00663,160000.0,18.0,112.5
T010,G5-00668,G5-00667,160000.0,18.0,112.5
T010,G5-00672,G5-00671,160000.0,18.0,112.5
T010,G5-00676,G5-00675,160000.0,18.0,112.5
T010,G5-00680,G5-00679,160000.0,18.0,112.5
T010,G5-00684,G5-00683,160000.0,18.0,112.5
T010,G5-00688,G5-00687,160000.0,18.0,112.5
T010,G5-00692,G5-00691,160000.0,18.0,112.5
T010,G5-00696,G5-00695,160000.0,18.0,112.5
T010,G5-00700,G5-00699,160000.0,18.0,112.5
T010,G5-00704,G5-00703,160000.0,18.0,112.5
T010,G5-00708,G5-00707,160000.0,18.0,112.5
T010,G5-00712,G5-00711,160000.0,18.0,112.5
T010,G5-00716,G5-00715,160000.0,18.0,112.5
T010,G5-00720,G5-00719,160000.0,18.0,112.5
T010,G5-00724,G5-00723,160000.0,18.0,112.5
T010,G5-00728,G5-00727,160000.0,18.0,112.5
T010,G5-00732,G5-00731,160000.0,18.0,112.5
T010,G5-00736,G5-00735,160000.0,18.0,112.5
T010,G5-00740,G5-00739,160000.0,18.0,112.5
T010,G5-00744,G5-00743,160000.0,18.0,112.5
T010,G5-00748,G5-00747,160000.0,18.0,112.5
T010,G5-00752,G5-00751,160000.0,18.0,112.5
T010,G5-00756,G5-00755,160000.0,18.0,112.5
T010,G5-00760,G5-00759,160000.0,18.0,112.5
T010,G5-00764,G5-00763,160000.0,18.0,112.5
T010,G5-00768,G5-00767,160000.0,18.0,112.5
T010,G5-00772,G5-00771,160000.0,18.0,112.5
T010,G5-00776,G5-00775,160000.0,18.0,112.5
T010,G5-00780,G5-00779,160000.0,18.0,112.5
T010,G5-00784,G5-00783,160000.0,18.0,112.5
T010,G5-00788,G5-00787,160000.0,18.0,112.5
T010,G5-00792,G5-00791,160000.0,18.0,112.5
T010,G5-00796,G5-00795,160000.0,18.0,112.5
T010,G5-00800,G5-00799,160000.0,18.0,112.5
T010,G5-00804,G5-00803,160000.0,18.0,112.5
T010,G5-00808,G5-00807,160000.0,18.0,112.5
T010,G5-00812,G5-00811,160000.0,18.0,112.5
T010,G5-00816,G5-00815,160000.0,18.0,112.5
T010,G5-00411,G5-00410,160000.0,36.0,225.0
T010,G5-00415,G5-00414,160000.0,36.0,225.0
T010,G5-00419,G5-00418,160000.0,36.0,225.0
T010,G5-00423,G5-00422,160000.0,36.0,225.0
T010,G5-00427,G5-00426,160000.0,36.0,225.0
T010,G5-00431,G5-00430,160000.0,36.0,225.0
T010,G5-00435,G5-00434,160000.0,36.0,225.0
T010,G5-00439,G5-00438,160000.0,36.0,225.0
T010,G5-00443,G5-00442,160000.0,36.0,225.0
T010,G5-00447,G5-00446,160000.0,36.0,225.0
T010,G5-00451,G5-00450,160000.0,36.0,225.0
T010,G5-00455,G5-00454,160000.0,36.0,225.0
T010,G5-00459,G5-00458,160000.0,36.0,225.0
T010,G5-00463,G5-00462,160000.0,36.0,225.0
T010,G5-00467,G5-00466,160000.0,36.0,225.0
T010,G5-00471,G5-00470,160000.0,36.0,225.0
T010,G5-00475,G5-00474,160000.0,36.0,225.0
T010,G5-00479,G5-00478,160000.0,36.0,225.0
T010,G5-00483,G5-00482,160000.0,36.0,225.0
T010,G5-00487,G5-00486,160000.0,36.0,225.0
T010,G5-00491,G5-00490,160000.0,36.0,225.0
T010,G5-00495,G5-00494,160000.0,36.0,225.0
T010,G5-00499,G5-00498,160000.0,36.0,225.0
T010,G5-00503,G5-00502,160000.0,36.0,225.0
T010,G5-00507,G5-00506,160000.0,36.0,225.0
T010,G5-00511,G5-00510,160000.0,36.0,225.0
T010,G5-00515,G5-00514,160000.0,36.0,225.0
T010,G5-00519,G5-00518,160000.0,36.0,225.0
T010,G5-00523,G5-00522,160000.0,36.0,225.0
T010,G5-00527,G5-00526,160000.0,36.0,225.0
T010,G5-00531,G5-00530,160000.0,36.0,225.0
T010,G5-00535,G5-00534,160000.0,36.0,225.0
T010,G5-00539,G5-00538,160000.0,36.0,225.0
T010,G5-00543,G5-00542,160000.0,36.0,225.0
T010,G5-00547,G5-00546,160000.0,36.0,225.0
T010,G5-00551,G5-00550,160000.0,36.0,225.0
T010,G5-00555,G5-00554,160000.0,36.0,225.0
T010,G5-00559,G5-00558,160000.0,36.0,225.0
T010,G5-00563,G5-00562,160000.0,36.0,225.0
T010,G5-00567,G5-00566,160000.0,36.0,225.0
T010,G5-00571,G5-00570,160000.0,36.0,225.0
T010,G5-00575,G5-00574,160000.0,36.0,225.0
T010,G5-00579,G5-00578,160000.0,36.0,225.0
T010,G5-00583,G5-00582,160000.0,36.0,225.0
T010,G5-00587,G5-00586,160000.0,36.0,225.0
T010,G5-00591,G5-00590,160000.0,36.0,225.0
T010,G5-00595,G5-00594,160000.0,36.0,225.0
T010,G5-00599,G5-00598,160000.0,36.0,225.0
T010,G5-00603,G5-00602,160000.0,36.0,225.0
T010,G5-00607,G5-00606,160000.0,36.0,225.0
T010,G5-00611,G5-00610,160000.0,36.0,225.0
T010,G5-00615,G5-00614,160000.0,36.0,225.0
T010,G5-00619,G5-00618,160000.0,36.0,225.0
T010,G5-00623,G5-00622,160000.0,36.0,225.0
T010,G5-00627,G5-00626,160000.0,36.0,225.0
T010,G5-00631,G5-00630,160000.0,36.0,225.0
T010,G5-00635,G5-00634,160000.0,36.0,225.0
T010,G5-00639,G5-00638,160000.0,36.0,225.0
T010,G5-00643,G5-00642,160000.0,36.0,225.0
T010,G5-00647,G5-00646,160000.0,36.0,225.0
T010,G5-00651,G5-00650,160000.0,36.0,225.0
T010,G5-00655,G5-00654,160000.0,36.0,225.0
T010,G5-00659,G5-00658,160000.0,36.0,225.0
T010,G5-00663,G5-00662,160000.0,36.0,225.0
T010,G5-00667,G5-00666,160000.0,36.0,225.0
T010,G5-00671,G5-00670,160000.0,36.0,225.0
T010,G5-00675,G5-00674,160000.0,36.0,225.0
T010,G5-00679,G5-00678,160000.0,36.0,225.0
T010,G5-00683,G5-00682,160000.0,36.0,225.0
T010,G5-00687,G5-00686,160000.0,36.0,225.0
T010,G5-00691,G5-00690,160000.0,36.0,225.0
T010,G5-00695,G5-00694,160000.0,36.0,225.0
T010,G5-00699,G5-00698,160000.0,36.0,225.0
T010,G5-00703,G5-00702,160000.0,36.0,225.0
T010,G5-00707,G5-00706,160000.0,36.0,225.0
T010,G5-00711,G5-00710,160000.0,36.0,225.0
T010,G5-00715,G5-00714,160000.0,36.0,225.0
T010,G5-00719,G5-00718,160000.0,36.0,225.0
T010,G5-00723,G5-00722,160000.0,36.0,225.0
T010,G5-00727,G5-00726,160000.0,36.0,225.0
T010,G5-00731,G5-00730,160000.0,36.0,225.0
T010,G5-00735,G5-00734,160000.0,36.0,225.0
T010,G5-00739,G5-00738,160000.0,36.0,225.0
T010,G5-00743,G5-00742,160000.0,36.0,225.0
T010,G5-00747,G5-00746,160000.0,36.0,225.0
T010,G5-00751,G5-00750,160000.0,36.0,225.0
T010,G5-00755,G5-00754,160000.0,36.0,225.0
T010,G5-00759,G5-00758,160000.0,36.0,225.0
T010,G5-00763,G5-00762,160000.0,36.0,225.0
T010,G5-00767,G5-00766,160000.0,36.0,225.0
T010,G5-00771,G5-00770,160000.0,36.0,225.0
T010,G5-00775,G5-00774,160000.0,36.0,225.0
T010,G5-00779,G5-00778,160000.0,36.0,225.0
T010,G5-00783,G5-00782,160000.0,36.0,225.0
T010,G5-00787,G5-00786,160000.0,36.0,225.0
T010,G5-00791,G5-00790,160000.0,36.0,225.0
T010,G5-00795,G5-00794,160000.0,36.0,225.0
T010,G5-00799,G5-00798,160000.0,36.0,225.0
T010,G5-00803,G5-00802,160000.0,36.0,225.0
T010,G5-00807,G5-00806,160000.0,36.0,225.0
T010,G5-00811,G5-00810,160000.0,36.0,225.0
T010,G5-00815,G5-00814,160000.0,36.0,225.0
T010,G5-00410,G5-00409,160000.0,54.0,337.5
T010,G5-00414,G5-00413,160000.0,54.0,337.5
T010,G5-00418,G5-00417,160000.0,54.0,337.5
T010,G5-00422,G5-00421,160000.0,54.0,337.5
T010,G5-00426,G5-00425,160000.0,54.0,337.5
T010,G5-00430,G5-00429,160000.0,54.0,337.5
T010,G5-00434,G5-00433,160000.0,54.0,337.5
T010,G5-00438,G5-00437,160000.0,54.0,337.5
T010,G5-00442,G5-00441,160000.0,54.0,337.5
T010,G5-00446,G5-00445,160000.0,54.0,337.5
T010,G5-00450,G5-00449,160000.0,54.0,337.5
T010,G5-00454,G5-00453,160000.0,54.0,337.5
T010,G5-00458,G5-00457,160000.0,54.0,337.5
T010,G5-00462,G5-00461,160000.0,54.0,337.5
T010,G5-00466,G5-00465,160000.0,54.0,337.5
T010,G5-00470,G5-00469,160000.0,54.0,337.5
T010,G5-00474,G5-00473,160000.0,54.0,337.5
T010,G5-00478,G5-00477,160000.0,54.0,337.5
T010,G5-00482,G5-00481,160000.0,54.0,337.5
T010,G5-00486,G5-00485,160000.0,54.0,337.5
T010,G5-00490,G5-00489,160000.0,54.0,337.5
T010,G5-00494,G5-00493,160000.0,54.0,337.5
T010,G5-00498,G5-00497,160000.0,54.0,337.5
T010,G5-00502,G5-00501,160000.0,54.0,337.5
T010,G5-00506,G5-00505,160000.0,54.0,337.5
T010,G5-00510,G5-00509,160000.0,54.0,337.5
T010,G5-00514,G5-00513,160000.0,54.0,337.5
T010,G5-00518,G5-00517,160000.0,54.0,337.5
T010,G5-00522,G5-00521,160000.0,54.0,337.5
T010,G5-00526,G5-00525,160000.0,54.0,337.5
T010,G5-00530,G5-00529,160000.0,54.0,337.5
T010,G5-00534,G5-00533,160000.0,54.0,337.5
T010,G5-00538,G5-00537,160000.0,54.0,337.5
T010,G5-00542,G5-00541,160000.0,54.0,337.5
T010,G5-00546,G5-00545,160000.0,54.0,337.5
T010,G5-00550,G5-00549,160000.0,54.0,337.5
T010,G5-00554,G5-00553,160000.0,54.0,337.5
T010,G5-00558,G5-00557,160000.0,54.0,337.5
T010,G5-00562,G5-00561,160000.0,54.0,337.5
T010,G5-00566,G5-00565,160000.0,54.0,337.5
T010,G5-00570,G5-00569,160000.0,54.0,337.5
T010,G5-00574,G5-00573,160000.0,54.0,337.5
T010,G5-00578,G5-00577,160000.0,54.0,337.5
T010,G5-00582,G5-00581,160000.0,54.0,337.5
T010,G5-00586,G5-00585,160000.0,54.0,337.5
T010,G5-00590,G5-00589,160000.0,54.0,337.5
T010,G5-00594,G5-00593,160000.0,54.0,337.5
T010,G5-00598,G5-00597,160000.0,54.0,337.5
T010,G5-00602,G5-00601,160000.0,54.0,337.5
T010,G5-00606,G5-00605,160000.0,54.0,337.5
T010,G5-00610,G5-00609,160000.0,54.0,337.5
T010,G5-00614,G5-00613,160000.0,54.0,337.5
T010,G5-00618,G5-00617,160000.0,54.0,337.5
T010,G5-00622,G5-00621,160000.0,54.0,337.5
T010,G5-00626,G5-00625,160000.0,54.0,337.5
T010,G5-00630,G5-00629,160000.0,54.0,337.5
T010,G5-00634,G5-00633,160000.0,54.0,337.5
T010,G5-00638,G5-00637,160000.0,54.0,337.5
T010,G5-00642,G5-00641,160000.0,54.0,337.5
T010,G5-00646,G5-00645,160000.0,54.0,337.5
T010,G5-00650,G5-00649,160000.0,54.0,337.5
T010,G5-00654,G5-00653,160000.0,54.0,337.5
T010,G5-00658,G5-00657,160000.0,54.0,337.5
T010,G5-00662,G5-00661,160000.0,54.0,337.5
T010,G5-00666,G5-00665,160000.0,54.0,337.5
T010,G5-00670,G5-00669,160000.0,54.0,337.5
T010,G5-00674,G5-00673,160000.0,54.0,337.5
T010,G5-00678,G5-00677,160000.0,54.0,337.5
T010,G5-00682,G5-00681,160000.0,54.0,337.5
T010,G5-00686,G5-00685,160000.0,54.0,337.5
T010,G5-00690,G5-00689,160000.0,54.0,337.5
T010,G5-00694,G5-00693,160000.0,54.0,337.5
T010,G5-00698,G5-00697,160000.0,54.0,337.5
T010,G5-00702,G5-00701,160000.0,54.0,337.5
T010,G5-00706,G5-00705,160000.0,54.0,337.5
T010,G5-00710,G5-00709,160000.0,54.0,337.5
T010,G5-00714,G5-00713,160000.0,54.0,337.5
T010,G5-00718,G5-00717,160000.0,54.0,337.5
T010,G5-00722,G5-00721,160000.0,54.0,337.5
T010,G5-00726,G5-00725,160000.0,54.0,337.5
T010,G5-00730,G5-00729,160000.0,54.0,337.5
T010,G5-00734,G5-00733,160000.0,54.0,337.5
T010,G5-00738,G5-00737,160000.0,54.0,337.5
T010,G5-00742,G5-00741,160000.0,54.0,337.5
T010,G5-00746,G5-00745,160000.0,54.0,337.5
T010,G5-00750,G5-00749,160000.0,54.0,337.5
T010,G5-00754,G5-00753,160000.0,54.0,337.5
T010,G5-00758,G5-00757,160000.0,54.0,337.5
T010,G5-00762,G5-00761,160000.0,54.0,337.5
T010,G5-00766,G5-00765,160000.0,54.0,337.5
T010,G5-00770,G5-00769,160000.0,54.0,337.5
T010,G5-00774,G5-00773,160000.0,54.0,337.5
T010,G5-00778,G5-00777,160000.0,54.0,337.5
T010,G5-00782,G5-00781,160000.0,54.0,337.5
T010,G5-00786,G5-00785,160000.0,54.0,337.5
T010,G5-00790,G5-00789,160000.0,54.0,337.5
T010,G5-00794,G5-00793,160000.0,54.0,337.5
T010,G5-00798,G5-00797,160000.0,54.0,337.5
T010,G5-00802,G5-00801,160000.0,54.0,337.5
T010,G5-00806,G5-00805,160000.0,54.0,337.5
T010,G5-00810,G5-00809,160000.0,54.0,337.5
T010,G5-00814,G5-00813,160000.0,54.0,337.5
T012,G2-00199,G2-00198,125000.0,8.0,64.0
T012,G2-00206,G2-00205,125000.0,8.0,64.0
T012,G2-00213,G2-00212,125000.0,8.0,64.0
T012,G2-00220,G2-00219,125000.0,8.0,64.0
T012,G2-00227,G2-00226,125000.0,8.0,64.0
T012,G2-00234,G2-00233,125000.0,8.0,64.0
T012,G2-00241,G2-00240,125000.0,8.0,64.0
T012,G2-00248,G2-00247,125000.0,8.0,64.0
T012,G2-00255,G2-00254,125000.0,8.0,64.0
T012,G2-00262,G2-00261,125000.0,8.0,64.0
T012,G2-00269,G2-00268,125000.0,8.0,64.0
T012,G2-00276,G2-00275,125000.0,8.0,64.0
T012,G2-00283,G2-00282,125000.0,8.0,64.0
T012,G2-00290,G2-00289,125000.0,8.0,64.0
T012,G2-00297,G2-00296,125000.0,8.0,64.0
T012,G2-00304,G2-00303,125000.0,8.0,64.0
T012,G2-00311,G2-00310,125000.0,8.0,64.0
T012,G2-00318,G2-00317,125000.0,8.0,64.0
T012,G2-00325,G2-00324,125000.0,8.0,64.0
T012,G2-00332,G2-00331,125000.0,8.0,64.0
T012,G2-00339,G2-00338,125000.0,8.0,64.0
T012,G2-00346,G2-00345,125000.0,8.0,64.0
T012,G2-00353,G2-00352,125000.0,8.0,64.0
T012,G2-00360,G2-00359,125000.0,8.0,64.0
T012,G2-00367,G2-00366,125000.0,8.0,64.0
T012,G2-00374,G2-00373,125000.0,8.0,64.0
T012,G2-00381,G2-00380,125000.0,8.0,64.0
T012,G2-00388,G2-00387,125000.0,8.0,64.0
T012,G2-00395,G2-00394,125000.0,8.0,64.0
T012,G2-00402,G2-00401,125000.0,8.0,64.0
T012,G2-00409,G2-00408,125000.0,8.0,64.0
T012,G2-00416,G2-00415,125000.0,8.0,64.0
T012,G3-00227,G2-00057,175000.0,7.5,42.85714285714286
T012,G3-00227,G2-00058,175000.0,7.5,42.85714285714286
T012,G3-00228,G2-00059,175000.0,7.5,42.85714285714286
T012,G3-00228,G2-00060,175000.0,7.5,42.85714285714286
T012,G3-00229,G2-00061,175000.0,7.5,42.85714285714286
T012,G3-00229,G2-00062,175000.0,7.5,42.85714285714286
T012,G3-00230,G2-00063,175000.0,7.5,42.85714285714286
T012,G3-00230,G2-00064,175000.0,7.5,42.85714285714286
T012,G3-00231,G2-00121,175000.0,7.5,42.85714285714286
T012,G3-00231,G2-00122,175000.0,7.5,42.85714285714286
T012,G3-00232,G2-00123,175000.0,7.5,42.85714285714286
T012,G3-00232,G2-00124,175000.0,7.5,42.85714285714286
T012,G3-00233,G2-00125,175000.0,7.5,42.85714285714286
T012,G3-00233,G2-00126,175000.0,7.5,42.85714285714286
T012,G3-00234,G2-00127,175000.0,7.5,42.85714285714286
T012,G3-00234,G2-00128,175000.0,7.5,42.85714285714286
T012,G3-00235,G2-00185,175000.0,7.5,42.85714285714286
T012,G3-00235,G2-00186,175000.0,7.5,42.85714285714286
T012,G3-00236,G2-00187,175000.0,7.5,42.85714285714286
T012,G3-00236,G2-00188,175000.0,7.5,42.85714285714286
T012,G3-00237,G2-00189,175000.0,7.5,42.85714285714286
T012,G3-00237,G2-00190,175000.0,7.5,42.85714285714286
T012,G3-00238,G2-00191,175000.0,7.5,42.85714285714286
T012,G3-00238,G2-00192,175000.0,7.5,42.85714285714286
T012,G5-00820,G5-00819,160000.0,18.0,112.5
T012,G5-00824,G5-00823,160000.0,18.0,112.5
T012,G5-00828,G5-00827,160000.0,18.0,112.5
T012,G5-00832,G5-00831,160000.0,18.0,112.5
T012,G5-00836,G5-00835,160000.0,18.0,112.5
T012,G5-00840,G5-00839,160000.0,18.0,112.5
T012,G5-00844,G5-00843,160000.0,18.0,112.5
T012,G5-00848,G5-00847,160000.0,18.0,112.5
T012,G5-00852,G5-00851,160000.0,18.0,112.5
T012,G5-00856,G5-00855,160000.0,18.0,112.5
T012,G5-00860,G5-00859,160000.0,18.0,112.5
T012,G5-00864,G5-00863,160000.0,18.0,112.5
T012,G5-00868,G5-00867,160000.0,18.0,112.5
T012,G5-00872,G5-00871,160000.0,18.0,112.5
T012,G5-00876,G5-00875,160000.0,18.0,112.5
T012,G5-00880,G5-00879,160000.0,18.0,112.5
T012,G5-00884,G5-00883,160000.0,18.0,112.5
T012,G5-00888,G5-00887,160000.0,18.0,112.5
T012,G5-00892,G5-00891,160000.0,18.0,112.5
T012,G5-00896,G5-00895,160000.0,18.0,112.5
T012,G5-00900,G5-00899,160000.0,18.0,112.5
T012,G5-00904,G5-00903,160000.0,18.0,112.5
T012,G5-00908,G5-00907,160000.0,18.0,112.5
T012,G5-00912,G5-00911,160000.0,18.0,112.5
T012,G5-00916,G5-00915,160000.0,18.0,112.5
T012,G5-00920,G5-00919,160000.0,18.0,112.5
T012,G5-00924,G5-00923,160000.0,18.0,112.5
T012,G5-00928,G5-00927,160000.0,18.0,112.5
T012,G5-00932,G5-00931,160000.0,18.0,112.5
T012,G5-00936,G5-00935,160000.0,18.0,112.5
T012,G5-00940,G5-00939,160000.0,18.0,112.5
T012,G5-00944,G5-00943,160000.0,18.0,112.5
T012,G5-00948,G5-00947,160000.0,18.0,112.5
T012,G5-00952,G5-00951,160000.0,18.0,112.5
T012,G5-00956,G5-00955,160000.0,18.0,112.5
T012,G5-00960,G5-00959,160000.0,18.0,112.5
T012,G5-00964,G5-00963,160000.0,18.0,112.5
T012,G5-00968,G5-00967,160000.0,18.0,112.5
T012,G5-00972,G5-00971,160000.0,18.0,112.5
T012,G5-00976,G5-00975,160000.0,18.0,112.5
T012,G5-00980,G5-00979,160000.0,18.0,112.5
T012,G5-00984,G5-00983,160000.0,18.0,112.5
T012,G5-00988,G5-00987,160000.0,18.0,112.5
T012,G5-00992,G5-00991,160000.0,18.0,112.5
T012,G5-00996,G5-00995,160000.0,18.0,112.5
T012,G5-01000,G5-00999,160000.0,18.0,112.5
T012,G2-00057,G2-00049,175000.0,15.5,88.57142857142858
T012,G2-00058,G2-00050,175000.0,15.5,88.57142857142858
T012,G2-00059,G2-00051,175000.0,15.5,88.57142857142858
T012,G2-00060,G2-00052,175000.0,15.5,88.57142857142858
T012,G2-00061,G2-00053,175000.0,15.5,88.57142857142858
T012,G2-00062,G2-00054,175000.0,15.5,88.57142857142858
T012,G2-00063,G2-00055,175000.0,15.5,88.57142857142858
T012,G2-00064,G2-00056,175000.0,15.5,88.57142857142858
T012,G2-00121,G2-00113,175000.0,15.5,88.57142857142858
T012,G2-00122,G2-00114,175000.0,15.5,88.57142857142858
T012,G2-00123,G2-00115,175000.0,15.5,88.57142857142858
T012,G2-00124,G2-00116,175000.0,15.5,88.57142857142858
T012,G2-00125,G2-00117,175000.0,15.5,88.57142857142858
T012,G2-00126,G2-00118,175000.0,15.5,88.57142857142858
T012,G2-00127,G2-00119,175000.0,15.5,88.57142857142858
T012,G2-00128,G2-00120,175000.0,15.5,88.57142857142858
T012,G2-00185,G2-00177,175000.0,15.5,88.57142857142858
T012,G2-00186,G2-00178,175000.0,15.5,88.57142857142858
T012,G2-00187,G2-00179,175000.0,15.5,88.57142857142858
T012,G2-00188,G2-00180,175000.0,15.5,88.57142857142858
T012,G2-00189,G2-00181,175000.0,15.5,88.57142857142858
T012,G2-00190,G2-00182,175000.0,15.5,88.57142857142858
T012,G2-00191,G2-00183,175000.0,15.5,88.57142857142858
T012,G2-00192,G2-00184,175000.0,15.5,88.57142857142858
T012,G2-00198,G2-00197,125000.0,16.0,128.0
T012,G2-00205,G2-00204,125000.0,16.0,128.0
T012,G2-00212,G2-00211,125000.0,16.0,128.0
T012,G2-00219,G2-00218,125000.0,16.0,128.0
T012,G2-00226,G2-00225,125000.0,16.0,128.0
T012,G2-00233,G2-00232,125000.0,16.0,128.0
T012,G2-00240,G2-00239,125000.0,16.0,128.0
T012,G2-00247,G2-00246,125000.0,16.0,128.0
T012,G2-00254,G2-00253,125000.0,16.0,128.0
T012,G2-00261,G2-00260,125000.0,16.0,128.0
T012,G2-00268,G2-00267,125000.0,16.0,128.0
T012,G2-00275,G2-00274,125000.0,16.0,128.0
T012,G2-00282,G2-00281,125000.0,16.0,128.0
T012,G2-00289,G2-00288,125000.0,16.0,128.0
T012,G2-00296,G2-00295,125000.0,16.0,128.0
T012,G2-00303,G2-00302,125000.0,16.0,128.0
T012,G2-00310,G2-00309,125000.0,16.0,128.0
T012,G2-00317,G2-00316,125000.0,16.0,128.0
T012,G2-00324,G2-00323,125000.0,16.0,128.0
T012,G2-00331,G2-00330,125000.0,16.0,128.0
T012,G2-00338,G2-00337,125000.0,16.0,128.0
T012,G2-00345,G2-00344,125000.0,16.0,128.0
T012,G2-00352,G2-00351,125000.0,16.0,128.0
T012,G2-00359,G2-00358,125000.0,16.0,128.0
T012,G2-00366,G2-00365,125000.0,16.0,128.0
T012,G2-00373,G2-00372,125000.0,16.0,128.0
T012,G2-00380,G2-00379,125000.0,16.0,128.0
T012,G2-00387,G2-00386,125000.0,16.0,128.0
T012,G2-00394,G2-00393,125000.0,16.0,128.0
T012,G2-00401,G2-00400,125000.0,16.0,128.0
T012,G2-00408,G2-00407,125000.0,16.0,128.0
T012,G2-00415,G2-00414,125000.0,16.0,128.0
T012,G2-00049,G2-00041,175000.0,23.5,134.2857142857143
T012,G2-00050,G2-00042,175000.0,23.5,134.2857142857143
T012,G2-00051,G2-00043,175000.0,23.5,134.2857142857143
T012,G2-00052,G2-00044,175000.0,23.5,134.2857142857143
T012,G2-00053,G2-00045,175000.0,23.5,134.2857142857143
T012,G2-00054,G2-00046,175000.0,23.5,134.2857142857143
T012,G2-00055,G2-00047,175000.0,23.5,134.2857142857143
T012,G2-00056,G2-00048,175000.0,23.5,134.2857142857143
T012,G2-00113,G2-00105,175000.0,23.5,134.2857142857143
T012,G2-00114,G2-00106,175000.0,23.5,134.2857142857143
T012,G2-00115,G2-00107,175000.0,23.5,134.2857142857143
T012,G2-00116,G2-00108,175000.0,23.5,134.2857142857143
T012,G2-00117,G2-00109,175000.0,23.5,134.2857142857143
T012,G2-00118,G2-00110,175000.0,23.5,134.2857142857143
T012,G2-00119,G2-00111,175000.0,23.5,134.2857142857143
T012,G2-00120,G2-00112,175000.0,23.5,134.2857142857143
T012,G2-00177,G2-00169,175000.0,23.5,134.2857142857143
T012,G2-00178,G2-00170,175000.0,23.5,134.2857142857143
T012,G2-00179,G2-00171,175000.0,23.5,134.2857142857143
T012,G2-00180,G2-00172,175000.0,23.5,134.2857142857143
T012,G2-00181,G2-00173,175000.0,23.5,134.2857142857143
T012,G2-00182,G2-00174,175000.0,23.5,134.2857142857143
T012,G2-00183,G2-00175,175000.0,23.5,134.2857142857143
T012,G2-00184,G2-00176,175000.0,23.5,134.2857142857143
T012,G2-00420,G2-00419,87500.0,8.0,91.42857142857143
T012,G2-00197,G2-00196,125000.0,24.0,192.0
T012,G2-00204,G2-00203,125000.0,24.0,192.0
T012,G2-00211,G2-00210,125000.0,24.0,192.0
T012,G2-00218,G2-00217,125000.0,24.0,192.0
T012,G2-00225,G2-00224,125000.0,24.0,192.0
T012,G2-00232,G2-00231,125000.0,24.0,192.0
T012,G2-00239,G2-00238,125000.0,24.0,192.0
T012,G2-00246,G2-00245,125000.0,24.0,192.0
T012,G2-00253,G2-00252,125000.0,24.0,192.0
T012,G2-00260,G2-00259,125000.0,24.0,192.0
T012,G2-00267,G2-00266,125000.0,24.0,192.0
T012,G2-00274,G2-00273,125000.0,24.0,192.0
T012,G2-00281,G2-00280,125000.0,24.0,192.0
T012,G2-00288,G2-00287,125000.0,24.0,192.0
T012,G2-00295,G2-00294,125000.0,24.0,192.0
T012,G2-00302,G2-00301,125000.0,24.0,192.0
T012,G2-00309,G2-00308,125000.0,24.0,192.0
T012,G2-00316,G2-00315,125000.0,24.0,192.0
T012,G2-00323,G2-00322,125000.0,24.0,192.0
T012,G2-00330,G2-00329,125000.0,24.0,192.0
T012,G2-00337,G2-00336,125000.0,24.0,192.0
T012,G2-00344,G2-00343,125000.0,24.0,192.0
T012,G2-00351,G2-00350,125000.0,24.0,192.0
T012,G2-00358,G2-00357,125000.0,24.0,192.0
T012,G2-00365,G2-00364,125000.0,24.0,192.0
T012,G2-00372,G2-00371,125000.0,24.0,192.0
T012,G2-00379,G2-00378,125000.0,24.0,192.0
T012,G2-00386,G2-00385,125000.0,24.0,192.0
T012,G2-00393,G2-00392,125000.0,24.0,192.0
T012,G2-00400,G2-00399,125000.0,24.0,192.0
T012,G2-00407,G2-00406,125000.0,24.0,192.0
T012,G2-00414,G2-00413,125000.0,24.0,192.0
T012,G2-00041,G2-00033,175000.0,31.5,180.0
T012,G2-00042,G2-00034,175000.0,31.5,180.0
T012,G2-00043,G2-00035,175000.0,31.5,180.0
T012,G2-00044,G2-00036,175000.0,31.5,180.0
T012,G2-00045,G2-00037,175000.0,31.5,180.0
T012,G2-00046,G2-00038,175000.0,31.5,180.0
T012,G2-00047,G2-00039,175000.0,31.5,180.0
T012,G2-00048,G2-00040,175000.0,31.5,180.0
T012,G2-00105,G2-00097,175000.0,31.5,180.0
T012,G2-00106,G2-00098,175000.0,31.5,180.0
T012,G2-00107,G2-00099,175000.0,31.5,180.0
T012,G2-00108,G2-00100,175000.0,31.5,180.0
T012,G2-00109,G2-00101,175000.0,31.5,180.0
T012,G2-00110,G2-00102,175000.0,31.5,180.0
T012,G2-00111,G2-00103,175000.0,31.5,180.0
T012,G2-00112,G2-00104,175000.0,31.5,180.0
T012,G2-00169,G2-00161,175000.0,31.5,180.0
T012,G2-00170,G2-00162,175000.0,31.5,180.0
T012,G2-00171,G2-00163,175000.0,31.5,180.0
T012,G2-00172,G2-00164,175000.0,31.5,180.0
T012,G2-00173,G2-00165,175000.0,31.5,180.0
T012,G2-00174,G2-00166,175000.0,31.5,180.0
T012,G2-00175,G2-00167,175000.0,31.5,180.0
T012,G2-00176,G2-00168,175000.0,31.5,180.0
T012,G5-00819,G5-00818,160000.0,36.0,225.0
T012,G5-00823,G5-00822,160000.0,36.0,225.0
T012,G5-00827,G5-00826,160000.0,36.0,225.0
T012,G5-00831,G5-00830,160000.0,36.0,225.0
T012,G5-00835,G5-00834,160000.0,36.0,225.0
T012,G5-00839,G5-00838,160000.0,36.0,225.0
T012,G5-00843,G5-00842,160000.0,36.0,225.0
T012,G5-00847,G5-00846,160000.0,36.0,225.0
T012,G5-00851,G5-00850,160000.0,36.0,225.0
T012,G5-00855,G5-00854,160000.0,36.0,225.0
T012,G5-00859,G5-00858,160000.0,36.0,225.0
T012,G5-00863,G5-00862,160000.0,36.0,225.0
T012,G5-00867,G5-00866,160000.0,36.0,225.0
T012,G5-00871,G5-00870,160000.0,36.0,225.0
T012,G5-00875,G5-00874,160000.0,36.0,225.0
T012,G5-00879,G5-00878,160000.0,36.0,225.0
T012,G5-00883,G5-00882,160000.0,36.0,225.0
T012,G5-00887,G5-00886,160000.0,36.0,225.0
T012,G5-00891,G5-00890,160000.0,36.0,225.0
T012,G5-00895,G5-00894,160000.0,36.0,225.0
T012,G5-00899,G5-00898,160000.0,36.0,225.0
T012,G5-00903,G5-00902,160000.0,36.0,225.0
T012,G5-00907,G5-00906,160000.0,36.0,225.0
T012,G5-00911,G5-00910,160000.0,36.0,225.0
T012,G5-00915,G5-00914,160000.0,36.0,225.0
T012,G5-00919,G5-00918,160000.0,36.0,225.0
T012,G5-00923,G5-00922,160000.0,36.0,225.0
T012,G5-00927,G5-00926,160000.0,36.0,225.0
T012,G5-00931,G5-00930,160000.0,36.0,225.0
T012,G5-00935,G5-00934,160000.0,36.0,225.0
T012,G5-00939,G5-00938,160000.0,36.0,225.0
T012,G5-00943,G5-00942,160000.0,36.0,225.0
T012,G5-00947,G5-00946,160000.0,36.0,225.0
T012,G5-00951,G5-00950,160000.0,36.0,225.0
T012,G5-00955,G5-00954,160000.0,36.0,225.0
T012,G5-00959,G5-00958,160000.0,36.0,225.0
T012,G5-00963,G5-00962,160000.0,36.0,225.0
T012,G5-00967,G5-00966,160000.0,36.0,225.0
T012,G5-00971,G5-00970,160000.0,36.0,225.0
T012,G5-00975,G5-00974,160000.0,36.0,225.0
T012,G5-00979,G5-00978,160000.0,36.0,225.0
T012,G5-00983,G5-00982,160000.0,36.0,225.0
T012,G5-00987,G5-00986,160000.0,36.0,225.0
T012,G5-00991,G5-00990,160000.0,36.0,225.0
T012,G5-00995,G5-00994,160000.0,36.0,225.0
T012,G5-00999,G5-00998,160000.0,36.0,225.0
T012,G2-00196,G2-00195,125000.0,32.0,256.0
T012,G2-00203,G2-00202,125000.0,32.0,256.0
T012,G2-00210,G2-00209,125000.0,32.0,256.0
T012,G2-00217,G2-00216,125000.0,32.0,256.0
T012,G2-00224,G2-00223,125000.0,32.0,256.0
T012,G2-00231,G2-00230,125000.0,32.0,256.0
T012,G2-00238,G2-00237,125000.0,32.0,256.0
T012,G2-00245,G2-00244,125000.0,32.0,256.0
T012,G2-00252,G2-00251,125000.0,32.0,256.0
T012,G2-00259,G2-00258,125000.0,32.0,256.0
T012,G2-00266,G2-00265,125000.0,32.0,256.0
T012,G2-00273,G2-00272,125000.0,32.0,256.0
T012,G2-00280,G2-00279,125000.0,32.0,256.0
T012,G2-00287,G2-00286,125000.0,32.0,256.0
T012,G2-00294,G2-00293,125000.0,32.0,256.0
T012,G2-00301,G2-00300,125000.0,32.0,256.0
T012,G2-00308,G2-00307,125000.0,32.0,256.0
T012,G2-00315,G2-00314,125000.0,32.0,256.0
T012,G2-00322,G2-00321,125000.0,32.0,256.0
T012,G2-00329,G2-00328,125000.0,32.0,256.0
T012,G2-00336,G2-00335,125000.0,32.0,256.0
T012,G2-00343,G2-00342,125000.0,32.0,256.0
T012,G2-00350,G2-00349,125000.0,32.0,256.0
T012,G2-00357,G2-00356,125000.0,32.0,256.0
T012,G2-00364,G2-00363,125000.0,32.0,256.0
T012,G2-00371,G2-00370,125000.0,32.0,256.0
T012,G2-00378,G2-00377,125000.0,32.0,256.0
T012,G2-00385,G2-00384,125000.0,32.0,256.0
T012,G2-00392,G2-00391,125000.0,32.0,256.0
T012,G2-00399,G2-00398,125000.0,32.0,256.0
T012,G2-00406,G2-00405,125000.0,32.0,256.0
T012,G2-00413,G2-00412,125000.0,32.0,256.0
T012,G2-00033,G2-00025,175000.0,39.5,225.71428571428572
T012,G2-00034,G2-00026,175000.0,39.5,225.71428571428572
T012,G2-00035,G2-00027,175000.0,39.5,225.71428571428572
T012,G2-00036,G2-00028,175000.0,39.5,225.71428571428572
T012,G2-00037,G2-00029,175000.0,39.5,225.71428571428572
T012,G2-00038,G2-00030,175000.0,39.5,225.71428571428572
T012,G2-00039,G2-00031,175000.0,39.5,225.71428571428572
T012,G2-00040,G2-00032,175000.0,39.5,225.71428571428572
T012,G2-00097,G2-00089,175000.0,39.5,225.71428571428572
T012,G2-00098,G2-00090,175000.0,39.5,225.71428571428572
T012,G2-00099,G2-00091,175000.0,39.5,225.71428571428572
T012,G2-00100,G2-00092,175000.0,39.5,225.71428571428572
T012,G2-00101,G2-00093,175000.0,39.5,225.71428571428572
T012,G2-00102,G2-00094,175000.0,39.5,225.71428571428572
T012,G2-00103,G2-00095,175000.0,39.5,225.71428571428572
T012,G2-00104,G2-00096,175000.0,39.5,225.71428571428572
T012,G2-00161,G2-00153,175000.0,39.5,225.71428571428572
T012,G2-00162,G2-00154,175000.0,39.5,225.71428571428572
T012,G2-00163,G2-00155,175000.0,39.5,225.71428571428572
T012,G2-00164,G2-00156,175000.0,39.5,225.71428571428572
T012,G2-00165,G2-00157,175000.0,39.5,225.71428571428572
T012,G2-00166,G2-00158,175000.0,39.5,225.71428571428572
T012,G2-00167,G2-00159,175000.0,39.5,225.71428571428572
T012,G2-00168,G2-00160,175000.0,39.5,225.71428571428572
T012,G2-00419,G2-00418,87500.0,16.0,182.85714285714286
T012,G2-00025,G2-00017,175000.0,47.5,271.42857142857144
T012,G2-00026,G2-00018,175000.0,47.5,271.42857142857144
T012,G2-00027,G2-00019,175000.0,47.5,271.42857142857144
T012,G2-00028,G2-00020,175000.0,47.5,271.42857142857144
T012,G2-00029,G2-00021,175000.0,47.5,271.42857142857144
T012,G2-00030,G2-00022,175000.0,47.5,271.42857142857144
T012,G2-00031,G2-00023,175000.0,47.5,271.42857142857144
T012,G2-00032,G2-00024,175000.0,47.5,271.42857142857144
T012,G2-00089,G2-00081,175000.0,47.5,271.42857142857144
T012,G2-00090,G2-00082,175000.0,47.5,271.42857142857144
T012,G2-00091,G2-00083,175000.0,47.5,271.42857142857144
T012,G2-00092,G2-00084,175000.0,47.5,271.42857142857144
T012,G2-00093,G2-00085,175000.0,47.5,271.42857142857144
T012,G2-00094,G2-00086,175000.0,47.5,271.42857142857144
T012,G2-00095,G2-00087,175000.0,47.5,271.42857142857144
T012,G2-00096,G2-00088,175000.0,47.5,271.42857142857144
T012,G2-00153,G2-00145,175000.0,47.5,271.42857142857144
T012,G2-00154,G2-00146,175000.0,47.5,271.42857142857144
T012,G2-00155,G2-00147,175000.0,47.5,271.42857142857144
T012,G2-00156,G2-00148,175000.0,47.5,271.42857142857144
T012,G2-00157,G2-00149,175000.0,47.5,271.42857142857144
T012,G2-00158,G2-00150,175000.0,47.5,271.42857142857144
T012,G2-00159,G2-00151,175000.0,47.5,271.42857142857144
T012,G2-00160,G2-00152,175000.0,47.5,271.42857142857144
T012,G2-00195,G2-00194,125000.0,40.0,320.0
T012,G2-00202,G2-00201,125000.0,40.0,320.0
T012,G2-00209,G2-00208,125000.0,40.0,320.0
T012,G2-00216,G2-00215,125000.0,40.0,320.0
T012,G2-00223,G2-00222,125000.0,40.0,320.0
T012,G2-00230,G2-00229,125000.0,40.0,320.0
T012,G2-00237,G2-00236,125000.0,40.0,320.0
T012,G2-00244,G2-00243,125000.0,40.0,320.0
T012,G2-00251,G2-00250,125000.0,40.0,320.0
T012,G2-00258,G2-00257,125000.0,40.0,320.0
T012,G2-00265,G2-00264,125000.0,40.0,320.0
T012,G2-00272,G2-00271,125000.0,40.0,320.0
T012,G2-00279,G2-00278,125000.0,40.0,320.0
T012,G2-00286,G2-00285,125000.0,40.0,320.0
T012,G2-00293,G2-00292,125000.0,40.0,320.0
T012,G2-00300,G2-00299,125000.0,40.0,320.0
T012,G2-00307,G2-00306,125000.0,40.0,320.0
T012,G2-00314,G2-00313,125000.0,40.0,320.0
T012,G2-00321,G2-00320,125000.0,40.0,320.0
T012,G2-00328,G2-00327,125000.0,40.0,320.0
T012,G2-00335,G2-00334,125000.0,40.0,320.0
T012,G2-00342,G2-00341,125000.0,40.0,320.0
T012,G2-00349,G2-00348,125000.0,40.0,320.0
T012,G2-00356,G2-00355,125000.0,40.0,320.0
T012,G2-00363,G2-00362,125000.0,40.0,320.0
T012,G2-00370,G2-00369,125000.0,40.0,320.0
T012,G2-00377,G2-00376,125000.0,40.0,320.0
T012,G2-00384,G2-00383,125000.0,40.0,320.0
T012,G2-00391,G2-00390,125000.0,40.0,320.0
T012,G2-00398,G2-00397,125000.0,40.0,320.0
T012,G2-00405,G2-00404,125000.0,40.0,320.0
T012,G2-00412,G2-00411,125000.0,40.0,320.0
T012,G5-00818,G5-00817,160000.0,54.0,337.5
T012,G5-00822,G5-00821,160000.0,54.0,337.5
T012,G5-00826,G5-00825,160000.0,54.0,337.5
T012,G5-00830,G5-00829,160000.0,54.0,337.5
T012,G5-00834,G5-00833,160000.0,54.0,337.5
T012,G5-00838,G5-00837,160000.0,54.0,337.5
T012,G5-00842,G5-00841,160000.0,54.0,337.5
T012,G5-00846,G5-00845,160000.0,54.0,337.5
T012,G5-00850,G5-00849,160000.0,54.0,337.5
T012,G5-00854,G5-00853,160000.0,54.0,337.5
T012,G5-00858,G5-00857,160000.0,54.0,337.5
T012,G5-00862,G5-00861,160000.0,54.0,337.5
T012,G5-00866,G5-00865,160000.0,54.0,337.5
T012,G5-00870,G5-00869,160000.0,54.0,337.5
T012,G5-00874,G5-00873,160000.0,54.0,337.5
T012,G5-00878,G5-00877,160000.0,54.0,337.5
T012,G5-00882,G5-00881,160000.0,54.0,337.5
T012,G5-00886,G5-00885,160000.0,54.0,337.5
T012,G5-00890,G5-00889,160000.0,54.0,337.5
T012,G5-00894,G5-00893,160000.0,54.0,337.5
T012,G5-00898,G5-00897,160000.0,54.0,337.5
T012,G5-00902,G5-00901,160000.0,54.0,337.5
T012,G5-00906,G5-00905,160000.0,54.0,337.5
T012,G5-00910,G5-00909,160000.0,54.0,337.5
T012,G5-00914,G5-00913,160000.0,54.0,337.5
T012,G5-00918,G5-00917,160000.0,54.0,337.5
T012,G5-00922,G5-00921,160000.0,54.0,337.5
T012,G5-00926,G5-00925,160000.0,54.0,337.5
T012,G5-00930,G5-00929,160000.0,54.0,337.5
T012,G5-00934,G5-00933,160000.0,54.0,337.5
T012,G5-00938,G5-00937,160000.0,54.0,337.5
T012,G5-00942,G5-00941,160000.0,54.0,337.5
T012,G5-00946,G5-00945,160000.0,54.0,337.5
T012,G5-00950,G5-00949,160000.0,54.0,337.5
T012,G5-00954,G5-00953,160000.0,54.0,337.5
T012,G5-00958,G5-00957,160000.0,54.0,337.5
T012,G5-00962,G5-00961,160000.0,54.0,337.5
T012,G5-00966,G5-00965,160000.0,54.0,337.5
T012,G5-00970,G5-00969,160000.0,54.0,337.5
T012,G5-00974,G5-00973,160000.0,54.0,337.5
T012,G5-00978,G5-00977,160000.0,54.0,337.5
T012,G5-00982,G5-00981,160000.0,54.0,337.5
T012,G5-00986,G5-00985,160000.0,54.0,337.5
T012,G5-00990,G5-00989,160000.0,54.0,337.5
T012,G5-00994,G5-00993,160000.0,54.0,337.5
T012,G5-00998,G5-00997,160000.0,54.0,337.5
T012,G2-00017,G2-00009,175000.0,55.5,317.14285714285717
T012,G2-00018,G2-00010,175000.0,55.5,317.14285714285717
T012,G2-00019,G2-00011,175000.0,55.5,317.14285714285717
T012,G2-00020,G2-00012,175000.0,55.5,317.14285714285717
T012,G2-00021,G2-00013,175000.0,55.5,317.14285714285717
T012,G2-00022,G2-00014,175000.0,55.5,317.14285714285717
T012,G2-00023,G2-00015,175000.0,55.5,317.14285714285717
T012,G2-00024,G2-00016,175000.0,55.5,317.14285714285717
T012,G2-00081,G2-00073,175000.0,55.5,317.14285714285717
T012,G2-00082,G2-00074,175000.0,55.5,317.14285714285717
T012,G2-00083,G2-00075,175000.0,55.5,317.14285714285717
T012,G2-00084,G2-00076,175000.0,55.5,317.14285714285717
T012,G2-00085,G2-00077,175000.0,55.5,317.14285714285717
T012,G2-00086,G2-00078,175000.0,55.5,317.14285714285717
T012,G2-00087,G2-00079,175000.0,55.5,317.14285714285717
T012,G2-00088,G2-00080,175000.0,55.5,317.14285714285717
T012,G2-00145,G2-00137,175000.0,55.5,317.14285714285717
T012,G2-00146,G2-00138,175000.0,55.5,317.14285714285717
T012,G2-00147,G2-00139,175000.0,55.5,317.14285714285717
T012,G2-00148,G2-00140,175000.0,55.5,317.14285714285717
T012,G2-00149,G2-00141,175000.0,55.5,317.14285714285717
T012,G2-00150,G2-00142,175000.0,55.5,317.14285714285717
T012,G2-00151,G2-00143,175000.0,55.5,317.14285714285717
T012,G2-00152,G2-00144,175000.0,55.5,317.14285714285717
T012,G2-00418,G2-00417,87500.0,24.0,274.2857142857143
T012,G2-00194,G2-00193,125000.0,48.0,384.0
T012,G2-00201,G2-00200,125000.0,48.0,384.0
T012,G2-00208,G2-00207,125000.0,48.0,384.0
T012,G2-00215,G2-00214,125000.0,48.0,384.0
T012,G2-00222,G2-00221,125000.0,48.0,384.0
T012,G2-00229,G2-00228,125000.0,48.0,384.0
T012,G2-00236,G2-00235,125000.0,48.0,384.0
T012,G2-00243,G2-00242,125000.0,48.0,384.0
T012,G2-00250,G2-00249,125000.0,48.0,384.0
T012,G2-00257,G2-00256,125000.0,48.0,384.0
T012,G2-00264,G2-00263,125000.0,48.0,384.0
T012,G2-00271,G2-00270,125000.0,48.0,384.0
T012,G2-00278,G2-00277,125000.0,48.0,384.0
T012,G2-00285,G2-00284,125000.0,48.0,384.0
T012,G2-00292,G2-00291,125000.0,48.0,384.0
T012,G2-00299,G2-00298,125000.0,48.0,384.0
T012,G2-00306,G2-00305,125000.0,48.0,384.0
T012,G2-00313,G2-00312,125000.0,48.0,384.0
T012,G2-00320,G2-00319,125000.0,48.0,384.0
T012,G2-00327,G2-00326,125000.0,48.0,384.0
T012,G2-00334,G2-00333,125000.0,48.0,384.0
T012,G2-00341,G2-00340,125000.0,48.0,384.0
T012,G2-00348,G2-00347,125000.0,48.0,384.0
T012,G2-00355,G2-00354,125000.0,48.0,384.0
T012,G2-00362,G2-00361,125000.0,48.0,384.0
T012,G2-00369,G2-00368,125000.0,48.0,384.0
T012,G2-00376,G2-00375,125000.0,48.0,384.0
T012,G2-00383,G2-00382,125000.0,48.0,384.0
T012,G2-00390,G2-00389,125000.0,48.0,384.0
T012,G2-00397,G2-00396,125000.0,48.0,384.0
T012,G2-00404,G2-00403,125000.0,48.0,384.0
T012,G2-00411,G2-00410,125000.0,48.0,384.0
T012,G2-00009,G2-00001,175000.0,63.5,362.8571428571429
T012,G2-00010,G2-00002,175000.0,63.5,362.8571428571429
T012,G2-00011,G2-00003,175000.0,63.5,362.8571428571429
T012,G2-00012,G2-00004,175000.0,63.5,362.8571428571429
T012,G2-00013,G2-00005,175000.0,63.5,362.8571428571429
T012,G2-00014,G2-00006,175000.0,63.5,362.8571428571429
T012,G2-00015,G2-00007,175000.0,63.5,362.8571428571429
T012,G2-00016,G2-00008,175000.0,63.5,362.8571428571429
T012,G2-00073,G2-00065,175000.0,63.5,362.8571428571429
T012,G2-00074,G2-00066,175000.0,63.5,362.8571428571429
T012,G2-00075,G2-00067,175000.0,63.5,362.8571428571429
T012,G2-00076,G2-00068,175000.0,63.5,362.8571428571429
T012,G2-00077,G2-00069,175000.0,63.5,362.8571428571429
T012,G2-00078,G2-00070,175000.0,63.5,362.8571428571429
T012,G2-00079,G2-00071,175000.0,63.5,362.8571428571429
T012,G2-00080,G2-00072,175000.0,63.5,362.8571428571429
T012,G2-00137,G2-00129,175000.0,63.5,362.8571428571429
T012,G2-00138,G2-00130,175000.0,63.5,362.8571428571429
T012,G2-00139,G2-00131,175000.0,63.5,362.8571428571429
T012,G2-00140,G2-00132,175000.0,63.5,362.8571428571429
T012,G2-00141,G2-00133,175000.0,63.5,362.8571428571429
T012,G2-00142,G2-00134,175000.0,63.5,362.8571428571429
T012,G2-00143,G2-00135,175000.0,63.5,362.8571428571429
T012,G2-00144,G2-00136,175000.0,63.5,362.8571428571429
T013,G2-01003,G2-01002,125000.0,8.0,64.0
T013,G2-01010,G2-01009,125000.0,8.0,64.0
T013,G2-01017,G2-01016,125000.0,8.0,64.0
T013,G2-01024,G2-01023,125000.0,8.0,64.0
T013,G2-01031,G2-01030,125000.0,8.0,64.0
T013,G2-01038,G2-01037,125000.0,8.0,64.0
T013,G2-01045,G2-01044,125000.0,8.0,64.0
T013,G2-01052,G2-01051,125000.0,8.0,64.0
T013,G2-01059,G2-01058,125000.0,8.0,64.0
T013,G2-01066,G2-01065,125000.0,8.0,64.0
T013,G2-01073,G2-01072,125000.0,8.0,64.0
T013,G2-01080,G2-01079,125000.0,8.0,64.0
T013,G2-01087,G2-01086,125000.0,8.0,64.0
T013,G2-01094,G2-01093,125000.0,8.0,64.0
T013,G2-01101,G2-01100,125000.0,8.0,64.0
T013,G2-01108,G2-01107,125000.0,8.0,64.0
T013,G2-01115,G2-01114,125000.0,8.0,64.0
T013,G2-01122,G2-01121,125000.0,8.0,64.0
T013,G2-01129,G2-01128,125000.0,8.0,64.0
T013,G2-01136,G2-01135,125000.0,8.0,64.0
T013,G2-01143,G2-01142,125000.0,8.0,64.0
T013,G3-00239,G2-00477,175000.0,7.5,42.85714285714286
T013,G3-00239,G2-00478,175000.0,7.5,42.85714285714286
T013,G3-00240,G2-00479,175000.0,7.5,42.85714285714286
T013,G3-00240,G2-00480,175000.0,7.5,42.85714285714286
T013,G3-00241,G2-00481,175000.0,7.5,42.85714285714286
T013,G3-00241,G2-00482,175000.0,7.5,42.85714285714286
T013,G3-00242,G2-00483,175000.0,7.5,42.85714285714286
T013,G3-00242,G2-00484,175000.0,7.5,42.85714285714286
T013,G3-00243,G2-00541,175000.0,7.5,42.85714285714286
T013,G3-00243,G2-00542,175000.0,7.5,42.85714285714286
T013,G3-00244,G2-00543,175000.0,7.5,42.85714285714286
T013,G3-00244,G2-00544,175000.0,7.5,42.85714285714286
T013,G3-00245,G2-00545,175000.0,7.5,42.85714285714286
T013,G3-00245,G2-00546,175000.0,7.5,42.85714285714286
T013,G3-00246,G2-00547,175000.0,7.5,42.85714285714286
T013,G3-00246,G2-00548,175000.0,7.5,42.85714285714286
T013,G3-00247,G2-00605,175000.0,7.5,42.85714285714286
T013,G3-00247,G2-00606,175000.0,7.5,42.85714285714286
T013,G3-00248,G2-00607,175000.0,7.5,42.85714285714286
T013,G3-00248,G2-00608,175000.0,7.5,42.85714285714286
T013,G3-00249,G2-00609,175000.0,7.5,42.85714285714286
T013,G3-00249,G2-00610,175000.0,7.5,42.85714285714286
T013,G3-00250,G2-00611,175000.0,7.5,42.85714285714286
T013,G3-00250,G2-00612,175000.0,7.5,42.85714285714286
T013,G3-00251,G2-00669,175000.0,7.5,42.85714285714286
T013,G3-00251,G2-00670,175000.0,7.5,42.85714285714286
T013,G3-00252,G2-00671,175000.0,7.5,42.85714285714286
T013,G3-00252,G2-00672,175000.0,7.5,42.85714285714286
T013,G3-00253,G2-00673,175000.0,7.5,42.85714285714286
T013,G3-00253,G2-00674,175000.0,7.5,42.85714285714286
T013,G3-00254,G2-00675,175000.0,7.5,42.85714285714286
T013,G3-00254,G2-00676,175000.0,7.5,42.85714285714286
T013,G3-00255,G2-00733,175000.0,7.5,42.85714285714286
T013,G3-00255,G2-00734,175000.0,7.5,42.85714285714286
T013,G3-00256,G2-00735,175000.0,7.5,42.85714285714286
T013,G3-00256,G2-00736,175000.0,7.5,42.85714285714286
T013,G3-00257,G2-00737,175000.0,7.5,42.85714285714286
T013,G3-00257,G2-00738,175000.0,7.5,42.85714285714286
T013,G3-00258,G2-00739,175000.0,7.5,42.85714285714286
T013,G3-00258,G2-00740,175000.0,7.5,42.85714285714286
T013,G3-00259,G2-00797,175000.0,7.5,42.85714285714286
T013,G3-00259,G2-00798,175000.0,7.5,42.85714285714286
T013,G3-00260,G2-00799,175000.0,7.5,42.85714285714286
T013,G3-00260,G2-00800,175000.0,7.5,42.85714285714286
T013,G3-00261,G2-00801,175000.0,7.5,42.85714285714286
T013,G3-00261,G2-00802,175000.0,7.5,42.85714285714286
T013,G3-00262,G2-00803,175000.0,7.5,42.85714285714286
T013,G3-00262,G2-00804,175000.0,7.5,42.85714285714286
T013,G3-00263,G2-00861,175000.0,7.5,42.85714285714286
T013,G3-00263,G2-00862,175000.0,7.5,42.85714285714286
T013,G3-00264,G2-00863,175000.0,7.5,42.85714285714286
T013,G3-00264,G2-00864,175000.0,7.5,42.85714285714286
T013,G3-00265,G2-00865,175000.0,7.5,42.85714285714286
T013,G3-00265,G2-00866,175000.0,7.5,42.85714285714286
T013,G3-00266,G2-00867,175000.0,7.5,42.85714285714286
T013,G3-00266,G2-00868,175000.0,7.5,42.85714285714286
T013,G3-00267,G2-00925,175000.0,7.5,42.85714285714286
T013,G3-00267,G2-00926,175000.0,7.5,42.85714285714286
T013,G3-00268,G2-00927,175000.0,7.5,42.85714285714286
T013,G3-00268,G2-00928,175000.0,7.5,42.85714285714286
T013,G3-00269,G2-00929,175000.0,7.5,42.85714285714286
T013,G3-00269,G2-00930,175000.0,7.5,42.85714285714286
T013,G3-00270,G2-00931,175000.0,7.5,42.85714285714286
T013,G3-00270,G2-00932,175000.0,7.5,42.85714285714286
T013,G3-00271,G2-00989,175000.0,7.5,42.85714285714286
T013,G3-00271,G2-00990,175000.0,7.5,42.85714285714286
T013,G3-00272,G2-00991,175000.0,7.5,42.85714285714286
T013,G3-00272,G2-00992,175000.0,7.5,42.85714285714286
T013,G3-00273,G2-00993,175000.0,7.5,42.85714285714286
T013,G3-00273,G2-00994,175000.0,7.5,42.85714285714286
T013,G3-00274,G2-00995,175000.0,7.5,42.85714285714286
T013,G3-00274,G2-00996,175000.0,7.5,42.85714285714286
T013,G2-00477,G2-00469,175000.0,15.5,88.57142857142858
T013,G2-00478,G2-00470,175000.0,15.5,88.57142857142858
T013,G2-00479,G2-00471,175000.0,15.5,88.57142857142858
T013,G2-00480,G2-00472,175000.0,15.5,88.57142857142858
T013,G2-00481,G2-00473,175000.0,15.5,88.57142857142858
T013,G2-00482,G2-00474,175000.0,15.5,88.57142857142858
T013,G2-00483,G2-00475,175000.0,15.5,88.57142857142858
T013,G2-00484,G2-00476,175000.0,15.5,88.57142857142858
T013,G2-00541,G2-00533,175000.0,15.5,88.57142857142858
T013,G2-00542,G2-00534,175000.0,15.5,88.57142857142858
T013,G2-00543,G2-00535,175000.0,15.5,88.57142857142858
T013,G2-00544,G2-00536,175000.0,15.5,88.57142857142858
T013,G2-00545,G2-00537,175000.0,15.5,88.57142857142858
T013,G2-00546,G2-00538,175000.0,15.5,88.57142857142858
T013,G2-00547,G2-00539,175000.0,15.5,88.57142857142858
T013,G2-00548,G2-00540,175000.0,15.5,88.57142857142858
T013,G2-00605,G2-00597,175000.0,15.5,88.57142857142858
T013,G2-00606,G2-00598,175000.0,15.5,88.57142857142858
T013,G2-00607,G2-00599,175000.0,15.5,88.57142857142858
T013,G2-00608,G2-00600,175000.0,15.5,88.57142857142858
T013,G2-00609,G2-00601,175000.0,15.5,88.57142857142858
T013,G2-00610,G2-00602,175000.0,15.5,88.57142857142858
T013,G2-00611,G2-00603,175000.0,15.5,88.57142857142858
T013,G2-00612,G2-00604,175000.0,15.5,88.57142857142858
T013,G2-00669,G2-00661,175000.0,15.5,88.57142857142858
T013,G2-00670,G2-00662,175000.0,15.5,88.57142857142858
T013,G2-00671,G2-00663,175000.0,15.5,88.57142857142858
T013,G2-00672,G2-00664,175000.0,15.5,88.57142857142858
T013,G2-00673,G2-00665,175000.0,15.5,88.57142857142858
T013,G2-00674,G2-00666,175000.0,15.5,88.57142857142858
T013,G2-00675,G2-00667,175000.0,15.5,88.57142857142858
T013,G2-00676,G2-00668,175000.0,15.5,88.57142857142858
T013,G2-00733,G2-00725,175000.0,15.5,88.57142857142858
T013,G2-00734,G2-00726,175000.0,15.5,88.57142857142858
T013,G2-00735,G2-00727,175000.0,15.5,88.57142857142858
T013,G2-00736,G2-00728,175000.0,15.5,88.57142857142858
T013,G2-00737,G2-00729,175000.0,15.5,88.57142857142858
T013,G2-00738,G2-00730,175000.0,15.5,88.57142857142858
T013,G2-00739,G2-00731,175000.0,15.5,88.57142857142858
T013,G2-00740,G2-00732,175000.0,15.5,88.57142857142858
T013,G2-00797,G2-00789,175000.0,15.5,88.57142857142858
T013,G2-00798,G2-00790,175000.0,15.5,88.57142857142858
T013,G2-00799,G2-00791,175000.0,15.5,88.57142857142858
T013,G2-00800,G2-00792,175000.0,15.5,88.57142857142858
T013,G2-00801,G2-00793,175000.0,15.5,88.57142857142858
T013,G2-00802,G2-00794,175000.0,15.5,88.57142857142858
T013,G2-00803,G2-00795,175000.0,15.5,88.57142857142858
T013,G2-00804,G2-00796,175000.0,15.5,88.57142857142858
T013,G2-00861,G2-00853,175000.0,15.5,88.57142857142858
T013,G2-00862,G2-00854,175000.0,15.5,88.57142857142858
T013,G2-00863,G2-00855,175000.0,15.5,88.57142857142858
T013,G2-00864,G2-00856,175000.0,15.5,88.57142857142858
T013,G2-00865,G2-00857,175000.0,15.5,88.57142857142858
T013,G2-00866,G2-00858,175000.0,15.5,88.57142857142858
T013,G2-00867,G2-00859,175000.0,15.5,88.57142857142858
T013,G2-00868,G2-00860,175000.0,15.5,88.57142857142858
T013,G2-00925,G2-00917,175000.0,15.5,88.57142857142858
T013,G2-00926,G2-00918,175000.0,15.5,88.57142857142858
T013,G2-00927,G2-00919,175000.0,15.5,88.57142857142858
T013,G2-00928,G2-00920,175000.0,15.5,88.57142857142858
T013,G2-00929,G2-00921,175000.0,15.5,88.57142857142858
T013,G2-00930,G2-00922,175000.0,15.5,88.57142857142858
T013,G2-00931,G2-00923,175000.0,15.5,88.57142857142858
T013,G2-00932,G2-00924,175000.0,15.5,88.57142857142858
T013,G2-00989,G2-00981,175000.0,15.5,88.57142857142858
T013,G2-00990,G2-00982,175000.0,15.5,88.57142857142858
T013,G2-00991,G2-00983,175000.0,15.5,88.57142857142858
T013,G2-00992,G2-00984,175000.0,15.5,88.57142857142858
T013,G2-00993,G2-00985,175000.0,15.5,88.57142857142858
T013,G2-00994,G2-00986,175000.0,15.5,88.57142857142858
T013,G2-00995,G2-00987,175000.0,15.5,88.57142857142858
T013,G2-00996,G2-00988,175000.0,15.5,88.57142857142858
T013,G2-01002,G2-01001,125000.0,16.0,128.0
T013,G2-01009,G2-01008,125000.0,16.0,128.0
T013,G2-01016,G2-01015,125000.0,16.0,128.0
T013,G2-01023,G2-01022,125000.0,16.0,128.0
T013,G2-01030,G2-01029,125000.0,16.0,128.0
T013,G2-01037,G2-01036,125000.0,16.0,128.0
T013,G2-01044,G2-01043,125000.0,16.0,128.0
T013,G2-01051,G2-01050,125000.0,16.0,128.0
T013,G2-01058,G2-01057,125000.0,16.0,128.0
T013,G2-01065,G2-01064,125000.0,16.0,128.0
T013,G2-01072,G2-01071,125000.0,16.0,128.0
T013,G2-01079,G2-01078,125000.0,16.0,128.0
T013,G2-01086,G2-01085,125000.0,16.0,128.0
T013,G2-01093,G2-01092,125000.0,16.0,128.0
T013,G2-01100,G2-01099,125000.0,16.0,128.0
T013,G2-01107,G2-01106,125000.0,16.0,128.0
T013,G2-01114,G2-01113,125000.0,16.0,128.0
T013,G2-01121,G2-01120,125000.0,16.0,128.0
T013,G2-01128,G2-01127,125000.0,16.0,128.0
T013,G2-01135,G2-01134,125000.0,16.0,128.0
T013,G2-01142,G2-01141,125000.0,16.0,128.0
T013,G2-00469,G2-00461,175000.0,23.5,134.2857142857143
T013,G2-00470,G2-00462,175000.0,23.5,134.2857142857143
T013,G2-00471,G2-00463,175000.0,23.5,134.2857142857143
T013,G2-00472,G2-00464,175000.0,23.5,134.2857142857143
T013,G2-00473,G2-00465,175000.0,23.5,134.2857142857143
T013,G2-00474,G2-00466,175000.0,23.5,134.2857142857143
T013,G2-00475,G2-00467,175000.0,23.5,134.2857142857143
T013,G2-00476,G2-00468,175000.0,23.5,134.2857142857143
T013,G2-00533,G2-00525,175000.0,23.5,134.2857142857143
T013,G2-00534,G2-00526,175000.0,23.5,134.2857142857143
T013,G2-00535,G2-00527,175000.0,23.5,134.2857142857143
T013,G2-00536,G2-00528,175000.0,23.5,134.2857142857143
T013,G2-00537,G2-00529,175000.0,23.5,134.2857142857143
T013,G2-00538,G2-00530,175000.0,23.5,134.2857142857143
T013,G2-00539,G2-00531,175000.0,23.5,134.2857142857143
T013,G2-00540,G2-00532,175000.0,23.5,134.2857142857143
T013,G2-00597,G2-00589,175000.0,23.5,134.2857142857143
T013,G2-00598,G2-00590,175000.0,23.5,134.2857142857143
T013,G2-00599,G2-00591,175000.0,23.5,134.2857142857143
T013,G2-00600,G2-00592,175000.0,23.5,134.2857142857143
T013,G2-00601,G2-00593,175000.0,23.5,134.2857142857143
T013,G2-00602,G2-00594,175000.0,23.5,134.2857142857143
T013,G2-00603,G2-00595,175000.0,23.5,134.2857142857143
T013,G2-00604,G2-00596,175000.0,23.5,134.2857142857143
T013,G2-00661,G2-00653,175000.0,23.5,134.2857142857143
T013,G2-00662,G2-00654,175000.0,23.5,134.2857142857143
T013,G2-00663,G2-00655,175000.0,23.5,134.2857142857143
T013,G2-00664,G2-00656,175000.0,23.5,134.2857142857143
T013,G2-00665,G2-00657,175000.0,23.5,134.2857142857143
T013,G2-00666,G2-00658,175000.0,23.5,134.2857142857143
T013,G2-00667,G2-00659,175000.0,23.5,134.2857142857143
T013,G2-00668,G2-00660,175000.0,23.5,134.2857142857143
T013,G2-00725,G2-00717,175000.0,23.5,134.2857142857143
T013,G2-00726,G2-00718,175000.0,23.5,134.2857142857143
T013,G2-00727,G2-00719,175000.0,23.5,134.2857142857143
T013,G2-00728,G2-00720,175000.0,23.5,134.2857142857143
T013,G2-00729,G2-00721,175000.0,23.5,134.2857142857143
T013,G2-00730,G2-00722,175000.0,23.5,134.2857142857143
T013,G2-00731,G2-00723,175000.0,23.5,134.2857142857143
T013,G2-00732,G2-00724,175000.0,23.5,134.2857142857143
T013,G2-00789,G2-00781,175000.0,23.5,134.2857142857143
T013,G2-00790,G2-00782,175000.0,23.5,134.2857142857143
T013,G2-00791,G2-00783,175000.0,23.5,134.2857142857143
T013,G2-00792,G2-00784,175000.0,23.5,134.2857142857143
T013,G2-00793,G2-00785,175000.0,23.5,134.2857142857143
T013,G2-00794,G2-00786,175000.0,23.5,134.2857142857143
T013,G2-00795,G2-00787,175000.0,23.5,134.2857142857143
T013,G2-00796,G2-00788,175000.0,23.5,134.2857142857143
T013,G2-00853,G2-00845,175000.0,23.5,134.2857142857143
T013,G2-00854,G2-00846,175000.0,23.5,134.2857142857143
T013,G2-00855,G2-00847,175000.0,23.5,134.2857142857143
T013,G2-00856,G2-00848,175000.0,23.5,134.2857142857143
T013,G2-00857,G2-00849,175000.0,23.5,134.2857142857143
T013,G2-00858,G2-00850,175000.0,23.5,134.2857142857143
T013,G2-00859,G2-00851,175000.0,23.5,134.2857142857143
T013,G2-00860,G2-00852,175000.0,23.5,134.2857142857143
T013,G2-00917,G2-00909,175000.0,23.5,134.2857142857143
T013,G2-00918,G2-00910,175000.0,23.5,134.2857142857143
T013,G2-00919,G2-00911,175000.0,23.5,134.2857142857143
T013,G2-00920,G2-00912,175000.0,23.5,134.2857142857143
T013,G2-00921,G2-00913,175000.0,23.5,134.2857142857143
T013,G2-00922,G2-00914,175000.0,23.5,134.2857142857143
T013,G2-00923,G2-00915,175000.0,23.5,134.2857142857143
T013,G2-00924,G2-00916,175000.0,23.5,134.2857142857143
T013,G2-00981,G2-00973,175000.0,23.5,134.2857142857143
T013,G2-00982,G2-00974,175000.0,23.5,134.2857142857143
T013,G2-00983,G2-00975,175000.0,23.5,134.2857142857143
T013,G2-00984,G2-00976,175000.0,23.5,134.2857142857143
T013,G2-00985,G2-00977,175000.0,23.5,134.2857142857143
T013,G2-00986,G2-00978,175000.0,23.5,134.2857142857143
T013,G2-00987,G2-00979,175000.0,23.5,134.2857142857143
T013,G2-00988,G2-00980,175000.0,23.5,134.2857142857143
T013,G2-01147,G2-01146,87500.0,8.0,91.42857142857143
T013,G2-01001,G2-01000,125000.0,24.0,192.0
T013,G2-01008,G2-01007,125000.0,24.0,192.0
T013,G2-01015,G2-01014,125000.0,24.0,192.0
T013,G2-01022,G2-01021,125000.0,24.0,192.0
T013,G2-01029,G2-01028,125000.0,24.0,192.0
T013,G2-01036,G2-01035,125000.0,24.0,192.0
T013,G2-01043,G2-01042,125000.0,24.0,192.0
T013,G2-01050,G2-01049,125000.0,24.0,192.0
T013,G2-01057,G2-01056,125000.0,24.0,192.0
T013,G2-01064,G2-01063,125000.0,24.0,192.0
T013,G2-01071,G2-01070,125000.0,24.0,192.0
T013,G2-01078,G2-01077,125000.0,24.0,192.0
T013,G2-01085,G2-01084,125000.0,24.0,192.0
T013,G2-01092,G2-01091,125000.0,24.0,192.0
T013,G2-01099,G2-01098,125000.0,24.0,192.0
T013,G2-01106,G2-01105,125000.0,24.0,192.0
T013,G2-01113,G2-01112,125000.0,24.0,192.0
T013,G2-01120,G2-01119,125000.0,24.0,192.0
T013,G2-01127,G2-01126,125000.0,24.0,192.0
T013,G2-01134,G2-01133,125000.0,24.0,192.0
T013,G2-01141,G2-01140,125000.0,24.0,192.0
T013,G2-00461,G2-00453,175000.0,31.5,180.0
T013,G2-00462,G2-00454,175000.0,31.5,180.0
T013,G2-00463,G2-00455,175000.0,31.5,180.0
T013,G2-00464,G2-00456,175000.0,31.5,180.0
T013,G2-00465,G2-00457,175000.0,31.5,180.0
T013,G2-00466,G2-00458,175000.0,31.5,180.0
T013,G2-00467,G2-00459,175000.0,31.5,180.0
T013,G2-00468,G2-00460,175000.0,31.5,180.0
T013,G2-00525,G2-00517,175000.0,31.5,180.0
T013,G2-00526,G2-00518,175000.0,31.5,180.0
T013,G2-00527,G2-00519,175000.0,31.5,180.0
T013,G2-00528,G2-00520,175000.0,31.5,180.0
T013,G2-00529,G2-00521,175000.0,31.5,180.0
T013,G2-00530,G2-00522,175000.0,31.5,180.0
T013,G2-00531,G2-00523,175000.0,31.5,180.0
T013,G2-00532,G2-00524,175000.0,31.5,180.0
T013,G2-00589,G2-00581,175000.0,31.5,180.0
T013,G2-00590,G2-00582,175000.0,31.5,180.0
T013,G2-00591,G2-00583,175000.0,31.5,180.0
T013,G2-00592,G2-00584,175000.0,31.5,180.0
T013,G2-00593,G2-00585,175000.0,31.5,180.0
T013,G2-00594,G2-00586,175000.0,31.5,180.0
T013,G2-00595,G2-00587,175000.0,31.5,180.0
T013,G2-00596,G2-00588,175000.0,31.5,180.0
T013,G2-00653,G2-00645,175000.0,31.5,180.0
T013,G2-00654,G2-00646,175000.0,31.5,180.0
T013,G2-00655,G2-00647,175000.0,31.5,180.0
T013,G2-00656,G2-00648,175000.0,31.5,180.0
T013,G2-00657,G2-00649,175000.0,31.5,180.0
T013,G2-00658,G2-00650,175000.0,31.5,180.0
T013,G2-00659,G2-00651,175000.0,31.5,180.0
T013,G2-00660,G2-00652,175000.0,31.5,180.0
T013,G2-00717,G2-00709,175000.0,31.5,180.0
T013,G2-00718,G2-00710,175000.0,31.5,180.0
T013,G2-00719,G2-00711,175000.0,31.5,180.0
T013,G2-00720,G2-00712,175000.0,31.5,180.0
T013,G2-00721,G2-00713,175000.0,31.5,180.0
T013,G2-00722,G2-00714,175000.0,31.5,180.0
T013,G2-00723,G2-00715,175000.0,31.5,180.0
T013,G2-00724,G2-00716,175000.0,31.5,180.0
T013,G2-00781,G2-00773,175000.0,31.5,180.0
T013,G2-00782,G2-00774,175000.0,31.5,180.0
T013,G2-00783,G2-00775,175000.0,31.5,180.0
T013,G2-00784,G2-00776,175000.0,31.5,180.0
T013,G2-00785,G2-00777,175000.0,31.5,180.0
T013,G2-00786,G2-00778,175000.0,31.5,180.0
T013,G2-00787,G2-00779,175000.0,31.5,180.0
T013,G2-00788,G2-00780,175000.0,31.5,180.0
T013,G2-00845,G2-00837,175000.0,31.5,180.0
T013,G2-00846,G2-00838,175000.0,31.5,180.0
T013,G2-00847,G2-00839,175000.0,31.5,180.0
T013,G2-00848,G2-00840,175000.0,31.5,180.0
T013,G2-00849,G2-00841,175000.0,31.5,180.0
T013,G2-00850,G2-00842,175000.0,31.5,180.0
T013,G2-00851,G2-00843,175000.0,31.5,180.0
T013,G2-00852,G2-00844,175000.0,31.5,180.0
T013,G2-00909,G2-00901,175000.0,31.5,180.0
T013,G2-00910,G2-00902,175000.0,31.5,180.0
T013,G2-00911,G2-00903,175000.0,31.5,180.0
T013,G2-00912,G2-00904,175000.0,31.5,180.0
T013,G2-00913,G2-00905,175000.0,31.5,180.0
T013,G2-00914,G2-00906,175000.0,31.5,180.0
T013,G2-00915,G2-00907,175000.0,31.5,180.0
T013,G2-00916,G2-00908,175000.0,31.5,180.0
T013,G2-00973,G2-00965,175000.0,31.5,180.0
T013,G2-00974,G2-00966,175000.0,31.5,180.0
T013,G2-00975,G2-00967,175000.0,31.5,180.0
T013,G2-00976,G2-00968,175000.0,31.5,180.0
T013,G2-00977,G2-00969,175000.0,31.5,180.0
T013,G2-00978,G2-00970,175000.0,31.5,180.0
T013,G2-00979,G2-00971,175000.0,31.5,180.0
T013,G2-00980,G2-00972,175000.0,31.5,180.0
T013,G2-01000,G2-00999,125000.0,32.0,256.0
T013,G2-01007,G2-01006,125000.0,32.0,256.0
T013,G2-01014,G2-01013,125000.0,32.0,256.0
T013,G2-01021,G2-01020,125000.0,32.0,256.0
T013,G2-01028,G2-01027,125000.0,32.0,256.0
T013,G2-01035,G2-01034,125000.0,32.0,256.0
T013,G2-01042,G2-01041,125000.0,32.0,256.0
T013,G2-01049,G2-01048,125000.0,32.0,256.0
T013,G2-01056,G2-01055,125000.0,32.0,256.0
T013,G2-01063,G2-01062,125000.0,32.0,256.0
T013,G2-01070,G2-01069,125000.0,32.0,256.0
T013,G2-01077,G2-01076,125000.0,32.0,256.0
T013,G2-01084,G2-01083,125000.0,32.0,256.0
T013,G2-01091,G2-01090,125000.0,32.0,256.0
T013,G2-01098,G2-01097,125000.0,32.0,256.0
T013,G2-01105,G2-01104,125000.0,32.0,256.0
T013,G2-01112,G2-01111,125000.0,32.0,256.0
T013,G2-01119,G2-01118,125000.0,32.0,256.0
T013,G2-01126,G2-01125,125000.0,32.0,256.0
T013,G2-01133,G2-01132,125000.0,32.0,256.0
T013,G2-01140,G2-01139,125000.0,32.0,256.0
T013,G2-00453,G2-00445,175000.0,39.5,225.71428571428572
T013,G2-00454,G2-00446,175000.0,39.5,225.71428571428572
T013,G2-00455,G2-00447,175000.0,39.5,225.71428571428572
T013,G2-00456,G2-00448,175000.0,39.5,225.71428571428572
T013,G2-00457,G2-00449,175000.0,39.5,225.71428571428572
T013,G2-00458,G2-00450,175000.0,39.5,225.71428571428572
T013,G2-00459,G2-00451,175000.0,39.5,225.71428571428572
T013,G2-00460,G2-00452,175000.0,39.5,225.71428571428572
T013,G2-00517,G2-00509,175000.0,39.5,225.71428571428572
T013,G2-00518,G2-00510,175000.0,39.5,225.71428571428572
T013,G2-00519,G2-00511,175000.0,39.5,225.71428571428572
T013,G2-00520,G2-00512,175000.0,39.5,225.71428571428572
T013,G2-00521,G2-00513,175000.0,39.5,225.71428571428572
T013,G2-00522,G2-00514,175000.0,39.5,225.71428571428572
T013,G2-00523,G2-00515,175000.0,39.5,225.71428571428572
T013,G2-00524,G2-00516,175000.0,39.5,225.71428571428572
T013,G2-00581,G2-00573,175000.0,39.5,225.71428571428572
T013,G2-00582,G2-00574,175000.0,39.5,225.71428571428572
T013,G2-00583,G2-00575,175000.0,39.5,225.71428571428572
T013,G2-00584,G2-00576,175000.0,39.5,225.71428571428572
T013,G2-00585,G2-00577,175000.0,39.5,225.71428571428572
T013,G2-00586,G2-00578,175000.0,39.5,225.71428571428572
T013,G2-00587,G2-00579,175000.0,39.5,225.71428571428572
T013,G2-00588,G2-00580,175000.0,39.5,225.71428571428572
T013,G2-00645,G2-00637,175000.0,39.5,225.71428571428572
T013,G2-00646,G2-00638,175000.0,39.5,225.71428571428572
T013,G2-00647,G2-00639,175000.0,39.5,225.71428571428572
T013,G2-00648,G2-00640,175000.0,39.5,225.71428571428572
T013,G2-00649,G2-00641,175000.0,39.5,225.71428571428572
T013,G2-00650,G2-00642,175000.0,39.5,225.71428571428572
T013,G2-00651,G2-00643,175000.0,39.5,225.71428571428572
T013,G2-00652,G2-00644,175000.0,39.5,225.71428571428572
T013,G2-00709,G2-00701,175000.0,39.5,225.71428571428572
T013,G2-00710,G2-00702,175000.0,39.5,225.71428571428572
T013,G2-00711,G2-00703,175000.0,39.5,225.71428571428572
T013,G2-00712,G2-00704,175000.0,39.5,225.71428571428572
T013,G2-00713,G2-00705,175000.0,39.5,225.71428571428572
T013,G2-00714,G2-00706,175000.0,39.5,225.71428571428572
T013,G2-00715,G2-00707,175000.0,39.5,225.71428571428572
T013,G2-00716,G2-00708,175000.0,39.5,225.71428571428572
T013,G2-00773,G2-00765,175000.0,39.5,225.71428571428572
T013,G2-00774,G2-00766,175000.0,39.5,225.71428571428572
T013,G2-00775,G2-00767,175000.0,39.5,225.71428571428572
T013,G2-00776,G2-00768,175000.0,39.5,225.71428571428572
T013,G2-00777,G2-00769,175000.0,39.5,225.71428571428572
T013,G2-00778,G2-00770,175000.0,39.5,225.71428571428572
T013,G2-00779,G2-00771,175000.0,39.5,225.71428571428572
T013,G2-00780,G2-00772,175000.0,39.5,225.71428571428572
T013,G2-00837,G2-00829,175000.0,39.5,225.71428571428572
T013,G2-00838,G2-00830,175000.0,39.5,225.71428571428572
T013,G2-00839,G2-00831,175000.0,39.5,225.71428571428572
T013,G2-00840,G2-00832,175000.0,39.5,225.71428571428572
T013,G2-00841,G2-00833,175000.0,39.5,225.71428571428572
T013,G2-00842,G2-00834,175000.0,39.5,225.71428571428572
T013,G2-00843,G2-00835,175000.0,39.5,225.71428571428572
T013,G2-00844,G2-00836,175000.0,39.5,225.71428571428572
T013,G2-00901,G2-00893,175000.0,39.5,225.71428571428572
T013,G2-00902,G2-00894,175000.0,39.5,225.71428571428572
T013,G2-00903,G2-00895,175000.0,39.5,225.71428571428572
T013,G2-00904,G2-00896,175000.0,39.5,225.71428571428572
T013,G2-00905,G2-00897,175000.0,39.5,225.71428571428572
T013,G2-00906,G2-00898,175000.0,39.5,225.71428571428572
T013,G2-00907,G2-00899,175000.0,39.5,225.71428571428572
T013,G2-00908,G2-00900,175000.0,39.5,225.71428571428572
T013,G2-00965,G2-00957,175000.0,39.5,225.71428571428572
T013,G2-00966,G2-00958,175000.0,39.5,225.71428571428572
T013,G2-00967,G2-00959,175000.0,39.5,225.71428571428572
T013,G2-00968,G2-00960,175000.0,39.5,225.71428571428572
T013,G2-00969,G2-00961,175000.0,39.5,225.71428571428572
T013,G2-00970,G2-00962,175000.0,39.5,225.71428571428572
T013,G2-00971,G2-00963,175000.0,39.5,225.71428571428572
T013,G2-00972,G2-00964,175000.0,39.5,225.71428571428572
T013,G2-01146,G2-01145,87500.0,16.0,182.85714285714286
T013,G2-00445,G2-00437,175000.0,47.5,271.42857142857144
T013,G2-00446,G2-00438,175000.0,47.5,271.42857142857144
T013,G2-00447,G2-00439,175000.0,47.5,271.42857142857144
T013,G2-00448,G2-00440,175000.0,47.5,271.42857142857144
T013,G2-00449,G2-00441,175000.0,47.5,271.42857142857144
T013,G2-00450,G2-00442,175000.0,47.5,271.42857142857144
T013,G2-00451,G2-00443,175000.0,47.5,271.42857142857144
T013,G2-00452,G2-00444,175000.0,47.5,271.42857142857144
T013,G2-00509,G2-00501,175000.0,47.5,271.42857142857144
T013,G2-00510,G2-00502,175000.0,47.5,271.42857142857144
T013,G2-00511,G2-00503,175000.0,47.5,271.42857142857144
T013,G2-00512,G2-00504,175000.0,47.5,271.42857142857144
T013,G2-00513,G2-00505,175000.0,47.5,271.42857142857144
T013,G2-00514,G2-00506,175000.0,47.5,271.42857142857144
T013,G2-00515,G2-00507,175000.0,47.5,271.42857142857144
T013,G2-00516,G2-00508,175000.0,47.5,271.42857142857144
T013,G2-00573,G2-00565,175000.0,47.5,271.42857142857144
T013,G2-00574,G2-00566,175000.0,47.5,271.42857142857144
T013,G2-00575,G2-00567,175000.0,47.5,271.42857142857144
T013,G2-00576,G2-00568,175000.0,47.5,271.42857142857144
T013,G2-00577,G2-00569,175000.0,47.5,271.42857142857144
T013,G2-00578,G2-00570,175000.0,47.5,271.42857142857144
T013,G2-00579,G2-00571,175000.0,47.5,271.42857142857144
T013,G2-00580,G2-00572,175000.0,47.5,271.42857142857144
T013,G2-00637,G2-00629,175000.0,47.5,271.42857142857144
T013,G2-00638,G2-00630,175000.0,47.5,271.42857142857144
T013,G2-00639,G2-00631,175000.0,47.5,271.42857142857144
T013,G2-00640,G2-00632,175000.0,47.5,271.42857142857144
T013,G2-00641,G2-00633,175000.0,47.5,271.42857142857144
T013,G2-00642,G2-00634,175000.0,47.5,271.42857142857144
T013,G2-00643,G2-00635,175000.0,47.5,271.42857142857144
T013,G2-00644,G2-00636,175000.0,47.5,271.42857142857144
T013,G2-00701,G2-00693,175000.0,47.5,271.42857142857144
T013,G2-00702,G2-00694,175000.0,47.5,271.42857142857144
T013,G2-00703,G2-00695,175000.0,47.5,271.42857142857144
T013,G2-00704,G2-00696,175000.0,47.5,271.42857142857144
T013,G2-00705,G2-00697,175000.0,47.5,271.42857142857144
T013,G2-00706,G2-00698,175000.0,47.5,271.42857142857144
T013,G2-00707,G2-00699,175000.0,47.5,271.42857142857144
T013,G2-00708,G2-00700,175000.0,47.5,271.42857142857144
T013,G2-00765,G2-00757,175000.0,47.5,271.42857142857144
T013,G2-00766,G2-00758,175000.0,47.5,271.42857142857144
T013,G2-00767,G2-00759,175000.0,47.5,271.42857142857144
T013,G2-00768,G2-00760,175000.0,47.5,271.42857142857144
T013,G2-00769,G2-00761,175000.0,47.5,271.42857142857144
T013,G2-00770,G2-00762,175000.0,47.5,271.42857142857144
T013,G2-00771,G2-00763,175000.0,47.5,271.42857142857144
T013,G2-00772,G2-00764,175000.0,47.5,271.42857142857144
T013,G2-00829,G2-00821,175000.0,47.5,271.42857142857144
T013,G2-00830,G2-00822,175000.0,47.5,271.42857142857144
T013,G2-00831,G2-00823,175000.0,47.5,271.42857142857144
T013,G2-00832,G2-00824,175000.0,47.5,271.42857142857144
T013,G2-00833,G2-00825,175000.0,47.5,271.42857142857144
T013,G2-00834,G2-00826,175000.0,47.5,271.42857142857144
T013,G2-00835,G2-00827,175000.0,47.5,271.42857142857144
T013,G2-00836,G2-00828,175000.0,47.5,271.42857142857144
T013,G2-00893,G2-00885,175000.0,47.5,271.42857142857144
T013,G2-00894,G2-00886,175000.0,47.5,271.42857142857144
T013,G2-00895,G2-00887,175000.0,47.5,271.42857142857144
T013,G2-00896,G2-00888,175000.0,47.5,271.42857142857144
T013,G2-00897,G2-00889,175000.0,47.5,271.42857142857144
T013,G2-00898,G2-00890,175000.0,47.5,271.42857142857144
T013,G2-00899,G2-00891,175000.0,47.5,271.42857142857144
T013,G2-00900,G2-00892,175000.0,47.5,271.42857142857144
T013,G2-00957,G2-00949,175000.0,47.5,271.42857142857144
T013,G2-00958,G2-00950,175000.0,47.5,271.42857142857144
T013,G2-00959,G2-00951,175000.0,47.5,271.42857142857144
T013,G2-00960,G2-00952,175000.0,47.5,271.42857142857144
T013,G2-00961,G2-00953,175000.0,47.5,271.42857142857144
T013,G2-00962,G2-00954,175000.0,47.5,271.42857142857144
T013,G2-00963,G2-00955,175000.0,47.5,271.42857142857144
T013,G2-00964,G2-00956,175000.0,47.5,271.42857142857144
T013,G2-00999,G2-00998,125000.0,40.0,320.0
T013,G2-01006,G2-01005,125000.0,40.0,320.0
T013,G2-01013,G2-01012,125000.0,40.0,320.0
T013,G2-01020,G2-01019,125000.0,40.0,320.0
T013,G2-01027,G2-01026,125000.0,40.0,320.0
T013,G2-01034,G2-01033,125000.0,40.0,320.0
T013,G2-01041,G2-01040,125000.0,40.0,320.0
T013,G2-01048,G2-01047,125000.0,40.0,320.0
T013,G2-01055,G2-01054,125000.0,40.0,320.0
T013,G2-01062,G2-01061,125000.0,40.0,320.0
T013,G2-01069,G2-01068,125000.0,40.0,320.0
T013,G2-01076,G2-01075,125000.0,40.0,320.0
T013,G2-01083,G2-01082,125000.0,40.0,320.0
T013,G2-01090,G2-01089,125000.0,40.0,320.0
T013,G2-01097,G2-01096,125000.0,40.0,320.0
T013,G2-01104,G2-01103,125000.0,40.0,320.0
T013,G2-01111,G2-01110,125000.0,40.0,320.0
T013,G2-01118,G2-01117,125000.0,40.0,320.0
T013,G2-01125,G2-01124,125000.0,40.0,320.0
T013,G2-01132,G2-01131,125000.0,40.0,320.0
T013,G2-01139,G2-01138,125000.0,40.0,320.0
T013,G2-00437,G2-00429,175000.0,55.5,317.14285714285717
T013,G2-00438,G2-00430,175000.0,55.5,317.14285714285717
T013,G2-00439,G2-00431,175000.0,55.5,317.14285714285717
T013,G2-00440,G2-00432,175000.0,55.5,317.14285714285717
T013,G2-00441,G2-00433,175000.0,55.5,317.14285714285717
T013,G2-00442,G2-00434,175000.0,55.5,317.14285714285717
T013,G2-00443,G2-00435,175000.0,55.5,317.14285714285717
T013,G2-00444,G2-00436,175000.0,55.5,317.14285714285717
T013,G2-00501,G2-00493,175000.0,55.5,317.14285714285717
T013,G2-00502,G2-00494,175000.0,55.5,317.14285714285717
T013,G2-00503,G2-00495,175000.0,55.5,317.14285714285717
T013,G2-00504,G2-00496,175000.0,55.5,317.14285714285717
T013,G2-00505,G2-00497,175000.0,55.5,317.14285714285717
T013,G2-00506,G2-00498,175000.0,55.5,317.14285714285717
T013,G2-00507,G2-00499,175000.0,55.5,317.14285714285717
T013,G2-00508,G2-00500,175000.0,55.5,317.14285714285717
T013,G2-00565,G2-00557,175000.0,55.5,317.14285714285717
T013,G2-00566,G2-00558,175000.0,55.5,317.14285714285717
T013,G2-00567,G2-00559,175000.0,55.5,317.14285714285717
T013,G2-00568,G2-00560,175000.0,55.5,317.14285714285717
T013,G2-00569,G2-00561,175000.0,55.5,317.14285714285717
T013,G2-00570,G2-00562,175000.0,55.5,317.14285714285717
T013,G2-00571,G2-00563,175000.0,55.5,317.14285714285717
T013,G2-00572,G2-00564,175000.0,55.5,317.14285714285717
T013,G2-00629,G2-00621,175000.0,55.5,317.14285714285717
T013,G2-00630,G2-00622,175000.0,55.5,317.14285714285717
T013,G2-00631,G2-00623,175000.0,55.5,317.14285714285717
T013,G2-00632,G2-00624,175000.0,55.5,317.14285714285717
T013,G2-00633,G2-00625,175000.0,55.5,317.14285714285717
T013,G2-00634,G2-00626,175000.0,55.5,317.14285714285717
T013,G2-00635,G2-00627,175000.0,55.5,317.14285714285717
T013,G2-00636,G2-00628,175000.0,55.5,317.14285714285717
T013,G2-00693,G2-00685,175000.0,55.5,317.14285714285717
T013,G2-00694,G2-00686,175000.0,55.5,317.14285714285717
T013,G2-00695,G2-00687,175000.0,55.5,317.14285714285717
T013,G2-00696,G2-00688,175000.0,55.5,317.14285714285717
T013,G2-00697,G2-00689,175000.0,55.5,317.14285714285717
T013,G2-00698,G2-00690,175000.0,55.5,317.14285714285717
T013,G2-00699,G2-00691,175000.0,55.5,317.14285714285717
T013,G2-00700,G2-00692,175000.0,55.5,317.14285714285717
T013,G2-00757,G2-00749,175000.0,55.5,317.14285714285717
T013,G2-00758,G2-00750,175000.0,55.5,317.14285714285717
T013,G2-00759,G2-00751,175000.0,55.5,317.14285714285717
T013,G2-00760,G2-00752,175000.0,55.5,317.14285714285717
T013,G2-00761,G2-00753,175000.0,55.5,317.14285714285717
T013,G2-00762,G2-00754,175000.0,55.5,317.14285714285717
T013,G2-00763,G2-00755,175000.0,55.5,317.14285714285717
T013,G2-00764,G2-00756,175000.0,55.5,317.14285714285717
T013,G2-00821,G2-00813,175000.0,55.5,317.14285714285717
T013,G2-00822,G2-00814,175000.0,55.5,317.14285714285717
T013,G2-00823,G2-00815,175000.0,55.5,317.14285714285717
T013,G2-00824,G2-00816,175000.0,55.5,317.14285714285717
T013,G2-00825,G2-00817,175000.0,55.5,317.14285714285717
T013,G2-00826,G2-00818,175000.0,55.5,317.14285714285717
T013,G2-00827,G2-00819,175000.0,55.5,317.14285714285717
T013,G2-00828,G2-00820,175000.0,55.5,317.14285714285717
T013,G2-00885,G2-00877,175000.0,55.5,317.14285714285717
T013,G2-00886,G2-00878,175000.0,55.5,317.14285714285717
T013,G2-00887,G2-00879,175000.0,55.5,317.14285714285717
T013,G2-00888,G2-00880,175000.0,55.5,317.14285714285717
T013,G2-00889,G2-00881,175000.0,55.5,317.14285714285717
T013,G2-00890,G2-00882,175000.0,55.5,317.14285714285717
T013,G2-00891,G2-00883,175000.0,55.5,317.14285714285717
T013,G2-00892,G2-00884,175000.0,55.5,317.14285714285717
T013,G2-00949,G2-00941,175000.0,55.5,317.14285714285717
T013,G2-00950,G2-00942,175000.0,55.5,317.14285714285717
T013,G2-00951,G2-00943,175000.0,55.5,317.14285714285717
T013,G2-00952,G2-00944,175000.0,55.5,317.14285714285717
T013,G2-00953,G2-00945,175000.0,55.5,317.14285714285717
T013,G2-00954,G2-00946,175000.0,55.5,317.14285714285717
T013,G2-00955,G2-00947,175000.0,55.5,317.14285714285717
T013,G2-00956,G2-00948,175000.0,55.5,317.14285714285717
T013,G2-01145,G2-01144,87500.0,24.0,274.2857142857143
T013,G2-00998,G2-00997,125000.0,48.0,384.0
T013,G2-01005,G2-01004,125000.0,48.0,384.0
T013,G2-01012,G2-01011,125000.0,48.0,384.0
T013,G2-01019,G2-01018,125000.0,48.0,384.0
T013,G2-01026,G2-01025,125000.0,48.0,384.0
T013,G2-01033,G2-01032,125000.0,48.0,384.0
T013,G2-01040,G2-01039,125000.0,48.0,384.0
T013,G2-01047,G2-01046,125000.0,48.0,384.0
T013,G2-01054,G2-01053,125000.0,48.0,384.0
T013,G2-01061,G2-01060,125000.0,48.0,384.0
T013,G2-01068,G2-01067,125000.0,48.0,384.0
T013,G2-01075,G2-01074,125000.0,48.0,384.0
T013,G2-01082,G2-01081,125000.0,48.0,384.0
T013,G2-01089,G2-01088,125000.0,48.0,384.0
T013,G2-01096,G2-01095,125000.0,48.0,384.0
T013,G2-01103,G2-01102,125000.0,48.0,384.0
T013,G2-01110,G2-01109,125000.0,48.0,384.0
T013,G2-01117,G2-01116,125000.0,48.0,384.0
T013,G2-01124,G2-01123,125000.0,48.0,384.0
T013,G2-01131,G2-01130,125000.0,48.0,384.0
T013,G2-01138,G2-01137,125000.0,48.0,384.0
T013,G2-00429,G2-00421,175000.0,63.5,362.8571428571429
T013,G2-00430,G2-00422,175000.0,63.5,362.8571428571429
T013,G2-00431,G2-00423,175000.0,63.5,362.8571428571429
T013,G2-00432,G2-00424,175000.0,63.5,362.8571428571429
T013,G2-00433,G2-00425,175000.0,63.5,362.8571428571429
T013,G2-00434,G2-00426,175000.0,63.5,362.8571428571429
T013,G2-00435,G2-00427,175000.0,63.5,362.8571428571429
T013,G2-00436,G2-00428,175000.0,63.5,362.8571428571429
T013,G2-00493,G2-00485,175000.0,63.5,362.8571428571429
T013,G2-00494,G2-00486,175000.0,63.5,362.8571428571429
T013,G2-00495,G2-00487,175000.0,63.5,362.8571428571429
T013,G2-00496,G2-00488,175000.0,63.5,362.8571428571429
T013,G2-00497,G2-00489,175000.0,63.5,362.8571428571429
T013,G2-00498,G2-00490,175000.0,63.5,362.8571428571429
T013,G2-00499,G2-00491,175000.0,63.5,362.8571428571429
T013,G2-00500,G2-00492,175000.0,63.5,362.8571428571429
T013,G2-00557,G2-00549,175000.0,63.5,362.8571428571429
T013,G2-00558,G2-00550,175000.0,63.5,362.8571428571429
T013,G2-00559,G2-00551,175000.0,63.5,362.8571428571429
T013,G2-00560,G2-00552,175000.0,63.5,362.8571428571429
T013,G2-00561,G2-00553,175000.0,63.5,362.8571428571429
T013,G2-00562,G2-00554,175000.0,63.5,362.8571428571429
T013,G2-00563,G2-00555,175000.0,63.5,362.8571428571429
T013,G2-00564,G2-00556,175000.0,63.5,362.8571428571429
T013,G2-00621,G2-00613,175000.0,63.5,362.8571428571429
T013,G2-00622,G2-00614,175000.0,63.5,362.8571428571429
T013,G2-00623,G2-00615,175000.0,63.5,362.8571428571429
T013,G2-00624,G2-00616,175000.0,63.5,362.8571428571429
T013,G2-00625,G2-00617,175000.0,63.5,362.8571428571429
T013,G2-00626,G2-00618,175000.0,63.5,362.8571428571429
T013,G2-00627,G2-00619,175000.0,63.5,362.8571428571429
T013,G2-00628,G2-00620,175000.0,63.5,362.8571428571429
T013,G2-00685,G2-00677,175000.0,63.5,362.8571428571429
T013,G2-00686,G2-00678,175000.0,63.5,362.8571428571429
T013,G2-00687,G2-00679,175000.0,63.5,362.8571428571429
T013,G2-00688,G2-00680,175000.0,63.5,362.8571428571429
T013,G2-00689,G2-00681,175000.0,63.5,362.8571428571429
T013,G2-00690,G2-00682,175000.0,63.5,362.8571428571429
T013,G2-00691,G2-00683,175000.0,63.5,362.8571428571429
T013,G2-00692,G2-00684,175000.0,63.5,362.8571428571429
T013,G2-00749,G2-00741,175000.0,63.5,362.8571428571429
T013,G2-00750,G2-00742,175000.0,63.5,362.8571428571429
T013,G2-00751,G2-00743,175000.0,63.5,362.8571428571429
T013,G2-00752,G2-00744,175000.0,63.5,362.8571428571429
T013,G2-00753,G2-00745,175000.0,63.5,362.8571428571429
T013,G2-00754,G2-00746,175000.0,63.5,362.8571428571429
T013,G2-00755,G2-00747,175000.0,63.5,362.8571428571429
T013,G2-00756,G2-00748,175000.0,63.5,362.8571428571429
T013,G2-00813,G2-00805,175000.0,63.5,362.8571428571429
T013,G2-00814,G2-00806,175000.0,63.5,362.8571428571429
T013,G2-00815,G2-00807,175000.0,63.5,362.8571428571429
T013,G2-00816,G2-00808,175000.0,63.5,362.8571428571429
T013,G2-00817,G2-00809,175000.0,63.5,362.8571428571429
T013,G2-00818,G2-00810,175000.0,63.5,362.8571428571429
T013,G2-00819,G2-00811,175000.0,63.5,362.8571428571429
T013,G2-00820,G2-00812,175000.0,63.5,362.8571428571429
T013,G2-00877,G2-00869,175000.0,63.5,362.8571428571429
T013,G2-00878,G2-00870,175000.0,63.5,362.8571428571429
T013,G2-00879,G2-00871,175000.0,63.5,362.8571428571429
T013,G2-00880,G2-00872,175000.0,63.5,362.8571428571429
T013,G2-00881,G2-00873,175000.0,63.5,362.8571428571429
T013,G2-00882,G2-00874,175000.0,63.5,362.8571428571429
T013,G2-00883,G2-00875,175000.0,63.5,362.8571428571429
T013,G2-00884,G2-00876,175000.0,63.5,362.8571428571429
T013,G2-00941,G2-00933,175000.0,63.5,362.8571428571429
T013,G2-00942,G2-00934,175000.0,63.5,362.8571428571429
T013,G2-00943,G2-00935,175000.0,63.5,362.8571428571429
T013,G2-00944,G2-00936,175000.0,63.5,362.8571428571429
T013,G2-00945,G2-00937,175000.0,63.5,362.8571428571429
T013,G2-00946,G2-00938,175000.0,63.5,362.8571428571429
T013,G2-00947,G2-00939,175000.0,63.5,362.8571428571429
T013,G2-00948,G2-00940,175000.0,63.5,362.8571428571429
T014,G2-01730,G2-01729,125000.0,8.0,64.0
T014,G2-01737,G2-01736,125000.0,8.0,64.0
T014,G2-01744,G2-01743,125000.0,8.0,64.0
T014,G2-01751,G2-01750,125000.0,8.0,64.0
T014,G2-01758,G2-01757,125000.0,8.0,64.0
T014,G2-01765,G2-01764,125000.0,8.0,64.0
T014,G2-01772,G2-01771,125000.0,8.0,64.0
T014,G2-01779,G2-01778,125000.0,8.0,64.0
T014,G2-01786,G2-01785,125000.0,8.0,64.0
T014,G2-01793,G2-01792,125000.0,8.0,64.0
T014,G2-01800,G2-01799,125000.0,8.0,64.0
T014,G2-01807,G2-01806,125000.0,8.0,64.0
T014,G2-01814,G2-01813,125000.0,8.0,64.0
T014,G2-01821,G2-01820,125000.0,8.0,64.0
T014,G2-01828,G2-01827,125000.0,8.0,64.0
T014,G2-01835,G2-01834,125000.0,8.0,64.0
T014,G2-01842,G2-01841,125000.0,8.0,64.0
T014,G2-01849,G2-01848,125000.0,8.0,64.0
T014,G2-01856,G2-01855,125000.0,8.0,64.0
T014,G2-01863,G2-01862,125000.0,8.0,64.0
T014,G2-01870,G2-01869,125000.0,8.0,64.0
T014,G3-00275,G2-01204,175000.0,7.5,42.85714285714286
T014,G3-00275,G2-01205,175000.0,7.5,42.85714285714286
T014,G3-00276,G2-01206,175000.0,7.5,42.85714285714286
T014,G3-00276,G2-01207,175000.0,7.5,42.85714285714286
T014,G3-00277,G2-01208,175000.0,7.5,42.85714285714286
T014,G3-00277,G2-01209,175000.0,7.5,42.85714285714286
T014,G3-00278,G2-01210,175000.0,7.5,42.85714285714286
T014,G3-00278,G2-01211,175000.0,7.5,42.85714285714286
T014,G3-00279,G2-01268,175000.0,7.5,42.85714285714286
T014,G3-00279,G2-01269,175000.0,7.5,42.85714285714286
T014,G3-00280,G2-01270,175000.0,7.5,42.85714285714286
T014,G3-00280,G2-01271,175000.0,7.5,42.85714285714286
T014,G3-00281,G2-01272,175000.0,7.5,42.85714285714286
T014,G3-00281,G2-01273,175000.0,7.5,42.85714285714286
T014,G3-00282,G2-01274,175000.0,7.5,42.85714285714286
T014,G3-00282,G2-01275,175000.0,7.5,42.85714285714286
T014,G3-00283,G2-01332,175000.0,7.5,42.85714285714286
T014,G3-00283,G2-01333,175000.0,7.5,42.85714285714286
T014,G3-00284,G2-01334,175000.0,7.5,42.85714285714286
T014,G3-00284,G2-01335,175000.0,7.5,42.85714285714286
T014,G3-00285,G2-01336,175000.0,7.5,42.85714285714286
T014,G3-00285,G2-01337,175000.0,7.5,42.85714285714286
T014,G3-00286,G2-01338,175000.0,7.5,42.85714285714286
T014,G3-00286,G2-01339,175000.0,7.5,42.85714285714286
T014,G3-00287,G2-01396,175000.0,7.5,42.85714285714286
T014,G3-00287,G2-01397,175000.0,7.5,42.85714285714286
T014,G3-00288,G2-01398,175000.0,7.5,42.85714285714286
T014,G3-00288,G2-01399,175000.0,7.5,42.85714285714286
T014,G3-00289,G2-01400,175000.0,7.5,42.85714285714286
T014,G3-00289,G2-01401,175000.0,7.5,42.85714285714286
T014,G3-00290,G2-01402,175000.0,7.5,42.85714285714286
T014,G3-00290,G2-01403,175000.0,7.5,42.85714285714286
T014,G3-00291,G2-01460,175000.0,7.5,42.85714285714286
T014,G3-00291,G2-01461,175000.0,7.5,42.85714285714286
T014,G3-00292,G2-01462,175000.0,7.5,42.85714285714286
T014,G3-00292,G2-01463,175000.0,7.5,42.85714285714286
T014,G3-00293,G2-01464,175000.0,7.5,42.85714285714286
T014,G3-00293,G2-01465,175000.0,7.5,42.85714285714286
T014,G3-00294,G2-01466,175000.0,7.5,42.85714285714286
T014,G3-00294,G2-01467,175000.0,7.5,42.85714285714286
T014,G3-00295,G2-01524,175000.0,7.5,42.85714285714286
T014,G3-00295,G2-01525,175000.0,7.5,42.85714285714286
T014,G3-00296,G2-01526,175000.0,7.5,42.85714285714286
T014,G3-00296,G2-01527,175000.0,7.5,42.85714285714286
T014,G3-00297,G2-01528,175000.0,7.5,42.85714285714286
T014,G3-00297,G2-01529,175000.0,7.5,42.85714285714286
T014,G3-00298,G2-01530,175000.0,7.5,42.85714285714286
T014,G3-00298,G2-01531,175000.0,7.5,42.85714285714286
T014,G3-00299,G2-01588,175000.0,7.5,42.85714285714286
T014,G3-00299,G2-01589,175000.0,7.5,42.85714285714286
T014,G3-00300,G2-01590,175000.0,7.5,42.85714285714286
T014,G3-00300,G2-01591,175000.0,7.5,42.85714285714286
T014,G3-00301,G2-01592,175000.0,7.5,42.85714285714286
T014,G3-00301,G2-01593,175000.0,7.5,42.85714285714286
T014,G3-00302,G2-01594,175000.0,7.5,42.85714285714286
T014,G3-00302,G2-01595,175000.0,7.5,42.85714285714286
T014,G3-00303,G2-01652,175000.0,7.5,42.85714285714286
T014,G3-00303,G2-01653,175000.0,7.5,42.85714285714286
T014,G3-00304,G2-01654,175000.0,7.5,42.85714285714286
T014,G3-00304,G2-01655,175000.0,7.5,42.85714285714286
T014,G3-00305,G2-01656,175000.0,7.5,42.85714285714286
T014,G3-00305,G2-01657,175000.0,7.5,42.85714285714286
T014,G3-00306,G2-01658,175000.0,7.5,42.85714285714286
T014,G3-00306,G2-01659,175000.0,7.5,42.85714285714286
T014,G3-00307,G2-01716,175000.0,7.5,42.85714285714286
T014,G3-00307,G2-01717,175000.0,7.5,42.85714285714286
T014,G3-00308,G2-01718,175000.0,7.5,42.85714285714286
T014,G3-00308,G2-01719,175000.0,7.5,42.85714285714286
T014,G3-00309,G2-01720,175000.0,7.5,42.85714285714286
T014,G3-00309,G2-01721,175000.0,7.5,42.85714285714286
T014,G3-00310,G2-01722,175000.0,7.5,42.85714285714286
T014,G3-00310,G2-01723,175000.0,7.5,42.85714285714286
T014,G2-01204,G2-01196,175000.0,15.5,88.57142857142858
T014,G2-01205,G2-01197,175000.0,15.5,88.57142857142858
T014,G2-01206,G2-01198,175000.0,15.5,88.57142857142858
T014,G2-01207,G2-01199,175000.0,15.5,88.57142857142858
T014,G2-01208,G2-01200,175000.0,15.5,88.57142857142858
T014,G2-01209,G2-01201,175000.0,15.5,88.57142857142858
T014,G2-01210,G2-01202,175000.0,15.5,88.57142857142858
T014,G2-01211,G2-01203,175000.0,15.5,88.57142857142858
T014,G2-01268,G2-01260,175000.0,15.5,88.57142857142858
T014,G2-01269,G2-01261,175000.0,15.5,88.57142857142858
T014,G2-01270,G2-01262,175000.0,15.5,88.57142857142858
T014,G2-01271,G2-01263,175000.0,15.5,88.57142857142858
T014,G2-01272,G2-01264,175000.0,15.5,88.57142857142858
T014,G2-01273,G2-01265,175000.0,15.5,88.57142857142858
T014,G2-01274,G2-01266,175000.0,15.5,88.57142857142858
T014,G2-01275,G2-01267,175000.0,15.5,88.57142857142858
T014,G2-01332,G2-01324,175000.0,15.5,88.57142857142858
T014,G2-01333,G2-01325,175000.0,15.5,88.57142857142858
T014,G2-01334,G2-01326,175000.0,15.5,88.57142857142858
T014,G2-01335,G2-01327,175000.0,15.5,88.57142857142858
T014,G2-01336,G2-01328,175000.0,15.5,88.57142857142858
T014,G2-01337,G2-01329,175000.0,15.5,88.57142857142858
T014,G2-01338,G2-01330,175000.0,15.5,88.57142857142858
T014,G2-01339,G2-01331,175000.0,15.5,88.57142857142858
T014,G2-01396,G2-01388,175000.0,15.5,88.57142857142858
T014,G2-01397,G2-01389,175000.0,15.5,88.57142857142858
T014,G2-01398,G2-01390,175000.0,15.5,88.57142857142858
T014,G2-01399,G2-01391,175000.0,15.5,88.57142857142858
T014,G2-01400,G2-01392,175000.0,15.5,88.57142857142858
T014,G2-01401,G2-01393,175000.0,15.5,88.57142857142858
T014,G2-01402,G2-01394,175000.0,15.5,88.57142857142858
T014,G2-01403,G2-01395,175000.0,15.5,88.57142857142858
T014,G2-01460,G2-01452,175000.0,15.5,88.57142857142858
T014,G2-01461,G2-01453,175000.0,15.5,88.57142857142858
T014,G2-01462,G2-01454,175000.0,15.5,88.57142857142858
T014,G2-01463,G2-01455,175000.0,15.5,88.57142857142858
T014,G2-01464,G2-01456,175000.0,15.5,88.57142857142858
T014,G2-01465,G2-01457,175000.0,15.5,88.57142857142858
T014,G2-01466,G2-01458,175000.0,15.5,88.57142857142858
T014,G2-01467,G2-01459,175000.0,15.5,88.57142857142858
T014,G2-01524,G2-01516,175000.0,15.5,88.57142857142858
T014,G2-01525,G2-01517,175000.0,15.5,88.57142857142858
T014,G2-01526,G2-01518,175000.0,15.5,88.57142857142858
T014,G2-01527,G2-01519,175000.0,15.5,88.57142857142858
T014,G2-01528,G2-01520,175000.0,15.5,88.57142857142858
T014,G2-01529,G2-01521,175000.0,15.5,88.57142857142858
T014,G2-01530,G2-01522,175000.0,15.5,88.57142857142858
T014,G2-01531,G2-01523,175000.0,15.5,88.57142857142858
T014,G2-01588,G2-01580,175000.0,15.5,88.57142857142858
T014,G2-01589,G2-01581,175000.0,15.5,88.57142857142858
T014,G2-01590,G2-01582,175000.0,15.5,88.57142857142858
T014,G2-01591,G2-01583,175000.0,15.5,88.57142857142858
T014,G2-01592,G2-01584,175000.0,15.5,88.57142857142858
T014,G2-01593,G2-01585,175000.0,15.5,88.57142857142858
T014,G2-01594,G2-01586,175000.0,15.5,88.57142857142858
T014,G2-01595,G2-01587,175000.0,15.5,88.57142857142858
T014,G2-01652,G2-01644,175000.0,15.5,88.57142857142858
T014,G2-01653,G2-01645,175000.0,15.5,88.57142857142858
T014,G2-01654,G2-01646,175000.0,15.5,88.57142857142858
T014,G2-01655,G2-01647,175000.0,15.5,88.57142857142858
T014,G2-01656,G2-01648,175000.0,15.5,88.57142857142858
T014,G2-01657,G2-01649,175000.0,15.5,88.57142857142858
T014,G2-01658,G2-01650,175000.0,15.5,88.57142857142858
T014,G2-01659,G2-01651,175000.0,15.5,88.57142857142858
T014,G2-01716,G2-01708,175000.0,15.5,88.57142857142858
T014,G2-01717,G2-01709,175000.0,15.5,88.57142857142858
T014,G2-01718,G2-01710,175000.0,15.5,88.57142857142858
T014,G2-01719,G2-01711,175000.0,15.5,88.57142857142858
T014,G2-01720,G2-01712,175000.0,15.5,88.57142857142858
T014,G2-01721,G2-01713,175000.0,15.5,88.57142857142858
T014,G2-01722,G2-01714,175000.0,15.5,88.57142857142858
T014,G2-01723,G2-01715,175000.0,15.5,88.57142857142858
T014,G2-01729,G2-01728,125000.0,16.0,128.0
T014,G2-01736,G2-01735,125000.0,16.0,128.0
T014,G2-01743,G2-01742,125000.0,16.0,128.0
T014,G2-01750,G2-01749,125000.0,16.0,128.0
T014,G2-01757,G2-01756,125000.0,16.0,128.0
T014,G2-01764,G2-01763,125000.0,16.0,128.0
T014,G2-01771,G2-01770,125000.0,16.0,128.0
T014,G2-01778,G2-01777,125000.0,16.0,128.0
T014,G2-01785,G2-01784,125000.0,16.0,128.0
T014,G2-01792,G2-01791,125000.0,16.0,128.0
T014,G2-01799,G2-01798,125000.0,16.0,128.0
T014,G2-01806,G2-01805,125000.0,16.0,128.0
T014,G2-01813,G2-01812,125000.0,16.0,128.0
T014,G2-01820,G2-01819,125000.0,16.0,128.0
T014,G2-01827,G2-01826,125000.0,16.0,128.0
T014,G2-01834,G2-01833,125000.0,16.0,128.0
T014,G2-01841,G2-01840,125000.0,16.0,128.0
T014,G2-01848,G2-01847,125000.0,16.0,128.0
T014,G2-01855,G2-01854,125000.0,16.0,128.0
T014,G2-01862,G2-01861,125000.0,16.0,128.0
T014,G2-01869,G2-01868,125000.0,16.0,128.0
T014,G2-01196,G2-01188,175000.0,23.5,134.2857142857143
T014,G2-01197,G2-01189,175000.0,23.5,134.2857142857143
T014,G2-01198,G2-01190,175000.0,23.5,134.2857142857143
T014,G2-01199,G2-01191,175000.0,23.5,134.2857142857143
T014,G2-01200,G2-01192,175000.0,23.5,134.2857142857143
T014,G2-01201,G2-01193,175000.0,23.5,134.2857142857143
T014,G2-01202,G2-01194,175000.0,23.5,134.2857142857143
T014,G2-01203,G2-01195,175000.0,23.5,134.2857142857143
T014,G2-01260,G2-01252,175000.0,23.5,134.2857142857143
T014,G2-01261,G2-01253,175000.0,23.5,134.2857142857143
T014,G2-01262,G2-01254,175000.0,23.5,134.2857142857143
T014,G2-01263,G2-01255,175000.0,23.5,134.2857142857143
T014,G2-01264,G2-01256,175000.0,23.5,134.2857142857143
T014,G2-01265,G2-01257,175000.0,23.5,134.2857142857143
T014,G2-01266,G2-01258,175000.0,23.5,134.2857142857143
T014,G2-01267,G2-01259,175000.0,23.5,134.2857142857143
T014,G2-01324,G2-01316,175000.0,23.5,134.2857142857143
T014,G2-01325,G2-01317,175000.0,23.5,134.2857142857143
T014,G2-01326,G2-01318,175000.0,23.5,134.2857142857143
T014,G2-01327,G2-01319,175000.0,23.5,134.2857142857143
T014,G2-01328,G2-01320,175000.0,23.5,134.2857142857143
T014,G2-01329,G2-01321,175000.0,23.5,134.2857142857143
T014,G2-01330,G2-01322,175000.0,23.5,134.2857142857143
T014,G2-01331,G2-01323,175000.0,23.5,134.2857142857143
T014,G2-01388,G2-01380,175000.0,23.5,134.2857142857143
T014,G2-01389,G2-01381,175000.0,23.5,134.2857142857143
T014,G2-01390,G2-01382,175000.0,23.5,134.2857142857143
T014,G2-01391,G2-01383,175000.0,23.5,134.2857142857143
T014,G2-01392,G2-01384,175000.0,23.5,134.2857142857143
T014,G2-01393,G2-01385,175000.0,23.5,134.2857142857143
T014,G2-01394,G2-01386,175000.0,23.5,134.2857142857143
T014,G2-01395,G2-01387,175000.0,23.5,134.2857142857143
T014,G2-01452,G2-01444,175000.0,23.5,134.2857142857143
T014,G2-01453,G2-01445,175000.0,23.5,134.2857142857143
T014,G2-01454,G2-01446,175000.0,23.5,134.2857142857143
T014,G2-01455,G2-01447,175000.0,23.5,134.2857142857143
T014,G2-01456,G2-01448,175000.0,23.5,134.2857142857143
T014,G2-01457,G2-01449,175000.0,23.5,134.2857142857143
T014,G2-01458,G2-01450,175000.0,23.5,134.2857142857143
T014,G2-01459,G2-01451,175000.0,23.5,134.2857142857143
T014,G2-01516,G2-01508,175000.0,23.5,134.2857142857143
T014,G2-01517,G2-01509,175000.0,23.5,134.2857142857143
T014,G2-01518,G2-01510,175000.0,23.5,134.2857142857143
T014,G2-01519,G2-01511,175000.0,23.5,134.2857142857143
T014,G2-01520,G2-01512,175000.0,23.5,134.2857142857143
T014,G2-01521,G2-01513,175000.0,23.5,134.2857142857143
T014,G2-01522,G2-01514,175000.0,23.5,134.2857142857143
T014,G2-01523,G2-01515,175000.0,23.5,134.2857142857143
T014,G2-01580,G2-01572,175000.0,23.5,134.2857142857143
T014,G2-01581,G2-01573,175000.0,23.5,134.2857142857143
T014,G2-01582,G2-01574,175000.0,23.5,134.2857142857143
T014,G2-01583,G2-01575,175000.0,23.5,134.2857142857143
T014,G2-01584,G2-01576,175000.0,23.5,134.2857142857143
T014,G2-01585,G2-01577,175000.0,23.5,134.2857142857143
T014,G2-01586,G2-01578,175000.0,23.5,134.2857142857143
T014,G2-01587,G2-01579,175000.0,23.5,134.2857142857143
T014,G2-01644,G2-01636,175000.0,23.5,134.2857142857143
T014,G2-01645,G2-01637,175000.0,23.5,134.2857142857143
T014,G2-01646,G2-01638,175000.0,23.5,134.2857142857143
T014,G2-01647,G2-01639,175000.0,23.5,134.2857142857143
T014,G2-01648,G2-01640,175000.0,23.5,134.2857142857143
T014,G2-01649,G2-01641,175000.0,23.5,134.2857142857143
T014,G2-01650,G2-01642,175000.0,23.5,134.2857142857143
T014,G2-01651,G2-01643,175000.0,23.5,134.2857142857143
T014,G2-01708,G2-01700,175000.0,23.5,134.2857142857143
T014,G2-01709,G2-01701,175000.0,23.5,134.2857142857143
T014,G2-01710,G2-01702,175000.0,23.5,134.2857142857143
T014,G2-01711,G2-01703,175000.0,23.5,134.2857142857143
T014,G2-01712,G2-01704,175000.0,23.5,134.2857142857143
T014,G2-01713,G2-01705,175000.0,23.5,134.2857142857143
T014,G2-01714,G2-01706,175000.0,23.5,134.2857142857143
T014,G2-01715,G2-01707,175000.0,23.5,134.2857142857143
T014,G2-01874,G2-01873,87500.0,8.0,91.42857142857143
T014,G2-01728,G2-01727,125000.0,24.0,192.0
T014,G2-01735,G2-01734,125000.0,24.0,192.0
T014,G2-01742,G2-01741,125000.0,24.0,192.0
T014,G2-01749,G2-01748,125000.0,24.0,192.0
T014,G2-01756,G2-01755,125000.0,24.0,192.0
T014,G2-01763,G2-01762,125000.0,24.0,192.0
T014,G2-01770,G2-01769,125000.0,24.0,192.0
T014,G2-01777,G2-01776,125000.0,24.0,192.0
T014,G2-01784,G2-01783,125000.0,24.0,192.0
T014,G2-01791,G2-01790,125000.0,24.0,192.0
T014,G2-01798,G2-01797,125000.0,24.0,192.0
T014,G2-01805,G2-01804,125000.0,24.0,192.0
T014,G2-01812,G2-01811,125000.0,24.0,192.0
T014,G2-01819,G2-01818,125000.0,24.0,192.0
T014,G2-01826,G2-01825,125000.0,24.0,192.0
T014,G2-01833,G2-01832,125000.0,24.0,192.0
T014,G2-01840,G2-01839,125000.0,24.0,192.0
T014,G2-01847,G2-01846,125000.0,24.0,192.0
T014,G2-01854,G2-01853,125000.0,24.0,192.0
T014,G2-01861,G2-01860,125000.0,24.0,192.0
T014,G2-01868,G2-01867,125000.0,24.0,192.0
T014,G2-01188,G2-01180,175000.0,31.5,180.0
T014,G2-01189,G2-01181,175000.0,31.5,180.0
T014,G2-01190,G2-01182,175000.0,31.5,180.0
T014,G2-01191,G2-01183,175000.0,31.5,180.0
T014,G2-01192,G2-01184,175000.0,31.5,180.0
T014,G2-01193,G2-01185,175000.0,31.5,180.0
T014,G2-01194,G2-01186,175000.0,31.5,180.0
T014,G2-01195,G2-01187,175000.0,31.5,180.0
T014,G2-01252,G2-01244,175000.0,31.5,180.0
T014,G2-01253,G2-01245,175000.0,31.5,180.0
T014,G2-01254,G2-01246,175000.0,31.5,180.0
T014,G2-01255,G2-01247,175000.0,31.5,180.0
T014,G2-01256,G2-01248,175000.0,31.5,180.0
T014,G2-01257,G2-01249,175000.0,31.5,180.0
T014,G2-01258,G2-01250,175000.0,31.5,180.0
T014,G2-01259,G2-01251,175000.0,31.5,180.0
T014,G2-01316,G2-01308,175000.0,31.5,180.0
T014,G2-01317,G2-01309,175000.0,31.5,180.0
T014,G2-01318,G2-01310,175000.0,31.5,180.0
T014,G2-01319,G2-01311,175000.0,31.5,180.0
T014,G2-01320,G2-01312,175000.0,31.5,180.0
T014,G2-01321,G2-01313,175000.0,31.5,180.0
T014,G2-01322,G2-01314,175000.0,31.5,180.0
T014,G2-01323,G2-01315,175000.0,31.5,180.0
T014,G2-01380,G2-01372,175000.0,31.5,180.0
T014,G2-01381,G2-01373,175000.0,31.5,180.0
T014,G2-01382,G2-01374,175000.0,31.5,180.0
T014,G2-01383,G2-01375,175000.0,31.5,180.0
T014,G2-01384,G2-01376,175000.0,31.5,180.0
T014,G2-01385,G2-01377,175000.0,31.5,180.0
T014,G2-01386,G2-01378,175000.0,31.5,180.0
T014,G2-01387,G2-01379,175000.0,31.5,180.0
T014,G2-01444,G2-01436,175000.0,31.5,180.0
T014,G2-01445,G2-01437,175000.0,31.5,180.0
T014,G2-01446,G2-01438,175000.0,31.5,180.0
T014,G2-01447,G2-01439,175000.0,31.5,180.0
T014,G2-01448,G2-01440,175000.0,31.5,180.0
T014,G2-01449,G2-01441,175000.0,31.5,180.0
T014,G2-01450,G2-01442,175000.0,31.5,180.0
T014,G2-01451,G2-01443,175000.0,31.5,180.0
T014,G2-01508,G2-01500,175000.0,31.5,180.0
T014,G2-01509,G2-01501,175000.0,31.5,180.0
T014,G2-01510,G2-01502,175000.0,31.5,180.0
T014,G2-01511,G2-01503,175000.0,31.5,180.0
T014,G2-01512,G2-01504,175000.0,31.5,180.0
T014,G2-01513,G2-01505,175000.0,31.5,180.0
T014,G2-01514,G2-01506,175000.0,31.5,180.0
T014,G2-01515,G2-01507,175000.0,31.5,180.0
T014,G2-01572,G2-01564,175000.0,31.5,180.0
T014,G2-01573,G2-01565,175000.0,31.5,180.0
T014,G2-01574,G2-01566,175000.0,31.5,180.0
T014,G2-01575,G2-01567,175000.0,31.5,180.0
T014,G2-01576,G2-01568,175000.0,31.5,180.0
T014,G2-01577,G2-01569,175000.0,31.5,180.0
T014,G2-01578,G2-01570,175000.0,31.5,180.0
T014,G2-01579,G2-01571,175000.0,31.5,180.0
T014,G2-01636,G2-01628,175000.0,31.5,180.0
T014,G2-01637,G2-01629,175000.0,31.5,180.0
T014,G2-01638,G2-01630,175000.0,31.5,180.0
T014,G2-01639,G2-01631,175000.0,31.5,180.0
T014,G2-01640,G2-01632,175000.0,31.5,180.0
T014,G2-01641,G2-01633,175000.0,31.5,180.0
T014,G2-01642,G2-01634,175000.0,31.5,180.0
T014,G2-01643,G2-01635,175000.0,31.5,180.0
T014,G2-01700,G2-01692,175000.0,31.5,180.0
T014,G2-01701,G2-01693,175000.0,31.5,180.0
T014,G2-01702,G2-01694,175000.0,31.5,180.0
T014,G2-01703,G2-01695,175000.0,31.5,180.0
T014,G2-01704,G2-01696,175000.0,31.5,180.0
T014,G2-01705,G2-01697,175000.0,31.5,180.0
T014,G2-01706,G2-01698,175000.0,31.5,180.0
T014,G2-01707,G2-01699,175000.0,31.5,180.0
T014,G2-01727,G2-01726,125000.0,32.0,256.0
T014,G2-01734,G2-01733,125000.0,32.0,256.0
T014,G2-01741,G2-01740,125000.0,32.0,256.0
T014,G2-01748,G2-01747,125000.0,32.0,256.0
T014,G2-01755,G2-01754,125000.0,32.0,256.0
T014,G2-01762,G2-01761,125000.0,32.0,256.0
T014,G2-01769,G2-01768,125000.0,32.0,256.0
T014,G2-01776,G2-01775,125000.0,32.0,256.0
T014,G2-01783,G2-01782,125000.0,32.0,256.0
T014,G2-01790,G2-01789,125000.0,32.0,256.0
T014,G2-01797,G2-01796,125000.0,32.0,256.0
T014,G2-01804,G2-01803,125000.0,32.0,256.0
T014,G2-01811,G2-01810,125000.0,32.0,256.0
T014,G2-01818,G2-01817,125000.0,32.0,256.0
T014,G2-01825,G2-01824,125000.0,32.0,256.0
T014,G2-01832,G2-01831,125000.0,32.0,256.0
T014,G2-01839,G2-01838,125000.0,32.0,256.0
T014,G2-01846,G2-01845,125000.0,32.0,256.0
T014,G2-01853,G2-01852,125000.0,32.0,256.0
T014,G2-01860,G2-01859,125000.0,32.0,256.0
T014,G2-01867,G2-01866,125000.0,32.0,256.0
T014,G2-01180,G2-01172,175000.0,39.5,225.71428571428572
T014,G2-01181,G2-01173,175000.0,39.5,225.71428571428572
T014,G2-01182,G2-01174,175000.0,39.5,225.71428571428572
T014,G2-01183,G2-01175,175000.0,39.5,225.71428571428572
T014,G2-01184,G2-01176,175000.0,39.5,225.71428571428572
T014,G2-01185,G2-01177,175000.0,39.5,225.71428571428572
T014,G2-01186,G2-01178,175000.0,39.5,225.71428571428572
T014,G2-01187,G2-01179,175000.0,39.5,225.71428571428572
T014,G2-01244,G2-01236,175000.0,39.5,225.71428571428572
T014,G2-01245,G2-01237,175000.0,39.5,225.71428571428572
T014,G2-01246,G2-01238,175000.0,39.5,225.71428571428572
T014,G2-01247,G2-01239,175000.0,39.5,225.71428571428572
T014,G2-01248,G2-01240,175000.0,39.5,225.71428571428572
T014,G2-01249,G2-01241,175000.0,39.5,225.71428571428572
T014,G2-01250,G2-01242,175000.0,39.5,225.71428571428572
T014,G2-01251,G2-01243,175000.0,39.5,225.71428571428572
T014,G2-01308,G2-01300,175000.0,39.5,225.71428571428572
T014,G2-01309,G2-01301,175000.0,39.5,225.71428571428572
T014,G2-01310,G2-01302,175000.0,39.5,225.71428571428572
T014,G2-01311,G2-01303,175000.0,39.5,225.71428571428572
T014,G2-01312,G2-01304,175000.0,39.5,225.71428571428572
T014,G2-01313,G2-01305,175000.0,39.5,225.71428571428572
T014,G2-01314,G2-01306,175000.0,39.5,225.71428571428572
T014,G2-01315,G2-01307,175000.0,39.5,225.71428571428572
T014,G2-01372,G2-01364,175000.0,39.5,225.71428571428572
T014,G2-01373,G2-01365,175000.0,39.5,225.71428571428572
T014,G2-01374,G2-01366,175000.0,39.5,225.71428571428572
T014,G2-01375,G2-01367,175000.0,39.5,225.71428571428572
T014,G2-01376,G2-01368,175000.0,39.5,225.71428571428572
T014,G2-01377,G2-01369,175000.0,39.5,225.71428571428572
T014,G2-01378,G2-01370,175000.0,39.5,225.71428571428572
T014,G2-01379,G2-01371,175000.0,39.5,225.71428571428572
T014,G2-01436,G2-01428,175000.0,39.5,225.71428571428572
T014,G2-01437,G2-01429,175000.0,39.5,225.71428571428572
T014,G2-01438,G2-01430,175000.0,39.5,225.71428571428572
T014,G2-01439,G2-01431,175000.0,39.5,225.71428571428572
T014,G2-01440,G2-01432,175000.0,39.5,225.71428571428572
T014,G2-01441,G2-01433,175000.0,39.5,225.71428571428572
T014,G2-01442,G2-01434,175000.0,39.5,225.71428571428572
T014,G2-01443,G2-01435,175000.0,39.5,225.71428571428572
T014,G2-01500,G2-01492,175000.0,39.5,225.71428571428572
T014,G2-01501,G2-01493,175000.0,39.5,225.71428571428572
T014,G2-01502,G2-01494,175000.0,39.5,225.71428571428572
T014,G2-01503,G2-01495,175000.0,39.5,225.71428571428572
T014,G2-01504,G2-01496,175000.0,39.5,225.71428571428572
T014,G2-01505,G2-01497,175000.0,39.5,225.71428571428572
T014,G2-01506,G2-01498,175000.0,39.5,225.71428571428572
T014,G2-01507,G2-01499,175000.0,39.5,225.71428571428572
T014,G2-01564,G2-01556,175000.0,39.5,225.71428571428572
T014,G2-01565,G2-01557,175000.0,39.5,225.71428571428572
T014,G2-01566,G2-01558,175000.0,39.5,225.71428571428572
T014,G2-01567,G2-01559,175000.0,39.5,225.71428571428572
T014,G2-01568,G2-01560,175000.0,39.5,225.71428571428572
T014,G2-01569,G2-01561,175000.0,39.5,225.71428571428572
T014,G2-01570,G2-01562,175000.0,39.5,225.71428571428572
T014,G2-01571,G2-01563,175000.0,39.5,225.71428571428572
T014,G2-01628,G2-01620,175000.0,39.5,225.71428571428572
T014,G2-01629,G2-01621,175000.0,39.5,225.71428571428572
T014,G2-01630,G2-01622,175000.0,39.5,225.71428571428572
T014,G2-01631,G2-01623,175000.0,39.5,225.71428571428572
T014,G2-01632,G2-01624,175000.0,39.5,225.71428571428572
T014,G2-01633,G2-01625,175000.0,39.5,225.71428571428572
T014,G2-01634,G2-01626,175000.0,39.5,225.71428571428572
T014,G2-01635,G2-01627,175000.0,39.5,225.71428571428572
T014,G2-01692,G2-01684,175000.0,39.5,225.71428571428572
T014,G2-01693,G2-01685,175000.0,39.5,225.71428571428572
T014,G2-01694,G2-01686,175000.0,39.5,225.71428571428572
T014,G2-01695,G2-01687,175000.0,39.5,225.71428571428572
T014,G2-01696,G2-01688,175000.0,39.5,225.71428571428572
T014,G2-01697,G2-01689,175000.0,39.5,225.71428571428572
T014,G2-01698,G2-01690,175000.0,39.5,225.71428571428572
T014,G2-01699,G2-01691,175000.0,39.5,225.71428571428572
T014,G2-01873,G2-01872,87500.0,16.0,182.85714285714286
T014,G2-01172,G2-01164,175000.0,47.5,271.42857142857144
T014,G2-01173,G2-01165,175000.0,47.5,271.42857142857144
T014,G2-01174,G2-01166,175000.0,47.5,271.42857142857144
T014,G2-01175,G2-01167,175000.0,47.5,271.42857142857144
T014,G2-01176,G2-01168,175000.0,47.5,271.42857142857144
T014,G2-01177,G2-01169,175000.0,47.5,271.42857142857144
T014,G2-01178,G2-01170,175000.0,47.5,271.42857142857144
T014,G2-01179,G2-01171,175000.0,47.5,271.42857142857144
T014,G2-01236,G2-01228,175000.0,47.5,271.42857142857144
T014,G2-01237,G2-01229,175000.0,47.5,271.42857142857144
T014,G2-01238,G2-01230,175000.0,47.5,271.42857142857144
T014,G2-01239,G2-01231,175000.0,47.5,271.42857142857144
T014,G2-01240,G2-01232,175000.0,47.5,271.42857142857144
T014,G2-01241,G2-01233,175000.0,47.5,271.42857142857144
T014,G2-01242,G2-01234,175000.0,47.5,271.42857142857144
T014,G2-01243,G2-01235,175000.0,47.5,271.42857142857144
T014,G2-01300,G2-01292,175000.0,47.5,271.42857142857144
T014,G2-01301,G2-01293,175000.0,47.5,271.42857142857144
T014,G2-01302,G2-01294,175000.0,47.5,271.42857142857144
T014,G2-01303,G2-01295,175000.0,47.5,271.42857142857144
T014,G2-01304,G2-01296,175000.0,47.5,271.42857142857144
T014,G2-01305,G2-01297,175000.0,47.5,271.42857142857144
T014,G2-01306,G2-01298,175000.0,47.5,271.42857142857144
T014,G2-01307,G2-01299,175000.0,47.5,271.42857142857144
T014,G2-01364,G2-01356,175000.0,47.5,271.42857142857144
T014,G2-01365,G2-01357,175000.0,47.5,271.42857142857144
T014,G2-01366,G2-01358,175000.0,47.5,271.42857142857144
T014,G2-01367,G2-01359,175000.0,47.5,271.42857142857144
T014,G2-01368,G2-01360,175000.0,47.5,271.42857142857144
T014,G2-01369,G2-01361,175000.0,47.5,271.42857142857144
T014,G2-01370,G2-01362,175000.0,47.5,271.42857142857144
T014,G2-01371,G2-01363,175000.0,47.5,271.42857142857144
T014,G2-01428,G2-01420,175000.0,47.5,271.42857142857144
T014,G2-01429,G2-01421,175000.0,47.5,271.42857142857144
T014,G2-01430,G2-01422,175000.0,47.5,271.42857142857144
T014,G2-01431,G2-01423,175000.0,47.5,271.42857142857144
T014,G2-01432,G2-01424,175000.0,47.5,271.42857142857144
T014,G2-01433,G2-01425,175000.0,47.5,271.42857142857144
T014,G2-01434,G2-01426,175000.0,47.5,271.42857142857144
T014,G2-01435,G2-01427,175000.0,47.5,271.42857142857144
T014,G2-01492,G2-01484,175000.0,47.5,271.42857142857144
T014,G2-01493,G2-01485,175000.0,47.5,271.42857142857144
T014,G2-01494,G2-01486,175000.0,47.5,271.42857142857144
T014,G2-01495,G2-01487,175000.0,47.5,271.42857142857144
T014,G2-01496,G2-01488,175000.0,47.5,271.42857142857144
T014,G2-01497,G2-01489,175000.0,47.5,271.42857142857144
T014,G2-01498,G2-01490,175000.0,47.5,271.42857142857144
T014,G2-01499,G2-01491,175000.0,47.5,271.42857142857144
T014,G2-01556,G2-01548,175000.0,47.5,271.42857142857144
T014,G2-01557,G2-01549,175000.0,47.5,271.42857142857144
T014,G2-01558,G2-01550,175000.0,47.5,271.42857142857144
T014,G2-01559,G2-01551,175000.0,47.5,271.42857142857144
T014,G2-01560,G2-01552,175000.0,47.5,271.42857142857144
T014,G2-01561,G2-01553,175000.0,47.5,271.42857142857144
T014,G2-01562,G2-01554,175000.0,47.5,271.42857142857144
T014,G2-01563,G2-01555,175000.0,47.5,271.42857142857144
T014,G2-01620,G2-01612,175000.0,47.5,271.42857142857144
T014,G2-01621,G2-01613,175000.0,47.5,271.42857142857144
T014,G2-01622,G2-01614,175000.0,47.5,271.42857142857144
T014,G2-01623,G2-01615,175000.0,47.5,271.42857142857144
T014,G2-01624,G2-01616,175000.0,47.5,271.42857142857144
T014,G2-01625,G2-01617,175000.0,47.5,271.42857142857144
T014,G2-01626,G2-01618,175000.0,47.5,271.42857142857144
T014,G2-01627,G2-01619,175000.0,47.5,271.42857142857144
T014,G2-01684,G2-01676,175000.0,47.5,271.42857142857144
T014,G2-01685,G2-01677,175000.0,47.5,271.42857142857144
T014,G2-01686,G2-01678,175000.0,47.5,271.42857142857144
T014,G2-01687,G2-01679,175000.0,47.5,271.42857142857144
T014,G2-01688,G2-01680,175000.0,47.5,271.42857142857144
T014,G2-01689,G2-01681,175000.0,47.5,271.42857142857144
T014,G2-01690,G2-01682,175000.0,47.5,271.42857142857144
T014,G2-01691,G2-01683,175000.0,47.5,271.42857142857144
T014,G2-01726,G2-01725,125000.0,40.0,320.0
T014,G2-01733,G2-01732,125000.0,40.0,320.0
T014,G2-01740,G2-01739,125000.0,40.0,320.0
T014,G2-01747,G2-01746,125000.0,40.0,320.0
T014,G2-01754,G2-01753,125000.0,40.0,320.0
T014,G2-01761,G2-01760,125000.0,40.0,320.0
T014,G2-01768,G2-01767,125000.0,40.0,320.0
T014,G2-01775,G2-01774,125000.0,40.0,320.0
T014,G2-01782,G2-01781,125000.0,40.0,320.0
T014,G2-01789,G2-01788,125000.0,40.0,320.0
T014,G2-01796,G2-01795,125000.0,40.0,320.0
T014,G2-01803,G2-01802,125000.0,40.0,320.0
T014,G2-01810,G2-01809,125000.0,40.0,320.0
T014,G2-01817,G2-01816,125000.0,40.0,320.0
T014,G2-01824,G2-01823,125000.0,40.0,320.0
T014,G2-01831,G2-01830,125000.0,40.0,320.0
T014,G2-01838,G2-01837,125000.0,40.0,320.0
T014,G2-01845,G2-01844,125000.0,40.0,320.0
T014,G2-01852,G2-01851,125000.0,40.0,320.0
T014,G2-01859,G2-01858,125000.0,40.0,320.0
T014,G2-01866,G2-01865,125000.0,40.0,320.0
T014,G2-01164,G2-01156,175000.0,55.5,317.14285714285717
T014,G2-01165,G2-01157,175000.0,55.5,317.14285714285717
T014,G2-01166,G2-01158,175000.0,55.5,317.14285714285717
T014,G2-01167,G2-01159,175000.0,55.5,317.14285714285717
T014,G2-01168,G2-01160,175000.0,55.5,317.14285714285717
T014,G2-01169,G2-01161,175000.0,55.5,317.14285714285717
T014,G2-01170,G2-01162,175000.0,55.5,317.14285714285717
T014,G2-01171,G2-01163,175000.0,55.5,317.14285714285717
T014,G2-01228,G2-01220,175000.0,55.5,317.14285714285717
T014,G2-01229,G2-01221,175000.0,55.5,317.14285714285717
T014,G2-01230,G2-01222,175000.0,55.5,317.14285714285717
T014,G2-01231,G2-01223,175000.0,55.5,317.14285714285717
T014,G2-01232,G2-01224,175000.0,55.5,317.14285714285717
T014,G2-01233,G2-01225,175000.0,55.5,317.14285714285717
T014,G2-01234,G2-01226,175000.0,55.5,317.14285714285717
T014,G2-01235,G2-01227,175000.0,55.5,317.14285714285717
T014,G2-01292,G2-01284,175000.0,55.5,317.14285714285717
T014,G2-01293,G2-01285,175000.0,55.5,317.14285714285717
T014,G2-01294,G2-01286,175000.0,55.5,317.14285714285717
T014,G2-01295,G2-01287,175000.0,55.5,317.14285714285717
T014,G2-01296,G2-01288,175000.0,55.5,317.14285714285717
T014,G2-01297,G2-01289,175000.0,55.5,317.14285714285717
T014,G2-01298,G2-01290,175000.0,55.5,317.14285714285717
T014,G2-01299,G2-01291,175000.0,55.5,317.14285714285717
T014,G2-01356,G2-01348,175000.0,55.5,317.14285714285717
T014,G2-01357,G2-01349,175000.0,55.5,317.14285714285717
T014,G2-01358,G2-01350,175000.0,55.5,317.14285714285717
T014,G2-01359,G2-01351,175000.0,55.5,317.14285714285717
T014,G2-01360,G2-01352,175000.0,55.5,317.14285714285717
T014,G2-01361,G2-01353,175000.0,55.5,317.14285714285717
T014,G2-01362,G2-01354,175000.0,55.5,317.14285714285717
T014,G2-01363,G2-01355,175000.0,55.5,317.14285714285717
T014,G2-01420,G2-01412,175000.0,55.5,317.14285714285717
T014,G2-01421,G2-01413,175000.0,55.5,317.14285714285717
T014,G2-01422,G2-01414,175000.0,55.5,317.14285714285717
T014,G2-01423,G2-01415,175000.0,55.5,317.14285714285717
T014,G2-01424,G2-01416,175000.0,55.5,317.14285714285717
T014,G2-01425,G2-01417,175000.0,55.5,317.14285714285717
T014,G2-01426,G2-01418,175000.0,55.5,317.14285714285717
T014,G2-01427,G2-01419,175000.0,55.5,317.14285714285717
T014,G2-01484,G2-01476,175000.0,55.5,317.14285714285717
T014,G2-01485,G2-01477,175000.0,55.5,317.14285714285717
T014,G2-01486,G2-01478,175000.0,55.5,317.14285714285717
T014,G2-01487,G2-01479,175000.0,55.5,317.14285714285717
T014,G2-01488,G2-01480,175000.0,55.5,317.14285714285717
T014,G2-01489,G2-01481,175000.0,55.5,317.14285714285717
T014,G2-01490,G2-01482,175000.0,55.5,317.14285714285717
T014,G2-01491,G2-01483,175000.0,55.5,317.14285714285717
T014,G2-01548,G2-01540,175000.0,55.5,317.14285714285717
T014,G2-01549,G2-01541,175000.0,55.5,317.14285714285717
T014,G2-01550,G2-01542,175000.0,55.5,317.14285714285717
T014,G2-01551,G2-01543,175000.0,55.5,317.14285714285717
T014,G2-01552,G2-01544,175000.0,55.5,317.14285714285717
T014,G2-01553,G2-01545,175000.0,55.5,317.14285714285717
T014,G2-01554,G2-01546,175000.0,55.5,317.14285714285717
T014,G2-01555,G2-01547,175000.0,55.5,317.14285714285717
T014,G2-01612,G2-01604,175000.0,55.5,317.14285714285717
T014,G2-01613,G2-01605,175000.0,55.5,317.14285714285717
T014,G2-01614,G2-01606,175000.0,55.5,317.14285714285717
T014,G2-01615,G2-01607,175000.0,55.5,317.14285714285717
T014,G2-01616,G2-01608,175000.0,55.5,317.14285714285717
T014,G2-01617,G2-01609,175000.0,55.5,317.14285714285717
T014,G2-01618,G2-01610,175000.0,55.5,317.14285714285717
T014,G2-01619,G2-01611,175000.0,55.5,317.14285714285717
T014,G2-01676,G2-01668,175000.0,55.5,317.14285714285717
T014,G2-01677,G2-01669,175000.0,55.5,317.14285714285717
T014,G2-01678,G2-01670,175000.0,55.5,317.14285714285717
T014,G2-01679,G2-01671,175000.0,55.5,317.14285714285717
T014,G2-01680,G2-01672,175000.0,55.5,317.14285714285717
T014,G2-01681,G2-01673,175000.0,55.5,317.14285714285717
T014,G2-01682,G2-01674,175000.0,55.5,317.14285714285717
T014,G2-01683,G2-01675,175000.0,55.5,317.14285714285717
T014,G2-01872,G2-01871,87500.0,24.0,274.2857142857143
T014,G2-01725,G2-01724,125000.0,48.0,384.0
T014,G2-01732,G2-01731,125000.0,48.0,384.0
T014,G2-01739,G2-01738,125000.0,48.0,384.0
T014,G2-01746,G2-01745,125000.0,48.0,384.0
T014,G2-01753,G2-01752,125000.0,48.0,384.0
T014,G2-01760,G2-01759,125000.0,48.0,384.0
T014,G2-01767,G2-01766,125000.0,48.0,384.0
T014,G2-01774,G2-01773,125000.0,48.0,384.0
T014,G2-01781,G2-01780,125000.0,48.0,384.0
T014,G2-01788,G2-01787,125000.0,48.0,384.0
T014,G2-01795,G2-01794,125000.0,48.0,384.0
T014,G2-01802,G2-01801,125000.0,48.0,384.0
T014,G2-01809,G2-01808,125000.0,48.0,384.0
T014,G2-01816,G2-01815,125000.0,48.0,384.0
T014,G2-01823,G2-01822,125000.0,48.0,384.0
T014,G2-01830,G2-01829,125000.0,48.0,384.0
T014,G2-01837,G2-01836,125000.0,48.0,384.0
T014,G2-01844,G2-01843,125000.0,48.0,384.0
T014,G2-01851,G2-01850,125000.0,48.0,384.0
T014,G2-01858,G2-01857,125000.0,48.0,384.0
T014,G2-01865,G2-01864,125000.0,48.0,384.0
T014,G2-01156,G2-01148,175000.0,63.5,362.8571428571429
T014,G2-01157,G2-01149,175000.0,63.5,362.8571428571429
T014,G2-01158,G2-01150,175000.0,63.5,362.8571428571429
T014,G2-01159,G2-01151,175000.0,63.5,362.8571428571429
T014,G2-01160,G2-01152,175000.0,63.5,362.8571428571429
T014,G2-01161,G2-01153,175000.0,63.5,362.8571428571429
T014,G2-01162,G2-01154,175000.0,63.5,362.8571428571429
T014,G2-01163,G2-01155,175000.0,63.5,362.8571428571429
T014,G2-01220,G2-01212,175000.0,63.5,362.8571428571429
T014,G2-01221,G2-01213,175000.0,63.5,362.8571428571429
T014,G2-01222,G2-01214,175000.0,63.5,362.8571428571429
T014,G2-01223,G2-01215,175000.0,63.5,362.8571428571429
T014,G2-01224,G2-01216,175000.0,63.5,362.8571428571429
T014,G2-01225,G2-01217,175000.0,63.5,362.8571428571429
T014,G2-01226,G2-01218,175000.0,63.5,362.8571428571429
T014,G2-01227,G2-01219,175000.0,63.5,362.8571428571429
T014,G2-01284,G2-01276,175000.0,63.5,362.8571428571429
T014,G2-01285,G2-01277,175000.0,63.5,362.8571428571429
T014,G2-01286,G2-01278,175000.0,63.5,362.8571428571429
T014,G2-01287,G2-01279,175000.0,63.5,362.8571428571429
T014,G2-01288,G2-01280,175000.0,63.5,362.8571428571429
T014,G2-01289,G2-01281,175000.0,63.5,362.8571428571429
T014,G2-01290,G2-01282,175000.0,63.5,362.8571428571429
T014,G2-01291,G2-01283,175000.0,63.5,362.8571428571429
T014,G2-01348,G2-01340,175000.0,63.5,362.8571428571429
T014,G2-01349,G2-01341,175000.0,63.5,362.8571428571429
T014,G2-01350,G2-01342,175000.0,63.5,362.8571428571429
T014,G2-01351,G2-01343,175000.0,63.5,362.8571428571429
T014,G2-01352,G2-01344,175000.0,63.5,362.8571428571429
T014,G2-01353,G2-01345,175000.0,63.5,362.8571428571429
T014,G2-01354,G2-01346,175000.0,63.5,362.8571428571429
T014,G2-01355,G2-01347,175000.0,63.5,362.8571428571429
T014,G2-01412,G2-01404,175000.0,63.5,362.8571428571429
T014,G2-01413,G2-01405,175000.0,63.5,362.8571428571429
T014,G2-01414,G2-01406,175000.0,63.5,362.8571428571429
T014,G2-01415,G2-01407,175000.0,63.5,362.8571428571429
T014,G2-01416,G2-01408,175000.0,63.5,362.8571428571429
T014,G2-01417,G2-01409,175000.0,63.5,362.8571428571429
T014,G2-01418,G2-01410,175000.0,63.5,362.8571428571429
T014,G2-01419,G2-01411,175000.0,63.5,362.8571428571429
T014,G2-01476,G2-01468,175000.0,63.5,362.8571428571429
T014,G2-01477,G2-01469,175000.0,63.5,362.8571428571429
T014,G2-01478,G2-01470,175000.0,63.5,362.8571428571429
T014,G2-01479,G2-01471,175000.0,63.5,362.8571428571429
T014,G2-01480,G2-01472,175000.0,63.5,362.8571428571429
T014,G2-01481,G2-01473,175000.0,63.5,362.8571428571429
T014,G2-01482,G2-01474,175000.0,63.5,362.8571428571429
T014,G2-01483,G2-01475,175000.0,63.5,362.8571428571429
T014,G2-01540,G2-01532,175000.0,63.5,362.8571428571429
T014,G2-01541,G2-01533,175000.0,63.5,362.8571428571429
T014,G2-01542,G2-01534,175000.0,63.5,362.8571428571429
T014,G2-01543,G2-01535,175000.0,63.5,362.8571428571429
T014,G2-01544,G2-01536,175000.0,63.5,362.8571428571429
T014,G2-01545,G2-01537,175000.0,63.5,362.8571428571429
T014,G2-01546,G2-01538,175000.0,63.5,362.8571428571429
T014,G2-01547,G2-01539,175000.0,63.5,362.8571428571429
T014,G2-01604,G2-01596,175000.0,63.5,362.8571428571429
T014,G2-01605,G2-01597,175000.0,63.5,362.8571428571429
T014,G2-01606,G2-01598,175000.0,63.5,362.8571428571429
T014,G2-01607,G2-01599,175000.0,63.5,362.8571428571429
T014,G2-01608,G2-01600,175000.0,63.5,362.8571428571429
T014,G2-01609,G2-01601,175000.0,63.5,362.8571428571429
T014,G2-01610,G2-01602,175000.0,63.5,362.8571428571429
T014,G2-01611,G2-01603,175000.0,63.5,362.8571428571429
T014,G2-01668,G2-01660,175000.0,63.5,362.8571428571429
T014,G2-01669,G2-01661,175000.0,63.5,362.8571428571429
T014,G2-01670,G2-01662,175000.0,63.5,362.8571428571429
T014,G2-01671,G2-01663,175000.0,63.5,362.8571428571429
T014,G2-01672,G2-01664,175000.0,63.5,362.8571428571429
T014,G2-01673,G2-01665,175000.0,63.5,362.8571428571429
T014,G2-01674,G2-01666,175000.0,63.5,362.8571428571429
T014,G2-01675,G2-01667,175000.0,63.5,362.8571428571429
T015,G3-00311,G2-01931,175000.0,7.5,42.85714285714286
T015,G3-00311,G2-01932,175000.0,7.5,42.85714285714286
T015,G3-00312,G2-01933,175000.0,7.5,42.85714285714286
T015,G3-00312,G2-01934,175000.0,7.5,42.85714285714286
T015,G3-00313,G2-01935,175000.0,7.5,42.85714285714286
T015,G3-00313,G2-01936,175000.0,7.5,42.85714285714286
T015,G3-00314,G2-01937,175000.0,7.5,42.85714285714286
T015,G3-00314,G2-01938,175000.0,7.5,42.85714285714286
T015,G3-00319,G1-00031,240000.0,10.285714285714286,42.85714285714286
T015,G3-00319,G1-00032,60000.0,2.5714285714285716,42.85714285714286
T015,G3-00319,G1-00034,40000.0,1.7142857142857142,42.857142857142854
T015,G3-00319,G1-00035,10000.0,0.42857142857142855,42.857142857142854
T015,G3-00320,G1-00032,180000.0,7.714285714285714,42.85714285714286
T015,G3-00320,G1-00033,120000.0,5.142857142857143,42.85714285714286
T015,G3-00320,G1-00035,30000.0,1.2857142857142858,42.85714285714286
T015,G3-00320,G1-00036,20000.0,0.8571428571428571,42.857142857142854
T015,G3-00321,G1-00067,240000.0,10.285714285714286,42.85714285714286
T015,G3-00321,G1-00068,60000.0,2.5714285714285716,42.85714285714286
T015,G3-00321,G1-00070,40000.0,1.7142857142857142,42.857142857142854
T015,G3-00321,G1-00071,10000.0,0.42857142857142855,42.857142857142854
T015,G3-00322,G1-00068,180000.0,7.714285714285714,42.85714285714286
T015,G3-00322,G1-00069,120000.0,5.142857142857143,42.85714285714286
T015,G3-00322,G1-00071,30000.0,1.2857142857142858,42.85714285714286
T015,G3-00322,G1-00072,20000.0,0.8571428571428571,42.857142857142854
T015,G3-00323,G1-00103,240000.0,10.285714285714286,42.85714285714286
T015,G3-00323,G1-00104,60000.0,2.5714285714285716,42.85714285714286
T015,G3-00323,G1-00106,40000.0,1.7142857142857142,42.857142857142854
T015,G3-00323,G1-00107,10000.0,0.42857142857142855,42.857142857142854
T015,G3-00324,G1-00104,180000.0,7.714285714285714,42.85714285714286
T015,G3-00324,G1-00105,120000.0,5.142857142857143,42.85714285714286
T015,G3-00324,G1-00107,30000.0,1.2857142857142858,42.85714285714286
T015,G3-00324,G1-00108,20000.0,0.8571428571428571,42.857142857142854
T015,G3-00325,G1-00139,240000.0,10.285714285714286,42.85714285714286
T015,G3-00325,G1-00140,60000.0,2.5714285714285716,42.85714285714286
T015,G3-00325,G1-00142,40000.0,1.7142857142857142,42.857142857142854
T015,G3-00325,G1-00143,10000.0,0.42857142857142855,42.857142857142854
T015,G3-00326,G1-00140,180000.0,7.714285714285714,42.85714285714286
T015,G3-00326,G1-00141,120000.0,5.142857142857143,42.85714285714286
T015,G3-00326,G1-00143,30000.0,1.2857142857142858,42.85714285714286
T015,G3-00326,G1-00144,20000.0,0.8571428571428571,42.857142857142854
T015,G3-00327,G1-00175,240000.0,10.285714285714286,42.85714285714286
T015,G3-00327,G1-00176,60000.0,2.5714285714285716,42.85714285714286
T015,G3-00327,G1-00178,40000.0,1.7142857142857142,42.857142857142854
T015,G3-00327,G1-00179,10000.0,0.42857142857142855,42.857142857142854
T015,G3-00328,G1-00176,180000.0,7.714285714285714,42.85714285714286
T015,G3-00328,G1-00177,120000.0,5.142857142857143,42.85714285714286
T015,G3-00328,G1-00179,30000.0,1.2857142857142858,42.85714285714286
T015,G3-00328,G1-00180,20000.0,0.8571428571428571,42.857142857142854
T015,G3-00329,G1-00211,240000.0,10.285714285714286,42.85714285714286
T015,G3-00329,G1-00212,60000.0,2.5714285714285716,42.85714285714286
T015,G3-00329,G1-00214,40000.0,1.7142857142857142,42.857142857142854
T015,G3-00329,G1-00215,10000.0,0.42857142857142855,42.857142857142854
T015,G3-00330,G1-00212,180000.0,7.714285714285714,42.85714285714286
T015,G3-00330,G1-00213,120000.0,5.142857142857143,42.85714285714286
T015,G3-00330,G1-00215,30000.0,1.2857142857142858,42.85714285714286
T015,G3-00330,G1-00216,20000.0,0.8571428571428571,42.857142857142854
T015,G3-00331,G1-00247,240000.0,10.285714285714286,42.85714285714286
T015,G3-00331,G1-00248,60000.0,2.5714285714285716,42.85714285714286
T015,G3-00331,G1-00250,40000.0,1.7142857142857142,42.857142857142854
T015,G3-00331,G1-00251,10000.0,0.42857142857142855,42.857142857142854
T015,G3-00332,G1-00248,180000.0,7.714285714285714,42.85714285714286
T015,G3-00332,G1-00249,120000.0,5.142857142857143,42.85714285714286
T015,G3-00332,G1-00251,30000.0,1.2857142857142858,42.85714285714286
T015,G3-00332,G1-00252,20000.0,0.8571428571428571,42.857142857142854
T015,G3-00333,G1-00283,240000.0,10.285714285714286,42.85714285714286
T015,G3-00333,G1-00284,60000.0,2.5714285714285716,42.85714285714286
T015,G3-00333,G1-00286,40000.0,1.7142857142857142,42.857142857142854
T015,G3-00333,G1-00287,10000.0,0.42857142857142855,42.857142857142854
T015,G3-00334,G1-00284,180000.0,7.714285714285714,42.85714285714286
T015,G3-00334,G1-00285,120000.0,5.142857142857143,42.85714285714286
T015,G3-00334,G1-00287,30000.0,1.2857142857142858,42.85714285714286
T015,G3-00334,G1-00288,20000.0,0.8571428571428571,42.857142857142854
T015,G2-01931,G2-01923,175000.0,15.5,88.57142857142858
T015,G2-01932,G2-01924,175000.0,15.5,88.57142857142858
T015,G2-01933,G2-01925,175000.0,15.5,88.57142857142858
T015,G2-01934,G2-01926,175000.0,15.5,88.57142857142858
T015,G2-01935,G2-01927,175000.0,15.5,88.57142857142858
T015,G2-01936,G2-01928,175000.0,15.5,88.57142857142858
T015,G2-01937,G2-01929,175000.0,15.5,88.57142857142858
T015,G2-01938,G2-01930,175000.0,15.5,88.57142857142858
T015,G3-00315,G2-01987,175000.0,7.5,42.85714285714286
T015,G3-00315,G2-01988,175000.0,7.5,42.85714285714286
T015,G3-00316,G2-01989,175000.0,7.5,42.85714285714286
T015,G3-00316,G2-01990,175000.0,7.5,42.85714285714286
T015,G3-00317,G2-01991,175000.0,7.5,42.85714285714286
T015,G3-00317,G2-01992,175000.0,7.5,42.85714285714286
T015,G3-00318,G2-01993,175000.0,7.5,42.85714285714286
T015,G3-00318,G2-01994,175000.0,7.5,42.85714285714286
T015,G2-02000,G2-01999,125000.0,8.0,64.0
T015,G2-01923,G2-01915,175000.0,23.5,134.2857142857143
T015,G2-01924,G2-01916,175000.0,23.5,134.2857142857143
T015,G2-01925,G2-01917,175000.0,23.5,134.2857142857143
T015,G2-01926,G2-01918,175000.0,23.5,134.2857142857143
T015,G2-01927,G2-01919,175000.0,23.5,134.2857142857143
T015,G2-01928,G2-01920,175000.0,23.5,134.2857142857143
T015,G2-01929,G2-01921,175000.0,23.5,134.2857142857143
T015,G2-01930,G2-01922,175000.0,23.5,134.2857142857143
T015,G2-01987,G2-01979,175000.0,15.5,88.57142857142858
T015,G2-01988,G2-01980,175000.0,15.5,88.57142857142858
T015,G2-01989,G2-01981,175000.0,15.5,88.57142857142858
T015,G2-01990,G2-01982,175000.0,15.5,88.57142857142858
T015,G2-01991,G2-01983,175000.0,15.5,88.57142857142858
T015,G2-01992,G2-01984,175000.0,15.5,88.57142857142858
T015,G2-01993,G2-01985,175000.0,15.5,88.57142857142858
T015,G2-01994,G2-01986,175000.0,15.5,88.57142857142858
T015,G1-00031,G1-00025,240000.0,22.285714285714285,92.85714285714286
T015,G1-00032,G1-00026,240000.0,22.285714285714285,92.85714285714286
T015,G1-00033,G1-00027,240000.0,17.142857142857142,71.42857142857143
T015,G1-00034,G1-00028,240000.0,13.714285714285714,57.14285714285714
T015,G1-00035,G1-00029,240000.0,13.714285714285715,57.142857142857146
T015,G1-00036,G1-00030,240000.0,12.857142857142858,53.57142857142858
T015,G1-00067,G1-00061,240000.0,22.285714285714285,92.85714285714286
T015,G1-00068,G1-00062,240000.0,22.285714285714285,92.85714285714286
T015,G1-00069,G1-00063,240000.0,17.142857142857142,71.42857142857143
T015,G1-00070,G1-00064,240000.0,13.714285714285714,57.14285714285714
T015,G1-00071,G1-00065,240000.0,13.714285714285715,57.142857142857146
T015,G1-00072,G1-00066,240000.0,12.857142857142858,53.57142857142858
T015,G1-00103,G1-00097,240000.0,22.285714285714285,92.85714285714286
T015,G1-00104,G1-00098,240000.0,22.285714285714285,92.85714285714286
T015,G1-00105,G1-00099,240000.0,17.142857142857142,71.42857142857143
T015,G1-00106,G1-00100,240000.0,13.714285714285714,57.14285714285714
T015,G1-00107,G1-00101,240000.0,13.714285714285715,57.142857142857146
T015,G1-00108,G1-00102,240000.0,12.857142857142858,53.57142857142858
T015,G1-00139,G1-00133,240000.0,22.285714285714285,92.85714285714286
T015,G1-00140,G1-00134,240000.0,22.285714285714285,92.85714285714286
T015,G1-00141,G1-00135,240000.0,17.142857142857142,71.42857142857143
T015,G1-00142,G1-00136,240000.0,13.714285714285714,57.14285714285714
T015,G1-00143,G1-00137,240000.0,13.714285714285715,57.142857142857146
T015,G1-00144,G1-00138,240000.0,12.857142857142858,53.57142857142858
T015,G1-00175,G1-00169,240000.0,22.285714285714285,92.85714285714286
T015,G1-00176,G1-00170,240000.0,22.285714285714285,92.85714285714286
T015,G1-00177,G1-00171,240000.0,17.142857142857142,71.42857142857143
T015,G1-00178,G1-00172,240000.0,13.714285714285714,57.14285714285714
T015,G1-00179,G1-00173,240000.0,13.714285714285715,57.142857142857146
T015,G1-00180,G1-00174,240000.0,12.857142857142858,53.57142857142858
T015,G1-00211,G1-00205,240000.0,22.285714285714285,92.85714285714286
T015,G1-00212,G1-00206,240000.0,22.285714285714285,92.85714285714286
T015,G1-00213,G1-00207,240000.0,17.142857142857142,71.42857142857143
T015,G1-00214,G1-00208,240000.0,13.714285714285714,57.14285714285714
T015,G1-00215,G1-00209,240000.0,13.714285714285715,57.142857142857146
T015,G1-00216,G1-00210,240000.0,12.857142857142858,53.57142857142858
T015,G1-00247,G1-00241,240000.0,22.285714285714285,92.85714285714286
T015,G1-00248,G1-00242,240000.0,22.285714285714285,92.85714285714286
T015,G1-00249,G1-00243,240000.0,17.142857142857142,71.42857142857143
T015,G1-00250,G1-00244,240000.0,13.714285714285714,57.14285714285714
T015,G1-00251,G1-00245,240000.0,13.714285714285715,57.142857142857146
T015,G1-00252,G1-00246,240000.0,12.857142857142858,53.57142857142858
T015,G1-00283,G1-00277,240000.0,22.285714285714285,92.85714285714286
T015,G1-00284,G1-00278,240000.0,22.285714285714285,92.85714285714286
T015,G1-00285,G1-00279,240000.0,17.142857142857142,71.42857142857143
T015,G1-00286,G1-00280,240000.0,13.714285714285714,57.14285714285714
T015,G1-00287,G1-00281,240000.0,13.714285714285715,57.142857142857146
T015,G1-00288,G1-00282,240000.0,12.857142857142858,53.57142857142858
T015,G2-01999,G2-01998,125000.0,16.0,128.0
T015,G2-01915,G2-01907,175000.0,31.5,180.0
T015,G2-01916,G2-01908,175000.0,31.5,180.0
T015,G2-01917,G2-01909,175000.0,31.5,180.0
T015,G2-01918,G2-01910,175000.0,31.5,180.0
T015,G2-01919,G2-01911,175000.0,31.5,180.0
T015,G2-01920,G2-01912,175000.0,31.5,180.0
T015,G2-01921,G2-01913,175000.0,31.5,180.0
T015,G2-01922,G2-01914,175000.0,31.5,180.0
T015,G2-01979,G2-01971,175000.0,23.5,134.2857142857143
T015,G2-01980,G2-01972,175000.0,23.5,134.2857142857143
T015,G2-01981,G2-01973,175000.0,23.5,134.2857142857143
T015,G2-01982,G2-01974,175000.0,23.5,134.2857142857143
T015,G2-01983,G2-01975,175000.0,23.5,134.2857142857143
T015,G2-01984,G2-01976,175000.0,23.5,134.2857142857143
T015,G2-01985,G2-01977,175000.0,23.5,134.2857142857143
T015,G2-01986,G2-01978,175000.0,23.5,134.2857142857143
T015,G1-00025,G1-00019,240000.0,34.285714285714285,142.85714285714286
T015,G1-00026,G1-00020,240000.0,34.285714285714285,142.85714285714286
T015,G1-00027,G1-00021,240000.0,29.142857142857142,121.42857142857143
T015,G1-00028,G1-00022,240000.0,25.714285714285715,107.14285714285715
T015,G1-00029,G1-00023,240000.0,25.714285714285715,107.14285714285715
T015,G1-00030,G1-00024,240000.0,24.857142857142858,103.57142857142858
T015,G1-00061,G1-00055,240000.0,34.285714285714285,142.85714285714286
T015,G1-00062,G1-00056,240000.0,34.285714285714285,142.85714285714286
T015,G1-00063,G1-00057,240000.0,29.142857142857142,121.42857142857143
T015,G1-00064,G1-00058,240000.0,25.714285714285715,107.14285714285715
T015,G1-00065,G1-00059,240000.0,25.714285714285715,107.14285714285715
T015,G1-00066,G1-00060,240000.0,24.857142857142858,103.57142857142858
T015,G1-00097,G1-00091,240000.0,34.285714285714285,142.85714285714286
T015,G1-00098,G1-00092,240000.0,34.285714285714285,142.85714285714286
T015,G1-00099,G1-00093,240000.0,29.142857142857142,121.42857142857143
T015,G1-00100,G1-00094,240000.0,25.714285714285715,107.14285714285715
T015,G1-00101,G1-00095,240000.0,25.714285714285715,107.14285714285715
T015,G1-00102,G1-00096,240000.0,24.857142857142858,103.57142857142858
T015,G1-00133,G1-00127,240000.0,34.285714285714285,142.85714285714286
T015,G1-00134,G1-00128,240000.0,34.285714285714285,142.85714285714286
T015,G1-00135,G1-00129,240000.0,29.142857142857142,121.42857142857143
T015,G1-00136,G1-00130,240000.0,25.714285714285715,107.14285714285715
T015,G1-00137,G1-00131,240000.0,25.714285714285715,107.14285714285715
T015,G1-00138,G1-00132,240000.0,24.857142857142858,103.57142857142858
T015,G1-00169,G1-00163,240000.0,34.285714285714285,142.85714285714286
T015,G1-00170,G1-00164,240000.0,34.285714285714285,142.85714285714286
T015,G1-00171,G1-00165,240000.0,29.142857142857142,121.42857142857143
T015,G1-00172,G1-00166,240000.0,25.714285714285715,107.14285714285715
T015,G1-00173,G1-00167,240000.0,25.714285714285715,107.14285714285715
T015,G1-00174,G1-00168,240000.0,24.857142857142858,103.57142857142858
T015,G1-00205,G1-00199,240000.0,34.285714285714285,142.85714285714286
T015,G1-00206,G1-00200,240000.0,34.285714285714285,142.85714285714286
T015,G1-00207,G1-00201,240000.0,29.142857142857142,121.42857142857143
T015,G1-00208,G1-00202,240000.0,25.714285714285715,107.14285714285715
T015,G1-00209,G1-00203,240000.0,25.714285714285715,107.14285714285715
T015,G1-00210,G1-00204,240000.0,24.857142857142858,103.57142857142858
T015,G1-00241,G1-00235,240000.0,34.285714285714285,142.85714285714286
T015,G1-00242,G1-00236,240000.0,34.285714285714285,142.85714285714286
T015,G1-00243,G1-00237,240000.0,29.142857142857142,121.42857142857143
T015,G1-00244,G1-00238,240000.0,25.714285714285715,107.14285714285715
T015,G1-00245,G1-00239,240000.0,25.714285714285715,107.14285714285715
T015,G1-00246,G1-00240,240000.0,24.857142857142858,103.57142857142858
T015,G1-00277,G1-00271,240000.0,34.285714285714285,142.85714285714286
T015,G1-00278,G1-00272,240000.0,34.285714285714285,142.85714285714286
T015,G1-00279,G1-00273,240000.0,29.142857142857142,121.42857142857143
T015,G1-00280,G1-00274,240000.0,25.714285714285715,107.14285714285715
T015,G1-00281,G1-00275,240000.0,25.714285714285715,107.14285714285715
T015,G1-00282,G1-00276,240000.0,24.857142857142858,103.57142857142858
T015,G2-01998,G2-01997,125000.0,24.0,192.0
T015,G2-01907,G2-01899,175000.0,39.5,225.71428571428572
T015,G2-01908,G2-01900,175000.0,39.5,225.71428571428572
T015,G2-01909,G2-01901,175000.0,39.5,225.71428571428572
T015,G2-01910,G2-01902,175000.0,39.5,225.71428571428572
T015,G2-01911,G2-01903,175000.0,39.5,225.71428571428572
T015,G2-01912,G2-01904,175000.0,39.5,225.71428571428572
T015,G2-01913,G2-01905,175000.0,39.5,225.71428571428572
T015,G2-01914,G2-01906,175000.0,39.5,225.71428571428572
T015,G2-01971,G2-01963,175000.0,31.5,180.0
T015,G2-01972,G2-01964,175000.0,31.5,180.0
T015,G2-01973,G2-01965,175000.0,31.5,180.0
T015,G2-01974,G2-01966,175000.0,31.5,180.0
T015,G2-01975,G2-01967,175000.0,31.5,180.0
T015,G2-01976,G2-01968,175000.0,31.5,180.0
T015,G2-01977,G2-01969,175000.0,31.5,180.0
T015,G2-01978,G2-01970,175000.0,31.5,180.0
T015,G1-00019,G1-00013,240000.0,46.285714285714285,192.85714285714286
T015,G1-00020,G1-00014,240000.0,46.285714285714285,192.85714285714286
T015,G1-00021,G1-00015,240000.0,41.14285714285714,171.42857142857142
T015,G1-00022,G1-00016,240000.0,37.714285714285715,157.14285714285714
T015,G1-00023,G1-00017,240000.0,37.714285714285715,157.14285714285714
T015,G1-00024,G1-00018,240000.0,36.85714285714286,153.57142857142858
T015,G1-00055,G1-00049,240000.0,46.285714285714285,192.85714285714286
T015,G1-00056,G1-00050,240000.0,46.285714285714285,192.85714285714286
T015,G1-00057,G1-00051,240000.0,41.14285714285714,171.42857142857142
T015,G1-00058,G1-00052,240000.0,37.714285714285715,157.14285714285714
T015,G1-00059,G1-00053,240000.0,37.714285714285715,157.14285714285714
T015,G1-00060,G1-00054,240000.0,36.85714285714286,153.57142857142858
T015,G1-00091,G1-00085,240000.0,46.285714285714285,192.85714285714286
T015,G1-00092,G1-00086,240000.0,46.285714285714285,192.85714285714286
T015,G1-00093,G1-00087,240000.0,41.14285714285714,171.42857142857142
T015,G1-00094,G1-00088,240000.0,37.714285714285715,157.14285714285714
T015,G1-00095,G1-00089,240000.0,37.714285714285715,157.14285714285714
T015,G1-00096,G1-00090,240000.0,36.85714285714286,153.57142857142858
T015,G1-00127,G1-00121,240000.0,46.285714285714285,192.85714285714286
T015,G1-00128,G1-00122,240000.0,46.285714285714285,192.85714285714286
T015,G1-00129,G1-00123,240000.0,41.14285714285714,171.42857142857142
T015,G1-00130,G1-00124,240000.0,37.714285714285715,157.14285714285714
T015,G1-00131,G1-00125,240000.0,37.714285714285715,157.14285714285714
T015,G1-00132,G1-00126,240000.0,36.85714285714286,153.57142857142858
T015,G1-00163,G1-00157,240000.0,46.285714285714285,192.85714285714286
T015,G1-00164,G1-00158,240000.0,46.285714285714285,192.85714285714286
T015,G1-00165,G1-00159,240000.0,41.14285714285714,171.42857142857142
T015,G1-00166,G1-00160,240000.0,37.714285714285715,157.14285714285714
T015,G1-00167,G1-00161,240000.0,37.714285714285715,157.14285714285714
T015,G1-00168,G1-00162,240000.0,36.85714285714286,153.57142857142858
T015,G1-00199,G1-00193,240000.0,46.285714285714285,192.85714285714286
T015,G1-00200,G1-00194,240000.0,46.285714285714285,192.85714285714286
T015,G1-00201,G1-00195,240000.0,41.14285714285714,171.42857142857142
T015,G1-00202,G1-00196,240000.0,37.714285714285715,157.14285714285714
T015,G1-00203,G1-00197,240000.0,37.714285714285715,157.14285714285714
T015,G1-00204,G1-00198,240000.0,36.85714285714286,153.57142857142858
T015,G1-00235,G1-00229,240000.0,46.285714285714285,192.85714285714286
T015,G1-00236,G1-00230,240000.0,46.285714285714285,192.85714285714286
T015,G1-00237,G1-00231,240000.0,41.14285714285714,171.42857142857142
T015,G1-00238,G1-00232,240000.0,37.714285714285715,157.14285714285714
T015,G1-00239,G1-00233,240000.0,37.714285714285715,157.14285714285714
T015,G1-00240,G1-00234,240000.0,36.85714285714286,153.57142857142858
T015,G1-00271,G1-00265,240000.0,46.285714285714285,192.85714285714286
T015,G1-00272,G1-00266,240000.0,46.285714285714285,192.85714285714286
T015,G1-00273,G1-00267,240000.0,41.14285714285714,171.42857142857142
T015,G1-00274,G1-00268,240000.0,37.714285714285715,157.14285714285714
T015,G1-00275,G1-00269,240000.0,37.714285714285715,157.14285714285714
T015,G1-00276,G1-00270,240000.0,36.85714285714286,153.57142857142858
T015,G2-01899,G2-01891,175000.0,47.5,271.42857142857144
T015,G2-01900,G2-01892,175000.0,47.5,271.42857142857144
T015,G2-01901,G2-01893,175000.0,47.5,271.42857142857144
T015,G2-01902,G2-01894,175000.0,47.5,271.42857142857144
T015,G2-01903,G2-01895,175000.0,47.5,271.42857142857144
T015,G2-01904,G2-01896,175000.0,47.5,271.42857142857144
T015,G2-01905,G2-01897,175000.0,47.5,271.42857142857144
T015,G2-01906,G2-01898,175000.0,47.5,271.42857142857144
T015,G2-01963,G2-01955,175000.0,39.5,225.71428571428572
T015,G2-01964,G2-01956,175000.0,39.5,225.71428571428572
T015,G2-01965,G2-01957,175000.0,39.5,225.71428571428572
T015,G2-01966,G2-01958,175000.0,39.5,225.71428571428572
T015,G2-01967,G2-01959,175000.0,39.5,225.71428571428572
T015,G2-01968,G2-01960,175000.0,39.5,225.71428571428572
T015,G2-01969,G2-01961,175000.0,39.5,225.71428571428572
T015,G2-01970,G2-01962,175000.0,39.5,225.71428571428572
T015,G2-01997,G2-01996,125000.0,32.0,256.0
T015,G1-00013,G1-00007,240000.0,58.285714285714285,242.85714285714286
T015,G1-00014,G1-00008,240000.0,58.285714285714285,242.85714285714286
T015,G1-00015,G1-00009,240000.0,53.14285714285714,221.42857142857142
T015,G1-00016,G1-00010,240000.0,49.714285714285715,207.14285714285717
T015,G1-00017,G1-00011,240000.0,49.714285714285715,207.14285714285717
T015,G1-00018,G1-00012,240000.0,48.85714285714286,203.57142857142858
T015,G1-00049,G1-00043,240000.0,58.285714285714285,242.85714285714286
T015,G1-00050,G1-00044,240000.0,58.285714285714285,242.85714285714286
T015,G1-00051,G1-00045,240000.0,53.14285714285714,221.42857142857142
T015,G1-00052,G1-00046,240000.0,49.714285714285715,207.14285714285717
T015,G1-00053,G1-00047,240000.0,49.714285714285715,207.14285714285717
T015,G1-00054,G1-00048,240000.0,48.85714285714286,203.57142857142858
T015,G1-00085,G1-00079,240000.0,58.285714285714285,242.85714285714286
T015,G1-00086,G1-00080,240000.0,58.285714285714285,242.85714285714286
T015,G1-00087,G1-00081,240000.0,53.14285714285714,221.42857142857142
T015,G1-00088,G1-00082,240000.0,49.714285714285715,207.14285714285717
T015,G1-00089,G1-00083,240000.0,49.714285714285715,207.14285714285717
T015,G1-00090,G1-00084,240000.0,48.85714285714286,203.57142857142858
T015,G1-00121,G1-00115,240000.0,58.285714285714285,242.85714285714286
T015,G1-00122,G1-00116,240000.0,58.285714285714285,242.85714285714286
T015,G1-00123,G1-00117,240000.0,53.14285714285714,221.42857142857142
T015,G1-00124,G1-00118,240000.0,49.714285714285715,207.14285714285717
T015,G1-00125,G1-00119,240000.0,49.714285714285715,207.14285714285717
T015,G1-00126,G1-00120,240000.0,48.85714285714286,203.57142857142858
T015,G1-00157,G1-00151,240000.0,58.285714285714285,242.85714285714286
T015,G1-00158,G1-00152,240000.0,58.285714285714285,242.85714285714286
T015,G1-00159,G1-00153,240000.0,53.14285714285714,221.42857142857142
T015,G1-00160,G1-00154,240000.0,49.714285714285715,207.14285714285717
T015,G1-00161,G1-00155,240000.0,49.714285714285715,207.14285714285717
T015,G1-00162,G1-00156,240000.0,48.85714285714286,203.57142857142858
T015,G1-00193,G1-00187,240000.0,58.285714285714285,242.85714285714286
T015,G1-00194,G1-00188,240000.0,58.285714285714285,242.85714285714286
T015,G1-00195,G1-00189,240000.0,53.14285714285714,221.42857142857142
T015,G1-00196,G1-00190,240000.0,49.714285714285715,207.14285714285717
T015,G1-00197,G1-00191,240000.0,49.714285714285715,207.14285714285717
T015,G1-00198,G1-00192,240000.0,48.85714285714286,203.57142857142858
T015,G1-00229,G1-00223,240000.0,58.285714285714285,242.85714285714286
T015,G1-00230,G1-00224,240000.0,58.285714285714285,242.85714285714286
T015,G1-00231,G1-00225,240000.0,53.14285714285714,221.42857142857142
T015,G1-00232,G1-00226,240000.0,49.714285714285715,207.14285714285717
T015,G1-00233,G1-00227,240000.0,49.714285714285715,207.14285714285717
T015,G1-00234,G1-00228,240000.0,48.85714285714286,203.57142857142858
T015,G1-00265,G1-00259,240000.0,58.285714285714285,242.85714285714286
T015,G1-00266,G1-00260,240000.0,58.285714285714285,242.85714285714286
T015,G1-00267,G1-00261,240000.0,53.14285714285714,221.42857142857142
T015,G1-00268,G1-00262,240000.0,49.714285714285715,207.14285714285717
T015,G1-00269,G1-00263,240000.0,49.714285714285715,207.14285714285717
T015,G1-00270,G1-00264,240000.0,48.85714285714286,203.57142857142858
T015,G2-01891,G2-01883,175000.0,55.5,317.14285714285717
T015,G2-01892,G2-01884,175000.0,55.5,317.14285714285717
T015,G2-01893,G2-01885,175000.0,55.5,317.14285714285717
T015,G2-01894,G2-01886,175000.0,55.5,317.14285714285717
T015,G2-01895,G2-01887,175000.0,55.5,317.14285714285717
T015,G2-01896,G2-01888,175000.0,55.5,317.14285714285717
T015,G2-01897,G2-01889,175000.0,55.5,317.14285714285717
T015,G2-01898,G2-01890,175000.0,55.5,317.14285714285717
T015,G2-01955,G2-01947,175000.0,47.5,271.42857142857144
T015,G2-01956,G2-01948,175000.0,47.5,271.42857142857144
T015,G2-01957,G2-01949,175000.0,47.5,271.42857142857144
T015,G2-01958,G2-01950,175000.0,47.5,271.42857142857144
T015,G2-01959,G2-01951,175000.0,47.5,271.42857142857144
T015,G2-01960,G2-01952,175000.0,47.5,271.42857142857144
T015,G2-01961,G2-01953,175000.0,47.5,271.42857142857144
T015,G2-01962,G2-01954,175000.0,47.5,271.42857142857144
T015,G2-01996,G2-01995,125000.0,40.0,320.0
T015,G1-00007,G1-00001,240000.0,70.28571428571428,292.85714285714283
T015,G1-00008,G1-00002,240000.0,70.28571428571428,292.85714285714283
T015,G1-00009,G1-00003,240000.0,65.14285714285714,271.42857142857144
T015,G1-00010,G1-00004,240000.0,61.714285714285715,257.14285714285717
T015,G1-00011,G1-00005,240000.0,61.714285714285715,257.14285714285717
T015,G1-00012,G1-00006,240000.0,60.85714285714286,253.57142857142858
T015,G1-00043,G1-00037,240000.0,70.28571428571428,292.85714285714283
T015,G1-00044,G1-00038,240000.0,70.28571428571428,292.85714285714283
T015,G1-00045,G1-00039,240000.0,65.14285714285714,271.42857142857144
T015,G1-00046,G1-00040,240000.0,61.714285714285715,257.14285714285717
T015,G1-00047,G1-00041,240000.0,61.714285714285715,257.14285714285717
T015,G1-00048,G1-00042,240000.0,60.85714285714286,253.57142857142858
T015,G1-00079,G1-00073,240000.0,70.28571428571428,292.85714285714283
T015,G1-00080,G1-00074,240000.0,70.28571428571428,292.85714285714283
T015,G1-00081,G1-00075,240000.0,65.14285714285714,271.42857142857144
T015,G1-00082,G1-00076,240000.0,61.714285714285715,257.14285714285717
T015,G1-00083,G1-00077,240000.0,61.714285714285715,257.14285714285717
T015,G1-00084,G1-00078,240000.0,60.85714285714286,253.57142857142858
T015,G1-00115,G1-00109,240000.0,70.28571428571428,292.85714285714283
T015,G1-00116,G1-00110,240000.0,70.28571428571428,292.85714285714283
T015,G1-00117,G1-00111,240000.0,65.14285714285714,271.42857142857144
T015,G1-00118,G1-00112,240000.0,61.714285714285715,257.14285714285717
T015,G1-00119,G1-00113,240000.0,61.714285714285715,257.14285714285717
T015,G1-00120,G1-00114,240000.0,60.85714285714286,253.57142857142858
T015,G1-00151,G1-00145,240000.0,70.28571428571428,292.85714285714283
T015,G1-00152,G1-00146,240000.0,70.28571428571428,292.85714285714283
T015,G1-00153,G1-00147,240000.0,65.14285714285714,271.42857142857144
T015,G1-00154,G1-00148,240000.0,61.714285714285715,257.14285714285717
T015,G1-00155,G1-00149,240000.0,61.714285714285715,257.14285714285717
T015,G1-00156,G1-00150,240000.0,60.85714285714286,253.57142857142858
T015,G1-00187,G1-00181,240000.0,70.28571428571428,292.85714285714283
T015,G1-00188,G1-00182,240000.0,70.28571428571428,292.85714285714283
T015,G1-00189,G1-00183,240000.0,65.14285714285714,271.42857142857144
T015,G1-00190,G1-00184,240000.0,61.714285714285715,257.14285714285717
T015,G1-00191,G1-00185,240000.0,61.714285714285715,257.14285714285717
T015,G1-00192,G1-00186,240000.0,60.85714285714286,253.57142857142858
T015,G1-00223,G1-00217,240000.0,70.28571428571428,292.85714285714283
T015,G1-00224,G1-00218,240000.0,70.28571428571428,292.85714285714283
T015,G1-00225,G1-00219,240000.0,65.14285714285714,271.42857142857144
T015,G1-00226,G1-00220,240000.0,61.714285714285715,257.14285714285717
T015,G1-00227,G1-00221,240000.0,61.714285714285715,257.14285714285717
T015,G1-00228,G1-00222,240000.0,60.85714285714286,253.57142857142858
T015,G1-00259,G1-00253,240000.0,70.28571428571428,292.85714285714283
T015,G1-00260,G1-00254,240000.0,70.28571428571428,292.85714285714283
T015,G1-00261,G1-00255,240000.0,65.14285714285714,271.42857142857144
T015,G1-00262,G1-00256,240000.0,61.714285714285715,257.14285714285717
T015,G1-00263,G1-00257,240000.0,61.714285714285715,257.14285714285717
T015,G1-00264,G1-00258,240000.0,60.85714285714286,253.57142857142858
T015,G2-01883,G2-01875,175000.0,63.5,362.8571428571429
T015,G2-01884,G2-01876,175000.0,63.5,362.8571428571429
T015,G2-01885,G2-01877,175000.0,63.5,362.8571428571429
T015,G2-01886,G2-01878,175000.0,63.5,362.8571428571429
T015,G2-01887,G2-01879,175000.0,63.5,362.8571428571429
T015,G2-01888,G2-01880,175000.0,63.5,362.8571428571429
T015,G2-01889,G2-01881,175000.0,63.5,362.8571428571429
T015,G2-01890,G2-01882,175000.0,63.5,362.8571428571429
T015,G2-01947,G2-01939,175000.0,55.5,317.14285714285717
T015,G2-01948,G2-01940,175000.0,55.5,317.14285714285717
T015,G2-01949,G2-01941,175000.0,55.5,317.14285714285717
T015,G2-01950,G2-01942,175000.0,55.5,317.14285714285717
T015,G2-01951,G2-01943,175000.0,55.5,317.14285714285717
T015,G2-01952,G2-01944,175000.0,55.5,317.14285714285717
T015,G2-01953,G2-01945,175000.0,55.5,317.14285714285717
T015,G2-01954,G2-01946,175000.0,55.5,317.14285714285717
T016,G1-00656,G1-00655,240000.0,12.0,50.0
T016,G3-00340,G1-00319,240000.0,10.285714285714286,42.85714285714286
T016,G3-00340,G1-00320,60000.0,2.5714285714285716,42.85714285714286
T016,G3-00340,G1-00322,40000.0,1.7142857142857142,42.857142857142854
T016,G3-00340,G1-00323,10000.0,0.42857142857142855,42.857142857142854
T016,G3-00341,G1-00320,180000.0,7.714285714285714,42.85714285714286
T016,G3-00341,G1-00321,120000.0,5.142857142857143,42.85714285714286
T016,G3-00341,G1-00323,30000.0,1.2857142857142858,42.85714285714286
T016,G3-00341,G1-00324,20000.0,0.8571428571428571,42.857142857142854
T016,G3-00342,G1-00355,240000.0,10.285714285714286,42.85714285714286
T016,G3-00342,G1-00356,60000.0,2.5714285714285716,42.85714285714286
T016,G3-00342,G1-00358,40000.0,1.7142857142857142,42.857142857142854
T016,G3-00342,G1-00359,10000.0,0.42857142857142855,42.857142857142854
T016,G3-00343,G1-00356,180000.0,7.714285714285714,42.85714285714286
T016,G3-00343,G1-00357,120000.0,5.142857142857143,42.85714285714286
T016,G3-00343,G1-00359,30000.0,1.2857142857142858,42.85714285714286
T016,G3-00343,G1-00360,20000.0,0.8571428571428571,42.857142857142854
T016,G3-00344,G1-00391,240000.0,10.285714285714286,42.85714285714286
T016,G3-00344,G1-00392,60000.0,2.5714285714285716,42.85714285714286
T016,G3-00344,G1-00394,40000.0,1.7142857142857142,42.857142857142854
T016,G3-00344,G1-00395,10000.0,0.42857142857142855,42.857142857142854
T016,G3-00345,G1-00392,180000.0,7.714285714285714,42.85714285714286
T016,G3-00345,G1-00393,120000.0,5.142857142857143,42.85714285714286
T016,G3-00345,G1-00395,30000.0,1.2857142857142858,42.85714285714286
T016,G3-00345,G1-00396,20000.0,0.8571428571428571,42.857142857142854
T016,G3-00346,G1-00427,240000.0,10.285714285714286,42.85714285714286
T016,G3-00346,G1-00428,60000.0,2.5714285714285716,42.85714285714286
T016,G3-00346,G1-00430,40000.0,1.7142857142857142,42.857142857142854
T016,G3-00346,G1-00431,10000.0,0.42857142857142855,42.857142857142854
T016,G3-00347,G1-00428,180000.0,7.714285714285714,42.85714285714286
T016,G3-00347,G1-00429,120000.0,5.142857142857143,42.85714285714286
T016,G3-00347,G1-00431,30000.0,1.2857142857142858,42.85714285714286
T016,G3-00347,G1-00432,20000.0,0.8571428571428571,42.857142857142854
T016,G3-00348,G1-00463,240000.0,10.285714285714286,42.85714285714286
T016,G3-00348,G1-00464,60000.0,2.5714285714285716,42.85714285714286
T016,G3-00348,G1-00466,40000.0,1.7142857142857142,42.857142857142854
T016,G3-00348,G1-00467,10000.0,0.42857142857142855,42.857142857142854
T016,G3-00349,G1-00464,180000.0,7.714285714285714,42.85714285714286
T016,G3-00349,G1-00465,120000.0,5.142857142857143,42.85714285714286
T016,G3-00349,G1-00467,30000.0,1.2857142857142858,42.85714285714286
T016,G3-00349,G1-00468,20000.0,0.8571428571428571,42.857142857142854
T016,G3-00350,G1-00499,240000.0,10.285714285714286,42.85714285714286
T016,G3-00350,G1-00500,60000.0,2.5714285714285716,42.85714285714286
T016,G3-00350,G1-00502,40000.0,1.7142857142857142,42.857142857142854
T016,G3-00350,G1-00503,10000.0,0.42857142857142855,42.857142857142854
T016,G3-00351,G1-00500,180000.0,7.714285714285714,42.85714285714286
T016,G3-00351,G1-00501,120000.0,5.142857142857143,42.85714285714286
T016,G3-00351,G1-00503,30000.0,1.2857142857142858,42.85714285714286
T016,G3-00351,G1-00504,20000.0,0.8571428571428571,42.857142857142854
T016,G3-00352,G1-00535,240000.0,10.285714285714286,42.85714285714286
T016,G3-00352,G1-00536,60000.0,2.5714285714285716,42.85714285714286
T016,G3-00352,G1-00538,40000.0,1.7142857142857142,42.857142857142854
T016,G3-00352,G1-00539,10000.0,0.42857142857142855,42.857142857142854
T016,G3-00353,G1-00536,180000.0,7.714285714285714,42.85714285714286
T016,G3-00353,G1-00537,120000.0,5.142857142857143,42.85714285714286
T016,G3-00353,G1-00539,30000.0,1.2857142857142858,42.85714285714286
T016,G3-00353,G1-00540,20000.0,0.8571428571428571,42.857142857142854
T016,G3-00354,G1-00571,240000.0,10.285714285714286,42.85714285714286
T016,G3-00354,G1-00572,60000.0,2.5714285714285716,42.85714285714286
T016,G3-00354,G1-00574,40000.0,1.7142857142857142,42.857142857142854
T016,G3-00354,G1-00575,10000.0,0.42857142857142855,42.857142857142854
T016,G3-00355,G1-00572,180000.0,7.714285714285714,42.85714285714286
T016,G3-00355,G1-00573,120000.0,5.142857142857143,42.85714285714286
T016,G3-00355,G1-00575,30000.0,1.2857142857142858,42.85714285714286
T016,G3-00355,G1-00576,20000.0,0.8571428571428571,42.857142857142854
T016,G3-00356,G1-00607,240000.0,10.285714285714286,42.85714285714286
T016,G3-00356,G1-00608,60000.0,2.5714285714285716,42.85714285714286
T016,G3-00356,G1-00610,40000.0,1.7142857142857142,42.857142857142854
T016,G3-00356,G1-00611,10000.0,0.42857142857142855,42.857142857142854
T016,G3-00357,G1-00608,180000.0,7.714285714285714,42.85714285714286
T016,G3-00357,G1-00609,120000.0,5.142857142857143,42.85714285714286
T016,G3-00357,G1-00611,30000.0,1.2857142857142858,42.85714285714286
T016,G3-00357,G1-00612,20000.0,0.8571428571428571,42.857142857142854
T016,G3-00358,G1-00643,240000.0,10.285714285714286,42.85714285714286
T016,G3-00358,G1-00644,60000.0,2.5714285714285716,42.85714285714286
T016,G3-00358,G1-00646,40000.0,1.7142857142857142,42.857142857142854
T016,G3-00358,G1-00647,10000.0,0.42857142857142855,42.857142857142854
T016,G3-00359,G1-00644,180000.0,7.714285714285714,42.85714285714286
T016,G3-00359,G1-00645,120000.0,5.142857142857143,42.85714285714286
T016,G3-00359,G1-00647,30000.0,1.2857142857142858,42.85714285714286
T016,G3-00359,G1-00648,20000.0,0.8571428571428571,42.857142857142854
T016,G1-00655,G1-00654,240000.0,24.0,100.0
T016,G1-00319,G1-00313,240000.0,22.285714285714285,92.85714285714286
T016,G1-00320,G1-00314,240000.0,22.285714285714285,92.85714285714286
T016,G1-00321,G1-00315,240000.0,17.142857142857142,71.42857142857143
T016,G1-00322,G1-00316,240000.0,13.714285714285714,57.14285714285714
T016,G1-00323,G1-00317,240000.0,13.714285714285715,57.142857142857146
T016,G1-00324,G1-00318,240000.0,12.857142857142858,53.57142857142858
T016,G1-00355,G1-00349,240000.0,22.285714285714285,92.85714285714286
T016,G1-00356,G1-00350,240000.0,22.285714285714285,92.85714285714286
T016,G1-00357,G1-00351,240000.0,17.142857142857142,71.42857142857143
T016,G1-00358,G1-00352,240000.0,13.714285714285714,57.14285714285714
T016,G1-00359,G1-00353,240000.0,13.714285714285715,57.142857142857146
T016,G1-00360,G1-00354,240000.0,12.857142857142858,53.57142857142858
T016,G1-00391,G1-00385,240000.0,22.285714285714285,92.85714285714286
T016,G1-00392,G1-00386,240000.0,22.285714285714285,92.85714285714286
T016,G1-00393,G1-00387,240000.0,17.142857142857142,71.42857142857143
T016,G1-00394,G1-00388,240000.0,13.714285714285714,57.14285714285714
T016,G1-00395,G1-00389,240000.0,13.714285714285715,57.142857142857146
T016,G1-00396,G1-00390,240000.0,12.857142857142858,53.57142857142858
T016,G1-00427,G1-00421,240000.0,22.285714285714285,92.85714285714286
T016,G1-00428,G1-00422,240000.0,22.285714285714285,92.85714285714286
T016,G1-00429,G1-00423,240000.0,17.142857142857142,71.42857142857143
T016,G1-00430,G1-00424,240000.0,13.714285714285714,57.14285714285714
T016,G1-00431,G1-00425,240000.0,13.714285714285715,57.142857142857146
T016,G1-00432,G1-00426,240000.0,12.857142857142858,53.57142857142858
T016,G1-00463,G1-00457,240000.0,22.285714285714285,92.85714285714286
T016,G1-00464,G1-00458,240000.0,22.285714285714285,92.85714285714286
T016,G1-00465,G1-00459,240000.0,17.142857142857142,71.42857142857143
T016,G1-00466,G1-00460,240000.0,13.714285714285714,57.14285714285714
T016,G1-00467,G1-00461,240000.0,13.714285714285715,57.142857142857146
T016,G1-00468,G1-00462,240000.0,12.857142857142858,53.57142857142858
T016,G1-00499,G1-00493,240000.0,22.285714285714285,92.85714285714286
T016,G1-00500,G1-00494,240000.0,22.285714285714285,92.85714285714286
T016,G1-00501,G1-00495,240000.0,17.142857142857142,71.42857142857143
T016,G1-00502,G1-00496,240000.0,13.714285714285714,57.14285714285714
T016,G1-00503,G1-00497,240000.0,13.714285714285715,57.142857142857146
T016,G1-00504,G1-00498,240000.0,12.857142857142858,53.57142857142858
T016,G1-00535,G1-00529,240000.0,22.285714285714285,92.85714285714286
T016,G1-00536,G1-00530,240000.0,22.285714285714285,92.85714285714286
T016,G1-00537,G1-00531,240000.0,17.142857142857142,71.42857142857143
T016,G1-00538,G1-00532,240000.0,13.714285714285714,57.14285714285714
T016,G1-00539,G1-00533,240000.0,13.714285714285715,57.142857142857146
T016,G1-00540,G1-00534,240000.0,12.857142857142858,53.57142857142858
T016,G1-00571,G1-00565,240000.0,22.285714285714285,92.85714285714286
T016,G1-00572,G1-00566,240000.0,22.285714285714285,92.85714285714286
T016,G1-00573,G1-00567,240000.0,17.142857142857142,71.42857142857143
T016,G1-00574,G1-00568,240000.0,13.714285714285714,57.14285714285714
T016,G1-00575,G1-00569,240000.0,13.714285714285715,57.142857142857146
T016,G1-00576,G1-00570,240000.0,12.857142857142858,53.57142857142858
T016,G1-00607,G1-00601,240000.0,22.285714285714285,92.85714285714286
T016,G1-00608,G1-00602,240000.0,22.285714285714285,92.85714285714286
T016,G1-00609,G1-00603,240000.0,17.142857142857142,71.42857142857143
T016,G1-00610,G1-00604,240000.0,13.714285714285714,57.14285714285714
T016,G1-00611,G1-00605,240000.0,13.714285714285715,57.142857142857146
T016,G1-00612,G1-00606,240000.0,12.857142857142858,53.57142857142858
T016,G1-00643,G1-00637,240000.0,22.285714285714285,92.85714285714286
T016,G1-00644,G1-00638,240000.0,22.285714285714285,92.85714285714286
T016,G1-00645,G1-00639,240000.0,17.142857142857142,71.42857142857143
T016,G1-00646,G1-00640,240000.0,13.714285714285714,57.14285714285714
T016,G1-00647,G1-00641,240000.0,13.714285714285715,57.142857142857146
T016,G1-00648,G1-00642,240000.0,12.857142857142858,53.57142857142858
T016,G1-00654,G1-00653,240000.0,36.0,150.0
T016,G1-00313,G1-00307,240000.0,34.285714285714285,142.85714285714286
T016,G1-00314,G1-00308,240000.0,34.285714285714285,142.85714285714286
T016,G1-00315,G1-00309,240000.0,29.142857142857142,121.42857142857143
T016,G1-00316,G1-00310,240000.0,25.714285714285715,107.14285714285715
T016,G1-00317,G1-00311,240000.0,25.714285714285715,107.14285714285715
T016,G1-00318,G1-00312,240000.0,24.857142857142858,103.57142857142858
T016,G1-00349,G1-00343,240000.0,34.285714285714285,142.85714285714286
T016,G1-00350,G1-00344,240000.0,34.285714285714285,142.85714285714286
T016,G1-00351,G1-00345,240000.0,29.142857142857142,121.42857142857143
T016,G1-00352,G1-00346,240000.0,25.714285714285715,107.14285714285715
T016,G1-00353,G1-00347,240000.0,25.714285714285715,107.14285714285715
T016,G1-00354,G1-00348,240000.0,24.857142857142858,103.57142857142858
T016,G1-00385,G1-00379,240000.0,34.285714285714285,142.85714285714286
T016,G1-00386,G1-00380,240000.0,34.285714285714285,142.85714285714286
T016,G1-00387,G1-00381,240000.0,29.142857142857142,121.42857142857143
T016,G1-00388,G1-00382,240000.0,25.714285714285715,107.14285714285715
T016,G1-00389,G1-00383,240000.0,25.714285714285715,107.14285714285715
T016,G1-00390,G1-00384,240000.0,24.857142857142858,103.57142857142858
T016,G1-00421,G1-00415,240000.0,34.285714285714285,142.85714285714286
T016,G1-00422,G1-00416,240000.0,34.285714285714285,142.85714285714286
T016,G1-00423,G1-00417,240000.0,29.142857142857142,121.42857142857143
T016,G1-00424,G1-00418,240000.0,25.714285714285715,107.14285714285715
T016,G1-00425,G1-00419,240000.0,25.714285714285715,107.14285714285715
T016,G1-00426,G1-00420,240000.0,24.857142857142858,103.57142857142858
T016,G1-00457,G1-00451,240000.0,34.285714285714285,142.85714285714286
T016,G1-00458,G1-00452,240000.0,34.285714285714285,142.85714285714286
T016,G1-00459,G1-00453,240000.0,29.142857142857142,121.42857142857143
T016,G1-00460,G1-00454,240000.0,25.714285714285715,107.14285714285715
T016,G1-00461,G1-00455,240000.0,25.714285714285715,107.14285714285715
T016,G1-00462,G1-00456,240000.0,24.857142857142858,103.57142857142858
T016,G1-00493,G1-00487,240000.0,34.285714285714285,142.85714285714286
T016,G1-00494,G1-00488,240000.0,34.285714285714285,142.85714285714286
T016,G1-00495,G1-00489,240000.0,29.142857142857142,121.42857142857143
T016,G1-00496,G1-00490,240000.0,25.714285714285715,107.14285714285715
T016,G1-00497,G1-00491,240000.0,25.714285714285715,107.14285714285715
T016,G1-00498,G1-00492,240000.0,24.857142857142858,103.57142857142858
T016,G1-00529,G1-00523,240000.0,34.285714285714285,142.85714285714286
T016,G1-00530,G1-00524,240000.0,34.285714285714285,142.85714285714286
T016,G1-00531,G1-00525,240000.0,29.142857142857142,121.42857142857143
T016,G1-00532,G1-00526,240000.0,25.714285714285715,107.14285714285715
T016,G1-00533,G1-00527,240000.0,25.714285714285715,107.14285714285715
T016,G1-00534,G1-00528,240000.0,24.857142857142858,103.57142857142858
T016,G1-00565,G1-00559,240000.0,34.285714285714285,142.85714285714286
T016,G1-00566,G1-00560,240000.0,34.285714285714285,142.85714285714286
T016,G1-00567,G1-00561,240000.0,29.142857142857142,121.42857142857143
T016,G1-00568,G1-00562,240000.0,25.714285714285715,107.14285714285715
T016,G1-00569,G1-00563,240000.0,25.714285714285715,107.14285714285715
T016,G1-00570,G1-00564,240000.0,24.857142857142858,103.57142857142858
T016,G1-00601,G1-00595,240000.0,34.285714285714285,142.85714285714286
T016,G1-00602,G1-00596,240000.0,34.285714285714285,142.85714285714286
T016,G1-00603,G1-00597,240000.0,29.142857142857142,121.42857142857143
T016,G1-00604,G1-00598,240000.0,25.714285714285715,107.14285714285715
T016,G1-00605,G1-00599,240000.0,25.714285714285715,107.14285714285715
T016,G1-00606,G1-00600,240000.0,24.857142857142858,103.57142857142858
T016,G1-00637,G1-00631,240000.0,34.285714285714285,142.85714285714286
T016,G1-00638,G1-00632,240000.0,34.285714285714285,142.85714285714286
T016,G1-00639,G1-00633,240000.0,29.142857142857142,121.42857142857143
T016,G1-00640,G1-00634,240000.0,25.714285714285715,107.14285714285715
T016,G1-00641,G1-00635,240000.0,25.714285714285715,107.14285714285715
T016,G1-00642,G1-00636,240000.0,24.857142857142858,103.57142857142858
T016,G1-00653,G1-00652,240000.0,48.0,200.0
T016,G1-00307,G1-00301,240000.0,46.285714285714285,192.85714285714286
T016,G1-00308,G1-00302,240000.0,46.285714285714285,192.85714285714286
T016,G1-00309,G1-00303,240000.0,41.14285714285714,171.42857142857142
T016,G1-00310,G1-00304,240000.0,37.714285714285715,157.14285714285714
T016,G1-00311,G1-00305,240000.0,37.714285714285715,157.14285714285714
T016,G1-00312,G1-00306,240000.0,36.85714285714286,153.57142857142858
T016,G1-00343,G1-00337,240000.0,46.285714285714285,192.85714285714286
T016,G1-00344,G1-00338,240000.0,46.285714285714285,192.85714285714286
T016,G1-00345,G1-00339,240000.0,41.14285714285714,171.42857142857142
T016,G1-00346,G1-00340,240000.0,37.714285714285715,157.14285714285714
T016,G1-00347,G1-00341,240000.0,37.714285714285715,157.14285714285714
T016,G1-00348,G1-00342,240000.0,36.85714285714286,153.57142857142858
T016,G1-00379,G1-00373,240000.0,46.285714285714285,192.85714285714286
T016,G1-00380,G1-00374,240000.0,46.285714285714285,192.85714285714286
T016,G1-00381,G1-00375,240000.0,41.14285714285714,171.42857142857142
T016,G1-00382,G1-00376,240000.0,37.714285714285715,157.14285714285714
T016,G1-00383,G1-00377,240000.0,37.714285714285715,157.14285714285714
T016,G1-00384,G1-00378,240000.0,36.85714285714286,153.57142857142858
T016,G1-00415,G1-00409,240000.0,46.285714285714285,192.85714285714286
T016,G1-00416,G1-00410,240000.0,46.285714285714285,192.85714285714286
T016,G1-00417,G1-00411,240000.0,41.14285714285714,171.42857142857142
T016,G1-00418,G1-00412,240000.0,37.714285714285715,157.14285714285714
T016,G1-00419,G1-00413,240000.0,37.714285714285715,157.14285714285714
T016,G1-00420,G1-00414,240000.0,36.85714285714286,153.57142857142858
T016,G1-00451,G1-00445,240000.0,46.285714285714285,192.85714285714286
T016,G1-00452,G1-00446,240000.0,46.285714285714285,192.85714285714286
T016,G1-00453,G1-00447,240000.0,41.14285714285714,171.42857142857142
T016,G1-00454,G1-00448,240000.0,37.714285714285715,157.14285714285714
T016,G1-00455,G1-00449,240000.0,37.714285714285715,157.14285714285714
T016,G1-00456,G1-00450,240000.0,36.85714285714286,153.57142857142858
T016,G1-00487,G1-00481,240000.0,46.285714285714285,192.85714285714286
T016,G1-00488,G1-00482,240000.0,46.285714285714285,192.85714285714286
T016,G1-00489,G1-00483,240000.0,41.14285714285714,171.42857142857142
T016,G1-00490,G1-00484,240000.0,37.714285714285715,157.14285714285714
T016,G1-00491,G1-00485,240000.0,37.714285714285715,157.14285714285714
T016,G1-00492,G1-00486,240000.0,36.85714285714286,153.57142857142858
T016,G1-00523,G1-00517,240000.0,46.285714285714285,192.85714285714286
T016,G1-00524,G1-00518,240000.0,46.285714285714285,192.85714285714286
T016,G1-00525,G1-00519,240000.0,41.14285714285714,171.42857142857142
T016,G1-00526,G1-00520,240000.0,37.714285714285715,157.14285714285714
T016,G1-00527,G1-00521,240000.0,37.714285714285715,157.14285714285714
T016,G1-00528,G1-00522,240000.0,36.85714285714286,153.57142857142858
T016,G1-00559,G1-00553,240000.0,46.285714285714285,192.85714285714286
T016,G1-00560,G1-00554,240000.0,46.285714285714285,192.85714285714286
T016,G1-00561,G1-00555,240000.0,41.14285714285714,171.42857142857142
T016,G1-00562,G1-00556,240000.0,37.714285714285715,157.14285714285714
T016,G1-00563,G1-00557,240000.0,37.714285714285715,157.14285714285714
T016,G1-00564,G1-00558,240000.0,36.85714285714286,153.57142857142858
T016,G1-00595,G1-00589,240000.0,46.285714285714285,192.85714285714286
T016,G1-00596,G1-00590,240000.0,46.285714285714285,192.85714285714286
T016,G1-00597,G1-00591,240000.0,41.14285714285714,171.42857142857142
T016,G1-00598,G1-00592,240000.0,37.714285714285715,157.14285714285714
T016,G1-00599,G1-00593,240000.0,37.714285714285715,157.14285714285714
T016,G1-00600,G1-00594,240000.0,36.85714285714286,153.57142857142858
T016,G1-00631,G1-00625,240000.0,46.285714285714285,192.85714285714286
T016,G1-00632,G1-00626,240000.0,46.285714285714285,192.85714285714286
T016,G1-00633,G1-00627,240000.0,41.14285714285714,171.42857142857142
T016,G1-00634,G1-00628,240000.0,37.714285714285715,157.14285714285714
T016,G1-00635,G1-00629,240000.0,37.714285714285715,157.14285714285714
T016,G1-00636,G1-00630,240000.0,36.85714285714286,153.57142857142858
T016,G1-00652,G1-00651,240000.0,60.0,250.0
T016,G1-00301,G1-00295,240000.0,58.285714285714285,242.85714285714286
T016,G1-00302,G1-00296,240000.0,58.285714285714285,242.85714285714286
T016,G1-00303,G1-00297,240000.0,53.14285714285714,221.42857142857142
T016,G1-00304,G1-00298,240000.0,49.714285714285715,207.14285714285717
T016,G1-00305,G1-00299,240000.0,49.714285714285715,207.14285714285717
T016,G1-00306,G1-00300,240000.0,48.85714285714286,203.57142857142858
T016,G1-00337,G1-00331,240000.0,58.285714285714285,242.85714285714286
T016,G1-00338,G1-00332,240000.0,58.285714285714285,242.85714285714286
T016,G1-00339,G1-00333,240000.0,53.14285714285714,221.42857142857142
T016,G1-00340,G1-00334,240000.0,49.714285714285715,207.14285714285717
T016,G1-00341,G1-00335,240000.0,49.714285714285715,207.14285714285717
T016,G1-00342,G1-00336,240000.0,48.85714285714286,203.57142857142858
T016,G1-00373,G1-00367,240000.0,58.285714285714285,242.85714285714286
T016,G1-00374,G1-00368,240000.0,58.285714285714285,242.85714285714286
T016,G1-00375,G1-00369,240000.0,53.14285714285714,221.42857142857142
T016,G1-00376,G1-00370,240000.0,49.714285714285715,207.14285714285717
T016,G1-00377,G1-00371,240000.0,49.714285714285715,207.14285714285717
T016,G1-00378,G1-00372,240000.0,48.85714285714286,203.57142857142858
T016,G1-00409,G1-00403,240000.0,58.285714285714285,242.85714285714286
T016,G1-00410,G1-00404,240000.0,58.285714285714285,242.85714285714286
T016,G1-00411,G1-00405,240000.0,53.14285714285714,221.42857142857142
T016,G1-00412,G1-00406,240000.0,49.714285714285715,207.14285714285717
T016,G1-00413,G1-00407,240000.0,49.714285714285715,207.14285714285717
T016,G1-00414,G1-00408,240000.0,48.85714285714286,203.57142857142858
T016,G1-00445,G1-00439,240000.0,58.285714285714285,242.85714285714286
T016,G1-00446,G1-00440,240000.0,58.285714285714285,242.85714285714286
T016,G1-00447,G1-00441,240000.0,53.14285714285714,221.42857142857142
T016,G1-00448,G1-00442,240000.0,49.714285714285715,207.14285714285717
T016,G1-00449,G1-00443,240000.0,49.714285714285715,207.14285714285717
T016,G1-00450,G1-00444,240000.0,48.85714285714286,203.57142857142858
T016,G1-00481,G1-00475,240000.0,58.285714285714285,242.85714285714286
T016,G1-00482,G1-00476,240000.0,58.285714285714285,242.85714285714286
T016,G1-00483,G1-00477,240000.0,53.14285714285714,221.42857142857142
T016,G1-00484,G1-00478,240000.0,49.714285714285715,207.14285714285717
T016,G1-00485,G1-00479,240000.0,49.714285714285715,207.14285714285717
T016,G1-00486,G1-00480,240000.0,48.85714285714286,203.57142857142858
T016,G1-00517,G1-00511,240000.0,58.285714285714285,242.85714285714286
T016,G1-00518,G1-00512,240000.0,58.285714285714285,242.85714285714286
T016,G1-00519,G1-00513,240000.0,53.14285714285714,221.42857142857142
T016,G1-00520,G1-00514,240000.0,49.714285714285715,207.14285714285717
T016,G1-00521,G1-00515,240000.0,49.714285714285715,207.14285714285717
T016,G1-00522,G1-00516,240000.0,48.85714285714286,203.57142857142858
T016,G1-00553,G1-00547,240000.0,58.285714285714285,242.85714285714286
T016,G1-00554,G1-00548,240000.0,58.285714285714285,242.85714285714286
T016,G1-00555,G1-00549,240000.0,53.14285714285714,221.42857142857142
T016,G1-00556,G1-00550,240000.0,49.714285714285715,207.14285714285717
T016,G1-00557,G1-00551,240000.0,49.714285714285715,207.14285714285717
T016,G1-00558,G1-00552,240000.0,48.85714285714286,203.57142857142858
T016,G1-00589,G1-00583,240000.0,58.285714285714285,242.85714285714286
T016,G1-00590,G1-00584,240000.0,58.285714285714285,242.85714285714286
T016,G1-00591,G1-00585,240000.0,53.14285714285714,221.42857142857142
T016,G1-00592,G1-00586,240000.0,49.714285714285715,207.14285714285717
T016,G1-00593,G1-00587,240000.0,49.714285714285715,207.14285714285717
T016,G1-00594,G1-00588,240000.0,48.85714285714286,203.57142857142858
T016,G1-00625,G1-00619,240000.0,58.285714285714285,242.85714285714286
T016,G1-00626,G1-00620,240000.0,58.285714285714285,242.85714285714286
T016,G1-00627,G1-00621,240000.0,53.14285714285714,221.42857142857142
T016,G1-00628,G1-00622,240000.0,49.714285714285715,207.14285714285717
T016,G1-00629,G1-00623,240000.0,49.714285714285715,207.14285714285717
T016,G1-00630,G1-00624,240000.0,48.85714285714286,203.57142857142858
T016,G1-00651,G1-00650,240000.0,72.0,300.0
T016,G1-00295,G1-00289,240000.0,70.28571428571428,292.85714285714283
T016,G1-00296,G1-00290,240000.0,70.28571428571428,292.85714285714283
T016,G1-00297,G1-00291,240000.0,65.14285714285714,271.42857142857144
T016,G1-00298,G1-00292,240000.0,61.714285714285715,257.14285714285717
T016,G1-00299,G1-00293,240000.0,61.714285714285715,257.14285714285717
T016,G1-00300,G1-00294,240000.0,60.85714285714286,253.57142857142858
T016,G1-00331,G1-00325,240000.0,70.28571428571428,292.85714285714283
T016,G1-00332,G1-00326,240000.0,70.28571428571428,292.85714285714283
T016,G1-00333,G1-00327,240000.0,65.14285714285714,271.42857142857144
T016,G1-00334,G1-00328,240000.0,61.714285714285715,257.14285714285717
T016,G1-00335,G1-00329,240000.0,61.714285714285715,257.14285714285717
T016,G1-00336,G1-00330,240000.0,60.85714285714286,253.57142857142858
T016,G1-00367,G1-00361,240000.0,70.28571428571428,292.85714285714283
T016,G1-00368,G1-00362,240000.0,70.28571428571428,292.85714285714283
T016,G1-00369,G1-00363,240000.0,65.14285714285714,271.42857142857144
T016,G1-00370,G1-00364,240000.0,61.714285714285715,257.14285714285717
T016,G1-00371,G1-00365,240000.0,61.714285714285715,257.14285714285717
T016,G1-00372,G1-00366,240000.0,60.85714285714286,253.57142857142858
T016,G1-00403,G1-00397,240000.0,70.28571428571428,292.85714285714283
T016,G1-00404,G1-00398,240000.0,70.28571428571428,292.85714285714283
T016,G1-00405,G1-00399,240000.0,65.14285714285714,271.42857142857144
T016,G1-00406,G1-00400,240000.0,61.714285714285715,257.14285714285717
T016,G1-00407,G1-00401,240000.0,61.714285714285715,257.14285714285717
T016,G1-00408,G1-00402,240000.0,60.85714285714286,253.57142857142858
T016,G1-00439,G1-00433,240000.0,70.28571428571428,292.85714285714283
T016,G1-00440,G1-00434,240000.0,70.28571428571428,292.85714285714283
T016,G1-00441,G1-00435,240000.0,65.14285714285714,271.42857142857144
T016,G1-00442,G1-00436,240000.0,61.714285714285715,257.14285714285717
T016,G1-00443,G1-00437,240000.0,61.714285714285715,257.14285714285717
T016,G1-00444,G1-00438,240000.0,60.85714285714286,253.57142857142858
T016,G1-00475,G1-00469,240000.0,70.28571428571428,292.85714285714283
T016,G1-00476,G1-00470,240000.0,70.28571428571428,292.85714285714283
T016,G1-00477,G1-00471,240000.0,65.14285714285714,271.42857142857144
T016,G1-00478,G1-00472,240000.0,61.714285714285715,257.14285714285717
T016,G1-00479,G1-00473,240000.0,61.714285714285715,257.14285714285717
T016,G1-00480,G1-00474,240000.0,60.85714285714286,253.57142857142858
T016,G1-00511,G1-00505,240000.0,70.28571428571428,292.85714285714283
T016,G1-00512,G1-00506,240000.0,70.28571428571428,292.85714285714283
T016,G1-00513,G1-00507,240000.0,65.14285714285714,271.42857142857144
T016,G1-00514,G1-00508,240000.0,61.714285714285715,257.14285714285717
T016,G1-00515,G1-00509,240000.0,61.714285714285715,257.14285714285717
T016,G1-00516,G1-00510,240000.0,60.85714285714286,253.57142857142858
T016,G1-00547,G1-00541,240000.0,70.28571428571428,292.85714285714283
T016,G1-00548,G1-00542,240000.0,70.28571428571428,292.85714285714283
T016,G1-00549,G1-00543,240000.0,65.14285714285714,271.42857142857144
T016,G1-00550,G1-00544,240000.0,61.714285714285715,257.14285714285717
T016,G1-00551,G1-00545,240000.0,61.714285714285715,257.14285714285717
T016,G1-00552,G1-00546,240000.0,60.85714285714286,253.57142857142858
T016,G1-00583,G1-00577,240000.0,70.28571428571428,292.85714285714283
T016,G1-00584,G1-00578,240000.0,70.28571428571428,292.85714285714283
T016,G1-00585,G1-00579,240000.0,65.14285714285714,271.42857142857144
T016,G1-00586,G1-00580,240000.0,61.714285714285715,257.14285714285717
T016,G1-00587,G1-00581,240000.0,61.714285714285715,257.14285714285717
T016,G1-00588,G1-00582,240000.0,60.85714285714286,253.57142857142858
T016,G1-00619,G1-00613,240000.0,70.28571428571428,292.85714285714283
T016,G1-00620,G1-00614,240000.0,70.28571428571428,292.85714285714283
T016,G1-00621,G1-00615,240000.0,65.14285714285714,271.42857142857144
T016,G1-00622,G1-00616,240000.0,61.714285714285715,257.14285714285717
T016,G1-00623,G1-00617,240000.0,61.714285714285715,257.14285714285717
T016,G1-00624,G1-00618,240000.0,60.85714285714286,253.57142857142858
T016,G1-00650,G1-00649,240000.0,84.0,350.0
T017,G1-01024,G1-01023,240000.0,12.0,50.0
T017,G3-00364,G1-00687,240000.0,10.285714285714286,42.85714285714286
T017,G3-00364,G1-00688,60000.0,2.5714285714285716,42.85714285714286
T017,G3-00364,G1-00690,40000.0,1.7142857142857142,42.857142857142854
T017,G3-00364,G1-00691,10000.0,0.42857142857142855,42.857142857142854
T017,G3-00365,G1-00688,180000.0,7.714285714285714,42.85714285714286
T017,G3-00365,G1-00689,120000.0,5.142857142857143,42.85714285714286
T017,G3-00365,G1-00691,30000.0,1.2857142857142858,42.85714285714286
T017,G3-00365,G1-00692,20000.0,0.8571428571428571,42.857142857142854
T017,G3-00366,G1-00723,240000.0,10.285714285714286,42.85714285714286
T017,G3-00366,G1-00724,60000.0,2.5714285714285716,42.85714285714286
T017,G3-00366,G1-00726,40000.0,1.7142857142857142,42.857142857142854
T017,G3-00366,G1-00727,10000.0,0.42857142857142855,42.857142857142854
T017,G3-00367,G1-00724,180000.0,7.714285714285714,42.85714285714286
T017,G3-00367,G1-00725,120000.0,5.142857142857143,42.85714285714286
T017,G3-00367,G1-00727,30000.0,1.2857142857142858,42.85714285714286
T017,G3-00367,G1-00728,20000.0,0.8571428571428571,42.857142857142854
T017,G3-00368,G1-00759,240000.0,10.285714285714286,42.85714285714286
T017,G3-00368,G1-00760,60000.0,2.5714285714285716,42.85714285714286
T017,G3-00368,G1-00762,40000.0,1.7142857142857142,42.857142857142854
T017,G3-00368,G1-00763,10000.0,0.42857142857142855,42.857142857142854
T017,G3-00369,G1-00760,180000.0,7.714285714285714,42.85714285714286
T017,G3-00369,G1-00761,120000.0,5.142857142857143,42.85714285714286
T017,G3-00369,G1-00763,30000.0,1.2857142857142858,42.85714285714286
T017,G3-00369,G1-00764,20000.0,0.8571428571428571,42.857142857142854
T017,G3-00370,G1-00795,240000.0,10.285714285714286,42.85714285714286
T017,G3-00370,G1-00796,60000.0,2.5714285714285716,42.85714285714286
T017,G3-00370,G1-00798,40000.0,1.7142857142857142,42.857142857142854
T017,G3-00370,G1-00799,10000.0,0.42857142857142855,42.857142857142854
T017,G3-00371,G1-00796,180000.0,7.714285714285714,42.85714285714286
T017,G3-00371,G1-00797,120000.0,5.142857142857143,42.85714285714286
T017,G3-00371,G1-00799,30000.0,1.2857142857142858,42.85714285714286
T017,G3-00371,G1-00800,20000.0,0.8571428571428571,42.857142857142854
T017,G3-00372,G1-00831,240000.0,10.285714285714286,42.85714285714286
T017,G3-00372,G1-00832,60000.0,2.5714285714285716,42.85714285714286
T017,G3-00372,G1-00834,40000.0,1.7142857142857142,42.857142857142854
T017,G3-00372,G1-00835,10000.0,0.42857142857142855,42.857142857142854
T017,G3-00373,G1-00832,180000.0,7.714285714285714,42.85714285714286
T017,G3-00373,G1-00833,120000.0,5.142857142857143,42.85714285714286
T017,G3-00373,G1-00835,30000.0,1.2857142857142858,42.85714285714286
T017,G3-00373,G1-00836,20000.0,0.8571428571428571,42.857142857142854
T017,G3-00374,G1-00867,240000.0,10.285714285714286,42.85714285714286
T017,G3-00374,G1-00868,60000.0,2.5714285714285716,42.85714285714286
T017,G3-00374,G1-00870,40000.0,1.7142857142857142,42.857142857142854
T017,G3-00374,G1-00871,10000.0,0.42857142857142855,42.857142857142854
T017,G3-00375,G1-00868,180000.0,7.714285714285714,42.85714285714286
T017,G3-00375,G1-00869,120000.0,5.142857142857143,42.85714285714286
T017,G3-00375,G1-00871,30000.0,1.2857142857142858,42.85714285714286
T017,G3-00375,G1-00872,20000.0,0.8571428571428571,42.857142857142854
T017,G3-00376,G1-00903,240000.0,10.285714285714286,42.85714285714286
T017,G3-00376,G1-00904,60000.0,2.5714285714285716,42.85714285714286
T017,G3-00376,G1-00906,40000.0,1.7142857142857142,42.857142857142854
T017,G3-00376,G1-00907,10000.0,0.42857142857142855,42.857142857142854
T017,G3-00377,G1-00904,180000.0,7.714285714285714,42.85714285714286
T017,G3-00377,G1-00905,120000.0,5.142857142857143,42.85714285714286
T017,G3-00377,G1-00907,30000.0,1.2857142857142858,42.85714285714286
T017,G3-00377,G1-00908,20000.0,0.8571428571428571,42.857142857142854
T017,G3-00378,G1-00939,240000.0,10.285714285714286,42.85714285714286
T017,G3-00378,G1-00940,60000.0,2.5714285714285716,42.85714285714286
T017,G3-00378,G1-00942,40000.0,1.7142857142857142,42.857142857142854
T017,G3-00378,G1-00943,10000.0,0.42857142857142855,42.857142857142854
T017,G3-00379,G1-00940,180000.0,7.714285714285714,42.85714285714286
T017,G3-00379,G1-00941,120000.0,5.142857142857143,42.85714285714286
T017,G3-00379,G1-00943,30000.0,1.2857142857142858,42.85714285714286
T017,G3-00379,G1-00944,20000.0,0.8571428571428571,42.857142857142854
T017,G3-00380,G1-00975,240000.0,10.285714285714286,42.85714285714286
T017,G3-00380,G1-00976,60000.0,2.5714285714285716,42.85714285714286
T017,G3-00380,G1-00978,40000.0,1.7142857142857142,42.857142857142854
T017,G3-00380,G1-00979,10000.0,0.42857142857142855,42.857142857142854
T017,G3-00381,G1-00976,180000.0,7.714285714285714,42.85714285714286
T017,G3-00381,G1-00977,120000.0,5.142857142857143,42.85714285714286
T017,G3-00381,G1-00979,30000.0,1.2857142857142858,42.85714285714286
T017,G3-00381,G1-00980,20000.0,0.8571428571428571,42.857142857142854
T017,G3-00382,G1-01011,240000.0,10.285714285714286,42.85714285714286
T017,G3-00382,G1-01012,60000.0,2.5714285714285716,42.85714285714286
T017,G3-00382,G1-01014,40000.0,1.7142857142857142,42.857142857142854
T017,G3-00382,G1-01015,10000.0,0.42857142857142855,42.857142857142854
T017,G3-00383,G1-01012,180000.0,7.714285714285714,42.85714285714286
T017,G3-00383,G1-01013,120000.0,5.142857142857143,42.85714285714286
T017,G3-00383,G1-01015,30000.0,1.2857142857142858,42.85714285714286
T017,G3-00383,G1-01016,20000.0,0.8571428571428571,42.857142857142854
T017,G1-01023,G1-01022,240000.0,24.0,100.0
T017,G1-00687,G1-00681,240000.0,22.285714285714285,92.85714285714286
T017,G1-00688,G1-00682,240000.0,22.285714285714285,92.85714285714286
T017,G1-00689,G1-00683,240000.0,17.142857142857142,71.42857142857143
T017,G1-00690,G1-00684,240000.0,13.714285714285714,57.14285714285714
T017,G1-00691,G1-00685,240000.0,13.714285714285715,57.142857142857146
T017,G1-00692,G1-00686,240000.0,12.857142857142858,53.57142857142858
T017,G1-00723,G1-00717,240000.0,22.285714285714285,92.85714285714286
T017,G1-00724,G1-00718,240000.0,22.285714285714285,92.85714285714286
T017,G1-00725,G1-00719,240000.0,17.142857142857142,71.42857142857143
T017,G1-00726,G1-00720,240000.0,13.714285714285714,57.14285714285714
T017,G1-00727,G1-00721,240000.0,13.714285714285715,57.142857142857146
T017,G1-00728,G1-00722,240000.0,12.857142857142858,53.57142857142858
T017,G1-00759,G1-00753,240000.0,22.285714285714285,92.85714285714286
T017,G1-00760,G1-00754,240000.0,22.285714285714285,92.85714285714286
T017,G1-00761,G1-00755,240000.0,17.142857142857142,71.42857142857143
T017,G1-00762,G1-00756,240000.0,13.714285714285714,57.14285714285714
T017,G1-00763,G1-00757,240000.0,13.714285714285715,57.142857142857146
T017,G1-00764,G1-00758,240000.0,12.857142857142858,53.57142857142858
T017,G1-00795,G1-00789,240000.0,22.285714285714285,92.85714285714286
T017,G1-00796,G1-00790,240000.0,22.285714285714285,92.85714285714286
T017,G1-00797,G1-00791,240000.0,17.142857142857142,71.42857142857143
T017,G1-00798,G1-00792,240000.0,13.714285714285714,57.14285714285714
T017,G1-00799,G1-00793,240000.0,13.714285714285715,57.142857142857146
T017,G1-00800,G1-00794,240000.0,12.857142857142858,53.57142857142858
T017,G1-00831,G1-00825,240000.0,22.285714285714285,92.85714285714286
T017,G1-00832,G1-00826,240000.0,22.285714285714285,92.85714285714286
T017,G1-00833,G1-00827,240000.0,17.142857142857142,71.42857142857143
T017,G1-00834,G1-00828,240000.0,13.714285714285714,57.14285714285714
T017,G1-00835,G1-00829,240000.0,13.714285714285715,57.142857142857146
T017,G1-00836,G1-00830,240000.0,12.857142857142858,53.57142857142858
T017,G1-00867,G1-00861,240000.0,22.285714285714285,92.85714285714286
T017,G1-00868,G1-00862,240000.0,22.285714285714285,92.85714285714286
T017,G1-00869,G1-00863,240000.0,17.142857142857142,71.42857142857143
T017,G1-00870,G1-00864,240000.0,13.714285714285714,57.14285714285714
T017,G1-00871,G1-00865,240000.0,13.714285714285715,57.142857142857146
T017,G1-00872,G1-00866,240000.0,12.857142857142858,53.57142857142858
T017,G1-00903,G1-00897,240000.0,22.285714285714285,92.85714285714286
T017,G1-00904,G1-00898,240000.0,22.285714285714285,92.85714285714286
T017,G1-00905,G1-00899,240000.0,17.142857142857142,71.42857142857143
T017,G1-00906,G1-00900,240000.0,13.714285714285714,57.14285714285714
T017,G1-00907,G1-00901,240000.0,13.714285714285715,57.142857142857146
T017,G1-00908,G1-00902,240000.0,12.857142857142858,53.57142857142858
T017,G1-00939,G1-00933,240000.0,22.285714285714285,92.85714285714286
T017,G1-00940,G1-00934,240000.0,22.285714285714285,92.85714285714286
T017,G1-00941,G1-00935,240000.0,17.142857142857142,71.42857142857143
T017,G1-00942,G1-00936,240000.0,13.714285714285714,57.14285714285714
T017,G1-00943,G1-00937,240000.0,13.714285714285715,57.142857142857146
T017,G1-00944,G1-00938,240000.0,12.857142857142858,53.57142857142858
T017,G1-00975,G1-00969,240000.0,22.285714285714285,92.85714285714286
T017,G1-00976,G1-00970,240000.0,22.285714285714285,92.85714285714286
T017,G1-00977,G1-00971,240000.0,17.142857142857142,71.42857142857143
T017,G1-00978,G1-00972,240000.0,13.714285714285714,57.14285714285714
T017,G1-00979,G1-00973,240000.0,13.714285714285715,57.142857142857146
T017,G1-00980,G1-00974,240000.0,12.857142857142858,53.57142857142858
T017,G1-01011,G1-01005,240000.0,22.285714285714285,92.85714285714286
T017,G1-01012,G1-01006,240000.0,22.285714285714285,92.85714285714286
T017,G1-01013,G1-01007,240000.0,17.142857142857142,71.42857142857143
T017,G1-01014,G1-01008,240000.0,13.714285714285714,57.14285714285714
T017,G1-01015,G1-01009,240000.0,13.714285714285715,57.142857142857146
T017,G1-01016,G1-01010,240000.0,12.857142857142858,53.57142857142858
T017,G1-01022,G1-01021,240000.0,36.0,150.0
T017,G1-00681,G1-00675,240000.0,34.285714285714285,142.85714285714286
T017,G1-00682,G1-00676,240000.0,34.285714285714285,142.85714285714286
T017,G1-00683,G1-00677,240000.0,29.142857142857142,121.42857142857143
T017,G1-00684,G1-00678,240000.0,25.714285714285715,107.14285714285715
T017,G1-00685,G1-00679,240000.0,25.714285714285715,107.14285714285715
T017,G1-00686,G1-00680,240000.0,24.857142857142858,103.57142857142858
T017,G1-00717,G1-00711,240000.0,34.285714285714285,142.85714285714286
T017,G1-00718,G1-00712,240000.0,34.285714285714285,142.85714285714286
T017,G1-00719,G1-00713,240000.0,29.142857142857142,121.42857142857143
T017,G1-00720,G1-00714,240000.0,25.714285714285715,107.14285714285715
T017,G1-00721,G1-00715,240000.0,25.714285714285715,107.14285714285715
T017,G1-00722,G1-00716,240000.0,24.857142857142858,103.57142857142858
T017,G1-00753,G1-00747,240000.0,34.285714285714285,142.85714285714286
T017,G1-00754,G1-00748,240000.0,34.285714285714285,142.85714285714286
T017,G1-00755,G1-00749,240000.0,29.142857142857142,121.42857142857143
T017,G1-00756,G1-00750,240000.0,25.714285714285715,107.14285714285715
T017,G1-00757,G1-00751,240000.0,25.714285714285715,107.14285714285715
T017,G1-00758,G1-00752,240000.0,24.857142857142858,103.57142857142858
T017,G1-00789,G1-00783,240000.0,34.285714285714285,142.85714285714286
T017,G1-00790,G1-00784,240000.0,34.285714285714285,142.85714285714286
T017,G1-00791,G1-00785,240000.0,29.142857142857142,121.42857142857143
T017,G1-00792,G1-00786,240000.0,25.714285714285715,107.14285714285715
T017,G1-00793,G1-00787,240000.0,25.714285714285715,107.14285714285715
T017,G1-00794,G1-00788,240000.0,24.857142857142858,103.57142857142858
T017,G1-00825,G1-00819,240000.0,34.285714285714285,142.85714285714286
T017,G1-00826,G1-00820,240000.0,34.285714285714285,142.85714285714286
T017,G1-00827,G1-00821,240000.0,29.142857142857142,121.42857142857143
T017,G1-00828,G1-00822,240000.0,25.714285714285715,107.14285714285715
T017,G1-00829,G1-00823,240000.0,25.714285714285715,107.14285714285715
T017,G1-00830,G1-00824,240000.0,24.857142857142858,103.57142857142858
T017,G1-00861,G1-00855,240000.0,34.285714285714285,142.85714285714286
T017,G1-00862,G1-00856,240000.0,34.285714285714285,142.85714285714286
T017,G1-00863,G1-00857,240000.0,29.142857142857142,121.42857142857143
T017,G1-00864,G1-00858,240000.0,25.714285714285715,107.14285714285715
T017,G1-00865,G1-00859,240000.0,25.714285714285715,107.14285714285715
T017,G1-00866,G1-00860,240000.0,24.857142857142858,103.57142857142858
T017,G1-00897,G1-00891,240000.0,34.285714285714285,142.85714285714286
T017,G1-00898,G1-00892,240000.0,34.285714285714285,142.85714285714286
T017,G1-00899,G1-00893,240000.0,29.142857142857142,121.42857142857143
T017,G1-00900,G1-00894,240000.0,25.714285714285715,107.14285714285715
T017,G1-00901,G1-00895,240000.0,25.714285714285715,107.14285714285715
T017,G1-00902,G1-00896,240000.0,24.857142857142858,103.57142857142858
T017,G1-00933,G1-00927,240000.0,34.285714285714285,142.85714285714286
T017,G1-00934,G1-00928,240000.0,34.285714285714285,142.85714285714286
T017,G1-00935,G1-00929,240000.0,29.142857142857142,121.42857142857143
T017,G1-00936,G1-00930,240000.0,25.714285714285715,107.14285714285715
T017,G1-00937,G1-00931,240000.0,25.714285714285715,107.14285714285715
T017,G1-00938,G1-00932,240000.0,24.857142857142858,103.57142857142858
T017,G1-00969,G1-00963,240000.0,34.285714285714285,142.85714285714286
T017,G1-00970,G1-00964,240000.0,34.285714285714285,142.85714285714286
T017,G1-00971,G1-00965,240000.0,29.142857142857142,121.42857142857143
T017,G1-00972,G1-00966,240000.0,25.714285714285715,107.14285714285715
T017,G1-00973,G1-00967,240000.0,25.714285714285715,107.14285714285715
T017,G1-00974,G1-00968,240000.0,24.857142857142858,103.57142857142858
T017,G1-01005,G1-00999,240000.0,34.285714285714285,142.85714285714286
T017,G1-01006,G1-01000,240000.0,34.285714285714285,142.85714285714286
T017,G1-01007,G1-01001,240000.0,29.142857142857142,121.42857142857143
T017,G1-01008,G1-01002,240000.0,25.714285714285715,107.14285714285715
T017,G1-01009,G1-01003,240000.0,25.714285714285715,107.14285714285715
T017,G1-01010,G1-01004,240000.0,24.857142857142858,103.57142857142858
T017,G1-01021,G1-01020,240000.0,48.0,200.0
T017,G1-00675,G1-00669,240000.0,46.285714285714285,192.85714285714286
T017,G1-00676,G1-00670,240000.0,46.285714285714285,192.85714285714286
T017,G1-00677,G1-00671,240000.0,41.14285714285714,171.42857142857142
T017,G1-00678,G1-00672,240000.0,37.714285714285715,157.14285714285714
T017,G1-00679,G1-00673,240000.0,37.714285714285715,157.14285714285714
T017,G1-00680,G1-00674,240000.0,36.85714285714286,153.57142857142858
T017,G1-00711,G1-00705,240000.0,46.285714285714285,192.85714285714286
T017,G1-00712,G1-00706,240000.0,46.285714285714285,192.85714285714286
T017,G1-00713,G1-00707,240000.0,41.14285714285714,171.42857142857142
T017,G1-00714,G1-00708,240000.0,37.714285714285715,157.14285714285714
T017,G1-00715,G1-00709,240000.0,37.714285714285715,157.14285714285714
T017,G1-00716,G1-00710,240000.0,36.85714285714286,153.57142857142858
T017,G1-00747,G1-00741,240000.0,46.285714285714285,192.85714285714286
T017,G1-00748,G1-00742,240000.0,46.285714285714285,192.85714285714286
T017,G1-00749,G1-00743,240000.0,41.14285714285714,171.42857142857142
T017,G1-00750,G1-00744,240000.0,37.714285714285715,157.14285714285714
T017,G1-00751,G1-00745,240000.0,37.714285714285715,157.14285714285714
T017,G1-00752,G1-00746,240000.0,36.85714285714286,153.57142857142858
T017,G1-00783,G1-00777,240000.0,46.285714285714285,192.85714285714286
T017,G1-00784,G1-00778,240000.0,46.285714285714285,192.85714285714286
T017,G1-00785,G1-00779,240000.0,41.14285714285714,171.42857142857142
T017,G1-00786,G1-00780,240000.0,37.714285714285715,157.14285714285714
T017,G1-00787,G1-00781,240000.0,37.714285714285715,157.14285714285714
T017,G1-00788,G1-00782,240000.0,36.85714285714286,153.57142857142858
T017,G1-00819,G1-00813,240000.0,46.285714285714285,192.85714285714286
T017,G1-00820,G1-00814,240000.0,46.285714285714285,192.85714285714286
T017,G1-00821,G1-00815,240000.0,41.14285714285714,171.42857142857142
T017,G1-00822,G1-00816,240000.0,37.714285714285715,157.14285714285714
T017,G1-00823,G1-00817,240000.0,37.714285714285715,157.14285714285714
T017,G1-00824,G1-00818,240000.0,36.85714285714286,153.57142857142858
T017,G1-00855,G1-00849,240000.0,46.285714285714285,192.85714285714286
T017,G1-00856,G1-00850,240000.0,46.285714285714285,192.85714285714286
T017,G1-00857,G1-00851,240000.0,41.14285714285714,171.42857142857142
T017,G1-00858,G1-00852,240000.0,37.714285714285715,157.14285714285714
T017,G1-00859,G1-00853,240000.0,37.714285714285715,157.14285714285714
T017,G1-00860,G1-00854,240000.0,36.85714285714286,153.57142857142858
T017,G1-00891,G1-00885,240000.0,46.285714285714285,192.85714285714286
T017,G1-00892,G1-00886,240000.0,46.285714285714285,192.85714285714286
T017,G1-00893,G1-00887,240000.0,41.14285714285714,171.42857142857142
T017,G1-00894,G1-00888,240000.0,37.714285714285715,157.14285714285714
T017,G1-00895,G1-00889,240000.0,37.714285714285715,157.14285714285714
T017,G1-00896,G1-00890,240000.0,36.85714285714286,153.57142857142858
T017,G1-00927,G1-00921,240000.0,46.285714285714285,192.85714285714286
T017,G1-00928,G1-00922,240000.0,46.285714285714285,192.85714285714286
T017,G1-00929,G1-00923,240000.0,41.14285714285714,171.42857142857142
T017,G1-00930,G1-00924,240000.0,37.714285714285715,157.14285714285714
T017,G1-00931,G1-00925,240000.0,37.714285714285715,157.14285714285714
T017,G1-00932,G1-00926,240000.0,36.85714285714286,153.57142857142858
T017,G1-00963,G1-00957,240000.0,46.285714285714285,192.85714285714286
T017,G1-00964,G1-00958,240000.0,46.285714285714285,192.85714285714286
T017,G1-00965,G1-00959,240000.0,41.14285714285714,171.42857142857142
T017,G1-00966,G1-00960,240000.0,37.714285714285715,157.14285714285714
T017,G1-00967,G1-00961,240000.0,37.714285714285715,157.14285714285714
T017,G1-00968,G1-00962,240000.0,36.85714285714286,153.57142857142858
T017,G1-00999,G1-00993,240000.0,46.285714285714285,192.85714285714286
T017,G1-01000,G1-00994,240000.0,46.285714285714285,192.85714285714286
T017,G1-01001,G1-00995,240000.0,41.14285714285714,171.42857142857142
T017,G1-01002,G1-00996,240000.0,37.714285714285715,157.14285714285714
T017,G1-01003,G1-00997,240000.0,37.714285714285715,157.14285714285714
T017,G1-01004,G1-00998,240000.0,36.85714285714286,153.57142857142858
T017,G1-01020,G1-01019,240000.0,60.0,250.0
T017,G1-00669,G1-00663,240000.0,58.285714285714285,242.85714285714286
T017,G1-00670,G1-00664,240000.0,58.285714285714285,242.85714285714286
T017,G1-00671,G1-00665,240000.0,53.14285714285714,221.42857142857142
T017,G1-00672,G1-00666,240000.0,49.714285714285715,207.14285714285717
T017,G1-00673,G1-00667,240000.0,49.714285714285715,207.14285714285717
T017,G1-00674,G1-00668,240000.0,48.85714285714286,203.57142857142858
T017,G1-00705,G1-00699,240000.0,58.285714285714285,242.85714285714286
T017,G1-00706,G1-00700,240000.0,58.285714285714285,242.85714285714286
T017,G1-00707,G1-00701,240000.0,53.14285714285714,221.42857142857142
T017,G1-00708,G1-00702,240000.0,49.714285714285715,207.14285714285717
T017,G1-00709,G1-00703,240000.0,49.714285714285715,207.14285714285717
T017,G1-00710,G1-00704,240000.0,48.85714285714286,203.57142857142858
T017,G1-00741,G1-00735,240000.0,58.285714285714285,242.85714285714286
T017,G1-00742,G1-00736,240000.0,58.285714285714285,242.85714285714286
T017,G1-00743,G1-00737,240000.0,53.14285714285714,221.42857142857142
T017,G1-00744,G1-00738,240000.0,49.714285714285715,207.14285714285717
T017,G1-00745,G1-00739,240000.0,49.714285714285715,207.14285714285717
T017,G1-00746,G1-00740,240000.0,48.85714285714286,203.57142857142858
T017,G1-00777,G1-00771,240000.0,58.285714285714285,242.85714285714286
T017,G1-00778,G1-00772,240000.0,58.285714285714285,242.85714285714286
T017,G1-00779,G1-00773,240000.0,53.14285714285714,221.42857142857142
T017,G1-00780,G1-00774,240000.0,49.714285714285715,207.14285714285717
T017,G1-00781,G1-00775,240000.0,49.714285714285715,207.14285714285717
T017,G1-00782,G1-00776,240000.0,48.85714285714286,203.57142857142858
T017,G1-00813,G1-00807,240000.0,58.285714285714285,242.85714285714286
T017,G1-00814,G1-00808,240000.0,58.285714285714285,242.85714285714286
T017,G1-00815,G1-00809,240000.0,53.14285714285714,221.42857142857142
T017,G1-00816,G1-00810,240000.0,49.714285714285715,207.14285714285717
T017,G1-00817,G1-00811,240000.0,49.714285714285715,207.14285714285717
T017,G1-00818,G1-00812,240000.0,48.85714285714286,203.57142857142858
T017,G1-00849,G1-00843,240000.0,58.285714285714285,242.85714285714286
T017,G1-00850,G1-00844,240000.0,58.285714285714285,242.85714285714286
T017,G1-00851,G1-00845,240000.0,53.14285714285714,221.42857142857142
T017,G1-00852,G1-00846,240000.0,49.714285714285715,207.14285714285717
T017,G1-00853,G1-00847,240000.0,49.714285714285715,207.14285714285717
T017,G1-00854,G1-00848,240000.0,48.85714285714286,203.57142857142858
T017,G1-00885,G1-00879,240000.0,58.285714285714285,242.85714285714286
T017,G1-00886,G1-00880,240000.0,58.285714285714285,242.85714285714286
T017,G1-00887,G1-00881,240000.0,53.14285714285714,221.42857142857142
T017,G1-00888,G1-00882,240000.0,49.714285714285715,207.14285714285717
T017,G1-00889,G1-00883,240000.0,49.714285714285715,207.14285714285717
T017,G1-00890,G1-00884,240000.0,48.85714285714286,203.57142857142858
T017,G1-00921,G1-00915,240000.0,58.285714285714285,242.85714285714286
T017,G1-00922,G1-00916,240000.0,58.285714285714285,242.85714285714286
T017,G1-00923,G1-00917,240000.0,53.14285714285714,221.42857142857142
T017,G1-00924,G1-00918,240000.0,49.714285714285715,207.14285714285717
T017,G1-00925,G1-00919,240000.0,49.714285714285715,207.14285714285717
T017,G1-00926,G1-00920,240000.0,48.85714285714286,203.57142857142858
T017,G1-00957,G1-00951,240000.0,58.285714285714285,242.85714285714286
T017,G1-00958,G1-00952,240000.0,58.285714285714285,242.85714285714286
T017,G1-00959,G1-00953,240000.0,53.14285714285714,221.42857142857142
T017,G1-00960,G1-00954,240000.0,49.714285714285715,207.14285714285717
T017,G1-00961,G1-00955,240000.0,49.714285714285715,207.14285714285717
T017,G1-00962,G1-00956,240000.0,48.85714285714286,203.57142857142858
T017,G1-00993,G1-00987,240000.0,58.285714285714285,242.85714285714286
T017,G1-00994,G1-00988,240000.0,58.285714285714285,242.85714285714286
T017,G1-00995,G1-00989,240000.0,53.14285714285714,221.42857142857142
T017,G1-00996,G1-00990,240000.0,49.714285714285715,207.14285714285717
T017,G1-00997,G1-00991,240000.0,49.714285714285715,207.14285714285717
T017,G1-00998,G1-00992,240000.0,48.85714285714286,203.57142857142858
T017,G1-01019,G1-01018,240000.0,72.0,300.0
T017,G1-00663,G1-00657,240000.0,70.28571428571428,292.85714285714283
T017,G1-00664,G1-00658,240000.0,70.28571428571428,292.85714285714283
T017,G1-00665,G1-00659,240000.0,65.14285714285714,271.42857142857144
T017,G1-00666,G1-00660,240000.0,61.714285714285715,257.14285714285717
T017,G1-00667,G1-00661,240000.0,61.714285714285715,257.14285714285717
T017,G1-00668,G1-00662,240000.0,60.85714285714286,253.57142857142858
T017,G1-00699,G1-00693,240000.0,70.28571428571428,292.85714285714283
T017,G1-00700,G1-00694,240000.0,70.28571428571428,292.85714285714283
T017,G1-00701,G1-00695,240000.0,65.14285714285714,271.42857142857144
T017,G1-00702,G1-00696,240000.0,61.714285714285715,257.14285714285717
T017,G1-00703,G1-00697,240000.0,61.714285714285715,257.14285714285717
T017,G1-00704,G1-00698,240000.0,60.85714285714286,253.57142857142858
T017,G1-00735,G1-00729,240000.0,70.28571428571428,292.85714285714283
T017,G1-00736,G1-00730,240000.0,70.28571428571428,292.85714285714283
T017,G1-00737,G1-00731,240000.0,65.14285714285714,271.42857142857144
T017,G1-00738,G1-00732,240000.0,61.714285714285715,257.14285714285717
T017,G1-00739,G1-00733,240000.0,61.714285714285715,257.14285714285717
T017,G1-00740,G1-00734,240000.0,60.85714285714286,253.57142857142858
T017,G1-00771,G1-00765,240000.0,70.28571428571428,292.85714285714283
T017,G1-00772,G1-00766,240000.0,70.28571428571428,292.85714285714283
T017,G1-00773,G1-00767,240000.0,65.14285714285714,271.42857142857144
T017,G1-00774,G1-00768,240000.0,61.714285714285715,257.14285714285717
T017,G1-00775,G1-00769,240000.0,61.714285714285715,257.14285714285717
T017,G1-00776,G1-00770,240000.0,60.85714285714286,253.57142857142858
T017,G1-00807,G1-00801,240000.0,70.28571428571428,292.85714285714283
T017,G1-00808,G1-00802,240000.0,70.28571428571428,292.85714285714283
T017,G1-00809,G1-00803,240000.0,65.14285714285714,271.42857142857144
T017,G1-00810,G1-00804,240000.0,61.714285714285715,257.14285714285717
T017,G1-00811,G1-00805,240000.0,61.714285714285715,257.14285714285717
T017,G1-00812,G1-00806,240000.0,60.85714285714286,253.57142857142858
T017,G1-00843,G1-00837,240000.0,70.28571428571428,292.85714285714283
T017,G1-00844,G1-00838,240000.0,70.28571428571428,292.85714285714283
T017,G1-00845,G1-00839,240000.0,65.14285714285714,271.42857142857144
T017,G1-00846,G1-00840,240000.0,61.714285714285715,257.14285714285717
T017,G1-00847,G1-00841,240000.0,61.714285714285715,257.14285714285717
T017,G1-00848,G1-00842,240000.0,60.85714285714286,253.57142857142858
T017,G1-00879,G1-00873,240000.0,70.28571428571428,292.85714285714283
T017,G1-00880,G1-00874,240000.0,70.28571428571428,292.85714285714283
T017,G1-00881,G1-00875,240000.0,65.14285714285714,271.42857142857144
T017,G1-00882,G1-00876,240000.0,61.714285714285715,257.14285714285717
T017,G1-00883,G1-00877,240000.0,61.714285714285715,257.14285714285717
T017,G1-00884,G1-00878,240000.0,60.85714285714286,253.57142857142858
T017,G1-00915,G1-00909,240000.0,70.28571428571428,292.85714285714283
T017,G1-00916,G1-00910,240000.0,70.28571428571428,292.85714285714283
T017,G1-00917,G1-00911,240000.0,65.14285714285714,271.42857142857144
T017,G1-00918,G1-00912,240000.0,61.714285714285715,257.14285714285717
T017,G1-00919,G1-00913,240000.0,61.714285714285715,257.14285714285717
T017,G1-00920,G1-00914,240000.0,60.85714285714286,253.57142857142858
T017,G1-00951,G1-00945,240000.0,70.28571428571428,292.85714285714283
T017,G1-00952,G1-00946,240000.0,70.28571428571428,292.85714285714283
T017,G1-00953,G1-00947,240000.0,65.14285714285714,271.42857142857144
T017,G1-00954,G1-00948,240000.0,61.714285714285715,257.14285714285717
T017,G1-00955,G1-00949,240000.0,61.714285714285715,257.14285714285717
T017,G1-00956,G1-00950,240000.0,60.85714285714286,253.57142857142858
T017,G1-00987,G1-00981,240000.0,70.28571428571428,292.85714285714283
T017,G1-00988,G1-00982,240000.0,70.28571428571428,292.85714285714283
T017,G1-00989,G1-00983,240000.0,65.14285714285714,271.42857142857144
T017,G1-00990,G1-00984,240000.0,61.714285714285715,257.14285714285717
T017,G1-00991,G1-00985,240000.0,61.714285714285715,257.14285714285717
T017,G1-00992,G1-00986,240000.0,60.85714285714286,253.57142857142858
T017,G1-01018,G1-01017,240000.0,84.0,350.0
T018,G1-01392,G1-01391,240000.0,12.0,50.0
T018,G3-00388,G1-01055,240000.0,10.285714285714286,42.85714285714286
T018,G3-00388,G1-01056,60000.0,2.5714285714285716,42.85714285714286
T018,G3-00388,G1-01058,40000.0,1.7142857142857142,42.857142857142854
T018,G3-00388,G1-01059,10000.0,0.42857142857142855,42.857142857142854
T018,G3-00389,G1-01056,180000.0,7.714285714285714,42.85714285714286
T018,G3-00389,G1-01057,120000.0,5.142857142857143,42.85714285714286
T018,G3-00389,G1-01059,30000.0,1.2857142857142858,42.85714285714286
T018,G3-00389,G1-01060,20000.0,0.8571428571428571,42.857142857142854
T018,G3-00390,G1-01091,240000.0,10.285714285714286,42.85714285714286
T018,G3-00390,G1-01092,60000.0,2.5714285714285716,42.85714285714286
T018,G3-00390,G1-01094,40000.0,1.7142857142857142,42.857142857142854
T018,G3-00390,G1-01095,10000.0,0.42857142857142855,42.857142857142854
T018,G3-00391,G1-01092,180000.0,7.714285714285714,42.85714285714286
T018,G3-00391,G1-01093,120000.0,5.142857142857143,42.85714285714286
T018,G3-00391,G1-01095,30000.0,1.2857142857142858,42.85714285714286
T018,G3-00391,G1-01096,20000.0,0.8571428571428571,42.857142857142854
T018,G3-00392,G1-01127,240000.0,10.285714285714286,42.85714285714286
T018,G3-00392,G1-01128,60000.0,2.5714285714285716,42.85714285714286
T018,G3-00392,G1-01130,40000.0,1.7142857142857142,42.857142857142854
T018,G3-00392,G1-01131,10000.0,0.42857142857142855,42.857142857142854
T018,G3-00393,G1-01128,180000.0,7.714285714285714,42.85714285714286
T018,G3-00393,G1-01129,120000.0,5.142857142857143,42.85714285714286
T018,G3-00393,G1-01131,30000.0,1.2857142857142858,42.85714285714286
T018,G3-00393,G1-01132,20000.0,0.8571428571428571,42.857142857142854
T018,G3-00394,G1-01163,240000.0,10.285714285714286,42.85714285714286
T018,G3-00394,G1-01164,60000.0,2.5714285714285716,42.85714285714286
T018,G3-00394,G1-01166,40000.0,1.7142857142857142,42.857142857142854
T018,G3-00394,G1-01167,10000.0,0.42857142857142855,42.857142857142854
T018,G3-00395,G1-01164,180000.0,7.714285714285714,42.85714285714286
T018,G3-00395,G1-01165,120000.0,5.142857142857143,42.85714285714286
T018,G3-00395,G1-01167,30000.0,1.2857142857142858,42.85714285714286
T018,G3-00395,G1-01168,20000.0,0.8571428571428571,42.857142857142854
T018,G3-00396,G1-01199,240000.0,10.285714285714286,42.85714285714286
T018,G3-00396,G1-01200,60000.0,2.5714285714285716,42.85714285714286
T018,G3-00396,G1-01202,40000.0,1.7142857142857142,42.857142857142854
T018,G3-00396,G1-01203,10000.0,0.42857142857142855,42.857142857142854
T018,G3-00397,G1-01200,180000.0,7.714285714285714,42.85714285714286
T018,G3-00397,G1-01201,120000.0,5.142857142857143,42.85714285714286
T018,G3-00397,G1-01203,30000.0,1.2857142857142858,42.85714285714286
T018,G3-00397,G1-01204,20000.0,0.8571428571428571,42.857142857142854
T018,G3-00398,G1-01235,240000.0,10.285714285714286,42.85714285714286
T018,G3-00398,G1-01236,60000.0,2.5714285714285716,42.85714285714286
T018,G3-00398,G1-01238,40000.0,1.7142857142857142,42.857142857142854
T018,G3-00398,G1-01239,10000.0,0.42857142857142855,42.857142857142854
T018,G3-00399,G1-01236,180000.0,7.714285714285714,42.85714285714286
T018,G3-00399,G1-01237,120000.0,5.142857142857143,42.85714285714286
T018,G3-00399,G1-01239,30000.0,1.2857142857142858,42.85714285714286
T018,G3-00399,G1-01240,20000.0,0.8571428571428571,42.857142857142854
T018,G3-00400,G1-01271,240000.0,10.285714285714286,42.85714285714286
T018,G3-00400,G1-01272,60000.0,2.5714285714285716,42.85714285714286
T018,G3-00400,G1-01274,40000.0,1.7142857142857142,42.857142857142854
T018,G3-00400,G1-01275,10000.0,0.42857142857142855,42.857142857142854
T018,G3-00401,G1-01272,180000.0,7.714285714285714,42.85714285714286
T018,G3-00401,G1-01273,120000.0,5.142857142857143,42.85714285714286
T018,G3-00401,G1-01275,30000.0,1.2857142857142858,42.85714285714286
T018,G3-00401,G1-01276,20000.0,0.8571428571428571,42.857142857142854
T018,G3-00402,G1-01307,240000.0,10.285714285714286,42.85714285714286
T018,G3-00402,G1-01308,60000.0,2.5714285714285716,42.85714285714286
T018,G3-00402,G1-01310,40000.0,1.7142857142857142,42.857142857142854
T018,G3-00402,G1-01311,10000.0,0.42857142857142855,42.857142857142854
T018,G3-00403,G1-01308,180000.0,7.714285714285714,42.85714285714286
T018,G3-00403,G1-01309,120000.0,5.142857142857143,42.85714285714286
T018,G3-00403,G1-01311,30000.0,1.2857142857142858,42.85714285714286
T018,G3-00403,G1-01312,20000.0,0.8571428571428571,42.857142857142854
T018,G3-00404,G1-01343,240000.0,10.285714285714286,42.85714285714286
T018,G3-00404,G1-01344,60000.0,2.5714285714285716,42.85714285714286
T018,G3-00404,G1-01346,40000.0,1.7142857142857142,42.857142857142854
T018,G3-00404,G1-01347,10000.0,0.42857142857142855,42.857142857142854
T018,G3-00405,G1-01344,180000.0,7.714285714285714,42.85714285714286
T018,G3-00405,G1-01345,120000.0,5.142857142857143,42.85714285714286
T018,G3-00405,G1-01347,30000.0,1.2857142857142858,42.85714285714286
T018,G3-00405,G1-01348,20000.0,0.8571428571428571,42.857142857142854
T018,G3-00406,G1-01379,240000.0,10.285714285714286,42.85714285714286
T018,G3-00406,G1-01380,60000.0,2.5714285714285716,42.85714285714286
T018,G3-00406,G1-01382,40000.0,1.7142857142857142,42.857142857142854
T018,G3-00406,G1-01383,10000.0,0.42857142857142855,42.857142857142854
T018,G3-00407,G1-01380,180000.0,7.714285714285714,42.85714285714286
T018,G3-00407,G1-01381,120000.0,5.142857142857143,42.85714285714286
T018,G3-00407,G1-01383,30000.0,1.2857142857142858,42.85714285714286
T018,G3-00407,G1-01384,20000.0,0.8571428571428571,42.857142857142854
T018,G1-01391,G1-01390,240000.0,24.0,100.0
T018,G1-01055,G1-01049,240000.0,22.285714285714285,92.85714285714286
T018,G1-01056,G1-01050,240000.0,22.285714285714285,92.85714285714286
T018,G1-01057,G1-01051,240000.0,17.142857142857142,71.42857142857143
T018,G1-01058,G1-01052,240000.0,13.714285714285714,57.14285714285714
T018,G1-01059,G1-01053,240000.0,13.714285714285715,57.142857142857146
T018,G1-01060,G1-01054,240000.0,12.857142857142858,53.57142857142858
T018,G1-01091,G1-01085,240000.0,22.285714285714285,92.85714285714286
T018,G1-01092,G1-01086,240000.0,22.285714285714285,92.85714285714286
T018,G1-01093,G1-01087,240000.0,17.142857142857142,71.42857142857143
T018,G1-01094,G1-01088,240000.0,13.714285714285714,57.14285714285714
T018,G1-01095,G1-01089,240000.0,13.714285714285715,57.142857142857146
T018,G1-01096,G1-01090,240000.0,12.857142857142858,53.57142857142858
T018,G1-01127,G1-01121,240000.0,22.285714285714285,92.85714285714286
T018,G1-01128,G1-01122,240000.0,22.285714285714285,92.85714285714286
T018,G1-01129,G1-01123,240000.0,17.142857142857142,71.42857142857143
T018,G1-01130,G1-01124,240000.0,13.714285714285714,57.14285714285714
T018,G1-01131,G1-01125,240000.0,13.714285714285715,57.142857142857146
T018,G1-01132,G1-01126,240000.0,12.857142857142858,53.57142857142858
T018,G1-01163,G1-01157,240000.0,22.285714285714285,92.85714285714286
T018,G1-01164,G1-01158,240000.0,22.285714285714285,92.85714285714286
T018,G1-01165,G1-01159,240000.0,17.142857142857142,71.42857142857143
T018,G1-01166,G1-01160,240000.0,13.714285714285714,57.14285714285714
T018,G1-01167,G1-01161,240000.0,13.714285714285715,57.142857142857146
T018,G1-01168,G1-01162,240000.0,12.857142857142858,53.57142857142858
T018,G1-01199,G1-01193,240000.0,22.285714285714285,92.85714285714286
T018,G1-01200,G1-01194,240000.0,22.285714285714285,92.85714285714286
T018,G1-01201,G1-01195,240000.0,17.142857142857142,71.42857142857143
T018,G1-01202,G1-01196,240000.0,13.714285714285714,57.14285714285714
T018,G1-01203,G1-01197,240000.0,13.714285714285715,57.142857142857146
T018,G1-01204,G1-01198,240000.0,12.857142857142858,53.57142857142858
T018,G1-01235,G1-01229,240000.0,22.285714285714285,92.85714285714286
T018,G1-01236,G1-01230,240000.0,22.285714285714285,92.85714285714286
T018,G1-01237,G1-01231,240000.0,17.142857142857142,71.42857142857143
T018,G1-01238,G1-01232,240000.0,13.714285714285714,57.14285714285714
T018,G1-01239,G1-01233,240000.0,13.714285714285715,57.142857142857146
T018,G1-01240,G1-01234,240000.0,12.857142857142858,53.57142857142858
T018,G1-01271,G1-01265,240000.0,22.285714285714285,92.85714285714286
T018,G1-01272,G1-01266,240000.0,22.285714285714285,92.85714285714286
T018,G1-01273,G1-01267,240000.0,17.142857142857142,71.42857142857143
T018,G1-01274,G1-01268,240000.0,13.714285714285714,57.14285714285714
T018,G1-01275,G1-01269,240000.0,13.714285714285715,57.142857142857146
T018,G1-01276,G1-01270,240000.0,12.857142857142858,53.57142857142858
T018,G1-01307,G1-01301,240000.0,22.285714285714285,92.85714285714286
T018,G1-01308,G1-01302,240000.0,22.285714285714285,92.85714285714286
T018,G1-01309,G1-01303,240000.0,17.142857142857142,71.42857142857143
T018,G1-01310,G1-01304,240000.0,13.714285714285714,57.14285714285714
T018,G1-01311,G1-01305,240000.0,13.714285714285715,57.142857142857146
T018,G1-01312,G1-01306,240000.0,12.857142857142858,53.57142857142858
T018,G1-01343,G1-01337,240000.0,22.285714285714285,92.85714285714286
T018,G1-01344,G1-01338,240000.0,22.285714285714285,92.85714285714286
T018,G1-01345,G1-01339,240000.0,17.142857142857142,71.42857142857143
T018,G1-01346,G1-01340,240000.0,13.714285714285714,57.14285714285714
T018,G1-01347,G1-01341,240000.0,13.714285714285715,57.142857142857146
T018,G1-01348,G1-01342,240000.0,12.857142857142858,53.57142857142858
T018,G1-01379,G1-01373,240000.0,22.285714285714285,92.85714285714286
T018,G1-01380,G1-01374,240000.0,22.285714285714285,92.85714285714286
T018,G1-01381,G1-01375,240000.0,17.142857142857142,71.42857142857143
T018,G1-01382,G1-01376,240000.0,13.714285714285714,57.14285714285714
T018,G1-01383,G1-01377,240000.0,13.714285714285715,57.142857142857146
T018,G1-01384,G1-01378,240000.0,12.857142857142858,53.57142857142858
T018,G1-01390,G1-01389,240000.0,36.0,150.0
T018,G1-01049,G1-01043,240000.0,34.285714285714285,142.85714285714286
T018,G1-01050,G1-01044,240000.0,34.285714285714285,142.85714285714286
T018,G1-01051,G1-01045,240000.0,29.142857142857142,121.42857142857143
T018,G1-01052,G1-01046,240000.0,25.714285714285715,107.14285714285715
T018,G1-01053,G1-01047,240000.0,25.714285714285715,107.14285714285715
T018,G1-01054,G1-01048,240000.0,24.857142857142858,103.57142857142858
T018,G1-01085,G1-01079,240000.0,34.285714285714285,142.85714285714286
T018,G1-01086,G1-01080,240000.0,34.285714285714285,142.85714285714286
T018,G1-01087,G1-01081,240000.0,29.142857142857142,121.42857142857143
T018,G1-01088,G1-01082,240000.0,25.714285714285715,107.14285714285715
T018,G1-01089,G1-01083,240000.0,25.714285714285715,107.14285714285715
T018,G1-01090,G1-01084,240000.0,24.857142857142858,103.57142857142858
T018,G1-01121,G1-01115,240000.0,34.285714285714285,142.85714285714286
T018,G1-01122,G1-01116,240000.0,34.285714285714285,142.85714285714286
T018,G1-01123,G1-01117,240000.0,29.142857142857142,121.42857142857143
T018,G1-01124,G1-01118,240000.0,25.714285714285715,107.14285714285715
T018,G1-01125,G1-01119,240000.0,25.714285714285715,107.14285714285715
T018,G1-01126,G1-01120,240000.0,24.857142857142858,103.57142857142858
T018,G1-01157,G1-01151,240000.0,34.285714285714285,142.85714285714286
T018,G1-01158,G1-01152,240000.0,34.285714285714285,142.85714285714286
T018,G1-01159,G1-01153,240000.0,29.142857142857142,121.42857142857143
T018,G1-01160,G1-01154,240000.0,25.714285714285715,107.14285714285715
T018,G1-01161,G1-01155,240000.0,25.714285714285715,107.14285714285715
T018,G1-01162,G1-01156,240000.0,24.857142857142858,103.57142857142858
T018,G1-01193,G1-01187,240000.0,34.285714285714285,142.85714285714286
T018,G1-01194,G1-01188,240000.0,34.285714285714285,142.85714285714286
T018,G1-01195,G1-01189,240000.0,29.142857142857142,121.42857142857143
T018,G1-01196,G1-01190,240000.0,25.714285714285715,107.14285714285715
T018,G1-01197,G1-01191,240000.0,25.714285714285715,107.14285714285715
T018,G1-01198,G1-01192,240000.0,24.857142857142858,103.57142857142858
T018,G1-01229,G1-01223,240000.0,34.285714285714285,142.85714285714286
T018,G1-01230,G1-01224,240000.0,34.285714285714285,142.85714285714286
T018,G1-01231,G1-01225,240000.0,29.142857142857142,121.42857142857143
T018,G1-01232,G1-01226,240000.0,25.714285714285715,107.14285714285715
T018,G1-01233,G1-01227,240000.0,25.714285714285715,107.14285714285715
T018,G1-01234,G1-01228,240000.0,24.857142857142858,103.57142857142858
T018,G1-01265,G1-01259,240000.0,34.285714285714285,142.85714285714286
T018,G1-01266,G1-01260,240000.0,34.285714285714285,142.85714285714286
T018,G1-01267,G1-01261,240000.0,29.142857142857142,121.42857142857143
T018,G1-01268,G1-01262,240000.0,25.714285714285715,107.14285714285715
T018,G1-01269,G1-01263,240000.0,25.714285714285715,107.14285714285715
T018,G1-01270,G1-01264,240000.0,24.857142857142858,103.57142857142858
T018,G1-01301,G1-01295,240000.0,34.285714285714285,142.85714285714286
T018,G1-01302,G1-01296,240000.0,34.285714285714285,142.85714285714286
T018,G1-01303,G1-01297,240000.0,29.142857142857142,121.42857142857143
T018,G1-01304,G1-01298,240000.0,25.714285714285715,107.14285714285715
T018,G1-01305,G1-01299,240000.0,25.714285714285715,107.14285714285715
T018,G1-01306,G1-01300,240000.0,24.857142857142858,103.57142857142858
T018,G1-01337,G1-01331,240000.0,34.285714285714285,142.85714285714286
T018,G1-01338,G1-01332,240000.0,34.285714285714285,142.85714285714286
T018,G1-01339,G1-01333,240000.0,29.142857142857142,121.42857142857143
T018,G1-01340,G1-01334,240000.0,25.714285714285715,107.14285714285715
T018,G1-01341,G1-01335,240000.0,25.714285714285715,107.14285714285715
T018,G1-01342,G1-01336,240000.0,24.857142857142858,103.57142857142858
T018,G1-01373,G1-01367,240000.0,34.285714285714285,142.85714285714286
T018,G1-01374,G1-01368,240000.0,34.285714285714285,142.85714285714286
T018,G1-01375,G1-01369,240000.0,29.142857142857142,121.42857142857143
T018,G1-01376,G1-01370,240000.0,25.714285714285715,107.14285714285715
T018,G1-01377,G1-01371,240000.0,25.714285714285715,107.14285714285715
T018,G1-01378,G1-01372,240000.0,24.857142857142858,103.57142857142858
T018,G1-01389,G1-01388,240000.0,48.0,200.0
T018,G1-01043,G1-01037,240000.0,46.285714285714285,192.85714285714286
T018,G1-01044,G1-01038,240000.0,46.285714285714285,192.85714285714286
T018,G1-01045,G1-01039,240000.0,41.14285714285714,171.42857142857142
T018,G1-01046,G1-01040,240000.0,37.714285714285715,157.14285714285714
T018,G1-01047,G1-01041,240000.0,37.714285714285715,157.14285714285714
T018,G1-01048,G1-01042,240000.0,36.85714285714286,153.57142857142858
T018,G1-01079,G1-01073,240000.0,46.285714285714285,192.85714285714286
T018,G1-01080,G1-01074,240000.0,46.285714285714285,192.85714285714286
T018,G1-01081,G1-01075,240000.0,41.14285714285714,171.42857142857142
T018,G1-01082,G1-01076,240000.0,37.714285714285715,157.14285714285714
T018,G1-01083,G1-01077,240000.0,37.714285714285715,157.14285714285714
T018,G1-01084,G1-01078,240000.0,36.85714285714286,153.57142857142858
T018,G1-01115,G1-01109,240000.0,46.285714285714285,192.85714285714286
T018,G1-01116,G1-01110,240000.0,46.285714285714285,192.85714285714286
T018,G1-01117,G1-01111,240000.0,41.14285714285714,171.42857142857142
T018,G1-01118,G1-01112,240000.0,37.714285714285715,157.14285714285714
T018,G1-01119,G1-01113,240000.0,37.714285714285715,157.14285714285714
T018,G1-01120,G1-01114,240000.0,36.85714285714286,153.57142857142858
T018,G1-01151,G1-01145,240000.0,46.285714285714285,192.85714285714286
T018,G1-01152,G1-01146,240000.0,46.285714285714285,192.85714285714286
T018,G1-01153,G1-01147,240000.0,41.14285714285714,171.42857142857142
T018,G1-01154,G1-01148,240000.0,37.714285714285715,157.14285714285714
T018,G1-01155,G1-01149,240000.0,37.714285714285715,157.14285714285714
T018,G1-01156,G1-01150,240000.0,36.85714285714286,153.57142857142858
T018,G1-01187,G1-01181,240000.0,46.285714285714285,192.85714285714286
T018,G1-01188,G1-01182,240000.0,46.285714285714285,192.85714285714286
T018,G1-01189,G1-01183,240000.0,41.14285714285714,171.42857142857142
T018,G1-01190,G1-01184,240000.0,37.714285714285715,157.14285714285714
T018,G1-01191,G1-01185,240000.0,37.714285714285715,157.14285714285714
T018,G1-01192,G1-01186,240000.0,36.85714285714286,153.57142857142858
T018,G1-01223,G1-01217,240000.0,46.285714285714285,192.85714285714286
T018,G1-01224,G1-01218,240000.0,46.285714285714285,192.85714285714286
T018,G1-01225,G1-01219,240000.0,41.14285714285714,171.42857142857142
T018,G1-01226,G1-01220,240000.0,37.714285714285715,157.14285714285714
T018,G1-01227,G1-01221,240000.0,37.714285714285715,157.14285714285714
T018,G1-01228,G1-01222,240000.0,36.85714285714286,153.57142857142858
T018,G1-01259,G1-01253,240000.0,46.285714285714285,192.85714285714286
T018,G1-01260,G1-01254,240000.0,46.285714285714285,192.85714285714286
T018,G1-01261,G1-01255,240000.0,41.14285714285714,171.42857142857142
T018,G1-01262,G1-01256,240000.0,37.714285714285715,157.14285714285714
T018,G1-01263,G1-01257,240000.0,37.714285714285715,157.14285714285714
T018,G1-01264,G1-01258,240000.0,36.85714285714286,153.57142857142858
T018,G1-01295,G1-01289,240000.0,46.285714285714285,192.85714285714286
T018,G1-01296,G1-01290,240000.0,46.285714285714285,192.85714285714286
T018,G1-01297,G1-01291,240000.0,41.14285714285714,171.42857142857142
T018,G1-01298,G1-01292,240000.0,37.714285714285715,157.14285714285714
T018,G1-01299,G1-01293,240000.0,37.714285714285715,157.14285714285714
T018,G1-01300,G1-01294,240000.0,36.85714285714286,153.57142857142858
T018,G1-01331,G1-01325,240000.0,46.285714285714285,192.85714285714286
T018,G1-01332,G1-01326,240000.0,46.285714285714285,192.85714285714286
T018,G1-01333,G1-01327,240000.0,41.14285714285714,171.42857142857142
T018,G1-01334,G1-01328,240000.0,37.714285714285715,157.14285714285714
T018,G1-01335,G1-01329,240000.0,37.714285714285715,157.14285714285714
T018,G1-01336,G1-01330,240000.0,36.85714285714286,153.57142857142858
T018,G1-01367,G1-01361,240000.0,46.285714285714285,192.85714285714286
T018,G1-01368,G1-01362,240000.0,46.285714285714285,192.85714285714286
T018,G1-01369,G1-01363,240000.0,41.14285714285714,171.42857142857142
T018,G1-01370,G1-01364,240000.0,37.714285714285715,157.14285714285714
T018,G1-01371,G1-01365,240000.0,37.714285714285715,157.14285714285714
T018,G1-01372,G1-01366,240000.0,36.85714285714286,153.57142857142858
T018,G1-01388,G1-01387,240000.0,60.0,250.0
T018,G1-01037,G1-01031,240000.0,58.285714285714285,242.85714285714286
T018,G1-01038,G1-01032,240000.0,58.285714285714285,242.85714285714286
T018,G1-01039,G1-01033,240000.0,53.14285714285714,221.42857142857142
T018,G1-01040,G1-01034,240000.0,49.714285714285715,207.14285714285717
T018,G1-01041,G1-01035,240000.0,49.714285714285715,207.14285714285717
T018,G1-01042,G1-01036,240000.0,48.85714285714286,203.57142857142858
T018,G1-01073,G1-01067,240000.0,58.285714285714285,242.85714285714286
T018,G1-01074,G1-01068,240000.0,58.285714285714285,242.85714285714286
T018,G1-01075,G1-01069,240000.0,53.14285714285714,221.42857142857142
T018,G1-01076,G1-01070,240000.0,49.714285714285715,207.14285714285717
T018,G1-01077,G1-01071,240000.0,49.714285714285715,207.14285714285717
T018,G1-01078,G1-01072,240000.0,48.85714285714286,203.57142857142858
T018,G1-01109,G1-01103,240000.0,58.285714285714285,242.85714285714286
T018,G1-01110,G1-01104,240000.0,58.285714285714285,242.85714285714286
T018,G1-01111,G1-01105,240000.0,53.14285714285714,221.42857142857142
T018,G1-01112,G1-01106,240000.0,49.714285714285715,207.14285714285717
T018,G1-01113,G1-01107,240000.0,49.714285714285715,207.14285714285717
T018,G1-01114,G1-01108,240000.0,48.85714285714286,203.57142857142858
T018,G1-01145,G1-01139,240000.0,58.285714285714285,242.85714285714286
T018,G1-01146,G1-01140,240000.0,58.285714285714285,242.85714285714286
T018,G1-01147,G1-01141,240000.0,53.14285714285714,221.42857142857142
T018,G1-01148,G1-01142,240000.0,49.714285714285715,207.14285714285717
T018,G1-01149,G1-01143,240000.0,49.714285714285715,207.14285714285717
T018,G1-01150,G1-01144,240000.0,48.85714285714286,203.57142857142858
T018,G1-01181,G1-01175,240000.0,58.285714285714285,242.85714285714286
T018,G1-01182,G1-01176,240000.0,58.285714285714285,242.85714285714286
T018,G1-01183,G1-01177,240000.0,53.14285714285714,221.42857142857142
T018,G1-01184,G1-01178,240000.0,49.714285714285715,207.14285714285717
T018,G1-01185,G1-01179,240000.0,49.714285714285715,207.14285714285717
T018,G1-01186,G1-01180,240000.0,48.85714285714286,203.57142857142858
T018,G1-01217,G1-01211,240000.0,58.285714285714285,242.85714285714286
T018,G1-01218,G1-01212,240000.0,58.285714285714285,242.85714285714286
T018,G1-01219,G1-01213,240000.0,53.14285714285714,221.42857142857142
T018,G1-01220,G1-01214,240000.0,49.714285714285715,207.14285714285717
T018,G1-01221,G1-01215,240000.0,49.714285714285715,207.14285714285717
T018,G1-01222,G1-01216,240000.0,48.85714285714286,203.57142857142858
T018,G1-01253,G1-01247,240000.0,58.285714285714285,242.85714285714286
T018,G1-01254,G1-01248,240000.0,58.285714285714285,242.85714285714286
T018,G1-01255,G1-01249,240000.0,53.14285714285714,221.42857142857142
T018,G1-01256,G1-01250,240000.0,49.714285714285715,207.14285714285717
T018,G1-01257,G1-01251,240000.0,49.714285714285715,207.14285714285717
T018,G1-01258,G1-01252,240000.0,48.85714285714286,203.57142857142858
T018,G1-01289,G1-01283,240000.0,58.285714285714285,242.85714285714286
T018,G1-01290,G1-01284,240000.0,58.285714285714285,242.85714285714286
T018,G1-01291,G1-01285,240000.0,53.14285714285714,221.42857142857142
T018,G1-01292,G1-01286,240000.0,49.714285714285715,207.14285714285717
T018,G1-01293,G1-01287,240000.0,49.714285714285715,207.14285714285717
T018,G1-01294,G1-01288,240000.0,48.85714285714286,203.57142857142858
T018,G1-01325,G1-01319,240000.0,58.285714285714285,242.85714285714286
T018,G1-01326,G1-01320,240000.0,58.285714285714285,242.85714285714286
T018,G1-01327,G1-01321,240000.0,53.14285714285714,221.42857142857142
T018,G1-01328,G1-01322,240000.0,49.714285714285715,207.14285714285717
T018,G1-01329,G1-01323,240000.0,49.714285714285715,207.14285714285717
T018,G1-01330,G1-01324,240000.0,48.85714285714286,203.57142857142858
T018,G1-01361,G1-01355,240000.0,58.285714285714285,242.85714285714286
T018,G1-01362,G1-01356,240000.0,58.285714285714285,242.85714285714286
T018,G1-01363,G1-01357,240000.0,53.14285714285714,221.42857142857142
T018,G1-01364,G1-01358,240000.0,49.714285714285715,207.14285714285717
T018,G1-01365,G1-01359,240000.0,49.714285714285715,207.14285714285717
T018,G1-01366,G1-01360,240000.0,48.85714285714286,203.57142857142858
T018,G1-01387,G1-01386,240000.0,72.0,300.0
T018,G1-01031,G1-01025,240000.0,70.28571428571428,292.85714285714283
T018,G1-01032,G1-01026,240000.0,70.28571428571428,292.85714285714283
T018,G1-01033,G1-01027,240000.0,65.14285714285714,271.42857142857144
T018,G1-01034,G1-01028,240000.0,61.714285714285715,257.14285714285717
T018,G1-01035,G1-01029,240000.0,61.714285714285715,257.14285714285717
T018,G1-01036,G1-01030,240000.0,60.85714285714286,253.57142857142858
T018,G1-01067,G1-01061,240000.0,70.28571428571428,292.85714285714283
T018,G1-01068,G1-01062,240000.0,70.28571428571428,292.85714285714283
T018,G1-01069,G1-01063,240000.0,65.14285714285714,271.42857142857144
T018,G1-01070,G1-01064,240000.0,61.714285714285715,257.14285714285717
T018,G1-01071,G1-01065,240000.0,61.714285714285715,257.14285714285717
T018,G1-01072,G1-01066,240000.0,60.85714285714286,253.57142857142858
T018,G1-01103,G1-01097,240000.0,70.28571428571428,292.85714285714283
T018,G1-01104,G1-01098,240000.0,70.28571428571428,292.85714285714283
T018,G1-01105,G1-01099,240000.0,65.14285714285714,271.42857142857144
T018,G1-01106,G1-01100,240000.0,61.714285714285715,257.14285714285717
T018,G1-01107,G1-01101,240000.0,61.714285714285715,257.14285714285717
T018,G1-01108,G1-01102,240000.0,60.85714285714286,253.57142857142858
T018,G1-01139,G1-01133,240000.0,70.28571428571428,292.85714285714283
T018,G1-01140,G1-01134,240000.0,70.28571428571428,292.85714285714283
T018,G1-01141,G1-01135,240000.0,65.14285714285714,271.42857142857144
T018,G1-01142,G1-01136,240000.0,61.714285714285715,257.14285714285717
T018,G1-01143,G1-01137,240000.0,61.714285714285715,257.14285714285717
T018,G1-01144,G1-01138,240000.0,60.85714285714286,253.57142857142858
T018,G1-01175,G1-01169,240000.0,70.28571428571428,292.85714285714283
T018,G1-01176,G1-01170,240000.0,70.28571428571428,292.85714285714283
T018,G1-01177,G1-01171,240000.0,65.14285714285714,271.42857142857144
T018,G1-01178,G1-01172,240000.0,61.714285714285715,257.14285714285717
T018,G1-01179,G1-01173,240000.0,61.714285714285715,257.14285714285717
T018,G1-01180,G1-01174,240000.0,60.85714285714286,253.57142857142858
T018,G1-01211,G1-01205,240000.0,70.28571428571428,292.85714285714283
T018,G1-01212,G1-01206,240000.0,70.28571428571428,292.85714285714283
T018,G1-01213,G1-01207,240000.0,65.14285714285714,271.42857142857144
T018,G1-01214,G1-01208,240000.0,61.714285714285715,257.14285714285717
T018,G1-01215,G1-01209,240000.0,61.714285714285715,257.14285714285717
T018,G1-01216,G1-01210,240000.0,60.85714285714286,253.57142857142858
T018,G1-01247,G1-01241,240000.0,70.28571428571428,292.85714285714283
T018,G1-01248,G1-01242,240000.0,70.28571428571428,292.85714285714283
T018,G1-01249,G1-01243,240000.0,65.14285714285714,271.42857142857144
T018,G1-01250,G1-01244,240000.0,61.714285714285715,257.14285714285717
T018,G1-01251,G1-01245,240000.0,61.714285714285715,257.14285714285717
T018,G1-01252,G1-01246,240000.0,60.85714285714286,253.57142857142858
T018,G1-01283,G1-01277,240000.0,70.28571428571428,292.85714285714283
T018,G1-01284,G1-01278,240000.0,70.28571428571428,292.85714285714283
T018,G1-01285,G1-01279,240000.0,65.14285714285714,271.42857142857144
T018,G1-01286,G1-01280,240000.0,61.714285714285715,257.14285714285717
T018,G1-01287,G1-01281,240000.0,61.714285714285715,257.14285714285717
T018,G1-01288,G1-01282,240000.0,60.85714285714286,253.57142857142858
T018,G1-01319,G1-01313,240000.0,70.28571428571428,292.85714285714283
T018,G1-01320,G1-01314,240000.0,70.28571428571428,292.85714285714283
T018,G1-01321,G1-01315,240000.0,65.14285714285714,271.42857142857144
T018,G1-01322,G1-01316,240000.0,61.714285714285715,257.14285714285717
T018,G1-01323,G1-01317,240000.0,61.714285714285715,257.14285714285717
T018,G1-01324,G1-01318,240000.0,60.85714285714286,253.57142857142858
T018,G1-01355,G1-01349,240000.0,70.28571428571428,292.85714285714283
T018,G1-01356,G1-01350,240000.0,70.28571428571428,292.85714285714283
T018,G1-01357,G1-01351,240000.0,65.14285714285714,271.42857142857144
T018,G1-01358,G1-01352,240000.0,61.714285714285715,257.14285714285717
T018,G1-01359,G1-01353,240000.0,61.714285714285715,257.14285714285717
T018,G1-01360,G1-01354,240000.0,60.85714285714286,253.57142857142858
T018,G1-01386,G1-01385,240000.0,84.0,350.0
T019,G1-01580,G1-01579,240000.0,12.0,50.0
T019,G1-01588,G1-01587,240000.0,12.0,50.0
T019,G1-01596,G1-01595,240000.0,12.0,50.0
T019,G3-00412,G1-01423,240000.0,10.285714285714286,42.85714285714286
T019,G3-00412,G1-01424,60000.0,2.5714285714285716,42.85714285714286
T019,G3-00412,G1-01426,40000.0,1.7142857142857142,42.857142857142854
T019,G3-00412,G1-01427,10000.0,0.42857142857142855,42.857142857142854
T019,G3-00413,G1-01424,180000.0,7.714285714285714,42.85714285714286
T019,G3-00413,G1-01425,120000.0,5.142857142857143,42.85714285714286
T019,G3-00413,G1-01427,30000.0,1.2857142857142858,42.85714285714286
T019,G3-00413,G1-01428,20000.0,0.8571428571428571,42.857142857142854
T019,G3-00414,G1-01459,240000.0,10.285714285714286,42.85714285714286
T019,G3-00414,G1-01460,60000.0,2.5714285714285716,42.85714285714286
T019,G3-00414,G1-01462,40000.0,1.7142857142857142,42.857142857142854
T019,G3-00414,G1-01463,10000.0,0.42857142857142855,42.857142857142854
T019,G3-00415,G1-01460,180000.0,7.714285714285714,42.85714285714286
T019,G3-00415,G1-01461,120000.0,5.142857142857143,42.85714285714286
T019,G3-00415,G1-01463,30000.0,1.2857142857142858,42.85714285714286
T019,G3-00415,G1-01464,20000.0,0.8571428571428571,42.857142857142854
T019,G3-00416,G1-01495,240000.0,10.285714285714286,42.85714285714286
T019,G3-00416,G1-01496,60000.0,2.5714285714285716,42.85714285714286
T019,G3-00416,G1-01498,40000.0,1.7142857142857142,42.857142857142854
T019,G3-00416,G1-01499,10000.0,0.42857142857142855,42.857142857142854
T019,G3-00417,G1-01496,180000.0,7.714285714285714,42.85714285714286
T019,G3-00417,G1-01497,120000.0,5.142857142857143,42.85714285714286
T019,G3-00417,G1-01499,30000.0,1.2857142857142858,42.85714285714286
T019,G3-00417,G1-01500,20000.0,0.8571428571428571,42.857142857142854
T019,G3-00418,G1-01531,240000.0,10.285714285714286,42.85714285714286
T019,G3-00418,G1-01532,60000.0,2.5714285714285716,42.85714285714286
T019,G3-00418,G1-01534,40000.0,1.7142857142857142,42.857142857142854
T019,G3-00418,G1-01535,10000.0,0.42857142857142855,42.857142857142854
T019,G3-00419,G1-01532,180000.0,7.714285714285714,42.85714285714286
T019,G3-00419,G1-01533,120000.0,5.142857142857143,42.85714285714286
T019,G3-00419,G1-01535,30000.0,1.2857142857142858,42.85714285714286
T019,G3-00419,G1-01536,20000.0,0.8571428571428571,42.857142857142854
T019,G3-00420,G1-01567,240000.0,10.285714285714286,42.85714285714286
T019,G3-00420,G1-01568,60000.0,2.5714285714285716,42.85714285714286
T019,G3-00420,G1-01570,40000.0,1.7142857142857142,42.857142857142854
T019,G3-00420,G1-01571,10000.0,0.42857142857142855,42.857142857142854
T019,G3-00421,G1-01568,180000.0,7.714285714285714,42.85714285714286
T019,G3-00421,G1-01569,120000.0,5.142857142857143,42.85714285714286
T019,G3-00421,G1-01571,30000.0,1.2857142857142858,42.85714285714286
T019,G3-00421,G1-01572,20000.0,0.8571428571428571,42.857142857142854
T019,G1-01579,G1-01578,240000.0,24.0,100.0
T019,G1-01587,G1-01586,240000.0,24.0,100.0
T019,G1-01595,G1-01594,240000.0,24.0,100.0
T019,G1-01600,G1-01599,120000.0,12.0,100.0
T019,G1-01423,G1-01417,240000.0,22.285714285714285,92.85714285714286
T019,G1-01424,G1-01418,240000.0,22.285714285714285,92.85714285714286
T019,G1-01425,G1-01419,240000.0,17.142857142857142,71.42857142857143
T019,G1-01426,G1-01420,240000.0,13.714285714285714,57.14285714285714
T019,G1-01427,G1-01421,240000.0,13.714285714285715,57.142857142857146
T019,G1-01428,G1-01422,240000.0,12.857142857142858,53.57142857142858
T019,G1-01459,G1-01453,240000.0,22.285714285714285,92.85714285714286
T019,G1-01460,G1-01454,240000.0,22.285714285714285,92.85714285714286
T019,G1-01461,G1-01455,240000.0,17.142857142857142,71.42857142857143
T019,G1-01462,G1-01456,240000.0,13.714285714285714,57.14285714285714
T019,G1-01463,G1-01457,240000.0,13.714285714285715,57.142857142857146
T019,G1-01464,G1-01458,240000.0,12.857142857142858,53.57142857142858
T019,G1-01495,G1-01489,240000.0,22.285714285714285,92.85714285714286
T019,G1-01496,G1-01490,240000.0,22.285714285714285,92.85714285714286
T019,G1-01497,G1-01491,240000.0,17.142857142857142,71.42857142857143
T019,G1-01498,G1-01492,240000.0,13.714285714285714,57.14285714285714
T019,G1-01499,G1-01493,240000.0,13.714285714285715,57.142857142857146
T019,G1-01500,G1-01494,240000.0,12.857142857142858,53.57142857142858
T019,G1-01531,G1-01525,240000.0,22.285714285714285,92.85714285714286
T019,G1-01532,G1-01526,240000.0,22.285714285714285,92.85714285714286
T019,G1-01533,G1-01527,240000.0,17.142857142857142,71.42857142857143
T019,G1-01534,G1-01528,240000.0,13.714285714285714,57.14285714285714
T019,G1-01535,G1-01529,240000.0,13.714285714285715,57.142857142857146
T019,G1-01536,G1-01530,240000.0,12.857142857142858,53.57142857142858
T019,G1-01567,G1-01561,240000.0,22.285714285714285,92.85714285714286
T019,G1-01568,G1-01562,240000.0,22.285714285714285,92.85714285714286
T019,G1-01569,G1-01563,240000.0,17.142857142857142,71.42857142857143
T019,G1-01570,G1-01564,240000.0,13.714285714285714,57.14285714285714
T019,G1-01571,G1-01565,240000.0,13.714285714285715,57.142857142857146
T019,G1-01572,G1-01566,240000.0,12.857142857142858,53.57142857142858
T019,G1-01578,G1-01577,240000.0,36.0,150.0
T019,G1-01586,G1-01585,240000.0,36.0,150.0
T019,G1-01594,G1-01593,240000.0,36.0,150.0
T019,G1-01417,G1-01411,240000.0,34.285714285714285,142.85714285714286
T019,G1-01418,G1-01412,240000.0,34.285714285714285,142.85714285714286
T019,G1-01419,G1-01413,240000.0,29.142857142857142,121.42857142857143
T019,G1-01420,G1-01414,240000.0,25.714285714285715,107.14285714285715
T019,G1-01421,G1-01415,240000.0,25.714285714285715,107.14285714285715
T019,G1-01422,G1-01416,240000.0,24.857142857142858,103.57142857142858
T019,G1-01453,G1-01447,240000.0,34.285714285714285,142.85714285714286
T019,G1-01454,G1-01448,240000.0,34.285714285714285,142.85714285714286
T019,G1-01455,G1-01449,240000.0,29.142857142857142,121.42857142857143
T019,G1-01456,G1-01450,240000.0,25.714285714285715,107.14285714285715
T019,G1-01457,G1-01451,240000.0,25.714285714285715,107.14285714285715
T019,G1-01458,G1-01452,240000.0,24.857142857142858,103.57142857142858
T019,G1-01489,G1-01483,240000.0,34.285714285714285,142.85714285714286
T019,G1-01490,G1-01484,240000.0,34.285714285714285,142.85714285714286
T019,G1-01491,G1-01485,240000.0,29.142857142857142,121.42857142857143
T019,G1-01492,G1-01486,240000.0,25.714285714285715,107.14285714285715
T019,G1-01493,G1-01487,240000.0,25.714285714285715,107.14285714285715
T019,G1-01494,G1-01488,240000.0,24.857142857142858,103.57142857142858
T019,G1-01525,G1-01519,240000.0,34.285714285714285,142.85714285714286
T019,G1-01526,G1-01520,240000.0,34.285714285714285,142.85714285714286
T019,G1-01527,G1-01521,240000.0,29.142857142857142,121.42857142857143
T019,G1-01528,G1-01522,240000.0,25.714285714285715,107.14285714285715
T019,G1-01529,G1-01523,240000.0,25.714285714285715,107.14285714285715
T019,G1-01530,G1-01524,240000.0,24.857142857142858,103.57142857142858
T019,G1-01561,G1-01555,240000.0,34.285714285714285,142.85714285714286
T019,G1-01562,G1-01556,240000.0,34.285714285714285,142.85714285714286
T019,G1-01563,G1-01557,240000.0,29.142857142857142,121.42857142857143
T019,G1-01564,G1-01558,240000.0,25.714285714285715,107.14285714285715
T019,G1-01565,G1-01559,240000.0,25.714285714285715,107.14285714285715
T019,G1-01566,G1-01560,240000.0,24.857142857142858,103.57142857142858
T019,G1-01577,G1-01576,240000.0,48.0,200.0
T019,G1-01585,G1-01584,240000.0,48.0,200.0
T019,G1-01593,G1-01592,240000.0,48.0,200.0
T019,G1-01599,G1-01598,120000.0,24.0,200.0
T019,G1-01411,G1-01405,240000.0,46.285714285714285,192.85714285714286
T019,G1-01412,G1-01406,240000.0,46.285714285714285,192.85714285714286
T019,G1-01413,G1-01407,240000.0,41.14285714285714,171.42857142857142
T019,G1-01414,G1-01408,240000.0,37.714285714285715,157.14285714285714
T019,G1-01415,G1-01409,240000.0,37.714285714285715,157.14285714285714
T019,G1-01416,G1-01410,240000.0,36.85714285714286,153.57142857142858
T019,G1-01447,G1-01441,240000.0,46.285714285714285,192.85714285714286
T019,G1-01448,G1-01442,240000.0,46.285714285714285,192.85714285714286
T019,G1-01449,G1-01443,240000.0,41.14285714285714,171.42857142857142
T019,G1-01450,G1-01444,240000.0,37.714285714285715,157.14285714285714
T019,G1-01451,G1-01445,240000.0,37.714285714285715,157.14285714285714
T019,G1-01452,G1-01446,240000.0,36.85714285714286,153.57142857142858
T019,G1-01483,G1-01477,240000.0,46.285714285714285,192.85714285714286
T019,G1-01484,G1-01478,240000.0,46.285714285714285,192.85714285714286
T019,G1-01485,G1-01479,240000.0,41.14285714285714,171.42857142857142
T019,G1-01486,G1-01480,240000.0,37.714285714285715,157.14285714285714
T019,G1-01487,G1-01481,240000.0,37.714285714285715,157.14285714285714
T019,G1-01488,G1-01482,240000.0,36.85714285714286,153.57142857142858
T019,G1-01519,G1-01513,240000.0,46.285714285714285,192.85714285714286
T019,G1-01520,G1-01514,240000.0,46.285714285714285,192.85714285714286
T019,G1-01521,G1-01515,240000.0,41.14285714285714,171.42857142857142
T019,G1-01522,G1-01516,240000.0,37.714285714285715,157.14285714285714
T019,G1-01523,G1-01517,240000.0,37.714285714285715,157.14285714285714
T019,G1-01524,G1-01518,240000.0,36.85714285714286,153.57142857142858
T019,G1-01555,G1-01549,240000.0,46.285714285714285,192.85714285714286
T019,G1-01556,G1-01550,240000.0,46.285714285714285,192.85714285714286
T019,G1-01557,G1-01551,240000.0,41.14285714285714,171.42857142857142
T019,G1-01558,G1-01552,240000.0,37.714285714285715,157.14285714285714
T019,G1-01559,G1-01553,240000.0,37.714285714285715,157.14285714285714
T019,G1-01560,G1-01554,240000.0,36.85714285714286,153.57142857142858
T019,G1-01576,G1-01575,240000.0,60.0,250.0
T019,G1-01584,G1-01583,240000.0,60.0,250.0
T019,G1-01592,G1-01591,240000.0,60.0,250.0
T019,G1-01405,G1-01399,240000.0,58.285714285714285,242.85714285714286
T019,G1-01406,G1-01400,240000.0,58.285714285714285,242.85714285714286
T019,G1-01407,G1-01401,240000.0,53.14285714285714,221.42857142857142
T019,G1-01408,G1-01402,240000.0,49.714285714285715,207.14285714285717
T019,G1-01409,G1-01403,240000.0,49.714285714285715,207.14285714285717
T019,G1-01410,G1-01404,240000.0,48.85714285714286,203.57142857142858
T019,G1-01441,G1-01435,240000.0,58.285714285714285,242.85714285714286
T019,G1-01442,G1-01436,240000.0,58.285714285714285,242.85714285714286
T019,G1-01443,G1-01437,240000.0,53.14285714285714,221.42857142857142
T019,G1-01444,G1-01438,240000.0,49.714285714285715,207.14285714285717
T019,G1-01445,G1-01439,240000.0,49.714285714285715,207.14285714285717
T019,G1-01446,G1-01440,240000.0,48.85714285714286,203.57142857142858
T019,G1-01477,G1-01471,240000.0,58.285714285714285,242.85714285714286
T019,G1-01478,G1-01472,240000.0,58.285714285714285,242.85714285714286
T019,G1-01479,G1-01473,240000.0,53.14285714285714,221.42857142857142
T019,G1-01480,G1-01474,240000.0,49.714285714285715,207.14285714285717
T019,G1-01481,G1-01475,240000.0,49.714285714285715,207.14285714285717
T019,G1-01482,G1-01476,240000.0,48.85714285714286,203.57142857142858
T019,G1-01513,G1-01507,240000.0,58.285714285714285,242.85714285714286
T019,G1-01514,G1-01508,240000.0,58.285714285714285,242.85714285714286
T019,G1-01515,G1-01509,240000.0,53.14285714285714,221.42857142857142
T019,G1-01516,G1-01510,240000.0,49.714285714285715,207.14285714285717
T019,G1-01517,G1-01511,240000.0,49.714285714285715,207.14285714285717
T019,G1-01518,G1-01512,240000.0,48.85714285714286,203.57142857142858
T019,G1-01549,G1-01543,240000.0,58.285714285714285,242.85714285714286
T019,G1-01550,G1-01544,240000.0,58.285714285714285,242.85714285714286
T019,G1-01551,G1-01545,240000.0,53.14285714285714,221.42857142857142
T019,G1-01552,G1-01546,240000.0,49.714285714285715,207.14285714285717
T019,G1-01553,G1-01547,240000.0,49.714285714285715,207.14285714285717
T019,G1-01554,G1-01548,240000.0,48.85714285714286,203.57142857142858
T019,G1-01575,G1-01574,240000.0,72.0,300.0
T019,G1-01583,G1-01582,240000.0,72.0,300.0
T019,G1-01591,G1-01590,240000.0,72.0,300.0
T019,G1-01598,G1-01597,120000.0,36.0,300.0
T019,G1-01399,G1-01393,240000.0,70.28571428571428,292.85714285714283
T019,G1-01400,G1-01394,240000.0,70.28571428571428,292.85714285714283
T019,G1-01401,G1-01395,240000.0,65.14285714285714,271.42857142857144
T019,G1-01402,G1-01396,240000.0,61.714285714285715,257.14285714285717
T019,G1-01403,G1-01397,240000.0,61.714285714285715,257.14285714285717
T019,G1-01404,G1-01398,240000.0,60.85714285714286,253.57142857142858
T019,G1-01435,G1-01429,240000.0,70.28571428571428,292.85714285714283
T019,G1-01436,G1-01430,240000.0,70.28571428571428,292.85714285714283
T019,G1-01437,G1-01431,240000.0,65.14285714285714,271.42857142857144
T019,G1-01438,G1-01432,240000.0,61.714285714285715,257.14285714285717
T019,G1-01439,G1-01433,240000.0,61.714285714285715,257.14285714285717
T019,G1-01440,G1-01434,240000.0,60.85714285714286,253.57142857142858
T019,G1-01471,G1-01465,240000.0,70.28571428571428,292.85714285714283
T019,G1-01472,G1-01466,240000.0,70.28571428571428,292.85714285714283
T019,G1-01473,G1-01467,240000.0,65.14285714285714,271.42857142857144
T019,G1-01474,G1-01468,240000.0,61.714285714285715,257.14285714285717
T019,G1-01475,G1-01469,240000.0,61.714285714285715,257.14285714285717
T019,G1-01476,G1-01470,240000.0,60.85714285714286,253.57142857142858
T019,G1-01507,G1-01501,240000.0,70.28571428571428,292.85714285714283
T019,G1-01508,G1-01502,240000.0,70.28571428571428,292.85714285714283
T019,G1-01509,G1-01503,240000.0,65.14285714285714,271.42857142857144
T019,G1-01510,G1-01504,240000.0,61.714285714285715,257.14285714285717
T019,G1-01511,G1-01505,240000.0,61.714285714285715,257.14285714285717
T019,G1-01512,G1-01506,240000.0,60.85714285714286,253.57142857142858
T019,G1-01543,G1-01537,240000.0,70.28571428571428,292.85714285714283
T019,G1-01544,G1-01538,240000.0,70.28571428571428,292.85714285714283
T019,G1-01545,G1-01539,240000.0,65.14285714285714,271.42857142857144
T019,G1-01546,G1-01540,240000.0,61.714285714285715,257.14285714285717
T019,G1-01547,G1-01541,240000.0,61.714285714285715,257.14285714285717
T019,G1-01548,G1-01542,240000.0,60.85714285714286,253.57142857142858
T019,G1-01574,G1-01573,240000.0,84.0,350.0
T019,G1-01582,G1-01581,240000.0,84.0,350.0
T019,G1-01590,G1-01589,240000.0,84.0,350.0
T020,G4-00004,G4-00003,480000.0,25.0,52.083333333333336
T020,G4-00008,G4-00007,480000.0,25.0,52.083333333333336
T020,G4-00012,G4-00011,480000.0,25.0,52.083333333333336
T020,G4-00016,G4-00015,480000.0,25.0,52.083333333333336
T020,G4-00020,G4-00019,480000.0,25.0,52.083333333333336
T020,G4-00024,G4-00023,480000.0,25.0,52.083333333333336
T020,G4-00028,G4-00027,480000.0,25.0,52.083333333333336
T020,G4-00032,G4-00031,480000.0,25.0,52.083333333333336
T020,G4-00036,G4-00035,480000.0,25.0,52.083333333333336
T020,G4-00040,G4-00039,480000.0,25.0,52.083333333333336
T020,G4-00044,G4-00043,480000.0,25.0,52.083333333333336
T020,G4-00048,G4-00047,480000.0,25.0,52.083333333333336
T020,G4-00052,G4-00051,480000.0,25.0,52.083333333333336
T020,G4-00056,G4-00055,480000.0,25.0,52.083333333333336
T020,G4-00060,G4-00059,480000.0,25.0,52.083333333333336
T020,G4-00064,G4-00063,480000.0,25.0,52.083333333333336
T020,G4-00068,G4-00067,480000.0,25.0,52.083333333333336
T020,G4-00072,G4-00071,480000.0,25.0,52.083333333333336
T020,G4-00076,G4-00075,480000.0,25.0,52.083333333333336
T020,G4-00080,G4-00079,480000.0,25.0,52.083333333333336
T020,G4-00003,G4-00002,480000.0,50.0,104.16666666666667
T020,G4-00007,G4-00006,480000.0,50.0,104.16666666666667
T020,G4-00011,G4-00010,480000.0,50.0,104.16666666666667
T020,G4-00015,G4-00014,480000.0,50.0,104.16666666666667
T020,G4-00019,G4-00018,480000.0,50.0,104.16666666666667
T020,G4-00023,G4-00022,480000.0,50.0,104.16666666666667
T020,G4-00027,G4-00026,480000.0,50.0,104.16666666666667
T020,G4-00031,G4-00030,480000.0,50.0,104.16666666666667
T020,G4-00035,G4-00034,480000.0,50.0,104.16666666666667
T020,G4-00039,G4-00038,480000.0,50.0,104.16666666666667
T020,G4-00043,G4-00042,480000.0,50.0,104.16666666666667
T020,G4-00047,G4-00046,480000.0,50.0,104.16666666666667
T020,G4-00051,G4-00050,480000.0,50.0,104.16666666666667
T020,G4-00055,G4-00054,480000.0,50.0,104.16666666666667
T020,G4-00059,G4-00058,480000.0,50.0,104.16666666666667
T020,G4-00063,G4-00062,480000.0,50.0,104.16666666666667
T020,G4-00067,G4-00066,480000.0,50.0,104.16666666666667
T020,G4-00071,G4-00070,480000.0,50.0,104.16666666666667
T020,G4-00075,G4-00074,480000.0,50.0,104.16666666666667
T020,G4-00079,G4-00078,480000.0,50.0,104.16666666666667
T020,G4-00002,G4-00001,480000.0,75.0,156.25
T020,G4-00006,G4-00005,480000.0,75.0,156.25
T020,G4-00010,G4-00009,480000.0,75.0,156.25
T020,G4-00014,G4-00013,480000.0,75.0,156.25
T020,G4-00018,G4-00017,480000.0,75.0,156.25
T020,G4-00022,G4-00021,480000.0,75.0,156.25
T020,G4-00026,G4-00025,480000.0,75.0,156.25
T020,G4-00030,G4-00029,480000.0,75.0,156.25
T020,G4-00034,G4-00033,480000.0,75.0,156.25
T020,G4-00038,G4-00037,480000.0,75.0,156.25
T020,G4-00042,G4-00041,480000.0,75.0,156.25
T020,G4-00046,G4-00045,480000.0,75.0,156.25
T020,G4-00050,G4-00049,480000.0,75.0,156.25
T020,G4-00054,G4-00053,480000.0,75.0,156.25
T020,G4-00058,G4-00057,480000.0,75.0,156.25
T020,G4-00062,G4-00061,480000.0,75.0,156.25
T020,G4-00066,G4-00065,480000.0,75.0,156.25
T020,G4-00070,G4-00069,480000.0,75.0,156.25
T020,G4-00074,G4-00073,480000.0,75.0,156.25
T020,G4-00078,G4-00077,480000.0,75.0,156.25
T021,G4-00084,G4-00083,480000.0,25.0,52.083333333333336
T021,G4-00088,G4-00087,480000.0,25.0,52.083333333333336
T021,G4-00092,G4-00091,480000.0,25.0,52.083333333333336
T021,G4-00096,G4-00095,480000.0,25.0,52.083333333333336
T021,G4-00100,G4-00099,480000.0,25.0,52.083333333333336
T021,G4-00104,G4-00103,480000.0,25.0,52.083333333333336
T021,G4-00108,G4-00107,480000.0,25.0,52.083333333333336
T021,G4-00112,G4-00111,480000.0,25.0,52.083333333333336
T021,G4-00116,G4-00115,480000.0,25.0,52.083333333333336
T021,G4-00120,G4-00119,480000.0,25.0,52.083333333333336
T021,G4-00124,G4-00123,480000.0,25.0,52.083333333333336
T021,G4-00128,G4-00127,480000.0,25.0,52.083333333333336
T021,G4-00132,G4-00131,480000.0,25.0,52.083333333333336
T021,G4-00136,G4-00135,480000.0,25.0,52.083333333333336
T021,G4-00140,G4-00139,480000.0,25.0,52.083333333333336
T021,G4-00144,G4-00143,480000.0,25.0,52.083333333333336
T021,G4-00148,G4-00147,480000.0,25.0,52.083333333333336
T021,G4-00152,G4-00151,480000.0,25.0,52.083333333333336
T021,G4-00156,G4-00155,480000.0,25.0,52.083333333333336
T021,G4-00160,G4-00159,480000.0,25.0,52.083333333333336
T021,G4-00083,G4-00082,480000.0,50.0,104.16666666666667
T021,G4-00087,G4-00086,480000.0,50.0,104.16666666666667
T021,G4-00091,G4-00090,480000.0,50.0,104.16666666666667
T021,G4-00095,G4-00094,480000.0,50.0,104.16666666666667
T021,G4-00099,G4-00098,480000.0,50.0,104.16666666666667
T021,G4-00103,G4-00102,480000.0,50.0,104.16666666666667
T021,G4-00107,G4-00106,480000.0,50.0,104.16666666666667
T021,G4-00111,G4-00110,480000.0,50.0,104.16666666666667
T021,G4-00115,G4-00114,480000.0,50.0,104.16666666666667
T021,G4-00119,G4-00118,480000.0,50.0,104.16666666666667
T021,G4-00123,G4-00122,480000.0,50.0,104.16666666666667
T021,G4-00127,G4-00126,480000.0,50.0,104.16666666666667
T021,G4-00131,G4-00130,480000.0,50.0,104.16666666666667
T021,G4-00135,G4-00134,480000.0,50.0,104.16666666666667
T021,G4-00139,G4-00138,480000.0,50.0,104.16666666666667
T021,G4-00143,G4-00142,480000.0,50.0,104.16666666666667
T021,G4-00147,G4-00146,480000.0,50.0,104.16666666666667
T021,G4-00151,G4-00150,480000.0,50.0,104.16666666666667
T021,G4-00155,G4-00154,480000.0,50.0,104.16666666666667
T021,G4-00159,G4-00158,480000.0,50.0,104.16666666666667
T021,G4-00082,G4-00081,480000.0,75.0,156.25
T021,G4-00086,G4-00085,480000.0,75.0,156.25
T021,G4-00090,G4-00089,480000.0,75.0,156.25
T021,G4-00094,G4-00093,480000.0,75.0,156.25
T021,G4-00098,G4-00097,480000.0,75.0,156.25
T021,G4-00102,G4-00101,480000.0,75.0,156.25
T021,G4-00106,G4-00105,480000.0,75.0,156.25
T021,G4-00110,G4-00109,480000.0,75.0,156.25
T021,G4-00114,G4-00113,480000.0,75.0,156.25
T021,G4-00118,G4-00117,480000.0,75.0,156.25
T021,G4-00122,G4-00121,480000.0,75.0,156.25
T021,G4-00126,G4-00125,480000.0,75.0,156.25
T021,G4-00130,G4-00129,480000.0,75.0,156.25
T021,G4-00134,G4-00133,480000.0,75.0,156.25
T021,G4-00138,G4-00137,480000.0,75.0,156.25
T021,G4-00142,G4-00141,480000.0,75.0,156.25
T021,G4-00146,G4-00145,480000.0,75.0,156.25
T021,G4-00150,G4-00149,480000.0,75.0,156.25
T021,G4-00154,G4-00153,480000.0,75.0,156.25
T021,G4-00158,G4-00157,480000.0,75.0,156.25
T022,G4-00164,G4-00163,480000.0,25.0,52.083333333333336
T022,G4-00168,G4-00167,480000.0,25.0,52.083333333333336
T022,G4-00172,G4-00171,480000.0,25.0,52.083333333333336
T022,G4-00176,G4-00175,480000.0,25.0,52.083333333333336
T022,G4-00180,G4-00179,480000.0,25.0,52.083333333333336
T022,G4-00184,G4-00183,480000.0,25.0,52.083333333333336
T022,G4-00188,G4-00187,480000.0,25.0,52.083333333333336
T022,G4-00192,G4-00191,480000.0,25.0,52.083333333333336
T022,G4-00196,G4-00195,480000.0,25.0,52.083333333333336
T022,G4-00200,G4-00199,480000.0,25.0,52.083333333333336
T022,G4-00204,G4-00203,480000.0,25.0,52.083333333333336
T022,G4-00208,G4-00207,480000.0,25.0,52.083333333333336
T022,G4-00212,G4-00211,480000.0,25.0,52.083333333333336
T022,G4-00216,G4-00215,480000.0,25.0,52.083333333333336
T022,G4-00220,G4-00219,480000.0,25.0,52.083333333333336
T022,G4-00224,G4-00223,480000.0,25.0,52.083333333333336
T022,G4-00228,G4-00227,480000.0,25.0,52.083333333333336
T022,G4-00232,G4-00231,480000.0,25.0,52.083333333333336
T022,G4-00236,G4-00235,480000.0,25.0,52.083333333333336
T022,G4-00240,G4-00239,480000.0,25.0,52.083333333333336
T022,G4-00163,G4-00162,480000.0,50.0,104.16666666666667
T022,G4-00167,G4-00166,480000.0,50.0,104.16666666666667
T022,G4-00171,G4-00170,480000.0,50.0,104.16666666666667
T022,G4-00175,G4-00174,480000.0,50.0,104.16666666666667
T022,G4-00179,G4-00178,480000.0,50.0,104.16666666666667
T022,G4-00183,G4-00182,480000.0,50.0,104.16666666666667
T022,G4-00187,G4-00186,480000.0,50.0,104.16666666666667
T022,G4-00191,G4-00190,480000.0,50.0,104.16666666666667
T022,G4-00195,G4-00194,480000.0,50.0,104.16666666666667
T022,G4-00199,G4-00198,480000.0,50.0,104.16666666666667
T022,G4-00203,G4-00202,480000.0,50.0,104.16666666666667
T022,G4-00207,G4-00206,480000.0,50.0,104.16666666666667
T022,G4-00211,G4-00210,480000.0,50.0,104.16666666666667
T022,G4-00215,G4-00214,480000.0,50.0,104.16666666666667
T022,G4-00219,G4-00218,480000.0,50.0,104.16666666666667
T022,G4-00223,G4-00222,480000.0,50.0,104.16666666666667
T022,G4-00227,G4-00226,480000.0,50.0,104.16666666666667
T022,G4-00231,G4-00230,480000.0,50.0,104.16666666666667
T022,G4-00235,G4-00234,480000.0,50.0,104.16666666666667
T022,G4-00239,G4-00238,480000.0,50.0,104.16666666666667
T022,G4-00162,G4-00161,480000.0,75.0,156.25
T022,G4-00166,G4-00165,480000.0,75.0,156.25
T022,G4-00170,G4-00169,480000.0,75.0,156.25
T022,G4-00174,G4-00173,480000.0,75.0,156.25
T022,G4-00178,G4-00177,480000.0,75.0,156.25
T022,G4-00182,G4-00181,480000.0,75.0,156.25
T022,G4-00186,G4-00185,480000.0,75.0,156.25
T022,G4-00190,G4-00189,480000.0,75.0,156.25
T022,G4-00194,G4-00193,480000.0,75.0,156.25
T022,G4-00198,G4-00197,480000.0,75.0,156.25
T022,G4-00202,G4-00201,480000.0,75.0,156.25
T022,G4-00206,G4-00205,480000.0,75.0,156.25
T022,G4-00210,G4-00209,480000.0,75.0,156.25
T022,G4-00214,G4-00213,480000.0,75.0,156.25
T022,G4-00218,G4-00217,480000.0,75.0,156.25
T022,G4-00222,G4-00221,480000.0,75.0,156.25
T022,G4-00226,G4-00225,480000.0,75.0,156.25
T022,G4-00230,G4-00229,480000.0,75.0,156.25
T022,G4-00234,G4-00233,480000.0,75.0,156.25
T022,G4-00238,G4-00237,480000.0,75.0,156.25
T023,G4-00244,G4-00243,480000.0,25.0,52.083333333333336
T023,G4-00248,G4-00247,480000.0,25.0,52.083333333333336
T023,G4-00252,G4-00251,480000.0,25.0,52.083333333333336
T023,G4-00256,G4-00255,480000.0,25.0,52.083333333333336
T023,G4-00260,G4-00259,480000.0,25.0,52.083333333333336
T023,G4-00264,G4-00263,480000.0,25.0,52.083333333333336
T023,G4-00268,G4-00267,480000.0,25.0,52.083333333333336
T023,G4-00272,G4-00271,480000.0,25.0,52.083333333333336
T023,G4-00276,G4-00275,480000.0,25.0,52.083333333333336
T023,G4-00280,G4-00279,480000.0,25.0,52.083333333333336
T023,G4-00284,G4-00283,480000.0,25.0,52.083333333333336
T023,G4-00288,G4-00287,480000.0,25.0,52.083333333333336
T023,G4-00292,G4-00291,480000.0,25.0,52.083333333333336
T023,G4-00296,G4-00295,480000.0,25.0,52.083333333333336
T023,G4-00300,G4-00299,480000.0,25.0,52.083333333333336
T023,G4-00304,G4-00303,480000.0,25.0,52.083333333333336
T023,G4-00308,G4-00307,480000.0,25.0,52.083333333333336
T023,G4-00312,G4-00311,480000.0,25.0,52.083333333333336
T023,G4-00316,G4-00315,480000.0,25.0,52.083333333333336
T023,G4-00320,G4-00319,480000.0,25.0,52.083333333333336
T023,G4-00243,G4-00242,480000.0,50.0,104.16666666666667
T023,G4-00247,G4-00246,480000.0,50.0,104.16666666666667
T023,G4-00251,G4-00250,480000.0,50.0,104.16666666666667
T023,G4-00255,G4-00254,480000.0,50.0,104.16666666666667
T023,G4-00259,G4-00258,480000.0,50.0,104.16666666666667
T023,G4-00263,G4-00262,480000.0,50.0,104.16666666666667
T023,G4-00267,G4-00266,480000.0,50.0,104.16666666666667
T023,G4-00271,G4-00270,480000.0,50.0,104.16666666666667
T023,G4-00275,G4-00274,480000.0,50.0,104.16666666666667
T023,G4-00279,G4-00278,480000.0,50.0,104.16666666666667
T023,G4-00283,G4-00282,480000.0,50.0,104.16666666666667
T023,G4-00287,G4-00286,480000.0,50.0,104.16666666666667
T023,G4-00291,G4-00290,480000.0,50.0,104.16666666666667
T023,G4-00295,G4-00294,480000.0,50.0,104.16666666666667
T023,G4-00299,G4-00298,480000.0,50.0,104.16666666666667
T023,G4-00303,G4-00302,480000.0,50.0,104.16666666666667
T023,G4-00307,G4-00306,480000.0,50.0,104.16666666666667
T023,G4-00311,G4-00310,480000.0,50.0,104.16666666666667
T023,G4-00315,G4-00314,480000.0,50.0,104.16666666666667
T023,G4-00319,G4-00318,480000.0,50.0,104.16666666666667
T023,G4-00242,G4-00241,480000.0,75.0,156.25
T023,G4-00246,G4-00245,480000.0,75.0,156.25
T023,G4-00250,G4-00249,480000.0,75.0,156.25
T023,G4-00254,G4-00253,480000.0,75.0,156.25
T023,G4-00258,G4-00257,480000.0,75.0,156.25
T023,G4-00262,G4-00261,480000.0,75.0,156.25
T023,G4-00266,G4-00265,480000.0,75.0,156.25
T023,G4-00270,G4-00269,480000.0,75.0,156.25
T023,G4-00274,G4-00273,480000.0,75.0,156.25
T023,G4-00278,G4-00277,480000.0,75.0,156.25
T023,G4-00282,G4-00281,480000.0,75.0,156.25
T023,G4-00286,G4-00285,480000.0,75.0,156.25
T023,G4-00290,G4-00289,480000.0,75.0,156.25
T023,G4-00294,G4-00293,480000.0,75.0,156.25
T023,G4-00298,G4-00297,480000.0,75.0,156.25
T023,G4-00302,G4-00301,480000.0,75.0,156.25
T023,G4-00306,G4-00305,480000.0,75.0,156.25
T023,G4-00310,G4-00309,480000.0,75.0,156.25
T023,G4-00314,G4-00313,480000.0,75.0,156.25
T023,G4-00318,G4-00317,480000.0,75.0,156.25
T024,G4-00324,G4-00323,480000.0,25.0,52.083333333333336
T024,G4-00328,G4-00327,480000.0,25.0,52.083333333333336
T024,G4-00332,G4-00331,480000.0,25.0,52.083333333333336
T024,G4-00336,G4-00335,480000.0,25.0,52.083333333333336
T024,G4-00340,G4-00339,480000.0,25.0,52.083333333333336
T024,G4-00344,G4-00343,480000.0,25.0,52.083333333333336
T024,G4-00348,G4-00347,480000.0,25.0,52.083333333333336
T024,G4-00352,G4-00351,480000.0,25.0,52.083333333333336
T024,G4-00356,G4-00355,480000.0,25.0,52.083333333333336
T024,G4-00360,G4-00359,480000.0,25.0,52.083333333333336
T024,G4-00364,G4-00363,480000.0,25.0,52.083333333333336
T024,G4-00368,G4-00367,480000.0,25.0,52.083333333333336
T024,G4-00372,G4-00371,480000.0,25.0,52.083333333333336
T024,G4-00376,G4-00375,480000.0,25.0,52.083333333333336
T024,G4-00380,G4-00379,480000.0,25.0,52.083333333333336
T024,G4-00384,G4-00383,480000.0,25.0,52.083333333333336
T024,G4-00388,G4-00387,480000.0,25.0,52.083333333333336
T024,G4-00392,G4-00391,480000.0,25.0,52.083333333333336
T024,G4-00396,G4-00395,480000.0,25.0,52.083333333333336
T024,G4-00400,G4-00399,480000.0,25.0,52.083333333333336
T024,G4-00323,G4-00322,480000.0,50.0,104.16666666666667
T024,G4-00327,G4-00326,480000.0,50.0,104.16666666666667
T024,G4-00331,G4-00330,480000.0,50.0,104.16666666666667
T024,G4-00335,G4-00334,480000.0,50.0,104.16666666666667
T024,G4-00339,G4-00338,480000.0,50.0,104.16666666666667
T024,G4-00343,G4-00342,480000.0,50.0,104.16666666666667
T024,G4-00347,G4-00346,480000.0,50.0,104.16666666666667
T024,G4-00351,G4-00350,480000.0,50.0,104.16666666666667
T024,G4-00355,G4-00354,480000.0,50.0,104.16666666666667
T024,G4-00359,G4-00358,480000.0,50.0,104.16666666666667
T024,G4-00363,G4-00362,480000.0,50.0,104.16666666666667
T024,G4-00367,G4-00366,480000.0,50.0,104.16666666666667
T024,G4-00371,G4-00370,480000.0,50.0,104.16666666666667
T024,G4-00375,G4-00374,480000.0,50.0,104.16666666666667
T024,G4-00379,G4-00378,480000.0,50.0,104.16666666666667
T024,G4-00383,G4-00382,480000.0,50.0,104.16666666666667
T024,G4-00387,G4-00386,480000.0,50.0,104.16666666666667
T024,G4-00391,G4-00390,480000.0,50.0,104.16666666666667
T024,G4-00395,G4-00394,480000.0,50.0,104.16666666666667
T024,G4-00399,G4-00398,480000.0,50.0,104.16666666666667
T024,G4-00322,G4-00321,480000.0,75.0,156.25
T024,G4-00326,G4-00325,480000.0,75.0,156.25
T024,G4-00330,G4-00329,480000.0,75.0,156.25
T024,G4-00334,G4-00333,480000.0,75.0,156.25
T024,G4-00338,G4-00337,480000.0,75.0,156.25
T024,G4-00342,G4-00341,480000.0,75.0,156.25
T024,G4-00346,G4-00345,480000.0,75.0,156.25
T024,G4-00350,G4-00349,480000.0,75.0,156.25
T024,G4-00354,G4-00353,480000.0,75.0,156.25
T024,G4-00358,G4-00357,480000.0,75.0,156.25
T024,G4-00362,G4-00361,480000.0,75.0,156.25
T024,G4-00366,G4-00365,480000.0,75.0,156.25
T024,G4-00370,G4-00369,480000.0,75.0,156.25
T024,G4-00374,G4-00373,480000.0,75.0,156.25
T024,G4-00378,G4-00377,480000.0,75.0,156.25
T024,G4-00382,G4-00381,480000.0,75.0,156.25
T024,G4-00386,G4-00385,480000.0,75.0,156.25
T024,G4-00390,G4-00389,480000.0,75.0,156.25
T024,G4-00394,G4-00393,480000.0,75.0,156.25
T024,G4-00398,G4-00397,480000.0,75.0,156.25
T025,G4-00404,G4-00403,480000.0,25.0,52.083333333333336
T025,G4-00408,G4-00407,480000.0,25.0,52.083333333333336
T025,G4-00412,G4-00411,480000.0,25.0,52.083333333333336
T025,G4-00416,G4-00415,480000.0,25.0,52.083333333333336
T025,G4-00420,G4-00419,480000.0,25.0,52.083333333333336
T025,G4-00424,G4-00423,480000.0,25.0,52.083333333333336
T025,G4-00428,G4-00427,480000.0,25.0,52.083333333333336
T025,G4-00432,G4-00431,480000.0,25.0,52.083333333333336
T025,G4-00436,G4-00435,480000.0,25.0,52.083333333333336
T025,G4-00440,G4-00439,480000.0,25.0,52.083333333333336
T025,G4-00444,G4-00443,480000.0,25.0,52.083333333333336
T025,G4-00448,G4-00447,480000.0,25.0,52.083333333333336
T025,G4-00452,G4-00451,480000.0,25.0,52.083333333333336
T025,G4-00456,G4-00455,480000.0,25.0,52.083333333333336
T025,G4-00460,G4-00459,480000.0,25.0,52.083333333333336
T025,G4-00464,G4-00463,480000.0,25.0,52.083333333333336
T025,G4-00468,G4-00467,480000.0,25.0,52.083333333333336
T025,G4-00472,G4-00471,480000.0,25.0,52.083333333333336
T025,G4-00476,G4-00475,480000.0,25.0,52.083333333333336
T025,G4-00480,G4-00479,480000.0,25.0,52.083333333333336
T025,G4-00403,G4-00402,480000.0,50.0,104.16666666666667
T025,G4-00407,G4-00406,480000.0,50.0,104.16666666666667
T025,G4-00411,G4-00410,480000.0,50.0,104.16666666666667
T025,G4-00415,G4-00414,480000.0,50.0,104.16666666666667
T025,G4-00419,G4-00418,480000.0,50.0,104.16666666666667
T025,G4-00423,G4-00422,480000.0,50.0,104.16666666666667
T025,G4-00427,G4-00426,480000.0,50.0,104.16666666666667
T025,G4-00431,G4-00430,480000.0,50.0,104.16666666666667
T025,G4-00435,G4-00434,480000.0,50.0,104.16666666666667
T025,G4-00439,G4-00438,480000.0,50.0,104.16666666666667
T025,G4-00443,G4-00442,480000.0,50.0,104.16666666666667
T025,G4-00447,G4-00446,480000.0,50.0,104.16666666666667
T025,G4-00451,G4-00450,480000.0,50.0,104.16666666666667
T025,G4-00455,G4-00454,480000.0,50.0,104.16666666666667
T025,G4-00459,G4-00458,480000.0,50.0,104.16666666666667
T025,G4-00463,G4-00462,480000.0,50.0,104.16666666666667
T025,G4-00467,G4-00466,480000.0,50.0,104.16666666666667
T025,G4-00471,G4-00470,480000.0,50.0,104.16666666666667
T025,G4-00475,G4-00474,480000.0,50.0,104.16666666666667
T025,G4-00479,G4-00478,480000.0,50.0,104.16666666666667
T025,G4-00402,G4-00401,480000.0,75.0,156.25
T025,G4-00406,G4-00405,480000.0,75.0,156.25
T025,G4-00410,G4-00409,480000.0,75.0,156.25
T025,G4-00414,G4-00413,480000.0,75.0,156.25
T025,G4-00418,G4-00417,480000.0,75.0,156.25
T025,G4-00422,G4-00421,480000.0,75.0,156.25
T025,G4-00426,G4-00425,480000.0,75.0,156.25
T025,G4-00430,G4-00429,480000.0,75.0,156.25
T025,G4-00434,G4-00433,480000.0,75.0,156.25
T025,G4-00438,G4-00437,480000.0,75.0,156.25
T025,G4-00442,G4-00441,480000.0,75.0,156.25
T025,G4-00446,G4-00445,480000.0,75.0,156.25
T025,G4-00450,G4-00449,480000.0,75.0,156.25
T025,G4-00454,G4-00453,480000.0,75.0,156.25
T025,G4-00458,G4-00457,480000.0,75.0,156.25
T025,G4-00462,G4-00461,480000.0,75.0,156.25
T025,G4-00466,G4-00465,480000.0,75.0,156.25
T025,G4-00470,G4-00469,480000.0,75.0,156.25
T025,G4-00474,G4-00473,480000.0,75.0,156.25
T025,G4-00478,G4-00477,480000.0,75.0,156.25
T026,G4-00484,G4-00483,480000.0,25.0,52.083333333333336
T026,G4-00488,G4-00487,480000.0,25.0,52.083333333333336
T026,G4-00492,G4-00491,480000.0,25.0,52.083333333333336
T026,G4-00496,G4-00495,480000.0,25.0,52.083333333333336
T026,G4-00500,G4-00499,480000.0,25.0,52.083333333333336
T026,G4-00504,G4-00503,480000.0,25.0,52.083333333333336
T026,G4-00508,G4-00507,480000.0,25.0,52.083333333333336
T026,G4-00512,G4-00511,480000.0,25.0,52.083333333333336
T026,G4-00516,G4-00515,480000.0,25.0,52.083333333333336
T026,G4-00520,G4-00519,480000.0,25.0,52.083333333333336
T026,G4-00524,G4-00523,480000.0,25.0,52.083333333333336
T026,G4-00528,G4-00527,480000.0,25.0,52.083333333333336
T026,G4-00532,G4-00531,480000.0,25.0,52.083333333333336
T026,G4-00536,G4-00535,480000.0,25.0,52.083333333333336
T026,G4-00540,G4-00539,480000.0,25.0,52.083333333333336
T026,G4-00544,G4-00543,480000.0,25.0,52.083333333333336
T026,G4-00548,G4-00547,480000.0,25.0,52.083333333333336
T026,G4-00552,G4-00551,480000.0,25.0,52.083333333333336
T026,G4-00556,G4-00555,480000.0,25.0,52.083333333333336
T026,G4-00560,G4-00559,480000.0,25.0,52.083333333333336
T026,G4-00483,G4-00482,480000.0,50.0,104.16666666666667
T026,G4-00487,G4-00486,480000.0,50.0,104.16666666666667
T026,G4-00491,G4-00490,480000.0,50.0,104.16666666666667
T026,G4-00495,G4-00494,480000.0,50.0,104.16666666666667
T026,G4-00499,G4-00498,480000.0,50.0,104.16666666666667
T026,G4-00503,G4-00502,480000.0,50.0,104.16666666666667
T026,G4-00507,G4-00506,480000.0,50.0,104.16666666666667
T026,G4-00511,G4-00510,480000.0,50.0,104.16666666666667
T026,G4-00515,G4-00514,480000.0,50.0,104.16666666666667
T026,G4-00519,G4-00518,480000.0,50.0,104.16666666666667
T026,G4-00523,G4-00522,480000.0,50.0,104.16666666666667
T026,G4-00527,G4-00526,480000.0,50.0,104.16666666666667
T026,G4-00531,G4-00530,480000.0,50.0,104.16666666666667
T026,G4-00535,G4-00534,480000.0,50.0,104.16666666666667
T026,G4-00539,G4-00538,480000.0,50.0,104.16666666666667
T026,G4-00543,G4-00542,480000.0,50.0,104.16666666666667
T026,G4-00547,G4-00546,480000.0,50.0,104.16666666666667
T026,G4-00551,G4-00550,480000.0,50.0,104.16666666666667
T026,G4-00555,G4-00554,480000.0,50.0,104.16666666666667
T026,G4-00559,G4-00558,480000.0,50.0,104.16666666666667
T026,G4-00482,G4-00481,480000.0,75.0,156.25
T026,G4-00486,G4-00485,480000.0,75.0,156.25
T026,G4-00490,G4-00489,480000.0,75.0,156.25
T026,G4-00494,G4-00493,480000.0,75.0,156.25
T026,G4-00498,G4-00497,480000.0,75.0,156.25
T026,G4-00502,G4-00501,480000.0,75.0,156.25
T026,G4-00506,G4-00505,480000.0,75.0,156.25
T026,G4-00510,G4-00509,480000.0,75.0,156.25
T026,G4-00514,G4-00513,480000.0,75.0,156.25
T026,G4-00518,G4-00517,480000.0,75.0,156.25
T026,G4-00522,G4-00521,480000.0,75.0,156.25
T026,G4-00526,G4-00525,480000.0,75.0,156.25
T026,G4-00530,G4-00529,480000.0,75.0,156.25
T026,G4-00534,G4-00533,480000.0,75.0,156.25
T026,G4-00538,G4-00537,480000.0,75.0,156.25
T026,G4-00542,G4-00541,480000.0,75.0,156.25
T026,G4-00546,G4-00545,480000.0,75.0,156.25
T026,G4-00550,G4-00549,480000.0,75.0,156.25
T026,G4-00554,G4-00553,480000.0,75.0,156.25
T026,G4-00558,G4-00557,480000.0,75.0,156.25
T027,G4-00564,G4-00563,480000.0,25.0,52.083333333333336
T027,G4-00568,G4-00567,480000.0,25.0,52.083333333333336
T027,G4-00572,G4-00571,480000.0,25.0,52.083333333333336
T027,G4-00576,G4-00575,480000.0,25.0,52.083333333333336
T027,G4-00580,G4-00579,480000.0,25.0,52.083333333333336
T027,G4-00584,G4-00583,480000.0,25.0,52.083333333333336
T027,G4-00588,G4-00587,480000.0,25.0,52.083333333333336
T027,G4-00592,G4-00591,480000.0,25.0,52.083333333333336
T027,G4-00596,G4-00595,480000.0,25.0,52.083333333333336
T027,G4-00600,G4-00599,480000.0,25.0,52.083333333333336
T027,G4-00604,G4-00603,480000.0,25.0,52.083333333333336
T027,G4-00608,G4-00607,480000.0,25.0,52.083333333333336
T027,G4-00612,G4-00611,480000.0,25.0,52.083333333333336
T027,G4-00616,G4-00615,480000.0,25.0,52.083333333333336
T027,G4-00620,G4-00619,480000.0,25.0,52.083333333333336
T027,G4-00624,G4-00623,480000.0,25.0,52.083333333333336
T027,G4-00628,G4-00627,480000.0,25.0,52.083333333333336
T027,G4-00632,G4-00631,480000.0,25.0,52.083333333333336
T027,G4-00636,G4-00635,480000.0,25.0,52.083333333333336
T027,G4-00640,G4-00639,480000.0,25.0,52.083333333333336
T027,G4-00563,G4-00562,480000.0,50.0,104.16666666666667
T027,G4-00567,G4-00566,480000.0,50.0,104.16666666666667
T027,G4-00571,G4-00570,480000.0,50.0,104.16666666666667
T027,G4-00575,G4-00574,480000.0,50.0,104.16666666666667
T027,G4-00579,G4-00578,480000.0,50.0,104.16666666666667
T027,G4-00583,G4-00582,480000.0,50.0,104.16666666666667
T027,G4-00587,G4-00586,480000.0,50.0,104.16666666666667
T027,G4-00591,G4-00590,480000.0,50.0,104.16666666666667
T027,G4-00595,G4-00594,480000.0,50.0,104.16666666666667
T027,G4-00599,G4-00598,480000.0,50.0,104.16666666666667
T027,G4-00603,G4-00602,480000.0,50.0,104.16666666666667
T027,G4-00607,G4-00606,480000.0,50.0,104.16666666666667
T027,G4-00611,G4-00610,480000.0,50.0,104.16666666666667
T027,G4-00615,G4-00614,480000.0,50.0,104.16666666666667
T027,G4-00619,G4-00618,480000.0,50.0,104.16666666666667
T027,G4-00623,G4-00622,480000.0,50.0,104.16666666666667
T027,G4-00627,G4-00626,480000.0,50.0,104.16666666666667
T027,G4-00631,G4-00630,480000.0,50.0,104.16666666666667
T027,G4-00635,G4-00634,480000.0,50.0,104.16666666666667
T027,G4-00639,G4-00638,480000.0,50.0,104.16666666666667
T027,G4-00562,G4-00561,480000.0,75.0,156.25
T027,G4-00566,G4-00565,480000.0,75.0,156.25
T027,G4-00570,G4-00569,480000.0,75.0,156.25
T027,G4-00574,G4-00573,480000.0,75.0,156.25
T027,G4-00578,G4-00577,480000.0,75.0,156.25
T027,G4-00582,G4-00581,480000.0,75.0,156.25
T027,G4-00586,G4-00585,480000.0,75.0,156.25
T027,G4-00590,G4-00589,480000.0,75.0,156.25
T027,G4-00594,G4-00593,480000.0,75.0,156.25
T027,G4-00598,G4-00597,480000.0,75.0,156.25
T027,G4-00602,G4-00601,480000.0,75.0,156.25
T027,G4-00606,G4-00605,480000.0,75.0,156.25
T027,G4-00610,G4-00609,480000.0,75.0,156.25
T027,G4-00614,G4-00613,480000.0,75.0,156.25
T027,G4-00618,G4-00617,480000.0,75.0,156.25
T027,G4-00622,G4-00621,480000.0,75.0,156.25
T027,G4-00626,G4-00625,480000.0,75.0,156.25
T027,G4-00630,G4-00629,480000.0,75.0,156.25
T027,G4-00634,G4-00633,480000.0,75.0,156.25
T027,G4-00638,G4-00637,480000.0,75.0,156.25
T028,G4-00644,G4-00643,480000.0,25.0,52.083333333333336
T028,G4-00648,G4-00647,480000.0,25.0,52.083333333333336
T028,G4-00652,G4-00651,480000.0,25.0,52.083333333333336
T028,G4-00656,G4-00655,480000.0,25.0,52.083333333333336
T028,G4-00660,G4-00659,480000.0,25.0,52.083333333333336
T028,G4-00664,G4-00663,480000.0,25.0,52.083333333333336
T028,G4-00668,G4-00667,480000.0,25.0,52.083333333333336
T028,G4-00672,G4-00671,480000.0,25.0,52.083333333333336
T028,G4-00676,G4-00675,480000.0,25.0,52.083333333333336
T028,G4-00680,G4-00679,480000.0,25.0,52.083333333333336
T028,G4-00684,G4-00683,480000.0,25.0,52.083333333333336
T028,G4-00688,G4-00687,480000.0,25.0,52.083333333333336
T028,G4-00692,G4-00691,480000.0,25.0,52.083333333333336
T028,G4-00696,G4-00695,480000.0,25.0,52.083333333333336
T028,G4-00700,G4-00699,480000.0,25.0,52.083333333333336
T028,G4-00704,G4-00703,480000.0,25.0,52.083333333333336
T028,G4-00708,G4-00707,480000.0,25.0,52.083333333333336
T028,G4-00712,G4-00711,480000.0,25.0,52.083333333333336
T028,G4-00716,G4-00715,480000.0,25.0,52.083333333333336
T028,G4-00720,G4-00719,480000.0,25.0,52.083333333333336
T028,G4-00643,G4-00642,480000.0,50.0,104.16666666666667
T028,G4-00647,G4-00646,480000.0,50.0,104.16666666666667
T028,G4-00651,G4-00650,480000.0,50.0,104.16666666666667
T028,G4-00655,G4-00654,480000.0,50.0,104.16666666666667
T028,G4-00659,G4-00658,480000.0,50.0,104.16666666666667
T028,G4-00663,G4-00662,480000.0,50.0,104.16666666666667
T028,G4-00667,G4-00666,480000.0,50.0,104.16666666666667
T028,G4-00671,G4-00670,480000.0,50.0,104.16666666666667
T028,G4-00675,G4-00674,480000.0,50.0,104.16666666666667
T028,G4-00679,G4-00678,480000.0,50.0,104.16666666666667
T028,G4-00683,G4-00682,480000.0,50.0,104.16666666666667
T028,G4-00687,G4-00686,480000.0,50.0,104.16666666666667
T028,G4-00691,G4-00690,480000.0,50.0,104.16666666666667
T028,G4-00695,G4-00694,480000.0,50.0,104.16666666666667
T028,G4-00699,G4-00698,480000.0,50.0,104.16666666666667
T028,G4-00703,G4-00702,480000.0,50.0,104.16666666666667
T028,G4-00707,G4-00706,480000.0,50.0,104.16666666666667
T028,G4-00711,G4-00710,480000.0,50.0,104.16666666666667
T028,G4-00715,G4-00714,480000.0,50.0,104.16666666666667
T028,G4-00719,G4-00718,480000.0,50.0,104.16666666666667
T028,G4-00642,G4-00641,480000.0,75.0,156.25
T028,G4-00646,G4-00645,480000.0,75.0,156.25
T028,G4-00650,G4-00649,480000.0,75.0,156.25
T028,G4-00654,G4-00653,480000.0,75.0,156.25
T028,G4-00658,G4-00657,480000.0,75.0,156.25
T028,G4-00662,G4-00661,480000.0,75.0,156.25
T028,G4-00666,G4-00665,480000.0,75.0,156.25
T028,G4-00670,G4-00669,480000.0,75.0,156.25
T028,G4-00674,G4-00673,480000.0,75.0,156.25
T028,G4-00678,G4-00677,480000.0,75.0,156.25
T028,G4-00682,G4-00681,480000.0,75.0,156.25
T028,G4-00686,G4-00685,480000.0,75.0,156.25
T028,G4-00690,G4-00689,480000.0,75.0,156.25
T028,G4-00694,G4-00693,480000.0,75.0,156.25
T028,G4-00698,G4-00697,480000.0,75.0,156.25
T028,G4-00702,G4-00701,480000.0,75.0,156.25
T028,G4-00706,G4-00705,480000.0,75.0,156.25
T028,G4-00710,G4-00709,480000.0,75.0,156.25
T028,G4-00714,G4-00713,480000.0,75.0,156.25
T028,G4-00718,G4-00717,480000.0,75.0,156.25
T029,G4-00724,G4-00723,480000.0,25.0,52.083333333333336
T029,G4-00728,G4-00727,480000.0,25.0,52.083333333333336
T029,G4-00732,G4-00731,480000.0,25.0,52.083333333333336
T029,G4-00736,G4-00735,480000.0,25.0,52.083333333333336
T029,G4-00740,G4-00739,480000.0,25.0,52.083333333333336
T029,G4-00744,G4-00743,480000.0,25.0,52.083333333333336
T029,G4-00748,G4-00747,480000.0,25.0,52.083333333333336
T029,G4-00752,G4-00751,480000.0,25.0,52.083333333333336
T029,G4-00756,G4-00755,480000.0,25.0,52.083333333333336
T029,G4-00760,G4-00759,480000.0,25.0,52.083333333333336
T029,G4-00764,G4-00763,480000.0,25.0,52.083333333333336
T029,G4-00768,G4-00767,480000.0,25.0,52.083333333333336
T029,G4-00772,G4-00771,480000.0,25.0,52.083333333333336
T029,G4-00776,G4-00775,480000.0,25.0,52.083333333333336
T029,G4-00780,G4-00779,480000.0,25.0,52.083333333333336
T029,G4-00784,G4-00783,480000.0,25.0,52.083333333333336
T029,G4-00788,G4-00787,480000.0,25.0,52.083333333333336
T029,G4-00792,G4-00791,480000.0,25.0,52.083333333333336
T029,G4-00796,G4-00795,480000.0,25.0,52.083333333333336
T029,G4-00800,G4-00799,480000.0,25.0,52.083333333333336
T029,G4-00723,G4-00722,480000.0,50.0,104.16666666666667
T029,G4-00727,G4-00726,480000.0,50.0,104.16666666666667
T029,G4-00731,G4-00730,480000.0,50.0,104.16666666666667
T029,G4-00735,G4-00734,480000.0,50.0,104.16666666666667
T029,G4-00739,G4-00738,480000.0,50.0,104.16666666666667
T029,G4-00743,G4-00742,480000.0,50.0,104.16666666666667
T029,G4-00747,G4-00746,480000.0,50.0,104.16666666666667
T029,G4-00751,G4-00750,480000.0,50.0,104.16666666666667
T029,G4-00755,G4-00754,480000.0,50.0,104.16666666666667
T029,G4-00759,G4-00758,480000.0,50.0,104.16666666666667
T029,G4-00763,G4-00762,480000.0,50.0,104.16666666666667
T029,G4-00767,G4-00766,480000.0,50.0,104.16666666666667
T029,G4-00771,G4-00770,480000.0,50.0,104.16666666666667
T029,G4-00775,G4-00774,480000.0,50.0,104.16666666666667
T029,G4-00779,G4-00778,480000.0,50.0,104.16666666666667
T029,G4-00783,G4-00782,480000.0,50.0,104.16666666666667
T029,G4-00787,G4-00786,480000.0,50.0,104.16666666666667
T029,G4-00791,G4-00790,480000.0,50.0,104.16666666666667
T029,G4-00795,G4-00794,480000.0,50.0,104.16666666666667
T029,G4-00799,G4-00798,480000.0,50.0,104.16666666666667
T029,G4-00722,G4-00721,480000.0,75.0,156.25
T029,G4-00726,G4-00725,480000.0,75.0,156.25
T029,G4-00730,G4-00729,480000.0,75.0,156.25
T029,G4-00734,G4-00733,480000.0,75.0,156.25
T029,G4-00738,G4-00737,480000.0,75.0,156.25
T029,G4-00742,G4-00741,480000.0,75.0,156.25
T029,G4-00746,G4-00745,480000.0,75.0,156.25
T029,G4-00750,G4-00749,480000.0,75.0,156.25
T029,G4-00754,G4-00753,480000.0,75.0,156.25
T029,G4-00758,G4-00757,480000.0,75.0,156.25
T029,G4-00762,G4-00761,480000.0,75.0,156.25
T029,G4-00766,G4-00765,480000.0,75.0,156.25
T029,G4-00770,G4-00769,480000.0,75.0,156.25
T029,G4-00774,G4-00773,480000.0,75.0,156.25
T029,G4-00778,G4-00777,480000.0,75.0,156.25
T029,G4-00782,G4-00781,480000.0,75.0,156.25
T029,G4-00786,G4-00785,480000.0,75.0,156.25
T029,G4-00790,G4-00789,480000.0,75.0,156.25
T029,G4-00794,G4-00793,480000.0,75.0,156.25
T029,G4-00798,G4-00797,480000.0,75.0,156.25
