service_date,store_id,item_id,weekday_monday_zero,holiday,zone_id,discount_fraction,announced_at,promo_raw_row,promo_raw_hash,promo_known,rain_mm,weather_available_at,weather_raw_row,weather_known,time30,origin
2026-08-06,S01,K01,3,0,Z1,0.0000000000,2026-07-27 12:00:00+08:00,9314.0000000000,c861e19d11635042d3edef4a8e84100fd173513b21e9c90638ddfa8e951206f3,1,13.5200000000,2026-08-05 16:00:00+08:00,584.0000000000,1,3.2333333333,2026-08-05T18:00:00+08:00
2026-08-06,S01,K02,3,0,Z1,0.0000000000,2026-07-27 12:00:00+08:00,9315.0000000000,b731fde02bde99fcba192731482bb4f041559ffb8659cfbedbb3e8b4048cb55d,1,13.5200000000,2026-08-05 16:00:00+08:00,584.0000000000,1,3.2333333333,2026-08-05T18:00:00+08:00
2026-08-06,S01,K03,3,0,Z1,0.0000000000,2026-07-27 12:00:00+08:00,9316.0000000000,8dbad28ce81cf4ab3d77180696698e988866b0c4dd095287ecfaea579d9a48f3,1,13.5200000000,2026-08-05 16:00:00+08:00,584.0000000000,1,3.2333333333,2026-08-05T18:00:00+08:00
2026-08-06,S01,K04,3,0,Z1,0.0000000000,2026-07-27 12:00:00+08:00,9317.0000000000,3e633893c81777b7577a0149f12a8a60f06821602348e4f7e9d349d36e3db912,1,13.5200000000,2026-08-05 16:00:00+08:00,584.0000000000,1,3.2333333333,2026-08-05T18:00:00+08:00
2026-08-06,S01,K05,3,0,Z1,0.0000000000,2026-07-27 12:00:00+08:00,9318.0000000000,8f54af2d299dddf352e774f7862d63d976b9e9471b3251aa4ca3d54c7b54799e,1,13.5200000000,2026-08-05 16:00:00+08:00,584.0000000000,1,3.2333333333,2026-08-05T18:00:00+08:00
2026-08-06,S01,K06,3,0,Z1,0.0000000000,2026-07-27 12:00:00+08:00,9319.0000000000,45eacbc6d4bae4ac1a38a408b6b679a0b6ae6c21406f75780e72bc94fd6b217b,1,13.5200000000,2026-08-05 16:00:00+08:00,584.0000000000,1,3.2333333333,2026-08-05T18:00:00+08:00
2026-08-06,S01,K07,3,0,Z1,0.0000000000,2026-07-27 12:00:00+08:00,9320.0000000000,93a364e44415cf35be3c04253e4795598b8d44e8b87ac3b1c126ea09fd1de349,1,13.5200000000,2026-08-05 16:00:00+08:00,584.0000000000,1,3.2333333333,2026-08-05T18:00:00+08:00
2026-08-06,S01,K08,3,0,Z1,0.1500000000,2026-07-27 12:00:00+08:00,9321.0000000000,eb53dbbbdc688de0bd2bebb1fe61dd4112f1844ebaec3bd1ed1a563455989909,1,13.5200000000,2026-08-05 16:00:00+08:00,584.0000000000,1,3.2333333333,2026-08-05T18:00:00+08:00
2026-08-06,S02,K01,3,0,Z1,0.0000000000,2026-07-27 12:00:00+08:00,9322.0000000000,40025b7c8c5cc68991f9e19cfb1c1139bb881a1ffe9ee13c2c792b74f81698e9,1,13.5200000000,2026-08-05 16:00:00+08:00,584.0000000000,1,3.2333333333,2026-08-05T18:00:00+08:00
2026-08-06,S02,K02,3,0,Z1,0.0000000000,2026-07-27 12:00:00+08:00,9323.0000000000,9f2bd60b6c9a0617e8199cb2f456d565acec834365ff1190831e6b535a77b8b5,1,13.5200000000,2026-08-05 16:00:00+08:00,584.0000000000,1,3.2333333333,2026-08-05T18:00:00+08:00
2026-08-06,S02,K03,3,0,Z1,0.0000000000,2026-07-27 12:00:00+08:00,9324.0000000000,e0fa36fc79134be6eca424fe56937ff6a421e33fc4072dce5335b2e174bf5ea8,1,13.5200000000,2026-08-05 16:00:00+08:00,584.0000000000,1,3.2333333333,2026-08-05T18:00:00+08:00
2026-08-06,S02,K04,3,0,Z1,0.0000000000,2026-07-27 12:00:00+08:00,9325.0000000000,e93861a8cf0eb7441dbfeeaa380ceff8b88a60f351ac07933eec49442ba75a5d,1,13.5200000000,2026-08-05 16:00:00+08:00,584.0000000000,1,3.2333333333,2026-08-05T18:00:00+08:00
2026-08-06,S02,K05,3,0,Z1,0.0000000000,2026-07-27 12:00:00+08:00,9326.0000000000,1950a44bc7f90d0b950d8362e7a8d6c7b81f2af2dc19cc3c7f75465d35964968,1,13.5200000000,2026-08-05 16:00:00+08:00,584.0000000000,1,3.2333333333,2026-08-05T18:00:00+08:00
2026-08-06,S02,K06,3,0,Z1,0.1500000000,2026-07-27 12:00:00+08:00,9327.0000000000,55729688a6bb023efe14a88eb58813528a4e43c88c9548ddc03f47c07eefc80d,1,13.5200000000,2026-08-05 16:00:00+08:00,584.0000000000,1,3.2333333333,2026-08-05T18:00:00+08:00
2026-08-06,S02,K07,3,0,Z1,0.1500000000,2026-07-27 12:00:00+08:00,9328.0000000000,e87b9eead3fda78f5c0aca00000886ad6b6ab700946c801efd9675ece9b3661e,1,13.5200000000,2026-08-05 16:00:00+08:00,584.0000000000,1,3.2333333333,2026-08-05T18:00:00+08:00
2026-08-06,S02,K08,3,0,Z1,0.0000000000,2026-07-27 12:00:00+08:00,9329.0000000000,af234ee3281abb5b65f073aa653cda7b9c7b1e16a07c8e5b6b547c135e8a2b14,1,13.5200000000,2026-08-05 16:00:00+08:00,584.0000000000,1,3.2333333333,2026-08-05T18:00:00+08:00
2026-08-06,S03,K01,3,0,Z1,0.0000000000,2026-07-27 12:00:00+08:00,9330.0000000000,388afcf955b23e0566daf0935145ffd7540abb17549fd35c2523c9d2bd72c689,1,13.5200000000,2026-08-05 16:00:00+08:00,584.0000000000,1,3.2333333333,2026-08-05T18:00:00+08:00
2026-08-06,S03,K02,3,0,Z1,0.0000000000,2026-07-27 12:00:00+08:00,9331.0000000000,d7f5be958704c3ac0c65be3effe8cf0698c3d76094030c1bbb767f96300d43df,1,13.5200000000,2026-08-05 16:00:00+08:00,584.0000000000,1,3.2333333333,2026-08-05T18:00:00+08:00
2026-08-06,S03,K03,3,0,Z1,0.0000000000,2026-07-27 12:00:00+08:00,9332.0000000000,0042b0cc651d649244c48677825f77e43014eecb3a3ced128ebb17b522f7e89c,1,13.5200000000,2026-08-05 16:00:00+08:00,584.0000000000,1,3.2333333333,2026-08-05T18:00:00+08:00
2026-08-06,S03,K04,3,0,Z1,0.0000000000,2026-07-27 12:00:00+08:00,9333.0000000000,88b8c428bb5edd5483a21f12a8b08c2322e4d82c8679fcbbb48e07464d654dcd,1,13.5200000000,2026-08-05 16:00:00+08:00,584.0000000000,1,3.2333333333,2026-08-05T18:00:00+08:00
2026-08-06,S03,K05,3,0,Z1,0.1500000000,2026-07-27 12:00:00+08:00,9334.0000000000,638078ebf5062139cc0319492bd09db779546a2f0bc425c87216b15f9a31f60f,1,13.5200000000,2026-08-05 16:00:00+08:00,584.0000000000,1,3.2333333333,2026-08-05T18:00:00+08:00
2026-08-06,S03,K06,3,0,Z1,0.1500000000,2026-07-27 12:00:00+08:00,9335.0000000000,75feb09eb6b17edf4ab0aa283f79d02dd372e67fc2d5fe151ea7b5443de4744d,1,13.5200000000,2026-08-05 16:00:00+08:00,584.0000000000,1,3.2333333333,2026-08-05T18:00:00+08:00
2026-08-06,S03,K07,3,0,Z1,0.0000000000,2026-07-27 12:00:00+08:00,9336.0000000000,1ed812407e0e56cfdf1044d258cbd01c40292a536867ad9115950d492db59f08,1,13.5200000000,2026-08-05 16:00:00+08:00,584.0000000000,1,3.2333333333,2026-08-05T18:00:00+08:00
2026-08-06,S03,K08,3,0,Z1,0.0000000000,2026-07-27 12:00:00+08:00,9337.0000000000,a75e7cf848ec7a2e39285341bbfe2b5f2ce2a115b278bbbce78a93b484b52d3f,1,13.5200000000,2026-08-05 16:00:00+08:00,584.0000000000,1,3.2333333333,2026-08-05T18:00:00+08:00
2026-08-06,S04,K01,3,0,Z1,0.0000000000,2026-07-27 12:00:00+08:00,9338.0000000000,29596ef75fbf1940e295fe7e5b3e5f44fb96ca9d96e08ce434c379baf90b7d52,1,13.5200000000,2026-08-05 16:00:00+08:00,584.0000000000,1,3.2333333333,2026-08-05T18:00:00+08:00
2026-08-06,S04,K02,3,0,Z1,0.0000000000,2026-07-27 12:00:00+08:00,9339.0000000000,71d1e628ec6d5f3be11ea15ee31e8f1354be3114b19b6e90c86ad0652ffc2376,1,13.5200000000,2026-08-05 16:00:00+08:00,584.0000000000,1,3.2333333333,2026-08-05T18:00:00+08:00
2026-08-06,S04,K03,3,0,Z1,0.1500000000,2026-07-27 12:00:00+08:00,9340.0000000000,c7653fc48b9c5aa0c77de2386f74825a91083f066e2bfc9a1111008d322fa006,1,13.5200000000,2026-08-05 16:00:00+08:00,584.0000000000,1,3.2333333333,2026-08-05T18:00:00+08:00
2026-08-06,S04,K04,3,0,Z1,0.1500000000,2026-07-27 12:00:00+08:00,9341.0000000000,5aab381ce3fb8c586c1d375fbbd62b9aa169e27cf25232a9ea34d52704493ef1,1,13.5200000000,2026-08-05 16:00:00+08:00,584.0000000000,1,3.2333333333,2026-08-05T18:00:00+08:00
2026-08-06,S04,K05,3,0,Z1,0.0000000000,2026-07-27 12:00:00+08:00,9342.0000000000,86cb64b83aeefa43b902f043ad41616c9690f7a54b248125e84e09dc90e5852b,1,13.5200000000,2026-08-05 16:00:00+08:00,584.0000000000,1,3.2333333333,2026-08-05T18:00:00+08:00
2026-08-06,S04,K06,3,0,Z1,0.0000000000,2026-07-27 12:00:00+08:00,9343.0000000000,c50aec3b52d5cfe2a5de25fd7834a76ca50a4428fefb2122f0b67fec1f64036b,1,13.5200000000,2026-08-05 16:00:00+08:00,584.0000000000,1,3.2333333333,2026-08-05T18:00:00+08:00
2026-08-06,S04,K07,3,0,Z1,0.0000000000,2026-07-27 12:00:00+08:00,9344.0000000000,e25c42a7dcf3290cba56a5f182b2aec5bc5c61dfa77c5efe6e0cdc6b85448b44,1,13.5200000000,2026-08-05 16:00:00+08:00,584.0000000000,1,3.2333333333,2026-08-05T18:00:00+08:00
2026-08-06,S04,K08,3,0,Z1,0.0000000000,2026-07-27 12:00:00+08:00,9345.0000000000,dceb1ceea767c6fe20ccd481f992047ba2ed4529e99264daa2f3d5e18f08d644,1,13.5200000000,2026-08-05 16:00:00+08:00,584.0000000000,1,3.2333333333,2026-08-05T18:00:00+08:00
2026-08-06,S05,K01,3,0,Z2,0.0000000000,2026-07-27 12:00:00+08:00,9346.0000000000,32915f7dd96b2a533d897cd94876e25af0bdd1124b4df35a9cd0ad71e0aed112,1,10.5300000000,2026-08-05 16:00:00+08:00,586.0000000000,1,3.2333333333,2026-08-05T18:00:00+08:00
2026-08-06,S05,K02,3,0,Z2,0.1500000000,2026-07-27 12:00:00+08:00,9347.0000000000,178da4090cb579e14fd319ff315aba3ed68e62a0429796791df6c6a0e060fd32,1,10.5300000000,2026-08-05 16:00:00+08:00,586.0000000000,1,3.2333333333,2026-08-05T18:00:00+08:00
2026-08-06,S05,K03,3,0,Z2,0.1500000000,2026-07-27 12:00:00+08:00,9348.0000000000,dd34889eb5800d556d13b86c811b70e6e369aa6eb3d44333e3b106caa3f64412,1,10.5300000000,2026-08-05 16:00:00+08:00,586.0000000000,1,3.2333333333,2026-08-05T18:00:00+08:00
2026-08-06,S05,K04,3,0,Z2,0.0000000000,2026-07-27 12:00:00+08:00,9349.0000000000,d0a3bd5371d3ee43554242e04bf8fa26129463d9189d97330227ed68d4445fe3,1,10.5300000000,2026-08-05 16:00:00+08:00,586.0000000000,1,3.2333333333,2026-08-05T18:00:00+08:00
2026-08-06,S05,K05,3,0,Z2,0.0000000000,2026-07-27 12:00:00+08:00,9350.0000000000,c1d7680f9de564ab94ded3efb7c77d474059efdfd33c6ba24f5aea62b0c85a9c,1,10.5300000000,2026-08-05 16:00:00+08:00,586.0000000000,1,3.2333333333,2026-08-05T18:00:00+08:00
2026-08-06,S05,K06,3,0,Z2,0.0000000000,2026-07-27 12:00:00+08:00,9351.0000000000,00c6944724c9382a9bbc36095465bdf0da950ef4a1a97f9dbf68b09dded87ac6,1,10.5300000000,2026-08-05 16:00:00+08:00,586.0000000000,1,3.2333333333,2026-08-05T18:00:00+08:00
2026-08-06,S05,K07,3,0,Z2,0.0000000000,2026-07-27 12:00:00+08:00,9352.0000000000,186e981116bf68b8fb8846c602c257dc645596dcd676fc69bdcb0732401ae66e,1,10.5300000000,2026-08-05 16:00:00+08:00,586.0000000000,1,3.2333333333,2026-08-05T18:00:00+08:00
2026-08-06,S05,K08,3,0,Z2,0.0000000000,2026-07-27 12:00:00+08:00,9353.0000000000,493fda160dd4525d1abb522daef1d9ff12c46ef4a31cf1ce0a6d1ebfa4a5fc6d,1,10.5300000000,2026-08-05 16:00:00+08:00,586.0000000000,1,3.2333333333,2026-08-05T18:00:00+08:00
2026-08-06,S06,K01,3,0,Z2,0.1500000000,2026-07-27 12:00:00+08:00,9354.0000000000,cca721bb06b454fa5a665aa93aababdab7ae73453a0c06f1a2a33e94fe17a4bc,1,10.5300000000,2026-08-05 16:00:00+08:00,586.0000000000,1,3.2333333333,2026-08-05T18:00:00+08:00
2026-08-06,S06,K02,3,0,Z2,0.0000000000,2026-07-27 12:00:00+08:00,9355.0000000000,64a0df2bdd2e9fff33bbcac3b799aa01d3055af0dc7cf5473a1191eb32abd819,1,10.5300000000,2026-08-05 16:00:00+08:00,586.0000000000,1,3.2333333333,2026-08-05T18:00:00+08:00
2026-08-06,S06,K03,3,0,Z2,0.0000000000,2026-07-27 12:00:00+08:00,9356.0000000000,85144a9f6721d2bd274943e82ccdec07704e9832463b94bc0070f3d56d32243d,1,10.5300000000,2026-08-05 16:00:00+08:00,586.0000000000,1,3.2333333333,2026-08-05T18:00:00+08:00
2026-08-06,S06,K04,3,0,Z2,0.0000000000,2026-07-27 12:00:00+08:00,9357.0000000000,66dc05c0375edbbe23eae36e7727adea1686394538006a752a8888c14b4e2bfc,1,10.5300000000,2026-08-05 16:00:00+08:00,586.0000000000,1,3.2333333333,2026-08-05T18:00:00+08:00
2026-08-06,S06,K05,3,0,Z2,0.0000000000,2026-07-27 12:00:00+08:00,9358.0000000000,fde0dc9f9ab11225f64302f180743fd12172cddf4125ad46af444fb67118ba5c,1,10.5300000000,2026-08-05 16:00:00+08:00,586.0000000000,1,3.2333333333,2026-08-05T18:00:00+08:00
2026-08-06,S06,K06,3,0,Z2,0.0000000000,2026-07-27 12:00:00+08:00,9359.0000000000,9494d8cc66eea10d3960c5174be6e7cf84e40cededca55f7295ed5e8b17c7c37,1,10.5300000000,2026-08-05 16:00:00+08:00,586.0000000000,1,3.2333333333,2026-08-05T18:00:00+08:00
2026-08-06,S06,K07,3,0,Z2,0.0000000000,2026-07-27 12:00:00+08:00,9360.0000000000,0c93d46ab563a52c8a2c0ab744d0ebb91731232b9a9e9a647c05f2d785e361be,1,10.5300000000,2026-08-05 16:00:00+08:00,586.0000000000,1,3.2333333333,2026-08-05T18:00:00+08:00
2026-08-06,S06,K08,3,0,Z2,0.0000000000,2026-07-27 12:00:00+08:00,9361.0000000000,43adbc375586accb6379248ce1ef68679a132277a708865faaba608e8d9d0382,1,10.5300000000,2026-08-05 16:00:00+08:00,586.0000000000,1,3.2333333333,2026-08-05T18:00:00+08:00
2026-08-06,S07,K01,3,0,Z2,0.0000000000,2026-07-27 12:00:00+08:00,9362.0000000000,a925997781b14ca06a0b4235a3703628ca40ad2428ede74a6d067c88fb3f62bb,1,10.5300000000,2026-08-05 16:00:00+08:00,586.0000000000,1,3.2333333333,2026-08-05T18:00:00+08:00
2026-08-06,S07,K02,3,0,Z2,0.0000000000,2026-07-27 12:00:00+08:00,9363.0000000000,0eeb76e843535c1ed264124d32ec9c8de734bd0b2a2845f2a4082740de48e069,1,10.5300000000,2026-08-05 16:00:00+08:00,586.0000000000,1,3.2333333333,2026-08-05T18:00:00+08:00
2026-08-06,S07,K03,3,0,Z2,0.0000000000,2026-07-27 12:00:00+08:00,9364.0000000000,5fa03778d3d17847e569b4a7e199270db0d542f62295fc5cd3cb0677733e9a65,1,10.5300000000,2026-08-05 16:00:00+08:00,586.0000000000,1,3.2333333333,2026-08-05T18:00:00+08:00
2026-08-06,S07,K04,3,0,Z2,0.0000000000,2026-07-27 12:00:00+08:00,9365.0000000000,a1f4507766fd0768f8e1047d3694ea9aea28597e71ce802181ff94e53159ed71,1,10.5300000000,2026-08-05 16:00:00+08:00,586.0000000000,1,3.2333333333,2026-08-05T18:00:00+08:00
2026-08-06,S07,K05,3,0,Z2,0.0000000000,2026-07-27 12:00:00+08:00,9366.0000000000,8df138836cd53fa7965274254f8b170b83fba830c0be4b65f4da68be510230e3,1,10.5300000000,2026-08-05 16:00:00+08:00,586.0000000000,1,3.2333333333,2026-08-05T18:00:00+08:00
2026-08-06,S07,K06,3,0,Z2,0.0000000000,2026-07-27 12:00:00+08:00,9367.0000000000,6c6d83f80bf63c4c44160ef488f6cb78cee2ec872cf9e7d56d2b7081cdde1905,1,10.5300000000,2026-08-05 16:00:00+08:00,586.0000000000,1,3.2333333333,2026-08-05T18:00:00+08:00
2026-08-06,S07,K07,3,0,Z2,0.0000000000,2026-07-27 12:00:00+08:00,9368.0000000000,ab7d811cb50ff7f3946b7cb364824e29fb8f4183d012660064e7dd4c4ce0f5be,1,10.5300000000,2026-08-05 16:00:00+08:00,586.0000000000,1,3.2333333333,2026-08-05T18:00:00+08:00
2026-08-06,S07,K08,3,0,Z2,0.0000000000,2026-07-27 12:00:00+08:00,9369.0000000000,bafd0bc3cb9acba415a8fa8c44d353898514c32e27280729b022c35ba3aa7486,1,10.5300000000,2026-08-05 16:00:00+08:00,586.0000000000,1,3.2333333333,2026-08-05T18:00:00+08:00
2026-08-06,S08,K01,3,0,Z2,0.0000000000,2026-07-27 12:00:00+08:00,9370.0000000000,90fa59802cfe5ce5558719ad01331d5ee9846941d7a6c36343ea73b9a52e862f,1,10.5300000000,2026-08-05 16:00:00+08:00,586.0000000000,1,3.2333333333,2026-08-05T18:00:00+08:00
2026-08-06,S08,K02,3,0,Z2,0.0000000000,2026-07-27 12:00:00+08:00,9371.0000000000,89b309aa1f131b45c479abe7cfa1d448af1ebc4cdd7d3c276e11895cea8affa3,1,10.5300000000,2026-08-05 16:00:00+08:00,586.0000000000,1,3.2333333333,2026-08-05T18:00:00+08:00
2026-08-06,S08,K03,3,0,Z2,0.0000000000,2026-07-27 12:00:00+08:00,9372.0000000000,7651ca9b819b1e1eba4d10c09b00c12feff1be856ea7ddc7f347b1edc1cdfb1c,1,10.5300000000,2026-08-05 16:00:00+08:00,586.0000000000,1,3.2333333333,2026-08-05T18:00:00+08:00
2026-08-06,S08,K04,3,0,Z2,0.0000000000,2026-07-27 12:00:00+08:00,9373.0000000000,efee2766b148a44db911f419a0ab0c88e1a078ca03dcbff7b43a69cc5165fb12,1,10.5300000000,2026-08-05 16:00:00+08:00,586.0000000000,1,3.2333333333,2026-08-05T18:00:00+08:00
2026-08-06,S08,K05,3,0,Z2,0.0000000000,2026-07-27 12:00:00+08:00,9374.0000000000,342cc1d4de1f78d81bcba22d5af2db430bd6617ea1e06942db7865815884bf02,1,10.5300000000,2026-08-05 16:00:00+08:00,586.0000000000,1,3.2333333333,2026-08-05T18:00:00+08:00
2026-08-06,S08,K06,3,0,Z2,0.0000000000,2026-07-27 12:00:00+08:00,9375.0000000000,5e097d024663f5c4a4196dcd8963892b0f6e030b1b417773bb3b0350839fae3e,1,10.5300000000,2026-08-05 16:00:00+08:00,586.0000000000,1,3.2333333333,2026-08-05T18:00:00+08:00
2026-08-06,S08,K07,3,0,Z2,0.0000000000,2026-07-27 12:00:00+08:00,9376.0000000000,b8e79a3acbf3f62df859a420d134066199ec266dd176dcd5cd064ea7e2d0462d,1,10.5300000000,2026-08-05 16:00:00+08:00,586.0000000000,1,3.2333333333,2026-08-05T18:00:00+08:00
2026-08-06,S08,K08,3,0,Z2,0.0000000000,2026-07-27 12:00:00+08:00,9377.0000000000,1669d4628ad5ef9fac60d676b8b971348b18c31b8f9fd718213120b1245a7f59,1,10.5300000000,2026-08-05 16:00:00+08:00,586.0000000000,1,3.2333333333,2026-08-05T18:00:00+08:00
2026-08-06,S09,K01,3,0,Z3,0.0000000000,2026-07-27 12:00:00+08:00,9378.0000000000,704b50485fd82fe19a75aa1d25319951a35b106f4c83eab94ae1a8f79812e006,1,15.1000000000,2026-08-05 16:00:00+08:00,588.0000000000,1,3.2333333333,2026-08-05T18:00:00+08:00
2026-08-06,S09,K02,3,0,Z3,0.0000000000,2026-07-27 12:00:00+08:00,9379.0000000000,59f2fd30856f75c0cbf864c3560fb4b68e858f2f586636439c95f77d571d4e4a,1,15.1000000000,2026-08-05 16:00:00+08:00,588.0000000000,1,3.2333333333,2026-08-05T18:00:00+08:00
2026-08-06,S09,K03,3,0,Z3,0.0000000000,2026-07-27 12:00:00+08:00,9380.0000000000,211547b29057261d3bc58021a8bb6be152d22d39dea51a7703eaf1d526bee049,1,15.1000000000,2026-08-05 16:00:00+08:00,588.0000000000,1,3.2333333333,2026-08-05T18:00:00+08:00
2026-08-06,S09,K04,3,0,Z3,0.0000000000,2026-07-27 12:00:00+08:00,9381.0000000000,9bd7d1d168f848d5825038f9498af55c21a3abf0fa1afefc75857644ba19860e,1,15.1000000000,2026-08-05 16:00:00+08:00,588.0000000000,1,3.2333333333,2026-08-05T18:00:00+08:00
2026-08-06,S09,K05,3,0,Z3,0.0000000000,2026-07-27 12:00:00+08:00,9382.0000000000,85a3d663448c5d8974b067fccb50f6e249f7f51f2f6466b1a50e2b2a28a06706,1,15.1000000000,2026-08-05 16:00:00+08:00,588.0000000000,1,3.2333333333,2026-08-05T18:00:00+08:00
2026-08-06,S09,K06,3,0,Z3,0.0000000000,2026-07-27 12:00:00+08:00,9383.0000000000,6f4fd70c54312180ff89fa6b46c36c5c12e51f4aca609c4a72dcb46f514d1d97,1,15.1000000000,2026-08-05 16:00:00+08:00,588.0000000000,1,3.2333333333,2026-08-05T18:00:00+08:00
2026-08-06,S09,K07,3,0,Z3,0.1500000000,2026-07-27 12:00:00+08:00,9384.0000000000,5f61cba292c155d9fa7d31a41eb40cfe1ab87051f022c096977d1708293b01e6,1,15.1000000000,2026-08-05 16:00:00+08:00,588.0000000000,1,3.2333333333,2026-08-05T18:00:00+08:00
2026-08-06,S09,K08,3,0,Z3,0.1500000000,2026-07-27 12:00:00+08:00,9385.0000000000,9a33f1cb4de28d67fb67d7ee7926e18113da92d33329c0d302a0682087661b8d,1,15.1000000000,2026-08-05 16:00:00+08:00,588.0000000000,1,3.2333333333,2026-08-05T18:00:00+08:00
2026-08-06,S10,K01,3,0,Z3,0.0000000000,2026-07-27 12:00:00+08:00,9386.0000000000,7c28ac61de863155341ebf02151dbfad3c62dea49a8a72d7ac80dbb5152b506f,1,15.1000000000,2026-08-05 16:00:00+08:00,588.0000000000,1,3.2333333333,2026-08-05T18:00:00+08:00
2026-08-06,S10,K02,3,0,Z3,0.0000000000,2026-07-27 12:00:00+08:00,9387.0000000000,298fc5689523ceaa13462ba0d80a0db3f3991c94fd81fc699d5846324ccbd637,1,15.1000000000,2026-08-05 16:00:00+08:00,588.0000000000,1,3.2333333333,2026-08-05T18:00:00+08:00
2026-08-06,S10,K03,3,0,Z3,0.0000000000,2026-07-27 12:00:00+08:00,9388.0000000000,d94f1e28b05ae6f56584ce21965b3276b6e421161c38a909d2f094344f07fabd,1,15.1000000000,2026-08-05 16:00:00+08:00,588.0000000000,1,3.2333333333,2026-08-05T18:00:00+08:00
2026-08-06,S10,K04,3,0,Z3,0.0000000000,2026-07-27 12:00:00+08:00,9389.0000000000,0bc7376a5f2f5bbf1aacd3afa9f0db9f27390103933659b470c479abd4da8b8f,1,15.1000000000,2026-08-05 16:00:00+08:00,588.0000000000,1,3.2333333333,2026-08-05T18:00:00+08:00
2026-08-06,S10,K05,3,0,Z3,0.0000000000,2026-07-27 12:00:00+08:00,9390.0000000000,1543ae8fae9453dcfbce770be4a6af5f834663caaaa25773907c126958c90f6f,1,15.1000000000,2026-08-05 16:00:00+08:00,588.0000000000,1,3.2333333333,2026-08-05T18:00:00+08:00
2026-08-06,S10,K06,3,0,Z3,0.1500000000,2026-07-27 12:00:00+08:00,9391.0000000000,538e2a20fad4196f3f00e3abda3610c50f88bf7b5760a51fd11167f46c29fe71,1,15.1000000000,2026-08-05 16:00:00+08:00,588.0000000000,1,3.2333333333,2026-08-05T18:00:00+08:00
2026-08-06,S10,K07,3,0,Z3,0.1500000000,2026-07-27 12:00:00+08:00,9392.0000000000,fbda3845cf49697c19b1c7204010b7964b80feeea60a1401138da44c54202aec,1,15.1000000000,2026-08-05 16:00:00+08:00,588.0000000000,1,3.2333333333,2026-08-05T18:00:00+08:00
2026-08-06,S10,K08,3,0,Z3,0.0000000000,2026-07-27 12:00:00+08:00,9393.0000000000,d82121fd067d641c97f60d1f169331ed92c18b5baaa30b8c9551c8a540e3ccbe,1,15.1000000000,2026-08-05 16:00:00+08:00,588.0000000000,1,3.2333333333,2026-08-05T18:00:00+08:00
2026-08-06,S11,K01,3,0,Z3,0.0000000000,2026-07-27 12:00:00+08:00,9394.0000000000,9796fb32218356e0414feb6a4d26f31f64babe72b0739aec01a3e5ceaf1c34fb,1,15.1000000000,2026-08-05 16:00:00+08:00,588.0000000000,1,3.2333333333,2026-08-05T18:00:00+08:00
2026-08-06,S11,K02,3,0,Z3,0.0000000000,2026-07-27 12:00:00+08:00,9395.0000000000,f8b2fdf4f8ac40a67262954a5fa2d9967899b80f0c84edaca31123ef0862c8ce,1,15.1000000000,2026-08-05 16:00:00+08:00,588.0000000000,1,3.2333333333,2026-08-05T18:00:00+08:00
2026-08-06,S11,K03,3,0,Z3,0.0000000000,2026-07-27 12:00:00+08:00,9396.0000000000,96b876c21b2b27835d8e18766fe62af2b4695d14afd055ba8d96c044390d00ef,1,15.1000000000,2026-08-05 16:00:00+08:00,588.0000000000,1,3.2333333333,2026-08-05T18:00:00+08:00
2026-08-06,S11,K04,3,0,Z3,0.1500000000,2026-07-27 12:00:00+08:00,9397.0000000000,1b4f4f7d6dc544ed70e5ac714cca066b01a27d45425f264d9ce5dc714764d38b,1,15.1000000000,2026-08-05 16:00:00+08:00,588.0000000000,1,3.2333333333,2026-08-05T18:00:00+08:00
2026-08-06,S11,K05,3,0,Z3,0.1500000000,2026-07-27 12:00:00+08:00,9398.0000000000,9ce3bffd3a4c70a6b5123dd3c1b4ba1dec3e60923a258da556513ef611f7bb21,1,15.1000000000,2026-08-05 16:00:00+08:00,588.0000000000,1,3.2333333333,2026-08-05T18:00:00+08:00
2026-08-06,S11,K06,3,0,Z3,0.0000000000,2026-07-27 12:00:00+08:00,9399.0000000000,cfbd6a06852de1f8ae5361cf2b99f52ce450d10ee851eab9043bfb99262aef88,1,15.1000000000,2026-08-05 16:00:00+08:00,588.0000000000,1,3.2333333333,2026-08-05T18:00:00+08:00
2026-08-06,S11,K07,3,0,Z3,0.0000000000,2026-07-27 12:00:00+08:00,9400.0000000000,8da23a2ca96d99634e27acdb4dbd12fe7c7d0d262898444682df270c77ce6ddd,1,15.1000000000,2026-08-05 16:00:00+08:00,588.0000000000,1,3.2333333333,2026-08-05T18:00:00+08:00
2026-08-06,S11,K08,3,0,Z3,0.0000000000,2026-07-27 12:00:00+08:00,9401.0000000000,9d03866b42c77dcbe3bac7d4859437fdb2c238367706f3883ccf75c7d0ce24a2,1,15.1000000000,2026-08-05 16:00:00+08:00,588.0000000000,1,3.2333333333,2026-08-05T18:00:00+08:00
2026-08-06,S12,K01,3,0,Z3,0.0000000000,2026-07-27 12:00:00+08:00,9402.0000000000,acb69f684456ba77b179513d08b8d2a2d77ddb3748a6dfe5fd5a0d2eb70ec502,1,15.1000000000,2026-08-05 16:00:00+08:00,588.0000000000,1,3.2333333333,2026-08-05T18:00:00+08:00
2026-08-06,S12,K02,3,0,Z3,0.0000000000,2026-07-27 12:00:00+08:00,9403.0000000000,22e9414d6c47372b8955c532d9e35e57f9574a1104f4c9c5f3da09cacbc82d92,1,15.1000000000,2026-08-05 16:00:00+08:00,588.0000000000,1,3.2333333333,2026-08-05T18:00:00+08:00
2026-08-06,S12,K03,3,0,Z3,0.1500000000,2026-07-27 12:00:00+08:00,9404.0000000000,65e264884918dfe5870e20176fd02a914fdc239a97db03728870f033363a56d8,1,15.1000000000,2026-08-05 16:00:00+08:00,588.0000000000,1,3.2333333333,2026-08-05T18:00:00+08:00
2026-08-06,S12,K04,3,0,Z3,0.1500000000,2026-07-27 12:00:00+08:00,9405.0000000000,a167869dd292ffc63e52ececedd82e85ca6610c50823e09920c42e948e7e6979,1,15.1000000000,2026-08-05 16:00:00+08:00,588.0000000000,1,3.2333333333,2026-08-05T18:00:00+08:00
2026-08-06,S12,K05,3,0,Z3,0.0000000000,2026-07-27 12:00:00+08:00,9406.0000000000,408d5af157c931b1029c1437ee20d87fa6e5b7763f9d8fceabc4f98c44a05e8d,1,15.1000000000,2026-08-05 16:00:00+08:00,588.0000000000,1,3.2333333333,2026-08-05T18:00:00+08:00
2026-08-06,S12,K06,3,0,Z3,0.0000000000,2026-07-27 12:00:00+08:00,9407.0000000000,d1d45a1f4b28280b23d7d4e88f3d0a850331bfcada383fdccb1169e301a4dc03,1,15.1000000000,2026-08-05 16:00:00+08:00,588.0000000000,1,3.2333333333,2026-08-05T18:00:00+08:00
2026-08-06,S12,K07,3,0,Z3,0.0000000000,2026-07-27 12:00:00+08:00,9408.0000000000,b72474119c254cb9b20f7b8a9083c6ac92021f05d8fb160705a2c28b0a5da92c,1,15.1000000000,2026-08-05 16:00:00+08:00,588.0000000000,1,3.2333333333,2026-08-05T18:00:00+08:00
2026-08-06,S12,K08,3,0,Z3,0.0000000000,2026-07-27 12:00:00+08:00,9409.0000000000,33d31f7a8293e073d5dbcd9b3c83da5d5b20ab1247b9d7e8c4c500c94352e9ef,1,15.1000000000,2026-08-05 16:00:00+08:00,588.0000000000,1,3.2333333333,2026-08-05T18:00:00+08:00
2026-08-07,S01,K01,4,0,Z1,0.0000000000,2026-07-28 12:00:00+08:00,9410.0000000000,2163650897480fa715278c3b842041259744cfa038664e7e71f0a5dc2935cafd,1,,,,0,3.2666666667,2026-08-05T18:00:00+08:00
2026-08-07,S01,K02,4,0,Z1,0.0000000000,2026-07-28 12:00:00+08:00,9411.0000000000,2d161497805b28e7a818ddc2577860ffd2b890039ce2f0d009fb71ebb6acb2f9,1,,,,0,3.2666666667,2026-08-05T18:00:00+08:00
2026-08-07,S01,K03,4,0,Z1,0.0000000000,2026-07-28 12:00:00+08:00,9412.0000000000,8937e47bbb6a89c82a4d37726305597ab83c9027d0066ef95f0221fd613deb83,1,,,,0,3.2666666667,2026-08-05T18:00:00+08:00
2026-08-07,S01,K04,4,0,Z1,0.0000000000,2026-07-28 12:00:00+08:00,9413.0000000000,d24b57a7b3f98b2756f3be5b08d8290e470d7d11bcbcde5c1b5960d4cc02a555,1,,,,0,3.2666666667,2026-08-05T18:00:00+08:00
2026-08-07,S01,K05,4,0,Z1,0.0000000000,2026-07-28 12:00:00+08:00,9414.0000000000,265753b9c8e9bc80b0febb5516c73e7cd5d2d1b26b06c5a78ca4c4258bfef783,1,,,,0,3.2666666667,2026-08-05T18:00:00+08:00
2026-08-07,S01,K06,4,0,Z1,0.0000000000,2026-07-28 12:00:00+08:00,9415.0000000000,66babeb47cd9d8bd1db02fd58bd1b71c31a4a8a0498e0d89289135475e89b1fe,1,,,,0,3.2666666667,2026-08-05T18:00:00+08:00
2026-08-07,S01,K07,4,0,Z1,0.1500000000,2026-07-28 12:00:00+08:00,9416.0000000000,653862eba54d2f08c22adeb693a36cee0c3e9192473a0480d367cd9cf72eee2b,1,,,,0,3.2666666667,2026-08-05T18:00:00+08:00
2026-08-07,S01,K08,4,0,Z1,0.1500000000,2026-07-28 12:00:00+08:00,9417.0000000000,5aa89f4907984762b5be7bcff811279b65fb440889d63c2dace1e67626760851,1,,,,0,3.2666666667,2026-08-05T18:00:00+08:00
2026-08-07,S02,K01,4,0,Z1,0.0000000000,2026-07-28 12:00:00+08:00,9418.0000000000,173a9fdbf054b48ccf64a5dc20c595de68bfb968a4dec4b8c036350e8a5014ff,1,,,,0,3.2666666667,2026-08-05T18:00:00+08:00
2026-08-07,S02,K02,4,0,Z1,0.0000000000,2026-07-28 12:00:00+08:00,9419.0000000000,fc73e334bb360eab7acf4880077337a608184bd8708b5216c319aed3401f0c9d,1,,,,0,3.2666666667,2026-08-05T18:00:00+08:00
2026-08-07,S02,K03,4,0,Z1,0.0000000000,2026-07-28 12:00:00+08:00,9420.0000000000,7cc48498dd20a6fd6a6d2d32c1193590ae5413ead64f49baf933670d1d2b9eac,1,,,,0,3.2666666667,2026-08-05T18:00:00+08:00
2026-08-07,S02,K04,4,0,Z1,0.0000000000,2026-07-28 12:00:00+08:00,9421.0000000000,ab1a7fbfb1f9eb5e8d3ab4654497af952b6d0a00d4d625c0ed2221468ea6fcfa,1,,,,0,3.2666666667,2026-08-05T18:00:00+08:00
2026-08-07,S02,K05,4,0,Z1,0.0000000000,2026-07-28 12:00:00+08:00,9422.0000000000,8f88aeb3e33e72331a42f851876328b8310d017a35b476cd9e56ea70b82230d3,1,,,,0,3.2666666667,2026-08-05T18:00:00+08:00
2026-08-07,S02,K06,4,0,Z1,0.1500000000,2026-07-28 12:00:00+08:00,9423.0000000000,dbaafc21f6da6a9a9d015ece7b8e1ac88127fbbed8590d80b7660e59621f6c62,1,,,,0,3.2666666667,2026-08-05T18:00:00+08:00
2026-08-07,S02,K07,4,0,Z1,0.1500000000,2026-07-28 12:00:00+08:00,9424.0000000000,a4b8ccec71fb40ce73b1db12b8eaa11a06ed18b0d2d5d6fa23e4ba72029746e2,1,,,,0,3.2666666667,2026-08-05T18:00:00+08:00
2026-08-07,S02,K08,4,0,Z1,0.0000000000,2026-07-28 12:00:00+08:00,9425.0000000000,4080cc68227a23d92af74274f9eb003bb9e94089bd8cdf20f23d302988899006,1,,,,0,3.2666666667,2026-08-05T18:00:00+08:00
2026-08-07,S03,K01,4,0,Z1,0.0000000000,2026-07-28 12:00:00+08:00,9426.0000000000,4930c075a50413015c25e36f77ee9e791f465f52a7f22c648de70122f4283a1b,1,,,,0,3.2666666667,2026-08-05T18:00:00+08:00
2026-08-07,S03,K02,4,0,Z1,0.0000000000,2026-07-28 12:00:00+08:00,9427.0000000000,ba5b53db30b50d171cfc3fc59f6d6925366b5fdd89d39837e32c71f1c1980a21,1,,,,0,3.2666666667,2026-08-05T18:00:00+08:00
2026-08-07,S03,K03,4,0,Z1,0.0000000000,2026-07-28 12:00:00+08:00,9428.0000000000,0e6e52c1d57881b27428e18b21b2f05937f7d2d70bc4af6469fd8a5278730be8,1,,,,0,3.2666666667,2026-08-05T18:00:00+08:00
2026-08-07,S03,K04,4,0,Z1,0.1500000000,2026-07-28 12:00:00+08:00,9429.0000000000,ccdca265c353cf6d878662cc7db251da36451a0c2bfbbe6e1cf2b235de0527fe,1,,,,0,3.2666666667,2026-08-05T18:00:00+08:00
2026-08-07,S03,K05,4,0,Z1,0.1500000000,2026-07-28 12:00:00+08:00,9430.0000000000,2bf5c83c055e4394f2986e1b27f8011e280508b99d7a3459491e73826022ad02,1,,,,0,3.2666666667,2026-08-05T18:00:00+08:00
2026-08-07,S03,K06,4,0,Z1,0.0000000000,2026-07-28 12:00:00+08:00,9431.0000000000,32ee82aa2a17229b8d32baab90c7d8c08ae941f996bd996aba401ce7b438e523,1,,,,0,3.2666666667,2026-08-05T18:00:00+08:00
2026-08-07,S03,K07,4,0,Z1,0.0000000000,2026-07-28 12:00:00+08:00,9432.0000000000,7d4852ef7a55f943f21819f5bd77fbe46ca2128c2321d018d763adcac892f088,1,,,,0,3.2666666667,2026-08-05T18:00:00+08:00
2026-08-07,S03,K08,4,0,Z1,0.0000000000,2026-07-28 12:00:00+08:00,9433.0000000000,7a24c8e640719a4abe329b4205ad96576f8fc9aa524ad65f6d4f6b51077d6f6b,1,,,,0,3.2666666667,2026-08-05T18:00:00+08:00
2026-08-07,S04,K01,4,0,Z1,0.0000000000,2026-07-28 12:00:00+08:00,9434.0000000000,c0c8636fa67e26a7242b0784a6b85ce700f63e591a83af1f0aca57d1b2128987,1,,,,0,3.2666666667,2026-08-05T18:00:00+08:00
2026-08-07,S04,K02,4,0,Z1,0.0000000000,2026-07-28 12:00:00+08:00,9435.0000000000,2835d87376540ca58745cbe59e7f0a93ebf8e7246ef23ff0bb7f41bdbf33dc94,1,,,,0,3.2666666667,2026-08-05T18:00:00+08:00
2026-08-07,S04,K03,4,0,Z1,0.1500000000,2026-07-28 12:00:00+08:00,9436.0000000000,c88a6171cc0e5b813a8fc056fb01c9345a104e953eb939034b60b64c58b5d544,1,,,,0,3.2666666667,2026-08-05T18:00:00+08:00
2026-08-07,S04,K04,4,0,Z1,0.1500000000,2026-07-28 12:00:00+08:00,9437.0000000000,74f50b52528494177b974cca07fcf15d5690be38ad3af5becf8ddabf9f95baf0,1,,,,0,3.2666666667,2026-08-05T18:00:00+08:00
2026-08-07,S04,K05,4,0,Z1,0.0000000000,2026-07-28 12:00:00+08:00,9438.0000000000,8eacebea75443e7577f7fb51dc8e4e9a08aa5ff6ff6ef321cad0d68cd69f8bd4,1,,,,0,3.2666666667,2026-08-05T18:00:00+08:00
2026-08-07,S04,K06,4,0,Z1,0.0000000000,2026-07-28 12:00:00+08:00,9439.0000000000,b85dc49d3d29d7935952ea47548c018e594e5ab47c219bb5bd01dd1d52f4f836,1,,,,0,3.2666666667,2026-08-05T18:00:00+08:00
2026-08-07,S04,K07,4,0,Z1,0.0000000000,2026-07-28 12:00:00+08:00,9440.0000000000,38d82aabc457494ee4ca256b821aacb85e6057f6131f6b9d4fecfceafca11ba8,1,,,,0,3.2666666667,2026-08-05T18:00:00+08:00
2026-08-07,S04,K08,4,0,Z1,0.0000000000,2026-07-28 12:00:00+08:00,9441.0000000000,be24bc1b5e07e66fbc5f80442d8baa101ae3ebbdbd46b19a7bebb75dcad2a794,1,,,,0,3.2666666667,2026-08-05T18:00:00+08:00
2026-08-07,S05,K01,4,0,Z2,0.1500000000,2026-07-28 12:00:00+08:00,9442.0000000000,cfd47802dafa8b6934e3db826694f397be7c5c3ed90689ab81760a0169674a25,1,,,,0,3.2666666667,2026-08-05T18:00:00+08:00
2026-08-07,S05,K02,4,0,Z2,0.1500000000,2026-07-28 12:00:00+08:00,9443.0000000000,c1ecf8c14213ad68b88af9d278c809f0af890f4ec846e2d0fe577a8d12b2af46,1,,,,0,3.2666666667,2026-08-05T18:00:00+08:00
2026-08-07,S05,K03,4,0,Z2,0.0000000000,2026-07-28 12:00:00+08:00,9444.0000000000,fdfa5156b6e5d34ce88a139e75e557eb353dfbb5e8e31d48e8bf59c95d04f23f,1,,,,0,3.2666666667,2026-08-05T18:00:00+08:00
2026-08-07,S05,K04,4,0,Z2,0.0000000000,2026-07-28 12:00:00+08:00,9445.0000000000,e61ffd094d31dcda627160557b054780099012856fad268a1f14b04a9cad1af0,1,,,,0,3.2666666667,2026-08-05T18:00:00+08:00
2026-08-07,S05,K05,4,0,Z2,0.0000000000,2026-07-28 12:00:00+08:00,9446.0000000000,9c8ec622d30791e5f9c4b7f7ed2d38bb92edb037b4da249c7749604d04e922e1,1,,,,0,3.2666666667,2026-08-05T18:00:00+08:00
2026-08-07,S05,K06,4,0,Z2,0.0000000000,2026-07-28 12:00:00+08:00,9447.0000000000,c5f833c60d1adfbcdd35c3b5142c072477517113516d6fb1ae3527a8c406907c,1,,,,0,3.2666666667,2026-08-05T18:00:00+08:00
2026-08-07,S05,K07,4,0,Z2,0.0000000000,2026-07-28 12:00:00+08:00,9448.0000000000,9d68402da7a417b0d0efc111712d847e76640b06418e2fef241221a2b6a46c0e,1,,,,0,3.2666666667,2026-08-05T18:00:00+08:00
2026-08-07,S05,K08,4,0,Z2,0.0000000000,2026-07-28 12:00:00+08:00,9449.0000000000,892c396e7ff838b2d9fc3af1cd67ef484707da8de4329ca2cc1404d06bef3378,1,,,,0,3.2666666667,2026-08-05T18:00:00+08:00
2026-08-07,S06,K01,4,0,Z2,0.1500000000,2026-07-28 12:00:00+08:00,9450.0000000000,a075d0745ce4ea7fe9d2429770074434da15c91306efb4deb38c43519fbca8fd,1,,,,0,3.2666666667,2026-08-05T18:00:00+08:00
2026-08-07,S06,K02,4,0,Z2,0.0000000000,2026-07-28 12:00:00+08:00,9451.0000000000,28355cd160d4de438116be633c6ff4d01d93766ec8480821cf04de38f021a44c,1,,,,0,3.2666666667,2026-08-05T18:00:00+08:00
2026-08-07,S06,K03,4,0,Z2,0.0000000000,2026-07-28 12:00:00+08:00,9452.0000000000,9ca84f6985355d79742b67e3ca27f140f5afafd77120cfc25b6e168fbca5c691,1,,,,0,3.2666666667,2026-08-05T18:00:00+08:00
2026-08-07,S06,K04,4,0,Z2,0.0000000000,2026-07-28 12:00:00+08:00,9453.0000000000,3fdf6e73546c3e8225e80a91e3544c9b026eedb5f8fb47ba52e72f0b70564537,1,,,,0,3.2666666667,2026-08-05T18:00:00+08:00
2026-08-07,S06,K05,4,0,Z2,0.0000000000,2026-07-28 12:00:00+08:00,9454.0000000000,d21ffaa55b5c91a3e17134edbde357706fb5a2e5076686adb41fdcee5d51d3a9,1,,,,0,3.2666666667,2026-08-05T18:00:00+08:00
2026-08-07,S06,K06,4,0,Z2,0.0000000000,2026-07-28 12:00:00+08:00,9455.0000000000,de26034f1bdf4d8cc22f3b00b0c2c676313748af1ceb8a699e3f03d88deb0161,1,,,,0,3.2666666667,2026-08-05T18:00:00+08:00
2026-08-07,S06,K07,4,0,Z2,0.0000000000,2026-07-28 12:00:00+08:00,9456.0000000000,21168cf7404e58c5633bb22dc7484b3ef6ed92a15af1de49d149728c786a432c,1,,,,0,3.2666666667,2026-08-05T18:00:00+08:00
2026-08-07,S06,K08,4,0,Z2,0.0000000000,2026-07-28 12:00:00+08:00,9457.0000000000,d75bae43672f84cd0c20e4458a70f8ed97ac7e57c10ddd5338fcb9037e88d0b3,1,,,,0,3.2666666667,2026-08-05T18:00:00+08:00
2026-08-07,S07,K01,4,0,Z2,0.0000000000,2026-07-28 12:00:00+08:00,9458.0000000000,181f72ffde76db6f830b2c669694b2a4a2da89bcf3652fd0c57872c252ec294c,1,,,,0,3.2666666667,2026-08-05T18:00:00+08:00
2026-08-07,S07,K02,4,0,Z2,0.0000000000,2026-07-28 12:00:00+08:00,9459.0000000000,93121e8715c966405eecaa99d9c9b44e5b2e1e8165d6d2345723adbd14c13b12,1,,,,0,3.2666666667,2026-08-05T18:00:00+08:00
2026-08-07,S07,K03,4,0,Z2,0.0000000000,2026-07-28 12:00:00+08:00,9460.0000000000,38ebcaa4afaa2568c5758ecbf72e99c1ee46d7d9b80fa9d1b07b90b819b9a3dd,1,,,,0,3.2666666667,2026-08-05T18:00:00+08:00
2026-08-07,S07,K04,4,0,Z2,0.0000000000,2026-07-28 12:00:00+08:00,9461.0000000000,46738c9364b206d3b6d4aac80420c6f9ffefdec9cb0913bb2def8c689a3c8c0e,1,,,,0,3.2666666667,2026-08-05T18:00:00+08:00
2026-08-07,S07,K05,4,0,Z2,0.0000000000,2026-07-28 12:00:00+08:00,9462.0000000000,35af92d912f4f6457889feed268c3424cfb6cc878830a20ed34bf13f3d328e60,1,,,,0,3.2666666667,2026-08-05T18:00:00+08:00
2026-08-07,S07,K06,4,0,Z2,0.0000000000,2026-07-28 12:00:00+08:00,9463.0000000000,0dc29f90a04c58d8e3c531630fcd8f8e10c6c4666b198af8f93a33b9250976cb,1,,,,0,3.2666666667,2026-08-05T18:00:00+08:00
2026-08-07,S07,K07,4,0,Z2,0.0000000000,2026-07-28 12:00:00+08:00,9464.0000000000,fbc36a6261434b65a81f35baa604c5187b248889c336387cbae89d4783470ae7,1,,,,0,3.2666666667,2026-08-05T18:00:00+08:00
2026-08-07,S07,K08,4,0,Z2,0.0000000000,2026-07-28 12:00:00+08:00,9465.0000000000,8e528c9035576555a676a70f82a5cf0d624f2d479ed3a78bd99487f3e04b1ea3,1,,,,0,3.2666666667,2026-08-05T18:00:00+08:00
2026-08-07,S08,K01,4,0,Z2,0.0000000000,2026-07-28 12:00:00+08:00,9466.0000000000,2f3e1af6f846bb75446c3c067b323db42961669a84f58f1d1d0d895866b4b6ea,1,,,,0,3.2666666667,2026-08-05T18:00:00+08:00
2026-08-07,S08,K02,4,0,Z2,0.0000000000,2026-07-28 12:00:00+08:00,9467.0000000000,347ac45249dd57f2b8841d032e8a6515ff26b368d8d3c17f5c76abd6cdef0982,1,,,,0,3.2666666667,2026-08-05T18:00:00+08:00
2026-08-07,S08,K03,4,0,Z2,0.0000000000,2026-07-28 12:00:00+08:00,9468.0000000000,a49fba1e5b7d352914be212daca9fc5535e94742644cb6a7c9c8392611c68910,1,,,,0,3.2666666667,2026-08-05T18:00:00+08:00
2026-08-07,S08,K04,4,0,Z2,0.0000000000,2026-07-28 12:00:00+08:00,9469.0000000000,46eda45faea4a4324987db46d5404a32dfc89c60ebf2ef03a412dc3598324e08,1,,,,0,3.2666666667,2026-08-05T18:00:00+08:00
2026-08-07,S08,K05,4,0,Z2,0.0000000000,2026-07-28 12:00:00+08:00,9470.0000000000,f77336f945ee3396294cd3cb5dd1b74cb8e720991e3f162e5a97d8b1f1158b75,1,,,,0,3.2666666667,2026-08-05T18:00:00+08:00
2026-08-07,S08,K06,4,0,Z2,0.0000000000,2026-07-28 12:00:00+08:00,9471.0000000000,4a46949e6c188e523fac5dea366ffd955f7423b5d16a8d6c28bd7c4b0491d020,1,,,,0,3.2666666667,2026-08-05T18:00:00+08:00
2026-08-07,S08,K07,4,0,Z2,0.0000000000,2026-07-28 12:00:00+08:00,9472.0000000000,2279c0753f38c8b08559c18c929889bb2caed11169fc6706247d4a6e534b18a3,1,,,,0,3.2666666667,2026-08-05T18:00:00+08:00
2026-08-07,S08,K08,4,0,Z2,0.1500000000,2026-07-28 12:00:00+08:00,9473.0000000000,b37ca436c1ed3c1942e25985cbf1685c3ec49abb114bdcc2e00e24ecfb2ef1dd,1,,,,0,3.2666666667,2026-08-05T18:00:00+08:00
2026-08-07,S09,K01,4,0,Z3,0.0000000000,2026-07-28 12:00:00+08:00,9474.0000000000,df62edaa340cead6754e50a43fdcfdb14659d5ceb311c1c94b4bc087e2a0e257,1,,,,0,3.2666666667,2026-08-05T18:00:00+08:00
2026-08-07,S09,K02,4,0,Z3,0.0000000000,2026-07-28 12:00:00+08:00,9475.0000000000,79d2f86c4d45f2d09c34739b42fa8c4d6e09c10abd5dca69f394c876a1086047,1,,,,0,3.2666666667,2026-08-05T18:00:00+08:00
2026-08-07,S09,K03,4,0,Z3,0.0000000000,2026-07-28 12:00:00+08:00,9476.0000000000,f8be160fb80a91d30ce5f72a9b30cce1cc7a7dc4f1161e56ae6a84cd9f4caa7c,1,,,,0,3.2666666667,2026-08-05T18:00:00+08:00
2026-08-07,S09,K04,4,0,Z3,0.0000000000,2026-07-28 12:00:00+08:00,9477.0000000000,1508321a5569d6be7a6b68cf97bb7e0a3df87814bcaee31e7f812b2b4af0a6a6,1,,,,0,3.2666666667,2026-08-05T18:00:00+08:00
2026-08-07,S09,K05,4,0,Z3,0.0000000000,2026-07-28 12:00:00+08:00,9478.0000000000,2c915df4e17b26cac60b9f478fe5c7a93f7e17f45c60e5f5d065bff6ec9ebf63,1,,,,0,3.2666666667,2026-08-05T18:00:00+08:00
2026-08-07,S09,K06,4,0,Z3,0.0000000000,2026-07-28 12:00:00+08:00,9479.0000000000,3895d7e8b477cf4aa81668530de50aca831adaabc2b9506afd1b94ea5b8a9b67,1,,,,0,3.2666666667,2026-08-05T18:00:00+08:00
2026-08-07,S09,K07,4,0,Z3,0.1500000000,2026-07-28 12:00:00+08:00,9480.0000000000,e2b46c948545b450d49fe47d1bf952d5d5496b29b51cc22f08a3e44362911ba0,1,,,,0,3.2666666667,2026-08-05T18:00:00+08:00
2026-08-07,S09,K08,4,0,Z3,0.1500000000,2026-07-28 12:00:00+08:00,9481.0000000000,9f5d0a20a3f563ae7e80543fc2b5f446e2f3213c60bfe8d3824d811d5cd60d78,1,,,,0,3.2666666667,2026-08-05T18:00:00+08:00
2026-08-07,S10,K01,4,0,Z3,0.0000000000,2026-07-28 12:00:00+08:00,9482.0000000000,a0d81bce6dddcd29ee65caf44f769046e4087708d090ee16c9f53755234d261f,1,,,,0,3.2666666667,2026-08-05T18:00:00+08:00
2026-08-07,S10,K02,4,0,Z3,0.0000000000,2026-07-28 12:00:00+08:00,9483.0000000000,a728c8523a2e9e99072d2aa3ef7c4d958f5022631fb98b3f21bc7a8a2cc4996f,1,,,,0,3.2666666667,2026-08-05T18:00:00+08:00
2026-08-07,S10,K03,4,0,Z3,0.0000000000,2026-07-28 12:00:00+08:00,9484.0000000000,7d9bc950a87ba8cc94a8ab6fdd193dcda2e9107ee09cd005ea3a7ce56ef7b3b0,1,,,,0,3.2666666667,2026-08-05T18:00:00+08:00
2026-08-07,S10,K04,4,0,Z3,0.0000000000,2026-07-28 12:00:00+08:00,9485.0000000000,414c7f62a6dcf9304f0bc2fcaaeb9795e87f945e4fb29dbc8f8b2f470d006760,1,,,,0,3.2666666667,2026-08-05T18:00:00+08:00
2026-08-07,S10,K05,4,0,Z3,0.1500000000,2026-07-28 12:00:00+08:00,9486.0000000000,39783b2ed65253a43f390c05b50d60d227b11e80aeebb7d7f741ba4cc91b00a3,1,,,,0,3.2666666667,2026-08-05T18:00:00+08:00
2026-08-07,S10,K06,4,0,Z3,0.1500000000,2026-07-28 12:00:00+08:00,9487.0000000000,d2b05aaaf9e1ea87d0e1ea5af5cacab249ea9dcfff401b363d1895711ee9208b,1,,,,0,3.2666666667,2026-08-05T18:00:00+08:00
2026-08-07,S10,K07,4,0,Z3,0.0000000000,2026-07-28 12:00:00+08:00,9488.0000000000,b522bcf406d3a64c4e9e138778e1b71007cefe71f0b8dddf1f91e5d75ee74880,1,,,,0,3.2666666667,2026-08-05T18:00:00+08:00
2026-08-07,S10,K08,4,0,Z3,0.0000000000,2026-07-28 12:00:00+08:00,9489.0000000000,e963481775d0006496941183b3d5786efaefc81d92493634b95f7325069054bd,1,,,,0,3.2666666667,2026-08-05T18:00:00+08:00
2026-08-07,S11,K01,4,0,Z3,0.0000000000,2026-07-28 12:00:00+08:00,9490.0000000000,12f863f22872d6077c325b341e5c8193dddc46913e4e970b568dd72d8dab99cd,1,,,,0,3.2666666667,2026-08-05T18:00:00+08:00
2026-08-07,S11,K02,4,0,Z3,0.0000000000,2026-07-28 12:00:00+08:00,9491.0000000000,9bb577e4facec6bd858c2d20a2b025561fa8fc7966aefa219cce7c1338051343,1,,,,0,3.2666666667,2026-08-05T18:00:00+08:00
2026-08-07,S11,K03,4,0,Z3,0.0000000000,2026-07-28 12:00:00+08:00,9492.0000000000,f4c8e2afa124d935ba4d0a0ba6eac3523b6b6c627e10b19df1ac74b63a4a57ef,1,,,,0,3.2666666667,2026-08-05T18:00:00+08:00
2026-08-07,S11,K04,4,0,Z3,0.1500000000,2026-07-28 12:00:00+08:00,9493.0000000000,f6aefd37cedac3fcadde59d1f3e438dfa09c56573c6a616465b029a1ce5d924e,1,,,,0,3.2666666667,2026-08-05T18:00:00+08:00
2026-08-07,S11,K05,4,0,Z3,0.1500000000,2026-07-28 12:00:00+08:00,9494.0000000000,b15ca2306585912e1f1e77af348a006d75eeb49fe1acf129fea67ea4ade9d447,1,,,,0,3.2666666667,2026-08-05T18:00:00+08:00
2026-08-07,S11,K06,4,0,Z3,0.0000000000,2026-07-28 12:00:00+08:00,9495.0000000000,219f583d509f741801f668376156435523b62dadc03af666d2d2e6fb40d0f7b4,1,,,,0,3.2666666667,2026-08-05T18:00:00+08:00
2026-08-07,S11,K07,4,0,Z3,0.0000000000,2026-07-28 12:00:00+08:00,9496.0000000000,1a46cafc91d18d1c4643283ed65b5dfe4f67d012dd510017db37951289bdd2cb,1,,,,0,3.2666666667,2026-08-05T18:00:00+08:00
2026-08-07,S11,K08,4,0,Z3,0.0000000000,2026-07-28 12:00:00+08:00,9497.0000000000,848d8ac3ca048a887ddc2fd87ec63ea94b823486e72082803c44c3eea685436f,1,,,,0,3.2666666667,2026-08-05T18:00:00+08:00
2026-08-07,S12,K01,4,0,Z3,0.0000000000,2026-07-28 12:00:00+08:00,9498.0000000000,816ac175e06c64f5bbb73454ad85d6e5810bd506566327f94f195a81f3782a83,1,,,,0,3.2666666667,2026-08-05T18:00:00+08:00
2026-08-07,S12,K02,4,0,Z3,0.1500000000,2026-07-28 12:00:00+08:00,9499.0000000000,3c594ebd36b79606a02eed1611babbe70e7943b8b75099b96afc41254b4ad41a,1,,,,0,3.2666666667,2026-08-05T18:00:00+08:00
2026-08-07,S12,K03,4,0,Z3,0.1500000000,2026-07-28 12:00:00+08:00,9500.0000000000,0a14b95c5e2ca98db8f31b0ef2a5bd35f270869b3bec30f8edb07cd54c63cb94,1,,,,0,3.2666666667,2026-08-05T18:00:00+08:00
2026-08-07,S12,K04,4,0,Z3,0.0000000000,2026-07-28 12:00:00+08:00,9501.0000000000,ef4a1234fb2feab99cdffc062687109e5cf5c1d3450456a43cabfac0636d99ba,1,,,,0,3.2666666667,2026-08-05T18:00:00+08:00
2026-08-07,S12,K05,4,0,Z3,0.0000000000,2026-07-28 12:00:00+08:00,9502.0000000000,3b1ec3ed44a28677b7f9e463bf0f09729cc517dbd5749e237bc7b902d41a6053,1,,,,0,3.2666666667,2026-08-05T18:00:00+08:00
2026-08-07,S12,K06,4,0,Z3,0.0000000000,2026-07-28 12:00:00+08:00,9503.0000000000,6d6a6c2ccdf7d0427b14cef9c359fceea40bd0d400400c3f65d3143fbb427982,1,,,,0,3.2666666667,2026-08-05T18:00:00+08:00
2026-08-07,S12,K07,4,0,Z3,0.0000000000,2026-07-28 12:00:00+08:00,9504.0000000000,82271d3c9bc5b9ead4ae39841d04cfa6e69799e06e5163bc800ce6aadca6d3a2,1,,,,0,3.2666666667,2026-08-05T18:00:00+08:00
2026-08-07,S12,K08,4,0,Z3,0.0000000000,2026-07-28 12:00:00+08:00,9505.0000000000,3ced7e1db7bf962fbc2580bc057506335689ea40716617500b0ed3653e7ef4cf,1,,,,0,3.2666666667,2026-08-05T18:00:00+08:00
2026-08-08,S01,K01,5,0,Z1,0.0000000000,2026-07-29 12:00:00+08:00,9506.0000000000,a5eee4221d889f386452ea092fb0640571f68f456a101ad871848d194db07499,1,,,,0,3.3000000000,2026-08-05T18:00:00+08:00
2026-08-08,S01,K02,5,0,Z1,0.0000000000,2026-07-29 12:00:00+08:00,9507.0000000000,4846ea53d9b2ca2b902a3412e0780ce93903d478473189ef9d875dd28d2b0814,1,,,,0,3.3000000000,2026-08-05T18:00:00+08:00
2026-08-08,S01,K03,5,0,Z1,0.0000000000,2026-07-29 12:00:00+08:00,9508.0000000000,688c86dedecd74727321d10e997de2657cc9dfabaedbdcdedeacbce84ace9a05,1,,,,0,3.3000000000,2026-08-05T18:00:00+08:00
2026-08-08,S01,K04,5,0,Z1,0.0000000000,2026-07-29 12:00:00+08:00,9509.0000000000,6fc5f44a35e294ab3b6fbef09a4840e5f3f9058c2d455d6ca8ac577f816eb6c1,1,,,,0,3.3000000000,2026-08-05T18:00:00+08:00
2026-08-08,S01,K05,5,0,Z1,0.0000000000,2026-07-29 12:00:00+08:00,9510.0000000000,086b7580535cf44bf387cf369f91cd9601937d2578e02fab3e8ac8d83074af8a,1,,,,0,3.3000000000,2026-08-05T18:00:00+08:00
2026-08-08,S01,K06,5,0,Z1,0.0000000000,2026-07-29 12:00:00+08:00,9511.0000000000,d5f5685014dbbe4b0ad0bc8d40e619c0c24f3c3352b40ef467c7b4b2eea895d0,1,,,,0,3.3000000000,2026-08-05T18:00:00+08:00
2026-08-08,S01,K07,5,0,Z1,0.1500000000,2026-07-29 12:00:00+08:00,9512.0000000000,e20e06f9c93585c07f4a0c4560cb25567a6bd106b933307ac7dded6017149a12,1,,,,0,3.3000000000,2026-08-05T18:00:00+08:00
2026-08-08,S01,K08,5,0,Z1,0.1500000000,2026-07-29 12:00:00+08:00,9513.0000000000,58a05e4439a01ad48e60576678de405d10fbf62139e2c5a7a5739d2d38363685,1,,,,0,3.3000000000,2026-08-05T18:00:00+08:00
2026-08-08,S02,K01,5,0,Z1,0.0000000000,2026-07-29 12:00:00+08:00,9514.0000000000,c0c9addbeecb560ac8a2e8606b8a51a49d066161304f8368074b2bc9927b0905,1,,,,0,3.3000000000,2026-08-05T18:00:00+08:00
2026-08-08,S02,K02,5,0,Z1,0.0000000000,2026-07-29 12:00:00+08:00,9515.0000000000,c4cd276202f5196f2127a9cdacf59e5da87b952ea5b7a3b24f28ae8f86ee2aa1,1,,,,0,3.3000000000,2026-08-05T18:00:00+08:00
2026-08-08,S02,K03,5,0,Z1,0.0000000000,2026-07-29 12:00:00+08:00,9516.0000000000,ed1beac5d72304ee322cd5e893c9fc65c266572814db7fc79fab788c03bb597e,1,,,,0,3.3000000000,2026-08-05T18:00:00+08:00
2026-08-08,S02,K04,5,0,Z1,0.0000000000,2026-07-29 12:00:00+08:00,9517.0000000000,3b150ec2d1c5710fbd2cdb371d0723a2eb85fbc66e1cb0a2382e3e9a0d76a1ec,1,,,,0,3.3000000000,2026-08-05T18:00:00+08:00
2026-08-08,S02,K05,5,0,Z1,0.1500000000,2026-07-29 12:00:00+08:00,9518.0000000000,66c1df2039682bc564cfd04ba939222b58df00774d799b6dc22bbef30559b3b4,1,,,,0,3.3000000000,2026-08-05T18:00:00+08:00
2026-08-08,S02,K06,5,0,Z1,0.1500000000,2026-07-29 12:00:00+08:00,9519.0000000000,d3727da55b15439f156fc2300cee1879debc722f0da93a1519e4368753eeb2f7,1,,,,0,3.3000000000,2026-08-05T18:00:00+08:00
2026-08-08,S02,K07,5,0,Z1,0.0000000000,2026-07-29 12:00:00+08:00,9520.0000000000,c7066ad3e30074394cdc316b7926d6e47706313bc838290cab2361f73b46c94c,1,,,,0,3.3000000000,2026-08-05T18:00:00+08:00
2026-08-08,S02,K08,5,0,Z1,0.0000000000,2026-07-29 12:00:00+08:00,9521.0000000000,b336243c06603b77bbddcbba1ebd838eba4f2c99f62cae6cd2f5f11c5ca255fd,1,,,,0,3.3000000000,2026-08-05T18:00:00+08:00
2026-08-08,S03,K01,5,0,Z1,0.0000000000,2026-07-29 12:00:00+08:00,9522.0000000000,5a8285107b7096c72e0024aa101e3e90355b6ea12b81b0a5785679921c02029b,1,,,,0,3.3000000000,2026-08-05T18:00:00+08:00
2026-08-08,S03,K02,5,0,Z1,0.0000000000,2026-07-29 12:00:00+08:00,9523.0000000000,50b162b23cf2f0843655dd84d66d4401caacb6c7fe23ca2d5cf282a8ca46f4f2,1,,,,0,3.3000000000,2026-08-05T18:00:00+08:00
2026-08-08,S03,K03,5,0,Z1,0.0000000000,2026-07-29 12:00:00+08:00,9524.0000000000,84ca14a8698a4e9c911c215c735ef2760f0f141bdd1843f2be6088682647f074,1,,,,0,3.3000000000,2026-08-05T18:00:00+08:00
2026-08-08,S03,K04,5,0,Z1,0.1500000000,2026-07-29 12:00:00+08:00,9525.0000000000,8949e57a7d9575b527bdfbb5ea5b0339ef1aa7a7d445523a23364f45439f3375,1,,,,0,3.3000000000,2026-08-05T18:00:00+08:00
2026-08-08,S03,K05,5,0,Z1,0.1500000000,2026-07-29 12:00:00+08:00,9526.0000000000,40b221776d629cefeb10e5e771572adc6145374a1d1d28e95ae39e28edf4c6e3,1,,,,0,3.3000000000,2026-08-05T18:00:00+08:00
2026-08-08,S03,K06,5,0,Z1,0.0000000000,2026-07-29 12:00:00+08:00,9527.0000000000,f90e2dca3c266fe2d9278546979165b358c94bf3b9160ab86bcb9fece657eca0,1,,,,0,3.3000000000,2026-08-05T18:00:00+08:00
2026-08-08,S03,K07,5,0,Z1,0.0000000000,2026-07-29 12:00:00+08:00,9528.0000000000,0ec629d11243cad5bfe8a1adb808f909dd371692d8e091d562070f9134bc0306,1,,,,0,3.3000000000,2026-08-05T18:00:00+08:00
2026-08-08,S03,K08,5,0,Z1,0.0000000000,2026-07-29 12:00:00+08:00,9529.0000000000,e3c529e87510eb4df2be6ada345f7478296b315ec86a9f087a4ffc9eea9d5969,1,,,,0,3.3000000000,2026-08-05T18:00:00+08:00
2026-08-08,S04,K01,5,0,Z1,0.0000000000,2026-07-29 12:00:00+08:00,9530.0000000000,39f73609476caa7e006af007776990694eb9dd8f67791cf9fafe03bc5791d552,1,,,,0,3.3000000000,2026-08-05T18:00:00+08:00
2026-08-08,S04,K02,5,0,Z1,0.1500000000,2026-07-29 12:00:00+08:00,9531.0000000000,96c0b4ce7905a06bdf10f71ff131a42007adfa98375074931524293d5ecc3873,1,,,,0,3.3000000000,2026-08-05T18:00:00+08:00
2026-08-08,S04,K03,5,0,Z1,0.1500000000,2026-07-29 12:00:00+08:00,9532.0000000000,34eb4c56f77fae3139ca7729295dbf767161913ea9843a8380c412a439eb9c74,1,,,,0,3.3000000000,2026-08-05T18:00:00+08:00
2026-08-08,S04,K04,5,0,Z1,0.0000000000,2026-07-29 12:00:00+08:00,9533.0000000000,c758b5f4397b7cc65a6ed4f06c4d0184344b12b6e6396d38b55cc1f6d6cca11d,1,,,,0,3.3000000000,2026-08-05T18:00:00+08:00
2026-08-08,S04,K05,5,0,Z1,0.0000000000,2026-07-29 12:00:00+08:00,9534.0000000000,f0c0ec01066e7b6391934f335ff38ced000042cae3ad10bc21e298d5d449384e,1,,,,0,3.3000000000,2026-08-05T18:00:00+08:00
2026-08-08,S04,K06,5,0,Z1,0.0000000000,2026-07-29 12:00:00+08:00,9535.0000000000,7ba81dcaa34b21c216db5fdb541d138d150e0039721d808c9ae05bd66d5e298b,1,,,,0,3.3000000000,2026-08-05T18:00:00+08:00
2026-08-08,S04,K07,5,0,Z1,0.0000000000,2026-07-29 12:00:00+08:00,9536.0000000000,564c790ec924acd42185db37cb49c20ac32885a338b02f9b6385fceb53acb34c,1,,,,0,3.3000000000,2026-08-05T18:00:00+08:00
2026-08-08,S04,K08,5,0,Z1,0.0000000000,2026-07-29 12:00:00+08:00,9537.0000000000,a2747ba6db94ec79d9d9ddfa79142b1ad4c8174daf71d7eea52c7c04990a8d9e,1,,,,0,3.3000000000,2026-08-05T18:00:00+08:00
2026-08-08,S05,K01,5,0,Z2,0.1500000000,2026-07-29 12:00:00+08:00,9538.0000000000,f61ec669c00c484be0956481d48379db0caabb2b668d0bcf402a3f0af8524ae5,1,,,,0,3.3000000000,2026-08-05T18:00:00+08:00
2026-08-08,S05,K02,5,0,Z2,0.1500000000,2026-07-29 12:00:00+08:00,9539.0000000000,ef8582c4e7115a04be57fadfa044757dfb6c07f15ad56e4f03153fea3c439ad3,1,,,,0,3.3000000000,2026-08-05T18:00:00+08:00
2026-08-08,S05,K03,5,0,Z2,0.0000000000,2026-07-29 12:00:00+08:00,9540.0000000000,032391f8348483dd0850d5a8e3eeb044ece1ea0e1d0320c76f33fc859d57a812,1,,,,0,3.3000000000,2026-08-05T18:00:00+08:00
2026-08-08,S05,K04,5,0,Z2,0.0000000000,2026-07-29 12:00:00+08:00,9541.0000000000,14486ff3a6be817626818844ffc93a4a39d7aaf9ca08a131c79d3797f08ad2e8,1,,,,0,3.3000000000,2026-08-05T18:00:00+08:00
2026-08-08,S05,K05,5,0,Z2,0.0000000000,2026-07-29 12:00:00+08:00,9542.0000000000,c876fc0ed89727d5f7844265055b9077f468a3d2a45e250b9ab717ae57fb2074,1,,,,0,3.3000000000,2026-08-05T18:00:00+08:00
2026-08-08,S05,K06,5,0,Z2,0.0000000000,2026-07-29 12:00:00+08:00,9543.0000000000,ee5cea5ad7035a4e04362d28505d02da0d7285f2a216c129a6dfa38520f48bdf,1,,,,0,3.3000000000,2026-08-05T18:00:00+08:00
2026-08-08,S05,K07,5,0,Z2,0.0000000000,2026-07-29 12:00:00+08:00,9544.0000000000,628286162b7be064690a540f19a42facb7fb60b1b124bf41e5e1c72ead00e6a7,1,,,,0,3.3000000000,2026-08-05T18:00:00+08:00
2026-08-08,S05,K08,5,0,Z2,0.0000000000,2026-07-29 12:00:00+08:00,9545.0000000000,27872916e90c7477988e07a1dd48080e57cffa2aad52753244704485fe95c76f,1,,,,0,3.3000000000,2026-08-05T18:00:00+08:00
2026-08-08,S06,K01,5,0,Z2,0.0000000000,2026-07-29 12:00:00+08:00,9546.0000000000,916a750883c3814ca6deb4e4b5fb7cf2792cf49f96eb7f8147a294dd03b7fe88,1,,,,0,3.3000000000,2026-08-05T18:00:00+08:00
2026-08-08,S06,K02,5,0,Z2,0.0000000000,2026-07-29 12:00:00+08:00,9547.0000000000,f6ecf97845f44b8da89b09ccafd5d44aee9a97a42b76b661e93c2180419b09ec,1,,,,0,3.3000000000,2026-08-05T18:00:00+08:00
2026-08-08,S06,K03,5,0,Z2,0.0000000000,2026-07-29 12:00:00+08:00,9548.0000000000,ba7b1c17d6d6b0a88112ef692dc9e53ee387f32bbf8e8338028d33a848c94f7c,1,,,,0,3.3000000000,2026-08-05T18:00:00+08:00
2026-08-08,S06,K04,5,0,Z2,0.0000000000,2026-07-29 12:00:00+08:00,9549.0000000000,8828fd7b70af40a459919807efeeff285148dcaf9904634d9bfe7e6b1671ba21,1,,,,0,3.3000000000,2026-08-05T18:00:00+08:00
2026-08-08,S06,K05,5,0,Z2,0.0000000000,2026-07-29 12:00:00+08:00,9550.0000000000,4de14ad43caa01697d7b9e0a719022e868adbb3465d6fa1f468c241037bbf015,1,,,,0,3.3000000000,2026-08-05T18:00:00+08:00
2026-08-08,S06,K06,5,0,Z2,0.0000000000,2026-07-29 12:00:00+08:00,9551.0000000000,fe676ab83f5fa1d3672907f7a050d69729c72b2382a286f887d453d36d710cf6,1,,,,0,3.3000000000,2026-08-05T18:00:00+08:00
2026-08-08,S06,K07,5,0,Z2,0.0000000000,2026-07-29 12:00:00+08:00,9552.0000000000,84838ae8a3c5626a149d59ec1ed4258ac1e8c3d9958b00a4f7f72160f3676547,1,,,,0,3.3000000000,2026-08-05T18:00:00+08:00
2026-08-08,S06,K08,5,0,Z2,0.0000000000,2026-07-29 12:00:00+08:00,9553.0000000000,c2dc35faba6c67bd7e26f795cb1ffa78834b94fe8d6a0696d2e661d5dd325df7,1,,,,0,3.3000000000,2026-08-05T18:00:00+08:00
2026-08-08,S07,K01,5,0,Z2,0.0000000000,2026-07-29 12:00:00+08:00,9554.0000000000,05db14176fe7c7dd01a0911c35229de6d7a3f6e276ceaabe0c553dc853190bcf,1,,,,0,3.3000000000,2026-08-05T18:00:00+08:00
2026-08-08,S07,K02,5,0,Z2,0.0000000000,2026-07-29 12:00:00+08:00,9555.0000000000,8f19e05d91ce25613b1110faf73aa973f04d537b86f17e3c1c58837c9e5c4add,1,,,,0,3.3000000000,2026-08-05T18:00:00+08:00
2026-08-08,S07,K03,5,0,Z2,0.0000000000,2026-07-29 12:00:00+08:00,9556.0000000000,1a7cb96bee95a2a7e132cc335bf3f0fc22326a5544769f9b4362b15c74d4046b,1,,,,0,3.3000000000,2026-08-05T18:00:00+08:00
2026-08-08,S07,K04,5,0,Z2,0.0000000000,2026-07-29 12:00:00+08:00,9557.0000000000,550883451389e620205552aeb5cecaa878b769eb8ad7425dc1c360e38ff3a8ad,1,,,,0,3.3000000000,2026-08-05T18:00:00+08:00
2026-08-08,S07,K05,5,0,Z2,0.0000000000,2026-07-29 12:00:00+08:00,9558.0000000000,bbce325f0307fe32e696f841512c8e13f0a961538672fd2c140c0fb027cb8d42,1,,,,0,3.3000000000,2026-08-05T18:00:00+08:00
2026-08-08,S07,K06,5,0,Z2,0.0000000000,2026-07-29 12:00:00+08:00,9559.0000000000,edcc66aec64fe377e9633417b9508ae5fb4271d3a30e78f6d7edd05cdca8f66e,1,,,,0,3.3000000000,2026-08-05T18:00:00+08:00
2026-08-08,S07,K07,5,0,Z2,0.0000000000,2026-07-29 12:00:00+08:00,9560.0000000000,5e18f7a413d7193a60aa99fef3debf69caee1b0f5a17d6f5a989255923e781c9,1,,,,0,3.3000000000,2026-08-05T18:00:00+08:00
2026-08-08,S07,K08,5,0,Z2,0.0000000000,2026-07-29 12:00:00+08:00,9561.0000000000,1d52765c6b17e5d6c022d44ae9ec64b2c897bed74935c46b91c56b8eb2a92358,1,,,,0,3.3000000000,2026-08-05T18:00:00+08:00
2026-08-08,S08,K01,5,0,Z2,0.0000000000,2026-07-29 12:00:00+08:00,9562.0000000000,3b17ae885e5804a4bc05ce039cd39a7d84e03ecd17c423f40973711e01a1205e,1,,,,0,3.3000000000,2026-08-05T18:00:00+08:00
2026-08-08,S08,K02,5,0,Z2,0.0000000000,2026-07-29 12:00:00+08:00,9563.0000000000,6a9b9d65f00ae485c31c7ec055ee263a6731c7181c4fc1bd33e13df91473e812,1,,,,0,3.3000000000,2026-08-05T18:00:00+08:00
2026-08-08,S08,K03,5,0,Z2,0.0000000000,2026-07-29 12:00:00+08:00,9564.0000000000,02a9b674618d2e885d2e5bdd8c81cb1e3f41a382b1dfb65f27547e6e83c8bf8f,1,,,,0,3.3000000000,2026-08-05T18:00:00+08:00
2026-08-08,S08,K04,5,0,Z2,0.0000000000,2026-07-29 12:00:00+08:00,9565.0000000000,429550985134517786e0c95ec2432748ebeaf04fc9b706e586b6b6559c9e4f95,1,,,,0,3.3000000000,2026-08-05T18:00:00+08:00
2026-08-08,S08,K05,5,0,Z2,0.0000000000,2026-07-29 12:00:00+08:00,9566.0000000000,6ef6c34c4c76e9d5812101e909eea31cbc1c4f604b09ee214dba23a73d56a603,1,,,,0,3.3000000000,2026-08-05T18:00:00+08:00
2026-08-08,S08,K06,5,0,Z2,0.0000000000,2026-07-29 12:00:00+08:00,9567.0000000000,2699db7fa744d9e2321b4ebc4762c6e7d54229d070d2fd39bd6975c60f297c8d,1,,,,0,3.3000000000,2026-08-05T18:00:00+08:00
2026-08-08,S08,K07,5,0,Z2,0.0000000000,2026-07-29 12:00:00+08:00,9568.0000000000,a497d660c583dc525351bb9b4cec1976f95eeb3a9ad4337a729c117029eb33e1,1,,,,0,3.3000000000,2026-08-05T18:00:00+08:00
2026-08-08,S08,K08,5,0,Z2,0.1500000000,2026-07-29 12:00:00+08:00,9569.0000000000,d041d1c47c609b499e13186d3c3626fa243dc1f823b8b87d89c1ed0f64ed6877,1,,,,0,3.3000000000,2026-08-05T18:00:00+08:00
2026-08-08,S09,K01,5,0,Z3,0.0000000000,2026-07-29 12:00:00+08:00,9570.0000000000,8523fef5887541f1debf28e3aabba61cc4cde2344f9ac470185ca0ec168b6a23,1,,,,0,3.3000000000,2026-08-05T18:00:00+08:00
2026-08-08,S09,K02,5,0,Z3,0.0000000000,2026-07-29 12:00:00+08:00,9571.0000000000,c0c17b8f5b99be4d31899bcf3afb7c0c1fe21c39cf4de598c6f3937677b581d2,1,,,,0,3.3000000000,2026-08-05T18:00:00+08:00
2026-08-08,S09,K03,5,0,Z3,0.0000000000,2026-07-29 12:00:00+08:00,9572.0000000000,a16a6aa81ed344485e60d0acfebb4dc796af8abe2fdf0c55e3d468da09ff2773,1,,,,0,3.3000000000,2026-08-05T18:00:00+08:00
2026-08-08,S09,K04,5,0,Z3,0.0000000000,2026-07-29 12:00:00+08:00,9573.0000000000,45ddc2f61b8406531124d287886d3f007dbcbe961d7dd7c9e5d144fa3b4d0541,1,,,,0,3.3000000000,2026-08-05T18:00:00+08:00
2026-08-08,S09,K05,5,0,Z3,0.0000000000,2026-07-29 12:00:00+08:00,9574.0000000000,e612ddef50956cddda5280a796a0e060a4a83611add1f871afadc6569a61944f,1,,,,0,3.3000000000,2026-08-05T18:00:00+08:00
2026-08-08,S09,K06,5,0,Z3,0.1500000000,2026-07-29 12:00:00+08:00,9575.0000000000,c8b7e42f3704ed2a4be683a996da5426b62b4a56f8e2b06cc3c2036c03a1140a,1,,,,0,3.3000000000,2026-08-05T18:00:00+08:00
2026-08-08,S09,K07,5,0,Z3,0.1500000000,2026-07-29 12:00:00+08:00,9576.0000000000,d65fb6174c0fdce0973d6662b79a725750e29e1fb31ffa97f59636efe49bb1a9,1,,,,0,3.3000000000,2026-08-05T18:00:00+08:00
2026-08-08,S09,K08,5,0,Z3,0.0000000000,2026-07-29 12:00:00+08:00,9577.0000000000,8c6d673ed2c0964d60a9ddf300ba213359835edd6cf8d773e48aa257a4cb1f00,1,,,,0,3.3000000000,2026-08-05T18:00:00+08:00
2026-08-08,S10,K01,5,0,Z3,0.0000000000,2026-07-29 12:00:00+08:00,9578.0000000000,1714d3387a269e79f4aebdf7065b984b575abc37935ea61a978fd24bc27570bf,1,,,,0,3.3000000000,2026-08-05T18:00:00+08:00
2026-08-08,S10,K02,5,0,Z3,0.0000000000,2026-07-29 12:00:00+08:00,9579.0000000000,3d9b094d42b5f5deba3c401084ce61dde59971cf66d18f066671f385acb6e392,1,,,,0,3.3000000000,2026-08-05T18:00:00+08:00
2026-08-08,S10,K03,5,0,Z3,0.0000000000,2026-07-29 12:00:00+08:00,9580.0000000000,7f6ced5e32ddf26489f4281a1dc4fb526534a3bb8b0383ef0debdc2e1dc1c64e,1,,,,0,3.3000000000,2026-08-05T18:00:00+08:00
2026-08-08,S10,K04,5,0,Z3,0.0000000000,2026-07-29 12:00:00+08:00,9581.0000000000,873216b0689861c2803c9ecce68a500b0e51b5e3a94a2b634cc044b7ac665ba0,1,,,,0,3.3000000000,2026-08-05T18:00:00+08:00
2026-08-08,S10,K05,5,0,Z3,0.1500000000,2026-07-29 12:00:00+08:00,9582.0000000000,cbd702b68c0b3dffe7662e93131859a3d33ffdb3d929cded504caeed2ee2ac69,1,,,,0,3.3000000000,2026-08-05T18:00:00+08:00
2026-08-08,S10,K06,5,0,Z3,0.1500000000,2026-07-29 12:00:00+08:00,9583.0000000000,020aacc9dfb1e9864b67642c3bc9a8966fc8121f66b911c018cdd9d5012f207b,1,,,,0,3.3000000000,2026-08-05T18:00:00+08:00
2026-08-08,S10,K07,5,0,Z3,0.0000000000,2026-07-29 12:00:00+08:00,9584.0000000000,7e7f0d119d1ea313b0d2c98af36f912eee0a454f725afd6ee90417da69e89c22,1,,,,0,3.3000000000,2026-08-05T18:00:00+08:00
2026-08-08,S10,K08,5,0,Z3,0.0000000000,2026-07-29 12:00:00+08:00,9585.0000000000,221df934e0e3b9f9b8f33073cce58fad394d6747ed4fa986cc2e68bd030f779a,1,,,,0,3.3000000000,2026-08-05T18:00:00+08:00
2026-08-08,S11,K01,5,0,Z3,0.0000000000,2026-07-29 12:00:00+08:00,9586.0000000000,788c1a5a216999aa5823308b16e91b284eb2a7caaa3935d660de5d1cc0b2095c,1,,,,0,3.3000000000,2026-08-05T18:00:00+08:00
2026-08-08,S11,K02,5,0,Z3,0.0000000000,2026-07-29 12:00:00+08:00,9587.0000000000,936ce272c8d7566050cb8a3ce3551dc056d13c9d1655bb79e9c30e68efd13264,1,,,,0,3.3000000000,2026-08-05T18:00:00+08:00
2026-08-08,S11,K03,5,0,Z3,0.1500000000,2026-07-29 12:00:00+08:00,9588.0000000000,3fc3bc89db0910127b8db5872e8953c82e0dcf4dffc20e61f59b56f42fc30e7b,1,,,,0,3.3000000000,2026-08-05T18:00:00+08:00
2026-08-08,S11,K04,5,0,Z3,0.1500000000,2026-07-29 12:00:00+08:00,9589.0000000000,5686611ba7bf94977431be4c06c85a2a7a7fcf71bd9b58b416fd6976ade7f4d4,1,,,,0,3.3000000000,2026-08-05T18:00:00+08:00
2026-08-08,S11,K05,5,0,Z3,0.0000000000,2026-07-29 12:00:00+08:00,9590.0000000000,a0e6377febdfb6241e1a2aa135922af18653c6046c515025f6a1a0a6c6b520ab,1,,,,0,3.3000000000,2026-08-05T18:00:00+08:00
2026-08-08,S11,K06,5,0,Z3,0.0000000000,2026-07-29 12:00:00+08:00,9591.0000000000,56ffccc992f439bf9215ac4da060faf6ede7b3bd4ed7301f8c9459b96046ee31,1,,,,0,3.3000000000,2026-08-05T18:00:00+08:00
2026-08-08,S11,K07,5,0,Z3,0.0000000000,2026-07-29 12:00:00+08:00,9592.0000000000,9c373674a1bf09328afacdcf346a2b2f49be99ac96da7d204d62e8fa222186bc,1,,,,0,3.3000000000,2026-08-05T18:00:00+08:00
2026-08-08,S11,K08,5,0,Z3,0.0000000000,2026-07-29 12:00:00+08:00,9593.0000000000,2c7babd4f29c203eb99e3e8f79ccb8d4234ac618572694a201df50bcd0aea591,1,,,,0,3.3000000000,2026-08-05T18:00:00+08:00
2026-08-08,S12,K01,5,0,Z3,0.0000000000,2026-07-29 12:00:00+08:00,9594.0000000000,7dc538bd9b65de09414c0ff9ad54155d5ddf00d530888f5a8bbd2046525708ac,1,,,,0,3.3000000000,2026-08-05T18:00:00+08:00
2026-08-08,S12,K02,5,0,Z3,0.1500000000,2026-07-29 12:00:00+08:00,9595.0000000000,c78b8f80293c2da5c3f63c71cda9701f77f39595086fbcccdaa8c9676ed8ee81,1,,,,0,3.3000000000,2026-08-05T18:00:00+08:00
2026-08-08,S12,K03,5,0,Z3,0.1500000000,2026-07-29 12:00:00+08:00,9596.0000000000,4eca16cb22879e923bd31a0e2ae3af6d6def96dacf2e428232883f0e010dc4fa,1,,,,0,3.3000000000,2026-08-05T18:00:00+08:00
2026-08-08,S12,K04,5,0,Z3,0.0000000000,2026-07-29 12:00:00+08:00,9597.0000000000,fcadc0d608d283d60e49aa140e8a43e7193995312ff16a6ae2547ac66482b430,1,,,,0,3.3000000000,2026-08-05T18:00:00+08:00
2026-08-08,S12,K05,5,0,Z3,0.0000000000,2026-07-29 12:00:00+08:00,9598.0000000000,591ebf6572d124da706b7975b02ecf92279a1e85caa26de294038b9d3aa09b69,1,,,,0,3.3000000000,2026-08-05T18:00:00+08:00
2026-08-08,S12,K06,5,0,Z3,0.0000000000,2026-07-29 12:00:00+08:00,9599.0000000000,760e7e10e10f6fc9bc3f5fc24de910f95eceeaf68cdc11be3676dd41a8cbbd85,1,,,,0,3.3000000000,2026-08-05T18:00:00+08:00
2026-08-08,S12,K07,5,0,Z3,0.0000000000,2026-07-29 12:00:00+08:00,9600.0000000000,2a4b2104eb24dbc7b9a0b0fa8080ef0f896a26c71cfc83ad3636c26e85851853,1,,,,0,3.3000000000,2026-08-05T18:00:00+08:00
2026-08-08,S12,K08,5,0,Z3,0.0000000000,2026-07-29 12:00:00+08:00,9601.0000000000,962b18b108954d210c8751a47ee0c7eb1c4573906adfa627730df01dc3de2e3b,1,,,,0,3.3000000000,2026-08-05T18:00:00+08:00
2026-08-09,S01,K01,6,0,Z1,0.0000000000,2026-07-30 12:00:00+08:00,9602.0000000000,a86ec59466650a4618b8c8dae1c3f07d78057d0569c2de2557a0994b3c8a0a79,1,,,,0,3.3333333333,2026-08-05T18:00:00+08:00
2026-08-09,S01,K02,6,0,Z1,0.0000000000,2026-07-30 12:00:00+08:00,9603.0000000000,bca9585e3e89423d7e593bdeb603817e23a7ff4c5dffe594eb0ce46ccc59e2e4,1,,,,0,3.3333333333,2026-08-05T18:00:00+08:00
2026-08-09,S01,K03,6,0,Z1,0.0000000000,2026-07-30 12:00:00+08:00,9604.0000000000,8012fdf8eaf74a5f4439249732e6d0d33b043628a95970a499f8949c802d3f71,1,,,,0,3.3333333333,2026-08-05T18:00:00+08:00
2026-08-09,S01,K04,6,0,Z1,0.0000000000,2026-07-30 12:00:00+08:00,9605.0000000000,a0f2abac26f489d4e95d635629685b368b4ae5ff62b3f74ab9ae09c53cbd420b,1,,,,0,3.3333333333,2026-08-05T18:00:00+08:00
2026-08-09,S01,K05,6,0,Z1,0.0000000000,2026-07-30 12:00:00+08:00,9606.0000000000,d5ad2d75322ce1328a95b7e1b4b602c73fbb5a90ca1ff8b3f35ac02773857760,1,,,,0,3.3333333333,2026-08-05T18:00:00+08:00
2026-08-09,S01,K06,6,0,Z1,0.1500000000,2026-07-30 12:00:00+08:00,9607.0000000000,416a03f0023f0a69ca253793e069916e0b527286f70110991b045c74f40195b1,1,,,,0,3.3333333333,2026-08-05T18:00:00+08:00
2026-08-09,S01,K07,6,0,Z1,0.1500000000,2026-07-30 12:00:00+08:00,9608.0000000000,6a14e0deee99d88b78a81684b7e953aec89d3264558e8f48104ad22c243424ac,1,,,,0,3.3333333333,2026-08-05T18:00:00+08:00
2026-08-09,S01,K08,6,0,Z1,0.0000000000,2026-07-30 12:00:00+08:00,9609.0000000000,f6f545b6860e6f45339d3bbd30b0bc31cae6633a97271f9c2470804796631f77,1,,,,0,3.3333333333,2026-08-05T18:00:00+08:00
2026-08-09,S02,K01,6,0,Z1,0.0000000000,2026-07-30 12:00:00+08:00,9610.0000000000,da022677bb6787ac7d50c11e535476b8ecce422e00cac7e611a144a8271f3403,1,,,,0,3.3333333333,2026-08-05T18:00:00+08:00
2026-08-09,S02,K02,6,0,Z1,0.0000000000,2026-07-30 12:00:00+08:00,9611.0000000000,859fb0fc8e5db82bf404a40f8bf1ef87257b976c59a90a8c7c27c70114408c6c,1,,,,0,3.3333333333,2026-08-05T18:00:00+08:00
2026-08-09,S02,K03,6,0,Z1,0.0000000000,2026-07-30 12:00:00+08:00,9612.0000000000,2a6b8de7b66fa0471f7e9738fcd69e6d8b83c1d75d29dc4aca7e40cf3d62085b,1,,,,0,3.3333333333,2026-08-05T18:00:00+08:00
2026-08-09,S02,K04,6,0,Z1,0.0000000000,2026-07-30 12:00:00+08:00,9613.0000000000,e86874036e310b8947f7731c0ffb05c1c31d030c2861f9294f6cb9b6bbfb60b0,1,,,,0,3.3333333333,2026-08-05T18:00:00+08:00
2026-08-09,S02,K05,6,0,Z1,0.1500000000,2026-07-30 12:00:00+08:00,9614.0000000000,8d9f728271e9b7dbfe03e56a414ea3e006374d86ad66ea5df5cd6b6a56d102f7,1,,,,0,3.3333333333,2026-08-05T18:00:00+08:00
2026-08-09,S02,K06,6,0,Z1,0.1500000000,2026-07-30 12:00:00+08:00,9615.0000000000,515655ea52d55cbea2b40422146a7badec15231664a0e3bac4e79e2bfdcf07c4,1,,,,0,3.3333333333,2026-08-05T18:00:00+08:00
2026-08-09,S02,K07,6,0,Z1,0.0000000000,2026-07-30 12:00:00+08:00,9616.0000000000,4397c07a55b8d9107e50aa42ec1f10ad6958be4cd650c25064455486029f0424,1,,,,0,3.3333333333,2026-08-05T18:00:00+08:00
2026-08-09,S02,K08,6,0,Z1,0.0000000000,2026-07-30 12:00:00+08:00,9617.0000000000,e9ecbdd80339ff318e0a61bcad180a5ed2bbd83d0cb4ce4db4ecdbe0f6aeb2fc,1,,,,0,3.3333333333,2026-08-05T18:00:00+08:00
2026-08-09,S03,K01,6,0,Z1,0.0000000000,2026-07-30 12:00:00+08:00,9618.0000000000,f76fad8538379d5ac10225a69afdce652ca8d1b9ec1e3a16d47bdc8434e275a2,1,,,,0,3.3333333333,2026-08-05T18:00:00+08:00
2026-08-09,S03,K02,6,0,Z1,0.0000000000,2026-07-30 12:00:00+08:00,9619.0000000000,26192baabd2ca2d25fa3b94068bb6a3f07e5c3a318d3138acd94acb7bd0bb775,1,,,,0,3.3333333333,2026-08-05T18:00:00+08:00
2026-08-09,S03,K03,6,0,Z1,0.1500000000,2026-07-30 12:00:00+08:00,9620.0000000000,73ee4b0fa9013043c0324676447331daea8432d93265b76a8d3e19f7af220a44,1,,,,0,3.3333333333,2026-08-05T18:00:00+08:00
2026-08-09,S03,K04,6,0,Z1,0.1500000000,2026-07-30 12:00:00+08:00,9621.0000000000,0978c033490df83250c02d8b3fefafb85abb02d6ed8b5d173518d3710e7307bd,1,,,,0,3.3333333333,2026-08-05T18:00:00+08:00
2026-08-09,S03,K05,6,0,Z1,0.0000000000,2026-07-30 12:00:00+08:00,9622.0000000000,8a2fb7ecb9bf75b1aff9fe6f42866ba9c9c881f4b9566e9e256d74ac6a9bd99f,1,,,,0,3.3333333333,2026-08-05T18:00:00+08:00
2026-08-09,S03,K06,6,0,Z1,0.0000000000,2026-07-30 12:00:00+08:00,9623.0000000000,45ba079287ee1afc2fcb9dc07099775e2fe530cf7ea095349f33b395bf7a1a71,1,,,,0,3.3333333333,2026-08-05T18:00:00+08:00
2026-08-09,S03,K07,6,0,Z1,0.0000000000,2026-07-30 12:00:00+08:00,9624.0000000000,b8d4be7f432d03a9dfd3900da74cc80d1f8491fa5b062dc368124538c0f863d2,1,,,,0,3.3333333333,2026-08-05T18:00:00+08:00
2026-08-09,S03,K08,6,0,Z1,0.0000000000,2026-07-30 12:00:00+08:00,9625.0000000000,628bb0fcc34f1725faa2538699648e788418a705bdda4d0f891937dcaf3cb630,1,,,,0,3.3333333333,2026-08-05T18:00:00+08:00
2026-08-09,S04,K01,6,0,Z1,0.0000000000,2026-07-30 12:00:00+08:00,9626.0000000000,8263d730178f91f307d7ec49ecadedd53f30b2e72ae1938ca79065d57e2a0a7b,1,,,,0,3.3333333333,2026-08-05T18:00:00+08:00
2026-08-09,S04,K02,6,0,Z1,0.1500000000,2026-07-30 12:00:00+08:00,9627.0000000000,9098230835902d3e829db5ef59bd661b8ba21a130b297fbf155141210aed0dd0,1,,,,0,3.3333333333,2026-08-05T18:00:00+08:00
2026-08-09,S04,K03,6,0,Z1,0.1500000000,2026-07-30 12:00:00+08:00,9628.0000000000,7898ad89fd58548cc4a8aeb8e3aa326879b7958aa508bb77bbd9f935ca671ba3,1,,,,0,3.3333333333,2026-08-05T18:00:00+08:00
2026-08-09,S04,K04,6,0,Z1,0.0000000000,2026-07-30 12:00:00+08:00,9629.0000000000,bcedf020abab5bd9c9945c372d6e79ad8e5e65d5e207e5761423da4fad7466f3,1,,,,0,3.3333333333,2026-08-05T18:00:00+08:00
2026-08-09,S04,K05,6,0,Z1,0.0000000000,2026-07-30 12:00:00+08:00,9630.0000000000,eeac75e042a6774c4985c60d21e7e51d4dbec5cef473e5052a280704230191c3,1,,,,0,3.3333333333,2026-08-05T18:00:00+08:00
2026-08-09,S04,K06,6,0,Z1,0.0000000000,2026-07-30 12:00:00+08:00,9631.0000000000,354c4af5bc2ab88b5c11333dd119a0c953644bfdcf39945a879dd3f9a7edfd16,1,,,,0,3.3333333333,2026-08-05T18:00:00+08:00
2026-08-09,S04,K07,6,0,Z1,0.0000000000,2026-07-30 12:00:00+08:00,9632.0000000000,de4978bbfc3aa3a794c2d18ea2e5c66af152866b84d298cd940782fab0967efc,1,,,,0,3.3333333333,2026-08-05T18:00:00+08:00
2026-08-09,S04,K08,6,0,Z1,0.0000000000,2026-07-30 12:00:00+08:00,9633.0000000000,8d3fdaf77d5fb24b4872e7c2219956d8724b1758bd103ca2a8d4192359f0dc74,1,,,,0,3.3333333333,2026-08-05T18:00:00+08:00
2026-08-09,S05,K01,6,0,Z2,0.1500000000,2026-07-30 12:00:00+08:00,9634.0000000000,a08e3ad7a9c63a3dafed55c96c5014715aaa307eca214a6429d60579b0ec9c8d,1,,,,0,3.3333333333,2026-08-05T18:00:00+08:00
2026-08-09,S05,K02,6,0,Z2,0.0000000000,2026-07-30 12:00:00+08:00,9635.0000000000,a78ed568c4e466954acaf7fe1833f2da992bdcd55fc2fb65cf2251c068916860,1,,,,0,3.3333333333,2026-08-05T18:00:00+08:00
2026-08-09,S05,K03,6,0,Z2,0.0000000000,2026-07-30 12:00:00+08:00,9636.0000000000,03c0f5acf470eb13cec1b45f39cb289f0b0f7b6b74d38bbcb1bbb5b4068ac984,1,,,,0,3.3333333333,2026-08-05T18:00:00+08:00
2026-08-09,S05,K04,6,0,Z2,0.0000000000,2026-07-30 12:00:00+08:00,9637.0000000000,02080fbc25352221df2cc3972fba72670976d9c3e8ca031cd4cf1a912be95208,1,,,,0,3.3333333333,2026-08-05T18:00:00+08:00
2026-08-09,S05,K05,6,0,Z2,0.0000000000,2026-07-30 12:00:00+08:00,9638.0000000000,5f8bcfc4da550408ccb19702c91e262af9f9e65556d2ba3dd6894a9e4bcc9663,1,,,,0,3.3333333333,2026-08-05T18:00:00+08:00
2026-08-09,S05,K06,6,0,Z2,0.0000000000,2026-07-30 12:00:00+08:00,9639.0000000000,425b167bf4ece00c918654cbfade9cc351a2893ba91093693f96f3f112281de0,1,,,,0,3.3333333333,2026-08-05T18:00:00+08:00
2026-08-09,S05,K07,6,0,Z2,0.0000000000,2026-07-30 12:00:00+08:00,9640.0000000000,80ac65d1c0529b4cf600aad253690ab061457847566e9acd09ac51e8d2f44a85,1,,,,0,3.3333333333,2026-08-05T18:00:00+08:00
2026-08-09,S05,K08,6,0,Z2,0.0000000000,2026-07-30 12:00:00+08:00,9641.0000000000,146ee77711abeabe96e940278e4453c42bd74be1caf991cb37c09f5224444611,1,,,,0,3.3333333333,2026-08-05T18:00:00+08:00
2026-08-09,S06,K01,6,0,Z2,0.0000000000,2026-07-30 12:00:00+08:00,9642.0000000000,936f0a4727048dc4d924710af908681716583687207dd0be3030945099140139,1,,,,0,3.3333333333,2026-08-05T18:00:00+08:00
2026-08-09,S06,K02,6,0,Z2,0.0000000000,2026-07-30 12:00:00+08:00,9643.0000000000,650cba220d1e4ec3ebd3fe17beeaee7bf4f71db19d6776df91ffcd2015979498,1,,,,0,3.3333333333,2026-08-05T18:00:00+08:00
2026-08-09,S06,K03,6,0,Z2,0.0000000000,2026-07-30 12:00:00+08:00,9644.0000000000,391712a51bc1340cfd91b6c4264017a2ca27be381e229c55c63af5f2ca3b4f6e,1,,,,0,3.3333333333,2026-08-05T18:00:00+08:00
2026-08-09,S06,K04,6,0,Z2,0.0000000000,2026-07-30 12:00:00+08:00,9645.0000000000,d69df42501d84e86130520a2341372758b134b090d31199a173aa7ee32920e93,1,,,,0,3.3333333333,2026-08-05T18:00:00+08:00
2026-08-09,S06,K05,6,0,Z2,0.0000000000,2026-07-30 12:00:00+08:00,9646.0000000000,a240c0b8c19466121c68ad63493681cf2b0dc7f28f38d76a56083cbeb783c634,1,,,,0,3.3333333333,2026-08-05T18:00:00+08:00
2026-08-09,S06,K06,6,0,Z2,0.0000000000,2026-07-30 12:00:00+08:00,9647.0000000000,b21024d683e4780b94f96f305b1a49306ca45f05d9b4e5dba4d53782f3d7ba07,1,,,,0,3.3333333333,2026-08-05T18:00:00+08:00
2026-08-09,S06,K07,6,0,Z2,0.0000000000,2026-07-30 12:00:00+08:00,9648.0000000000,d5fa53a2bc58ebbe7527e711e6a5966dbf2d31db1d15e045b0ddfa7c48cfaee3,1,,,,0,3.3333333333,2026-08-05T18:00:00+08:00
2026-08-09,S06,K08,6,0,Z2,0.0000000000,2026-07-30 12:00:00+08:00,9649.0000000000,49425794759bc8e29b1dd652b90c5acc765cb183a157df3bb8ca2ebb4ee5d032,1,,,,0,3.3333333333,2026-08-05T18:00:00+08:00
2026-08-09,S07,K01,6,0,Z2,0.0000000000,2026-07-30 12:00:00+08:00,9650.0000000000,85da8fc711bb8184ced18f684c091f6d9b4a2a6d7304e1cbb41e2664c729a61c,1,,,,0,3.3333333333,2026-08-05T18:00:00+08:00
2026-08-09,S07,K02,6,0,Z2,0.0000000000,2026-07-30 12:00:00+08:00,9651.0000000000,9ddd02f622f7ae0c5ea775867645f3293c6bec29e81c33a156ccff46f46a3835,1,,,,0,3.3333333333,2026-08-05T18:00:00+08:00
2026-08-09,S07,K03,6,0,Z2,0.0000000000,2026-07-30 12:00:00+08:00,9652.0000000000,714a4d0afa7e6d2865822ee89aeeb62a0f4387bde2a955d94edb1e1d2b98088a,1,,,,0,3.3333333333,2026-08-05T18:00:00+08:00
2026-08-09,S07,K04,6,0,Z2,0.0000000000,2026-07-30 12:00:00+08:00,9653.0000000000,cd715e3fe685750fe17035acc4cac580044129b3575677838239f82c8ea6ba33,1,,,,0,3.3333333333,2026-08-05T18:00:00+08:00
2026-08-09,S07,K05,6,0,Z2,0.0000000000,2026-07-30 12:00:00+08:00,9654.0000000000,260e5f99c7e6cc81878c4ac4316d80892eb29c973e268ab628d34bb07de85536,1,,,,0,3.3333333333,2026-08-05T18:00:00+08:00
2026-08-09,S07,K06,6,0,Z2,0.0000000000,2026-07-30 12:00:00+08:00,9655.0000000000,324da1af8daa652e9664ecbd97a5f4be7435af578cb2a03e262c765acc904a77,1,,,,0,3.3333333333,2026-08-05T18:00:00+08:00
2026-08-09,S07,K07,6,0,Z2,0.0000000000,2026-07-30 12:00:00+08:00,9656.0000000000,0dbbafc2fb69f6ca0b1c563d509d7961adb27f6ab877c8fee7f9469feb4a423c,1,,,,0,3.3333333333,2026-08-05T18:00:00+08:00
2026-08-09,S07,K08,6,0,Z2,0.0000000000,2026-07-30 12:00:00+08:00,9657.0000000000,cefc166efc26d394b4112144937516aa582970f6e67cc724db79dfcc77b4d4a0,1,,,,0,3.3333333333,2026-08-05T18:00:00+08:00
2026-08-09,S08,K01,6,0,Z2,0.0000000000,2026-07-30 12:00:00+08:00,9658.0000000000,fb00fb262aa1602597f9f443f1b5748f8ded5a5225aefe8592ac5975077912f3,1,,,,0,3.3333333333,2026-08-05T18:00:00+08:00
2026-08-09,S08,K02,6,0,Z2,0.0000000000,2026-07-30 12:00:00+08:00,9659.0000000000,a5b43e3cb7351838970427c590f321cbf43eeae7e1d77c3403f73ccb83574050,1,,,,0,3.3333333333,2026-08-05T18:00:00+08:00
2026-08-09,S08,K03,6,0,Z2,0.0000000000,2026-07-30 12:00:00+08:00,9660.0000000000,2d81ef7b7c85faf7ba2db4a08544bb614cf66b755c5f78ddade3f4e68244deac,1,,,,0,3.3333333333,2026-08-05T18:00:00+08:00
2026-08-09,S08,K04,6,0,Z2,0.0000000000,2026-07-30 12:00:00+08:00,9661.0000000000,85f5642b792ddc03434b3ce2901fae040b9eb56b7ffc03b23e60ddd436acb96e,1,,,,0,3.3333333333,2026-08-05T18:00:00+08:00
2026-08-09,S08,K05,6,0,Z2,0.0000000000,2026-07-30 12:00:00+08:00,9662.0000000000,ca09e3207400e7866dc0c7164a3427a660c68a8bc0536fc10a422d7cd04a8b66,1,,,,0,3.3333333333,2026-08-05T18:00:00+08:00
2026-08-09,S08,K06,6,0,Z2,0.0000000000,2026-07-30 12:00:00+08:00,9663.0000000000,55bf1a6e304dddd1755da4ad7619ba8c02c3d0d2fac26c4bec6dea04531eed7a,1,,,,0,3.3333333333,2026-08-05T18:00:00+08:00
2026-08-09,S08,K07,6,0,Z2,0.1500000000,2026-07-30 12:00:00+08:00,9664.0000000000,bc4e369d91c9d701e071c70fcac0a9643a05681bca2f533f182354cb921e9cb9,1,,,,0,3.3333333333,2026-08-05T18:00:00+08:00
2026-08-09,S08,K08,6,0,Z2,0.1500000000,2026-07-30 12:00:00+08:00,9665.0000000000,1617a9666017e39862a896cc7bf67678fadfc94807420f188d42b3c3c023fb2a,1,,,,0,3.3333333333,2026-08-05T18:00:00+08:00
2026-08-09,S09,K01,6,0,Z3,0.0000000000,2026-07-30 12:00:00+08:00,9666.0000000000,e0126ff75448b2c9dc1a337ef43f5452bdccc1eaabc0fc0ce0e551d2989f9cdb,1,,,,0,3.3333333333,2026-08-05T18:00:00+08:00
2026-08-09,S09,K02,6,0,Z3,0.0000000000,2026-07-30 12:00:00+08:00,9667.0000000000,da0bce8f738ef5f649ee7a6f1719735f7b82d48452dfa8981bf14f51f5c9fb62,1,,,,0,3.3333333333,2026-08-05T18:00:00+08:00
2026-08-09,S09,K03,6,0,Z3,0.0000000000,2026-07-30 12:00:00+08:00,9668.0000000000,420d7ae66c906f7f68a29134aa1a2482845b2daa8d2f8e05217fa0fb01818ea9,1,,,,0,3.3333333333,2026-08-05T18:00:00+08:00
2026-08-09,S09,K04,6,0,Z3,0.0000000000,2026-07-30 12:00:00+08:00,9669.0000000000,fd50ce2e5c957bfa06f92146b922ac0ea697d0fe4a229424d2ddc23e58664cbc,1,,,,0,3.3333333333,2026-08-05T18:00:00+08:00
2026-08-09,S09,K05,6,0,Z3,0.0000000000,2026-07-30 12:00:00+08:00,9670.0000000000,d1834b92891d091467f818d42a1cef6fa6f54cf1d18da9c6ba59ce6c7e627bc6,1,,,,0,3.3333333333,2026-08-05T18:00:00+08:00
2026-08-09,S09,K06,6,0,Z3,0.1500000000,2026-07-30 12:00:00+08:00,9671.0000000000,65ecc75f4ee5922e6289c50193d0d062da0eb9c131fa36fc0ed310a6e927f170,1,,,,0,3.3333333333,2026-08-05T18:00:00+08:00
2026-08-09,S09,K07,6,0,Z3,0.1500000000,2026-07-30 12:00:00+08:00,9672.0000000000,afc26c8c53967efeb5b2aa1fce245f93edeab08545e6d2e62fe5d523d51d098f,1,,,,0,3.3333333333,2026-08-05T18:00:00+08:00
2026-08-09,S09,K08,6,0,Z3,0.0000000000,2026-07-30 12:00:00+08:00,9673.0000000000,d7eaf57f155e21bdf2f0aaa8b71b9576ff61aa2d549487bf2e51d94905581249,1,,,,0,3.3333333333,2026-08-05T18:00:00+08:00
2026-08-09,S10,K01,6,0,Z3,0.0000000000,2026-07-30 12:00:00+08:00,9674.0000000000,f31a6d2d92b55b49493707aad54e176593b9da9f70051164e6b98bae886a0a8b,1,,,,0,3.3333333333,2026-08-05T18:00:00+08:00
2026-08-09,S10,K02,6,0,Z3,0.0000000000,2026-07-30 12:00:00+08:00,9675.0000000000,b95d93e930c9e1456d07024036d4dfb00e1ce627a509bb280b2c26bb2420218b,1,,,,0,3.3333333333,2026-08-05T18:00:00+08:00
2026-08-09,S10,K03,6,0,Z3,0.0000000000,2026-07-30 12:00:00+08:00,9676.0000000000,3689ceb2c38d14566b016cd89adeee0a50f415cfeb863f1bc1e8142dab23347a,1,,,,0,3.3333333333,2026-08-05T18:00:00+08:00
2026-08-09,S10,K04,6,0,Z3,0.1500000000,2026-07-30 12:00:00+08:00,9677.0000000000,2535b4c35ce19f0cd067b8138e1c1ae88ea47001a8767ed6b1a1e4dad01593fa,1,,,,0,3.3333333333,2026-08-05T18:00:00+08:00
2026-08-09,S10,K05,6,0,Z3,0.1500000000,2026-07-30 12:00:00+08:00,9678.0000000000,1fbbc25bf79800ec7c39aebca01ebec58e22ca2a16125db6ec1bdcd524b11d55,1,,,,0,3.3333333333,2026-08-05T18:00:00+08:00
2026-08-09,S10,K06,6,0,Z3,0.0000000000,2026-07-30 12:00:00+08:00,9679.0000000000,9adaf6395c363f51b82c6630d09b71d881107409b29267abcefdbed3e77ff429,1,,,,0,3.3333333333,2026-08-05T18:00:00+08:00
2026-08-09,S10,K07,6,0,Z3,0.0000000000,2026-07-30 12:00:00+08:00,9680.0000000000,7071196c0bc8c0b59f84c11847c61a3072e6927b6b95473bb9f1f48f7e8aef08,1,,,,0,3.3333333333,2026-08-05T18:00:00+08:00
2026-08-09,S10,K08,6,0,Z3,0.0000000000,2026-07-30 12:00:00+08:00,9681.0000000000,3772941636b3229b963b926639a3ff9f44334833e59ee06d2649ece34a41d10d,1,,,,0,3.3333333333,2026-08-05T18:00:00+08:00
2026-08-09,S11,K01,6,0,Z3,0.0000000000,2026-07-30 12:00:00+08:00,9682.0000000000,f30c673f801f98ed97b1e4be5a528b3d5e6fd64a00163d2083c89ec06c87f6e1,1,,,,0,3.3333333333,2026-08-05T18:00:00+08:00
2026-08-09,S11,K02,6,0,Z3,0.0000000000,2026-07-30 12:00:00+08:00,9683.0000000000,e1954c92216e30b813398dac252f489a47ac09b6946f3684d4612f92babe097d,1,,,,0,3.3333333333,2026-08-05T18:00:00+08:00
2026-08-09,S11,K03,6,0,Z3,0.1500000000,2026-07-30 12:00:00+08:00,9684.0000000000,4ecc44ff25ab97cbdf2f71a23f3dae4434efafba2ae79a351b4db42cafd2211e,1,,,,0,3.3333333333,2026-08-05T18:00:00+08:00
2026-08-09,S11,K04,6,0,Z3,0.1500000000,2026-07-30 12:00:00+08:00,9685.0000000000,7be8840ac2f40e8b7fa145c58b0bfff0e815b41c10ceaf5a7719bdc7ec1e2a4b,1,,,,0,3.3333333333,2026-08-05T18:00:00+08:00
2026-08-09,S11,K05,6,0,Z3,0.0000000000,2026-07-30 12:00:00+08:00,9686.0000000000,756843ffde58aed7ee6d96bc2de3c8fe761eabe8ca32735e770ddf06b69d1475,1,,,,0,3.3333333333,2026-08-05T18:00:00+08:00
2026-08-09,S11,K06,6,0,Z3,0.0000000000,2026-07-30 12:00:00+08:00,9687.0000000000,78bcf82d5088998b8ad2c0af8416dbc6a49d60a221d75485b423b46d81efd98d,1,,,,0,3.3333333333,2026-08-05T18:00:00+08:00
2026-08-09,S11,K07,6,0,Z3,0.0000000000,2026-07-30 12:00:00+08:00,9688.0000000000,d2e94d013e0fc7584b9780fcad4f31e3a3994c0c4507fe227804dfef0ff510b6,1,,,,0,3.3333333333,2026-08-05T18:00:00+08:00
2026-08-09,S11,K08,6,0,Z3,0.0000000000,2026-07-30 12:00:00+08:00,9689.0000000000,f68c3453b85e799a972b6fa52070bbf12eda9a85ffae1ce10c762eefd46b6bdc,1,,,,0,3.3333333333,2026-08-05T18:00:00+08:00
2026-08-09,S12,K01,6,0,Z3,0.1500000000,2026-07-30 12:00:00+08:00,9690.0000000000,5f90a58102f23c79ff9e460d1a2b2654d5f8bc9dc1723d67bcb59578e26a5695,1,,,,0,3.3333333333,2026-08-05T18:00:00+08:00
2026-08-09,S12,K02,6,0,Z3,0.1500000000,2026-07-30 12:00:00+08:00,9691.0000000000,a492eb01159f835a6ce62c5caf1284e47397bbfe86d55b77bc6387fc1d5aad00,1,,,,0,3.3333333333,2026-08-05T18:00:00+08:00
2026-08-09,S12,K03,6,0,Z3,0.0000000000,2026-07-30 12:00:00+08:00,9692.0000000000,59ed0bcf528444411d4446d9b9a029c8532f2d9e5fd2dba42e1aff51747bab91,1,,,,0,3.3333333333,2026-08-05T18:00:00+08:00
2026-08-09,S12,K04,6,0,Z3,0.0000000000,2026-07-30 12:00:00+08:00,9693.0000000000,1e6e4f81d8c5ef68484e639a215400cb36133ea1d8e8fce201a28f62ce28b1f7,1,,,,0,3.3333333333,2026-08-05T18:00:00+08:00
2026-08-09,S12,K05,6,0,Z3,0.0000000000,2026-07-30 12:00:00+08:00,9694.0000000000,f9ff05efcd75feb247704daf335c59d42eba737e042618623c8f8cf9a3f81f48,1,,,,0,3.3333333333,2026-08-05T18:00:00+08:00
2026-08-09,S12,K06,6,0,Z3,0.0000000000,2026-07-30 12:00:00+08:00,9695.0000000000,4763658d06b77b7fe619e534207d5ac55a7ab727b0a64323906c99f48df14048,1,,,,0,3.3333333333,2026-08-05T18:00:00+08:00
2026-08-09,S12,K07,6,0,Z3,0.0000000000,2026-07-30 12:00:00+08:00,9696.0000000000,bbab0d8842ba0fff3ac72247f42530ed3996bfea3f3b8ae77ab9c4aedcbd7b4d,1,,,,0,3.3333333333,2026-08-05T18:00:00+08:00
2026-08-09,S12,K08,6,0,Z3,0.0000000000,2026-07-30 12:00:00+08:00,9697.0000000000,a97c5e3bfab604f23b373014d5a334d369e7425bf0bd8c67e289ae2d83a2e742,1,,,,0,3.3333333333,2026-08-05T18:00:00+08:00
2026-08-10,S01,K01,0,0,Z1,0.0000000000,2026-07-31 12:00:00+08:00,9698.0000000000,6df0ae56e14c20c08c77d6ecc5720c4e11c83877aa09844c56cd9fbb61d8012b,1,,,,0,3.3666666667,2026-08-05T18:00:00+08:00
2026-08-10,S01,K02,0,0,Z1,0.0000000000,2026-07-31 12:00:00+08:00,9699.0000000000,43e34a57d5fe3bdf2800a3b53da2ea60dddff93ddab0ae96f1db1f2b50c111ea,1,,,,0,3.3666666667,2026-08-05T18:00:00+08:00
2026-08-10,S01,K03,0,0,Z1,0.0000000000,2026-07-31 12:00:00+08:00,9700.0000000000,398d293ef47b5c54dbe96a323f7f5b7e80ea089a297453da1bc4d2c8fedc6cf4,1,,,,0,3.3666666667,2026-08-05T18:00:00+08:00
2026-08-10,S01,K04,0,0,Z1,0.0000000000,2026-07-31 12:00:00+08:00,9701.0000000000,dbfd156a4f087b0e68af6bbed506cc425d05ce479636e47a2b0a0c4724ef01d4,1,,,,0,3.3666666667,2026-08-05T18:00:00+08:00
2026-08-10,S01,K05,0,0,Z1,0.0000000000,2026-07-31 12:00:00+08:00,9702.0000000000,2a9888fddd0592a9e024e9c23d826d8d41adf224ef09bfdb207b257f896308fe,1,,,,0,3.3666666667,2026-08-05T18:00:00+08:00
2026-08-10,S01,K06,0,0,Z1,0.1500000000,2026-07-31 12:00:00+08:00,9703.0000000000,d4066102a2417af290ed00faa492ac83dd4b4b3c00a6605228d9a87a59b09fa8,1,,,,0,3.3666666667,2026-08-05T18:00:00+08:00
2026-08-10,S01,K07,0,0,Z1,0.1500000000,2026-07-31 12:00:00+08:00,9704.0000000000,cd2ca6fa757e63d1b31fcf34b39735ed1a76f51bf4b8c09cbfefc2f01608a94e,1,,,,0,3.3666666667,2026-08-05T18:00:00+08:00
2026-08-10,S01,K08,0,0,Z1,0.0000000000,2026-07-31 12:00:00+08:00,9705.0000000000,604cb956d88750d6551058186bf8a32a06eb474ef3b35aa1c640a96293c4453a,1,,,,0,3.3666666667,2026-08-05T18:00:00+08:00
2026-08-10,S02,K01,0,0,Z1,0.0000000000,2026-07-31 12:00:00+08:00,9706.0000000000,f11ceb7900db88c58973faef4a0ba50b5f0f39f92dd672051cf31fcdbef5fef7,1,,,,0,3.3666666667,2026-08-05T18:00:00+08:00
2026-08-10,S02,K02,0,0,Z1,0.0000000000,2026-07-31 12:00:00+08:00,9707.0000000000,69bc7d0e8f6e3aac69bc14effc1951f42e48bcbf074a9a7d337877bb5f44dbbe,1,,,,0,3.3666666667,2026-08-05T18:00:00+08:00
2026-08-10,S02,K03,0,0,Z1,0.0000000000,2026-07-31 12:00:00+08:00,9708.0000000000,453ede240c53c01fd5a4154370733c715ca2eed3e14c0bd30504cb828b4677c9,1,,,,0,3.3666666667,2026-08-05T18:00:00+08:00
2026-08-10,S02,K04,0,0,Z1,0.1500000000,2026-07-31 12:00:00+08:00,9709.0000000000,dbe659152b5d4eb53e3d961a65a5dd31769696ca2c502f0a5a88bd7de1e01e21,1,,,,0,3.3666666667,2026-08-05T18:00:00+08:00
2026-08-10,S02,K05,0,0,Z1,0.1500000000,2026-07-31 12:00:00+08:00,9710.0000000000,c536bb8db39788e55f60627e01789635a768505f325636ff2251449af2e35220,1,,,,0,3.3666666667,2026-08-05T18:00:00+08:00
2026-08-10,S02,K06,0,0,Z1,0.0000000000,2026-07-31 12:00:00+08:00,9711.0000000000,a07452318eb668dd777eb65671efbd4c9a74c2f5dc0891c6e76201ae1a103e85,1,,,,0,3.3666666667,2026-08-05T18:00:00+08:00
2026-08-10,S02,K07,0,0,Z1,0.0000000000,2026-07-31 12:00:00+08:00,9712.0000000000,083ce60c51ba7109b7a8042908f6ce9e7beb8e2c6a38976eb12b5c7b0cc105ed,1,,,,0,3.3666666667,2026-08-05T18:00:00+08:00
2026-08-10,S02,K08,0,0,Z1,0.0000000000,2026-07-31 12:00:00+08:00,9713.0000000000,2dda493599a394f340cdcd362ed31251c2fe2855ccf2f9c3974def57cef7c0ce,1,,,,0,3.3666666667,2026-08-05T18:00:00+08:00
2026-08-10,S03,K01,0,0,Z1,0.0000000000,2026-07-31 12:00:00+08:00,9714.0000000000,a4d62bc329ee83c7904da7beb375a39fd6dc965cdaad963b271823a6711d2ae6,1,,,,0,3.3666666667,2026-08-05T18:00:00+08:00
2026-08-10,S03,K02,0,0,Z1,0.0000000000,2026-07-31 12:00:00+08:00,9715.0000000000,666dca0d98b9d18e688bc4306005cad050ace60ed111858d5f45502184b5d201,1,,,,0,3.3666666667,2026-08-05T18:00:00+08:00
2026-08-10,S03,K03,0,0,Z1,0.1500000000,2026-07-31 12:00:00+08:00,9716.0000000000,e6d1c9187b8ea25aae93d6098443f3109bd473c7da09cc267865b7d51c536e23,1,,,,0,3.3666666667,2026-08-05T18:00:00+08:00
2026-08-10,S03,K04,0,0,Z1,0.1500000000,2026-07-31 12:00:00+08:00,9717.0000000000,840c4e0447acea25c668b034f4f73b2814fdf20d31632fb5e388c6de36d2ef0e,1,,,,0,3.3666666667,2026-08-05T18:00:00+08:00
2026-08-10,S03,K05,0,0,Z1,0.0000000000,2026-07-31 12:00:00+08:00,9718.0000000000,b484782bf6d30ba05873f981984083ef7c26458493ed552816ba66cb04fa2ae4,1,,,,0,3.3666666667,2026-08-05T18:00:00+08:00
2026-08-10,S03,K06,0,0,Z1,0.0000000000,2026-07-31 12:00:00+08:00,9719.0000000000,2df21ef7554b7b2987c2abd037dfef57109869b2d0e19ea076a74cbbc2e38e94,1,,,,0,3.3666666667,2026-08-05T18:00:00+08:00
2026-08-10,S03,K07,0,0,Z1,0.0000000000,2026-07-31 12:00:00+08:00,9720.0000000000,996d9d42060dbd1d8041c5455950871051f71c16576bc3c3cdc8e9ed8a600432,1,,,,0,3.3666666667,2026-08-05T18:00:00+08:00
2026-08-10,S03,K08,0,0,Z1,0.0000000000,2026-07-31 12:00:00+08:00,9721.0000000000,e5ef10fca657a131a4b4799f312b39aed47d72774a43e2dd2f86e30d4ab87991,1,,,,0,3.3666666667,2026-08-05T18:00:00+08:00
2026-08-10,S04,K01,0,0,Z1,0.1500000000,2026-07-31 12:00:00+08:00,9722.0000000000,75dc471e208e65693eca57da19b00734ae10b4baf018131d232c16caf4685a94,1,,,,0,3.3666666667,2026-08-05T18:00:00+08:00
2026-08-10,S04,K02,0,0,Z1,0.1500000000,2026-07-31 12:00:00+08:00,9723.0000000000,ff12e9cc502fae1be3117cda9d02d3cea454998b8b63813f54bf8d8c9cf14dcc,1,,,,0,3.3666666667,2026-08-05T18:00:00+08:00
2026-08-10,S04,K03,0,0,Z1,0.0000000000,2026-07-31 12:00:00+08:00,9724.0000000000,738362801f0951cc854b70c981359bee6cfc5b061651b52401d627473ccf20ca,1,,,,0,3.3666666667,2026-08-05T18:00:00+08:00
2026-08-10,S04,K04,0,0,Z1,0.0000000000,2026-07-31 12:00:00+08:00,9725.0000000000,8f4f71463a5e1613e73ddea5c47db177057eb23c3864fdf13037178a40db18b3,1,,,,0,3.3666666667,2026-08-05T18:00:00+08:00
2026-08-10,S04,K05,0,0,Z1,0.0000000000,2026-07-31 12:00:00+08:00,9726.0000000000,27af6c4b3c0101b075c2c941e77dc5d275d0d1ab2c384f424bdfbb6dccbde553,1,,,,0,3.3666666667,2026-08-05T18:00:00+08:00
2026-08-10,S04,K06,0,0,Z1,0.0000000000,2026-07-31 12:00:00+08:00,9727.0000000000,28c325a43b0a3e264bc99e0454d66fd07855acec35f8a72b2b12d3a061e697f1,1,,,,0,3.3666666667,2026-08-05T18:00:00+08:00
2026-08-10,S04,K07,0,0,Z1,0.0000000000,2026-07-31 12:00:00+08:00,9728.0000000000,8838254a2a1131c35ecc2530401e8e00404659397b3c5d1f019a70d9dc8f7cb5,1,,,,0,3.3666666667,2026-08-05T18:00:00+08:00
2026-08-10,S04,K08,0,0,Z1,0.0000000000,2026-07-31 12:00:00+08:00,9729.0000000000,2476be760a3c228c7bb06e3b16d645a1606ed35f5dcc4e742f65e0af2f103f4d,1,,,,0,3.3666666667,2026-08-05T18:00:00+08:00
2026-08-10,S05,K01,0,0,Z2,0.1500000000,2026-07-31 12:00:00+08:00,9730.0000000000,7248ee6323496c149f1d7a9caa6af19dc504173b1a85d4c2afea3b0ab5f05224,1,,,,0,3.3666666667,2026-08-05T18:00:00+08:00
2026-08-10,S05,K02,0,0,Z2,0.0000000000,2026-07-31 12:00:00+08:00,9731.0000000000,2bb37123422c798208dea3af3a92662b46e368364c08753510a7805f023aed73,1,,,,0,3.3666666667,2026-08-05T18:00:00+08:00
2026-08-10,S05,K03,0,0,Z2,0.0000000000,2026-07-31 12:00:00+08:00,9732.0000000000,c9171e0fe0188f78f134f5c62630a9b14fedbb45b6a7db9a4671b5778f435881,1,,,,0,3.3666666667,2026-08-05T18:00:00+08:00
2026-08-10,S05,K04,0,0,Z2,0.0000000000,2026-07-31 12:00:00+08:00,9733.0000000000,7213e43607ed3cc39927c0ab93feb8dfdf93bd0368f82f351d668fab40df49f1,1,,,,0,3.3666666667,2026-08-05T18:00:00+08:00
2026-08-10,S05,K05,0,0,Z2,0.0000000000,2026-07-31 12:00:00+08:00,9734.0000000000,1b9c29d724fcbdb13b9b2dc459220a2913a06000a30719d59d5c20829db55136,1,,,,0,3.3666666667,2026-08-05T18:00:00+08:00
2026-08-10,S05,K06,0,0,Z2,0.0000000000,2026-07-31 12:00:00+08:00,9735.0000000000,88100d9f2b948857a2b48b16d5032cca3896aaa2cf1b48f197f1a0cc205f5240,1,,,,0,3.3666666667,2026-08-05T18:00:00+08:00
2026-08-10,S05,K07,0,0,Z2,0.0000000000,2026-07-31 12:00:00+08:00,9736.0000000000,883672d5349a1934e9472c34010fedd893d8d96a5ca20b6f949cefe642233606,1,,,,0,3.3666666667,2026-08-05T18:00:00+08:00
2026-08-10,S05,K08,0,0,Z2,0.0000000000,2026-07-31 12:00:00+08:00,9737.0000000000,3ea4739238ba53840d6d05b23db78fa145697fe57b15f064052a7cee164919ec,1,,,,0,3.3666666667,2026-08-05T18:00:00+08:00
2026-08-10,S06,K01,0,0,Z2,0.0000000000,2026-07-31 12:00:00+08:00,9738.0000000000,0e5f4e4afd7e6c76d29186dee2fdc72525e7196df7401dd457fed28ca08e89c3,1,,,,0,3.3666666667,2026-08-05T18:00:00+08:00
2026-08-10,S06,K02,0,0,Z2,0.0000000000,2026-07-31 12:00:00+08:00,9739.0000000000,5530d06558a45c07208f93c25f23d8c0f6ba709bab7e3c61409aacef8d7a950b,1,,,,0,3.3666666667,2026-08-05T18:00:00+08:00
2026-08-10,S06,K03,0,0,Z2,0.0000000000,2026-07-31 12:00:00+08:00,9740.0000000000,e0c6535f256c43b37c997ccf3472a62762e3594723f5faffb239dfaac336254f,1,,,,0,3.3666666667,2026-08-05T18:00:00+08:00
2026-08-10,S06,K04,0,0,Z2,0.0000000000,2026-07-31 12:00:00+08:00,9741.0000000000,db46948ebaab5e724a89705bcdba0d126e3ccff9ee6725115df6c282cb9793dd,1,,,,0,3.3666666667,2026-08-05T18:00:00+08:00
2026-08-10,S06,K05,0,0,Z2,0.0000000000,2026-07-31 12:00:00+08:00,9742.0000000000,9ddd77e588b8f8e3d4259c51f18ece0bd9eac3953986e64f259ed1191f05c36c,1,,,,0,3.3666666667,2026-08-05T18:00:00+08:00
2026-08-10,S06,K06,0,0,Z2,0.0000000000,2026-07-31 12:00:00+08:00,9743.0000000000,28bba328723c3947875989dde0ce793fa8638abe7a19b69a88850c1e23f690af,1,,,,0,3.3666666667,2026-08-05T18:00:00+08:00
2026-08-10,S06,K07,0,0,Z2,0.0000000000,2026-07-31 12:00:00+08:00,9744.0000000000,e2e1c51db6d253e375af9e482cbf277d3cd30dcb98ca1ef9ae68811e7b7996cc,1,,,,0,3.3666666667,2026-08-05T18:00:00+08:00
2026-08-10,S06,K08,0,0,Z2,0.0000000000,2026-07-31 12:00:00+08:00,9745.0000000000,82ba1f8aca17e2a926cd6ba5010772c4dc1dd44ae8b00a21b5c54b8856dd89f8,1,,,,0,3.3666666667,2026-08-05T18:00:00+08:00
2026-08-10,S07,K01,0,0,Z2,0.0000000000,2026-07-31 12:00:00+08:00,9746.0000000000,8f5994572c7be93d03e87a14149e8b4215675b6952b9e6b0475a0d67dc5324f1,1,,,,0,3.3666666667,2026-08-05T18:00:00+08:00
2026-08-10,S07,K02,0,0,Z2,0.0000000000,2026-07-31 12:00:00+08:00,9747.0000000000,9e2871ec020835c38bd2bbc30f8d50916cb4325e0c795f9e3f487b0749906191,1,,,,0,3.3666666667,2026-08-05T18:00:00+08:00
2026-08-10,S07,K03,0,0,Z2,0.0000000000,2026-07-31 12:00:00+08:00,9748.0000000000,bc9a566826d55711a809597fad0b63f4d04e3118f3490629e7d943327945fb95,1,,,,0,3.3666666667,2026-08-05T18:00:00+08:00
2026-08-10,S07,K04,0,0,Z2,0.0000000000,2026-07-31 12:00:00+08:00,9749.0000000000,963a52bbb838748feadae5c285aa2670471a64228a2992f6df5d1007ae10308b,1,,,,0,3.3666666667,2026-08-05T18:00:00+08:00
2026-08-10,S07,K05,0,0,Z2,0.0000000000,2026-07-31 12:00:00+08:00,9750.0000000000,705d5b29cea673919123be3ec3e5b1641baa97e992ba7f5321ad4fac1e1f19db,1,,,,0,3.3666666667,2026-08-05T18:00:00+08:00
2026-08-10,S07,K06,0,0,Z2,0.0000000000,2026-07-31 12:00:00+08:00,9751.0000000000,330749685dcc67f3ed87680218150eca551798de601a031fdbcaf8a47fd3f4ea,1,,,,0,3.3666666667,2026-08-05T18:00:00+08:00
2026-08-10,S07,K07,0,0,Z2,0.0000000000,2026-07-31 12:00:00+08:00,9752.0000000000,6c5a7c2d18050574c3d7a04ed8c8961c03e7869c6d382e885c0baaf67ee157ea,1,,,,0,3.3666666667,2026-08-05T18:00:00+08:00
2026-08-10,S07,K08,0,0,Z2,0.1500000000,2026-07-31 12:00:00+08:00,9753.0000000000,aa271be490a7b2cefb0ab8d94d27d2c223de3013e95b87afa054722888713578,1,,,,0,3.3666666667,2026-08-05T18:00:00+08:00
2026-08-10,S08,K01,0,0,Z2,0.0000000000,2026-07-31 12:00:00+08:00,9754.0000000000,51b3235ccfe39efed223a19ecbb0617689d363c1e53ca42657dab06c2fb25159,1,,,,0,3.3666666667,2026-08-05T18:00:00+08:00
2026-08-10,S08,K02,0,0,Z2,0.0000000000,2026-07-31 12:00:00+08:00,9755.0000000000,efdab4727d221a096b41d5c87f7930eaf9604394caf70cb55e08b18de992d3d5,1,,,,0,3.3666666667,2026-08-05T18:00:00+08:00
2026-08-10,S08,K03,0,0,Z2,0.0000000000,2026-07-31 12:00:00+08:00,9756.0000000000,a1272be5b2ac36c3f4d315338bb96788e7b8d3274ceb8d152a9b3471a992a5cd,1,,,,0,3.3666666667,2026-08-05T18:00:00+08:00
2026-08-10,S08,K04,0,0,Z2,0.0000000000,2026-07-31 12:00:00+08:00,9757.0000000000,c56aaa8fdd718fd565a0e03ceb6fd043e2da6a87d0e37435bc1bfcebeef469fb,1,,,,0,3.3666666667,2026-08-05T18:00:00+08:00
2026-08-10,S08,K05,0,0,Z2,0.0000000000,2026-07-31 12:00:00+08:00,9758.0000000000,490ede61e3978a27e5f6e6ced5794de356504745fa16562668f5b3a9fdbe3941,1,,,,0,3.3666666667,2026-08-05T18:00:00+08:00
2026-08-10,S08,K06,0,0,Z2,0.0000000000,2026-07-31 12:00:00+08:00,9759.0000000000,eba91d746ef1920306d12406a9cdf91667c71c00cece4ec3d4a489a8af2fe78c,1,,,,0,3.3666666667,2026-08-05T18:00:00+08:00
2026-08-10,S08,K07,0,0,Z2,0.1500000000,2026-07-31 12:00:00+08:00,9760.0000000000,f5bc2a561c3ded879e8a063769a579051063c8313e06f509dce927e92e767545,1,,,,0,3.3666666667,2026-08-05T18:00:00+08:00
2026-08-10,S08,K08,0,0,Z2,0.1500000000,2026-07-31 12:00:00+08:00,9761.0000000000,44f5f19ba29a1fce86210971006a19914f582c188d40393f2f7d15eb37d6bdb6,1,,,,0,3.3666666667,2026-08-05T18:00:00+08:00
2026-08-10,S09,K01,0,0,Z3,0.0000000000,2026-07-31 12:00:00+08:00,9762.0000000000,c3f4b48e18502d5277773686f2af5b97b959d939772bd2cf396f7cc8fb05eba5,1,,,,0,3.3666666667,2026-08-05T18:00:00+08:00
2026-08-10,S09,K02,0,0,Z3,0.0000000000,2026-07-31 12:00:00+08:00,9763.0000000000,57287a8f9499b31884ed183ff5a91157526b09fad6b968cd7beab9dff25681b6,1,,,,0,3.3666666667,2026-08-05T18:00:00+08:00
2026-08-10,S09,K03,0,0,Z3,0.0000000000,2026-07-31 12:00:00+08:00,9764.0000000000,b262fd0917d41080d19bbc65e9d67ec180b747d81b4b2e236ccc2d72bedbad5c,1,,,,0,3.3666666667,2026-08-05T18:00:00+08:00
2026-08-10,S09,K04,0,0,Z3,0.0000000000,2026-07-31 12:00:00+08:00,9765.0000000000,b11d0aa5f53d659e5bec4d199902d297c31fa50312eb82701222e8e2c13961b3,1,,,,0,3.3666666667,2026-08-05T18:00:00+08:00
2026-08-10,S09,K05,0,0,Z3,0.1500000000,2026-07-31 12:00:00+08:00,9766.0000000000,38a6a27c6d8d92e9181bd0c84d4e50f9f2a250606d52939e4fa1cb3313a41f3f,1,,,,0,3.3666666667,2026-08-05T18:00:00+08:00
2026-08-10,S09,K06,0,0,Z3,0.1500000000,2026-07-31 12:00:00+08:00,9767.0000000000,a06f74cb00d89b4d5c553fd2830245bb594d464387cdee96c90502b5f90ec322,1,,,,0,3.3666666667,2026-08-05T18:00:00+08:00
2026-08-10,S09,K07,0,0,Z3,0.0000000000,2026-07-31 12:00:00+08:00,9768.0000000000,123a64252cbcc6785034a21136439259e1972d62981432ace5d3224e1e340814,1,,,,0,3.3666666667,2026-08-05T18:00:00+08:00
2026-08-10,S09,K08,0,0,Z3,0.0000000000,2026-07-31 12:00:00+08:00,9769.0000000000,8af6dc917577e1f553a5bf7f650b0f161ef203d8f893414f270929dd8ce3d4d4,1,,,,0,3.3666666667,2026-08-05T18:00:00+08:00
2026-08-10,S10,K01,0,0,Z3,0.0000000000,2026-07-31 12:00:00+08:00,9770.0000000000,16d5b815bd4bfce36650423ccaad23f41e905f0f098251920727b5d50da8d9e1,1,,,,0,3.3666666667,2026-08-05T18:00:00+08:00
2026-08-10,S10,K02,0,0,Z3,0.0000000000,2026-07-31 12:00:00+08:00,9771.0000000000,e57364d821762ef849a128347d1a1cd35a7e11978f694f47006b580f75de0a9f,1,,,,0,3.3666666667,2026-08-05T18:00:00+08:00
2026-08-10,S10,K03,0,0,Z3,0.0000000000,2026-07-31 12:00:00+08:00,9772.0000000000,e4e3dbdd9f1396c8ae33059769a75c3d979f9d5462cc04dcb7c31f8457d88e17,1,,,,0,3.3666666667,2026-08-05T18:00:00+08:00
2026-08-10,S10,K04,0,0,Z3,0.1500000000,2026-07-31 12:00:00+08:00,9773.0000000000,c463759b7a40606e9c31cd2e06b80f04b6fd57dd4eeb6e68433ad195e2a511a4,1,,,,0,3.3666666667,2026-08-05T18:00:00+08:00
2026-08-10,S10,K05,0,0,Z3,0.1500000000,2026-07-31 12:00:00+08:00,9774.0000000000,7c50d0d697cf3036a005fb39379a9f9a8a60024e281c843eaec1e1f26477f6c7,1,,,,0,3.3666666667,2026-08-05T18:00:00+08:00
2026-08-10,S10,K06,0,0,Z3,0.0000000000,2026-07-31 12:00:00+08:00,9775.0000000000,38a39c0c192d0bd042ca230342dd0e8583d3f2aa253cf4bc3166fc1b32b06156,1,,,,0,3.3666666667,2026-08-05T18:00:00+08:00
2026-08-10,S10,K07,0,0,Z3,0.0000000000,2026-07-31 12:00:00+08:00,9776.0000000000,2c854f8ce47ae7390e1f610bf587a497414e4f24d6803ca44b9282bf11e511ee,1,,,,0,3.3666666667,2026-08-05T18:00:00+08:00
2026-08-10,S10,K08,0,0,Z3,0.0000000000,2026-07-31 12:00:00+08:00,9777.0000000000,cde18c1c7de2675ca5c22f432699db354c67fb2e670030afe1a15e11633a6b72,1,,,,0,3.3666666667,2026-08-05T18:00:00+08:00
2026-08-10,S11,K01,0,0,Z3,0.0000000000,2026-07-31 12:00:00+08:00,9778.0000000000,8d1445cab2f099cb2e1c79d101ff7a9daa34eb2719837154d91eebe5fe7616a1,1,,,,0,3.3666666667,2026-08-05T18:00:00+08:00
2026-08-10,S11,K02,0,0,Z3,0.1500000000,2026-07-31 12:00:00+08:00,9779.0000000000,28e1ea9ef02761a8af58494887ec2d1ab8bf0ee4ce09f94ca24cad71832c1792,1,,,,0,3.3666666667,2026-08-05T18:00:00+08:00
2026-08-10,S11,K03,0,0,Z3,0.1500000000,2026-07-31 12:00:00+08:00,9780.0000000000,5209abc68eb04f121e37dc64c491753e3a3cc99d84f124ccdcb2c81e2594b0bb,1,,,,0,3.3666666667,2026-08-05T18:00:00+08:00
2026-08-10,S11,K04,0,0,Z3,0.0000000000,2026-07-31 12:00:00+08:00,9781.0000000000,1c7c95d299280e4bbda128b4e35ebf2fa7629d5f347b14e20cf84ec3e3af0c02,1,,,,0,3.3666666667,2026-08-05T18:00:00+08:00
2026-08-10,S11,K05,0,0,Z3,0.0000000000,2026-07-31 12:00:00+08:00,9782.0000000000,0bf488eba2d112411f0a2fcbbf5e032ccbf4a67743e5f8e9e5ba808fac2d03d4,1,,,,0,3.3666666667,2026-08-05T18:00:00+08:00
2026-08-10,S11,K06,0,0,Z3,0.0000000000,2026-07-31 12:00:00+08:00,9783.0000000000,a74ff1c9b528ffb3642a686e333d7d09bc108018b5aa50b9bbf61e7f43858f9e,1,,,,0,3.3666666667,2026-08-05T18:00:00+08:00
2026-08-10,S11,K07,0,0,Z3,0.0000000000,2026-07-31 12:00:00+08:00,9784.0000000000,4974a96b989f64fce0612b716d1dff0c522c09a7d18e52811932d883c2b076b6,1,,,,0,3.3666666667,2026-08-05T18:00:00+08:00
2026-08-10,S11,K08,0,0,Z3,0.0000000000,2026-07-31 12:00:00+08:00,9785.0000000000,3f6cb7dadcee476bf5baaa437a83286e289d7ea0ef4d68c857dfaf42d61b01f6,1,,,,0,3.3666666667,2026-08-05T18:00:00+08:00
2026-08-10,S12,K01,0,0,Z3,0.1500000000,2026-07-31 12:00:00+08:00,9786.0000000000,f31473c18c8a8d95a2e8652a3e379d15d815a2468c7425ff962c443b2b8c248c,1,,,,0,3.3666666667,2026-08-05T18:00:00+08:00
2026-08-10,S12,K02,0,0,Z3,0.1500000000,2026-07-31 12:00:00+08:00,9787.0000000000,efc50d03a0f1991474bef72d1444008039b9e6afe8483c93e0e1347bfb25be39,1,,,,0,3.3666666667,2026-08-05T18:00:00+08:00
2026-08-10,S12,K03,0,0,Z3,0.0000000000,2026-07-31 12:00:00+08:00,9788.0000000000,a3f5dbefbb9b90dc8b18e2b6c4bd7ff705cefe5cd3d2ac21af8f2ccb94839533,1,,,,0,3.3666666667,2026-08-05T18:00:00+08:00
2026-08-10,S12,K04,0,0,Z3,0.0000000000,2026-07-31 12:00:00+08:00,9789.0000000000,0c6ee1912d85d1199616355f54042f7263627a41e8a3720982eca33d7a6e3dd3,1,,,,0,3.3666666667,2026-08-05T18:00:00+08:00
2026-08-10,S12,K05,0,0,Z3,0.0000000000,2026-07-31 12:00:00+08:00,9790.0000000000,d7e302c6aede1a4898e39be35268be2b5dbf7c2ec431d8a5ad7109bf83b6a252,1,,,,0,3.3666666667,2026-08-05T18:00:00+08:00
2026-08-10,S12,K06,0,0,Z3,0.0000000000,2026-07-31 12:00:00+08:00,9791.0000000000,462cc467c570ed317fdc71ba2e95dee489afeec1d73f15d617723b1bf538f37b,1,,,,0,3.3666666667,2026-08-05T18:00:00+08:00
2026-08-10,S12,K07,0,0,Z3,0.0000000000,2026-07-31 12:00:00+08:00,9792.0000000000,e0e4f441ad50cd13c78e33c05e59e332ef12548f84179d243e2eeef3d2fb538b,1,,,,0,3.3666666667,2026-08-05T18:00:00+08:00
2026-08-10,S12,K08,0,0,Z3,0.0000000000,2026-07-31 12:00:00+08:00,9793.0000000000,2ff812fec4ed8f1155677b901887820250ab630150eaac8510d25a2bcaa6079f,1,,,,0,3.3666666667,2026-08-05T18:00:00+08:00
2026-08-11,S01,K01,1,0,Z1,0.0000000000,2026-08-01 12:00:00+08:00,9794.0000000000,18602932b0f293407cc8a9d9d982546dea19fbbe22821fba052f19b766008032,1,,,,0,3.4000000000,2026-08-05T18:00:00+08:00
2026-08-11,S01,K02,1,0,Z1,0.0000000000,2026-08-01 12:00:00+08:00,9795.0000000000,7c9300be419d8323a1447201f9f0906cca44b27c807a600e6514b870a0a37a6d,1,,,,0,3.4000000000,2026-08-05T18:00:00+08:00
2026-08-11,S01,K03,1,0,Z1,0.0000000000,2026-08-01 12:00:00+08:00,9796.0000000000,34f61431c7b123d0548a127d807c47ff907a43f2e27aa4e74813025a57a4c25a,1,,,,0,3.4000000000,2026-08-05T18:00:00+08:00
2026-08-11,S01,K04,1,0,Z1,0.0000000000,2026-08-01 12:00:00+08:00,9797.0000000000,76da31b05b2521f73053e89e58ee0d482b87be3f57f86776581fc3a62eb55cdd,1,,,,0,3.4000000000,2026-08-05T18:00:00+08:00
2026-08-11,S01,K05,1,0,Z1,0.1500000000,2026-08-01 12:00:00+08:00,9798.0000000000,6d7061f0cf054194c11ddaaf5195d5b496a2464c8f895916f6e4927eae5fb692,1,,,,0,3.4000000000,2026-08-05T18:00:00+08:00
2026-08-11,S01,K06,1,0,Z1,0.1500000000,2026-08-01 12:00:00+08:00,9799.0000000000,a4f2118fe62358a490fd9d3733807cb8f06f655b816a318b41d411809f33b176,1,,,,0,3.4000000000,2026-08-05T18:00:00+08:00
2026-08-11,S01,K07,1,0,Z1,0.0000000000,2026-08-01 12:00:00+08:00,9800.0000000000,43781f0fe84292e4ce2dcb349e69a85558b7ad1cc9656821d9ed15326d382bff,1,,,,0,3.4000000000,2026-08-05T18:00:00+08:00
2026-08-11,S01,K08,1,0,Z1,0.0000000000,2026-08-01 12:00:00+08:00,9801.0000000000,c2e2794aa45e8d5e6d1c46dec71b013ce554d14a9c71c8cdb700733828db020e,1,,,,0,3.4000000000,2026-08-05T18:00:00+08:00
2026-08-11,S02,K01,1,0,Z1,0.0000000000,2026-08-01 12:00:00+08:00,9802.0000000000,59d542860515a4576be4338e9fee83bb9ff29ca1d5802aa6ed2b3f9e44e6713b,1,,,,0,3.4000000000,2026-08-05T18:00:00+08:00
2026-08-11,S02,K02,1,0,Z1,0.0000000000,2026-08-01 12:00:00+08:00,9803.0000000000,9da2851f3e81c26512a0b48c3179dd6880b7b80072ad0d2f3cbf9a50ba7202e1,1,,,,0,3.4000000000,2026-08-05T18:00:00+08:00
2026-08-11,S02,K03,1,0,Z1,0.0000000000,2026-08-01 12:00:00+08:00,9804.0000000000,93d357972721913c7d55339d0767e0f598ae55e9c7ba5558dbf7c408c70c4f84,1,,,,0,3.4000000000,2026-08-05T18:00:00+08:00
2026-08-11,S02,K04,1,0,Z1,0.1500000000,2026-08-01 12:00:00+08:00,9805.0000000000,9dc968f097b69c131ddf40ab93cb61fa84c0ef97b1e90b7dd459da5abc1b5c8e,1,,,,0,3.4000000000,2026-08-05T18:00:00+08:00
2026-08-11,S02,K05,1,0,Z1,0.1500000000,2026-08-01 12:00:00+08:00,9806.0000000000,fc1e8f3b9c43f21f490c82594b367db73bfeec0bd542dbaedd3ec6bda983884a,1,,,,0,3.4000000000,2026-08-05T18:00:00+08:00
2026-08-11,S02,K06,1,0,Z1,0.0000000000,2026-08-01 12:00:00+08:00,9807.0000000000,5066a3b4abc5c89101b9d9c6b6bb53101b7864b7ea6fbd7421b1d03d24262c25,1,,,,0,3.4000000000,2026-08-05T18:00:00+08:00
2026-08-11,S02,K07,1,0,Z1,0.0000000000,2026-08-01 12:00:00+08:00,9808.0000000000,fc2c3bab05ca905af5e1c98cd68717e7a5ac989ca8ca67b295b2b4473c64426e,1,,,,0,3.4000000000,2026-08-05T18:00:00+08:00
2026-08-11,S02,K08,1,0,Z1,0.0000000000,2026-08-01 12:00:00+08:00,9809.0000000000,06a5c5da126b7fb04a11382c39d3476abca1d011847d3c69267e51cca3e471d5,1,,,,0,3.4000000000,2026-08-05T18:00:00+08:00
2026-08-11,S03,K01,1,0,Z1,0.0000000000,2026-08-01 12:00:00+08:00,9810.0000000000,a635e160118c7608794d337a8eb773a8804cabead44de2e824643df1e2e6a9d4,1,,,,0,3.4000000000,2026-08-05T18:00:00+08:00
2026-08-11,S03,K02,1,0,Z1,0.1500000000,2026-08-01 12:00:00+08:00,9811.0000000000,cc42418560f9b0c4d3195e08c6b8222962124353b3b3ffcdd332cbc468d4715d,1,,,,0,3.4000000000,2026-08-05T18:00:00+08:00
2026-08-11,S03,K03,1,0,Z1,0.1500000000,2026-08-01 12:00:00+08:00,9812.0000000000,6456a5c569fdab8bf8568a3c9aa6c5914b09cd1b7cf8ad0cb42ba405f1c58f98,1,,,,0,3.4000000000,2026-08-05T18:00:00+08:00
2026-08-11,S03,K04,1,0,Z1,0.0000000000,2026-08-01 12:00:00+08:00,9813.0000000000,bb463c51eab7e4f8456104fbb0ab51854d158aedfdc50c2bd04fbc07d4ac2fcc,1,,,,0,3.4000000000,2026-08-05T18:00:00+08:00
2026-08-11,S03,K05,1,0,Z1,0.0000000000,2026-08-01 12:00:00+08:00,9814.0000000000,3d1d45a670b9c454c74be8e3504e71d243c722eecdbfa4f46348fead912cbe79,1,,,,0,3.4000000000,2026-08-05T18:00:00+08:00
2026-08-11,S03,K06,1,0,Z1,0.0000000000,2026-08-01 12:00:00+08:00,9815.0000000000,1086ddb632e3bba6c5cea7cb501671f426beeefd38d2711540cd59dd0edcb21b,1,,,,0,3.4000000000,2026-08-05T18:00:00+08:00
2026-08-11,S03,K07,1,0,Z1,0.0000000000,2026-08-01 12:00:00+08:00,9816.0000000000,cea3a1c37a048da49a7eb4612394fff527ed1e4dd477b3e1bc64e248a6ff3445,1,,,,0,3.4000000000,2026-08-05T18:00:00+08:00
2026-08-11,S03,K08,1,0,Z1,0.0000000000,2026-08-01 12:00:00+08:00,9817.0000000000,7e3c836a14143e09dd330028dc0084162ecfceef69bd680dd18090e73e166fc2,1,,,,0,3.4000000000,2026-08-05T18:00:00+08:00
2026-08-11,S04,K01,1,0,Z1,0.1500000000,2026-08-01 12:00:00+08:00,9818.0000000000,c663736a6c7dbc0b30afe08f2fd78861a7214ee764c3ce7aa470d8af3b3a8085,1,,,,0,3.4000000000,2026-08-05T18:00:00+08:00
2026-08-11,S04,K02,1,0,Z1,0.1500000000,2026-08-01 12:00:00+08:00,9819.0000000000,96c9d2ea3871becd5092bfdcf572fe4e0309aac644ba1731e03736e7dbce3287,1,,,,0,3.4000000000,2026-08-05T18:00:00+08:00
2026-08-11,S04,K03,1,0,Z1,0.0000000000,2026-08-01 12:00:00+08:00,9820.0000000000,533ce9c8bc6b519991ba7e431bf8e6c6bdb776a949bf7be83afc13a177eda937,1,,,,0,3.4000000000,2026-08-05T18:00:00+08:00
2026-08-11,S04,K04,1,0,Z1,0.0000000000,2026-08-01 12:00:00+08:00,9821.0000000000,28b0cfbf7ca02390acdc43605fe5ba5fd29be88458ae5a2236eca5c12587c2ec,1,,,,0,3.4000000000,2026-08-05T18:00:00+08:00
2026-08-11,S04,K05,1,0,Z1,0.0000000000,2026-08-01 12:00:00+08:00,9822.0000000000,55cc1e419c3ef1cc15afcbf49047428b8ac51b64f506b7825b5cb15ca41e1e9a,1,,,,0,3.4000000000,2026-08-05T18:00:00+08:00
2026-08-11,S04,K06,1,0,Z1,0.0000000000,2026-08-01 12:00:00+08:00,9823.0000000000,577468bf793552a96896b29822ce498aa60d0cc5cc1d39651d72411c17be1cb8,1,,,,0,3.4000000000,2026-08-05T18:00:00+08:00
2026-08-11,S04,K07,1,0,Z1,0.0000000000,2026-08-01 12:00:00+08:00,9824.0000000000,4db7eff988f666b085610c77f061dac534c208ad192995ca9bf8624c265701f6,1,,,,0,3.4000000000,2026-08-05T18:00:00+08:00
2026-08-11,S04,K08,1,0,Z1,0.0000000000,2026-08-01 12:00:00+08:00,9825.0000000000,c517dea97faa159f2057f94eb8abb6f410a0b14b915889efe472c7eb458da02f,1,,,,0,3.4000000000,2026-08-05T18:00:00+08:00
2026-08-11,S05,K01,1,0,Z2,0.0000000000,2026-08-01 12:00:00+08:00,9826.0000000000,bf88168f8013608f73a307e224c3cd3588e9e4eb097449c173ca2cf60340cfce,1,,,,0,3.4000000000,2026-08-05T18:00:00+08:00
2026-08-11,S05,K02,1,0,Z2,0.0000000000,2026-08-01 12:00:00+08:00,9827.0000000000,c13f5dcac206e113728e555a854433cc39167c5cabfd2b599c4cdd79cddbc3f9,1,,,,0,3.4000000000,2026-08-05T18:00:00+08:00
2026-08-11,S05,K03,1,0,Z2,0.0000000000,2026-08-01 12:00:00+08:00,9828.0000000000,67e14d6d24fed33e28d2ba1966ed70da11e6e6fa86525e3068df841be4c79914,1,,,,0,3.4000000000,2026-08-05T18:00:00+08:00
2026-08-11,S05,K04,1,0,Z2,0.0000000000,2026-08-01 12:00:00+08:00,9829.0000000000,e1f5380a18d5b977e771b33d867e89e288d16a4edd0cb0ca777203de4ecb3600,1,,,,0,3.4000000000,2026-08-05T18:00:00+08:00
2026-08-11,S05,K05,1,0,Z2,0.0000000000,2026-08-01 12:00:00+08:00,9830.0000000000,151286e30f356f74456dc3ae67e66c835bba3f393406ec190ffd59152dd13493,1,,,,0,3.4000000000,2026-08-05T18:00:00+08:00
2026-08-11,S05,K06,1,0,Z2,0.0000000000,2026-08-01 12:00:00+08:00,9831.0000000000,0c70c89c462c0d94f23342278116272397e14bf4940ed05ee1c295d296f487b9,1,,,,0,3.4000000000,2026-08-05T18:00:00+08:00
2026-08-11,S05,K07,1,0,Z2,0.0000000000,2026-08-01 12:00:00+08:00,9832.0000000000,722bb09458d8c663e62de613094d8fbf16ec62668d82fe68a208a28f04096051,1,,,,0,3.4000000000,2026-08-05T18:00:00+08:00
2026-08-11,S05,K08,1,0,Z2,0.0000000000,2026-08-01 12:00:00+08:00,9833.0000000000,67926cdd512d3c8b87f3b8993db868b6c57cdb795b6ef3f97900d14c403048df,1,,,,0,3.4000000000,2026-08-05T18:00:00+08:00
2026-08-11,S06,K01,1,0,Z2,0.0000000000,2026-08-01 12:00:00+08:00,9834.0000000000,1cd0121e2a3538102463bd2bb34475c8bc33743a1487b17664ee672deab16ad8,1,,,,0,3.4000000000,2026-08-05T18:00:00+08:00
2026-08-11,S06,K02,1,0,Z2,0.0000000000,2026-08-01 12:00:00+08:00,9835.0000000000,1b9ecdac6d20cbbcf22c0bbfb4569e0d470bc9fda185b2525ae8e5956e870b2c,1,,,,0,3.4000000000,2026-08-05T18:00:00+08:00
2026-08-11,S06,K03,1,0,Z2,0.0000000000,2026-08-01 12:00:00+08:00,9836.0000000000,71303e55834ed26d49b9dc7980a27f23cf5bc308d9f87b63f7d56ddf33127996,1,,,,0,3.4000000000,2026-08-05T18:00:00+08:00
2026-08-11,S06,K04,1,0,Z2,0.0000000000,2026-08-01 12:00:00+08:00,9837.0000000000,3b884534815d39b08fa87ef533aca38abf1c52b2b2fdea8678b2b51d84cef7e0,1,,,,0,3.4000000000,2026-08-05T18:00:00+08:00
2026-08-11,S06,K05,1,0,Z2,0.0000000000,2026-08-01 12:00:00+08:00,9838.0000000000,936f1061180ec1309d298eab17e53ff40ca6a95ca2acddf759abed913d727320,1,,,,0,3.4000000000,2026-08-05T18:00:00+08:00
2026-08-11,S06,K06,1,0,Z2,0.0000000000,2026-08-01 12:00:00+08:00,9839.0000000000,7ab6e49343eb2afcbf92e27b7611b31d37a7725c0b518cd27b766b8ca2f5d08e,1,,,,0,3.4000000000,2026-08-05T18:00:00+08:00
2026-08-11,S06,K07,1,0,Z2,0.0000000000,2026-08-01 12:00:00+08:00,9840.0000000000,7b645e0ffc658981314de33ad3bf494af548701ff044c07b23020d40d6a11aeb,1,,,,0,3.4000000000,2026-08-05T18:00:00+08:00
2026-08-11,S06,K08,1,0,Z2,0.0000000000,2026-08-01 12:00:00+08:00,9841.0000000000,cd11cd06fd65ed21ee25987919fd217e0218270ac6bcd0a5c342813f491b4aeb,1,,,,0,3.4000000000,2026-08-05T18:00:00+08:00
2026-08-11,S07,K01,1,0,Z2,0.0000000000,2026-08-01 12:00:00+08:00,9842.0000000000,fcbe7b570c00079f0a4bd451b815da3051cb0e67c669f0e3db7480f67b525d20,1,,,,0,3.4000000000,2026-08-05T18:00:00+08:00
2026-08-11,S07,K02,1,0,Z2,0.0000000000,2026-08-01 12:00:00+08:00,9843.0000000000,07b7ceac9136ffd4594b74ddf57d4a58bdc1795e2fb05ece98a97b46bc94a282,1,,,,0,3.4000000000,2026-08-05T18:00:00+08:00
2026-08-11,S07,K03,1,0,Z2,0.0000000000,2026-08-01 12:00:00+08:00,9844.0000000000,e86cfdc272554361c0ebf8605300b95a45fd3a1841af4de60332dfd541bbb5ea,1,,,,0,3.4000000000,2026-08-05T18:00:00+08:00
2026-08-11,S07,K04,1,0,Z2,0.0000000000,2026-08-01 12:00:00+08:00,9845.0000000000,07c2e5f7c62f133274958e6c301d7a706df773ca611f91501d2ab8f65bc2fa40,1,,,,0,3.4000000000,2026-08-05T18:00:00+08:00
2026-08-11,S07,K05,1,0,Z2,0.0000000000,2026-08-01 12:00:00+08:00,9846.0000000000,a31aa34494ed756ebb96476eea2aec31c9498d592f688b5c06ec62190c97b471,1,,,,0,3.4000000000,2026-08-05T18:00:00+08:00
2026-08-11,S07,K06,1,0,Z2,0.0000000000,2026-08-01 12:00:00+08:00,9847.0000000000,55bd77986c70b6d5391325faac0fe8afb2c59d30e19ceb09e0ec33db64fc7214,1,,,,0,3.4000000000,2026-08-05T18:00:00+08:00
2026-08-11,S07,K07,1,0,Z2,0.0000000000,2026-08-01 12:00:00+08:00,9848.0000000000,528ce71079f844f3b5a1ee5a588d42c6df012e88d2e023961c149f46c3a7ba3c,1,,,,0,3.4000000000,2026-08-05T18:00:00+08:00
2026-08-11,S07,K08,1,0,Z2,0.1500000000,2026-08-01 12:00:00+08:00,9849.0000000000,edaf632027a0b7e504c33a758458af98512baad99ae73d124399694cd667691b,1,,,,0,3.4000000000,2026-08-05T18:00:00+08:00
2026-08-11,S08,K01,1,0,Z2,0.0000000000,2026-08-01 12:00:00+08:00,9850.0000000000,ab6d62619a449a91d514b588ddf335a0612c7366a5164e4783a812a8b3c23aa6,1,,,,0,3.4000000000,2026-08-05T18:00:00+08:00
2026-08-11,S08,K02,1,0,Z2,0.0000000000,2026-08-01 12:00:00+08:00,9851.0000000000,29de1aa468f1ee63969bd8af17eaf30464e810866b8ca00bc79e4370e9784be0,1,,,,0,3.4000000000,2026-08-05T18:00:00+08:00
2026-08-11,S08,K03,1,0,Z2,0.0000000000,2026-08-01 12:00:00+08:00,9852.0000000000,fe69edb0209d061276c7f07ee1bf0b4f377bd30092e9bbb65285036cc6827135,1,,,,0,3.4000000000,2026-08-05T18:00:00+08:00
2026-08-11,S08,K04,1,0,Z2,0.0000000000,2026-08-01 12:00:00+08:00,9853.0000000000,17d2c6422deee60d16eacc411163a855dabb5b35406d06ba0b0840b6d2deee65,1,,,,0,3.4000000000,2026-08-05T18:00:00+08:00
2026-08-11,S08,K05,1,0,Z2,0.0000000000,2026-08-01 12:00:00+08:00,9854.0000000000,1e64bddfedc237680090f2246512507e359fd28baeb5c8f856c039ccda309968,1,,,,0,3.4000000000,2026-08-05T18:00:00+08:00
2026-08-11,S08,K06,1,0,Z2,0.1500000000,2026-08-01 12:00:00+08:00,9855.0000000000,03cfbbfdba9f0293e6b09f035767b19a3f09d13e70b08d13f2f2e51e3c07ba65,1,,,,0,3.4000000000,2026-08-05T18:00:00+08:00
2026-08-11,S08,K07,1,0,Z2,0.1500000000,2026-08-01 12:00:00+08:00,9856.0000000000,36151cd6da2ff2453c43bf53b1db619bbf2d9b6baf8afe2793c48648667f106d,1,,,,0,3.4000000000,2026-08-05T18:00:00+08:00
2026-08-11,S08,K08,1,0,Z2,0.0000000000,2026-08-01 12:00:00+08:00,9857.0000000000,cb41e93c11964d3b537e9d8c0ed197cf67e210c6cb7b8822adf2a0bd5b71aac6,1,,,,0,3.4000000000,2026-08-05T18:00:00+08:00
2026-08-11,S09,K01,1,0,Z3,0.0000000000,2026-08-01 12:00:00+08:00,9858.0000000000,588890e9a57b7bb7fc407dfacc1b4ee9f01e8dbd1285824a39b751012ab5895a,1,,,,0,3.4000000000,2026-08-05T18:00:00+08:00
2026-08-11,S09,K02,1,0,Z3,0.0000000000,2026-08-01 12:00:00+08:00,9859.0000000000,7cd1ef8fea8fd420d965d319d273c79f540287939840385df5e6dffdc188902f,1,,,,0,3.4000000000,2026-08-05T18:00:00+08:00
2026-08-11,S09,K03,1,0,Z3,0.0000000000,2026-08-01 12:00:00+08:00,9860.0000000000,e42a8f573511d46adae94c4f65ea154309360b694ace41a3fff3a0b64d7b5e9b,1,,,,0,3.4000000000,2026-08-05T18:00:00+08:00
2026-08-11,S09,K04,1,0,Z3,0.0000000000,2026-08-01 12:00:00+08:00,9861.0000000000,3db985bec545e4cfb19b781e86a4c29651fbd13d3e9873dca1bec58297c00feb,1,,,,0,3.4000000000,2026-08-05T18:00:00+08:00
2026-08-11,S09,K05,1,0,Z3,0.1500000000,2026-08-01 12:00:00+08:00,9862.0000000000,b895c1440bacd4a945e371e760e20ffd552bf1c302dea311036b17e5f6fa130a,1,,,,0,3.4000000000,2026-08-05T18:00:00+08:00
2026-08-11,S09,K06,1,0,Z3,0.1500000000,2026-08-01 12:00:00+08:00,9863.0000000000,92ff386ad0df1c818679e3bbc2743cbc0a707d3ad5b22dead2c854b0ec24bd56,1,,,,0,3.4000000000,2026-08-05T18:00:00+08:00
2026-08-11,S09,K07,1,0,Z3,0.0000000000,2026-08-01 12:00:00+08:00,9864.0000000000,0798fcefe7cff766a6618550740b1ab93e9f763d358c439ba3d4361eedc505cf,1,,,,0,3.4000000000,2026-08-05T18:00:00+08:00
2026-08-11,S09,K08,1,0,Z3,0.0000000000,2026-08-01 12:00:00+08:00,9865.0000000000,9e26f336de530f5f19be19b1b8ba25d6f6a8cbaca819285009638a02ec59ccc9,1,,,,0,3.4000000000,2026-08-05T18:00:00+08:00
2026-08-11,S10,K01,1,0,Z3,0.0000000000,2026-08-01 12:00:00+08:00,9866.0000000000,1c27c1c2ff741b783e38cec3760d9e1fc5742345c716be0d400f2643cfe75716,1,,,,0,3.4000000000,2026-08-05T18:00:00+08:00
2026-08-11,S10,K02,1,0,Z3,0.0000000000,2026-08-01 12:00:00+08:00,9867.0000000000,162c01a32609c8d29dc8c2a5c00b7c93351a709ccf5041a1cbaa11125dfe6335,1,,,,0,3.4000000000,2026-08-05T18:00:00+08:00
2026-08-11,S10,K03,1,0,Z3,0.1500000000,2026-08-01 12:00:00+08:00,9868.0000000000,37572d45fae166cdc7b8a8676eea07001f4dba7f409cc4e57809343d24c7e02a,1,,,,0,3.4000000000,2026-08-05T18:00:00+08:00
2026-08-11,S10,K04,1,0,Z3,0.1500000000,2026-08-01 12:00:00+08:00,9869.0000000000,6a222f96c11ddabca399df1181531496a00dfdfc79ee76125d05308ab314b530,1,,,,0,3.4000000000,2026-08-05T18:00:00+08:00
2026-08-11,S10,K05,1,0,Z3,0.0000000000,2026-08-01 12:00:00+08:00,9870.0000000000,e67bc22d449fa0b1478c1e502432c12ebab10b4af93aff5282e6d07ac4e8e416,1,,,,0,3.4000000000,2026-08-05T18:00:00+08:00
2026-08-11,S10,K06,1,0,Z3,0.0000000000,2026-08-01 12:00:00+08:00,9871.0000000000,004cd45e0105866a036920a12d2ab164eaca8296ba755377b2fae09d23339990,1,,,,0,3.4000000000,2026-08-05T18:00:00+08:00
2026-08-11,S10,K07,1,0,Z3,0.0000000000,2026-08-01 12:00:00+08:00,9872.0000000000,e316677ffcaa556f347ac14c449ae3e474a1e978b5de6bfbe5752f86656dab7d,1,,,,0,3.4000000000,2026-08-05T18:00:00+08:00
2026-08-11,S10,K08,1,0,Z3,0.0000000000,2026-08-01 12:00:00+08:00,9873.0000000000,434978d6a400e986a78eb8240154075dc936019a39178df3a80836f09aa99cba,1,,,,0,3.4000000000,2026-08-05T18:00:00+08:00
2026-08-11,S11,K01,1,0,Z3,0.0000000000,2026-08-01 12:00:00+08:00,9874.0000000000,06f6b0498108054f80c8e7c1cc005698c54aa803bbdd741f06c43d6086fad9e1,1,,,,0,3.4000000000,2026-08-05T18:00:00+08:00
2026-08-11,S11,K02,1,0,Z3,0.1500000000,2026-08-01 12:00:00+08:00,9875.0000000000,bc0ae7651dc93c5152f0c66ac397bf6b36e2b787fe5f9288cfcd2704324ddb5d,1,,,,0,3.4000000000,2026-08-05T18:00:00+08:00
2026-08-11,S11,K03,1,0,Z3,0.1500000000,2026-08-01 12:00:00+08:00,9876.0000000000,2d72d7c83f74a3e56942e12e87204bfd7d067cc5c8df21de1dc10b6b700eceba,1,,,,0,3.4000000000,2026-08-05T18:00:00+08:00
2026-08-11,S11,K04,1,0,Z3,0.0000000000,2026-08-01 12:00:00+08:00,9877.0000000000,d5c52a03b593a025a199204ef03fe3aa35ea867c770ce756a96ef7318b5ba19d,1,,,,0,3.4000000000,2026-08-05T18:00:00+08:00
2026-08-11,S11,K05,1,0,Z3,0.0000000000,2026-08-01 12:00:00+08:00,9878.0000000000,d1f531c85defed2f57fc1a5a6c618a3c43018bb44631c8ad6176ed0da50d2528,1,,,,0,3.4000000000,2026-08-05T18:00:00+08:00
2026-08-11,S11,K06,1,0,Z3,0.0000000000,2026-08-01 12:00:00+08:00,9879.0000000000,b099a89f04241d98fac4b71c1bb7a8dfba3e9334c8b6fd68094f1876e780e2d2,1,,,,0,3.4000000000,2026-08-05T18:00:00+08:00
2026-08-11,S11,K07,1,0,Z3,0.0000000000,2026-08-01 12:00:00+08:00,9880.0000000000,db6eacf045be9799fac76d1c5d3c4601b79d5e4ddac11f784960eab560b0b1ff,1,,,,0,3.4000000000,2026-08-05T18:00:00+08:00
2026-08-11,S11,K08,1,0,Z3,0.0000000000,2026-08-01 12:00:00+08:00,9881.0000000000,c588f9a10379ab2f5f31d5d8e407e7f125ea1f97ee5adc4548eee1043d3ecc48,1,,,,0,3.4000000000,2026-08-05T18:00:00+08:00
2026-08-11,S12,K01,1,0,Z3,0.1500000000,2026-08-01 12:00:00+08:00,9882.0000000000,e8854879cbf5e94cb9d4247a5fd3c3976918b1f6576cc4629430da2022541119,1,,,,0,3.4000000000,2026-08-05T18:00:00+08:00
2026-08-11,S12,K02,1,0,Z3,0.0000000000,2026-08-01 12:00:00+08:00,9883.0000000000,ebcaa7dc2b85bbc6d9091969be4286c0b47c619fac2ac525c54a182a54bf446a,1,,,,0,3.4000000000,2026-08-05T18:00:00+08:00
2026-08-11,S12,K03,1,0,Z3,0.0000000000,2026-08-01 12:00:00+08:00,9884.0000000000,bd52f611b52b736c36ee1b00f1a32b692cc3131419aad356ec7d176f2efbf881,1,,,,0,3.4000000000,2026-08-05T18:00:00+08:00
2026-08-11,S12,K04,1,0,Z3,0.0000000000,2026-08-01 12:00:00+08:00,9885.0000000000,d2f15903eeea6be2a20985f990882f7ece8cf512b635ad4ccb8f2bc468552152,1,,,,0,3.4000000000,2026-08-05T18:00:00+08:00
2026-08-11,S12,K05,1,0,Z3,0.0000000000,2026-08-01 12:00:00+08:00,9886.0000000000,7c7731de3c2553bc19afc6be3425fa752bb19274b615464ee3d0b4389b0575b8,1,,,,0,3.4000000000,2026-08-05T18:00:00+08:00
2026-08-11,S12,K06,1,0,Z3,0.0000000000,2026-08-01 12:00:00+08:00,9887.0000000000,15f41735d2fb136900d9a96cae600a1e631a70be0749452de3ff7e15b2bf8100,1,,,,0,3.4000000000,2026-08-05T18:00:00+08:00
2026-08-11,S12,K07,1,0,Z3,0.0000000000,2026-08-01 12:00:00+08:00,9888.0000000000,d4a9442715ce64952f8ba89fe9cbcd6b5ef7566520eb78a634b560405f04530c,1,,,,0,3.4000000000,2026-08-05T18:00:00+08:00
2026-08-11,S12,K08,1,0,Z3,0.0000000000,2026-08-01 12:00:00+08:00,9889.0000000000,00e3c71d260e76025306271c322693b252b4225c072a3ea792512836cc881b2c,1,,,,0,3.4000000000,2026-08-05T18:00:00+08:00
2026-08-12,S01,K01,2,0,Z1,0.0000000000,2026-08-02 12:00:00+08:00,9890.0000000000,5f586849771f8cbea6ff4bfeeffa00b68b7bd428f01d2101ec0be5903f0c6a48,1,,,,0,3.4333333333,2026-08-05T18:00:00+08:00
2026-08-12,S01,K02,2,0,Z1,0.0000000000,2026-08-02 12:00:00+08:00,9891.0000000000,895e42a16b58292fbdfe03dc32a3675eb4cdbe968d57a1f580cf2030351c507c,1,,,,0,3.4333333333,2026-08-05T18:00:00+08:00
2026-08-12,S01,K03,2,0,Z1,0.0000000000,2026-08-02 12:00:00+08:00,9892.0000000000,62ceefc37b05fd260eb8c8bcbaf7c756af755f1e062c6597cd5171583571d797,1,,,,0,3.4333333333,2026-08-05T18:00:00+08:00
2026-08-12,S01,K04,2,0,Z1,0.0000000000,2026-08-02 12:00:00+08:00,9893.0000000000,7734bd07e61b6f32e3c6f73d8e4a50c0089173699af66747ea22cad6a93d9506,1,,,,0,3.4333333333,2026-08-05T18:00:00+08:00
2026-08-12,S01,K05,2,0,Z1,0.1500000000,2026-08-02 12:00:00+08:00,9894.0000000000,19933132886b206e15de6de4b90fb172472662d7712637b3d62e4eb25a97ab65,1,,,,0,3.4333333333,2026-08-05T18:00:00+08:00
2026-08-12,S01,K06,2,0,Z1,0.1500000000,2026-08-02 12:00:00+08:00,9895.0000000000,d15b99a60f69f5badfec8b28f4dca54f43bf221a81da7826420ce39de13a1b04,1,,,,0,3.4333333333,2026-08-05T18:00:00+08:00
2026-08-12,S01,K07,2,0,Z1,0.0000000000,2026-08-02 12:00:00+08:00,9896.0000000000,22ffdd933d291b0152ef258f957423db3f13cd29dd5a67707968c56481dcb324,1,,,,0,3.4333333333,2026-08-05T18:00:00+08:00
2026-08-12,S01,K08,2,0,Z1,0.0000000000,2026-08-02 12:00:00+08:00,9897.0000000000,b82a3082475c3549adc909c46c5cbfe80ab0df292501fa57bfc98c1d4e804f11,1,,,,0,3.4333333333,2026-08-05T18:00:00+08:00
2026-08-12,S02,K01,2,0,Z1,0.0000000000,2026-08-02 12:00:00+08:00,9898.0000000000,9cbc5569f189beedc91e9913cd6e5ae57ba3b93ea36bb32d8ac5d89eaadfaa65,1,,,,0,3.4333333333,2026-08-05T18:00:00+08:00
2026-08-12,S02,K02,2,0,Z1,0.0000000000,2026-08-02 12:00:00+08:00,9899.0000000000,e76462a59de3a6b1c3d0e49168c4a017045bc2a15284840b4dec9090bb6fa3d7,1,,,,0,3.4333333333,2026-08-05T18:00:00+08:00
2026-08-12,S02,K03,2,0,Z1,0.1500000000,2026-08-02 12:00:00+08:00,9900.0000000000,d296f20795eb36e64af41cf8284bc6fed4cb36444da9dda0732b6d8ff9e3a430,1,,,,0,3.4333333333,2026-08-05T18:00:00+08:00
2026-08-12,S02,K04,2,0,Z1,0.1500000000,2026-08-02 12:00:00+08:00,9901.0000000000,dd5f9c61f497f214228c882c93f8005b9734bf96d0d3cd527eed2f953c77e271,1,,,,0,3.4333333333,2026-08-05T18:00:00+08:00
2026-08-12,S02,K05,2,0,Z1,0.0000000000,2026-08-02 12:00:00+08:00,9902.0000000000,420875853804c2ed521549cda1748b5c89c1779ba0171cc9efd20999f97d24a9,1,,,,0,3.4333333333,2026-08-05T18:00:00+08:00
2026-08-12,S02,K06,2,0,Z1,0.0000000000,2026-08-02 12:00:00+08:00,9903.0000000000,f8a0ca33e3a68948d315a08cb5cc55512d52a2eed3c4bec6021b60a8a7325b8e,1,,,,0,3.4333333333,2026-08-05T18:00:00+08:00
2026-08-12,S02,K07,2,0,Z1,0.0000000000,2026-08-02 12:00:00+08:00,9904.0000000000,08ea6f1ddfe9a17927c3e95201d1a8e0c9939a8b11836ac0edc83ef4e869d3d5,1,,,,0,3.4333333333,2026-08-05T18:00:00+08:00
2026-08-12,S02,K08,2,0,Z1,0.0000000000,2026-08-02 12:00:00+08:00,9905.0000000000,eb02fc10d5c6a4486a3d60e46ed6da963cbb70e95f4b3a3485c874a9ddc2cf78,1,,,,0,3.4333333333,2026-08-05T18:00:00+08:00
2026-08-12,S03,K01,2,0,Z1,0.0000000000,2026-08-02 12:00:00+08:00,9906.0000000000,3621fa788f02dc31c15d8c19cce52647983c3259a3be4055f9df36b0b5679620,1,,,,0,3.4333333333,2026-08-05T18:00:00+08:00
2026-08-12,S03,K02,2,0,Z1,0.1500000000,2026-08-02 12:00:00+08:00,9907.0000000000,09d2647946450d1ed0f54655884c80c820fbee472a168db83a26c668596a80c2,1,,,,0,3.4333333333,2026-08-05T18:00:00+08:00
2026-08-12,S03,K03,2,0,Z1,0.1500000000,2026-08-02 12:00:00+08:00,9908.0000000000,29bef9a0a678961d23609bfc231ea52ee8ed736e3b344a535bc6eeffc2ec9332,1,,,,0,3.4333333333,2026-08-05T18:00:00+08:00
2026-08-12,S03,K04,2,0,Z1,0.0000000000,2026-08-02 12:00:00+08:00,9909.0000000000,2ea3e745b7fbb0f83a19073802af4adb4d14bf507233f0bb67e4efa4b19c41a6,1,,,,0,3.4333333333,2026-08-05T18:00:00+08:00
2026-08-12,S03,K05,2,0,Z1,0.0000000000,2026-08-02 12:00:00+08:00,9910.0000000000,fb70b0f74df019adcbfccbc2f6c8107dcf9fb7d208a210f7d7334364fe595e9f,1,,,,0,3.4333333333,2026-08-05T18:00:00+08:00
2026-08-12,S03,K06,2,0,Z1,0.0000000000,2026-08-02 12:00:00+08:00,9911.0000000000,ac47c5fc8a2d6b698f13cc33fa301182b6c12fa8746bbb8519c3afafe7bc6c56,1,,,,0,3.4333333333,2026-08-05T18:00:00+08:00
2026-08-12,S03,K07,2,0,Z1,0.0000000000,2026-08-02 12:00:00+08:00,9912.0000000000,de127dd6d51b5b1157a16a9c394d1d5bf4acff92a5e6182c8e419cd88ddc6a30,1,,,,0,3.4333333333,2026-08-05T18:00:00+08:00
2026-08-12,S03,K08,2,0,Z1,0.0000000000,2026-08-02 12:00:00+08:00,9913.0000000000,69f2b534a9a4af01865a8da060138feb601d1bebf214743f0d9261bf55bd95b1,1,,,,0,3.4333333333,2026-08-05T18:00:00+08:00
2026-08-12,S04,K01,2,0,Z1,0.1500000000,2026-08-02 12:00:00+08:00,9914.0000000000,7c65db48a996b51897be35cc024faca94d5ff03820b7389dbc029b089fd98775,1,,,,0,3.4333333333,2026-08-05T18:00:00+08:00
2026-08-12,S04,K02,2,0,Z1,0.0000000000,2026-08-02 12:00:00+08:00,9915.0000000000,82b96d77330fa5c5f91a9490d725d788b61311dcfdae82f73b6dbe6a61767203,1,,,,0,3.4333333333,2026-08-05T18:00:00+08:00
2026-08-12,S04,K03,2,0,Z1,0.0000000000,2026-08-02 12:00:00+08:00,9916.0000000000,d944bda2bad5771a130d5cf2cbf81843721043a09bfdfc0b76391b9527a8fd08,1,,,,0,3.4333333333,2026-08-05T18:00:00+08:00
2026-08-12,S04,K04,2,0,Z1,0.0000000000,2026-08-02 12:00:00+08:00,9917.0000000000,b0c69fb82fa3586be14a623d32f6e3bf0bc5cba5bd5abe1e392f3fa660f67d8f,1,,,,0,3.4333333333,2026-08-05T18:00:00+08:00
2026-08-12,S04,K05,2,0,Z1,0.0000000000,2026-08-02 12:00:00+08:00,9918.0000000000,dc5e8b8928b743e98099eb0392f5d4d8b59c346436e732835b5009b611eb7b87,1,,,,0,3.4333333333,2026-08-05T18:00:00+08:00
2026-08-12,S04,K06,2,0,Z1,0.0000000000,2026-08-02 12:00:00+08:00,9919.0000000000,6030618e130c69d5d4e90399c8584961db49eeac16450931b0c26f92fbd20877,1,,,,0,3.4333333333,2026-08-05T18:00:00+08:00
2026-08-12,S04,K07,2,0,Z1,0.0000000000,2026-08-02 12:00:00+08:00,9920.0000000000,1b6cfcc50bcac35fd6c3e6d2c8f370d5fec38010e37e2db8e792a7bcd3583bf4,1,,,,0,3.4333333333,2026-08-05T18:00:00+08:00
2026-08-12,S04,K08,2,0,Z1,0.0000000000,2026-08-02 12:00:00+08:00,9921.0000000000,823b7e9a52f6de413724e4777c683d304810e778ee695c9b2076c65fdf8bef35,1,,,,0,3.4333333333,2026-08-05T18:00:00+08:00
2026-08-12,S05,K01,2,0,Z2,0.0000000000,2026-08-02 12:00:00+08:00,9922.0000000000,5468d04cfecb544e93ca17f9ee362073fddd2088120dcfffde2436b9367a5435,1,,,,0,3.4333333333,2026-08-05T18:00:00+08:00
2026-08-12,S05,K02,2,0,Z2,0.0000000000,2026-08-02 12:00:00+08:00,9923.0000000000,b44630cf9a909c84ac10a73105f6fe5c1b1a3fd6e8b1fa71914a8e11361d351e,1,,,,0,3.4333333333,2026-08-05T18:00:00+08:00
2026-08-12,S05,K03,2,0,Z2,0.0000000000,2026-08-02 12:00:00+08:00,9924.0000000000,f07bde57b6a53bb6346892a438d59395484fc81b01552bc38b27be02bb1ab173,1,,,,0,3.4333333333,2026-08-05T18:00:00+08:00
2026-08-12,S05,K04,2,0,Z2,0.0000000000,2026-08-02 12:00:00+08:00,9925.0000000000,348b351e7385c56a32eabf690ef7ba88d024316c4c624114653be452a1595d3b,1,,,,0,3.4333333333,2026-08-05T18:00:00+08:00
2026-08-12,S05,K05,2,0,Z2,0.0000000000,2026-08-02 12:00:00+08:00,9926.0000000000,ac6e707ae6bb6f4469c589567a54b87ff57281de696b3d66a2a8b6192215d601,1,,,,0,3.4333333333,2026-08-05T18:00:00+08:00
2026-08-12,S05,K06,2,0,Z2,0.0000000000,2026-08-02 12:00:00+08:00,9927.0000000000,2c7902192879daa77ab5c6e7a0c90594547060e46ab6b1d9d487a61f0a7c4c91,1,,,,0,3.4333333333,2026-08-05T18:00:00+08:00
2026-08-12,S05,K07,2,0,Z2,0.0000000000,2026-08-02 12:00:00+08:00,9928.0000000000,bca49ff544a60d5a72ad74acfc90c796c69dad26e211de56c191a2a55a87eb87,1,,,,0,3.4333333333,2026-08-05T18:00:00+08:00
2026-08-12,S05,K08,2,0,Z2,0.0000000000,2026-08-02 12:00:00+08:00,9929.0000000000,865d416abc90d69a58953f6c3166efadf55fcf420362a0917a4b3de652bf4410,1,,,,0,3.4333333333,2026-08-05T18:00:00+08:00
2026-08-12,S06,K01,2,0,Z2,0.0000000000,2026-08-02 12:00:00+08:00,9930.0000000000,c339cfb1dbc0394e6e2486ef1530b4f0b5c72c879994d536e79503dae5ef6dc0,1,,,,0,3.4333333333,2026-08-05T18:00:00+08:00
2026-08-12,S06,K02,2,0,Z2,0.0000000000,2026-08-02 12:00:00+08:00,9931.0000000000,4ad3ee5ce43742365ef377c14eb05ef204a261966fed532eb9dfacf6f267e5d0,1,,,,0,3.4333333333,2026-08-05T18:00:00+08:00
2026-08-12,S06,K03,2,0,Z2,0.0000000000,2026-08-02 12:00:00+08:00,9932.0000000000,b57bd880cd26cc2e7f13d1f2ea67006c4d8f5de789ca67940b85743249599557,1,,,,0,3.4333333333,2026-08-05T18:00:00+08:00
2026-08-12,S06,K04,2,0,Z2,0.0000000000,2026-08-02 12:00:00+08:00,9933.0000000000,08d1f8e04ac6f206c7bd44a187225dc6501af58ccc86df278f4344f50a0e3bb8,1,,,,0,3.4333333333,2026-08-05T18:00:00+08:00
2026-08-12,S06,K05,2,0,Z2,0.0000000000,2026-08-02 12:00:00+08:00,9934.0000000000,38ea61f632712c8a3c2bc42d83fe9be0042c4966bfc7c38be162ecff701ff9f5,1,,,,0,3.4333333333,2026-08-05T18:00:00+08:00
2026-08-12,S06,K06,2,0,Z2,0.0000000000,2026-08-02 12:00:00+08:00,9935.0000000000,687dd22916082e93332c59431890419dae814e33da13906ba267a1eee4f25659,1,,,,0,3.4333333333,2026-08-05T18:00:00+08:00
2026-08-12,S06,K07,2,0,Z2,0.0000000000,2026-08-02 12:00:00+08:00,9936.0000000000,f6629649e1f64e9d78be8d0440849764c479ad6141ba942c0e63d73e6703e71a,1,,,,0,3.4333333333,2026-08-05T18:00:00+08:00
2026-08-12,S06,K08,2,0,Z2,0.0000000000,2026-08-02 12:00:00+08:00,9937.0000000000,96b06a34ea10bcb733c6d3553c47f8b081ada56a13be884f003beb70b1fd5531,1,,,,0,3.4333333333,2026-08-05T18:00:00+08:00
2026-08-12,S07,K01,2,0,Z2,0.0000000000,2026-08-02 12:00:00+08:00,9938.0000000000,914239431e1ecf9d9c55367b736babf3fe5f94796958fdba0c92280ad14dfbef,1,,,,0,3.4333333333,2026-08-05T18:00:00+08:00
2026-08-12,S07,K02,2,0,Z2,0.0000000000,2026-08-02 12:00:00+08:00,9939.0000000000,46bb6f2c984c5c4a2153c33e9c5b158f9747b1bf61f7c8a858bcec14cd5f8bfd,1,,,,0,3.4333333333,2026-08-05T18:00:00+08:00
2026-08-12,S07,K03,2,0,Z2,0.0000000000,2026-08-02 12:00:00+08:00,9940.0000000000,e0d200932bc3d8a76e905299ee01ad159e82791453761ebd56d00ef1d522c7f5,1,,,,0,3.4333333333,2026-08-05T18:00:00+08:00
2026-08-12,S07,K04,2,0,Z2,0.0000000000,2026-08-02 12:00:00+08:00,9941.0000000000,008f7271c569e9dfdd4ef4e78787d352c688a1b02e2344209c5ac56e72badef5,1,,,,0,3.4333333333,2026-08-05T18:00:00+08:00
2026-08-12,S07,K05,2,0,Z2,0.0000000000,2026-08-02 12:00:00+08:00,9942.0000000000,2fa30a555989f70d719a60fd1ef7a71887bccd18975e5037ef4f489ddefc4d60,1,,,,0,3.4333333333,2026-08-05T18:00:00+08:00
2026-08-12,S07,K06,2,0,Z2,0.0000000000,2026-08-02 12:00:00+08:00,9943.0000000000,e3a9c557aa8ae01630de2a639311fafed10b8f65819686039cc4cc77f1d02a26,1,,,,0,3.4333333333,2026-08-05T18:00:00+08:00
2026-08-12,S07,K07,2,0,Z2,0.1500000000,2026-08-02 12:00:00+08:00,9944.0000000000,6c0f8316edd1c413e6027f937228492be9aa3034c0a9808fe73af1caa8559bb0,1,,,,0,3.4333333333,2026-08-05T18:00:00+08:00
2026-08-12,S07,K08,2,0,Z2,0.1500000000,2026-08-02 12:00:00+08:00,9945.0000000000,7c6663f1f2ee6fd417be970a5382e8c4e8e1d3335b3b641a13525022deb1cf42,1,,,,0,3.4333333333,2026-08-05T18:00:00+08:00
2026-08-12,S08,K01,2,0,Z2,0.0000000000,2026-08-02 12:00:00+08:00,9946.0000000000,cbf269f091fa52ee106622d8ef2f27c713a088ed2fe5c12dc8da699cd96bd40a,1,,,,0,3.4333333333,2026-08-05T18:00:00+08:00
2026-08-12,S08,K02,2,0,Z2,0.0000000000,2026-08-02 12:00:00+08:00,9947.0000000000,1456ced750f5ebea3cd57b2fbeb2adace3c455d3bd32a7d5837ff03a1090e12a,1,,,,0,3.4333333333,2026-08-05T18:00:00+08:00
2026-08-12,S08,K03,2,0,Z2,0.0000000000,2026-08-02 12:00:00+08:00,9948.0000000000,232bc2531cb7241436cb6566873c9907c9603af1e6a4503b93339f60a7aba65c,1,,,,0,3.4333333333,2026-08-05T18:00:00+08:00
2026-08-12,S08,K04,2,0,Z2,0.0000000000,2026-08-02 12:00:00+08:00,9949.0000000000,5f6bbbc2cb589161b0ba1f1c494e3bce88731ed6eeb3ef2ab99e18592e9261b7,1,,,,0,3.4333333333,2026-08-05T18:00:00+08:00
2026-08-12,S08,K05,2,0,Z2,0.0000000000,2026-08-02 12:00:00+08:00,9950.0000000000,875b7389e3a181c9bac5ccad0bac790dbe26901717df1d396d9d269fb265f57e,1,,,,0,3.4333333333,2026-08-05T18:00:00+08:00
2026-08-12,S08,K06,2,0,Z2,0.1500000000,2026-08-02 12:00:00+08:00,9951.0000000000,966f83f8d4f8d73b1fc2a107dc5e3b77dcc83203ca499985b6409a841d4157e4,1,,,,0,3.4333333333,2026-08-05T18:00:00+08:00
2026-08-12,S08,K07,2,0,Z2,0.1500000000,2026-08-02 12:00:00+08:00,9952.0000000000,f3fe38b24ed93d36aabe74702e605b0e2d766bac881c9cb6050886d44410715c,1,,,,0,3.4333333333,2026-08-05T18:00:00+08:00
2026-08-12,S08,K08,2,0,Z2,0.0000000000,2026-08-02 12:00:00+08:00,9953.0000000000,6446d08fbd6e4ccf3aefe226ef271958f0699326177ec5f596dd07f81e5d8c8b,1,,,,0,3.4333333333,2026-08-05T18:00:00+08:00
2026-08-12,S09,K01,2,0,Z3,0.0000000000,2026-08-02 12:00:00+08:00,9954.0000000000,3c62ac5db97ff7a502b04078c71ded60fbfd133f1fa1b791a45c42e000e483d9,1,,,,0,3.4333333333,2026-08-05T18:00:00+08:00
2026-08-12,S09,K02,2,0,Z3,0.0000000000,2026-08-02 12:00:00+08:00,9955.0000000000,d2881308ad523e3fa90c3e62bc9365c1ac19eb0d83ed970d4b3c23b5e6f5456a,1,,,,0,3.4333333333,2026-08-05T18:00:00+08:00
2026-08-12,S09,K03,2,0,Z3,0.0000000000,2026-08-02 12:00:00+08:00,9956.0000000000,74743e94748a068e0ee14d1fc332e4894f0e19cccf37ddd2994c023a7f6fcf21,1,,,,0,3.4333333333,2026-08-05T18:00:00+08:00
2026-08-12,S09,K04,2,0,Z3,0.1500000000,2026-08-02 12:00:00+08:00,9957.0000000000,3dbec07f2487357bd2d7b3dd188f7a583b3d4afae54ec44199cbda33951198f4,1,,,,0,3.4333333333,2026-08-05T18:00:00+08:00
2026-08-12,S09,K05,2,0,Z3,0.1500000000,2026-08-02 12:00:00+08:00,9958.0000000000,c7f023be1641a134342a7c7f65e72cd02b31d1eab84371070b7c10ee42316822,1,,,,0,3.4333333333,2026-08-05T18:00:00+08:00
2026-08-12,S09,K06,2,0,Z3,0.0000000000,2026-08-02 12:00:00+08:00,9959.0000000000,3b7860768a6d23384570e30742ef52a96c4c060885714f1ab2beb4aa8a353a1c,1,,,,0,3.4333333333,2026-08-05T18:00:00+08:00
2026-08-12,S09,K07,2,0,Z3,0.0000000000,2026-08-02 12:00:00+08:00,9960.0000000000,b2585c4efee9cb5aff15af4478285c1e39cad41b6c48ab3ebb7e4854ecf14aa1,1,,,,0,3.4333333333,2026-08-05T18:00:00+08:00
2026-08-12,S09,K08,2,0,Z3,0.0000000000,2026-08-02 12:00:00+08:00,9961.0000000000,dc94b439bd0b880203ddca92a282755d0480aa98661a03cc16ddf480bf5709f5,1,,,,0,3.4333333333,2026-08-05T18:00:00+08:00
2026-08-12,S10,K01,2,0,Z3,0.0000000000,2026-08-02 12:00:00+08:00,9962.0000000000,b532b4bde6fae1f899a039a6f1b34874418c8a8cb038ef3092ddde1d9150ab06,1,,,,0,3.4333333333,2026-08-05T18:00:00+08:00
2026-08-12,S10,K02,2,0,Z3,0.0000000000,2026-08-02 12:00:00+08:00,9963.0000000000,af9ec4f4487c33f04304c86687b5fcab2b420e01a49be32eab706038e98f1d22,1,,,,0,3.4333333333,2026-08-05T18:00:00+08:00
2026-08-12,S10,K03,2,0,Z3,0.1500000000,2026-08-02 12:00:00+08:00,9964.0000000000,63f23c5914f4373cd00230d273931c7bb47b5302e59c0f3066ed9068be712432,1,,,,0,3.4333333333,2026-08-05T18:00:00+08:00
2026-08-12,S10,K04,2,0,Z3,0.1500000000,2026-08-02 12:00:00+08:00,9965.0000000000,273adee15d3d5c8a5f10e118ee07a3b495b0c07dc5bd484ecc0a75fc7537acda,1,,,,0,3.4333333333,2026-08-05T18:00:00+08:00
2026-08-12,S10,K05,2,0,Z3,0.0000000000,2026-08-02 12:00:00+08:00,9966.0000000000,b0f4b058ff62d2552d957e16af1e0f15bea0d4bf362e2bdf819a726a23fb1b3f,1,,,,0,3.4333333333,2026-08-05T18:00:00+08:00
2026-08-12,S10,K06,2,0,Z3,0.0000000000,2026-08-02 12:00:00+08:00,9967.0000000000,d842a7464ba4df016465674e07738555beab739a50abe0a04369cb675ed80026,1,,,,0,3.4333333333,2026-08-05T18:00:00+08:00
2026-08-12,S10,K07,2,0,Z3,0.0000000000,2026-08-02 12:00:00+08:00,9968.0000000000,cf1b2f92cc7260cad888f6fa9c4f95ce483f8e517f7b91d3f4c2742f079e0238,1,,,,0,3.4333333333,2026-08-05T18:00:00+08:00
2026-08-12,S10,K08,2,0,Z3,0.0000000000,2026-08-02 12:00:00+08:00,9969.0000000000,873000e697b53313aeb8831f354941951ab92159abf9cc1510d1847f8da6a51c,1,,,,0,3.4333333333,2026-08-05T18:00:00+08:00
2026-08-12,S11,K01,2,0,Z3,0.1500000000,2026-08-02 12:00:00+08:00,9970.0000000000,5ceb3cf07e98082d22fcfe01a4cf0396a181f526b5c08859fedc0593a924c33b,1,,,,0,3.4333333333,2026-08-05T18:00:00+08:00
2026-08-12,S11,K02,2,0,Z3,0.1500000000,2026-08-02 12:00:00+08:00,9971.0000000000,2f292ce5e6dbd194fcfe328c5c40b127b88131e3649321a9175cce1652d1b638,1,,,,0,3.4333333333,2026-08-05T18:00:00+08:00
2026-08-12,S11,K03,2,0,Z3,0.0000000000,2026-08-02 12:00:00+08:00,9972.0000000000,cc574035d1a8e0d62846bb18cafee16922863d3158e525758fe0861ec8dfbb47,1,,,,0,3.4333333333,2026-08-05T18:00:00+08:00
2026-08-12,S11,K04,2,0,Z3,0.0000000000,2026-08-02 12:00:00+08:00,9973.0000000000,a29ff277c347557ed4554b12045b67e49d3f2c464b3b57082cbfa2c0a012e3ec,1,,,,0,3.4333333333,2026-08-05T18:00:00+08:00
2026-08-12,S11,K05,2,0,Z3,0.0000000000,2026-08-02 12:00:00+08:00,9974.0000000000,facb8a106c15bfd1cbb2b4df80bf6845599ec638e48a627645d0013504e0eb8e,1,,,,0,3.4333333333,2026-08-05T18:00:00+08:00
2026-08-12,S11,K06,2,0,Z3,0.0000000000,2026-08-02 12:00:00+08:00,9975.0000000000,ef5efd35cd2b2211ee1037609f92d3111b15ba7d977ad51d44b1c450ba8ad8ca,1,,,,0,3.4333333333,2026-08-05T18:00:00+08:00
2026-08-12,S11,K07,2,0,Z3,0.0000000000,2026-08-02 12:00:00+08:00,9976.0000000000,0a19709a2494eb02e91c2ab68771dbd3a7a7923bbe447da7832e23a98f0ef72a,1,,,,0,3.4333333333,2026-08-05T18:00:00+08:00
2026-08-12,S11,K08,2,0,Z3,0.0000000000,2026-08-02 12:00:00+08:00,9977.0000000000,10b62a321a8977bea36682553dae5fb467a5f02d40ca0a58031ccd516c34287b,1,,,,0,3.4333333333,2026-08-05T18:00:00+08:00
2026-08-12,S12,K01,2,0,Z3,0.1500000000,2026-08-02 12:00:00+08:00,9978.0000000000,87cc40a2fa1c78a5c2c3e6f139b226c22dde03198a30f3e4263a442871bd12b4,1,,,,0,3.4333333333,2026-08-05T18:00:00+08:00
2026-08-12,S12,K02,2,0,Z3,0.0000000000,2026-08-02 12:00:00+08:00,9979.0000000000,e25824c6b5b83005b57ad13d45ce414409f4c2426220bbde8e2ec583e2857b99,1,,,,0,3.4333333333,2026-08-05T18:00:00+08:00
2026-08-12,S12,K03,2,0,Z3,0.0000000000,2026-08-02 12:00:00+08:00,9980.0000000000,8b9f786dc72bdea20b021359697456d4e9c536e32e0855494f56fea827f6cf28,1,,,,0,3.4333333333,2026-08-05T18:00:00+08:00
2026-08-12,S12,K04,2,0,Z3,0.0000000000,2026-08-02 12:00:00+08:00,9981.0000000000,ce1e652a2d16b122e6264f01ee8f942ce10620c576150ec91ef8354b8dd114d1,1,,,,0,3.4333333333,2026-08-05T18:00:00+08:00
2026-08-12,S12,K05,2,0,Z3,0.0000000000,2026-08-02 12:00:00+08:00,9982.0000000000,9ed033833fd2eb528cadda2646ac316e597a4689da4fc3dec8ebdf9f3078cd34,1,,,,0,3.4333333333,2026-08-05T18:00:00+08:00
2026-08-12,S12,K06,2,0,Z3,0.0000000000,2026-08-02 12:00:00+08:00,9983.0000000000,9edc7b812dfd154a9a1961f6b87a0375d2d7a39ebe4addc9f6528a1dc873e964,1,,,,0,3.4333333333,2026-08-05T18:00:00+08:00
2026-08-12,S12,K07,2,0,Z3,0.0000000000,2026-08-02 12:00:00+08:00,9984.0000000000,dc56a8aa63009e1dd248cf072a7dba28bfdce3b017447b6644395ee012278b49,1,,,,0,3.4333333333,2026-08-05T18:00:00+08:00
2026-08-12,S12,K08,2,0,Z3,0.0000000000,2026-08-02 12:00:00+08:00,9985.0000000000,ab4fca71b80d564f3c58ca7ea5ab8b5c3f2bf8a837d72ab17af5da150f20b4f9,1,,,,0,3.4333333333,2026-08-05T18:00:00+08:00
2026-08-13,S01,K01,3,0,Z1,0.0000000000,2026-08-03 12:00:00+08:00,9986.0000000000,74689258059ba9abd22ea8a82b71253d9a79e96b960a9cda027b459c7df21824,1,,,,0,3.4666666667,2026-08-05T18:00:00+08:00
2026-08-13,S01,K02,3,0,Z1,0.0000000000,2026-08-03 12:00:00+08:00,9987.0000000000,a19795ef60844360e3af9f00574bfb1073794c8c4b95021c7293b9bbfd294fd2,1,,,,0,3.4666666667,2026-08-05T18:00:00+08:00
2026-08-13,S01,K03,3,0,Z1,0.0000000000,2026-08-03 12:00:00+08:00,9988.0000000000,b2bba441f0c56b08b0add3d6e6dbcff153ada3555c9682b03784a6781de45430,1,,,,0,3.4666666667,2026-08-05T18:00:00+08:00
2026-08-13,S01,K04,3,0,Z1,0.1500000000,2026-08-03 12:00:00+08:00,9989.0000000000,f28205d570bb33bd3c3915f40a672907484bf191620f7f653941c8b4432048c1,1,,,,0,3.4666666667,2026-08-05T18:00:00+08:00
2026-08-13,S01,K05,3,0,Z1,0.1500000000,2026-08-03 12:00:00+08:00,9990.0000000000,f6d66a65f3ffa6bc7e8c28613024cc988168b92395ed99d05e341d7c907c9e7a,1,,,,0,3.4666666667,2026-08-05T18:00:00+08:00
2026-08-13,S01,K06,3,0,Z1,0.0000000000,2026-08-03 12:00:00+08:00,9991.0000000000,0420bc2b78508c1b2ade50dfe67c36db6ecc29b4bf33367fcb4ea36c15bd002c,1,,,,0,3.4666666667,2026-08-05T18:00:00+08:00
2026-08-13,S01,K07,3,0,Z1,0.0000000000,2026-08-03 12:00:00+08:00,9992.0000000000,a3bb68f4a9ac3e7ae26290ffa6f52c4bee0fda8cdcf6b83e45ace47b8f7b106c,1,,,,0,3.4666666667,2026-08-05T18:00:00+08:00
2026-08-13,S01,K08,3,0,Z1,0.0000000000,2026-08-03 12:00:00+08:00,9993.0000000000,301a7c0ec5683df86825f1e3ccf1dfa4d6a12714f5f286670336fdd33cdc3025,1,,,,0,3.4666666667,2026-08-05T18:00:00+08:00
2026-08-13,S02,K01,3,0,Z1,0.0000000000,2026-08-03 12:00:00+08:00,9994.0000000000,2fab3a760d9872be053969262e8533ddf6886e8c7d314b5002c41416efb1c054,1,,,,0,3.4666666667,2026-08-05T18:00:00+08:00
2026-08-13,S02,K02,3,0,Z1,0.0000000000,2026-08-03 12:00:00+08:00,9995.0000000000,7ec3e9b4962a05a7a0f96a5a45d359bfbf84e36d2a3f0da08b8fde5ba16a8495,1,,,,0,3.4666666667,2026-08-05T18:00:00+08:00
2026-08-13,S02,K03,3,0,Z1,0.1500000000,2026-08-03 12:00:00+08:00,9996.0000000000,0005ba5ef4be98bd2e1227ae1c6e5944a6dfb03c3b1c329450816380a66c8fdb,1,,,,0,3.4666666667,2026-08-05T18:00:00+08:00
2026-08-13,S02,K04,3,0,Z1,0.1500000000,2026-08-03 12:00:00+08:00,9997.0000000000,7c6cea6b8d47ab0cb729520f93235b21ceb1c845dc897f9391de06629d925025,1,,,,0,3.4666666667,2026-08-05T18:00:00+08:00
2026-08-13,S02,K05,3,0,Z1,0.0000000000,2026-08-03 12:00:00+08:00,9998.0000000000,2162408ccc4309dc10871234f4f75bd2b2c771574ac426b57fcdd57064e80a29,1,,,,0,3.4666666667,2026-08-05T18:00:00+08:00
2026-08-13,S02,K06,3,0,Z1,0.0000000000,2026-08-03 12:00:00+08:00,9999.0000000000,ad56c8926b165306ac98f2b73eff47aa7144f45d7a5cbfcc1af09e0883d9686e,1,,,,0,3.4666666667,2026-08-05T18:00:00+08:00
2026-08-13,S02,K07,3,0,Z1,0.0000000000,2026-08-03 12:00:00+08:00,10000.0000000000,4ff3545677ab0f9c865f3a9eb095640d2170fff80ff4bcdc645e1f0e4f3cf96b,1,,,,0,3.4666666667,2026-08-05T18:00:00+08:00
2026-08-13,S02,K08,3,0,Z1,0.0000000000,2026-08-03 12:00:00+08:00,10001.0000000000,e9902718ca564f97c1943d6dd8c34fcc527a00232c066fa6670029c43bd71c1a,1,,,,0,3.4666666667,2026-08-05T18:00:00+08:00
2026-08-13,S03,K01,3,0,Z1,0.1500000000,2026-08-03 12:00:00+08:00,10002.0000000000,becc870f337be6b0f5fafffff7ed1d146d3d4b6ea0db70a943fa6498ee7953e5,1,,,,0,3.4666666667,2026-08-05T18:00:00+08:00
2026-08-13,S03,K02,3,0,Z1,0.1500000000,2026-08-03 12:00:00+08:00,10003.0000000000,c87a911bf3935601df5923634bf3fe0760b0d65b241ef692e30dd5b849219652,1,,,,0,3.4666666667,2026-08-05T18:00:00+08:00
2026-08-13,S03,K03,3,0,Z1,0.0000000000,2026-08-03 12:00:00+08:00,10004.0000000000,0ee3e49a52514a889b8cba0d36dea600615521067c04f43b7789707200d2b908,1,,,,0,3.4666666667,2026-08-05T18:00:00+08:00
2026-08-13,S03,K04,3,0,Z1,0.0000000000,2026-08-03 12:00:00+08:00,10005.0000000000,2e88d12440f87655df0cf78dc8c50eef534cb883e782d5c7b3ad956158262962,1,,,,0,3.4666666667,2026-08-05T18:00:00+08:00
2026-08-13,S03,K05,3,0,Z1,0.0000000000,2026-08-03 12:00:00+08:00,10006.0000000000,1c7ee50eeecf0a179893546ff89e3cd4e8e636fc673ccacfe83e39507c2c6094,1,,,,0,3.4666666667,2026-08-05T18:00:00+08:00
2026-08-13,S03,K06,3,0,Z1,0.0000000000,2026-08-03 12:00:00+08:00,10007.0000000000,bb9c1c4559af3ccf5fb24ec3a5c2eda591387fad3f6aa19395688657e61566ea,1,,,,0,3.4666666667,2026-08-05T18:00:00+08:00
2026-08-13,S03,K07,3,0,Z1,0.0000000000,2026-08-03 12:00:00+08:00,10008.0000000000,203a780a06c258be2a4a52775ab3ad5149830b166a5324103417dd932619a63a,1,,,,0,3.4666666667,2026-08-05T18:00:00+08:00
2026-08-13,S03,K08,3,0,Z1,0.0000000000,2026-08-03 12:00:00+08:00,10009.0000000000,3543e281de37c64f958831cea3b949a6f43a1eca31f528c6fcc822bead33d769,1,,,,0,3.4666666667,2026-08-05T18:00:00+08:00
2026-08-13,S04,K01,3,0,Z1,0.1500000000,2026-08-03 12:00:00+08:00,10010.0000000000,9b27227e23d7d223f2af73d07fbf8298a79691ed42cc42dd34c46fde75126a5b,1,,,,0,3.4666666667,2026-08-05T18:00:00+08:00
2026-08-13,S04,K02,3,0,Z1,0.0000000000,2026-08-03 12:00:00+08:00,10011.0000000000,4a52d348f6753201b0c06f9b3dd1748fe5cf9a818a926e048dde421ca9b446b9,1,,,,0,3.4666666667,2026-08-05T18:00:00+08:00
2026-08-13,S04,K03,3,0,Z1,0.0000000000,2026-08-03 12:00:00+08:00,10012.0000000000,35823a11244da9681e0f56c6728b806d78a01e09a2866bb25392c7ebb5c522fb,1,,,,0,3.4666666667,2026-08-05T18:00:00+08:00
2026-08-13,S04,K04,3,0,Z1,0.0000000000,2026-08-03 12:00:00+08:00,10013.0000000000,47686774db6f2fd87e7b4c575f0da243f5903250b8ec74e81ab01b5410918f95,1,,,,0,3.4666666667,2026-08-05T18:00:00+08:00
2026-08-13,S04,K05,3,0,Z1,0.0000000000,2026-08-03 12:00:00+08:00,10014.0000000000,30475af8494a34b8da67eecac4ded5ae6c4d50b17d779280cab91f323e5aecff,1,,,,0,3.4666666667,2026-08-05T18:00:00+08:00
2026-08-13,S04,K06,3,0,Z1,0.0000000000,2026-08-03 12:00:00+08:00,10015.0000000000,462d6a2bce16cf81cca9669fe2608f795b4b5ac3d8c59689625b2e30a159d203,1,,,,0,3.4666666667,2026-08-05T18:00:00+08:00
2026-08-13,S04,K07,3,0,Z1,0.0000000000,2026-08-03 12:00:00+08:00,10016.0000000000,0d917504313837f126b2b6686e46adfe3ad71e5d839867a7afd12474485b78d2,1,,,,0,3.4666666667,2026-08-05T18:00:00+08:00
2026-08-13,S04,K08,3,0,Z1,0.0000000000,2026-08-03 12:00:00+08:00,10017.0000000000,d087206ba207c478788cddb92e0be359a327c81255958bfaa769f31725c1ce40,1,,,,0,3.4666666667,2026-08-05T18:00:00+08:00
2026-08-13,S05,K01,3,0,Z2,0.0000000000,2026-08-03 12:00:00+08:00,10018.0000000000,9c38df0c46147c7dd6a1c60aa4d274229b133293b86dcaa3e30b25a12fcb76fe,1,,,,0,3.4666666667,2026-08-05T18:00:00+08:00
2026-08-13,S05,K02,3,0,Z2,0.0000000000,2026-08-03 12:00:00+08:00,10019.0000000000,82be9c7aeb4f4a4dfb353c703ff6796d3eb2f99f7ac2fb5982f5fdae9dce0b9f,1,,,,0,3.4666666667,2026-08-05T18:00:00+08:00
2026-08-13,S05,K03,3,0,Z2,0.0000000000,2026-08-03 12:00:00+08:00,10020.0000000000,5680d98249b0ee62f9e70e6e88f78509f1540373aea6a0acddb1bd44633b2fdd,1,,,,0,3.4666666667,2026-08-05T18:00:00+08:00
2026-08-13,S05,K04,3,0,Z2,0.0000000000,2026-08-03 12:00:00+08:00,10021.0000000000,51c8d8b098db7266fe3b26cc8a46f7f9223d805a7a9417cefb709a953ce592fd,1,,,,0,3.4666666667,2026-08-05T18:00:00+08:00
2026-08-13,S05,K05,3,0,Z2,0.0000000000,2026-08-03 12:00:00+08:00,10022.0000000000,79916e8a3fd9514cdd5377bc849bbbcdd7c95b9ca11ccef422e8ed4e8dcd5f60,1,,,,0,3.4666666667,2026-08-05T18:00:00+08:00
2026-08-13,S05,K06,3,0,Z2,0.0000000000,2026-08-03 12:00:00+08:00,10023.0000000000,62ad6ad4fc76e12c6dca2b8faa5ff85d319074c63a9f0f23f10752be4511f31a,1,,,,0,3.4666666667,2026-08-05T18:00:00+08:00
2026-08-13,S05,K07,3,0,Z2,0.0000000000,2026-08-03 12:00:00+08:00,10024.0000000000,53ebc283ec74b0b521e31c47b890dd4e6dfe4725bd254c30cc593dd1c9d2811b,1,,,,0,3.4666666667,2026-08-05T18:00:00+08:00
2026-08-13,S05,K08,3,0,Z2,0.0000000000,2026-08-03 12:00:00+08:00,10025.0000000000,134855e476238eacb038825f6d1bb442a60afdc7ac08d6f46cc874a14397ebc9,1,,,,0,3.4666666667,2026-08-05T18:00:00+08:00
2026-08-13,S06,K01,3,0,Z2,0.0000000000,2026-08-03 12:00:00+08:00,10026.0000000000,3ee02ea4d1d69f49c9d4d4d089b1d9e2aabc392ff9d4aaadf7f6d27fd27b560f,1,,,,0,3.4666666667,2026-08-05T18:00:00+08:00
2026-08-13,S06,K02,3,0,Z2,0.0000000000,2026-08-03 12:00:00+08:00,10027.0000000000,0dbe05bbc375bc9c441e09fb971621a2ce09b377215d3d2de11870664491a867,1,,,,0,3.4666666667,2026-08-05T18:00:00+08:00
2026-08-13,S06,K03,3,0,Z2,0.0000000000,2026-08-03 12:00:00+08:00,10028.0000000000,438b5581b11303bebd98f7549bf6d8ca667e25a36bebef01daa82bb64ad306b4,1,,,,0,3.4666666667,2026-08-05T18:00:00+08:00
2026-08-13,S06,K04,3,0,Z2,0.0000000000,2026-08-03 12:00:00+08:00,10029.0000000000,8e8d8818d08b3cb8f3a3deaa77441e6c60714bec1ab4840a83e03287d335ae5e,1,,,,0,3.4666666667,2026-08-05T18:00:00+08:00
2026-08-13,S06,K05,3,0,Z2,0.0000000000,2026-08-03 12:00:00+08:00,10030.0000000000,59de16fe8aa8544c835903b1dc437d3da2ce56608a5ce24f2655f82e40087278,1,,,,0,3.4666666667,2026-08-05T18:00:00+08:00
2026-08-13,S06,K06,3,0,Z2,0.0000000000,2026-08-03 12:00:00+08:00,10031.0000000000,0400aee79b0e9386c68a6f60ca1c643f218caa9d6b1319615d2d59317de97d8d,1,,,,0,3.4666666667,2026-08-05T18:00:00+08:00
2026-08-13,S06,K07,3,0,Z2,0.0000000000,2026-08-03 12:00:00+08:00,10032.0000000000,eb8e0915cec2892e29434a0ba04c3a95f441b73cf05feeada94b6c03e31ad37c,1,,,,0,3.4666666667,2026-08-05T18:00:00+08:00
2026-08-13,S06,K08,3,0,Z2,0.1500000000,2026-08-03 12:00:00+08:00,10033.0000000000,9f82c1b8121f0a63a2e05d5ab77298e6d327929359ce6c857089879168a757fe,1,,,,0,3.4666666667,2026-08-05T18:00:00+08:00
2026-08-13,S07,K01,3,0,Z2,0.0000000000,2026-08-03 12:00:00+08:00,10034.0000000000,50db9bf98542e4f81c704b201c0cd37cb43bd36ed8d9c700ffacfd58ab033b24,1,,,,0,3.4666666667,2026-08-05T18:00:00+08:00
2026-08-13,S07,K02,3,0,Z2,0.0000000000,2026-08-03 12:00:00+08:00,10035.0000000000,5ede7563f328102fd20bb2359267d03837e67669c37296d667c18df6e6f2fa60,1,,,,0,3.4666666667,2026-08-05T18:00:00+08:00
2026-08-13,S07,K03,3,0,Z2,0.0000000000,2026-08-03 12:00:00+08:00,10036.0000000000,340f69072748a3463e283567a2ed87594914f93d79f73e450785e74f712413e1,1,,,,0,3.4666666667,2026-08-05T18:00:00+08:00
2026-08-13,S07,K04,3,0,Z2,0.0000000000,2026-08-03 12:00:00+08:00,10037.0000000000,20277a3ef9fd45c0c6479169aa90f65f9d48a61043db4943c247ded8878e3c64,1,,,,0,3.4666666667,2026-08-05T18:00:00+08:00
2026-08-13,S07,K05,3,0,Z2,0.0000000000,2026-08-03 12:00:00+08:00,10038.0000000000,0b394ce9c6857794bf44871c045da595f7ecc901fae60047e01430ae0c307890,1,,,,0,3.4666666667,2026-08-05T18:00:00+08:00
2026-08-13,S07,K06,3,0,Z2,0.0000000000,2026-08-03 12:00:00+08:00,10039.0000000000,f737df6d78e5b4881293e08c7b8a114f5bf44ab46ca1ee70752ca325b686afdc,1,,,,0,3.4666666667,2026-08-05T18:00:00+08:00
2026-08-13,S07,K07,3,0,Z2,0.1500000000,2026-08-03 12:00:00+08:00,10040.0000000000,ce051a595b3919b041fd3c7cbeae7471c782fa7e11cb6d1a33c931f08b0ba0cf,1,,,,0,3.4666666667,2026-08-05T18:00:00+08:00
2026-08-13,S07,K08,3,0,Z2,0.1500000000,2026-08-03 12:00:00+08:00,10041.0000000000,6c6502139af86a19547e60ea9bd8ad0d302373d2fa56b52ab60e2f0f366ce8a2,1,,,,0,3.4666666667,2026-08-05T18:00:00+08:00
2026-08-13,S08,K01,3,0,Z2,0.0000000000,2026-08-03 12:00:00+08:00,10042.0000000000,0c37ada520326510442589fcc8849d99aaa472f67c0d6939ed052d97245b5da7,1,,,,0,3.4666666667,2026-08-05T18:00:00+08:00
2026-08-13,S08,K02,3,0,Z2,0.0000000000,2026-08-03 12:00:00+08:00,10043.0000000000,fdc0783a9be4454fc77b479eaa6c2a69089c796984141c5dc459a35a6e433579,1,,,,0,3.4666666667,2026-08-05T18:00:00+08:00
2026-08-13,S08,K03,3,0,Z2,0.0000000000,2026-08-03 12:00:00+08:00,10044.0000000000,2e2662e90ecee6e44e29b322caf29e21715e8368a84b32e3abe79daa20b144fe,1,,,,0,3.4666666667,2026-08-05T18:00:00+08:00
2026-08-13,S08,K04,3,0,Z2,0.0000000000,2026-08-03 12:00:00+08:00,10045.0000000000,a25a99961f94411effe5eae75a46a89edab3163bd4bfbb95062bce6cf332743a,1,,,,0,3.4666666667,2026-08-05T18:00:00+08:00
2026-08-13,S08,K05,3,0,Z2,0.1500000000,2026-08-03 12:00:00+08:00,10046.0000000000,d22467654f392a0127feee81561736c47c7e2b994c101066601fc202a662ee50,1,,,,0,3.4666666667,2026-08-05T18:00:00+08:00
2026-08-13,S08,K06,3,0,Z2,0.1500000000,2026-08-03 12:00:00+08:00,10047.0000000000,18a26e60908268d450bbd17d3f1c12e49a7c7505b21782f2e3c284087d58de97,1,,,,0,3.4666666667,2026-08-05T18:00:00+08:00
2026-08-13,S08,K07,3,0,Z2,0.0000000000,2026-08-03 12:00:00+08:00,10048.0000000000,31de3f69eb3177bc12e19b1fe131bae4e28f23309796257c37620e98d3d884b8,1,,,,0,3.4666666667,2026-08-05T18:00:00+08:00
2026-08-13,S08,K08,3,0,Z2,0.0000000000,2026-08-03 12:00:00+08:00,10049.0000000000,62fa7cfea551c32ac439ea56d4a6a44978d2289c8cfddfa61eac83b4934d67b3,1,,,,0,3.4666666667,2026-08-05T18:00:00+08:00
2026-08-13,S09,K01,3,0,Z3,0.0000000000,2026-08-03 12:00:00+08:00,10050.0000000000,eb1671dd5754376f0f3ccfee775cf16942b9375f5ded17afe7dff3f6416fc249,1,,,,0,3.4666666667,2026-08-05T18:00:00+08:00
2026-08-13,S09,K02,3,0,Z3,0.0000000000,2026-08-03 12:00:00+08:00,10051.0000000000,903abd20b94bd54d5c32e67649b514987f5821a6069190390937e54bfdc69df3,1,,,,0,3.4666666667,2026-08-05T18:00:00+08:00
2026-08-13,S09,K03,3,0,Z3,0.0000000000,2026-08-03 12:00:00+08:00,10052.0000000000,2cb0306e4c2a86366f08ce0de260db76e9ba1490bb5689e36647de8d09252903,1,,,,0,3.4666666667,2026-08-05T18:00:00+08:00
2026-08-13,S09,K04,3,0,Z3,0.1500000000,2026-08-03 12:00:00+08:00,10053.0000000000,4f1bc6acc216a756de05369a2d316630162a976d9b84ef93e240cdd310cc73ee,1,,,,0,3.4666666667,2026-08-05T18:00:00+08:00
2026-08-13,S09,K05,3,0,Z3,0.1500000000,2026-08-03 12:00:00+08:00,10054.0000000000,acb7d26d29c1aacfdf42e21ff9f989f2db32c5225f05991df3d7653eded04866,1,,,,0,3.4666666667,2026-08-05T18:00:00+08:00
2026-08-13,S09,K06,3,0,Z3,0.0000000000,2026-08-03 12:00:00+08:00,10055.0000000000,bc007a67d95e437e89d5f4a2583025a90d910f8ddd5499ec2315c68d98ca9930,1,,,,0,3.4666666667,2026-08-05T18:00:00+08:00
2026-08-13,S09,K07,3,0,Z3,0.0000000000,2026-08-03 12:00:00+08:00,10056.0000000000,a8186517ea890dc2d55e45c2074b6cfb9d2ecd0b06b7d465cd4cd456defdc34f,1,,,,0,3.4666666667,2026-08-05T18:00:00+08:00
2026-08-13,S09,K08,3,0,Z3,0.0000000000,2026-08-03 12:00:00+08:00,10057.0000000000,775a4da2ba508e4b52c68a5e4413456c7e9012d7662d77e25f0ef0a557191c10,1,,,,0,3.4666666667,2026-08-05T18:00:00+08:00
2026-08-13,S10,K01,3,0,Z3,0.0000000000,2026-08-03 12:00:00+08:00,10058.0000000000,fdf02e3b1d16c960e333a33a496b610e65eae7cdd998f48d6a145771e3cfca4c,1,,,,0,3.4666666667,2026-08-05T18:00:00+08:00
2026-08-13,S10,K02,3,0,Z3,0.1500000000,2026-08-03 12:00:00+08:00,10059.0000000000,077c0b2aeff0e00150b4c09ad7723f0ab4e78e39e71e686296bae8f142e7d67e,1,,,,0,3.4666666667,2026-08-05T18:00:00+08:00
2026-08-13,S10,K03,3,0,Z3,0.1500000000,2026-08-03 12:00:00+08:00,10060.0000000000,acbdfbf63c327fb928dbad98afc4902be7b4e920d635374f241d5de4c02fd9d9,1,,,,0,3.4666666667,2026-08-05T18:00:00+08:00
2026-08-13,S10,K04,3,0,Z3,0.0000000000,2026-08-03 12:00:00+08:00,10061.0000000000,52e478c3bd89e3617441b2e6dc8bfbb5b091312194879c82d7c73dfe2d2b1c64,1,,,,0,3.4666666667,2026-08-05T18:00:00+08:00
2026-08-13,S10,K05,3,0,Z3,0.0000000000,2026-08-03 12:00:00+08:00,10062.0000000000,39e94518f56077c62fbe8a19844cfd7c2c972ad5ccf90e5098c86ea6849676ad,1,,,,0,3.4666666667,2026-08-05T18:00:00+08:00
2026-08-13,S10,K06,3,0,Z3,0.0000000000,2026-08-03 12:00:00+08:00,10063.0000000000,4c4efec27419e344c57f74c2bd27d0fa76ced6c4d122cbe24d630e2ca9fef9e3,1,,,,0,3.4666666667,2026-08-05T18:00:00+08:00
2026-08-13,S10,K07,3,0,Z3,0.0000000000,2026-08-03 12:00:00+08:00,10064.0000000000,f0c60d21547c88a846899e03e1e52743d13c604385d7d9df0d83e4c2c82b277f,1,,,,0,3.4666666667,2026-08-05T18:00:00+08:00
2026-08-13,S10,K08,3,0,Z3,0.0000000000,2026-08-03 12:00:00+08:00,10065.0000000000,881c67e409dcc1b6bbdaa9e39204e73e4e3d989db05a3f8577f80f1b61acfec3,1,,,,0,3.4666666667,2026-08-05T18:00:00+08:00
2026-08-13,S11,K01,3,0,Z3,0.1500000000,2026-08-03 12:00:00+08:00,10066.0000000000,2006d019372a44603f51478ef7a49b03522069ce5c74c81a41a3f47bbec8f035,1,,,,0,3.4666666667,2026-08-05T18:00:00+08:00
2026-08-13,S11,K02,3,0,Z3,0.1500000000,2026-08-03 12:00:00+08:00,10067.0000000000,9b2fcd52439e2aefb624dda460e96fd8800fe186033dc16bd5a422ba75a054e2,1,,,,0,3.4666666667,2026-08-05T18:00:00+08:00
2026-08-13,S11,K03,3,0,Z3,0.0000000000,2026-08-03 12:00:00+08:00,10068.0000000000,b03a79b3c31f63340e6a44e233b90fd2861b6d5866eb532b293d0c2350b5bb72,1,,,,0,3.4666666667,2026-08-05T18:00:00+08:00
2026-08-13,S11,K04,3,0,Z3,0.0000000000,2026-08-03 12:00:00+08:00,10069.0000000000,70ff73e3284d378037553cb97de8139bd08bf46a3ba910e837cbf05ee392712b,1,,,,0,3.4666666667,2026-08-05T18:00:00+08:00
2026-08-13,S11,K05,3,0,Z3,0.0000000000,2026-08-03 12:00:00+08:00,10070.0000000000,51233107547c08a3b552c70645338831da109b8ffd956dd7c314bf8bbbc9c9c4,1,,,,0,3.4666666667,2026-08-05T18:00:00+08:00
2026-08-13,S11,K06,3,0,Z3,0.0000000000,2026-08-03 12:00:00+08:00,10071.0000000000,fddb2022282fb92ba789501887342b9a8d64dd3a7e7b90d47b609416bbb8885f,1,,,,0,3.4666666667,2026-08-05T18:00:00+08:00
2026-08-13,S11,K07,3,0,Z3,0.0000000000,2026-08-03 12:00:00+08:00,10072.0000000000,21e5fa97fcfcc6c534c3eb0a0ada58c36ae786aa51496a9bc49a6b71621f6e8e,1,,,,0,3.4666666667,2026-08-05T18:00:00+08:00
2026-08-13,S11,K08,3,0,Z3,0.0000000000,2026-08-03 12:00:00+08:00,10073.0000000000,780ccb26bf525439888797578abbff96a799aeb1046d21d029bc8ff782a1c758,1,,,,0,3.4666666667,2026-08-05T18:00:00+08:00
2026-08-13,S12,K01,3,0,Z3,0.0000000000,2026-08-03 12:00:00+08:00,10074.0000000000,0b75c78cc2f5ed07f44f7bba1116d01b67f2d73902c81b6b853b884bd89d5a7c,1,,,,0,3.4666666667,2026-08-05T18:00:00+08:00
2026-08-13,S12,K02,3,0,Z3,0.0000000000,2026-08-03 12:00:00+08:00,10075.0000000000,0f0ebbe3dda3765b0a338a844d3b60b56a132eb5df4ea197ccbd6dbc5091bfec,1,,,,0,3.4666666667,2026-08-05T18:00:00+08:00
2026-08-13,S12,K03,3,0,Z3,0.0000000000,2026-08-03 12:00:00+08:00,10076.0000000000,4fe6dd09e99ffb1aab7a432741b0ec5dc1f8ddcc6d59e1b6aeb1facc3f882ce4,1,,,,0,3.4666666667,2026-08-05T18:00:00+08:00
2026-08-13,S12,K04,3,0,Z3,0.0000000000,2026-08-03 12:00:00+08:00,10077.0000000000,ad1c09cbdc3e0ba1bfe4107426daed2f0867f2b72b63fdd9eca5c1a23f674515,1,,,,0,3.4666666667,2026-08-05T18:00:00+08:00
2026-08-13,S12,K05,3,0,Z3,0.0000000000,2026-08-03 12:00:00+08:00,10078.0000000000,293cc85582c01e56e9e6a50202329e5ebb524bb49e45ee0484fee6362ae1d762,1,,,,0,3.4666666667,2026-08-05T18:00:00+08:00
2026-08-13,S12,K06,3,0,Z3,0.0000000000,2026-08-03 12:00:00+08:00,10079.0000000000,4bd43df1cd464d855118beaddb4b83050d9e3cd5b317737dc975d9b848447e36,1,,,,0,3.4666666667,2026-08-05T18:00:00+08:00
2026-08-13,S12,K07,3,0,Z3,0.0000000000,2026-08-03 12:00:00+08:00,10080.0000000000,a9598ad86b56f734b8cea97595ca7046798ca0fb8815f756625f5d5055cedcff,1,,,,0,3.4666666667,2026-08-05T18:00:00+08:00
2026-08-13,S12,K08,3,0,Z3,0.0000000000,2026-08-03 12:00:00+08:00,10081.0000000000,c436e0aced8c15fb6836a5db7e60063857b5c4eb818a230352d11ab2bb4706d6,1,,,,0,3.4666666667,2026-08-05T18:00:00+08:00
2026-08-14,S01,K01,4,0,Z1,0.0000000000,2026-08-04 12:00:00+08:00,10082.0000000000,a28bdc4e2b1ad219bf03856120fac62b4a8e59947cbf57dbfd3e7fcfcc6818cf,1,,,,0,3.5000000000,2026-08-05T18:00:00+08:00
2026-08-14,S01,K02,4,0,Z1,0.0000000000,2026-08-04 12:00:00+08:00,10083.0000000000,58da5aa2afc99d69791e6dbfa260f3d248bbb75b822b92d8755e718c2ee5edd4,1,,,,0,3.5000000000,2026-08-05T18:00:00+08:00
2026-08-14,S01,K03,4,0,Z1,0.0000000000,2026-08-04 12:00:00+08:00,10084.0000000000,5359b4d7fcbc047effe27bdfb70ace3caa50ba9b89f8ccd607e21f3c920479ad,1,,,,0,3.5000000000,2026-08-05T18:00:00+08:00
2026-08-14,S01,K04,4,0,Z1,0.1500000000,2026-08-04 12:00:00+08:00,10085.0000000000,05b3fb41d7e1df67cfab856829d37511007d446d4d95c6cf5aa9a233ecf40ee4,1,,,,0,3.5000000000,2026-08-05T18:00:00+08:00
2026-08-14,S01,K05,4,0,Z1,0.1500000000,2026-08-04 12:00:00+08:00,10086.0000000000,113c58364496cddc4abdad981ab317f421c5cf44d5d74bba2aad09d3ff3bb527,1,,,,0,3.5000000000,2026-08-05T18:00:00+08:00
2026-08-14,S01,K06,4,0,Z1,0.0000000000,2026-08-04 12:00:00+08:00,10087.0000000000,50929d8fd6bed96629d4a7597321d16db288b53fcd952c8c11c4c04d75f0e84e,1,,,,0,3.5000000000,2026-08-05T18:00:00+08:00
2026-08-14,S01,K07,4,0,Z1,0.0000000000,2026-08-04 12:00:00+08:00,10088.0000000000,a29167f24a7b82fa2edd436e0f3806d3eef5a893acc655b56cf152ba55901d25,1,,,,0,3.5000000000,2026-08-05T18:00:00+08:00
2026-08-14,S01,K08,4,0,Z1,0.0000000000,2026-08-04 12:00:00+08:00,10089.0000000000,9078453a8aaacd150ea20d35877651a47709574d0e30f2b7463f0439788a9f70,1,,,,0,3.5000000000,2026-08-05T18:00:00+08:00
2026-08-14,S02,K01,4,0,Z1,0.0000000000,2026-08-04 12:00:00+08:00,10090.0000000000,d0bb3817ba8e062801894f2543d3eae623ea5933f190cb88d35a0314e1cace1a,1,,,,0,3.5000000000,2026-08-05T18:00:00+08:00
2026-08-14,S02,K02,4,0,Z1,0.1500000000,2026-08-04 12:00:00+08:00,10091.0000000000,41ea486fb6dfb2fa4b6d720c6da6857c5234af4a0f634bfb79ed0ffb27674724,1,,,,0,3.5000000000,2026-08-05T18:00:00+08:00
2026-08-14,S02,K03,4,0,Z1,0.1500000000,2026-08-04 12:00:00+08:00,10092.0000000000,c349d3341fd24affab4d188082dd9ae18980d324bc79b27e6ac289cb845fd1dc,1,,,,0,3.5000000000,2026-08-05T18:00:00+08:00
2026-08-14,S02,K04,4,0,Z1,0.0000000000,2026-08-04 12:00:00+08:00,10093.0000000000,f2932abd42f744798c1f69d4c492a00cc9a8cdd4fa44cc4ed3c07306fdec6291,1,,,,0,3.5000000000,2026-08-05T18:00:00+08:00
2026-08-14,S02,K05,4,0,Z1,0.0000000000,2026-08-04 12:00:00+08:00,10094.0000000000,d11b381d16b4dc5a2ffcb8eaa58f2b4a8f0611f4137749b94597585a96e5f5d3,1,,,,0,3.5000000000,2026-08-05T18:00:00+08:00
2026-08-14,S02,K06,4,0,Z1,0.0000000000,2026-08-04 12:00:00+08:00,10095.0000000000,1e54016f8e0d373dac620e7eea695bbb3282bd7620e4b6cd658534de14962dfc,1,,,,0,3.5000000000,2026-08-05T18:00:00+08:00
2026-08-14,S02,K07,4,0,Z1,0.0000000000,2026-08-04 12:00:00+08:00,10096.0000000000,76d21ceff1f21675489c9334054aa0be32feab415d62e3d230d7470f425c4544,1,,,,0,3.5000000000,2026-08-05T18:00:00+08:00
2026-08-14,S02,K08,4,0,Z1,0.0000000000,2026-08-04 12:00:00+08:00,10097.0000000000,ccc5ed2c2c61a11cb32101c7d647db87f5c37c1adb7f23c6db76411efca6a805,1,,,,0,3.5000000000,2026-08-05T18:00:00+08:00
2026-08-14,S03,K01,4,0,Z1,0.1500000000,2026-08-04 12:00:00+08:00,10098.0000000000,48c83480d9ac0bf63c14b2a9e0fc00eeae6d7b279b588216c03b4eabd79d0393,1,,,,0,3.5000000000,2026-08-05T18:00:00+08:00
2026-08-14,S03,K02,4,0,Z1,0.1500000000,2026-08-04 12:00:00+08:00,10099.0000000000,7a0f395261c5e97fc69aa8051078388b44a379314d3053ccc4cb3276d3b7b89b,1,,,,0,3.5000000000,2026-08-05T18:00:00+08:00
2026-08-14,S03,K03,4,0,Z1,0.0000000000,2026-08-04 12:00:00+08:00,10100.0000000000,00e7d905b3110157b72010e56b0edecb0d616be200740b3b41d32f7c5650f116,1,,,,0,3.5000000000,2026-08-05T18:00:00+08:00
2026-08-14,S03,K04,4,0,Z1,0.0000000000,2026-08-04 12:00:00+08:00,10101.0000000000,762c160b4deae1a37c255665478dbde27afd305f92c2ef41f4d821ea714b99b5,1,,,,0,3.5000000000,2026-08-05T18:00:00+08:00
2026-08-14,S03,K05,4,0,Z1,0.0000000000,2026-08-04 12:00:00+08:00,10102.0000000000,d59cf3886b67aa7c208e38b4330003e625dac32aa8ce4c0349da73c9f6696941,1,,,,0,3.5000000000,2026-08-05T18:00:00+08:00
2026-08-14,S03,K06,4,0,Z1,0.0000000000,2026-08-04 12:00:00+08:00,10103.0000000000,2f883a6f7695b17a5c2e2dd0b31830dbec00389ef437d6ae97fca6fa2534cec9,1,,,,0,3.5000000000,2026-08-05T18:00:00+08:00
2026-08-14,S03,K07,4,0,Z1,0.0000000000,2026-08-04 12:00:00+08:00,10104.0000000000,4620fbf7a31d82c406e779b2d070ec89127e616d83bb8fbb266a12b74db3beda,1,,,,0,3.5000000000,2026-08-05T18:00:00+08:00
2026-08-14,S03,K08,4,0,Z1,0.0000000000,2026-08-04 12:00:00+08:00,10105.0000000000,c8ba9a7d7fdf7193175746f88f8a38572d0d23ac57b00eab724fcdebbc90eb32,1,,,,0,3.5000000000,2026-08-05T18:00:00+08:00
2026-08-14,S04,K01,4,0,Z1,0.0000000000,2026-08-04 12:00:00+08:00,10106.0000000000,751f906ec81f5d26c41794e968f7416202b61fff48624b99076731947264a098,1,,,,0,3.5000000000,2026-08-05T18:00:00+08:00
2026-08-14,S04,K02,4,0,Z1,0.0000000000,2026-08-04 12:00:00+08:00,10107.0000000000,dd445add89841f9ef38bb4b17614fc63acc0f55cf432ff0cc1a810dad15bb4a4,1,,,,0,3.5000000000,2026-08-05T18:00:00+08:00
2026-08-14,S04,K03,4,0,Z1,0.0000000000,2026-08-04 12:00:00+08:00,10108.0000000000,8f88941159fa52c15d1a0e83090b9e4ffe1fab62d2b953a3d0c8496cc519f721,1,,,,0,3.5000000000,2026-08-05T18:00:00+08:00
2026-08-14,S04,K04,4,0,Z1,0.0000000000,2026-08-04 12:00:00+08:00,10109.0000000000,aa1fa0af2f62516c7e2b9da7dcd477b8217afe162f47b495eb2057b94f7531ce,1,,,,0,3.5000000000,2026-08-05T18:00:00+08:00
2026-08-14,S04,K05,4,0,Z1,0.0000000000,2026-08-04 12:00:00+08:00,10110.0000000000,dca998c3a93ffd58bde57dcf8b78dafbb293dbe0e7bd1d3d4ab91c93d1a2fc32,1,,,,0,3.5000000000,2026-08-05T18:00:00+08:00
2026-08-14,S04,K06,4,0,Z1,0.0000000000,2026-08-04 12:00:00+08:00,10111.0000000000,69e9450b9ac81292fc291661ca24b97b442c9805f32642749b3754ba67045c80,1,,,,0,3.5000000000,2026-08-05T18:00:00+08:00
2026-08-14,S04,K07,4,0,Z1,0.0000000000,2026-08-04 12:00:00+08:00,10112.0000000000,1b82433e6735b8afb5f3cbe39a39ad0e5602c4a459155085d7e00f046b1bbe7a,1,,,,0,3.5000000000,2026-08-05T18:00:00+08:00
2026-08-14,S04,K08,4,0,Z1,0.0000000000,2026-08-04 12:00:00+08:00,10113.0000000000,5a19cb526d97d27eca8edd9d180c6a893504f361d0f4f08651819ff1add7bef5,1,,,,0,3.5000000000,2026-08-05T18:00:00+08:00
2026-08-14,S05,K01,4,0,Z2,0.0000000000,2026-08-04 12:00:00+08:00,10114.0000000000,493cc2724e45a56e775dca48e72f7204b4f3cd329687c5c84371c2cf494e6ea8,1,,,,0,3.5000000000,2026-08-05T18:00:00+08:00
2026-08-14,S05,K02,4,0,Z2,0.0000000000,2026-08-04 12:00:00+08:00,10115.0000000000,c14d81a8f38797712af5aceed7a8c18473cae0149bf571877322dddc26488754,1,,,,0,3.5000000000,2026-08-05T18:00:00+08:00
2026-08-14,S05,K03,4,0,Z2,0.0000000000,2026-08-04 12:00:00+08:00,10116.0000000000,b09ebbbbb1d28cb307f2fb19a6961c13701945d6b22652f588573aa476c8877d,1,,,,0,3.5000000000,2026-08-05T18:00:00+08:00
2026-08-14,S05,K04,4,0,Z2,0.0000000000,2026-08-04 12:00:00+08:00,10117.0000000000,ff7724794a9f350186bf3d8df88dfdf3d4cfec152454ea3008a5f17cd572fc50,1,,,,0,3.5000000000,2026-08-05T18:00:00+08:00
2026-08-14,S05,K05,4,0,Z2,0.0000000000,2026-08-04 12:00:00+08:00,10118.0000000000,b2d4dfed56b14f3fbc8d1c8ef2104d9ac307ac31b14d7f95920fae730c0b1d8e,1,,,,0,3.5000000000,2026-08-05T18:00:00+08:00
2026-08-14,S05,K06,4,0,Z2,0.0000000000,2026-08-04 12:00:00+08:00,10119.0000000000,63f3810091b8480c01ecb7a3b22192243b4d061abbdcfb53fac44b3b8b5c7f1d,1,,,,0,3.5000000000,2026-08-05T18:00:00+08:00
2026-08-14,S05,K07,4,0,Z2,0.0000000000,2026-08-04 12:00:00+08:00,10120.0000000000,88b0e1ba83e8a9690f5b0d8440694961c08c9dc1aae00eaa6ee8b2aaf172302c,1,,,,0,3.5000000000,2026-08-05T18:00:00+08:00
2026-08-14,S05,K08,4,0,Z2,0.0000000000,2026-08-04 12:00:00+08:00,10121.0000000000,017ca18791e144b2541bde88bc0ad66e757a70dd80b2821c7695f507f6dfccb1,1,,,,0,3.5000000000,2026-08-05T18:00:00+08:00
2026-08-14,S06,K01,4,0,Z2,0.0000000000,2026-08-04 12:00:00+08:00,10122.0000000000,2f4e8ae8894ce56ede034504ef4b34a8625bfabeef94f679edb951b249d41579,1,,,,0,3.5000000000,2026-08-05T18:00:00+08:00
2026-08-14,S06,K02,4,0,Z2,0.0000000000,2026-08-04 12:00:00+08:00,10123.0000000000,13f691a378df98fbcaab44c0e6d1ccbadfb1f170886b2c9ee1b0ba4efb198737,1,,,,0,3.5000000000,2026-08-05T18:00:00+08:00
2026-08-14,S06,K03,4,0,Z2,0.0000000000,2026-08-04 12:00:00+08:00,10124.0000000000,0b2f9daccf83c38c2b3bd15cdb41afd9c95e1477dbc9a3d520d9b64c361c66f1,1,,,,0,3.5000000000,2026-08-05T18:00:00+08:00
2026-08-14,S06,K04,4,0,Z2,0.0000000000,2026-08-04 12:00:00+08:00,10125.0000000000,2ddfc74d94c9d8ce5f8ce8f75455756d4815a5008ae39b60ceecc9b1d1fe4d25,1,,,,0,3.5000000000,2026-08-05T18:00:00+08:00
2026-08-14,S06,K05,4,0,Z2,0.0000000000,2026-08-04 12:00:00+08:00,10126.0000000000,392285030d91d679775023f49d8ec4e8e2a74f48c5d57f8b65c2f31625f49c09,1,,,,0,3.5000000000,2026-08-05T18:00:00+08:00
2026-08-14,S06,K06,4,0,Z2,0.0000000000,2026-08-04 12:00:00+08:00,10127.0000000000,7b01d228dc23888764ffc636e4264f03633f472ce47ed5c459586b627d1dadf3,1,,,,0,3.5000000000,2026-08-05T18:00:00+08:00
2026-08-14,S06,K07,4,0,Z2,0.0000000000,2026-08-04 12:00:00+08:00,10128.0000000000,897bf105786eb57948b1b1012cf831786992af3101b44bce2eab4ce9114624d9,1,,,,0,3.5000000000,2026-08-05T18:00:00+08:00
2026-08-14,S06,K08,4,0,Z2,0.1500000000,2026-08-04 12:00:00+08:00,10129.0000000000,d23dadbb3551c8c33825314cfe454c2144686c8bca90a46646cc10091bb9e886,1,,,,0,3.5000000000,2026-08-05T18:00:00+08:00
2026-08-14,S07,K01,4,0,Z2,0.0000000000,2026-08-04 12:00:00+08:00,10130.0000000000,7db7a924db3ac5407d5a11555390af25b48f3f58c62d002f1da1671b17e86d4b,1,,,,0,3.5000000000,2026-08-05T18:00:00+08:00
2026-08-14,S07,K02,4,0,Z2,0.0000000000,2026-08-04 12:00:00+08:00,10131.0000000000,c38bcfa59d04c5f2658e2b10166d418339eda350b0e9c430049e922f977acb8f,1,,,,0,3.5000000000,2026-08-05T18:00:00+08:00
2026-08-14,S07,K03,4,0,Z2,0.0000000000,2026-08-04 12:00:00+08:00,10132.0000000000,4c47acd8616d7e901ef9b55cc13a622814a608bfd308d3e8f809ed38d193f3ab,1,,,,0,3.5000000000,2026-08-05T18:00:00+08:00
2026-08-14,S07,K04,4,0,Z2,0.0000000000,2026-08-04 12:00:00+08:00,10133.0000000000,54916ab4494953c04cc1c6a5f49f95358344ee7f76205a9c62c4f2deb4b3680f,1,,,,0,3.5000000000,2026-08-05T18:00:00+08:00
2026-08-14,S07,K05,4,0,Z2,0.0000000000,2026-08-04 12:00:00+08:00,10134.0000000000,3310e5bfb44ece8fb657ac00fd9d8b98f7342ba733949e23fe48fd8d3df3e419,1,,,,0,3.5000000000,2026-08-05T18:00:00+08:00
2026-08-14,S07,K06,4,0,Z2,0.1500000000,2026-08-04 12:00:00+08:00,10135.0000000000,1f73f0bdf4ffe0564fc3546c7c46a29afc2f882e9a6af5a70986f24fb48552ea,1,,,,0,3.5000000000,2026-08-05T18:00:00+08:00
2026-08-14,S07,K07,4,0,Z2,0.1500000000,2026-08-04 12:00:00+08:00,10136.0000000000,a7b17bc7807f9dd939eacc2da638c50b1834054f76c1becbc0c6b8762f388efe,1,,,,0,3.5000000000,2026-08-05T18:00:00+08:00
2026-08-14,S07,K08,4,0,Z2,0.0000000000,2026-08-04 12:00:00+08:00,10137.0000000000,4588f6569ed6c8c4a21f478ec7792231cdb0946811f175274efee58e730073ce,1,,,,0,3.5000000000,2026-08-05T18:00:00+08:00
2026-08-14,S08,K01,4,0,Z2,0.0000000000,2026-08-04 12:00:00+08:00,10138.0000000000,d03144711914d37616f5600b0164f25d6cf0d58beb3651d9e21cf01d54b65e3c,1,,,,0,3.5000000000,2026-08-05T18:00:00+08:00
2026-08-14,S08,K02,4,0,Z2,0.0000000000,2026-08-04 12:00:00+08:00,10139.0000000000,955ef68b72dd86e847f3f64f97bb959c50862c77f85de52479cb7ab59b6a2039,1,,,,0,3.5000000000,2026-08-05T18:00:00+08:00
2026-08-14,S08,K03,4,0,Z2,0.0000000000,2026-08-04 12:00:00+08:00,10140.0000000000,5f3775015661409afebb0338e833fa67aca502e12da9bf77ae1b2b3b2631acb5,1,,,,0,3.5000000000,2026-08-05T18:00:00+08:00
2026-08-14,S08,K04,4,0,Z2,0.0000000000,2026-08-04 12:00:00+08:00,10141.0000000000,1b53c2766000cf2845a730d24a37a38001e35c08c3fc3ac83de095a0537714b2,1,,,,0,3.5000000000,2026-08-05T18:00:00+08:00
2026-08-14,S08,K05,4,0,Z2,0.1500000000,2026-08-04 12:00:00+08:00,10142.0000000000,f7e7670ffc463c9322f9cfb9b24b21d4c048f18d82ff216b202c2476d5589dd3,1,,,,0,3.5000000000,2026-08-05T18:00:00+08:00
2026-08-14,S08,K06,4,0,Z2,0.1500000000,2026-08-04 12:00:00+08:00,10143.0000000000,26dd239ccb784e079f884f086c6ac59e9b4c4b69ee114e86761c26aa1c6a962c,1,,,,0,3.5000000000,2026-08-05T18:00:00+08:00
2026-08-14,S08,K07,4,0,Z2,0.0000000000,2026-08-04 12:00:00+08:00,10144.0000000000,b5200326292f0ab82b422f2e69ba1b75704b5e802f3cbfa871425a11ada10e87,1,,,,0,3.5000000000,2026-08-05T18:00:00+08:00
2026-08-14,S08,K08,4,0,Z2,0.0000000000,2026-08-04 12:00:00+08:00,10145.0000000000,7bf6595bbf0dd5dc0dbe19a7f80b95c8737df91e089ebb222b0b5385f1d1ef96,1,,,,0,3.5000000000,2026-08-05T18:00:00+08:00
2026-08-14,S09,K01,4,0,Z3,0.0000000000,2026-08-04 12:00:00+08:00,10146.0000000000,3bbe45bd74609383e46dba213d327abec757e6226e5c0e083fe3ea9c4ab18ad9,1,,,,0,3.5000000000,2026-08-05T18:00:00+08:00
2026-08-14,S09,K02,4,0,Z3,0.0000000000,2026-08-04 12:00:00+08:00,10147.0000000000,b7fe4bb9cf970b1ed0a67ec5d2e87d18d2483eaab29a72f8dc21c1844ec0fc8d,1,,,,0,3.5000000000,2026-08-05T18:00:00+08:00
2026-08-14,S09,K03,4,0,Z3,0.1500000000,2026-08-04 12:00:00+08:00,10148.0000000000,e60982b94ca1ab3e16b2b7fdc39d1b80dd83bafdd25e0fe47cc321dd9abe053d,1,,,,0,3.5000000000,2026-08-05T18:00:00+08:00
2026-08-14,S09,K04,4,0,Z3,0.1500000000,2026-08-04 12:00:00+08:00,10149.0000000000,248a9cfe333ce40b3ac469cef9f183ccc1cf22d74d2190ad9370ac18042d5177,1,,,,0,3.5000000000,2026-08-05T18:00:00+08:00
2026-08-14,S09,K05,4,0,Z3,0.0000000000,2026-08-04 12:00:00+08:00,10150.0000000000,778266470c6fe722bb05a445ae975950d9f9810c4fc600fa6a49980b717c7b98,1,,,,0,3.5000000000,2026-08-05T18:00:00+08:00
2026-08-14,S09,K06,4,0,Z3,0.0000000000,2026-08-04 12:00:00+08:00,10151.0000000000,7901242294e942e0f3ddb7dec40398144039e1e05b7d6fa679ccca3ab8e10b02,1,,,,0,3.5000000000,2026-08-05T18:00:00+08:00
2026-08-14,S09,K07,4,0,Z3,0.0000000000,2026-08-04 12:00:00+08:00,10152.0000000000,ea6526eff41c627b87339957c1e0e833de7add6317d21a04925e809d48297264,1,,,,0,3.5000000000,2026-08-05T18:00:00+08:00
2026-08-14,S09,K08,4,0,Z3,0.0000000000,2026-08-04 12:00:00+08:00,10153.0000000000,62ac2d7dd5f034d4c551b7e8c8aa72e10a74867ad41f928527c5268f2131bedf,1,,,,0,3.5000000000,2026-08-05T18:00:00+08:00
2026-08-14,S10,K01,4,0,Z3,0.0000000000,2026-08-04 12:00:00+08:00,10154.0000000000,034a7343b4ca1f71a49a3c2e6b8703db01c1d4c0941d4ded299b6c9a2bf8e914,1,,,,0,3.5000000000,2026-08-05T18:00:00+08:00
2026-08-14,S10,K02,4,0,Z3,0.1500000000,2026-08-04 12:00:00+08:00,10155.0000000000,ff76b63bbf6f4137dc1c5be6c9c6bb85b24d0309b380062c936733a897aa8b78,1,,,,0,3.5000000000,2026-08-05T18:00:00+08:00
2026-08-14,S10,K03,4,0,Z3,0.1500000000,2026-08-04 12:00:00+08:00,10156.0000000000,ae0869f94958cc30eeaed35469eabaf71ef9ece04a880f29a904704457e32467,1,,,,0,3.5000000000,2026-08-05T18:00:00+08:00
2026-08-14,S10,K04,4,0,Z3,0.0000000000,2026-08-04 12:00:00+08:00,10157.0000000000,84e72c660e3cbad2638106788248f33da61919f1d59f47d984603e1725b12056,1,,,,0,3.5000000000,2026-08-05T18:00:00+08:00
2026-08-14,S10,K05,4,0,Z3,0.0000000000,2026-08-04 12:00:00+08:00,10158.0000000000,4cc608c0f571fbf2afef2e12bc31a48cb8fe734606c7a9d1ae3f5b85b6d0de57,1,,,,0,3.5000000000,2026-08-05T18:00:00+08:00
2026-08-14,S10,K06,4,0,Z3,0.0000000000,2026-08-04 12:00:00+08:00,10159.0000000000,ee6ecf0be378bc39e324f224b59a49ffea6f92314a5fc529588a846f2ada7b29,1,,,,0,3.5000000000,2026-08-05T18:00:00+08:00
2026-08-14,S10,K07,4,0,Z3,0.0000000000,2026-08-04 12:00:00+08:00,10160.0000000000,94502789bd0bbd6706ce0136a1b9d40330b4d77a44c1a97b42ac55dcd466902d,1,,,,0,3.5000000000,2026-08-05T18:00:00+08:00
2026-08-14,S10,K08,4,0,Z3,0.0000000000,2026-08-04 12:00:00+08:00,10161.0000000000,28a8b3f083aa5df1e2337de8867dd88552cccab20b81cf292c129c20c216bda5,1,,,,0,3.5000000000,2026-08-05T18:00:00+08:00
2026-08-14,S11,K01,4,0,Z3,0.1500000000,2026-08-04 12:00:00+08:00,10162.0000000000,bca85f75787d17482d132ac49686ac1cd571b48d0bcd6d8b2817a108c99f2f7f,1,,,,0,3.5000000000,2026-08-05T18:00:00+08:00
2026-08-14,S11,K02,4,0,Z3,0.0000000000,2026-08-04 12:00:00+08:00,10163.0000000000,5e60419a3aef65ae0fc3b7dd5202a9a3dbb499ea6814748bc928c4b46dca1ce2,1,,,,0,3.5000000000,2026-08-05T18:00:00+08:00
2026-08-14,S11,K03,4,0,Z3,0.0000000000,2026-08-04 12:00:00+08:00,10164.0000000000,106fe8851d554fcffbcfd13f5aa2a273c8f3ce2757385a7b1e8bd719e3f1b0ca,1,,,,0,3.5000000000,2026-08-05T18:00:00+08:00
2026-08-14,S11,K04,4,0,Z3,0.0000000000,2026-08-04 12:00:00+08:00,10165.0000000000,da0aa784571db99a4b86cadcd1a2743a6a0ea16533d9514d6766bc5a47a31e63,1,,,,0,3.5000000000,2026-08-05T18:00:00+08:00
2026-08-14,S11,K05,4,0,Z3,0.0000000000,2026-08-04 12:00:00+08:00,10166.0000000000,4b2724c1b9bfde9ead97f99afb32c920a519ee8c15a4febdbd0f959866f52512,1,,,,0,3.5000000000,2026-08-05T18:00:00+08:00
2026-08-14,S11,K06,4,0,Z3,0.0000000000,2026-08-04 12:00:00+08:00,10167.0000000000,b164a9516bb1715ebe86f7632a9904d810134d9ec499a6ce9c72873f2ea49054,1,,,,0,3.5000000000,2026-08-05T18:00:00+08:00
2026-08-14,S11,K07,4,0,Z3,0.0000000000,2026-08-04 12:00:00+08:00,10168.0000000000,23425cac71a44b51de7f00ec5498be95b4eb5309444b76e1bdb97d65ac4bfef7,1,,,,0,3.5000000000,2026-08-05T18:00:00+08:00
2026-08-14,S11,K08,4,0,Z3,0.0000000000,2026-08-04 12:00:00+08:00,10169.0000000000,282ae629a09a76e95f2f294aa3186880564d0a7d2b280e1bb69bdc94cd57b018,1,,,,0,3.5000000000,2026-08-05T18:00:00+08:00
2026-08-14,S12,K01,4,0,Z3,0.0000000000,2026-08-04 12:00:00+08:00,10170.0000000000,be381677cd7bbd35b5e6c8f6d6ce3bc1df8710acf064dc717211f76f2224b1a2,1,,,,0,3.5000000000,2026-08-05T18:00:00+08:00
2026-08-14,S12,K02,4,0,Z3,0.0000000000,2026-08-04 12:00:00+08:00,10171.0000000000,3c62ee7d3e4fbe3b99a5f856138341b2dfe9a0195ad7c53e5b46e6e0bed57955,1,,,,0,3.5000000000,2026-08-05T18:00:00+08:00
2026-08-14,S12,K03,4,0,Z3,0.0000000000,2026-08-04 12:00:00+08:00,10172.0000000000,c40ce80f25d220ba2cccade78cb20ccd42f6d8aece2cd16867c3fccc9f1025d8,1,,,,0,3.5000000000,2026-08-05T18:00:00+08:00
2026-08-14,S12,K04,4,0,Z3,0.0000000000,2026-08-04 12:00:00+08:00,10173.0000000000,f324671c5281105ec8104022a3759237c75a044fa1b410e59fc7d65e6967bdde,1,,,,0,3.5000000000,2026-08-05T18:00:00+08:00
2026-08-14,S12,K05,4,0,Z3,0.0000000000,2026-08-04 12:00:00+08:00,10174.0000000000,7aa2e7d00108bb8293c51c4cd0d7f0e21c071c7aad5b095b81c00b2a4fa0c877,1,,,,0,3.5000000000,2026-08-05T18:00:00+08:00
2026-08-14,S12,K06,4,0,Z3,0.0000000000,2026-08-04 12:00:00+08:00,10175.0000000000,ca49e8efbf5495a7c3c6fab0d509e9edb222c50642f2e770565da1b3bc0f4062,1,,,,0,3.5000000000,2026-08-05T18:00:00+08:00
2026-08-14,S12,K07,4,0,Z3,0.0000000000,2026-08-04 12:00:00+08:00,10176.0000000000,896d0a08e275274344e9925e32953f7a9ab25f4ecf1df1627661bfd8979dfdbb,1,,,,0,3.5000000000,2026-08-05T18:00:00+08:00
2026-08-14,S12,K08,4,0,Z3,0.0000000000,2026-08-04 12:00:00+08:00,10177.0000000000,ead99556e7e2cb6c4fa9ec41f01bba8fade1a1d6f3d71a8a69753832b5d9b558,1,,,,0,3.5000000000,2026-08-05T18:00:00+08:00
2026-08-15,S01,K01,5,0,Z1,0.0000000000,2026-08-05 12:00:00+08:00,10178.0000000000,fb4a1e3cf7149c2829a9966d0815ecc5cc93207b6d963cd34b334f23c43764c8,1,,,,0,3.5333333333,2026-08-05T18:00:00+08:00
2026-08-15,S01,K02,5,0,Z1,0.0000000000,2026-08-05 12:00:00+08:00,10179.0000000000,594f2544b9ac39c8a5daeaae62d628f8f3d859819857d9e14220b92c41e5f8c0,1,,,,0,3.5333333333,2026-08-05T18:00:00+08:00
2026-08-15,S01,K03,5,0,Z1,0.1500000000,2026-08-05 12:00:00+08:00,10180.0000000000,f8eebbcc0f0b3e176e5f31aeb3bfa553ac00fef4e927879a0e5d43d2a358cade,1,,,,0,3.5333333333,2026-08-05T18:00:00+08:00
2026-08-15,S01,K04,5,0,Z1,0.1500000000,2026-08-05 12:00:00+08:00,10181.0000000000,9b7f17613b974deace372a135443c717145c052ae18c7b30fb3c735670549e3e,1,,,,0,3.5333333333,2026-08-05T18:00:00+08:00
2026-08-15,S01,K05,5,0,Z1,0.0000000000,2026-08-05 12:00:00+08:00,10182.0000000000,0c910c1ac6e5a6a08302a3c0cb9c33312650c638f352a2fbb83b758c9e0b19e3,1,,,,0,3.5333333333,2026-08-05T18:00:00+08:00
2026-08-15,S01,K06,5,0,Z1,0.0000000000,2026-08-05 12:00:00+08:00,10183.0000000000,da979312a99335ce5d465cd04f4cf87cef0447dae2d493577ab4406e025c5cb1,1,,,,0,3.5333333333,2026-08-05T18:00:00+08:00
2026-08-15,S01,K07,5,0,Z1,0.0000000000,2026-08-05 12:00:00+08:00,10184.0000000000,9d20d133315a16cc24d58986c293531aaa6db67afe8208ac9b99016c62d2ed1e,1,,,,0,3.5333333333,2026-08-05T18:00:00+08:00
2026-08-15,S01,K08,5,0,Z1,0.0000000000,2026-08-05 12:00:00+08:00,10185.0000000000,762fe5f90333d6d70f5c067d2ab5a0c61e894e7dea59dda58643ed58611a063c,1,,,,0,3.5333333333,2026-08-05T18:00:00+08:00
2026-08-15,S02,K01,5,0,Z1,0.0000000000,2026-08-05 12:00:00+08:00,10186.0000000000,7e3d5f3780bea03b0c95d0aa81d89119fd7c92edbf1863c46f62548f009e66b1,1,,,,0,3.5333333333,2026-08-05T18:00:00+08:00
2026-08-15,S02,K02,5,0,Z1,0.1500000000,2026-08-05 12:00:00+08:00,10187.0000000000,ddfd1640703f1059c6872ddc9740a00512660457a0e2dca621b83875f726c69d,1,,,,0,3.5333333333,2026-08-05T18:00:00+08:00
2026-08-15,S02,K03,5,0,Z1,0.1500000000,2026-08-05 12:00:00+08:00,10188.0000000000,019f34bc4dbb682679ec7fd9ae5b8a2d8dc0649fa6425d872869cc3318185f1c,1,,,,0,3.5333333333,2026-08-05T18:00:00+08:00
2026-08-15,S02,K04,5,0,Z1,0.0000000000,2026-08-05 12:00:00+08:00,10189.0000000000,dd03e5d2aa42f704ca1276d8a526855f245efbb8dc255298a0e237a845c97f0f,1,,,,0,3.5333333333,2026-08-05T18:00:00+08:00
2026-08-15,S02,K05,5,0,Z1,0.0000000000,2026-08-05 12:00:00+08:00,10190.0000000000,912cf29021b35339845a57334e8c7574849d1be434e36fd136601445e0857a63,1,,,,0,3.5333333333,2026-08-05T18:00:00+08:00
2026-08-15,S02,K06,5,0,Z1,0.0000000000,2026-08-05 12:00:00+08:00,10191.0000000000,206e52eabe979ea0d54a09dbfd73ad25bf553a8bedc3756a4aacc214c424684f,1,,,,0,3.5333333333,2026-08-05T18:00:00+08:00
2026-08-15,S02,K07,5,0,Z1,0.0000000000,2026-08-05 12:00:00+08:00,10192.0000000000,1a559d85294c6c36279025c9d78bc95dc5ff9cb4f9a7265992314baef18c9d2f,1,,,,0,3.5333333333,2026-08-05T18:00:00+08:00
2026-08-15,S02,K08,5,0,Z1,0.0000000000,2026-08-05 12:00:00+08:00,10193.0000000000,3f6841b7bd19c1c3dde4f78d00a706317659db4fa93621982e6b8a588431d3d0,1,,,,0,3.5333333333,2026-08-05T18:00:00+08:00
2026-08-15,S03,K01,5,0,Z1,0.1500000000,2026-08-05 12:00:00+08:00,10194.0000000000,8346e9f2d5e09935e87fe90f438afa08e8fa0b40a9aeea334ceb5aaaf6ce04e2,1,,,,0,3.5333333333,2026-08-05T18:00:00+08:00
2026-08-15,S03,K02,5,0,Z1,0.0000000000,2026-08-05 12:00:00+08:00,10195.0000000000,37caac674f17abd8778355e2dee51594ecb8f0df5cf890c42a50a8d0d8f7d364,1,,,,0,3.5333333333,2026-08-05T18:00:00+08:00
2026-08-15,S03,K03,5,0,Z1,0.0000000000,2026-08-05 12:00:00+08:00,10196.0000000000,217cb93d1dec47cc451ca9bdcb139297f32e30341077523987924f875e8c3b40,1,,,,0,3.5333333333,2026-08-05T18:00:00+08:00
2026-08-15,S03,K04,5,0,Z1,0.0000000000,2026-08-05 12:00:00+08:00,10197.0000000000,3a3a1cfe7aa577ac51bb55a30ee901c8c2ec3656b810bf691a6b38fe1b96cc22,1,,,,0,3.5333333333,2026-08-05T18:00:00+08:00
2026-08-15,S03,K05,5,0,Z1,0.0000000000,2026-08-05 12:00:00+08:00,10198.0000000000,1df5359b5a8ad82518b193b52c856a67df2814f21c1dd89a91c6674b5ddb28c2,1,,,,0,3.5333333333,2026-08-05T18:00:00+08:00
2026-08-15,S03,K06,5,0,Z1,0.0000000000,2026-08-05 12:00:00+08:00,10199.0000000000,01b56b8ffdf8f84620ad08901a04cbd382b208d23318cae7b77413b9cf9a1165,1,,,,0,3.5333333333,2026-08-05T18:00:00+08:00
2026-08-15,S03,K07,5,0,Z1,0.0000000000,2026-08-05 12:00:00+08:00,10200.0000000000,46cb55b2097f7170a3cb76860ef48745c8d7bad1eb74e27d10a3e69c21022a2a,1,,,,0,3.5333333333,2026-08-05T18:00:00+08:00
2026-08-15,S03,K08,5,0,Z1,0.0000000000,2026-08-05 12:00:00+08:00,10201.0000000000,1dc0f3e720fe52ff1a90a0edc69b711a8ca92174049c2279f658d26803044876,1,,,,0,3.5333333333,2026-08-05T18:00:00+08:00
2026-08-15,S04,K01,5,0,Z1,0.0000000000,2026-08-05 12:00:00+08:00,10202.0000000000,152a0ad1804df67dae5dbb9771b8c75475fa04bfbb187e54031959977da64add,1,,,,0,3.5333333333,2026-08-05T18:00:00+08:00
2026-08-15,S04,K02,5,0,Z1,0.0000000000,2026-08-05 12:00:00+08:00,10203.0000000000,d026bda4cc54425b4a51a373a4cda96f0833bd88f3259e3830fc107283db7a03,1,,,,0,3.5333333333,2026-08-05T18:00:00+08:00
2026-08-15,S04,K03,5,0,Z1,0.0000000000,2026-08-05 12:00:00+08:00,10204.0000000000,15f79dad8220658a3f4ae27c2bc6adbadf7ea438e8c00c027dbaef35ec310984,1,,,,0,3.5333333333,2026-08-05T18:00:00+08:00
2026-08-15,S04,K04,5,0,Z1,0.0000000000,2026-08-05 12:00:00+08:00,10205.0000000000,68984e223f912a6c66753d8eeafd03700ac1a8ef58f3ecbcbcd6befd309da48c,1,,,,0,3.5333333333,2026-08-05T18:00:00+08:00
2026-08-15,S04,K05,5,0,Z1,0.0000000000,2026-08-05 12:00:00+08:00,10206.0000000000,d05ab7f775c0615bf18a6aba8ae1467e04154f3f3801ec1eb2209277bb7f5f3e,1,,,,0,3.5333333333,2026-08-05T18:00:00+08:00
2026-08-15,S04,K06,5,0,Z1,0.0000000000,2026-08-05 12:00:00+08:00,10207.0000000000,7091d3ba778cdd5ca87b28fb8d2d36ba899c43b1a82bd1f5ed837e0eefb9a857,1,,,,0,3.5333333333,2026-08-05T18:00:00+08:00
2026-08-15,S04,K07,5,0,Z1,0.0000000000,2026-08-05 12:00:00+08:00,10208.0000000000,82a2420e07a7f4d58244541a6468c10a85de96dd915448a60ae362b42e728f40,1,,,,0,3.5333333333,2026-08-05T18:00:00+08:00
2026-08-15,S04,K08,5,0,Z1,0.0000000000,2026-08-05 12:00:00+08:00,10209.0000000000,c502f8a892b98bae3c9244bc595b5b35bf2fd81e7a2b9ec74896769a4eda0950,1,,,,0,3.5333333333,2026-08-05T18:00:00+08:00
2026-08-15,S05,K01,5,0,Z2,0.0000000000,2026-08-05 12:00:00+08:00,10210.0000000000,179f14171b7d7cc65006b84375b74effff028c960b53e6ea9889f17ab9dd4136,1,,,,0,3.5333333333,2026-08-05T18:00:00+08:00
2026-08-15,S05,K02,5,0,Z2,0.0000000000,2026-08-05 12:00:00+08:00,10211.0000000000,38d1f1cee2ec8162b5a04fdeff7c8c018de3b9d3e180f13dadaf36f2bdb4f0b4,1,,,,0,3.5333333333,2026-08-05T18:00:00+08:00
2026-08-15,S05,K03,5,0,Z2,0.0000000000,2026-08-05 12:00:00+08:00,10212.0000000000,2bbe7b7df18257fc0f75823790e019a3fdadb65a7d253b1f954c9004c40a3936,1,,,,0,3.5333333333,2026-08-05T18:00:00+08:00
2026-08-15,S05,K04,5,0,Z2,0.0000000000,2026-08-05 12:00:00+08:00,10213.0000000000,853cffe029443fb49e333a0f3d70fbc8fc66320f71b9804b107ddd7bc13b98c8,1,,,,0,3.5333333333,2026-08-05T18:00:00+08:00
2026-08-15,S05,K05,5,0,Z2,0.0000000000,2026-08-05 12:00:00+08:00,10214.0000000000,4e9541ee599363efee7beb5467ef53d8af69bfab83deb62f96e4796261d1343d,1,,,,0,3.5333333333,2026-08-05T18:00:00+08:00
2026-08-15,S05,K06,5,0,Z2,0.0000000000,2026-08-05 12:00:00+08:00,10215.0000000000,384fadbd0a0f92586d45825c5f3378e1262ce93f107a1413b2efbc32e57952fc,1,,,,0,3.5333333333,2026-08-05T18:00:00+08:00
2026-08-15,S05,K07,5,0,Z2,0.0000000000,2026-08-05 12:00:00+08:00,10216.0000000000,a9bb36c84384bad2afaca0400215b3bf6bfa8c46bc04293cf75adeea38e6e159,1,,,,0,3.5333333333,2026-08-05T18:00:00+08:00
2026-08-15,S05,K08,5,0,Z2,0.0000000000,2026-08-05 12:00:00+08:00,10217.0000000000,93af41a88e9047802d214dba0a77288c71205a85269e68d3417ec73e65710fa6,1,,,,0,3.5333333333,2026-08-05T18:00:00+08:00
2026-08-15,S06,K01,5,0,Z2,0.0000000000,2026-08-05 12:00:00+08:00,10218.0000000000,4795daf8536fe017c61dd3c3728ae79409927da31ca033373a6d680a0dee07f7,1,,,,0,3.5333333333,2026-08-05T18:00:00+08:00
2026-08-15,S06,K02,5,0,Z2,0.0000000000,2026-08-05 12:00:00+08:00,10219.0000000000,b30cef5d78c43d8d9c07064dac26d01f4939e78df137e97519738e59e81798ed,1,,,,0,3.5333333333,2026-08-05T18:00:00+08:00
2026-08-15,S06,K03,5,0,Z2,0.0000000000,2026-08-05 12:00:00+08:00,10220.0000000000,3368edf0c2d790a14a1525e350451f185e4c2ad581e97eba253aa25ceed9f8de,1,,,,0,3.5333333333,2026-08-05T18:00:00+08:00
2026-08-15,S06,K04,5,0,Z2,0.0000000000,2026-08-05 12:00:00+08:00,10221.0000000000,19c82c1cb778011c807f2d0b0067c96b1df5a7d6470e41a25de4f5993a15d968,1,,,,0,3.5333333333,2026-08-05T18:00:00+08:00
2026-08-15,S06,K05,5,0,Z2,0.0000000000,2026-08-05 12:00:00+08:00,10222.0000000000,c6609c9d8a6ba42fe619b31fc3aa65e23999661d606402f38aba5894f4ec8279,1,,,,0,3.5333333333,2026-08-05T18:00:00+08:00
2026-08-15,S06,K06,5,0,Z2,0.0000000000,2026-08-05 12:00:00+08:00,10223.0000000000,accf8035a9d07138619db9f6d10be6bf96d074882150f527ee46658beefd57e1,1,,,,0,3.5333333333,2026-08-05T18:00:00+08:00
2026-08-15,S06,K07,5,0,Z2,0.1500000000,2026-08-05 12:00:00+08:00,10224.0000000000,cac10f330ed3878d6357bd8f0f80c76b919ab757dc6464606d083506071b5c56,1,,,,0,3.5333333333,2026-08-05T18:00:00+08:00
2026-08-15,S06,K08,5,0,Z2,0.1500000000,2026-08-05 12:00:00+08:00,10225.0000000000,d6bafa6d498975f6a6e14500c541b2eb4d246f0cef4a69b6f89495cadb410b30,1,,,,0,3.5333333333,2026-08-05T18:00:00+08:00
2026-08-15,S07,K01,5,0,Z2,0.0000000000,2026-08-05 12:00:00+08:00,10226.0000000000,71afebd0ecf37bdae5931b8e287178fbc7dddde458f0d3daa8aeeec44525be36,1,,,,0,3.5333333333,2026-08-05T18:00:00+08:00
2026-08-15,S07,K02,5,0,Z2,0.0000000000,2026-08-05 12:00:00+08:00,10227.0000000000,0afd8a50c48b5b36e06920b0bda109f83787950c4b02bc12a7aefb09e133cb6c,1,,,,0,3.5333333333,2026-08-05T18:00:00+08:00
2026-08-15,S07,K03,5,0,Z2,0.0000000000,2026-08-05 12:00:00+08:00,10228.0000000000,21e59f3a4e95eecb48ece634a2f068f0f4a1bfca22f5733b58303d96bd6db421,1,,,,0,3.5333333333,2026-08-05T18:00:00+08:00
2026-08-15,S07,K04,5,0,Z2,0.0000000000,2026-08-05 12:00:00+08:00,10229.0000000000,91c13378a7748c8ec72d42dff282eb101d41b69b3834cd6ad228c1b30ea67d70,1,,,,0,3.5333333333,2026-08-05T18:00:00+08:00
2026-08-15,S07,K05,5,0,Z2,0.0000000000,2026-08-05 12:00:00+08:00,10230.0000000000,fed276fe839cfbc4540b8f74c79f5e3440d2855574c0f0a2682aaed0b8adccd1,1,,,,0,3.5333333333,2026-08-05T18:00:00+08:00
2026-08-15,S07,K06,5,0,Z2,0.1500000000,2026-08-05 12:00:00+08:00,10231.0000000000,bbbb2c61a34044c21df02b30e74275b41a116b87417605fee4ec723ba8b116bf,1,,,,0,3.5333333333,2026-08-05T18:00:00+08:00
2026-08-15,S07,K07,5,0,Z2,0.1500000000,2026-08-05 12:00:00+08:00,10232.0000000000,3e1a1dbedee3836e8f109b3471cbaa848835e87ab67498fc491137ada1a3ba17,1,,,,0,3.5333333333,2026-08-05T18:00:00+08:00
2026-08-15,S07,K08,5,0,Z2,0.0000000000,2026-08-05 12:00:00+08:00,10233.0000000000,f06e8fb2c6b72a366579d9be35c3bf303ac3062836983b56b35f68a9ffaca3b6,1,,,,0,3.5333333333,2026-08-05T18:00:00+08:00
2026-08-15,S08,K01,5,0,Z2,0.0000000000,2026-08-05 12:00:00+08:00,10234.0000000000,46401a96fd49b7b18ab85053ef9805cbc4a0a1dd95a99dc22d00355c972a9387,1,,,,0,3.5333333333,2026-08-05T18:00:00+08:00
2026-08-15,S08,K02,5,0,Z2,0.0000000000,2026-08-05 12:00:00+08:00,10235.0000000000,a95c2407ce8b04a189d0f10c4343ef5de7bded0fe2226198694a4ea6f5664453,1,,,,0,3.5333333333,2026-08-05T18:00:00+08:00
2026-08-15,S08,K03,5,0,Z2,0.0000000000,2026-08-05 12:00:00+08:00,10236.0000000000,c1037833fe13ba8b5e36c9aceeb437b35a93c45d7cf733821361c0b36ca8a6e9,1,,,,0,3.5333333333,2026-08-05T18:00:00+08:00
2026-08-15,S08,K04,5,0,Z2,0.1500000000,2026-08-05 12:00:00+08:00,10237.0000000000,fe5585d8039dc5b2fef6ffc5e44824d46df5f0015617fd735226251ad03a98c7,1,,,,0,3.5333333333,2026-08-05T18:00:00+08:00
2026-08-15,S08,K05,5,0,Z2,0.1500000000,2026-08-05 12:00:00+08:00,10238.0000000000,b5d5761075d7d63fcaedc11e3372bda970bebbd2e0ffe5e0c25af8f4ba9c6104,1,,,,0,3.5333333333,2026-08-05T18:00:00+08:00
2026-08-15,S08,K06,5,0,Z2,0.0000000000,2026-08-05 12:00:00+08:00,10239.0000000000,f8b0e2351f95f3ac39f150e7daecc015328b7e983f74749a6513fc1a0ab55a28,1,,,,0,3.5333333333,2026-08-05T18:00:00+08:00
2026-08-15,S08,K07,5,0,Z2,0.0000000000,2026-08-05 12:00:00+08:00,10240.0000000000,781240ff2b51b1fec1e58ecd815477e9877f86525fb4c58cbe545682446b80ea,1,,,,0,3.5333333333,2026-08-05T18:00:00+08:00
2026-08-15,S08,K08,5,0,Z2,0.0000000000,2026-08-05 12:00:00+08:00,10241.0000000000,5f61dfae3acc20f8fc8f8fc49d88671c734a43a85d424fd29bcdded006bf3bd3,1,,,,0,3.5333333333,2026-08-05T18:00:00+08:00
2026-08-15,S09,K01,5,0,Z3,0.0000000000,2026-08-05 12:00:00+08:00,10242.0000000000,7d547a29ea055db00bd7e9ea7f015a749da061c94300ec8cabc8144e622205cd,1,,,,0,3.5333333333,2026-08-05T18:00:00+08:00
2026-08-15,S09,K02,5,0,Z3,0.0000000000,2026-08-05 12:00:00+08:00,10243.0000000000,385f33aeca78cf70c6f6aa0b509ee893db6aa95d5a136f7f5d75e513f1ed8424,1,,,,0,3.5333333333,2026-08-05T18:00:00+08:00
2026-08-15,S09,K03,5,0,Z3,0.1500000000,2026-08-05 12:00:00+08:00,10244.0000000000,62b95e01da222f9c6e729324a490c5a4d782935a710fd8b5575cfe1672a45376,1,,,,0,3.5333333333,2026-08-05T18:00:00+08:00
2026-08-15,S09,K04,5,0,Z3,0.1500000000,2026-08-05 12:00:00+08:00,10245.0000000000,4eceda1ac653c3745cbfeb85d9c66188cba2c8664fb81e3c464067968f16bcf7,1,,,,0,3.5333333333,2026-08-05T18:00:00+08:00
2026-08-15,S09,K05,5,0,Z3,0.0000000000,2026-08-05 12:00:00+08:00,10246.0000000000,8570418330cf0af498463f47b4fde94c864a8c769cc9355fc3f868aa3ce9ee38,1,,,,0,3.5333333333,2026-08-05T18:00:00+08:00
2026-08-15,S09,K06,5,0,Z3,0.0000000000,2026-08-05 12:00:00+08:00,10247.0000000000,106d1567cff107a428c84216c603663e8ecccc38ce84d5348c9bbe65386218c8,1,,,,0,3.5333333333,2026-08-05T18:00:00+08:00
2026-08-15,S09,K07,5,0,Z3,0.0000000000,2026-08-05 12:00:00+08:00,10248.0000000000,1190623b0fec33777a4c7e3e07a1e9cfa1242107ae13a5a902be6d7f9ef67d52,1,,,,0,3.5333333333,2026-08-05T18:00:00+08:00
2026-08-15,S09,K08,5,0,Z3,0.0000000000,2026-08-05 12:00:00+08:00,10249.0000000000,047cd89403463f93381b2f1e812cf39cfe38b29a4713adaf9a3e3b4846392193,1,,,,0,3.5333333333,2026-08-05T18:00:00+08:00
2026-08-15,S10,K01,5,0,Z3,0.1500000000,2026-08-05 12:00:00+08:00,10250.0000000000,45e1683b70e30fdecf3e4f5ba5857b9378ed29e06146a102d8c586b4e94456d0,1,,,,0,3.5333333333,2026-08-05T18:00:00+08:00
2026-08-15,S10,K02,5,0,Z3,0.1500000000,2026-08-05 12:00:00+08:00,10251.0000000000,ae3dcd5c01e78b66f9b3dd073aaaa7535dc92d0954e0027312c106d6791096b8,1,,,,0,3.5333333333,2026-08-05T18:00:00+08:00
2026-08-15,S10,K03,5,0,Z3,0.0000000000,2026-08-05 12:00:00+08:00,10252.0000000000,ac7e55cfbbf1b45841b72d290ede33919f19becf17f794287c545eb89f6010c4,1,,,,0,3.5333333333,2026-08-05T18:00:00+08:00
2026-08-15,S10,K04,5,0,Z3,0.0000000000,2026-08-05 12:00:00+08:00,10253.0000000000,5c237469341f8ce8c5d2101ce9c1e99ecd3b70bd2a7537469fcc947d194c1659,1,,,,0,3.5333333333,2026-08-05T18:00:00+08:00
2026-08-15,S10,K05,5,0,Z3,0.0000000000,2026-08-05 12:00:00+08:00,10254.0000000000,05a4e25ec7d25f2d29465158806ac892290d72e3f5018cda5f723313f1e3f426,1,,,,0,3.5333333333,2026-08-05T18:00:00+08:00
2026-08-15,S10,K06,5,0,Z3,0.0000000000,2026-08-05 12:00:00+08:00,10255.0000000000,4658f68485269fb0b3d0cf9acc39760a7b47e6d5d1b2950ef381e202f9a4d6ab,1,,,,0,3.5333333333,2026-08-05T18:00:00+08:00
2026-08-15,S10,K07,5,0,Z3,0.0000000000,2026-08-05 12:00:00+08:00,10256.0000000000,85bdf9dab71df6504ceccb7cea5b7d3a763360a40b2a708bd131e98fd8cb1afd,1,,,,0,3.5333333333,2026-08-05T18:00:00+08:00
2026-08-15,S10,K08,5,0,Z3,0.0000000000,2026-08-05 12:00:00+08:00,10257.0000000000,a33585938bcaa7cb255bd43378a2a343bbe9bda89cbff2e308b6b81980e35fd5,1,,,,0,3.5333333333,2026-08-05T18:00:00+08:00
2026-08-15,S11,K01,5,0,Z3,0.1500000000,2026-08-05 12:00:00+08:00,10258.0000000000,7f62949fa72b053a136d251f7812ca44260157c92017f2351a3b6cd6580f2872,1,,,,0,3.5333333333,2026-08-05T18:00:00+08:00
2026-08-15,S11,K02,5,0,Z3,0.0000000000,2026-08-05 12:00:00+08:00,10259.0000000000,dd7114d131a56a2e5a92c18f4b0d380d751362216ce896e336966e70f2f7b7dd,1,,,,0,3.5333333333,2026-08-05T18:00:00+08:00
2026-08-15,S11,K03,5,0,Z3,0.0000000000,2026-08-05 12:00:00+08:00,10260.0000000000,f573b991bec160bc31b843909730b1e1788d7dc2aee46e703422c6528fe253a5,1,,,,0,3.5333333333,2026-08-05T18:00:00+08:00
2026-08-15,S11,K04,5,0,Z3,0.0000000000,2026-08-05 12:00:00+08:00,10261.0000000000,94b4127c4d56ad502f17d671ffab8845c32168dce9d7eca4c167734943b0e011,1,,,,0,3.5333333333,2026-08-05T18:00:00+08:00
2026-08-15,S11,K05,5,0,Z3,0.0000000000,2026-08-05 12:00:00+08:00,10262.0000000000,960732e1b21d06e3770f964986a5c78d96cba25b5413671ed9ddc6186056b088,1,,,,0,3.5333333333,2026-08-05T18:00:00+08:00
2026-08-15,S11,K06,5,0,Z3,0.0000000000,2026-08-05 12:00:00+08:00,10263.0000000000,4d268d7f24183e4037ba1ddbf42993543d51f83d12e7eef64578dff7d70acca7,1,,,,0,3.5333333333,2026-08-05T18:00:00+08:00
2026-08-15,S11,K07,5,0,Z3,0.0000000000,2026-08-05 12:00:00+08:00,10264.0000000000,44e2ee43946ee0ac65043e0d8306aaea2f49d6458a9a77805e6275fad1079f5b,1,,,,0,3.5333333333,2026-08-05T18:00:00+08:00
2026-08-15,S11,K08,5,0,Z3,0.0000000000,2026-08-05 12:00:00+08:00,10265.0000000000,4eae15863880cb83131be44dc3aaf158ba91eae7ddc41792741fbead9f459f56,1,,,,0,3.5333333333,2026-08-05T18:00:00+08:00
2026-08-15,S12,K01,5,0,Z3,0.0000000000,2026-08-05 12:00:00+08:00,10266.0000000000,bea6bdc2930e25ff7bca8e0fe011158d3b6825471d3288ede303bf818d04f14f,1,,,,0,3.5333333333,2026-08-05T18:00:00+08:00
2026-08-15,S12,K02,5,0,Z3,0.0000000000,2026-08-05 12:00:00+08:00,10267.0000000000,9dccc73c5f6347f3c80d2b17165390b371833c8edd5d04490ffc986d1200566d,1,,,,0,3.5333333333,2026-08-05T18:00:00+08:00
2026-08-15,S12,K03,5,0,Z3,0.0000000000,2026-08-05 12:00:00+08:00,10268.0000000000,ec5f9f19e7bd31ad0893def47462454bb8f66fd5ec63ab88325abd259106b162,1,,,,0,3.5333333333,2026-08-05T18:00:00+08:00
2026-08-15,S12,K04,5,0,Z3,0.0000000000,2026-08-05 12:00:00+08:00,10269.0000000000,d4f157a6fa7b1204be81a5d0488c43fde4bc10ce475711dd6b4b95e9819e506b,1,,,,0,3.5333333333,2026-08-05T18:00:00+08:00
2026-08-15,S12,K05,5,0,Z3,0.0000000000,2026-08-05 12:00:00+08:00,10270.0000000000,5c9304e82e2ccf0fabf9859d9e283a8791f438b116e09b6275fa6955bfad3ead,1,,,,0,3.5333333333,2026-08-05T18:00:00+08:00
2026-08-15,S12,K06,5,0,Z3,0.0000000000,2026-08-05 12:00:00+08:00,10271.0000000000,ce4e098e46cb4fefc03550851744a24568913761624d89abda2b03c06bbab369,1,,,,0,3.5333333333,2026-08-05T18:00:00+08:00
2026-08-15,S12,K07,5,0,Z3,0.0000000000,2026-08-05 12:00:00+08:00,10272.0000000000,fd6b024a59b7ed041afeca4f06bdfd82a4c2c6a2797ce0f788a0b66c20f7cd37,1,,,,0,3.5333333333,2026-08-05T18:00:00+08:00
2026-08-15,S12,K08,5,0,Z3,0.0000000000,2026-08-05 12:00:00+08:00,10273.0000000000,dc2f921e42d9606c628f0ff251219289f07c6e1406ed6cc70c0d256775432978,1,,,,0,3.5333333333,2026-08-05T18:00:00+08:00
2026-08-16,S01,K01,6,0,Z1,0.0258928571,,,,0,,,,0,3.5666666667,2026-08-05T18:00:00+08:00
2026-08-16,S01,K02,6,0,Z1,0.0250000000,,,,0,,,,0,3.5666666667,2026-08-05T18:00:00+08:00
2026-08-16,S01,K03,6,0,Z1,0.0245535714,,,,0,,,,0,3.5666666667,2026-08-05T18:00:00+08:00
2026-08-16,S01,K04,6,0,Z1,0.0250000000,,,,0,,,,0,3.5666666667,2026-08-05T18:00:00+08:00
2026-08-16,S01,K05,6,0,Z1,0.0254464286,,,,0,,,,0,3.5666666667,2026-08-05T18:00:00+08:00
2026-08-16,S01,K06,6,0,Z1,0.0258928571,,,,0,,,,0,3.5666666667,2026-08-05T18:00:00+08:00
2026-08-16,S01,K07,6,0,Z1,0.0267857143,,,,0,,,,0,3.5666666667,2026-08-05T18:00:00+08:00
2026-08-16,S01,K08,6,0,Z1,0.0272321429,,,,0,,,,0,3.5666666667,2026-08-05T18:00:00+08:00
2026-08-16,S02,K01,6,0,Z1,0.0258928571,,,,0,,,,0,3.5666666667,2026-08-05T18:00:00+08:00
2026-08-16,S02,K02,6,0,Z1,0.0250000000,,,,0,,,,0,3.5666666667,2026-08-05T18:00:00+08:00
2026-08-16,S02,K03,6,0,Z1,0.0245535714,,,,0,,,,0,3.5666666667,2026-08-05T18:00:00+08:00
2026-08-16,S02,K04,6,0,Z1,0.0250000000,,,,0,,,,0,3.5666666667,2026-08-05T18:00:00+08:00
2026-08-16,S02,K05,6,0,Z1,0.0254464286,,,,0,,,,0,3.5666666667,2026-08-05T18:00:00+08:00
2026-08-16,S02,K06,6,0,Z1,0.0258928571,,,,0,,,,0,3.5666666667,2026-08-05T18:00:00+08:00
2026-08-16,S02,K07,6,0,Z1,0.0267857143,,,,0,,,,0,3.5666666667,2026-08-05T18:00:00+08:00
2026-08-16,S02,K08,6,0,Z1,0.0272321429,,,,0,,,,0,3.5666666667,2026-08-05T18:00:00+08:00
2026-08-16,S03,K01,6,0,Z1,0.0258928571,,,,0,,,,0,3.5666666667,2026-08-05T18:00:00+08:00
2026-08-16,S03,K02,6,0,Z1,0.0250000000,,,,0,,,,0,3.5666666667,2026-08-05T18:00:00+08:00
2026-08-16,S03,K03,6,0,Z1,0.0245535714,,,,0,,,,0,3.5666666667,2026-08-05T18:00:00+08:00
2026-08-16,S03,K04,6,0,Z1,0.0250000000,,,,0,,,,0,3.5666666667,2026-08-05T18:00:00+08:00
2026-08-16,S03,K05,6,0,Z1,0.0254464286,,,,0,,,,0,3.5666666667,2026-08-05T18:00:00+08:00
2026-08-16,S03,K06,6,0,Z1,0.0258928571,,,,0,,,,0,3.5666666667,2026-08-05T18:00:00+08:00
2026-08-16,S03,K07,6,0,Z1,0.0267857143,,,,0,,,,0,3.5666666667,2026-08-05T18:00:00+08:00
2026-08-16,S03,K08,6,0,Z1,0.0272321429,,,,0,,,,0,3.5666666667,2026-08-05T18:00:00+08:00
2026-08-16,S04,K01,6,0,Z1,0.0258928571,,,,0,,,,0,3.5666666667,2026-08-05T18:00:00+08:00
2026-08-16,S04,K02,6,0,Z1,0.0250000000,,,,0,,,,0,3.5666666667,2026-08-05T18:00:00+08:00
2026-08-16,S04,K03,6,0,Z1,0.0245535714,,,,0,,,,0,3.5666666667,2026-08-05T18:00:00+08:00
2026-08-16,S04,K04,6,0,Z1,0.0250000000,,,,0,,,,0,3.5666666667,2026-08-05T18:00:00+08:00
2026-08-16,S04,K05,6,0,Z1,0.0254464286,,,,0,,,,0,3.5666666667,2026-08-05T18:00:00+08:00
2026-08-16,S04,K06,6,0,Z1,0.0258928571,,,,0,,,,0,3.5666666667,2026-08-05T18:00:00+08:00
2026-08-16,S04,K07,6,0,Z1,0.0267857143,,,,0,,,,0,3.5666666667,2026-08-05T18:00:00+08:00
2026-08-16,S04,K08,6,0,Z1,0.0272321429,,,,0,,,,0,3.5666666667,2026-08-05T18:00:00+08:00
2026-08-16,S05,K01,6,0,Z2,0.0258928571,,,,0,,,,0,3.5666666667,2026-08-05T18:00:00+08:00
2026-08-16,S05,K02,6,0,Z2,0.0250000000,,,,0,,,,0,3.5666666667,2026-08-05T18:00:00+08:00
2026-08-16,S05,K03,6,0,Z2,0.0245535714,,,,0,,,,0,3.5666666667,2026-08-05T18:00:00+08:00
2026-08-16,S05,K04,6,0,Z2,0.0250000000,,,,0,,,,0,3.5666666667,2026-08-05T18:00:00+08:00
2026-08-16,S05,K05,6,0,Z2,0.0254464286,,,,0,,,,0,3.5666666667,2026-08-05T18:00:00+08:00
2026-08-16,S05,K06,6,0,Z2,0.0258928571,,,,0,,,,0,3.5666666667,2026-08-05T18:00:00+08:00
2026-08-16,S05,K07,6,0,Z2,0.0267857143,,,,0,,,,0,3.5666666667,2026-08-05T18:00:00+08:00
2026-08-16,S05,K08,6,0,Z2,0.0272321429,,,,0,,,,0,3.5666666667,2026-08-05T18:00:00+08:00
2026-08-16,S06,K01,6,0,Z2,0.0258928571,,,,0,,,,0,3.5666666667,2026-08-05T18:00:00+08:00
2026-08-16,S06,K02,6,0,Z2,0.0250000000,,,,0,,,,0,3.5666666667,2026-08-05T18:00:00+08:00
2026-08-16,S06,K03,6,0,Z2,0.0245535714,,,,0,,,,0,3.5666666667,2026-08-05T18:00:00+08:00
2026-08-16,S06,K04,6,0,Z2,0.0250000000,,,,0,,,,0,3.5666666667,2026-08-05T18:00:00+08:00
2026-08-16,S06,K05,6,0,Z2,0.0254464286,,,,0,,,,0,3.5666666667,2026-08-05T18:00:00+08:00
2026-08-16,S06,K06,6,0,Z2,0.0258928571,,,,0,,,,0,3.5666666667,2026-08-05T18:00:00+08:00
2026-08-16,S06,K07,6,0,Z2,0.0267857143,,,,0,,,,0,3.5666666667,2026-08-05T18:00:00+08:00
2026-08-16,S06,K08,6,0,Z2,0.0272321429,,,,0,,,,0,3.5666666667,2026-08-05T18:00:00+08:00
2026-08-16,S07,K01,6,0,Z2,0.0258928571,,,,0,,,,0,3.5666666667,2026-08-05T18:00:00+08:00
2026-08-16,S07,K02,6,0,Z2,0.0250000000,,,,0,,,,0,3.5666666667,2026-08-05T18:00:00+08:00
2026-08-16,S07,K03,6,0,Z2,0.0245535714,,,,0,,,,0,3.5666666667,2026-08-05T18:00:00+08:00
2026-08-16,S07,K04,6,0,Z2,0.0250000000,,,,0,,,,0,3.5666666667,2026-08-05T18:00:00+08:00
2026-08-16,S07,K05,6,0,Z2,0.0254464286,,,,0,,,,0,3.5666666667,2026-08-05T18:00:00+08:00
2026-08-16,S07,K06,6,0,Z2,0.0258928571,,,,0,,,,0,3.5666666667,2026-08-05T18:00:00+08:00
2026-08-16,S07,K07,6,0,Z2,0.0267857143,,,,0,,,,0,3.5666666667,2026-08-05T18:00:00+08:00
2026-08-16,S07,K08,6,0,Z2,0.0272321429,,,,0,,,,0,3.5666666667,2026-08-05T18:00:00+08:00
2026-08-16,S08,K01,6,0,Z2,0.0258928571,,,,0,,,,0,3.5666666667,2026-08-05T18:00:00+08:00
2026-08-16,S08,K02,6,0,Z2,0.0250000000,,,,0,,,,0,3.5666666667,2026-08-05T18:00:00+08:00
2026-08-16,S08,K03,6,0,Z2,0.0245535714,,,,0,,,,0,3.5666666667,2026-08-05T18:00:00+08:00
2026-08-16,S08,K04,6,0,Z2,0.0250000000,,,,0,,,,0,3.5666666667,2026-08-05T18:00:00+08:00
2026-08-16,S08,K05,6,0,Z2,0.0254464286,,,,0,,,,0,3.5666666667,2026-08-05T18:00:00+08:00
2026-08-16,S08,K06,6,0,Z2,0.0258928571,,,,0,,,,0,3.5666666667,2026-08-05T18:00:00+08:00
2026-08-16,S08,K07,6,0,Z2,0.0267857143,,,,0,,,,0,3.5666666667,2026-08-05T18:00:00+08:00
2026-08-16,S08,K08,6,0,Z2,0.0272321429,,,,0,,,,0,3.5666666667,2026-08-05T18:00:00+08:00
2026-08-16,S09,K01,6,0,Z3,0.0258928571,,,,0,,,,0,3.5666666667,2026-08-05T18:00:00+08:00
2026-08-16,S09,K02,6,0,Z3,0.0250000000,,,,0,,,,0,3.5666666667,2026-08-05T18:00:00+08:00
2026-08-16,S09,K03,6,0,Z3,0.0245535714,,,,0,,,,0,3.5666666667,2026-08-05T18:00:00+08:00
2026-08-16,S09,K04,6,0,Z3,0.0250000000,,,,0,,,,0,3.5666666667,2026-08-05T18:00:00+08:00
2026-08-16,S09,K05,6,0,Z3,0.0254464286,,,,0,,,,0,3.5666666667,2026-08-05T18:00:00+08:00
2026-08-16,S09,K06,6,0,Z3,0.0258928571,,,,0,,,,0,3.5666666667,2026-08-05T18:00:00+08:00
2026-08-16,S09,K07,6,0,Z3,0.0267857143,,,,0,,,,0,3.5666666667,2026-08-05T18:00:00+08:00
2026-08-16,S09,K08,6,0,Z3,0.0272321429,,,,0,,,,0,3.5666666667,2026-08-05T18:00:00+08:00
2026-08-16,S10,K01,6,0,Z3,0.0258928571,,,,0,,,,0,3.5666666667,2026-08-05T18:00:00+08:00
2026-08-16,S10,K02,6,0,Z3,0.0250000000,,,,0,,,,0,3.5666666667,2026-08-05T18:00:00+08:00
2026-08-16,S10,K03,6,0,Z3,0.0245535714,,,,0,,,,0,3.5666666667,2026-08-05T18:00:00+08:00
2026-08-16,S10,K04,6,0,Z3,0.0250000000,,,,0,,,,0,3.5666666667,2026-08-05T18:00:00+08:00
2026-08-16,S10,K05,6,0,Z3,0.0254464286,,,,0,,,,0,3.5666666667,2026-08-05T18:00:00+08:00
2026-08-16,S10,K06,6,0,Z3,0.0258928571,,,,0,,,,0,3.5666666667,2026-08-05T18:00:00+08:00
2026-08-16,S10,K07,6,0,Z3,0.0267857143,,,,0,,,,0,3.5666666667,2026-08-05T18:00:00+08:00
2026-08-16,S10,K08,6,0,Z3,0.0272321429,,,,0,,,,0,3.5666666667,2026-08-05T18:00:00+08:00
2026-08-16,S11,K01,6,0,Z3,0.0258928571,,,,0,,,,0,3.5666666667,2026-08-05T18:00:00+08:00
2026-08-16,S11,K02,6,0,Z3,0.0250000000,,,,0,,,,0,3.5666666667,2026-08-05T18:00:00+08:00
2026-08-16,S11,K03,6,0,Z3,0.0245535714,,,,0,,,,0,3.5666666667,2026-08-05T18:00:00+08:00
2026-08-16,S11,K04,6,0,Z3,0.0250000000,,,,0,,,,0,3.5666666667,2026-08-05T18:00:00+08:00
2026-08-16,S11,K05,6,0,Z3,0.0254464286,,,,0,,,,0,3.5666666667,2026-08-05T18:00:00+08:00
2026-08-16,S11,K06,6,0,Z3,0.0258928571,,,,0,,,,0,3.5666666667,2026-08-05T18:00:00+08:00
2026-08-16,S11,K07,6,0,Z3,0.0267857143,,,,0,,,,0,3.5666666667,2026-08-05T18:00:00+08:00
2026-08-16,S11,K08,6,0,Z3,0.0272321429,,,,0,,,,0,3.5666666667,2026-08-05T18:00:00+08:00
2026-08-16,S12,K01,6,0,Z3,0.0258928571,,,,0,,,,0,3.5666666667,2026-08-05T18:00:00+08:00
2026-08-16,S12,K02,6,0,Z3,0.0250000000,,,,0,,,,0,3.5666666667,2026-08-05T18:00:00+08:00
2026-08-16,S12,K03,6,0,Z3,0.0245535714,,,,0,,,,0,3.5666666667,2026-08-05T18:00:00+08:00
2026-08-16,S12,K04,6,0,Z3,0.0250000000,,,,0,,,,0,3.5666666667,2026-08-05T18:00:00+08:00
2026-08-16,S12,K05,6,0,Z3,0.0254464286,,,,0,,,,0,3.5666666667,2026-08-05T18:00:00+08:00
2026-08-16,S12,K06,6,0,Z3,0.0258928571,,,,0,,,,0,3.5666666667,2026-08-05T18:00:00+08:00
2026-08-16,S12,K07,6,0,Z3,0.0267857143,,,,0,,,,0,3.5666666667,2026-08-05T18:00:00+08:00
2026-08-16,S12,K08,6,0,Z3,0.0272321429,,,,0,,,,0,3.5666666667,2026-08-05T18:00:00+08:00
2026-08-17,S01,K01,0,0,Z1,0.0258928571,,,,0,,,,0,3.6000000000,2026-08-05T18:00:00+08:00
2026-08-17,S01,K02,0,0,Z1,0.0250000000,,,,0,,,,0,3.6000000000,2026-08-05T18:00:00+08:00
2026-08-17,S01,K03,0,0,Z1,0.0245535714,,,,0,,,,0,3.6000000000,2026-08-05T18:00:00+08:00
2026-08-17,S01,K04,0,0,Z1,0.0250000000,,,,0,,,,0,3.6000000000,2026-08-05T18:00:00+08:00
2026-08-17,S01,K05,0,0,Z1,0.0254464286,,,,0,,,,0,3.6000000000,2026-08-05T18:00:00+08:00
2026-08-17,S01,K06,0,0,Z1,0.0258928571,,,,0,,,,0,3.6000000000,2026-08-05T18:00:00+08:00
2026-08-17,S01,K07,0,0,Z1,0.0267857143,,,,0,,,,0,3.6000000000,2026-08-05T18:00:00+08:00
2026-08-17,S01,K08,0,0,Z1,0.0272321429,,,,0,,,,0,3.6000000000,2026-08-05T18:00:00+08:00
2026-08-17,S02,K01,0,0,Z1,0.0258928571,,,,0,,,,0,3.6000000000,2026-08-05T18:00:00+08:00
2026-08-17,S02,K02,0,0,Z1,0.0250000000,,,,0,,,,0,3.6000000000,2026-08-05T18:00:00+08:00
2026-08-17,S02,K03,0,0,Z1,0.0245535714,,,,0,,,,0,3.6000000000,2026-08-05T18:00:00+08:00
2026-08-17,S02,K04,0,0,Z1,0.0250000000,,,,0,,,,0,3.6000000000,2026-08-05T18:00:00+08:00
2026-08-17,S02,K05,0,0,Z1,0.0254464286,,,,0,,,,0,3.6000000000,2026-08-05T18:00:00+08:00
2026-08-17,S02,K06,0,0,Z1,0.0258928571,,,,0,,,,0,3.6000000000,2026-08-05T18:00:00+08:00
2026-08-17,S02,K07,0,0,Z1,0.0267857143,,,,0,,,,0,3.6000000000,2026-08-05T18:00:00+08:00
2026-08-17,S02,K08,0,0,Z1,0.0272321429,,,,0,,,,0,3.6000000000,2026-08-05T18:00:00+08:00
2026-08-17,S03,K01,0,0,Z1,0.0258928571,,,,0,,,,0,3.6000000000,2026-08-05T18:00:00+08:00
2026-08-17,S03,K02,0,0,Z1,0.0250000000,,,,0,,,,0,3.6000000000,2026-08-05T18:00:00+08:00
2026-08-17,S03,K03,0,0,Z1,0.0245535714,,,,0,,,,0,3.6000000000,2026-08-05T18:00:00+08:00
2026-08-17,S03,K04,0,0,Z1,0.0250000000,,,,0,,,,0,3.6000000000,2026-08-05T18:00:00+08:00
2026-08-17,S03,K05,0,0,Z1,0.0254464286,,,,0,,,,0,3.6000000000,2026-08-05T18:00:00+08:00
2026-08-17,S03,K06,0,0,Z1,0.0258928571,,,,0,,,,0,3.6000000000,2026-08-05T18:00:00+08:00
2026-08-17,S03,K07,0,0,Z1,0.0267857143,,,,0,,,,0,3.6000000000,2026-08-05T18:00:00+08:00
2026-08-17,S03,K08,0,0,Z1,0.0272321429,,,,0,,,,0,3.6000000000,2026-08-05T18:00:00+08:00
2026-08-17,S04,K01,0,0,Z1,0.0258928571,,,,0,,,,0,3.6000000000,2026-08-05T18:00:00+08:00
2026-08-17,S04,K02,0,0,Z1,0.0250000000,,,,0,,,,0,3.6000000000,2026-08-05T18:00:00+08:00
2026-08-17,S04,K03,0,0,Z1,0.0245535714,,,,0,,,,0,3.6000000000,2026-08-05T18:00:00+08:00
2026-08-17,S04,K04,0,0,Z1,0.0250000000,,,,0,,,,0,3.6000000000,2026-08-05T18:00:00+08:00
2026-08-17,S04,K05,0,0,Z1,0.0254464286,,,,0,,,,0,3.6000000000,2026-08-05T18:00:00+08:00
2026-08-17,S04,K06,0,0,Z1,0.0258928571,,,,0,,,,0,3.6000000000,2026-08-05T18:00:00+08:00
2026-08-17,S04,K07,0,0,Z1,0.0267857143,,,,0,,,,0,3.6000000000,2026-08-05T18:00:00+08:00
2026-08-17,S04,K08,0,0,Z1,0.0272321429,,,,0,,,,0,3.6000000000,2026-08-05T18:00:00+08:00
2026-08-17,S05,K01,0,0,Z2,0.0258928571,,,,0,,,,0,3.6000000000,2026-08-05T18:00:00+08:00
2026-08-17,S05,K02,0,0,Z2,0.0250000000,,,,0,,,,0,3.6000000000,2026-08-05T18:00:00+08:00
2026-08-17,S05,K03,0,0,Z2,0.0245535714,,,,0,,,,0,3.6000000000,2026-08-05T18:00:00+08:00
2026-08-17,S05,K04,0,0,Z2,0.0250000000,,,,0,,,,0,3.6000000000,2026-08-05T18:00:00+08:00
2026-08-17,S05,K05,0,0,Z2,0.0254464286,,,,0,,,,0,3.6000000000,2026-08-05T18:00:00+08:00
2026-08-17,S05,K06,0,0,Z2,0.0258928571,,,,0,,,,0,3.6000000000,2026-08-05T18:00:00+08:00
2026-08-17,S05,K07,0,0,Z2,0.0267857143,,,,0,,,,0,3.6000000000,2026-08-05T18:00:00+08:00
2026-08-17,S05,K08,0,0,Z2,0.0272321429,,,,0,,,,0,3.6000000000,2026-08-05T18:00:00+08:00
2026-08-17,S06,K01,0,0,Z2,0.0258928571,,,,0,,,,0,3.6000000000,2026-08-05T18:00:00+08:00
2026-08-17,S06,K02,0,0,Z2,0.0250000000,,,,0,,,,0,3.6000000000,2026-08-05T18:00:00+08:00
2026-08-17,S06,K03,0,0,Z2,0.0245535714,,,,0,,,,0,3.6000000000,2026-08-05T18:00:00+08:00
2026-08-17,S06,K04,0,0,Z2,0.0250000000,,,,0,,,,0,3.6000000000,2026-08-05T18:00:00+08:00
2026-08-17,S06,K05,0,0,Z2,0.0254464286,,,,0,,,,0,3.6000000000,2026-08-05T18:00:00+08:00
2026-08-17,S06,K06,0,0,Z2,0.0258928571,,,,0,,,,0,3.6000000000,2026-08-05T18:00:00+08:00
2026-08-17,S06,K07,0,0,Z2,0.0267857143,,,,0,,,,0,3.6000000000,2026-08-05T18:00:00+08:00
2026-08-17,S06,K08,0,0,Z2,0.0272321429,,,,0,,,,0,3.6000000000,2026-08-05T18:00:00+08:00
2026-08-17,S07,K01,0,0,Z2,0.0258928571,,,,0,,,,0,3.6000000000,2026-08-05T18:00:00+08:00
2026-08-17,S07,K02,0,0,Z2,0.0250000000,,,,0,,,,0,3.6000000000,2026-08-05T18:00:00+08:00
2026-08-17,S07,K03,0,0,Z2,0.0245535714,,,,0,,,,0,3.6000000000,2026-08-05T18:00:00+08:00
2026-08-17,S07,K04,0,0,Z2,0.0250000000,,,,0,,,,0,3.6000000000,2026-08-05T18:00:00+08:00
2026-08-17,S07,K05,0,0,Z2,0.0254464286,,,,0,,,,0,3.6000000000,2026-08-05T18:00:00+08:00
2026-08-17,S07,K06,0,0,Z2,0.0258928571,,,,0,,,,0,3.6000000000,2026-08-05T18:00:00+08:00
2026-08-17,S07,K07,0,0,Z2,0.0267857143,,,,0,,,,0,3.6000000000,2026-08-05T18:00:00+08:00
2026-08-17,S07,K08,0,0,Z2,0.0272321429,,,,0,,,,0,3.6000000000,2026-08-05T18:00:00+08:00
2026-08-17,S08,K01,0,0,Z2,0.0258928571,,,,0,,,,0,3.6000000000,2026-08-05T18:00:00+08:00
2026-08-17,S08,K02,0,0,Z2,0.0250000000,,,,0,,,,0,3.6000000000,2026-08-05T18:00:00+08:00
2026-08-17,S08,K03,0,0,Z2,0.0245535714,,,,0,,,,0,3.6000000000,2026-08-05T18:00:00+08:00
2026-08-17,S08,K04,0,0,Z2,0.0250000000,,,,0,,,,0,3.6000000000,2026-08-05T18:00:00+08:00
2026-08-17,S08,K05,0,0,Z2,0.0254464286,,,,0,,,,0,3.6000000000,2026-08-05T18:00:00+08:00
2026-08-17,S08,K06,0,0,Z2,0.0258928571,,,,0,,,,0,3.6000000000,2026-08-05T18:00:00+08:00
2026-08-17,S08,K07,0,0,Z2,0.0267857143,,,,0,,,,0,3.6000000000,2026-08-05T18:00:00+08:00
2026-08-17,S08,K08,0,0,Z2,0.0272321429,,,,0,,,,0,3.6000000000,2026-08-05T18:00:00+08:00
2026-08-17,S09,K01,0,0,Z3,0.0258928571,,,,0,,,,0,3.6000000000,2026-08-05T18:00:00+08:00
2026-08-17,S09,K02,0,0,Z3,0.0250000000,,,,0,,,,0,3.6000000000,2026-08-05T18:00:00+08:00
2026-08-17,S09,K03,0,0,Z3,0.0245535714,,,,0,,,,0,3.6000000000,2026-08-05T18:00:00+08:00
2026-08-17,S09,K04,0,0,Z3,0.0250000000,,,,0,,,,0,3.6000000000,2026-08-05T18:00:00+08:00
2026-08-17,S09,K05,0,0,Z3,0.0254464286,,,,0,,,,0,3.6000000000,2026-08-05T18:00:00+08:00
2026-08-17,S09,K06,0,0,Z3,0.0258928571,,,,0,,,,0,3.6000000000,2026-08-05T18:00:00+08:00
2026-08-17,S09,K07,0,0,Z3,0.0267857143,,,,0,,,,0,3.6000000000,2026-08-05T18:00:00+08:00
2026-08-17,S09,K08,0,0,Z3,0.0272321429,,,,0,,,,0,3.6000000000,2026-08-05T18:00:00+08:00
2026-08-17,S10,K01,0,0,Z3,0.0258928571,,,,0,,,,0,3.6000000000,2026-08-05T18:00:00+08:00
2026-08-17,S10,K02,0,0,Z3,0.0250000000,,,,0,,,,0,3.6000000000,2026-08-05T18:00:00+08:00
2026-08-17,S10,K03,0,0,Z3,0.0245535714,,,,0,,,,0,3.6000000000,2026-08-05T18:00:00+08:00
2026-08-17,S10,K04,0,0,Z3,0.0250000000,,,,0,,,,0,3.6000000000,2026-08-05T18:00:00+08:00
2026-08-17,S10,K05,0,0,Z3,0.0254464286,,,,0,,,,0,3.6000000000,2026-08-05T18:00:00+08:00
2026-08-17,S10,K06,0,0,Z3,0.0258928571,,,,0,,,,0,3.6000000000,2026-08-05T18:00:00+08:00
2026-08-17,S10,K07,0,0,Z3,0.0267857143,,,,0,,,,0,3.6000000000,2026-08-05T18:00:00+08:00
2026-08-17,S10,K08,0,0,Z3,0.0272321429,,,,0,,,,0,3.6000000000,2026-08-05T18:00:00+08:00
2026-08-17,S11,K01,0,0,Z3,0.0258928571,,,,0,,,,0,3.6000000000,2026-08-05T18:00:00+08:00
2026-08-17,S11,K02,0,0,Z3,0.0250000000,,,,0,,,,0,3.6000000000,2026-08-05T18:00:00+08:00
2026-08-17,S11,K03,0,0,Z3,0.0245535714,,,,0,,,,0,3.6000000000,2026-08-05T18:00:00+08:00
2026-08-17,S11,K04,0,0,Z3,0.0250000000,,,,0,,,,0,3.6000000000,2026-08-05T18:00:00+08:00
2026-08-17,S11,K05,0,0,Z3,0.0254464286,,,,0,,,,0,3.6000000000,2026-08-05T18:00:00+08:00
2026-08-17,S11,K06,0,0,Z3,0.0258928571,,,,0,,,,0,3.6000000000,2026-08-05T18:00:00+08:00
2026-08-17,S11,K07,0,0,Z3,0.0267857143,,,,0,,,,0,3.6000000000,2026-08-05T18:00:00+08:00
2026-08-17,S11,K08,0,0,Z3,0.0272321429,,,,0,,,,0,3.6000000000,2026-08-05T18:00:00+08:00
2026-08-17,S12,K01,0,0,Z3,0.0258928571,,,,0,,,,0,3.6000000000,2026-08-05T18:00:00+08:00
2026-08-17,S12,K02,0,0,Z3,0.0250000000,,,,0,,,,0,3.6000000000,2026-08-05T18:00:00+08:00
2026-08-17,S12,K03,0,0,Z3,0.0245535714,,,,0,,,,0,3.6000000000,2026-08-05T18:00:00+08:00
2026-08-17,S12,K04,0,0,Z3,0.0250000000,,,,0,,,,0,3.6000000000,2026-08-05T18:00:00+08:00
2026-08-17,S12,K05,0,0,Z3,0.0254464286,,,,0,,,,0,3.6000000000,2026-08-05T18:00:00+08:00
2026-08-17,S12,K06,0,0,Z3,0.0258928571,,,,0,,,,0,3.6000000000,2026-08-05T18:00:00+08:00
2026-08-17,S12,K07,0,0,Z3,0.0267857143,,,,0,,,,0,3.6000000000,2026-08-05T18:00:00+08:00
2026-08-17,S12,K08,0,0,Z3,0.0272321429,,,,0,,,,0,3.6000000000,2026-08-05T18:00:00+08:00
2026-08-18,S01,K01,1,0,Z1,0.0258928571,,,,0,,,,0,3.6333333333,2026-08-05T18:00:00+08:00
2026-08-18,S01,K02,1,0,Z1,0.0250000000,,,,0,,,,0,3.6333333333,2026-08-05T18:00:00+08:00
2026-08-18,S01,K03,1,0,Z1,0.0245535714,,,,0,,,,0,3.6333333333,2026-08-05T18:00:00+08:00
2026-08-18,S01,K04,1,0,Z1,0.0250000000,,,,0,,,,0,3.6333333333,2026-08-05T18:00:00+08:00
2026-08-18,S01,K05,1,0,Z1,0.0254464286,,,,0,,,,0,3.6333333333,2026-08-05T18:00:00+08:00
2026-08-18,S01,K06,1,0,Z1,0.0258928571,,,,0,,,,0,3.6333333333,2026-08-05T18:00:00+08:00
2026-08-18,S01,K07,1,0,Z1,0.0267857143,,,,0,,,,0,3.6333333333,2026-08-05T18:00:00+08:00
2026-08-18,S01,K08,1,0,Z1,0.0272321429,,,,0,,,,0,3.6333333333,2026-08-05T18:00:00+08:00
2026-08-18,S02,K01,1,0,Z1,0.0258928571,,,,0,,,,0,3.6333333333,2026-08-05T18:00:00+08:00
2026-08-18,S02,K02,1,0,Z1,0.0250000000,,,,0,,,,0,3.6333333333,2026-08-05T18:00:00+08:00
2026-08-18,S02,K03,1,0,Z1,0.0245535714,,,,0,,,,0,3.6333333333,2026-08-05T18:00:00+08:00
2026-08-18,S02,K04,1,0,Z1,0.0250000000,,,,0,,,,0,3.6333333333,2026-08-05T18:00:00+08:00
2026-08-18,S02,K05,1,0,Z1,0.0254464286,,,,0,,,,0,3.6333333333,2026-08-05T18:00:00+08:00
2026-08-18,S02,K06,1,0,Z1,0.0258928571,,,,0,,,,0,3.6333333333,2026-08-05T18:00:00+08:00
2026-08-18,S02,K07,1,0,Z1,0.0267857143,,,,0,,,,0,3.6333333333,2026-08-05T18:00:00+08:00
2026-08-18,S02,K08,1,0,Z1,0.0272321429,,,,0,,,,0,3.6333333333,2026-08-05T18:00:00+08:00
2026-08-18,S03,K01,1,0,Z1,0.0258928571,,,,0,,,,0,3.6333333333,2026-08-05T18:00:00+08:00
2026-08-18,S03,K02,1,0,Z1,0.0250000000,,,,0,,,,0,3.6333333333,2026-08-05T18:00:00+08:00
2026-08-18,S03,K03,1,0,Z1,0.0245535714,,,,0,,,,0,3.6333333333,2026-08-05T18:00:00+08:00
2026-08-18,S03,K04,1,0,Z1,0.0250000000,,,,0,,,,0,3.6333333333,2026-08-05T18:00:00+08:00
2026-08-18,S03,K05,1,0,Z1,0.0254464286,,,,0,,,,0,3.6333333333,2026-08-05T18:00:00+08:00
2026-08-18,S03,K06,1,0,Z1,0.0258928571,,,,0,,,,0,3.6333333333,2026-08-05T18:00:00+08:00
2026-08-18,S03,K07,1,0,Z1,0.0267857143,,,,0,,,,0,3.6333333333,2026-08-05T18:00:00+08:00
2026-08-18,S03,K08,1,0,Z1,0.0272321429,,,,0,,,,0,3.6333333333,2026-08-05T18:00:00+08:00
2026-08-18,S04,K01,1,0,Z1,0.0258928571,,,,0,,,,0,3.6333333333,2026-08-05T18:00:00+08:00
2026-08-18,S04,K02,1,0,Z1,0.0250000000,,,,0,,,,0,3.6333333333,2026-08-05T18:00:00+08:00
2026-08-18,S04,K03,1,0,Z1,0.0245535714,,,,0,,,,0,3.6333333333,2026-08-05T18:00:00+08:00
2026-08-18,S04,K04,1,0,Z1,0.0250000000,,,,0,,,,0,3.6333333333,2026-08-05T18:00:00+08:00
2026-08-18,S04,K05,1,0,Z1,0.0254464286,,,,0,,,,0,3.6333333333,2026-08-05T18:00:00+08:00
2026-08-18,S04,K06,1,0,Z1,0.0258928571,,,,0,,,,0,3.6333333333,2026-08-05T18:00:00+08:00
2026-08-18,S04,K07,1,0,Z1,0.0267857143,,,,0,,,,0,3.6333333333,2026-08-05T18:00:00+08:00
2026-08-18,S04,K08,1,0,Z1,0.0272321429,,,,0,,,,0,3.6333333333,2026-08-05T18:00:00+08:00
2026-08-18,S05,K01,1,0,Z2,0.0258928571,,,,0,,,,0,3.6333333333,2026-08-05T18:00:00+08:00
2026-08-18,S05,K02,1,0,Z2,0.0250000000,,,,0,,,,0,3.6333333333,2026-08-05T18:00:00+08:00
2026-08-18,S05,K03,1,0,Z2,0.0245535714,,,,0,,,,0,3.6333333333,2026-08-05T18:00:00+08:00
2026-08-18,S05,K04,1,0,Z2,0.0250000000,,,,0,,,,0,3.6333333333,2026-08-05T18:00:00+08:00
2026-08-18,S05,K05,1,0,Z2,0.0254464286,,,,0,,,,0,3.6333333333,2026-08-05T18:00:00+08:00
2026-08-18,S05,K06,1,0,Z2,0.0258928571,,,,0,,,,0,3.6333333333,2026-08-05T18:00:00+08:00
2026-08-18,S05,K07,1,0,Z2,0.0267857143,,,,0,,,,0,3.6333333333,2026-08-05T18:00:00+08:00
2026-08-18,S05,K08,1,0,Z2,0.0272321429,,,,0,,,,0,3.6333333333,2026-08-05T18:00:00+08:00
2026-08-18,S06,K01,1,0,Z2,0.0258928571,,,,0,,,,0,3.6333333333,2026-08-05T18:00:00+08:00
2026-08-18,S06,K02,1,0,Z2,0.0250000000,,,,0,,,,0,3.6333333333,2026-08-05T18:00:00+08:00
2026-08-18,S06,K03,1,0,Z2,0.0245535714,,,,0,,,,0,3.6333333333,2026-08-05T18:00:00+08:00
2026-08-18,S06,K04,1,0,Z2,0.0250000000,,,,0,,,,0,3.6333333333,2026-08-05T18:00:00+08:00
2026-08-18,S06,K05,1,0,Z2,0.0254464286,,,,0,,,,0,3.6333333333,2026-08-05T18:00:00+08:00
2026-08-18,S06,K06,1,0,Z2,0.0258928571,,,,0,,,,0,3.6333333333,2026-08-05T18:00:00+08:00
2026-08-18,S06,K07,1,0,Z2,0.0267857143,,,,0,,,,0,3.6333333333,2026-08-05T18:00:00+08:00
2026-08-18,S06,K08,1,0,Z2,0.0272321429,,,,0,,,,0,3.6333333333,2026-08-05T18:00:00+08:00
2026-08-18,S07,K01,1,0,Z2,0.0258928571,,,,0,,,,0,3.6333333333,2026-08-05T18:00:00+08:00
2026-08-18,S07,K02,1,0,Z2,0.0250000000,,,,0,,,,0,3.6333333333,2026-08-05T18:00:00+08:00
2026-08-18,S07,K03,1,0,Z2,0.0245535714,,,,0,,,,0,3.6333333333,2026-08-05T18:00:00+08:00
2026-08-18,S07,K04,1,0,Z2,0.0250000000,,,,0,,,,0,3.6333333333,2026-08-05T18:00:00+08:00
2026-08-18,S07,K05,1,0,Z2,0.0254464286,,,,0,,,,0,3.6333333333,2026-08-05T18:00:00+08:00
2026-08-18,S07,K06,1,0,Z2,0.0258928571,,,,0,,,,0,3.6333333333,2026-08-05T18:00:00+08:00
2026-08-18,S07,K07,1,0,Z2,0.0267857143,,,,0,,,,0,3.6333333333,2026-08-05T18:00:00+08:00
2026-08-18,S07,K08,1,0,Z2,0.0272321429,,,,0,,,,0,3.6333333333,2026-08-05T18:00:00+08:00
2026-08-18,S08,K01,1,0,Z2,0.0258928571,,,,0,,,,0,3.6333333333,2026-08-05T18:00:00+08:00
2026-08-18,S08,K02,1,0,Z2,0.0250000000,,,,0,,,,0,3.6333333333,2026-08-05T18:00:00+08:00
2026-08-18,S08,K03,1,0,Z2,0.0245535714,,,,0,,,,0,3.6333333333,2026-08-05T18:00:00+08:00
2026-08-18,S08,K04,1,0,Z2,0.0250000000,,,,0,,,,0,3.6333333333,2026-08-05T18:00:00+08:00
2026-08-18,S08,K05,1,0,Z2,0.0254464286,,,,0,,,,0,3.6333333333,2026-08-05T18:00:00+08:00
2026-08-18,S08,K06,1,0,Z2,0.0258928571,,,,0,,,,0,3.6333333333,2026-08-05T18:00:00+08:00
2026-08-18,S08,K07,1,0,Z2,0.0267857143,,,,0,,,,0,3.6333333333,2026-08-05T18:00:00+08:00
2026-08-18,S08,K08,1,0,Z2,0.0272321429,,,,0,,,,0,3.6333333333,2026-08-05T18:00:00+08:00
2026-08-18,S09,K01,1,0,Z3,0.0258928571,,,,0,,,,0,3.6333333333,2026-08-05T18:00:00+08:00
2026-08-18,S09,K02,1,0,Z3,0.0250000000,,,,0,,,,0,3.6333333333,2026-08-05T18:00:00+08:00
2026-08-18,S09,K03,1,0,Z3,0.0245535714,,,,0,,,,0,3.6333333333,2026-08-05T18:00:00+08:00
2026-08-18,S09,K04,1,0,Z3,0.0250000000,,,,0,,,,0,3.6333333333,2026-08-05T18:00:00+08:00
2026-08-18,S09,K05,1,0,Z3,0.0254464286,,,,0,,,,0,3.6333333333,2026-08-05T18:00:00+08:00
2026-08-18,S09,K06,1,0,Z3,0.0258928571,,,,0,,,,0,3.6333333333,2026-08-05T18:00:00+08:00
2026-08-18,S09,K07,1,0,Z3,0.0267857143,,,,0,,,,0,3.6333333333,2026-08-05T18:00:00+08:00
2026-08-18,S09,K08,1,0,Z3,0.0272321429,,,,0,,,,0,3.6333333333,2026-08-05T18:00:00+08:00
2026-08-18,S10,K01,1,0,Z3,0.0258928571,,,,0,,,,0,3.6333333333,2026-08-05T18:00:00+08:00
2026-08-18,S10,K02,1,0,Z3,0.0250000000,,,,0,,,,0,3.6333333333,2026-08-05T18:00:00+08:00
2026-08-18,S10,K03,1,0,Z3,0.0245535714,,,,0,,,,0,3.6333333333,2026-08-05T18:00:00+08:00
2026-08-18,S10,K04,1,0,Z3,0.0250000000,,,,0,,,,0,3.6333333333,2026-08-05T18:00:00+08:00
2026-08-18,S10,K05,1,0,Z3,0.0254464286,,,,0,,,,0,3.6333333333,2026-08-05T18:00:00+08:00
2026-08-18,S10,K06,1,0,Z3,0.0258928571,,,,0,,,,0,3.6333333333,2026-08-05T18:00:00+08:00
2026-08-18,S10,K07,1,0,Z3,0.0267857143,,,,0,,,,0,3.6333333333,2026-08-05T18:00:00+08:00
2026-08-18,S10,K08,1,0,Z3,0.0272321429,,,,0,,,,0,3.6333333333,2026-08-05T18:00:00+08:00
2026-08-18,S11,K01,1,0,Z3,0.0258928571,,,,0,,,,0,3.6333333333,2026-08-05T18:00:00+08:00
2026-08-18,S11,K02,1,0,Z3,0.0250000000,,,,0,,,,0,3.6333333333,2026-08-05T18:00:00+08:00
2026-08-18,S11,K03,1,0,Z3,0.0245535714,,,,0,,,,0,3.6333333333,2026-08-05T18:00:00+08:00
2026-08-18,S11,K04,1,0,Z3,0.0250000000,,,,0,,,,0,3.6333333333,2026-08-05T18:00:00+08:00
2026-08-18,S11,K05,1,0,Z3,0.0254464286,,,,0,,,,0,3.6333333333,2026-08-05T18:00:00+08:00
2026-08-18,S11,K06,1,0,Z3,0.0258928571,,,,0,,,,0,3.6333333333,2026-08-05T18:00:00+08:00
2026-08-18,S11,K07,1,0,Z3,0.0267857143,,,,0,,,,0,3.6333333333,2026-08-05T18:00:00+08:00
2026-08-18,S11,K08,1,0,Z3,0.0272321429,,,,0,,,,0,3.6333333333,2026-08-05T18:00:00+08:00
2026-08-18,S12,K01,1,0,Z3,0.0258928571,,,,0,,,,0,3.6333333333,2026-08-05T18:00:00+08:00
2026-08-18,S12,K02,1,0,Z3,0.0250000000,,,,0,,,,0,3.6333333333,2026-08-05T18:00:00+08:00
2026-08-18,S12,K03,1,0,Z3,0.0245535714,,,,0,,,,0,3.6333333333,2026-08-05T18:00:00+08:00
2026-08-18,S12,K04,1,0,Z3,0.0250000000,,,,0,,,,0,3.6333333333,2026-08-05T18:00:00+08:00
2026-08-18,S12,K05,1,0,Z3,0.0254464286,,,,0,,,,0,3.6333333333,2026-08-05T18:00:00+08:00
2026-08-18,S12,K06,1,0,Z3,0.0258928571,,,,0,,,,0,3.6333333333,2026-08-05T18:00:00+08:00
2026-08-18,S12,K07,1,0,Z3,0.0267857143,,,,0,,,,0,3.6333333333,2026-08-05T18:00:00+08:00
2026-08-18,S12,K08,1,0,Z3,0.0272321429,,,,0,,,,0,3.6333333333,2026-08-05T18:00:00+08:00
2026-08-19,S01,K01,2,0,Z1,0.0258928571,,,,0,,,,0,3.6666666667,2026-08-05T18:00:00+08:00
2026-08-19,S01,K02,2,0,Z1,0.0250000000,,,,0,,,,0,3.6666666667,2026-08-05T18:00:00+08:00
2026-08-19,S01,K03,2,0,Z1,0.0245535714,,,,0,,,,0,3.6666666667,2026-08-05T18:00:00+08:00
2026-08-19,S01,K04,2,0,Z1,0.0250000000,,,,0,,,,0,3.6666666667,2026-08-05T18:00:00+08:00
2026-08-19,S01,K05,2,0,Z1,0.0254464286,,,,0,,,,0,3.6666666667,2026-08-05T18:00:00+08:00
2026-08-19,S01,K06,2,0,Z1,0.0258928571,,,,0,,,,0,3.6666666667,2026-08-05T18:00:00+08:00
2026-08-19,S01,K07,2,0,Z1,0.0267857143,,,,0,,,,0,3.6666666667,2026-08-05T18:00:00+08:00
2026-08-19,S01,K08,2,0,Z1,0.0272321429,,,,0,,,,0,3.6666666667,2026-08-05T18:00:00+08:00
2026-08-19,S02,K01,2,0,Z1,0.0258928571,,,,0,,,,0,3.6666666667,2026-08-05T18:00:00+08:00
2026-08-19,S02,K02,2,0,Z1,0.0250000000,,,,0,,,,0,3.6666666667,2026-08-05T18:00:00+08:00
2026-08-19,S02,K03,2,0,Z1,0.0245535714,,,,0,,,,0,3.6666666667,2026-08-05T18:00:00+08:00
2026-08-19,S02,K04,2,0,Z1,0.0250000000,,,,0,,,,0,3.6666666667,2026-08-05T18:00:00+08:00
2026-08-19,S02,K05,2,0,Z1,0.0254464286,,,,0,,,,0,3.6666666667,2026-08-05T18:00:00+08:00
2026-08-19,S02,K06,2,0,Z1,0.0258928571,,,,0,,,,0,3.6666666667,2026-08-05T18:00:00+08:00
2026-08-19,S02,K07,2,0,Z1,0.0267857143,,,,0,,,,0,3.6666666667,2026-08-05T18:00:00+08:00
2026-08-19,S02,K08,2,0,Z1,0.0272321429,,,,0,,,,0,3.6666666667,2026-08-05T18:00:00+08:00
2026-08-19,S03,K01,2,0,Z1,0.0258928571,,,,0,,,,0,3.6666666667,2026-08-05T18:00:00+08:00
2026-08-19,S03,K02,2,0,Z1,0.0250000000,,,,0,,,,0,3.6666666667,2026-08-05T18:00:00+08:00
2026-08-19,S03,K03,2,0,Z1,0.0245535714,,,,0,,,,0,3.6666666667,2026-08-05T18:00:00+08:00
2026-08-19,S03,K04,2,0,Z1,0.0250000000,,,,0,,,,0,3.6666666667,2026-08-05T18:00:00+08:00
2026-08-19,S03,K05,2,0,Z1,0.0254464286,,,,0,,,,0,3.6666666667,2026-08-05T18:00:00+08:00
2026-08-19,S03,K06,2,0,Z1,0.0258928571,,,,0,,,,0,3.6666666667,2026-08-05T18:00:00+08:00
2026-08-19,S03,K07,2,0,Z1,0.0267857143,,,,0,,,,0,3.6666666667,2026-08-05T18:00:00+08:00
2026-08-19,S03,K08,2,0,Z1,0.0272321429,,,,0,,,,0,3.6666666667,2026-08-05T18:00:00+08:00
2026-08-19,S04,K01,2,0,Z1,0.0258928571,,,,0,,,,0,3.6666666667,2026-08-05T18:00:00+08:00
2026-08-19,S04,K02,2,0,Z1,0.0250000000,,,,0,,,,0,3.6666666667,2026-08-05T18:00:00+08:00
2026-08-19,S04,K03,2,0,Z1,0.0245535714,,,,0,,,,0,3.6666666667,2026-08-05T18:00:00+08:00
2026-08-19,S04,K04,2,0,Z1,0.0250000000,,,,0,,,,0,3.6666666667,2026-08-05T18:00:00+08:00
2026-08-19,S04,K05,2,0,Z1,0.0254464286,,,,0,,,,0,3.6666666667,2026-08-05T18:00:00+08:00
2026-08-19,S04,K06,2,0,Z1,0.0258928571,,,,0,,,,0,3.6666666667,2026-08-05T18:00:00+08:00
2026-08-19,S04,K07,2,0,Z1,0.0267857143,,,,0,,,,0,3.6666666667,2026-08-05T18:00:00+08:00
2026-08-19,S04,K08,2,0,Z1,0.0272321429,,,,0,,,,0,3.6666666667,2026-08-05T18:00:00+08:00
2026-08-19,S05,K01,2,0,Z2,0.0258928571,,,,0,,,,0,3.6666666667,2026-08-05T18:00:00+08:00
2026-08-19,S05,K02,2,0,Z2,0.0250000000,,,,0,,,,0,3.6666666667,2026-08-05T18:00:00+08:00
2026-08-19,S05,K03,2,0,Z2,0.0245535714,,,,0,,,,0,3.6666666667,2026-08-05T18:00:00+08:00
2026-08-19,S05,K04,2,0,Z2,0.0250000000,,,,0,,,,0,3.6666666667,2026-08-05T18:00:00+08:00
2026-08-19,S05,K05,2,0,Z2,0.0254464286,,,,0,,,,0,3.6666666667,2026-08-05T18:00:00+08:00
2026-08-19,S05,K06,2,0,Z2,0.0258928571,,,,0,,,,0,3.6666666667,2026-08-05T18:00:00+08:00
2026-08-19,S05,K07,2,0,Z2,0.0267857143,,,,0,,,,0,3.6666666667,2026-08-05T18:00:00+08:00
2026-08-19,S05,K08,2,0,Z2,0.0272321429,,,,0,,,,0,3.6666666667,2026-08-05T18:00:00+08:00
2026-08-19,S06,K01,2,0,Z2,0.0258928571,,,,0,,,,0,3.6666666667,2026-08-05T18:00:00+08:00
2026-08-19,S06,K02,2,0,Z2,0.0250000000,,,,0,,,,0,3.6666666667,2026-08-05T18:00:00+08:00
2026-08-19,S06,K03,2,0,Z2,0.0245535714,,,,0,,,,0,3.6666666667,2026-08-05T18:00:00+08:00
2026-08-19,S06,K04,2,0,Z2,0.0250000000,,,,0,,,,0,3.6666666667,2026-08-05T18:00:00+08:00
2026-08-19,S06,K05,2,0,Z2,0.0254464286,,,,0,,,,0,3.6666666667,2026-08-05T18:00:00+08:00
2026-08-19,S06,K06,2,0,Z2,0.0258928571,,,,0,,,,0,3.6666666667,2026-08-05T18:00:00+08:00
2026-08-19,S06,K07,2,0,Z2,0.0267857143,,,,0,,,,0,3.6666666667,2026-08-05T18:00:00+08:00
2026-08-19,S06,K08,2,0,Z2,0.0272321429,,,,0,,,,0,3.6666666667,2026-08-05T18:00:00+08:00
2026-08-19,S07,K01,2,0,Z2,0.0258928571,,,,0,,,,0,3.6666666667,2026-08-05T18:00:00+08:00
2026-08-19,S07,K02,2,0,Z2,0.0250000000,,,,0,,,,0,3.6666666667,2026-08-05T18:00:00+08:00
2026-08-19,S07,K03,2,0,Z2,0.0245535714,,,,0,,,,0,3.6666666667,2026-08-05T18:00:00+08:00
2026-08-19,S07,K04,2,0,Z2,0.0250000000,,,,0,,,,0,3.6666666667,2026-08-05T18:00:00+08:00
2026-08-19,S07,K05,2,0,Z2,0.0254464286,,,,0,,,,0,3.6666666667,2026-08-05T18:00:00+08:00
2026-08-19,S07,K06,2,0,Z2,0.0258928571,,,,0,,,,0,3.6666666667,2026-08-05T18:00:00+08:00
2026-08-19,S07,K07,2,0,Z2,0.0267857143,,,,0,,,,0,3.6666666667,2026-08-05T18:00:00+08:00
2026-08-19,S07,K08,2,0,Z2,0.0272321429,,,,0,,,,0,3.6666666667,2026-08-05T18:00:00+08:00
2026-08-19,S08,K01,2,0,Z2,0.0258928571,,,,0,,,,0,3.6666666667,2026-08-05T18:00:00+08:00
2026-08-19,S08,K02,2,0,Z2,0.0250000000,,,,0,,,,0,3.6666666667,2026-08-05T18:00:00+08:00
2026-08-19,S08,K03,2,0,Z2,0.0245535714,,,,0,,,,0,3.6666666667,2026-08-05T18:00:00+08:00
2026-08-19,S08,K04,2,0,Z2,0.0250000000,,,,0,,,,0,3.6666666667,2026-08-05T18:00:00+08:00
2026-08-19,S08,K05,2,0,Z2,0.0254464286,,,,0,,,,0,3.6666666667,2026-08-05T18:00:00+08:00
2026-08-19,S08,K06,2,0,Z2,0.0258928571,,,,0,,,,0,3.6666666667,2026-08-05T18:00:00+08:00
2026-08-19,S08,K07,2,0,Z2,0.0267857143,,,,0,,,,0,3.6666666667,2026-08-05T18:00:00+08:00
2026-08-19,S08,K08,2,0,Z2,0.0272321429,,,,0,,,,0,3.6666666667,2026-08-05T18:00:00+08:00
2026-08-19,S09,K01,2,0,Z3,0.0258928571,,,,0,,,,0,3.6666666667,2026-08-05T18:00:00+08:00
2026-08-19,S09,K02,2,0,Z3,0.0250000000,,,,0,,,,0,3.6666666667,2026-08-05T18:00:00+08:00
2026-08-19,S09,K03,2,0,Z3,0.0245535714,,,,0,,,,0,3.6666666667,2026-08-05T18:00:00+08:00
2026-08-19,S09,K04,2,0,Z3,0.0250000000,,,,0,,,,0,3.6666666667,2026-08-05T18:00:00+08:00
2026-08-19,S09,K05,2,0,Z3,0.0254464286,,,,0,,,,0,3.6666666667,2026-08-05T18:00:00+08:00
2026-08-19,S09,K06,2,0,Z3,0.0258928571,,,,0,,,,0,3.6666666667,2026-08-05T18:00:00+08:00
2026-08-19,S09,K07,2,0,Z3,0.0267857143,,,,0,,,,0,3.6666666667,2026-08-05T18:00:00+08:00
2026-08-19,S09,K08,2,0,Z3,0.0272321429,,,,0,,,,0,3.6666666667,2026-08-05T18:00:00+08:00
2026-08-19,S10,K01,2,0,Z3,0.0258928571,,,,0,,,,0,3.6666666667,2026-08-05T18:00:00+08:00
2026-08-19,S10,K02,2,0,Z3,0.0250000000,,,,0,,,,0,3.6666666667,2026-08-05T18:00:00+08:00
2026-08-19,S10,K03,2,0,Z3,0.0245535714,,,,0,,,,0,3.6666666667,2026-08-05T18:00:00+08:00
2026-08-19,S10,K04,2,0,Z3,0.0250000000,,,,0,,,,0,3.6666666667,2026-08-05T18:00:00+08:00
2026-08-19,S10,K05,2,0,Z3,0.0254464286,,,,0,,,,0,3.6666666667,2026-08-05T18:00:00+08:00
2026-08-19,S10,K06,2,0,Z3,0.0258928571,,,,0,,,,0,3.6666666667,2026-08-05T18:00:00+08:00
2026-08-19,S10,K07,2,0,Z3,0.0267857143,,,,0,,,,0,3.6666666667,2026-08-05T18:00:00+08:00
2026-08-19,S10,K08,2,0,Z3,0.0272321429,,,,0,,,,0,3.6666666667,2026-08-05T18:00:00+08:00
2026-08-19,S11,K01,2,0,Z3,0.0258928571,,,,0,,,,0,3.6666666667,2026-08-05T18:00:00+08:00
2026-08-19,S11,K02,2,0,Z3,0.0250000000,,,,0,,,,0,3.6666666667,2026-08-05T18:00:00+08:00
2026-08-19,S11,K03,2,0,Z3,0.0245535714,,,,0,,,,0,3.6666666667,2026-08-05T18:00:00+08:00
2026-08-19,S11,K04,2,0,Z3,0.0250000000,,,,0,,,,0,3.6666666667,2026-08-05T18:00:00+08:00
2026-08-19,S11,K05,2,0,Z3,0.0254464286,,,,0,,,,0,3.6666666667,2026-08-05T18:00:00+08:00
2026-08-19,S11,K06,2,0,Z3,0.0258928571,,,,0,,,,0,3.6666666667,2026-08-05T18:00:00+08:00
2026-08-19,S11,K07,2,0,Z3,0.0267857143,,,,0,,,,0,3.6666666667,2026-08-05T18:00:00+08:00
2026-08-19,S11,K08,2,0,Z3,0.0272321429,,,,0,,,,0,3.6666666667,2026-08-05T18:00:00+08:00
2026-08-19,S12,K01,2,0,Z3,0.0258928571,,,,0,,,,0,3.6666666667,2026-08-05T18:00:00+08:00
2026-08-19,S12,K02,2,0,Z3,0.0250000000,,,,0,,,,0,3.6666666667,2026-08-05T18:00:00+08:00
2026-08-19,S12,K03,2,0,Z3,0.0245535714,,,,0,,,,0,3.6666666667,2026-08-05T18:00:00+08:00
2026-08-19,S12,K04,2,0,Z3,0.0250000000,,,,0,,,,0,3.6666666667,2026-08-05T18:00:00+08:00
2026-08-19,S12,K05,2,0,Z3,0.0254464286,,,,0,,,,0,3.6666666667,2026-08-05T18:00:00+08:00
2026-08-19,S12,K06,2,0,Z3,0.0258928571,,,,0,,,,0,3.6666666667,2026-08-05T18:00:00+08:00
2026-08-19,S12,K07,2,0,Z3,0.0267857143,,,,0,,,,0,3.6666666667,2026-08-05T18:00:00+08:00
2026-08-19,S12,K08,2,0,Z3,0.0272321429,,,,0,,,,0,3.6666666667,2026-08-05T18:00:00+08:00
