truck_id,item_id,support_id,external_load_kg,top_area_m2,load_limit_kg
TR0001,G5-0001,FLOOR,54.0,0.16,80.0
TR0001,G5-0002,G5-0001,36.0,0.16,80.0
TR0001,G5-0003,G5-0002,18.0,0.16,80.0
TR0001,G5-0004,G5-0003,0.0,0.16,80.0
TR0001,G5-0005,FLOOR,54.0,0.16,80.0
TR0001,G5-0006,G5-0005,36.0,0.16,80.0
TR0001,G5-0007,G5-0006,18.0,0.16,80.0
TR0001,G5-0008,G5-0007,0.0,0.16,80.0
TR0001,G5-0009,FLOOR,54.0,0.16,80.0
TR0001,G5-0010,G5-0009,36.0,0.16,80.0
TR0001,G5-0011,G5-0010,18.0,0.16,80.0
TR0001,G5-0012,G5-0011,0.0,0.16,80.0
TR0001,G5-0013,FLOOR,54.0,0.16,80.0
TR0001,G5-0014,G5-0013,36.0,0.16,80.0
TR0001,G5-0015,G5-0014,18.0,0.16,80.0
TR0001,G5-0016,G5-0015,0.0,0.16,80.0
TR0001,G5-0017,FLOOR,54.0,0.16,80.0
TR0001,G5-0018,G5-0017,36.0,0.16,80.0
TR0001,G5-0019,G5-0018,18.0,0.16,80.0
TR0001,G5-0020,G5-0019,0.0,0.16,80.0
TR0001,G5-0021,FLOOR,54.0,0.16,80.0
TR0001,G5-0022,G5-0021,36.0,0.16,80.0
TR0001,G5-0023,G5-0022,18.0,0.16,80.0
TR0001,G5-0024,G5-0023,0.0,0.16,80.0
TR0001,G5-0025,FLOOR,54.0,0.16,80.0
TR0001,G5-0026,G5-0025,36.0,0.16,80.0
TR0001,G5-0027,G5-0026,18.0,0.16,80.0
TR0001,G5-0028,G5-0027,0.0,0.16,80.0
TR0001,G5-0029,FLOOR,54.0,0.16,80.0
TR0001,G5-0030,G5-0029,36.0,0.16,80.0
TR0001,G5-0031,G5-0030,18.0,0.16,80.0
TR0001,G5-0032,G5-0031,0.0,0.16,80.0
TR0001,G5-0033,FLOOR,54.0,0.16,80.0
TR0001,G5-0034,G5-0033,36.0,0.16,80.0
TR0001,G5-0035,G5-0034,18.0,0.16,80.0
TR0001,G5-0036,G5-0035,0.0,0.16,80.0
TR0001,G5-0037,FLOOR,54.0,0.16,80.0
TR0001,G5-0038,G5-0037,36.0,0.16,80.0
TR0001,G5-0039,G5-0038,18.0,0.16,80.0
TR0001,G5-0040,G5-0039,0.0,0.16,80.0
TR0001,G5-0041,FLOOR,54.0,0.16,80.0
TR0001,G5-0042,G5-0041,36.0,0.16,80.0
TR0001,G5-0043,G5-0042,18.0,0.16,80.0
TR0001,G5-0044,G5-0043,0.0,0.16,80.0
TR0001,G5-0045,FLOOR,54.0,0.16,80.0
TR0001,G5-0046,G5-0045,36.0,0.16,80.0
TR0001,G5-0047,G5-0046,18.0,0.16,80.0
TR0001,G5-0048,G5-0047,0.0,0.16,80.0
TR0001,G5-0049,FLOOR,54.0,0.16,80.0
TR0001,G5-0050,G5-0049,36.0,0.16,80.0
TR0001,G5-0051,G5-0050,18.0,0.16,80.0
TR0001,G5-0052,G5-0051,0.0,0.16,80.0
TR0001,G5-0053,FLOOR,54.0,0.16,80.0
TR0001,G5-0054,G5-0053,36.0,0.16,80.0
TR0001,G5-0055,G5-0054,18.0,0.16,80.0
TR0001,G5-0056,G5-0055,0.0,0.16,80.0
TR0001,G5-0057,FLOOR,54.0,0.16,80.0
TR0001,G5-0058,G5-0057,36.0,0.16,80.0
TR0001,G5-0059,G5-0058,18.0,0.16,80.0
TR0001,G5-0060,G5-0059,0.0,0.16,80.0
TR0001,G5-0061,FLOOR,54.0,0.16,80.0
TR0001,G5-0062,G5-0061,36.0,0.16,80.0
TR0001,G5-0063,G5-0062,18.0,0.16,80.0
TR0001,G5-0064,G5-0063,0.0,0.16,80.0
TR0001,G5-0065,FLOOR,54.0,0.16,80.0
TR0001,G5-0066,G5-0065,36.0,0.16,80.0
TR0001,G5-0067,G5-0066,18.0,0.16,80.0
TR0001,G5-0068,G5-0067,0.0,0.16,80.0
TR0001,G5-0069,FLOOR,54.0,0.16,80.0
TR0001,G5-0070,G5-0069,36.0,0.16,80.0
TR0001,G5-0071,G5-0070,18.0,0.16,80.0
TR0001,G5-0072,G5-0071,0.0,0.16,80.0
TR0001,G5-0073,FLOOR,54.0,0.16,80.0
TR0001,G5-0074,G5-0073,36.0,0.16,80.0
TR0001,G5-0075,G5-0074,18.0,0.16,80.0
TR0001,G5-0076,G5-0075,0.0,0.16,80.0
TR0001,G5-0077,FLOOR,54.0,0.16,80.0
TR0001,G5-0078,G5-0077,36.0,0.16,80.0
TR0001,G5-0079,G5-0078,18.0,0.16,80.0
TR0001,G5-0080,G5-0079,0.0,0.16,80.0
TR0001,G5-0081,FLOOR,54.0,0.16,80.0
TR0001,G5-0082,G5-0081,36.0,0.16,80.0
TR0001,G5-0083,G5-0082,18.0,0.16,80.0
TR0001,G5-0084,G5-0083,0.0,0.16,80.0
TR0001,G5-0085,FLOOR,54.0,0.16,80.0
TR0001,G5-0086,G5-0085,36.0,0.16,80.0
TR0001,G5-0087,G5-0086,18.0,0.16,80.0
TR0001,G5-0088,G5-0087,0.0,0.16,80.0
TR0001,G5-0089,FLOOR,54.0,0.16,80.0
TR0001,G5-0090,G5-0089,36.0,0.16,80.0
TR0001,G5-0091,G5-0090,18.0,0.16,80.0
TR0001,G5-0092,G5-0091,0.0,0.16,80.0
TR0001,G5-0093,FLOOR,54.0,0.16,80.0
TR0001,G5-0094,G5-0093,36.0,0.16,80.0
TR0001,G5-0095,G5-0094,18.0,0.16,80.0
TR0001,G5-0096,G5-0095,0.0,0.16,80.0
TR0001,G5-0097,FLOOR,54.0,0.16,80.0
TR0001,G5-0098,G5-0097,36.0,0.16,80.0
TR0001,G5-0099,G5-0098,18.0,0.16,80.0
TR0001,G5-0100,G5-0099,0.0,0.16,80.0
TR0001,G5-0101,FLOOR,54.0,0.16,80.0
TR0001,G5-0102,G5-0101,36.0,0.16,80.0
TR0001,G5-0103,G5-0102,18.0,0.16,80.0
TR0001,G5-0104,G5-0103,0.0,0.16,80.0
TR0001,G5-0105,FLOOR,54.0,0.16,80.0
TR0001,G5-0106,G5-0105,36.0,0.16,80.0
TR0001,G5-0107,G5-0106,18.0,0.16,80.0
TR0001,G5-0108,G5-0107,0.0,0.16,80.0
TR0001,G5-0109,FLOOR,54.0,0.16,80.0
TR0001,G5-0110,G5-0109,36.0,0.16,80.0
TR0001,G5-0111,G5-0110,18.0,0.16,80.0
TR0001,G5-0112,G5-0111,0.0,0.16,80.0
TR0001,G5-0113,FLOOR,54.0,0.16,80.0
TR0001,G5-0114,G5-0113,36.0,0.16,80.0
TR0001,G5-0115,G5-0114,18.0,0.16,80.0
TR0001,G5-0116,G5-0115,0.0,0.16,80.0
TR0001,G5-0117,FLOOR,54.0,0.16,80.0
TR0001,G5-0118,G5-0117,36.0,0.16,80.0
TR0001,G5-0119,G5-0118,18.0,0.16,80.0
TR0001,G5-0120,G5-0119,0.0,0.16,80.0
TR0001,G5-0121,FLOOR,54.0,0.16,80.0
TR0001,G5-0122,G5-0121,36.0,0.16,80.0
TR0001,G5-0123,G5-0122,18.0,0.16,80.0
TR0001,G5-0124,G5-0123,0.0,0.16,80.0
TR0001,G5-0125,FLOOR,54.0,0.16,80.0
TR0001,G5-0126,G5-0125,36.0,0.16,80.0
TR0001,G5-0127,G5-0126,18.0,0.16,80.0
TR0001,G5-0128,G5-0127,0.0,0.16,80.0
TR0001,G5-0129,FLOOR,54.0,0.16,80.0
TR0001,G5-0130,G5-0129,36.0,0.16,80.0
TR0001,G5-0131,G5-0130,18.0,0.16,80.0
TR0001,G5-0132,G5-0131,0.0,0.16,80.0
TR0001,G5-0133,FLOOR,54.0,0.16,80.0
TR0001,G5-0134,G5-0133,36.0,0.16,80.0
TR0001,G5-0135,G5-0134,18.0,0.16,80.0
TR0001,G5-0136,G5-0135,0.0,0.16,80.0
TR0001,G5-0137,FLOOR,54.0,0.16,80.0
TR0001,G5-0138,G5-0137,36.0,0.16,80.0
TR0001,G5-0139,G5-0138,18.0,0.16,80.0
TR0001,G5-0140,G5-0139,0.0,0.16,80.0
TR0001,G5-0141,FLOOR,54.0,0.16,80.0
TR0001,G5-0142,G5-0141,36.0,0.16,80.0
TR0001,G5-0143,G5-0142,18.0,0.16,80.0
TR0001,G5-0144,G5-0143,0.0,0.16,80.0
TR0001,G2-0001,FLOOR,48.0,0.125,62.5
TR0001,G2-0002,G2-0001,40.0,0.125,62.5
TR0001,G2-0003,G2-0002,32.0,0.125,62.5
TR0001,G2-0004,G2-0003,24.0,0.125,62.5
TR0001,G2-0005,G2-0004,16.0,0.125,62.5
TR0001,G2-0006,G2-0005,8.0,0.125,62.5
TR0001,G2-0007,G2-0006,0.0,0.125,62.5
TR0001,G2-0008,FLOOR,48.0,0.125,62.5
TR0001,G2-0009,G2-0008,40.0,0.125,62.5
TR0001,G2-0010,G2-0009,32.0,0.125,62.5
TR0001,G2-0011,G2-0010,24.0,0.125,62.5
TR0001,G2-0012,G2-0011,16.0,0.125,62.5
TR0001,G2-0013,G2-0012,8.0,0.125,62.5
TR0001,G2-0014,G2-0013,0.0,0.125,62.5
TR0001,G2-0015,FLOOR,48.0,0.125,62.5
TR0001,G2-0016,G2-0015,40.0,0.125,62.5
TR0001,G2-0017,G2-0016,32.0,0.125,62.5
TR0001,G2-0018,G2-0017,24.0,0.125,62.5
TR0001,G2-0019,G2-0018,16.0,0.125,62.5
TR0001,G2-0020,G2-0019,8.0,0.125,62.5
TR0001,G2-0021,G2-0020,0.0,0.125,62.5
TR0001,G2-0022,FLOOR,48.0,0.125,62.5
TR0001,G2-0023,G2-0022,40.0,0.125,62.5
TR0001,G2-0024,G2-0023,32.0,0.125,62.5
TR0001,G2-0025,G2-0024,24.0,0.125,62.5
TR0001,G2-0026,G2-0025,16.0,0.125,62.5
TR0001,G2-0027,G2-0026,8.0,0.125,62.5
TR0001,G2-0028,G2-0027,0.0,0.125,62.5
TR0001,G2-0029,FLOOR,48.0,0.125,62.5
TR0001,G2-0030,G2-0029,40.0,0.125,62.5
TR0001,G2-0031,G2-0030,32.0,0.125,62.5
TR0001,G2-0032,G2-0031,24.0,0.125,62.5
TR0001,G2-0033,G2-0032,16.0,0.125,62.5
TR0001,G2-0034,G2-0033,8.0,0.125,62.5
TR0001,G2-0035,G2-0034,0.0,0.125,62.5
TR0001,G2-0036,FLOOR,48.0,0.125,62.5
TR0001,G2-0037,G2-0036,40.0,0.125,62.5
TR0001,G2-0038,G2-0037,32.0,0.125,62.5
TR0001,G2-0039,G2-0038,24.0,0.125,62.5
TR0001,G2-0040,G2-0039,16.0,0.125,62.5
TR0001,G2-0041,G2-0040,8.0,0.125,62.5
TR0001,G2-0042,G2-0041,0.0,0.125,62.5
TR0001,G2-0043,FLOOR,48.0,0.125,62.5
TR0001,G2-0044,G2-0043,40.0,0.125,62.5
TR0001,G2-0045,G2-0044,32.0,0.125,62.5
TR0001,G2-0046,G2-0045,24.0,0.125,62.5
TR0001,G2-0047,G2-0046,16.0,0.125,62.5
TR0001,G2-0048,G2-0047,8.0,0.125,62.5
TR0001,G2-0049,G2-0048,0.0,0.125,62.5
TR0001,G2-0050,FLOOR,48.0,0.125,62.5
TR0001,G2-0051,G2-0050,40.0,0.125,62.5
TR0001,G2-0052,G2-0051,32.0,0.125,62.5
TR0001,G2-0053,G2-0052,24.0,0.125,62.5
TR0001,G2-0054,G2-0053,16.0,0.125,62.5
TR0001,G2-0055,G2-0054,8.0,0.125,62.5
TR0001,G2-0056,G2-0055,0.0,0.125,62.5
TR0001,G2-0057,FLOOR,48.0,0.125,62.5
TR0001,G2-0058,G2-0057,40.0,0.125,62.5
TR0001,G2-0059,G2-0058,32.0,0.125,62.5
TR0001,G2-0060,G2-0059,24.0,0.125,62.5
TR0001,G2-0061,G2-0060,16.0,0.125,62.5
TR0001,G2-0062,G2-0061,8.0,0.125,62.5
TR0001,G2-0063,G2-0062,0.0,0.125,62.5
TR0001,G2-0064,FLOOR,48.0,0.125,62.5
TR0001,G2-0065,G2-0064,40.0,0.125,62.5
TR0001,G2-0066,G2-0065,32.0,0.125,62.5
TR0001,G2-0067,G2-0066,24.0,0.125,62.5
TR0001,G2-0068,G2-0067,16.0,0.125,62.5
TR0001,G2-0069,G2-0068,8.0,0.125,62.5
TR0001,G2-0070,G2-0069,0.0,0.125,62.5
TR0001,G2-0071,FLOOR,48.0,0.125,62.5
TR0001,G2-0072,G2-0071,40.0,0.125,62.5
TR0001,G2-0073,G2-0072,32.0,0.125,62.5
TR0001,G2-0074,G2-0073,24.0,0.125,62.5
TR0001,G2-0075,G2-0074,16.0,0.125,62.5
TR0001,G2-0076,G2-0075,8.0,0.125,62.5
TR0001,G2-0077,G2-0076,0.0,0.125,62.5
TR0001,G2-0078,FLOOR,48.0,0.125,62.5
TR0001,G2-0079,G2-0078,40.0,0.125,62.5
TR0001,G2-0080,G2-0079,32.0,0.125,62.5
TR0001,G2-0081,G2-0080,24.0,0.125,62.5
TR0001,G2-0082,G2-0081,16.0,0.125,62.5
TR0001,G2-0083,G2-0082,8.0,0.125,62.5
TR0001,G2-0084,G2-0083,0.0,0.125,62.5
TR0001,G2-0085,FLOOR,48.0,0.125,62.5
TR0001,G2-0086,G2-0085,40.0,0.125,62.5
TR0001,G2-0087,G2-0086,32.0,0.125,62.5
TR0001,G2-0088,G2-0087,24.0,0.125,62.5
TR0001,G2-0089,G2-0088,16.0,0.125,62.5
TR0001,G2-0090,G2-0089,8.0,0.125,62.5
TR0001,G2-0091,G2-0090,0.0,0.125,62.5
TR0001,G2-0092,FLOOR,48.0,0.125,62.5
TR0001,G2-0093,G2-0092,40.0,0.125,62.5
TR0001,G2-0094,G2-0093,32.0,0.125,62.5
TR0001,G2-0095,G2-0094,24.0,0.125,62.5
TR0001,G2-0096,G2-0095,16.0,0.125,62.5
TR0001,G2-0097,G2-0096,8.0,0.125,62.5
TR0001,G2-0098,G2-0097,0.0,0.125,62.5
TR0001,G2-0099,FLOOR,48.0,0.125,62.5
TR0001,G2-0100,G2-0099,40.0,0.125,62.5
TR0001,G2-0101,G2-0100,32.0,0.125,62.5
TR0001,G2-0102,G2-0101,24.0,0.125,62.5
TR0001,G2-0103,G2-0102,16.0,0.125,62.5
TR0001,G2-0104,G2-0103,8.0,0.125,62.5
TR0001,G2-0105,G2-0104,0.0,0.125,62.5
TR0001,G2-0106,FLOOR,48.0,0.125,62.5
TR0001,G2-0107,G2-0106,40.0,0.125,62.5
TR0001,G2-0108,G2-0107,32.0,0.125,62.5
TR0001,G2-0109,G2-0108,24.0,0.125,62.5
TR0001,G2-0110,G2-0109,16.0,0.125,62.5
TR0001,G2-0111,G2-0110,8.0,0.125,62.5
TR0001,G2-0112,G2-0111,0.0,0.125,62.5
TR0001,G2-0113,FLOOR,48.0,0.125,62.5
TR0001,G2-0114,G2-0113,40.0,0.125,62.5
TR0001,G2-0115,G2-0114,32.0,0.125,62.5
TR0001,G2-0116,G2-0115,24.0,0.125,62.5
TR0001,G2-0117,G2-0116,16.0,0.125,62.5
TR0001,G2-0118,G2-0117,8.0,0.125,62.5
TR0001,G2-0119,G2-0118,0.0,0.125,62.5
TR0001,G2-0120,FLOOR,48.0,0.125,62.5
TR0001,G2-0121,G2-0120,40.0,0.125,62.5
TR0001,G2-0122,G2-0121,32.0,0.125,62.5
TR0001,G2-0123,G2-0122,24.0,0.125,62.5
TR0001,G2-0124,G2-0123,16.0,0.125,62.5
TR0001,G2-0125,G2-0124,8.0,0.125,62.5
TR0001,G2-0126,G2-0125,0.0,0.125,62.5
TR0001,G2-0127,FLOOR,48.0,0.125,62.5
TR0001,G2-0128,G2-0127,40.0,0.125,62.5
TR0001,G2-0129,G2-0128,32.0,0.125,62.5
TR0001,G2-0130,G2-0129,24.0,0.125,62.5
TR0001,G2-0131,G2-0130,16.0,0.125,62.5
TR0001,G2-0132,G2-0131,8.0,0.125,62.5
TR0001,G2-0133,G2-0132,0.0,0.125,62.5
TR0001,G2-0134,FLOOR,48.0,0.125,62.5
TR0001,G2-0135,G2-0134,40.0,0.125,62.5
TR0001,G2-0136,G2-0135,32.0,0.125,62.5
TR0001,G2-0137,G2-0136,24.0,0.125,62.5
TR0001,G2-0138,G2-0137,16.0,0.125,62.5
TR0001,G2-0139,G2-0138,8.0,0.125,62.5
TR0001,G2-0140,G2-0139,0.0,0.125,62.5
TR0001,G2-0141,FLOOR,48.0,0.125,62.5
TR0001,G2-0142,G2-0141,40.0,0.125,62.5
TR0001,G2-0143,G2-0142,32.0,0.125,62.5
TR0001,G2-0144,G2-0143,24.0,0.125,62.5
TR0001,G2-0145,G2-0144,16.0,0.125,62.5
TR0001,G2-0146,G2-0145,8.0,0.125,62.5
TR0001,G2-0147,G2-0146,0.0,0.125,62.5
TR0001,G2-0148,FLOOR,48.0,0.125,62.5
TR0001,G2-0149,G2-0148,40.0,0.125,62.5
TR0001,G2-0150,G2-0149,32.0,0.125,62.5
TR0001,G2-0151,G2-0150,24.0,0.125,62.5
TR0001,G2-0152,G2-0151,16.0,0.125,62.5
TR0001,G2-0153,G2-0152,8.0,0.125,62.5
TR0001,G2-0154,G2-0153,0.0,0.125,62.5
TR0001,G2-0155,FLOOR,48.0,0.125,62.5
TR0001,G2-0156,G2-0155,40.0,0.125,62.5
TR0001,G2-0157,G2-0156,32.0,0.125,62.5
TR0001,G2-0158,G2-0157,24.0,0.125,62.5
TR0001,G2-0159,G2-0158,16.0,0.125,62.5
TR0001,G2-0160,G2-0159,8.0,0.125,62.5
TR0001,G2-0161,G2-0160,0.0,0.125,62.5
TR0001,G2-0162,FLOOR,48.0,0.125,62.5
TR0001,G2-0163,G2-0162,40.0,0.125,62.5
TR0001,G2-0164,G2-0163,32.0,0.125,62.5
TR0001,G2-0165,G2-0164,24.0,0.125,62.5
TR0001,G2-0166,G2-0165,16.0,0.125,62.5
TR0001,G2-0167,G2-0166,8.0,0.125,62.5
TR0001,G2-0168,G2-0167,0.0,0.125,62.5
TR0001,G2-0169,FLOOR,48.0,0.125,62.5
TR0001,G2-0170,G2-0169,40.0,0.125,62.5
TR0001,G2-0171,G2-0170,32.0,0.125,62.5
TR0001,G2-0172,G2-0171,24.0,0.125,62.5
TR0001,G2-0173,G2-0172,16.0,0.125,62.5
TR0001,G2-0174,G2-0173,8.0,0.125,62.5
TR0001,G2-0175,G2-0174,0.0,0.125,62.5
TR0001,G2-0176,FLOOR,48.0,0.125,62.5
TR0001,G2-0177,G2-0176,40.0,0.125,62.5
TR0001,G2-0178,G2-0177,32.0,0.125,62.5
TR0001,G2-0179,G2-0178,24.0,0.125,62.5
TR0001,G2-0180,G2-0179,16.0,0.125,62.5
TR0001,G2-0181,G2-0180,8.0,0.125,62.5
TR0001,G2-0182,G2-0181,0.0,0.125,62.5
TR0001,G2-0183,FLOOR,48.0,0.125,62.5
TR0001,G2-0184,G2-0183,40.0,0.125,62.5
TR0001,G2-0185,G2-0184,32.0,0.125,62.5
TR0001,G2-0186,G2-0185,24.0,0.125,62.5
TR0001,G2-0187,G2-0186,16.0,0.125,62.5
TR0001,G2-0188,G2-0187,8.0,0.125,62.5
TR0001,G2-0189,G2-0188,0.0,0.125,62.5
TR0001,G2-0190,FLOOR,48.0,0.125,62.5
TR0001,G2-0191,G2-0190,40.0,0.125,62.5
TR0001,G2-0192,G2-0191,32.0,0.125,62.5
TR0001,G2-0193,G2-0192,24.0,0.125,62.5
TR0001,G2-0194,G2-0193,16.0,0.125,62.5
TR0001,G2-0195,G2-0194,8.0,0.125,62.5
TR0001,G2-0196,G2-0195,0.0,0.125,62.5
TR0001,G2-0197,FLOOR,48.0,0.125,62.5
TR0001,G2-0198,G2-0197,40.0,0.125,62.5
TR0001,G2-0199,G2-0198,32.0,0.125,62.5
TR0001,G2-0200,G2-0199,24.0,0.125,62.5
TR0001,G2-0201,G2-0200,16.0,0.125,62.5
TR0001,G2-0202,G2-0201,8.0,0.125,62.5
TR0001,G2-0203,G2-0202,0.0,0.125,62.5
TR0001,G2-0204,FLOOR,48.0,0.125,62.5
TR0001,G2-0205,G2-0204,40.0,0.125,62.5
TR0001,G2-0206,G2-0205,32.0,0.125,62.5
TR0001,G2-0207,G2-0206,24.0,0.125,62.5
TR0001,G2-0208,G2-0207,16.0,0.125,62.5
TR0001,G2-0209,G2-0208,8.0,0.125,62.5
TR0001,G2-0210,G2-0209,0.0,0.125,62.5
TR0001,G2-0211,FLOOR,48.0,0.125,62.5
TR0001,G2-0212,G2-0211,40.0,0.125,62.5
TR0001,G2-0213,G2-0212,32.0,0.125,62.5
TR0001,G2-0214,G2-0213,24.0,0.125,62.5
TR0001,G2-0215,G2-0214,16.0,0.125,62.5
TR0001,G2-0216,G2-0215,8.0,0.125,62.5
TR0001,G2-0217,G2-0216,0.0,0.125,62.5
TR0001,G2-0218,FLOOR,48.0,0.125,62.5
TR0001,G2-0219,G2-0218,40.0,0.125,62.5
TR0001,G2-0220,G2-0219,32.0,0.125,62.5
TR0001,G2-0221,G2-0220,24.0,0.125,62.5
TR0001,G2-0222,G2-0221,16.0,0.125,62.5
TR0001,G2-0223,G2-0222,8.0,0.125,62.5
TR0001,G2-0224,G2-0223,0.0,0.125,62.5
TR0001,G2-0225,FLOOR,48.0,0.125,62.5
TR0001,G2-0226,G2-0225,40.0,0.125,62.5
TR0001,G2-0227,G2-0226,32.0,0.125,62.5
TR0001,G2-0228,G2-0227,24.0,0.125,62.5
TR0001,G2-0229,G2-0228,16.0,0.125,62.5
TR0001,G2-0230,G2-0229,8.0,0.125,62.5
TR0001,G2-0231,G2-0230,0.0,0.125,62.5
TR0001,G2-0232,FLOOR,48.0,0.125,62.5
TR0001,G2-0233,G2-0232,40.0,0.125,62.5
TR0001,G2-0234,G2-0233,32.0,0.125,62.5
TR0001,G2-0235,G2-0234,24.0,0.125,62.5
TR0001,G2-0236,G2-0235,16.0,0.125,62.5
TR0001,G2-0237,G2-0236,8.0,0.125,62.5
TR0001,G2-0238,G2-0237,0.0,0.125,62.5
TR0001,G2-0239,FLOOR,48.0,0.125,62.5
TR0001,G2-0240,G2-0239,40.0,0.125,62.5
TR0001,G2-0241,G2-0240,32.0,0.125,62.5
TR0001,G2-0242,G2-0241,24.0,0.125,62.5
TR0001,G2-0243,G2-0242,16.0,0.125,62.5
TR0001,G2-0244,G2-0243,8.0,0.125,62.5
TR0001,G2-0245,G2-0244,0.0,0.125,62.5
TR0001,G2-0246,FLOOR,48.0,0.125,62.5
TR0001,G2-0247,G2-0246,40.0,0.125,62.5
TR0001,G2-0248,G2-0247,32.0,0.125,62.5
TR0001,G2-0249,G2-0248,24.0,0.125,62.5
TR0001,G2-0250,G2-0249,16.0,0.125,62.5
TR0001,G2-0251,G2-0250,8.0,0.125,62.5
TR0001,G2-0252,G2-0251,0.0,0.125,62.5
TR0001,G2-0253,FLOOR,48.0,0.125,62.5
TR0001,G2-0254,G2-0253,40.0,0.125,62.5
TR0001,G2-0255,G2-0254,32.0,0.125,62.5
TR0001,G2-0256,G2-0255,24.0,0.125,62.5
TR0001,G2-0257,G2-0256,16.0,0.125,62.5
TR0001,G2-0258,G2-0257,8.0,0.125,62.5
TR0001,G2-0259,G2-0258,0.0,0.125,62.5
TR0001,G2-0260,FLOOR,48.0,0.125,62.5
TR0001,G2-0261,G2-0260,40.0,0.125,62.5
TR0001,G2-0262,G2-0261,32.0,0.125,62.5
TR0001,G2-0263,G2-0262,24.0,0.125,62.5
TR0001,G2-0264,G2-0263,16.0,0.125,62.5
TR0001,G2-0265,G2-0264,8.0,0.125,62.5
TR0001,G2-0266,G2-0265,0.0,0.125,62.5
TR0001,G2-0267,FLOOR,48.0,0.125,62.5
TR0001,G2-0268,G2-0267,40.0,0.125,62.5
TR0001,G2-0269,G2-0268,32.0,0.125,62.5
TR0001,G2-0270,G2-0269,24.0,0.125,62.5
TR0001,G2-0271,G2-0270,16.0,0.125,62.5
TR0001,G2-0272,G2-0271,8.0,0.125,62.5
TR0001,G2-0273,G2-0272,0.0,0.125,62.5
TR0001,G2-0274,FLOOR,48.0,0.125,62.5
TR0001,G2-0275,G2-0274,40.0,0.125,62.5
TR0001,G2-0276,G2-0275,32.0,0.125,62.5
TR0001,G2-0277,G2-0276,24.0,0.125,62.5
TR0001,G2-0278,G2-0277,16.0,0.125,62.5
TR0001,G2-0279,G2-0278,8.0,0.125,62.5
TR0001,G2-0280,G2-0279,0.0,0.125,62.5
TR0001,G2-0281,FLOOR,48.0,0.125,62.5
TR0001,G2-0282,G2-0281,40.0,0.125,62.5
TR0001,G2-0283,G2-0282,32.0,0.125,62.5
TR0001,G2-0284,G2-0283,24.0,0.125,62.5
TR0001,G2-0285,G2-0284,16.0,0.125,62.5
TR0001,G2-0286,G2-0285,8.0,0.125,62.5
TR0001,G2-0287,G2-0286,0.0,0.125,62.5
TR0001,G1-0001,FLOOR,63.0,0.24,120.0
TR0001,G1-0002,G1-0001,51.0,0.24,120.0
TR0001,G1-0003,G1-0002,39.0,0.24,120.0
TR0001,G1-0004,G1-0003,27.0,0.24,120.0
TR0001,G1-0005,G1-0004,15.0,0.24,120.0
TR0001,G3-0001,G1-0005,0.0,0.2,100.0
TR0001,G1-0006,FLOOR,63.0,0.24,120.0
TR0001,G1-0007,G1-0006,51.0,0.24,120.0
TR0001,G1-0008,G1-0007,39.0,0.24,120.0
TR0001,G1-0009,G1-0008,27.0,0.24,120.0
TR0001,G1-0010,G1-0009,15.0,0.24,120.0
TR0001,G3-0002,G1-0010,0.0,0.2,100.0
TR0001,G1-0011,FLOOR,63.0,0.24,120.0
TR0001,G1-0012,G1-0011,51.0,0.24,120.0
TR0001,G1-0013,G1-0012,39.0,0.24,120.0
TR0001,G1-0014,G1-0013,27.0,0.24,120.0
TR0001,G1-0015,G1-0014,15.0,0.24,120.0
TR0001,G3-0003,G1-0015,0.0,0.2,100.0
TR0001,G1-0016,FLOOR,63.0,0.24,120.0
TR0001,G1-0017,G1-0016,51.0,0.24,120.0
TR0001,G1-0018,G1-0017,39.0,0.24,120.0
TR0001,G1-0019,G1-0018,27.0,0.24,120.0
TR0001,G1-0020,G1-0019,15.0,0.24,120.0
TR0001,G3-0004,G1-0020,0.0,0.2,100.0
TR0001,G1-0021,FLOOR,63.0,0.24,120.0
TR0001,G1-0022,G1-0021,51.0,0.24,120.0
TR0001,G1-0023,G1-0022,39.0,0.24,120.0
TR0001,G1-0024,G1-0023,27.0,0.24,120.0
TR0001,G1-0025,G1-0024,15.0,0.24,120.0
TR0001,G3-0005,G1-0025,0.0,0.2,100.0
TR0001,G1-0026,FLOOR,63.0,0.24,120.0
TR0001,G1-0027,G1-0026,51.0,0.24,120.0
TR0001,G1-0028,G1-0027,39.0,0.24,120.0
TR0001,G1-0029,G1-0028,27.0,0.24,120.0
TR0001,G1-0030,G1-0029,15.0,0.24,120.0
TR0001,G3-0006,G1-0030,0.0,0.2,100.0
TR0001,G1-0031,FLOOR,63.0,0.24,120.0
TR0001,G1-0032,G1-0031,51.0,0.24,120.0
TR0001,G1-0033,G1-0032,39.0,0.24,120.0
TR0001,G1-0034,G1-0033,27.0,0.24,120.0
TR0001,G1-0035,G1-0034,15.0,0.24,120.0
TR0001,G3-0007,G1-0035,0.0,0.2,100.0
TR0001,G1-0036,FLOOR,63.0,0.24,120.0
TR0001,G1-0037,G1-0036,51.0,0.24,120.0
TR0001,G1-0038,G1-0037,39.0,0.24,120.0
TR0001,G1-0039,G1-0038,27.0,0.24,120.0
TR0001,G1-0040,G1-0039,15.0,0.24,120.0
TR0001,G3-0008,G1-0040,0.0,0.2,100.0
TR0001,G1-0041,FLOOR,63.0,0.24,120.0
TR0001,G1-0042,G1-0041,51.0,0.24,120.0
TR0001,G1-0043,G1-0042,39.0,0.24,120.0
TR0001,G1-0044,G1-0043,27.0,0.24,120.0
TR0001,G1-0045,G1-0044,15.0,0.24,120.0
TR0001,G3-0009,G1-0045,0.0,0.2,100.0
TR0001,G1-0046,FLOOR,63.0,0.24,120.0
TR0001,G1-0047,G1-0046,51.0,0.24,120.0
TR0001,G1-0048,G1-0047,39.0,0.24,120.0
TR0001,G1-0049,G1-0048,27.0,0.24,120.0
TR0001,G1-0050,G1-0049,15.0,0.24,120.0
TR0001,G3-0010,G1-0050,0.0,0.2,100.0
TR0001,G1-0051,FLOOR,63.0,0.24,120.0
TR0001,G1-0052,G1-0051,51.0,0.24,120.0
TR0001,G1-0053,G1-0052,39.0,0.24,120.0
TR0001,G1-0054,G1-0053,27.0,0.24,120.0
TR0001,G1-0055,G1-0054,15.0,0.24,120.0
TR0001,G3-0011,G1-0055,0.0,0.2,100.0
TR0001,G1-0056,FLOOR,63.0,0.24,120.0
TR0001,G1-0057,G1-0056,51.0,0.24,120.0
TR0001,G1-0058,G1-0057,39.0,0.24,120.0
TR0001,G1-0059,G1-0058,27.0,0.24,120.0
TR0001,G1-0060,G1-0059,15.0,0.24,120.0
TR0001,G3-0012,G1-0060,0.0,0.2,100.0
TR0001,G1-0061,FLOOR,63.0,0.24,120.0
TR0001,G1-0062,G1-0061,51.0,0.24,120.0
TR0001,G1-0063,G1-0062,39.0,0.24,120.0
TR0001,G1-0064,G1-0063,27.0,0.24,120.0
TR0001,G1-0065,G1-0064,15.0,0.24,120.0
TR0001,G3-0013,G1-0065,0.0,0.2,100.0
TR0001,G1-0066,FLOOR,63.0,0.24,120.0
TR0001,G1-0067,G1-0066,51.0,0.24,120.0
TR0001,G1-0068,G1-0067,39.0,0.24,120.0
TR0001,G1-0069,G1-0068,27.0,0.24,120.0
TR0001,G1-0070,G1-0069,15.0,0.24,120.0
TR0001,G3-0014,G1-0070,0.0,0.2,100.0
TR0001,G1-0071,FLOOR,63.0,0.24,120.0
TR0001,G1-0072,G1-0071,51.0,0.24,120.0
TR0001,G1-0073,G1-0072,39.0,0.24,120.0
TR0001,G1-0074,G1-0073,27.0,0.24,120.0
TR0001,G1-0075,G1-0074,15.0,0.24,120.0
TR0001,G3-0015,G1-0075,0.0,0.2,100.0
TR0001,G1-0076,FLOOR,63.0,0.24,120.0
TR0001,G1-0077,G1-0076,51.0,0.24,120.0
TR0001,G1-0078,G1-0077,39.0,0.24,120.0
TR0001,G1-0079,G1-0078,27.0,0.24,120.0
TR0001,G1-0080,G1-0079,15.0,0.24,120.0
TR0001,G3-0016,G1-0080,0.0,0.2,100.0
TR0001,G1-0081,FLOOR,63.0,0.24,120.0
TR0001,G1-0082,G1-0081,51.0,0.24,120.0
TR0001,G1-0083,G1-0082,39.0,0.24,120.0
TR0001,G1-0084,G1-0083,27.0,0.24,120.0
TR0001,G1-0085,G1-0084,15.0,0.24,120.0
TR0001,G3-0017,G1-0085,0.0,0.2,100.0
TR0001,G1-0086,FLOOR,63.0,0.24,120.0
TR0001,G1-0087,G1-0086,51.0,0.24,120.0
TR0001,G1-0088,G1-0087,39.0,0.24,120.0
TR0001,G1-0089,G1-0088,27.0,0.24,120.0
TR0001,G1-0090,G1-0089,15.0,0.24,120.0
TR0001,G3-0018,G1-0090,0.0,0.2,100.0
TR0001,G2-0288,FLOOR,0.0,0.0875,43.75
TR0001,G1-0091,FLOOR,60.0,0.18,90.0
TR0001,G1-0092,G1-0091,48.0,0.18,90.0
TR0001,G1-0093,G1-0092,36.0,0.18,90.0
TR0001,G1-0094,G1-0093,24.0,0.18,90.0
TR0001,G1-0095,G1-0094,12.0,0.18,90.0
TR0001,G1-0096,G1-0095,0.0,0.18,90.0
TR0002,G4-0001,FLOOR,87.0,0.48,240.0
TR0002,G4-0002,G4-0001,62.0,0.48,240.0
TR0002,G4-0003,G4-0002,37.0,0.48,240.0
TR0002,G4-0004,G4-0003,12.0,0.48,240.0
TR0002,G1-0097,G4-0004,0.0,0.24,120.0
TR0002,G4-0005,FLOOR,87.0,0.48,240.0
TR0002,G4-0006,G4-0005,62.0,0.48,240.0
TR0002,G4-0007,G4-0006,37.0,0.48,240.0
TR0002,G4-0008,G4-0007,12.0,0.48,240.0
TR0002,G1-0098,G4-0008,0.0,0.24,120.0
TR0002,G4-0009,FLOOR,87.0,0.48,240.0
TR0002,G4-0010,G4-0009,62.0,0.48,240.0
TR0002,G4-0011,G4-0010,37.0,0.48,240.0
TR0002,G4-0012,G4-0011,12.0,0.48,240.0
TR0002,G1-0099,G4-0012,0.0,0.24,120.0
TR0002,G4-0013,FLOOR,87.0,0.48,240.0
TR0002,G4-0014,G4-0013,62.0,0.48,240.0
TR0002,G4-0015,G4-0014,37.0,0.48,240.0
TR0002,G4-0016,G4-0015,12.0,0.48,240.0
TR0002,G1-0100,G4-0016,0.0,0.24,120.0
TR0002,G1-0101,FLOOR,63.0,0.24,120.0
TR0002,G1-0102,G1-0101,51.0,0.24,120.0
TR0002,G1-0103,G1-0102,39.0,0.24,120.0
TR0002,G1-0104,G1-0103,27.0,0.24,120.0
TR0002,G1-0105,G1-0104,15.0,0.24,120.0
TR0002,G3-0019,G1-0105,0.0,0.2,100.0
TR0002,G1-0106,FLOOR,63.0,0.24,120.0
TR0002,G1-0107,G1-0106,51.0,0.24,120.0
TR0002,G1-0108,G1-0107,39.0,0.24,120.0
TR0002,G1-0109,G1-0108,27.0,0.24,120.0
TR0002,G1-0110,G1-0109,15.0,0.24,120.0
TR0002,G3-0020,G1-0110,0.0,0.2,100.0
TR0002,G1-0111,FLOOR,63.0,0.24,120.0
TR0002,G1-0112,G1-0111,51.0,0.24,120.0
TR0002,G1-0113,G1-0112,39.0,0.24,120.0
TR0002,G1-0114,G1-0113,27.0,0.24,120.0
TR0002,G1-0115,G1-0114,15.0,0.24,120.0
TR0002,G3-0021,G1-0115,0.0,0.2,100.0
TR0002,G1-0116,FLOOR,63.0,0.24,120.0
TR0002,G1-0117,G1-0116,51.0,0.24,120.0
TR0002,G1-0118,G1-0117,39.0,0.24,120.0
TR0002,G1-0119,G1-0118,27.0,0.24,120.0
TR0002,G1-0120,G1-0119,15.0,0.24,120.0
TR0002,G3-0022,G1-0120,0.0,0.2,100.0
TR0002,G1-0121,FLOOR,63.0,0.24,120.0
TR0002,G1-0122,G1-0121,51.0,0.24,120.0
TR0002,G1-0123,G1-0122,39.0,0.24,120.0
TR0002,G1-0124,G1-0123,27.0,0.24,120.0
TR0002,G1-0125,G1-0124,15.0,0.24,120.0
TR0002,G3-0023,G1-0125,0.0,0.2,100.0
TR0002,G1-0126,FLOOR,63.0,0.24,120.0
TR0002,G1-0127,G1-0126,51.0,0.24,120.0
TR0002,G1-0128,G1-0127,39.0,0.24,120.0
TR0002,G1-0129,G1-0128,27.0,0.24,120.0
TR0002,G1-0130,G1-0129,15.0,0.24,120.0
TR0002,G3-0024,G1-0130,0.0,0.2,100.0
TR0002,G1-0131,FLOOR,63.0,0.24,120.0
TR0002,G1-0132,G1-0131,51.0,0.24,120.0
TR0002,G1-0133,G1-0132,39.0,0.24,120.0
TR0002,G1-0134,G1-0133,27.0,0.24,120.0
TR0002,G1-0135,G1-0134,15.0,0.24,120.0
TR0002,G3-0025,G1-0135,0.0,0.2,100.0
TR0002,G1-0136,FLOOR,63.0,0.24,120.0
TR0002,G1-0137,G1-0136,51.0,0.24,120.0
TR0002,G1-0138,G1-0137,39.0,0.24,120.0
TR0002,G1-0139,G1-0138,27.0,0.24,120.0
TR0002,G1-0140,G1-0139,15.0,0.24,120.0
TR0002,G3-0026,G1-0140,0.0,0.2,100.0
TR0002,G1-0141,FLOOR,63.0,0.24,120.0
TR0002,G1-0142,G1-0141,51.0,0.24,120.0
TR0002,G1-0143,G1-0142,39.0,0.24,120.0
TR0002,G1-0144,G1-0143,27.0,0.24,120.0
TR0002,G1-0145,G1-0144,15.0,0.24,120.0
TR0002,G3-0027,G1-0145,0.0,0.2,100.0
TR0002,G1-0146,FLOOR,63.0,0.24,120.0
TR0002,G1-0147,G1-0146,51.0,0.24,120.0
TR0002,G1-0148,G1-0147,39.0,0.24,120.0
TR0002,G1-0149,G1-0148,27.0,0.24,120.0
TR0002,G1-0150,G1-0149,15.0,0.24,120.0
TR0002,G3-0028,G1-0150,0.0,0.2,100.0
TR0002,G1-0151,FLOOR,63.0,0.24,120.0
TR0002,G1-0152,G1-0151,51.0,0.24,120.0
TR0002,G1-0153,G1-0152,39.0,0.24,120.0
TR0002,G1-0154,G1-0153,27.0,0.24,120.0
TR0002,G1-0155,G1-0154,15.0,0.24,120.0
TR0002,G3-0029,G1-0155,0.0,0.2,100.0
TR0002,G1-0156,FLOOR,63.0,0.24,120.0
TR0002,G1-0157,G1-0156,51.0,0.24,120.0
TR0002,G1-0158,G1-0157,39.0,0.24,120.0
TR0002,G1-0159,G1-0158,27.0,0.24,120.0
TR0002,G1-0160,G1-0159,15.0,0.24,120.0
TR0002,G3-0030,G1-0160,0.0,0.2,100.0
TR0002,G1-0161,FLOOR,63.0,0.24,120.0
TR0002,G1-0162,G1-0161,51.0,0.24,120.0
TR0002,G1-0163,G1-0162,39.0,0.24,120.0
TR0002,G1-0164,G1-0163,27.0,0.24,120.0
TR0002,G1-0165,G1-0164,15.0,0.24,120.0
TR0002,G3-0031,G1-0165,0.0,0.2,100.0
TR0002,G1-0166,FLOOR,63.0,0.24,120.0
TR0002,G1-0167,G1-0166,51.0,0.24,120.0
TR0002,G1-0168,G1-0167,39.0,0.24,120.0
TR0002,G1-0169,G1-0168,27.0,0.24,120.0
TR0002,G1-0170,G1-0169,15.0,0.24,120.0
TR0002,G3-0032,G1-0170,0.0,0.2,100.0
TR0002,G1-0171,FLOOR,63.0,0.24,120.0
TR0002,G1-0172,G1-0171,51.0,0.24,120.0
TR0002,G1-0173,G1-0172,39.0,0.24,120.0
TR0002,G1-0174,G1-0173,27.0,0.24,120.0
TR0002,G1-0175,G1-0174,15.0,0.24,120.0
TR0002,G3-0033,G1-0175,0.0,0.2,100.0
TR0002,G1-0176,FLOOR,63.0,0.24,120.0
TR0002,G1-0177,G1-0176,51.0,0.24,120.0
TR0002,G1-0178,G1-0177,39.0,0.24,120.0
TR0002,G1-0179,G1-0178,27.0,0.24,120.0
TR0002,G1-0180,G1-0179,15.0,0.24,120.0
TR0002,G3-0034,G1-0180,0.0,0.2,100.0
TR0002,G1-0181,FLOOR,63.0,0.24,120.0
TR0002,G1-0182,G1-0181,51.0,0.24,120.0
TR0002,G1-0183,G1-0182,39.0,0.24,120.0
TR0002,G1-0184,G1-0183,27.0,0.24,120.0
TR0002,G1-0185,G1-0184,15.0,0.24,120.0
TR0002,G3-0035,G1-0185,0.0,0.2,100.0
TR0002,G1-0186,FLOOR,63.0,0.24,120.0
TR0002,G1-0187,G1-0186,51.0,0.24,120.0
TR0002,G1-0188,G1-0187,39.0,0.24,120.0
TR0002,G1-0189,G1-0188,27.0,0.24,120.0
TR0002,G1-0190,G1-0189,15.0,0.24,120.0
TR0002,G3-0036,G1-0190,0.0,0.2,100.0
TR0002,G1-0191,FLOOR,63.0,0.24,120.0
TR0002,G1-0192,G1-0191,51.0,0.24,120.0
TR0002,G1-0193,G1-0192,39.0,0.24,120.0
TR0002,G1-0194,G1-0193,27.0,0.24,120.0
TR0002,G1-0195,G1-0194,15.0,0.24,120.0
TR0002,G3-0037,G1-0195,0.0,0.2,100.0
TR0002,G1-0196,FLOOR,63.0,0.24,120.0
TR0002,G1-0197,G1-0196,51.0,0.24,120.0
TR0002,G1-0198,G1-0197,39.0,0.24,120.0
TR0002,G1-0199,G1-0198,27.0,0.24,120.0
TR0002,G1-0200,G1-0199,15.0,0.24,120.0
TR0002,G3-0038,G1-0200,0.0,0.2,100.0
TR0002,G1-0201,FLOOR,63.0,0.24,120.0
TR0002,G1-0202,G1-0201,51.0,0.24,120.0
TR0002,G1-0203,G1-0202,39.0,0.24,120.0
TR0002,G1-0204,G1-0203,27.0,0.24,120.0
TR0002,G1-0205,G1-0204,15.0,0.24,120.0
TR0002,G3-0039,G1-0205,0.0,0.2,100.0
TR0002,G1-0206,FLOOR,63.0,0.24,120.0
TR0002,G1-0207,G1-0206,51.0,0.24,120.0
TR0002,G1-0208,G1-0207,39.0,0.24,120.0
TR0002,G1-0209,G1-0208,27.0,0.24,120.0
TR0002,G1-0210,G1-0209,15.0,0.24,120.0
TR0002,G3-0040,G1-0210,0.0,0.2,100.0
TR0002,G1-0211,FLOOR,63.0,0.24,120.0
TR0002,G1-0212,G1-0211,51.0,0.24,120.0
TR0002,G1-0213,G1-0212,39.0,0.24,120.0
TR0002,G1-0214,G1-0213,27.0,0.24,120.0
TR0002,G1-0215,G1-0214,15.0,0.24,120.0
TR0002,G3-0041,G1-0215,0.0,0.2,100.0
TR0002,G1-0216,FLOOR,63.0,0.24,120.0
TR0002,G1-0217,G1-0216,51.0,0.24,120.0
TR0002,G1-0218,G1-0217,39.0,0.24,120.0
TR0002,G1-0219,G1-0218,27.0,0.24,120.0
TR0002,G1-0220,G1-0219,15.0,0.24,120.0
TR0002,G3-0042,G1-0220,0.0,0.2,100.0
TR0002,G1-0221,FLOOR,63.0,0.24,120.0
TR0002,G1-0222,G1-0221,51.0,0.24,120.0
TR0002,G1-0223,G1-0222,39.0,0.24,120.0
TR0002,G1-0224,G1-0223,27.0,0.24,120.0
TR0002,G1-0225,G1-0224,15.0,0.24,120.0
TR0002,G3-0043,G1-0225,0.0,0.2,100.0
TR0002,G1-0226,FLOOR,63.0,0.24,120.0
TR0002,G1-0227,G1-0226,51.0,0.24,120.0
TR0002,G1-0228,G1-0227,39.0,0.24,120.0
TR0002,G1-0229,G1-0228,27.0,0.24,120.0
TR0002,G1-0230,G1-0229,15.0,0.24,120.0
TR0002,G3-0044,G1-0230,0.0,0.2,100.0
TR0002,G1-0231,FLOOR,63.0,0.24,120.0
TR0002,G1-0232,G1-0231,51.0,0.24,120.0
TR0002,G1-0233,G1-0232,39.0,0.24,120.0
TR0002,G1-0234,G1-0233,27.0,0.24,120.0
TR0002,G1-0235,G1-0234,15.0,0.24,120.0
TR0002,G3-0045,G1-0235,0.0,0.2,100.0
TR0002,G1-0236,FLOOR,63.0,0.24,120.0
TR0002,G1-0237,G1-0236,51.0,0.24,120.0
TR0002,G1-0238,G1-0237,39.0,0.24,120.0
TR0002,G1-0239,G1-0238,27.0,0.24,120.0
TR0002,G1-0240,G1-0239,15.0,0.24,120.0
TR0002,G3-0046,G1-0240,0.0,0.2,100.0
TR0002,G1-0241,FLOOR,63.0,0.24,120.0
TR0002,G1-0242,G1-0241,51.0,0.24,120.0
TR0002,G1-0243,G1-0242,39.0,0.24,120.0
TR0002,G1-0244,G1-0243,27.0,0.24,120.0
TR0002,G1-0245,G1-0244,15.0,0.24,120.0
TR0002,G3-0047,G1-0245,0.0,0.2,100.0
TR0002,G1-0246,FLOOR,63.0,0.24,120.0
TR0002,G1-0247,G1-0246,51.0,0.24,120.0
TR0002,G1-0248,G1-0247,39.0,0.24,120.0
TR0002,G1-0249,G1-0248,27.0,0.24,120.0
TR0002,G1-0250,G1-0249,15.0,0.24,120.0
TR0002,G3-0048,G1-0250,0.0,0.2,100.0
TR0002,G1-0251,FLOOR,63.0,0.24,120.0
TR0002,G1-0252,G1-0251,51.0,0.24,120.0
TR0002,G1-0253,G1-0252,39.0,0.24,120.0
TR0002,G1-0254,G1-0253,27.0,0.24,120.0
TR0002,G1-0255,G1-0254,15.0,0.24,120.0
TR0002,G3-0049,G1-0255,0.0,0.2,100.0
TR0002,G1-0256,FLOOR,63.0,0.24,120.0
TR0002,G1-0257,G1-0256,51.0,0.24,120.0
TR0002,G1-0258,G1-0257,39.0,0.24,120.0
TR0002,G1-0259,G1-0258,27.0,0.24,120.0
TR0002,G1-0260,G1-0259,15.0,0.24,120.0
TR0002,G3-0050,G1-0260,0.0,0.2,100.0
TR0002,G1-0261,FLOOR,63.0,0.24,120.0
TR0002,G1-0262,G1-0261,51.0,0.24,120.0
TR0002,G1-0263,G1-0262,39.0,0.24,120.0
TR0002,G1-0264,G1-0263,27.0,0.24,120.0
TR0002,G1-0265,G1-0264,15.0,0.24,120.0
TR0002,G3-0051,G1-0265,0.0,0.2,100.0
TR0002,G1-0266,FLOOR,63.0,0.24,120.0
TR0002,G1-0267,G1-0266,51.0,0.24,120.0
TR0002,G1-0268,G1-0267,39.0,0.24,120.0
TR0002,G1-0269,G1-0268,27.0,0.24,120.0
TR0002,G1-0270,G1-0269,15.0,0.24,120.0
TR0002,G3-0052,G1-0270,0.0,0.2,100.0
TR0002,G1-0271,FLOOR,63.0,0.24,120.0
TR0002,G1-0272,G1-0271,51.0,0.24,120.0
TR0002,G1-0273,G1-0272,39.0,0.24,120.0
TR0002,G1-0274,G1-0273,27.0,0.24,120.0
TR0002,G1-0275,G1-0274,15.0,0.24,120.0
TR0002,G3-0053,G1-0275,0.0,0.2,100.0
TR0002,G1-0276,FLOOR,63.0,0.24,120.0
TR0002,G1-0277,G1-0276,51.0,0.24,120.0
TR0002,G1-0278,G1-0277,39.0,0.24,120.0
TR0002,G1-0279,G1-0278,27.0,0.24,120.0
TR0002,G1-0280,G1-0279,15.0,0.24,120.0
TR0002,G3-0054,G1-0280,0.0,0.2,100.0
TR0002,G1-0281,FLOOR,63.0,0.24,120.0
TR0002,G1-0282,G1-0281,51.0,0.24,120.0
TR0002,G1-0283,G1-0282,39.0,0.24,120.0
TR0002,G1-0284,G1-0283,27.0,0.24,120.0
TR0002,G1-0285,G1-0284,15.0,0.24,120.0
TR0002,G3-0055,G1-0285,0.0,0.2,100.0
TR0002,G1-0286,FLOOR,63.0,0.24,120.0
TR0002,G1-0287,G1-0286,51.0,0.24,120.0
TR0002,G1-0288,G1-0287,39.0,0.24,120.0
TR0002,G1-0289,G1-0288,27.0,0.24,120.0
TR0002,G1-0290,G1-0289,15.0,0.24,120.0
TR0002,G3-0056,G1-0290,0.0,0.2,100.0
TR0002,G1-0291,FLOOR,63.0,0.24,120.0
TR0002,G1-0292,G1-0291,51.0,0.24,120.0
TR0002,G1-0293,G1-0292,39.0,0.24,120.0
TR0002,G1-0294,G1-0293,27.0,0.24,120.0
TR0002,G1-0295,G1-0294,15.0,0.24,120.0
TR0002,G3-0057,G1-0295,0.0,0.2,100.0
TR0002,G1-0296,FLOOR,63.0,0.24,120.0
TR0002,G1-0297,G1-0296,51.0,0.24,120.0
TR0002,G1-0298,G1-0297,39.0,0.24,120.0
TR0002,G1-0299,G1-0298,27.0,0.24,120.0
TR0002,G1-0300,G1-0299,15.0,0.24,120.0
TR0002,G3-0058,G1-0300,0.0,0.2,100.0
TR0002,G1-0301,FLOOR,63.0,0.24,120.0
TR0002,G1-0302,G1-0301,51.0,0.24,120.0
TR0002,G1-0303,G1-0302,39.0,0.24,120.0
TR0002,G1-0304,G1-0303,27.0,0.24,120.0
TR0002,G1-0305,G1-0304,15.0,0.24,120.0
TR0002,G3-0059,G1-0305,0.0,0.2,100.0
TR0002,G1-0306,FLOOR,63.0,0.24,120.0
TR0002,G1-0307,G1-0306,51.0,0.24,120.0
TR0002,G1-0308,G1-0307,39.0,0.24,120.0
TR0002,G1-0309,G1-0308,27.0,0.24,120.0
TR0002,G1-0310,G1-0309,15.0,0.24,120.0
TR0002,G3-0060,G1-0310,0.0,0.2,100.0
TR0002,G1-0311,FLOOR,63.0,0.24,120.0
TR0002,G1-0312,G1-0311,51.0,0.24,120.0
TR0002,G1-0313,G1-0312,39.0,0.24,120.0
TR0002,G1-0314,G1-0313,27.0,0.24,120.0
TR0002,G1-0315,G1-0314,15.0,0.24,120.0
TR0002,G3-0061,G1-0315,0.0,0.2,100.0
TR0002,G1-0316,FLOOR,63.0,0.24,120.0
TR0002,G1-0317,G1-0316,51.0,0.24,120.0
TR0002,G1-0318,G1-0317,39.0,0.24,120.0
TR0002,G1-0319,G1-0318,27.0,0.24,120.0
TR0002,G1-0320,G1-0319,15.0,0.24,120.0
TR0002,G3-0062,G1-0320,0.0,0.2,100.0
TR0002,G1-0321,FLOOR,63.0,0.24,120.0
TR0002,G1-0322,G1-0321,51.0,0.24,120.0
TR0002,G1-0323,G1-0322,39.0,0.24,120.0
TR0002,G1-0324,G1-0323,27.0,0.24,120.0
TR0002,G1-0325,G1-0324,15.0,0.24,120.0
TR0002,G3-0063,G1-0325,0.0,0.2,100.0
TR0002,G1-0326,FLOOR,63.0,0.24,120.0
TR0002,G1-0327,G1-0326,51.0,0.24,120.0
TR0002,G1-0328,G1-0327,39.0,0.24,120.0
TR0002,G1-0329,G1-0328,27.0,0.24,120.0
TR0002,G1-0330,G1-0329,15.0,0.24,120.0
TR0002,G3-0064,G1-0330,0.0,0.2,100.0
TR0002,G1-0331,FLOOR,63.0,0.24,120.0
TR0002,G1-0332,G1-0331,51.0,0.24,120.0
TR0002,G1-0333,G1-0332,39.0,0.24,120.0
TR0002,G1-0334,G1-0333,27.0,0.24,120.0
TR0002,G1-0335,G1-0334,15.0,0.24,120.0
TR0002,G3-0065,G1-0335,0.0,0.2,100.0
TR0002,G1-0336,FLOOR,63.0,0.24,120.0
TR0002,G1-0337,G1-0336,51.0,0.24,120.0
TR0002,G1-0338,G1-0337,39.0,0.24,120.0
TR0002,G1-0339,G1-0338,27.0,0.24,120.0
TR0002,G1-0340,G1-0339,15.0,0.24,120.0
TR0002,G3-0066,G1-0340,0.0,0.2,100.0
TR0002,G1-0341,FLOOR,63.0,0.24,120.0
TR0002,G1-0342,G1-0341,51.0,0.24,120.0
TR0002,G1-0343,G1-0342,39.0,0.24,120.0
TR0002,G1-0344,G1-0343,27.0,0.24,120.0
TR0002,G1-0345,G1-0344,15.0,0.24,120.0
TR0002,G3-0067,G1-0345,0.0,0.2,100.0
TR0002,G1-0346,FLOOR,63.0,0.24,120.0
TR0002,G1-0347,G1-0346,51.0,0.24,120.0
TR0002,G1-0348,G1-0347,39.0,0.24,120.0
TR0002,G1-0349,G1-0348,27.0,0.24,120.0
TR0002,G1-0350,G1-0349,15.0,0.24,120.0
TR0002,G3-0068,G1-0350,0.0,0.2,100.0
TR0002,G1-0351,FLOOR,63.0,0.24,120.0
TR0002,G1-0352,G1-0351,51.0,0.24,120.0
TR0002,G1-0353,G1-0352,39.0,0.24,120.0
TR0002,G1-0354,G1-0353,27.0,0.24,120.0
TR0002,G1-0355,G1-0354,15.0,0.24,120.0
TR0002,G3-0069,G1-0355,0.0,0.2,100.0
TR0002,G1-0356,FLOOR,63.0,0.24,120.0
TR0002,G1-0357,G1-0356,51.0,0.24,120.0
TR0002,G1-0358,G1-0357,39.0,0.24,120.0
TR0002,G1-0359,G1-0358,27.0,0.24,120.0
TR0002,G1-0360,G1-0359,15.0,0.24,120.0
TR0002,G3-0070,G1-0360,0.0,0.2,100.0
TR0002,G1-0361,FLOOR,63.0,0.24,120.0
TR0002,G1-0362,G1-0361,51.0,0.24,120.0
TR0002,G1-0363,G1-0362,39.0,0.24,120.0
TR0002,G1-0364,G1-0363,27.0,0.24,120.0
TR0002,G1-0365,G1-0364,15.0,0.24,120.0
TR0002,G3-0071,G1-0365,0.0,0.2,100.0
TR0002,G1-0366,FLOOR,63.0,0.24,120.0
TR0002,G1-0367,G1-0366,51.0,0.24,120.0
TR0002,G1-0368,G1-0367,39.0,0.24,120.0
TR0002,G1-0369,G1-0368,27.0,0.24,120.0
TR0002,G1-0370,G1-0369,15.0,0.24,120.0
TR0002,G3-0072,G1-0370,0.0,0.2,100.0
TR0002,G1-0371,FLOOR,63.0,0.24,120.0
TR0002,G1-0372,G1-0371,51.0,0.24,120.0
TR0002,G1-0373,G1-0372,39.0,0.24,120.0
TR0002,G1-0374,G1-0373,27.0,0.24,120.0
TR0002,G1-0375,G1-0374,15.0,0.24,120.0
TR0002,G3-0073,G1-0375,0.0,0.2,100.0
TR0002,G1-0376,FLOOR,63.0,0.24,120.0
TR0002,G1-0377,G1-0376,51.0,0.24,120.0
TR0002,G1-0378,G1-0377,39.0,0.24,120.0
TR0002,G1-0379,G1-0378,27.0,0.24,120.0
TR0002,G1-0380,G1-0379,15.0,0.24,120.0
TR0002,G3-0074,G1-0380,0.0,0.2,100.0
TR0002,G1-0381,FLOOR,63.0,0.24,120.0
TR0002,G1-0382,G1-0381,51.0,0.24,120.0
TR0002,G1-0383,G1-0382,39.0,0.24,120.0
TR0002,G1-0384,G1-0383,27.0,0.24,120.0
TR0002,G1-0385,G1-0384,15.0,0.24,120.0
TR0002,G3-0075,G1-0385,0.0,0.2,100.0
TR0002,G1-0386,FLOOR,63.0,0.24,120.0
TR0002,G1-0387,G1-0386,51.0,0.24,120.0
TR0002,G1-0388,G1-0387,39.0,0.24,120.0
TR0002,G1-0389,G1-0388,27.0,0.24,120.0
TR0002,G1-0390,G1-0389,15.0,0.24,120.0
TR0002,G3-0076,G1-0390,0.0,0.2,100.0
TR0002,G1-0391,FLOOR,63.0,0.24,120.0
TR0002,G1-0392,G1-0391,51.0,0.24,120.0
TR0002,G1-0393,G1-0392,39.0,0.24,120.0
TR0002,G1-0394,G1-0393,27.0,0.24,120.0
TR0002,G1-0395,G1-0394,15.0,0.24,120.0
TR0002,G3-0077,G1-0395,0.0,0.2,100.0
TR0002,G1-0396,FLOOR,63.0,0.24,120.0
TR0002,G1-0397,G1-0396,51.0,0.24,120.0
TR0002,G1-0398,G1-0397,39.0,0.24,120.0
TR0002,G1-0399,G1-0398,27.0,0.24,120.0
TR0002,G1-0400,G1-0399,15.0,0.24,120.0
TR0002,G3-0078,G1-0400,0.0,0.2,100.0
TR0003,G2-0289,FLOOR,48.0,0.125,62.5
TR0003,G2-0290,G2-0289,40.0,0.125,62.5
TR0003,G2-0291,G2-0290,32.0,0.125,62.5
TR0003,G2-0292,G2-0291,24.0,0.125,62.5
TR0003,G2-0293,G2-0292,16.0,0.125,62.5
TR0003,G2-0294,G2-0293,8.0,0.125,62.5
TR0003,G2-0295,G2-0294,0.0,0.125,62.5
TR0003,G2-0296,FLOOR,48.0,0.125,62.5
TR0003,G2-0297,G2-0296,40.0,0.125,62.5
TR0003,G2-0298,G2-0297,32.0,0.125,62.5
TR0003,G2-0299,G2-0298,24.0,0.125,62.5
TR0003,G2-0300,G2-0299,16.0,0.125,62.5
TR0003,G2-0301,G2-0300,8.0,0.125,62.5
TR0003,G2-0302,G2-0301,0.0,0.125,62.5
TR0003,G2-0303,FLOOR,48.0,0.125,62.5
TR0003,G2-0304,G2-0303,40.0,0.125,62.5
TR0003,G2-0305,G2-0304,32.0,0.125,62.5
TR0003,G2-0306,G2-0305,24.0,0.125,62.5
TR0003,G2-0307,G2-0306,16.0,0.125,62.5
TR0003,G2-0308,G2-0307,8.0,0.125,62.5
TR0003,G2-0309,G2-0308,0.0,0.125,62.5
TR0003,G2-0310,FLOOR,48.0,0.125,62.5
TR0003,G2-0311,G2-0310,40.0,0.125,62.5
TR0003,G2-0312,G2-0311,32.0,0.125,62.5
TR0003,G2-0313,G2-0312,24.0,0.125,62.5
TR0003,G2-0314,G2-0313,16.0,0.125,62.5
TR0003,G2-0315,G2-0314,8.0,0.125,62.5
TR0003,G2-0316,G2-0315,0.0,0.125,62.5
TR0003,G2-0317,FLOOR,48.0,0.125,62.5
TR0003,G2-0318,G2-0317,40.0,0.125,62.5
TR0003,G2-0319,G2-0318,32.0,0.125,62.5
TR0003,G2-0320,G2-0319,24.0,0.125,62.5
TR0003,G2-0321,G2-0320,16.0,0.125,62.5
TR0003,G2-0322,G2-0321,8.0,0.125,62.5
TR0003,G2-0323,G2-0322,0.0,0.125,62.5
TR0003,G2-0324,FLOOR,48.0,0.125,62.5
TR0003,G2-0325,G2-0324,40.0,0.125,62.5
TR0003,G2-0326,G2-0325,32.0,0.125,62.5
TR0003,G2-0327,G2-0326,24.0,0.125,62.5
TR0003,G2-0328,G2-0327,16.0,0.125,62.5
TR0003,G2-0329,G2-0328,8.0,0.125,62.5
TR0003,G2-0330,G2-0329,0.0,0.125,62.5
TR0003,G2-0331,FLOOR,48.0,0.125,62.5
TR0003,G2-0332,G2-0331,40.0,0.125,62.5
TR0003,G2-0333,G2-0332,32.0,0.125,62.5
TR0003,G2-0334,G2-0333,24.0,0.125,62.5
TR0003,G2-0335,G2-0334,16.0,0.125,62.5
TR0003,G2-0336,G2-0335,8.0,0.125,62.5
TR0003,G2-0337,G2-0336,0.0,0.125,62.5
TR0003,G2-0338,FLOOR,48.0,0.125,62.5
TR0003,G2-0339,G2-0338,40.0,0.125,62.5
TR0003,G2-0340,G2-0339,32.0,0.125,62.5
TR0003,G2-0341,G2-0340,24.0,0.125,62.5
TR0003,G2-0342,G2-0341,16.0,0.125,62.5
TR0003,G2-0343,G2-0342,8.0,0.125,62.5
TR0003,G2-0344,G2-0343,0.0,0.125,62.5
TR0003,G2-0345,FLOOR,48.0,0.125,62.5
TR0003,G2-0346,G2-0345,40.0,0.125,62.5
TR0003,G2-0347,G2-0346,32.0,0.125,62.5
TR0003,G2-0348,G2-0347,24.0,0.125,62.5
TR0003,G2-0349,G2-0348,16.0,0.125,62.5
TR0003,G2-0350,G2-0349,8.0,0.125,62.5
TR0003,G2-0351,G2-0350,0.0,0.125,62.5
TR0003,G2-0352,FLOOR,48.0,0.125,62.5
TR0003,G2-0353,G2-0352,40.0,0.125,62.5
TR0003,G2-0354,G2-0353,32.0,0.125,62.5
TR0003,G2-0355,G2-0354,24.0,0.125,62.5
TR0003,G2-0356,G2-0355,16.0,0.125,62.5
TR0003,G2-0357,G2-0356,8.0,0.125,62.5
TR0003,G2-0358,G2-0357,0.0,0.125,62.5
TR0003,G2-0359,FLOOR,48.0,0.125,62.5
TR0003,G2-0360,G2-0359,40.0,0.125,62.5
TR0003,G2-0361,G2-0360,32.0,0.125,62.5
TR0003,G2-0362,G2-0361,24.0,0.125,62.5
TR0003,G2-0363,G2-0362,16.0,0.125,62.5
TR0003,G2-0364,G2-0363,8.0,0.125,62.5
TR0003,G2-0365,G2-0364,0.0,0.125,62.5
TR0003,G2-0366,FLOOR,48.0,0.125,62.5
TR0003,G2-0367,G2-0366,40.0,0.125,62.5
TR0003,G2-0368,G2-0367,32.0,0.125,62.5
TR0003,G2-0369,G2-0368,24.0,0.125,62.5
TR0003,G2-0370,G2-0369,16.0,0.125,62.5
TR0003,G2-0371,G2-0370,8.0,0.125,62.5
TR0003,G2-0372,G2-0371,0.0,0.125,62.5
TR0003,G2-0373,FLOOR,48.0,0.125,62.5
TR0003,G2-0374,G2-0373,40.0,0.125,62.5
TR0003,G2-0375,G2-0374,32.0,0.125,62.5
TR0003,G2-0376,G2-0375,24.0,0.125,62.5
TR0003,G2-0377,G2-0376,16.0,0.125,62.5
TR0003,G2-0378,G2-0377,8.0,0.125,62.5
TR0003,G2-0379,G2-0378,0.0,0.125,62.5
TR0003,G2-0380,FLOOR,48.0,0.125,62.5
TR0003,G2-0381,G2-0380,40.0,0.125,62.5
TR0003,G2-0382,G2-0381,32.0,0.125,62.5
TR0003,G2-0383,G2-0382,24.0,0.125,62.5
TR0003,G2-0384,G2-0383,16.0,0.125,62.5
TR0003,G2-0385,G2-0384,8.0,0.125,62.5
TR0003,G2-0386,G2-0385,0.0,0.125,62.5
TR0003,G2-0387,FLOOR,48.0,0.125,62.5
TR0003,G2-0388,G2-0387,40.0,0.125,62.5
TR0003,G2-0389,G2-0388,32.0,0.125,62.5
TR0003,G2-0390,G2-0389,24.0,0.125,62.5
TR0003,G2-0391,G2-0390,16.0,0.125,62.5
TR0003,G2-0392,G2-0391,8.0,0.125,62.5
TR0003,G2-0393,G2-0392,0.0,0.125,62.5
TR0003,G2-0394,FLOOR,48.0,0.125,62.5
TR0003,G2-0395,G2-0394,40.0,0.125,62.5
TR0003,G2-0396,G2-0395,32.0,0.125,62.5
TR0003,G2-0397,G2-0396,24.0,0.125,62.5
TR0003,G2-0398,G2-0397,16.0,0.125,62.5
TR0003,G2-0399,G2-0398,8.0,0.125,62.5
TR0003,G2-0400,G2-0399,0.0,0.125,62.5
TR0003,G2-0401,FLOOR,48.0,0.125,62.5
TR0003,G2-0402,G2-0401,40.0,0.125,62.5
TR0003,G2-0403,G2-0402,32.0,0.125,62.5
TR0003,G2-0404,G2-0403,24.0,0.125,62.5
TR0003,G2-0405,G2-0404,16.0,0.125,62.5
TR0003,G2-0406,G2-0405,8.0,0.125,62.5
TR0003,G2-0407,G2-0406,0.0,0.125,62.5
TR0003,G2-0408,FLOOR,48.0,0.125,62.5
TR0003,G2-0409,G2-0408,40.0,0.125,62.5
TR0003,G2-0410,G2-0409,32.0,0.125,62.5
TR0003,G2-0411,G2-0410,24.0,0.125,62.5
TR0003,G2-0412,G2-0411,16.0,0.125,62.5
TR0003,G2-0413,G2-0412,8.0,0.125,62.5
TR0003,G2-0414,G2-0413,0.0,0.125,62.5
TR0003,G2-0415,FLOOR,48.0,0.125,62.5
TR0003,G2-0416,G2-0415,40.0,0.125,62.5
TR0003,G2-0417,G2-0416,32.0,0.125,62.5
TR0003,G2-0418,G2-0417,24.0,0.125,62.5
TR0003,G2-0419,G2-0418,16.0,0.125,62.5
TR0003,G2-0420,G2-0419,8.0,0.125,62.5
TR0003,G2-0421,G2-0420,0.0,0.125,62.5
TR0003,G2-0422,FLOOR,48.0,0.125,62.5
TR0003,G2-0423,G2-0422,40.0,0.125,62.5
TR0003,G2-0424,G2-0423,32.0,0.125,62.5
TR0003,G2-0425,G2-0424,24.0,0.125,62.5
TR0003,G2-0426,G2-0425,16.0,0.125,62.5
TR0003,G2-0427,G2-0426,8.0,0.125,62.5
TR0003,G2-0428,G2-0427,0.0,0.125,62.5
TR0003,G2-0429,FLOOR,48.0,0.125,62.5
TR0003,G2-0430,G2-0429,40.0,0.125,62.5
TR0003,G2-0431,G2-0430,32.0,0.125,62.5
TR0003,G2-0432,G2-0431,24.0,0.125,62.5
TR0003,G2-0433,G2-0432,16.0,0.125,62.5
TR0003,G2-0434,G2-0433,8.0,0.125,62.5
TR0003,G2-0435,G2-0434,0.0,0.125,62.5
TR0003,G2-0436,FLOOR,48.0,0.125,62.5
TR0003,G2-0437,G2-0436,40.0,0.125,62.5
TR0003,G2-0438,G2-0437,32.0,0.125,62.5
TR0003,G2-0439,G2-0438,24.0,0.125,62.5
TR0003,G2-0440,G2-0439,16.0,0.125,62.5
TR0003,G2-0441,G2-0440,8.0,0.125,62.5
TR0003,G2-0442,G2-0441,0.0,0.125,62.5
TR0003,G2-0443,FLOOR,48.0,0.125,62.5
TR0003,G2-0444,G2-0443,40.0,0.125,62.5
TR0003,G2-0445,G2-0444,32.0,0.125,62.5
TR0003,G2-0446,G2-0445,24.0,0.125,62.5
TR0003,G2-0447,G2-0446,16.0,0.125,62.5
TR0003,G2-0448,G2-0447,8.0,0.125,62.5
TR0003,G2-0449,G2-0448,0.0,0.125,62.5
TR0003,G2-0450,FLOOR,48.0,0.125,62.5
TR0003,G2-0451,G2-0450,40.0,0.125,62.5
TR0003,G2-0452,G2-0451,32.0,0.125,62.5
TR0003,G2-0453,G2-0452,24.0,0.125,62.5
TR0003,G2-0454,G2-0453,16.0,0.125,62.5
TR0003,G2-0455,G2-0454,8.0,0.125,62.5
TR0003,G2-0456,G2-0455,0.0,0.125,62.5
TR0003,G2-0457,FLOOR,48.0,0.125,62.5
TR0003,G2-0458,G2-0457,40.0,0.125,62.5
TR0003,G2-0459,G2-0458,32.0,0.125,62.5
TR0003,G2-0460,G2-0459,24.0,0.125,62.5
TR0003,G2-0461,G2-0460,16.0,0.125,62.5
TR0003,G2-0462,G2-0461,8.0,0.125,62.5
TR0003,G2-0463,G2-0462,0.0,0.125,62.5
TR0003,G2-0464,FLOOR,40.0,0.125,62.5
TR0003,G2-0465,G2-0464,32.0,0.125,62.5
TR0003,G2-0466,G2-0465,24.0,0.125,62.5
TR0003,G2-0467,G2-0466,16.0,0.125,62.5
TR0003,G2-0468,G2-0467,8.0,0.125,62.5
TR0003,G2-0469,G2-0468,0.0,0.125,62.5
TR0003,G3-0079,FLOOR,0.0,0.2,100.0
TR0003,G3-0080,FLOOR,0.0,0.2,100.0
TR0003,G3-0081,FLOOR,0.0,0.2,100.0
TR0003,G3-0082,FLOOR,0.0,0.2,100.0
TR0003,G3-0083,FLOOR,0.0,0.2,100.0
TR0003,G3-0084,FLOOR,0.0,0.2,100.0
TR0003,G3-0085,FLOOR,0.0,0.2,100.0
TR0003,G3-0086,FLOOR,0.0,0.2,100.0
TR0003,G3-0087,FLOOR,0.0,0.2,100.0
TR0003,G3-0088,FLOOR,0.0,0.2,100.0
TR0003,G3-0089,FLOOR,0.0,0.2,100.0
TR0003,G3-0090,FLOOR,0.0,0.2,100.0
TR0003,G3-0091,FLOOR,0.0,0.2,100.0
TR0003,G3-0092,FLOOR,0.0,0.2,100.0
TR0003,G3-0093,FLOOR,0.0,0.2,100.0
TR0003,G3-0094,FLOOR,0.0,0.2,100.0
TR0003,G3-0095,FLOOR,0.0,0.2,100.0
TR0003,G3-0096,FLOOR,0.0,0.2,100.0
TR0003,G3-0097,FLOOR,0.0,0.2,100.0
TR0003,G3-0098,FLOOR,0.0,0.2,100.0
TR0003,G3-0099,FLOOR,0.0,0.2,100.0
TR0003,G3-0100,FLOOR,0.0,0.2,100.0
TR0003,G3-0101,FLOOR,0.0,0.2,100.0
TR0003,G3-0102,FLOOR,0.0,0.2,100.0
TR0003,G3-0103,FLOOR,0.0,0.2,100.0
TR0003,G3-0104,FLOOR,0.0,0.2,100.0
TR0003,G3-0105,FLOOR,0.0,0.2,100.0
TR0003,G3-0106,FLOOR,0.0,0.2,100.0
TR0003,G3-0107,FLOOR,0.0,0.2,100.0
TR0003,G3-0108,FLOOR,0.0,0.2,100.0
TR0003,G3-0109,FLOOR,0.0,0.2,100.0
TR0003,G3-0110,FLOOR,0.0,0.2,100.0
TR0003,G3-0111,FLOOR,0.0,0.2,100.0
TR0003,G3-0112,FLOOR,0.0,0.2,100.0
TR0003,G3-0113,FLOOR,0.0,0.2,100.0
TR0003,G3-0114,FLOOR,0.0,0.2,100.0
TR0003,G3-0115,FLOOR,0.0,0.2,100.0
TR0003,G3-0116,FLOOR,0.0,0.2,100.0
TR0003,G3-0117,FLOOR,0.0,0.2,100.0
TR0003,G3-0118,FLOOR,0.0,0.2,100.0
TR0003,G3-0119,FLOOR,0.0,0.2,100.0
TR0003,G3-0120,FLOOR,0.0,0.2,100.0
TR0003,G3-0121,FLOOR,0.0,0.2,100.0
TR0003,G3-0122,FLOOR,0.0,0.2,100.0
TR0003,G3-0123,FLOOR,0.0,0.2,100.0
TR0003,G3-0124,FLOOR,0.0,0.2,100.0
TR0003,G3-0125,FLOOR,0.0,0.2,100.0
TR0003,G3-0126,FLOOR,0.0,0.2,100.0
TR0003,G3-0127,FLOOR,0.0,0.2,100.0
TR0003,G3-0128,FLOOR,0.0,0.2,100.0
TR0003,G3-0129,FLOOR,0.0,0.2,100.0
TR0003,G3-0130,FLOOR,0.0,0.2,100.0
TR0003,G3-0131,FLOOR,0.0,0.2,100.0
TR0003,G3-0132,FLOOR,0.0,0.2,100.0
TR0003,G3-0133,FLOOR,0.0,0.2,100.0
TR0003,G3-0134,FLOOR,0.0,0.2,100.0
TR0003,G3-0135,FLOOR,0.0,0.2,100.0
TR0003,G3-0136,FLOOR,0.0,0.2,100.0
TR0003,G3-0137,FLOOR,0.0,0.2,100.0
TR0003,G3-0138,FLOOR,0.0,0.2,100.0
TR0003,G3-0139,FLOOR,0.0,0.2,100.0
TR0003,G3-0140,FLOOR,0.0,0.2,100.0
TR0004,G4-0017,FLOOR,87.0,0.48,240.0
TR0004,G4-0018,G4-0017,62.0,0.48,240.0
TR0004,G4-0019,G4-0018,37.0,0.48,240.0
TR0004,G4-0020,G4-0019,12.0,0.48,240.0
TR0004,G1-0401,G4-0020,0.0,0.18,90.0
TR0004,G4-0021,FLOOR,87.0,0.48,240.0
TR0004,G4-0022,G4-0021,62.0,0.48,240.0
TR0004,G4-0023,G4-0022,37.0,0.48,240.0
TR0004,G4-0024,G4-0023,12.0,0.48,240.0
TR0004,G1-0402,G4-0024,0.0,0.18,90.0
TR0004,G4-0025,FLOOR,87.0,0.48,240.0
TR0004,G4-0026,G4-0025,62.0,0.48,240.0
TR0004,G4-0027,G4-0026,37.0,0.48,240.0
TR0004,G4-0028,G4-0027,12.0,0.48,240.0
TR0004,G1-0403,G4-0028,0.0,0.18,90.0
TR0004,G4-0029,FLOOR,87.0,0.48,240.0
TR0004,G4-0030,G4-0029,62.0,0.48,240.0
TR0004,G4-0031,G4-0030,37.0,0.48,240.0
TR0004,G4-0032,G4-0031,12.0,0.48,240.0
TR0004,G1-0404,G4-0032,0.0,0.18,90.0
TR0004,G4-0033,FLOOR,87.0,0.48,240.0
TR0004,G4-0034,G4-0033,62.0,0.48,240.0
TR0004,G4-0035,G4-0034,37.0,0.48,240.0
TR0004,G4-0036,G4-0035,12.0,0.48,240.0
TR0004,G1-0405,G4-0036,0.0,0.18,90.0
TR0004,G4-0037,FLOOR,87.0,0.48,240.0
TR0004,G4-0038,G4-0037,62.0,0.48,240.0
TR0004,G4-0039,G4-0038,37.0,0.48,240.0
TR0004,G4-0040,G4-0039,12.0,0.48,240.0
TR0004,G1-0406,G4-0040,0.0,0.18,90.0
TR0004,G4-0041,FLOOR,87.0,0.48,240.0
TR0004,G4-0042,G4-0041,62.0,0.48,240.0
TR0004,G4-0043,G4-0042,37.0,0.48,240.0
TR0004,G4-0044,G4-0043,12.0,0.48,240.0
TR0004,G1-0407,G4-0044,0.0,0.18,90.0
TR0004,G4-0045,FLOOR,87.0,0.48,240.0
TR0004,G4-0046,G4-0045,62.0,0.48,240.0
TR0004,G4-0047,G4-0046,37.0,0.48,240.0
TR0004,G4-0048,G4-0047,12.0,0.48,240.0
TR0004,G1-0408,G4-0048,0.0,0.18,90.0
TR0004,G4-0049,FLOOR,87.0,0.48,240.0
TR0004,G4-0050,G4-0049,62.0,0.48,240.0
TR0004,G4-0051,G4-0050,37.0,0.48,240.0
TR0004,G4-0052,G4-0051,12.0,0.48,240.0
TR0004,G1-0409,G4-0052,0.0,0.18,90.0
TR0004,G4-0053,FLOOR,87.0,0.48,240.0
TR0004,G4-0054,G4-0053,62.0,0.48,240.0
TR0004,G4-0055,G4-0054,37.0,0.48,240.0
TR0004,G4-0056,G4-0055,12.0,0.48,240.0
TR0004,G1-0410,G4-0056,0.0,0.18,90.0
TR0004,G4-0057,FLOOR,87.0,0.48,240.0
TR0004,G4-0058,G4-0057,62.0,0.48,240.0
TR0004,G4-0059,G4-0058,37.0,0.48,240.0
TR0004,G4-0060,G4-0059,12.0,0.48,240.0
TR0004,G1-0411,G4-0060,0.0,0.18,90.0
TR0004,G4-0061,FLOOR,87.0,0.48,240.0
TR0004,G4-0062,G4-0061,62.0,0.48,240.0
TR0004,G4-0063,G4-0062,37.0,0.48,240.0
TR0004,G4-0064,G4-0063,12.0,0.48,240.0
TR0004,G1-0412,G4-0064,0.0,0.18,90.0
TR0004,G4-0065,FLOOR,87.0,0.48,240.0
TR0004,G4-0066,G4-0065,62.0,0.48,240.0
TR0004,G4-0067,G4-0066,37.0,0.48,240.0
TR0004,G4-0068,G4-0067,12.0,0.48,240.0
TR0004,G1-0413,G4-0068,0.0,0.18,90.0
TR0004,G4-0069,FLOOR,87.0,0.48,240.0
TR0004,G4-0070,G4-0069,62.0,0.48,240.0
TR0004,G4-0071,G4-0070,37.0,0.48,240.0
TR0004,G4-0072,G4-0071,12.0,0.48,240.0
TR0004,G1-0414,G4-0072,0.0,0.18,90.0
TR0004,G4-0073,FLOOR,87.0,0.48,240.0
TR0004,G4-0074,G4-0073,62.0,0.48,240.0
TR0004,G4-0075,G4-0074,37.0,0.48,240.0
TR0004,G4-0076,G4-0075,12.0,0.48,240.0
TR0004,G1-0415,G4-0076,0.0,0.18,90.0
TR0004,G4-0077,FLOOR,87.0,0.48,240.0
TR0004,G4-0078,G4-0077,62.0,0.48,240.0
TR0004,G4-0079,G4-0078,37.0,0.48,240.0
TR0004,G4-0080,G4-0079,12.0,0.48,240.0
TR0004,G1-0416,G4-0080,0.0,0.18,90.0
TR0004,G4-0081,FLOOR,87.0,0.48,240.0
TR0004,G4-0082,G4-0081,62.0,0.48,240.0
TR0004,G4-0083,G4-0082,37.0,0.48,240.0
TR0004,G4-0084,G4-0083,12.0,0.48,240.0
TR0004,G1-0417,G4-0084,0.0,0.18,90.0
TR0004,G4-0085,FLOOR,87.0,0.48,240.0
TR0004,G4-0086,G4-0085,62.0,0.48,240.0
TR0004,G4-0087,G4-0086,37.0,0.48,240.0
TR0004,G4-0088,G4-0087,12.0,0.48,240.0
TR0004,G1-0418,G4-0088,0.0,0.18,90.0
TR0004,G4-0089,FLOOR,87.0,0.48,240.0
TR0004,G4-0090,G4-0089,62.0,0.48,240.0
TR0004,G4-0091,G4-0090,37.0,0.48,240.0
TR0004,G4-0092,G4-0091,12.0,0.48,240.0
TR0004,G1-0419,G4-0092,0.0,0.18,90.0
TR0004,G4-0093,FLOOR,87.0,0.48,240.0
TR0004,G4-0094,G4-0093,62.0,0.48,240.0
TR0004,G4-0095,G4-0094,37.0,0.48,240.0
TR0004,G4-0096,G4-0095,12.0,0.48,240.0
TR0004,G1-0420,G4-0096,0.0,0.18,90.0
TR0004,G4-0097,FLOOR,87.0,0.48,240.0
TR0004,G4-0098,G4-0097,62.0,0.48,240.0
TR0004,G4-0099,G4-0098,37.0,0.48,240.0
TR0004,G4-0100,G4-0099,12.0,0.48,240.0
TR0004,G1-0421,G4-0100,0.0,0.18,90.0
TR0004,G4-0101,FLOOR,87.0,0.48,240.0
TR0004,G4-0102,G4-0101,62.0,0.48,240.0
TR0004,G4-0103,G4-0102,37.0,0.48,240.0
TR0004,G4-0104,G4-0103,12.0,0.48,240.0
TR0004,G1-0422,G4-0104,0.0,0.18,90.0
TR0004,G4-0105,FLOOR,87.0,0.48,240.0
TR0004,G4-0106,G4-0105,62.0,0.48,240.0
TR0004,G4-0107,G4-0106,37.0,0.48,240.0
TR0004,G4-0108,G4-0107,12.0,0.48,240.0
TR0004,G1-0423,G4-0108,0.0,0.18,90.0
TR0004,G4-0109,FLOOR,87.0,0.48,240.0
TR0004,G4-0110,G4-0109,62.0,0.48,240.0
TR0004,G4-0111,G4-0110,37.0,0.48,240.0
TR0004,G4-0112,G4-0111,12.0,0.48,240.0
TR0004,G1-0424,G4-0112,0.0,0.18,90.0
TR0004,G4-0113,FLOOR,87.0,0.48,240.0
TR0004,G4-0114,G4-0113,62.0,0.48,240.0
TR0004,G4-0115,G4-0114,37.0,0.48,240.0
TR0004,G4-0116,G4-0115,12.0,0.48,240.0
TR0004,G1-0425,G4-0116,0.0,0.18,90.0
TR0004,G4-0117,FLOOR,87.0,0.48,240.0
TR0004,G4-0118,G4-0117,62.0,0.48,240.0
TR0004,G4-0119,G4-0118,37.0,0.48,240.0
TR0004,G4-0120,G4-0119,12.0,0.48,240.0
TR0004,G1-0426,G4-0120,0.0,0.18,90.0
TR0004,G4-0121,FLOOR,87.0,0.48,240.0
TR0004,G4-0122,G4-0121,62.0,0.48,240.0
TR0004,G4-0123,G4-0122,37.0,0.48,240.0
TR0004,G4-0124,G4-0123,12.0,0.48,240.0
TR0004,G1-0427,G4-0124,0.0,0.18,90.0
TR0004,G4-0125,FLOOR,87.0,0.48,240.0
TR0004,G4-0126,G4-0125,62.0,0.48,240.0
TR0004,G4-0127,G4-0126,37.0,0.48,240.0
TR0004,G4-0128,G4-0127,12.0,0.48,240.0
TR0004,G1-0428,G4-0128,0.0,0.18,90.0
TR0004,G4-0129,FLOOR,87.0,0.48,240.0
TR0004,G4-0130,G4-0129,62.0,0.48,240.0
TR0004,G4-0131,G4-0130,37.0,0.48,240.0
TR0004,G4-0132,G4-0131,12.0,0.48,240.0
TR0004,G1-0429,G4-0132,0.0,0.18,90.0
TR0004,G4-0133,FLOOR,87.0,0.48,240.0
TR0004,G4-0134,G4-0133,62.0,0.48,240.0
TR0004,G4-0135,G4-0134,37.0,0.48,240.0
TR0004,G4-0136,G4-0135,12.0,0.48,240.0
TR0004,G1-0430,G4-0136,0.0,0.18,90.0
TR0004,G4-0137,FLOOR,87.0,0.48,240.0
TR0004,G4-0138,G4-0137,62.0,0.48,240.0
TR0004,G4-0139,G4-0138,37.0,0.48,240.0
TR0004,G4-0140,G4-0139,12.0,0.48,240.0
TR0004,G1-0431,G4-0140,0.0,0.18,90.0
TR0004,G4-0141,FLOOR,87.0,0.48,240.0
TR0004,G4-0142,G4-0141,62.0,0.48,240.0
TR0004,G4-0143,G4-0142,37.0,0.48,240.0
TR0004,G4-0144,G4-0143,12.0,0.48,240.0
TR0004,G1-0432,G4-0144,0.0,0.18,90.0
TR0004,G1-0433,FLOOR,36.0,0.12,60.0
TR0004,G1-0434,G1-0433,24.0,0.12,60.0
TR0004,G1-0435,G1-0434,12.0,0.12,60.0
TR0004,G1-0436,G1-0435,0.0,0.12,60.0
TR0004,G1-0437,FLOOR,36.0,0.12,60.0
TR0004,G1-0438,G1-0437,24.0,0.12,60.0
TR0004,G1-0439,G1-0438,12.0,0.12,60.0
TR0004,G1-0440,G1-0439,0.0,0.12,60.0
TR0004,G1-0441,FLOOR,36.0,0.12,60.0
TR0004,G1-0442,G1-0441,24.0,0.12,60.0
TR0004,G1-0443,G1-0442,12.0,0.12,60.0
TR0004,G1-0444,G1-0443,0.0,0.12,60.0
TR0004,G1-0445,FLOOR,36.0,0.12,60.0
TR0004,G1-0446,G1-0445,24.0,0.12,60.0
TR0004,G1-0447,G1-0446,12.0,0.12,60.0
TR0004,G1-0448,G1-0447,0.0,0.12,60.0
TR0004,G1-0449,FLOOR,36.0,0.12,60.0
TR0004,G1-0450,G1-0449,24.0,0.12,60.0
TR0004,G1-0451,G1-0450,12.0,0.12,60.0
TR0004,G1-0452,G1-0451,0.0,0.12,60.0
TR0004,G1-0453,FLOOR,36.0,0.12,60.0
TR0004,G1-0454,G1-0453,24.0,0.12,60.0
TR0004,G1-0455,G1-0454,12.0,0.12,60.0
TR0004,G1-0456,G1-0455,0.0,0.12,60.0
TR0004,G1-0457,FLOOR,36.0,0.12,60.0
TR0004,G1-0458,G1-0457,24.0,0.12,60.0
TR0004,G1-0459,G1-0458,12.0,0.12,60.0
TR0004,G1-0460,G1-0459,0.0,0.12,60.0
TR0004,G1-0461,FLOOR,36.0,0.12,60.0
TR0004,G1-0462,G1-0461,24.0,0.12,60.0
TR0004,G1-0463,G1-0462,12.0,0.12,60.0
TR0004,G1-0464,G1-0463,0.0,0.12,60.0
TR0005,G4-0145,FLOOR,87.0,0.48,240.0
TR0005,G4-0146,G4-0145,62.0,0.48,240.0
TR0005,G4-0147,G4-0146,37.0,0.48,240.0
TR0005,G4-0148,G4-0147,12.0,0.48,240.0
TR0005,G1-0465,G4-0148,0.0,0.18,90.0
TR0005,G4-0149,FLOOR,87.0,0.48,240.0
TR0005,G4-0150,G4-0149,62.0,0.48,240.0
TR0005,G4-0151,G4-0150,37.0,0.48,240.0
TR0005,G4-0152,G4-0151,12.0,0.48,240.0
TR0005,G1-0466,G4-0152,0.0,0.18,90.0
TR0005,G4-0153,FLOOR,87.0,0.48,240.0
TR0005,G4-0154,G4-0153,62.0,0.48,240.0
TR0005,G4-0155,G4-0154,37.0,0.48,240.0
TR0005,G4-0156,G4-0155,12.0,0.48,240.0
TR0005,G1-0467,G4-0156,0.0,0.18,90.0
TR0005,G4-0157,FLOOR,87.0,0.48,240.0
TR0005,G4-0158,G4-0157,62.0,0.48,240.0
TR0005,G4-0159,G4-0158,37.0,0.48,240.0
TR0005,G4-0160,G4-0159,12.0,0.48,240.0
TR0005,G1-0468,G4-0160,0.0,0.18,90.0
TR0005,G4-0161,FLOOR,87.0,0.48,240.0
TR0005,G4-0162,G4-0161,62.0,0.48,240.0
TR0005,G4-0163,G4-0162,37.0,0.48,240.0
TR0005,G4-0164,G4-0163,12.0,0.48,240.0
TR0005,G1-0469,G4-0164,0.0,0.18,90.0
TR0005,G4-0165,FLOOR,87.0,0.48,240.0
TR0005,G4-0166,G4-0165,62.0,0.48,240.0
TR0005,G4-0167,G4-0166,37.0,0.48,240.0
TR0005,G4-0168,G4-0167,12.0,0.48,240.0
TR0005,G1-0470,G4-0168,0.0,0.18,90.0
TR0005,G4-0169,FLOOR,87.0,0.48,240.0
TR0005,G4-0170,G4-0169,62.0,0.48,240.0
TR0005,G4-0171,G4-0170,37.0,0.48,240.0
TR0005,G4-0172,G4-0171,12.0,0.48,240.0
TR0005,G1-0471,G4-0172,0.0,0.18,90.0
TR0005,G4-0173,FLOOR,87.0,0.48,240.0
TR0005,G4-0174,G4-0173,62.0,0.48,240.0
TR0005,G4-0175,G4-0174,37.0,0.48,240.0
TR0005,G4-0176,G4-0175,12.0,0.48,240.0
TR0005,G1-0472,G4-0176,0.0,0.18,90.0
TR0005,G4-0177,FLOOR,87.0,0.48,240.0
TR0005,G4-0178,G4-0177,62.0,0.48,240.0
TR0005,G4-0179,G4-0178,37.0,0.48,240.0
TR0005,G4-0180,G4-0179,12.0,0.48,240.0
TR0005,G1-0473,G4-0180,0.0,0.18,90.0
TR0005,G4-0181,FLOOR,87.0,0.48,240.0
TR0005,G4-0182,G4-0181,62.0,0.48,240.0
TR0005,G4-0183,G4-0182,37.0,0.48,240.0
TR0005,G4-0184,G4-0183,12.0,0.48,240.0
TR0005,G1-0474,G4-0184,0.0,0.18,90.0
TR0005,G4-0185,FLOOR,87.0,0.48,240.0
TR0005,G4-0186,G4-0185,62.0,0.48,240.0
TR0005,G4-0187,G4-0186,37.0,0.48,240.0
TR0005,G4-0188,G4-0187,12.0,0.48,240.0
TR0005,G1-0475,G4-0188,0.0,0.18,90.0
TR0005,G4-0189,FLOOR,87.0,0.48,240.0
TR0005,G4-0190,G4-0189,62.0,0.48,240.0
TR0005,G4-0191,G4-0190,37.0,0.48,240.0
TR0005,G4-0192,G4-0191,12.0,0.48,240.0
TR0005,G1-0476,G4-0192,0.0,0.18,90.0
TR0005,G4-0193,FLOOR,87.0,0.48,240.0
TR0005,G4-0194,G4-0193,62.0,0.48,240.0
TR0005,G4-0195,G4-0194,37.0,0.48,240.0
TR0005,G4-0196,G4-0195,12.0,0.48,240.0
TR0005,G1-0477,G4-0196,0.0,0.18,90.0
TR0005,G4-0197,FLOOR,87.0,0.48,240.0
TR0005,G4-0198,G4-0197,62.0,0.48,240.0
TR0005,G4-0199,G4-0198,37.0,0.48,240.0
TR0005,G4-0200,G4-0199,12.0,0.48,240.0
TR0005,G1-0478,G4-0200,0.0,0.18,90.0
TR0005,G4-0201,FLOOR,87.0,0.48,240.0
TR0005,G4-0202,G4-0201,62.0,0.48,240.0
TR0005,G4-0203,G4-0202,37.0,0.48,240.0
TR0005,G4-0204,G4-0203,12.0,0.48,240.0
TR0005,G1-0479,G4-0204,0.0,0.18,90.0
TR0005,G4-0205,FLOOR,87.0,0.48,240.0
TR0005,G4-0206,G4-0205,62.0,0.48,240.0
TR0005,G4-0207,G4-0206,37.0,0.48,240.0
TR0005,G4-0208,G4-0207,12.0,0.48,240.0
TR0005,G1-0480,G4-0208,0.0,0.18,90.0
TR0005,G4-0209,FLOOR,87.0,0.48,240.0
TR0005,G4-0210,G4-0209,62.0,0.48,240.0
TR0005,G4-0211,G4-0210,37.0,0.48,240.0
TR0005,G4-0212,G4-0211,12.0,0.48,240.0
TR0005,G1-0481,G4-0212,0.0,0.18,90.0
TR0005,G4-0213,FLOOR,87.0,0.48,240.0
TR0005,G4-0214,G4-0213,62.0,0.48,240.0
TR0005,G4-0215,G4-0214,37.0,0.48,240.0
TR0005,G4-0216,G4-0215,12.0,0.48,240.0
TR0005,G1-0482,G4-0216,0.0,0.18,90.0
TR0005,G4-0217,FLOOR,87.0,0.48,240.0
TR0005,G4-0218,G4-0217,62.0,0.48,240.0
TR0005,G4-0219,G4-0218,37.0,0.48,240.0
TR0005,G4-0220,G4-0219,12.0,0.48,240.0
TR0005,G1-0483,G4-0220,0.0,0.18,90.0
TR0005,G4-0221,FLOOR,87.0,0.48,240.0
TR0005,G4-0222,G4-0221,62.0,0.48,240.0
TR0005,G4-0223,G4-0222,37.0,0.48,240.0
TR0005,G4-0224,G4-0223,12.0,0.48,240.0
TR0005,G1-0484,G4-0224,0.0,0.18,90.0
TR0005,G4-0225,FLOOR,87.0,0.48,240.0
TR0005,G4-0226,G4-0225,62.0,0.48,240.0
TR0005,G4-0227,G4-0226,37.0,0.48,240.0
TR0005,G4-0228,G4-0227,12.0,0.48,240.0
TR0005,G1-0485,G4-0228,0.0,0.18,90.0
TR0005,G4-0229,FLOOR,87.0,0.48,240.0
TR0005,G4-0230,G4-0229,62.0,0.48,240.0
TR0005,G4-0231,G4-0230,37.0,0.48,240.0
TR0005,G4-0232,G4-0231,12.0,0.48,240.0
TR0005,G1-0486,G4-0232,0.0,0.18,90.0
TR0005,G4-0233,FLOOR,87.0,0.48,240.0
TR0005,G4-0234,G4-0233,62.0,0.48,240.0
TR0005,G4-0235,G4-0234,37.0,0.48,240.0
TR0005,G4-0236,G4-0235,12.0,0.48,240.0
TR0005,G1-0487,G4-0236,0.0,0.18,90.0
TR0005,G4-0237,FLOOR,87.0,0.48,240.0
TR0005,G4-0238,G4-0237,62.0,0.48,240.0
TR0005,G4-0239,G4-0238,37.0,0.48,240.0
TR0005,G4-0240,G4-0239,12.0,0.48,240.0
TR0005,G1-0488,G4-0240,0.0,0.18,90.0
TR0005,G4-0241,FLOOR,87.0,0.48,240.0
TR0005,G4-0242,G4-0241,62.0,0.48,240.0
TR0005,G4-0243,G4-0242,37.0,0.48,240.0
TR0005,G4-0244,G4-0243,12.0,0.48,240.0
TR0005,G1-0489,G4-0244,0.0,0.18,90.0
TR0005,G4-0245,FLOOR,87.0,0.48,240.0
TR0005,G4-0246,G4-0245,62.0,0.48,240.0
TR0005,G4-0247,G4-0246,37.0,0.48,240.0
TR0005,G4-0248,G4-0247,12.0,0.48,240.0
TR0005,G1-0490,G4-0248,0.0,0.18,90.0
TR0005,G4-0249,FLOOR,87.0,0.48,240.0
TR0005,G4-0250,G4-0249,62.0,0.48,240.0
TR0005,G4-0251,G4-0250,37.0,0.48,240.0
TR0005,G4-0252,G4-0251,12.0,0.48,240.0
TR0005,G1-0491,G4-0252,0.0,0.18,90.0
TR0005,G4-0253,FLOOR,87.0,0.48,240.0
TR0005,G4-0254,G4-0253,62.0,0.48,240.0
TR0005,G4-0255,G4-0254,37.0,0.48,240.0
TR0005,G4-0256,G4-0255,12.0,0.48,240.0
TR0005,G1-0492,G4-0256,0.0,0.18,90.0
TR0005,G4-0257,FLOOR,87.0,0.48,240.0
TR0005,G4-0258,G4-0257,62.0,0.48,240.0
TR0005,G4-0259,G4-0258,37.0,0.48,240.0
TR0005,G4-0260,G4-0259,12.0,0.48,240.0
TR0005,G1-0493,G4-0260,0.0,0.18,90.0
TR0005,G4-0261,FLOOR,87.0,0.48,240.0
TR0005,G4-0262,G4-0261,62.0,0.48,240.0
TR0005,G4-0263,G4-0262,37.0,0.48,240.0
TR0005,G4-0264,G4-0263,12.0,0.48,240.0
TR0005,G1-0494,G4-0264,0.0,0.18,90.0
TR0005,G4-0265,FLOOR,87.0,0.48,240.0
TR0005,G4-0266,G4-0265,62.0,0.48,240.0
TR0005,G4-0267,G4-0266,37.0,0.48,240.0
TR0005,G4-0268,G4-0267,12.0,0.48,240.0
TR0005,G1-0495,G4-0268,0.0,0.18,90.0
TR0005,G4-0269,FLOOR,87.0,0.48,240.0
TR0005,G4-0270,G4-0269,62.0,0.48,240.0
TR0005,G4-0271,G4-0270,37.0,0.48,240.0
TR0005,G4-0272,G4-0271,12.0,0.48,240.0
TR0005,G1-0496,G4-0272,0.0,0.18,90.0
TR0005,G1-0497,FLOOR,36.0,0.12,60.0
TR0005,G1-0498,G1-0497,24.0,0.12,60.0
TR0005,G1-0499,G1-0498,12.0,0.12,60.0
TR0005,G1-0500,G1-0499,0.0,0.12,60.0
TR0005,G1-0501,FLOOR,36.0,0.12,60.0
TR0005,G1-0502,G1-0501,24.0,0.12,60.0
TR0005,G1-0503,G1-0502,12.0,0.12,60.0
TR0005,G1-0504,G1-0503,0.0,0.12,60.0
TR0005,G1-0505,FLOOR,36.0,0.12,60.0
TR0005,G1-0506,G1-0505,24.0,0.12,60.0
TR0005,G1-0507,G1-0506,12.0,0.12,60.0
TR0005,G1-0508,G1-0507,0.0,0.12,60.0
TR0005,G1-0509,FLOOR,36.0,0.12,60.0
TR0005,G1-0510,G1-0509,24.0,0.12,60.0
TR0005,G1-0511,G1-0510,12.0,0.12,60.0
TR0005,G1-0512,G1-0511,0.0,0.12,60.0
TR0005,G1-0513,FLOOR,36.0,0.12,60.0
TR0005,G1-0514,G1-0513,24.0,0.12,60.0
TR0005,G1-0515,G1-0514,12.0,0.12,60.0
TR0005,G1-0516,G1-0515,0.0,0.12,60.0
TR0005,G1-0517,FLOOR,36.0,0.12,60.0
TR0005,G1-0518,G1-0517,24.0,0.12,60.0
TR0005,G1-0519,G1-0518,12.0,0.12,60.0
TR0005,G1-0520,G1-0519,0.0,0.12,60.0
TR0005,G1-0521,FLOOR,36.0,0.12,60.0
TR0005,G1-0522,G1-0521,24.0,0.12,60.0
TR0005,G1-0523,G1-0522,12.0,0.12,60.0
TR0005,G1-0524,G1-0523,0.0,0.12,60.0
TR0005,G1-0525,FLOOR,36.0,0.12,60.0
TR0005,G1-0526,G1-0525,24.0,0.12,60.0
TR0005,G1-0527,G1-0526,12.0,0.12,60.0
TR0005,G1-0528,G1-0527,0.0,0.12,60.0
TR0006,G5-0145,FLOOR,54.0,0.16,80.0
TR0006,G5-0146,G5-0145,36.0,0.16,80.0
TR0006,G5-0147,G5-0146,18.0,0.16,80.0
TR0006,G5-0148,G5-0147,0.0,0.16,80.0
TR0006,G5-0149,FLOOR,54.0,0.16,80.0
TR0006,G5-0150,G5-0149,36.0,0.16,80.0
TR0006,G5-0151,G5-0150,18.0,0.16,80.0
TR0006,G5-0152,G5-0151,0.0,0.16,80.0
TR0006,G5-0153,FLOOR,54.0,0.16,80.0
TR0006,G5-0154,G5-0153,36.0,0.16,80.0
TR0006,G5-0155,G5-0154,18.0,0.16,80.0
TR0006,G5-0156,G5-0155,0.0,0.16,80.0
TR0006,G5-0157,FLOOR,54.0,0.16,80.0
TR0006,G5-0158,G5-0157,36.0,0.16,80.0
TR0006,G5-0159,G5-0158,18.0,0.16,80.0
TR0006,G5-0160,G5-0159,0.0,0.16,80.0
TR0006,G5-0161,FLOOR,54.0,0.16,80.0
TR0006,G5-0162,G5-0161,36.0,0.16,80.0
TR0006,G5-0163,G5-0162,18.0,0.16,80.0
TR0006,G5-0164,G5-0163,0.0,0.16,80.0
TR0006,G5-0165,FLOOR,54.0,0.16,80.0
TR0006,G5-0166,G5-0165,36.0,0.16,80.0
TR0006,G5-0167,G5-0166,18.0,0.16,80.0
TR0006,G5-0168,G5-0167,0.0,0.16,80.0
TR0006,G5-0169,FLOOR,54.0,0.16,80.0
TR0006,G5-0170,G5-0169,36.0,0.16,80.0
TR0006,G5-0171,G5-0170,18.0,0.16,80.0
TR0006,G5-0172,G5-0171,0.0,0.16,80.0
TR0006,G5-0173,FLOOR,54.0,0.16,80.0
TR0006,G5-0174,G5-0173,36.0,0.16,80.0
TR0006,G5-0175,G5-0174,18.0,0.16,80.0
TR0006,G5-0176,G5-0175,0.0,0.16,80.0
TR0006,G5-0177,FLOOR,54.0,0.16,80.0
TR0006,G5-0178,G5-0177,36.0,0.16,80.0
TR0006,G5-0179,G5-0178,18.0,0.16,80.0
TR0006,G5-0180,G5-0179,0.0,0.16,80.0
TR0006,G5-0181,FLOOR,54.0,0.16,80.0
TR0006,G5-0182,G5-0181,36.0,0.16,80.0
TR0006,G5-0183,G5-0182,18.0,0.16,80.0
TR0006,G5-0184,G5-0183,0.0,0.16,80.0
TR0006,G5-0185,FLOOR,54.0,0.16,80.0
TR0006,G5-0186,G5-0185,36.0,0.16,80.0
TR0006,G5-0187,G5-0186,18.0,0.16,80.0
TR0006,G5-0188,G5-0187,0.0,0.16,80.0
TR0006,G5-0189,FLOOR,54.0,0.16,80.0
TR0006,G5-0190,G5-0189,36.0,0.16,80.0
TR0006,G5-0191,G5-0190,18.0,0.16,80.0
TR0006,G5-0192,G5-0191,0.0,0.16,80.0
TR0006,G5-0193,FLOOR,54.0,0.16,80.0
TR0006,G5-0194,G5-0193,36.0,0.16,80.0
TR0006,G5-0195,G5-0194,18.0,0.16,80.0
TR0006,G5-0196,G5-0195,0.0,0.16,80.0
TR0006,G5-0197,FLOOR,54.0,0.16,80.0
TR0006,G5-0198,G5-0197,36.0,0.16,80.0
TR0006,G5-0199,G5-0198,18.0,0.16,80.0
TR0006,G5-0200,G5-0199,0.0,0.16,80.0
TR0006,G5-0201,FLOOR,54.0,0.16,80.0
TR0006,G5-0202,G5-0201,36.0,0.16,80.0
TR0006,G5-0203,G5-0202,18.0,0.16,80.0
TR0006,G5-0204,G5-0203,0.0,0.16,80.0
TR0006,G5-0205,FLOOR,54.0,0.16,80.0
TR0006,G5-0206,G5-0205,36.0,0.16,80.0
TR0006,G5-0207,G5-0206,18.0,0.16,80.0
TR0006,G5-0208,G5-0207,0.0,0.16,80.0
TR0006,G5-0209,FLOOR,54.0,0.16,80.0
TR0006,G5-0210,G5-0209,36.0,0.16,80.0
TR0006,G5-0211,G5-0210,18.0,0.16,80.0
TR0006,G5-0212,G5-0211,0.0,0.16,80.0
TR0006,G5-0213,FLOOR,54.0,0.16,80.0
TR0006,G5-0214,G5-0213,36.0,0.16,80.0
TR0006,G5-0215,G5-0214,18.0,0.16,80.0
TR0006,G5-0216,G5-0215,0.0,0.16,80.0
TR0006,G5-0217,FLOOR,54.0,0.16,80.0
TR0006,G5-0218,G5-0217,36.0,0.16,80.0
TR0006,G5-0219,G5-0218,18.0,0.16,80.0
TR0006,G5-0220,G5-0219,0.0,0.16,80.0
TR0006,G5-0221,FLOOR,54.0,0.16,80.0
TR0006,G5-0222,G5-0221,36.0,0.16,80.0
TR0006,G5-0223,G5-0222,18.0,0.16,80.0
TR0006,G5-0224,G5-0223,0.0,0.16,80.0
TR0006,G5-0225,FLOOR,54.0,0.16,80.0
TR0006,G5-0226,G5-0225,36.0,0.16,80.0
TR0006,G5-0227,G5-0226,18.0,0.16,80.0
TR0006,G5-0228,G5-0227,0.0,0.16,80.0
TR0006,G5-0229,FLOOR,54.0,0.16,80.0
TR0006,G5-0230,G5-0229,36.0,0.16,80.0
TR0006,G5-0231,G5-0230,18.0,0.16,80.0
TR0006,G5-0232,G5-0231,0.0,0.16,80.0
TR0006,G5-0233,FLOOR,54.0,0.16,80.0
TR0006,G5-0234,G5-0233,36.0,0.16,80.0
TR0006,G5-0235,G5-0234,18.0,0.16,80.0
TR0006,G5-0236,G5-0235,0.0,0.16,80.0
TR0006,G5-0237,FLOOR,54.0,0.16,80.0
TR0006,G5-0238,G5-0237,36.0,0.16,80.0
TR0006,G5-0239,G5-0238,18.0,0.16,80.0
TR0006,G5-0240,G5-0239,0.0,0.16,80.0
TR0006,G5-0241,FLOOR,54.0,0.16,80.0
TR0006,G5-0242,G5-0241,36.0,0.16,80.0
TR0006,G5-0243,G5-0242,18.0,0.16,80.0
TR0006,G5-0244,G5-0243,0.0,0.16,80.0
TR0006,G5-0245,FLOOR,54.0,0.16,80.0
TR0006,G5-0246,G5-0245,36.0,0.16,80.0
TR0006,G5-0247,G5-0246,18.0,0.16,80.0
TR0006,G5-0248,G5-0247,0.0,0.16,80.0
TR0006,G5-0249,FLOOR,54.0,0.16,80.0
TR0006,G5-0250,G5-0249,36.0,0.16,80.0
TR0006,G5-0251,G5-0250,18.0,0.16,80.0
TR0006,G5-0252,G5-0251,0.0,0.16,80.0
TR0006,G5-0253,FLOOR,54.0,0.16,80.0
TR0006,G5-0254,G5-0253,36.0,0.16,80.0
TR0006,G5-0255,G5-0254,18.0,0.16,80.0
TR0006,G5-0256,G5-0255,0.0,0.16,80.0
TR0006,G5-0257,FLOOR,54.0,0.16,80.0
TR0006,G5-0258,G5-0257,36.0,0.16,80.0
TR0006,G5-0259,G5-0258,18.0,0.16,80.0
TR0006,G5-0260,G5-0259,0.0,0.16,80.0
TR0006,G5-0261,FLOOR,54.0,0.16,80.0
TR0006,G5-0262,G5-0261,36.0,0.16,80.0
TR0006,G5-0263,G5-0262,18.0,0.16,80.0
TR0006,G5-0264,G5-0263,0.0,0.16,80.0
TR0006,G5-0265,FLOOR,54.0,0.16,80.0
TR0006,G5-0266,G5-0265,36.0,0.16,80.0
TR0006,G5-0267,G5-0266,18.0,0.16,80.0
TR0006,G5-0268,G5-0267,0.0,0.16,80.0
TR0006,G5-0269,FLOOR,54.0,0.16,80.0
TR0006,G5-0270,G5-0269,36.0,0.16,80.0
TR0006,G5-0271,G5-0270,18.0,0.16,80.0
TR0006,G5-0272,G5-0271,0.0,0.16,80.0
TR0006,G5-0273,FLOOR,54.0,0.16,80.0
TR0006,G5-0274,G5-0273,36.0,0.16,80.0
TR0006,G5-0275,G5-0274,18.0,0.16,80.0
TR0006,G5-0276,G5-0275,0.0,0.16,80.0
TR0006,G5-0277,FLOOR,54.0,0.16,80.0
TR0006,G5-0278,G5-0277,36.0,0.16,80.0
TR0006,G5-0279,G5-0278,18.0,0.16,80.0
TR0006,G5-0280,G5-0279,0.0,0.16,80.0
TR0006,G5-0281,FLOOR,54.0,0.16,80.0
TR0006,G5-0282,G5-0281,36.0,0.16,80.0
TR0006,G5-0283,G5-0282,18.0,0.16,80.0
TR0006,G5-0284,G5-0283,0.0,0.16,80.0
TR0006,G5-0285,FLOOR,54.0,0.16,80.0
TR0006,G5-0286,G5-0285,36.0,0.16,80.0
TR0006,G5-0287,G5-0286,18.0,0.16,80.0
TR0006,G5-0288,G5-0287,0.0,0.16,80.0
TR0006,G5-0289,FLOOR,54.0,0.16,80.0
TR0006,G5-0290,G5-0289,36.0,0.16,80.0
TR0006,G5-0291,G5-0290,18.0,0.16,80.0
TR0006,G5-0292,G5-0291,0.0,0.16,80.0
TR0006,G5-0293,FLOOR,54.0,0.16,80.0
TR0006,G5-0294,G5-0293,36.0,0.16,80.0
TR0006,G5-0295,G5-0294,18.0,0.16,80.0
TR0006,G5-0296,G5-0295,0.0,0.16,80.0
TR0006,G5-0297,FLOOR,54.0,0.16,80.0
TR0006,G5-0298,G5-0297,36.0,0.16,80.0
TR0006,G5-0299,G5-0298,18.0,0.16,80.0
TR0006,G5-0300,G5-0299,0.0,0.16,80.0
TR0006,G5-0301,FLOOR,54.0,0.16,80.0
TR0006,G5-0302,G5-0301,36.0,0.16,80.0
TR0006,G5-0303,G5-0302,18.0,0.16,80.0
TR0006,G5-0304,G5-0303,0.0,0.16,80.0
TR0006,G5-0305,FLOOR,54.0,0.16,80.0
TR0006,G5-0306,G5-0305,36.0,0.16,80.0
TR0006,G5-0307,G5-0306,18.0,0.16,80.0
TR0006,G5-0308,G5-0307,0.0,0.16,80.0
TR0006,G2-0470,FLOOR,48.0,0.125,62.5
TR0006,G2-0471,G2-0470,40.0,0.125,62.5
TR0006,G2-0472,G2-0471,32.0,0.125,62.5
TR0006,G2-0473,G2-0472,24.0,0.125,62.5
TR0006,G2-0474,G2-0473,16.0,0.125,62.5
TR0006,G2-0475,G2-0474,8.0,0.125,62.5
TR0006,G2-0476,G2-0475,0.0,0.125,62.5
TR0006,G2-0477,FLOOR,48.0,0.125,62.5
TR0006,G2-0478,G2-0477,40.0,0.125,62.5
TR0006,G2-0479,G2-0478,32.0,0.125,62.5
TR0006,G2-0480,G2-0479,24.0,0.125,62.5
TR0006,G2-0481,G2-0480,16.0,0.125,62.5
TR0006,G2-0482,G2-0481,8.0,0.125,62.5
TR0006,G2-0483,G2-0482,0.0,0.125,62.5
TR0006,G2-0484,FLOOR,48.0,0.125,62.5
TR0006,G2-0485,G2-0484,40.0,0.125,62.5
TR0006,G2-0486,G2-0485,32.0,0.125,62.5
TR0006,G2-0487,G2-0486,24.0,0.125,62.5
TR0006,G2-0488,G2-0487,16.0,0.125,62.5
TR0006,G2-0489,G2-0488,8.0,0.125,62.5
TR0006,G2-0490,G2-0489,0.0,0.125,62.5
TR0006,G2-0491,FLOOR,48.0,0.125,62.5
TR0006,G2-0492,G2-0491,40.0,0.125,62.5
TR0006,G2-0493,G2-0492,32.0,0.125,62.5
TR0006,G2-0494,G2-0493,24.0,0.125,62.5
TR0006,G2-0495,G2-0494,16.0,0.125,62.5
TR0006,G2-0496,G2-0495,8.0,0.125,62.5
TR0006,G2-0497,G2-0496,0.0,0.125,62.5
TR0006,G2-0498,FLOOR,48.0,0.125,62.5
TR0006,G2-0499,G2-0498,40.0,0.125,62.5
TR0006,G2-0500,G2-0499,32.0,0.125,62.5
TR0006,G2-0501,G2-0500,24.0,0.125,62.5
TR0006,G2-0502,G2-0501,16.0,0.125,62.5
TR0006,G2-0503,G2-0502,8.0,0.125,62.5
TR0006,G2-0504,G2-0503,0.0,0.125,62.5
TR0006,G2-0505,FLOOR,48.0,0.125,62.5
TR0006,G2-0506,G2-0505,40.0,0.125,62.5
TR0006,G2-0507,G2-0506,32.0,0.125,62.5
TR0006,G2-0508,G2-0507,24.0,0.125,62.5
TR0006,G2-0509,G2-0508,16.0,0.125,62.5
TR0006,G2-0510,G2-0509,8.0,0.125,62.5
TR0006,G2-0511,G2-0510,0.0,0.125,62.5
TR0006,G2-0512,FLOOR,48.0,0.125,62.5
TR0006,G2-0513,G2-0512,40.0,0.125,62.5
TR0006,G2-0514,G2-0513,32.0,0.125,62.5
TR0006,G2-0515,G2-0514,24.0,0.125,62.5
TR0006,G2-0516,G2-0515,16.0,0.125,62.5
TR0006,G2-0517,G2-0516,8.0,0.125,62.5
TR0006,G2-0518,G2-0517,0.0,0.125,62.5
TR0006,G2-0519,FLOOR,48.0,0.125,62.5
TR0006,G2-0520,G2-0519,40.0,0.125,62.5
TR0006,G2-0521,G2-0520,32.0,0.125,62.5
TR0006,G2-0522,G2-0521,24.0,0.125,62.5
TR0006,G2-0523,G2-0522,16.0,0.125,62.5
TR0006,G2-0524,G2-0523,8.0,0.125,62.5
TR0006,G2-0525,G2-0524,0.0,0.125,62.5
TR0006,G2-0526,FLOOR,48.0,0.125,62.5
TR0006,G2-0527,G2-0526,40.0,0.125,62.5
TR0006,G2-0528,G2-0527,32.0,0.125,62.5
TR0006,G2-0529,G2-0528,24.0,0.125,62.5
TR0006,G2-0530,G2-0529,16.0,0.125,62.5
TR0006,G2-0531,G2-0530,8.0,0.125,62.5
TR0006,G2-0532,G2-0531,0.0,0.125,62.5
TR0006,G2-0533,FLOOR,48.0,0.125,62.5
TR0006,G2-0534,G2-0533,40.0,0.125,62.5
TR0006,G2-0535,G2-0534,32.0,0.125,62.5
TR0006,G2-0536,G2-0535,24.0,0.125,62.5
TR0006,G2-0537,G2-0536,16.0,0.125,62.5
TR0006,G2-0538,G2-0537,8.0,0.125,62.5
TR0006,G2-0539,G2-0538,0.0,0.125,62.5
TR0006,G2-0540,FLOOR,48.0,0.125,62.5
TR0006,G2-0541,G2-0540,40.0,0.125,62.5
TR0006,G2-0542,G2-0541,32.0,0.125,62.5
TR0006,G2-0543,G2-0542,24.0,0.125,62.5
TR0006,G2-0544,G2-0543,16.0,0.125,62.5
TR0006,G2-0545,G2-0544,8.0,0.125,62.5
TR0006,G2-0546,G2-0545,0.0,0.125,62.5
TR0006,G2-0547,FLOOR,48.0,0.125,62.5
TR0006,G2-0548,G2-0547,40.0,0.125,62.5
TR0006,G2-0549,G2-0548,32.0,0.125,62.5
TR0006,G2-0550,G2-0549,24.0,0.125,62.5
TR0006,G2-0551,G2-0550,16.0,0.125,62.5
TR0006,G2-0552,G2-0551,8.0,0.125,62.5
TR0006,G2-0553,G2-0552,0.0,0.125,62.5
TR0006,G2-0554,FLOOR,48.0,0.125,62.5
TR0006,G2-0555,G2-0554,40.0,0.125,62.5
TR0006,G2-0556,G2-0555,32.0,0.125,62.5
TR0006,G2-0557,G2-0556,24.0,0.125,62.5
TR0006,G2-0558,G2-0557,16.0,0.125,62.5
TR0006,G2-0559,G2-0558,8.0,0.125,62.5
TR0006,G2-0560,G2-0559,0.0,0.125,62.5
TR0006,G2-0561,FLOOR,48.0,0.125,62.5
TR0006,G2-0562,G2-0561,40.0,0.125,62.5
TR0006,G2-0563,G2-0562,32.0,0.125,62.5
TR0006,G2-0564,G2-0563,24.0,0.125,62.5
TR0006,G2-0565,G2-0564,16.0,0.125,62.5
TR0006,G2-0566,G2-0565,8.0,0.125,62.5
TR0006,G2-0567,G2-0566,0.0,0.125,62.5
TR0006,G2-0568,FLOOR,48.0,0.125,62.5
TR0006,G2-0569,G2-0568,40.0,0.125,62.5
TR0006,G2-0570,G2-0569,32.0,0.125,62.5
TR0006,G2-0571,G2-0570,24.0,0.125,62.5
TR0006,G2-0572,G2-0571,16.0,0.125,62.5
TR0006,G2-0573,G2-0572,8.0,0.125,62.5
TR0006,G2-0574,G2-0573,0.0,0.125,62.5
TR0006,G2-0575,FLOOR,48.0,0.125,62.5
TR0006,G2-0576,G2-0575,40.0,0.125,62.5
TR0006,G2-0577,G2-0576,32.0,0.125,62.5
TR0006,G2-0578,G2-0577,24.0,0.125,62.5
TR0006,G2-0579,G2-0578,16.0,0.125,62.5
TR0006,G2-0580,G2-0579,8.0,0.125,62.5
TR0006,G2-0581,G2-0580,0.0,0.125,62.5
TR0006,G2-0582,FLOOR,48.0,0.125,62.5
TR0006,G2-0583,G2-0582,40.0,0.125,62.5
TR0006,G2-0584,G2-0583,32.0,0.125,62.5
TR0006,G2-0585,G2-0584,24.0,0.125,62.5
TR0006,G2-0586,G2-0585,16.0,0.125,62.5
TR0006,G2-0587,G2-0586,8.0,0.125,62.5
TR0006,G2-0588,G2-0587,0.0,0.125,62.5
TR0006,G2-0589,FLOOR,48.0,0.125,62.5
TR0006,G2-0590,G2-0589,40.0,0.125,62.5
TR0006,G2-0591,G2-0590,32.0,0.125,62.5
TR0006,G2-0592,G2-0591,24.0,0.125,62.5
TR0006,G2-0593,G2-0592,16.0,0.125,62.5
TR0006,G2-0594,G2-0593,8.0,0.125,62.5
TR0006,G2-0595,G2-0594,0.0,0.125,62.5
TR0006,G2-0596,FLOOR,48.0,0.125,62.5
TR0006,G2-0597,G2-0596,40.0,0.125,62.5
TR0006,G2-0598,G2-0597,32.0,0.125,62.5
TR0006,G2-0599,G2-0598,24.0,0.125,62.5
TR0006,G2-0600,G2-0599,16.0,0.125,62.5
TR0006,G2-0601,G2-0600,8.0,0.125,62.5
TR0006,G2-0602,G2-0601,0.0,0.125,62.5
TR0006,G2-0603,FLOOR,48.0,0.125,62.5
TR0006,G2-0604,G2-0603,40.0,0.125,62.5
TR0006,G2-0605,G2-0604,32.0,0.125,62.5
TR0006,G2-0606,G2-0605,24.0,0.125,62.5
TR0006,G2-0607,G2-0606,16.0,0.125,62.5
TR0006,G2-0608,G2-0607,8.0,0.125,62.5
TR0006,G2-0609,G2-0608,0.0,0.125,62.5
TR0006,G2-0610,FLOOR,48.0,0.125,62.5
TR0006,G2-0611,G2-0610,40.0,0.125,62.5
TR0006,G2-0612,G2-0611,32.0,0.125,62.5
TR0006,G2-0613,G2-0612,24.0,0.125,62.5
TR0006,G2-0614,G2-0613,16.0,0.125,62.5
TR0006,G2-0615,G2-0614,8.0,0.125,62.5
TR0006,G2-0616,G2-0615,0.0,0.125,62.5
TR0006,G2-0617,FLOOR,48.0,0.125,62.5
TR0006,G2-0618,G2-0617,40.0,0.125,62.5
TR0006,G2-0619,G2-0618,32.0,0.125,62.5
TR0006,G2-0620,G2-0619,24.0,0.125,62.5
TR0006,G2-0621,G2-0620,16.0,0.125,62.5
TR0006,G2-0622,G2-0621,8.0,0.125,62.5
TR0006,G2-0623,G2-0622,0.0,0.125,62.5
TR0006,G2-0624,FLOOR,48.0,0.125,62.5
TR0006,G2-0625,G2-0624,40.0,0.125,62.5
TR0006,G2-0626,G2-0625,32.0,0.125,62.5
TR0006,G2-0627,G2-0626,24.0,0.125,62.5
TR0006,G2-0628,G2-0627,16.0,0.125,62.5
TR0006,G2-0629,G2-0628,8.0,0.125,62.5
TR0006,G2-0630,G2-0629,0.0,0.125,62.5
TR0006,G2-0631,FLOOR,48.0,0.125,62.5
TR0006,G2-0632,G2-0631,40.0,0.125,62.5
TR0006,G2-0633,G2-0632,32.0,0.125,62.5
TR0006,G2-0634,G2-0633,24.0,0.125,62.5
TR0006,G2-0635,G2-0634,16.0,0.125,62.5
TR0006,G2-0636,G2-0635,8.0,0.125,62.5
TR0006,G2-0637,G2-0636,0.0,0.125,62.5
TR0006,G2-0638,FLOOR,48.0,0.125,62.5
TR0006,G2-0639,G2-0638,40.0,0.125,62.5
TR0006,G2-0640,G2-0639,32.0,0.125,62.5
TR0006,G2-0641,G2-0640,24.0,0.125,62.5
TR0006,G2-0642,G2-0641,16.0,0.125,62.5
TR0006,G2-0643,G2-0642,8.0,0.125,62.5
TR0006,G2-0644,G2-0643,0.0,0.125,62.5
TR0006,G2-0645,FLOOR,48.0,0.125,62.5
TR0006,G2-0646,G2-0645,40.0,0.125,62.5
TR0006,G2-0647,G2-0646,32.0,0.125,62.5
TR0006,G2-0648,G2-0647,24.0,0.125,62.5
TR0006,G2-0649,G2-0648,16.0,0.125,62.5
TR0006,G2-0650,G2-0649,8.0,0.125,62.5
TR0006,G2-0651,G2-0650,0.0,0.125,62.5
TR0006,G2-0652,FLOOR,48.0,0.125,62.5
TR0006,G2-0653,G2-0652,40.0,0.125,62.5
TR0006,G2-0654,G2-0653,32.0,0.125,62.5
TR0006,G2-0655,G2-0654,24.0,0.125,62.5
TR0006,G2-0656,G2-0655,16.0,0.125,62.5
TR0006,G2-0657,G2-0656,8.0,0.125,62.5
TR0006,G2-0658,G2-0657,0.0,0.125,62.5
TR0006,G2-0659,FLOOR,48.0,0.125,62.5
TR0006,G2-0660,G2-0659,40.0,0.125,62.5
TR0006,G2-0661,G2-0660,32.0,0.125,62.5
TR0006,G2-0662,G2-0661,24.0,0.125,62.5
TR0006,G2-0663,G2-0662,16.0,0.125,62.5
TR0006,G2-0664,G2-0663,8.0,0.125,62.5
TR0006,G2-0665,G2-0664,0.0,0.125,62.5
TR0006,G2-0666,FLOOR,48.0,0.125,62.5
TR0006,G2-0667,G2-0666,40.0,0.125,62.5
TR0006,G2-0668,G2-0667,32.0,0.125,62.5
TR0006,G2-0669,G2-0668,24.0,0.125,62.5
TR0006,G2-0670,G2-0669,16.0,0.125,62.5
TR0006,G2-0671,G2-0670,8.0,0.125,62.5
TR0006,G2-0672,G2-0671,0.0,0.125,62.5
TR0006,G2-0673,FLOOR,48.0,0.125,62.5
TR0006,G2-0674,G2-0673,40.0,0.125,62.5
TR0006,G2-0675,G2-0674,32.0,0.125,62.5
TR0006,G2-0676,G2-0675,24.0,0.125,62.5
TR0006,G2-0677,G2-0676,16.0,0.125,62.5
TR0006,G2-0678,G2-0677,8.0,0.125,62.5
TR0006,G2-0679,G2-0678,0.0,0.125,62.5
TR0006,G2-0680,FLOOR,48.0,0.125,62.5
TR0006,G2-0681,G2-0680,40.0,0.125,62.5
TR0006,G2-0682,G2-0681,32.0,0.125,62.5
TR0006,G2-0683,G2-0682,24.0,0.125,62.5
TR0006,G2-0684,G2-0683,16.0,0.125,62.5
TR0006,G2-0685,G2-0684,8.0,0.125,62.5
TR0006,G2-0686,G2-0685,0.0,0.125,62.5
TR0006,G2-0687,FLOOR,48.0,0.125,62.5
TR0006,G2-0688,G2-0687,40.0,0.125,62.5
TR0006,G2-0689,G2-0688,32.0,0.125,62.5
TR0006,G2-0690,G2-0689,24.0,0.125,62.5
TR0006,G2-0691,G2-0690,16.0,0.125,62.5
TR0006,G2-0692,G2-0691,8.0,0.125,62.5
TR0006,G2-0693,G2-0692,0.0,0.125,62.5
TR0006,G2-0694,FLOOR,48.0,0.125,62.5
TR0006,G2-0695,G2-0694,40.0,0.125,62.5
TR0006,G2-0696,G2-0695,32.0,0.125,62.5
TR0006,G2-0697,G2-0696,24.0,0.125,62.5
TR0006,G2-0698,G2-0697,16.0,0.125,62.5
TR0006,G2-0699,G2-0698,8.0,0.125,62.5
TR0006,G2-0700,G2-0699,0.0,0.125,62.5
TR0006,G2-0701,FLOOR,48.0,0.125,62.5
TR0006,G2-0702,G2-0701,40.0,0.125,62.5
TR0006,G2-0703,G2-0702,32.0,0.125,62.5
TR0006,G2-0704,G2-0703,24.0,0.125,62.5
TR0006,G2-0705,G2-0704,16.0,0.125,62.5
TR0006,G2-0706,G2-0705,8.0,0.125,62.5
TR0006,G2-0707,G2-0706,0.0,0.125,62.5
TR0006,G2-0708,FLOOR,48.0,0.125,62.5
TR0006,G2-0709,G2-0708,40.0,0.125,62.5
TR0006,G2-0710,G2-0709,32.0,0.125,62.5
TR0006,G2-0711,G2-0710,24.0,0.125,62.5
TR0006,G2-0712,G2-0711,16.0,0.125,62.5
TR0006,G2-0713,G2-0712,8.0,0.125,62.5
TR0006,G2-0714,G2-0713,0.0,0.125,62.5
TR0006,G2-0715,FLOOR,48.0,0.125,62.5
TR0006,G2-0716,G2-0715,40.0,0.125,62.5
TR0006,G2-0717,G2-0716,32.0,0.125,62.5
TR0006,G2-0718,G2-0717,24.0,0.125,62.5
TR0006,G2-0719,G2-0718,16.0,0.125,62.5
TR0006,G2-0720,G2-0719,8.0,0.125,62.5
TR0006,G2-0721,G2-0720,0.0,0.125,62.5
TR0006,G2-0722,FLOOR,48.0,0.125,62.5
TR0006,G2-0723,G2-0722,40.0,0.125,62.5
TR0006,G2-0724,G2-0723,32.0,0.125,62.5
TR0006,G2-0725,G2-0724,24.0,0.125,62.5
TR0006,G2-0726,G2-0725,16.0,0.125,62.5
TR0006,G2-0727,G2-0726,8.0,0.125,62.5
TR0006,G2-0728,G2-0727,0.0,0.125,62.5
TR0006,G2-0729,FLOOR,48.0,0.125,62.5
TR0006,G2-0730,G2-0729,40.0,0.125,62.5
TR0006,G2-0731,G2-0730,32.0,0.125,62.5
TR0006,G2-0732,G2-0731,24.0,0.125,62.5
TR0006,G2-0733,G2-0732,16.0,0.125,62.5
TR0006,G2-0734,G2-0733,8.0,0.125,62.5
TR0006,G2-0735,G2-0734,0.0,0.125,62.5
TR0006,G2-0736,FLOOR,48.0,0.125,62.5
TR0006,G2-0737,G2-0736,40.0,0.125,62.5
TR0006,G2-0738,G2-0737,32.0,0.125,62.5
TR0006,G2-0739,G2-0738,24.0,0.125,62.5
TR0006,G2-0740,G2-0739,16.0,0.125,62.5
TR0006,G2-0741,G2-0740,8.0,0.125,62.5
TR0006,G2-0742,G2-0741,0.0,0.125,62.5
TR0006,G2-0743,FLOOR,48.0,0.125,62.5
TR0006,G2-0744,G2-0743,40.0,0.125,62.5
TR0006,G2-0745,G2-0744,32.0,0.125,62.5
TR0006,G2-0746,G2-0745,24.0,0.125,62.5
TR0006,G2-0747,G2-0746,16.0,0.125,62.5
TR0006,G2-0748,G2-0747,8.0,0.125,62.5
TR0006,G2-0749,G2-0748,0.0,0.125,62.5
TR0006,G2-0750,FLOOR,48.0,0.125,62.5
TR0006,G2-0751,G2-0750,40.0,0.125,62.5
TR0006,G2-0752,G2-0751,32.0,0.125,62.5
TR0006,G2-0753,G2-0752,24.0,0.125,62.5
TR0006,G2-0754,G2-0753,16.0,0.125,62.5
TR0006,G2-0755,G2-0754,8.0,0.125,62.5
TR0006,G2-0756,G2-0755,0.0,0.125,62.5
TR0006,G2-0757,FLOOR,48.0,0.125,62.5
TR0006,G2-0758,G2-0757,40.0,0.125,62.5
TR0006,G2-0759,G2-0758,32.0,0.125,62.5
TR0006,G2-0760,G2-0759,24.0,0.125,62.5
TR0006,G2-0761,G2-0760,16.0,0.125,62.5
TR0006,G2-0762,G2-0761,8.0,0.125,62.5
TR0006,G2-0763,G2-0762,0.0,0.125,62.5
TR0006,G2-0764,FLOOR,48.0,0.125,62.5
TR0006,G2-0765,G2-0764,40.0,0.125,62.5
TR0006,G2-0766,G2-0765,32.0,0.125,62.5
TR0006,G2-0767,G2-0766,24.0,0.125,62.5
TR0006,G2-0768,G2-0767,16.0,0.125,62.5
TR0006,G2-0769,G2-0768,8.0,0.125,62.5
TR0006,G2-0770,G2-0769,0.0,0.125,62.5
TR0006,G2-0771,FLOOR,48.0,0.125,62.5
TR0006,G2-0772,G2-0771,40.0,0.125,62.5
TR0006,G2-0773,G2-0772,32.0,0.125,62.5
TR0006,G2-0774,G2-0773,24.0,0.125,62.5
TR0006,G2-0775,G2-0774,16.0,0.125,62.5
TR0006,G2-0776,G2-0775,8.0,0.125,62.5
TR0006,G2-0777,G2-0776,0.0,0.125,62.5
TR0006,G2-0778,FLOOR,48.0,0.125,62.5
TR0006,G2-0779,G2-0778,40.0,0.125,62.5
TR0006,G2-0780,G2-0779,32.0,0.125,62.5
TR0006,G2-0781,G2-0780,24.0,0.125,62.5
TR0006,G2-0782,G2-0781,16.0,0.125,62.5
TR0006,G2-0783,G2-0782,8.0,0.125,62.5
TR0006,G2-0784,G2-0783,0.0,0.125,62.5
TR0006,G2-0785,FLOOR,48.0,0.125,62.5
TR0006,G2-0786,G2-0785,40.0,0.125,62.5
TR0006,G2-0787,G2-0786,32.0,0.125,62.5
TR0006,G2-0788,G2-0787,24.0,0.125,62.5
TR0006,G2-0789,G2-0788,16.0,0.125,62.5
TR0006,G2-0790,G2-0789,8.0,0.125,62.5
TR0006,G2-0791,G2-0790,0.0,0.125,62.5
TR0006,G2-0792,FLOOR,48.0,0.125,62.5
TR0006,G2-0793,G2-0792,40.0,0.125,62.5
TR0006,G2-0794,G2-0793,32.0,0.125,62.5
TR0006,G2-0795,G2-0794,24.0,0.125,62.5
TR0006,G2-0796,G2-0795,16.0,0.125,62.5
TR0006,G2-0797,G2-0796,8.0,0.125,62.5
TR0006,G2-0798,G2-0797,0.0,0.125,62.5
TR0006,G2-0799,FLOOR,48.0,0.125,62.5
TR0006,G2-0800,G2-0799,40.0,0.125,62.5
TR0006,G2-0801,G2-0800,32.0,0.125,62.5
TR0006,G2-0802,G2-0801,24.0,0.125,62.5
TR0006,G2-0803,G2-0802,16.0,0.125,62.5
TR0006,G2-0804,G2-0803,8.0,0.125,62.5
TR0006,G2-0805,G2-0804,0.0,0.125,62.5
TR0006,G2-0806,FLOOR,48.0,0.125,62.5
TR0006,G2-0807,G2-0806,40.0,0.125,62.5
TR0006,G2-0808,G2-0807,32.0,0.125,62.5
TR0006,G2-0809,G2-0808,24.0,0.125,62.5
TR0006,G2-0810,G2-0809,16.0,0.125,62.5
TR0006,G2-0811,G2-0810,8.0,0.125,62.5
TR0006,G2-0812,G2-0811,0.0,0.125,62.5
TR0006,G2-0813,FLOOR,48.0,0.125,62.5
TR0006,G2-0814,G2-0813,40.0,0.125,62.5
TR0006,G2-0815,G2-0814,32.0,0.125,62.5
TR0006,G2-0816,G2-0815,24.0,0.125,62.5
TR0006,G2-0817,G2-0816,16.0,0.125,62.5
TR0006,G2-0818,G2-0817,8.0,0.125,62.5
TR0006,G2-0819,G2-0818,0.0,0.125,62.5
TR0006,G2-0820,FLOOR,48.0,0.125,62.5
TR0006,G2-0821,G2-0820,40.0,0.125,62.5
TR0006,G2-0822,G2-0821,32.0,0.125,62.5
TR0006,G2-0823,G2-0822,24.0,0.125,62.5
TR0006,G2-0824,G2-0823,16.0,0.125,62.5
TR0006,G2-0825,G2-0824,8.0,0.125,62.5
TR0006,G2-0826,G2-0825,0.0,0.125,62.5
TR0006,G2-0827,FLOOR,48.0,0.125,62.5
TR0006,G2-0828,G2-0827,40.0,0.125,62.5
TR0006,G2-0829,G2-0828,32.0,0.125,62.5
TR0006,G2-0830,G2-0829,24.0,0.125,62.5
TR0006,G2-0831,G2-0830,16.0,0.125,62.5
TR0006,G2-0832,G2-0831,8.0,0.125,62.5
TR0006,G2-0833,G2-0832,0.0,0.125,62.5
TR0006,G2-0834,FLOOR,48.0,0.125,62.5
TR0006,G2-0835,G2-0834,40.0,0.125,62.5
TR0006,G2-0836,G2-0835,32.0,0.125,62.5
TR0006,G2-0837,G2-0836,24.0,0.125,62.5
TR0006,G2-0838,G2-0837,16.0,0.125,62.5
TR0006,G2-0839,G2-0838,8.0,0.125,62.5
TR0006,G2-0840,G2-0839,0.0,0.125,62.5
TR0006,G2-0841,FLOOR,48.0,0.125,62.5
TR0006,G2-0842,G2-0841,40.0,0.125,62.5
TR0006,G2-0843,G2-0842,32.0,0.125,62.5
TR0006,G2-0844,G2-0843,24.0,0.125,62.5
TR0006,G2-0845,G2-0844,16.0,0.125,62.5
TR0006,G2-0846,G2-0845,8.0,0.125,62.5
TR0006,G2-0847,G2-0846,0.0,0.125,62.5
TR0006,G2-0848,FLOOR,48.0,0.125,62.5
TR0006,G2-0849,G2-0848,40.0,0.125,62.5
TR0006,G2-0850,G2-0849,32.0,0.125,62.5
TR0006,G2-0851,G2-0850,24.0,0.125,62.5
TR0006,G2-0852,G2-0851,16.0,0.125,62.5
TR0006,G2-0853,G2-0852,8.0,0.125,62.5
TR0006,G2-0854,G2-0853,0.0,0.125,62.5
TR0006,G2-0855,FLOOR,48.0,0.125,62.5
TR0006,G2-0856,G2-0855,40.0,0.125,62.5
TR0006,G2-0857,G2-0856,32.0,0.125,62.5
TR0006,G2-0858,G2-0857,24.0,0.125,62.5
TR0006,G2-0859,G2-0858,16.0,0.125,62.5
TR0006,G2-0860,G2-0859,8.0,0.125,62.5
TR0006,G2-0861,G2-0860,0.0,0.125,62.5
TR0006,G2-0862,FLOOR,48.0,0.125,62.5
TR0006,G2-0863,G2-0862,40.0,0.125,62.5
TR0006,G2-0864,G2-0863,32.0,0.125,62.5
TR0006,G2-0865,G2-0864,24.0,0.125,62.5
TR0006,G2-0866,G2-0865,16.0,0.125,62.5
TR0006,G2-0867,G2-0866,8.0,0.125,62.5
TR0006,G2-0868,G2-0867,0.0,0.125,62.5
TR0006,G2-0869,FLOOR,48.0,0.125,62.5
TR0006,G2-0870,G2-0869,40.0,0.125,62.5
TR0006,G2-0871,G2-0870,32.0,0.125,62.5
TR0006,G2-0872,G2-0871,24.0,0.125,62.5
TR0006,G2-0873,G2-0872,16.0,0.125,62.5
TR0006,G2-0874,G2-0873,8.0,0.125,62.5
TR0006,G2-0875,G2-0874,0.0,0.125,62.5
TR0006,G2-0876,FLOOR,48.0,0.125,62.5
TR0006,G2-0877,G2-0876,40.0,0.125,62.5
TR0006,G2-0878,G2-0877,32.0,0.125,62.5
TR0006,G2-0879,G2-0878,24.0,0.125,62.5
TR0006,G2-0880,G2-0879,16.0,0.125,62.5
TR0006,G2-0881,G2-0880,8.0,0.125,62.5
TR0006,G2-0882,G2-0881,0.0,0.125,62.5
TR0006,G2-0883,FLOOR,48.0,0.125,62.5
TR0006,G2-0884,G2-0883,40.0,0.125,62.5
TR0006,G2-0885,G2-0884,32.0,0.125,62.5
TR0006,G2-0886,G2-0885,24.0,0.125,62.5
TR0006,G2-0887,G2-0886,16.0,0.125,62.5
TR0006,G2-0888,G2-0887,8.0,0.125,62.5
TR0006,G2-0889,G2-0888,0.0,0.125,62.5
TR0006,G2-0890,FLOOR,48.0,0.125,62.5
TR0006,G2-0891,G2-0890,40.0,0.125,62.5
TR0006,G2-0892,G2-0891,32.0,0.125,62.5
TR0006,G2-0893,G2-0892,24.0,0.125,62.5
TR0006,G2-0894,G2-0893,16.0,0.125,62.5
TR0006,G2-0895,G2-0894,8.0,0.125,62.5
TR0006,G2-0896,G2-0895,0.0,0.125,62.5
TR0006,G2-0897,FLOOR,48.0,0.125,62.5
TR0006,G2-0898,G2-0897,40.0,0.125,62.5
TR0006,G2-0899,G2-0898,32.0,0.125,62.5
TR0006,G2-0900,G2-0899,24.0,0.125,62.5
TR0006,G2-0901,G2-0900,16.0,0.125,62.5
TR0006,G2-0902,G2-0901,8.0,0.125,62.5
TR0006,G2-0903,G2-0902,0.0,0.125,62.5
TR0006,G2-0904,FLOOR,48.0,0.125,62.5
TR0006,G2-0905,G2-0904,40.0,0.125,62.5
TR0006,G2-0906,G2-0905,32.0,0.125,62.5
TR0006,G2-0907,G2-0906,24.0,0.125,62.5
TR0006,G2-0908,G2-0907,16.0,0.125,62.5
TR0006,G2-0909,G2-0908,8.0,0.125,62.5
TR0006,G2-0910,G2-0909,0.0,0.125,62.5
TR0006,G2-0911,FLOOR,48.0,0.125,62.5
TR0006,G2-0912,G2-0911,40.0,0.125,62.5
TR0006,G2-0913,G2-0912,32.0,0.125,62.5
TR0006,G2-0914,G2-0913,24.0,0.125,62.5
TR0006,G2-0915,G2-0914,16.0,0.125,62.5
TR0006,G2-0916,G2-0915,8.0,0.125,62.5
TR0006,G2-0917,G2-0916,0.0,0.125,62.5
TR0006,G2-0918,FLOOR,48.0,0.125,62.5
TR0006,G2-0919,G2-0918,40.0,0.125,62.5
TR0006,G2-0920,G2-0919,32.0,0.125,62.5
TR0006,G2-0921,G2-0920,24.0,0.125,62.5
TR0006,G2-0922,G2-0921,16.0,0.125,62.5
TR0006,G2-0923,G2-0922,8.0,0.125,62.5
TR0006,G2-0924,G2-0923,0.0,0.125,62.5
TR0006,G2-0925,FLOOR,48.0,0.125,62.5
TR0006,G2-0926,G2-0925,40.0,0.125,62.5
TR0006,G2-0927,G2-0926,32.0,0.125,62.5
TR0006,G2-0928,G2-0927,24.0,0.125,62.5
TR0006,G2-0929,G2-0928,16.0,0.125,62.5
TR0006,G2-0930,G2-0929,8.0,0.125,62.5
TR0006,G2-0931,G2-0930,0.0,0.125,62.5
TR0006,G2-0932,FLOOR,48.0,0.125,62.5
TR0006,G2-0933,G2-0932,40.0,0.125,62.5
TR0006,G2-0934,G2-0933,32.0,0.125,62.5
TR0006,G2-0935,G2-0934,24.0,0.125,62.5
TR0006,G2-0936,G2-0935,16.0,0.125,62.5
TR0006,G2-0937,G2-0936,8.0,0.125,62.5
TR0006,G2-0938,G2-0937,0.0,0.125,62.5
TR0006,G2-0939,FLOOR,48.0,0.125,62.5
TR0006,G2-0940,G2-0939,40.0,0.125,62.5
TR0006,G2-0941,G2-0940,32.0,0.125,62.5
TR0006,G2-0942,G2-0941,24.0,0.125,62.5
TR0006,G2-0943,G2-0942,16.0,0.125,62.5
TR0006,G2-0944,G2-0943,8.0,0.125,62.5
TR0006,G2-0945,G2-0944,0.0,0.125,62.5
TR0006,G2-0946,FLOOR,48.0,0.125,62.5
TR0006,G2-0947,G2-0946,40.0,0.125,62.5
TR0006,G2-0948,G2-0947,32.0,0.125,62.5
TR0006,G2-0949,G2-0948,24.0,0.125,62.5
TR0006,G2-0950,G2-0949,16.0,0.125,62.5
TR0006,G2-0951,G2-0950,8.0,0.125,62.5
TR0006,G2-0952,G2-0951,0.0,0.125,62.5
TR0006,G2-0953,FLOOR,48.0,0.125,62.5
TR0006,G2-0954,G2-0953,40.0,0.125,62.5
TR0006,G2-0955,G2-0954,32.0,0.125,62.5
TR0006,G2-0956,G2-0955,24.0,0.125,62.5
TR0006,G2-0957,G2-0956,16.0,0.125,62.5
TR0006,G2-0958,G2-0957,8.0,0.125,62.5
TR0006,G2-0959,G2-0958,0.0,0.125,62.5
TR0006,G2-0960,FLOOR,48.0,0.125,62.5
TR0006,G2-0961,G2-0960,40.0,0.125,62.5
TR0006,G2-0962,G2-0961,32.0,0.125,62.5
TR0006,G2-0963,G2-0962,24.0,0.125,62.5
TR0006,G2-0964,G2-0963,16.0,0.125,62.5
TR0006,G2-0965,G2-0964,8.0,0.125,62.5
TR0006,G2-0966,G2-0965,0.0,0.125,62.5
TR0006,G2-0967,FLOOR,48.0,0.125,62.5
TR0006,G2-0968,G2-0967,40.0,0.125,62.5
TR0006,G2-0969,G2-0968,32.0,0.125,62.5
TR0006,G2-0970,G2-0969,24.0,0.125,62.5
TR0006,G2-0971,G2-0970,16.0,0.125,62.5
TR0006,G2-0972,G2-0971,8.0,0.125,62.5
TR0006,G2-0973,G2-0972,0.0,0.125,62.5
TR0006,G2-0974,FLOOR,24.0,0.0875,43.75
TR0006,G2-0975,G2-0974,16.0,0.0875,43.75
TR0006,G2-0976,G2-0975,8.0,0.0875,43.75
TR0006,G2-0977,G2-0976,0.0,0.0875,43.75
TR0007,G1-0529,FLOOR,36.0,0.12,60.0
TR0007,G1-0530,G1-0529,24.0,0.12,60.0
TR0007,G1-0531,G1-0530,12.0,0.12,60.0
TR0007,G1-0532,G1-0531,0.0,0.12,60.0
TR0007,G1-0533,FLOOR,36.0,0.12,60.0
TR0007,G1-0534,G1-0533,24.0,0.12,60.0
TR0007,G1-0535,G1-0534,12.0,0.12,60.0
TR0007,G1-0536,G1-0535,0.0,0.12,60.0
TR0007,G1-0537,FLOOR,36.0,0.12,60.0
TR0007,G1-0538,G1-0537,24.0,0.12,60.0
TR0007,G1-0539,G1-0538,12.0,0.12,60.0
TR0007,G1-0540,G1-0539,0.0,0.12,60.0
TR0007,G1-0541,FLOOR,36.0,0.12,60.0
TR0007,G1-0542,G1-0541,24.0,0.12,60.0
TR0007,G1-0543,G1-0542,12.0,0.12,60.0
TR0007,G1-0544,G1-0543,0.0,0.12,60.0
TR0007,G1-0545,FLOOR,36.0,0.12,60.0
TR0007,G1-0546,G1-0545,24.0,0.12,60.0
TR0007,G1-0547,G1-0546,12.0,0.12,60.0
TR0007,G1-0548,G1-0547,0.0,0.12,60.0
TR0007,G1-0549,FLOOR,36.0,0.12,60.0
TR0007,G1-0550,G1-0549,24.0,0.12,60.0
TR0007,G1-0551,G1-0550,12.0,0.12,60.0
TR0007,G1-0552,G1-0551,0.0,0.12,60.0
TR0007,G1-0553,FLOOR,36.0,0.12,60.0
TR0007,G1-0554,G1-0553,24.0,0.12,60.0
TR0007,G1-0555,G1-0554,12.0,0.12,60.0
TR0007,G1-0556,G1-0555,0.0,0.12,60.0
TR0007,G1-0557,FLOOR,36.0,0.12,60.0
TR0007,G1-0558,G1-0557,24.0,0.12,60.0
TR0007,G1-0559,G1-0558,12.0,0.12,60.0
TR0007,G1-0560,G1-0559,0.0,0.12,60.0
TR0007,G1-0561,FLOOR,36.0,0.12,60.0
TR0007,G1-0562,G1-0561,24.0,0.12,60.0
TR0007,G1-0563,G1-0562,12.0,0.12,60.0
TR0007,G1-0564,G1-0563,0.0,0.12,60.0
TR0007,G1-0565,FLOOR,36.0,0.12,60.0
TR0007,G1-0566,G1-0565,24.0,0.12,60.0
TR0007,G1-0567,G1-0566,12.0,0.12,60.0
TR0007,G1-0568,G1-0567,0.0,0.12,60.0
TR0007,G1-0569,FLOOR,36.0,0.12,60.0
TR0007,G1-0570,G1-0569,24.0,0.12,60.0
TR0007,G1-0571,G1-0570,12.0,0.12,60.0
TR0007,G1-0572,G1-0571,0.0,0.12,60.0
TR0007,G1-0573,FLOOR,36.0,0.12,60.0
TR0007,G1-0574,G1-0573,24.0,0.12,60.0
TR0007,G1-0575,G1-0574,12.0,0.12,60.0
TR0007,G1-0576,G1-0575,0.0,0.12,60.0
TR0007,G1-0577,FLOOR,36.0,0.12,60.0
TR0007,G1-0578,G1-0577,24.0,0.12,60.0
TR0007,G1-0579,G1-0578,12.0,0.12,60.0
TR0007,G1-0580,G1-0579,0.0,0.12,60.0
TR0007,G1-0581,FLOOR,36.0,0.12,60.0
TR0007,G1-0582,G1-0581,24.0,0.12,60.0
TR0007,G1-0583,G1-0582,12.0,0.12,60.0
TR0007,G1-0584,G1-0583,0.0,0.12,60.0
TR0007,G1-0585,FLOOR,36.0,0.12,60.0
TR0007,G1-0586,G1-0585,24.0,0.12,60.0
TR0007,G1-0587,G1-0586,12.0,0.12,60.0
TR0007,G1-0588,G1-0587,0.0,0.12,60.0
TR0007,G1-0589,FLOOR,36.0,0.12,60.0
TR0007,G1-0590,G1-0589,24.0,0.12,60.0
TR0007,G1-0591,G1-0590,12.0,0.12,60.0
TR0007,G1-0592,G1-0591,0.0,0.12,60.0
TR0007,G1-0593,FLOOR,36.0,0.12,60.0
TR0007,G1-0594,G1-0593,24.0,0.12,60.0
TR0007,G1-0595,G1-0594,12.0,0.12,60.0
TR0007,G1-0596,G1-0595,0.0,0.12,60.0
TR0007,G1-0597,FLOOR,36.0,0.12,60.0
TR0007,G1-0598,G1-0597,24.0,0.12,60.0
TR0007,G1-0599,G1-0598,12.0,0.12,60.0
TR0007,G1-0600,G1-0599,0.0,0.12,60.0
TR0007,G1-0601,FLOOR,36.0,0.12,60.0
TR0007,G1-0602,G1-0601,24.0,0.12,60.0
TR0007,G1-0603,G1-0602,12.0,0.12,60.0
TR0007,G1-0604,G1-0603,0.0,0.12,60.0
TR0007,G1-0605,FLOOR,36.0,0.12,60.0
TR0007,G1-0606,G1-0605,24.0,0.12,60.0
TR0007,G1-0607,G1-0606,12.0,0.12,60.0
TR0007,G1-0608,G1-0607,0.0,0.12,60.0
TR0007,G1-0609,FLOOR,36.0,0.12,60.0
TR0007,G1-0610,G1-0609,24.0,0.12,60.0
TR0007,G1-0611,G1-0610,12.0,0.12,60.0
TR0007,G1-0612,G1-0611,0.0,0.12,60.0
TR0007,G1-0613,FLOOR,36.0,0.12,60.0
TR0007,G1-0614,G1-0613,24.0,0.12,60.0
TR0007,G1-0615,G1-0614,12.0,0.12,60.0
TR0007,G1-0616,G1-0615,0.0,0.12,60.0
TR0007,G1-0617,FLOOR,36.0,0.12,60.0
TR0007,G1-0618,G1-0617,24.0,0.12,60.0
TR0007,G1-0619,G1-0618,12.0,0.12,60.0
TR0007,G1-0620,G1-0619,0.0,0.12,60.0
TR0007,G1-0621,FLOOR,36.0,0.12,60.0
TR0007,G1-0622,G1-0621,24.0,0.12,60.0
TR0007,G1-0623,G1-0622,12.0,0.12,60.0
TR0007,G1-0624,G1-0623,0.0,0.12,60.0
TR0007,G1-0625,FLOOR,36.0,0.12,60.0
TR0007,G1-0626,G1-0625,24.0,0.12,60.0
TR0007,G1-0627,G1-0626,12.0,0.12,60.0
TR0007,G1-0628,G1-0627,0.0,0.12,60.0
TR0007,G1-0629,FLOOR,36.0,0.12,60.0
TR0007,G1-0630,G1-0629,24.0,0.12,60.0
TR0007,G1-0631,G1-0630,12.0,0.12,60.0
TR0007,G1-0632,G1-0631,0.0,0.12,60.0
TR0007,G1-0633,FLOOR,36.0,0.12,60.0
TR0007,G1-0634,G1-0633,24.0,0.12,60.0
TR0007,G1-0635,G1-0634,12.0,0.12,60.0
TR0007,G1-0636,G1-0635,0.0,0.12,60.0
TR0007,G1-0637,FLOOR,36.0,0.12,60.0
TR0007,G1-0638,G1-0637,24.0,0.12,60.0
TR0007,G1-0639,G1-0638,12.0,0.12,60.0
TR0007,G1-0640,G1-0639,0.0,0.12,60.0
TR0007,G1-0641,FLOOR,36.0,0.12,60.0
TR0007,G1-0642,G1-0641,24.0,0.12,60.0
TR0007,G1-0643,G1-0642,12.0,0.12,60.0
TR0007,G1-0644,G1-0643,0.0,0.12,60.0
TR0007,G1-0645,FLOOR,36.0,0.12,60.0
TR0007,G1-0646,G1-0645,24.0,0.12,60.0
TR0007,G1-0647,G1-0646,12.0,0.12,60.0
TR0007,G1-0648,G1-0647,0.0,0.12,60.0
TR0007,G1-0649,FLOOR,36.0,0.12,60.0
TR0007,G1-0650,G1-0649,24.0,0.12,60.0
TR0007,G1-0651,G1-0650,12.0,0.12,60.0
TR0007,G1-0652,G1-0651,0.0,0.12,60.0
TR0007,G1-0653,FLOOR,36.0,0.12,60.0
TR0007,G1-0654,G1-0653,24.0,0.12,60.0
TR0007,G1-0655,G1-0654,12.0,0.12,60.0
TR0007,G1-0656,G1-0655,0.0,0.12,60.0
TR0007,G1-0657,FLOOR,36.0,0.12,60.0
TR0007,G1-0658,G1-0657,24.0,0.12,60.0
TR0007,G1-0659,G1-0658,12.0,0.12,60.0
TR0007,G1-0660,G1-0659,0.0,0.12,60.0
TR0007,G1-0661,FLOOR,36.0,0.12,60.0
TR0007,G1-0662,G1-0661,24.0,0.12,60.0
TR0007,G1-0663,G1-0662,12.0,0.12,60.0
TR0007,G1-0664,G1-0663,0.0,0.12,60.0
TR0007,G1-0665,FLOOR,36.0,0.12,60.0
TR0007,G1-0666,G1-0665,24.0,0.12,60.0
TR0007,G1-0667,G1-0666,12.0,0.12,60.0
TR0007,G1-0668,G1-0667,0.0,0.12,60.0
TR0007,G1-0669,FLOOR,36.0,0.12,60.0
TR0007,G1-0670,G1-0669,24.0,0.12,60.0
TR0007,G1-0671,G1-0670,12.0,0.12,60.0
TR0007,G1-0672,G1-0671,0.0,0.12,60.0
TR0007,G1-0673,FLOOR,36.0,0.12,60.0
TR0007,G1-0674,G1-0673,24.0,0.12,60.0
TR0007,G1-0675,G1-0674,12.0,0.12,60.0
TR0007,G1-0676,G1-0675,0.0,0.12,60.0
TR0007,G1-0677,FLOOR,36.0,0.12,60.0
TR0007,G1-0678,G1-0677,24.0,0.12,60.0
TR0007,G1-0679,G1-0678,12.0,0.12,60.0
TR0007,G1-0680,G1-0679,0.0,0.12,60.0
TR0007,G1-0681,FLOOR,36.0,0.12,60.0
TR0007,G1-0682,G1-0681,24.0,0.12,60.0
TR0007,G1-0683,G1-0682,12.0,0.12,60.0
TR0007,G1-0684,G1-0683,0.0,0.12,60.0
TR0007,G1-0685,FLOOR,36.0,0.12,60.0
TR0007,G1-0686,G1-0685,24.0,0.12,60.0
TR0007,G1-0687,G1-0686,12.0,0.12,60.0
TR0007,G1-0688,G1-0687,0.0,0.12,60.0
TR0007,G1-0689,FLOOR,36.0,0.12,60.0
TR0007,G1-0690,G1-0689,24.0,0.12,60.0
TR0007,G1-0691,G1-0690,12.0,0.12,60.0
TR0007,G1-0692,G1-0691,0.0,0.12,60.0
TR0007,G1-0693,FLOOR,36.0,0.12,60.0
TR0007,G1-0694,G1-0693,24.0,0.12,60.0
TR0007,G1-0695,G1-0694,12.0,0.12,60.0
TR0007,G1-0696,G1-0695,0.0,0.12,60.0
TR0007,G1-0697,FLOOR,36.0,0.12,60.0
TR0007,G1-0698,G1-0697,24.0,0.12,60.0
TR0007,G1-0699,G1-0698,12.0,0.12,60.0
TR0007,G1-0700,G1-0699,0.0,0.12,60.0
TR0007,G1-0701,FLOOR,36.0,0.12,60.0
TR0007,G1-0702,G1-0701,24.0,0.12,60.0
TR0007,G1-0703,G1-0702,12.0,0.12,60.0
TR0007,G1-0704,G1-0703,0.0,0.12,60.0
TR0007,G1-0705,FLOOR,36.0,0.12,60.0
TR0007,G1-0706,G1-0705,24.0,0.12,60.0
TR0007,G1-0707,G1-0706,12.0,0.12,60.0
TR0007,G1-0708,G1-0707,0.0,0.12,60.0
TR0007,G1-0709,FLOOR,36.0,0.12,60.0
TR0007,G1-0710,G1-0709,24.0,0.12,60.0
TR0007,G1-0711,G1-0710,12.0,0.12,60.0
TR0007,G1-0712,G1-0711,0.0,0.12,60.0
TR0007,G1-0713,FLOOR,36.0,0.12,60.0
TR0007,G1-0714,G1-0713,24.0,0.12,60.0
TR0007,G1-0715,G1-0714,12.0,0.12,60.0
TR0007,G1-0716,G1-0715,0.0,0.12,60.0
TR0007,G1-0717,FLOOR,36.0,0.12,60.0
TR0007,G1-0718,G1-0717,24.0,0.12,60.0
TR0007,G1-0719,G1-0718,12.0,0.12,60.0
TR0007,G1-0720,G1-0719,0.0,0.12,60.0
TR0007,G1-0721,FLOOR,36.0,0.12,60.0
TR0007,G1-0722,G1-0721,24.0,0.12,60.0
TR0007,G1-0723,G1-0722,12.0,0.12,60.0
TR0007,G1-0724,G1-0723,0.0,0.12,60.0
TR0007,G1-0725,FLOOR,36.0,0.12,60.0
TR0007,G1-0726,G1-0725,24.0,0.12,60.0
TR0007,G1-0727,G1-0726,12.0,0.12,60.0
TR0007,G1-0728,G1-0727,0.0,0.12,60.0
TR0007,G1-0729,FLOOR,36.0,0.12,60.0
TR0007,G1-0730,G1-0729,24.0,0.12,60.0
TR0007,G1-0731,G1-0730,12.0,0.12,60.0
TR0007,G1-0732,G1-0731,0.0,0.12,60.0
TR0007,G1-0733,FLOOR,36.0,0.12,60.0
TR0007,G1-0734,G1-0733,24.0,0.12,60.0
TR0007,G1-0735,G1-0734,12.0,0.12,60.0
TR0007,G1-0736,G1-0735,0.0,0.12,60.0
TR0007,G1-0737,FLOOR,36.0,0.12,60.0
TR0007,G1-0738,G1-0737,24.0,0.12,60.0
TR0007,G1-0739,G1-0738,12.0,0.12,60.0
TR0007,G1-0740,G1-0739,0.0,0.12,60.0
TR0007,G1-0741,FLOOR,36.0,0.12,60.0
TR0007,G1-0742,G1-0741,24.0,0.12,60.0
TR0007,G1-0743,G1-0742,12.0,0.12,60.0
TR0007,G1-0744,G1-0743,0.0,0.12,60.0
TR0007,G1-0745,FLOOR,36.0,0.12,60.0
TR0007,G1-0746,G1-0745,24.0,0.12,60.0
TR0007,G1-0747,G1-0746,12.0,0.12,60.0
TR0007,G1-0748,G1-0747,0.0,0.12,60.0
TR0007,G1-0749,FLOOR,36.0,0.12,60.0
TR0007,G1-0750,G1-0749,24.0,0.12,60.0
TR0007,G1-0751,G1-0750,12.0,0.12,60.0
TR0007,G1-0752,G1-0751,0.0,0.12,60.0
TR0007,G1-0753,FLOOR,36.0,0.12,60.0
TR0007,G1-0754,G1-0753,24.0,0.12,60.0
TR0007,G1-0755,G1-0754,12.0,0.12,60.0
TR0007,G1-0756,G1-0755,0.0,0.12,60.0
TR0007,G1-0757,FLOOR,36.0,0.12,60.0
TR0007,G1-0758,G1-0757,24.0,0.12,60.0
TR0007,G1-0759,G1-0758,12.0,0.12,60.0
TR0007,G1-0760,G1-0759,0.0,0.12,60.0
TR0007,G1-0761,FLOOR,36.0,0.12,60.0
TR0007,G1-0762,G1-0761,24.0,0.12,60.0
TR0007,G1-0763,G1-0762,12.0,0.12,60.0
TR0007,G1-0764,G1-0763,0.0,0.12,60.0
TR0007,G1-0765,FLOOR,36.0,0.12,60.0
TR0007,G1-0766,G1-0765,24.0,0.12,60.0
TR0007,G1-0767,G1-0766,12.0,0.12,60.0
TR0007,G1-0768,G1-0767,0.0,0.12,60.0
TR0007,G1-0769,FLOOR,36.0,0.12,60.0
TR0007,G1-0770,G1-0769,24.0,0.12,60.0
TR0007,G1-0771,G1-0770,12.0,0.12,60.0
TR0007,G1-0772,G1-0771,0.0,0.12,60.0
TR0007,G1-0773,FLOOR,36.0,0.12,60.0
TR0007,G1-0774,G1-0773,24.0,0.12,60.0
TR0007,G1-0775,G1-0774,12.0,0.12,60.0
TR0007,G1-0776,G1-0775,0.0,0.12,60.0
TR0007,G1-0777,FLOOR,36.0,0.12,60.0
TR0007,G1-0778,G1-0777,24.0,0.12,60.0
TR0007,G1-0779,G1-0778,12.0,0.12,60.0
TR0007,G1-0780,G1-0779,0.0,0.12,60.0
TR0007,G1-0781,FLOOR,36.0,0.12,60.0
TR0007,G1-0782,G1-0781,24.0,0.12,60.0
TR0007,G1-0783,G1-0782,12.0,0.12,60.0
TR0007,G1-0784,G1-0783,0.0,0.12,60.0
TR0007,G1-0785,FLOOR,36.0,0.12,60.0
TR0007,G1-0786,G1-0785,24.0,0.12,60.0
TR0007,G1-0787,G1-0786,12.0,0.12,60.0
TR0007,G1-0788,G1-0787,0.0,0.12,60.0
TR0007,G1-0789,FLOOR,36.0,0.12,60.0
TR0007,G1-0790,G1-0789,24.0,0.12,60.0
TR0007,G1-0791,G1-0790,12.0,0.12,60.0
TR0007,G1-0792,G1-0791,0.0,0.12,60.0
TR0007,G1-0793,FLOOR,36.0,0.12,60.0
TR0007,G1-0794,G1-0793,24.0,0.12,60.0
TR0007,G1-0795,G1-0794,12.0,0.12,60.0
TR0007,G1-0796,G1-0795,0.0,0.12,60.0
TR0007,G1-0797,FLOOR,36.0,0.12,60.0
TR0007,G1-0798,G1-0797,24.0,0.12,60.0
TR0007,G1-0799,G1-0798,12.0,0.12,60.0
TR0007,G1-0800,G1-0799,0.0,0.12,60.0
TR0007,G5-0309,FLOOR,54.0,0.16,80.0
TR0007,G5-0310,G5-0309,36.0,0.16,80.0
TR0007,G5-0311,G5-0310,18.0,0.16,80.0
TR0007,G5-0312,G5-0311,0.0,0.16,80.0
TR0007,G5-0313,FLOOR,54.0,0.16,80.0
TR0007,G5-0314,G5-0313,36.0,0.16,80.0
TR0007,G5-0315,G5-0314,18.0,0.16,80.0
TR0007,G5-0316,G5-0315,0.0,0.16,80.0
TR0007,G5-0317,FLOOR,54.0,0.16,80.0
TR0007,G5-0318,G5-0317,36.0,0.16,80.0
TR0007,G5-0319,G5-0318,18.0,0.16,80.0
TR0007,G5-0320,G5-0319,0.0,0.16,80.0
TR0007,G5-0321,FLOOR,54.0,0.16,80.0
TR0007,G5-0322,G5-0321,36.0,0.16,80.0
TR0007,G5-0323,G5-0322,18.0,0.16,80.0
TR0007,G5-0324,G5-0323,0.0,0.16,80.0
TR0007,G5-0325,FLOOR,54.0,0.16,80.0
TR0007,G5-0326,G5-0325,36.0,0.16,80.0
TR0007,G5-0327,G5-0326,18.0,0.16,80.0
TR0007,G5-0328,G5-0327,0.0,0.16,80.0
TR0007,G5-0329,FLOOR,54.0,0.16,80.0
TR0007,G5-0330,G5-0329,36.0,0.16,80.0
TR0007,G5-0331,G5-0330,18.0,0.16,80.0
TR0007,G5-0332,G5-0331,0.0,0.16,80.0
TR0007,G5-0333,FLOOR,54.0,0.16,80.0
TR0007,G5-0334,G5-0333,36.0,0.16,80.0
TR0007,G5-0335,G5-0334,18.0,0.16,80.0
TR0007,G5-0336,G5-0335,0.0,0.16,80.0
TR0007,G5-0337,FLOOR,54.0,0.16,80.0
TR0007,G5-0338,G5-0337,36.0,0.16,80.0
TR0007,G5-0339,G5-0338,18.0,0.16,80.0
TR0007,G5-0340,G5-0339,0.0,0.16,80.0
TR0007,G5-0341,FLOOR,54.0,0.16,80.0
TR0007,G5-0342,G5-0341,36.0,0.16,80.0
TR0007,G5-0343,G5-0342,18.0,0.16,80.0
TR0007,G5-0344,G5-0343,0.0,0.16,80.0
TR0007,G5-0345,FLOOR,54.0,0.16,80.0
TR0007,G5-0346,G5-0345,36.0,0.16,80.0
TR0007,G5-0347,G5-0346,18.0,0.16,80.0
TR0007,G5-0348,G5-0347,0.0,0.16,80.0
TR0007,G5-0349,FLOOR,54.0,0.16,80.0
TR0007,G5-0350,G5-0349,36.0,0.16,80.0
TR0007,G5-0351,G5-0350,18.0,0.16,80.0
TR0007,G5-0352,G5-0351,0.0,0.16,80.0
TR0007,G5-0353,FLOOR,54.0,0.16,80.0
TR0007,G5-0354,G5-0353,36.0,0.16,80.0
TR0007,G5-0355,G5-0354,18.0,0.16,80.0
TR0007,G5-0356,G5-0355,0.0,0.16,80.0
TR0007,G5-0357,FLOOR,54.0,0.16,80.0
TR0007,G5-0358,G5-0357,36.0,0.16,80.0
TR0007,G5-0359,G5-0358,18.0,0.16,80.0
TR0007,G5-0360,G5-0359,0.0,0.16,80.0
TR0007,G5-0361,FLOOR,54.0,0.16,80.0
TR0007,G5-0362,G5-0361,36.0,0.16,80.0
TR0007,G5-0363,G5-0362,18.0,0.16,80.0
TR0007,G5-0364,G5-0363,0.0,0.16,80.0
TR0007,G5-0365,FLOOR,54.0,0.16,80.0
TR0007,G5-0366,G5-0365,36.0,0.16,80.0
TR0007,G5-0367,G5-0366,18.0,0.16,80.0
TR0007,G5-0368,G5-0367,0.0,0.16,80.0
TR0007,G5-0369,FLOOR,54.0,0.16,80.0
TR0007,G5-0370,G5-0369,36.0,0.16,80.0
TR0007,G5-0371,G5-0370,18.0,0.16,80.0
TR0007,G5-0372,G5-0371,0.0,0.16,80.0
TR0007,G5-0373,FLOOR,54.0,0.16,80.0
TR0007,G5-0374,G5-0373,36.0,0.16,80.0
TR0007,G5-0375,G5-0374,18.0,0.16,80.0
TR0007,G5-0376,G5-0375,0.0,0.16,80.0
TR0007,G5-0377,FLOOR,54.0,0.16,80.0
TR0007,G5-0378,G5-0377,36.0,0.16,80.0
TR0007,G5-0379,G5-0378,18.0,0.16,80.0
TR0007,G5-0380,G5-0379,0.0,0.16,80.0
TR0007,G5-0381,FLOOR,54.0,0.16,80.0
TR0007,G5-0382,G5-0381,36.0,0.16,80.0
TR0007,G5-0383,G5-0382,18.0,0.16,80.0
TR0007,G5-0384,G5-0383,0.0,0.16,80.0
TR0007,G5-0385,FLOOR,54.0,0.16,80.0
TR0007,G5-0386,G5-0385,36.0,0.16,80.0
TR0007,G5-0387,G5-0386,18.0,0.16,80.0
TR0007,G5-0388,G5-0387,0.0,0.16,80.0
TR0007,G5-0389,FLOOR,54.0,0.16,80.0
TR0007,G5-0390,G5-0389,36.0,0.16,80.0
TR0007,G5-0391,G5-0390,18.0,0.16,80.0
TR0007,G5-0392,G5-0391,0.0,0.16,80.0
TR0007,G5-0393,FLOOR,54.0,0.16,80.0
TR0007,G5-0394,G5-0393,36.0,0.16,80.0
TR0007,G5-0395,G5-0394,18.0,0.16,80.0
TR0007,G5-0396,G5-0395,0.0,0.16,80.0
TR0007,G5-0397,FLOOR,54.0,0.16,80.0
TR0007,G5-0398,G5-0397,36.0,0.16,80.0
TR0007,G5-0399,G5-0398,18.0,0.16,80.0
TR0007,G5-0400,G5-0399,0.0,0.16,80.0
TR0007,G5-0401,FLOOR,54.0,0.16,80.0
TR0007,G5-0402,G5-0401,36.0,0.16,80.0
TR0007,G5-0403,G5-0402,18.0,0.16,80.0
TR0007,G5-0404,G5-0403,0.0,0.16,80.0
TR0007,G5-0405,FLOOR,54.0,0.16,80.0
TR0007,G5-0406,G5-0405,36.0,0.16,80.0
TR0007,G5-0407,G5-0406,18.0,0.16,80.0
TR0007,G5-0408,G5-0407,0.0,0.16,80.0
TR0007,G5-0409,FLOOR,54.0,0.16,80.0
TR0007,G5-0410,G5-0409,36.0,0.16,80.0
TR0007,G5-0411,G5-0410,18.0,0.16,80.0
TR0007,G5-0412,G5-0411,0.0,0.16,80.0
TR0007,G5-0413,FLOOR,54.0,0.16,80.0
TR0007,G5-0414,G5-0413,36.0,0.16,80.0
TR0007,G5-0415,G5-0414,18.0,0.16,80.0
TR0007,G5-0416,G5-0415,0.0,0.16,80.0
TR0007,G5-0417,FLOOR,54.0,0.16,80.0
TR0007,G5-0418,G5-0417,36.0,0.16,80.0
TR0007,G5-0419,G5-0418,18.0,0.16,80.0
TR0007,G5-0420,G5-0419,0.0,0.16,80.0
TR0007,G5-0421,FLOOR,54.0,0.16,80.0
TR0007,G5-0422,G5-0421,36.0,0.16,80.0
TR0007,G5-0423,G5-0422,18.0,0.16,80.0
TR0007,G5-0424,G5-0423,0.0,0.16,80.0
TR0007,G5-0425,FLOOR,54.0,0.16,80.0
TR0007,G5-0426,G5-0425,36.0,0.16,80.0
TR0007,G5-0427,G5-0426,18.0,0.16,80.0
TR0007,G5-0428,G5-0427,0.0,0.16,80.0
TR0007,G5-0429,FLOOR,54.0,0.16,80.0
TR0007,G5-0430,G5-0429,36.0,0.16,80.0
TR0007,G5-0431,G5-0430,18.0,0.16,80.0
TR0007,G5-0432,G5-0431,0.0,0.16,80.0
TR0007,G5-0433,FLOOR,54.0,0.16,80.0
TR0007,G5-0434,G5-0433,36.0,0.16,80.0
TR0007,G5-0435,G5-0434,18.0,0.16,80.0
TR0007,G5-0436,G5-0435,0.0,0.16,80.0
TR0007,G5-0437,FLOOR,54.0,0.16,80.0
TR0007,G5-0438,G5-0437,36.0,0.16,80.0
TR0007,G5-0439,G5-0438,18.0,0.16,80.0
TR0007,G5-0440,G5-0439,0.0,0.16,80.0
TR0007,G5-0441,FLOOR,54.0,0.16,80.0
TR0007,G5-0442,G5-0441,36.0,0.16,80.0
TR0007,G5-0443,G5-0442,18.0,0.16,80.0
TR0007,G5-0444,G5-0443,0.0,0.16,80.0
TR0007,G5-0445,FLOOR,54.0,0.16,80.0
TR0007,G5-0446,G5-0445,36.0,0.16,80.0
TR0007,G5-0447,G5-0446,18.0,0.16,80.0
TR0007,G5-0448,G5-0447,0.0,0.16,80.0
TR0007,G5-0449,FLOOR,54.0,0.16,80.0
TR0007,G5-0450,G5-0449,36.0,0.16,80.0
TR0007,G5-0451,G5-0450,18.0,0.16,80.0
TR0007,G5-0452,G5-0451,0.0,0.16,80.0
TR0007,G5-0453,FLOOR,54.0,0.16,80.0
TR0007,G5-0454,G5-0453,36.0,0.16,80.0
TR0007,G5-0455,G5-0454,18.0,0.16,80.0
TR0007,G5-0456,G5-0455,0.0,0.16,80.0
TR0007,G5-0457,FLOOR,54.0,0.16,80.0
TR0007,G5-0458,G5-0457,36.0,0.16,80.0
TR0007,G5-0459,G5-0458,18.0,0.16,80.0
TR0007,G5-0460,G5-0459,0.0,0.16,80.0
TR0007,G5-0461,FLOOR,54.0,0.16,80.0
TR0007,G5-0462,G5-0461,36.0,0.16,80.0
TR0007,G5-0463,G5-0462,18.0,0.16,80.0
TR0007,G5-0464,G5-0463,0.0,0.16,80.0
TR0007,G5-0465,FLOOR,54.0,0.16,80.0
TR0007,G5-0466,G5-0465,36.0,0.16,80.0
TR0007,G5-0467,G5-0466,18.0,0.16,80.0
TR0007,G5-0468,G5-0467,0.0,0.16,80.0
TR0007,G5-0469,FLOOR,54.0,0.16,80.0
TR0007,G5-0470,G5-0469,36.0,0.16,80.0
TR0007,G5-0471,G5-0470,18.0,0.16,80.0
TR0007,G5-0472,G5-0471,0.0,0.16,80.0
TR0007,G5-0473,FLOOR,54.0,0.16,80.0
TR0007,G5-0474,G5-0473,36.0,0.16,80.0
TR0007,G5-0475,G5-0474,18.0,0.16,80.0
TR0007,G5-0476,G5-0475,0.0,0.16,80.0
TR0007,G5-0477,FLOOR,54.0,0.16,80.0
TR0007,G5-0478,G5-0477,36.0,0.16,80.0
TR0007,G5-0479,G5-0478,18.0,0.16,80.0
TR0007,G5-0480,G5-0479,0.0,0.16,80.0
TR0007,G5-0481,FLOOR,54.0,0.16,80.0
TR0007,G5-0482,G5-0481,36.0,0.16,80.0
TR0007,G5-0483,G5-0482,18.0,0.16,80.0
TR0007,G5-0484,G5-0483,0.0,0.16,80.0
TR0007,G5-0485,FLOOR,54.0,0.16,80.0
TR0007,G5-0486,G5-0485,36.0,0.16,80.0
TR0007,G5-0487,G5-0486,18.0,0.16,80.0
TR0007,G5-0488,G5-0487,0.0,0.16,80.0
TR0007,G5-0489,FLOOR,54.0,0.16,80.0
TR0007,G5-0490,G5-0489,36.0,0.16,80.0
TR0007,G5-0491,G5-0490,18.0,0.16,80.0
TR0007,G5-0492,G5-0491,0.0,0.16,80.0
TR0007,G5-0493,FLOOR,54.0,0.16,80.0
TR0007,G5-0494,G5-0493,36.0,0.16,80.0
TR0007,G5-0495,G5-0494,18.0,0.16,80.0
TR0007,G5-0496,G5-0495,0.0,0.16,80.0
TR0007,G5-0497,FLOOR,54.0,0.16,80.0
TR0007,G5-0498,G5-0497,36.0,0.16,80.0
TR0007,G5-0499,G5-0498,18.0,0.16,80.0
TR0007,G5-0500,G5-0499,0.0,0.16,80.0
TR0007,G2-0978,FLOOR,48.0,0.125,62.5
TR0007,G2-0979,G2-0978,40.0,0.125,62.5
TR0007,G2-0980,G2-0979,32.0,0.125,62.5
TR0007,G2-0981,G2-0980,24.0,0.125,62.5
TR0007,G2-0982,G2-0981,16.0,0.125,62.5
TR0007,G2-0983,G2-0982,8.0,0.125,62.5
TR0007,G2-0984,G2-0983,0.0,0.125,62.5
TR0007,G2-0985,FLOOR,48.0,0.125,62.5
TR0007,G2-0986,G2-0985,40.0,0.125,62.5
TR0007,G2-0987,G2-0986,32.0,0.125,62.5
TR0007,G2-0988,G2-0987,24.0,0.125,62.5
TR0007,G2-0989,G2-0988,16.0,0.125,62.5
TR0007,G2-0990,G2-0989,8.0,0.125,62.5
TR0007,G2-0991,G2-0990,0.0,0.125,62.5
TR0007,G2-0992,FLOOR,48.0,0.125,62.5
TR0007,G2-0993,G2-0992,40.0,0.125,62.5
TR0007,G2-0994,G2-0993,32.0,0.125,62.5
TR0007,G2-0995,G2-0994,24.0,0.125,62.5
TR0007,G2-0996,G2-0995,16.0,0.125,62.5
TR0007,G2-0997,G2-0996,8.0,0.125,62.5
TR0007,G2-0998,G2-0997,0.0,0.125,62.5
TR0008,G4-0273,FLOOR,75.0,0.48,240.0
TR0008,G4-0274,G4-0273,50.0,0.48,240.0
TR0008,G4-0275,G4-0274,25.0,0.48,240.0
TR0008,G4-0276,G4-0275,0.0,0.48,240.0
TR0008,G4-0277,FLOOR,75.0,0.48,240.0
TR0008,G4-0278,G4-0277,50.0,0.48,240.0
TR0008,G4-0279,G4-0278,25.0,0.48,240.0
TR0008,G4-0280,G4-0279,0.0,0.48,240.0
TR0008,G4-0281,FLOOR,75.0,0.48,240.0
TR0008,G4-0282,G4-0281,50.0,0.48,240.0
TR0008,G4-0283,G4-0282,25.0,0.48,240.0
TR0008,G4-0284,G4-0283,0.0,0.48,240.0
TR0008,G4-0285,FLOOR,75.0,0.48,240.0
TR0008,G4-0286,G4-0285,50.0,0.48,240.0
TR0008,G4-0287,G4-0286,25.0,0.48,240.0
TR0008,G4-0288,G4-0287,0.0,0.48,240.0
TR0008,G4-0289,FLOOR,75.0,0.48,240.0
TR0008,G4-0290,G4-0289,50.0,0.48,240.0
TR0008,G4-0291,G4-0290,25.0,0.48,240.0
TR0008,G4-0292,G4-0291,0.0,0.48,240.0
TR0008,G4-0293,FLOOR,75.0,0.48,240.0
TR0008,G4-0294,G4-0293,50.0,0.48,240.0
TR0008,G4-0295,G4-0294,25.0,0.48,240.0
TR0008,G4-0296,G4-0295,0.0,0.48,240.0
TR0008,G4-0297,FLOOR,75.0,0.48,240.0
TR0008,G4-0298,G4-0297,50.0,0.48,240.0
TR0008,G4-0299,G4-0298,25.0,0.48,240.0
TR0008,G4-0300,G4-0299,0.0,0.48,240.0
TR0008,G4-0301,FLOOR,75.0,0.48,240.0
TR0008,G4-0302,G4-0301,50.0,0.48,240.0
TR0008,G4-0303,G4-0302,25.0,0.48,240.0
TR0008,G4-0304,G4-0303,0.0,0.48,240.0
TR0008,G4-0305,FLOOR,75.0,0.48,240.0
TR0008,G4-0306,G4-0305,50.0,0.48,240.0
TR0008,G4-0307,G4-0306,25.0,0.48,240.0
TR0008,G4-0308,G4-0307,0.0,0.48,240.0
TR0008,G4-0309,FLOOR,75.0,0.48,240.0
TR0008,G4-0310,G4-0309,50.0,0.48,240.0
TR0008,G4-0311,G4-0310,25.0,0.48,240.0
TR0008,G4-0312,G4-0311,0.0,0.48,240.0
TR0008,G4-0313,FLOOR,75.0,0.48,240.0
TR0008,G4-0314,G4-0313,50.0,0.48,240.0
TR0008,G4-0315,G4-0314,25.0,0.48,240.0
TR0008,G4-0316,G4-0315,0.0,0.48,240.0
TR0008,G4-0317,FLOOR,75.0,0.48,240.0
TR0008,G4-0318,G4-0317,50.0,0.48,240.0
TR0008,G4-0319,G4-0318,25.0,0.48,240.0
TR0008,G4-0320,G4-0319,0.0,0.48,240.0
TR0008,G4-0321,FLOOR,75.0,0.48,240.0
TR0008,G4-0322,G4-0321,50.0,0.48,240.0
TR0008,G4-0323,G4-0322,25.0,0.48,240.0
TR0008,G4-0324,G4-0323,0.0,0.48,240.0
TR0008,G4-0325,FLOOR,75.0,0.48,240.0
TR0008,G4-0326,G4-0325,50.0,0.48,240.0
TR0008,G4-0327,G4-0326,25.0,0.48,240.0
TR0008,G4-0328,G4-0327,0.0,0.48,240.0
TR0008,G4-0329,FLOOR,75.0,0.48,240.0
TR0008,G4-0330,G4-0329,50.0,0.48,240.0
TR0008,G4-0331,G4-0330,25.0,0.48,240.0
TR0008,G4-0332,G4-0331,0.0,0.48,240.0
TR0008,G4-0333,FLOOR,75.0,0.48,240.0
TR0008,G4-0334,G4-0333,50.0,0.48,240.0
TR0008,G4-0335,G4-0334,25.0,0.48,240.0
TR0008,G4-0336,G4-0335,0.0,0.48,240.0
TR0008,G4-0337,FLOOR,75.0,0.48,240.0
TR0008,G4-0338,G4-0337,50.0,0.48,240.0
TR0008,G4-0339,G4-0338,25.0,0.48,240.0
TR0008,G4-0340,G4-0339,0.0,0.48,240.0
TR0008,G4-0341,FLOOR,75.0,0.48,240.0
TR0008,G4-0342,G4-0341,50.0,0.48,240.0
TR0008,G4-0343,G4-0342,25.0,0.48,240.0
TR0008,G4-0344,G4-0343,0.0,0.48,240.0
TR0008,G4-0345,FLOOR,75.0,0.48,240.0
TR0008,G4-0346,G4-0345,50.0,0.48,240.0
TR0008,G4-0347,G4-0346,25.0,0.48,240.0
TR0008,G4-0348,G4-0347,0.0,0.48,240.0
TR0008,G4-0349,FLOOR,75.0,0.48,240.0
TR0008,G4-0350,G4-0349,50.0,0.48,240.0
TR0008,G4-0351,G4-0350,25.0,0.48,240.0
TR0008,G4-0352,G4-0351,0.0,0.48,240.0
TR0008,G4-0353,FLOOR,75.0,0.48,240.0
TR0008,G4-0354,G4-0353,50.0,0.48,240.0
TR0008,G4-0355,G4-0354,25.0,0.48,240.0
TR0008,G4-0356,G4-0355,0.0,0.48,240.0
TR0008,G4-0357,FLOOR,75.0,0.48,240.0
TR0008,G4-0358,G4-0357,50.0,0.48,240.0
TR0008,G4-0359,G4-0358,25.0,0.48,240.0
TR0008,G4-0360,G4-0359,0.0,0.48,240.0
TR0008,G4-0361,FLOOR,75.0,0.48,240.0
TR0008,G4-0362,G4-0361,50.0,0.48,240.0
TR0008,G4-0363,G4-0362,25.0,0.48,240.0
TR0008,G4-0364,G4-0363,0.0,0.48,240.0
TR0008,G4-0365,FLOOR,75.0,0.48,240.0
TR0008,G4-0366,G4-0365,50.0,0.48,240.0
TR0008,G4-0367,G4-0366,25.0,0.48,240.0
TR0008,G4-0368,G4-0367,0.0,0.48,240.0
TR0008,G4-0369,FLOOR,75.0,0.48,240.0
TR0008,G4-0370,G4-0369,50.0,0.48,240.0
TR0008,G4-0371,G4-0370,25.0,0.48,240.0
TR0008,G4-0372,G4-0371,0.0,0.48,240.0
TR0008,G4-0373,FLOOR,75.0,0.48,240.0
TR0008,G4-0374,G4-0373,50.0,0.48,240.0
TR0008,G4-0375,G4-0374,25.0,0.48,240.0
TR0008,G4-0376,G4-0375,0.0,0.48,240.0
TR0008,G4-0377,FLOOR,75.0,0.48,240.0
TR0008,G4-0378,G4-0377,50.0,0.48,240.0
TR0008,G4-0379,G4-0378,25.0,0.48,240.0
TR0008,G4-0380,G4-0379,0.0,0.48,240.0
TR0008,G4-0381,FLOOR,75.0,0.48,240.0
TR0008,G4-0382,G4-0381,50.0,0.48,240.0
TR0008,G4-0383,G4-0382,25.0,0.48,240.0
TR0008,G4-0384,G4-0383,0.0,0.48,240.0
TR0008,G4-0385,FLOOR,75.0,0.48,240.0
TR0008,G4-0386,G4-0385,50.0,0.48,240.0
TR0008,G4-0387,G4-0386,25.0,0.48,240.0
TR0008,G4-0388,G4-0387,0.0,0.48,240.0
TR0008,G4-0389,FLOOR,75.0,0.48,240.0
TR0008,G4-0390,G4-0389,50.0,0.48,240.0
TR0008,G4-0391,G4-0390,25.0,0.48,240.0
TR0008,G4-0392,G4-0391,0.0,0.48,240.0
TR0008,G4-0393,FLOOR,75.0,0.48,240.0
TR0008,G4-0394,G4-0393,50.0,0.48,240.0
TR0008,G4-0395,G4-0394,25.0,0.48,240.0
TR0008,G4-0396,G4-0395,0.0,0.48,240.0
TR0008,G4-0397,FLOOR,75.0,0.48,240.0
TR0008,G4-0398,G4-0397,50.0,0.48,240.0
TR0008,G4-0399,G4-0398,25.0,0.48,240.0
TR0008,G4-0400,G4-0399,0.0,0.48,240.0
TR0008,G3-0141,FLOOR,0.0,0.2,100.0
TR0008,G3-0142,FLOOR,0.0,0.2,100.0
TR0008,G3-0143,FLOOR,0.0,0.2,100.0
TR0008,G3-0144,FLOOR,0.0,0.2,100.0
TR0009,G3-0145,FLOOR,0.0,0.2,100.0
TR0009,G3-0146,FLOOR,0.0,0.2,100.0
TR0009,G3-0147,FLOOR,0.0,0.2,100.0
TR0009,G3-0148,FLOOR,0.0,0.2,100.0
TR0009,G3-0149,FLOOR,0.0,0.2,100.0
TR0009,G3-0150,FLOOR,0.0,0.2,100.0
TR0009,G3-0151,FLOOR,0.0,0.2,100.0
TR0009,G3-0152,FLOOR,0.0,0.2,100.0
TR0009,G3-0153,FLOOR,0.0,0.2,100.0
TR0009,G3-0154,FLOOR,0.0,0.2,100.0
TR0009,G3-0155,FLOOR,0.0,0.2,100.0
TR0009,G3-0156,FLOOR,0.0,0.2,100.0
TR0009,G3-0157,FLOOR,0.0,0.2,100.0
TR0009,G3-0158,FLOOR,0.0,0.2,100.0
TR0009,G3-0159,FLOOR,0.0,0.2,100.0
TR0009,G3-0160,FLOOR,0.0,0.2,100.0
TR0009,G3-0161,FLOOR,0.0,0.2,100.0
TR0009,G3-0162,FLOOR,0.0,0.2,100.0
TR0009,G3-0163,FLOOR,0.0,0.2,100.0
TR0009,G3-0164,FLOOR,0.0,0.2,100.0
TR0009,G3-0165,FLOOR,0.0,0.2,100.0
TR0009,G3-0166,FLOOR,0.0,0.2,100.0
TR0009,G3-0167,FLOOR,0.0,0.2,100.0
TR0009,G3-0168,FLOOR,0.0,0.2,100.0
TR0009,G3-0169,FLOOR,0.0,0.2,100.0
TR0009,G3-0170,FLOOR,0.0,0.2,100.0
TR0009,G3-0171,FLOOR,0.0,0.2,100.0
TR0009,G3-0172,FLOOR,0.0,0.2,100.0
TR0009,G3-0173,FLOOR,0.0,0.2,100.0
TR0009,G3-0174,FLOOR,0.0,0.2,100.0
TR0009,G3-0175,FLOOR,0.0,0.2,100.0
TR0009,G3-0176,FLOOR,0.0,0.2,100.0
TR0009,G3-0177,FLOOR,0.0,0.2,100.0
TR0009,G3-0178,FLOOR,0.0,0.2,100.0
TR0009,G3-0179,FLOOR,0.0,0.2,100.0
TR0009,G3-0180,FLOOR,0.0,0.2,100.0
TR0009,G3-0181,FLOOR,0.0,0.2,100.0
TR0009,G3-0182,FLOOR,0.0,0.2,100.0
TR0009,G3-0183,FLOOR,0.0,0.2,100.0
TR0009,G3-0184,FLOOR,0.0,0.2,100.0
TR0009,G3-0185,FLOOR,0.0,0.2,100.0
TR0009,G3-0186,FLOOR,0.0,0.2,100.0
TR0009,G3-0187,FLOOR,0.0,0.2,100.0
TR0009,G3-0188,FLOOR,0.0,0.2,100.0
TR0009,G3-0189,FLOOR,0.0,0.2,100.0
TR0009,G3-0190,FLOOR,0.0,0.2,100.0
TR0009,G3-0191,FLOOR,0.0,0.2,100.0
TR0009,G3-0192,FLOOR,0.0,0.2,100.0
TR0009,G3-0193,FLOOR,0.0,0.2,100.0
TR0009,G3-0194,FLOOR,0.0,0.2,100.0
TR0009,G3-0195,FLOOR,0.0,0.2,100.0
TR0009,G3-0196,FLOOR,0.0,0.2,100.0
TR0009,G3-0197,FLOOR,0.0,0.2,100.0
TR0009,G3-0198,FLOOR,0.0,0.2,100.0
TR0009,G3-0199,FLOOR,0.0,0.2,100.0
TR0009,G3-0200,FLOOR,0.0,0.2,100.0
TR0009,G3-0201,FLOOR,0.0,0.2,100.0
TR0009,G3-0202,FLOOR,0.0,0.2,100.0
TR0009,G3-0203,FLOOR,0.0,0.2,100.0
TR0009,G3-0204,FLOOR,0.0,0.2,100.0
TR0009,G3-0205,FLOOR,0.0,0.2,100.0
TR0009,G3-0206,FLOOR,0.0,0.2,100.0
TR0009,G3-0207,FLOOR,0.0,0.2,100.0
TR0009,G3-0208,FLOOR,0.0,0.2,100.0
TR0009,G3-0209,FLOOR,0.0,0.2,100.0
TR0009,G3-0210,FLOOR,0.0,0.2,100.0
TR0009,G3-0211,FLOOR,0.0,0.2,100.0
TR0009,G3-0212,FLOOR,0.0,0.2,100.0
TR0009,G3-0213,FLOOR,0.0,0.2,100.0
TR0009,G3-0214,FLOOR,0.0,0.2,100.0
TR0009,G3-0215,FLOOR,0.0,0.2,100.0
TR0009,G3-0216,FLOOR,0.0,0.2,100.0
TR0009,G3-0217,FLOOR,0.0,0.2,100.0
TR0009,G3-0218,FLOOR,0.0,0.2,100.0
TR0009,G3-0219,FLOOR,0.0,0.2,100.0
TR0009,G3-0220,FLOOR,0.0,0.2,100.0
TR0009,G3-0221,FLOOR,0.0,0.2,100.0
TR0009,G3-0222,FLOOR,0.0,0.2,100.0
TR0009,G2-0999,FLOOR,8.0,0.0875,43.75
TR0009,G2-1000,G2-0999,0.0,0.0875,43.75
TR0010,G3-0223,FLOOR,0.0,0.2,100.0
TR0010,G3-0224,FLOOR,0.0,0.2,100.0
TR0010,G3-0225,FLOOR,0.0,0.2,100.0
TR0010,G3-0226,FLOOR,0.0,0.2,100.0
TR0010,G3-0227,FLOOR,0.0,0.2,100.0
TR0010,G3-0228,FLOOR,0.0,0.2,100.0
TR0010,G3-0229,FLOOR,0.0,0.2,100.0
TR0010,G3-0230,FLOOR,0.0,0.2,100.0
TR0010,G3-0231,FLOOR,0.0,0.2,100.0
TR0010,G3-0232,FLOOR,0.0,0.2,100.0
TR0010,G3-0233,FLOOR,0.0,0.2,100.0
TR0010,G3-0234,FLOOR,0.0,0.2,100.0
TR0010,G3-0235,FLOOR,0.0,0.2,100.0
TR0010,G3-0236,FLOOR,0.0,0.2,100.0
TR0010,G3-0237,FLOOR,0.0,0.2,100.0
TR0010,G3-0238,FLOOR,0.0,0.2,100.0
TR0010,G3-0239,FLOOR,0.0,0.2,100.0
TR0010,G3-0240,FLOOR,0.0,0.2,100.0
TR0010,G3-0241,FLOOR,0.0,0.2,100.0
TR0010,G3-0242,FLOOR,0.0,0.2,100.0
TR0010,G3-0243,FLOOR,0.0,0.2,100.0
TR0010,G3-0244,FLOOR,0.0,0.2,100.0
TR0010,G3-0245,FLOOR,0.0,0.2,100.0
TR0010,G3-0246,FLOOR,0.0,0.2,100.0
TR0010,G3-0247,FLOOR,0.0,0.2,100.0
TR0010,G3-0248,FLOOR,0.0,0.2,100.0
TR0010,G3-0249,FLOOR,0.0,0.2,100.0
TR0010,G3-0250,FLOOR,0.0,0.2,100.0
TR0010,G3-0251,FLOOR,0.0,0.2,100.0
TR0010,G3-0252,FLOOR,0.0,0.2,100.0
TR0010,G3-0253,FLOOR,0.0,0.2,100.0
TR0010,G3-0254,FLOOR,0.0,0.2,100.0
TR0010,G3-0255,FLOOR,0.0,0.2,100.0
TR0010,G3-0256,FLOOR,0.0,0.2,100.0
TR0010,G3-0257,FLOOR,0.0,0.2,100.0
TR0010,G3-0258,FLOOR,0.0,0.2,100.0
TR0010,G3-0259,FLOOR,0.0,0.2,100.0
TR0010,G3-0260,FLOOR,0.0,0.2,100.0
TR0010,G3-0261,FLOOR,0.0,0.2,100.0
TR0010,G3-0262,FLOOR,0.0,0.2,100.0
TR0010,G3-0263,FLOOR,0.0,0.2,100.0
TR0010,G3-0264,FLOOR,0.0,0.2,100.0
TR0010,G3-0265,FLOOR,0.0,0.2,100.0
TR0010,G3-0266,FLOOR,0.0,0.2,100.0
TR0010,G3-0267,FLOOR,0.0,0.2,100.0
TR0010,G3-0268,FLOOR,0.0,0.2,100.0
TR0010,G3-0269,FLOOR,0.0,0.2,100.0
TR0010,G3-0270,FLOOR,0.0,0.2,100.0
TR0010,G3-0271,FLOOR,0.0,0.2,100.0
TR0010,G3-0272,FLOOR,0.0,0.2,100.0
TR0010,G3-0273,FLOOR,0.0,0.2,100.0
TR0010,G3-0274,FLOOR,0.0,0.2,100.0
TR0010,G3-0275,FLOOR,0.0,0.2,100.0
TR0010,G3-0276,FLOOR,0.0,0.2,100.0
TR0010,G3-0277,FLOOR,0.0,0.2,100.0
TR0010,G3-0278,FLOOR,0.0,0.2,100.0
TR0010,G3-0279,FLOOR,0.0,0.2,100.0
TR0010,G3-0280,FLOOR,0.0,0.2,100.0
TR0010,G3-0281,FLOOR,0.0,0.2,100.0
TR0010,G3-0282,FLOOR,0.0,0.2,100.0
TR0010,G3-0283,FLOOR,0.0,0.2,100.0
TR0010,G3-0284,FLOOR,0.0,0.2,100.0
TR0010,G3-0285,FLOOR,0.0,0.2,100.0
TR0010,G3-0286,FLOOR,0.0,0.2,100.0
TR0010,G3-0287,FLOOR,0.0,0.2,100.0
TR0010,G3-0288,FLOOR,0.0,0.2,100.0
TR0010,G3-0289,FLOOR,0.0,0.2,100.0
TR0010,G3-0290,FLOOR,0.0,0.2,100.0
TR0010,G3-0291,FLOOR,0.0,0.2,100.0
TR0010,G3-0292,FLOOR,0.0,0.2,100.0
TR0010,G3-0293,FLOOR,0.0,0.2,100.0
TR0010,G3-0294,FLOOR,0.0,0.2,100.0
TR0010,G3-0295,FLOOR,0.0,0.2,100.0
TR0010,G3-0296,FLOOR,0.0,0.2,100.0
TR0010,G3-0297,FLOOR,0.0,0.2,100.0
TR0010,G3-0298,FLOOR,0.0,0.2,100.0
TR0010,G3-0299,FLOOR,0.0,0.2,100.0
TR0010,G3-0300,FLOOR,0.0,0.2,100.0
