service_date,store_id,item_id,method,demand_point_units,lower90_units,upper90_units,interval_level
2026-09-03,S01,K01,weekly_mean56,7.7500000000,3.5250000000,12.6750000000,0.9000000000
2026-09-03,S01,K02,weekly_mean56,6.8750000000,2.5000000000,10.4000000000,0.9000000000
2026-09-03,S01,K03,weekly_mean56,7.2500000000,1.8750000000,12.1750000000,0.9000000000
2026-09-03,S01,K04,weekly_mean56,9.5000000000,3.9750000000,14.1750000000,0.9000000000
2026-09-03,S01,K05,weekly_mean56,10.5000000000,6.1500000000,17.3750000000,0.9000000000
2026-09-03,S01,K06,weekly_mean56,8.8750000000,3.2750000000,15.1500000000,0.9000000000
2026-09-03,S01,K07,weekly_mean56,10.1250000000,4.3500000000,15.6750000000,0.9000000000
2026-09-03,S01,K08,weekly_mean56,11.8750000000,7.5250000000,16.1000000000,0.9000000000
2026-09-03,S02,K01,weekly_mean56,7.0000000000,2.5250000000,12.1750000000,0.9000000000
2026-09-03,S02,K02,weekly_mean56,6.8750000000,2.3250000000,10.6000000000,0.9000000000
2026-09-03,S02,K03,weekly_mean56,8.8750000000,3.7000000000,14.3500000000,0.9000000000
2026-09-03,S02,K04,weekly_mean56,9.3750000000,3.6250000000,13.8750000000,0.9000000000
2026-09-03,S02,K05,weekly_mean56,10.8750000000,6.2000000000,15.8750000000,0.9000000000
2026-09-03,S02,K06,weekly_mean56,12.0000000000,7.0750000000,16.3000000000,0.9000000000
2026-09-03,S02,K07,weekly_mean56,10.2500000000,4.4000000000,17.1500000000,0.9000000000
2026-09-03,S02,K08,weekly_mean56,11.1250000000,6.0750000000,15.6750000000,0.9000000000
2026-09-03,S03,K01,weekly_mean56,7.2500000000,2.3250000000,11.5750000000,0.9000000000
2026-09-03,S03,K02,weekly_mean56,6.3750000000,0.3750000000,11.6750000000,0.9000000000
2026-09-03,S03,K03,weekly_mean56,8.6250000000,4.2500000000,13.7750000000,0.9000000000
2026-09-03,S03,K04,weekly_mean56,10.5000000000,4.7000000000,16.6250000000,0.9000000000
2026-09-03,S03,K05,weekly_mean56,11.2500000000,7.3750000000,16.3750000000,0.9000000000
2026-09-03,S03,K06,weekly_mean56,11.6250000000,7.3000000000,16.9500000000,0.9000000000
2026-09-03,S03,K07,weekly_mean56,12.7500000000,8.2000000000,16.8000000000,0.9000000000
2026-09-03,S03,K08,weekly_mean56,13.0000000000,8.1500000000,18.5000000000,0.9000000000
2026-09-03,S04,K01,weekly_mean56,7.3750000000,2.9500000000,12.3000000000,0.9000000000
2026-09-03,S04,K02,weekly_mean56,9.1250000000,4.4750000000,13.8000000000,0.9000000000
2026-09-03,S04,K03,weekly_mean56,9.1250000000,5.0250000000,12.5500000000,0.9000000000
2026-09-03,S04,K04,weekly_mean56,10.1250000000,4.5500000000,15.4750000000,0.9000000000
2026-09-03,S04,K05,weekly_mean56,11.3750000000,5.6250000000,16.6250000000,0.9000000000
2026-09-03,S04,K06,weekly_mean56,10.7500000000,5.1500000000,15.8500000000,0.9000000000
2026-09-03,S04,K07,weekly_mean56,13.7500000000,8.9500000000,20.5500000000,0.9000000000
2026-09-03,S04,K08,weekly_mean56,13.5000000000,7.3500000000,20.6000000000,0.9000000000
2026-09-03,S05,K01,weekly_mean56,8.8750000000,3.6250000000,13.1750000000,0.9000000000
2026-09-03,S05,K02,weekly_mean56,9.3750000000,4.8250000000,14.2500000000,0.9000000000
2026-09-03,S05,K03,weekly_mean56,9.5000000000,4.5000000000,14.6250000000,0.9000000000
2026-09-03,S05,K04,weekly_mean56,11.3750000000,5.1250000000,17.5500000000,0.9000000000
2026-09-03,S05,K05,weekly_mean56,12.8750000000,6.8750000000,18.1750000000,0.9000000000
2026-09-03,S05,K06,weekly_mean56,12.2500000000,7.7000000000,18.8250000000,0.9000000000
2026-09-03,S05,K07,weekly_mean56,13.7500000000,7.6250000000,19.8750000000,0.9000000000
2026-09-03,S05,K08,weekly_mean56,13.8750000000,8.8250000000,18.4250000000,0.9000000000
2026-09-03,S06,K01,weekly_mean56,7.5000000000,2.8250000000,13.1500000000,0.9000000000
2026-09-03,S06,K02,weekly_mean56,9.7500000000,5.1750000000,14.7250000000,0.9000000000
2026-09-03,S06,K03,weekly_mean56,10.0000000000,5.3500000000,15.2250000000,0.9000000000
2026-09-03,S06,K04,weekly_mean56,10.2500000000,5.4750000000,16.3500000000,0.9000000000
2026-09-03,S06,K05,weekly_mean56,12.8750000000,8.7000000000,18.9250000000,0.9000000000
2026-09-03,S06,K06,weekly_mean56,12.6250000000,7.3500000000,16.7250000000,0.9000000000
2026-09-03,S06,K07,weekly_mean56,14.6250000000,6.5750000000,22.3250000000,0.9000000000
2026-09-03,S06,K08,weekly_mean56,15.0000000000,9.3500000000,19.1250000000,0.9000000000
2026-09-03,S07,K01,weekly_mean56,10.0000000000,4.8250000000,14.7500000000,0.9000000000
2026-09-03,S07,K02,weekly_mean56,8.6250000000,2.6250000000,13.0750000000,0.9000000000
2026-09-03,S07,K03,weekly_mean56,10.5000000000,5.5250000000,16.4000000000,0.9000000000
2026-09-03,S07,K04,weekly_mean56,12.0000000000,6.7500000000,17.1750000000,0.9000000000
2026-09-03,S07,K05,weekly_mean56,11.6250000000,7.3500000000,16.1250000000,0.9000000000
2026-09-03,S07,K06,weekly_mean56,13.7500000000,7.5750000000,18.9500000000,0.9000000000
2026-09-03,S07,K07,weekly_mean56,14.8750000000,8.8000000000,20.3500000000,0.9000000000
2026-09-03,S07,K08,weekly_mean56,16.7500000000,10.3500000000,24.5000000000,0.9000000000
2026-09-03,S08,K01,weekly_mean56,9.2500000000,4.7750000000,14.9250000000,0.9000000000
2026-09-03,S08,K02,weekly_mean56,10.6250000000,5.4250000000,15.5750000000,0.9000000000
2026-09-03,S08,K03,weekly_mean56,11.3750000000,6.1250000000,17.5500000000,0.9000000000
2026-09-03,S08,K04,weekly_mean56,14.2500000000,9.4250000000,21.7000000000,0.9000000000
2026-09-03,S08,K05,weekly_mean56,14.3750000000,9.0000000000,18.9500000000,0.9000000000
2026-09-03,S08,K06,weekly_mean56,14.0000000000,9.7000000000,19.9250000000,0.9000000000
2026-09-03,S08,K07,weekly_mean56,18.1250000000,12.6250000000,24.3250000000,0.9000000000
2026-09-03,S08,K08,weekly_mean56,16.7500000000,11.5000000000,23.0750000000,0.9000000000
2026-09-03,S09,K01,weekly_mean56,8.5000000000,4.6000000000,13.6750000000,0.9000000000
2026-09-03,S09,K02,weekly_mean56,10.7500000000,3.7000000000,16.7000000000,0.9000000000
2026-09-03,S09,K03,weekly_mean56,10.8750000000,5.8750000000,16.2000000000,0.9000000000
2026-09-03,S09,K04,weekly_mean56,14.0000000000,8.5500000000,21.1500000000,0.9000000000
2026-09-03,S09,K05,weekly_mean56,13.5000000000,6.6250000000,18.9250000000,0.9000000000
2026-09-03,S09,K06,weekly_mean56,14.2500000000,9.3500000000,18.4250000000,0.9000000000
2026-09-03,S09,K07,weekly_mean56,16.2500000000,10.3500000000,21.9250000000,0.9000000000
2026-09-03,S09,K08,weekly_mean56,19.0000000000,11.7000000000,25.1000000000,0.9000000000
2026-09-03,S10,K01,weekly_mean56,9.0000000000,4.8500000000,14.4250000000,0.9000000000
2026-09-03,S10,K02,weekly_mean56,9.7500000000,4.6250000000,15.3500000000,0.9000000000
2026-09-03,S10,K03,weekly_mean56,12.6250000000,7.7250000000,19.7500000000,0.9000000000
2026-09-03,S10,K04,weekly_mean56,13.6250000000,7.3250000000,19.6000000000,0.9000000000
2026-09-03,S10,K05,weekly_mean56,14.0000000000,8.6500000000,20.8000000000,0.9000000000
2026-09-03,S10,K06,weekly_mean56,15.5000000000,9.2000000000,20.5000000000,0.9000000000
2026-09-03,S10,K07,weekly_mean56,16.1250000000,10.2500000000,23.1750000000,0.9000000000
2026-09-03,S10,K08,weekly_mean56,16.1250000000,11.3750000000,23.8750000000,0.9000000000
2026-09-03,S11,K01,weekly_mean56,10.2500000000,4.1500000000,18.4750000000,0.9000000000
2026-09-03,S11,K02,weekly_mean56,10.5000000000,5.1250000000,15.2000000000,0.9000000000
2026-09-03,S11,K03,weekly_mean56,13.3750000000,9.1000000000,19.4500000000,0.9000000000
2026-09-03,S11,K04,weekly_mean56,14.5000000000,8.4500000000,20.0250000000,0.9000000000
2026-09-03,S11,K05,weekly_mean56,16.1250000000,9.6250000000,21.8750000000,0.9000000000
2026-09-03,S11,K06,weekly_mean56,14.1250000000,8.2500000000,22.2750000000,0.9000000000
2026-09-03,S11,K07,weekly_mean56,19.7500000000,13.1750000000,27.0000000000,0.9000000000
2026-09-03,S11,K08,weekly_mean56,18.7500000000,11.9750000000,26.4000000000,0.9000000000
2026-09-03,S12,K01,weekly_mean56,11.6250000000,6.8250000000,16.4750000000,0.9000000000
2026-09-03,S12,K02,weekly_mean56,13.3750000000,7.8000000000,17.7500000000,0.9000000000
2026-09-03,S12,K03,weekly_mean56,12.7500000000,7.4000000000,18.1000000000,0.9000000000
2026-09-03,S12,K04,weekly_mean56,14.6250000000,9.5250000000,20.5500000000,0.9000000000
2026-09-03,S12,K05,weekly_mean56,14.8750000000,8.3250000000,20.2250000000,0.9000000000
2026-09-03,S12,K06,weekly_mean56,15.6250000000,7.6500000000,21.6500000000,0.9000000000
2026-09-03,S12,K07,weekly_mean56,17.1250000000,12.7500000000,21.3250000000,0.9000000000
2026-09-03,S12,K08,weekly_mean56,18.5000000000,13.8000000000,24.0500000000,0.9000000000
2026-09-04,S01,K01,weekly_mean56,6.6250000000,2.4000000000,11.5500000000,0.9000000000
2026-09-04,S01,K02,weekly_mean56,7.8750000000,3.5000000000,11.4000000000,0.9000000000
2026-09-04,S01,K03,weekly_mean56,7.7500000000,2.3750000000,12.6750000000,0.9000000000
2026-09-04,S01,K04,weekly_mean56,9.6250000000,4.1000000000,14.3000000000,0.9000000000
2026-09-04,S01,K05,weekly_mean56,10.5000000000,6.1500000000,17.3750000000,0.9000000000
2026-09-04,S01,K06,weekly_mean56,9.6250000000,4.0250000000,15.9000000000,0.9000000000
2026-09-04,S01,K07,weekly_mean56,12.6250000000,6.8500000000,18.1750000000,0.9000000000
2026-09-04,S01,K08,weekly_mean56,13.2500000000,8.9000000000,17.4750000000,0.9000000000
2026-09-04,S02,K01,weekly_mean56,7.2500000000,2.7750000000,12.4250000000,0.9000000000
2026-09-04,S02,K02,weekly_mean56,7.6250000000,3.0750000000,11.3500000000,0.9000000000
2026-09-04,S02,K03,weekly_mean56,9.5000000000,4.3250000000,14.9750000000,0.9000000000
2026-09-04,S02,K04,weekly_mean56,7.7500000000,2.0000000000,12.2500000000,0.9000000000
2026-09-04,S02,K05,weekly_mean56,11.7500000000,7.0750000000,16.7500000000,0.9000000000
2026-09-04,S02,K06,weekly_mean56,11.1250000000,6.2000000000,15.4250000000,0.9000000000
2026-09-04,S02,K07,weekly_mean56,12.0000000000,6.1500000000,18.9000000000,0.9000000000
2026-09-04,S02,K08,weekly_mean56,12.8750000000,7.8250000000,17.4250000000,0.9000000000
2026-09-04,S03,K01,weekly_mean56,7.6250000000,2.7000000000,11.9500000000,0.9000000000
2026-09-04,S03,K02,weekly_mean56,7.5000000000,1.4500000000,12.8000000000,0.9000000000
2026-09-04,S03,K03,weekly_mean56,10.0000000000,5.6250000000,15.1500000000,0.9000000000
2026-09-04,S03,K04,weekly_mean56,9.2500000000,3.4500000000,15.3750000000,0.9000000000
2026-09-04,S03,K05,weekly_mean56,9.8750000000,6.0000000000,15.0000000000,0.9000000000
2026-09-04,S03,K06,weekly_mean56,12.3750000000,8.0500000000,17.7000000000,0.9000000000
2026-09-04,S03,K07,weekly_mean56,12.8750000000,8.3250000000,16.9250000000,0.9000000000
2026-09-04,S03,K08,weekly_mean56,13.3750000000,8.5250000000,18.8750000000,0.9000000000
2026-09-04,S04,K01,weekly_mean56,9.2500000000,4.8250000000,14.1750000000,0.9000000000
2026-09-04,S04,K02,weekly_mean56,8.2500000000,3.6000000000,12.9250000000,0.9000000000
2026-09-04,S04,K03,weekly_mean56,9.8750000000,5.7750000000,13.3000000000,0.9000000000
2026-09-04,S04,K04,weekly_mean56,10.1250000000,4.5500000000,15.4750000000,0.9000000000
2026-09-04,S04,K05,weekly_mean56,13.0000000000,7.2500000000,18.2500000000,0.9000000000
2026-09-04,S04,K06,weekly_mean56,11.1250000000,5.5250000000,16.2250000000,0.9000000000
2026-09-04,S04,K07,weekly_mean56,14.6250000000,9.8250000000,21.4250000000,0.9000000000
2026-09-04,S04,K08,weekly_mean56,13.6250000000,7.4750000000,20.7250000000,0.9000000000
2026-09-04,S05,K01,weekly_mean56,7.8750000000,2.6250000000,12.1750000000,0.9000000000
2026-09-04,S05,K02,weekly_mean56,9.5000000000,4.9500000000,14.3750000000,0.9000000000
2026-09-04,S05,K03,weekly_mean56,8.7500000000,3.7500000000,13.8750000000,0.9000000000
2026-09-04,S05,K04,weekly_mean56,9.2500000000,3.0000000000,15.4250000000,0.9000000000
2026-09-04,S05,K05,weekly_mean56,12.0000000000,6.0000000000,17.3000000000,0.9000000000
2026-09-04,S05,K06,weekly_mean56,15.1250000000,10.5750000000,21.7000000000,0.9000000000
2026-09-04,S05,K07,weekly_mean56,14.7500000000,8.6250000000,20.8750000000,0.9000000000
2026-09-04,S05,K08,weekly_mean56,14.5000000000,9.4500000000,19.0500000000,0.9000000000
2026-09-04,S06,K01,weekly_mean56,9.1250000000,4.4500000000,14.7750000000,0.9000000000
2026-09-04,S06,K02,weekly_mean56,9.1250000000,4.5500000000,14.1000000000,0.9000000000
2026-09-04,S06,K03,weekly_mean56,11.7500000000,7.1000000000,16.9750000000,0.9000000000
2026-09-04,S06,K04,weekly_mean56,11.1250000000,6.3500000000,17.2250000000,0.9000000000
2026-09-04,S06,K05,weekly_mean56,12.1250000000,7.9500000000,18.1750000000,0.9000000000
2026-09-04,S06,K06,weekly_mean56,15.2500000000,9.9750000000,19.3500000000,0.9000000000
2026-09-04,S06,K07,weekly_mean56,15.2500000000,7.2000000000,22.9500000000,0.9000000000
2026-09-04,S06,K08,weekly_mean56,14.0000000000,8.3500000000,18.1250000000,0.9000000000
2026-09-04,S07,K01,weekly_mean56,8.2500000000,3.0750000000,13.0000000000,0.9000000000
2026-09-04,S07,K02,weekly_mean56,9.7500000000,3.7500000000,14.2000000000,0.9000000000
2026-09-04,S07,K03,weekly_mean56,10.7500000000,5.7750000000,16.6500000000,0.9000000000
2026-09-04,S07,K04,weekly_mean56,12.7500000000,7.5000000000,17.9250000000,0.9000000000
2026-09-04,S07,K05,weekly_mean56,13.2500000000,8.9750000000,17.7500000000,0.9000000000
2026-09-04,S07,K06,weekly_mean56,14.3750000000,8.2000000000,19.5750000000,0.9000000000
2026-09-04,S07,K07,weekly_mean56,16.3750000000,10.3000000000,21.8500000000,0.9000000000
2026-09-04,S07,K08,weekly_mean56,15.1250000000,8.7250000000,22.8750000000,0.9000000000
2026-09-04,S08,K01,weekly_mean56,11.2500000000,6.7750000000,16.9250000000,0.9000000000
2026-09-04,S08,K02,weekly_mean56,10.2500000000,5.0500000000,15.2000000000,0.9000000000
2026-09-04,S08,K03,weekly_mean56,12.0000000000,6.7500000000,18.1750000000,0.9000000000
2026-09-04,S08,K04,weekly_mean56,11.6250000000,6.8000000000,19.0750000000,0.9000000000
2026-09-04,S08,K05,weekly_mean56,13.0000000000,7.6250000000,17.5750000000,0.9000000000
2026-09-04,S08,K06,weekly_mean56,13.2500000000,8.9500000000,19.1750000000,0.9000000000
2026-09-04,S08,K07,weekly_mean56,16.7500000000,11.2500000000,22.9500000000,0.9000000000
2026-09-04,S08,K08,weekly_mean56,17.0000000000,11.7500000000,23.3250000000,0.9000000000
2026-09-04,S09,K01,weekly_mean56,9.2500000000,5.3500000000,14.4250000000,0.9000000000
2026-09-04,S09,K02,weekly_mean56,8.6250000000,1.5750000000,14.5750000000,0.9000000000
2026-09-04,S09,K03,weekly_mean56,11.6250000000,6.6250000000,16.9500000000,0.9000000000
2026-09-04,S09,K04,weekly_mean56,11.0000000000,5.5500000000,18.1500000000,0.9000000000
2026-09-04,S09,K05,weekly_mean56,15.7500000000,8.8750000000,21.1750000000,0.9000000000
2026-09-04,S09,K06,weekly_mean56,15.7500000000,10.8500000000,19.9250000000,0.9000000000
2026-09-04,S09,K07,weekly_mean56,15.0000000000,9.1000000000,20.6750000000,0.9000000000
2026-09-04,S09,K08,weekly_mean56,18.8750000000,11.5750000000,24.9750000000,0.9000000000
2026-09-04,S10,K01,weekly_mean56,11.2500000000,7.1000000000,16.6750000000,0.9000000000
2026-09-04,S10,K02,weekly_mean56,11.3750000000,6.2500000000,16.9750000000,0.9000000000
2026-09-04,S10,K03,weekly_mean56,13.6250000000,8.7250000000,20.7500000000,0.9000000000
2026-09-04,S10,K04,weekly_mean56,12.7500000000,6.4500000000,18.7250000000,0.9000000000
2026-09-04,S10,K05,weekly_mean56,15.2500000000,9.9000000000,22.0500000000,0.9000000000
2026-09-04,S10,K06,weekly_mean56,17.2500000000,10.9500000000,22.2500000000,0.9000000000
2026-09-04,S10,K07,weekly_mean56,16.8750000000,11.0000000000,23.9250000000,0.9000000000
2026-09-04,S10,K08,weekly_mean56,19.1250000000,14.3750000000,26.8750000000,0.9000000000
2026-09-04,S11,K01,weekly_mean56,10.8750000000,4.7750000000,19.1000000000,0.9000000000
2026-09-04,S11,K02,weekly_mean56,11.5000000000,6.1250000000,16.2000000000,0.9000000000
2026-09-04,S11,K03,weekly_mean56,14.2500000000,9.9750000000,20.3250000000,0.9000000000
2026-09-04,S11,K04,weekly_mean56,12.7500000000,6.7000000000,18.2750000000,0.9000000000
2026-09-04,S11,K05,weekly_mean56,15.5000000000,9.0000000000,21.2500000000,0.9000000000
2026-09-04,S11,K06,weekly_mean56,15.7500000000,9.8750000000,23.9000000000,0.9000000000
2026-09-04,S11,K07,weekly_mean56,18.0000000000,11.4250000000,25.2500000000,0.9000000000
2026-09-04,S11,K08,weekly_mean56,18.7500000000,11.9750000000,26.4000000000,0.9000000000
2026-09-04,S12,K01,weekly_mean56,11.0000000000,6.2000000000,15.8500000000,0.9000000000
2026-09-04,S12,K02,weekly_mean56,11.7500000000,6.1750000000,16.1250000000,0.9000000000
2026-09-04,S12,K03,weekly_mean56,12.6250000000,7.2750000000,17.9750000000,0.9000000000
2026-09-04,S12,K04,weekly_mean56,14.1250000000,9.0250000000,20.0500000000,0.9000000000
2026-09-04,S12,K05,weekly_mean56,16.0000000000,9.4500000000,21.3500000000,0.9000000000
2026-09-04,S12,K06,weekly_mean56,15.0000000000,7.0250000000,21.0250000000,0.9000000000
2026-09-04,S12,K07,weekly_mean56,16.8750000000,12.5000000000,21.0750000000,0.9000000000
2026-09-04,S12,K08,weekly_mean56,21.3750000000,16.6750000000,26.9250000000,0.9000000000
2026-09-05,S01,K01,weekly_mean56,9.7500000000,5.5250000000,14.6750000000,0.9000000000
2026-09-05,S01,K02,weekly_mean56,10.0000000000,5.6250000000,13.5250000000,0.9000000000
2026-09-05,S01,K03,weekly_mean56,12.1250000000,6.7500000000,17.0500000000,0.9000000000
2026-09-05,S01,K04,weekly_mean56,13.2500000000,7.7250000000,17.9250000000,0.9000000000
2026-09-05,S01,K05,weekly_mean56,15.7500000000,11.4000000000,22.6250000000,0.9000000000
2026-09-05,S01,K06,weekly_mean56,14.5000000000,8.9000000000,20.7750000000,0.9000000000
2026-09-05,S01,K07,weekly_mean56,15.6250000000,9.8500000000,21.1750000000,0.9000000000
2026-09-05,S01,K08,weekly_mean56,16.5000000000,12.1500000000,20.7250000000,0.9000000000
2026-09-05,S02,K01,weekly_mean56,12.3750000000,7.9000000000,17.5500000000,0.9000000000
2026-09-05,S02,K02,weekly_mean56,9.8750000000,5.3250000000,13.6000000000,0.9000000000
2026-09-05,S02,K03,weekly_mean56,12.6250000000,7.4500000000,18.1000000000,0.9000000000
2026-09-05,S02,K04,weekly_mean56,13.2500000000,7.5000000000,17.7500000000,0.9000000000
2026-09-05,S02,K05,weekly_mean56,15.2500000000,10.5750000000,20.2500000000,0.9000000000
2026-09-05,S02,K06,weekly_mean56,16.6250000000,11.7000000000,20.9250000000,0.9000000000
2026-09-05,S02,K07,weekly_mean56,17.3750000000,11.5250000000,24.2750000000,0.9000000000
2026-09-05,S02,K08,weekly_mean56,16.0000000000,10.9500000000,20.5500000000,0.9000000000
2026-09-05,S03,K01,weekly_mean56,10.2500000000,5.3250000000,14.5750000000,0.9000000000
2026-09-05,S03,K02,weekly_mean56,11.6250000000,5.5750000000,16.9250000000,0.9000000000
2026-09-05,S03,K03,weekly_mean56,13.2500000000,8.8750000000,18.4000000000,0.9000000000
2026-09-05,S03,K04,weekly_mean56,13.3750000000,7.5750000000,19.5000000000,0.9000000000
2026-09-05,S03,K05,weekly_mean56,16.3750000000,12.5000000000,21.5000000000,0.9000000000
2026-09-05,S03,K06,weekly_mean56,16.8750000000,12.5500000000,22.2000000000,0.9000000000
2026-09-05,S03,K07,weekly_mean56,17.3750000000,12.8250000000,21.4250000000,0.9000000000
2026-09-05,S03,K08,weekly_mean56,18.3750000000,13.5250000000,23.8750000000,0.9000000000
2026-09-05,S04,K01,weekly_mean56,11.5000000000,7.0750000000,16.4250000000,0.9000000000
2026-09-05,S04,K02,weekly_mean56,12.2500000000,7.6000000000,16.9250000000,0.9000000000
2026-09-05,S04,K03,weekly_mean56,13.0000000000,8.9000000000,16.4250000000,0.9000000000
2026-09-05,S04,K04,weekly_mean56,13.3750000000,7.8000000000,18.7250000000,0.9000000000
2026-09-05,S04,K05,weekly_mean56,15.8750000000,10.1250000000,21.1250000000,0.9000000000
2026-09-05,S04,K06,weekly_mean56,15.7500000000,10.1500000000,20.8500000000,0.9000000000
2026-09-05,S04,K07,weekly_mean56,18.0000000000,13.2000000000,24.8000000000,0.9000000000
2026-09-05,S04,K08,weekly_mean56,19.0000000000,12.8500000000,26.1000000000,0.9000000000
2026-09-05,S05,K01,weekly_mean56,9.6250000000,4.3750000000,13.9250000000,0.9000000000
2026-09-05,S05,K02,weekly_mean56,12.7500000000,8.2000000000,17.6250000000,0.9000000000
2026-09-05,S05,K03,weekly_mean56,14.1250000000,9.1250000000,19.2500000000,0.9000000000
2026-09-05,S05,K04,weekly_mean56,13.3750000000,7.1250000000,19.5500000000,0.9000000000
2026-09-05,S05,K05,weekly_mean56,17.1250000000,11.1250000000,22.4250000000,0.9000000000
2026-09-05,S05,K06,weekly_mean56,17.3750000000,12.8250000000,23.9500000000,0.9000000000
2026-09-05,S05,K07,weekly_mean56,19.7500000000,13.6250000000,25.8750000000,0.9000000000
2026-09-05,S05,K08,weekly_mean56,17.0000000000,11.9500000000,21.5500000000,0.9000000000
2026-09-05,S06,K01,weekly_mean56,12.0000000000,7.3250000000,17.6500000000,0.9000000000
2026-09-05,S06,K02,weekly_mean56,12.6250000000,8.0500000000,17.6000000000,0.9000000000
2026-09-05,S06,K03,weekly_mean56,14.2500000000,9.6000000000,19.4750000000,0.9000000000
2026-09-05,S06,K04,weekly_mean56,14.6250000000,9.8500000000,20.7250000000,0.9000000000
2026-09-05,S06,K05,weekly_mean56,15.8750000000,11.7000000000,21.9250000000,0.9000000000
2026-09-05,S06,K06,weekly_mean56,18.0000000000,12.7250000000,22.1000000000,0.9000000000
2026-09-05,S06,K07,weekly_mean56,18.5000000000,10.4500000000,26.2000000000,0.9000000000
2026-09-05,S06,K08,weekly_mean56,18.1250000000,12.4750000000,22.2500000000,0.9000000000
2026-09-05,S07,K01,weekly_mean56,11.6250000000,6.4500000000,16.3750000000,0.9000000000
2026-09-05,S07,K02,weekly_mean56,11.8750000000,5.8750000000,16.3250000000,0.9000000000
2026-09-05,S07,K03,weekly_mean56,14.3750000000,9.4000000000,20.2750000000,0.9000000000
2026-09-05,S07,K04,weekly_mean56,16.3750000000,11.1250000000,21.5500000000,0.9000000000
2026-09-05,S07,K05,weekly_mean56,18.0000000000,13.7250000000,22.5000000000,0.9000000000
2026-09-05,S07,K06,weekly_mean56,17.7500000000,11.5750000000,22.9500000000,0.9000000000
2026-09-05,S07,K07,weekly_mean56,18.1250000000,12.0500000000,23.6000000000,0.9000000000
2026-09-05,S07,K08,weekly_mean56,19.5000000000,13.1000000000,27.2500000000,0.9000000000
2026-09-05,S08,K01,weekly_mean56,13.6250000000,9.1500000000,19.3000000000,0.9000000000
2026-09-05,S08,K02,weekly_mean56,12.3750000000,7.1750000000,17.3250000000,0.9000000000
2026-09-05,S08,K03,weekly_mean56,15.5000000000,10.2500000000,21.6750000000,0.9000000000
2026-09-05,S08,K04,weekly_mean56,15.3750000000,10.5500000000,22.8250000000,0.9000000000
2026-09-05,S08,K05,weekly_mean56,18.3750000000,13.0000000000,22.9500000000,0.9000000000
2026-09-05,S08,K06,weekly_mean56,18.3750000000,14.0750000000,24.3000000000,0.9000000000
2026-09-05,S08,K07,weekly_mean56,19.8750000000,14.3750000000,26.0750000000,0.9000000000
2026-09-05,S08,K08,weekly_mean56,21.7500000000,16.5000000000,28.0750000000,0.9000000000
2026-09-05,S09,K01,weekly_mean56,11.5000000000,7.6000000000,16.6750000000,0.9000000000
2026-09-05,S09,K02,weekly_mean56,13.3750000000,6.3250000000,19.3250000000,0.9000000000
2026-09-05,S09,K03,weekly_mean56,15.0000000000,10.0000000000,20.3250000000,0.9000000000
2026-09-05,S09,K04,weekly_mean56,16.6250000000,11.1750000000,23.7750000000,0.9000000000
2026-09-05,S09,K05,weekly_mean56,20.2500000000,13.3750000000,25.6750000000,0.9000000000
2026-09-05,S09,K06,weekly_mean56,19.1250000000,14.2250000000,23.3000000000,0.9000000000
2026-09-05,S09,K07,weekly_mean56,22.2500000000,16.3500000000,27.9250000000,0.9000000000
2026-09-05,S09,K08,weekly_mean56,21.2500000000,13.9500000000,27.3500000000,0.9000000000
2026-09-05,S10,K01,weekly_mean56,13.8750000000,9.7250000000,19.3000000000,0.9000000000
2026-09-05,S10,K02,weekly_mean56,13.1250000000,8.0000000000,18.7250000000,0.9000000000
2026-09-05,S10,K03,weekly_mean56,17.6250000000,12.7250000000,24.7500000000,0.9000000000
2026-09-05,S10,K04,weekly_mean56,17.1250000000,10.8250000000,23.1000000000,0.9000000000
2026-09-05,S10,K05,weekly_mean56,18.6250000000,13.2750000000,25.4250000000,0.9000000000
2026-09-05,S10,K06,weekly_mean56,20.0000000000,13.7000000000,25.0000000000,0.9000000000
2026-09-05,S10,K07,weekly_mean56,24.7500000000,18.8750000000,31.8000000000,0.9000000000
2026-09-05,S10,K08,weekly_mean56,22.2500000000,17.5000000000,30.0000000000,0.9000000000
2026-09-05,S11,K01,weekly_mean56,16.2500000000,10.1500000000,24.4750000000,0.9000000000
2026-09-05,S11,K02,weekly_mean56,14.3750000000,9.0000000000,19.0750000000,0.9000000000
2026-09-05,S11,K03,weekly_mean56,16.1250000000,11.8500000000,22.2000000000,0.9000000000
2026-09-05,S11,K04,weekly_mean56,18.0000000000,11.9500000000,23.5250000000,0.9000000000
2026-09-05,S11,K05,weekly_mean56,17.7500000000,11.2500000000,23.5000000000,0.9000000000
2026-09-05,S11,K06,weekly_mean56,21.3750000000,15.5000000000,29.5250000000,0.9000000000
2026-09-05,S11,K07,weekly_mean56,24.3750000000,17.8000000000,31.6250000000,0.9000000000
2026-09-05,S11,K08,weekly_mean56,25.6250000000,18.8500000000,33.2750000000,0.9000000000
2026-09-05,S12,K01,weekly_mean56,14.2500000000,9.4500000000,19.1000000000,0.9000000000
2026-09-05,S12,K02,weekly_mean56,15.3750000000,9.8000000000,19.7500000000,0.9000000000
2026-09-05,S12,K03,weekly_mean56,18.0000000000,12.6500000000,23.3500000000,0.9000000000
2026-09-05,S12,K04,weekly_mean56,17.6250000000,12.5250000000,23.5500000000,0.9000000000
2026-09-05,S12,K05,weekly_mean56,21.0000000000,14.4500000000,26.3500000000,0.9000000000
2026-09-05,S12,K06,weekly_mean56,21.3750000000,13.4000000000,27.4000000000,0.9000000000
2026-09-05,S12,K07,weekly_mean56,22.6250000000,18.2500000000,26.8250000000,0.9000000000
2026-09-05,S12,K08,weekly_mean56,24.7500000000,20.0500000000,30.3000000000,0.9000000000
2026-09-06,S01,K01,weekly_mean56,10.2500000000,6.0250000000,15.1750000000,0.9000000000
2026-09-06,S01,K02,weekly_mean56,10.3750000000,6.0000000000,13.9000000000,0.9000000000
2026-09-06,S01,K03,weekly_mean56,11.1250000000,5.7500000000,16.0500000000,0.9000000000
2026-09-06,S01,K04,weekly_mean56,11.1250000000,5.6000000000,15.8000000000,0.9000000000
2026-09-06,S01,K05,weekly_mean56,14.1250000000,9.7750000000,21.0000000000,0.9000000000
2026-09-06,S01,K06,weekly_mean56,14.2500000000,8.6500000000,20.5250000000,0.9000000000
2026-09-06,S01,K07,weekly_mean56,15.8750000000,10.1000000000,21.4250000000,0.9000000000
2026-09-06,S01,K08,weekly_mean56,16.7500000000,12.4000000000,20.9750000000,0.9000000000
2026-09-06,S02,K01,weekly_mean56,9.6250000000,5.1500000000,14.8000000000,0.9000000000
2026-09-06,S02,K02,weekly_mean56,8.7500000000,4.2000000000,12.4750000000,0.9000000000
2026-09-06,S02,K03,weekly_mean56,12.2500000000,7.0750000000,17.7250000000,0.9000000000
2026-09-06,S02,K04,weekly_mean56,12.3750000000,6.6250000000,16.8750000000,0.9000000000
2026-09-06,S02,K05,weekly_mean56,12.7500000000,8.0750000000,17.7500000000,0.9000000000
2026-09-06,S02,K06,weekly_mean56,14.8750000000,9.9500000000,19.1750000000,0.9000000000
2026-09-06,S02,K07,weekly_mean56,17.1250000000,11.2750000000,24.0250000000,0.9000000000
2026-09-06,S02,K08,weekly_mean56,18.2500000000,13.2000000000,22.8000000000,0.9000000000
2026-09-06,S03,K01,weekly_mean56,12.1250000000,7.2000000000,16.4500000000,0.9000000000
2026-09-06,S03,K02,weekly_mean56,11.1250000000,5.0750000000,16.4250000000,0.9000000000
2026-09-06,S03,K03,weekly_mean56,10.6250000000,6.2500000000,15.7750000000,0.9000000000
2026-09-06,S03,K04,weekly_mean56,12.1250000000,6.3250000000,18.2500000000,0.9000000000
2026-09-06,S03,K05,weekly_mean56,15.2500000000,11.3750000000,20.3750000000,0.9000000000
2026-09-06,S03,K06,weekly_mean56,14.7500000000,10.4250000000,20.0750000000,0.9000000000
2026-09-06,S03,K07,weekly_mean56,16.0000000000,11.4500000000,20.0500000000,0.9000000000
2026-09-06,S03,K08,weekly_mean56,17.5000000000,12.6500000000,23.0000000000,0.9000000000
2026-09-06,S04,K01,weekly_mean56,10.6250000000,6.2000000000,15.5500000000,0.9000000000
2026-09-06,S04,K02,weekly_mean56,12.3750000000,7.7250000000,17.0500000000,0.9000000000
2026-09-06,S04,K03,weekly_mean56,12.3750000000,8.2750000000,15.8000000000,0.9000000000
2026-09-06,S04,K04,weekly_mean56,15.6250000000,10.0500000000,20.9750000000,0.9000000000
2026-09-06,S04,K05,weekly_mean56,15.0000000000,9.2500000000,20.2500000000,0.9000000000
2026-09-06,S04,K06,weekly_mean56,17.5000000000,11.9000000000,22.6000000000,0.9000000000
2026-09-06,S04,K07,weekly_mean56,17.0000000000,12.2000000000,23.8000000000,0.9000000000
2026-09-06,S04,K08,weekly_mean56,19.7500000000,13.6000000000,26.8500000000,0.9000000000
2026-09-06,S05,K01,weekly_mean56,11.8750000000,6.6250000000,16.1750000000,0.9000000000
2026-09-06,S05,K02,weekly_mean56,13.5000000000,8.9500000000,18.3750000000,0.9000000000
2026-09-06,S05,K03,weekly_mean56,14.2500000000,9.2500000000,19.3750000000,0.9000000000
2026-09-06,S05,K04,weekly_mean56,13.3750000000,7.1250000000,19.5500000000,0.9000000000
2026-09-06,S05,K05,weekly_mean56,16.0000000000,10.0000000000,21.3000000000,0.9000000000
2026-09-06,S05,K06,weekly_mean56,18.2500000000,13.7000000000,24.8250000000,0.9000000000
2026-09-06,S05,K07,weekly_mean56,19.1250000000,13.0000000000,25.2500000000,0.9000000000
2026-09-06,S05,K08,weekly_mean56,20.3750000000,15.3250000000,24.9250000000,0.9000000000
2026-09-06,S06,K01,weekly_mean56,11.7500000000,7.0750000000,17.4000000000,0.9000000000
2026-09-06,S06,K02,weekly_mean56,12.3750000000,7.8000000000,17.3500000000,0.9000000000
2026-09-06,S06,K03,weekly_mean56,14.2500000000,9.6000000000,19.4750000000,0.9000000000
2026-09-06,S06,K04,weekly_mean56,14.8750000000,10.1000000000,20.9750000000,0.9000000000
2026-09-06,S06,K05,weekly_mean56,17.7500000000,13.5750000000,23.8000000000,0.9000000000
2026-09-06,S06,K06,weekly_mean56,18.8750000000,13.6000000000,22.9750000000,0.9000000000
2026-09-06,S06,K07,weekly_mean56,19.0000000000,10.9500000000,26.7000000000,0.9000000000
2026-09-06,S06,K08,weekly_mean56,19.6250000000,13.9750000000,23.7500000000,0.9000000000
2026-09-06,S07,K01,weekly_mean56,13.2500000000,8.0750000000,18.0000000000,0.9000000000
2026-09-06,S07,K02,weekly_mean56,12.5000000000,6.5000000000,16.9500000000,0.9000000000
2026-09-06,S07,K03,weekly_mean56,13.8750000000,8.9000000000,19.7750000000,0.9000000000
2026-09-06,S07,K04,weekly_mean56,15.0000000000,9.7500000000,20.1750000000,0.9000000000
2026-09-06,S07,K05,weekly_mean56,18.2500000000,13.9750000000,22.7500000000,0.9000000000
2026-09-06,S07,K06,weekly_mean56,16.6250000000,10.4500000000,21.8250000000,0.9000000000
2026-09-06,S07,K07,weekly_mean56,23.6250000000,17.5500000000,29.1000000000,0.9000000000
2026-09-06,S07,K08,weekly_mean56,21.8750000000,15.4750000000,29.6250000000,0.9000000000
2026-09-06,S08,K01,weekly_mean56,13.5000000000,9.0250000000,19.1750000000,0.9000000000
2026-09-06,S08,K02,weekly_mean56,11.8750000000,6.6750000000,16.8250000000,0.9000000000
2026-09-06,S08,K03,weekly_mean56,17.6250000000,12.3750000000,23.8000000000,0.9000000000
2026-09-06,S08,K04,weekly_mean56,17.0000000000,12.1750000000,24.4500000000,0.9000000000
2026-09-06,S08,K05,weekly_mean56,19.7500000000,14.3750000000,24.3250000000,0.9000000000
2026-09-06,S08,K06,weekly_mean56,18.7500000000,14.4500000000,24.6750000000,0.9000000000
2026-09-06,S08,K07,weekly_mean56,20.0000000000,14.5000000000,26.2000000000,0.9000000000
2026-09-06,S08,K08,weekly_mean56,23.1250000000,17.8750000000,29.4500000000,0.9000000000
2026-09-06,S09,K01,weekly_mean56,13.3750000000,9.4750000000,18.5500000000,0.9000000000
2026-09-06,S09,K02,weekly_mean56,13.6250000000,6.5750000000,19.5750000000,0.9000000000
2026-09-06,S09,K03,weekly_mean56,15.5000000000,10.5000000000,20.8250000000,0.9000000000
2026-09-06,S09,K04,weekly_mean56,17.8750000000,12.4250000000,25.0250000000,0.9000000000
2026-09-06,S09,K05,weekly_mean56,17.7500000000,10.8750000000,23.1750000000,0.9000000000
2026-09-06,S09,K06,weekly_mean56,19.3750000000,14.4750000000,23.5500000000,0.9000000000
2026-09-06,S09,K07,weekly_mean56,21.3750000000,15.4750000000,27.0500000000,0.9000000000
2026-09-06,S09,K08,weekly_mean56,21.8750000000,14.5750000000,27.9750000000,0.9000000000
2026-09-06,S10,K01,weekly_mean56,13.6250000000,9.4750000000,19.0500000000,0.9000000000
2026-09-06,S10,K02,weekly_mean56,14.8750000000,9.7500000000,20.4750000000,0.9000000000
2026-09-06,S10,K03,weekly_mean56,14.7500000000,9.8500000000,21.8750000000,0.9000000000
2026-09-06,S10,K04,weekly_mean56,16.6250000000,10.3250000000,22.6000000000,0.9000000000
2026-09-06,S10,K05,weekly_mean56,19.5000000000,14.1500000000,26.3000000000,0.9000000000
2026-09-06,S10,K06,weekly_mean56,18.8750000000,12.5750000000,23.8750000000,0.9000000000
2026-09-06,S10,K07,weekly_mean56,20.8750000000,15.0000000000,27.9250000000,0.9000000000
2026-09-06,S10,K08,weekly_mean56,24.1250000000,19.3750000000,31.8750000000,0.9000000000
2026-09-06,S11,K01,weekly_mean56,14.3750000000,8.2750000000,22.6000000000,0.9000000000
2026-09-06,S11,K02,weekly_mean56,14.2500000000,8.8750000000,18.9500000000,0.9000000000
2026-09-06,S11,K03,weekly_mean56,16.5000000000,12.2250000000,22.5750000000,0.9000000000
2026-09-06,S11,K04,weekly_mean56,17.3750000000,11.3250000000,22.9000000000,0.9000000000
2026-09-06,S11,K05,weekly_mean56,18.0000000000,11.5000000000,23.7500000000,0.9000000000
2026-09-06,S11,K06,weekly_mean56,22.3750000000,16.5000000000,30.5250000000,0.9000000000
2026-09-06,S11,K07,weekly_mean56,22.5000000000,15.9250000000,29.7500000000,0.9000000000
2026-09-06,S11,K08,weekly_mean56,24.6250000000,17.8500000000,32.2750000000,0.9000000000
2026-09-06,S12,K01,weekly_mean56,14.2500000000,9.4500000000,19.1000000000,0.9000000000
2026-09-06,S12,K02,weekly_mean56,15.1250000000,9.5500000000,19.5000000000,0.9000000000
2026-09-06,S12,K03,weekly_mean56,15.6250000000,10.2750000000,20.9750000000,0.9000000000
2026-09-06,S12,K04,weekly_mean56,17.3750000000,12.2750000000,23.3000000000,0.9000000000
2026-09-06,S12,K05,weekly_mean56,19.6250000000,13.0750000000,24.9750000000,0.9000000000
2026-09-06,S12,K06,weekly_mean56,20.1250000000,12.1500000000,26.1500000000,0.9000000000
2026-09-06,S12,K07,weekly_mean56,23.3750000000,19.0000000000,27.5750000000,0.9000000000
2026-09-06,S12,K08,weekly_mean56,24.8750000000,20.1750000000,30.4250000000,0.9000000000
2026-09-07,S01,K01,weekly_mean56,7.5000000000,3.2750000000,12.4250000000,0.9000000000
2026-09-07,S01,K02,weekly_mean56,7.8750000000,3.5000000000,11.4000000000,0.9000000000
2026-09-07,S01,K03,weekly_mean56,8.2500000000,2.8750000000,13.1750000000,0.9000000000
2026-09-07,S01,K04,weekly_mean56,9.6250000000,4.1000000000,14.3000000000,0.9000000000
2026-09-07,S01,K05,weekly_mean56,10.7500000000,6.4000000000,17.6250000000,0.9000000000
2026-09-07,S01,K06,weekly_mean56,12.0000000000,6.4000000000,18.2750000000,0.9000000000
2026-09-07,S01,K07,weekly_mean56,12.8750000000,7.1000000000,18.4250000000,0.9000000000
2026-09-07,S01,K08,weekly_mean56,13.1250000000,8.7750000000,17.3500000000,0.9000000000
2026-09-07,S02,K01,weekly_mean56,7.6250000000,3.1500000000,12.8000000000,0.9000000000
2026-09-07,S02,K02,weekly_mean56,6.5000000000,1.9500000000,10.2250000000,0.9000000000
2026-09-07,S02,K03,weekly_mean56,9.6250000000,4.4500000000,15.1000000000,0.9000000000
2026-09-07,S02,K04,weekly_mean56,8.8750000000,3.1250000000,13.3750000000,0.9000000000
2026-09-07,S02,K05,weekly_mean56,11.5000000000,6.8250000000,16.5000000000,0.9000000000
2026-09-07,S02,K06,weekly_mean56,11.2500000000,6.3250000000,15.5500000000,0.9000000000
2026-09-07,S02,K07,weekly_mean56,11.2500000000,5.4000000000,18.1500000000,0.9000000000
2026-09-07,S02,K08,weekly_mean56,13.3750000000,8.3250000000,17.9250000000,0.9000000000
2026-09-07,S03,K01,weekly_mean56,8.1250000000,3.2000000000,12.4500000000,0.9000000000
2026-09-07,S03,K02,weekly_mean56,8.2500000000,2.2000000000,13.5500000000,0.9000000000
2026-09-07,S03,K03,weekly_mean56,9.1250000000,4.7500000000,14.2750000000,0.9000000000
2026-09-07,S03,K04,weekly_mean56,9.8750000000,4.0750000000,16.0000000000,0.9000000000
2026-09-07,S03,K05,weekly_mean56,13.0000000000,9.1250000000,18.1250000000,0.9000000000
2026-09-07,S03,K06,weekly_mean56,11.1250000000,6.8000000000,16.4500000000,0.9000000000
2026-09-07,S03,K07,weekly_mean56,13.0000000000,8.4500000000,17.0500000000,0.9000000000
2026-09-07,S03,K08,weekly_mean56,12.8750000000,8.0250000000,18.3750000000,0.9000000000
2026-09-07,S04,K01,weekly_mean56,8.2500000000,3.8250000000,13.1750000000,0.9000000000
2026-09-07,S04,K02,weekly_mean56,9.2500000000,4.6000000000,13.9250000000,0.9000000000
2026-09-07,S04,K03,weekly_mean56,9.7500000000,5.6500000000,13.1750000000,0.9000000000
2026-09-07,S04,K04,weekly_mean56,8.8750000000,3.3000000000,14.2250000000,0.9000000000
2026-09-07,S04,K05,weekly_mean56,13.0000000000,7.2500000000,18.2500000000,0.9000000000
2026-09-07,S04,K06,weekly_mean56,14.2500000000,8.6500000000,19.3500000000,0.9000000000
2026-09-07,S04,K07,weekly_mean56,15.5000000000,10.7000000000,22.3000000000,0.9000000000
2026-09-07,S04,K08,weekly_mean56,13.6250000000,7.4750000000,20.7250000000,0.9000000000
2026-09-07,S05,K01,weekly_mean56,7.7500000000,2.5000000000,12.0500000000,0.9000000000
2026-09-07,S05,K02,weekly_mean56,7.8750000000,3.3250000000,12.7500000000,0.9000000000
2026-09-07,S05,K03,weekly_mean56,10.6250000000,5.6250000000,15.7500000000,0.9000000000
2026-09-07,S05,K04,weekly_mean56,11.7500000000,5.5000000000,17.9250000000,0.9000000000
2026-09-07,S05,K05,weekly_mean56,11.7500000000,5.7500000000,17.0500000000,0.9000000000
2026-09-07,S05,K06,weekly_mean56,13.3750000000,8.8250000000,19.9500000000,0.9000000000
2026-09-07,S05,K07,weekly_mean56,14.8750000000,8.7500000000,21.0000000000,0.9000000000
2026-09-07,S05,K08,weekly_mean56,14.2500000000,9.2000000000,18.8000000000,0.9000000000
2026-09-07,S06,K01,weekly_mean56,8.3750000000,3.7000000000,14.0250000000,0.9000000000
2026-09-07,S06,K02,weekly_mean56,9.1250000000,4.5500000000,14.1000000000,0.9000000000
2026-09-07,S06,K03,weekly_mean56,10.0000000000,5.3500000000,15.2250000000,0.9000000000
2026-09-07,S06,K04,weekly_mean56,11.6250000000,6.8500000000,17.7250000000,0.9000000000
2026-09-07,S06,K05,weekly_mean56,14.2500000000,10.0750000000,20.3000000000,0.9000000000
2026-09-07,S06,K06,weekly_mean56,13.1250000000,7.8500000000,17.2250000000,0.9000000000
2026-09-07,S06,K07,weekly_mean56,15.6250000000,7.5750000000,23.3250000000,0.9000000000
2026-09-07,S06,K08,weekly_mean56,15.5000000000,9.8500000000,19.6250000000,0.9000000000
2026-09-07,S07,K01,weekly_mean56,7.6250000000,2.4500000000,12.3750000000,0.9000000000
2026-09-07,S07,K02,weekly_mean56,8.8750000000,2.8750000000,13.3250000000,0.9000000000
2026-09-07,S07,K03,weekly_mean56,10.0000000000,5.0250000000,15.9000000000,0.9000000000
2026-09-07,S07,K04,weekly_mean56,11.5000000000,6.2500000000,16.6750000000,0.9000000000
2026-09-07,S07,K05,weekly_mean56,13.6250000000,9.3500000000,18.1250000000,0.9000000000
2026-09-07,S07,K06,weekly_mean56,14.6250000000,8.4500000000,19.8250000000,0.9000000000
2026-09-07,S07,K07,weekly_mean56,14.3750000000,8.3000000000,19.8500000000,0.9000000000
2026-09-07,S07,K08,weekly_mean56,16.0000000000,9.6000000000,23.7500000000,0.9000000000
2026-09-07,S08,K01,weekly_mean56,9.2500000000,4.7750000000,14.9250000000,0.9000000000
2026-09-07,S08,K02,weekly_mean56,10.0000000000,4.8000000000,14.9500000000,0.9000000000
2026-09-07,S08,K03,weekly_mean56,10.6250000000,5.3750000000,16.8000000000,0.9000000000
2026-09-07,S08,K04,weekly_mean56,12.2500000000,7.4250000000,19.7000000000,0.9000000000
2026-09-07,S08,K05,weekly_mean56,13.6250000000,8.2500000000,18.2000000000,0.9000000000
2026-09-07,S08,K06,weekly_mean56,15.5000000000,11.2000000000,21.4250000000,0.9000000000
2026-09-07,S08,K07,weekly_mean56,16.3750000000,10.8750000000,22.5750000000,0.9000000000
2026-09-07,S08,K08,weekly_mean56,19.0000000000,13.7500000000,25.3250000000,0.9000000000
2026-09-07,S09,K01,weekly_mean56,10.6250000000,6.7250000000,15.8000000000,0.9000000000
2026-09-07,S09,K02,weekly_mean56,10.2500000000,3.2000000000,16.2000000000,0.9000000000
2026-09-07,S09,K03,weekly_mean56,11.0000000000,6.0000000000,16.3250000000,0.9000000000
2026-09-07,S09,K04,weekly_mean56,12.2500000000,6.8000000000,19.4000000000,0.9000000000
2026-09-07,S09,K05,weekly_mean56,14.3750000000,7.5000000000,19.8000000000,0.9000000000
2026-09-07,S09,K06,weekly_mean56,14.5000000000,9.6000000000,18.6750000000,0.9000000000
2026-09-07,S09,K07,weekly_mean56,18.1250000000,12.2250000000,23.8000000000,0.9000000000
2026-09-07,S09,K08,weekly_mean56,16.7500000000,9.4500000000,22.8500000000,0.9000000000
2026-09-07,S10,K01,weekly_mean56,10.7500000000,6.6000000000,16.1750000000,0.9000000000
2026-09-07,S10,K02,weekly_mean56,9.6250000000,4.5000000000,15.2250000000,0.9000000000
2026-09-07,S10,K03,weekly_mean56,11.8750000000,6.9750000000,19.0000000000,0.9000000000
2026-09-07,S10,K04,weekly_mean56,13.7500000000,7.4500000000,19.7250000000,0.9000000000
2026-09-07,S10,K05,weekly_mean56,15.5000000000,10.1500000000,22.3000000000,0.9000000000
2026-09-07,S10,K06,weekly_mean56,15.7500000000,9.4500000000,20.7500000000,0.9000000000
2026-09-07,S10,K07,weekly_mean56,20.2500000000,14.3750000000,27.3000000000,0.9000000000
2026-09-07,S10,K08,weekly_mean56,18.0000000000,13.2500000000,25.7500000000,0.9000000000
2026-09-07,S11,K01,weekly_mean56,11.1250000000,5.0250000000,19.3500000000,0.9000000000
2026-09-07,S11,K02,weekly_mean56,11.6250000000,6.2500000000,16.3250000000,0.9000000000
2026-09-07,S11,K03,weekly_mean56,13.1250000000,8.8500000000,19.2000000000,0.9000000000
2026-09-07,S11,K04,weekly_mean56,13.7500000000,7.7000000000,19.2750000000,0.9000000000
2026-09-07,S11,K05,weekly_mean56,17.6250000000,11.1250000000,23.3750000000,0.9000000000
2026-09-07,S11,K06,weekly_mean56,14.6250000000,8.7500000000,22.7750000000,0.9000000000
2026-09-07,S11,K07,weekly_mean56,17.0000000000,10.4250000000,24.2500000000,0.9000000000
2026-09-07,S11,K08,weekly_mean56,20.3750000000,13.6000000000,28.0250000000,0.9000000000
2026-09-07,S12,K01,weekly_mean56,11.1250000000,6.3250000000,15.9750000000,0.9000000000
2026-09-07,S12,K02,weekly_mean56,11.6250000000,6.0500000000,16.0000000000,0.9000000000
2026-09-07,S12,K03,weekly_mean56,13.8750000000,8.5250000000,19.2250000000,0.9000000000
2026-09-07,S12,K04,weekly_mean56,12.5000000000,7.4000000000,18.4250000000,0.9000000000
2026-09-07,S12,K05,weekly_mean56,14.3750000000,7.8250000000,19.7250000000,0.9000000000
2026-09-07,S12,K06,weekly_mean56,15.5000000000,7.5250000000,21.5250000000,0.9000000000
2026-09-07,S12,K07,weekly_mean56,19.8750000000,15.5000000000,24.0750000000,0.9000000000
2026-09-07,S12,K08,weekly_mean56,18.8750000000,14.1750000000,24.4250000000,0.9000000000
2026-09-08,S01,K01,weekly_mean56,7.5000000000,3.2750000000,12.4250000000,0.9000000000
2026-09-08,S01,K02,weekly_mean56,6.6250000000,2.2500000000,10.1500000000,0.9000000000
2026-09-08,S01,K03,weekly_mean56,9.7500000000,4.3750000000,14.6750000000,0.9000000000
2026-09-08,S01,K04,weekly_mean56,10.5000000000,4.9750000000,15.1750000000,0.9000000000
2026-09-08,S01,K05,weekly_mean56,10.0000000000,5.6500000000,16.8750000000,0.9000000000
2026-09-08,S01,K06,weekly_mean56,11.1250000000,5.5250000000,17.4000000000,0.9000000000
2026-09-08,S01,K07,weekly_mean56,14.3750000000,8.6000000000,19.9250000000,0.9000000000
2026-09-08,S01,K08,weekly_mean56,11.7500000000,7.4000000000,15.9750000000,0.9000000000
2026-09-08,S02,K01,weekly_mean56,8.8750000000,4.4000000000,14.0500000000,0.9000000000
2026-09-08,S02,K02,weekly_mean56,7.3750000000,2.8250000000,11.1000000000,0.9000000000
2026-09-08,S02,K03,weekly_mean56,9.1250000000,3.9500000000,14.6000000000,0.9000000000
2026-09-08,S02,K04,weekly_mean56,9.5000000000,3.7500000000,14.0000000000,0.9000000000
2026-09-08,S02,K05,weekly_mean56,12.5000000000,7.8250000000,17.5000000000,0.9000000000
2026-09-08,S02,K06,weekly_mean56,9.8750000000,4.9500000000,14.1750000000,0.9000000000
2026-09-08,S02,K07,weekly_mean56,12.5000000000,6.6500000000,19.4000000000,0.9000000000
2026-09-08,S02,K08,weekly_mean56,13.8750000000,8.8250000000,18.4250000000,0.9000000000
2026-09-08,S03,K01,weekly_mean56,8.1250000000,3.2000000000,12.4500000000,0.9000000000
2026-09-08,S03,K02,weekly_mean56,8.1250000000,2.0750000000,13.4250000000,0.9000000000
2026-09-08,S03,K03,weekly_mean56,9.7500000000,5.3750000000,14.9000000000,0.9000000000
2026-09-08,S03,K04,weekly_mean56,10.7500000000,4.9500000000,16.8750000000,0.9000000000
2026-09-08,S03,K05,weekly_mean56,11.2500000000,7.3750000000,16.3750000000,0.9000000000
2026-09-08,S03,K06,weekly_mean56,13.8750000000,9.5500000000,19.2000000000,0.9000000000
2026-09-08,S03,K07,weekly_mean56,12.7500000000,8.2000000000,16.8000000000,0.9000000000
2026-09-08,S03,K08,weekly_mean56,12.8750000000,8.0250000000,18.3750000000,0.9000000000
2026-09-08,S04,K01,weekly_mean56,7.2500000000,2.8250000000,12.1750000000,0.9000000000
2026-09-08,S04,K02,weekly_mean56,8.2500000000,3.6000000000,12.9250000000,0.9000000000
2026-09-08,S04,K03,weekly_mean56,11.2500000000,7.1500000000,14.6750000000,0.9000000000
2026-09-08,S04,K04,weekly_mean56,10.0000000000,4.4250000000,15.3500000000,0.9000000000
2026-09-08,S04,K05,weekly_mean56,11.6250000000,5.8750000000,16.8750000000,0.9000000000
2026-09-08,S04,K06,weekly_mean56,13.1250000000,7.5250000000,18.2250000000,0.9000000000
2026-09-08,S04,K07,weekly_mean56,15.6250000000,10.8250000000,22.4250000000,0.9000000000
2026-09-08,S04,K08,weekly_mean56,15.6250000000,9.4750000000,22.7250000000,0.9000000000
2026-09-08,S05,K01,weekly_mean56,9.8750000000,4.6250000000,14.1750000000,0.9000000000
2026-09-08,S05,K02,weekly_mean56,10.3750000000,5.8250000000,15.2500000000,0.9000000000
2026-09-08,S05,K03,weekly_mean56,10.6250000000,5.6250000000,15.7500000000,0.9000000000
2026-09-08,S05,K04,weekly_mean56,11.0000000000,4.7500000000,17.1750000000,0.9000000000
2026-09-08,S05,K05,weekly_mean56,13.3750000000,7.3750000000,18.6750000000,0.9000000000
2026-09-08,S05,K06,weekly_mean56,14.7500000000,10.2000000000,21.3250000000,0.9000000000
2026-09-08,S05,K07,weekly_mean56,16.8750000000,10.7500000000,23.0000000000,0.9000000000
2026-09-08,S05,K08,weekly_mean56,15.8750000000,10.8250000000,20.4250000000,0.9000000000
2026-09-08,S06,K01,weekly_mean56,9.5000000000,4.8250000000,15.1500000000,0.9000000000
2026-09-08,S06,K02,weekly_mean56,9.6250000000,5.0500000000,14.6000000000,0.9000000000
2026-09-08,S06,K03,weekly_mean56,11.5000000000,6.8500000000,16.7250000000,0.9000000000
2026-09-08,S06,K04,weekly_mean56,11.8750000000,7.1000000000,17.9750000000,0.9000000000
2026-09-08,S06,K05,weekly_mean56,14.3750000000,10.2000000000,20.4250000000,0.9000000000
2026-09-08,S06,K06,weekly_mean56,13.1250000000,7.8500000000,17.2250000000,0.9000000000
2026-09-08,S06,K07,weekly_mean56,16.3750000000,8.3250000000,24.0750000000,0.9000000000
2026-09-08,S06,K08,weekly_mean56,15.6250000000,9.9750000000,19.7500000000,0.9000000000
2026-09-08,S07,K01,weekly_mean56,9.7500000000,4.5750000000,14.5000000000,0.9000000000
2026-09-08,S07,K02,weekly_mean56,10.2500000000,4.2500000000,14.7000000000,0.9000000000
2026-09-08,S07,K03,weekly_mean56,12.5000000000,7.5250000000,18.4000000000,0.9000000000
2026-09-08,S07,K04,weekly_mean56,13.1250000000,7.8750000000,18.3000000000,0.9000000000
2026-09-08,S07,K05,weekly_mean56,14.2500000000,9.9750000000,18.7500000000,0.9000000000
2026-09-08,S07,K06,weekly_mean56,14.2500000000,8.0750000000,19.4500000000,0.9000000000
2026-09-08,S07,K07,weekly_mean56,17.7500000000,11.6750000000,23.2250000000,0.9000000000
2026-09-08,S07,K08,weekly_mean56,17.7500000000,11.3500000000,25.5000000000,0.9000000000
2026-09-08,S08,K01,weekly_mean56,10.3750000000,5.9000000000,16.0500000000,0.9000000000
2026-09-08,S08,K02,weekly_mean56,9.7500000000,4.5500000000,14.7000000000,0.9000000000
2026-09-08,S08,K03,weekly_mean56,13.1250000000,7.8750000000,19.3000000000,0.9000000000
2026-09-08,S08,K04,weekly_mean56,14.0000000000,9.1750000000,21.4500000000,0.9000000000
2026-09-08,S08,K05,weekly_mean56,13.3750000000,8.0000000000,17.9500000000,0.9000000000
2026-09-08,S08,K06,weekly_mean56,15.5000000000,11.2000000000,21.4250000000,0.9000000000
2026-09-08,S08,K07,weekly_mean56,16.8750000000,11.3750000000,23.0750000000,0.9000000000
2026-09-08,S08,K08,weekly_mean56,18.3750000000,13.1250000000,24.7000000000,0.9000000000
2026-09-08,S09,K01,weekly_mean56,11.2500000000,7.3500000000,16.4250000000,0.9000000000
2026-09-08,S09,K02,weekly_mean56,10.5000000000,3.4500000000,16.4500000000,0.9000000000
2026-09-08,S09,K03,weekly_mean56,14.1250000000,9.1250000000,19.4500000000,0.9000000000
2026-09-08,S09,K04,weekly_mean56,13.8750000000,8.4250000000,21.0250000000,0.9000000000
2026-09-08,S09,K05,weekly_mean56,15.3750000000,8.5000000000,20.8000000000,0.9000000000
2026-09-08,S09,K06,weekly_mean56,12.5000000000,7.6000000000,16.6750000000,0.9000000000
2026-09-08,S09,K07,weekly_mean56,15.3750000000,9.4750000000,21.0500000000,0.9000000000
2026-09-08,S09,K08,weekly_mean56,17.6250000000,10.3250000000,23.7250000000,0.9000000000
2026-09-08,S10,K01,weekly_mean56,10.5000000000,6.3500000000,15.9250000000,0.9000000000
2026-09-08,S10,K02,weekly_mean56,10.7500000000,5.6250000000,16.3500000000,0.9000000000
2026-09-08,S10,K03,weekly_mean56,13.8750000000,8.9750000000,21.0000000000,0.9000000000
2026-09-08,S10,K04,weekly_mean56,13.3750000000,7.0750000000,19.3500000000,0.9000000000
2026-09-08,S10,K05,weekly_mean56,16.1250000000,10.7750000000,22.9250000000,0.9000000000
2026-09-08,S10,K06,weekly_mean56,17.2500000000,10.9500000000,22.2500000000,0.9000000000
2026-09-08,S10,K07,weekly_mean56,18.5000000000,12.6250000000,25.5500000000,0.9000000000
2026-09-08,S10,K08,weekly_mean56,19.6250000000,14.8750000000,27.3750000000,0.9000000000
2026-09-08,S11,K01,weekly_mean56,9.1250000000,3.0250000000,17.3500000000,0.9000000000
2026-09-08,S11,K02,weekly_mean56,12.8750000000,7.5000000000,17.5750000000,0.9000000000
2026-09-08,S11,K03,weekly_mean56,14.2500000000,9.9750000000,20.3250000000,0.9000000000
2026-09-08,S11,K04,weekly_mean56,14.2500000000,8.2000000000,19.7750000000,0.9000000000
2026-09-08,S11,K05,weekly_mean56,16.1250000000,9.6250000000,21.8750000000,0.9000000000
2026-09-08,S11,K06,weekly_mean56,17.5000000000,11.6250000000,25.6500000000,0.9000000000
2026-09-08,S11,K07,weekly_mean56,17.7500000000,11.1750000000,25.0000000000,0.9000000000
2026-09-08,S11,K08,weekly_mean56,21.8750000000,15.1000000000,29.5250000000,0.9000000000
2026-09-08,S12,K01,weekly_mean56,12.2500000000,7.4500000000,17.1000000000,0.9000000000
2026-09-08,S12,K02,weekly_mean56,12.6250000000,7.0500000000,17.0000000000,0.9000000000
2026-09-08,S12,K03,weekly_mean56,15.0000000000,9.6500000000,20.3500000000,0.9000000000
2026-09-08,S12,K04,weekly_mean56,14.0000000000,8.9000000000,19.9250000000,0.9000000000
2026-09-08,S12,K05,weekly_mean56,15.2500000000,8.7000000000,20.6000000000,0.9000000000
2026-09-08,S12,K06,weekly_mean56,18.7500000000,10.7750000000,24.7750000000,0.9000000000
2026-09-08,S12,K07,weekly_mean56,18.8750000000,14.5000000000,23.0750000000,0.9000000000
2026-09-08,S12,K08,weekly_mean56,21.5000000000,16.8000000000,27.0500000000,0.9000000000
2026-09-09,S01,K01,weekly_mean56,8.0000000000,3.7750000000,12.9250000000,0.9000000000
2026-09-09,S01,K02,weekly_mean56,7.5000000000,3.1250000000,11.0250000000,0.9000000000
2026-09-09,S01,K03,weekly_mean56,8.3750000000,3.0000000000,13.3000000000,0.9000000000
2026-09-09,S01,K04,weekly_mean56,9.3750000000,3.8500000000,14.0500000000,0.9000000000
2026-09-09,S01,K05,weekly_mean56,11.8750000000,7.5250000000,18.7500000000,0.9000000000
2026-09-09,S01,K06,weekly_mean56,11.0000000000,5.4000000000,17.2750000000,0.9000000000
2026-09-09,S01,K07,weekly_mean56,13.3750000000,7.6000000000,18.9250000000,0.9000000000
2026-09-09,S01,K08,weekly_mean56,13.5000000000,9.1500000000,17.7250000000,0.9000000000
2026-09-09,S02,K01,weekly_mean56,8.1250000000,3.6500000000,13.3000000000,0.9000000000
2026-09-09,S02,K02,weekly_mean56,7.3750000000,2.8250000000,11.1000000000,0.9000000000
2026-09-09,S02,K03,weekly_mean56,9.0000000000,3.8250000000,14.4750000000,0.9000000000
2026-09-09,S02,K04,weekly_mean56,8.5000000000,2.7500000000,13.0000000000,0.9000000000
2026-09-09,S02,K05,weekly_mean56,10.5000000000,5.8250000000,15.5000000000,0.9000000000
2026-09-09,S02,K06,weekly_mean56,11.7500000000,6.8250000000,16.0500000000,0.9000000000
2026-09-09,S02,K07,weekly_mean56,14.0000000000,8.1500000000,20.9000000000,0.9000000000
2026-09-09,S02,K08,weekly_mean56,13.2500000000,8.2000000000,17.8000000000,0.9000000000
2026-09-09,S03,K01,weekly_mean56,6.3750000000,1.4500000000,10.7000000000,0.9000000000
2026-09-09,S03,K02,weekly_mean56,9.2500000000,3.2000000000,14.5500000000,0.9000000000
2026-09-09,S03,K03,weekly_mean56,10.1250000000,5.7500000000,15.2750000000,0.9000000000
2026-09-09,S03,K04,weekly_mean56,8.5000000000,2.7000000000,14.6250000000,0.9000000000
2026-09-09,S03,K05,weekly_mean56,11.5000000000,7.6250000000,16.6250000000,0.9000000000
2026-09-09,S03,K06,weekly_mean56,12.2500000000,7.9250000000,17.5750000000,0.9000000000
2026-09-09,S03,K07,weekly_mean56,12.8750000000,8.3250000000,16.9250000000,0.9000000000
2026-09-09,S03,K08,weekly_mean56,12.5000000000,7.6500000000,18.0000000000,0.9000000000
2026-09-09,S04,K01,weekly_mean56,9.3750000000,4.9500000000,14.3000000000,0.9000000000
2026-09-09,S04,K02,weekly_mean56,9.0000000000,4.3500000000,13.6750000000,0.9000000000
2026-09-09,S04,K03,weekly_mean56,10.7500000000,6.6500000000,14.1750000000,0.9000000000
2026-09-09,S04,K04,weekly_mean56,12.0000000000,6.4250000000,17.3500000000,0.9000000000
2026-09-09,S04,K05,weekly_mean56,13.2500000000,7.5000000000,18.5000000000,0.9000000000
2026-09-09,S04,K06,weekly_mean56,13.8750000000,8.2750000000,18.9750000000,0.9000000000
2026-09-09,S04,K07,weekly_mean56,14.2500000000,9.4500000000,21.0500000000,0.9000000000
2026-09-09,S04,K08,weekly_mean56,15.0000000000,8.8500000000,22.1000000000,0.9000000000
2026-09-09,S05,K01,weekly_mean56,9.7500000000,4.5000000000,14.0500000000,0.9000000000
2026-09-09,S05,K02,weekly_mean56,9.1250000000,4.5750000000,14.0000000000,0.9000000000
2026-09-09,S05,K03,weekly_mean56,11.1250000000,6.1250000000,16.2500000000,0.9000000000
2026-09-09,S05,K04,weekly_mean56,10.6250000000,4.3750000000,16.8000000000,0.9000000000
2026-09-09,S05,K05,weekly_mean56,12.5000000000,6.5000000000,17.8000000000,0.9000000000
2026-09-09,S05,K06,weekly_mean56,13.2500000000,8.7000000000,19.8250000000,0.9000000000
2026-09-09,S05,K07,weekly_mean56,15.0000000000,8.8750000000,21.1250000000,0.9000000000
2026-09-09,S05,K08,weekly_mean56,15.8750000000,10.8250000000,20.4250000000,0.9000000000
2026-09-09,S06,K01,weekly_mean56,9.6250000000,4.9500000000,15.2750000000,0.9000000000
2026-09-09,S06,K02,weekly_mean56,9.6250000000,5.0500000000,14.6000000000,0.9000000000
2026-09-09,S06,K03,weekly_mean56,11.8750000000,7.2250000000,17.1000000000,0.9000000000
2026-09-09,S06,K04,weekly_mean56,10.6250000000,5.8500000000,16.7250000000,0.9000000000
2026-09-09,S06,K05,weekly_mean56,16.2500000000,12.0750000000,22.3000000000,0.9000000000
2026-09-09,S06,K06,weekly_mean56,13.5000000000,8.2250000000,17.6000000000,0.9000000000
2026-09-09,S06,K07,weekly_mean56,15.0000000000,6.9500000000,22.7000000000,0.9000000000
2026-09-09,S06,K08,weekly_mean56,16.7500000000,11.1000000000,20.8750000000,0.9000000000
2026-09-09,S07,K01,weekly_mean56,8.8750000000,3.7000000000,13.6250000000,0.9000000000
2026-09-09,S07,K02,weekly_mean56,9.2500000000,3.2500000000,13.7000000000,0.9000000000
2026-09-09,S07,K03,weekly_mean56,11.2500000000,6.2750000000,17.1500000000,0.9000000000
2026-09-09,S07,K04,weekly_mean56,11.6250000000,6.3750000000,16.8000000000,0.9000000000
2026-09-09,S07,K05,weekly_mean56,14.2500000000,9.9750000000,18.7500000000,0.9000000000
2026-09-09,S07,K06,weekly_mean56,15.5000000000,9.3250000000,20.7000000000,0.9000000000
2026-09-09,S07,K07,weekly_mean56,16.7500000000,10.6750000000,22.2250000000,0.9000000000
2026-09-09,S07,K08,weekly_mean56,17.0000000000,10.6000000000,24.7500000000,0.9000000000
2026-09-09,S08,K01,weekly_mean56,11.0000000000,6.5250000000,16.6750000000,0.9000000000
2026-09-09,S08,K02,weekly_mean56,9.5000000000,4.3000000000,14.4500000000,0.9000000000
2026-09-09,S08,K03,weekly_mean56,12.2500000000,7.0000000000,18.4250000000,0.9000000000
2026-09-09,S08,K04,weekly_mean56,13.3750000000,8.5500000000,20.8250000000,0.9000000000
2026-09-09,S08,K05,weekly_mean56,14.3750000000,9.0000000000,18.9500000000,0.9000000000
2026-09-09,S08,K06,weekly_mean56,12.5000000000,8.2000000000,18.4250000000,0.9000000000
2026-09-09,S08,K07,weekly_mean56,18.2500000000,12.7500000000,24.4500000000,0.9000000000
2026-09-09,S08,K08,weekly_mean56,18.2500000000,13.0000000000,24.5750000000,0.9000000000
2026-09-09,S09,K01,weekly_mean56,12.3750000000,8.4750000000,17.5500000000,0.9000000000
2026-09-09,S09,K02,weekly_mean56,10.0000000000,2.9500000000,15.9500000000,0.9000000000
2026-09-09,S09,K03,weekly_mean56,11.7500000000,6.7500000000,17.0750000000,0.9000000000
2026-09-09,S09,K04,weekly_mean56,13.7500000000,8.3000000000,20.9000000000,0.9000000000
2026-09-09,S09,K05,weekly_mean56,15.1250000000,8.2500000000,20.5500000000,0.9000000000
2026-09-09,S09,K06,weekly_mean56,16.7500000000,11.8500000000,20.9250000000,0.9000000000
2026-09-09,S09,K07,weekly_mean56,15.8750000000,9.9750000000,21.5500000000,0.9000000000
2026-09-09,S09,K08,weekly_mean56,19.7500000000,12.4500000000,25.8500000000,0.9000000000
2026-09-09,S10,K01,weekly_mean56,8.6250000000,4.4750000000,14.0500000000,0.9000000000
2026-09-09,S10,K02,weekly_mean56,11.6250000000,6.5000000000,17.2250000000,0.9000000000
2026-09-09,S10,K03,weekly_mean56,13.7500000000,8.8500000000,20.8750000000,0.9000000000
2026-09-09,S10,K04,weekly_mean56,12.8750000000,6.5750000000,18.8500000000,0.9000000000
2026-09-09,S10,K05,weekly_mean56,15.8750000000,10.5250000000,22.6750000000,0.9000000000
2026-09-09,S10,K06,weekly_mean56,16.2500000000,9.9500000000,21.2500000000,0.9000000000
2026-09-09,S10,K07,weekly_mean56,18.3750000000,12.5000000000,25.4250000000,0.9000000000
2026-09-09,S10,K08,weekly_mean56,19.7500000000,15.0000000000,27.5000000000,0.9000000000
2026-09-09,S11,K01,weekly_mean56,12.0000000000,5.9000000000,20.2250000000,0.9000000000
2026-09-09,S11,K02,weekly_mean56,13.2500000000,7.8750000000,17.9500000000,0.9000000000
2026-09-09,S11,K03,weekly_mean56,13.1250000000,8.8500000000,19.2000000000,0.9000000000
2026-09-09,S11,K04,weekly_mean56,15.7500000000,9.7000000000,21.2750000000,0.9000000000
2026-09-09,S11,K05,weekly_mean56,16.7500000000,10.2500000000,22.5000000000,0.9000000000
2026-09-09,S11,K06,weekly_mean56,17.0000000000,11.1250000000,25.1500000000,0.9000000000
2026-09-09,S11,K07,weekly_mean56,19.0000000000,12.4250000000,26.2500000000,0.9000000000
2026-09-09,S11,K08,weekly_mean56,19.0000000000,12.2250000000,26.6500000000,0.9000000000
2026-09-09,S12,K01,weekly_mean56,9.2500000000,4.4500000000,14.1000000000,0.9000000000
2026-09-09,S12,K02,weekly_mean56,12.6250000000,7.0500000000,17.0000000000,0.9000000000
2026-09-09,S12,K03,weekly_mean56,13.6250000000,8.2750000000,18.9750000000,0.9000000000
2026-09-09,S12,K04,weekly_mean56,16.0000000000,10.9000000000,21.9250000000,0.9000000000
2026-09-09,S12,K05,weekly_mean56,15.7500000000,9.2000000000,21.1000000000,0.9000000000
2026-09-09,S12,K06,weekly_mean56,18.3750000000,10.4000000000,24.4000000000,0.9000000000
2026-09-09,S12,K07,weekly_mean56,18.1250000000,13.7500000000,22.3250000000,0.9000000000
2026-09-09,S12,K08,weekly_mean56,19.1250000000,14.4250000000,24.6750000000,0.9000000000
2026-09-10,S01,K01,weekly_mean56,7.7500000000,3.5250000000,12.6750000000,0.9000000000
2026-09-10,S01,K02,weekly_mean56,6.8750000000,2.5000000000,10.4000000000,0.9000000000
2026-09-10,S01,K03,weekly_mean56,7.2500000000,1.8750000000,12.1750000000,0.9000000000
2026-09-10,S01,K04,weekly_mean56,9.5000000000,3.9750000000,14.1750000000,0.9000000000
2026-09-10,S01,K05,weekly_mean56,10.5000000000,6.1500000000,17.3750000000,0.9000000000
2026-09-10,S01,K06,weekly_mean56,8.8750000000,3.2750000000,15.1500000000,0.9000000000
2026-09-10,S01,K07,weekly_mean56,10.1250000000,4.3500000000,15.6750000000,0.9000000000
2026-09-10,S01,K08,weekly_mean56,11.8750000000,7.5250000000,16.1000000000,0.9000000000
2026-09-10,S02,K01,weekly_mean56,7.0000000000,2.5250000000,12.1750000000,0.9000000000
2026-09-10,S02,K02,weekly_mean56,6.8750000000,2.3250000000,10.6000000000,0.9000000000
2026-09-10,S02,K03,weekly_mean56,8.8750000000,3.7000000000,14.3500000000,0.9000000000
2026-09-10,S02,K04,weekly_mean56,9.3750000000,3.6250000000,13.8750000000,0.9000000000
2026-09-10,S02,K05,weekly_mean56,10.8750000000,6.2000000000,15.8750000000,0.9000000000
2026-09-10,S02,K06,weekly_mean56,12.0000000000,7.0750000000,16.3000000000,0.9000000000
2026-09-10,S02,K07,weekly_mean56,10.2500000000,4.4000000000,17.1500000000,0.9000000000
2026-09-10,S02,K08,weekly_mean56,11.1250000000,6.0750000000,15.6750000000,0.9000000000
2026-09-10,S03,K01,weekly_mean56,7.2500000000,2.3250000000,11.5750000000,0.9000000000
2026-09-10,S03,K02,weekly_mean56,6.3750000000,0.3750000000,11.6750000000,0.9000000000
2026-09-10,S03,K03,weekly_mean56,8.6250000000,4.2500000000,13.7750000000,0.9000000000
2026-09-10,S03,K04,weekly_mean56,10.5000000000,4.7000000000,16.6250000000,0.9000000000
2026-09-10,S03,K05,weekly_mean56,11.2500000000,7.3750000000,16.3750000000,0.9000000000
2026-09-10,S03,K06,weekly_mean56,11.6250000000,7.3000000000,16.9500000000,0.9000000000
2026-09-10,S03,K07,weekly_mean56,12.7500000000,8.2000000000,16.8000000000,0.9000000000
2026-09-10,S03,K08,weekly_mean56,13.0000000000,8.1500000000,18.5000000000,0.9000000000
2026-09-10,S04,K01,weekly_mean56,7.3750000000,2.9500000000,12.3000000000,0.9000000000
2026-09-10,S04,K02,weekly_mean56,9.1250000000,4.4750000000,13.8000000000,0.9000000000
2026-09-10,S04,K03,weekly_mean56,9.1250000000,5.0250000000,12.5500000000,0.9000000000
2026-09-10,S04,K04,weekly_mean56,10.1250000000,4.5500000000,15.4750000000,0.9000000000
2026-09-10,S04,K05,weekly_mean56,11.3750000000,5.6250000000,16.6250000000,0.9000000000
2026-09-10,S04,K06,weekly_mean56,10.7500000000,5.1500000000,15.8500000000,0.9000000000
2026-09-10,S04,K07,weekly_mean56,13.7500000000,8.9500000000,20.5500000000,0.9000000000
2026-09-10,S04,K08,weekly_mean56,13.5000000000,7.3500000000,20.6000000000,0.9000000000
2026-09-10,S05,K01,weekly_mean56,8.8750000000,3.6250000000,13.1750000000,0.9000000000
2026-09-10,S05,K02,weekly_mean56,9.3750000000,4.8250000000,14.2500000000,0.9000000000
2026-09-10,S05,K03,weekly_mean56,9.5000000000,4.5000000000,14.6250000000,0.9000000000
2026-09-10,S05,K04,weekly_mean56,11.3750000000,5.1250000000,17.5500000000,0.9000000000
2026-09-10,S05,K05,weekly_mean56,12.8750000000,6.8750000000,18.1750000000,0.9000000000
2026-09-10,S05,K06,weekly_mean56,12.2500000000,7.7000000000,18.8250000000,0.9000000000
2026-09-10,S05,K07,weekly_mean56,13.7500000000,7.6250000000,19.8750000000,0.9000000000
2026-09-10,S05,K08,weekly_mean56,13.8750000000,8.8250000000,18.4250000000,0.9000000000
2026-09-10,S06,K01,weekly_mean56,7.5000000000,2.8250000000,13.1500000000,0.9000000000
2026-09-10,S06,K02,weekly_mean56,9.7500000000,5.1750000000,14.7250000000,0.9000000000
2026-09-10,S06,K03,weekly_mean56,10.0000000000,5.3500000000,15.2250000000,0.9000000000
2026-09-10,S06,K04,weekly_mean56,10.2500000000,5.4750000000,16.3500000000,0.9000000000
2026-09-10,S06,K05,weekly_mean56,12.8750000000,8.7000000000,18.9250000000,0.9000000000
2026-09-10,S06,K06,weekly_mean56,12.6250000000,7.3500000000,16.7250000000,0.9000000000
2026-09-10,S06,K07,weekly_mean56,14.6250000000,6.5750000000,22.3250000000,0.9000000000
2026-09-10,S06,K08,weekly_mean56,15.0000000000,9.3500000000,19.1250000000,0.9000000000
2026-09-10,S07,K01,weekly_mean56,10.0000000000,4.8250000000,14.7500000000,0.9000000000
2026-09-10,S07,K02,weekly_mean56,8.6250000000,2.6250000000,13.0750000000,0.9000000000
2026-09-10,S07,K03,weekly_mean56,10.5000000000,5.5250000000,16.4000000000,0.9000000000
2026-09-10,S07,K04,weekly_mean56,12.0000000000,6.7500000000,17.1750000000,0.9000000000
2026-09-10,S07,K05,weekly_mean56,11.6250000000,7.3500000000,16.1250000000,0.9000000000
2026-09-10,S07,K06,weekly_mean56,13.7500000000,7.5750000000,18.9500000000,0.9000000000
2026-09-10,S07,K07,weekly_mean56,14.8750000000,8.8000000000,20.3500000000,0.9000000000
2026-09-10,S07,K08,weekly_mean56,16.7500000000,10.3500000000,24.5000000000,0.9000000000
2026-09-10,S08,K01,weekly_mean56,9.2500000000,4.7750000000,14.9250000000,0.9000000000
2026-09-10,S08,K02,weekly_mean56,10.6250000000,5.4250000000,15.5750000000,0.9000000000
2026-09-10,S08,K03,weekly_mean56,11.3750000000,6.1250000000,17.5500000000,0.9000000000
2026-09-10,S08,K04,weekly_mean56,14.2500000000,9.4250000000,21.7000000000,0.9000000000
2026-09-10,S08,K05,weekly_mean56,14.3750000000,9.0000000000,18.9500000000,0.9000000000
2026-09-10,S08,K06,weekly_mean56,14.0000000000,9.7000000000,19.9250000000,0.9000000000
2026-09-10,S08,K07,weekly_mean56,18.1250000000,12.6250000000,24.3250000000,0.9000000000
2026-09-10,S08,K08,weekly_mean56,16.7500000000,11.5000000000,23.0750000000,0.9000000000
2026-09-10,S09,K01,weekly_mean56,8.5000000000,4.6000000000,13.6750000000,0.9000000000
2026-09-10,S09,K02,weekly_mean56,10.7500000000,3.7000000000,16.7000000000,0.9000000000
2026-09-10,S09,K03,weekly_mean56,10.8750000000,5.8750000000,16.2000000000,0.9000000000
2026-09-10,S09,K04,weekly_mean56,14.0000000000,8.5500000000,21.1500000000,0.9000000000
2026-09-10,S09,K05,weekly_mean56,13.5000000000,6.6250000000,18.9250000000,0.9000000000
2026-09-10,S09,K06,weekly_mean56,14.2500000000,9.3500000000,18.4250000000,0.9000000000
2026-09-10,S09,K07,weekly_mean56,16.2500000000,10.3500000000,21.9250000000,0.9000000000
2026-09-10,S09,K08,weekly_mean56,19.0000000000,11.7000000000,25.1000000000,0.9000000000
2026-09-10,S10,K01,weekly_mean56,9.0000000000,4.8500000000,14.4250000000,0.9000000000
2026-09-10,S10,K02,weekly_mean56,9.7500000000,4.6250000000,15.3500000000,0.9000000000
2026-09-10,S10,K03,weekly_mean56,12.6250000000,7.7250000000,19.7500000000,0.9000000000
2026-09-10,S10,K04,weekly_mean56,13.6250000000,7.3250000000,19.6000000000,0.9000000000
2026-09-10,S10,K05,weekly_mean56,14.0000000000,8.6500000000,20.8000000000,0.9000000000
2026-09-10,S10,K06,weekly_mean56,15.5000000000,9.2000000000,20.5000000000,0.9000000000
2026-09-10,S10,K07,weekly_mean56,16.1250000000,10.2500000000,23.1750000000,0.9000000000
2026-09-10,S10,K08,weekly_mean56,16.1250000000,11.3750000000,23.8750000000,0.9000000000
2026-09-10,S11,K01,weekly_mean56,10.2500000000,4.1500000000,18.4750000000,0.9000000000
2026-09-10,S11,K02,weekly_mean56,10.5000000000,5.1250000000,15.2000000000,0.9000000000
2026-09-10,S11,K03,weekly_mean56,13.3750000000,9.1000000000,19.4500000000,0.9000000000
2026-09-10,S11,K04,weekly_mean56,14.5000000000,8.4500000000,20.0250000000,0.9000000000
2026-09-10,S11,K05,weekly_mean56,16.1250000000,9.6250000000,21.8750000000,0.9000000000
2026-09-10,S11,K06,weekly_mean56,14.1250000000,8.2500000000,22.2750000000,0.9000000000
2026-09-10,S11,K07,weekly_mean56,19.7500000000,13.1750000000,27.0000000000,0.9000000000
2026-09-10,S11,K08,weekly_mean56,18.7500000000,11.9750000000,26.4000000000,0.9000000000
2026-09-10,S12,K01,weekly_mean56,11.6250000000,6.8250000000,16.4750000000,0.9000000000
2026-09-10,S12,K02,weekly_mean56,13.3750000000,7.8000000000,17.7500000000,0.9000000000
2026-09-10,S12,K03,weekly_mean56,12.7500000000,7.4000000000,18.1000000000,0.9000000000
2026-09-10,S12,K04,weekly_mean56,14.6250000000,9.5250000000,20.5500000000,0.9000000000
2026-09-10,S12,K05,weekly_mean56,14.8750000000,8.3250000000,20.2250000000,0.9000000000
2026-09-10,S12,K06,weekly_mean56,15.6250000000,7.6500000000,21.6500000000,0.9000000000
2026-09-10,S12,K07,weekly_mean56,17.1250000000,12.7500000000,21.3250000000,0.9000000000
2026-09-10,S12,K08,weekly_mean56,18.5000000000,13.8000000000,24.0500000000,0.9000000000
2026-09-11,S01,K01,weekly_mean56,6.6250000000,2.4000000000,11.5500000000,0.9000000000
2026-09-11,S01,K02,weekly_mean56,7.8750000000,3.5000000000,11.4000000000,0.9000000000
2026-09-11,S01,K03,weekly_mean56,7.7500000000,2.3750000000,12.6750000000,0.9000000000
2026-09-11,S01,K04,weekly_mean56,9.6250000000,4.1000000000,14.3000000000,0.9000000000
2026-09-11,S01,K05,weekly_mean56,10.5000000000,6.1500000000,17.3750000000,0.9000000000
2026-09-11,S01,K06,weekly_mean56,9.6250000000,4.0250000000,15.9000000000,0.9000000000
2026-09-11,S01,K07,weekly_mean56,12.6250000000,6.8500000000,18.1750000000,0.9000000000
2026-09-11,S01,K08,weekly_mean56,13.2500000000,8.9000000000,17.4750000000,0.9000000000
2026-09-11,S02,K01,weekly_mean56,7.2500000000,2.7750000000,12.4250000000,0.9000000000
2026-09-11,S02,K02,weekly_mean56,7.6250000000,3.0750000000,11.3500000000,0.9000000000
2026-09-11,S02,K03,weekly_mean56,9.5000000000,4.3250000000,14.9750000000,0.9000000000
2026-09-11,S02,K04,weekly_mean56,7.7500000000,2.0000000000,12.2500000000,0.9000000000
2026-09-11,S02,K05,weekly_mean56,11.7500000000,7.0750000000,16.7500000000,0.9000000000
2026-09-11,S02,K06,weekly_mean56,11.1250000000,6.2000000000,15.4250000000,0.9000000000
2026-09-11,S02,K07,weekly_mean56,12.0000000000,6.1500000000,18.9000000000,0.9000000000
2026-09-11,S02,K08,weekly_mean56,12.8750000000,7.8250000000,17.4250000000,0.9000000000
2026-09-11,S03,K01,weekly_mean56,7.6250000000,2.7000000000,11.9500000000,0.9000000000
2026-09-11,S03,K02,weekly_mean56,7.5000000000,1.4500000000,12.8000000000,0.9000000000
2026-09-11,S03,K03,weekly_mean56,10.0000000000,5.6250000000,15.1500000000,0.9000000000
2026-09-11,S03,K04,weekly_mean56,9.2500000000,3.4500000000,15.3750000000,0.9000000000
2026-09-11,S03,K05,weekly_mean56,9.8750000000,6.0000000000,15.0000000000,0.9000000000
2026-09-11,S03,K06,weekly_mean56,12.3750000000,8.0500000000,17.7000000000,0.9000000000
2026-09-11,S03,K07,weekly_mean56,12.8750000000,8.3250000000,16.9250000000,0.9000000000
2026-09-11,S03,K08,weekly_mean56,13.3750000000,8.5250000000,18.8750000000,0.9000000000
2026-09-11,S04,K01,weekly_mean56,9.2500000000,4.8250000000,14.1750000000,0.9000000000
2026-09-11,S04,K02,weekly_mean56,8.2500000000,3.6000000000,12.9250000000,0.9000000000
2026-09-11,S04,K03,weekly_mean56,9.8750000000,5.7750000000,13.3000000000,0.9000000000
2026-09-11,S04,K04,weekly_mean56,10.1250000000,4.5500000000,15.4750000000,0.9000000000
2026-09-11,S04,K05,weekly_mean56,13.0000000000,7.2500000000,18.2500000000,0.9000000000
2026-09-11,S04,K06,weekly_mean56,11.1250000000,5.5250000000,16.2250000000,0.9000000000
2026-09-11,S04,K07,weekly_mean56,14.6250000000,9.8250000000,21.4250000000,0.9000000000
2026-09-11,S04,K08,weekly_mean56,13.6250000000,7.4750000000,20.7250000000,0.9000000000
2026-09-11,S05,K01,weekly_mean56,7.8750000000,2.6250000000,12.1750000000,0.9000000000
2026-09-11,S05,K02,weekly_mean56,9.5000000000,4.9500000000,14.3750000000,0.9000000000
2026-09-11,S05,K03,weekly_mean56,8.7500000000,3.7500000000,13.8750000000,0.9000000000
2026-09-11,S05,K04,weekly_mean56,9.2500000000,3.0000000000,15.4250000000,0.9000000000
2026-09-11,S05,K05,weekly_mean56,12.0000000000,6.0000000000,17.3000000000,0.9000000000
2026-09-11,S05,K06,weekly_mean56,15.1250000000,10.5750000000,21.7000000000,0.9000000000
2026-09-11,S05,K07,weekly_mean56,14.7500000000,8.6250000000,20.8750000000,0.9000000000
2026-09-11,S05,K08,weekly_mean56,14.5000000000,9.4500000000,19.0500000000,0.9000000000
2026-09-11,S06,K01,weekly_mean56,9.1250000000,4.4500000000,14.7750000000,0.9000000000
2026-09-11,S06,K02,weekly_mean56,9.1250000000,4.5500000000,14.1000000000,0.9000000000
2026-09-11,S06,K03,weekly_mean56,11.7500000000,7.1000000000,16.9750000000,0.9000000000
2026-09-11,S06,K04,weekly_mean56,11.1250000000,6.3500000000,17.2250000000,0.9000000000
2026-09-11,S06,K05,weekly_mean56,12.1250000000,7.9500000000,18.1750000000,0.9000000000
2026-09-11,S06,K06,weekly_mean56,15.2500000000,9.9750000000,19.3500000000,0.9000000000
2026-09-11,S06,K07,weekly_mean56,15.2500000000,7.2000000000,22.9500000000,0.9000000000
2026-09-11,S06,K08,weekly_mean56,14.0000000000,8.3500000000,18.1250000000,0.9000000000
2026-09-11,S07,K01,weekly_mean56,8.2500000000,3.0750000000,13.0000000000,0.9000000000
2026-09-11,S07,K02,weekly_mean56,9.7500000000,3.7500000000,14.2000000000,0.9000000000
2026-09-11,S07,K03,weekly_mean56,10.7500000000,5.7750000000,16.6500000000,0.9000000000
2026-09-11,S07,K04,weekly_mean56,12.7500000000,7.5000000000,17.9250000000,0.9000000000
2026-09-11,S07,K05,weekly_mean56,13.2500000000,8.9750000000,17.7500000000,0.9000000000
2026-09-11,S07,K06,weekly_mean56,14.3750000000,8.2000000000,19.5750000000,0.9000000000
2026-09-11,S07,K07,weekly_mean56,16.3750000000,10.3000000000,21.8500000000,0.9000000000
2026-09-11,S07,K08,weekly_mean56,15.1250000000,8.7250000000,22.8750000000,0.9000000000
2026-09-11,S08,K01,weekly_mean56,11.2500000000,6.7750000000,16.9250000000,0.9000000000
2026-09-11,S08,K02,weekly_mean56,10.2500000000,5.0500000000,15.2000000000,0.9000000000
2026-09-11,S08,K03,weekly_mean56,12.0000000000,6.7500000000,18.1750000000,0.9000000000
2026-09-11,S08,K04,weekly_mean56,11.6250000000,6.8000000000,19.0750000000,0.9000000000
2026-09-11,S08,K05,weekly_mean56,13.0000000000,7.6250000000,17.5750000000,0.9000000000
2026-09-11,S08,K06,weekly_mean56,13.2500000000,8.9500000000,19.1750000000,0.9000000000
2026-09-11,S08,K07,weekly_mean56,16.7500000000,11.2500000000,22.9500000000,0.9000000000
2026-09-11,S08,K08,weekly_mean56,17.0000000000,11.7500000000,23.3250000000,0.9000000000
2026-09-11,S09,K01,weekly_mean56,9.2500000000,5.3500000000,14.4250000000,0.9000000000
2026-09-11,S09,K02,weekly_mean56,8.6250000000,1.5750000000,14.5750000000,0.9000000000
2026-09-11,S09,K03,weekly_mean56,11.6250000000,6.6250000000,16.9500000000,0.9000000000
2026-09-11,S09,K04,weekly_mean56,11.0000000000,5.5500000000,18.1500000000,0.9000000000
2026-09-11,S09,K05,weekly_mean56,15.7500000000,8.8750000000,21.1750000000,0.9000000000
2026-09-11,S09,K06,weekly_mean56,15.7500000000,10.8500000000,19.9250000000,0.9000000000
2026-09-11,S09,K07,weekly_mean56,15.0000000000,9.1000000000,20.6750000000,0.9000000000
2026-09-11,S09,K08,weekly_mean56,18.8750000000,11.5750000000,24.9750000000,0.9000000000
2026-09-11,S10,K01,weekly_mean56,11.2500000000,7.1000000000,16.6750000000,0.9000000000
2026-09-11,S10,K02,weekly_mean56,11.3750000000,6.2500000000,16.9750000000,0.9000000000
2026-09-11,S10,K03,weekly_mean56,13.6250000000,8.7250000000,20.7500000000,0.9000000000
2026-09-11,S10,K04,weekly_mean56,12.7500000000,6.4500000000,18.7250000000,0.9000000000
2026-09-11,S10,K05,weekly_mean56,15.2500000000,9.9000000000,22.0500000000,0.9000000000
2026-09-11,S10,K06,weekly_mean56,17.2500000000,10.9500000000,22.2500000000,0.9000000000
2026-09-11,S10,K07,weekly_mean56,16.8750000000,11.0000000000,23.9250000000,0.9000000000
2026-09-11,S10,K08,weekly_mean56,19.1250000000,14.3750000000,26.8750000000,0.9000000000
2026-09-11,S11,K01,weekly_mean56,10.8750000000,4.7750000000,19.1000000000,0.9000000000
2026-09-11,S11,K02,weekly_mean56,11.5000000000,6.1250000000,16.2000000000,0.9000000000
2026-09-11,S11,K03,weekly_mean56,14.2500000000,9.9750000000,20.3250000000,0.9000000000
2026-09-11,S11,K04,weekly_mean56,12.7500000000,6.7000000000,18.2750000000,0.9000000000
2026-09-11,S11,K05,weekly_mean56,15.5000000000,9.0000000000,21.2500000000,0.9000000000
2026-09-11,S11,K06,weekly_mean56,15.7500000000,9.8750000000,23.9000000000,0.9000000000
2026-09-11,S11,K07,weekly_mean56,18.0000000000,11.4250000000,25.2500000000,0.9000000000
2026-09-11,S11,K08,weekly_mean56,18.7500000000,11.9750000000,26.4000000000,0.9000000000
2026-09-11,S12,K01,weekly_mean56,11.0000000000,6.2000000000,15.8500000000,0.9000000000
2026-09-11,S12,K02,weekly_mean56,11.7500000000,6.1750000000,16.1250000000,0.9000000000
2026-09-11,S12,K03,weekly_mean56,12.6250000000,7.2750000000,17.9750000000,0.9000000000
2026-09-11,S12,K04,weekly_mean56,14.1250000000,9.0250000000,20.0500000000,0.9000000000
2026-09-11,S12,K05,weekly_mean56,16.0000000000,9.4500000000,21.3500000000,0.9000000000
2026-09-11,S12,K06,weekly_mean56,15.0000000000,7.0250000000,21.0250000000,0.9000000000
2026-09-11,S12,K07,weekly_mean56,16.8750000000,12.5000000000,21.0750000000,0.9000000000
2026-09-11,S12,K08,weekly_mean56,21.3750000000,16.6750000000,26.9250000000,0.9000000000
2026-09-12,S01,K01,weekly_mean56,9.7500000000,5.5250000000,14.6750000000,0.9000000000
2026-09-12,S01,K02,weekly_mean56,10.0000000000,5.6250000000,13.5250000000,0.9000000000
2026-09-12,S01,K03,weekly_mean56,12.1250000000,6.7500000000,17.0500000000,0.9000000000
2026-09-12,S01,K04,weekly_mean56,13.2500000000,7.7250000000,17.9250000000,0.9000000000
2026-09-12,S01,K05,weekly_mean56,15.7500000000,11.4000000000,22.6250000000,0.9000000000
2026-09-12,S01,K06,weekly_mean56,14.5000000000,8.9000000000,20.7750000000,0.9000000000
2026-09-12,S01,K07,weekly_mean56,15.6250000000,9.8500000000,21.1750000000,0.9000000000
2026-09-12,S01,K08,weekly_mean56,16.5000000000,12.1500000000,20.7250000000,0.9000000000
2026-09-12,S02,K01,weekly_mean56,12.3750000000,7.9000000000,17.5500000000,0.9000000000
2026-09-12,S02,K02,weekly_mean56,9.8750000000,5.3250000000,13.6000000000,0.9000000000
2026-09-12,S02,K03,weekly_mean56,12.6250000000,7.4500000000,18.1000000000,0.9000000000
2026-09-12,S02,K04,weekly_mean56,13.2500000000,7.5000000000,17.7500000000,0.9000000000
2026-09-12,S02,K05,weekly_mean56,15.2500000000,10.5750000000,20.2500000000,0.9000000000
2026-09-12,S02,K06,weekly_mean56,16.6250000000,11.7000000000,20.9250000000,0.9000000000
2026-09-12,S02,K07,weekly_mean56,17.3750000000,11.5250000000,24.2750000000,0.9000000000
2026-09-12,S02,K08,weekly_mean56,16.0000000000,10.9500000000,20.5500000000,0.9000000000
2026-09-12,S03,K01,weekly_mean56,10.2500000000,5.3250000000,14.5750000000,0.9000000000
2026-09-12,S03,K02,weekly_mean56,11.6250000000,5.5750000000,16.9250000000,0.9000000000
2026-09-12,S03,K03,weekly_mean56,13.2500000000,8.8750000000,18.4000000000,0.9000000000
2026-09-12,S03,K04,weekly_mean56,13.3750000000,7.5750000000,19.5000000000,0.9000000000
2026-09-12,S03,K05,weekly_mean56,16.3750000000,12.5000000000,21.5000000000,0.9000000000
2026-09-12,S03,K06,weekly_mean56,16.8750000000,12.5500000000,22.2000000000,0.9000000000
2026-09-12,S03,K07,weekly_mean56,17.3750000000,12.8250000000,21.4250000000,0.9000000000
2026-09-12,S03,K08,weekly_mean56,18.3750000000,13.5250000000,23.8750000000,0.9000000000
2026-09-12,S04,K01,weekly_mean56,11.5000000000,7.0750000000,16.4250000000,0.9000000000
2026-09-12,S04,K02,weekly_mean56,12.2500000000,7.6000000000,16.9250000000,0.9000000000
2026-09-12,S04,K03,weekly_mean56,13.0000000000,8.9000000000,16.4250000000,0.9000000000
2026-09-12,S04,K04,weekly_mean56,13.3750000000,7.8000000000,18.7250000000,0.9000000000
2026-09-12,S04,K05,weekly_mean56,15.8750000000,10.1250000000,21.1250000000,0.9000000000
2026-09-12,S04,K06,weekly_mean56,15.7500000000,10.1500000000,20.8500000000,0.9000000000
2026-09-12,S04,K07,weekly_mean56,18.0000000000,13.2000000000,24.8000000000,0.9000000000
2026-09-12,S04,K08,weekly_mean56,19.0000000000,12.8500000000,26.1000000000,0.9000000000
2026-09-12,S05,K01,weekly_mean56,9.6250000000,4.3750000000,13.9250000000,0.9000000000
2026-09-12,S05,K02,weekly_mean56,12.7500000000,8.2000000000,17.6250000000,0.9000000000
2026-09-12,S05,K03,weekly_mean56,14.1250000000,9.1250000000,19.2500000000,0.9000000000
2026-09-12,S05,K04,weekly_mean56,13.3750000000,7.1250000000,19.5500000000,0.9000000000
2026-09-12,S05,K05,weekly_mean56,17.1250000000,11.1250000000,22.4250000000,0.9000000000
2026-09-12,S05,K06,weekly_mean56,17.3750000000,12.8250000000,23.9500000000,0.9000000000
2026-09-12,S05,K07,weekly_mean56,19.7500000000,13.6250000000,25.8750000000,0.9000000000
2026-09-12,S05,K08,weekly_mean56,17.0000000000,11.9500000000,21.5500000000,0.9000000000
2026-09-12,S06,K01,weekly_mean56,12.0000000000,7.3250000000,17.6500000000,0.9000000000
2026-09-12,S06,K02,weekly_mean56,12.6250000000,8.0500000000,17.6000000000,0.9000000000
2026-09-12,S06,K03,weekly_mean56,14.2500000000,9.6000000000,19.4750000000,0.9000000000
2026-09-12,S06,K04,weekly_mean56,14.6250000000,9.8500000000,20.7250000000,0.9000000000
2026-09-12,S06,K05,weekly_mean56,15.8750000000,11.7000000000,21.9250000000,0.9000000000
2026-09-12,S06,K06,weekly_mean56,18.0000000000,12.7250000000,22.1000000000,0.9000000000
2026-09-12,S06,K07,weekly_mean56,18.5000000000,10.4500000000,26.2000000000,0.9000000000
2026-09-12,S06,K08,weekly_mean56,18.1250000000,12.4750000000,22.2500000000,0.9000000000
2026-09-12,S07,K01,weekly_mean56,11.6250000000,6.4500000000,16.3750000000,0.9000000000
2026-09-12,S07,K02,weekly_mean56,11.8750000000,5.8750000000,16.3250000000,0.9000000000
2026-09-12,S07,K03,weekly_mean56,14.3750000000,9.4000000000,20.2750000000,0.9000000000
2026-09-12,S07,K04,weekly_mean56,16.3750000000,11.1250000000,21.5500000000,0.9000000000
2026-09-12,S07,K05,weekly_mean56,18.0000000000,13.7250000000,22.5000000000,0.9000000000
2026-09-12,S07,K06,weekly_mean56,17.7500000000,11.5750000000,22.9500000000,0.9000000000
2026-09-12,S07,K07,weekly_mean56,18.1250000000,12.0500000000,23.6000000000,0.9000000000
2026-09-12,S07,K08,weekly_mean56,19.5000000000,13.1000000000,27.2500000000,0.9000000000
2026-09-12,S08,K01,weekly_mean56,13.6250000000,9.1500000000,19.3000000000,0.9000000000
2026-09-12,S08,K02,weekly_mean56,12.3750000000,7.1750000000,17.3250000000,0.9000000000
2026-09-12,S08,K03,weekly_mean56,15.5000000000,10.2500000000,21.6750000000,0.9000000000
2026-09-12,S08,K04,weekly_mean56,15.3750000000,10.5500000000,22.8250000000,0.9000000000
2026-09-12,S08,K05,weekly_mean56,18.3750000000,13.0000000000,22.9500000000,0.9000000000
2026-09-12,S08,K06,weekly_mean56,18.3750000000,14.0750000000,24.3000000000,0.9000000000
2026-09-12,S08,K07,weekly_mean56,19.8750000000,14.3750000000,26.0750000000,0.9000000000
2026-09-12,S08,K08,weekly_mean56,21.7500000000,16.5000000000,28.0750000000,0.9000000000
2026-09-12,S09,K01,weekly_mean56,11.5000000000,7.6000000000,16.6750000000,0.9000000000
2026-09-12,S09,K02,weekly_mean56,13.3750000000,6.3250000000,19.3250000000,0.9000000000
2026-09-12,S09,K03,weekly_mean56,15.0000000000,10.0000000000,20.3250000000,0.9000000000
2026-09-12,S09,K04,weekly_mean56,16.6250000000,11.1750000000,23.7750000000,0.9000000000
2026-09-12,S09,K05,weekly_mean56,20.2500000000,13.3750000000,25.6750000000,0.9000000000
2026-09-12,S09,K06,weekly_mean56,19.1250000000,14.2250000000,23.3000000000,0.9000000000
2026-09-12,S09,K07,weekly_mean56,22.2500000000,16.3500000000,27.9250000000,0.9000000000
2026-09-12,S09,K08,weekly_mean56,21.2500000000,13.9500000000,27.3500000000,0.9000000000
2026-09-12,S10,K01,weekly_mean56,13.8750000000,9.7250000000,19.3000000000,0.9000000000
2026-09-12,S10,K02,weekly_mean56,13.1250000000,8.0000000000,18.7250000000,0.9000000000
2026-09-12,S10,K03,weekly_mean56,17.6250000000,12.7250000000,24.7500000000,0.9000000000
2026-09-12,S10,K04,weekly_mean56,17.1250000000,10.8250000000,23.1000000000,0.9000000000
2026-09-12,S10,K05,weekly_mean56,18.6250000000,13.2750000000,25.4250000000,0.9000000000
2026-09-12,S10,K06,weekly_mean56,20.0000000000,13.7000000000,25.0000000000,0.9000000000
2026-09-12,S10,K07,weekly_mean56,24.7500000000,18.8750000000,31.8000000000,0.9000000000
2026-09-12,S10,K08,weekly_mean56,22.2500000000,17.5000000000,30.0000000000,0.9000000000
2026-09-12,S11,K01,weekly_mean56,16.2500000000,10.1500000000,24.4750000000,0.9000000000
2026-09-12,S11,K02,weekly_mean56,14.3750000000,9.0000000000,19.0750000000,0.9000000000
2026-09-12,S11,K03,weekly_mean56,16.1250000000,11.8500000000,22.2000000000,0.9000000000
2026-09-12,S11,K04,weekly_mean56,18.0000000000,11.9500000000,23.5250000000,0.9000000000
2026-09-12,S11,K05,weekly_mean56,17.7500000000,11.2500000000,23.5000000000,0.9000000000
2026-09-12,S11,K06,weekly_mean56,21.3750000000,15.5000000000,29.5250000000,0.9000000000
2026-09-12,S11,K07,weekly_mean56,24.3750000000,17.8000000000,31.6250000000,0.9000000000
2026-09-12,S11,K08,weekly_mean56,25.6250000000,18.8500000000,33.2750000000,0.9000000000
2026-09-12,S12,K01,weekly_mean56,14.2500000000,9.4500000000,19.1000000000,0.9000000000
2026-09-12,S12,K02,weekly_mean56,15.3750000000,9.8000000000,19.7500000000,0.9000000000
2026-09-12,S12,K03,weekly_mean56,18.0000000000,12.6500000000,23.3500000000,0.9000000000
2026-09-12,S12,K04,weekly_mean56,17.6250000000,12.5250000000,23.5500000000,0.9000000000
2026-09-12,S12,K05,weekly_mean56,21.0000000000,14.4500000000,26.3500000000,0.9000000000
2026-09-12,S12,K06,weekly_mean56,21.3750000000,13.4000000000,27.4000000000,0.9000000000
2026-09-12,S12,K07,weekly_mean56,22.6250000000,18.2500000000,26.8250000000,0.9000000000
2026-09-12,S12,K08,weekly_mean56,24.7500000000,20.0500000000,30.3000000000,0.9000000000
2026-09-13,S01,K01,weekly_mean56,10.2500000000,6.0250000000,15.1750000000,0.9000000000
2026-09-13,S01,K02,weekly_mean56,10.3750000000,6.0000000000,13.9000000000,0.9000000000
2026-09-13,S01,K03,weekly_mean56,11.1250000000,5.7500000000,16.0500000000,0.9000000000
2026-09-13,S01,K04,weekly_mean56,11.1250000000,5.6000000000,15.8000000000,0.9000000000
2026-09-13,S01,K05,weekly_mean56,14.1250000000,9.7750000000,21.0000000000,0.9000000000
2026-09-13,S01,K06,weekly_mean56,14.2500000000,8.6500000000,20.5250000000,0.9000000000
2026-09-13,S01,K07,weekly_mean56,15.8750000000,10.1000000000,21.4250000000,0.9000000000
2026-09-13,S01,K08,weekly_mean56,16.7500000000,12.4000000000,20.9750000000,0.9000000000
2026-09-13,S02,K01,weekly_mean56,9.6250000000,5.1500000000,14.8000000000,0.9000000000
2026-09-13,S02,K02,weekly_mean56,8.7500000000,4.2000000000,12.4750000000,0.9000000000
2026-09-13,S02,K03,weekly_mean56,12.2500000000,7.0750000000,17.7250000000,0.9000000000
2026-09-13,S02,K04,weekly_mean56,12.3750000000,6.6250000000,16.8750000000,0.9000000000
2026-09-13,S02,K05,weekly_mean56,12.7500000000,8.0750000000,17.7500000000,0.9000000000
2026-09-13,S02,K06,weekly_mean56,14.8750000000,9.9500000000,19.1750000000,0.9000000000
2026-09-13,S02,K07,weekly_mean56,17.1250000000,11.2750000000,24.0250000000,0.9000000000
2026-09-13,S02,K08,weekly_mean56,18.2500000000,13.2000000000,22.8000000000,0.9000000000
2026-09-13,S03,K01,weekly_mean56,12.1250000000,7.2000000000,16.4500000000,0.9000000000
2026-09-13,S03,K02,weekly_mean56,11.1250000000,5.0750000000,16.4250000000,0.9000000000
2026-09-13,S03,K03,weekly_mean56,10.6250000000,6.2500000000,15.7750000000,0.9000000000
2026-09-13,S03,K04,weekly_mean56,12.1250000000,6.3250000000,18.2500000000,0.9000000000
2026-09-13,S03,K05,weekly_mean56,15.2500000000,11.3750000000,20.3750000000,0.9000000000
2026-09-13,S03,K06,weekly_mean56,14.7500000000,10.4250000000,20.0750000000,0.9000000000
2026-09-13,S03,K07,weekly_mean56,16.0000000000,11.4500000000,20.0500000000,0.9000000000
2026-09-13,S03,K08,weekly_mean56,17.5000000000,12.6500000000,23.0000000000,0.9000000000
2026-09-13,S04,K01,weekly_mean56,10.6250000000,6.2000000000,15.5500000000,0.9000000000
2026-09-13,S04,K02,weekly_mean56,12.3750000000,7.7250000000,17.0500000000,0.9000000000
2026-09-13,S04,K03,weekly_mean56,12.3750000000,8.2750000000,15.8000000000,0.9000000000
2026-09-13,S04,K04,weekly_mean56,15.6250000000,10.0500000000,20.9750000000,0.9000000000
2026-09-13,S04,K05,weekly_mean56,15.0000000000,9.2500000000,20.2500000000,0.9000000000
2026-09-13,S04,K06,weekly_mean56,17.5000000000,11.9000000000,22.6000000000,0.9000000000
2026-09-13,S04,K07,weekly_mean56,17.0000000000,12.2000000000,23.8000000000,0.9000000000
2026-09-13,S04,K08,weekly_mean56,19.7500000000,13.6000000000,26.8500000000,0.9000000000
2026-09-13,S05,K01,weekly_mean56,11.8750000000,6.6250000000,16.1750000000,0.9000000000
2026-09-13,S05,K02,weekly_mean56,13.5000000000,8.9500000000,18.3750000000,0.9000000000
2026-09-13,S05,K03,weekly_mean56,14.2500000000,9.2500000000,19.3750000000,0.9000000000
2026-09-13,S05,K04,weekly_mean56,13.3750000000,7.1250000000,19.5500000000,0.9000000000
2026-09-13,S05,K05,weekly_mean56,16.0000000000,10.0000000000,21.3000000000,0.9000000000
2026-09-13,S05,K06,weekly_mean56,18.2500000000,13.7000000000,24.8250000000,0.9000000000
2026-09-13,S05,K07,weekly_mean56,19.1250000000,13.0000000000,25.2500000000,0.9000000000
2026-09-13,S05,K08,weekly_mean56,20.3750000000,15.3250000000,24.9250000000,0.9000000000
2026-09-13,S06,K01,weekly_mean56,11.7500000000,7.0750000000,17.4000000000,0.9000000000
2026-09-13,S06,K02,weekly_mean56,12.3750000000,7.8000000000,17.3500000000,0.9000000000
2026-09-13,S06,K03,weekly_mean56,14.2500000000,9.6000000000,19.4750000000,0.9000000000
2026-09-13,S06,K04,weekly_mean56,14.8750000000,10.1000000000,20.9750000000,0.9000000000
2026-09-13,S06,K05,weekly_mean56,17.7500000000,13.5750000000,23.8000000000,0.9000000000
2026-09-13,S06,K06,weekly_mean56,18.8750000000,13.6000000000,22.9750000000,0.9000000000
2026-09-13,S06,K07,weekly_mean56,19.0000000000,10.9500000000,26.7000000000,0.9000000000
2026-09-13,S06,K08,weekly_mean56,19.6250000000,13.9750000000,23.7500000000,0.9000000000
2026-09-13,S07,K01,weekly_mean56,13.2500000000,8.0750000000,18.0000000000,0.9000000000
2026-09-13,S07,K02,weekly_mean56,12.5000000000,6.5000000000,16.9500000000,0.9000000000
2026-09-13,S07,K03,weekly_mean56,13.8750000000,8.9000000000,19.7750000000,0.9000000000
2026-09-13,S07,K04,weekly_mean56,15.0000000000,9.7500000000,20.1750000000,0.9000000000
2026-09-13,S07,K05,weekly_mean56,18.2500000000,13.9750000000,22.7500000000,0.9000000000
2026-09-13,S07,K06,weekly_mean56,16.6250000000,10.4500000000,21.8250000000,0.9000000000
2026-09-13,S07,K07,weekly_mean56,23.6250000000,17.5500000000,29.1000000000,0.9000000000
2026-09-13,S07,K08,weekly_mean56,21.8750000000,15.4750000000,29.6250000000,0.9000000000
2026-09-13,S08,K01,weekly_mean56,13.5000000000,9.0250000000,19.1750000000,0.9000000000
2026-09-13,S08,K02,weekly_mean56,11.8750000000,6.6750000000,16.8250000000,0.9000000000
2026-09-13,S08,K03,weekly_mean56,17.6250000000,12.3750000000,23.8000000000,0.9000000000
2026-09-13,S08,K04,weekly_mean56,17.0000000000,12.1750000000,24.4500000000,0.9000000000
2026-09-13,S08,K05,weekly_mean56,19.7500000000,14.3750000000,24.3250000000,0.9000000000
2026-09-13,S08,K06,weekly_mean56,18.7500000000,14.4500000000,24.6750000000,0.9000000000
2026-09-13,S08,K07,weekly_mean56,20.0000000000,14.5000000000,26.2000000000,0.9000000000
2026-09-13,S08,K08,weekly_mean56,23.1250000000,17.8750000000,29.4500000000,0.9000000000
2026-09-13,S09,K01,weekly_mean56,13.3750000000,9.4750000000,18.5500000000,0.9000000000
2026-09-13,S09,K02,weekly_mean56,13.6250000000,6.5750000000,19.5750000000,0.9000000000
2026-09-13,S09,K03,weekly_mean56,15.5000000000,10.5000000000,20.8250000000,0.9000000000
2026-09-13,S09,K04,weekly_mean56,17.8750000000,12.4250000000,25.0250000000,0.9000000000
2026-09-13,S09,K05,weekly_mean56,17.7500000000,10.8750000000,23.1750000000,0.9000000000
2026-09-13,S09,K06,weekly_mean56,19.3750000000,14.4750000000,23.5500000000,0.9000000000
2026-09-13,S09,K07,weekly_mean56,21.3750000000,15.4750000000,27.0500000000,0.9000000000
2026-09-13,S09,K08,weekly_mean56,21.8750000000,14.5750000000,27.9750000000,0.9000000000
2026-09-13,S10,K01,weekly_mean56,13.6250000000,9.4750000000,19.0500000000,0.9000000000
2026-09-13,S10,K02,weekly_mean56,14.8750000000,9.7500000000,20.4750000000,0.9000000000
2026-09-13,S10,K03,weekly_mean56,14.7500000000,9.8500000000,21.8750000000,0.9000000000
2026-09-13,S10,K04,weekly_mean56,16.6250000000,10.3250000000,22.6000000000,0.9000000000
2026-09-13,S10,K05,weekly_mean56,19.5000000000,14.1500000000,26.3000000000,0.9000000000
2026-09-13,S10,K06,weekly_mean56,18.8750000000,12.5750000000,23.8750000000,0.9000000000
2026-09-13,S10,K07,weekly_mean56,20.8750000000,15.0000000000,27.9250000000,0.9000000000
2026-09-13,S10,K08,weekly_mean56,24.1250000000,19.3750000000,31.8750000000,0.9000000000
2026-09-13,S11,K01,weekly_mean56,14.3750000000,8.2750000000,22.6000000000,0.9000000000
2026-09-13,S11,K02,weekly_mean56,14.2500000000,8.8750000000,18.9500000000,0.9000000000
2026-09-13,S11,K03,weekly_mean56,16.5000000000,12.2250000000,22.5750000000,0.9000000000
2026-09-13,S11,K04,weekly_mean56,17.3750000000,11.3250000000,22.9000000000,0.9000000000
2026-09-13,S11,K05,weekly_mean56,18.0000000000,11.5000000000,23.7500000000,0.9000000000
2026-09-13,S11,K06,weekly_mean56,22.3750000000,16.5000000000,30.5250000000,0.9000000000
2026-09-13,S11,K07,weekly_mean56,22.5000000000,15.9250000000,29.7500000000,0.9000000000
2026-09-13,S11,K08,weekly_mean56,24.6250000000,17.8500000000,32.2750000000,0.9000000000
2026-09-13,S12,K01,weekly_mean56,14.2500000000,9.4500000000,19.1000000000,0.9000000000
2026-09-13,S12,K02,weekly_mean56,15.1250000000,9.5500000000,19.5000000000,0.9000000000
2026-09-13,S12,K03,weekly_mean56,15.6250000000,10.2750000000,20.9750000000,0.9000000000
2026-09-13,S12,K04,weekly_mean56,17.3750000000,12.2750000000,23.3000000000,0.9000000000
2026-09-13,S12,K05,weekly_mean56,19.6250000000,13.0750000000,24.9750000000,0.9000000000
2026-09-13,S12,K06,weekly_mean56,20.1250000000,12.1500000000,26.1500000000,0.9000000000
2026-09-13,S12,K07,weekly_mean56,23.3750000000,19.0000000000,27.5750000000,0.9000000000
2026-09-13,S12,K08,weekly_mean56,24.8750000000,20.1750000000,30.4250000000,0.9000000000
2026-09-14,S01,K01,weekly_mean56,7.5000000000,3.2750000000,12.4250000000,0.9000000000
2026-09-14,S01,K02,weekly_mean56,7.8750000000,3.5000000000,11.4000000000,0.9000000000
2026-09-14,S01,K03,weekly_mean56,8.2500000000,2.8750000000,13.1750000000,0.9000000000
2026-09-14,S01,K04,weekly_mean56,9.6250000000,4.1000000000,14.3000000000,0.9000000000
2026-09-14,S01,K05,weekly_mean56,10.7500000000,6.4000000000,17.6250000000,0.9000000000
2026-09-14,S01,K06,weekly_mean56,12.0000000000,6.4000000000,18.2750000000,0.9000000000
2026-09-14,S01,K07,weekly_mean56,12.8750000000,7.1000000000,18.4250000000,0.9000000000
2026-09-14,S01,K08,weekly_mean56,13.1250000000,8.7750000000,17.3500000000,0.9000000000
2026-09-14,S02,K01,weekly_mean56,7.6250000000,3.1500000000,12.8000000000,0.9000000000
2026-09-14,S02,K02,weekly_mean56,6.5000000000,1.9500000000,10.2250000000,0.9000000000
2026-09-14,S02,K03,weekly_mean56,9.6250000000,4.4500000000,15.1000000000,0.9000000000
2026-09-14,S02,K04,weekly_mean56,8.8750000000,3.1250000000,13.3750000000,0.9000000000
2026-09-14,S02,K05,weekly_mean56,11.5000000000,6.8250000000,16.5000000000,0.9000000000
2026-09-14,S02,K06,weekly_mean56,11.2500000000,6.3250000000,15.5500000000,0.9000000000
2026-09-14,S02,K07,weekly_mean56,11.2500000000,5.4000000000,18.1500000000,0.9000000000
2026-09-14,S02,K08,weekly_mean56,13.3750000000,8.3250000000,17.9250000000,0.9000000000
2026-09-14,S03,K01,weekly_mean56,8.1250000000,3.2000000000,12.4500000000,0.9000000000
2026-09-14,S03,K02,weekly_mean56,8.2500000000,2.2000000000,13.5500000000,0.9000000000
2026-09-14,S03,K03,weekly_mean56,9.1250000000,4.7500000000,14.2750000000,0.9000000000
2026-09-14,S03,K04,weekly_mean56,9.8750000000,4.0750000000,16.0000000000,0.9000000000
2026-09-14,S03,K05,weekly_mean56,13.0000000000,9.1250000000,18.1250000000,0.9000000000
2026-09-14,S03,K06,weekly_mean56,11.1250000000,6.8000000000,16.4500000000,0.9000000000
2026-09-14,S03,K07,weekly_mean56,13.0000000000,8.4500000000,17.0500000000,0.9000000000
2026-09-14,S03,K08,weekly_mean56,12.8750000000,8.0250000000,18.3750000000,0.9000000000
2026-09-14,S04,K01,weekly_mean56,8.2500000000,3.8250000000,13.1750000000,0.9000000000
2026-09-14,S04,K02,weekly_mean56,9.2500000000,4.6000000000,13.9250000000,0.9000000000
2026-09-14,S04,K03,weekly_mean56,9.7500000000,5.6500000000,13.1750000000,0.9000000000
2026-09-14,S04,K04,weekly_mean56,8.8750000000,3.3000000000,14.2250000000,0.9000000000
2026-09-14,S04,K05,weekly_mean56,13.0000000000,7.2500000000,18.2500000000,0.9000000000
2026-09-14,S04,K06,weekly_mean56,14.2500000000,8.6500000000,19.3500000000,0.9000000000
2026-09-14,S04,K07,weekly_mean56,15.5000000000,10.7000000000,22.3000000000,0.9000000000
2026-09-14,S04,K08,weekly_mean56,13.6250000000,7.4750000000,20.7250000000,0.9000000000
2026-09-14,S05,K01,weekly_mean56,7.7500000000,2.5000000000,12.0500000000,0.9000000000
2026-09-14,S05,K02,weekly_mean56,7.8750000000,3.3250000000,12.7500000000,0.9000000000
2026-09-14,S05,K03,weekly_mean56,10.6250000000,5.6250000000,15.7500000000,0.9000000000
2026-09-14,S05,K04,weekly_mean56,11.7500000000,5.5000000000,17.9250000000,0.9000000000
2026-09-14,S05,K05,weekly_mean56,11.7500000000,5.7500000000,17.0500000000,0.9000000000
2026-09-14,S05,K06,weekly_mean56,13.3750000000,8.8250000000,19.9500000000,0.9000000000
2026-09-14,S05,K07,weekly_mean56,14.8750000000,8.7500000000,21.0000000000,0.9000000000
2026-09-14,S05,K08,weekly_mean56,14.2500000000,9.2000000000,18.8000000000,0.9000000000
2026-09-14,S06,K01,weekly_mean56,8.3750000000,3.7000000000,14.0250000000,0.9000000000
2026-09-14,S06,K02,weekly_mean56,9.1250000000,4.5500000000,14.1000000000,0.9000000000
2026-09-14,S06,K03,weekly_mean56,10.0000000000,5.3500000000,15.2250000000,0.9000000000
2026-09-14,S06,K04,weekly_mean56,11.6250000000,6.8500000000,17.7250000000,0.9000000000
2026-09-14,S06,K05,weekly_mean56,14.2500000000,10.0750000000,20.3000000000,0.9000000000
2026-09-14,S06,K06,weekly_mean56,13.1250000000,7.8500000000,17.2250000000,0.9000000000
2026-09-14,S06,K07,weekly_mean56,15.6250000000,7.5750000000,23.3250000000,0.9000000000
2026-09-14,S06,K08,weekly_mean56,15.5000000000,9.8500000000,19.6250000000,0.9000000000
2026-09-14,S07,K01,weekly_mean56,7.6250000000,2.4500000000,12.3750000000,0.9000000000
2026-09-14,S07,K02,weekly_mean56,8.8750000000,2.8750000000,13.3250000000,0.9000000000
2026-09-14,S07,K03,weekly_mean56,10.0000000000,5.0250000000,15.9000000000,0.9000000000
2026-09-14,S07,K04,weekly_mean56,11.5000000000,6.2500000000,16.6750000000,0.9000000000
2026-09-14,S07,K05,weekly_mean56,13.6250000000,9.3500000000,18.1250000000,0.9000000000
2026-09-14,S07,K06,weekly_mean56,14.6250000000,8.4500000000,19.8250000000,0.9000000000
2026-09-14,S07,K07,weekly_mean56,14.3750000000,8.3000000000,19.8500000000,0.9000000000
2026-09-14,S07,K08,weekly_mean56,16.0000000000,9.6000000000,23.7500000000,0.9000000000
2026-09-14,S08,K01,weekly_mean56,9.2500000000,4.7750000000,14.9250000000,0.9000000000
2026-09-14,S08,K02,weekly_mean56,10.0000000000,4.8000000000,14.9500000000,0.9000000000
2026-09-14,S08,K03,weekly_mean56,10.6250000000,5.3750000000,16.8000000000,0.9000000000
2026-09-14,S08,K04,weekly_mean56,12.2500000000,7.4250000000,19.7000000000,0.9000000000
2026-09-14,S08,K05,weekly_mean56,13.6250000000,8.2500000000,18.2000000000,0.9000000000
2026-09-14,S08,K06,weekly_mean56,15.5000000000,11.2000000000,21.4250000000,0.9000000000
2026-09-14,S08,K07,weekly_mean56,16.3750000000,10.8750000000,22.5750000000,0.9000000000
2026-09-14,S08,K08,weekly_mean56,19.0000000000,13.7500000000,25.3250000000,0.9000000000
2026-09-14,S09,K01,weekly_mean56,10.6250000000,6.7250000000,15.8000000000,0.9000000000
2026-09-14,S09,K02,weekly_mean56,10.2500000000,3.2000000000,16.2000000000,0.9000000000
2026-09-14,S09,K03,weekly_mean56,11.0000000000,6.0000000000,16.3250000000,0.9000000000
2026-09-14,S09,K04,weekly_mean56,12.2500000000,6.8000000000,19.4000000000,0.9000000000
2026-09-14,S09,K05,weekly_mean56,14.3750000000,7.5000000000,19.8000000000,0.9000000000
2026-09-14,S09,K06,weekly_mean56,14.5000000000,9.6000000000,18.6750000000,0.9000000000
2026-09-14,S09,K07,weekly_mean56,18.1250000000,12.2250000000,23.8000000000,0.9000000000
2026-09-14,S09,K08,weekly_mean56,16.7500000000,9.4500000000,22.8500000000,0.9000000000
2026-09-14,S10,K01,weekly_mean56,10.7500000000,6.6000000000,16.1750000000,0.9000000000
2026-09-14,S10,K02,weekly_mean56,9.6250000000,4.5000000000,15.2250000000,0.9000000000
2026-09-14,S10,K03,weekly_mean56,11.8750000000,6.9750000000,19.0000000000,0.9000000000
2026-09-14,S10,K04,weekly_mean56,13.7500000000,7.4500000000,19.7250000000,0.9000000000
2026-09-14,S10,K05,weekly_mean56,15.5000000000,10.1500000000,22.3000000000,0.9000000000
2026-09-14,S10,K06,weekly_mean56,15.7500000000,9.4500000000,20.7500000000,0.9000000000
2026-09-14,S10,K07,weekly_mean56,20.2500000000,14.3750000000,27.3000000000,0.9000000000
2026-09-14,S10,K08,weekly_mean56,18.0000000000,13.2500000000,25.7500000000,0.9000000000
2026-09-14,S11,K01,weekly_mean56,11.1250000000,5.0250000000,19.3500000000,0.9000000000
2026-09-14,S11,K02,weekly_mean56,11.6250000000,6.2500000000,16.3250000000,0.9000000000
2026-09-14,S11,K03,weekly_mean56,13.1250000000,8.8500000000,19.2000000000,0.9000000000
2026-09-14,S11,K04,weekly_mean56,13.7500000000,7.7000000000,19.2750000000,0.9000000000
2026-09-14,S11,K05,weekly_mean56,17.6250000000,11.1250000000,23.3750000000,0.9000000000
2026-09-14,S11,K06,weekly_mean56,14.6250000000,8.7500000000,22.7750000000,0.9000000000
2026-09-14,S11,K07,weekly_mean56,17.0000000000,10.4250000000,24.2500000000,0.9000000000
2026-09-14,S11,K08,weekly_mean56,20.3750000000,13.6000000000,28.0250000000,0.9000000000
2026-09-14,S12,K01,weekly_mean56,11.1250000000,6.3250000000,15.9750000000,0.9000000000
2026-09-14,S12,K02,weekly_mean56,11.6250000000,6.0500000000,16.0000000000,0.9000000000
2026-09-14,S12,K03,weekly_mean56,13.8750000000,8.5250000000,19.2250000000,0.9000000000
2026-09-14,S12,K04,weekly_mean56,12.5000000000,7.4000000000,18.4250000000,0.9000000000
2026-09-14,S12,K05,weekly_mean56,14.3750000000,7.8250000000,19.7250000000,0.9000000000
2026-09-14,S12,K06,weekly_mean56,15.5000000000,7.5250000000,21.5250000000,0.9000000000
2026-09-14,S12,K07,weekly_mean56,19.8750000000,15.5000000000,24.0750000000,0.9000000000
2026-09-14,S12,K08,weekly_mean56,18.8750000000,14.1750000000,24.4250000000,0.9000000000
2026-09-15,S01,K01,weekly_mean56,7.5000000000,3.2750000000,12.4250000000,0.9000000000
2026-09-15,S01,K02,weekly_mean56,6.6250000000,2.2500000000,10.1500000000,0.9000000000
2026-09-15,S01,K03,weekly_mean56,9.7500000000,4.3750000000,14.6750000000,0.9000000000
2026-09-15,S01,K04,weekly_mean56,10.5000000000,4.9750000000,15.1750000000,0.9000000000
2026-09-15,S01,K05,weekly_mean56,10.0000000000,5.6500000000,16.8750000000,0.9000000000
2026-09-15,S01,K06,weekly_mean56,11.1250000000,5.5250000000,17.4000000000,0.9000000000
2026-09-15,S01,K07,weekly_mean56,14.3750000000,8.6000000000,19.9250000000,0.9000000000
2026-09-15,S01,K08,weekly_mean56,11.7500000000,7.4000000000,15.9750000000,0.9000000000
2026-09-15,S02,K01,weekly_mean56,8.8750000000,4.4000000000,14.0500000000,0.9000000000
2026-09-15,S02,K02,weekly_mean56,7.3750000000,2.8250000000,11.1000000000,0.9000000000
2026-09-15,S02,K03,weekly_mean56,9.1250000000,3.9500000000,14.6000000000,0.9000000000
2026-09-15,S02,K04,weekly_mean56,9.5000000000,3.7500000000,14.0000000000,0.9000000000
2026-09-15,S02,K05,weekly_mean56,12.5000000000,7.8250000000,17.5000000000,0.9000000000
2026-09-15,S02,K06,weekly_mean56,9.8750000000,4.9500000000,14.1750000000,0.9000000000
2026-09-15,S02,K07,weekly_mean56,12.5000000000,6.6500000000,19.4000000000,0.9000000000
2026-09-15,S02,K08,weekly_mean56,13.8750000000,8.8250000000,18.4250000000,0.9000000000
2026-09-15,S03,K01,weekly_mean56,8.1250000000,3.2000000000,12.4500000000,0.9000000000
2026-09-15,S03,K02,weekly_mean56,8.1250000000,2.0750000000,13.4250000000,0.9000000000
2026-09-15,S03,K03,weekly_mean56,9.7500000000,5.3750000000,14.9000000000,0.9000000000
2026-09-15,S03,K04,weekly_mean56,10.7500000000,4.9500000000,16.8750000000,0.9000000000
2026-09-15,S03,K05,weekly_mean56,11.2500000000,7.3750000000,16.3750000000,0.9000000000
2026-09-15,S03,K06,weekly_mean56,13.8750000000,9.5500000000,19.2000000000,0.9000000000
2026-09-15,S03,K07,weekly_mean56,12.7500000000,8.2000000000,16.8000000000,0.9000000000
2026-09-15,S03,K08,weekly_mean56,12.8750000000,8.0250000000,18.3750000000,0.9000000000
2026-09-15,S04,K01,weekly_mean56,7.2500000000,2.8250000000,12.1750000000,0.9000000000
2026-09-15,S04,K02,weekly_mean56,8.2500000000,3.6000000000,12.9250000000,0.9000000000
2026-09-15,S04,K03,weekly_mean56,11.2500000000,7.1500000000,14.6750000000,0.9000000000
2026-09-15,S04,K04,weekly_mean56,10.0000000000,4.4250000000,15.3500000000,0.9000000000
2026-09-15,S04,K05,weekly_mean56,11.6250000000,5.8750000000,16.8750000000,0.9000000000
2026-09-15,S04,K06,weekly_mean56,13.1250000000,7.5250000000,18.2250000000,0.9000000000
2026-09-15,S04,K07,weekly_mean56,15.6250000000,10.8250000000,22.4250000000,0.9000000000
2026-09-15,S04,K08,weekly_mean56,15.6250000000,9.4750000000,22.7250000000,0.9000000000
2026-09-15,S05,K01,weekly_mean56,9.8750000000,4.6250000000,14.1750000000,0.9000000000
2026-09-15,S05,K02,weekly_mean56,10.3750000000,5.8250000000,15.2500000000,0.9000000000
2026-09-15,S05,K03,weekly_mean56,10.6250000000,5.6250000000,15.7500000000,0.9000000000
2026-09-15,S05,K04,weekly_mean56,11.0000000000,4.7500000000,17.1750000000,0.9000000000
2026-09-15,S05,K05,weekly_mean56,13.3750000000,7.3750000000,18.6750000000,0.9000000000
2026-09-15,S05,K06,weekly_mean56,14.7500000000,10.2000000000,21.3250000000,0.9000000000
2026-09-15,S05,K07,weekly_mean56,16.8750000000,10.7500000000,23.0000000000,0.9000000000
2026-09-15,S05,K08,weekly_mean56,15.8750000000,10.8250000000,20.4250000000,0.9000000000
2026-09-15,S06,K01,weekly_mean56,9.5000000000,4.8250000000,15.1500000000,0.9000000000
2026-09-15,S06,K02,weekly_mean56,9.6250000000,5.0500000000,14.6000000000,0.9000000000
2026-09-15,S06,K03,weekly_mean56,11.5000000000,6.8500000000,16.7250000000,0.9000000000
2026-09-15,S06,K04,weekly_mean56,11.8750000000,7.1000000000,17.9750000000,0.9000000000
2026-09-15,S06,K05,weekly_mean56,14.3750000000,10.2000000000,20.4250000000,0.9000000000
2026-09-15,S06,K06,weekly_mean56,13.1250000000,7.8500000000,17.2250000000,0.9000000000
2026-09-15,S06,K07,weekly_mean56,16.3750000000,8.3250000000,24.0750000000,0.9000000000
2026-09-15,S06,K08,weekly_mean56,15.6250000000,9.9750000000,19.7500000000,0.9000000000
2026-09-15,S07,K01,weekly_mean56,9.7500000000,4.5750000000,14.5000000000,0.9000000000
2026-09-15,S07,K02,weekly_mean56,10.2500000000,4.2500000000,14.7000000000,0.9000000000
2026-09-15,S07,K03,weekly_mean56,12.5000000000,7.5250000000,18.4000000000,0.9000000000
2026-09-15,S07,K04,weekly_mean56,13.1250000000,7.8750000000,18.3000000000,0.9000000000
2026-09-15,S07,K05,weekly_mean56,14.2500000000,9.9750000000,18.7500000000,0.9000000000
2026-09-15,S07,K06,weekly_mean56,14.2500000000,8.0750000000,19.4500000000,0.9000000000
2026-09-15,S07,K07,weekly_mean56,17.7500000000,11.6750000000,23.2250000000,0.9000000000
2026-09-15,S07,K08,weekly_mean56,17.7500000000,11.3500000000,25.5000000000,0.9000000000
2026-09-15,S08,K01,weekly_mean56,10.3750000000,5.9000000000,16.0500000000,0.9000000000
2026-09-15,S08,K02,weekly_mean56,9.7500000000,4.5500000000,14.7000000000,0.9000000000
2026-09-15,S08,K03,weekly_mean56,13.1250000000,7.8750000000,19.3000000000,0.9000000000
2026-09-15,S08,K04,weekly_mean56,14.0000000000,9.1750000000,21.4500000000,0.9000000000
2026-09-15,S08,K05,weekly_mean56,13.3750000000,8.0000000000,17.9500000000,0.9000000000
2026-09-15,S08,K06,weekly_mean56,15.5000000000,11.2000000000,21.4250000000,0.9000000000
2026-09-15,S08,K07,weekly_mean56,16.8750000000,11.3750000000,23.0750000000,0.9000000000
2026-09-15,S08,K08,weekly_mean56,18.3750000000,13.1250000000,24.7000000000,0.9000000000
2026-09-15,S09,K01,weekly_mean56,11.2500000000,7.3500000000,16.4250000000,0.9000000000
2026-09-15,S09,K02,weekly_mean56,10.5000000000,3.4500000000,16.4500000000,0.9000000000
2026-09-15,S09,K03,weekly_mean56,14.1250000000,9.1250000000,19.4500000000,0.9000000000
2026-09-15,S09,K04,weekly_mean56,13.8750000000,8.4250000000,21.0250000000,0.9000000000
2026-09-15,S09,K05,weekly_mean56,15.3750000000,8.5000000000,20.8000000000,0.9000000000
2026-09-15,S09,K06,weekly_mean56,12.5000000000,7.6000000000,16.6750000000,0.9000000000
2026-09-15,S09,K07,weekly_mean56,15.3750000000,9.4750000000,21.0500000000,0.9000000000
2026-09-15,S09,K08,weekly_mean56,17.6250000000,10.3250000000,23.7250000000,0.9000000000
2026-09-15,S10,K01,weekly_mean56,10.5000000000,6.3500000000,15.9250000000,0.9000000000
2026-09-15,S10,K02,weekly_mean56,10.7500000000,5.6250000000,16.3500000000,0.9000000000
2026-09-15,S10,K03,weekly_mean56,13.8750000000,8.9750000000,21.0000000000,0.9000000000
2026-09-15,S10,K04,weekly_mean56,13.3750000000,7.0750000000,19.3500000000,0.9000000000
2026-09-15,S10,K05,weekly_mean56,16.1250000000,10.7750000000,22.9250000000,0.9000000000
2026-09-15,S10,K06,weekly_mean56,17.2500000000,10.9500000000,22.2500000000,0.9000000000
2026-09-15,S10,K07,weekly_mean56,18.5000000000,12.6250000000,25.5500000000,0.9000000000
2026-09-15,S10,K08,weekly_mean56,19.6250000000,14.8750000000,27.3750000000,0.9000000000
2026-09-15,S11,K01,weekly_mean56,9.1250000000,3.0250000000,17.3500000000,0.9000000000
2026-09-15,S11,K02,weekly_mean56,12.8750000000,7.5000000000,17.5750000000,0.9000000000
2026-09-15,S11,K03,weekly_mean56,14.2500000000,9.9750000000,20.3250000000,0.9000000000
2026-09-15,S11,K04,weekly_mean56,14.2500000000,8.2000000000,19.7750000000,0.9000000000
2026-09-15,S11,K05,weekly_mean56,16.1250000000,9.6250000000,21.8750000000,0.9000000000
2026-09-15,S11,K06,weekly_mean56,17.5000000000,11.6250000000,25.6500000000,0.9000000000
2026-09-15,S11,K07,weekly_mean56,17.7500000000,11.1750000000,25.0000000000,0.9000000000
2026-09-15,S11,K08,weekly_mean56,21.8750000000,15.1000000000,29.5250000000,0.9000000000
2026-09-15,S12,K01,weekly_mean56,12.2500000000,7.4500000000,17.1000000000,0.9000000000
2026-09-15,S12,K02,weekly_mean56,12.6250000000,7.0500000000,17.0000000000,0.9000000000
2026-09-15,S12,K03,weekly_mean56,15.0000000000,9.6500000000,20.3500000000,0.9000000000
2026-09-15,S12,K04,weekly_mean56,14.0000000000,8.9000000000,19.9250000000,0.9000000000
2026-09-15,S12,K05,weekly_mean56,15.2500000000,8.7000000000,20.6000000000,0.9000000000
2026-09-15,S12,K06,weekly_mean56,18.7500000000,10.7750000000,24.7750000000,0.9000000000
2026-09-15,S12,K07,weekly_mean56,18.8750000000,14.5000000000,23.0750000000,0.9000000000
2026-09-15,S12,K08,weekly_mean56,21.5000000000,16.8000000000,27.0500000000,0.9000000000
2026-09-16,S01,K01,weekly_mean56,8.0000000000,3.7750000000,12.9250000000,0.9000000000
2026-09-16,S01,K02,weekly_mean56,7.5000000000,3.1250000000,11.0250000000,0.9000000000
2026-09-16,S01,K03,weekly_mean56,8.3750000000,3.0000000000,13.3000000000,0.9000000000
2026-09-16,S01,K04,weekly_mean56,9.3750000000,3.8500000000,14.0500000000,0.9000000000
2026-09-16,S01,K05,weekly_mean56,11.8750000000,7.5250000000,18.7500000000,0.9000000000
2026-09-16,S01,K06,weekly_mean56,11.0000000000,5.4000000000,17.2750000000,0.9000000000
2026-09-16,S01,K07,weekly_mean56,13.3750000000,7.6000000000,18.9250000000,0.9000000000
2026-09-16,S01,K08,weekly_mean56,13.5000000000,9.1500000000,17.7250000000,0.9000000000
2026-09-16,S02,K01,weekly_mean56,8.1250000000,3.6500000000,13.3000000000,0.9000000000
2026-09-16,S02,K02,weekly_mean56,7.3750000000,2.8250000000,11.1000000000,0.9000000000
2026-09-16,S02,K03,weekly_mean56,9.0000000000,3.8250000000,14.4750000000,0.9000000000
2026-09-16,S02,K04,weekly_mean56,8.5000000000,2.7500000000,13.0000000000,0.9000000000
2026-09-16,S02,K05,weekly_mean56,10.5000000000,5.8250000000,15.5000000000,0.9000000000
2026-09-16,S02,K06,weekly_mean56,11.7500000000,6.8250000000,16.0500000000,0.9000000000
2026-09-16,S02,K07,weekly_mean56,14.0000000000,8.1500000000,20.9000000000,0.9000000000
2026-09-16,S02,K08,weekly_mean56,13.2500000000,8.2000000000,17.8000000000,0.9000000000
2026-09-16,S03,K01,weekly_mean56,6.3750000000,1.4500000000,10.7000000000,0.9000000000
2026-09-16,S03,K02,weekly_mean56,9.2500000000,3.2000000000,14.5500000000,0.9000000000
2026-09-16,S03,K03,weekly_mean56,10.1250000000,5.7500000000,15.2750000000,0.9000000000
2026-09-16,S03,K04,weekly_mean56,8.5000000000,2.7000000000,14.6250000000,0.9000000000
2026-09-16,S03,K05,weekly_mean56,11.5000000000,7.6250000000,16.6250000000,0.9000000000
2026-09-16,S03,K06,weekly_mean56,12.2500000000,7.9250000000,17.5750000000,0.9000000000
2026-09-16,S03,K07,weekly_mean56,12.8750000000,8.3250000000,16.9250000000,0.9000000000
2026-09-16,S03,K08,weekly_mean56,12.5000000000,7.6500000000,18.0000000000,0.9000000000
2026-09-16,S04,K01,weekly_mean56,9.3750000000,4.9500000000,14.3000000000,0.9000000000
2026-09-16,S04,K02,weekly_mean56,9.0000000000,4.3500000000,13.6750000000,0.9000000000
2026-09-16,S04,K03,weekly_mean56,10.7500000000,6.6500000000,14.1750000000,0.9000000000
2026-09-16,S04,K04,weekly_mean56,12.0000000000,6.4250000000,17.3500000000,0.9000000000
2026-09-16,S04,K05,weekly_mean56,13.2500000000,7.5000000000,18.5000000000,0.9000000000
2026-09-16,S04,K06,weekly_mean56,13.8750000000,8.2750000000,18.9750000000,0.9000000000
2026-09-16,S04,K07,weekly_mean56,14.2500000000,9.4500000000,21.0500000000,0.9000000000
2026-09-16,S04,K08,weekly_mean56,15.0000000000,8.8500000000,22.1000000000,0.9000000000
2026-09-16,S05,K01,weekly_mean56,9.7500000000,4.5000000000,14.0500000000,0.9000000000
2026-09-16,S05,K02,weekly_mean56,9.1250000000,4.5750000000,14.0000000000,0.9000000000
2026-09-16,S05,K03,weekly_mean56,11.1250000000,6.1250000000,16.2500000000,0.9000000000
2026-09-16,S05,K04,weekly_mean56,10.6250000000,4.3750000000,16.8000000000,0.9000000000
2026-09-16,S05,K05,weekly_mean56,12.5000000000,6.5000000000,17.8000000000,0.9000000000
2026-09-16,S05,K06,weekly_mean56,13.2500000000,8.7000000000,19.8250000000,0.9000000000
2026-09-16,S05,K07,weekly_mean56,15.0000000000,8.8750000000,21.1250000000,0.9000000000
2026-09-16,S05,K08,weekly_mean56,15.8750000000,10.8250000000,20.4250000000,0.9000000000
2026-09-16,S06,K01,weekly_mean56,9.6250000000,4.9500000000,15.2750000000,0.9000000000
2026-09-16,S06,K02,weekly_mean56,9.6250000000,5.0500000000,14.6000000000,0.9000000000
2026-09-16,S06,K03,weekly_mean56,11.8750000000,7.2250000000,17.1000000000,0.9000000000
2026-09-16,S06,K04,weekly_mean56,10.6250000000,5.8500000000,16.7250000000,0.9000000000
2026-09-16,S06,K05,weekly_mean56,16.2500000000,12.0750000000,22.3000000000,0.9000000000
2026-09-16,S06,K06,weekly_mean56,13.5000000000,8.2250000000,17.6000000000,0.9000000000
2026-09-16,S06,K07,weekly_mean56,15.0000000000,6.9500000000,22.7000000000,0.9000000000
2026-09-16,S06,K08,weekly_mean56,16.7500000000,11.1000000000,20.8750000000,0.9000000000
2026-09-16,S07,K01,weekly_mean56,8.8750000000,3.7000000000,13.6250000000,0.9000000000
2026-09-16,S07,K02,weekly_mean56,9.2500000000,3.2500000000,13.7000000000,0.9000000000
2026-09-16,S07,K03,weekly_mean56,11.2500000000,6.2750000000,17.1500000000,0.9000000000
2026-09-16,S07,K04,weekly_mean56,11.6250000000,6.3750000000,16.8000000000,0.9000000000
2026-09-16,S07,K05,weekly_mean56,14.2500000000,9.9750000000,18.7500000000,0.9000000000
2026-09-16,S07,K06,weekly_mean56,15.5000000000,9.3250000000,20.7000000000,0.9000000000
2026-09-16,S07,K07,weekly_mean56,16.7500000000,10.6750000000,22.2250000000,0.9000000000
2026-09-16,S07,K08,weekly_mean56,17.0000000000,10.6000000000,24.7500000000,0.9000000000
2026-09-16,S08,K01,weekly_mean56,11.0000000000,6.5250000000,16.6750000000,0.9000000000
2026-09-16,S08,K02,weekly_mean56,9.5000000000,4.3000000000,14.4500000000,0.9000000000
2026-09-16,S08,K03,weekly_mean56,12.2500000000,7.0000000000,18.4250000000,0.9000000000
2026-09-16,S08,K04,weekly_mean56,13.3750000000,8.5500000000,20.8250000000,0.9000000000
2026-09-16,S08,K05,weekly_mean56,14.3750000000,9.0000000000,18.9500000000,0.9000000000
2026-09-16,S08,K06,weekly_mean56,12.5000000000,8.2000000000,18.4250000000,0.9000000000
2026-09-16,S08,K07,weekly_mean56,18.2500000000,12.7500000000,24.4500000000,0.9000000000
2026-09-16,S08,K08,weekly_mean56,18.2500000000,13.0000000000,24.5750000000,0.9000000000
2026-09-16,S09,K01,weekly_mean56,12.3750000000,8.4750000000,17.5500000000,0.9000000000
2026-09-16,S09,K02,weekly_mean56,10.0000000000,2.9500000000,15.9500000000,0.9000000000
2026-09-16,S09,K03,weekly_mean56,11.7500000000,6.7500000000,17.0750000000,0.9000000000
2026-09-16,S09,K04,weekly_mean56,13.7500000000,8.3000000000,20.9000000000,0.9000000000
2026-09-16,S09,K05,weekly_mean56,15.1250000000,8.2500000000,20.5500000000,0.9000000000
2026-09-16,S09,K06,weekly_mean56,16.7500000000,11.8500000000,20.9250000000,0.9000000000
2026-09-16,S09,K07,weekly_mean56,15.8750000000,9.9750000000,21.5500000000,0.9000000000
2026-09-16,S09,K08,weekly_mean56,19.7500000000,12.4500000000,25.8500000000,0.9000000000
2026-09-16,S10,K01,weekly_mean56,8.6250000000,4.4750000000,14.0500000000,0.9000000000
2026-09-16,S10,K02,weekly_mean56,11.6250000000,6.5000000000,17.2250000000,0.9000000000
2026-09-16,S10,K03,weekly_mean56,13.7500000000,8.8500000000,20.8750000000,0.9000000000
2026-09-16,S10,K04,weekly_mean56,12.8750000000,6.5750000000,18.8500000000,0.9000000000
2026-09-16,S10,K05,weekly_mean56,15.8750000000,10.5250000000,22.6750000000,0.9000000000
2026-09-16,S10,K06,weekly_mean56,16.2500000000,9.9500000000,21.2500000000,0.9000000000
2026-09-16,S10,K07,weekly_mean56,18.3750000000,12.5000000000,25.4250000000,0.9000000000
2026-09-16,S10,K08,weekly_mean56,19.7500000000,15.0000000000,27.5000000000,0.9000000000
2026-09-16,S11,K01,weekly_mean56,12.0000000000,5.9000000000,20.2250000000,0.9000000000
2026-09-16,S11,K02,weekly_mean56,13.2500000000,7.8750000000,17.9500000000,0.9000000000
2026-09-16,S11,K03,weekly_mean56,13.1250000000,8.8500000000,19.2000000000,0.9000000000
2026-09-16,S11,K04,weekly_mean56,15.7500000000,9.7000000000,21.2750000000,0.9000000000
2026-09-16,S11,K05,weekly_mean56,16.7500000000,10.2500000000,22.5000000000,0.9000000000
2026-09-16,S11,K06,weekly_mean56,17.0000000000,11.1250000000,25.1500000000,0.9000000000
2026-09-16,S11,K07,weekly_mean56,19.0000000000,12.4250000000,26.2500000000,0.9000000000
2026-09-16,S11,K08,weekly_mean56,19.0000000000,12.2250000000,26.6500000000,0.9000000000
2026-09-16,S12,K01,weekly_mean56,9.2500000000,4.4500000000,14.1000000000,0.9000000000
2026-09-16,S12,K02,weekly_mean56,12.6250000000,7.0500000000,17.0000000000,0.9000000000
2026-09-16,S12,K03,weekly_mean56,13.6250000000,8.2750000000,18.9750000000,0.9000000000
2026-09-16,S12,K04,weekly_mean56,16.0000000000,10.9000000000,21.9250000000,0.9000000000
2026-09-16,S12,K05,weekly_mean56,15.7500000000,9.2000000000,21.1000000000,0.9000000000
2026-09-16,S12,K06,weekly_mean56,18.3750000000,10.4000000000,24.4000000000,0.9000000000
2026-09-16,S12,K07,weekly_mean56,18.1250000000,13.7500000000,22.3250000000,0.9000000000
2026-09-16,S12,K08,weekly_mean56,19.1250000000,14.4250000000,24.6750000000,0.9000000000
2026-09-17,S01,K01,weekly_mean56,7.7500000000,3.5250000000,12.6750000000,0.9000000000
2026-09-17,S01,K02,weekly_mean56,6.8750000000,2.5000000000,10.4000000000,0.9000000000
2026-09-17,S01,K03,weekly_mean56,7.2500000000,1.8750000000,12.1750000000,0.9000000000
2026-09-17,S01,K04,weekly_mean56,9.5000000000,3.9750000000,14.1750000000,0.9000000000
2026-09-17,S01,K05,weekly_mean56,10.5000000000,6.1500000000,17.3750000000,0.9000000000
2026-09-17,S01,K06,weekly_mean56,8.8750000000,3.2750000000,15.1500000000,0.9000000000
2026-09-17,S01,K07,weekly_mean56,10.1250000000,4.3500000000,15.6750000000,0.9000000000
2026-09-17,S01,K08,weekly_mean56,11.8750000000,7.5250000000,16.1000000000,0.9000000000
2026-09-17,S02,K01,weekly_mean56,7.0000000000,2.5250000000,12.1750000000,0.9000000000
2026-09-17,S02,K02,weekly_mean56,6.8750000000,2.3250000000,10.6000000000,0.9000000000
2026-09-17,S02,K03,weekly_mean56,8.8750000000,3.7000000000,14.3500000000,0.9000000000
2026-09-17,S02,K04,weekly_mean56,9.3750000000,3.6250000000,13.8750000000,0.9000000000
2026-09-17,S02,K05,weekly_mean56,10.8750000000,6.2000000000,15.8750000000,0.9000000000
2026-09-17,S02,K06,weekly_mean56,12.0000000000,7.0750000000,16.3000000000,0.9000000000
2026-09-17,S02,K07,weekly_mean56,10.2500000000,4.4000000000,17.1500000000,0.9000000000
2026-09-17,S02,K08,weekly_mean56,11.1250000000,6.0750000000,15.6750000000,0.9000000000
2026-09-17,S03,K01,weekly_mean56,7.2500000000,2.3250000000,11.5750000000,0.9000000000
2026-09-17,S03,K02,weekly_mean56,6.3750000000,0.3750000000,11.6750000000,0.9000000000
2026-09-17,S03,K03,weekly_mean56,8.6250000000,4.2500000000,13.7750000000,0.9000000000
2026-09-17,S03,K04,weekly_mean56,10.5000000000,4.7000000000,16.6250000000,0.9000000000
2026-09-17,S03,K05,weekly_mean56,11.2500000000,7.3750000000,16.3750000000,0.9000000000
2026-09-17,S03,K06,weekly_mean56,11.6250000000,7.3000000000,16.9500000000,0.9000000000
2026-09-17,S03,K07,weekly_mean56,12.7500000000,8.2000000000,16.8000000000,0.9000000000
2026-09-17,S03,K08,weekly_mean56,13.0000000000,8.1500000000,18.5000000000,0.9000000000
2026-09-17,S04,K01,weekly_mean56,7.3750000000,2.9500000000,12.3000000000,0.9000000000
2026-09-17,S04,K02,weekly_mean56,9.1250000000,4.4750000000,13.8000000000,0.9000000000
2026-09-17,S04,K03,weekly_mean56,9.1250000000,5.0250000000,12.5500000000,0.9000000000
2026-09-17,S04,K04,weekly_mean56,10.1250000000,4.5500000000,15.4750000000,0.9000000000
2026-09-17,S04,K05,weekly_mean56,11.3750000000,5.6250000000,16.6250000000,0.9000000000
2026-09-17,S04,K06,weekly_mean56,10.7500000000,5.1500000000,15.8500000000,0.9000000000
2026-09-17,S04,K07,weekly_mean56,13.7500000000,8.9500000000,20.5500000000,0.9000000000
2026-09-17,S04,K08,weekly_mean56,13.5000000000,7.3500000000,20.6000000000,0.9000000000
2026-09-17,S05,K01,weekly_mean56,8.8750000000,3.6250000000,13.1750000000,0.9000000000
2026-09-17,S05,K02,weekly_mean56,9.3750000000,4.8250000000,14.2500000000,0.9000000000
2026-09-17,S05,K03,weekly_mean56,9.5000000000,4.5000000000,14.6250000000,0.9000000000
2026-09-17,S05,K04,weekly_mean56,11.3750000000,5.1250000000,17.5500000000,0.9000000000
2026-09-17,S05,K05,weekly_mean56,12.8750000000,6.8750000000,18.1750000000,0.9000000000
2026-09-17,S05,K06,weekly_mean56,12.2500000000,7.7000000000,18.8250000000,0.9000000000
2026-09-17,S05,K07,weekly_mean56,13.7500000000,7.6250000000,19.8750000000,0.9000000000
2026-09-17,S05,K08,weekly_mean56,13.8750000000,8.8250000000,18.4250000000,0.9000000000
2026-09-17,S06,K01,weekly_mean56,7.5000000000,2.8250000000,13.1500000000,0.9000000000
2026-09-17,S06,K02,weekly_mean56,9.7500000000,5.1750000000,14.7250000000,0.9000000000
2026-09-17,S06,K03,weekly_mean56,10.0000000000,5.3500000000,15.2250000000,0.9000000000
2026-09-17,S06,K04,weekly_mean56,10.2500000000,5.4750000000,16.3500000000,0.9000000000
2026-09-17,S06,K05,weekly_mean56,12.8750000000,8.7000000000,18.9250000000,0.9000000000
2026-09-17,S06,K06,weekly_mean56,12.6250000000,7.3500000000,16.7250000000,0.9000000000
2026-09-17,S06,K07,weekly_mean56,14.6250000000,6.5750000000,22.3250000000,0.9000000000
2026-09-17,S06,K08,weekly_mean56,15.0000000000,9.3500000000,19.1250000000,0.9000000000
2026-09-17,S07,K01,weekly_mean56,10.0000000000,4.8250000000,14.7500000000,0.9000000000
2026-09-17,S07,K02,weekly_mean56,8.6250000000,2.6250000000,13.0750000000,0.9000000000
2026-09-17,S07,K03,weekly_mean56,10.5000000000,5.5250000000,16.4000000000,0.9000000000
2026-09-17,S07,K04,weekly_mean56,12.0000000000,6.7500000000,17.1750000000,0.9000000000
2026-09-17,S07,K05,weekly_mean56,11.6250000000,7.3500000000,16.1250000000,0.9000000000
2026-09-17,S07,K06,weekly_mean56,13.7500000000,7.5750000000,18.9500000000,0.9000000000
2026-09-17,S07,K07,weekly_mean56,14.8750000000,8.8000000000,20.3500000000,0.9000000000
2026-09-17,S07,K08,weekly_mean56,16.7500000000,10.3500000000,24.5000000000,0.9000000000
2026-09-17,S08,K01,weekly_mean56,9.2500000000,4.7750000000,14.9250000000,0.9000000000
2026-09-17,S08,K02,weekly_mean56,10.6250000000,5.4250000000,15.5750000000,0.9000000000
2026-09-17,S08,K03,weekly_mean56,11.3750000000,6.1250000000,17.5500000000,0.9000000000
2026-09-17,S08,K04,weekly_mean56,14.2500000000,9.4250000000,21.7000000000,0.9000000000
2026-09-17,S08,K05,weekly_mean56,14.3750000000,9.0000000000,18.9500000000,0.9000000000
2026-09-17,S08,K06,weekly_mean56,14.0000000000,9.7000000000,19.9250000000,0.9000000000
2026-09-17,S08,K07,weekly_mean56,18.1250000000,12.6250000000,24.3250000000,0.9000000000
2026-09-17,S08,K08,weekly_mean56,16.7500000000,11.5000000000,23.0750000000,0.9000000000
2026-09-17,S09,K01,weekly_mean56,8.5000000000,4.6000000000,13.6750000000,0.9000000000
2026-09-17,S09,K02,weekly_mean56,10.7500000000,3.7000000000,16.7000000000,0.9000000000
2026-09-17,S09,K03,weekly_mean56,10.8750000000,5.8750000000,16.2000000000,0.9000000000
2026-09-17,S09,K04,weekly_mean56,14.0000000000,8.5500000000,21.1500000000,0.9000000000
2026-09-17,S09,K05,weekly_mean56,13.5000000000,6.6250000000,18.9250000000,0.9000000000
2026-09-17,S09,K06,weekly_mean56,14.2500000000,9.3500000000,18.4250000000,0.9000000000
2026-09-17,S09,K07,weekly_mean56,16.2500000000,10.3500000000,21.9250000000,0.9000000000
2026-09-17,S09,K08,weekly_mean56,19.0000000000,11.7000000000,25.1000000000,0.9000000000
2026-09-17,S10,K01,weekly_mean56,9.0000000000,4.8500000000,14.4250000000,0.9000000000
2026-09-17,S10,K02,weekly_mean56,9.7500000000,4.6250000000,15.3500000000,0.9000000000
2026-09-17,S10,K03,weekly_mean56,12.6250000000,7.7250000000,19.7500000000,0.9000000000
2026-09-17,S10,K04,weekly_mean56,13.6250000000,7.3250000000,19.6000000000,0.9000000000
2026-09-17,S10,K05,weekly_mean56,14.0000000000,8.6500000000,20.8000000000,0.9000000000
2026-09-17,S10,K06,weekly_mean56,15.5000000000,9.2000000000,20.5000000000,0.9000000000
2026-09-17,S10,K07,weekly_mean56,16.1250000000,10.2500000000,23.1750000000,0.9000000000
2026-09-17,S10,K08,weekly_mean56,16.1250000000,11.3750000000,23.8750000000,0.9000000000
2026-09-17,S11,K01,weekly_mean56,10.2500000000,4.1500000000,18.4750000000,0.9000000000
2026-09-17,S11,K02,weekly_mean56,10.5000000000,5.1250000000,15.2000000000,0.9000000000
2026-09-17,S11,K03,weekly_mean56,13.3750000000,9.1000000000,19.4500000000,0.9000000000
2026-09-17,S11,K04,weekly_mean56,14.5000000000,8.4500000000,20.0250000000,0.9000000000
2026-09-17,S11,K05,weekly_mean56,16.1250000000,9.6250000000,21.8750000000,0.9000000000
2026-09-17,S11,K06,weekly_mean56,14.1250000000,8.2500000000,22.2750000000,0.9000000000
2026-09-17,S11,K07,weekly_mean56,19.7500000000,13.1750000000,27.0000000000,0.9000000000
2026-09-17,S11,K08,weekly_mean56,18.7500000000,11.9750000000,26.4000000000,0.9000000000
2026-09-17,S12,K01,weekly_mean56,11.6250000000,6.8250000000,16.4750000000,0.9000000000
2026-09-17,S12,K02,weekly_mean56,13.3750000000,7.8000000000,17.7500000000,0.9000000000
2026-09-17,S12,K03,weekly_mean56,12.7500000000,7.4000000000,18.1000000000,0.9000000000
2026-09-17,S12,K04,weekly_mean56,14.6250000000,9.5250000000,20.5500000000,0.9000000000
2026-09-17,S12,K05,weekly_mean56,14.8750000000,8.3250000000,20.2250000000,0.9000000000
2026-09-17,S12,K06,weekly_mean56,15.6250000000,7.6500000000,21.6500000000,0.9000000000
2026-09-17,S12,K07,weekly_mean56,17.1250000000,12.7500000000,21.3250000000,0.9000000000
2026-09-17,S12,K08,weekly_mean56,18.5000000000,13.8000000000,24.0500000000,0.9000000000
2026-09-18,S01,K01,weekly_mean56,6.6250000000,2.4000000000,11.5500000000,0.9000000000
2026-09-18,S01,K02,weekly_mean56,7.8750000000,3.5000000000,11.4000000000,0.9000000000
2026-09-18,S01,K03,weekly_mean56,7.7500000000,2.3750000000,12.6750000000,0.9000000000
2026-09-18,S01,K04,weekly_mean56,9.6250000000,4.1000000000,14.3000000000,0.9000000000
2026-09-18,S01,K05,weekly_mean56,10.5000000000,6.1500000000,17.3750000000,0.9000000000
2026-09-18,S01,K06,weekly_mean56,9.6250000000,4.0250000000,15.9000000000,0.9000000000
2026-09-18,S01,K07,weekly_mean56,12.6250000000,6.8500000000,18.1750000000,0.9000000000
2026-09-18,S01,K08,weekly_mean56,13.2500000000,8.9000000000,17.4750000000,0.9000000000
2026-09-18,S02,K01,weekly_mean56,7.2500000000,2.7750000000,12.4250000000,0.9000000000
2026-09-18,S02,K02,weekly_mean56,7.6250000000,3.0750000000,11.3500000000,0.9000000000
2026-09-18,S02,K03,weekly_mean56,9.5000000000,4.3250000000,14.9750000000,0.9000000000
2026-09-18,S02,K04,weekly_mean56,7.7500000000,2.0000000000,12.2500000000,0.9000000000
2026-09-18,S02,K05,weekly_mean56,11.7500000000,7.0750000000,16.7500000000,0.9000000000
2026-09-18,S02,K06,weekly_mean56,11.1250000000,6.2000000000,15.4250000000,0.9000000000
2026-09-18,S02,K07,weekly_mean56,12.0000000000,6.1500000000,18.9000000000,0.9000000000
2026-09-18,S02,K08,weekly_mean56,12.8750000000,7.8250000000,17.4250000000,0.9000000000
2026-09-18,S03,K01,weekly_mean56,7.6250000000,2.7000000000,11.9500000000,0.9000000000
2026-09-18,S03,K02,weekly_mean56,7.5000000000,1.4500000000,12.8000000000,0.9000000000
2026-09-18,S03,K03,weekly_mean56,10.0000000000,5.6250000000,15.1500000000,0.9000000000
2026-09-18,S03,K04,weekly_mean56,9.2500000000,3.4500000000,15.3750000000,0.9000000000
2026-09-18,S03,K05,weekly_mean56,9.8750000000,6.0000000000,15.0000000000,0.9000000000
2026-09-18,S03,K06,weekly_mean56,12.3750000000,8.0500000000,17.7000000000,0.9000000000
2026-09-18,S03,K07,weekly_mean56,12.8750000000,8.3250000000,16.9250000000,0.9000000000
2026-09-18,S03,K08,weekly_mean56,13.3750000000,8.5250000000,18.8750000000,0.9000000000
2026-09-18,S04,K01,weekly_mean56,9.2500000000,4.8250000000,14.1750000000,0.9000000000
2026-09-18,S04,K02,weekly_mean56,8.2500000000,3.6000000000,12.9250000000,0.9000000000
2026-09-18,S04,K03,weekly_mean56,9.8750000000,5.7750000000,13.3000000000,0.9000000000
2026-09-18,S04,K04,weekly_mean56,10.1250000000,4.5500000000,15.4750000000,0.9000000000
2026-09-18,S04,K05,weekly_mean56,13.0000000000,7.2500000000,18.2500000000,0.9000000000
2026-09-18,S04,K06,weekly_mean56,11.1250000000,5.5250000000,16.2250000000,0.9000000000
2026-09-18,S04,K07,weekly_mean56,14.6250000000,9.8250000000,21.4250000000,0.9000000000
2026-09-18,S04,K08,weekly_mean56,13.6250000000,7.4750000000,20.7250000000,0.9000000000
2026-09-18,S05,K01,weekly_mean56,7.8750000000,2.6250000000,12.1750000000,0.9000000000
2026-09-18,S05,K02,weekly_mean56,9.5000000000,4.9500000000,14.3750000000,0.9000000000
2026-09-18,S05,K03,weekly_mean56,8.7500000000,3.7500000000,13.8750000000,0.9000000000
2026-09-18,S05,K04,weekly_mean56,9.2500000000,3.0000000000,15.4250000000,0.9000000000
2026-09-18,S05,K05,weekly_mean56,12.0000000000,6.0000000000,17.3000000000,0.9000000000
2026-09-18,S05,K06,weekly_mean56,15.1250000000,10.5750000000,21.7000000000,0.9000000000
2026-09-18,S05,K07,weekly_mean56,14.7500000000,8.6250000000,20.8750000000,0.9000000000
2026-09-18,S05,K08,weekly_mean56,14.5000000000,9.4500000000,19.0500000000,0.9000000000
2026-09-18,S06,K01,weekly_mean56,9.1250000000,4.4500000000,14.7750000000,0.9000000000
2026-09-18,S06,K02,weekly_mean56,9.1250000000,4.5500000000,14.1000000000,0.9000000000
2026-09-18,S06,K03,weekly_mean56,11.7500000000,7.1000000000,16.9750000000,0.9000000000
2026-09-18,S06,K04,weekly_mean56,11.1250000000,6.3500000000,17.2250000000,0.9000000000
2026-09-18,S06,K05,weekly_mean56,12.1250000000,7.9500000000,18.1750000000,0.9000000000
2026-09-18,S06,K06,weekly_mean56,15.2500000000,9.9750000000,19.3500000000,0.9000000000
2026-09-18,S06,K07,weekly_mean56,15.2500000000,7.2000000000,22.9500000000,0.9000000000
2026-09-18,S06,K08,weekly_mean56,14.0000000000,8.3500000000,18.1250000000,0.9000000000
2026-09-18,S07,K01,weekly_mean56,8.2500000000,3.0750000000,13.0000000000,0.9000000000
2026-09-18,S07,K02,weekly_mean56,9.7500000000,3.7500000000,14.2000000000,0.9000000000
2026-09-18,S07,K03,weekly_mean56,10.7500000000,5.7750000000,16.6500000000,0.9000000000
2026-09-18,S07,K04,weekly_mean56,12.7500000000,7.5000000000,17.9250000000,0.9000000000
2026-09-18,S07,K05,weekly_mean56,13.2500000000,8.9750000000,17.7500000000,0.9000000000
2026-09-18,S07,K06,weekly_mean56,14.3750000000,8.2000000000,19.5750000000,0.9000000000
2026-09-18,S07,K07,weekly_mean56,16.3750000000,10.3000000000,21.8500000000,0.9000000000
2026-09-18,S07,K08,weekly_mean56,15.1250000000,8.7250000000,22.8750000000,0.9000000000
2026-09-18,S08,K01,weekly_mean56,11.2500000000,6.7750000000,16.9250000000,0.9000000000
2026-09-18,S08,K02,weekly_mean56,10.2500000000,5.0500000000,15.2000000000,0.9000000000
2026-09-18,S08,K03,weekly_mean56,12.0000000000,6.7500000000,18.1750000000,0.9000000000
2026-09-18,S08,K04,weekly_mean56,11.6250000000,6.8000000000,19.0750000000,0.9000000000
2026-09-18,S08,K05,weekly_mean56,13.0000000000,7.6250000000,17.5750000000,0.9000000000
2026-09-18,S08,K06,weekly_mean56,13.2500000000,8.9500000000,19.1750000000,0.9000000000
2026-09-18,S08,K07,weekly_mean56,16.7500000000,11.2500000000,22.9500000000,0.9000000000
2026-09-18,S08,K08,weekly_mean56,17.0000000000,11.7500000000,23.3250000000,0.9000000000
2026-09-18,S09,K01,weekly_mean56,9.2500000000,5.3500000000,14.4250000000,0.9000000000
2026-09-18,S09,K02,weekly_mean56,8.6250000000,1.5750000000,14.5750000000,0.9000000000
2026-09-18,S09,K03,weekly_mean56,11.6250000000,6.6250000000,16.9500000000,0.9000000000
2026-09-18,S09,K04,weekly_mean56,11.0000000000,5.5500000000,18.1500000000,0.9000000000
2026-09-18,S09,K05,weekly_mean56,15.7500000000,8.8750000000,21.1750000000,0.9000000000
2026-09-18,S09,K06,weekly_mean56,15.7500000000,10.8500000000,19.9250000000,0.9000000000
2026-09-18,S09,K07,weekly_mean56,15.0000000000,9.1000000000,20.6750000000,0.9000000000
2026-09-18,S09,K08,weekly_mean56,18.8750000000,11.5750000000,24.9750000000,0.9000000000
2026-09-18,S10,K01,weekly_mean56,11.2500000000,7.1000000000,16.6750000000,0.9000000000
2026-09-18,S10,K02,weekly_mean56,11.3750000000,6.2500000000,16.9750000000,0.9000000000
2026-09-18,S10,K03,weekly_mean56,13.6250000000,8.7250000000,20.7500000000,0.9000000000
2026-09-18,S10,K04,weekly_mean56,12.7500000000,6.4500000000,18.7250000000,0.9000000000
2026-09-18,S10,K05,weekly_mean56,15.2500000000,9.9000000000,22.0500000000,0.9000000000
2026-09-18,S10,K06,weekly_mean56,17.2500000000,10.9500000000,22.2500000000,0.9000000000
2026-09-18,S10,K07,weekly_mean56,16.8750000000,11.0000000000,23.9250000000,0.9000000000
2026-09-18,S10,K08,weekly_mean56,19.1250000000,14.3750000000,26.8750000000,0.9000000000
2026-09-18,S11,K01,weekly_mean56,10.8750000000,4.7750000000,19.1000000000,0.9000000000
2026-09-18,S11,K02,weekly_mean56,11.5000000000,6.1250000000,16.2000000000,0.9000000000
2026-09-18,S11,K03,weekly_mean56,14.2500000000,9.9750000000,20.3250000000,0.9000000000
2026-09-18,S11,K04,weekly_mean56,12.7500000000,6.7000000000,18.2750000000,0.9000000000
2026-09-18,S11,K05,weekly_mean56,15.5000000000,9.0000000000,21.2500000000,0.9000000000
2026-09-18,S11,K06,weekly_mean56,15.7500000000,9.8750000000,23.9000000000,0.9000000000
2026-09-18,S11,K07,weekly_mean56,18.0000000000,11.4250000000,25.2500000000,0.9000000000
2026-09-18,S11,K08,weekly_mean56,18.7500000000,11.9750000000,26.4000000000,0.9000000000
2026-09-18,S12,K01,weekly_mean56,11.0000000000,6.2000000000,15.8500000000,0.9000000000
2026-09-18,S12,K02,weekly_mean56,11.7500000000,6.1750000000,16.1250000000,0.9000000000
2026-09-18,S12,K03,weekly_mean56,12.6250000000,7.2750000000,17.9750000000,0.9000000000
2026-09-18,S12,K04,weekly_mean56,14.1250000000,9.0250000000,20.0500000000,0.9000000000
2026-09-18,S12,K05,weekly_mean56,16.0000000000,9.4500000000,21.3500000000,0.9000000000
2026-09-18,S12,K06,weekly_mean56,15.0000000000,7.0250000000,21.0250000000,0.9000000000
2026-09-18,S12,K07,weekly_mean56,16.8750000000,12.5000000000,21.0750000000,0.9000000000
2026-09-18,S12,K08,weekly_mean56,21.3750000000,16.6750000000,26.9250000000,0.9000000000
2026-09-19,S01,K01,weekly_mean56,9.7500000000,5.5250000000,14.6750000000,0.9000000000
2026-09-19,S01,K02,weekly_mean56,10.0000000000,5.6250000000,13.5250000000,0.9000000000
2026-09-19,S01,K03,weekly_mean56,12.1250000000,6.7500000000,17.0500000000,0.9000000000
2026-09-19,S01,K04,weekly_mean56,13.2500000000,7.7250000000,17.9250000000,0.9000000000
2026-09-19,S01,K05,weekly_mean56,15.7500000000,11.4000000000,22.6250000000,0.9000000000
2026-09-19,S01,K06,weekly_mean56,14.5000000000,8.9000000000,20.7750000000,0.9000000000
2026-09-19,S01,K07,weekly_mean56,15.6250000000,9.8500000000,21.1750000000,0.9000000000
2026-09-19,S01,K08,weekly_mean56,16.5000000000,12.1500000000,20.7250000000,0.9000000000
2026-09-19,S02,K01,weekly_mean56,12.3750000000,7.9000000000,17.5500000000,0.9000000000
2026-09-19,S02,K02,weekly_mean56,9.8750000000,5.3250000000,13.6000000000,0.9000000000
2026-09-19,S02,K03,weekly_mean56,12.6250000000,7.4500000000,18.1000000000,0.9000000000
2026-09-19,S02,K04,weekly_mean56,13.2500000000,7.5000000000,17.7500000000,0.9000000000
2026-09-19,S02,K05,weekly_mean56,15.2500000000,10.5750000000,20.2500000000,0.9000000000
2026-09-19,S02,K06,weekly_mean56,16.6250000000,11.7000000000,20.9250000000,0.9000000000
2026-09-19,S02,K07,weekly_mean56,17.3750000000,11.5250000000,24.2750000000,0.9000000000
2026-09-19,S02,K08,weekly_mean56,16.0000000000,10.9500000000,20.5500000000,0.9000000000
2026-09-19,S03,K01,weekly_mean56,10.2500000000,5.3250000000,14.5750000000,0.9000000000
2026-09-19,S03,K02,weekly_mean56,11.6250000000,5.5750000000,16.9250000000,0.9000000000
2026-09-19,S03,K03,weekly_mean56,13.2500000000,8.8750000000,18.4000000000,0.9000000000
2026-09-19,S03,K04,weekly_mean56,13.3750000000,7.5750000000,19.5000000000,0.9000000000
2026-09-19,S03,K05,weekly_mean56,16.3750000000,12.5000000000,21.5000000000,0.9000000000
2026-09-19,S03,K06,weekly_mean56,16.8750000000,12.5500000000,22.2000000000,0.9000000000
2026-09-19,S03,K07,weekly_mean56,17.3750000000,12.8250000000,21.4250000000,0.9000000000
2026-09-19,S03,K08,weekly_mean56,18.3750000000,13.5250000000,23.8750000000,0.9000000000
2026-09-19,S04,K01,weekly_mean56,11.5000000000,7.0750000000,16.4250000000,0.9000000000
2026-09-19,S04,K02,weekly_mean56,12.2500000000,7.6000000000,16.9250000000,0.9000000000
2026-09-19,S04,K03,weekly_mean56,13.0000000000,8.9000000000,16.4250000000,0.9000000000
2026-09-19,S04,K04,weekly_mean56,13.3750000000,7.8000000000,18.7250000000,0.9000000000
2026-09-19,S04,K05,weekly_mean56,15.8750000000,10.1250000000,21.1250000000,0.9000000000
2026-09-19,S04,K06,weekly_mean56,15.7500000000,10.1500000000,20.8500000000,0.9000000000
2026-09-19,S04,K07,weekly_mean56,18.0000000000,13.2000000000,24.8000000000,0.9000000000
2026-09-19,S04,K08,weekly_mean56,19.0000000000,12.8500000000,26.1000000000,0.9000000000
2026-09-19,S05,K01,weekly_mean56,9.6250000000,4.3750000000,13.9250000000,0.9000000000
2026-09-19,S05,K02,weekly_mean56,12.7500000000,8.2000000000,17.6250000000,0.9000000000
2026-09-19,S05,K03,weekly_mean56,14.1250000000,9.1250000000,19.2500000000,0.9000000000
2026-09-19,S05,K04,weekly_mean56,13.3750000000,7.1250000000,19.5500000000,0.9000000000
2026-09-19,S05,K05,weekly_mean56,17.1250000000,11.1250000000,22.4250000000,0.9000000000
2026-09-19,S05,K06,weekly_mean56,17.3750000000,12.8250000000,23.9500000000,0.9000000000
2026-09-19,S05,K07,weekly_mean56,19.7500000000,13.6250000000,25.8750000000,0.9000000000
2026-09-19,S05,K08,weekly_mean56,17.0000000000,11.9500000000,21.5500000000,0.9000000000
2026-09-19,S06,K01,weekly_mean56,12.0000000000,7.3250000000,17.6500000000,0.9000000000
2026-09-19,S06,K02,weekly_mean56,12.6250000000,8.0500000000,17.6000000000,0.9000000000
2026-09-19,S06,K03,weekly_mean56,14.2500000000,9.6000000000,19.4750000000,0.9000000000
2026-09-19,S06,K04,weekly_mean56,14.6250000000,9.8500000000,20.7250000000,0.9000000000
2026-09-19,S06,K05,weekly_mean56,15.8750000000,11.7000000000,21.9250000000,0.9000000000
2026-09-19,S06,K06,weekly_mean56,18.0000000000,12.7250000000,22.1000000000,0.9000000000
2026-09-19,S06,K07,weekly_mean56,18.5000000000,10.4500000000,26.2000000000,0.9000000000
2026-09-19,S06,K08,weekly_mean56,18.1250000000,12.4750000000,22.2500000000,0.9000000000
2026-09-19,S07,K01,weekly_mean56,11.6250000000,6.4500000000,16.3750000000,0.9000000000
2026-09-19,S07,K02,weekly_mean56,11.8750000000,5.8750000000,16.3250000000,0.9000000000
2026-09-19,S07,K03,weekly_mean56,14.3750000000,9.4000000000,20.2750000000,0.9000000000
2026-09-19,S07,K04,weekly_mean56,16.3750000000,11.1250000000,21.5500000000,0.9000000000
2026-09-19,S07,K05,weekly_mean56,18.0000000000,13.7250000000,22.5000000000,0.9000000000
2026-09-19,S07,K06,weekly_mean56,17.7500000000,11.5750000000,22.9500000000,0.9000000000
2026-09-19,S07,K07,weekly_mean56,18.1250000000,12.0500000000,23.6000000000,0.9000000000
2026-09-19,S07,K08,weekly_mean56,19.5000000000,13.1000000000,27.2500000000,0.9000000000
2026-09-19,S08,K01,weekly_mean56,13.6250000000,9.1500000000,19.3000000000,0.9000000000
2026-09-19,S08,K02,weekly_mean56,12.3750000000,7.1750000000,17.3250000000,0.9000000000
2026-09-19,S08,K03,weekly_mean56,15.5000000000,10.2500000000,21.6750000000,0.9000000000
2026-09-19,S08,K04,weekly_mean56,15.3750000000,10.5500000000,22.8250000000,0.9000000000
2026-09-19,S08,K05,weekly_mean56,18.3750000000,13.0000000000,22.9500000000,0.9000000000
2026-09-19,S08,K06,weekly_mean56,18.3750000000,14.0750000000,24.3000000000,0.9000000000
2026-09-19,S08,K07,weekly_mean56,19.8750000000,14.3750000000,26.0750000000,0.9000000000
2026-09-19,S08,K08,weekly_mean56,21.7500000000,16.5000000000,28.0750000000,0.9000000000
2026-09-19,S09,K01,weekly_mean56,11.5000000000,7.6000000000,16.6750000000,0.9000000000
2026-09-19,S09,K02,weekly_mean56,13.3750000000,6.3250000000,19.3250000000,0.9000000000
2026-09-19,S09,K03,weekly_mean56,15.0000000000,10.0000000000,20.3250000000,0.9000000000
2026-09-19,S09,K04,weekly_mean56,16.6250000000,11.1750000000,23.7750000000,0.9000000000
2026-09-19,S09,K05,weekly_mean56,20.2500000000,13.3750000000,25.6750000000,0.9000000000
2026-09-19,S09,K06,weekly_mean56,19.1250000000,14.2250000000,23.3000000000,0.9000000000
2026-09-19,S09,K07,weekly_mean56,22.2500000000,16.3500000000,27.9250000000,0.9000000000
2026-09-19,S09,K08,weekly_mean56,21.2500000000,13.9500000000,27.3500000000,0.9000000000
2026-09-19,S10,K01,weekly_mean56,13.8750000000,9.7250000000,19.3000000000,0.9000000000
2026-09-19,S10,K02,weekly_mean56,13.1250000000,8.0000000000,18.7250000000,0.9000000000
2026-09-19,S10,K03,weekly_mean56,17.6250000000,12.7250000000,24.7500000000,0.9000000000
2026-09-19,S10,K04,weekly_mean56,17.1250000000,10.8250000000,23.1000000000,0.9000000000
2026-09-19,S10,K05,weekly_mean56,18.6250000000,13.2750000000,25.4250000000,0.9000000000
2026-09-19,S10,K06,weekly_mean56,20.0000000000,13.7000000000,25.0000000000,0.9000000000
2026-09-19,S10,K07,weekly_mean56,24.7500000000,18.8750000000,31.8000000000,0.9000000000
2026-09-19,S10,K08,weekly_mean56,22.2500000000,17.5000000000,30.0000000000,0.9000000000
2026-09-19,S11,K01,weekly_mean56,16.2500000000,10.1500000000,24.4750000000,0.9000000000
2026-09-19,S11,K02,weekly_mean56,14.3750000000,9.0000000000,19.0750000000,0.9000000000
2026-09-19,S11,K03,weekly_mean56,16.1250000000,11.8500000000,22.2000000000,0.9000000000
2026-09-19,S11,K04,weekly_mean56,18.0000000000,11.9500000000,23.5250000000,0.9000000000
2026-09-19,S11,K05,weekly_mean56,17.7500000000,11.2500000000,23.5000000000,0.9000000000
2026-09-19,S11,K06,weekly_mean56,21.3750000000,15.5000000000,29.5250000000,0.9000000000
2026-09-19,S11,K07,weekly_mean56,24.3750000000,17.8000000000,31.6250000000,0.9000000000
2026-09-19,S11,K08,weekly_mean56,25.6250000000,18.8500000000,33.2750000000,0.9000000000
2026-09-19,S12,K01,weekly_mean56,14.2500000000,9.4500000000,19.1000000000,0.9000000000
2026-09-19,S12,K02,weekly_mean56,15.3750000000,9.8000000000,19.7500000000,0.9000000000
2026-09-19,S12,K03,weekly_mean56,18.0000000000,12.6500000000,23.3500000000,0.9000000000
2026-09-19,S12,K04,weekly_mean56,17.6250000000,12.5250000000,23.5500000000,0.9000000000
2026-09-19,S12,K05,weekly_mean56,21.0000000000,14.4500000000,26.3500000000,0.9000000000
2026-09-19,S12,K06,weekly_mean56,21.3750000000,13.4000000000,27.4000000000,0.9000000000
2026-09-19,S12,K07,weekly_mean56,22.6250000000,18.2500000000,26.8250000000,0.9000000000
2026-09-19,S12,K08,weekly_mean56,24.7500000000,20.0500000000,30.3000000000,0.9000000000
2026-09-20,S01,K01,weekly_mean56,10.2500000000,6.0250000000,15.1750000000,0.9000000000
2026-09-20,S01,K02,weekly_mean56,10.3750000000,6.0000000000,13.9000000000,0.9000000000
2026-09-20,S01,K03,weekly_mean56,11.1250000000,5.7500000000,16.0500000000,0.9000000000
2026-09-20,S01,K04,weekly_mean56,11.1250000000,5.6000000000,15.8000000000,0.9000000000
2026-09-20,S01,K05,weekly_mean56,14.1250000000,9.7750000000,21.0000000000,0.9000000000
2026-09-20,S01,K06,weekly_mean56,14.2500000000,8.6500000000,20.5250000000,0.9000000000
2026-09-20,S01,K07,weekly_mean56,15.8750000000,10.1000000000,21.4250000000,0.9000000000
2026-09-20,S01,K08,weekly_mean56,16.7500000000,12.4000000000,20.9750000000,0.9000000000
2026-09-20,S02,K01,weekly_mean56,9.6250000000,5.1500000000,14.8000000000,0.9000000000
2026-09-20,S02,K02,weekly_mean56,8.7500000000,4.2000000000,12.4750000000,0.9000000000
2026-09-20,S02,K03,weekly_mean56,12.2500000000,7.0750000000,17.7250000000,0.9000000000
2026-09-20,S02,K04,weekly_mean56,12.3750000000,6.6250000000,16.8750000000,0.9000000000
2026-09-20,S02,K05,weekly_mean56,12.7500000000,8.0750000000,17.7500000000,0.9000000000
2026-09-20,S02,K06,weekly_mean56,14.8750000000,9.9500000000,19.1750000000,0.9000000000
2026-09-20,S02,K07,weekly_mean56,17.1250000000,11.2750000000,24.0250000000,0.9000000000
2026-09-20,S02,K08,weekly_mean56,18.2500000000,13.2000000000,22.8000000000,0.9000000000
2026-09-20,S03,K01,weekly_mean56,12.1250000000,7.2000000000,16.4500000000,0.9000000000
2026-09-20,S03,K02,weekly_mean56,11.1250000000,5.0750000000,16.4250000000,0.9000000000
2026-09-20,S03,K03,weekly_mean56,10.6250000000,6.2500000000,15.7750000000,0.9000000000
2026-09-20,S03,K04,weekly_mean56,12.1250000000,6.3250000000,18.2500000000,0.9000000000
2026-09-20,S03,K05,weekly_mean56,15.2500000000,11.3750000000,20.3750000000,0.9000000000
2026-09-20,S03,K06,weekly_mean56,14.7500000000,10.4250000000,20.0750000000,0.9000000000
2026-09-20,S03,K07,weekly_mean56,16.0000000000,11.4500000000,20.0500000000,0.9000000000
2026-09-20,S03,K08,weekly_mean56,17.5000000000,12.6500000000,23.0000000000,0.9000000000
2026-09-20,S04,K01,weekly_mean56,10.6250000000,6.2000000000,15.5500000000,0.9000000000
2026-09-20,S04,K02,weekly_mean56,12.3750000000,7.7250000000,17.0500000000,0.9000000000
2026-09-20,S04,K03,weekly_mean56,12.3750000000,8.2750000000,15.8000000000,0.9000000000
2026-09-20,S04,K04,weekly_mean56,15.6250000000,10.0500000000,20.9750000000,0.9000000000
2026-09-20,S04,K05,weekly_mean56,15.0000000000,9.2500000000,20.2500000000,0.9000000000
2026-09-20,S04,K06,weekly_mean56,17.5000000000,11.9000000000,22.6000000000,0.9000000000
2026-09-20,S04,K07,weekly_mean56,17.0000000000,12.2000000000,23.8000000000,0.9000000000
2026-09-20,S04,K08,weekly_mean56,19.7500000000,13.6000000000,26.8500000000,0.9000000000
2026-09-20,S05,K01,weekly_mean56,11.8750000000,6.6250000000,16.1750000000,0.9000000000
2026-09-20,S05,K02,weekly_mean56,13.5000000000,8.9500000000,18.3750000000,0.9000000000
2026-09-20,S05,K03,weekly_mean56,14.2500000000,9.2500000000,19.3750000000,0.9000000000
2026-09-20,S05,K04,weekly_mean56,13.3750000000,7.1250000000,19.5500000000,0.9000000000
2026-09-20,S05,K05,weekly_mean56,16.0000000000,10.0000000000,21.3000000000,0.9000000000
2026-09-20,S05,K06,weekly_mean56,18.2500000000,13.7000000000,24.8250000000,0.9000000000
2026-09-20,S05,K07,weekly_mean56,19.1250000000,13.0000000000,25.2500000000,0.9000000000
2026-09-20,S05,K08,weekly_mean56,20.3750000000,15.3250000000,24.9250000000,0.9000000000
2026-09-20,S06,K01,weekly_mean56,11.7500000000,7.0750000000,17.4000000000,0.9000000000
2026-09-20,S06,K02,weekly_mean56,12.3750000000,7.8000000000,17.3500000000,0.9000000000
2026-09-20,S06,K03,weekly_mean56,14.2500000000,9.6000000000,19.4750000000,0.9000000000
2026-09-20,S06,K04,weekly_mean56,14.8750000000,10.1000000000,20.9750000000,0.9000000000
2026-09-20,S06,K05,weekly_mean56,17.7500000000,13.5750000000,23.8000000000,0.9000000000
2026-09-20,S06,K06,weekly_mean56,18.8750000000,13.6000000000,22.9750000000,0.9000000000
2026-09-20,S06,K07,weekly_mean56,19.0000000000,10.9500000000,26.7000000000,0.9000000000
2026-09-20,S06,K08,weekly_mean56,19.6250000000,13.9750000000,23.7500000000,0.9000000000
2026-09-20,S07,K01,weekly_mean56,13.2500000000,8.0750000000,18.0000000000,0.9000000000
2026-09-20,S07,K02,weekly_mean56,12.5000000000,6.5000000000,16.9500000000,0.9000000000
2026-09-20,S07,K03,weekly_mean56,13.8750000000,8.9000000000,19.7750000000,0.9000000000
2026-09-20,S07,K04,weekly_mean56,15.0000000000,9.7500000000,20.1750000000,0.9000000000
2026-09-20,S07,K05,weekly_mean56,18.2500000000,13.9750000000,22.7500000000,0.9000000000
2026-09-20,S07,K06,weekly_mean56,16.6250000000,10.4500000000,21.8250000000,0.9000000000
2026-09-20,S07,K07,weekly_mean56,23.6250000000,17.5500000000,29.1000000000,0.9000000000
2026-09-20,S07,K08,weekly_mean56,21.8750000000,15.4750000000,29.6250000000,0.9000000000
2026-09-20,S08,K01,weekly_mean56,13.5000000000,9.0250000000,19.1750000000,0.9000000000
2026-09-20,S08,K02,weekly_mean56,11.8750000000,6.6750000000,16.8250000000,0.9000000000
2026-09-20,S08,K03,weekly_mean56,17.6250000000,12.3750000000,23.8000000000,0.9000000000
2026-09-20,S08,K04,weekly_mean56,17.0000000000,12.1750000000,24.4500000000,0.9000000000
2026-09-20,S08,K05,weekly_mean56,19.7500000000,14.3750000000,24.3250000000,0.9000000000
2026-09-20,S08,K06,weekly_mean56,18.7500000000,14.4500000000,24.6750000000,0.9000000000
2026-09-20,S08,K07,weekly_mean56,20.0000000000,14.5000000000,26.2000000000,0.9000000000
2026-09-20,S08,K08,weekly_mean56,23.1250000000,17.8750000000,29.4500000000,0.9000000000
2026-09-20,S09,K01,weekly_mean56,13.3750000000,9.4750000000,18.5500000000,0.9000000000
2026-09-20,S09,K02,weekly_mean56,13.6250000000,6.5750000000,19.5750000000,0.9000000000
2026-09-20,S09,K03,weekly_mean56,15.5000000000,10.5000000000,20.8250000000,0.9000000000
2026-09-20,S09,K04,weekly_mean56,17.8750000000,12.4250000000,25.0250000000,0.9000000000
2026-09-20,S09,K05,weekly_mean56,17.7500000000,10.8750000000,23.1750000000,0.9000000000
2026-09-20,S09,K06,weekly_mean56,19.3750000000,14.4750000000,23.5500000000,0.9000000000
2026-09-20,S09,K07,weekly_mean56,21.3750000000,15.4750000000,27.0500000000,0.9000000000
2026-09-20,S09,K08,weekly_mean56,21.8750000000,14.5750000000,27.9750000000,0.9000000000
2026-09-20,S10,K01,weekly_mean56,13.6250000000,9.4750000000,19.0500000000,0.9000000000
2026-09-20,S10,K02,weekly_mean56,14.8750000000,9.7500000000,20.4750000000,0.9000000000
2026-09-20,S10,K03,weekly_mean56,14.7500000000,9.8500000000,21.8750000000,0.9000000000
2026-09-20,S10,K04,weekly_mean56,16.6250000000,10.3250000000,22.6000000000,0.9000000000
2026-09-20,S10,K05,weekly_mean56,19.5000000000,14.1500000000,26.3000000000,0.9000000000
2026-09-20,S10,K06,weekly_mean56,18.8750000000,12.5750000000,23.8750000000,0.9000000000
2026-09-20,S10,K07,weekly_mean56,20.8750000000,15.0000000000,27.9250000000,0.9000000000
2026-09-20,S10,K08,weekly_mean56,24.1250000000,19.3750000000,31.8750000000,0.9000000000
2026-09-20,S11,K01,weekly_mean56,14.3750000000,8.2750000000,22.6000000000,0.9000000000
2026-09-20,S11,K02,weekly_mean56,14.2500000000,8.8750000000,18.9500000000,0.9000000000
2026-09-20,S11,K03,weekly_mean56,16.5000000000,12.2250000000,22.5750000000,0.9000000000
2026-09-20,S11,K04,weekly_mean56,17.3750000000,11.3250000000,22.9000000000,0.9000000000
2026-09-20,S11,K05,weekly_mean56,18.0000000000,11.5000000000,23.7500000000,0.9000000000
2026-09-20,S11,K06,weekly_mean56,22.3750000000,16.5000000000,30.5250000000,0.9000000000
2026-09-20,S11,K07,weekly_mean56,22.5000000000,15.9250000000,29.7500000000,0.9000000000
2026-09-20,S11,K08,weekly_mean56,24.6250000000,17.8500000000,32.2750000000,0.9000000000
2026-09-20,S12,K01,weekly_mean56,14.2500000000,9.4500000000,19.1000000000,0.9000000000
2026-09-20,S12,K02,weekly_mean56,15.1250000000,9.5500000000,19.5000000000,0.9000000000
2026-09-20,S12,K03,weekly_mean56,15.6250000000,10.2750000000,20.9750000000,0.9000000000
2026-09-20,S12,K04,weekly_mean56,17.3750000000,12.2750000000,23.3000000000,0.9000000000
2026-09-20,S12,K05,weekly_mean56,19.6250000000,13.0750000000,24.9750000000,0.9000000000
2026-09-20,S12,K06,weekly_mean56,20.1250000000,12.1500000000,26.1500000000,0.9000000000
2026-09-20,S12,K07,weekly_mean56,23.3750000000,19.0000000000,27.5750000000,0.9000000000
2026-09-20,S12,K08,weekly_mean56,24.8750000000,20.1750000000,30.4250000000,0.9000000000
2026-09-21,S01,K01,weekly_mean56,7.5000000000,3.2750000000,12.4250000000,0.9000000000
2026-09-21,S01,K02,weekly_mean56,7.8750000000,3.5000000000,11.4000000000,0.9000000000
2026-09-21,S01,K03,weekly_mean56,8.2500000000,2.8750000000,13.1750000000,0.9000000000
2026-09-21,S01,K04,weekly_mean56,9.6250000000,4.1000000000,14.3000000000,0.9000000000
2026-09-21,S01,K05,weekly_mean56,10.7500000000,6.4000000000,17.6250000000,0.9000000000
2026-09-21,S01,K06,weekly_mean56,12.0000000000,6.4000000000,18.2750000000,0.9000000000
2026-09-21,S01,K07,weekly_mean56,12.8750000000,7.1000000000,18.4250000000,0.9000000000
2026-09-21,S01,K08,weekly_mean56,13.1250000000,8.7750000000,17.3500000000,0.9000000000
2026-09-21,S02,K01,weekly_mean56,7.6250000000,3.1500000000,12.8000000000,0.9000000000
2026-09-21,S02,K02,weekly_mean56,6.5000000000,1.9500000000,10.2250000000,0.9000000000
2026-09-21,S02,K03,weekly_mean56,9.6250000000,4.4500000000,15.1000000000,0.9000000000
2026-09-21,S02,K04,weekly_mean56,8.8750000000,3.1250000000,13.3750000000,0.9000000000
2026-09-21,S02,K05,weekly_mean56,11.5000000000,6.8250000000,16.5000000000,0.9000000000
2026-09-21,S02,K06,weekly_mean56,11.2500000000,6.3250000000,15.5500000000,0.9000000000
2026-09-21,S02,K07,weekly_mean56,11.2500000000,5.4000000000,18.1500000000,0.9000000000
2026-09-21,S02,K08,weekly_mean56,13.3750000000,8.3250000000,17.9250000000,0.9000000000
2026-09-21,S03,K01,weekly_mean56,8.1250000000,3.2000000000,12.4500000000,0.9000000000
2026-09-21,S03,K02,weekly_mean56,8.2500000000,2.2000000000,13.5500000000,0.9000000000
2026-09-21,S03,K03,weekly_mean56,9.1250000000,4.7500000000,14.2750000000,0.9000000000
2026-09-21,S03,K04,weekly_mean56,9.8750000000,4.0750000000,16.0000000000,0.9000000000
2026-09-21,S03,K05,weekly_mean56,13.0000000000,9.1250000000,18.1250000000,0.9000000000
2026-09-21,S03,K06,weekly_mean56,11.1250000000,6.8000000000,16.4500000000,0.9000000000
2026-09-21,S03,K07,weekly_mean56,13.0000000000,8.4500000000,17.0500000000,0.9000000000
2026-09-21,S03,K08,weekly_mean56,12.8750000000,8.0250000000,18.3750000000,0.9000000000
2026-09-21,S04,K01,weekly_mean56,8.2500000000,3.8250000000,13.1750000000,0.9000000000
2026-09-21,S04,K02,weekly_mean56,9.2500000000,4.6000000000,13.9250000000,0.9000000000
2026-09-21,S04,K03,weekly_mean56,9.7500000000,5.6500000000,13.1750000000,0.9000000000
2026-09-21,S04,K04,weekly_mean56,8.8750000000,3.3000000000,14.2250000000,0.9000000000
2026-09-21,S04,K05,weekly_mean56,13.0000000000,7.2500000000,18.2500000000,0.9000000000
2026-09-21,S04,K06,weekly_mean56,14.2500000000,8.6500000000,19.3500000000,0.9000000000
2026-09-21,S04,K07,weekly_mean56,15.5000000000,10.7000000000,22.3000000000,0.9000000000
2026-09-21,S04,K08,weekly_mean56,13.6250000000,7.4750000000,20.7250000000,0.9000000000
2026-09-21,S05,K01,weekly_mean56,7.7500000000,2.5000000000,12.0500000000,0.9000000000
2026-09-21,S05,K02,weekly_mean56,7.8750000000,3.3250000000,12.7500000000,0.9000000000
2026-09-21,S05,K03,weekly_mean56,10.6250000000,5.6250000000,15.7500000000,0.9000000000
2026-09-21,S05,K04,weekly_mean56,11.7500000000,5.5000000000,17.9250000000,0.9000000000
2026-09-21,S05,K05,weekly_mean56,11.7500000000,5.7500000000,17.0500000000,0.9000000000
2026-09-21,S05,K06,weekly_mean56,13.3750000000,8.8250000000,19.9500000000,0.9000000000
2026-09-21,S05,K07,weekly_mean56,14.8750000000,8.7500000000,21.0000000000,0.9000000000
2026-09-21,S05,K08,weekly_mean56,14.2500000000,9.2000000000,18.8000000000,0.9000000000
2026-09-21,S06,K01,weekly_mean56,8.3750000000,3.7000000000,14.0250000000,0.9000000000
2026-09-21,S06,K02,weekly_mean56,9.1250000000,4.5500000000,14.1000000000,0.9000000000
2026-09-21,S06,K03,weekly_mean56,10.0000000000,5.3500000000,15.2250000000,0.9000000000
2026-09-21,S06,K04,weekly_mean56,11.6250000000,6.8500000000,17.7250000000,0.9000000000
2026-09-21,S06,K05,weekly_mean56,14.2500000000,10.0750000000,20.3000000000,0.9000000000
2026-09-21,S06,K06,weekly_mean56,13.1250000000,7.8500000000,17.2250000000,0.9000000000
2026-09-21,S06,K07,weekly_mean56,15.6250000000,7.5750000000,23.3250000000,0.9000000000
2026-09-21,S06,K08,weekly_mean56,15.5000000000,9.8500000000,19.6250000000,0.9000000000
2026-09-21,S07,K01,weekly_mean56,7.6250000000,2.4500000000,12.3750000000,0.9000000000
2026-09-21,S07,K02,weekly_mean56,8.8750000000,2.8750000000,13.3250000000,0.9000000000
2026-09-21,S07,K03,weekly_mean56,10.0000000000,5.0250000000,15.9000000000,0.9000000000
2026-09-21,S07,K04,weekly_mean56,11.5000000000,6.2500000000,16.6750000000,0.9000000000
2026-09-21,S07,K05,weekly_mean56,13.6250000000,9.3500000000,18.1250000000,0.9000000000
2026-09-21,S07,K06,weekly_mean56,14.6250000000,8.4500000000,19.8250000000,0.9000000000
2026-09-21,S07,K07,weekly_mean56,14.3750000000,8.3000000000,19.8500000000,0.9000000000
2026-09-21,S07,K08,weekly_mean56,16.0000000000,9.6000000000,23.7500000000,0.9000000000
2026-09-21,S08,K01,weekly_mean56,9.2500000000,4.7750000000,14.9250000000,0.9000000000
2026-09-21,S08,K02,weekly_mean56,10.0000000000,4.8000000000,14.9500000000,0.9000000000
2026-09-21,S08,K03,weekly_mean56,10.6250000000,5.3750000000,16.8000000000,0.9000000000
2026-09-21,S08,K04,weekly_mean56,12.2500000000,7.4250000000,19.7000000000,0.9000000000
2026-09-21,S08,K05,weekly_mean56,13.6250000000,8.2500000000,18.2000000000,0.9000000000
2026-09-21,S08,K06,weekly_mean56,15.5000000000,11.2000000000,21.4250000000,0.9000000000
2026-09-21,S08,K07,weekly_mean56,16.3750000000,10.8750000000,22.5750000000,0.9000000000
2026-09-21,S08,K08,weekly_mean56,19.0000000000,13.7500000000,25.3250000000,0.9000000000
2026-09-21,S09,K01,weekly_mean56,10.6250000000,6.7250000000,15.8000000000,0.9000000000
2026-09-21,S09,K02,weekly_mean56,10.2500000000,3.2000000000,16.2000000000,0.9000000000
2026-09-21,S09,K03,weekly_mean56,11.0000000000,6.0000000000,16.3250000000,0.9000000000
2026-09-21,S09,K04,weekly_mean56,12.2500000000,6.8000000000,19.4000000000,0.9000000000
2026-09-21,S09,K05,weekly_mean56,14.3750000000,7.5000000000,19.8000000000,0.9000000000
2026-09-21,S09,K06,weekly_mean56,14.5000000000,9.6000000000,18.6750000000,0.9000000000
2026-09-21,S09,K07,weekly_mean56,18.1250000000,12.2250000000,23.8000000000,0.9000000000
2026-09-21,S09,K08,weekly_mean56,16.7500000000,9.4500000000,22.8500000000,0.9000000000
2026-09-21,S10,K01,weekly_mean56,10.7500000000,6.6000000000,16.1750000000,0.9000000000
2026-09-21,S10,K02,weekly_mean56,9.6250000000,4.5000000000,15.2250000000,0.9000000000
2026-09-21,S10,K03,weekly_mean56,11.8750000000,6.9750000000,19.0000000000,0.9000000000
2026-09-21,S10,K04,weekly_mean56,13.7500000000,7.4500000000,19.7250000000,0.9000000000
2026-09-21,S10,K05,weekly_mean56,15.5000000000,10.1500000000,22.3000000000,0.9000000000
2026-09-21,S10,K06,weekly_mean56,15.7500000000,9.4500000000,20.7500000000,0.9000000000
2026-09-21,S10,K07,weekly_mean56,20.2500000000,14.3750000000,27.3000000000,0.9000000000
2026-09-21,S10,K08,weekly_mean56,18.0000000000,13.2500000000,25.7500000000,0.9000000000
2026-09-21,S11,K01,weekly_mean56,11.1250000000,5.0250000000,19.3500000000,0.9000000000
2026-09-21,S11,K02,weekly_mean56,11.6250000000,6.2500000000,16.3250000000,0.9000000000
2026-09-21,S11,K03,weekly_mean56,13.1250000000,8.8500000000,19.2000000000,0.9000000000
2026-09-21,S11,K04,weekly_mean56,13.7500000000,7.7000000000,19.2750000000,0.9000000000
2026-09-21,S11,K05,weekly_mean56,17.6250000000,11.1250000000,23.3750000000,0.9000000000
2026-09-21,S11,K06,weekly_mean56,14.6250000000,8.7500000000,22.7750000000,0.9000000000
2026-09-21,S11,K07,weekly_mean56,17.0000000000,10.4250000000,24.2500000000,0.9000000000
2026-09-21,S11,K08,weekly_mean56,20.3750000000,13.6000000000,28.0250000000,0.9000000000
2026-09-21,S12,K01,weekly_mean56,11.1250000000,6.3250000000,15.9750000000,0.9000000000
2026-09-21,S12,K02,weekly_mean56,11.6250000000,6.0500000000,16.0000000000,0.9000000000
2026-09-21,S12,K03,weekly_mean56,13.8750000000,8.5250000000,19.2250000000,0.9000000000
2026-09-21,S12,K04,weekly_mean56,12.5000000000,7.4000000000,18.4250000000,0.9000000000
2026-09-21,S12,K05,weekly_mean56,14.3750000000,7.8250000000,19.7250000000,0.9000000000
2026-09-21,S12,K06,weekly_mean56,15.5000000000,7.5250000000,21.5250000000,0.9000000000
2026-09-21,S12,K07,weekly_mean56,19.8750000000,15.5000000000,24.0750000000,0.9000000000
2026-09-21,S12,K08,weekly_mean56,18.8750000000,14.1750000000,24.4250000000,0.9000000000
2026-09-22,S01,K01,weekly_mean56,7.5000000000,3.2750000000,12.4250000000,0.9000000000
2026-09-22,S01,K02,weekly_mean56,6.6250000000,2.2500000000,10.1500000000,0.9000000000
2026-09-22,S01,K03,weekly_mean56,9.7500000000,4.3750000000,14.6750000000,0.9000000000
2026-09-22,S01,K04,weekly_mean56,10.5000000000,4.9750000000,15.1750000000,0.9000000000
2026-09-22,S01,K05,weekly_mean56,10.0000000000,5.6500000000,16.8750000000,0.9000000000
2026-09-22,S01,K06,weekly_mean56,11.1250000000,5.5250000000,17.4000000000,0.9000000000
2026-09-22,S01,K07,weekly_mean56,14.3750000000,8.6000000000,19.9250000000,0.9000000000
2026-09-22,S01,K08,weekly_mean56,11.7500000000,7.4000000000,15.9750000000,0.9000000000
2026-09-22,S02,K01,weekly_mean56,8.8750000000,4.4000000000,14.0500000000,0.9000000000
2026-09-22,S02,K02,weekly_mean56,7.3750000000,2.8250000000,11.1000000000,0.9000000000
2026-09-22,S02,K03,weekly_mean56,9.1250000000,3.9500000000,14.6000000000,0.9000000000
2026-09-22,S02,K04,weekly_mean56,9.5000000000,3.7500000000,14.0000000000,0.9000000000
2026-09-22,S02,K05,weekly_mean56,12.5000000000,7.8250000000,17.5000000000,0.9000000000
2026-09-22,S02,K06,weekly_mean56,9.8750000000,4.9500000000,14.1750000000,0.9000000000
2026-09-22,S02,K07,weekly_mean56,12.5000000000,6.6500000000,19.4000000000,0.9000000000
2026-09-22,S02,K08,weekly_mean56,13.8750000000,8.8250000000,18.4250000000,0.9000000000
2026-09-22,S03,K01,weekly_mean56,8.1250000000,3.2000000000,12.4500000000,0.9000000000
2026-09-22,S03,K02,weekly_mean56,8.1250000000,2.0750000000,13.4250000000,0.9000000000
2026-09-22,S03,K03,weekly_mean56,9.7500000000,5.3750000000,14.9000000000,0.9000000000
2026-09-22,S03,K04,weekly_mean56,10.7500000000,4.9500000000,16.8750000000,0.9000000000
2026-09-22,S03,K05,weekly_mean56,11.2500000000,7.3750000000,16.3750000000,0.9000000000
2026-09-22,S03,K06,weekly_mean56,13.8750000000,9.5500000000,19.2000000000,0.9000000000
2026-09-22,S03,K07,weekly_mean56,12.7500000000,8.2000000000,16.8000000000,0.9000000000
2026-09-22,S03,K08,weekly_mean56,12.8750000000,8.0250000000,18.3750000000,0.9000000000
2026-09-22,S04,K01,weekly_mean56,7.2500000000,2.8250000000,12.1750000000,0.9000000000
2026-09-22,S04,K02,weekly_mean56,8.2500000000,3.6000000000,12.9250000000,0.9000000000
2026-09-22,S04,K03,weekly_mean56,11.2500000000,7.1500000000,14.6750000000,0.9000000000
2026-09-22,S04,K04,weekly_mean56,10.0000000000,4.4250000000,15.3500000000,0.9000000000
2026-09-22,S04,K05,weekly_mean56,11.6250000000,5.8750000000,16.8750000000,0.9000000000
2026-09-22,S04,K06,weekly_mean56,13.1250000000,7.5250000000,18.2250000000,0.9000000000
2026-09-22,S04,K07,weekly_mean56,15.6250000000,10.8250000000,22.4250000000,0.9000000000
2026-09-22,S04,K08,weekly_mean56,15.6250000000,9.4750000000,22.7250000000,0.9000000000
2026-09-22,S05,K01,weekly_mean56,9.8750000000,4.6250000000,14.1750000000,0.9000000000
2026-09-22,S05,K02,weekly_mean56,10.3750000000,5.8250000000,15.2500000000,0.9000000000
2026-09-22,S05,K03,weekly_mean56,10.6250000000,5.6250000000,15.7500000000,0.9000000000
2026-09-22,S05,K04,weekly_mean56,11.0000000000,4.7500000000,17.1750000000,0.9000000000
2026-09-22,S05,K05,weekly_mean56,13.3750000000,7.3750000000,18.6750000000,0.9000000000
2026-09-22,S05,K06,weekly_mean56,14.7500000000,10.2000000000,21.3250000000,0.9000000000
2026-09-22,S05,K07,weekly_mean56,16.8750000000,10.7500000000,23.0000000000,0.9000000000
2026-09-22,S05,K08,weekly_mean56,15.8750000000,10.8250000000,20.4250000000,0.9000000000
2026-09-22,S06,K01,weekly_mean56,9.5000000000,4.8250000000,15.1500000000,0.9000000000
2026-09-22,S06,K02,weekly_mean56,9.6250000000,5.0500000000,14.6000000000,0.9000000000
2026-09-22,S06,K03,weekly_mean56,11.5000000000,6.8500000000,16.7250000000,0.9000000000
2026-09-22,S06,K04,weekly_mean56,11.8750000000,7.1000000000,17.9750000000,0.9000000000
2026-09-22,S06,K05,weekly_mean56,14.3750000000,10.2000000000,20.4250000000,0.9000000000
2026-09-22,S06,K06,weekly_mean56,13.1250000000,7.8500000000,17.2250000000,0.9000000000
2026-09-22,S06,K07,weekly_mean56,16.3750000000,8.3250000000,24.0750000000,0.9000000000
2026-09-22,S06,K08,weekly_mean56,15.6250000000,9.9750000000,19.7500000000,0.9000000000
2026-09-22,S07,K01,weekly_mean56,9.7500000000,4.5750000000,14.5000000000,0.9000000000
2026-09-22,S07,K02,weekly_mean56,10.2500000000,4.2500000000,14.7000000000,0.9000000000
2026-09-22,S07,K03,weekly_mean56,12.5000000000,7.5250000000,18.4000000000,0.9000000000
2026-09-22,S07,K04,weekly_mean56,13.1250000000,7.8750000000,18.3000000000,0.9000000000
2026-09-22,S07,K05,weekly_mean56,14.2500000000,9.9750000000,18.7500000000,0.9000000000
2026-09-22,S07,K06,weekly_mean56,14.2500000000,8.0750000000,19.4500000000,0.9000000000
2026-09-22,S07,K07,weekly_mean56,17.7500000000,11.6750000000,23.2250000000,0.9000000000
2026-09-22,S07,K08,weekly_mean56,17.7500000000,11.3500000000,25.5000000000,0.9000000000
2026-09-22,S08,K01,weekly_mean56,10.3750000000,5.9000000000,16.0500000000,0.9000000000
2026-09-22,S08,K02,weekly_mean56,9.7500000000,4.5500000000,14.7000000000,0.9000000000
2026-09-22,S08,K03,weekly_mean56,13.1250000000,7.8750000000,19.3000000000,0.9000000000
2026-09-22,S08,K04,weekly_mean56,14.0000000000,9.1750000000,21.4500000000,0.9000000000
2026-09-22,S08,K05,weekly_mean56,13.3750000000,8.0000000000,17.9500000000,0.9000000000
2026-09-22,S08,K06,weekly_mean56,15.5000000000,11.2000000000,21.4250000000,0.9000000000
2026-09-22,S08,K07,weekly_mean56,16.8750000000,11.3750000000,23.0750000000,0.9000000000
2026-09-22,S08,K08,weekly_mean56,18.3750000000,13.1250000000,24.7000000000,0.9000000000
2026-09-22,S09,K01,weekly_mean56,11.2500000000,7.3500000000,16.4250000000,0.9000000000
2026-09-22,S09,K02,weekly_mean56,10.5000000000,3.4500000000,16.4500000000,0.9000000000
2026-09-22,S09,K03,weekly_mean56,14.1250000000,9.1250000000,19.4500000000,0.9000000000
2026-09-22,S09,K04,weekly_mean56,13.8750000000,8.4250000000,21.0250000000,0.9000000000
2026-09-22,S09,K05,weekly_mean56,15.3750000000,8.5000000000,20.8000000000,0.9000000000
2026-09-22,S09,K06,weekly_mean56,12.5000000000,7.6000000000,16.6750000000,0.9000000000
2026-09-22,S09,K07,weekly_mean56,15.3750000000,9.4750000000,21.0500000000,0.9000000000
2026-09-22,S09,K08,weekly_mean56,17.6250000000,10.3250000000,23.7250000000,0.9000000000
2026-09-22,S10,K01,weekly_mean56,10.5000000000,6.3500000000,15.9250000000,0.9000000000
2026-09-22,S10,K02,weekly_mean56,10.7500000000,5.6250000000,16.3500000000,0.9000000000
2026-09-22,S10,K03,weekly_mean56,13.8750000000,8.9750000000,21.0000000000,0.9000000000
2026-09-22,S10,K04,weekly_mean56,13.3750000000,7.0750000000,19.3500000000,0.9000000000
2026-09-22,S10,K05,weekly_mean56,16.1250000000,10.7750000000,22.9250000000,0.9000000000
2026-09-22,S10,K06,weekly_mean56,17.2500000000,10.9500000000,22.2500000000,0.9000000000
2026-09-22,S10,K07,weekly_mean56,18.5000000000,12.6250000000,25.5500000000,0.9000000000
2026-09-22,S10,K08,weekly_mean56,19.6250000000,14.8750000000,27.3750000000,0.9000000000
2026-09-22,S11,K01,weekly_mean56,9.1250000000,3.0250000000,17.3500000000,0.9000000000
2026-09-22,S11,K02,weekly_mean56,12.8750000000,7.5000000000,17.5750000000,0.9000000000
2026-09-22,S11,K03,weekly_mean56,14.2500000000,9.9750000000,20.3250000000,0.9000000000
2026-09-22,S11,K04,weekly_mean56,14.2500000000,8.2000000000,19.7750000000,0.9000000000
2026-09-22,S11,K05,weekly_mean56,16.1250000000,9.6250000000,21.8750000000,0.9000000000
2026-09-22,S11,K06,weekly_mean56,17.5000000000,11.6250000000,25.6500000000,0.9000000000
2026-09-22,S11,K07,weekly_mean56,17.7500000000,11.1750000000,25.0000000000,0.9000000000
2026-09-22,S11,K08,weekly_mean56,21.8750000000,15.1000000000,29.5250000000,0.9000000000
2026-09-22,S12,K01,weekly_mean56,12.2500000000,7.4500000000,17.1000000000,0.9000000000
2026-09-22,S12,K02,weekly_mean56,12.6250000000,7.0500000000,17.0000000000,0.9000000000
2026-09-22,S12,K03,weekly_mean56,15.0000000000,9.6500000000,20.3500000000,0.9000000000
2026-09-22,S12,K04,weekly_mean56,14.0000000000,8.9000000000,19.9250000000,0.9000000000
2026-09-22,S12,K05,weekly_mean56,15.2500000000,8.7000000000,20.6000000000,0.9000000000
2026-09-22,S12,K06,weekly_mean56,18.7500000000,10.7750000000,24.7750000000,0.9000000000
2026-09-22,S12,K07,weekly_mean56,18.8750000000,14.5000000000,23.0750000000,0.9000000000
2026-09-22,S12,K08,weekly_mean56,21.5000000000,16.8000000000,27.0500000000,0.9000000000
2026-09-23,S01,K01,weekly_mean56,8.0000000000,3.7750000000,12.9250000000,0.9000000000
2026-09-23,S01,K02,weekly_mean56,7.5000000000,3.1250000000,11.0250000000,0.9000000000
2026-09-23,S01,K03,weekly_mean56,8.3750000000,3.0000000000,13.3000000000,0.9000000000
2026-09-23,S01,K04,weekly_mean56,9.3750000000,3.8500000000,14.0500000000,0.9000000000
2026-09-23,S01,K05,weekly_mean56,11.8750000000,7.5250000000,18.7500000000,0.9000000000
2026-09-23,S01,K06,weekly_mean56,11.0000000000,5.4000000000,17.2750000000,0.9000000000
2026-09-23,S01,K07,weekly_mean56,13.3750000000,7.6000000000,18.9250000000,0.9000000000
2026-09-23,S01,K08,weekly_mean56,13.5000000000,9.1500000000,17.7250000000,0.9000000000
2026-09-23,S02,K01,weekly_mean56,8.1250000000,3.6500000000,13.3000000000,0.9000000000
2026-09-23,S02,K02,weekly_mean56,7.3750000000,2.8250000000,11.1000000000,0.9000000000
2026-09-23,S02,K03,weekly_mean56,9.0000000000,3.8250000000,14.4750000000,0.9000000000
2026-09-23,S02,K04,weekly_mean56,8.5000000000,2.7500000000,13.0000000000,0.9000000000
2026-09-23,S02,K05,weekly_mean56,10.5000000000,5.8250000000,15.5000000000,0.9000000000
2026-09-23,S02,K06,weekly_mean56,11.7500000000,6.8250000000,16.0500000000,0.9000000000
2026-09-23,S02,K07,weekly_mean56,14.0000000000,8.1500000000,20.9000000000,0.9000000000
2026-09-23,S02,K08,weekly_mean56,13.2500000000,8.2000000000,17.8000000000,0.9000000000
2026-09-23,S03,K01,weekly_mean56,6.3750000000,1.4500000000,10.7000000000,0.9000000000
2026-09-23,S03,K02,weekly_mean56,9.2500000000,3.2000000000,14.5500000000,0.9000000000
2026-09-23,S03,K03,weekly_mean56,10.1250000000,5.7500000000,15.2750000000,0.9000000000
2026-09-23,S03,K04,weekly_mean56,8.5000000000,2.7000000000,14.6250000000,0.9000000000
2026-09-23,S03,K05,weekly_mean56,11.5000000000,7.6250000000,16.6250000000,0.9000000000
2026-09-23,S03,K06,weekly_mean56,12.2500000000,7.9250000000,17.5750000000,0.9000000000
2026-09-23,S03,K07,weekly_mean56,12.8750000000,8.3250000000,16.9250000000,0.9000000000
2026-09-23,S03,K08,weekly_mean56,12.5000000000,7.6500000000,18.0000000000,0.9000000000
2026-09-23,S04,K01,weekly_mean56,9.3750000000,4.9500000000,14.3000000000,0.9000000000
2026-09-23,S04,K02,weekly_mean56,9.0000000000,4.3500000000,13.6750000000,0.9000000000
2026-09-23,S04,K03,weekly_mean56,10.7500000000,6.6500000000,14.1750000000,0.9000000000
2026-09-23,S04,K04,weekly_mean56,12.0000000000,6.4250000000,17.3500000000,0.9000000000
2026-09-23,S04,K05,weekly_mean56,13.2500000000,7.5000000000,18.5000000000,0.9000000000
2026-09-23,S04,K06,weekly_mean56,13.8750000000,8.2750000000,18.9750000000,0.9000000000
2026-09-23,S04,K07,weekly_mean56,14.2500000000,9.4500000000,21.0500000000,0.9000000000
2026-09-23,S04,K08,weekly_mean56,15.0000000000,8.8500000000,22.1000000000,0.9000000000
2026-09-23,S05,K01,weekly_mean56,9.7500000000,4.5000000000,14.0500000000,0.9000000000
2026-09-23,S05,K02,weekly_mean56,9.1250000000,4.5750000000,14.0000000000,0.9000000000
2026-09-23,S05,K03,weekly_mean56,11.1250000000,6.1250000000,16.2500000000,0.9000000000
2026-09-23,S05,K04,weekly_mean56,10.6250000000,4.3750000000,16.8000000000,0.9000000000
2026-09-23,S05,K05,weekly_mean56,12.5000000000,6.5000000000,17.8000000000,0.9000000000
2026-09-23,S05,K06,weekly_mean56,13.2500000000,8.7000000000,19.8250000000,0.9000000000
2026-09-23,S05,K07,weekly_mean56,15.0000000000,8.8750000000,21.1250000000,0.9000000000
2026-09-23,S05,K08,weekly_mean56,15.8750000000,10.8250000000,20.4250000000,0.9000000000
2026-09-23,S06,K01,weekly_mean56,9.6250000000,4.9500000000,15.2750000000,0.9000000000
2026-09-23,S06,K02,weekly_mean56,9.6250000000,5.0500000000,14.6000000000,0.9000000000
2026-09-23,S06,K03,weekly_mean56,11.8750000000,7.2250000000,17.1000000000,0.9000000000
2026-09-23,S06,K04,weekly_mean56,10.6250000000,5.8500000000,16.7250000000,0.9000000000
2026-09-23,S06,K05,weekly_mean56,16.2500000000,12.0750000000,22.3000000000,0.9000000000
2026-09-23,S06,K06,weekly_mean56,13.5000000000,8.2250000000,17.6000000000,0.9000000000
2026-09-23,S06,K07,weekly_mean56,15.0000000000,6.9500000000,22.7000000000,0.9000000000
2026-09-23,S06,K08,weekly_mean56,16.7500000000,11.1000000000,20.8750000000,0.9000000000
2026-09-23,S07,K01,weekly_mean56,8.8750000000,3.7000000000,13.6250000000,0.9000000000
2026-09-23,S07,K02,weekly_mean56,9.2500000000,3.2500000000,13.7000000000,0.9000000000
2026-09-23,S07,K03,weekly_mean56,11.2500000000,6.2750000000,17.1500000000,0.9000000000
2026-09-23,S07,K04,weekly_mean56,11.6250000000,6.3750000000,16.8000000000,0.9000000000
2026-09-23,S07,K05,weekly_mean56,14.2500000000,9.9750000000,18.7500000000,0.9000000000
2026-09-23,S07,K06,weekly_mean56,15.5000000000,9.3250000000,20.7000000000,0.9000000000
2026-09-23,S07,K07,weekly_mean56,16.7500000000,10.6750000000,22.2250000000,0.9000000000
2026-09-23,S07,K08,weekly_mean56,17.0000000000,10.6000000000,24.7500000000,0.9000000000
2026-09-23,S08,K01,weekly_mean56,11.0000000000,6.5250000000,16.6750000000,0.9000000000
2026-09-23,S08,K02,weekly_mean56,9.5000000000,4.3000000000,14.4500000000,0.9000000000
2026-09-23,S08,K03,weekly_mean56,12.2500000000,7.0000000000,18.4250000000,0.9000000000
2026-09-23,S08,K04,weekly_mean56,13.3750000000,8.5500000000,20.8250000000,0.9000000000
2026-09-23,S08,K05,weekly_mean56,14.3750000000,9.0000000000,18.9500000000,0.9000000000
2026-09-23,S08,K06,weekly_mean56,12.5000000000,8.2000000000,18.4250000000,0.9000000000
2026-09-23,S08,K07,weekly_mean56,18.2500000000,12.7500000000,24.4500000000,0.9000000000
2026-09-23,S08,K08,weekly_mean56,18.2500000000,13.0000000000,24.5750000000,0.9000000000
2026-09-23,S09,K01,weekly_mean56,12.3750000000,8.4750000000,17.5500000000,0.9000000000
2026-09-23,S09,K02,weekly_mean56,10.0000000000,2.9500000000,15.9500000000,0.9000000000
2026-09-23,S09,K03,weekly_mean56,11.7500000000,6.7500000000,17.0750000000,0.9000000000
2026-09-23,S09,K04,weekly_mean56,13.7500000000,8.3000000000,20.9000000000,0.9000000000
2026-09-23,S09,K05,weekly_mean56,15.1250000000,8.2500000000,20.5500000000,0.9000000000
2026-09-23,S09,K06,weekly_mean56,16.7500000000,11.8500000000,20.9250000000,0.9000000000
2026-09-23,S09,K07,weekly_mean56,15.8750000000,9.9750000000,21.5500000000,0.9000000000
2026-09-23,S09,K08,weekly_mean56,19.7500000000,12.4500000000,25.8500000000,0.9000000000
2026-09-23,S10,K01,weekly_mean56,8.6250000000,4.4750000000,14.0500000000,0.9000000000
2026-09-23,S10,K02,weekly_mean56,11.6250000000,6.5000000000,17.2250000000,0.9000000000
2026-09-23,S10,K03,weekly_mean56,13.7500000000,8.8500000000,20.8750000000,0.9000000000
2026-09-23,S10,K04,weekly_mean56,12.8750000000,6.5750000000,18.8500000000,0.9000000000
2026-09-23,S10,K05,weekly_mean56,15.8750000000,10.5250000000,22.6750000000,0.9000000000
2026-09-23,S10,K06,weekly_mean56,16.2500000000,9.9500000000,21.2500000000,0.9000000000
2026-09-23,S10,K07,weekly_mean56,18.3750000000,12.5000000000,25.4250000000,0.9000000000
2026-09-23,S10,K08,weekly_mean56,19.7500000000,15.0000000000,27.5000000000,0.9000000000
2026-09-23,S11,K01,weekly_mean56,12.0000000000,5.9000000000,20.2250000000,0.9000000000
2026-09-23,S11,K02,weekly_mean56,13.2500000000,7.8750000000,17.9500000000,0.9000000000
2026-09-23,S11,K03,weekly_mean56,13.1250000000,8.8500000000,19.2000000000,0.9000000000
2026-09-23,S11,K04,weekly_mean56,15.7500000000,9.7000000000,21.2750000000,0.9000000000
2026-09-23,S11,K05,weekly_mean56,16.7500000000,10.2500000000,22.5000000000,0.9000000000
2026-09-23,S11,K06,weekly_mean56,17.0000000000,11.1250000000,25.1500000000,0.9000000000
2026-09-23,S11,K07,weekly_mean56,19.0000000000,12.4250000000,26.2500000000,0.9000000000
2026-09-23,S11,K08,weekly_mean56,19.0000000000,12.2250000000,26.6500000000,0.9000000000
2026-09-23,S12,K01,weekly_mean56,9.2500000000,4.4500000000,14.1000000000,0.9000000000
2026-09-23,S12,K02,weekly_mean56,12.6250000000,7.0500000000,17.0000000000,0.9000000000
2026-09-23,S12,K03,weekly_mean56,13.6250000000,8.2750000000,18.9750000000,0.9000000000
2026-09-23,S12,K04,weekly_mean56,16.0000000000,10.9000000000,21.9250000000,0.9000000000
2026-09-23,S12,K05,weekly_mean56,15.7500000000,9.2000000000,21.1000000000,0.9000000000
2026-09-23,S12,K06,weekly_mean56,18.3750000000,10.4000000000,24.4000000000,0.9000000000
2026-09-23,S12,K07,weekly_mean56,18.1250000000,13.7500000000,22.3250000000,0.9000000000
2026-09-23,S12,K08,weekly_mean56,19.1250000000,14.4250000000,24.6750000000,0.9000000000
2026-09-24,S01,K01,weekly_mean56,7.7500000000,3.5250000000,12.6750000000,0.9000000000
2026-09-24,S01,K02,weekly_mean56,6.8750000000,2.5000000000,10.4000000000,0.9000000000
2026-09-24,S01,K03,weekly_mean56,7.2500000000,1.8750000000,12.1750000000,0.9000000000
2026-09-24,S01,K04,weekly_mean56,9.5000000000,3.9750000000,14.1750000000,0.9000000000
2026-09-24,S01,K05,weekly_mean56,10.5000000000,6.1500000000,17.3750000000,0.9000000000
2026-09-24,S01,K06,weekly_mean56,8.8750000000,3.2750000000,15.1500000000,0.9000000000
2026-09-24,S01,K07,weekly_mean56,10.1250000000,4.3500000000,15.6750000000,0.9000000000
2026-09-24,S01,K08,weekly_mean56,11.8750000000,7.5250000000,16.1000000000,0.9000000000
2026-09-24,S02,K01,weekly_mean56,7.0000000000,2.5250000000,12.1750000000,0.9000000000
2026-09-24,S02,K02,weekly_mean56,6.8750000000,2.3250000000,10.6000000000,0.9000000000
2026-09-24,S02,K03,weekly_mean56,8.8750000000,3.7000000000,14.3500000000,0.9000000000
2026-09-24,S02,K04,weekly_mean56,9.3750000000,3.6250000000,13.8750000000,0.9000000000
2026-09-24,S02,K05,weekly_mean56,10.8750000000,6.2000000000,15.8750000000,0.9000000000
2026-09-24,S02,K06,weekly_mean56,12.0000000000,7.0750000000,16.3000000000,0.9000000000
2026-09-24,S02,K07,weekly_mean56,10.2500000000,4.4000000000,17.1500000000,0.9000000000
2026-09-24,S02,K08,weekly_mean56,11.1250000000,6.0750000000,15.6750000000,0.9000000000
2026-09-24,S03,K01,weekly_mean56,7.2500000000,2.3250000000,11.5750000000,0.9000000000
2026-09-24,S03,K02,weekly_mean56,6.3750000000,0.3750000000,11.6750000000,0.9000000000
2026-09-24,S03,K03,weekly_mean56,8.6250000000,4.2500000000,13.7750000000,0.9000000000
2026-09-24,S03,K04,weekly_mean56,10.5000000000,4.7000000000,16.6250000000,0.9000000000
2026-09-24,S03,K05,weekly_mean56,11.2500000000,7.3750000000,16.3750000000,0.9000000000
2026-09-24,S03,K06,weekly_mean56,11.6250000000,7.3000000000,16.9500000000,0.9000000000
2026-09-24,S03,K07,weekly_mean56,12.7500000000,8.2000000000,16.8000000000,0.9000000000
2026-09-24,S03,K08,weekly_mean56,13.0000000000,8.1500000000,18.5000000000,0.9000000000
2026-09-24,S04,K01,weekly_mean56,7.3750000000,2.9500000000,12.3000000000,0.9000000000
2026-09-24,S04,K02,weekly_mean56,9.1250000000,4.4750000000,13.8000000000,0.9000000000
2026-09-24,S04,K03,weekly_mean56,9.1250000000,5.0250000000,12.5500000000,0.9000000000
2026-09-24,S04,K04,weekly_mean56,10.1250000000,4.5500000000,15.4750000000,0.9000000000
2026-09-24,S04,K05,weekly_mean56,11.3750000000,5.6250000000,16.6250000000,0.9000000000
2026-09-24,S04,K06,weekly_mean56,10.7500000000,5.1500000000,15.8500000000,0.9000000000
2026-09-24,S04,K07,weekly_mean56,13.7500000000,8.9500000000,20.5500000000,0.9000000000
2026-09-24,S04,K08,weekly_mean56,13.5000000000,7.3500000000,20.6000000000,0.9000000000
2026-09-24,S05,K01,weekly_mean56,8.8750000000,3.6250000000,13.1750000000,0.9000000000
2026-09-24,S05,K02,weekly_mean56,9.3750000000,4.8250000000,14.2500000000,0.9000000000
2026-09-24,S05,K03,weekly_mean56,9.5000000000,4.5000000000,14.6250000000,0.9000000000
2026-09-24,S05,K04,weekly_mean56,11.3750000000,5.1250000000,17.5500000000,0.9000000000
2026-09-24,S05,K05,weekly_mean56,12.8750000000,6.8750000000,18.1750000000,0.9000000000
2026-09-24,S05,K06,weekly_mean56,12.2500000000,7.7000000000,18.8250000000,0.9000000000
2026-09-24,S05,K07,weekly_mean56,13.7500000000,7.6250000000,19.8750000000,0.9000000000
2026-09-24,S05,K08,weekly_mean56,13.8750000000,8.8250000000,18.4250000000,0.9000000000
2026-09-24,S06,K01,weekly_mean56,7.5000000000,2.8250000000,13.1500000000,0.9000000000
2026-09-24,S06,K02,weekly_mean56,9.7500000000,5.1750000000,14.7250000000,0.9000000000
2026-09-24,S06,K03,weekly_mean56,10.0000000000,5.3500000000,15.2250000000,0.9000000000
2026-09-24,S06,K04,weekly_mean56,10.2500000000,5.4750000000,16.3500000000,0.9000000000
2026-09-24,S06,K05,weekly_mean56,12.8750000000,8.7000000000,18.9250000000,0.9000000000
2026-09-24,S06,K06,weekly_mean56,12.6250000000,7.3500000000,16.7250000000,0.9000000000
2026-09-24,S06,K07,weekly_mean56,14.6250000000,6.5750000000,22.3250000000,0.9000000000
2026-09-24,S06,K08,weekly_mean56,15.0000000000,9.3500000000,19.1250000000,0.9000000000
2026-09-24,S07,K01,weekly_mean56,10.0000000000,4.8250000000,14.7500000000,0.9000000000
2026-09-24,S07,K02,weekly_mean56,8.6250000000,2.6250000000,13.0750000000,0.9000000000
2026-09-24,S07,K03,weekly_mean56,10.5000000000,5.5250000000,16.4000000000,0.9000000000
2026-09-24,S07,K04,weekly_mean56,12.0000000000,6.7500000000,17.1750000000,0.9000000000
2026-09-24,S07,K05,weekly_mean56,11.6250000000,7.3500000000,16.1250000000,0.9000000000
2026-09-24,S07,K06,weekly_mean56,13.7500000000,7.5750000000,18.9500000000,0.9000000000
2026-09-24,S07,K07,weekly_mean56,14.8750000000,8.8000000000,20.3500000000,0.9000000000
2026-09-24,S07,K08,weekly_mean56,16.7500000000,10.3500000000,24.5000000000,0.9000000000
2026-09-24,S08,K01,weekly_mean56,9.2500000000,4.7750000000,14.9250000000,0.9000000000
2026-09-24,S08,K02,weekly_mean56,10.6250000000,5.4250000000,15.5750000000,0.9000000000
2026-09-24,S08,K03,weekly_mean56,11.3750000000,6.1250000000,17.5500000000,0.9000000000
2026-09-24,S08,K04,weekly_mean56,14.2500000000,9.4250000000,21.7000000000,0.9000000000
2026-09-24,S08,K05,weekly_mean56,14.3750000000,9.0000000000,18.9500000000,0.9000000000
2026-09-24,S08,K06,weekly_mean56,14.0000000000,9.7000000000,19.9250000000,0.9000000000
2026-09-24,S08,K07,weekly_mean56,18.1250000000,12.6250000000,24.3250000000,0.9000000000
2026-09-24,S08,K08,weekly_mean56,16.7500000000,11.5000000000,23.0750000000,0.9000000000
2026-09-24,S09,K01,weekly_mean56,8.5000000000,4.6000000000,13.6750000000,0.9000000000
2026-09-24,S09,K02,weekly_mean56,10.7500000000,3.7000000000,16.7000000000,0.9000000000
2026-09-24,S09,K03,weekly_mean56,10.8750000000,5.8750000000,16.2000000000,0.9000000000
2026-09-24,S09,K04,weekly_mean56,14.0000000000,8.5500000000,21.1500000000,0.9000000000
2026-09-24,S09,K05,weekly_mean56,13.5000000000,6.6250000000,18.9250000000,0.9000000000
2026-09-24,S09,K06,weekly_mean56,14.2500000000,9.3500000000,18.4250000000,0.9000000000
2026-09-24,S09,K07,weekly_mean56,16.2500000000,10.3500000000,21.9250000000,0.9000000000
2026-09-24,S09,K08,weekly_mean56,19.0000000000,11.7000000000,25.1000000000,0.9000000000
2026-09-24,S10,K01,weekly_mean56,9.0000000000,4.8500000000,14.4250000000,0.9000000000
2026-09-24,S10,K02,weekly_mean56,9.7500000000,4.6250000000,15.3500000000,0.9000000000
2026-09-24,S10,K03,weekly_mean56,12.6250000000,7.7250000000,19.7500000000,0.9000000000
2026-09-24,S10,K04,weekly_mean56,13.6250000000,7.3250000000,19.6000000000,0.9000000000
2026-09-24,S10,K05,weekly_mean56,14.0000000000,8.6500000000,20.8000000000,0.9000000000
2026-09-24,S10,K06,weekly_mean56,15.5000000000,9.2000000000,20.5000000000,0.9000000000
2026-09-24,S10,K07,weekly_mean56,16.1250000000,10.2500000000,23.1750000000,0.9000000000
2026-09-24,S10,K08,weekly_mean56,16.1250000000,11.3750000000,23.8750000000,0.9000000000
2026-09-24,S11,K01,weekly_mean56,10.2500000000,4.1500000000,18.4750000000,0.9000000000
2026-09-24,S11,K02,weekly_mean56,10.5000000000,5.1250000000,15.2000000000,0.9000000000
2026-09-24,S11,K03,weekly_mean56,13.3750000000,9.1000000000,19.4500000000,0.9000000000
2026-09-24,S11,K04,weekly_mean56,14.5000000000,8.4500000000,20.0250000000,0.9000000000
2026-09-24,S11,K05,weekly_mean56,16.1250000000,9.6250000000,21.8750000000,0.9000000000
2026-09-24,S11,K06,weekly_mean56,14.1250000000,8.2500000000,22.2750000000,0.9000000000
2026-09-24,S11,K07,weekly_mean56,19.7500000000,13.1750000000,27.0000000000,0.9000000000
2026-09-24,S11,K08,weekly_mean56,18.7500000000,11.9750000000,26.4000000000,0.9000000000
2026-09-24,S12,K01,weekly_mean56,11.6250000000,6.8250000000,16.4750000000,0.9000000000
2026-09-24,S12,K02,weekly_mean56,13.3750000000,7.8000000000,17.7500000000,0.9000000000
2026-09-24,S12,K03,weekly_mean56,12.7500000000,7.4000000000,18.1000000000,0.9000000000
2026-09-24,S12,K04,weekly_mean56,14.6250000000,9.5250000000,20.5500000000,0.9000000000
2026-09-24,S12,K05,weekly_mean56,14.8750000000,8.3250000000,20.2250000000,0.9000000000
2026-09-24,S12,K06,weekly_mean56,15.6250000000,7.6500000000,21.6500000000,0.9000000000
2026-09-24,S12,K07,weekly_mean56,17.1250000000,12.7500000000,21.3250000000,0.9000000000
2026-09-24,S12,K08,weekly_mean56,18.5000000000,13.8000000000,24.0500000000,0.9000000000
2026-09-25,S01,K01,weekly_mean56,6.6250000000,2.4000000000,11.5500000000,0.9000000000
2026-09-25,S01,K02,weekly_mean56,7.8750000000,3.5000000000,11.4000000000,0.9000000000
2026-09-25,S01,K03,weekly_mean56,7.7500000000,2.3750000000,12.6750000000,0.9000000000
2026-09-25,S01,K04,weekly_mean56,9.6250000000,4.1000000000,14.3000000000,0.9000000000
2026-09-25,S01,K05,weekly_mean56,10.5000000000,6.1500000000,17.3750000000,0.9000000000
2026-09-25,S01,K06,weekly_mean56,9.6250000000,4.0250000000,15.9000000000,0.9000000000
2026-09-25,S01,K07,weekly_mean56,12.6250000000,6.8500000000,18.1750000000,0.9000000000
2026-09-25,S01,K08,weekly_mean56,13.2500000000,8.9000000000,17.4750000000,0.9000000000
2026-09-25,S02,K01,weekly_mean56,7.2500000000,2.7750000000,12.4250000000,0.9000000000
2026-09-25,S02,K02,weekly_mean56,7.6250000000,3.0750000000,11.3500000000,0.9000000000
2026-09-25,S02,K03,weekly_mean56,9.5000000000,4.3250000000,14.9750000000,0.9000000000
2026-09-25,S02,K04,weekly_mean56,7.7500000000,2.0000000000,12.2500000000,0.9000000000
2026-09-25,S02,K05,weekly_mean56,11.7500000000,7.0750000000,16.7500000000,0.9000000000
2026-09-25,S02,K06,weekly_mean56,11.1250000000,6.2000000000,15.4250000000,0.9000000000
2026-09-25,S02,K07,weekly_mean56,12.0000000000,6.1500000000,18.9000000000,0.9000000000
2026-09-25,S02,K08,weekly_mean56,12.8750000000,7.8250000000,17.4250000000,0.9000000000
2026-09-25,S03,K01,weekly_mean56,7.6250000000,2.7000000000,11.9500000000,0.9000000000
2026-09-25,S03,K02,weekly_mean56,7.5000000000,1.4500000000,12.8000000000,0.9000000000
2026-09-25,S03,K03,weekly_mean56,10.0000000000,5.6250000000,15.1500000000,0.9000000000
2026-09-25,S03,K04,weekly_mean56,9.2500000000,3.4500000000,15.3750000000,0.9000000000
2026-09-25,S03,K05,weekly_mean56,9.8750000000,6.0000000000,15.0000000000,0.9000000000
2026-09-25,S03,K06,weekly_mean56,12.3750000000,8.0500000000,17.7000000000,0.9000000000
2026-09-25,S03,K07,weekly_mean56,12.8750000000,8.3250000000,16.9250000000,0.9000000000
2026-09-25,S03,K08,weekly_mean56,13.3750000000,8.5250000000,18.8750000000,0.9000000000
2026-09-25,S04,K01,weekly_mean56,9.2500000000,4.8250000000,14.1750000000,0.9000000000
2026-09-25,S04,K02,weekly_mean56,8.2500000000,3.6000000000,12.9250000000,0.9000000000
2026-09-25,S04,K03,weekly_mean56,9.8750000000,5.7750000000,13.3000000000,0.9000000000
2026-09-25,S04,K04,weekly_mean56,10.1250000000,4.5500000000,15.4750000000,0.9000000000
2026-09-25,S04,K05,weekly_mean56,13.0000000000,7.2500000000,18.2500000000,0.9000000000
2026-09-25,S04,K06,weekly_mean56,11.1250000000,5.5250000000,16.2250000000,0.9000000000
2026-09-25,S04,K07,weekly_mean56,14.6250000000,9.8250000000,21.4250000000,0.9000000000
2026-09-25,S04,K08,weekly_mean56,13.6250000000,7.4750000000,20.7250000000,0.9000000000
2026-09-25,S05,K01,weekly_mean56,7.8750000000,2.6250000000,12.1750000000,0.9000000000
2026-09-25,S05,K02,weekly_mean56,9.5000000000,4.9500000000,14.3750000000,0.9000000000
2026-09-25,S05,K03,weekly_mean56,8.7500000000,3.7500000000,13.8750000000,0.9000000000
2026-09-25,S05,K04,weekly_mean56,9.2500000000,3.0000000000,15.4250000000,0.9000000000
2026-09-25,S05,K05,weekly_mean56,12.0000000000,6.0000000000,17.3000000000,0.9000000000
2026-09-25,S05,K06,weekly_mean56,15.1250000000,10.5750000000,21.7000000000,0.9000000000
2026-09-25,S05,K07,weekly_mean56,14.7500000000,8.6250000000,20.8750000000,0.9000000000
2026-09-25,S05,K08,weekly_mean56,14.5000000000,9.4500000000,19.0500000000,0.9000000000
2026-09-25,S06,K01,weekly_mean56,9.1250000000,4.4500000000,14.7750000000,0.9000000000
2026-09-25,S06,K02,weekly_mean56,9.1250000000,4.5500000000,14.1000000000,0.9000000000
2026-09-25,S06,K03,weekly_mean56,11.7500000000,7.1000000000,16.9750000000,0.9000000000
2026-09-25,S06,K04,weekly_mean56,11.1250000000,6.3500000000,17.2250000000,0.9000000000
2026-09-25,S06,K05,weekly_mean56,12.1250000000,7.9500000000,18.1750000000,0.9000000000
2026-09-25,S06,K06,weekly_mean56,15.2500000000,9.9750000000,19.3500000000,0.9000000000
2026-09-25,S06,K07,weekly_mean56,15.2500000000,7.2000000000,22.9500000000,0.9000000000
2026-09-25,S06,K08,weekly_mean56,14.0000000000,8.3500000000,18.1250000000,0.9000000000
2026-09-25,S07,K01,weekly_mean56,8.2500000000,3.0750000000,13.0000000000,0.9000000000
2026-09-25,S07,K02,weekly_mean56,9.7500000000,3.7500000000,14.2000000000,0.9000000000
2026-09-25,S07,K03,weekly_mean56,10.7500000000,5.7750000000,16.6500000000,0.9000000000
2026-09-25,S07,K04,weekly_mean56,12.7500000000,7.5000000000,17.9250000000,0.9000000000
2026-09-25,S07,K05,weekly_mean56,13.2500000000,8.9750000000,17.7500000000,0.9000000000
2026-09-25,S07,K06,weekly_mean56,14.3750000000,8.2000000000,19.5750000000,0.9000000000
2026-09-25,S07,K07,weekly_mean56,16.3750000000,10.3000000000,21.8500000000,0.9000000000
2026-09-25,S07,K08,weekly_mean56,15.1250000000,8.7250000000,22.8750000000,0.9000000000
2026-09-25,S08,K01,weekly_mean56,11.2500000000,6.7750000000,16.9250000000,0.9000000000
2026-09-25,S08,K02,weekly_mean56,10.2500000000,5.0500000000,15.2000000000,0.9000000000
2026-09-25,S08,K03,weekly_mean56,12.0000000000,6.7500000000,18.1750000000,0.9000000000
2026-09-25,S08,K04,weekly_mean56,11.6250000000,6.8000000000,19.0750000000,0.9000000000
2026-09-25,S08,K05,weekly_mean56,13.0000000000,7.6250000000,17.5750000000,0.9000000000
2026-09-25,S08,K06,weekly_mean56,13.2500000000,8.9500000000,19.1750000000,0.9000000000
2026-09-25,S08,K07,weekly_mean56,16.7500000000,11.2500000000,22.9500000000,0.9000000000
2026-09-25,S08,K08,weekly_mean56,17.0000000000,11.7500000000,23.3250000000,0.9000000000
2026-09-25,S09,K01,weekly_mean56,9.2500000000,5.3500000000,14.4250000000,0.9000000000
2026-09-25,S09,K02,weekly_mean56,8.6250000000,1.5750000000,14.5750000000,0.9000000000
2026-09-25,S09,K03,weekly_mean56,11.6250000000,6.6250000000,16.9500000000,0.9000000000
2026-09-25,S09,K04,weekly_mean56,11.0000000000,5.5500000000,18.1500000000,0.9000000000
2026-09-25,S09,K05,weekly_mean56,15.7500000000,8.8750000000,21.1750000000,0.9000000000
2026-09-25,S09,K06,weekly_mean56,15.7500000000,10.8500000000,19.9250000000,0.9000000000
2026-09-25,S09,K07,weekly_mean56,15.0000000000,9.1000000000,20.6750000000,0.9000000000
2026-09-25,S09,K08,weekly_mean56,18.8750000000,11.5750000000,24.9750000000,0.9000000000
2026-09-25,S10,K01,weekly_mean56,11.2500000000,7.1000000000,16.6750000000,0.9000000000
2026-09-25,S10,K02,weekly_mean56,11.3750000000,6.2500000000,16.9750000000,0.9000000000
2026-09-25,S10,K03,weekly_mean56,13.6250000000,8.7250000000,20.7500000000,0.9000000000
2026-09-25,S10,K04,weekly_mean56,12.7500000000,6.4500000000,18.7250000000,0.9000000000
2026-09-25,S10,K05,weekly_mean56,15.2500000000,9.9000000000,22.0500000000,0.9000000000
2026-09-25,S10,K06,weekly_mean56,17.2500000000,10.9500000000,22.2500000000,0.9000000000
2026-09-25,S10,K07,weekly_mean56,16.8750000000,11.0000000000,23.9250000000,0.9000000000
2026-09-25,S10,K08,weekly_mean56,19.1250000000,14.3750000000,26.8750000000,0.9000000000
2026-09-25,S11,K01,weekly_mean56,10.8750000000,4.7750000000,19.1000000000,0.9000000000
2026-09-25,S11,K02,weekly_mean56,11.5000000000,6.1250000000,16.2000000000,0.9000000000
2026-09-25,S11,K03,weekly_mean56,14.2500000000,9.9750000000,20.3250000000,0.9000000000
2026-09-25,S11,K04,weekly_mean56,12.7500000000,6.7000000000,18.2750000000,0.9000000000
2026-09-25,S11,K05,weekly_mean56,15.5000000000,9.0000000000,21.2500000000,0.9000000000
2026-09-25,S11,K06,weekly_mean56,15.7500000000,9.8750000000,23.9000000000,0.9000000000
2026-09-25,S11,K07,weekly_mean56,18.0000000000,11.4250000000,25.2500000000,0.9000000000
2026-09-25,S11,K08,weekly_mean56,18.7500000000,11.9750000000,26.4000000000,0.9000000000
2026-09-25,S12,K01,weekly_mean56,11.0000000000,6.2000000000,15.8500000000,0.9000000000
2026-09-25,S12,K02,weekly_mean56,11.7500000000,6.1750000000,16.1250000000,0.9000000000
2026-09-25,S12,K03,weekly_mean56,12.6250000000,7.2750000000,17.9750000000,0.9000000000
2026-09-25,S12,K04,weekly_mean56,14.1250000000,9.0250000000,20.0500000000,0.9000000000
2026-09-25,S12,K05,weekly_mean56,16.0000000000,9.4500000000,21.3500000000,0.9000000000
2026-09-25,S12,K06,weekly_mean56,15.0000000000,7.0250000000,21.0250000000,0.9000000000
2026-09-25,S12,K07,weekly_mean56,16.8750000000,12.5000000000,21.0750000000,0.9000000000
2026-09-25,S12,K08,weekly_mean56,21.3750000000,16.6750000000,26.9250000000,0.9000000000
2026-09-26,S01,K01,weekly_mean56,9.7500000000,5.5250000000,14.6750000000,0.9000000000
2026-09-26,S01,K02,weekly_mean56,10.0000000000,5.6250000000,13.5250000000,0.9000000000
2026-09-26,S01,K03,weekly_mean56,12.1250000000,6.7500000000,17.0500000000,0.9000000000
2026-09-26,S01,K04,weekly_mean56,13.2500000000,7.7250000000,17.9250000000,0.9000000000
2026-09-26,S01,K05,weekly_mean56,15.7500000000,11.4000000000,22.6250000000,0.9000000000
2026-09-26,S01,K06,weekly_mean56,14.5000000000,8.9000000000,20.7750000000,0.9000000000
2026-09-26,S01,K07,weekly_mean56,15.6250000000,9.8500000000,21.1750000000,0.9000000000
2026-09-26,S01,K08,weekly_mean56,16.5000000000,12.1500000000,20.7250000000,0.9000000000
2026-09-26,S02,K01,weekly_mean56,12.3750000000,7.9000000000,17.5500000000,0.9000000000
2026-09-26,S02,K02,weekly_mean56,9.8750000000,5.3250000000,13.6000000000,0.9000000000
2026-09-26,S02,K03,weekly_mean56,12.6250000000,7.4500000000,18.1000000000,0.9000000000
2026-09-26,S02,K04,weekly_mean56,13.2500000000,7.5000000000,17.7500000000,0.9000000000
2026-09-26,S02,K05,weekly_mean56,15.2500000000,10.5750000000,20.2500000000,0.9000000000
2026-09-26,S02,K06,weekly_mean56,16.6250000000,11.7000000000,20.9250000000,0.9000000000
2026-09-26,S02,K07,weekly_mean56,17.3750000000,11.5250000000,24.2750000000,0.9000000000
2026-09-26,S02,K08,weekly_mean56,16.0000000000,10.9500000000,20.5500000000,0.9000000000
2026-09-26,S03,K01,weekly_mean56,10.2500000000,5.3250000000,14.5750000000,0.9000000000
2026-09-26,S03,K02,weekly_mean56,11.6250000000,5.5750000000,16.9250000000,0.9000000000
2026-09-26,S03,K03,weekly_mean56,13.2500000000,8.8750000000,18.4000000000,0.9000000000
2026-09-26,S03,K04,weekly_mean56,13.3750000000,7.5750000000,19.5000000000,0.9000000000
2026-09-26,S03,K05,weekly_mean56,16.3750000000,12.5000000000,21.5000000000,0.9000000000
2026-09-26,S03,K06,weekly_mean56,16.8750000000,12.5500000000,22.2000000000,0.9000000000
2026-09-26,S03,K07,weekly_mean56,17.3750000000,12.8250000000,21.4250000000,0.9000000000
2026-09-26,S03,K08,weekly_mean56,18.3750000000,13.5250000000,23.8750000000,0.9000000000
2026-09-26,S04,K01,weekly_mean56,11.5000000000,7.0750000000,16.4250000000,0.9000000000
2026-09-26,S04,K02,weekly_mean56,12.2500000000,7.6000000000,16.9250000000,0.9000000000
2026-09-26,S04,K03,weekly_mean56,13.0000000000,8.9000000000,16.4250000000,0.9000000000
2026-09-26,S04,K04,weekly_mean56,13.3750000000,7.8000000000,18.7250000000,0.9000000000
2026-09-26,S04,K05,weekly_mean56,15.8750000000,10.1250000000,21.1250000000,0.9000000000
2026-09-26,S04,K06,weekly_mean56,15.7500000000,10.1500000000,20.8500000000,0.9000000000
2026-09-26,S04,K07,weekly_mean56,18.0000000000,13.2000000000,24.8000000000,0.9000000000
2026-09-26,S04,K08,weekly_mean56,19.0000000000,12.8500000000,26.1000000000,0.9000000000
2026-09-26,S05,K01,weekly_mean56,9.6250000000,4.3750000000,13.9250000000,0.9000000000
2026-09-26,S05,K02,weekly_mean56,12.7500000000,8.2000000000,17.6250000000,0.9000000000
2026-09-26,S05,K03,weekly_mean56,14.1250000000,9.1250000000,19.2500000000,0.9000000000
2026-09-26,S05,K04,weekly_mean56,13.3750000000,7.1250000000,19.5500000000,0.9000000000
2026-09-26,S05,K05,weekly_mean56,17.1250000000,11.1250000000,22.4250000000,0.9000000000
2026-09-26,S05,K06,weekly_mean56,17.3750000000,12.8250000000,23.9500000000,0.9000000000
2026-09-26,S05,K07,weekly_mean56,19.7500000000,13.6250000000,25.8750000000,0.9000000000
2026-09-26,S05,K08,weekly_mean56,17.0000000000,11.9500000000,21.5500000000,0.9000000000
2026-09-26,S06,K01,weekly_mean56,12.0000000000,7.3250000000,17.6500000000,0.9000000000
2026-09-26,S06,K02,weekly_mean56,12.6250000000,8.0500000000,17.6000000000,0.9000000000
2026-09-26,S06,K03,weekly_mean56,14.2500000000,9.6000000000,19.4750000000,0.9000000000
2026-09-26,S06,K04,weekly_mean56,14.6250000000,9.8500000000,20.7250000000,0.9000000000
2026-09-26,S06,K05,weekly_mean56,15.8750000000,11.7000000000,21.9250000000,0.9000000000
2026-09-26,S06,K06,weekly_mean56,18.0000000000,12.7250000000,22.1000000000,0.9000000000
2026-09-26,S06,K07,weekly_mean56,18.5000000000,10.4500000000,26.2000000000,0.9000000000
2026-09-26,S06,K08,weekly_mean56,18.1250000000,12.4750000000,22.2500000000,0.9000000000
2026-09-26,S07,K01,weekly_mean56,11.6250000000,6.4500000000,16.3750000000,0.9000000000
2026-09-26,S07,K02,weekly_mean56,11.8750000000,5.8750000000,16.3250000000,0.9000000000
2026-09-26,S07,K03,weekly_mean56,14.3750000000,9.4000000000,20.2750000000,0.9000000000
2026-09-26,S07,K04,weekly_mean56,16.3750000000,11.1250000000,21.5500000000,0.9000000000
2026-09-26,S07,K05,weekly_mean56,18.0000000000,13.7250000000,22.5000000000,0.9000000000
2026-09-26,S07,K06,weekly_mean56,17.7500000000,11.5750000000,22.9500000000,0.9000000000
2026-09-26,S07,K07,weekly_mean56,18.1250000000,12.0500000000,23.6000000000,0.9000000000
2026-09-26,S07,K08,weekly_mean56,19.5000000000,13.1000000000,27.2500000000,0.9000000000
2026-09-26,S08,K01,weekly_mean56,13.6250000000,9.1500000000,19.3000000000,0.9000000000
2026-09-26,S08,K02,weekly_mean56,12.3750000000,7.1750000000,17.3250000000,0.9000000000
2026-09-26,S08,K03,weekly_mean56,15.5000000000,10.2500000000,21.6750000000,0.9000000000
2026-09-26,S08,K04,weekly_mean56,15.3750000000,10.5500000000,22.8250000000,0.9000000000
2026-09-26,S08,K05,weekly_mean56,18.3750000000,13.0000000000,22.9500000000,0.9000000000
2026-09-26,S08,K06,weekly_mean56,18.3750000000,14.0750000000,24.3000000000,0.9000000000
2026-09-26,S08,K07,weekly_mean56,19.8750000000,14.3750000000,26.0750000000,0.9000000000
2026-09-26,S08,K08,weekly_mean56,21.7500000000,16.5000000000,28.0750000000,0.9000000000
2026-09-26,S09,K01,weekly_mean56,11.5000000000,7.6000000000,16.6750000000,0.9000000000
2026-09-26,S09,K02,weekly_mean56,13.3750000000,6.3250000000,19.3250000000,0.9000000000
2026-09-26,S09,K03,weekly_mean56,15.0000000000,10.0000000000,20.3250000000,0.9000000000
2026-09-26,S09,K04,weekly_mean56,16.6250000000,11.1750000000,23.7750000000,0.9000000000
2026-09-26,S09,K05,weekly_mean56,20.2500000000,13.3750000000,25.6750000000,0.9000000000
2026-09-26,S09,K06,weekly_mean56,19.1250000000,14.2250000000,23.3000000000,0.9000000000
2026-09-26,S09,K07,weekly_mean56,22.2500000000,16.3500000000,27.9250000000,0.9000000000
2026-09-26,S09,K08,weekly_mean56,21.2500000000,13.9500000000,27.3500000000,0.9000000000
2026-09-26,S10,K01,weekly_mean56,13.8750000000,9.7250000000,19.3000000000,0.9000000000
2026-09-26,S10,K02,weekly_mean56,13.1250000000,8.0000000000,18.7250000000,0.9000000000
2026-09-26,S10,K03,weekly_mean56,17.6250000000,12.7250000000,24.7500000000,0.9000000000
2026-09-26,S10,K04,weekly_mean56,17.1250000000,10.8250000000,23.1000000000,0.9000000000
2026-09-26,S10,K05,weekly_mean56,18.6250000000,13.2750000000,25.4250000000,0.9000000000
2026-09-26,S10,K06,weekly_mean56,20.0000000000,13.7000000000,25.0000000000,0.9000000000
2026-09-26,S10,K07,weekly_mean56,24.7500000000,18.8750000000,31.8000000000,0.9000000000
2026-09-26,S10,K08,weekly_mean56,22.2500000000,17.5000000000,30.0000000000,0.9000000000
2026-09-26,S11,K01,weekly_mean56,16.2500000000,10.1500000000,24.4750000000,0.9000000000
2026-09-26,S11,K02,weekly_mean56,14.3750000000,9.0000000000,19.0750000000,0.9000000000
2026-09-26,S11,K03,weekly_mean56,16.1250000000,11.8500000000,22.2000000000,0.9000000000
2026-09-26,S11,K04,weekly_mean56,18.0000000000,11.9500000000,23.5250000000,0.9000000000
2026-09-26,S11,K05,weekly_mean56,17.7500000000,11.2500000000,23.5000000000,0.9000000000
2026-09-26,S11,K06,weekly_mean56,21.3750000000,15.5000000000,29.5250000000,0.9000000000
2026-09-26,S11,K07,weekly_mean56,24.3750000000,17.8000000000,31.6250000000,0.9000000000
2026-09-26,S11,K08,weekly_mean56,25.6250000000,18.8500000000,33.2750000000,0.9000000000
2026-09-26,S12,K01,weekly_mean56,14.2500000000,9.4500000000,19.1000000000,0.9000000000
2026-09-26,S12,K02,weekly_mean56,15.3750000000,9.8000000000,19.7500000000,0.9000000000
2026-09-26,S12,K03,weekly_mean56,18.0000000000,12.6500000000,23.3500000000,0.9000000000
2026-09-26,S12,K04,weekly_mean56,17.6250000000,12.5250000000,23.5500000000,0.9000000000
2026-09-26,S12,K05,weekly_mean56,21.0000000000,14.4500000000,26.3500000000,0.9000000000
2026-09-26,S12,K06,weekly_mean56,21.3750000000,13.4000000000,27.4000000000,0.9000000000
2026-09-26,S12,K07,weekly_mean56,22.6250000000,18.2500000000,26.8250000000,0.9000000000
2026-09-26,S12,K08,weekly_mean56,24.7500000000,20.0500000000,30.3000000000,0.9000000000
2026-09-27,S01,K01,weekly_mean56,10.2500000000,6.0250000000,15.1750000000,0.9000000000
2026-09-27,S01,K02,weekly_mean56,10.3750000000,6.0000000000,13.9000000000,0.9000000000
2026-09-27,S01,K03,weekly_mean56,11.1250000000,5.7500000000,16.0500000000,0.9000000000
2026-09-27,S01,K04,weekly_mean56,11.1250000000,5.6000000000,15.8000000000,0.9000000000
2026-09-27,S01,K05,weekly_mean56,14.1250000000,9.7750000000,21.0000000000,0.9000000000
2026-09-27,S01,K06,weekly_mean56,14.2500000000,8.6500000000,20.5250000000,0.9000000000
2026-09-27,S01,K07,weekly_mean56,15.8750000000,10.1000000000,21.4250000000,0.9000000000
2026-09-27,S01,K08,weekly_mean56,16.7500000000,12.4000000000,20.9750000000,0.9000000000
2026-09-27,S02,K01,weekly_mean56,9.6250000000,5.1500000000,14.8000000000,0.9000000000
2026-09-27,S02,K02,weekly_mean56,8.7500000000,4.2000000000,12.4750000000,0.9000000000
2026-09-27,S02,K03,weekly_mean56,12.2500000000,7.0750000000,17.7250000000,0.9000000000
2026-09-27,S02,K04,weekly_mean56,12.3750000000,6.6250000000,16.8750000000,0.9000000000
2026-09-27,S02,K05,weekly_mean56,12.7500000000,8.0750000000,17.7500000000,0.9000000000
2026-09-27,S02,K06,weekly_mean56,14.8750000000,9.9500000000,19.1750000000,0.9000000000
2026-09-27,S02,K07,weekly_mean56,17.1250000000,11.2750000000,24.0250000000,0.9000000000
2026-09-27,S02,K08,weekly_mean56,18.2500000000,13.2000000000,22.8000000000,0.9000000000
2026-09-27,S03,K01,weekly_mean56,12.1250000000,7.2000000000,16.4500000000,0.9000000000
2026-09-27,S03,K02,weekly_mean56,11.1250000000,5.0750000000,16.4250000000,0.9000000000
2026-09-27,S03,K03,weekly_mean56,10.6250000000,6.2500000000,15.7750000000,0.9000000000
2026-09-27,S03,K04,weekly_mean56,12.1250000000,6.3250000000,18.2500000000,0.9000000000
2026-09-27,S03,K05,weekly_mean56,15.2500000000,11.3750000000,20.3750000000,0.9000000000
2026-09-27,S03,K06,weekly_mean56,14.7500000000,10.4250000000,20.0750000000,0.9000000000
2026-09-27,S03,K07,weekly_mean56,16.0000000000,11.4500000000,20.0500000000,0.9000000000
2026-09-27,S03,K08,weekly_mean56,17.5000000000,12.6500000000,23.0000000000,0.9000000000
2026-09-27,S04,K01,weekly_mean56,10.6250000000,6.2000000000,15.5500000000,0.9000000000
2026-09-27,S04,K02,weekly_mean56,12.3750000000,7.7250000000,17.0500000000,0.9000000000
2026-09-27,S04,K03,weekly_mean56,12.3750000000,8.2750000000,15.8000000000,0.9000000000
2026-09-27,S04,K04,weekly_mean56,15.6250000000,10.0500000000,20.9750000000,0.9000000000
2026-09-27,S04,K05,weekly_mean56,15.0000000000,9.2500000000,20.2500000000,0.9000000000
2026-09-27,S04,K06,weekly_mean56,17.5000000000,11.9000000000,22.6000000000,0.9000000000
2026-09-27,S04,K07,weekly_mean56,17.0000000000,12.2000000000,23.8000000000,0.9000000000
2026-09-27,S04,K08,weekly_mean56,19.7500000000,13.6000000000,26.8500000000,0.9000000000
2026-09-27,S05,K01,weekly_mean56,11.8750000000,6.6250000000,16.1750000000,0.9000000000
2026-09-27,S05,K02,weekly_mean56,13.5000000000,8.9500000000,18.3750000000,0.9000000000
2026-09-27,S05,K03,weekly_mean56,14.2500000000,9.2500000000,19.3750000000,0.9000000000
2026-09-27,S05,K04,weekly_mean56,13.3750000000,7.1250000000,19.5500000000,0.9000000000
2026-09-27,S05,K05,weekly_mean56,16.0000000000,10.0000000000,21.3000000000,0.9000000000
2026-09-27,S05,K06,weekly_mean56,18.2500000000,13.7000000000,24.8250000000,0.9000000000
2026-09-27,S05,K07,weekly_mean56,19.1250000000,13.0000000000,25.2500000000,0.9000000000
2026-09-27,S05,K08,weekly_mean56,20.3750000000,15.3250000000,24.9250000000,0.9000000000
2026-09-27,S06,K01,weekly_mean56,11.7500000000,7.0750000000,17.4000000000,0.9000000000
2026-09-27,S06,K02,weekly_mean56,12.3750000000,7.8000000000,17.3500000000,0.9000000000
2026-09-27,S06,K03,weekly_mean56,14.2500000000,9.6000000000,19.4750000000,0.9000000000
2026-09-27,S06,K04,weekly_mean56,14.8750000000,10.1000000000,20.9750000000,0.9000000000
2026-09-27,S06,K05,weekly_mean56,17.7500000000,13.5750000000,23.8000000000,0.9000000000
2026-09-27,S06,K06,weekly_mean56,18.8750000000,13.6000000000,22.9750000000,0.9000000000
2026-09-27,S06,K07,weekly_mean56,19.0000000000,10.9500000000,26.7000000000,0.9000000000
2026-09-27,S06,K08,weekly_mean56,19.6250000000,13.9750000000,23.7500000000,0.9000000000
2026-09-27,S07,K01,weekly_mean56,13.2500000000,8.0750000000,18.0000000000,0.9000000000
2026-09-27,S07,K02,weekly_mean56,12.5000000000,6.5000000000,16.9500000000,0.9000000000
2026-09-27,S07,K03,weekly_mean56,13.8750000000,8.9000000000,19.7750000000,0.9000000000
2026-09-27,S07,K04,weekly_mean56,15.0000000000,9.7500000000,20.1750000000,0.9000000000
2026-09-27,S07,K05,weekly_mean56,18.2500000000,13.9750000000,22.7500000000,0.9000000000
2026-09-27,S07,K06,weekly_mean56,16.6250000000,10.4500000000,21.8250000000,0.9000000000
2026-09-27,S07,K07,weekly_mean56,23.6250000000,17.5500000000,29.1000000000,0.9000000000
2026-09-27,S07,K08,weekly_mean56,21.8750000000,15.4750000000,29.6250000000,0.9000000000
2026-09-27,S08,K01,weekly_mean56,13.5000000000,9.0250000000,19.1750000000,0.9000000000
2026-09-27,S08,K02,weekly_mean56,11.8750000000,6.6750000000,16.8250000000,0.9000000000
2026-09-27,S08,K03,weekly_mean56,17.6250000000,12.3750000000,23.8000000000,0.9000000000
2026-09-27,S08,K04,weekly_mean56,17.0000000000,12.1750000000,24.4500000000,0.9000000000
2026-09-27,S08,K05,weekly_mean56,19.7500000000,14.3750000000,24.3250000000,0.9000000000
2026-09-27,S08,K06,weekly_mean56,18.7500000000,14.4500000000,24.6750000000,0.9000000000
2026-09-27,S08,K07,weekly_mean56,20.0000000000,14.5000000000,26.2000000000,0.9000000000
2026-09-27,S08,K08,weekly_mean56,23.1250000000,17.8750000000,29.4500000000,0.9000000000
2026-09-27,S09,K01,weekly_mean56,13.3750000000,9.4750000000,18.5500000000,0.9000000000
2026-09-27,S09,K02,weekly_mean56,13.6250000000,6.5750000000,19.5750000000,0.9000000000
2026-09-27,S09,K03,weekly_mean56,15.5000000000,10.5000000000,20.8250000000,0.9000000000
2026-09-27,S09,K04,weekly_mean56,17.8750000000,12.4250000000,25.0250000000,0.9000000000
2026-09-27,S09,K05,weekly_mean56,17.7500000000,10.8750000000,23.1750000000,0.9000000000
2026-09-27,S09,K06,weekly_mean56,19.3750000000,14.4750000000,23.5500000000,0.9000000000
2026-09-27,S09,K07,weekly_mean56,21.3750000000,15.4750000000,27.0500000000,0.9000000000
2026-09-27,S09,K08,weekly_mean56,21.8750000000,14.5750000000,27.9750000000,0.9000000000
2026-09-27,S10,K01,weekly_mean56,13.6250000000,9.4750000000,19.0500000000,0.9000000000
2026-09-27,S10,K02,weekly_mean56,14.8750000000,9.7500000000,20.4750000000,0.9000000000
2026-09-27,S10,K03,weekly_mean56,14.7500000000,9.8500000000,21.8750000000,0.9000000000
2026-09-27,S10,K04,weekly_mean56,16.6250000000,10.3250000000,22.6000000000,0.9000000000
2026-09-27,S10,K05,weekly_mean56,19.5000000000,14.1500000000,26.3000000000,0.9000000000
2026-09-27,S10,K06,weekly_mean56,18.8750000000,12.5750000000,23.8750000000,0.9000000000
2026-09-27,S10,K07,weekly_mean56,20.8750000000,15.0000000000,27.9250000000,0.9000000000
2026-09-27,S10,K08,weekly_mean56,24.1250000000,19.3750000000,31.8750000000,0.9000000000
2026-09-27,S11,K01,weekly_mean56,14.3750000000,8.2750000000,22.6000000000,0.9000000000
2026-09-27,S11,K02,weekly_mean56,14.2500000000,8.8750000000,18.9500000000,0.9000000000
2026-09-27,S11,K03,weekly_mean56,16.5000000000,12.2250000000,22.5750000000,0.9000000000
2026-09-27,S11,K04,weekly_mean56,17.3750000000,11.3250000000,22.9000000000,0.9000000000
2026-09-27,S11,K05,weekly_mean56,18.0000000000,11.5000000000,23.7500000000,0.9000000000
2026-09-27,S11,K06,weekly_mean56,22.3750000000,16.5000000000,30.5250000000,0.9000000000
2026-09-27,S11,K07,weekly_mean56,22.5000000000,15.9250000000,29.7500000000,0.9000000000
2026-09-27,S11,K08,weekly_mean56,24.6250000000,17.8500000000,32.2750000000,0.9000000000
2026-09-27,S12,K01,weekly_mean56,14.2500000000,9.4500000000,19.1000000000,0.9000000000
2026-09-27,S12,K02,weekly_mean56,15.1250000000,9.5500000000,19.5000000000,0.9000000000
2026-09-27,S12,K03,weekly_mean56,15.6250000000,10.2750000000,20.9750000000,0.9000000000
2026-09-27,S12,K04,weekly_mean56,17.3750000000,12.2750000000,23.3000000000,0.9000000000
2026-09-27,S12,K05,weekly_mean56,19.6250000000,13.0750000000,24.9750000000,0.9000000000
2026-09-27,S12,K06,weekly_mean56,20.1250000000,12.1500000000,26.1500000000,0.9000000000
2026-09-27,S12,K07,weekly_mean56,23.3750000000,19.0000000000,27.5750000000,0.9000000000
2026-09-27,S12,K08,weekly_mean56,24.8750000000,20.1750000000,30.4250000000,0.9000000000
2026-09-28,S01,K01,weekly_mean56,7.5000000000,3.2750000000,12.4250000000,0.9000000000
2026-09-28,S01,K02,weekly_mean56,7.8750000000,3.5000000000,11.4000000000,0.9000000000
2026-09-28,S01,K03,weekly_mean56,8.2500000000,2.8750000000,13.1750000000,0.9000000000
2026-09-28,S01,K04,weekly_mean56,9.6250000000,4.1000000000,14.3000000000,0.9000000000
2026-09-28,S01,K05,weekly_mean56,10.7500000000,6.4000000000,17.6250000000,0.9000000000
2026-09-28,S01,K06,weekly_mean56,12.0000000000,6.4000000000,18.2750000000,0.9000000000
2026-09-28,S01,K07,weekly_mean56,12.8750000000,7.1000000000,18.4250000000,0.9000000000
2026-09-28,S01,K08,weekly_mean56,13.1250000000,8.7750000000,17.3500000000,0.9000000000
2026-09-28,S02,K01,weekly_mean56,7.6250000000,3.1500000000,12.8000000000,0.9000000000
2026-09-28,S02,K02,weekly_mean56,6.5000000000,1.9500000000,10.2250000000,0.9000000000
2026-09-28,S02,K03,weekly_mean56,9.6250000000,4.4500000000,15.1000000000,0.9000000000
2026-09-28,S02,K04,weekly_mean56,8.8750000000,3.1250000000,13.3750000000,0.9000000000
2026-09-28,S02,K05,weekly_mean56,11.5000000000,6.8250000000,16.5000000000,0.9000000000
2026-09-28,S02,K06,weekly_mean56,11.2500000000,6.3250000000,15.5500000000,0.9000000000
2026-09-28,S02,K07,weekly_mean56,11.2500000000,5.4000000000,18.1500000000,0.9000000000
2026-09-28,S02,K08,weekly_mean56,13.3750000000,8.3250000000,17.9250000000,0.9000000000
2026-09-28,S03,K01,weekly_mean56,8.1250000000,3.2000000000,12.4500000000,0.9000000000
2026-09-28,S03,K02,weekly_mean56,8.2500000000,2.2000000000,13.5500000000,0.9000000000
2026-09-28,S03,K03,weekly_mean56,9.1250000000,4.7500000000,14.2750000000,0.9000000000
2026-09-28,S03,K04,weekly_mean56,9.8750000000,4.0750000000,16.0000000000,0.9000000000
2026-09-28,S03,K05,weekly_mean56,13.0000000000,9.1250000000,18.1250000000,0.9000000000
2026-09-28,S03,K06,weekly_mean56,11.1250000000,6.8000000000,16.4500000000,0.9000000000
2026-09-28,S03,K07,weekly_mean56,13.0000000000,8.4500000000,17.0500000000,0.9000000000
2026-09-28,S03,K08,weekly_mean56,12.8750000000,8.0250000000,18.3750000000,0.9000000000
2026-09-28,S04,K01,weekly_mean56,8.2500000000,3.8250000000,13.1750000000,0.9000000000
2026-09-28,S04,K02,weekly_mean56,9.2500000000,4.6000000000,13.9250000000,0.9000000000
2026-09-28,S04,K03,weekly_mean56,9.7500000000,5.6500000000,13.1750000000,0.9000000000
2026-09-28,S04,K04,weekly_mean56,8.8750000000,3.3000000000,14.2250000000,0.9000000000
2026-09-28,S04,K05,weekly_mean56,13.0000000000,7.2500000000,18.2500000000,0.9000000000
2026-09-28,S04,K06,weekly_mean56,14.2500000000,8.6500000000,19.3500000000,0.9000000000
2026-09-28,S04,K07,weekly_mean56,15.5000000000,10.7000000000,22.3000000000,0.9000000000
2026-09-28,S04,K08,weekly_mean56,13.6250000000,7.4750000000,20.7250000000,0.9000000000
2026-09-28,S05,K01,weekly_mean56,7.7500000000,2.5000000000,12.0500000000,0.9000000000
2026-09-28,S05,K02,weekly_mean56,7.8750000000,3.3250000000,12.7500000000,0.9000000000
2026-09-28,S05,K03,weekly_mean56,10.6250000000,5.6250000000,15.7500000000,0.9000000000
2026-09-28,S05,K04,weekly_mean56,11.7500000000,5.5000000000,17.9250000000,0.9000000000
2026-09-28,S05,K05,weekly_mean56,11.7500000000,5.7500000000,17.0500000000,0.9000000000
2026-09-28,S05,K06,weekly_mean56,13.3750000000,8.8250000000,19.9500000000,0.9000000000
2026-09-28,S05,K07,weekly_mean56,14.8750000000,8.7500000000,21.0000000000,0.9000000000
2026-09-28,S05,K08,weekly_mean56,14.2500000000,9.2000000000,18.8000000000,0.9000000000
2026-09-28,S06,K01,weekly_mean56,8.3750000000,3.7000000000,14.0250000000,0.9000000000
2026-09-28,S06,K02,weekly_mean56,9.1250000000,4.5500000000,14.1000000000,0.9000000000
2026-09-28,S06,K03,weekly_mean56,10.0000000000,5.3500000000,15.2250000000,0.9000000000
2026-09-28,S06,K04,weekly_mean56,11.6250000000,6.8500000000,17.7250000000,0.9000000000
2026-09-28,S06,K05,weekly_mean56,14.2500000000,10.0750000000,20.3000000000,0.9000000000
2026-09-28,S06,K06,weekly_mean56,13.1250000000,7.8500000000,17.2250000000,0.9000000000
2026-09-28,S06,K07,weekly_mean56,15.6250000000,7.5750000000,23.3250000000,0.9000000000
2026-09-28,S06,K08,weekly_mean56,15.5000000000,9.8500000000,19.6250000000,0.9000000000
2026-09-28,S07,K01,weekly_mean56,7.6250000000,2.4500000000,12.3750000000,0.9000000000
2026-09-28,S07,K02,weekly_mean56,8.8750000000,2.8750000000,13.3250000000,0.9000000000
2026-09-28,S07,K03,weekly_mean56,10.0000000000,5.0250000000,15.9000000000,0.9000000000
2026-09-28,S07,K04,weekly_mean56,11.5000000000,6.2500000000,16.6750000000,0.9000000000
2026-09-28,S07,K05,weekly_mean56,13.6250000000,9.3500000000,18.1250000000,0.9000000000
2026-09-28,S07,K06,weekly_mean56,14.6250000000,8.4500000000,19.8250000000,0.9000000000
2026-09-28,S07,K07,weekly_mean56,14.3750000000,8.3000000000,19.8500000000,0.9000000000
2026-09-28,S07,K08,weekly_mean56,16.0000000000,9.6000000000,23.7500000000,0.9000000000
2026-09-28,S08,K01,weekly_mean56,9.2500000000,4.7750000000,14.9250000000,0.9000000000
2026-09-28,S08,K02,weekly_mean56,10.0000000000,4.8000000000,14.9500000000,0.9000000000
2026-09-28,S08,K03,weekly_mean56,10.6250000000,5.3750000000,16.8000000000,0.9000000000
2026-09-28,S08,K04,weekly_mean56,12.2500000000,7.4250000000,19.7000000000,0.9000000000
2026-09-28,S08,K05,weekly_mean56,13.6250000000,8.2500000000,18.2000000000,0.9000000000
2026-09-28,S08,K06,weekly_mean56,15.5000000000,11.2000000000,21.4250000000,0.9000000000
2026-09-28,S08,K07,weekly_mean56,16.3750000000,10.8750000000,22.5750000000,0.9000000000
2026-09-28,S08,K08,weekly_mean56,19.0000000000,13.7500000000,25.3250000000,0.9000000000
2026-09-28,S09,K01,weekly_mean56,10.6250000000,6.7250000000,15.8000000000,0.9000000000
2026-09-28,S09,K02,weekly_mean56,10.2500000000,3.2000000000,16.2000000000,0.9000000000
2026-09-28,S09,K03,weekly_mean56,11.0000000000,6.0000000000,16.3250000000,0.9000000000
2026-09-28,S09,K04,weekly_mean56,12.2500000000,6.8000000000,19.4000000000,0.9000000000
2026-09-28,S09,K05,weekly_mean56,14.3750000000,7.5000000000,19.8000000000,0.9000000000
2026-09-28,S09,K06,weekly_mean56,14.5000000000,9.6000000000,18.6750000000,0.9000000000
2026-09-28,S09,K07,weekly_mean56,18.1250000000,12.2250000000,23.8000000000,0.9000000000
2026-09-28,S09,K08,weekly_mean56,16.7500000000,9.4500000000,22.8500000000,0.9000000000
2026-09-28,S10,K01,weekly_mean56,10.7500000000,6.6000000000,16.1750000000,0.9000000000
2026-09-28,S10,K02,weekly_mean56,9.6250000000,4.5000000000,15.2250000000,0.9000000000
2026-09-28,S10,K03,weekly_mean56,11.8750000000,6.9750000000,19.0000000000,0.9000000000
2026-09-28,S10,K04,weekly_mean56,13.7500000000,7.4500000000,19.7250000000,0.9000000000
2026-09-28,S10,K05,weekly_mean56,15.5000000000,10.1500000000,22.3000000000,0.9000000000
2026-09-28,S10,K06,weekly_mean56,15.7500000000,9.4500000000,20.7500000000,0.9000000000
2026-09-28,S10,K07,weekly_mean56,20.2500000000,14.3750000000,27.3000000000,0.9000000000
2026-09-28,S10,K08,weekly_mean56,18.0000000000,13.2500000000,25.7500000000,0.9000000000
2026-09-28,S11,K01,weekly_mean56,11.1250000000,5.0250000000,19.3500000000,0.9000000000
2026-09-28,S11,K02,weekly_mean56,11.6250000000,6.2500000000,16.3250000000,0.9000000000
2026-09-28,S11,K03,weekly_mean56,13.1250000000,8.8500000000,19.2000000000,0.9000000000
2026-09-28,S11,K04,weekly_mean56,13.7500000000,7.7000000000,19.2750000000,0.9000000000
2026-09-28,S11,K05,weekly_mean56,17.6250000000,11.1250000000,23.3750000000,0.9000000000
2026-09-28,S11,K06,weekly_mean56,14.6250000000,8.7500000000,22.7750000000,0.9000000000
2026-09-28,S11,K07,weekly_mean56,17.0000000000,10.4250000000,24.2500000000,0.9000000000
2026-09-28,S11,K08,weekly_mean56,20.3750000000,13.6000000000,28.0250000000,0.9000000000
2026-09-28,S12,K01,weekly_mean56,11.1250000000,6.3250000000,15.9750000000,0.9000000000
2026-09-28,S12,K02,weekly_mean56,11.6250000000,6.0500000000,16.0000000000,0.9000000000
2026-09-28,S12,K03,weekly_mean56,13.8750000000,8.5250000000,19.2250000000,0.9000000000
2026-09-28,S12,K04,weekly_mean56,12.5000000000,7.4000000000,18.4250000000,0.9000000000
2026-09-28,S12,K05,weekly_mean56,14.3750000000,7.8250000000,19.7250000000,0.9000000000
2026-09-28,S12,K06,weekly_mean56,15.5000000000,7.5250000000,21.5250000000,0.9000000000
2026-09-28,S12,K07,weekly_mean56,19.8750000000,15.5000000000,24.0750000000,0.9000000000
2026-09-28,S12,K08,weekly_mean56,18.8750000000,14.1750000000,24.4250000000,0.9000000000
2026-09-29,S01,K01,weekly_mean56,7.5000000000,3.2750000000,12.4250000000,0.9000000000
2026-09-29,S01,K02,weekly_mean56,6.6250000000,2.2500000000,10.1500000000,0.9000000000
2026-09-29,S01,K03,weekly_mean56,9.7500000000,4.3750000000,14.6750000000,0.9000000000
2026-09-29,S01,K04,weekly_mean56,10.5000000000,4.9750000000,15.1750000000,0.9000000000
2026-09-29,S01,K05,weekly_mean56,10.0000000000,5.6500000000,16.8750000000,0.9000000000
2026-09-29,S01,K06,weekly_mean56,11.1250000000,5.5250000000,17.4000000000,0.9000000000
2026-09-29,S01,K07,weekly_mean56,14.3750000000,8.6000000000,19.9250000000,0.9000000000
2026-09-29,S01,K08,weekly_mean56,11.7500000000,7.4000000000,15.9750000000,0.9000000000
2026-09-29,S02,K01,weekly_mean56,8.8750000000,4.4000000000,14.0500000000,0.9000000000
2026-09-29,S02,K02,weekly_mean56,7.3750000000,2.8250000000,11.1000000000,0.9000000000
2026-09-29,S02,K03,weekly_mean56,9.1250000000,3.9500000000,14.6000000000,0.9000000000
2026-09-29,S02,K04,weekly_mean56,9.5000000000,3.7500000000,14.0000000000,0.9000000000
2026-09-29,S02,K05,weekly_mean56,12.5000000000,7.8250000000,17.5000000000,0.9000000000
2026-09-29,S02,K06,weekly_mean56,9.8750000000,4.9500000000,14.1750000000,0.9000000000
2026-09-29,S02,K07,weekly_mean56,12.5000000000,6.6500000000,19.4000000000,0.9000000000
2026-09-29,S02,K08,weekly_mean56,13.8750000000,8.8250000000,18.4250000000,0.9000000000
2026-09-29,S03,K01,weekly_mean56,8.1250000000,3.2000000000,12.4500000000,0.9000000000
2026-09-29,S03,K02,weekly_mean56,8.1250000000,2.0750000000,13.4250000000,0.9000000000
2026-09-29,S03,K03,weekly_mean56,9.7500000000,5.3750000000,14.9000000000,0.9000000000
2026-09-29,S03,K04,weekly_mean56,10.7500000000,4.9500000000,16.8750000000,0.9000000000
2026-09-29,S03,K05,weekly_mean56,11.2500000000,7.3750000000,16.3750000000,0.9000000000
2026-09-29,S03,K06,weekly_mean56,13.8750000000,9.5500000000,19.2000000000,0.9000000000
2026-09-29,S03,K07,weekly_mean56,12.7500000000,8.2000000000,16.8000000000,0.9000000000
2026-09-29,S03,K08,weekly_mean56,12.8750000000,8.0250000000,18.3750000000,0.9000000000
2026-09-29,S04,K01,weekly_mean56,7.2500000000,2.8250000000,12.1750000000,0.9000000000
2026-09-29,S04,K02,weekly_mean56,8.2500000000,3.6000000000,12.9250000000,0.9000000000
2026-09-29,S04,K03,weekly_mean56,11.2500000000,7.1500000000,14.6750000000,0.9000000000
2026-09-29,S04,K04,weekly_mean56,10.0000000000,4.4250000000,15.3500000000,0.9000000000
2026-09-29,S04,K05,weekly_mean56,11.6250000000,5.8750000000,16.8750000000,0.9000000000
2026-09-29,S04,K06,weekly_mean56,13.1250000000,7.5250000000,18.2250000000,0.9000000000
2026-09-29,S04,K07,weekly_mean56,15.6250000000,10.8250000000,22.4250000000,0.9000000000
2026-09-29,S04,K08,weekly_mean56,15.6250000000,9.4750000000,22.7250000000,0.9000000000
2026-09-29,S05,K01,weekly_mean56,9.8750000000,4.6250000000,14.1750000000,0.9000000000
2026-09-29,S05,K02,weekly_mean56,10.3750000000,5.8250000000,15.2500000000,0.9000000000
2026-09-29,S05,K03,weekly_mean56,10.6250000000,5.6250000000,15.7500000000,0.9000000000
2026-09-29,S05,K04,weekly_mean56,11.0000000000,4.7500000000,17.1750000000,0.9000000000
2026-09-29,S05,K05,weekly_mean56,13.3750000000,7.3750000000,18.6750000000,0.9000000000
2026-09-29,S05,K06,weekly_mean56,14.7500000000,10.2000000000,21.3250000000,0.9000000000
2026-09-29,S05,K07,weekly_mean56,16.8750000000,10.7500000000,23.0000000000,0.9000000000
2026-09-29,S05,K08,weekly_mean56,15.8750000000,10.8250000000,20.4250000000,0.9000000000
2026-09-29,S06,K01,weekly_mean56,9.5000000000,4.8250000000,15.1500000000,0.9000000000
2026-09-29,S06,K02,weekly_mean56,9.6250000000,5.0500000000,14.6000000000,0.9000000000
2026-09-29,S06,K03,weekly_mean56,11.5000000000,6.8500000000,16.7250000000,0.9000000000
2026-09-29,S06,K04,weekly_mean56,11.8750000000,7.1000000000,17.9750000000,0.9000000000
2026-09-29,S06,K05,weekly_mean56,14.3750000000,10.2000000000,20.4250000000,0.9000000000
2026-09-29,S06,K06,weekly_mean56,13.1250000000,7.8500000000,17.2250000000,0.9000000000
2026-09-29,S06,K07,weekly_mean56,16.3750000000,8.3250000000,24.0750000000,0.9000000000
2026-09-29,S06,K08,weekly_mean56,15.6250000000,9.9750000000,19.7500000000,0.9000000000
2026-09-29,S07,K01,weekly_mean56,9.7500000000,4.5750000000,14.5000000000,0.9000000000
2026-09-29,S07,K02,weekly_mean56,10.2500000000,4.2500000000,14.7000000000,0.9000000000
2026-09-29,S07,K03,weekly_mean56,12.5000000000,7.5250000000,18.4000000000,0.9000000000
2026-09-29,S07,K04,weekly_mean56,13.1250000000,7.8750000000,18.3000000000,0.9000000000
2026-09-29,S07,K05,weekly_mean56,14.2500000000,9.9750000000,18.7500000000,0.9000000000
2026-09-29,S07,K06,weekly_mean56,14.2500000000,8.0750000000,19.4500000000,0.9000000000
2026-09-29,S07,K07,weekly_mean56,17.7500000000,11.6750000000,23.2250000000,0.9000000000
2026-09-29,S07,K08,weekly_mean56,17.7500000000,11.3500000000,25.5000000000,0.9000000000
2026-09-29,S08,K01,weekly_mean56,10.3750000000,5.9000000000,16.0500000000,0.9000000000
2026-09-29,S08,K02,weekly_mean56,9.7500000000,4.5500000000,14.7000000000,0.9000000000
2026-09-29,S08,K03,weekly_mean56,13.1250000000,7.8750000000,19.3000000000,0.9000000000
2026-09-29,S08,K04,weekly_mean56,14.0000000000,9.1750000000,21.4500000000,0.9000000000
2026-09-29,S08,K05,weekly_mean56,13.3750000000,8.0000000000,17.9500000000,0.9000000000
2026-09-29,S08,K06,weekly_mean56,15.5000000000,11.2000000000,21.4250000000,0.9000000000
2026-09-29,S08,K07,weekly_mean56,16.8750000000,11.3750000000,23.0750000000,0.9000000000
2026-09-29,S08,K08,weekly_mean56,18.3750000000,13.1250000000,24.7000000000,0.9000000000
2026-09-29,S09,K01,weekly_mean56,11.2500000000,7.3500000000,16.4250000000,0.9000000000
2026-09-29,S09,K02,weekly_mean56,10.5000000000,3.4500000000,16.4500000000,0.9000000000
2026-09-29,S09,K03,weekly_mean56,14.1250000000,9.1250000000,19.4500000000,0.9000000000
2026-09-29,S09,K04,weekly_mean56,13.8750000000,8.4250000000,21.0250000000,0.9000000000
2026-09-29,S09,K05,weekly_mean56,15.3750000000,8.5000000000,20.8000000000,0.9000000000
2026-09-29,S09,K06,weekly_mean56,12.5000000000,7.6000000000,16.6750000000,0.9000000000
2026-09-29,S09,K07,weekly_mean56,15.3750000000,9.4750000000,21.0500000000,0.9000000000
2026-09-29,S09,K08,weekly_mean56,17.6250000000,10.3250000000,23.7250000000,0.9000000000
2026-09-29,S10,K01,weekly_mean56,10.5000000000,6.3500000000,15.9250000000,0.9000000000
2026-09-29,S10,K02,weekly_mean56,10.7500000000,5.6250000000,16.3500000000,0.9000000000
2026-09-29,S10,K03,weekly_mean56,13.8750000000,8.9750000000,21.0000000000,0.9000000000
2026-09-29,S10,K04,weekly_mean56,13.3750000000,7.0750000000,19.3500000000,0.9000000000
2026-09-29,S10,K05,weekly_mean56,16.1250000000,10.7750000000,22.9250000000,0.9000000000
2026-09-29,S10,K06,weekly_mean56,17.2500000000,10.9500000000,22.2500000000,0.9000000000
2026-09-29,S10,K07,weekly_mean56,18.5000000000,12.6250000000,25.5500000000,0.9000000000
2026-09-29,S10,K08,weekly_mean56,19.6250000000,14.8750000000,27.3750000000,0.9000000000
2026-09-29,S11,K01,weekly_mean56,9.1250000000,3.0250000000,17.3500000000,0.9000000000
2026-09-29,S11,K02,weekly_mean56,12.8750000000,7.5000000000,17.5750000000,0.9000000000
2026-09-29,S11,K03,weekly_mean56,14.2500000000,9.9750000000,20.3250000000,0.9000000000
2026-09-29,S11,K04,weekly_mean56,14.2500000000,8.2000000000,19.7750000000,0.9000000000
2026-09-29,S11,K05,weekly_mean56,16.1250000000,9.6250000000,21.8750000000,0.9000000000
2026-09-29,S11,K06,weekly_mean56,17.5000000000,11.6250000000,25.6500000000,0.9000000000
2026-09-29,S11,K07,weekly_mean56,17.7500000000,11.1750000000,25.0000000000,0.9000000000
2026-09-29,S11,K08,weekly_mean56,21.8750000000,15.1000000000,29.5250000000,0.9000000000
2026-09-29,S12,K01,weekly_mean56,12.2500000000,7.4500000000,17.1000000000,0.9000000000
2026-09-29,S12,K02,weekly_mean56,12.6250000000,7.0500000000,17.0000000000,0.9000000000
2026-09-29,S12,K03,weekly_mean56,15.0000000000,9.6500000000,20.3500000000,0.9000000000
2026-09-29,S12,K04,weekly_mean56,14.0000000000,8.9000000000,19.9250000000,0.9000000000
2026-09-29,S12,K05,weekly_mean56,15.2500000000,8.7000000000,20.6000000000,0.9000000000
2026-09-29,S12,K06,weekly_mean56,18.7500000000,10.7750000000,24.7750000000,0.9000000000
2026-09-29,S12,K07,weekly_mean56,18.8750000000,14.5000000000,23.0750000000,0.9000000000
2026-09-29,S12,K08,weekly_mean56,21.5000000000,16.8000000000,27.0500000000,0.9000000000
2026-09-30,S01,K01,weekly_mean56,8.0000000000,3.7750000000,12.9250000000,0.9000000000
2026-09-30,S01,K02,weekly_mean56,7.5000000000,3.1250000000,11.0250000000,0.9000000000
2026-09-30,S01,K03,weekly_mean56,8.3750000000,3.0000000000,13.3000000000,0.9000000000
2026-09-30,S01,K04,weekly_mean56,9.3750000000,3.8500000000,14.0500000000,0.9000000000
2026-09-30,S01,K05,weekly_mean56,11.8750000000,7.5250000000,18.7500000000,0.9000000000
2026-09-30,S01,K06,weekly_mean56,11.0000000000,5.4000000000,17.2750000000,0.9000000000
2026-09-30,S01,K07,weekly_mean56,13.3750000000,7.6000000000,18.9250000000,0.9000000000
2026-09-30,S01,K08,weekly_mean56,13.5000000000,9.1500000000,17.7250000000,0.9000000000
2026-09-30,S02,K01,weekly_mean56,8.1250000000,3.6500000000,13.3000000000,0.9000000000
2026-09-30,S02,K02,weekly_mean56,7.3750000000,2.8250000000,11.1000000000,0.9000000000
2026-09-30,S02,K03,weekly_mean56,9.0000000000,3.8250000000,14.4750000000,0.9000000000
2026-09-30,S02,K04,weekly_mean56,8.5000000000,2.7500000000,13.0000000000,0.9000000000
2026-09-30,S02,K05,weekly_mean56,10.5000000000,5.8250000000,15.5000000000,0.9000000000
2026-09-30,S02,K06,weekly_mean56,11.7500000000,6.8250000000,16.0500000000,0.9000000000
2026-09-30,S02,K07,weekly_mean56,14.0000000000,8.1500000000,20.9000000000,0.9000000000
2026-09-30,S02,K08,weekly_mean56,13.2500000000,8.2000000000,17.8000000000,0.9000000000
2026-09-30,S03,K01,weekly_mean56,6.3750000000,1.4500000000,10.7000000000,0.9000000000
2026-09-30,S03,K02,weekly_mean56,9.2500000000,3.2000000000,14.5500000000,0.9000000000
2026-09-30,S03,K03,weekly_mean56,10.1250000000,5.7500000000,15.2750000000,0.9000000000
2026-09-30,S03,K04,weekly_mean56,8.5000000000,2.7000000000,14.6250000000,0.9000000000
2026-09-30,S03,K05,weekly_mean56,11.5000000000,7.6250000000,16.6250000000,0.9000000000
2026-09-30,S03,K06,weekly_mean56,12.2500000000,7.9250000000,17.5750000000,0.9000000000
2026-09-30,S03,K07,weekly_mean56,12.8750000000,8.3250000000,16.9250000000,0.9000000000
2026-09-30,S03,K08,weekly_mean56,12.5000000000,7.6500000000,18.0000000000,0.9000000000
2026-09-30,S04,K01,weekly_mean56,9.3750000000,4.9500000000,14.3000000000,0.9000000000
2026-09-30,S04,K02,weekly_mean56,9.0000000000,4.3500000000,13.6750000000,0.9000000000
2026-09-30,S04,K03,weekly_mean56,10.7500000000,6.6500000000,14.1750000000,0.9000000000
2026-09-30,S04,K04,weekly_mean56,12.0000000000,6.4250000000,17.3500000000,0.9000000000
2026-09-30,S04,K05,weekly_mean56,13.2500000000,7.5000000000,18.5000000000,0.9000000000
2026-09-30,S04,K06,weekly_mean56,13.8750000000,8.2750000000,18.9750000000,0.9000000000
2026-09-30,S04,K07,weekly_mean56,14.2500000000,9.4500000000,21.0500000000,0.9000000000
2026-09-30,S04,K08,weekly_mean56,15.0000000000,8.8500000000,22.1000000000,0.9000000000
2026-09-30,S05,K01,weekly_mean56,9.7500000000,4.5000000000,14.0500000000,0.9000000000
2026-09-30,S05,K02,weekly_mean56,9.1250000000,4.5750000000,14.0000000000,0.9000000000
2026-09-30,S05,K03,weekly_mean56,11.1250000000,6.1250000000,16.2500000000,0.9000000000
2026-09-30,S05,K04,weekly_mean56,10.6250000000,4.3750000000,16.8000000000,0.9000000000
2026-09-30,S05,K05,weekly_mean56,12.5000000000,6.5000000000,17.8000000000,0.9000000000
2026-09-30,S05,K06,weekly_mean56,13.2500000000,8.7000000000,19.8250000000,0.9000000000
2026-09-30,S05,K07,weekly_mean56,15.0000000000,8.8750000000,21.1250000000,0.9000000000
2026-09-30,S05,K08,weekly_mean56,15.8750000000,10.8250000000,20.4250000000,0.9000000000
2026-09-30,S06,K01,weekly_mean56,9.6250000000,4.9500000000,15.2750000000,0.9000000000
2026-09-30,S06,K02,weekly_mean56,9.6250000000,5.0500000000,14.6000000000,0.9000000000
2026-09-30,S06,K03,weekly_mean56,11.8750000000,7.2250000000,17.1000000000,0.9000000000
2026-09-30,S06,K04,weekly_mean56,10.6250000000,5.8500000000,16.7250000000,0.9000000000
2026-09-30,S06,K05,weekly_mean56,16.2500000000,12.0750000000,22.3000000000,0.9000000000
2026-09-30,S06,K06,weekly_mean56,13.5000000000,8.2250000000,17.6000000000,0.9000000000
2026-09-30,S06,K07,weekly_mean56,15.0000000000,6.9500000000,22.7000000000,0.9000000000
2026-09-30,S06,K08,weekly_mean56,16.7500000000,11.1000000000,20.8750000000,0.9000000000
2026-09-30,S07,K01,weekly_mean56,8.8750000000,3.7000000000,13.6250000000,0.9000000000
2026-09-30,S07,K02,weekly_mean56,9.2500000000,3.2500000000,13.7000000000,0.9000000000
2026-09-30,S07,K03,weekly_mean56,11.2500000000,6.2750000000,17.1500000000,0.9000000000
2026-09-30,S07,K04,weekly_mean56,11.6250000000,6.3750000000,16.8000000000,0.9000000000
2026-09-30,S07,K05,weekly_mean56,14.2500000000,9.9750000000,18.7500000000,0.9000000000
2026-09-30,S07,K06,weekly_mean56,15.5000000000,9.3250000000,20.7000000000,0.9000000000
2026-09-30,S07,K07,weekly_mean56,16.7500000000,10.6750000000,22.2250000000,0.9000000000
2026-09-30,S07,K08,weekly_mean56,17.0000000000,10.6000000000,24.7500000000,0.9000000000
2026-09-30,S08,K01,weekly_mean56,11.0000000000,6.5250000000,16.6750000000,0.9000000000
2026-09-30,S08,K02,weekly_mean56,9.5000000000,4.3000000000,14.4500000000,0.9000000000
2026-09-30,S08,K03,weekly_mean56,12.2500000000,7.0000000000,18.4250000000,0.9000000000
2026-09-30,S08,K04,weekly_mean56,13.3750000000,8.5500000000,20.8250000000,0.9000000000
2026-09-30,S08,K05,weekly_mean56,14.3750000000,9.0000000000,18.9500000000,0.9000000000
2026-09-30,S08,K06,weekly_mean56,12.5000000000,8.2000000000,18.4250000000,0.9000000000
2026-09-30,S08,K07,weekly_mean56,18.2500000000,12.7500000000,24.4500000000,0.9000000000
2026-09-30,S08,K08,weekly_mean56,18.2500000000,13.0000000000,24.5750000000,0.9000000000
2026-09-30,S09,K01,weekly_mean56,12.3750000000,8.4750000000,17.5500000000,0.9000000000
2026-09-30,S09,K02,weekly_mean56,10.0000000000,2.9500000000,15.9500000000,0.9000000000
2026-09-30,S09,K03,weekly_mean56,11.7500000000,6.7500000000,17.0750000000,0.9000000000
2026-09-30,S09,K04,weekly_mean56,13.7500000000,8.3000000000,20.9000000000,0.9000000000
2026-09-30,S09,K05,weekly_mean56,15.1250000000,8.2500000000,20.5500000000,0.9000000000
2026-09-30,S09,K06,weekly_mean56,16.7500000000,11.8500000000,20.9250000000,0.9000000000
2026-09-30,S09,K07,weekly_mean56,15.8750000000,9.9750000000,21.5500000000,0.9000000000
2026-09-30,S09,K08,weekly_mean56,19.7500000000,12.4500000000,25.8500000000,0.9000000000
2026-09-30,S10,K01,weekly_mean56,8.6250000000,4.4750000000,14.0500000000,0.9000000000
2026-09-30,S10,K02,weekly_mean56,11.6250000000,6.5000000000,17.2250000000,0.9000000000
2026-09-30,S10,K03,weekly_mean56,13.7500000000,8.8500000000,20.8750000000,0.9000000000
2026-09-30,S10,K04,weekly_mean56,12.8750000000,6.5750000000,18.8500000000,0.9000000000
2026-09-30,S10,K05,weekly_mean56,15.8750000000,10.5250000000,22.6750000000,0.9000000000
2026-09-30,S10,K06,weekly_mean56,16.2500000000,9.9500000000,21.2500000000,0.9000000000
2026-09-30,S10,K07,weekly_mean56,18.3750000000,12.5000000000,25.4250000000,0.9000000000
2026-09-30,S10,K08,weekly_mean56,19.7500000000,15.0000000000,27.5000000000,0.9000000000
2026-09-30,S11,K01,weekly_mean56,12.0000000000,5.9000000000,20.2250000000,0.9000000000
2026-09-30,S11,K02,weekly_mean56,13.2500000000,7.8750000000,17.9500000000,0.9000000000
2026-09-30,S11,K03,weekly_mean56,13.1250000000,8.8500000000,19.2000000000,0.9000000000
2026-09-30,S11,K04,weekly_mean56,15.7500000000,9.7000000000,21.2750000000,0.9000000000
2026-09-30,S11,K05,weekly_mean56,16.7500000000,10.2500000000,22.5000000000,0.9000000000
2026-09-30,S11,K06,weekly_mean56,17.0000000000,11.1250000000,25.1500000000,0.9000000000
2026-09-30,S11,K07,weekly_mean56,19.0000000000,12.4250000000,26.2500000000,0.9000000000
2026-09-30,S11,K08,weekly_mean56,19.0000000000,12.2250000000,26.6500000000,0.9000000000
2026-09-30,S12,K01,weekly_mean56,9.2500000000,4.4500000000,14.1000000000,0.9000000000
2026-09-30,S12,K02,weekly_mean56,12.6250000000,7.0500000000,17.0000000000,0.9000000000
2026-09-30,S12,K03,weekly_mean56,13.6250000000,8.2750000000,18.9750000000,0.9000000000
2026-09-30,S12,K04,weekly_mean56,16.0000000000,10.9000000000,21.9250000000,0.9000000000
2026-09-30,S12,K05,weekly_mean56,15.7500000000,9.2000000000,21.1000000000,0.9000000000
2026-09-30,S12,K06,weekly_mean56,18.3750000000,10.4000000000,24.4000000000,0.9000000000
2026-09-30,S12,K07,weekly_mean56,18.1250000000,13.7500000000,22.3250000000,0.9000000000
2026-09-30,S12,K08,weekly_mean56,19.1250000000,14.4250000000,24.6750000000,0.9000000000
2026-10-01,S01,K01,weekly_mean56,7.7500000000,3.5250000000,12.6750000000,0.9000000000
2026-10-01,S01,K02,weekly_mean56,6.8750000000,2.5000000000,10.4000000000,0.9000000000
2026-10-01,S01,K03,weekly_mean56,7.2500000000,1.8750000000,12.1750000000,0.9000000000
2026-10-01,S01,K04,weekly_mean56,9.5000000000,3.9750000000,14.1750000000,0.9000000000
2026-10-01,S01,K05,weekly_mean56,10.5000000000,6.1500000000,17.3750000000,0.9000000000
2026-10-01,S01,K06,weekly_mean56,8.8750000000,3.2750000000,15.1500000000,0.9000000000
2026-10-01,S01,K07,weekly_mean56,10.1250000000,4.3500000000,15.6750000000,0.9000000000
2026-10-01,S01,K08,weekly_mean56,11.8750000000,7.5250000000,16.1000000000,0.9000000000
2026-10-01,S02,K01,weekly_mean56,7.0000000000,2.5250000000,12.1750000000,0.9000000000
2026-10-01,S02,K02,weekly_mean56,6.8750000000,2.3250000000,10.6000000000,0.9000000000
2026-10-01,S02,K03,weekly_mean56,8.8750000000,3.7000000000,14.3500000000,0.9000000000
2026-10-01,S02,K04,weekly_mean56,9.3750000000,3.6250000000,13.8750000000,0.9000000000
2026-10-01,S02,K05,weekly_mean56,10.8750000000,6.2000000000,15.8750000000,0.9000000000
2026-10-01,S02,K06,weekly_mean56,12.0000000000,7.0750000000,16.3000000000,0.9000000000
2026-10-01,S02,K07,weekly_mean56,10.2500000000,4.4000000000,17.1500000000,0.9000000000
2026-10-01,S02,K08,weekly_mean56,11.1250000000,6.0750000000,15.6750000000,0.9000000000
2026-10-01,S03,K01,weekly_mean56,7.2500000000,2.3250000000,11.5750000000,0.9000000000
2026-10-01,S03,K02,weekly_mean56,6.3750000000,0.3750000000,11.6750000000,0.9000000000
2026-10-01,S03,K03,weekly_mean56,8.6250000000,4.2500000000,13.7750000000,0.9000000000
2026-10-01,S03,K04,weekly_mean56,10.5000000000,4.7000000000,16.6250000000,0.9000000000
2026-10-01,S03,K05,weekly_mean56,11.2500000000,7.3750000000,16.3750000000,0.9000000000
2026-10-01,S03,K06,weekly_mean56,11.6250000000,7.3000000000,16.9500000000,0.9000000000
2026-10-01,S03,K07,weekly_mean56,12.7500000000,8.2000000000,16.8000000000,0.9000000000
2026-10-01,S03,K08,weekly_mean56,13.0000000000,8.1500000000,18.5000000000,0.9000000000
2026-10-01,S04,K01,weekly_mean56,7.3750000000,2.9500000000,12.3000000000,0.9000000000
2026-10-01,S04,K02,weekly_mean56,9.1250000000,4.4750000000,13.8000000000,0.9000000000
2026-10-01,S04,K03,weekly_mean56,9.1250000000,5.0250000000,12.5500000000,0.9000000000
2026-10-01,S04,K04,weekly_mean56,10.1250000000,4.5500000000,15.4750000000,0.9000000000
2026-10-01,S04,K05,weekly_mean56,11.3750000000,5.6250000000,16.6250000000,0.9000000000
2026-10-01,S04,K06,weekly_mean56,10.7500000000,5.1500000000,15.8500000000,0.9000000000
2026-10-01,S04,K07,weekly_mean56,13.7500000000,8.9500000000,20.5500000000,0.9000000000
2026-10-01,S04,K08,weekly_mean56,13.5000000000,7.3500000000,20.6000000000,0.9000000000
2026-10-01,S05,K01,weekly_mean56,8.8750000000,3.6250000000,13.1750000000,0.9000000000
2026-10-01,S05,K02,weekly_mean56,9.3750000000,4.8250000000,14.2500000000,0.9000000000
2026-10-01,S05,K03,weekly_mean56,9.5000000000,4.5000000000,14.6250000000,0.9000000000
2026-10-01,S05,K04,weekly_mean56,11.3750000000,5.1250000000,17.5500000000,0.9000000000
2026-10-01,S05,K05,weekly_mean56,12.8750000000,6.8750000000,18.1750000000,0.9000000000
2026-10-01,S05,K06,weekly_mean56,12.2500000000,7.7000000000,18.8250000000,0.9000000000
2026-10-01,S05,K07,weekly_mean56,13.7500000000,7.6250000000,19.8750000000,0.9000000000
2026-10-01,S05,K08,weekly_mean56,13.8750000000,8.8250000000,18.4250000000,0.9000000000
2026-10-01,S06,K01,weekly_mean56,7.5000000000,2.8250000000,13.1500000000,0.9000000000
2026-10-01,S06,K02,weekly_mean56,9.7500000000,5.1750000000,14.7250000000,0.9000000000
2026-10-01,S06,K03,weekly_mean56,10.0000000000,5.3500000000,15.2250000000,0.9000000000
2026-10-01,S06,K04,weekly_mean56,10.2500000000,5.4750000000,16.3500000000,0.9000000000
2026-10-01,S06,K05,weekly_mean56,12.8750000000,8.7000000000,18.9250000000,0.9000000000
2026-10-01,S06,K06,weekly_mean56,12.6250000000,7.3500000000,16.7250000000,0.9000000000
2026-10-01,S06,K07,weekly_mean56,14.6250000000,6.5750000000,22.3250000000,0.9000000000
2026-10-01,S06,K08,weekly_mean56,15.0000000000,9.3500000000,19.1250000000,0.9000000000
2026-10-01,S07,K01,weekly_mean56,10.0000000000,4.8250000000,14.7500000000,0.9000000000
2026-10-01,S07,K02,weekly_mean56,8.6250000000,2.6250000000,13.0750000000,0.9000000000
2026-10-01,S07,K03,weekly_mean56,10.5000000000,5.5250000000,16.4000000000,0.9000000000
2026-10-01,S07,K04,weekly_mean56,12.0000000000,6.7500000000,17.1750000000,0.9000000000
2026-10-01,S07,K05,weekly_mean56,11.6250000000,7.3500000000,16.1250000000,0.9000000000
2026-10-01,S07,K06,weekly_mean56,13.7500000000,7.5750000000,18.9500000000,0.9000000000
2026-10-01,S07,K07,weekly_mean56,14.8750000000,8.8000000000,20.3500000000,0.9000000000
2026-10-01,S07,K08,weekly_mean56,16.7500000000,10.3500000000,24.5000000000,0.9000000000
2026-10-01,S08,K01,weekly_mean56,9.2500000000,4.7750000000,14.9250000000,0.9000000000
2026-10-01,S08,K02,weekly_mean56,10.6250000000,5.4250000000,15.5750000000,0.9000000000
2026-10-01,S08,K03,weekly_mean56,11.3750000000,6.1250000000,17.5500000000,0.9000000000
2026-10-01,S08,K04,weekly_mean56,14.2500000000,9.4250000000,21.7000000000,0.9000000000
2026-10-01,S08,K05,weekly_mean56,14.3750000000,9.0000000000,18.9500000000,0.9000000000
2026-10-01,S08,K06,weekly_mean56,14.0000000000,9.7000000000,19.9250000000,0.9000000000
2026-10-01,S08,K07,weekly_mean56,18.1250000000,12.6250000000,24.3250000000,0.9000000000
2026-10-01,S08,K08,weekly_mean56,16.7500000000,11.5000000000,23.0750000000,0.9000000000
2026-10-01,S09,K01,weekly_mean56,8.5000000000,4.6000000000,13.6750000000,0.9000000000
2026-10-01,S09,K02,weekly_mean56,10.7500000000,3.7000000000,16.7000000000,0.9000000000
2026-10-01,S09,K03,weekly_mean56,10.8750000000,5.8750000000,16.2000000000,0.9000000000
2026-10-01,S09,K04,weekly_mean56,14.0000000000,8.5500000000,21.1500000000,0.9000000000
2026-10-01,S09,K05,weekly_mean56,13.5000000000,6.6250000000,18.9250000000,0.9000000000
2026-10-01,S09,K06,weekly_mean56,14.2500000000,9.3500000000,18.4250000000,0.9000000000
2026-10-01,S09,K07,weekly_mean56,16.2500000000,10.3500000000,21.9250000000,0.9000000000
2026-10-01,S09,K08,weekly_mean56,19.0000000000,11.7000000000,25.1000000000,0.9000000000
2026-10-01,S10,K01,weekly_mean56,9.0000000000,4.8500000000,14.4250000000,0.9000000000
2026-10-01,S10,K02,weekly_mean56,9.7500000000,4.6250000000,15.3500000000,0.9000000000
2026-10-01,S10,K03,weekly_mean56,12.6250000000,7.7250000000,19.7500000000,0.9000000000
2026-10-01,S10,K04,weekly_mean56,13.6250000000,7.3250000000,19.6000000000,0.9000000000
2026-10-01,S10,K05,weekly_mean56,14.0000000000,8.6500000000,20.8000000000,0.9000000000
2026-10-01,S10,K06,weekly_mean56,15.5000000000,9.2000000000,20.5000000000,0.9000000000
2026-10-01,S10,K07,weekly_mean56,16.1250000000,10.2500000000,23.1750000000,0.9000000000
2026-10-01,S10,K08,weekly_mean56,16.1250000000,11.3750000000,23.8750000000,0.9000000000
2026-10-01,S11,K01,weekly_mean56,10.2500000000,4.1500000000,18.4750000000,0.9000000000
2026-10-01,S11,K02,weekly_mean56,10.5000000000,5.1250000000,15.2000000000,0.9000000000
2026-10-01,S11,K03,weekly_mean56,13.3750000000,9.1000000000,19.4500000000,0.9000000000
2026-10-01,S11,K04,weekly_mean56,14.5000000000,8.4500000000,20.0250000000,0.9000000000
2026-10-01,S11,K05,weekly_mean56,16.1250000000,9.6250000000,21.8750000000,0.9000000000
2026-10-01,S11,K06,weekly_mean56,14.1250000000,8.2500000000,22.2750000000,0.9000000000
2026-10-01,S11,K07,weekly_mean56,19.7500000000,13.1750000000,27.0000000000,0.9000000000
2026-10-01,S11,K08,weekly_mean56,18.7500000000,11.9750000000,26.4000000000,0.9000000000
2026-10-01,S12,K01,weekly_mean56,11.6250000000,6.8250000000,16.4750000000,0.9000000000
2026-10-01,S12,K02,weekly_mean56,13.3750000000,7.8000000000,17.7500000000,0.9000000000
2026-10-01,S12,K03,weekly_mean56,12.7500000000,7.4000000000,18.1000000000,0.9000000000
2026-10-01,S12,K04,weekly_mean56,14.6250000000,9.5250000000,20.5500000000,0.9000000000
2026-10-01,S12,K05,weekly_mean56,14.8750000000,8.3250000000,20.2250000000,0.9000000000
2026-10-01,S12,K06,weekly_mean56,15.6250000000,7.6500000000,21.6500000000,0.9000000000
2026-10-01,S12,K07,weekly_mean56,17.1250000000,12.7500000000,21.3250000000,0.9000000000
2026-10-01,S12,K08,weekly_mean56,18.5000000000,13.8000000000,24.0500000000,0.9000000000
2026-10-02,S01,K01,weekly_mean56,6.6250000000,2.4000000000,11.5500000000,0.9000000000
2026-10-02,S01,K02,weekly_mean56,7.8750000000,3.5000000000,11.4000000000,0.9000000000
2026-10-02,S01,K03,weekly_mean56,7.7500000000,2.3750000000,12.6750000000,0.9000000000
2026-10-02,S01,K04,weekly_mean56,9.6250000000,4.1000000000,14.3000000000,0.9000000000
2026-10-02,S01,K05,weekly_mean56,10.5000000000,6.1500000000,17.3750000000,0.9000000000
2026-10-02,S01,K06,weekly_mean56,9.6250000000,4.0250000000,15.9000000000,0.9000000000
2026-10-02,S01,K07,weekly_mean56,12.6250000000,6.8500000000,18.1750000000,0.9000000000
2026-10-02,S01,K08,weekly_mean56,13.2500000000,8.9000000000,17.4750000000,0.9000000000
2026-10-02,S02,K01,weekly_mean56,7.2500000000,2.7750000000,12.4250000000,0.9000000000
2026-10-02,S02,K02,weekly_mean56,7.6250000000,3.0750000000,11.3500000000,0.9000000000
2026-10-02,S02,K03,weekly_mean56,9.5000000000,4.3250000000,14.9750000000,0.9000000000
2026-10-02,S02,K04,weekly_mean56,7.7500000000,2.0000000000,12.2500000000,0.9000000000
2026-10-02,S02,K05,weekly_mean56,11.7500000000,7.0750000000,16.7500000000,0.9000000000
2026-10-02,S02,K06,weekly_mean56,11.1250000000,6.2000000000,15.4250000000,0.9000000000
2026-10-02,S02,K07,weekly_mean56,12.0000000000,6.1500000000,18.9000000000,0.9000000000
2026-10-02,S02,K08,weekly_mean56,12.8750000000,7.8250000000,17.4250000000,0.9000000000
2026-10-02,S03,K01,weekly_mean56,7.6250000000,2.7000000000,11.9500000000,0.9000000000
2026-10-02,S03,K02,weekly_mean56,7.5000000000,1.4500000000,12.8000000000,0.9000000000
2026-10-02,S03,K03,weekly_mean56,10.0000000000,5.6250000000,15.1500000000,0.9000000000
2026-10-02,S03,K04,weekly_mean56,9.2500000000,3.4500000000,15.3750000000,0.9000000000
2026-10-02,S03,K05,weekly_mean56,9.8750000000,6.0000000000,15.0000000000,0.9000000000
2026-10-02,S03,K06,weekly_mean56,12.3750000000,8.0500000000,17.7000000000,0.9000000000
2026-10-02,S03,K07,weekly_mean56,12.8750000000,8.3250000000,16.9250000000,0.9000000000
2026-10-02,S03,K08,weekly_mean56,13.3750000000,8.5250000000,18.8750000000,0.9000000000
2026-10-02,S04,K01,weekly_mean56,9.2500000000,4.8250000000,14.1750000000,0.9000000000
2026-10-02,S04,K02,weekly_mean56,8.2500000000,3.6000000000,12.9250000000,0.9000000000
2026-10-02,S04,K03,weekly_mean56,9.8750000000,5.7750000000,13.3000000000,0.9000000000
2026-10-02,S04,K04,weekly_mean56,10.1250000000,4.5500000000,15.4750000000,0.9000000000
2026-10-02,S04,K05,weekly_mean56,13.0000000000,7.2500000000,18.2500000000,0.9000000000
2026-10-02,S04,K06,weekly_mean56,11.1250000000,5.5250000000,16.2250000000,0.9000000000
2026-10-02,S04,K07,weekly_mean56,14.6250000000,9.8250000000,21.4250000000,0.9000000000
2026-10-02,S04,K08,weekly_mean56,13.6250000000,7.4750000000,20.7250000000,0.9000000000
2026-10-02,S05,K01,weekly_mean56,7.8750000000,2.6250000000,12.1750000000,0.9000000000
2026-10-02,S05,K02,weekly_mean56,9.5000000000,4.9500000000,14.3750000000,0.9000000000
2026-10-02,S05,K03,weekly_mean56,8.7500000000,3.7500000000,13.8750000000,0.9000000000
2026-10-02,S05,K04,weekly_mean56,9.2500000000,3.0000000000,15.4250000000,0.9000000000
2026-10-02,S05,K05,weekly_mean56,12.0000000000,6.0000000000,17.3000000000,0.9000000000
2026-10-02,S05,K06,weekly_mean56,15.1250000000,10.5750000000,21.7000000000,0.9000000000
2026-10-02,S05,K07,weekly_mean56,14.7500000000,8.6250000000,20.8750000000,0.9000000000
2026-10-02,S05,K08,weekly_mean56,14.5000000000,9.4500000000,19.0500000000,0.9000000000
2026-10-02,S06,K01,weekly_mean56,9.1250000000,4.4500000000,14.7750000000,0.9000000000
2026-10-02,S06,K02,weekly_mean56,9.1250000000,4.5500000000,14.1000000000,0.9000000000
2026-10-02,S06,K03,weekly_mean56,11.7500000000,7.1000000000,16.9750000000,0.9000000000
2026-10-02,S06,K04,weekly_mean56,11.1250000000,6.3500000000,17.2250000000,0.9000000000
2026-10-02,S06,K05,weekly_mean56,12.1250000000,7.9500000000,18.1750000000,0.9000000000
2026-10-02,S06,K06,weekly_mean56,15.2500000000,9.9750000000,19.3500000000,0.9000000000
2026-10-02,S06,K07,weekly_mean56,15.2500000000,7.2000000000,22.9500000000,0.9000000000
2026-10-02,S06,K08,weekly_mean56,14.0000000000,8.3500000000,18.1250000000,0.9000000000
2026-10-02,S07,K01,weekly_mean56,8.2500000000,3.0750000000,13.0000000000,0.9000000000
2026-10-02,S07,K02,weekly_mean56,9.7500000000,3.7500000000,14.2000000000,0.9000000000
2026-10-02,S07,K03,weekly_mean56,10.7500000000,5.7750000000,16.6500000000,0.9000000000
2026-10-02,S07,K04,weekly_mean56,12.7500000000,7.5000000000,17.9250000000,0.9000000000
2026-10-02,S07,K05,weekly_mean56,13.2500000000,8.9750000000,17.7500000000,0.9000000000
2026-10-02,S07,K06,weekly_mean56,14.3750000000,8.2000000000,19.5750000000,0.9000000000
2026-10-02,S07,K07,weekly_mean56,16.3750000000,10.3000000000,21.8500000000,0.9000000000
2026-10-02,S07,K08,weekly_mean56,15.1250000000,8.7250000000,22.8750000000,0.9000000000
2026-10-02,S08,K01,weekly_mean56,11.2500000000,6.7750000000,16.9250000000,0.9000000000
2026-10-02,S08,K02,weekly_mean56,10.2500000000,5.0500000000,15.2000000000,0.9000000000
2026-10-02,S08,K03,weekly_mean56,12.0000000000,6.7500000000,18.1750000000,0.9000000000
2026-10-02,S08,K04,weekly_mean56,11.6250000000,6.8000000000,19.0750000000,0.9000000000
2026-10-02,S08,K05,weekly_mean56,13.0000000000,7.6250000000,17.5750000000,0.9000000000
2026-10-02,S08,K06,weekly_mean56,13.2500000000,8.9500000000,19.1750000000,0.9000000000
2026-10-02,S08,K07,weekly_mean56,16.7500000000,11.2500000000,22.9500000000,0.9000000000
2026-10-02,S08,K08,weekly_mean56,17.0000000000,11.7500000000,23.3250000000,0.9000000000
2026-10-02,S09,K01,weekly_mean56,9.2500000000,5.3500000000,14.4250000000,0.9000000000
2026-10-02,S09,K02,weekly_mean56,8.6250000000,1.5750000000,14.5750000000,0.9000000000
2026-10-02,S09,K03,weekly_mean56,11.6250000000,6.6250000000,16.9500000000,0.9000000000
2026-10-02,S09,K04,weekly_mean56,11.0000000000,5.5500000000,18.1500000000,0.9000000000
2026-10-02,S09,K05,weekly_mean56,15.7500000000,8.8750000000,21.1750000000,0.9000000000
2026-10-02,S09,K06,weekly_mean56,15.7500000000,10.8500000000,19.9250000000,0.9000000000
2026-10-02,S09,K07,weekly_mean56,15.0000000000,9.1000000000,20.6750000000,0.9000000000
2026-10-02,S09,K08,weekly_mean56,18.8750000000,11.5750000000,24.9750000000,0.9000000000
2026-10-02,S10,K01,weekly_mean56,11.2500000000,7.1000000000,16.6750000000,0.9000000000
2026-10-02,S10,K02,weekly_mean56,11.3750000000,6.2500000000,16.9750000000,0.9000000000
2026-10-02,S10,K03,weekly_mean56,13.6250000000,8.7250000000,20.7500000000,0.9000000000
2026-10-02,S10,K04,weekly_mean56,12.7500000000,6.4500000000,18.7250000000,0.9000000000
2026-10-02,S10,K05,weekly_mean56,15.2500000000,9.9000000000,22.0500000000,0.9000000000
2026-10-02,S10,K06,weekly_mean56,17.2500000000,10.9500000000,22.2500000000,0.9000000000
2026-10-02,S10,K07,weekly_mean56,16.8750000000,11.0000000000,23.9250000000,0.9000000000
2026-10-02,S10,K08,weekly_mean56,19.1250000000,14.3750000000,26.8750000000,0.9000000000
2026-10-02,S11,K01,weekly_mean56,10.8750000000,4.7750000000,19.1000000000,0.9000000000
2026-10-02,S11,K02,weekly_mean56,11.5000000000,6.1250000000,16.2000000000,0.9000000000
2026-10-02,S11,K03,weekly_mean56,14.2500000000,9.9750000000,20.3250000000,0.9000000000
2026-10-02,S11,K04,weekly_mean56,12.7500000000,6.7000000000,18.2750000000,0.9000000000
2026-10-02,S11,K05,weekly_mean56,15.5000000000,9.0000000000,21.2500000000,0.9000000000
2026-10-02,S11,K06,weekly_mean56,15.7500000000,9.8750000000,23.9000000000,0.9000000000
2026-10-02,S11,K07,weekly_mean56,18.0000000000,11.4250000000,25.2500000000,0.9000000000
2026-10-02,S11,K08,weekly_mean56,18.7500000000,11.9750000000,26.4000000000,0.9000000000
2026-10-02,S12,K01,weekly_mean56,11.0000000000,6.2000000000,15.8500000000,0.9000000000
2026-10-02,S12,K02,weekly_mean56,11.7500000000,6.1750000000,16.1250000000,0.9000000000
2026-10-02,S12,K03,weekly_mean56,12.6250000000,7.2750000000,17.9750000000,0.9000000000
2026-10-02,S12,K04,weekly_mean56,14.1250000000,9.0250000000,20.0500000000,0.9000000000
2026-10-02,S12,K05,weekly_mean56,16.0000000000,9.4500000000,21.3500000000,0.9000000000
2026-10-02,S12,K06,weekly_mean56,15.0000000000,7.0250000000,21.0250000000,0.9000000000
2026-10-02,S12,K07,weekly_mean56,16.8750000000,12.5000000000,21.0750000000,0.9000000000
2026-10-02,S12,K08,weekly_mean56,21.3750000000,16.6750000000,26.9250000000,0.9000000000
2026-10-03,S01,K01,weekly_mean56,9.7500000000,5.5250000000,14.6750000000,0.9000000000
2026-10-03,S01,K02,weekly_mean56,10.0000000000,5.6250000000,13.5250000000,0.9000000000
2026-10-03,S01,K03,weekly_mean56,12.1250000000,6.7500000000,17.0500000000,0.9000000000
2026-10-03,S01,K04,weekly_mean56,13.2500000000,7.7250000000,17.9250000000,0.9000000000
2026-10-03,S01,K05,weekly_mean56,15.7500000000,11.4000000000,22.6250000000,0.9000000000
2026-10-03,S01,K06,weekly_mean56,14.5000000000,8.9000000000,20.7750000000,0.9000000000
2026-10-03,S01,K07,weekly_mean56,15.6250000000,9.8500000000,21.1750000000,0.9000000000
2026-10-03,S01,K08,weekly_mean56,16.5000000000,12.1500000000,20.7250000000,0.9000000000
2026-10-03,S02,K01,weekly_mean56,12.3750000000,7.9000000000,17.5500000000,0.9000000000
2026-10-03,S02,K02,weekly_mean56,9.8750000000,5.3250000000,13.6000000000,0.9000000000
2026-10-03,S02,K03,weekly_mean56,12.6250000000,7.4500000000,18.1000000000,0.9000000000
2026-10-03,S02,K04,weekly_mean56,13.2500000000,7.5000000000,17.7500000000,0.9000000000
2026-10-03,S02,K05,weekly_mean56,15.2500000000,10.5750000000,20.2500000000,0.9000000000
2026-10-03,S02,K06,weekly_mean56,16.6250000000,11.7000000000,20.9250000000,0.9000000000
2026-10-03,S02,K07,weekly_mean56,17.3750000000,11.5250000000,24.2750000000,0.9000000000
2026-10-03,S02,K08,weekly_mean56,16.0000000000,10.9500000000,20.5500000000,0.9000000000
2026-10-03,S03,K01,weekly_mean56,10.2500000000,5.3250000000,14.5750000000,0.9000000000
2026-10-03,S03,K02,weekly_mean56,11.6250000000,5.5750000000,16.9250000000,0.9000000000
2026-10-03,S03,K03,weekly_mean56,13.2500000000,8.8750000000,18.4000000000,0.9000000000
2026-10-03,S03,K04,weekly_mean56,13.3750000000,7.5750000000,19.5000000000,0.9000000000
2026-10-03,S03,K05,weekly_mean56,16.3750000000,12.5000000000,21.5000000000,0.9000000000
2026-10-03,S03,K06,weekly_mean56,16.8750000000,12.5500000000,22.2000000000,0.9000000000
2026-10-03,S03,K07,weekly_mean56,17.3750000000,12.8250000000,21.4250000000,0.9000000000
2026-10-03,S03,K08,weekly_mean56,18.3750000000,13.5250000000,23.8750000000,0.9000000000
2026-10-03,S04,K01,weekly_mean56,11.5000000000,7.0750000000,16.4250000000,0.9000000000
2026-10-03,S04,K02,weekly_mean56,12.2500000000,7.6000000000,16.9250000000,0.9000000000
2026-10-03,S04,K03,weekly_mean56,13.0000000000,8.9000000000,16.4250000000,0.9000000000
2026-10-03,S04,K04,weekly_mean56,13.3750000000,7.8000000000,18.7250000000,0.9000000000
2026-10-03,S04,K05,weekly_mean56,15.8750000000,10.1250000000,21.1250000000,0.9000000000
2026-10-03,S04,K06,weekly_mean56,15.7500000000,10.1500000000,20.8500000000,0.9000000000
2026-10-03,S04,K07,weekly_mean56,18.0000000000,13.2000000000,24.8000000000,0.9000000000
2026-10-03,S04,K08,weekly_mean56,19.0000000000,12.8500000000,26.1000000000,0.9000000000
2026-10-03,S05,K01,weekly_mean56,9.6250000000,4.3750000000,13.9250000000,0.9000000000
2026-10-03,S05,K02,weekly_mean56,12.7500000000,8.2000000000,17.6250000000,0.9000000000
2026-10-03,S05,K03,weekly_mean56,14.1250000000,9.1250000000,19.2500000000,0.9000000000
2026-10-03,S05,K04,weekly_mean56,13.3750000000,7.1250000000,19.5500000000,0.9000000000
2026-10-03,S05,K05,weekly_mean56,17.1250000000,11.1250000000,22.4250000000,0.9000000000
2026-10-03,S05,K06,weekly_mean56,17.3750000000,12.8250000000,23.9500000000,0.9000000000
2026-10-03,S05,K07,weekly_mean56,19.7500000000,13.6250000000,25.8750000000,0.9000000000
2026-10-03,S05,K08,weekly_mean56,17.0000000000,11.9500000000,21.5500000000,0.9000000000
2026-10-03,S06,K01,weekly_mean56,12.0000000000,7.3250000000,17.6500000000,0.9000000000
2026-10-03,S06,K02,weekly_mean56,12.6250000000,8.0500000000,17.6000000000,0.9000000000
2026-10-03,S06,K03,weekly_mean56,14.2500000000,9.6000000000,19.4750000000,0.9000000000
2026-10-03,S06,K04,weekly_mean56,14.6250000000,9.8500000000,20.7250000000,0.9000000000
2026-10-03,S06,K05,weekly_mean56,15.8750000000,11.7000000000,21.9250000000,0.9000000000
2026-10-03,S06,K06,weekly_mean56,18.0000000000,12.7250000000,22.1000000000,0.9000000000
2026-10-03,S06,K07,weekly_mean56,18.5000000000,10.4500000000,26.2000000000,0.9000000000
2026-10-03,S06,K08,weekly_mean56,18.1250000000,12.4750000000,22.2500000000,0.9000000000
2026-10-03,S07,K01,weekly_mean56,11.6250000000,6.4500000000,16.3750000000,0.9000000000
2026-10-03,S07,K02,weekly_mean56,11.8750000000,5.8750000000,16.3250000000,0.9000000000
2026-10-03,S07,K03,weekly_mean56,14.3750000000,9.4000000000,20.2750000000,0.9000000000
2026-10-03,S07,K04,weekly_mean56,16.3750000000,11.1250000000,21.5500000000,0.9000000000
2026-10-03,S07,K05,weekly_mean56,18.0000000000,13.7250000000,22.5000000000,0.9000000000
2026-10-03,S07,K06,weekly_mean56,17.7500000000,11.5750000000,22.9500000000,0.9000000000
2026-10-03,S07,K07,weekly_mean56,18.1250000000,12.0500000000,23.6000000000,0.9000000000
2026-10-03,S07,K08,weekly_mean56,19.5000000000,13.1000000000,27.2500000000,0.9000000000
2026-10-03,S08,K01,weekly_mean56,13.6250000000,9.1500000000,19.3000000000,0.9000000000
2026-10-03,S08,K02,weekly_mean56,12.3750000000,7.1750000000,17.3250000000,0.9000000000
2026-10-03,S08,K03,weekly_mean56,15.5000000000,10.2500000000,21.6750000000,0.9000000000
2026-10-03,S08,K04,weekly_mean56,15.3750000000,10.5500000000,22.8250000000,0.9000000000
2026-10-03,S08,K05,weekly_mean56,18.3750000000,13.0000000000,22.9500000000,0.9000000000
2026-10-03,S08,K06,weekly_mean56,18.3750000000,14.0750000000,24.3000000000,0.9000000000
2026-10-03,S08,K07,weekly_mean56,19.8750000000,14.3750000000,26.0750000000,0.9000000000
2026-10-03,S08,K08,weekly_mean56,21.7500000000,16.5000000000,28.0750000000,0.9000000000
2026-10-03,S09,K01,weekly_mean56,11.5000000000,7.6000000000,16.6750000000,0.9000000000
2026-10-03,S09,K02,weekly_mean56,13.3750000000,6.3250000000,19.3250000000,0.9000000000
2026-10-03,S09,K03,weekly_mean56,15.0000000000,10.0000000000,20.3250000000,0.9000000000
2026-10-03,S09,K04,weekly_mean56,16.6250000000,11.1750000000,23.7750000000,0.9000000000
2026-10-03,S09,K05,weekly_mean56,20.2500000000,13.3750000000,25.6750000000,0.9000000000
2026-10-03,S09,K06,weekly_mean56,19.1250000000,14.2250000000,23.3000000000,0.9000000000
2026-10-03,S09,K07,weekly_mean56,22.2500000000,16.3500000000,27.9250000000,0.9000000000
2026-10-03,S09,K08,weekly_mean56,21.2500000000,13.9500000000,27.3500000000,0.9000000000
2026-10-03,S10,K01,weekly_mean56,13.8750000000,9.7250000000,19.3000000000,0.9000000000
2026-10-03,S10,K02,weekly_mean56,13.1250000000,8.0000000000,18.7250000000,0.9000000000
2026-10-03,S10,K03,weekly_mean56,17.6250000000,12.7250000000,24.7500000000,0.9000000000
2026-10-03,S10,K04,weekly_mean56,17.1250000000,10.8250000000,23.1000000000,0.9000000000
2026-10-03,S10,K05,weekly_mean56,18.6250000000,13.2750000000,25.4250000000,0.9000000000
2026-10-03,S10,K06,weekly_mean56,20.0000000000,13.7000000000,25.0000000000,0.9000000000
2026-10-03,S10,K07,weekly_mean56,24.7500000000,18.8750000000,31.8000000000,0.9000000000
2026-10-03,S10,K08,weekly_mean56,22.2500000000,17.5000000000,30.0000000000,0.9000000000
2026-10-03,S11,K01,weekly_mean56,16.2500000000,10.1500000000,24.4750000000,0.9000000000
2026-10-03,S11,K02,weekly_mean56,14.3750000000,9.0000000000,19.0750000000,0.9000000000
2026-10-03,S11,K03,weekly_mean56,16.1250000000,11.8500000000,22.2000000000,0.9000000000
2026-10-03,S11,K04,weekly_mean56,18.0000000000,11.9500000000,23.5250000000,0.9000000000
2026-10-03,S11,K05,weekly_mean56,17.7500000000,11.2500000000,23.5000000000,0.9000000000
2026-10-03,S11,K06,weekly_mean56,21.3750000000,15.5000000000,29.5250000000,0.9000000000
2026-10-03,S11,K07,weekly_mean56,24.3750000000,17.8000000000,31.6250000000,0.9000000000
2026-10-03,S11,K08,weekly_mean56,25.6250000000,18.8500000000,33.2750000000,0.9000000000
2026-10-03,S12,K01,weekly_mean56,14.2500000000,9.4500000000,19.1000000000,0.9000000000
2026-10-03,S12,K02,weekly_mean56,15.3750000000,9.8000000000,19.7500000000,0.9000000000
2026-10-03,S12,K03,weekly_mean56,18.0000000000,12.6500000000,23.3500000000,0.9000000000
2026-10-03,S12,K04,weekly_mean56,17.6250000000,12.5250000000,23.5500000000,0.9000000000
2026-10-03,S12,K05,weekly_mean56,21.0000000000,14.4500000000,26.3500000000,0.9000000000
2026-10-03,S12,K06,weekly_mean56,21.3750000000,13.4000000000,27.4000000000,0.9000000000
2026-10-03,S12,K07,weekly_mean56,22.6250000000,18.2500000000,26.8250000000,0.9000000000
2026-10-03,S12,K08,weekly_mean56,24.7500000000,20.0500000000,30.3000000000,0.9000000000
2026-10-04,S01,K01,weekly_mean56,10.2500000000,6.0250000000,15.1750000000,0.9000000000
2026-10-04,S01,K02,weekly_mean56,10.3750000000,6.0000000000,13.9000000000,0.9000000000
2026-10-04,S01,K03,weekly_mean56,11.1250000000,5.7500000000,16.0500000000,0.9000000000
2026-10-04,S01,K04,weekly_mean56,11.1250000000,5.6000000000,15.8000000000,0.9000000000
2026-10-04,S01,K05,weekly_mean56,14.1250000000,9.7750000000,21.0000000000,0.9000000000
2026-10-04,S01,K06,weekly_mean56,14.2500000000,8.6500000000,20.5250000000,0.9000000000
2026-10-04,S01,K07,weekly_mean56,15.8750000000,10.1000000000,21.4250000000,0.9000000000
2026-10-04,S01,K08,weekly_mean56,16.7500000000,12.4000000000,20.9750000000,0.9000000000
2026-10-04,S02,K01,weekly_mean56,9.6250000000,5.1500000000,14.8000000000,0.9000000000
2026-10-04,S02,K02,weekly_mean56,8.7500000000,4.2000000000,12.4750000000,0.9000000000
2026-10-04,S02,K03,weekly_mean56,12.2500000000,7.0750000000,17.7250000000,0.9000000000
2026-10-04,S02,K04,weekly_mean56,12.3750000000,6.6250000000,16.8750000000,0.9000000000
2026-10-04,S02,K05,weekly_mean56,12.7500000000,8.0750000000,17.7500000000,0.9000000000
2026-10-04,S02,K06,weekly_mean56,14.8750000000,9.9500000000,19.1750000000,0.9000000000
2026-10-04,S02,K07,weekly_mean56,17.1250000000,11.2750000000,24.0250000000,0.9000000000
2026-10-04,S02,K08,weekly_mean56,18.2500000000,13.2000000000,22.8000000000,0.9000000000
2026-10-04,S03,K01,weekly_mean56,12.1250000000,7.2000000000,16.4500000000,0.9000000000
2026-10-04,S03,K02,weekly_mean56,11.1250000000,5.0750000000,16.4250000000,0.9000000000
2026-10-04,S03,K03,weekly_mean56,10.6250000000,6.2500000000,15.7750000000,0.9000000000
2026-10-04,S03,K04,weekly_mean56,12.1250000000,6.3250000000,18.2500000000,0.9000000000
2026-10-04,S03,K05,weekly_mean56,15.2500000000,11.3750000000,20.3750000000,0.9000000000
2026-10-04,S03,K06,weekly_mean56,14.7500000000,10.4250000000,20.0750000000,0.9000000000
2026-10-04,S03,K07,weekly_mean56,16.0000000000,11.4500000000,20.0500000000,0.9000000000
2026-10-04,S03,K08,weekly_mean56,17.5000000000,12.6500000000,23.0000000000,0.9000000000
2026-10-04,S04,K01,weekly_mean56,10.6250000000,6.2000000000,15.5500000000,0.9000000000
2026-10-04,S04,K02,weekly_mean56,12.3750000000,7.7250000000,17.0500000000,0.9000000000
2026-10-04,S04,K03,weekly_mean56,12.3750000000,8.2750000000,15.8000000000,0.9000000000
2026-10-04,S04,K04,weekly_mean56,15.6250000000,10.0500000000,20.9750000000,0.9000000000
2026-10-04,S04,K05,weekly_mean56,15.0000000000,9.2500000000,20.2500000000,0.9000000000
2026-10-04,S04,K06,weekly_mean56,17.5000000000,11.9000000000,22.6000000000,0.9000000000
2026-10-04,S04,K07,weekly_mean56,17.0000000000,12.2000000000,23.8000000000,0.9000000000
2026-10-04,S04,K08,weekly_mean56,19.7500000000,13.6000000000,26.8500000000,0.9000000000
2026-10-04,S05,K01,weekly_mean56,11.8750000000,6.6250000000,16.1750000000,0.9000000000
2026-10-04,S05,K02,weekly_mean56,13.5000000000,8.9500000000,18.3750000000,0.9000000000
2026-10-04,S05,K03,weekly_mean56,14.2500000000,9.2500000000,19.3750000000,0.9000000000
2026-10-04,S05,K04,weekly_mean56,13.3750000000,7.1250000000,19.5500000000,0.9000000000
2026-10-04,S05,K05,weekly_mean56,16.0000000000,10.0000000000,21.3000000000,0.9000000000
2026-10-04,S05,K06,weekly_mean56,18.2500000000,13.7000000000,24.8250000000,0.9000000000
2026-10-04,S05,K07,weekly_mean56,19.1250000000,13.0000000000,25.2500000000,0.9000000000
2026-10-04,S05,K08,weekly_mean56,20.3750000000,15.3250000000,24.9250000000,0.9000000000
2026-10-04,S06,K01,weekly_mean56,11.7500000000,7.0750000000,17.4000000000,0.9000000000
2026-10-04,S06,K02,weekly_mean56,12.3750000000,7.8000000000,17.3500000000,0.9000000000
2026-10-04,S06,K03,weekly_mean56,14.2500000000,9.6000000000,19.4750000000,0.9000000000
2026-10-04,S06,K04,weekly_mean56,14.8750000000,10.1000000000,20.9750000000,0.9000000000
2026-10-04,S06,K05,weekly_mean56,17.7500000000,13.5750000000,23.8000000000,0.9000000000
2026-10-04,S06,K06,weekly_mean56,18.8750000000,13.6000000000,22.9750000000,0.9000000000
2026-10-04,S06,K07,weekly_mean56,19.0000000000,10.9500000000,26.7000000000,0.9000000000
2026-10-04,S06,K08,weekly_mean56,19.6250000000,13.9750000000,23.7500000000,0.9000000000
2026-10-04,S07,K01,weekly_mean56,13.2500000000,8.0750000000,18.0000000000,0.9000000000
2026-10-04,S07,K02,weekly_mean56,12.5000000000,6.5000000000,16.9500000000,0.9000000000
2026-10-04,S07,K03,weekly_mean56,13.8750000000,8.9000000000,19.7750000000,0.9000000000
2026-10-04,S07,K04,weekly_mean56,15.0000000000,9.7500000000,20.1750000000,0.9000000000
2026-10-04,S07,K05,weekly_mean56,18.2500000000,13.9750000000,22.7500000000,0.9000000000
2026-10-04,S07,K06,weekly_mean56,16.6250000000,10.4500000000,21.8250000000,0.9000000000
2026-10-04,S07,K07,weekly_mean56,23.6250000000,17.5500000000,29.1000000000,0.9000000000
2026-10-04,S07,K08,weekly_mean56,21.8750000000,15.4750000000,29.6250000000,0.9000000000
2026-10-04,S08,K01,weekly_mean56,13.5000000000,9.0250000000,19.1750000000,0.9000000000
2026-10-04,S08,K02,weekly_mean56,11.8750000000,6.6750000000,16.8250000000,0.9000000000
2026-10-04,S08,K03,weekly_mean56,17.6250000000,12.3750000000,23.8000000000,0.9000000000
2026-10-04,S08,K04,weekly_mean56,17.0000000000,12.1750000000,24.4500000000,0.9000000000
2026-10-04,S08,K05,weekly_mean56,19.7500000000,14.3750000000,24.3250000000,0.9000000000
2026-10-04,S08,K06,weekly_mean56,18.7500000000,14.4500000000,24.6750000000,0.9000000000
2026-10-04,S08,K07,weekly_mean56,20.0000000000,14.5000000000,26.2000000000,0.9000000000
2026-10-04,S08,K08,weekly_mean56,23.1250000000,17.8750000000,29.4500000000,0.9000000000
2026-10-04,S09,K01,weekly_mean56,13.3750000000,9.4750000000,18.5500000000,0.9000000000
2026-10-04,S09,K02,weekly_mean56,13.6250000000,6.5750000000,19.5750000000,0.9000000000
2026-10-04,S09,K03,weekly_mean56,15.5000000000,10.5000000000,20.8250000000,0.9000000000
2026-10-04,S09,K04,weekly_mean56,17.8750000000,12.4250000000,25.0250000000,0.9000000000
2026-10-04,S09,K05,weekly_mean56,17.7500000000,10.8750000000,23.1750000000,0.9000000000
2026-10-04,S09,K06,weekly_mean56,19.3750000000,14.4750000000,23.5500000000,0.9000000000
2026-10-04,S09,K07,weekly_mean56,21.3750000000,15.4750000000,27.0500000000,0.9000000000
2026-10-04,S09,K08,weekly_mean56,21.8750000000,14.5750000000,27.9750000000,0.9000000000
2026-10-04,S10,K01,weekly_mean56,13.6250000000,9.4750000000,19.0500000000,0.9000000000
2026-10-04,S10,K02,weekly_mean56,14.8750000000,9.7500000000,20.4750000000,0.9000000000
2026-10-04,S10,K03,weekly_mean56,14.7500000000,9.8500000000,21.8750000000,0.9000000000
2026-10-04,S10,K04,weekly_mean56,16.6250000000,10.3250000000,22.6000000000,0.9000000000
2026-10-04,S10,K05,weekly_mean56,19.5000000000,14.1500000000,26.3000000000,0.9000000000
2026-10-04,S10,K06,weekly_mean56,18.8750000000,12.5750000000,23.8750000000,0.9000000000
2026-10-04,S10,K07,weekly_mean56,20.8750000000,15.0000000000,27.9250000000,0.9000000000
2026-10-04,S10,K08,weekly_mean56,24.1250000000,19.3750000000,31.8750000000,0.9000000000
2026-10-04,S11,K01,weekly_mean56,14.3750000000,8.2750000000,22.6000000000,0.9000000000
2026-10-04,S11,K02,weekly_mean56,14.2500000000,8.8750000000,18.9500000000,0.9000000000
2026-10-04,S11,K03,weekly_mean56,16.5000000000,12.2250000000,22.5750000000,0.9000000000
2026-10-04,S11,K04,weekly_mean56,17.3750000000,11.3250000000,22.9000000000,0.9000000000
2026-10-04,S11,K05,weekly_mean56,18.0000000000,11.5000000000,23.7500000000,0.9000000000
2026-10-04,S11,K06,weekly_mean56,22.3750000000,16.5000000000,30.5250000000,0.9000000000
2026-10-04,S11,K07,weekly_mean56,22.5000000000,15.9250000000,29.7500000000,0.9000000000
2026-10-04,S11,K08,weekly_mean56,24.6250000000,17.8500000000,32.2750000000,0.9000000000
2026-10-04,S12,K01,weekly_mean56,14.2500000000,9.4500000000,19.1000000000,0.9000000000
2026-10-04,S12,K02,weekly_mean56,15.1250000000,9.5500000000,19.5000000000,0.9000000000
2026-10-04,S12,K03,weekly_mean56,15.6250000000,10.2750000000,20.9750000000,0.9000000000
2026-10-04,S12,K04,weekly_mean56,17.3750000000,12.2750000000,23.3000000000,0.9000000000
2026-10-04,S12,K05,weekly_mean56,19.6250000000,13.0750000000,24.9750000000,0.9000000000
2026-10-04,S12,K06,weekly_mean56,20.1250000000,12.1500000000,26.1500000000,0.9000000000
2026-10-04,S12,K07,weekly_mean56,23.3750000000,19.0000000000,27.5750000000,0.9000000000
2026-10-04,S12,K08,weekly_mean56,24.8750000000,20.1750000000,30.4250000000,0.9000000000
2026-10-05,S01,K01,weekly_mean56,7.5000000000,3.2750000000,12.4250000000,0.9000000000
2026-10-05,S01,K02,weekly_mean56,7.8750000000,3.5000000000,11.4000000000,0.9000000000
2026-10-05,S01,K03,weekly_mean56,8.2500000000,2.8750000000,13.1750000000,0.9000000000
2026-10-05,S01,K04,weekly_mean56,9.6250000000,4.1000000000,14.3000000000,0.9000000000
2026-10-05,S01,K05,weekly_mean56,10.7500000000,6.4000000000,17.6250000000,0.9000000000
2026-10-05,S01,K06,weekly_mean56,12.0000000000,6.4000000000,18.2750000000,0.9000000000
2026-10-05,S01,K07,weekly_mean56,12.8750000000,7.1000000000,18.4250000000,0.9000000000
2026-10-05,S01,K08,weekly_mean56,13.1250000000,8.7750000000,17.3500000000,0.9000000000
2026-10-05,S02,K01,weekly_mean56,7.6250000000,3.1500000000,12.8000000000,0.9000000000
2026-10-05,S02,K02,weekly_mean56,6.5000000000,1.9500000000,10.2250000000,0.9000000000
2026-10-05,S02,K03,weekly_mean56,9.6250000000,4.4500000000,15.1000000000,0.9000000000
2026-10-05,S02,K04,weekly_mean56,8.8750000000,3.1250000000,13.3750000000,0.9000000000
2026-10-05,S02,K05,weekly_mean56,11.5000000000,6.8250000000,16.5000000000,0.9000000000
2026-10-05,S02,K06,weekly_mean56,11.2500000000,6.3250000000,15.5500000000,0.9000000000
2026-10-05,S02,K07,weekly_mean56,11.2500000000,5.4000000000,18.1500000000,0.9000000000
2026-10-05,S02,K08,weekly_mean56,13.3750000000,8.3250000000,17.9250000000,0.9000000000
2026-10-05,S03,K01,weekly_mean56,8.1250000000,3.2000000000,12.4500000000,0.9000000000
2026-10-05,S03,K02,weekly_mean56,8.2500000000,2.2000000000,13.5500000000,0.9000000000
2026-10-05,S03,K03,weekly_mean56,9.1250000000,4.7500000000,14.2750000000,0.9000000000
2026-10-05,S03,K04,weekly_mean56,9.8750000000,4.0750000000,16.0000000000,0.9000000000
2026-10-05,S03,K05,weekly_mean56,13.0000000000,9.1250000000,18.1250000000,0.9000000000
2026-10-05,S03,K06,weekly_mean56,11.1250000000,6.8000000000,16.4500000000,0.9000000000
2026-10-05,S03,K07,weekly_mean56,13.0000000000,8.4500000000,17.0500000000,0.9000000000
2026-10-05,S03,K08,weekly_mean56,12.8750000000,8.0250000000,18.3750000000,0.9000000000
2026-10-05,S04,K01,weekly_mean56,8.2500000000,3.8250000000,13.1750000000,0.9000000000
2026-10-05,S04,K02,weekly_mean56,9.2500000000,4.6000000000,13.9250000000,0.9000000000
2026-10-05,S04,K03,weekly_mean56,9.7500000000,5.6500000000,13.1750000000,0.9000000000
2026-10-05,S04,K04,weekly_mean56,8.8750000000,3.3000000000,14.2250000000,0.9000000000
2026-10-05,S04,K05,weekly_mean56,13.0000000000,7.2500000000,18.2500000000,0.9000000000
2026-10-05,S04,K06,weekly_mean56,14.2500000000,8.6500000000,19.3500000000,0.9000000000
2026-10-05,S04,K07,weekly_mean56,15.5000000000,10.7000000000,22.3000000000,0.9000000000
2026-10-05,S04,K08,weekly_mean56,13.6250000000,7.4750000000,20.7250000000,0.9000000000
2026-10-05,S05,K01,weekly_mean56,7.7500000000,2.5000000000,12.0500000000,0.9000000000
2026-10-05,S05,K02,weekly_mean56,7.8750000000,3.3250000000,12.7500000000,0.9000000000
2026-10-05,S05,K03,weekly_mean56,10.6250000000,5.6250000000,15.7500000000,0.9000000000
2026-10-05,S05,K04,weekly_mean56,11.7500000000,5.5000000000,17.9250000000,0.9000000000
2026-10-05,S05,K05,weekly_mean56,11.7500000000,5.7500000000,17.0500000000,0.9000000000
2026-10-05,S05,K06,weekly_mean56,13.3750000000,8.8250000000,19.9500000000,0.9000000000
2026-10-05,S05,K07,weekly_mean56,14.8750000000,8.7500000000,21.0000000000,0.9000000000
2026-10-05,S05,K08,weekly_mean56,14.2500000000,9.2000000000,18.8000000000,0.9000000000
2026-10-05,S06,K01,weekly_mean56,8.3750000000,3.7000000000,14.0250000000,0.9000000000
2026-10-05,S06,K02,weekly_mean56,9.1250000000,4.5500000000,14.1000000000,0.9000000000
2026-10-05,S06,K03,weekly_mean56,10.0000000000,5.3500000000,15.2250000000,0.9000000000
2026-10-05,S06,K04,weekly_mean56,11.6250000000,6.8500000000,17.7250000000,0.9000000000
2026-10-05,S06,K05,weekly_mean56,14.2500000000,10.0750000000,20.3000000000,0.9000000000
2026-10-05,S06,K06,weekly_mean56,13.1250000000,7.8500000000,17.2250000000,0.9000000000
2026-10-05,S06,K07,weekly_mean56,15.6250000000,7.5750000000,23.3250000000,0.9000000000
2026-10-05,S06,K08,weekly_mean56,15.5000000000,9.8500000000,19.6250000000,0.9000000000
2026-10-05,S07,K01,weekly_mean56,7.6250000000,2.4500000000,12.3750000000,0.9000000000
2026-10-05,S07,K02,weekly_mean56,8.8750000000,2.8750000000,13.3250000000,0.9000000000
2026-10-05,S07,K03,weekly_mean56,10.0000000000,5.0250000000,15.9000000000,0.9000000000
2026-10-05,S07,K04,weekly_mean56,11.5000000000,6.2500000000,16.6750000000,0.9000000000
2026-10-05,S07,K05,weekly_mean56,13.6250000000,9.3500000000,18.1250000000,0.9000000000
2026-10-05,S07,K06,weekly_mean56,14.6250000000,8.4500000000,19.8250000000,0.9000000000
2026-10-05,S07,K07,weekly_mean56,14.3750000000,8.3000000000,19.8500000000,0.9000000000
2026-10-05,S07,K08,weekly_mean56,16.0000000000,9.6000000000,23.7500000000,0.9000000000
2026-10-05,S08,K01,weekly_mean56,9.2500000000,4.7750000000,14.9250000000,0.9000000000
2026-10-05,S08,K02,weekly_mean56,10.0000000000,4.8000000000,14.9500000000,0.9000000000
2026-10-05,S08,K03,weekly_mean56,10.6250000000,5.3750000000,16.8000000000,0.9000000000
2026-10-05,S08,K04,weekly_mean56,12.2500000000,7.4250000000,19.7000000000,0.9000000000
2026-10-05,S08,K05,weekly_mean56,13.6250000000,8.2500000000,18.2000000000,0.9000000000
2026-10-05,S08,K06,weekly_mean56,15.5000000000,11.2000000000,21.4250000000,0.9000000000
2026-10-05,S08,K07,weekly_mean56,16.3750000000,10.8750000000,22.5750000000,0.9000000000
2026-10-05,S08,K08,weekly_mean56,19.0000000000,13.7500000000,25.3250000000,0.9000000000
2026-10-05,S09,K01,weekly_mean56,10.6250000000,6.7250000000,15.8000000000,0.9000000000
2026-10-05,S09,K02,weekly_mean56,10.2500000000,3.2000000000,16.2000000000,0.9000000000
2026-10-05,S09,K03,weekly_mean56,11.0000000000,6.0000000000,16.3250000000,0.9000000000
2026-10-05,S09,K04,weekly_mean56,12.2500000000,6.8000000000,19.4000000000,0.9000000000
2026-10-05,S09,K05,weekly_mean56,14.3750000000,7.5000000000,19.8000000000,0.9000000000
2026-10-05,S09,K06,weekly_mean56,14.5000000000,9.6000000000,18.6750000000,0.9000000000
2026-10-05,S09,K07,weekly_mean56,18.1250000000,12.2250000000,23.8000000000,0.9000000000
2026-10-05,S09,K08,weekly_mean56,16.7500000000,9.4500000000,22.8500000000,0.9000000000
2026-10-05,S10,K01,weekly_mean56,10.7500000000,6.6000000000,16.1750000000,0.9000000000
2026-10-05,S10,K02,weekly_mean56,9.6250000000,4.5000000000,15.2250000000,0.9000000000
2026-10-05,S10,K03,weekly_mean56,11.8750000000,6.9750000000,19.0000000000,0.9000000000
2026-10-05,S10,K04,weekly_mean56,13.7500000000,7.4500000000,19.7250000000,0.9000000000
2026-10-05,S10,K05,weekly_mean56,15.5000000000,10.1500000000,22.3000000000,0.9000000000
2026-10-05,S10,K06,weekly_mean56,15.7500000000,9.4500000000,20.7500000000,0.9000000000
2026-10-05,S10,K07,weekly_mean56,20.2500000000,14.3750000000,27.3000000000,0.9000000000
2026-10-05,S10,K08,weekly_mean56,18.0000000000,13.2500000000,25.7500000000,0.9000000000
2026-10-05,S11,K01,weekly_mean56,11.1250000000,5.0250000000,19.3500000000,0.9000000000
2026-10-05,S11,K02,weekly_mean56,11.6250000000,6.2500000000,16.3250000000,0.9000000000
2026-10-05,S11,K03,weekly_mean56,13.1250000000,8.8500000000,19.2000000000,0.9000000000
2026-10-05,S11,K04,weekly_mean56,13.7500000000,7.7000000000,19.2750000000,0.9000000000
2026-10-05,S11,K05,weekly_mean56,17.6250000000,11.1250000000,23.3750000000,0.9000000000
2026-10-05,S11,K06,weekly_mean56,14.6250000000,8.7500000000,22.7750000000,0.9000000000
2026-10-05,S11,K07,weekly_mean56,17.0000000000,10.4250000000,24.2500000000,0.9000000000
2026-10-05,S11,K08,weekly_mean56,20.3750000000,13.6000000000,28.0250000000,0.9000000000
2026-10-05,S12,K01,weekly_mean56,11.1250000000,6.3250000000,15.9750000000,0.9000000000
2026-10-05,S12,K02,weekly_mean56,11.6250000000,6.0500000000,16.0000000000,0.9000000000
2026-10-05,S12,K03,weekly_mean56,13.8750000000,8.5250000000,19.2250000000,0.9000000000
2026-10-05,S12,K04,weekly_mean56,12.5000000000,7.4000000000,18.4250000000,0.9000000000
2026-10-05,S12,K05,weekly_mean56,14.3750000000,7.8250000000,19.7250000000,0.9000000000
2026-10-05,S12,K06,weekly_mean56,15.5000000000,7.5250000000,21.5250000000,0.9000000000
2026-10-05,S12,K07,weekly_mean56,19.8750000000,15.5000000000,24.0750000000,0.9000000000
2026-10-05,S12,K08,weekly_mean56,18.8750000000,14.1750000000,24.4250000000,0.9000000000
2026-10-06,S01,K01,weekly_mean56,7.5000000000,3.2750000000,12.4250000000,0.9000000000
2026-10-06,S01,K02,weekly_mean56,6.6250000000,2.2500000000,10.1500000000,0.9000000000
2026-10-06,S01,K03,weekly_mean56,9.7500000000,4.3750000000,14.6750000000,0.9000000000
2026-10-06,S01,K04,weekly_mean56,10.5000000000,4.9750000000,15.1750000000,0.9000000000
2026-10-06,S01,K05,weekly_mean56,10.0000000000,5.6500000000,16.8750000000,0.9000000000
2026-10-06,S01,K06,weekly_mean56,11.1250000000,5.5250000000,17.4000000000,0.9000000000
2026-10-06,S01,K07,weekly_mean56,14.3750000000,8.6000000000,19.9250000000,0.9000000000
2026-10-06,S01,K08,weekly_mean56,11.7500000000,7.4000000000,15.9750000000,0.9000000000
2026-10-06,S02,K01,weekly_mean56,8.8750000000,4.4000000000,14.0500000000,0.9000000000
2026-10-06,S02,K02,weekly_mean56,7.3750000000,2.8250000000,11.1000000000,0.9000000000
2026-10-06,S02,K03,weekly_mean56,9.1250000000,3.9500000000,14.6000000000,0.9000000000
2026-10-06,S02,K04,weekly_mean56,9.5000000000,3.7500000000,14.0000000000,0.9000000000
2026-10-06,S02,K05,weekly_mean56,12.5000000000,7.8250000000,17.5000000000,0.9000000000
2026-10-06,S02,K06,weekly_mean56,9.8750000000,4.9500000000,14.1750000000,0.9000000000
2026-10-06,S02,K07,weekly_mean56,12.5000000000,6.6500000000,19.4000000000,0.9000000000
2026-10-06,S02,K08,weekly_mean56,13.8750000000,8.8250000000,18.4250000000,0.9000000000
2026-10-06,S03,K01,weekly_mean56,8.1250000000,3.2000000000,12.4500000000,0.9000000000
2026-10-06,S03,K02,weekly_mean56,8.1250000000,2.0750000000,13.4250000000,0.9000000000
2026-10-06,S03,K03,weekly_mean56,9.7500000000,5.3750000000,14.9000000000,0.9000000000
2026-10-06,S03,K04,weekly_mean56,10.7500000000,4.9500000000,16.8750000000,0.9000000000
2026-10-06,S03,K05,weekly_mean56,11.2500000000,7.3750000000,16.3750000000,0.9000000000
2026-10-06,S03,K06,weekly_mean56,13.8750000000,9.5500000000,19.2000000000,0.9000000000
2026-10-06,S03,K07,weekly_mean56,12.7500000000,8.2000000000,16.8000000000,0.9000000000
2026-10-06,S03,K08,weekly_mean56,12.8750000000,8.0250000000,18.3750000000,0.9000000000
2026-10-06,S04,K01,weekly_mean56,7.2500000000,2.8250000000,12.1750000000,0.9000000000
2026-10-06,S04,K02,weekly_mean56,8.2500000000,3.6000000000,12.9250000000,0.9000000000
2026-10-06,S04,K03,weekly_mean56,11.2500000000,7.1500000000,14.6750000000,0.9000000000
2026-10-06,S04,K04,weekly_mean56,10.0000000000,4.4250000000,15.3500000000,0.9000000000
2026-10-06,S04,K05,weekly_mean56,11.6250000000,5.8750000000,16.8750000000,0.9000000000
2026-10-06,S04,K06,weekly_mean56,13.1250000000,7.5250000000,18.2250000000,0.9000000000
2026-10-06,S04,K07,weekly_mean56,15.6250000000,10.8250000000,22.4250000000,0.9000000000
2026-10-06,S04,K08,weekly_mean56,15.6250000000,9.4750000000,22.7250000000,0.9000000000
2026-10-06,S05,K01,weekly_mean56,9.8750000000,4.6250000000,14.1750000000,0.9000000000
2026-10-06,S05,K02,weekly_mean56,10.3750000000,5.8250000000,15.2500000000,0.9000000000
2026-10-06,S05,K03,weekly_mean56,10.6250000000,5.6250000000,15.7500000000,0.9000000000
2026-10-06,S05,K04,weekly_mean56,11.0000000000,4.7500000000,17.1750000000,0.9000000000
2026-10-06,S05,K05,weekly_mean56,13.3750000000,7.3750000000,18.6750000000,0.9000000000
2026-10-06,S05,K06,weekly_mean56,14.7500000000,10.2000000000,21.3250000000,0.9000000000
2026-10-06,S05,K07,weekly_mean56,16.8750000000,10.7500000000,23.0000000000,0.9000000000
2026-10-06,S05,K08,weekly_mean56,15.8750000000,10.8250000000,20.4250000000,0.9000000000
2026-10-06,S06,K01,weekly_mean56,9.5000000000,4.8250000000,15.1500000000,0.9000000000
2026-10-06,S06,K02,weekly_mean56,9.6250000000,5.0500000000,14.6000000000,0.9000000000
2026-10-06,S06,K03,weekly_mean56,11.5000000000,6.8500000000,16.7250000000,0.9000000000
2026-10-06,S06,K04,weekly_mean56,11.8750000000,7.1000000000,17.9750000000,0.9000000000
2026-10-06,S06,K05,weekly_mean56,14.3750000000,10.2000000000,20.4250000000,0.9000000000
2026-10-06,S06,K06,weekly_mean56,13.1250000000,7.8500000000,17.2250000000,0.9000000000
2026-10-06,S06,K07,weekly_mean56,16.3750000000,8.3250000000,24.0750000000,0.9000000000
2026-10-06,S06,K08,weekly_mean56,15.6250000000,9.9750000000,19.7500000000,0.9000000000
2026-10-06,S07,K01,weekly_mean56,9.7500000000,4.5750000000,14.5000000000,0.9000000000
2026-10-06,S07,K02,weekly_mean56,10.2500000000,4.2500000000,14.7000000000,0.9000000000
2026-10-06,S07,K03,weekly_mean56,12.5000000000,7.5250000000,18.4000000000,0.9000000000
2026-10-06,S07,K04,weekly_mean56,13.1250000000,7.8750000000,18.3000000000,0.9000000000
2026-10-06,S07,K05,weekly_mean56,14.2500000000,9.9750000000,18.7500000000,0.9000000000
2026-10-06,S07,K06,weekly_mean56,14.2500000000,8.0750000000,19.4500000000,0.9000000000
2026-10-06,S07,K07,weekly_mean56,17.7500000000,11.6750000000,23.2250000000,0.9000000000
2026-10-06,S07,K08,weekly_mean56,17.7500000000,11.3500000000,25.5000000000,0.9000000000
2026-10-06,S08,K01,weekly_mean56,10.3750000000,5.9000000000,16.0500000000,0.9000000000
2026-10-06,S08,K02,weekly_mean56,9.7500000000,4.5500000000,14.7000000000,0.9000000000
2026-10-06,S08,K03,weekly_mean56,13.1250000000,7.8750000000,19.3000000000,0.9000000000
2026-10-06,S08,K04,weekly_mean56,14.0000000000,9.1750000000,21.4500000000,0.9000000000
2026-10-06,S08,K05,weekly_mean56,13.3750000000,8.0000000000,17.9500000000,0.9000000000
2026-10-06,S08,K06,weekly_mean56,15.5000000000,11.2000000000,21.4250000000,0.9000000000
2026-10-06,S08,K07,weekly_mean56,16.8750000000,11.3750000000,23.0750000000,0.9000000000
2026-10-06,S08,K08,weekly_mean56,18.3750000000,13.1250000000,24.7000000000,0.9000000000
2026-10-06,S09,K01,weekly_mean56,11.2500000000,7.3500000000,16.4250000000,0.9000000000
2026-10-06,S09,K02,weekly_mean56,10.5000000000,3.4500000000,16.4500000000,0.9000000000
2026-10-06,S09,K03,weekly_mean56,14.1250000000,9.1250000000,19.4500000000,0.9000000000
2026-10-06,S09,K04,weekly_mean56,13.8750000000,8.4250000000,21.0250000000,0.9000000000
2026-10-06,S09,K05,weekly_mean56,15.3750000000,8.5000000000,20.8000000000,0.9000000000
2026-10-06,S09,K06,weekly_mean56,12.5000000000,7.6000000000,16.6750000000,0.9000000000
2026-10-06,S09,K07,weekly_mean56,15.3750000000,9.4750000000,21.0500000000,0.9000000000
2026-10-06,S09,K08,weekly_mean56,17.6250000000,10.3250000000,23.7250000000,0.9000000000
2026-10-06,S10,K01,weekly_mean56,10.5000000000,6.3500000000,15.9250000000,0.9000000000
2026-10-06,S10,K02,weekly_mean56,10.7500000000,5.6250000000,16.3500000000,0.9000000000
2026-10-06,S10,K03,weekly_mean56,13.8750000000,8.9750000000,21.0000000000,0.9000000000
2026-10-06,S10,K04,weekly_mean56,13.3750000000,7.0750000000,19.3500000000,0.9000000000
2026-10-06,S10,K05,weekly_mean56,16.1250000000,10.7750000000,22.9250000000,0.9000000000
2026-10-06,S10,K06,weekly_mean56,17.2500000000,10.9500000000,22.2500000000,0.9000000000
2026-10-06,S10,K07,weekly_mean56,18.5000000000,12.6250000000,25.5500000000,0.9000000000
2026-10-06,S10,K08,weekly_mean56,19.6250000000,14.8750000000,27.3750000000,0.9000000000
2026-10-06,S11,K01,weekly_mean56,9.1250000000,3.0250000000,17.3500000000,0.9000000000
2026-10-06,S11,K02,weekly_mean56,12.8750000000,7.5000000000,17.5750000000,0.9000000000
2026-10-06,S11,K03,weekly_mean56,14.2500000000,9.9750000000,20.3250000000,0.9000000000
2026-10-06,S11,K04,weekly_mean56,14.2500000000,8.2000000000,19.7750000000,0.9000000000
2026-10-06,S11,K05,weekly_mean56,16.1250000000,9.6250000000,21.8750000000,0.9000000000
2026-10-06,S11,K06,weekly_mean56,17.5000000000,11.6250000000,25.6500000000,0.9000000000
2026-10-06,S11,K07,weekly_mean56,17.7500000000,11.1750000000,25.0000000000,0.9000000000
2026-10-06,S11,K08,weekly_mean56,21.8750000000,15.1000000000,29.5250000000,0.9000000000
2026-10-06,S12,K01,weekly_mean56,12.2500000000,7.4500000000,17.1000000000,0.9000000000
2026-10-06,S12,K02,weekly_mean56,12.6250000000,7.0500000000,17.0000000000,0.9000000000
2026-10-06,S12,K03,weekly_mean56,15.0000000000,9.6500000000,20.3500000000,0.9000000000
2026-10-06,S12,K04,weekly_mean56,14.0000000000,8.9000000000,19.9250000000,0.9000000000
2026-10-06,S12,K05,weekly_mean56,15.2500000000,8.7000000000,20.6000000000,0.9000000000
2026-10-06,S12,K06,weekly_mean56,18.7500000000,10.7750000000,24.7750000000,0.9000000000
2026-10-06,S12,K07,weekly_mean56,18.8750000000,14.5000000000,23.0750000000,0.9000000000
2026-10-06,S12,K08,weekly_mean56,21.5000000000,16.8000000000,27.0500000000,0.9000000000
2026-10-07,S01,K01,weekly_mean56,8.0000000000,3.7750000000,12.9250000000,0.9000000000
2026-10-07,S01,K02,weekly_mean56,7.5000000000,3.1250000000,11.0250000000,0.9000000000
2026-10-07,S01,K03,weekly_mean56,8.3750000000,3.0000000000,13.3000000000,0.9000000000
2026-10-07,S01,K04,weekly_mean56,9.3750000000,3.8500000000,14.0500000000,0.9000000000
2026-10-07,S01,K05,weekly_mean56,11.8750000000,7.5250000000,18.7500000000,0.9000000000
2026-10-07,S01,K06,weekly_mean56,11.0000000000,5.4000000000,17.2750000000,0.9000000000
2026-10-07,S01,K07,weekly_mean56,13.3750000000,7.6000000000,18.9250000000,0.9000000000
2026-10-07,S01,K08,weekly_mean56,13.5000000000,9.1500000000,17.7250000000,0.9000000000
2026-10-07,S02,K01,weekly_mean56,8.1250000000,3.6500000000,13.3000000000,0.9000000000
2026-10-07,S02,K02,weekly_mean56,7.3750000000,2.8250000000,11.1000000000,0.9000000000
2026-10-07,S02,K03,weekly_mean56,9.0000000000,3.8250000000,14.4750000000,0.9000000000
2026-10-07,S02,K04,weekly_mean56,8.5000000000,2.7500000000,13.0000000000,0.9000000000
2026-10-07,S02,K05,weekly_mean56,10.5000000000,5.8250000000,15.5000000000,0.9000000000
2026-10-07,S02,K06,weekly_mean56,11.7500000000,6.8250000000,16.0500000000,0.9000000000
2026-10-07,S02,K07,weekly_mean56,14.0000000000,8.1500000000,20.9000000000,0.9000000000
2026-10-07,S02,K08,weekly_mean56,13.2500000000,8.2000000000,17.8000000000,0.9000000000
2026-10-07,S03,K01,weekly_mean56,6.3750000000,1.4500000000,10.7000000000,0.9000000000
2026-10-07,S03,K02,weekly_mean56,9.2500000000,3.2000000000,14.5500000000,0.9000000000
2026-10-07,S03,K03,weekly_mean56,10.1250000000,5.7500000000,15.2750000000,0.9000000000
2026-10-07,S03,K04,weekly_mean56,8.5000000000,2.7000000000,14.6250000000,0.9000000000
2026-10-07,S03,K05,weekly_mean56,11.5000000000,7.6250000000,16.6250000000,0.9000000000
2026-10-07,S03,K06,weekly_mean56,12.2500000000,7.9250000000,17.5750000000,0.9000000000
2026-10-07,S03,K07,weekly_mean56,12.8750000000,8.3250000000,16.9250000000,0.9000000000
2026-10-07,S03,K08,weekly_mean56,12.5000000000,7.6500000000,18.0000000000,0.9000000000
2026-10-07,S04,K01,weekly_mean56,9.3750000000,4.9500000000,14.3000000000,0.9000000000
2026-10-07,S04,K02,weekly_mean56,9.0000000000,4.3500000000,13.6750000000,0.9000000000
2026-10-07,S04,K03,weekly_mean56,10.7500000000,6.6500000000,14.1750000000,0.9000000000
2026-10-07,S04,K04,weekly_mean56,12.0000000000,6.4250000000,17.3500000000,0.9000000000
2026-10-07,S04,K05,weekly_mean56,13.2500000000,7.5000000000,18.5000000000,0.9000000000
2026-10-07,S04,K06,weekly_mean56,13.8750000000,8.2750000000,18.9750000000,0.9000000000
2026-10-07,S04,K07,weekly_mean56,14.2500000000,9.4500000000,21.0500000000,0.9000000000
2026-10-07,S04,K08,weekly_mean56,15.0000000000,8.8500000000,22.1000000000,0.9000000000
2026-10-07,S05,K01,weekly_mean56,9.7500000000,4.5000000000,14.0500000000,0.9000000000
2026-10-07,S05,K02,weekly_mean56,9.1250000000,4.5750000000,14.0000000000,0.9000000000
2026-10-07,S05,K03,weekly_mean56,11.1250000000,6.1250000000,16.2500000000,0.9000000000
2026-10-07,S05,K04,weekly_mean56,10.6250000000,4.3750000000,16.8000000000,0.9000000000
2026-10-07,S05,K05,weekly_mean56,12.5000000000,6.5000000000,17.8000000000,0.9000000000
2026-10-07,S05,K06,weekly_mean56,13.2500000000,8.7000000000,19.8250000000,0.9000000000
2026-10-07,S05,K07,weekly_mean56,15.0000000000,8.8750000000,21.1250000000,0.9000000000
2026-10-07,S05,K08,weekly_mean56,15.8750000000,10.8250000000,20.4250000000,0.9000000000
2026-10-07,S06,K01,weekly_mean56,9.6250000000,4.9500000000,15.2750000000,0.9000000000
2026-10-07,S06,K02,weekly_mean56,9.6250000000,5.0500000000,14.6000000000,0.9000000000
2026-10-07,S06,K03,weekly_mean56,11.8750000000,7.2250000000,17.1000000000,0.9000000000
2026-10-07,S06,K04,weekly_mean56,10.6250000000,5.8500000000,16.7250000000,0.9000000000
2026-10-07,S06,K05,weekly_mean56,16.2500000000,12.0750000000,22.3000000000,0.9000000000
2026-10-07,S06,K06,weekly_mean56,13.5000000000,8.2250000000,17.6000000000,0.9000000000
2026-10-07,S06,K07,weekly_mean56,15.0000000000,6.9500000000,22.7000000000,0.9000000000
2026-10-07,S06,K08,weekly_mean56,16.7500000000,11.1000000000,20.8750000000,0.9000000000
2026-10-07,S07,K01,weekly_mean56,8.8750000000,3.7000000000,13.6250000000,0.9000000000
2026-10-07,S07,K02,weekly_mean56,9.2500000000,3.2500000000,13.7000000000,0.9000000000
2026-10-07,S07,K03,weekly_mean56,11.2500000000,6.2750000000,17.1500000000,0.9000000000
2026-10-07,S07,K04,weekly_mean56,11.6250000000,6.3750000000,16.8000000000,0.9000000000
2026-10-07,S07,K05,weekly_mean56,14.2500000000,9.9750000000,18.7500000000,0.9000000000
2026-10-07,S07,K06,weekly_mean56,15.5000000000,9.3250000000,20.7000000000,0.9000000000
2026-10-07,S07,K07,weekly_mean56,16.7500000000,10.6750000000,22.2250000000,0.9000000000
2026-10-07,S07,K08,weekly_mean56,17.0000000000,10.6000000000,24.7500000000,0.9000000000
2026-10-07,S08,K01,weekly_mean56,11.0000000000,6.5250000000,16.6750000000,0.9000000000
2026-10-07,S08,K02,weekly_mean56,9.5000000000,4.3000000000,14.4500000000,0.9000000000
2026-10-07,S08,K03,weekly_mean56,12.2500000000,7.0000000000,18.4250000000,0.9000000000
2026-10-07,S08,K04,weekly_mean56,13.3750000000,8.5500000000,20.8250000000,0.9000000000
2026-10-07,S08,K05,weekly_mean56,14.3750000000,9.0000000000,18.9500000000,0.9000000000
2026-10-07,S08,K06,weekly_mean56,12.5000000000,8.2000000000,18.4250000000,0.9000000000
2026-10-07,S08,K07,weekly_mean56,18.2500000000,12.7500000000,24.4500000000,0.9000000000
2026-10-07,S08,K08,weekly_mean56,18.2500000000,13.0000000000,24.5750000000,0.9000000000
2026-10-07,S09,K01,weekly_mean56,12.3750000000,8.4750000000,17.5500000000,0.9000000000
2026-10-07,S09,K02,weekly_mean56,10.0000000000,2.9500000000,15.9500000000,0.9000000000
2026-10-07,S09,K03,weekly_mean56,11.7500000000,6.7500000000,17.0750000000,0.9000000000
2026-10-07,S09,K04,weekly_mean56,13.7500000000,8.3000000000,20.9000000000,0.9000000000
2026-10-07,S09,K05,weekly_mean56,15.1250000000,8.2500000000,20.5500000000,0.9000000000
2026-10-07,S09,K06,weekly_mean56,16.7500000000,11.8500000000,20.9250000000,0.9000000000
2026-10-07,S09,K07,weekly_mean56,15.8750000000,9.9750000000,21.5500000000,0.9000000000
2026-10-07,S09,K08,weekly_mean56,19.7500000000,12.4500000000,25.8500000000,0.9000000000
2026-10-07,S10,K01,weekly_mean56,8.6250000000,4.4750000000,14.0500000000,0.9000000000
2026-10-07,S10,K02,weekly_mean56,11.6250000000,6.5000000000,17.2250000000,0.9000000000
2026-10-07,S10,K03,weekly_mean56,13.7500000000,8.8500000000,20.8750000000,0.9000000000
2026-10-07,S10,K04,weekly_mean56,12.8750000000,6.5750000000,18.8500000000,0.9000000000
2026-10-07,S10,K05,weekly_mean56,15.8750000000,10.5250000000,22.6750000000,0.9000000000
2026-10-07,S10,K06,weekly_mean56,16.2500000000,9.9500000000,21.2500000000,0.9000000000
2026-10-07,S10,K07,weekly_mean56,18.3750000000,12.5000000000,25.4250000000,0.9000000000
2026-10-07,S10,K08,weekly_mean56,19.7500000000,15.0000000000,27.5000000000,0.9000000000
2026-10-07,S11,K01,weekly_mean56,12.0000000000,5.9000000000,20.2250000000,0.9000000000
2026-10-07,S11,K02,weekly_mean56,13.2500000000,7.8750000000,17.9500000000,0.9000000000
2026-10-07,S11,K03,weekly_mean56,13.1250000000,8.8500000000,19.2000000000,0.9000000000
2026-10-07,S11,K04,weekly_mean56,15.7500000000,9.7000000000,21.2750000000,0.9000000000
2026-10-07,S11,K05,weekly_mean56,16.7500000000,10.2500000000,22.5000000000,0.9000000000
2026-10-07,S11,K06,weekly_mean56,17.0000000000,11.1250000000,25.1500000000,0.9000000000
2026-10-07,S11,K07,weekly_mean56,19.0000000000,12.4250000000,26.2500000000,0.9000000000
2026-10-07,S11,K08,weekly_mean56,19.0000000000,12.2250000000,26.6500000000,0.9000000000
2026-10-07,S12,K01,weekly_mean56,9.2500000000,4.4500000000,14.1000000000,0.9000000000
2026-10-07,S12,K02,weekly_mean56,12.6250000000,7.0500000000,17.0000000000,0.9000000000
2026-10-07,S12,K03,weekly_mean56,13.6250000000,8.2750000000,18.9750000000,0.9000000000
2026-10-07,S12,K04,weekly_mean56,16.0000000000,10.9000000000,21.9250000000,0.9000000000
2026-10-07,S12,K05,weekly_mean56,15.7500000000,9.2000000000,21.1000000000,0.9000000000
2026-10-07,S12,K06,weekly_mean56,18.3750000000,10.4000000000,24.4000000000,0.9000000000
2026-10-07,S12,K07,weekly_mean56,18.1250000000,13.7500000000,22.3250000000,0.9000000000
2026-10-07,S12,K08,weekly_mean56,19.1250000000,14.4250000000,24.6750000000,0.9000000000
2026-10-08,S01,K01,weekly_mean56,7.7500000000,3.5250000000,12.6750000000,0.9000000000
2026-10-08,S01,K02,weekly_mean56,6.8750000000,2.5000000000,10.4000000000,0.9000000000
2026-10-08,S01,K03,weekly_mean56,7.2500000000,1.8750000000,12.1750000000,0.9000000000
2026-10-08,S01,K04,weekly_mean56,9.5000000000,3.9750000000,14.1750000000,0.9000000000
2026-10-08,S01,K05,weekly_mean56,10.5000000000,6.1500000000,17.3750000000,0.9000000000
2026-10-08,S01,K06,weekly_mean56,8.8750000000,3.2750000000,15.1500000000,0.9000000000
2026-10-08,S01,K07,weekly_mean56,10.1250000000,4.3500000000,15.6750000000,0.9000000000
2026-10-08,S01,K08,weekly_mean56,11.8750000000,7.5250000000,16.1000000000,0.9000000000
2026-10-08,S02,K01,weekly_mean56,7.0000000000,2.5250000000,12.1750000000,0.9000000000
2026-10-08,S02,K02,weekly_mean56,6.8750000000,2.3250000000,10.6000000000,0.9000000000
2026-10-08,S02,K03,weekly_mean56,8.8750000000,3.7000000000,14.3500000000,0.9000000000
2026-10-08,S02,K04,weekly_mean56,9.3750000000,3.6250000000,13.8750000000,0.9000000000
2026-10-08,S02,K05,weekly_mean56,10.8750000000,6.2000000000,15.8750000000,0.9000000000
2026-10-08,S02,K06,weekly_mean56,12.0000000000,7.0750000000,16.3000000000,0.9000000000
2026-10-08,S02,K07,weekly_mean56,10.2500000000,4.4000000000,17.1500000000,0.9000000000
2026-10-08,S02,K08,weekly_mean56,11.1250000000,6.0750000000,15.6750000000,0.9000000000
2026-10-08,S03,K01,weekly_mean56,7.2500000000,2.3250000000,11.5750000000,0.9000000000
2026-10-08,S03,K02,weekly_mean56,6.3750000000,0.3750000000,11.6750000000,0.9000000000
2026-10-08,S03,K03,weekly_mean56,8.6250000000,4.2500000000,13.7750000000,0.9000000000
2026-10-08,S03,K04,weekly_mean56,10.5000000000,4.7000000000,16.6250000000,0.9000000000
2026-10-08,S03,K05,weekly_mean56,11.2500000000,7.3750000000,16.3750000000,0.9000000000
2026-10-08,S03,K06,weekly_mean56,11.6250000000,7.3000000000,16.9500000000,0.9000000000
2026-10-08,S03,K07,weekly_mean56,12.7500000000,8.2000000000,16.8000000000,0.9000000000
2026-10-08,S03,K08,weekly_mean56,13.0000000000,8.1500000000,18.5000000000,0.9000000000
2026-10-08,S04,K01,weekly_mean56,7.3750000000,2.9500000000,12.3000000000,0.9000000000
2026-10-08,S04,K02,weekly_mean56,9.1250000000,4.4750000000,13.8000000000,0.9000000000
2026-10-08,S04,K03,weekly_mean56,9.1250000000,5.0250000000,12.5500000000,0.9000000000
2026-10-08,S04,K04,weekly_mean56,10.1250000000,4.5500000000,15.4750000000,0.9000000000
2026-10-08,S04,K05,weekly_mean56,11.3750000000,5.6250000000,16.6250000000,0.9000000000
2026-10-08,S04,K06,weekly_mean56,10.7500000000,5.1500000000,15.8500000000,0.9000000000
2026-10-08,S04,K07,weekly_mean56,13.7500000000,8.9500000000,20.5500000000,0.9000000000
2026-10-08,S04,K08,weekly_mean56,13.5000000000,7.3500000000,20.6000000000,0.9000000000
2026-10-08,S05,K01,weekly_mean56,8.8750000000,3.6250000000,13.1750000000,0.9000000000
2026-10-08,S05,K02,weekly_mean56,9.3750000000,4.8250000000,14.2500000000,0.9000000000
2026-10-08,S05,K03,weekly_mean56,9.5000000000,4.5000000000,14.6250000000,0.9000000000
2026-10-08,S05,K04,weekly_mean56,11.3750000000,5.1250000000,17.5500000000,0.9000000000
2026-10-08,S05,K05,weekly_mean56,12.8750000000,6.8750000000,18.1750000000,0.9000000000
2026-10-08,S05,K06,weekly_mean56,12.2500000000,7.7000000000,18.8250000000,0.9000000000
2026-10-08,S05,K07,weekly_mean56,13.7500000000,7.6250000000,19.8750000000,0.9000000000
2026-10-08,S05,K08,weekly_mean56,13.8750000000,8.8250000000,18.4250000000,0.9000000000
2026-10-08,S06,K01,weekly_mean56,7.5000000000,2.8250000000,13.1500000000,0.9000000000
2026-10-08,S06,K02,weekly_mean56,9.7500000000,5.1750000000,14.7250000000,0.9000000000
2026-10-08,S06,K03,weekly_mean56,10.0000000000,5.3500000000,15.2250000000,0.9000000000
2026-10-08,S06,K04,weekly_mean56,10.2500000000,5.4750000000,16.3500000000,0.9000000000
2026-10-08,S06,K05,weekly_mean56,12.8750000000,8.7000000000,18.9250000000,0.9000000000
2026-10-08,S06,K06,weekly_mean56,12.6250000000,7.3500000000,16.7250000000,0.9000000000
2026-10-08,S06,K07,weekly_mean56,14.6250000000,6.5750000000,22.3250000000,0.9000000000
2026-10-08,S06,K08,weekly_mean56,15.0000000000,9.3500000000,19.1250000000,0.9000000000
2026-10-08,S07,K01,weekly_mean56,10.0000000000,4.8250000000,14.7500000000,0.9000000000
2026-10-08,S07,K02,weekly_mean56,8.6250000000,2.6250000000,13.0750000000,0.9000000000
2026-10-08,S07,K03,weekly_mean56,10.5000000000,5.5250000000,16.4000000000,0.9000000000
2026-10-08,S07,K04,weekly_mean56,12.0000000000,6.7500000000,17.1750000000,0.9000000000
2026-10-08,S07,K05,weekly_mean56,11.6250000000,7.3500000000,16.1250000000,0.9000000000
2026-10-08,S07,K06,weekly_mean56,13.7500000000,7.5750000000,18.9500000000,0.9000000000
2026-10-08,S07,K07,weekly_mean56,14.8750000000,8.8000000000,20.3500000000,0.9000000000
2026-10-08,S07,K08,weekly_mean56,16.7500000000,10.3500000000,24.5000000000,0.9000000000
2026-10-08,S08,K01,weekly_mean56,9.2500000000,4.7750000000,14.9250000000,0.9000000000
2026-10-08,S08,K02,weekly_mean56,10.6250000000,5.4250000000,15.5750000000,0.9000000000
2026-10-08,S08,K03,weekly_mean56,11.3750000000,6.1250000000,17.5500000000,0.9000000000
2026-10-08,S08,K04,weekly_mean56,14.2500000000,9.4250000000,21.7000000000,0.9000000000
2026-10-08,S08,K05,weekly_mean56,14.3750000000,9.0000000000,18.9500000000,0.9000000000
2026-10-08,S08,K06,weekly_mean56,14.0000000000,9.7000000000,19.9250000000,0.9000000000
2026-10-08,S08,K07,weekly_mean56,18.1250000000,12.6250000000,24.3250000000,0.9000000000
2026-10-08,S08,K08,weekly_mean56,16.7500000000,11.5000000000,23.0750000000,0.9000000000
2026-10-08,S09,K01,weekly_mean56,8.5000000000,4.6000000000,13.6750000000,0.9000000000
2026-10-08,S09,K02,weekly_mean56,10.7500000000,3.7000000000,16.7000000000,0.9000000000
2026-10-08,S09,K03,weekly_mean56,10.8750000000,5.8750000000,16.2000000000,0.9000000000
2026-10-08,S09,K04,weekly_mean56,14.0000000000,8.5500000000,21.1500000000,0.9000000000
2026-10-08,S09,K05,weekly_mean56,13.5000000000,6.6250000000,18.9250000000,0.9000000000
2026-10-08,S09,K06,weekly_mean56,14.2500000000,9.3500000000,18.4250000000,0.9000000000
2026-10-08,S09,K07,weekly_mean56,16.2500000000,10.3500000000,21.9250000000,0.9000000000
2026-10-08,S09,K08,weekly_mean56,19.0000000000,11.7000000000,25.1000000000,0.9000000000
2026-10-08,S10,K01,weekly_mean56,9.0000000000,4.8500000000,14.4250000000,0.9000000000
2026-10-08,S10,K02,weekly_mean56,9.7500000000,4.6250000000,15.3500000000,0.9000000000
2026-10-08,S10,K03,weekly_mean56,12.6250000000,7.7250000000,19.7500000000,0.9000000000
2026-10-08,S10,K04,weekly_mean56,13.6250000000,7.3250000000,19.6000000000,0.9000000000
2026-10-08,S10,K05,weekly_mean56,14.0000000000,8.6500000000,20.8000000000,0.9000000000
2026-10-08,S10,K06,weekly_mean56,15.5000000000,9.2000000000,20.5000000000,0.9000000000
2026-10-08,S10,K07,weekly_mean56,16.1250000000,10.2500000000,23.1750000000,0.9000000000
2026-10-08,S10,K08,weekly_mean56,16.1250000000,11.3750000000,23.8750000000,0.9000000000
2026-10-08,S11,K01,weekly_mean56,10.2500000000,4.1500000000,18.4750000000,0.9000000000
2026-10-08,S11,K02,weekly_mean56,10.5000000000,5.1250000000,15.2000000000,0.9000000000
2026-10-08,S11,K03,weekly_mean56,13.3750000000,9.1000000000,19.4500000000,0.9000000000
2026-10-08,S11,K04,weekly_mean56,14.5000000000,8.4500000000,20.0250000000,0.9000000000
2026-10-08,S11,K05,weekly_mean56,16.1250000000,9.6250000000,21.8750000000,0.9000000000
2026-10-08,S11,K06,weekly_mean56,14.1250000000,8.2500000000,22.2750000000,0.9000000000
2026-10-08,S11,K07,weekly_mean56,19.7500000000,13.1750000000,27.0000000000,0.9000000000
2026-10-08,S11,K08,weekly_mean56,18.7500000000,11.9750000000,26.4000000000,0.9000000000
2026-10-08,S12,K01,weekly_mean56,11.6250000000,6.8250000000,16.4750000000,0.9000000000
2026-10-08,S12,K02,weekly_mean56,13.3750000000,7.8000000000,17.7500000000,0.9000000000
2026-10-08,S12,K03,weekly_mean56,12.7500000000,7.4000000000,18.1000000000,0.9000000000
2026-10-08,S12,K04,weekly_mean56,14.6250000000,9.5250000000,20.5500000000,0.9000000000
2026-10-08,S12,K05,weekly_mean56,14.8750000000,8.3250000000,20.2250000000,0.9000000000
2026-10-08,S12,K06,weekly_mean56,15.6250000000,7.6500000000,21.6500000000,0.9000000000
2026-10-08,S12,K07,weekly_mean56,17.1250000000,12.7500000000,21.3250000000,0.9000000000
2026-10-08,S12,K08,weekly_mean56,18.5000000000,13.8000000000,24.0500000000,0.9000000000
2026-10-09,S01,K01,weekly_mean56,6.6250000000,2.4000000000,11.5500000000,0.9000000000
2026-10-09,S01,K02,weekly_mean56,7.8750000000,3.5000000000,11.4000000000,0.9000000000
2026-10-09,S01,K03,weekly_mean56,7.7500000000,2.3750000000,12.6750000000,0.9000000000
2026-10-09,S01,K04,weekly_mean56,9.6250000000,4.1000000000,14.3000000000,0.9000000000
2026-10-09,S01,K05,weekly_mean56,10.5000000000,6.1500000000,17.3750000000,0.9000000000
2026-10-09,S01,K06,weekly_mean56,9.6250000000,4.0250000000,15.9000000000,0.9000000000
2026-10-09,S01,K07,weekly_mean56,12.6250000000,6.8500000000,18.1750000000,0.9000000000
2026-10-09,S01,K08,weekly_mean56,13.2500000000,8.9000000000,17.4750000000,0.9000000000
2026-10-09,S02,K01,weekly_mean56,7.2500000000,2.7750000000,12.4250000000,0.9000000000
2026-10-09,S02,K02,weekly_mean56,7.6250000000,3.0750000000,11.3500000000,0.9000000000
2026-10-09,S02,K03,weekly_mean56,9.5000000000,4.3250000000,14.9750000000,0.9000000000
2026-10-09,S02,K04,weekly_mean56,7.7500000000,2.0000000000,12.2500000000,0.9000000000
2026-10-09,S02,K05,weekly_mean56,11.7500000000,7.0750000000,16.7500000000,0.9000000000
2026-10-09,S02,K06,weekly_mean56,11.1250000000,6.2000000000,15.4250000000,0.9000000000
2026-10-09,S02,K07,weekly_mean56,12.0000000000,6.1500000000,18.9000000000,0.9000000000
2026-10-09,S02,K08,weekly_mean56,12.8750000000,7.8250000000,17.4250000000,0.9000000000
2026-10-09,S03,K01,weekly_mean56,7.6250000000,2.7000000000,11.9500000000,0.9000000000
2026-10-09,S03,K02,weekly_mean56,7.5000000000,1.4500000000,12.8000000000,0.9000000000
2026-10-09,S03,K03,weekly_mean56,10.0000000000,5.6250000000,15.1500000000,0.9000000000
2026-10-09,S03,K04,weekly_mean56,9.2500000000,3.4500000000,15.3750000000,0.9000000000
2026-10-09,S03,K05,weekly_mean56,9.8750000000,6.0000000000,15.0000000000,0.9000000000
2026-10-09,S03,K06,weekly_mean56,12.3750000000,8.0500000000,17.7000000000,0.9000000000
2026-10-09,S03,K07,weekly_mean56,12.8750000000,8.3250000000,16.9250000000,0.9000000000
2026-10-09,S03,K08,weekly_mean56,13.3750000000,8.5250000000,18.8750000000,0.9000000000
2026-10-09,S04,K01,weekly_mean56,9.2500000000,4.8250000000,14.1750000000,0.9000000000
2026-10-09,S04,K02,weekly_mean56,8.2500000000,3.6000000000,12.9250000000,0.9000000000
2026-10-09,S04,K03,weekly_mean56,9.8750000000,5.7750000000,13.3000000000,0.9000000000
2026-10-09,S04,K04,weekly_mean56,10.1250000000,4.5500000000,15.4750000000,0.9000000000
2026-10-09,S04,K05,weekly_mean56,13.0000000000,7.2500000000,18.2500000000,0.9000000000
2026-10-09,S04,K06,weekly_mean56,11.1250000000,5.5250000000,16.2250000000,0.9000000000
2026-10-09,S04,K07,weekly_mean56,14.6250000000,9.8250000000,21.4250000000,0.9000000000
2026-10-09,S04,K08,weekly_mean56,13.6250000000,7.4750000000,20.7250000000,0.9000000000
2026-10-09,S05,K01,weekly_mean56,7.8750000000,2.6250000000,12.1750000000,0.9000000000
2026-10-09,S05,K02,weekly_mean56,9.5000000000,4.9500000000,14.3750000000,0.9000000000
2026-10-09,S05,K03,weekly_mean56,8.7500000000,3.7500000000,13.8750000000,0.9000000000
2026-10-09,S05,K04,weekly_mean56,9.2500000000,3.0000000000,15.4250000000,0.9000000000
2026-10-09,S05,K05,weekly_mean56,12.0000000000,6.0000000000,17.3000000000,0.9000000000
2026-10-09,S05,K06,weekly_mean56,15.1250000000,10.5750000000,21.7000000000,0.9000000000
2026-10-09,S05,K07,weekly_mean56,14.7500000000,8.6250000000,20.8750000000,0.9000000000
2026-10-09,S05,K08,weekly_mean56,14.5000000000,9.4500000000,19.0500000000,0.9000000000
2026-10-09,S06,K01,weekly_mean56,9.1250000000,4.4500000000,14.7750000000,0.9000000000
2026-10-09,S06,K02,weekly_mean56,9.1250000000,4.5500000000,14.1000000000,0.9000000000
2026-10-09,S06,K03,weekly_mean56,11.7500000000,7.1000000000,16.9750000000,0.9000000000
2026-10-09,S06,K04,weekly_mean56,11.1250000000,6.3500000000,17.2250000000,0.9000000000
2026-10-09,S06,K05,weekly_mean56,12.1250000000,7.9500000000,18.1750000000,0.9000000000
2026-10-09,S06,K06,weekly_mean56,15.2500000000,9.9750000000,19.3500000000,0.9000000000
2026-10-09,S06,K07,weekly_mean56,15.2500000000,7.2000000000,22.9500000000,0.9000000000
2026-10-09,S06,K08,weekly_mean56,14.0000000000,8.3500000000,18.1250000000,0.9000000000
2026-10-09,S07,K01,weekly_mean56,8.2500000000,3.0750000000,13.0000000000,0.9000000000
2026-10-09,S07,K02,weekly_mean56,9.7500000000,3.7500000000,14.2000000000,0.9000000000
2026-10-09,S07,K03,weekly_mean56,10.7500000000,5.7750000000,16.6500000000,0.9000000000
2026-10-09,S07,K04,weekly_mean56,12.7500000000,7.5000000000,17.9250000000,0.9000000000
2026-10-09,S07,K05,weekly_mean56,13.2500000000,8.9750000000,17.7500000000,0.9000000000
2026-10-09,S07,K06,weekly_mean56,14.3750000000,8.2000000000,19.5750000000,0.9000000000
2026-10-09,S07,K07,weekly_mean56,16.3750000000,10.3000000000,21.8500000000,0.9000000000
2026-10-09,S07,K08,weekly_mean56,15.1250000000,8.7250000000,22.8750000000,0.9000000000
2026-10-09,S08,K01,weekly_mean56,11.2500000000,6.7750000000,16.9250000000,0.9000000000
2026-10-09,S08,K02,weekly_mean56,10.2500000000,5.0500000000,15.2000000000,0.9000000000
2026-10-09,S08,K03,weekly_mean56,12.0000000000,6.7500000000,18.1750000000,0.9000000000
2026-10-09,S08,K04,weekly_mean56,11.6250000000,6.8000000000,19.0750000000,0.9000000000
2026-10-09,S08,K05,weekly_mean56,13.0000000000,7.6250000000,17.5750000000,0.9000000000
2026-10-09,S08,K06,weekly_mean56,13.2500000000,8.9500000000,19.1750000000,0.9000000000
2026-10-09,S08,K07,weekly_mean56,16.7500000000,11.2500000000,22.9500000000,0.9000000000
2026-10-09,S08,K08,weekly_mean56,17.0000000000,11.7500000000,23.3250000000,0.9000000000
2026-10-09,S09,K01,weekly_mean56,9.2500000000,5.3500000000,14.4250000000,0.9000000000
2026-10-09,S09,K02,weekly_mean56,8.6250000000,1.5750000000,14.5750000000,0.9000000000
2026-10-09,S09,K03,weekly_mean56,11.6250000000,6.6250000000,16.9500000000,0.9000000000
2026-10-09,S09,K04,weekly_mean56,11.0000000000,5.5500000000,18.1500000000,0.9000000000
2026-10-09,S09,K05,weekly_mean56,15.7500000000,8.8750000000,21.1750000000,0.9000000000
2026-10-09,S09,K06,weekly_mean56,15.7500000000,10.8500000000,19.9250000000,0.9000000000
2026-10-09,S09,K07,weekly_mean56,15.0000000000,9.1000000000,20.6750000000,0.9000000000
2026-10-09,S09,K08,weekly_mean56,18.8750000000,11.5750000000,24.9750000000,0.9000000000
2026-10-09,S10,K01,weekly_mean56,11.2500000000,7.1000000000,16.6750000000,0.9000000000
2026-10-09,S10,K02,weekly_mean56,11.3750000000,6.2500000000,16.9750000000,0.9000000000
2026-10-09,S10,K03,weekly_mean56,13.6250000000,8.7250000000,20.7500000000,0.9000000000
2026-10-09,S10,K04,weekly_mean56,12.7500000000,6.4500000000,18.7250000000,0.9000000000
2026-10-09,S10,K05,weekly_mean56,15.2500000000,9.9000000000,22.0500000000,0.9000000000
2026-10-09,S10,K06,weekly_mean56,17.2500000000,10.9500000000,22.2500000000,0.9000000000
2026-10-09,S10,K07,weekly_mean56,16.8750000000,11.0000000000,23.9250000000,0.9000000000
2026-10-09,S10,K08,weekly_mean56,19.1250000000,14.3750000000,26.8750000000,0.9000000000
2026-10-09,S11,K01,weekly_mean56,10.8750000000,4.7750000000,19.1000000000,0.9000000000
2026-10-09,S11,K02,weekly_mean56,11.5000000000,6.1250000000,16.2000000000,0.9000000000
2026-10-09,S11,K03,weekly_mean56,14.2500000000,9.9750000000,20.3250000000,0.9000000000
2026-10-09,S11,K04,weekly_mean56,12.7500000000,6.7000000000,18.2750000000,0.9000000000
2026-10-09,S11,K05,weekly_mean56,15.5000000000,9.0000000000,21.2500000000,0.9000000000
2026-10-09,S11,K06,weekly_mean56,15.7500000000,9.8750000000,23.9000000000,0.9000000000
2026-10-09,S11,K07,weekly_mean56,18.0000000000,11.4250000000,25.2500000000,0.9000000000
2026-10-09,S11,K08,weekly_mean56,18.7500000000,11.9750000000,26.4000000000,0.9000000000
2026-10-09,S12,K01,weekly_mean56,11.0000000000,6.2000000000,15.8500000000,0.9000000000
2026-10-09,S12,K02,weekly_mean56,11.7500000000,6.1750000000,16.1250000000,0.9000000000
2026-10-09,S12,K03,weekly_mean56,12.6250000000,7.2750000000,17.9750000000,0.9000000000
2026-10-09,S12,K04,weekly_mean56,14.1250000000,9.0250000000,20.0500000000,0.9000000000
2026-10-09,S12,K05,weekly_mean56,16.0000000000,9.4500000000,21.3500000000,0.9000000000
2026-10-09,S12,K06,weekly_mean56,15.0000000000,7.0250000000,21.0250000000,0.9000000000
2026-10-09,S12,K07,weekly_mean56,16.8750000000,12.5000000000,21.0750000000,0.9000000000
2026-10-09,S12,K08,weekly_mean56,21.3750000000,16.6750000000,26.9250000000,0.9000000000
2026-10-10,S01,K01,weekly_mean56,9.7500000000,5.5250000000,14.6750000000,0.9000000000
2026-10-10,S01,K02,weekly_mean56,10.0000000000,5.6250000000,13.5250000000,0.9000000000
2026-10-10,S01,K03,weekly_mean56,12.1250000000,6.7500000000,17.0500000000,0.9000000000
2026-10-10,S01,K04,weekly_mean56,13.2500000000,7.7250000000,17.9250000000,0.9000000000
2026-10-10,S01,K05,weekly_mean56,15.7500000000,11.4000000000,22.6250000000,0.9000000000
2026-10-10,S01,K06,weekly_mean56,14.5000000000,8.9000000000,20.7750000000,0.9000000000
2026-10-10,S01,K07,weekly_mean56,15.6250000000,9.8500000000,21.1750000000,0.9000000000
2026-10-10,S01,K08,weekly_mean56,16.5000000000,12.1500000000,20.7250000000,0.9000000000
2026-10-10,S02,K01,weekly_mean56,12.3750000000,7.9000000000,17.5500000000,0.9000000000
2026-10-10,S02,K02,weekly_mean56,9.8750000000,5.3250000000,13.6000000000,0.9000000000
2026-10-10,S02,K03,weekly_mean56,12.6250000000,7.4500000000,18.1000000000,0.9000000000
2026-10-10,S02,K04,weekly_mean56,13.2500000000,7.5000000000,17.7500000000,0.9000000000
2026-10-10,S02,K05,weekly_mean56,15.2500000000,10.5750000000,20.2500000000,0.9000000000
2026-10-10,S02,K06,weekly_mean56,16.6250000000,11.7000000000,20.9250000000,0.9000000000
2026-10-10,S02,K07,weekly_mean56,17.3750000000,11.5250000000,24.2750000000,0.9000000000
2026-10-10,S02,K08,weekly_mean56,16.0000000000,10.9500000000,20.5500000000,0.9000000000
2026-10-10,S03,K01,weekly_mean56,10.2500000000,5.3250000000,14.5750000000,0.9000000000
2026-10-10,S03,K02,weekly_mean56,11.6250000000,5.5750000000,16.9250000000,0.9000000000
2026-10-10,S03,K03,weekly_mean56,13.2500000000,8.8750000000,18.4000000000,0.9000000000
2026-10-10,S03,K04,weekly_mean56,13.3750000000,7.5750000000,19.5000000000,0.9000000000
2026-10-10,S03,K05,weekly_mean56,16.3750000000,12.5000000000,21.5000000000,0.9000000000
2026-10-10,S03,K06,weekly_mean56,16.8750000000,12.5500000000,22.2000000000,0.9000000000
2026-10-10,S03,K07,weekly_mean56,17.3750000000,12.8250000000,21.4250000000,0.9000000000
2026-10-10,S03,K08,weekly_mean56,18.3750000000,13.5250000000,23.8750000000,0.9000000000
2026-10-10,S04,K01,weekly_mean56,11.5000000000,7.0750000000,16.4250000000,0.9000000000
2026-10-10,S04,K02,weekly_mean56,12.2500000000,7.6000000000,16.9250000000,0.9000000000
2026-10-10,S04,K03,weekly_mean56,13.0000000000,8.9000000000,16.4250000000,0.9000000000
2026-10-10,S04,K04,weekly_mean56,13.3750000000,7.8000000000,18.7250000000,0.9000000000
2026-10-10,S04,K05,weekly_mean56,15.8750000000,10.1250000000,21.1250000000,0.9000000000
2026-10-10,S04,K06,weekly_mean56,15.7500000000,10.1500000000,20.8500000000,0.9000000000
2026-10-10,S04,K07,weekly_mean56,18.0000000000,13.2000000000,24.8000000000,0.9000000000
2026-10-10,S04,K08,weekly_mean56,19.0000000000,12.8500000000,26.1000000000,0.9000000000
2026-10-10,S05,K01,weekly_mean56,9.6250000000,4.3750000000,13.9250000000,0.9000000000
2026-10-10,S05,K02,weekly_mean56,12.7500000000,8.2000000000,17.6250000000,0.9000000000
2026-10-10,S05,K03,weekly_mean56,14.1250000000,9.1250000000,19.2500000000,0.9000000000
2026-10-10,S05,K04,weekly_mean56,13.3750000000,7.1250000000,19.5500000000,0.9000000000
2026-10-10,S05,K05,weekly_mean56,17.1250000000,11.1250000000,22.4250000000,0.9000000000
2026-10-10,S05,K06,weekly_mean56,17.3750000000,12.8250000000,23.9500000000,0.9000000000
2026-10-10,S05,K07,weekly_mean56,19.7500000000,13.6250000000,25.8750000000,0.9000000000
2026-10-10,S05,K08,weekly_mean56,17.0000000000,11.9500000000,21.5500000000,0.9000000000
2026-10-10,S06,K01,weekly_mean56,12.0000000000,7.3250000000,17.6500000000,0.9000000000
2026-10-10,S06,K02,weekly_mean56,12.6250000000,8.0500000000,17.6000000000,0.9000000000
2026-10-10,S06,K03,weekly_mean56,14.2500000000,9.6000000000,19.4750000000,0.9000000000
2026-10-10,S06,K04,weekly_mean56,14.6250000000,9.8500000000,20.7250000000,0.9000000000
2026-10-10,S06,K05,weekly_mean56,15.8750000000,11.7000000000,21.9250000000,0.9000000000
2026-10-10,S06,K06,weekly_mean56,18.0000000000,12.7250000000,22.1000000000,0.9000000000
2026-10-10,S06,K07,weekly_mean56,18.5000000000,10.4500000000,26.2000000000,0.9000000000
2026-10-10,S06,K08,weekly_mean56,18.1250000000,12.4750000000,22.2500000000,0.9000000000
2026-10-10,S07,K01,weekly_mean56,11.6250000000,6.4500000000,16.3750000000,0.9000000000
2026-10-10,S07,K02,weekly_mean56,11.8750000000,5.8750000000,16.3250000000,0.9000000000
2026-10-10,S07,K03,weekly_mean56,14.3750000000,9.4000000000,20.2750000000,0.9000000000
2026-10-10,S07,K04,weekly_mean56,16.3750000000,11.1250000000,21.5500000000,0.9000000000
2026-10-10,S07,K05,weekly_mean56,18.0000000000,13.7250000000,22.5000000000,0.9000000000
2026-10-10,S07,K06,weekly_mean56,17.7500000000,11.5750000000,22.9500000000,0.9000000000
2026-10-10,S07,K07,weekly_mean56,18.1250000000,12.0500000000,23.6000000000,0.9000000000
2026-10-10,S07,K08,weekly_mean56,19.5000000000,13.1000000000,27.2500000000,0.9000000000
2026-10-10,S08,K01,weekly_mean56,13.6250000000,9.1500000000,19.3000000000,0.9000000000
2026-10-10,S08,K02,weekly_mean56,12.3750000000,7.1750000000,17.3250000000,0.9000000000
2026-10-10,S08,K03,weekly_mean56,15.5000000000,10.2500000000,21.6750000000,0.9000000000
2026-10-10,S08,K04,weekly_mean56,15.3750000000,10.5500000000,22.8250000000,0.9000000000
2026-10-10,S08,K05,weekly_mean56,18.3750000000,13.0000000000,22.9500000000,0.9000000000
2026-10-10,S08,K06,weekly_mean56,18.3750000000,14.0750000000,24.3000000000,0.9000000000
2026-10-10,S08,K07,weekly_mean56,19.8750000000,14.3750000000,26.0750000000,0.9000000000
2026-10-10,S08,K08,weekly_mean56,21.7500000000,16.5000000000,28.0750000000,0.9000000000
2026-10-10,S09,K01,weekly_mean56,11.5000000000,7.6000000000,16.6750000000,0.9000000000
2026-10-10,S09,K02,weekly_mean56,13.3750000000,6.3250000000,19.3250000000,0.9000000000
2026-10-10,S09,K03,weekly_mean56,15.0000000000,10.0000000000,20.3250000000,0.9000000000
2026-10-10,S09,K04,weekly_mean56,16.6250000000,11.1750000000,23.7750000000,0.9000000000
2026-10-10,S09,K05,weekly_mean56,20.2500000000,13.3750000000,25.6750000000,0.9000000000
2026-10-10,S09,K06,weekly_mean56,19.1250000000,14.2250000000,23.3000000000,0.9000000000
2026-10-10,S09,K07,weekly_mean56,22.2500000000,16.3500000000,27.9250000000,0.9000000000
2026-10-10,S09,K08,weekly_mean56,21.2500000000,13.9500000000,27.3500000000,0.9000000000
2026-10-10,S10,K01,weekly_mean56,13.8750000000,9.7250000000,19.3000000000,0.9000000000
2026-10-10,S10,K02,weekly_mean56,13.1250000000,8.0000000000,18.7250000000,0.9000000000
2026-10-10,S10,K03,weekly_mean56,17.6250000000,12.7250000000,24.7500000000,0.9000000000
2026-10-10,S10,K04,weekly_mean56,17.1250000000,10.8250000000,23.1000000000,0.9000000000
2026-10-10,S10,K05,weekly_mean56,18.6250000000,13.2750000000,25.4250000000,0.9000000000
2026-10-10,S10,K06,weekly_mean56,20.0000000000,13.7000000000,25.0000000000,0.9000000000
2026-10-10,S10,K07,weekly_mean56,24.7500000000,18.8750000000,31.8000000000,0.9000000000
2026-10-10,S10,K08,weekly_mean56,22.2500000000,17.5000000000,30.0000000000,0.9000000000
2026-10-10,S11,K01,weekly_mean56,16.2500000000,10.1500000000,24.4750000000,0.9000000000
2026-10-10,S11,K02,weekly_mean56,14.3750000000,9.0000000000,19.0750000000,0.9000000000
2026-10-10,S11,K03,weekly_mean56,16.1250000000,11.8500000000,22.2000000000,0.9000000000
2026-10-10,S11,K04,weekly_mean56,18.0000000000,11.9500000000,23.5250000000,0.9000000000
2026-10-10,S11,K05,weekly_mean56,17.7500000000,11.2500000000,23.5000000000,0.9000000000
2026-10-10,S11,K06,weekly_mean56,21.3750000000,15.5000000000,29.5250000000,0.9000000000
2026-10-10,S11,K07,weekly_mean56,24.3750000000,17.8000000000,31.6250000000,0.9000000000
2026-10-10,S11,K08,weekly_mean56,25.6250000000,18.8500000000,33.2750000000,0.9000000000
2026-10-10,S12,K01,weekly_mean56,14.2500000000,9.4500000000,19.1000000000,0.9000000000
2026-10-10,S12,K02,weekly_mean56,15.3750000000,9.8000000000,19.7500000000,0.9000000000
2026-10-10,S12,K03,weekly_mean56,18.0000000000,12.6500000000,23.3500000000,0.9000000000
2026-10-10,S12,K04,weekly_mean56,17.6250000000,12.5250000000,23.5500000000,0.9000000000
2026-10-10,S12,K05,weekly_mean56,21.0000000000,14.4500000000,26.3500000000,0.9000000000
2026-10-10,S12,K06,weekly_mean56,21.3750000000,13.4000000000,27.4000000000,0.9000000000
2026-10-10,S12,K07,weekly_mean56,22.6250000000,18.2500000000,26.8250000000,0.9000000000
2026-10-10,S12,K08,weekly_mean56,24.7500000000,20.0500000000,30.3000000000,0.9000000000
2026-10-11,S01,K01,weekly_mean56,10.2500000000,6.0250000000,15.1750000000,0.9000000000
2026-10-11,S01,K02,weekly_mean56,10.3750000000,6.0000000000,13.9000000000,0.9000000000
2026-10-11,S01,K03,weekly_mean56,11.1250000000,5.7500000000,16.0500000000,0.9000000000
2026-10-11,S01,K04,weekly_mean56,11.1250000000,5.6000000000,15.8000000000,0.9000000000
2026-10-11,S01,K05,weekly_mean56,14.1250000000,9.7750000000,21.0000000000,0.9000000000
2026-10-11,S01,K06,weekly_mean56,14.2500000000,8.6500000000,20.5250000000,0.9000000000
2026-10-11,S01,K07,weekly_mean56,15.8750000000,10.1000000000,21.4250000000,0.9000000000
2026-10-11,S01,K08,weekly_mean56,16.7500000000,12.4000000000,20.9750000000,0.9000000000
2026-10-11,S02,K01,weekly_mean56,9.6250000000,5.1500000000,14.8000000000,0.9000000000
2026-10-11,S02,K02,weekly_mean56,8.7500000000,4.2000000000,12.4750000000,0.9000000000
2026-10-11,S02,K03,weekly_mean56,12.2500000000,7.0750000000,17.7250000000,0.9000000000
2026-10-11,S02,K04,weekly_mean56,12.3750000000,6.6250000000,16.8750000000,0.9000000000
2026-10-11,S02,K05,weekly_mean56,12.7500000000,8.0750000000,17.7500000000,0.9000000000
2026-10-11,S02,K06,weekly_mean56,14.8750000000,9.9500000000,19.1750000000,0.9000000000
2026-10-11,S02,K07,weekly_mean56,17.1250000000,11.2750000000,24.0250000000,0.9000000000
2026-10-11,S02,K08,weekly_mean56,18.2500000000,13.2000000000,22.8000000000,0.9000000000
2026-10-11,S03,K01,weekly_mean56,12.1250000000,7.2000000000,16.4500000000,0.9000000000
2026-10-11,S03,K02,weekly_mean56,11.1250000000,5.0750000000,16.4250000000,0.9000000000
2026-10-11,S03,K03,weekly_mean56,10.6250000000,6.2500000000,15.7750000000,0.9000000000
2026-10-11,S03,K04,weekly_mean56,12.1250000000,6.3250000000,18.2500000000,0.9000000000
2026-10-11,S03,K05,weekly_mean56,15.2500000000,11.3750000000,20.3750000000,0.9000000000
2026-10-11,S03,K06,weekly_mean56,14.7500000000,10.4250000000,20.0750000000,0.9000000000
2026-10-11,S03,K07,weekly_mean56,16.0000000000,11.4500000000,20.0500000000,0.9000000000
2026-10-11,S03,K08,weekly_mean56,17.5000000000,12.6500000000,23.0000000000,0.9000000000
2026-10-11,S04,K01,weekly_mean56,10.6250000000,6.2000000000,15.5500000000,0.9000000000
2026-10-11,S04,K02,weekly_mean56,12.3750000000,7.7250000000,17.0500000000,0.9000000000
2026-10-11,S04,K03,weekly_mean56,12.3750000000,8.2750000000,15.8000000000,0.9000000000
2026-10-11,S04,K04,weekly_mean56,15.6250000000,10.0500000000,20.9750000000,0.9000000000
2026-10-11,S04,K05,weekly_mean56,15.0000000000,9.2500000000,20.2500000000,0.9000000000
2026-10-11,S04,K06,weekly_mean56,17.5000000000,11.9000000000,22.6000000000,0.9000000000
2026-10-11,S04,K07,weekly_mean56,17.0000000000,12.2000000000,23.8000000000,0.9000000000
2026-10-11,S04,K08,weekly_mean56,19.7500000000,13.6000000000,26.8500000000,0.9000000000
2026-10-11,S05,K01,weekly_mean56,11.8750000000,6.6250000000,16.1750000000,0.9000000000
2026-10-11,S05,K02,weekly_mean56,13.5000000000,8.9500000000,18.3750000000,0.9000000000
2026-10-11,S05,K03,weekly_mean56,14.2500000000,9.2500000000,19.3750000000,0.9000000000
2026-10-11,S05,K04,weekly_mean56,13.3750000000,7.1250000000,19.5500000000,0.9000000000
2026-10-11,S05,K05,weekly_mean56,16.0000000000,10.0000000000,21.3000000000,0.9000000000
2026-10-11,S05,K06,weekly_mean56,18.2500000000,13.7000000000,24.8250000000,0.9000000000
2026-10-11,S05,K07,weekly_mean56,19.1250000000,13.0000000000,25.2500000000,0.9000000000
2026-10-11,S05,K08,weekly_mean56,20.3750000000,15.3250000000,24.9250000000,0.9000000000
2026-10-11,S06,K01,weekly_mean56,11.7500000000,7.0750000000,17.4000000000,0.9000000000
2026-10-11,S06,K02,weekly_mean56,12.3750000000,7.8000000000,17.3500000000,0.9000000000
2026-10-11,S06,K03,weekly_mean56,14.2500000000,9.6000000000,19.4750000000,0.9000000000
2026-10-11,S06,K04,weekly_mean56,14.8750000000,10.1000000000,20.9750000000,0.9000000000
2026-10-11,S06,K05,weekly_mean56,17.7500000000,13.5750000000,23.8000000000,0.9000000000
2026-10-11,S06,K06,weekly_mean56,18.8750000000,13.6000000000,22.9750000000,0.9000000000
2026-10-11,S06,K07,weekly_mean56,19.0000000000,10.9500000000,26.7000000000,0.9000000000
2026-10-11,S06,K08,weekly_mean56,19.6250000000,13.9750000000,23.7500000000,0.9000000000
2026-10-11,S07,K01,weekly_mean56,13.2500000000,8.0750000000,18.0000000000,0.9000000000
2026-10-11,S07,K02,weekly_mean56,12.5000000000,6.5000000000,16.9500000000,0.9000000000
2026-10-11,S07,K03,weekly_mean56,13.8750000000,8.9000000000,19.7750000000,0.9000000000
2026-10-11,S07,K04,weekly_mean56,15.0000000000,9.7500000000,20.1750000000,0.9000000000
2026-10-11,S07,K05,weekly_mean56,18.2500000000,13.9750000000,22.7500000000,0.9000000000
2026-10-11,S07,K06,weekly_mean56,16.6250000000,10.4500000000,21.8250000000,0.9000000000
2026-10-11,S07,K07,weekly_mean56,23.6250000000,17.5500000000,29.1000000000,0.9000000000
2026-10-11,S07,K08,weekly_mean56,21.8750000000,15.4750000000,29.6250000000,0.9000000000
2026-10-11,S08,K01,weekly_mean56,13.5000000000,9.0250000000,19.1750000000,0.9000000000
2026-10-11,S08,K02,weekly_mean56,11.8750000000,6.6750000000,16.8250000000,0.9000000000
2026-10-11,S08,K03,weekly_mean56,17.6250000000,12.3750000000,23.8000000000,0.9000000000
2026-10-11,S08,K04,weekly_mean56,17.0000000000,12.1750000000,24.4500000000,0.9000000000
2026-10-11,S08,K05,weekly_mean56,19.7500000000,14.3750000000,24.3250000000,0.9000000000
2026-10-11,S08,K06,weekly_mean56,18.7500000000,14.4500000000,24.6750000000,0.9000000000
2026-10-11,S08,K07,weekly_mean56,20.0000000000,14.5000000000,26.2000000000,0.9000000000
2026-10-11,S08,K08,weekly_mean56,23.1250000000,17.8750000000,29.4500000000,0.9000000000
2026-10-11,S09,K01,weekly_mean56,13.3750000000,9.4750000000,18.5500000000,0.9000000000
2026-10-11,S09,K02,weekly_mean56,13.6250000000,6.5750000000,19.5750000000,0.9000000000
2026-10-11,S09,K03,weekly_mean56,15.5000000000,10.5000000000,20.8250000000,0.9000000000
2026-10-11,S09,K04,weekly_mean56,17.8750000000,12.4250000000,25.0250000000,0.9000000000
2026-10-11,S09,K05,weekly_mean56,17.7500000000,10.8750000000,23.1750000000,0.9000000000
2026-10-11,S09,K06,weekly_mean56,19.3750000000,14.4750000000,23.5500000000,0.9000000000
2026-10-11,S09,K07,weekly_mean56,21.3750000000,15.4750000000,27.0500000000,0.9000000000
2026-10-11,S09,K08,weekly_mean56,21.8750000000,14.5750000000,27.9750000000,0.9000000000
2026-10-11,S10,K01,weekly_mean56,13.6250000000,9.4750000000,19.0500000000,0.9000000000
2026-10-11,S10,K02,weekly_mean56,14.8750000000,9.7500000000,20.4750000000,0.9000000000
2026-10-11,S10,K03,weekly_mean56,14.7500000000,9.8500000000,21.8750000000,0.9000000000
2026-10-11,S10,K04,weekly_mean56,16.6250000000,10.3250000000,22.6000000000,0.9000000000
2026-10-11,S10,K05,weekly_mean56,19.5000000000,14.1500000000,26.3000000000,0.9000000000
2026-10-11,S10,K06,weekly_mean56,18.8750000000,12.5750000000,23.8750000000,0.9000000000
2026-10-11,S10,K07,weekly_mean56,20.8750000000,15.0000000000,27.9250000000,0.9000000000
2026-10-11,S10,K08,weekly_mean56,24.1250000000,19.3750000000,31.8750000000,0.9000000000
2026-10-11,S11,K01,weekly_mean56,14.3750000000,8.2750000000,22.6000000000,0.9000000000
2026-10-11,S11,K02,weekly_mean56,14.2500000000,8.8750000000,18.9500000000,0.9000000000
2026-10-11,S11,K03,weekly_mean56,16.5000000000,12.2250000000,22.5750000000,0.9000000000
2026-10-11,S11,K04,weekly_mean56,17.3750000000,11.3250000000,22.9000000000,0.9000000000
2026-10-11,S11,K05,weekly_mean56,18.0000000000,11.5000000000,23.7500000000,0.9000000000
2026-10-11,S11,K06,weekly_mean56,22.3750000000,16.5000000000,30.5250000000,0.9000000000
2026-10-11,S11,K07,weekly_mean56,22.5000000000,15.9250000000,29.7500000000,0.9000000000
2026-10-11,S11,K08,weekly_mean56,24.6250000000,17.8500000000,32.2750000000,0.9000000000
2026-10-11,S12,K01,weekly_mean56,14.2500000000,9.4500000000,19.1000000000,0.9000000000
2026-10-11,S12,K02,weekly_mean56,15.1250000000,9.5500000000,19.5000000000,0.9000000000
2026-10-11,S12,K03,weekly_mean56,15.6250000000,10.2750000000,20.9750000000,0.9000000000
2026-10-11,S12,K04,weekly_mean56,17.3750000000,12.2750000000,23.3000000000,0.9000000000
2026-10-11,S12,K05,weekly_mean56,19.6250000000,13.0750000000,24.9750000000,0.9000000000
2026-10-11,S12,K06,weekly_mean56,20.1250000000,12.1500000000,26.1500000000,0.9000000000
2026-10-11,S12,K07,weekly_mean56,23.3750000000,19.0000000000,27.5750000000,0.9000000000
2026-10-11,S12,K08,weekly_mean56,24.8750000000,20.1750000000,30.4250000000,0.9000000000
2026-10-12,S01,K01,weekly_mean56,7.5000000000,3.2750000000,12.4250000000,0.9000000000
2026-10-12,S01,K02,weekly_mean56,7.8750000000,3.5000000000,11.4000000000,0.9000000000
2026-10-12,S01,K03,weekly_mean56,8.2500000000,2.8750000000,13.1750000000,0.9000000000
2026-10-12,S01,K04,weekly_mean56,9.6250000000,4.1000000000,14.3000000000,0.9000000000
2026-10-12,S01,K05,weekly_mean56,10.7500000000,6.4000000000,17.6250000000,0.9000000000
2026-10-12,S01,K06,weekly_mean56,12.0000000000,6.4000000000,18.2750000000,0.9000000000
2026-10-12,S01,K07,weekly_mean56,12.8750000000,7.1000000000,18.4250000000,0.9000000000
2026-10-12,S01,K08,weekly_mean56,13.1250000000,8.7750000000,17.3500000000,0.9000000000
2026-10-12,S02,K01,weekly_mean56,7.6250000000,3.1500000000,12.8000000000,0.9000000000
2026-10-12,S02,K02,weekly_mean56,6.5000000000,1.9500000000,10.2250000000,0.9000000000
2026-10-12,S02,K03,weekly_mean56,9.6250000000,4.4500000000,15.1000000000,0.9000000000
2026-10-12,S02,K04,weekly_mean56,8.8750000000,3.1250000000,13.3750000000,0.9000000000
2026-10-12,S02,K05,weekly_mean56,11.5000000000,6.8250000000,16.5000000000,0.9000000000
2026-10-12,S02,K06,weekly_mean56,11.2500000000,6.3250000000,15.5500000000,0.9000000000
2026-10-12,S02,K07,weekly_mean56,11.2500000000,5.4000000000,18.1500000000,0.9000000000
2026-10-12,S02,K08,weekly_mean56,13.3750000000,8.3250000000,17.9250000000,0.9000000000
2026-10-12,S03,K01,weekly_mean56,8.1250000000,3.2000000000,12.4500000000,0.9000000000
2026-10-12,S03,K02,weekly_mean56,8.2500000000,2.2000000000,13.5500000000,0.9000000000
2026-10-12,S03,K03,weekly_mean56,9.1250000000,4.7500000000,14.2750000000,0.9000000000
2026-10-12,S03,K04,weekly_mean56,9.8750000000,4.0750000000,16.0000000000,0.9000000000
2026-10-12,S03,K05,weekly_mean56,13.0000000000,9.1250000000,18.1250000000,0.9000000000
2026-10-12,S03,K06,weekly_mean56,11.1250000000,6.8000000000,16.4500000000,0.9000000000
2026-10-12,S03,K07,weekly_mean56,13.0000000000,8.4500000000,17.0500000000,0.9000000000
2026-10-12,S03,K08,weekly_mean56,12.8750000000,8.0250000000,18.3750000000,0.9000000000
2026-10-12,S04,K01,weekly_mean56,8.2500000000,3.8250000000,13.1750000000,0.9000000000
2026-10-12,S04,K02,weekly_mean56,9.2500000000,4.6000000000,13.9250000000,0.9000000000
2026-10-12,S04,K03,weekly_mean56,9.7500000000,5.6500000000,13.1750000000,0.9000000000
2026-10-12,S04,K04,weekly_mean56,8.8750000000,3.3000000000,14.2250000000,0.9000000000
2026-10-12,S04,K05,weekly_mean56,13.0000000000,7.2500000000,18.2500000000,0.9000000000
2026-10-12,S04,K06,weekly_mean56,14.2500000000,8.6500000000,19.3500000000,0.9000000000
2026-10-12,S04,K07,weekly_mean56,15.5000000000,10.7000000000,22.3000000000,0.9000000000
2026-10-12,S04,K08,weekly_mean56,13.6250000000,7.4750000000,20.7250000000,0.9000000000
2026-10-12,S05,K01,weekly_mean56,7.7500000000,2.5000000000,12.0500000000,0.9000000000
2026-10-12,S05,K02,weekly_mean56,7.8750000000,3.3250000000,12.7500000000,0.9000000000
2026-10-12,S05,K03,weekly_mean56,10.6250000000,5.6250000000,15.7500000000,0.9000000000
2026-10-12,S05,K04,weekly_mean56,11.7500000000,5.5000000000,17.9250000000,0.9000000000
2026-10-12,S05,K05,weekly_mean56,11.7500000000,5.7500000000,17.0500000000,0.9000000000
2026-10-12,S05,K06,weekly_mean56,13.3750000000,8.8250000000,19.9500000000,0.9000000000
2026-10-12,S05,K07,weekly_mean56,14.8750000000,8.7500000000,21.0000000000,0.9000000000
2026-10-12,S05,K08,weekly_mean56,14.2500000000,9.2000000000,18.8000000000,0.9000000000
2026-10-12,S06,K01,weekly_mean56,8.3750000000,3.7000000000,14.0250000000,0.9000000000
2026-10-12,S06,K02,weekly_mean56,9.1250000000,4.5500000000,14.1000000000,0.9000000000
2026-10-12,S06,K03,weekly_mean56,10.0000000000,5.3500000000,15.2250000000,0.9000000000
2026-10-12,S06,K04,weekly_mean56,11.6250000000,6.8500000000,17.7250000000,0.9000000000
2026-10-12,S06,K05,weekly_mean56,14.2500000000,10.0750000000,20.3000000000,0.9000000000
2026-10-12,S06,K06,weekly_mean56,13.1250000000,7.8500000000,17.2250000000,0.9000000000
2026-10-12,S06,K07,weekly_mean56,15.6250000000,7.5750000000,23.3250000000,0.9000000000
2026-10-12,S06,K08,weekly_mean56,15.5000000000,9.8500000000,19.6250000000,0.9000000000
2026-10-12,S07,K01,weekly_mean56,7.6250000000,2.4500000000,12.3750000000,0.9000000000
2026-10-12,S07,K02,weekly_mean56,8.8750000000,2.8750000000,13.3250000000,0.9000000000
2026-10-12,S07,K03,weekly_mean56,10.0000000000,5.0250000000,15.9000000000,0.9000000000
2026-10-12,S07,K04,weekly_mean56,11.5000000000,6.2500000000,16.6750000000,0.9000000000
2026-10-12,S07,K05,weekly_mean56,13.6250000000,9.3500000000,18.1250000000,0.9000000000
2026-10-12,S07,K06,weekly_mean56,14.6250000000,8.4500000000,19.8250000000,0.9000000000
2026-10-12,S07,K07,weekly_mean56,14.3750000000,8.3000000000,19.8500000000,0.9000000000
2026-10-12,S07,K08,weekly_mean56,16.0000000000,9.6000000000,23.7500000000,0.9000000000
2026-10-12,S08,K01,weekly_mean56,9.2500000000,4.7750000000,14.9250000000,0.9000000000
2026-10-12,S08,K02,weekly_mean56,10.0000000000,4.8000000000,14.9500000000,0.9000000000
2026-10-12,S08,K03,weekly_mean56,10.6250000000,5.3750000000,16.8000000000,0.9000000000
2026-10-12,S08,K04,weekly_mean56,12.2500000000,7.4250000000,19.7000000000,0.9000000000
2026-10-12,S08,K05,weekly_mean56,13.6250000000,8.2500000000,18.2000000000,0.9000000000
2026-10-12,S08,K06,weekly_mean56,15.5000000000,11.2000000000,21.4250000000,0.9000000000
2026-10-12,S08,K07,weekly_mean56,16.3750000000,10.8750000000,22.5750000000,0.9000000000
2026-10-12,S08,K08,weekly_mean56,19.0000000000,13.7500000000,25.3250000000,0.9000000000
2026-10-12,S09,K01,weekly_mean56,10.6250000000,6.7250000000,15.8000000000,0.9000000000
2026-10-12,S09,K02,weekly_mean56,10.2500000000,3.2000000000,16.2000000000,0.9000000000
2026-10-12,S09,K03,weekly_mean56,11.0000000000,6.0000000000,16.3250000000,0.9000000000
2026-10-12,S09,K04,weekly_mean56,12.2500000000,6.8000000000,19.4000000000,0.9000000000
2026-10-12,S09,K05,weekly_mean56,14.3750000000,7.5000000000,19.8000000000,0.9000000000
2026-10-12,S09,K06,weekly_mean56,14.5000000000,9.6000000000,18.6750000000,0.9000000000
2026-10-12,S09,K07,weekly_mean56,18.1250000000,12.2250000000,23.8000000000,0.9000000000
2026-10-12,S09,K08,weekly_mean56,16.7500000000,9.4500000000,22.8500000000,0.9000000000
2026-10-12,S10,K01,weekly_mean56,10.7500000000,6.6000000000,16.1750000000,0.9000000000
2026-10-12,S10,K02,weekly_mean56,9.6250000000,4.5000000000,15.2250000000,0.9000000000
2026-10-12,S10,K03,weekly_mean56,11.8750000000,6.9750000000,19.0000000000,0.9000000000
2026-10-12,S10,K04,weekly_mean56,13.7500000000,7.4500000000,19.7250000000,0.9000000000
2026-10-12,S10,K05,weekly_mean56,15.5000000000,10.1500000000,22.3000000000,0.9000000000
2026-10-12,S10,K06,weekly_mean56,15.7500000000,9.4500000000,20.7500000000,0.9000000000
2026-10-12,S10,K07,weekly_mean56,20.2500000000,14.3750000000,27.3000000000,0.9000000000
2026-10-12,S10,K08,weekly_mean56,18.0000000000,13.2500000000,25.7500000000,0.9000000000
2026-10-12,S11,K01,weekly_mean56,11.1250000000,5.0250000000,19.3500000000,0.9000000000
2026-10-12,S11,K02,weekly_mean56,11.6250000000,6.2500000000,16.3250000000,0.9000000000
2026-10-12,S11,K03,weekly_mean56,13.1250000000,8.8500000000,19.2000000000,0.9000000000
2026-10-12,S11,K04,weekly_mean56,13.7500000000,7.7000000000,19.2750000000,0.9000000000
2026-10-12,S11,K05,weekly_mean56,17.6250000000,11.1250000000,23.3750000000,0.9000000000
2026-10-12,S11,K06,weekly_mean56,14.6250000000,8.7500000000,22.7750000000,0.9000000000
2026-10-12,S11,K07,weekly_mean56,17.0000000000,10.4250000000,24.2500000000,0.9000000000
2026-10-12,S11,K08,weekly_mean56,20.3750000000,13.6000000000,28.0250000000,0.9000000000
2026-10-12,S12,K01,weekly_mean56,11.1250000000,6.3250000000,15.9750000000,0.9000000000
2026-10-12,S12,K02,weekly_mean56,11.6250000000,6.0500000000,16.0000000000,0.9000000000
2026-10-12,S12,K03,weekly_mean56,13.8750000000,8.5250000000,19.2250000000,0.9000000000
2026-10-12,S12,K04,weekly_mean56,12.5000000000,7.4000000000,18.4250000000,0.9000000000
2026-10-12,S12,K05,weekly_mean56,14.3750000000,7.8250000000,19.7250000000,0.9000000000
2026-10-12,S12,K06,weekly_mean56,15.5000000000,7.5250000000,21.5250000000,0.9000000000
2026-10-12,S12,K07,weekly_mean56,19.8750000000,15.5000000000,24.0750000000,0.9000000000
2026-10-12,S12,K08,weekly_mean56,18.8750000000,14.1750000000,24.4250000000,0.9000000000
2026-10-13,S01,K01,weekly_mean56,7.5000000000,3.2750000000,12.4250000000,0.9000000000
2026-10-13,S01,K02,weekly_mean56,6.6250000000,2.2500000000,10.1500000000,0.9000000000
2026-10-13,S01,K03,weekly_mean56,9.7500000000,4.3750000000,14.6750000000,0.9000000000
2026-10-13,S01,K04,weekly_mean56,10.5000000000,4.9750000000,15.1750000000,0.9000000000
2026-10-13,S01,K05,weekly_mean56,10.0000000000,5.6500000000,16.8750000000,0.9000000000
2026-10-13,S01,K06,weekly_mean56,11.1250000000,5.5250000000,17.4000000000,0.9000000000
2026-10-13,S01,K07,weekly_mean56,14.3750000000,8.6000000000,19.9250000000,0.9000000000
2026-10-13,S01,K08,weekly_mean56,11.7500000000,7.4000000000,15.9750000000,0.9000000000
2026-10-13,S02,K01,weekly_mean56,8.8750000000,4.4000000000,14.0500000000,0.9000000000
2026-10-13,S02,K02,weekly_mean56,7.3750000000,2.8250000000,11.1000000000,0.9000000000
2026-10-13,S02,K03,weekly_mean56,9.1250000000,3.9500000000,14.6000000000,0.9000000000
2026-10-13,S02,K04,weekly_mean56,9.5000000000,3.7500000000,14.0000000000,0.9000000000
2026-10-13,S02,K05,weekly_mean56,12.5000000000,7.8250000000,17.5000000000,0.9000000000
2026-10-13,S02,K06,weekly_mean56,9.8750000000,4.9500000000,14.1750000000,0.9000000000
2026-10-13,S02,K07,weekly_mean56,12.5000000000,6.6500000000,19.4000000000,0.9000000000
2026-10-13,S02,K08,weekly_mean56,13.8750000000,8.8250000000,18.4250000000,0.9000000000
2026-10-13,S03,K01,weekly_mean56,8.1250000000,3.2000000000,12.4500000000,0.9000000000
2026-10-13,S03,K02,weekly_mean56,8.1250000000,2.0750000000,13.4250000000,0.9000000000
2026-10-13,S03,K03,weekly_mean56,9.7500000000,5.3750000000,14.9000000000,0.9000000000
2026-10-13,S03,K04,weekly_mean56,10.7500000000,4.9500000000,16.8750000000,0.9000000000
2026-10-13,S03,K05,weekly_mean56,11.2500000000,7.3750000000,16.3750000000,0.9000000000
2026-10-13,S03,K06,weekly_mean56,13.8750000000,9.5500000000,19.2000000000,0.9000000000
2026-10-13,S03,K07,weekly_mean56,12.7500000000,8.2000000000,16.8000000000,0.9000000000
2026-10-13,S03,K08,weekly_mean56,12.8750000000,8.0250000000,18.3750000000,0.9000000000
2026-10-13,S04,K01,weekly_mean56,7.2500000000,2.8250000000,12.1750000000,0.9000000000
2026-10-13,S04,K02,weekly_mean56,8.2500000000,3.6000000000,12.9250000000,0.9000000000
2026-10-13,S04,K03,weekly_mean56,11.2500000000,7.1500000000,14.6750000000,0.9000000000
2026-10-13,S04,K04,weekly_mean56,10.0000000000,4.4250000000,15.3500000000,0.9000000000
2026-10-13,S04,K05,weekly_mean56,11.6250000000,5.8750000000,16.8750000000,0.9000000000
2026-10-13,S04,K06,weekly_mean56,13.1250000000,7.5250000000,18.2250000000,0.9000000000
2026-10-13,S04,K07,weekly_mean56,15.6250000000,10.8250000000,22.4250000000,0.9000000000
2026-10-13,S04,K08,weekly_mean56,15.6250000000,9.4750000000,22.7250000000,0.9000000000
2026-10-13,S05,K01,weekly_mean56,9.8750000000,4.6250000000,14.1750000000,0.9000000000
2026-10-13,S05,K02,weekly_mean56,10.3750000000,5.8250000000,15.2500000000,0.9000000000
2026-10-13,S05,K03,weekly_mean56,10.6250000000,5.6250000000,15.7500000000,0.9000000000
2026-10-13,S05,K04,weekly_mean56,11.0000000000,4.7500000000,17.1750000000,0.9000000000
2026-10-13,S05,K05,weekly_mean56,13.3750000000,7.3750000000,18.6750000000,0.9000000000
2026-10-13,S05,K06,weekly_mean56,14.7500000000,10.2000000000,21.3250000000,0.9000000000
2026-10-13,S05,K07,weekly_mean56,16.8750000000,10.7500000000,23.0000000000,0.9000000000
2026-10-13,S05,K08,weekly_mean56,15.8750000000,10.8250000000,20.4250000000,0.9000000000
2026-10-13,S06,K01,weekly_mean56,9.5000000000,4.8250000000,15.1500000000,0.9000000000
2026-10-13,S06,K02,weekly_mean56,9.6250000000,5.0500000000,14.6000000000,0.9000000000
2026-10-13,S06,K03,weekly_mean56,11.5000000000,6.8500000000,16.7250000000,0.9000000000
2026-10-13,S06,K04,weekly_mean56,11.8750000000,7.1000000000,17.9750000000,0.9000000000
2026-10-13,S06,K05,weekly_mean56,14.3750000000,10.2000000000,20.4250000000,0.9000000000
2026-10-13,S06,K06,weekly_mean56,13.1250000000,7.8500000000,17.2250000000,0.9000000000
2026-10-13,S06,K07,weekly_mean56,16.3750000000,8.3250000000,24.0750000000,0.9000000000
2026-10-13,S06,K08,weekly_mean56,15.6250000000,9.9750000000,19.7500000000,0.9000000000
2026-10-13,S07,K01,weekly_mean56,9.7500000000,4.5750000000,14.5000000000,0.9000000000
2026-10-13,S07,K02,weekly_mean56,10.2500000000,4.2500000000,14.7000000000,0.9000000000
2026-10-13,S07,K03,weekly_mean56,12.5000000000,7.5250000000,18.4000000000,0.9000000000
2026-10-13,S07,K04,weekly_mean56,13.1250000000,7.8750000000,18.3000000000,0.9000000000
2026-10-13,S07,K05,weekly_mean56,14.2500000000,9.9750000000,18.7500000000,0.9000000000
2026-10-13,S07,K06,weekly_mean56,14.2500000000,8.0750000000,19.4500000000,0.9000000000
2026-10-13,S07,K07,weekly_mean56,17.7500000000,11.6750000000,23.2250000000,0.9000000000
2026-10-13,S07,K08,weekly_mean56,17.7500000000,11.3500000000,25.5000000000,0.9000000000
2026-10-13,S08,K01,weekly_mean56,10.3750000000,5.9000000000,16.0500000000,0.9000000000
2026-10-13,S08,K02,weekly_mean56,9.7500000000,4.5500000000,14.7000000000,0.9000000000
2026-10-13,S08,K03,weekly_mean56,13.1250000000,7.8750000000,19.3000000000,0.9000000000
2026-10-13,S08,K04,weekly_mean56,14.0000000000,9.1750000000,21.4500000000,0.9000000000
2026-10-13,S08,K05,weekly_mean56,13.3750000000,8.0000000000,17.9500000000,0.9000000000
2026-10-13,S08,K06,weekly_mean56,15.5000000000,11.2000000000,21.4250000000,0.9000000000
2026-10-13,S08,K07,weekly_mean56,16.8750000000,11.3750000000,23.0750000000,0.9000000000
2026-10-13,S08,K08,weekly_mean56,18.3750000000,13.1250000000,24.7000000000,0.9000000000
2026-10-13,S09,K01,weekly_mean56,11.2500000000,7.3500000000,16.4250000000,0.9000000000
2026-10-13,S09,K02,weekly_mean56,10.5000000000,3.4500000000,16.4500000000,0.9000000000
2026-10-13,S09,K03,weekly_mean56,14.1250000000,9.1250000000,19.4500000000,0.9000000000
2026-10-13,S09,K04,weekly_mean56,13.8750000000,8.4250000000,21.0250000000,0.9000000000
2026-10-13,S09,K05,weekly_mean56,15.3750000000,8.5000000000,20.8000000000,0.9000000000
2026-10-13,S09,K06,weekly_mean56,12.5000000000,7.6000000000,16.6750000000,0.9000000000
2026-10-13,S09,K07,weekly_mean56,15.3750000000,9.4750000000,21.0500000000,0.9000000000
2026-10-13,S09,K08,weekly_mean56,17.6250000000,10.3250000000,23.7250000000,0.9000000000
2026-10-13,S10,K01,weekly_mean56,10.5000000000,6.3500000000,15.9250000000,0.9000000000
2026-10-13,S10,K02,weekly_mean56,10.7500000000,5.6250000000,16.3500000000,0.9000000000
2026-10-13,S10,K03,weekly_mean56,13.8750000000,8.9750000000,21.0000000000,0.9000000000
2026-10-13,S10,K04,weekly_mean56,13.3750000000,7.0750000000,19.3500000000,0.9000000000
2026-10-13,S10,K05,weekly_mean56,16.1250000000,10.7750000000,22.9250000000,0.9000000000
2026-10-13,S10,K06,weekly_mean56,17.2500000000,10.9500000000,22.2500000000,0.9000000000
2026-10-13,S10,K07,weekly_mean56,18.5000000000,12.6250000000,25.5500000000,0.9000000000
2026-10-13,S10,K08,weekly_mean56,19.6250000000,14.8750000000,27.3750000000,0.9000000000
2026-10-13,S11,K01,weekly_mean56,9.1250000000,3.0250000000,17.3500000000,0.9000000000
2026-10-13,S11,K02,weekly_mean56,12.8750000000,7.5000000000,17.5750000000,0.9000000000
2026-10-13,S11,K03,weekly_mean56,14.2500000000,9.9750000000,20.3250000000,0.9000000000
2026-10-13,S11,K04,weekly_mean56,14.2500000000,8.2000000000,19.7750000000,0.9000000000
2026-10-13,S11,K05,weekly_mean56,16.1250000000,9.6250000000,21.8750000000,0.9000000000
2026-10-13,S11,K06,weekly_mean56,17.5000000000,11.6250000000,25.6500000000,0.9000000000
2026-10-13,S11,K07,weekly_mean56,17.7500000000,11.1750000000,25.0000000000,0.9000000000
2026-10-13,S11,K08,weekly_mean56,21.8750000000,15.1000000000,29.5250000000,0.9000000000
2026-10-13,S12,K01,weekly_mean56,12.2500000000,7.4500000000,17.1000000000,0.9000000000
2026-10-13,S12,K02,weekly_mean56,12.6250000000,7.0500000000,17.0000000000,0.9000000000
2026-10-13,S12,K03,weekly_mean56,15.0000000000,9.6500000000,20.3500000000,0.9000000000
2026-10-13,S12,K04,weekly_mean56,14.0000000000,8.9000000000,19.9250000000,0.9000000000
2026-10-13,S12,K05,weekly_mean56,15.2500000000,8.7000000000,20.6000000000,0.9000000000
2026-10-13,S12,K06,weekly_mean56,18.7500000000,10.7750000000,24.7750000000,0.9000000000
2026-10-13,S12,K07,weekly_mean56,18.8750000000,14.5000000000,23.0750000000,0.9000000000
2026-10-13,S12,K08,weekly_mean56,21.5000000000,16.8000000000,27.0500000000,0.9000000000
2026-10-14,S01,K01,weekly_mean56,8.0000000000,3.7750000000,12.9250000000,0.9000000000
2026-10-14,S01,K02,weekly_mean56,7.5000000000,3.1250000000,11.0250000000,0.9000000000
2026-10-14,S01,K03,weekly_mean56,8.3750000000,3.0000000000,13.3000000000,0.9000000000
2026-10-14,S01,K04,weekly_mean56,9.3750000000,3.8500000000,14.0500000000,0.9000000000
2026-10-14,S01,K05,weekly_mean56,11.8750000000,7.5250000000,18.7500000000,0.9000000000
2026-10-14,S01,K06,weekly_mean56,11.0000000000,5.4000000000,17.2750000000,0.9000000000
2026-10-14,S01,K07,weekly_mean56,13.3750000000,7.6000000000,18.9250000000,0.9000000000
2026-10-14,S01,K08,weekly_mean56,13.5000000000,9.1500000000,17.7250000000,0.9000000000
2026-10-14,S02,K01,weekly_mean56,8.1250000000,3.6500000000,13.3000000000,0.9000000000
2026-10-14,S02,K02,weekly_mean56,7.3750000000,2.8250000000,11.1000000000,0.9000000000
2026-10-14,S02,K03,weekly_mean56,9.0000000000,3.8250000000,14.4750000000,0.9000000000
2026-10-14,S02,K04,weekly_mean56,8.5000000000,2.7500000000,13.0000000000,0.9000000000
2026-10-14,S02,K05,weekly_mean56,10.5000000000,5.8250000000,15.5000000000,0.9000000000
2026-10-14,S02,K06,weekly_mean56,11.7500000000,6.8250000000,16.0500000000,0.9000000000
2026-10-14,S02,K07,weekly_mean56,14.0000000000,8.1500000000,20.9000000000,0.9000000000
2026-10-14,S02,K08,weekly_mean56,13.2500000000,8.2000000000,17.8000000000,0.9000000000
2026-10-14,S03,K01,weekly_mean56,6.3750000000,1.4500000000,10.7000000000,0.9000000000
2026-10-14,S03,K02,weekly_mean56,9.2500000000,3.2000000000,14.5500000000,0.9000000000
2026-10-14,S03,K03,weekly_mean56,10.1250000000,5.7500000000,15.2750000000,0.9000000000
2026-10-14,S03,K04,weekly_mean56,8.5000000000,2.7000000000,14.6250000000,0.9000000000
2026-10-14,S03,K05,weekly_mean56,11.5000000000,7.6250000000,16.6250000000,0.9000000000
2026-10-14,S03,K06,weekly_mean56,12.2500000000,7.9250000000,17.5750000000,0.9000000000
2026-10-14,S03,K07,weekly_mean56,12.8750000000,8.3250000000,16.9250000000,0.9000000000
2026-10-14,S03,K08,weekly_mean56,12.5000000000,7.6500000000,18.0000000000,0.9000000000
2026-10-14,S04,K01,weekly_mean56,9.3750000000,4.9500000000,14.3000000000,0.9000000000
2026-10-14,S04,K02,weekly_mean56,9.0000000000,4.3500000000,13.6750000000,0.9000000000
2026-10-14,S04,K03,weekly_mean56,10.7500000000,6.6500000000,14.1750000000,0.9000000000
2026-10-14,S04,K04,weekly_mean56,12.0000000000,6.4250000000,17.3500000000,0.9000000000
2026-10-14,S04,K05,weekly_mean56,13.2500000000,7.5000000000,18.5000000000,0.9000000000
2026-10-14,S04,K06,weekly_mean56,13.8750000000,8.2750000000,18.9750000000,0.9000000000
2026-10-14,S04,K07,weekly_mean56,14.2500000000,9.4500000000,21.0500000000,0.9000000000
2026-10-14,S04,K08,weekly_mean56,15.0000000000,8.8500000000,22.1000000000,0.9000000000
2026-10-14,S05,K01,weekly_mean56,9.7500000000,4.5000000000,14.0500000000,0.9000000000
2026-10-14,S05,K02,weekly_mean56,9.1250000000,4.5750000000,14.0000000000,0.9000000000
2026-10-14,S05,K03,weekly_mean56,11.1250000000,6.1250000000,16.2500000000,0.9000000000
2026-10-14,S05,K04,weekly_mean56,10.6250000000,4.3750000000,16.8000000000,0.9000000000
2026-10-14,S05,K05,weekly_mean56,12.5000000000,6.5000000000,17.8000000000,0.9000000000
2026-10-14,S05,K06,weekly_mean56,13.2500000000,8.7000000000,19.8250000000,0.9000000000
2026-10-14,S05,K07,weekly_mean56,15.0000000000,8.8750000000,21.1250000000,0.9000000000
2026-10-14,S05,K08,weekly_mean56,15.8750000000,10.8250000000,20.4250000000,0.9000000000
2026-10-14,S06,K01,weekly_mean56,9.6250000000,4.9500000000,15.2750000000,0.9000000000
2026-10-14,S06,K02,weekly_mean56,9.6250000000,5.0500000000,14.6000000000,0.9000000000
2026-10-14,S06,K03,weekly_mean56,11.8750000000,7.2250000000,17.1000000000,0.9000000000
2026-10-14,S06,K04,weekly_mean56,10.6250000000,5.8500000000,16.7250000000,0.9000000000
2026-10-14,S06,K05,weekly_mean56,16.2500000000,12.0750000000,22.3000000000,0.9000000000
2026-10-14,S06,K06,weekly_mean56,13.5000000000,8.2250000000,17.6000000000,0.9000000000
2026-10-14,S06,K07,weekly_mean56,15.0000000000,6.9500000000,22.7000000000,0.9000000000
2026-10-14,S06,K08,weekly_mean56,16.7500000000,11.1000000000,20.8750000000,0.9000000000
2026-10-14,S07,K01,weekly_mean56,8.8750000000,3.7000000000,13.6250000000,0.9000000000
2026-10-14,S07,K02,weekly_mean56,9.2500000000,3.2500000000,13.7000000000,0.9000000000
2026-10-14,S07,K03,weekly_mean56,11.2500000000,6.2750000000,17.1500000000,0.9000000000
2026-10-14,S07,K04,weekly_mean56,11.6250000000,6.3750000000,16.8000000000,0.9000000000
2026-10-14,S07,K05,weekly_mean56,14.2500000000,9.9750000000,18.7500000000,0.9000000000
2026-10-14,S07,K06,weekly_mean56,15.5000000000,9.3250000000,20.7000000000,0.9000000000
2026-10-14,S07,K07,weekly_mean56,16.7500000000,10.6750000000,22.2250000000,0.9000000000
2026-10-14,S07,K08,weekly_mean56,17.0000000000,10.6000000000,24.7500000000,0.9000000000
2026-10-14,S08,K01,weekly_mean56,11.0000000000,6.5250000000,16.6750000000,0.9000000000
2026-10-14,S08,K02,weekly_mean56,9.5000000000,4.3000000000,14.4500000000,0.9000000000
2026-10-14,S08,K03,weekly_mean56,12.2500000000,7.0000000000,18.4250000000,0.9000000000
2026-10-14,S08,K04,weekly_mean56,13.3750000000,8.5500000000,20.8250000000,0.9000000000
2026-10-14,S08,K05,weekly_mean56,14.3750000000,9.0000000000,18.9500000000,0.9000000000
2026-10-14,S08,K06,weekly_mean56,12.5000000000,8.2000000000,18.4250000000,0.9000000000
2026-10-14,S08,K07,weekly_mean56,18.2500000000,12.7500000000,24.4500000000,0.9000000000
2026-10-14,S08,K08,weekly_mean56,18.2500000000,13.0000000000,24.5750000000,0.9000000000
2026-10-14,S09,K01,weekly_mean56,12.3750000000,8.4750000000,17.5500000000,0.9000000000
2026-10-14,S09,K02,weekly_mean56,10.0000000000,2.9500000000,15.9500000000,0.9000000000
2026-10-14,S09,K03,weekly_mean56,11.7500000000,6.7500000000,17.0750000000,0.9000000000
2026-10-14,S09,K04,weekly_mean56,13.7500000000,8.3000000000,20.9000000000,0.9000000000
2026-10-14,S09,K05,weekly_mean56,15.1250000000,8.2500000000,20.5500000000,0.9000000000
2026-10-14,S09,K06,weekly_mean56,16.7500000000,11.8500000000,20.9250000000,0.9000000000
2026-10-14,S09,K07,weekly_mean56,15.8750000000,9.9750000000,21.5500000000,0.9000000000
2026-10-14,S09,K08,weekly_mean56,19.7500000000,12.4500000000,25.8500000000,0.9000000000
2026-10-14,S10,K01,weekly_mean56,8.6250000000,4.4750000000,14.0500000000,0.9000000000
2026-10-14,S10,K02,weekly_mean56,11.6250000000,6.5000000000,17.2250000000,0.9000000000
2026-10-14,S10,K03,weekly_mean56,13.7500000000,8.8500000000,20.8750000000,0.9000000000
2026-10-14,S10,K04,weekly_mean56,12.8750000000,6.5750000000,18.8500000000,0.9000000000
2026-10-14,S10,K05,weekly_mean56,15.8750000000,10.5250000000,22.6750000000,0.9000000000
2026-10-14,S10,K06,weekly_mean56,16.2500000000,9.9500000000,21.2500000000,0.9000000000
2026-10-14,S10,K07,weekly_mean56,18.3750000000,12.5000000000,25.4250000000,0.9000000000
2026-10-14,S10,K08,weekly_mean56,19.7500000000,15.0000000000,27.5000000000,0.9000000000
2026-10-14,S11,K01,weekly_mean56,12.0000000000,5.9000000000,20.2250000000,0.9000000000
2026-10-14,S11,K02,weekly_mean56,13.2500000000,7.8750000000,17.9500000000,0.9000000000
2026-10-14,S11,K03,weekly_mean56,13.1250000000,8.8500000000,19.2000000000,0.9000000000
2026-10-14,S11,K04,weekly_mean56,15.7500000000,9.7000000000,21.2750000000,0.9000000000
2026-10-14,S11,K05,weekly_mean56,16.7500000000,10.2500000000,22.5000000000,0.9000000000
2026-10-14,S11,K06,weekly_mean56,17.0000000000,11.1250000000,25.1500000000,0.9000000000
2026-10-14,S11,K07,weekly_mean56,19.0000000000,12.4250000000,26.2500000000,0.9000000000
2026-10-14,S11,K08,weekly_mean56,19.0000000000,12.2250000000,26.6500000000,0.9000000000
2026-10-14,S12,K01,weekly_mean56,9.2500000000,4.4500000000,14.1000000000,0.9000000000
2026-10-14,S12,K02,weekly_mean56,12.6250000000,7.0500000000,17.0000000000,0.9000000000
2026-10-14,S12,K03,weekly_mean56,13.6250000000,8.2750000000,18.9750000000,0.9000000000
2026-10-14,S12,K04,weekly_mean56,16.0000000000,10.9000000000,21.9250000000,0.9000000000
2026-10-14,S12,K05,weekly_mean56,15.7500000000,9.2000000000,21.1000000000,0.9000000000
2026-10-14,S12,K06,weekly_mean56,18.3750000000,10.4000000000,24.4000000000,0.9000000000
2026-10-14,S12,K07,weekly_mean56,18.1250000000,13.7500000000,22.3250000000,0.9000000000
2026-10-14,S12,K08,weekly_mean56,19.1250000000,14.4250000000,24.6750000000,0.9000000000
