vehicle_id,upper,lower,contact_mm2,transferred_kg,pressure_kg_m2
T001,G5-0003,G5-0002,160000.0,18.0,112.5
T001,G5-0006,G5-0005,160000.0,18.0,112.5
T001,G5-0009,G5-0008,160000.0,18.0,112.5
T001,G5-0012,G5-0011,160000.0,18.0,112.5
T001,G5-0015,G5-0014,160000.0,18.0,112.5
T001,G5-0018,G5-0017,160000.0,18.0,112.5
T001,G5-0021,G5-0020,160000.0,18.0,112.5
T001,G5-0024,G5-0023,160000.0,18.0,112.5
T001,G5-0027,G5-0026,160000.0,18.0,112.5
T001,G5-0030,G5-0029,160000.0,18.0,112.5
T001,G5-0033,G5-0032,160000.0,18.0,112.5
T001,G5-0036,G5-0035,160000.0,18.0,112.5
T001,G5-0039,G5-0038,160000.0,18.0,112.5
T001,G5-0042,G5-0041,160000.0,18.0,112.5
T001,G5-0045,G5-0044,160000.0,18.0,112.5
T001,G5-0048,G5-0047,160000.0,18.0,112.5
T001,G5-0051,G5-0050,160000.0,18.0,112.5
T001,G5-0054,G5-0053,160000.0,18.0,112.5
T001,G5-0057,G5-0056,160000.0,18.0,112.5
T001,G5-0060,G5-0059,160000.0,18.0,112.5
T001,G5-0063,G5-0062,160000.0,18.0,112.5
T001,G5-0066,G5-0065,160000.0,18.0,112.5
T001,G5-0069,G5-0068,160000.0,18.0,112.5
T001,G5-0072,G5-0071,160000.0,18.0,112.5
T001,G5-0075,G5-0074,160000.0,18.0,112.5
T001,G5-0078,G5-0077,160000.0,18.0,112.5
T001,G5-0081,G5-0080,160000.0,18.0,112.5
T001,G5-0084,G5-0083,160000.0,18.0,112.5
T001,G5-0087,G5-0086,160000.0,18.0,112.5
T001,G5-0090,G5-0089,160000.0,18.0,112.5
T001,G5-0093,G5-0092,160000.0,18.0,112.5
T001,G5-0096,G5-0095,160000.0,18.0,112.5
T001,G5-0099,G5-0098,160000.0,18.0,112.5
T001,G5-0102,G5-0101,160000.0,18.0,112.5
T001,G5-0105,G5-0104,160000.0,18.0,112.5
T001,G5-0108,G5-0107,160000.0,18.0,112.5
T001,G5-0111,G5-0110,160000.0,18.0,112.5
T001,G5-0114,G5-0113,160000.0,18.0,112.5
T001,G5-0117,G5-0116,160000.0,18.0,112.5
T001,G5-0120,G5-0119,160000.0,18.0,112.5
T001,G5-0123,G5-0122,160000.0,18.0,112.5
T001,G5-0126,G5-0125,160000.0,18.0,112.5
T001,G5-0129,G5-0128,160000.0,18.0,112.5
T001,G5-0132,G5-0131,160000.0,18.0,112.5
T001,G5-0135,G5-0134,160000.0,18.0,112.5
T001,G5-0138,G5-0137,160000.0,18.0,112.5
T001,G5-0141,G5-0140,160000.0,18.0,112.5
T001,G5-0144,G5-0143,160000.0,18.0,112.5
T001,G5-0147,G5-0146,160000.0,18.0,112.5
T001,G5-0150,G5-0149,160000.0,18.0,112.5
T001,G5-0002,G5-0001,160000.0,36.0,225.0
T001,G5-0005,G5-0004,160000.0,36.0,225.0
T001,G5-0008,G5-0007,160000.0,36.0,225.0
T001,G5-0011,G5-0010,160000.0,36.0,225.0
T001,G5-0014,G5-0013,160000.0,36.0,225.0
T001,G5-0017,G5-0016,160000.0,36.0,225.0
T001,G5-0020,G5-0019,160000.0,36.0,225.0
T001,G5-0023,G5-0022,160000.0,36.0,225.0
T001,G5-0026,G5-0025,160000.0,36.0,225.0
T001,G5-0029,G5-0028,160000.0,36.0,225.0
T001,G5-0032,G5-0031,160000.0,36.0,225.0
T001,G5-0035,G5-0034,160000.0,36.0,225.0
T001,G5-0038,G5-0037,160000.0,36.0,225.0
T001,G5-0041,G5-0040,160000.0,36.0,225.0
T001,G5-0044,G5-0043,160000.0,36.0,225.0
T001,G5-0047,G5-0046,160000.0,36.0,225.0
T001,G5-0050,G5-0049,160000.0,36.0,225.0
T001,G5-0053,G5-0052,160000.0,36.0,225.0
T001,G5-0056,G5-0055,160000.0,36.0,225.0
T001,G5-0059,G5-0058,160000.0,36.0,225.0
T001,G5-0062,G5-0061,160000.0,36.0,225.0
T001,G5-0065,G5-0064,160000.0,36.0,225.0
T001,G5-0068,G5-0067,160000.0,36.0,225.0
T001,G5-0071,G5-0070,160000.0,36.0,225.0
T001,G5-0074,G5-0073,160000.0,36.0,225.0
T001,G5-0077,G5-0076,160000.0,36.0,225.0
T001,G5-0080,G5-0079,160000.0,36.0,225.0
T001,G5-0083,G5-0082,160000.0,36.0,225.0
T001,G5-0086,G5-0085,160000.0,36.0,225.0
T001,G5-0089,G5-0088,160000.0,36.0,225.0
T001,G5-0092,G5-0091,160000.0,36.0,225.0
T001,G5-0095,G5-0094,160000.0,36.0,225.0
T001,G5-0098,G5-0097,160000.0,36.0,225.0
T001,G5-0101,G5-0100,160000.0,36.0,225.0
T001,G5-0104,G5-0103,160000.0,36.0,225.0
T001,G5-0107,G5-0106,160000.0,36.0,225.0
T001,G5-0110,G5-0109,160000.0,36.0,225.0
T001,G5-0113,G5-0112,160000.0,36.0,225.0
T001,G5-0116,G5-0115,160000.0,36.0,225.0
T001,G5-0119,G5-0118,160000.0,36.0,225.0
T001,G5-0122,G5-0121,160000.0,36.0,225.0
T001,G5-0125,G5-0124,160000.0,36.0,225.0
T001,G5-0128,G5-0127,160000.0,36.0,225.0
T001,G5-0131,G5-0130,160000.0,36.0,225.0
T001,G5-0134,G5-0133,160000.0,36.0,225.0
T001,G5-0137,G5-0136,160000.0,36.0,225.0
T001,G5-0140,G5-0139,160000.0,36.0,225.0
T001,G5-0143,G5-0142,160000.0,36.0,225.0
T001,G5-0146,G5-0145,160000.0,36.0,225.0
T001,G5-0149,G5-0148,160000.0,36.0,225.0
T002,G5-0153,G5-0152,160000.0,18.0,112.5
T002,G5-0156,G5-0155,160000.0,18.0,112.5
T002,G5-0159,G5-0158,160000.0,18.0,112.5
T002,G5-0162,G5-0161,160000.0,18.0,112.5
T002,G5-0165,G5-0164,160000.0,18.0,112.5
T002,G5-0168,G5-0167,160000.0,18.0,112.5
T002,G5-0171,G5-0170,160000.0,18.0,112.5
T002,G5-0174,G5-0173,160000.0,18.0,112.5
T002,G5-0177,G5-0176,160000.0,18.0,112.5
T002,G5-0180,G5-0179,160000.0,18.0,112.5
T002,G5-0183,G5-0182,160000.0,18.0,112.5
T002,G5-0186,G5-0185,160000.0,18.0,112.5
T002,G5-0189,G5-0188,160000.0,18.0,112.5
T002,G5-0192,G5-0191,160000.0,18.0,112.5
T002,G5-0195,G5-0194,160000.0,18.0,112.5
T002,G5-0198,G5-0197,160000.0,18.0,112.5
T002,G5-0201,G5-0200,160000.0,18.0,112.5
T002,G5-0204,G5-0203,160000.0,18.0,112.5
T002,G5-0207,G5-0206,160000.0,18.0,112.5
T002,G5-0210,G5-0209,160000.0,18.0,112.5
T002,G5-0213,G5-0212,160000.0,18.0,112.5
T002,G5-0216,G5-0215,160000.0,18.0,112.5
T002,G5-0219,G5-0218,160000.0,18.0,112.5
T002,G5-0222,G5-0221,160000.0,18.0,112.5
T002,G5-0225,G5-0224,160000.0,18.0,112.5
T002,G5-0228,G5-0227,160000.0,18.0,112.5
T002,G5-0231,G5-0230,160000.0,18.0,112.5
T002,G5-0234,G5-0233,160000.0,18.0,112.5
T002,G5-0237,G5-0236,160000.0,18.0,112.5
T002,G5-0240,G5-0239,160000.0,18.0,112.5
T002,G5-0243,G5-0242,160000.0,18.0,112.5
T002,G5-0246,G5-0245,160000.0,18.0,112.5
T002,G5-0249,G5-0248,160000.0,18.0,112.5
T002,G5-0252,G5-0251,160000.0,18.0,112.5
T002,G5-0255,G5-0254,160000.0,18.0,112.5
T002,G5-0258,G5-0257,160000.0,18.0,112.5
T002,G5-0261,G5-0260,160000.0,18.0,112.5
T002,G5-0264,G5-0263,160000.0,18.0,112.5
T002,G5-0267,G5-0266,160000.0,18.0,112.5
T002,G5-0270,G5-0269,160000.0,18.0,112.5
T002,G5-0273,G5-0272,160000.0,18.0,112.5
T002,G5-0276,G5-0275,160000.0,18.0,112.5
T002,G5-0279,G5-0278,160000.0,18.0,112.5
T002,G5-0282,G5-0281,160000.0,18.0,112.5
T002,G5-0285,G5-0284,160000.0,18.0,112.5
T002,G5-0288,G5-0287,160000.0,18.0,112.5
T002,G5-0291,G5-0290,160000.0,18.0,112.5
T002,G5-0294,G5-0293,160000.0,18.0,112.5
T002,G5-0297,G5-0296,160000.0,18.0,112.5
T002,G5-0300,G5-0299,160000.0,18.0,112.5
T002,G5-0152,G5-0151,160000.0,36.0,225.0
T002,G5-0155,G5-0154,160000.0,36.0,225.0
T002,G5-0158,G5-0157,160000.0,36.0,225.0
T002,G5-0161,G5-0160,160000.0,36.0,225.0
T002,G5-0164,G5-0163,160000.0,36.0,225.0
T002,G5-0167,G5-0166,160000.0,36.0,225.0
T002,G5-0170,G5-0169,160000.0,36.0,225.0
T002,G5-0173,G5-0172,160000.0,36.0,225.0
T002,G5-0176,G5-0175,160000.0,36.0,225.0
T002,G5-0179,G5-0178,160000.0,36.0,225.0
T002,G5-0182,G5-0181,160000.0,36.0,225.0
T002,G5-0185,G5-0184,160000.0,36.0,225.0
T002,G5-0188,G5-0187,160000.0,36.0,225.0
T002,G5-0191,G5-0190,160000.0,36.0,225.0
T002,G5-0194,G5-0193,160000.0,36.0,225.0
T002,G5-0197,G5-0196,160000.0,36.0,225.0
T002,G5-0200,G5-0199,160000.0,36.0,225.0
T002,G5-0203,G5-0202,160000.0,36.0,225.0
T002,G5-0206,G5-0205,160000.0,36.0,225.0
T002,G5-0209,G5-0208,160000.0,36.0,225.0
T002,G5-0212,G5-0211,160000.0,36.0,225.0
T002,G5-0215,G5-0214,160000.0,36.0,225.0
T002,G5-0218,G5-0217,160000.0,36.0,225.0
T002,G5-0221,G5-0220,160000.0,36.0,225.0
T002,G5-0224,G5-0223,160000.0,36.0,225.0
T002,G5-0227,G5-0226,160000.0,36.0,225.0
T002,G5-0230,G5-0229,160000.0,36.0,225.0
T002,G5-0233,G5-0232,160000.0,36.0,225.0
T002,G5-0236,G5-0235,160000.0,36.0,225.0
T002,G5-0239,G5-0238,160000.0,36.0,225.0
T002,G5-0242,G5-0241,160000.0,36.0,225.0
T002,G5-0245,G5-0244,160000.0,36.0,225.0
T002,G5-0248,G5-0247,160000.0,36.0,225.0
T002,G5-0251,G5-0250,160000.0,36.0,225.0
T002,G5-0254,G5-0253,160000.0,36.0,225.0
T002,G5-0257,G5-0256,160000.0,36.0,225.0
T002,G5-0260,G5-0259,160000.0,36.0,225.0
T002,G5-0263,G5-0262,160000.0,36.0,225.0
T002,G5-0266,G5-0265,160000.0,36.0,225.0
T002,G5-0269,G5-0268,160000.0,36.0,225.0
T002,G5-0272,G5-0271,160000.0,36.0,225.0
T002,G5-0275,G5-0274,160000.0,36.0,225.0
T002,G5-0278,G5-0277,160000.0,36.0,225.0
T002,G5-0281,G5-0280,160000.0,36.0,225.0
T002,G5-0284,G5-0283,160000.0,36.0,225.0
T002,G5-0287,G5-0286,160000.0,36.0,225.0
T002,G5-0290,G5-0289,160000.0,36.0,225.0
T002,G5-0293,G5-0292,160000.0,36.0,225.0
T002,G5-0296,G5-0295,160000.0,36.0,225.0
T002,G5-0299,G5-0298,160000.0,36.0,225.0
T003,G5-0303,G5-0302,160000.0,18.0,112.5
T003,G5-0306,G5-0305,160000.0,18.0,112.5
T003,G5-0309,G5-0308,160000.0,18.0,112.5
T003,G5-0312,G5-0311,160000.0,18.0,112.5
T003,G5-0315,G5-0314,160000.0,18.0,112.5
T003,G5-0318,G5-0317,160000.0,18.0,112.5
T003,G5-0321,G5-0320,160000.0,18.0,112.5
T003,G5-0324,G5-0323,160000.0,18.0,112.5
T003,G5-0327,G5-0326,160000.0,18.0,112.5
T003,G5-0330,G5-0329,160000.0,18.0,112.5
T003,G5-0333,G5-0332,160000.0,18.0,112.5
T003,G5-0336,G5-0335,160000.0,18.0,112.5
T003,G5-0339,G5-0338,160000.0,18.0,112.5
T003,G5-0342,G5-0341,160000.0,18.0,112.5
T003,G5-0345,G5-0344,160000.0,18.0,112.5
T003,G5-0348,G5-0347,160000.0,18.0,112.5
T003,G5-0351,G5-0350,160000.0,18.0,112.5
T003,G5-0354,G5-0353,160000.0,18.0,112.5
T003,G5-0357,G5-0356,160000.0,18.0,112.5
T003,G5-0360,G5-0359,160000.0,18.0,112.5
T003,G5-0363,G5-0362,160000.0,18.0,112.5
T003,G5-0366,G5-0365,160000.0,18.0,112.5
T003,G5-0369,G5-0368,160000.0,18.0,112.5
T003,G5-0372,G5-0371,160000.0,18.0,112.5
T003,G5-0375,G5-0374,160000.0,18.0,112.5
T003,G5-0378,G5-0377,160000.0,18.0,112.5
T003,G5-0381,G5-0380,160000.0,18.0,112.5
T003,G5-0384,G5-0383,160000.0,18.0,112.5
T003,G5-0387,G5-0386,160000.0,18.0,112.5
T003,G5-0390,G5-0389,160000.0,18.0,112.5
T003,G5-0393,G5-0392,160000.0,18.0,112.5
T003,G5-0396,G5-0395,160000.0,18.0,112.5
T003,G5-0399,G5-0398,160000.0,18.0,112.5
T003,G5-0402,G5-0401,160000.0,18.0,112.5
T003,G5-0405,G5-0404,160000.0,18.0,112.5
T003,G5-0408,G5-0407,160000.0,18.0,112.5
T003,G5-0411,G5-0410,160000.0,18.0,112.5
T003,G5-0414,G5-0413,160000.0,18.0,112.5
T003,G5-0417,G5-0416,160000.0,18.0,112.5
T003,G5-0420,G5-0419,160000.0,18.0,112.5
T003,G5-0423,G5-0422,160000.0,18.0,112.5
T003,G5-0426,G5-0425,160000.0,18.0,112.5
T003,G5-0429,G5-0428,160000.0,18.0,112.5
T003,G5-0432,G5-0431,160000.0,18.0,112.5
T003,G5-0435,G5-0434,160000.0,18.0,112.5
T003,G5-0438,G5-0437,160000.0,18.0,112.5
T003,G5-0441,G5-0440,160000.0,18.0,112.5
T003,G5-0444,G5-0443,160000.0,18.0,112.5
T003,G5-0447,G5-0446,160000.0,18.0,112.5
T003,G5-0450,G5-0449,160000.0,18.0,112.5
T003,G5-0302,G5-0301,160000.0,36.0,225.0
T003,G5-0305,G5-0304,160000.0,36.0,225.0
T003,G5-0308,G5-0307,160000.0,36.0,225.0
T003,G5-0311,G5-0310,160000.0,36.0,225.0
T003,G5-0314,G5-0313,160000.0,36.0,225.0
T003,G5-0317,G5-0316,160000.0,36.0,225.0
T003,G5-0320,G5-0319,160000.0,36.0,225.0
T003,G5-0323,G5-0322,160000.0,36.0,225.0
T003,G5-0326,G5-0325,160000.0,36.0,225.0
T003,G5-0329,G5-0328,160000.0,36.0,225.0
T003,G5-0332,G5-0331,160000.0,36.0,225.0
T003,G5-0335,G5-0334,160000.0,36.0,225.0
T003,G5-0338,G5-0337,160000.0,36.0,225.0
T003,G5-0341,G5-0340,160000.0,36.0,225.0
T003,G5-0344,G5-0343,160000.0,36.0,225.0
T003,G5-0347,G5-0346,160000.0,36.0,225.0
T003,G5-0350,G5-0349,160000.0,36.0,225.0
T003,G5-0353,G5-0352,160000.0,36.0,225.0
T003,G5-0356,G5-0355,160000.0,36.0,225.0
T003,G5-0359,G5-0358,160000.0,36.0,225.0
T003,G5-0362,G5-0361,160000.0,36.0,225.0
T003,G5-0365,G5-0364,160000.0,36.0,225.0
T003,G5-0368,G5-0367,160000.0,36.0,225.0
T003,G5-0371,G5-0370,160000.0,36.0,225.0
T003,G5-0374,G5-0373,160000.0,36.0,225.0
T003,G5-0377,G5-0376,160000.0,36.0,225.0
T003,G5-0380,G5-0379,160000.0,36.0,225.0
T003,G5-0383,G5-0382,160000.0,36.0,225.0
T003,G5-0386,G5-0385,160000.0,36.0,225.0
T003,G5-0389,G5-0388,160000.0,36.0,225.0
T003,G5-0392,G5-0391,160000.0,36.0,225.0
T003,G5-0395,G5-0394,160000.0,36.0,225.0
T003,G5-0398,G5-0397,160000.0,36.0,225.0
T003,G5-0401,G5-0400,160000.0,36.0,225.0
T003,G5-0404,G5-0403,160000.0,36.0,225.0
T003,G5-0407,G5-0406,160000.0,36.0,225.0
T003,G5-0410,G5-0409,160000.0,36.0,225.0
T003,G5-0413,G5-0412,160000.0,36.0,225.0
T003,G5-0416,G5-0415,160000.0,36.0,225.0
T003,G5-0419,G5-0418,160000.0,36.0,225.0
T003,G5-0422,G5-0421,160000.0,36.0,225.0
T003,G5-0425,G5-0424,160000.0,36.0,225.0
T003,G5-0428,G5-0427,160000.0,36.0,225.0
T003,G5-0431,G5-0430,160000.0,36.0,225.0
T003,G5-0434,G5-0433,160000.0,36.0,225.0
T003,G5-0437,G5-0436,160000.0,36.0,225.0
T003,G5-0440,G5-0439,160000.0,36.0,225.0
T003,G5-0443,G5-0442,160000.0,36.0,225.0
T003,G5-0446,G5-0445,160000.0,36.0,225.0
T003,G5-0449,G5-0448,160000.0,36.0,225.0
T004,G3-0001,G2-0025,175000.0,7.5,42.85714285714286
T004,G3-0001,G2-0026,175000.0,7.5,42.85714285714286
T004,G3-0002,G2-0027,175000.0,7.5,42.85714285714286
T004,G3-0002,G2-0028,175000.0,7.5,42.85714285714286
T004,G3-0003,G2-0053,175000.0,7.5,42.85714285714286
T004,G3-0003,G2-0054,175000.0,7.5,42.85714285714286
T004,G3-0004,G2-0055,175000.0,7.5,42.85714285714286
T004,G3-0004,G2-0056,175000.0,7.5,42.85714285714286
T004,G3-0005,G2-0081,175000.0,7.5,42.85714285714286
T004,G3-0005,G2-0082,175000.0,7.5,42.85714285714286
T004,G3-0006,G2-0083,175000.0,7.5,42.85714285714286
T004,G3-0006,G2-0084,175000.0,7.5,42.85714285714286
T004,G3-0007,G2-0109,175000.0,7.5,42.85714285714286
T004,G3-0007,G2-0110,175000.0,7.5,42.85714285714286
T004,G3-0008,G2-0111,175000.0,7.5,42.85714285714286
T004,G3-0008,G2-0112,175000.0,7.5,42.85714285714286
T004,G3-0009,G2-0137,175000.0,7.5,42.85714285714286
T004,G3-0009,G2-0138,175000.0,7.5,42.85714285714286
T004,G3-0010,G2-0139,175000.0,7.5,42.85714285714286
T004,G3-0010,G2-0140,175000.0,7.5,42.85714285714286
T004,G3-0011,G2-0165,175000.0,7.5,42.85714285714286
T004,G3-0011,G2-0166,175000.0,7.5,42.85714285714286
T004,G3-0012,G2-0167,175000.0,7.5,42.85714285714286
T004,G3-0012,G2-0168,175000.0,7.5,42.85714285714286
T004,G3-0013,G2-0181,175000.0,7.5,42.85714285714286
T004,G3-0013,G2-0182,175000.0,7.5,42.85714285714286
T004,G3-0014,G2-0195,175000.0,7.5,42.85714285714286
T004,G3-0014,G2-0196,175000.0,7.5,42.85714285714286
T004,G3-0015,G2-0209,175000.0,7.5,42.85714285714286
T004,G3-0015,G2-0210,175000.0,7.5,42.85714285714286
T004,G2-0216,G2-0215,125000.0,8.0,64.0
T004,G2-0222,G2-0221,125000.0,8.0,64.0
T004,G2-0025,G2-0021,175000.0,15.5,88.57142857142858
T004,G2-0026,G2-0022,175000.0,15.5,88.57142857142858
T004,G2-0027,G2-0023,175000.0,15.5,88.57142857142858
T004,G2-0028,G2-0024,175000.0,15.5,88.57142857142858
T004,G2-0053,G2-0049,175000.0,15.5,88.57142857142858
T004,G2-0054,G2-0050,175000.0,15.5,88.57142857142858
T004,G2-0055,G2-0051,175000.0,15.5,88.57142857142858
T004,G2-0056,G2-0052,175000.0,15.5,88.57142857142858
T004,G2-0081,G2-0077,175000.0,15.5,88.57142857142858
T004,G2-0082,G2-0078,175000.0,15.5,88.57142857142858
T004,G2-0083,G2-0079,175000.0,15.5,88.57142857142858
T004,G2-0084,G2-0080,175000.0,15.5,88.57142857142858
T004,G2-0109,G2-0105,175000.0,15.5,88.57142857142858
T004,G2-0110,G2-0106,175000.0,15.5,88.57142857142858
T004,G2-0111,G2-0107,175000.0,15.5,88.57142857142858
T004,G2-0112,G2-0108,175000.0,15.5,88.57142857142858
T004,G2-0137,G2-0133,175000.0,15.5,88.57142857142858
T004,G2-0138,G2-0134,175000.0,15.5,88.57142857142858
T004,G2-0139,G2-0135,175000.0,15.5,88.57142857142858
T004,G2-0140,G2-0136,175000.0,15.5,88.57142857142858
T004,G2-0165,G2-0161,175000.0,15.5,88.57142857142858
T004,G2-0166,G2-0162,175000.0,15.5,88.57142857142858
T004,G2-0167,G2-0163,175000.0,15.5,88.57142857142858
T004,G2-0168,G2-0164,175000.0,15.5,88.57142857142858
T004,G2-0181,G2-0179,175000.0,15.5,88.57142857142858
T004,G2-0182,G2-0180,175000.0,15.5,88.57142857142858
T004,G2-0195,G2-0193,175000.0,15.5,88.57142857142858
T004,G2-0196,G2-0194,175000.0,15.5,88.57142857142858
T004,G2-0209,G2-0207,175000.0,15.5,88.57142857142858
T004,G2-0210,G2-0208,175000.0,15.5,88.57142857142858
T004,G2-0226,G2-0225,87500.0,8.0,91.42857142857143
T004,G2-0215,G2-0214,125000.0,16.0,128.0
T004,G2-0221,G2-0220,125000.0,16.0,128.0
T004,G2-0021,G2-0017,175000.0,23.5,134.2857142857143
T004,G2-0022,G2-0018,175000.0,23.5,134.2857142857143
T004,G2-0023,G2-0019,175000.0,23.5,134.2857142857143
T004,G2-0024,G2-0020,175000.0,23.5,134.2857142857143
T004,G2-0049,G2-0045,175000.0,23.5,134.2857142857143
T004,G2-0050,G2-0046,175000.0,23.5,134.2857142857143
T004,G2-0051,G2-0047,175000.0,23.5,134.2857142857143
T004,G2-0052,G2-0048,175000.0,23.5,134.2857142857143
T004,G2-0077,G2-0073,175000.0,23.5,134.2857142857143
T004,G2-0078,G2-0074,175000.0,23.5,134.2857142857143
T004,G2-0079,G2-0075,175000.0,23.5,134.2857142857143
T004,G2-0080,G2-0076,175000.0,23.5,134.2857142857143
T004,G2-0105,G2-0101,175000.0,23.5,134.2857142857143
T004,G2-0106,G2-0102,175000.0,23.5,134.2857142857143
T004,G2-0107,G2-0103,175000.0,23.5,134.2857142857143
T004,G2-0108,G2-0104,175000.0,23.5,134.2857142857143
T004,G2-0133,G2-0129,175000.0,23.5,134.2857142857143
T004,G2-0134,G2-0130,175000.0,23.5,134.2857142857143
T004,G2-0135,G2-0131,175000.0,23.5,134.2857142857143
T004,G2-0136,G2-0132,175000.0,23.5,134.2857142857143
T004,G2-0161,G2-0157,175000.0,23.5,134.2857142857143
T004,G2-0162,G2-0158,175000.0,23.5,134.2857142857143
T004,G2-0163,G2-0159,175000.0,23.5,134.2857142857143
T004,G2-0164,G2-0160,175000.0,23.5,134.2857142857143
T004,G2-0179,G2-0177,175000.0,23.5,134.2857142857143
T004,G2-0180,G2-0178,175000.0,23.5,134.2857142857143
T004,G2-0193,G2-0191,175000.0,23.5,134.2857142857143
T004,G2-0194,G2-0192,175000.0,23.5,134.2857142857143
T004,G2-0207,G2-0205,175000.0,23.5,134.2857142857143
T004,G2-0208,G2-0206,175000.0,23.5,134.2857142857143
T004,G5-0453,G5-0452,160000.0,18.0,112.5
T004,G5-0456,G5-0455,160000.0,18.0,112.5
T004,G5-0459,G5-0458,160000.0,18.0,112.5
T004,G5-0462,G5-0461,160000.0,18.0,112.5
T004,G5-0465,G5-0464,160000.0,18.0,112.5
T004,G5-0468,G5-0467,160000.0,18.0,112.5
T004,G5-0471,G5-0470,160000.0,18.0,112.5
T004,G5-0474,G5-0473,160000.0,18.0,112.5
T004,G5-0477,G5-0476,160000.0,18.0,112.5
T004,G5-0480,G5-0479,160000.0,18.0,112.5
T004,G5-0483,G5-0482,160000.0,18.0,112.5
T004,G5-0486,G5-0485,160000.0,18.0,112.5
T004,G5-0489,G5-0488,160000.0,18.0,112.5
T004,G5-0492,G5-0491,160000.0,18.0,112.5
T004,G5-0495,G5-0494,160000.0,18.0,112.5
T004,G5-0498,G5-0497,160000.0,18.0,112.5
T004,G2-0214,G2-0213,125000.0,24.0,192.0
T004,G2-0220,G2-0219,125000.0,24.0,192.0
T004,G2-0017,G2-0013,175000.0,31.5,180.0
T004,G2-0018,G2-0014,175000.0,31.5,180.0
T004,G2-0019,G2-0015,175000.0,31.5,180.0
T004,G2-0020,G2-0016,175000.0,31.5,180.0
T004,G2-0045,G2-0041,175000.0,31.5,180.0
T004,G2-0046,G2-0042,175000.0,31.5,180.0
T004,G2-0047,G2-0043,175000.0,31.5,180.0
T004,G2-0048,G2-0044,175000.0,31.5,180.0
T004,G2-0073,G2-0069,175000.0,31.5,180.0
T004,G2-0074,G2-0070,175000.0,31.5,180.0
T004,G2-0075,G2-0071,175000.0,31.5,180.0
T004,G2-0076,G2-0072,175000.0,31.5,180.0
T004,G2-0101,G2-0097,175000.0,31.5,180.0
T004,G2-0102,G2-0098,175000.0,31.5,180.0
T004,G2-0103,G2-0099,175000.0,31.5,180.0
T004,G2-0104,G2-0100,175000.0,31.5,180.0
T004,G2-0129,G2-0125,175000.0,31.5,180.0
T004,G2-0130,G2-0126,175000.0,31.5,180.0
T004,G2-0131,G2-0127,175000.0,31.5,180.0
T004,G2-0132,G2-0128,175000.0,31.5,180.0
T004,G2-0157,G2-0153,175000.0,31.5,180.0
T004,G2-0158,G2-0154,175000.0,31.5,180.0
T004,G2-0159,G2-0155,175000.0,31.5,180.0
T004,G2-0160,G2-0156,175000.0,31.5,180.0
T004,G2-0177,G2-0175,175000.0,31.5,180.0
T004,G2-0178,G2-0176,175000.0,31.5,180.0
T004,G2-0191,G2-0189,175000.0,31.5,180.0
T004,G2-0192,G2-0190,175000.0,31.5,180.0
T004,G2-0205,G2-0203,175000.0,31.5,180.0
T004,G2-0206,G2-0204,175000.0,31.5,180.0
T004,G2-0225,G2-0224,87500.0,16.0,182.85714285714286
T004,G2-0013,G2-0009,175000.0,39.5,225.71428571428572
T004,G2-0014,G2-0010,175000.0,39.5,225.71428571428572
T004,G2-0015,G2-0011,175000.0,39.5,225.71428571428572
T004,G2-0016,G2-0012,175000.0,39.5,225.71428571428572
T004,G2-0041,G2-0037,175000.0,39.5,225.71428571428572
T004,G2-0042,G2-0038,175000.0,39.5,225.71428571428572
T004,G2-0043,G2-0039,175000.0,39.5,225.71428571428572
T004,G2-0044,G2-0040,175000.0,39.5,225.71428571428572
T004,G2-0069,G2-0065,175000.0,39.5,225.71428571428572
T004,G2-0070,G2-0066,175000.0,39.5,225.71428571428572
T004,G2-0071,G2-0067,175000.0,39.5,225.71428571428572
T004,G2-0072,G2-0068,175000.0,39.5,225.71428571428572
T004,G2-0097,G2-0093,175000.0,39.5,225.71428571428572
T004,G2-0098,G2-0094,175000.0,39.5,225.71428571428572
T004,G2-0099,G2-0095,175000.0,39.5,225.71428571428572
T004,G2-0100,G2-0096,175000.0,39.5,225.71428571428572
T004,G2-0125,G2-0121,175000.0,39.5,225.71428571428572
T004,G2-0126,G2-0122,175000.0,39.5,225.71428571428572
T004,G2-0127,G2-0123,175000.0,39.5,225.71428571428572
T004,G2-0128,G2-0124,175000.0,39.5,225.71428571428572
T004,G2-0153,G2-0149,175000.0,39.5,225.71428571428572
T004,G2-0154,G2-0150,175000.0,39.5,225.71428571428572
T004,G2-0155,G2-0151,175000.0,39.5,225.71428571428572
T004,G2-0156,G2-0152,175000.0,39.5,225.71428571428572
T004,G2-0175,G2-0173,175000.0,39.5,225.71428571428572
T004,G2-0176,G2-0174,175000.0,39.5,225.71428571428572
T004,G2-0189,G2-0187,175000.0,39.5,225.71428571428572
T004,G2-0190,G2-0188,175000.0,39.5,225.71428571428572
T004,G2-0203,G2-0201,175000.0,39.5,225.71428571428572
T004,G2-0204,G2-0202,175000.0,39.5,225.71428571428572
T004,G2-0213,G2-0212,125000.0,32.0,256.0
T004,G2-0219,G2-0218,125000.0,32.0,256.0
T004,G5-0452,G5-0451,160000.0,36.0,225.0
T004,G5-0455,G5-0454,160000.0,36.0,225.0
T004,G5-0458,G5-0457,160000.0,36.0,225.0
T004,G5-0461,G5-0460,160000.0,36.0,225.0
T004,G5-0464,G5-0463,160000.0,36.0,225.0
T004,G5-0467,G5-0466,160000.0,36.0,225.0
T004,G5-0470,G5-0469,160000.0,36.0,225.0
T004,G5-0473,G5-0472,160000.0,36.0,225.0
T004,G5-0476,G5-0475,160000.0,36.0,225.0
T004,G5-0479,G5-0478,160000.0,36.0,225.0
T004,G5-0482,G5-0481,160000.0,36.0,225.0
T004,G5-0485,G5-0484,160000.0,36.0,225.0
T004,G5-0488,G5-0487,160000.0,36.0,225.0
T004,G5-0491,G5-0490,160000.0,36.0,225.0
T004,G5-0494,G5-0493,160000.0,36.0,225.0
T004,G5-0497,G5-0496,160000.0,36.0,225.0
T004,G5-0500,G5-0499,160000.0,18.0,112.5
T004,G2-0009,G2-0005,175000.0,47.5,271.42857142857144
T004,G2-0010,G2-0006,175000.0,47.5,271.42857142857144
T004,G2-0011,G2-0007,175000.0,47.5,271.42857142857144
T004,G2-0012,G2-0008,175000.0,47.5,271.42857142857144
T004,G2-0037,G2-0033,175000.0,47.5,271.42857142857144
T004,G2-0038,G2-0034,175000.0,47.5,271.42857142857144
T004,G2-0039,G2-0035,175000.0,47.5,271.42857142857144
T004,G2-0040,G2-0036,175000.0,47.5,271.42857142857144
T004,G2-0065,G2-0061,175000.0,47.5,271.42857142857144
T004,G2-0066,G2-0062,175000.0,47.5,271.42857142857144
T004,G2-0067,G2-0063,175000.0,47.5,271.42857142857144
T004,G2-0068,G2-0064,175000.0,47.5,271.42857142857144
T004,G2-0093,G2-0089,175000.0,47.5,271.42857142857144
T004,G2-0094,G2-0090,175000.0,47.5,271.42857142857144
T004,G2-0095,G2-0091,175000.0,47.5,271.42857142857144
T004,G2-0096,G2-0092,175000.0,47.5,271.42857142857144
T004,G2-0121,G2-0117,175000.0,47.5,271.42857142857144
T004,G2-0122,G2-0118,175000.0,47.5,271.42857142857144
T004,G2-0123,G2-0119,175000.0,47.5,271.42857142857144
T004,G2-0124,G2-0120,175000.0,47.5,271.42857142857144
T004,G2-0149,G2-0145,175000.0,47.5,271.42857142857144
T004,G2-0150,G2-0146,175000.0,47.5,271.42857142857144
T004,G2-0151,G2-0147,175000.0,47.5,271.42857142857144
T004,G2-0152,G2-0148,175000.0,47.5,271.42857142857144
T004,G2-0173,G2-0171,175000.0,47.5,271.42857142857144
T004,G2-0174,G2-0172,175000.0,47.5,271.42857142857144
T004,G2-0187,G2-0185,175000.0,47.5,271.42857142857144
T004,G2-0188,G2-0186,175000.0,47.5,271.42857142857144
T004,G2-0201,G2-0199,175000.0,47.5,271.42857142857144
T004,G2-0202,G2-0200,175000.0,47.5,271.42857142857144
T004,G2-0224,G2-0223,87500.0,24.0,274.2857142857143
T004,G2-0212,G2-0211,125000.0,40.0,320.0
T004,G2-0218,G2-0217,125000.0,40.0,320.0
T004,G2-0005,G2-0001,175000.0,55.5,317.14285714285717
T004,G2-0006,G2-0002,175000.0,55.5,317.14285714285717
T004,G2-0007,G2-0003,175000.0,55.5,317.14285714285717
T004,G2-0008,G2-0004,175000.0,55.5,317.14285714285717
T004,G2-0033,G2-0029,175000.0,55.5,317.14285714285717
T004,G2-0034,G2-0030,175000.0,55.5,317.14285714285717
T004,G2-0035,G2-0031,175000.0,55.5,317.14285714285717
T004,G2-0036,G2-0032,175000.0,55.5,317.14285714285717
T004,G2-0061,G2-0057,175000.0,55.5,317.14285714285717
T004,G2-0062,G2-0058,175000.0,55.5,317.14285714285717
T004,G2-0063,G2-0059,175000.0,55.5,317.14285714285717
T004,G2-0064,G2-0060,175000.0,55.5,317.14285714285717
T004,G2-0089,G2-0085,175000.0,55.5,317.14285714285717
T004,G2-0090,G2-0086,175000.0,55.5,317.14285714285717
T004,G2-0091,G2-0087,175000.0,55.5,317.14285714285717
T004,G2-0092,G2-0088,175000.0,55.5,317.14285714285717
T004,G2-0117,G2-0113,175000.0,55.5,317.14285714285717
T004,G2-0118,G2-0114,175000.0,55.5,317.14285714285717
T004,G2-0119,G2-0115,175000.0,55.5,317.14285714285717
T004,G2-0120,G2-0116,175000.0,55.5,317.14285714285717
T004,G2-0145,G2-0141,175000.0,55.5,317.14285714285717
T004,G2-0146,G2-0142,175000.0,55.5,317.14285714285717
T004,G2-0147,G2-0143,175000.0,55.5,317.14285714285717
T004,G2-0148,G2-0144,175000.0,55.5,317.14285714285717
T004,G2-0171,G2-0169,175000.0,55.5,317.14285714285717
T004,G2-0172,G2-0170,175000.0,55.5,317.14285714285717
T004,G2-0185,G2-0183,175000.0,55.5,317.14285714285717
T004,G2-0186,G2-0184,175000.0,55.5,317.14285714285717
T004,G2-0199,G2-0197,175000.0,55.5,317.14285714285717
T004,G2-0200,G2-0198,175000.0,55.5,317.14285714285717
T005,G3-0016,G2-0251,175000.0,7.5,42.85714285714286
T005,G3-0016,G2-0252,175000.0,7.5,42.85714285714286
T005,G3-0017,G2-0253,175000.0,7.5,42.85714285714286
T005,G3-0017,G2-0254,175000.0,7.5,42.85714285714286
T005,G3-0018,G2-0279,175000.0,7.5,42.85714285714286
T005,G3-0018,G2-0280,175000.0,7.5,42.85714285714286
T005,G3-0019,G2-0281,175000.0,7.5,42.85714285714286
T005,G3-0019,G2-0282,175000.0,7.5,42.85714285714286
T005,G3-0020,G2-0307,175000.0,7.5,42.85714285714286
T005,G3-0020,G2-0308,175000.0,7.5,42.85714285714286
T005,G3-0021,G2-0309,175000.0,7.5,42.85714285714286
T005,G3-0021,G2-0310,175000.0,7.5,42.85714285714286
T005,G3-0022,G2-0335,175000.0,7.5,42.85714285714286
T005,G3-0022,G2-0336,175000.0,7.5,42.85714285714286
T005,G3-0023,G2-0337,175000.0,7.5,42.85714285714286
T005,G3-0023,G2-0338,175000.0,7.5,42.85714285714286
T005,G3-0024,G2-0363,175000.0,7.5,42.85714285714286
T005,G3-0024,G2-0364,175000.0,7.5,42.85714285714286
T005,G3-0025,G2-0365,175000.0,7.5,42.85714285714286
T005,G3-0025,G2-0366,175000.0,7.5,42.85714285714286
T005,G3-0026,G2-0391,175000.0,7.5,42.85714285714286
T005,G3-0026,G2-0392,175000.0,7.5,42.85714285714286
T005,G3-0027,G2-0393,175000.0,7.5,42.85714285714286
T005,G3-0027,G2-0394,175000.0,7.5,42.85714285714286
T005,G3-0028,G2-0419,175000.0,7.5,42.85714285714286
T005,G3-0028,G2-0420,175000.0,7.5,42.85714285714286
T005,G3-0029,G2-0421,175000.0,7.5,42.85714285714286
T005,G3-0029,G2-0422,175000.0,7.5,42.85714285714286
T005,G3-0030,G2-0447,175000.0,7.5,42.85714285714286
T005,G3-0030,G2-0448,175000.0,7.5,42.85714285714286
T005,G3-0031,G2-0449,175000.0,7.5,42.85714285714286
T005,G3-0031,G2-0450,175000.0,7.5,42.85714285714286
T005,G3-0032,G2-0475,175000.0,7.5,42.85714285714286
T005,G3-0032,G2-0476,175000.0,7.5,42.85714285714286
T005,G3-0033,G2-0477,175000.0,7.5,42.85714285714286
T005,G3-0033,G2-0478,175000.0,7.5,42.85714285714286
T005,G3-0034,G2-0503,175000.0,7.5,42.85714285714286
T005,G3-0034,G2-0504,175000.0,7.5,42.85714285714286
T005,G3-0035,G2-0505,175000.0,7.5,42.85714285714286
T005,G3-0035,G2-0506,175000.0,7.5,42.85714285714286
T005,G3-0036,G2-0531,175000.0,7.5,42.85714285714286
T005,G3-0036,G2-0532,175000.0,7.5,42.85714285714286
T005,G3-0037,G2-0533,175000.0,7.5,42.85714285714286
T005,G3-0037,G2-0534,175000.0,7.5,42.85714285714286
T005,G3-0038,G2-0559,175000.0,7.5,42.85714285714286
T005,G3-0038,G2-0560,175000.0,7.5,42.85714285714286
T005,G3-0039,G2-0561,175000.0,7.5,42.85714285714286
T005,G3-0039,G2-0562,175000.0,7.5,42.85714285714286
T005,G2-0251,G2-0247,175000.0,15.5,88.57142857142858
T005,G2-0252,G2-0248,175000.0,15.5,88.57142857142858
T005,G2-0253,G2-0249,175000.0,15.5,88.57142857142858
T005,G2-0254,G2-0250,175000.0,15.5,88.57142857142858
T005,G2-0279,G2-0275,175000.0,15.5,88.57142857142858
T005,G2-0280,G2-0276,175000.0,15.5,88.57142857142858
T005,G2-0281,G2-0277,175000.0,15.5,88.57142857142858
T005,G2-0282,G2-0278,175000.0,15.5,88.57142857142858
T005,G2-0307,G2-0303,175000.0,15.5,88.57142857142858
T005,G2-0308,G2-0304,175000.0,15.5,88.57142857142858
T005,G2-0309,G2-0305,175000.0,15.5,88.57142857142858
T005,G2-0310,G2-0306,175000.0,15.5,88.57142857142858
T005,G2-0335,G2-0331,175000.0,15.5,88.57142857142858
T005,G2-0336,G2-0332,175000.0,15.5,88.57142857142858
T005,G2-0337,G2-0333,175000.0,15.5,88.57142857142858
T005,G2-0338,G2-0334,175000.0,15.5,88.57142857142858
T005,G2-0363,G2-0359,175000.0,15.5,88.57142857142858
T005,G2-0364,G2-0360,175000.0,15.5,88.57142857142858
T005,G2-0365,G2-0361,175000.0,15.5,88.57142857142858
T005,G2-0366,G2-0362,175000.0,15.5,88.57142857142858
T005,G2-0391,G2-0387,175000.0,15.5,88.57142857142858
T005,G2-0392,G2-0388,175000.0,15.5,88.57142857142858
T005,G2-0393,G2-0389,175000.0,15.5,88.57142857142858
T005,G2-0394,G2-0390,175000.0,15.5,88.57142857142858
T005,G2-0419,G2-0415,175000.0,15.5,88.57142857142858
T005,G2-0420,G2-0416,175000.0,15.5,88.57142857142858
T005,G2-0421,G2-0417,175000.0,15.5,88.57142857142858
T005,G2-0422,G2-0418,175000.0,15.5,88.57142857142858
T005,G2-0447,G2-0443,175000.0,15.5,88.57142857142858
T005,G2-0448,G2-0444,175000.0,15.5,88.57142857142858
T005,G2-0449,G2-0445,175000.0,15.5,88.57142857142858
T005,G2-0450,G2-0446,175000.0,15.5,88.57142857142858
T005,G2-0475,G2-0471,175000.0,15.5,88.57142857142858
T005,G2-0476,G2-0472,175000.0,15.5,88.57142857142858
T005,G2-0477,G2-0473,175000.0,15.5,88.57142857142858
T005,G2-0478,G2-0474,175000.0,15.5,88.57142857142858
T005,G2-0503,G2-0499,175000.0,15.5,88.57142857142858
T005,G2-0504,G2-0500,175000.0,15.5,88.57142857142858
T005,G2-0505,G2-0501,175000.0,15.5,88.57142857142858
T005,G2-0506,G2-0502,175000.0,15.5,88.57142857142858
T005,G2-0531,G2-0527,175000.0,15.5,88.57142857142858
T005,G2-0532,G2-0528,175000.0,15.5,88.57142857142858
T005,G2-0533,G2-0529,175000.0,15.5,88.57142857142858
T005,G2-0534,G2-0530,175000.0,15.5,88.57142857142858
T005,G2-0559,G2-0555,175000.0,15.5,88.57142857142858
T005,G2-0560,G2-0556,175000.0,15.5,88.57142857142858
T005,G2-0561,G2-0557,175000.0,15.5,88.57142857142858
T005,G2-0562,G2-0558,175000.0,15.5,88.57142857142858
T005,G2-0247,G2-0243,175000.0,23.5,134.2857142857143
T005,G2-0248,G2-0244,175000.0,23.5,134.2857142857143
T005,G2-0249,G2-0245,175000.0,23.5,134.2857142857143
T005,G2-0250,G2-0246,175000.0,23.5,134.2857142857143
T005,G2-0275,G2-0271,175000.0,23.5,134.2857142857143
T005,G2-0276,G2-0272,175000.0,23.5,134.2857142857143
T005,G2-0277,G2-0273,175000.0,23.5,134.2857142857143
T005,G2-0278,G2-0274,175000.0,23.5,134.2857142857143
T005,G2-0303,G2-0299,175000.0,23.5,134.2857142857143
T005,G2-0304,G2-0300,175000.0,23.5,134.2857142857143
T005,G2-0305,G2-0301,175000.0,23.5,134.2857142857143
T005,G2-0306,G2-0302,175000.0,23.5,134.2857142857143
T005,G2-0331,G2-0327,175000.0,23.5,134.2857142857143
T005,G2-0332,G2-0328,175000.0,23.5,134.2857142857143
T005,G2-0333,G2-0329,175000.0,23.5,134.2857142857143
T005,G2-0334,G2-0330,175000.0,23.5,134.2857142857143
T005,G2-0359,G2-0355,175000.0,23.5,134.2857142857143
T005,G2-0360,G2-0356,175000.0,23.5,134.2857142857143
T005,G2-0361,G2-0357,175000.0,23.5,134.2857142857143
T005,G2-0362,G2-0358,175000.0,23.5,134.2857142857143
T005,G2-0387,G2-0383,175000.0,23.5,134.2857142857143
T005,G2-0388,G2-0384,175000.0,23.5,134.2857142857143
T005,G2-0389,G2-0385,175000.0,23.5,134.2857142857143
T005,G2-0390,G2-0386,175000.0,23.5,134.2857142857143
T005,G2-0415,G2-0411,175000.0,23.5,134.2857142857143
T005,G2-0416,G2-0412,175000.0,23.5,134.2857142857143
T005,G2-0417,G2-0413,175000.0,23.5,134.2857142857143
T005,G2-0418,G2-0414,175000.0,23.5,134.2857142857143
T005,G2-0443,G2-0439,175000.0,23.5,134.2857142857143
T005,G2-0444,G2-0440,175000.0,23.5,134.2857142857143
T005,G2-0445,G2-0441,175000.0,23.5,134.2857142857143
T005,G2-0446,G2-0442,175000.0,23.5,134.2857142857143
T005,G2-0471,G2-0467,175000.0,23.5,134.2857142857143
T005,G2-0472,G2-0468,175000.0,23.5,134.2857142857143
T005,G2-0473,G2-0469,175000.0,23.5,134.2857142857143
T005,G2-0474,G2-0470,175000.0,23.5,134.2857142857143
T005,G2-0499,G2-0495,175000.0,23.5,134.2857142857143
T005,G2-0500,G2-0496,175000.0,23.5,134.2857142857143
T005,G2-0501,G2-0497,175000.0,23.5,134.2857142857143
T005,G2-0502,G2-0498,175000.0,23.5,134.2857142857143
T005,G2-0527,G2-0523,175000.0,23.5,134.2857142857143
T005,G2-0528,G2-0524,175000.0,23.5,134.2857142857143
T005,G2-0529,G2-0525,175000.0,23.5,134.2857142857143
T005,G2-0530,G2-0526,175000.0,23.5,134.2857142857143
T005,G2-0555,G2-0551,175000.0,23.5,134.2857142857143
T005,G2-0556,G2-0552,175000.0,23.5,134.2857142857143
T005,G2-0557,G2-0553,175000.0,23.5,134.2857142857143
T005,G2-0558,G2-0554,175000.0,23.5,134.2857142857143
T005,G2-0243,G2-0239,175000.0,31.5,180.0
T005,G2-0244,G2-0240,175000.0,31.5,180.0
T005,G2-0245,G2-0241,175000.0,31.5,180.0
T005,G2-0246,G2-0242,175000.0,31.5,180.0
T005,G2-0271,G2-0267,175000.0,31.5,180.0
T005,G2-0272,G2-0268,175000.0,31.5,180.0
T005,G2-0273,G2-0269,175000.0,31.5,180.0
T005,G2-0274,G2-0270,175000.0,31.5,180.0
T005,G2-0299,G2-0295,175000.0,31.5,180.0
T005,G2-0300,G2-0296,175000.0,31.5,180.0
T005,G2-0301,G2-0297,175000.0,31.5,180.0
T005,G2-0302,G2-0298,175000.0,31.5,180.0
T005,G2-0327,G2-0323,175000.0,31.5,180.0
T005,G2-0328,G2-0324,175000.0,31.5,180.0
T005,G2-0329,G2-0325,175000.0,31.5,180.0
T005,G2-0330,G2-0326,175000.0,31.5,180.0
T005,G2-0355,G2-0351,175000.0,31.5,180.0
T005,G2-0356,G2-0352,175000.0,31.5,180.0
T005,G2-0357,G2-0353,175000.0,31.5,180.0
T005,G2-0358,G2-0354,175000.0,31.5,180.0
T005,G2-0383,G2-0379,175000.0,31.5,180.0
T005,G2-0384,G2-0380,175000.0,31.5,180.0
T005,G2-0385,G2-0381,175000.0,31.5,180.0
T005,G2-0386,G2-0382,175000.0,31.5,180.0
T005,G2-0411,G2-0407,175000.0,31.5,180.0
T005,G2-0412,G2-0408,175000.0,31.5,180.0
T005,G2-0413,G2-0409,175000.0,31.5,180.0
T005,G2-0414,G2-0410,175000.0,31.5,180.0
T005,G2-0439,G2-0435,175000.0,31.5,180.0
T005,G2-0440,G2-0436,175000.0,31.5,180.0
T005,G2-0441,G2-0437,175000.0,31.5,180.0
T005,G2-0442,G2-0438,175000.0,31.5,180.0
T005,G2-0467,G2-0463,175000.0,31.5,180.0
T005,G2-0468,G2-0464,175000.0,31.5,180.0
T005,G2-0469,G2-0465,175000.0,31.5,180.0
T005,G2-0470,G2-0466,175000.0,31.5,180.0
T005,G2-0495,G2-0491,175000.0,31.5,180.0
T005,G2-0496,G2-0492,175000.0,31.5,180.0
T005,G2-0497,G2-0493,175000.0,31.5,180.0
T005,G2-0498,G2-0494,175000.0,31.5,180.0
T005,G2-0523,G2-0519,175000.0,31.5,180.0
T005,G2-0524,G2-0520,175000.0,31.5,180.0
T005,G2-0525,G2-0521,175000.0,31.5,180.0
T005,G2-0526,G2-0522,175000.0,31.5,180.0
T005,G2-0551,G2-0547,175000.0,31.5,180.0
T005,G2-0552,G2-0548,175000.0,31.5,180.0
T005,G2-0553,G2-0549,175000.0,31.5,180.0
T005,G2-0554,G2-0550,175000.0,31.5,180.0
T005,G2-0239,G2-0235,175000.0,39.5,225.71428571428572
T005,G2-0240,G2-0236,175000.0,39.5,225.71428571428572
T005,G2-0241,G2-0237,175000.0,39.5,225.71428571428572
T005,G2-0242,G2-0238,175000.0,39.5,225.71428571428572
T005,G2-0267,G2-0263,175000.0,39.5,225.71428571428572
T005,G2-0268,G2-0264,175000.0,39.5,225.71428571428572
T005,G2-0269,G2-0265,175000.0,39.5,225.71428571428572
T005,G2-0270,G2-0266,175000.0,39.5,225.71428571428572
T005,G2-0295,G2-0291,175000.0,39.5,225.71428571428572
T005,G2-0296,G2-0292,175000.0,39.5,225.71428571428572
T005,G2-0297,G2-0293,175000.0,39.5,225.71428571428572
T005,G2-0298,G2-0294,175000.0,39.5,225.71428571428572
T005,G2-0323,G2-0319,175000.0,39.5,225.71428571428572
T005,G2-0324,G2-0320,175000.0,39.5,225.71428571428572
T005,G2-0325,G2-0321,175000.0,39.5,225.71428571428572
T005,G2-0326,G2-0322,175000.0,39.5,225.71428571428572
T005,G2-0351,G2-0347,175000.0,39.5,225.71428571428572
T005,G2-0352,G2-0348,175000.0,39.5,225.71428571428572
T005,G2-0353,G2-0349,175000.0,39.5,225.71428571428572
T005,G2-0354,G2-0350,175000.0,39.5,225.71428571428572
T005,G2-0379,G2-0375,175000.0,39.5,225.71428571428572
T005,G2-0380,G2-0376,175000.0,39.5,225.71428571428572
T005,G2-0381,G2-0377,175000.0,39.5,225.71428571428572
T005,G2-0382,G2-0378,175000.0,39.5,225.71428571428572
T005,G2-0407,G2-0403,175000.0,39.5,225.71428571428572
T005,G2-0408,G2-0404,175000.0,39.5,225.71428571428572
T005,G2-0409,G2-0405,175000.0,39.5,225.71428571428572
T005,G2-0410,G2-0406,175000.0,39.5,225.71428571428572
T005,G2-0435,G2-0431,175000.0,39.5,225.71428571428572
T005,G2-0436,G2-0432,175000.0,39.5,225.71428571428572
T005,G2-0437,G2-0433,175000.0,39.5,225.71428571428572
T005,G2-0438,G2-0434,175000.0,39.5,225.71428571428572
T005,G2-0463,G2-0459,175000.0,39.5,225.71428571428572
T005,G2-0464,G2-0460,175000.0,39.5,225.71428571428572
T005,G2-0465,G2-0461,175000.0,39.5,225.71428571428572
T005,G2-0466,G2-0462,175000.0,39.5,225.71428571428572
T005,G2-0491,G2-0487,175000.0,39.5,225.71428571428572
T005,G2-0492,G2-0488,175000.0,39.5,225.71428571428572
T005,G2-0493,G2-0489,175000.0,39.5,225.71428571428572
T005,G2-0494,G2-0490,175000.0,39.5,225.71428571428572
T005,G2-0519,G2-0515,175000.0,39.5,225.71428571428572
T005,G2-0520,G2-0516,175000.0,39.5,225.71428571428572
T005,G2-0521,G2-0517,175000.0,39.5,225.71428571428572
T005,G2-0522,G2-0518,175000.0,39.5,225.71428571428572
T005,G2-0547,G2-0543,175000.0,39.5,225.71428571428572
T005,G2-0548,G2-0544,175000.0,39.5,225.71428571428572
T005,G2-0549,G2-0545,175000.0,39.5,225.71428571428572
T005,G2-0550,G2-0546,175000.0,39.5,225.71428571428572
T005,G2-0235,G2-0231,175000.0,47.5,271.42857142857144
T005,G2-0236,G2-0232,175000.0,47.5,271.42857142857144
T005,G2-0237,G2-0233,175000.0,47.5,271.42857142857144
T005,G2-0238,G2-0234,175000.0,47.5,271.42857142857144
T005,G2-0263,G2-0259,175000.0,47.5,271.42857142857144
T005,G2-0264,G2-0260,175000.0,47.5,271.42857142857144
T005,G2-0265,G2-0261,175000.0,47.5,271.42857142857144
T005,G2-0266,G2-0262,175000.0,47.5,271.42857142857144
T005,G2-0291,G2-0287,175000.0,47.5,271.42857142857144
T005,G2-0292,G2-0288,175000.0,47.5,271.42857142857144
T005,G2-0293,G2-0289,175000.0,47.5,271.42857142857144
T005,G2-0294,G2-0290,175000.0,47.5,271.42857142857144
T005,G2-0319,G2-0315,175000.0,47.5,271.42857142857144
T005,G2-0320,G2-0316,175000.0,47.5,271.42857142857144
T005,G2-0321,G2-0317,175000.0,47.5,271.42857142857144
T005,G2-0322,G2-0318,175000.0,47.5,271.42857142857144
T005,G2-0347,G2-0343,175000.0,47.5,271.42857142857144
T005,G2-0348,G2-0344,175000.0,47.5,271.42857142857144
T005,G2-0349,G2-0345,175000.0,47.5,271.42857142857144
T005,G2-0350,G2-0346,175000.0,47.5,271.42857142857144
T005,G2-0375,G2-0371,175000.0,47.5,271.42857142857144
T005,G2-0376,G2-0372,175000.0,47.5,271.42857142857144
T005,G2-0377,G2-0373,175000.0,47.5,271.42857142857144
T005,G2-0378,G2-0374,175000.0,47.5,271.42857142857144
T005,G2-0403,G2-0399,175000.0,47.5,271.42857142857144
T005,G2-0404,G2-0400,175000.0,47.5,271.42857142857144
T005,G2-0405,G2-0401,175000.0,47.5,271.42857142857144
T005,G2-0406,G2-0402,175000.0,47.5,271.42857142857144
T005,G2-0431,G2-0427,175000.0,47.5,271.42857142857144
T005,G2-0432,G2-0428,175000.0,47.5,271.42857142857144
T005,G2-0433,G2-0429,175000.0,47.5,271.42857142857144
T005,G2-0434,G2-0430,175000.0,47.5,271.42857142857144
T005,G2-0459,G2-0455,175000.0,47.5,271.42857142857144
T005,G2-0460,G2-0456,175000.0,47.5,271.42857142857144
T005,G2-0461,G2-0457,175000.0,47.5,271.42857142857144
T005,G2-0462,G2-0458,175000.0,47.5,271.42857142857144
T005,G2-0487,G2-0483,175000.0,47.5,271.42857142857144
T005,G2-0488,G2-0484,175000.0,47.5,271.42857142857144
T005,G2-0489,G2-0485,175000.0,47.5,271.42857142857144
T005,G2-0490,G2-0486,175000.0,47.5,271.42857142857144
T005,G2-0515,G2-0511,175000.0,47.5,271.42857142857144
T005,G2-0516,G2-0512,175000.0,47.5,271.42857142857144
T005,G2-0517,G2-0513,175000.0,47.5,271.42857142857144
T005,G2-0518,G2-0514,175000.0,47.5,271.42857142857144
T005,G2-0543,G2-0539,175000.0,47.5,271.42857142857144
T005,G2-0544,G2-0540,175000.0,47.5,271.42857142857144
T005,G2-0545,G2-0541,175000.0,47.5,271.42857142857144
T005,G2-0546,G2-0542,175000.0,47.5,271.42857142857144
T005,G2-0231,G2-0227,175000.0,55.5,317.14285714285717
T005,G2-0232,G2-0228,175000.0,55.5,317.14285714285717
T005,G2-0233,G2-0229,175000.0,55.5,317.14285714285717
T005,G2-0234,G2-0230,175000.0,55.5,317.14285714285717
T005,G2-0259,G2-0255,175000.0,55.5,317.14285714285717
T005,G2-0260,G2-0256,175000.0,55.5,317.14285714285717
T005,G2-0261,G2-0257,175000.0,55.5,317.14285714285717
T005,G2-0262,G2-0258,175000.0,55.5,317.14285714285717
T005,G2-0287,G2-0283,175000.0,55.5,317.14285714285717
T005,G2-0288,G2-0284,175000.0,55.5,317.14285714285717
T005,G2-0289,G2-0285,175000.0,55.5,317.14285714285717
T005,G2-0290,G2-0286,175000.0,55.5,317.14285714285717
T005,G2-0315,G2-0311,175000.0,55.5,317.14285714285717
T005,G2-0316,G2-0312,175000.0,55.5,317.14285714285717
T005,G2-0317,G2-0313,175000.0,55.5,317.14285714285717
T005,G2-0318,G2-0314,175000.0,55.5,317.14285714285717
T005,G2-0343,G2-0339,175000.0,55.5,317.14285714285717
T005,G2-0344,G2-0340,175000.0,55.5,317.14285714285717
T005,G2-0345,G2-0341,175000.0,55.5,317.14285714285717
T005,G2-0346,G2-0342,175000.0,55.5,317.14285714285717
T005,G2-0371,G2-0367,175000.0,55.5,317.14285714285717
T005,G2-0372,G2-0368,175000.0,55.5,317.14285714285717
T005,G2-0373,G2-0369,175000.0,55.5,317.14285714285717
T005,G2-0374,G2-0370,175000.0,55.5,317.14285714285717
T005,G2-0399,G2-0395,175000.0,55.5,317.14285714285717
T005,G2-0400,G2-0396,175000.0,55.5,317.14285714285717
T005,G2-0401,G2-0397,175000.0,55.5,317.14285714285717
T005,G2-0402,G2-0398,175000.0,55.5,317.14285714285717
T005,G2-0427,G2-0423,175000.0,55.5,317.14285714285717
T005,G2-0428,G2-0424,175000.0,55.5,317.14285714285717
T005,G2-0429,G2-0425,175000.0,55.5,317.14285714285717
T005,G2-0430,G2-0426,175000.0,55.5,317.14285714285717
T005,G2-0455,G2-0451,175000.0,55.5,317.14285714285717
T005,G2-0456,G2-0452,175000.0,55.5,317.14285714285717
T005,G2-0457,G2-0453,175000.0,55.5,317.14285714285717
T005,G2-0458,G2-0454,175000.0,55.5,317.14285714285717
T005,G2-0483,G2-0479,175000.0,55.5,317.14285714285717
T005,G2-0484,G2-0480,175000.0,55.5,317.14285714285717
T005,G2-0485,G2-0481,175000.0,55.5,317.14285714285717
T005,G2-0486,G2-0482,175000.0,55.5,317.14285714285717
T005,G2-0511,G2-0507,175000.0,55.5,317.14285714285717
T005,G2-0512,G2-0508,175000.0,55.5,317.14285714285717
T005,G2-0513,G2-0509,175000.0,55.5,317.14285714285717
T005,G2-0514,G2-0510,175000.0,55.5,317.14285714285717
T005,G2-0539,G2-0535,175000.0,55.5,317.14285714285717
T005,G2-0540,G2-0536,175000.0,55.5,317.14285714285717
T005,G2-0541,G2-0537,175000.0,55.5,317.14285714285717
T005,G2-0542,G2-0538,175000.0,55.5,317.14285714285717
T006,G3-0040,G2-0587,175000.0,7.5,42.85714285714286
T006,G3-0040,G2-0588,175000.0,7.5,42.85714285714286
T006,G3-0041,G2-0589,175000.0,7.5,42.85714285714286
T006,G3-0041,G2-0590,175000.0,7.5,42.85714285714286
T006,G3-0042,G2-0615,175000.0,7.5,42.85714285714286
T006,G3-0042,G2-0616,175000.0,7.5,42.85714285714286
T006,G3-0043,G2-0617,175000.0,7.5,42.85714285714286
T006,G3-0043,G2-0618,175000.0,7.5,42.85714285714286
T006,G3-0044,G2-0643,175000.0,7.5,42.85714285714286
T006,G3-0044,G2-0644,175000.0,7.5,42.85714285714286
T006,G3-0045,G2-0645,175000.0,7.5,42.85714285714286
T006,G3-0045,G2-0646,175000.0,7.5,42.85714285714286
T006,G3-0046,G2-0671,175000.0,7.5,42.85714285714286
T006,G3-0046,G2-0672,175000.0,7.5,42.85714285714286
T006,G3-0047,G2-0673,175000.0,7.5,42.85714285714286
T006,G3-0047,G2-0674,175000.0,7.5,42.85714285714286
T006,G3-0048,G2-0699,175000.0,7.5,42.85714285714286
T006,G3-0048,G2-0700,175000.0,7.5,42.85714285714286
T006,G3-0049,G2-0701,175000.0,7.5,42.85714285714286
T006,G3-0049,G2-0702,175000.0,7.5,42.85714285714286
T006,G3-0050,G2-0727,175000.0,7.5,42.85714285714286
T006,G3-0050,G2-0728,175000.0,7.5,42.85714285714286
T006,G3-0051,G2-0729,175000.0,7.5,42.85714285714286
T006,G3-0051,G2-0730,175000.0,7.5,42.85714285714286
T006,G3-0052,G2-0755,175000.0,7.5,42.85714285714286
T006,G3-0052,G2-0756,175000.0,7.5,42.85714285714286
T006,G3-0053,G2-0757,175000.0,7.5,42.85714285714286
T006,G3-0053,G2-0758,175000.0,7.5,42.85714285714286
T006,G3-0054,G2-0783,175000.0,7.5,42.85714285714286
T006,G3-0054,G2-0784,175000.0,7.5,42.85714285714286
T006,G3-0055,G2-0785,175000.0,7.5,42.85714285714286
T006,G3-0055,G2-0786,175000.0,7.5,42.85714285714286
T006,G3-0056,G2-0811,175000.0,7.5,42.85714285714286
T006,G3-0056,G2-0812,175000.0,7.5,42.85714285714286
T006,G3-0057,G2-0813,175000.0,7.5,42.85714285714286
T006,G3-0057,G2-0814,175000.0,7.5,42.85714285714286
T006,G3-0058,G2-0839,175000.0,7.5,42.85714285714286
T006,G3-0058,G2-0840,175000.0,7.5,42.85714285714286
T006,G3-0059,G2-0841,175000.0,7.5,42.85714285714286
T006,G3-0059,G2-0842,175000.0,7.5,42.85714285714286
T006,G3-0060,G2-0867,175000.0,7.5,42.85714285714286
T006,G3-0060,G2-0868,175000.0,7.5,42.85714285714286
T006,G3-0061,G2-0869,175000.0,7.5,42.85714285714286
T006,G3-0061,G2-0870,175000.0,7.5,42.85714285714286
T006,G3-0062,G2-0895,175000.0,7.5,42.85714285714286
T006,G3-0062,G2-0896,175000.0,7.5,42.85714285714286
T006,G3-0063,G2-0897,175000.0,7.5,42.85714285714286
T006,G3-0063,G2-0898,175000.0,7.5,42.85714285714286
T006,G2-0587,G2-0583,175000.0,15.5,88.57142857142858
T006,G2-0588,G2-0584,175000.0,15.5,88.57142857142858
T006,G2-0589,G2-0585,175000.0,15.5,88.57142857142858
T006,G2-0590,G2-0586,175000.0,15.5,88.57142857142858
T006,G2-0615,G2-0611,175000.0,15.5,88.57142857142858
T006,G2-0616,G2-0612,175000.0,15.5,88.57142857142858
T006,G2-0617,G2-0613,175000.0,15.5,88.57142857142858
T006,G2-0618,G2-0614,175000.0,15.5,88.57142857142858
T006,G2-0643,G2-0639,175000.0,15.5,88.57142857142858
T006,G2-0644,G2-0640,175000.0,15.5,88.57142857142858
T006,G2-0645,G2-0641,175000.0,15.5,88.57142857142858
T006,G2-0646,G2-0642,175000.0,15.5,88.57142857142858
T006,G2-0671,G2-0667,175000.0,15.5,88.57142857142858
T006,G2-0672,G2-0668,175000.0,15.5,88.57142857142858
T006,G2-0673,G2-0669,175000.0,15.5,88.57142857142858
T006,G2-0674,G2-0670,175000.0,15.5,88.57142857142858
T006,G2-0699,G2-0695,175000.0,15.5,88.57142857142858
T006,G2-0700,G2-0696,175000.0,15.5,88.57142857142858
T006,G2-0701,G2-0697,175000.0,15.5,88.57142857142858
T006,G2-0702,G2-0698,175000.0,15.5,88.57142857142858
T006,G2-0727,G2-0723,175000.0,15.5,88.57142857142858
T006,G2-0728,G2-0724,175000.0,15.5,88.57142857142858
T006,G2-0729,G2-0725,175000.0,15.5,88.57142857142858
T006,G2-0730,G2-0726,175000.0,15.5,88.57142857142858
T006,G2-0755,G2-0751,175000.0,15.5,88.57142857142858
T006,G2-0756,G2-0752,175000.0,15.5,88.57142857142858
T006,G2-0757,G2-0753,175000.0,15.5,88.57142857142858
T006,G2-0758,G2-0754,175000.0,15.5,88.57142857142858
T006,G2-0783,G2-0779,175000.0,15.5,88.57142857142858
T006,G2-0784,G2-0780,175000.0,15.5,88.57142857142858
T006,G2-0785,G2-0781,175000.0,15.5,88.57142857142858
T006,G2-0786,G2-0782,175000.0,15.5,88.57142857142858
T006,G2-0811,G2-0807,175000.0,15.5,88.57142857142858
T006,G2-0812,G2-0808,175000.0,15.5,88.57142857142858
T006,G2-0813,G2-0809,175000.0,15.5,88.57142857142858
T006,G2-0814,G2-0810,175000.0,15.5,88.57142857142858
T006,G2-0839,G2-0835,175000.0,15.5,88.57142857142858
T006,G2-0840,G2-0836,175000.0,15.5,88.57142857142858
T006,G2-0841,G2-0837,175000.0,15.5,88.57142857142858
T006,G2-0842,G2-0838,175000.0,15.5,88.57142857142858
T006,G2-0867,G2-0863,175000.0,15.5,88.57142857142858
T006,G2-0868,G2-0864,175000.0,15.5,88.57142857142858
T006,G2-0869,G2-0865,175000.0,15.5,88.57142857142858
T006,G2-0870,G2-0866,175000.0,15.5,88.57142857142858
T006,G2-0895,G2-0891,175000.0,15.5,88.57142857142858
T006,G2-0896,G2-0892,175000.0,15.5,88.57142857142858
T006,G2-0897,G2-0893,175000.0,15.5,88.57142857142858
T006,G2-0898,G2-0894,175000.0,15.5,88.57142857142858
T006,G2-0583,G2-0579,175000.0,23.5,134.2857142857143
T006,G2-0584,G2-0580,175000.0,23.5,134.2857142857143
T006,G2-0585,G2-0581,175000.0,23.5,134.2857142857143
T006,G2-0586,G2-0582,175000.0,23.5,134.2857142857143
T006,G2-0611,G2-0607,175000.0,23.5,134.2857142857143
T006,G2-0612,G2-0608,175000.0,23.5,134.2857142857143
T006,G2-0613,G2-0609,175000.0,23.5,134.2857142857143
T006,G2-0614,G2-0610,175000.0,23.5,134.2857142857143
T006,G2-0639,G2-0635,175000.0,23.5,134.2857142857143
T006,G2-0640,G2-0636,175000.0,23.5,134.2857142857143
T006,G2-0641,G2-0637,175000.0,23.5,134.2857142857143
T006,G2-0642,G2-0638,175000.0,23.5,134.2857142857143
T006,G2-0667,G2-0663,175000.0,23.5,134.2857142857143
T006,G2-0668,G2-0664,175000.0,23.5,134.2857142857143
T006,G2-0669,G2-0665,175000.0,23.5,134.2857142857143
T006,G2-0670,G2-0666,175000.0,23.5,134.2857142857143
T006,G2-0695,G2-0691,175000.0,23.5,134.2857142857143
T006,G2-0696,G2-0692,175000.0,23.5,134.2857142857143
T006,G2-0697,G2-0693,175000.0,23.5,134.2857142857143
T006,G2-0698,G2-0694,175000.0,23.5,134.2857142857143
T006,G2-0723,G2-0719,175000.0,23.5,134.2857142857143
T006,G2-0724,G2-0720,175000.0,23.5,134.2857142857143
T006,G2-0725,G2-0721,175000.0,23.5,134.2857142857143
T006,G2-0726,G2-0722,175000.0,23.5,134.2857142857143
T006,G2-0751,G2-0747,175000.0,23.5,134.2857142857143
T006,G2-0752,G2-0748,175000.0,23.5,134.2857142857143
T006,G2-0753,G2-0749,175000.0,23.5,134.2857142857143
T006,G2-0754,G2-0750,175000.0,23.5,134.2857142857143
T006,G2-0779,G2-0775,175000.0,23.5,134.2857142857143
T006,G2-0780,G2-0776,175000.0,23.5,134.2857142857143
T006,G2-0781,G2-0777,175000.0,23.5,134.2857142857143
T006,G2-0782,G2-0778,175000.0,23.5,134.2857142857143
T006,G2-0807,G2-0803,175000.0,23.5,134.2857142857143
T006,G2-0808,G2-0804,175000.0,23.5,134.2857142857143
T006,G2-0809,G2-0805,175000.0,23.5,134.2857142857143
T006,G2-0810,G2-0806,175000.0,23.5,134.2857142857143
T006,G2-0835,G2-0831,175000.0,23.5,134.2857142857143
T006,G2-0836,G2-0832,175000.0,23.5,134.2857142857143
T006,G2-0837,G2-0833,175000.0,23.5,134.2857142857143
T006,G2-0838,G2-0834,175000.0,23.5,134.2857142857143
T006,G2-0863,G2-0859,175000.0,23.5,134.2857142857143
T006,G2-0864,G2-0860,175000.0,23.5,134.2857142857143
T006,G2-0865,G2-0861,175000.0,23.5,134.2857142857143
T006,G2-0866,G2-0862,175000.0,23.5,134.2857142857143
T006,G2-0891,G2-0887,175000.0,23.5,134.2857142857143
T006,G2-0892,G2-0888,175000.0,23.5,134.2857142857143
T006,G2-0893,G2-0889,175000.0,23.5,134.2857142857143
T006,G2-0894,G2-0890,175000.0,23.5,134.2857142857143
T006,G2-0579,G2-0575,175000.0,31.5,180.0
T006,G2-0580,G2-0576,175000.0,31.5,180.0
T006,G2-0581,G2-0577,175000.0,31.5,180.0
T006,G2-0582,G2-0578,175000.0,31.5,180.0
T006,G2-0607,G2-0603,175000.0,31.5,180.0
T006,G2-0608,G2-0604,175000.0,31.5,180.0
T006,G2-0609,G2-0605,175000.0,31.5,180.0
T006,G2-0610,G2-0606,175000.0,31.5,180.0
T006,G2-0635,G2-0631,175000.0,31.5,180.0
T006,G2-0636,G2-0632,175000.0,31.5,180.0
T006,G2-0637,G2-0633,175000.0,31.5,180.0
T006,G2-0638,G2-0634,175000.0,31.5,180.0
T006,G2-0663,G2-0659,175000.0,31.5,180.0
T006,G2-0664,G2-0660,175000.0,31.5,180.0
T006,G2-0665,G2-0661,175000.0,31.5,180.0
T006,G2-0666,G2-0662,175000.0,31.5,180.0
T006,G2-0691,G2-0687,175000.0,31.5,180.0
T006,G2-0692,G2-0688,175000.0,31.5,180.0
T006,G2-0693,G2-0689,175000.0,31.5,180.0
T006,G2-0694,G2-0690,175000.0,31.5,180.0
T006,G2-0719,G2-0715,175000.0,31.5,180.0
T006,G2-0720,G2-0716,175000.0,31.5,180.0
T006,G2-0721,G2-0717,175000.0,31.5,180.0
T006,G2-0722,G2-0718,175000.0,31.5,180.0
T006,G2-0747,G2-0743,175000.0,31.5,180.0
T006,G2-0748,G2-0744,175000.0,31.5,180.0
T006,G2-0749,G2-0745,175000.0,31.5,180.0
T006,G2-0750,G2-0746,175000.0,31.5,180.0
T006,G2-0775,G2-0771,175000.0,31.5,180.0
T006,G2-0776,G2-0772,175000.0,31.5,180.0
T006,G2-0777,G2-0773,175000.0,31.5,180.0
T006,G2-0778,G2-0774,175000.0,31.5,180.0
T006,G2-0803,G2-0799,175000.0,31.5,180.0
T006,G2-0804,G2-0800,175000.0,31.5,180.0
T006,G2-0805,G2-0801,175000.0,31.5,180.0
T006,G2-0806,G2-0802,175000.0,31.5,180.0
T006,G2-0831,G2-0827,175000.0,31.5,180.0
T006,G2-0832,G2-0828,175000.0,31.5,180.0
T006,G2-0833,G2-0829,175000.0,31.5,180.0
T006,G2-0834,G2-0830,175000.0,31.5,180.0
T006,G2-0859,G2-0855,175000.0,31.5,180.0
T006,G2-0860,G2-0856,175000.0,31.5,180.0
T006,G2-0861,G2-0857,175000.0,31.5,180.0
T006,G2-0862,G2-0858,175000.0,31.5,180.0
T006,G2-0887,G2-0883,175000.0,31.5,180.0
T006,G2-0888,G2-0884,175000.0,31.5,180.0
T006,G2-0889,G2-0885,175000.0,31.5,180.0
T006,G2-0890,G2-0886,175000.0,31.5,180.0
T006,G2-0575,G2-0571,175000.0,39.5,225.71428571428572
T006,G2-0576,G2-0572,175000.0,39.5,225.71428571428572
T006,G2-0577,G2-0573,175000.0,39.5,225.71428571428572
T006,G2-0578,G2-0574,175000.0,39.5,225.71428571428572
T006,G2-0603,G2-0599,175000.0,39.5,225.71428571428572
T006,G2-0604,G2-0600,175000.0,39.5,225.71428571428572
T006,G2-0605,G2-0601,175000.0,39.5,225.71428571428572
T006,G2-0606,G2-0602,175000.0,39.5,225.71428571428572
T006,G2-0631,G2-0627,175000.0,39.5,225.71428571428572
T006,G2-0632,G2-0628,175000.0,39.5,225.71428571428572
T006,G2-0633,G2-0629,175000.0,39.5,225.71428571428572
T006,G2-0634,G2-0630,175000.0,39.5,225.71428571428572
T006,G2-0659,G2-0655,175000.0,39.5,225.71428571428572
T006,G2-0660,G2-0656,175000.0,39.5,225.71428571428572
T006,G2-0661,G2-0657,175000.0,39.5,225.71428571428572
T006,G2-0662,G2-0658,175000.0,39.5,225.71428571428572
T006,G2-0687,G2-0683,175000.0,39.5,225.71428571428572
T006,G2-0688,G2-0684,175000.0,39.5,225.71428571428572
T006,G2-0689,G2-0685,175000.0,39.5,225.71428571428572
T006,G2-0690,G2-0686,175000.0,39.5,225.71428571428572
T006,G2-0715,G2-0711,175000.0,39.5,225.71428571428572
T006,G2-0716,G2-0712,175000.0,39.5,225.71428571428572
T006,G2-0717,G2-0713,175000.0,39.5,225.71428571428572
T006,G2-0718,G2-0714,175000.0,39.5,225.71428571428572
T006,G2-0743,G2-0739,175000.0,39.5,225.71428571428572
T006,G2-0744,G2-0740,175000.0,39.5,225.71428571428572
T006,G2-0745,G2-0741,175000.0,39.5,225.71428571428572
T006,G2-0746,G2-0742,175000.0,39.5,225.71428571428572
T006,G2-0771,G2-0767,175000.0,39.5,225.71428571428572
T006,G2-0772,G2-0768,175000.0,39.5,225.71428571428572
T006,G2-0773,G2-0769,175000.0,39.5,225.71428571428572
T006,G2-0774,G2-0770,175000.0,39.5,225.71428571428572
T006,G2-0799,G2-0795,175000.0,39.5,225.71428571428572
T006,G2-0800,G2-0796,175000.0,39.5,225.71428571428572
T006,G2-0801,G2-0797,175000.0,39.5,225.71428571428572
T006,G2-0802,G2-0798,175000.0,39.5,225.71428571428572
T006,G2-0827,G2-0823,175000.0,39.5,225.71428571428572
T006,G2-0828,G2-0824,175000.0,39.5,225.71428571428572
T006,G2-0829,G2-0825,175000.0,39.5,225.71428571428572
T006,G2-0830,G2-0826,175000.0,39.5,225.71428571428572
T006,G2-0855,G2-0851,175000.0,39.5,225.71428571428572
T006,G2-0856,G2-0852,175000.0,39.5,225.71428571428572
T006,G2-0857,G2-0853,175000.0,39.5,225.71428571428572
T006,G2-0858,G2-0854,175000.0,39.5,225.71428571428572
T006,G2-0883,G2-0879,175000.0,39.5,225.71428571428572
T006,G2-0884,G2-0880,175000.0,39.5,225.71428571428572
T006,G2-0885,G2-0881,175000.0,39.5,225.71428571428572
T006,G2-0886,G2-0882,175000.0,39.5,225.71428571428572
T006,G2-0571,G2-0567,175000.0,47.5,271.42857142857144
T006,G2-0572,G2-0568,175000.0,47.5,271.42857142857144
T006,G2-0573,G2-0569,175000.0,47.5,271.42857142857144
T006,G2-0574,G2-0570,175000.0,47.5,271.42857142857144
T006,G2-0599,G2-0595,175000.0,47.5,271.42857142857144
T006,G2-0600,G2-0596,175000.0,47.5,271.42857142857144
T006,G2-0601,G2-0597,175000.0,47.5,271.42857142857144
T006,G2-0602,G2-0598,175000.0,47.5,271.42857142857144
T006,G2-0627,G2-0623,175000.0,47.5,271.42857142857144
T006,G2-0628,G2-0624,175000.0,47.5,271.42857142857144
T006,G2-0629,G2-0625,175000.0,47.5,271.42857142857144
T006,G2-0630,G2-0626,175000.0,47.5,271.42857142857144
T006,G2-0655,G2-0651,175000.0,47.5,271.42857142857144
T006,G2-0656,G2-0652,175000.0,47.5,271.42857142857144
T006,G2-0657,G2-0653,175000.0,47.5,271.42857142857144
T006,G2-0658,G2-0654,175000.0,47.5,271.42857142857144
T006,G2-0683,G2-0679,175000.0,47.5,271.42857142857144
T006,G2-0684,G2-0680,175000.0,47.5,271.42857142857144
T006,G2-0685,G2-0681,175000.0,47.5,271.42857142857144
T006,G2-0686,G2-0682,175000.0,47.5,271.42857142857144
T006,G2-0711,G2-0707,175000.0,47.5,271.42857142857144
T006,G2-0712,G2-0708,175000.0,47.5,271.42857142857144
T006,G2-0713,G2-0709,175000.0,47.5,271.42857142857144
T006,G2-0714,G2-0710,175000.0,47.5,271.42857142857144
T006,G2-0739,G2-0735,175000.0,47.5,271.42857142857144
T006,G2-0740,G2-0736,175000.0,47.5,271.42857142857144
T006,G2-0741,G2-0737,175000.0,47.5,271.42857142857144
T006,G2-0742,G2-0738,175000.0,47.5,271.42857142857144
T006,G2-0767,G2-0763,175000.0,47.5,271.42857142857144
T006,G2-0768,G2-0764,175000.0,47.5,271.42857142857144
T006,G2-0769,G2-0765,175000.0,47.5,271.42857142857144
T006,G2-0770,G2-0766,175000.0,47.5,271.42857142857144
T006,G2-0795,G2-0791,175000.0,47.5,271.42857142857144
T006,G2-0796,G2-0792,175000.0,47.5,271.42857142857144
T006,G2-0797,G2-0793,175000.0,47.5,271.42857142857144
T006,G2-0798,G2-0794,175000.0,47.5,271.42857142857144
T006,G2-0823,G2-0819,175000.0,47.5,271.42857142857144
T006,G2-0824,G2-0820,175000.0,47.5,271.42857142857144
T006,G2-0825,G2-0821,175000.0,47.5,271.42857142857144
T006,G2-0826,G2-0822,175000.0,47.5,271.42857142857144
T006,G2-0851,G2-0847,175000.0,47.5,271.42857142857144
T006,G2-0852,G2-0848,175000.0,47.5,271.42857142857144
T006,G2-0853,G2-0849,175000.0,47.5,271.42857142857144
T006,G2-0854,G2-0850,175000.0,47.5,271.42857142857144
T006,G2-0879,G2-0875,175000.0,47.5,271.42857142857144
T006,G2-0880,G2-0876,175000.0,47.5,271.42857142857144
T006,G2-0881,G2-0877,175000.0,47.5,271.42857142857144
T006,G2-0882,G2-0878,175000.0,47.5,271.42857142857144
T006,G2-0567,G2-0563,175000.0,55.5,317.14285714285717
T006,G2-0568,G2-0564,175000.0,55.5,317.14285714285717
T006,G2-0569,G2-0565,175000.0,55.5,317.14285714285717
T006,G2-0570,G2-0566,175000.0,55.5,317.14285714285717
T006,G2-0595,G2-0591,175000.0,55.5,317.14285714285717
T006,G2-0596,G2-0592,175000.0,55.5,317.14285714285717
T006,G2-0597,G2-0593,175000.0,55.5,317.14285714285717
T006,G2-0598,G2-0594,175000.0,55.5,317.14285714285717
T006,G2-0623,G2-0619,175000.0,55.5,317.14285714285717
T006,G2-0624,G2-0620,175000.0,55.5,317.14285714285717
T006,G2-0625,G2-0621,175000.0,55.5,317.14285714285717
T006,G2-0626,G2-0622,175000.0,55.5,317.14285714285717
T006,G2-0651,G2-0647,175000.0,55.5,317.14285714285717
T006,G2-0652,G2-0648,175000.0,55.5,317.14285714285717
T006,G2-0653,G2-0649,175000.0,55.5,317.14285714285717
T006,G2-0654,G2-0650,175000.0,55.5,317.14285714285717
T006,G2-0679,G2-0675,175000.0,55.5,317.14285714285717
T006,G2-0680,G2-0676,175000.0,55.5,317.14285714285717
T006,G2-0681,G2-0677,175000.0,55.5,317.14285714285717
T006,G2-0682,G2-0678,175000.0,55.5,317.14285714285717
T006,G2-0707,G2-0703,175000.0,55.5,317.14285714285717
T006,G2-0708,G2-0704,175000.0,55.5,317.14285714285717
T006,G2-0709,G2-0705,175000.0,55.5,317.14285714285717
T006,G2-0710,G2-0706,175000.0,55.5,317.14285714285717
T006,G2-0735,G2-0731,175000.0,55.5,317.14285714285717
T006,G2-0736,G2-0732,175000.0,55.5,317.14285714285717
T006,G2-0737,G2-0733,175000.0,55.5,317.14285714285717
T006,G2-0738,G2-0734,175000.0,55.5,317.14285714285717
T006,G2-0763,G2-0759,175000.0,55.5,317.14285714285717
T006,G2-0764,G2-0760,175000.0,55.5,317.14285714285717
T006,G2-0765,G2-0761,175000.0,55.5,317.14285714285717
T006,G2-0766,G2-0762,175000.0,55.5,317.14285714285717
T006,G2-0791,G2-0787,175000.0,55.5,317.14285714285717
T006,G2-0792,G2-0788,175000.0,55.5,317.14285714285717
T006,G2-0793,G2-0789,175000.0,55.5,317.14285714285717
T006,G2-0794,G2-0790,175000.0,55.5,317.14285714285717
T006,G2-0819,G2-0815,175000.0,55.5,317.14285714285717
T006,G2-0820,G2-0816,175000.0,55.5,317.14285714285717
T006,G2-0821,G2-0817,175000.0,55.5,317.14285714285717
T006,G2-0822,G2-0818,175000.0,55.5,317.14285714285717
T006,G2-0847,G2-0843,175000.0,55.5,317.14285714285717
T006,G2-0848,G2-0844,175000.0,55.5,317.14285714285717
T006,G2-0849,G2-0845,175000.0,55.5,317.14285714285717
T006,G2-0850,G2-0846,175000.0,55.5,317.14285714285717
T006,G2-0875,G2-0871,175000.0,55.5,317.14285714285717
T006,G2-0876,G2-0872,175000.0,55.5,317.14285714285717
T006,G2-0877,G2-0873,175000.0,55.5,317.14285714285717
T006,G2-0878,G2-0874,175000.0,55.5,317.14285714285717
T007,G3-0064,G2-0923,175000.0,7.5,42.85714285714286
T007,G3-0064,G2-0924,175000.0,7.5,42.85714285714286
T007,G3-0065,G2-0925,175000.0,7.5,42.85714285714286
T007,G3-0065,G2-0926,175000.0,7.5,42.85714285714286
T007,G3-0066,G2-0951,175000.0,7.5,42.85714285714286
T007,G3-0066,G2-0952,175000.0,7.5,42.85714285714286
T007,G3-0067,G2-0953,175000.0,7.5,42.85714285714286
T007,G3-0067,G2-0954,175000.0,7.5,42.85714285714286
T007,G3-0068,G2-0979,175000.0,7.5,42.85714285714286
T007,G3-0068,G2-0980,175000.0,7.5,42.85714285714286
T007,G3-0069,G2-0981,175000.0,7.5,42.85714285714286
T007,G3-0069,G2-0982,175000.0,7.5,42.85714285714286
T007,G3-0070,G2-0995,175000.0,7.5,42.85714285714286
T007,G3-0070,G2-0996,175000.0,7.5,42.85714285714286
T007,G3-0072,G1-0001,87500.0,3.75,42.85714285714286
T007,G3-0072,G1-0002,87500.0,3.75,42.85714285714286
T007,G3-0072,G1-0003,87500.0,3.75,42.85714285714286
T007,G3-0072,G1-0004,87500.0,3.75,42.85714285714286
T007,G3-0073,G1-0005,87500.0,3.75,42.85714285714286
T007,G3-0073,G1-0006,87500.0,3.75,42.85714285714286
T007,G3-0073,G1-0007,87500.0,3.75,42.85714285714286
T007,G3-0073,G1-0008,87500.0,3.75,42.85714285714286
T007,G3-0074,G1-0009,87500.0,3.75,42.85714285714286
T007,G3-0074,G1-0010,87500.0,3.75,42.85714285714286
T007,G3-0074,G1-0011,87500.0,3.75,42.85714285714286
T007,G3-0074,G1-0012,87500.0,3.75,42.85714285714286
T007,G3-0075,G1-0013,87500.0,3.75,42.85714285714286
T007,G3-0075,G1-0014,87500.0,3.75,42.85714285714286
T007,G3-0075,G1-0015,87500.0,3.75,42.85714285714286
T007,G3-0075,G1-0016,87500.0,3.75,42.85714285714286
T007,G3-0076,G1-0017,87500.0,3.75,42.85714285714286
T007,G3-0076,G1-0018,87500.0,3.75,42.85714285714286
T007,G3-0076,G1-0019,87500.0,3.75,42.85714285714286
T007,G3-0076,G1-0020,87500.0,3.75,42.85714285714286
T007,G3-0077,G1-0021,87500.0,3.75,42.85714285714286
T007,G3-0077,G1-0022,87500.0,3.75,42.85714285714286
T007,G3-0077,G1-0023,87500.0,3.75,42.85714285714286
T007,G3-0077,G1-0024,87500.0,3.75,42.85714285714286
T007,G3-0078,G1-0025,87500.0,3.75,42.85714285714286
T007,G3-0078,G1-0026,87500.0,3.75,42.85714285714286
T007,G3-0078,G1-0027,87500.0,3.75,42.85714285714286
T007,G3-0078,G1-0028,87500.0,3.75,42.85714285714286
T007,G3-0079,G1-0029,87500.0,3.75,42.85714285714286
T007,G3-0079,G1-0030,87500.0,3.75,42.85714285714286
T007,G3-0079,G1-0031,87500.0,3.75,42.85714285714286
T007,G3-0079,G1-0032,87500.0,3.75,42.85714285714286
T007,G1-0037,G1-0036,180000.0,12.0,66.66666666666667
T007,G1-0042,G1-0041,180000.0,12.0,66.66666666666667
T007,G1-0047,G1-0046,180000.0,12.0,66.66666666666667
T007,G1-0052,G1-0051,180000.0,12.0,66.66666666666667
T007,G1-0057,G1-0056,180000.0,12.0,66.66666666666667
T007,G1-0062,G1-0061,180000.0,12.0,66.66666666666667
T007,G2-0923,G2-0919,175000.0,15.5,88.57142857142858
T007,G2-0924,G2-0920,175000.0,15.5,88.57142857142858
T007,G2-0925,G2-0921,175000.0,15.5,88.57142857142858
T007,G2-0926,G2-0922,175000.0,15.5,88.57142857142858
T007,G2-0951,G2-0947,175000.0,15.5,88.57142857142858
T007,G2-0952,G2-0948,175000.0,15.5,88.57142857142858
T007,G2-0953,G2-0949,175000.0,15.5,88.57142857142858
T007,G2-0954,G2-0950,175000.0,15.5,88.57142857142858
T007,G2-0979,G2-0975,175000.0,15.5,88.57142857142858
T007,G2-0980,G2-0976,175000.0,15.5,88.57142857142858
T007,G2-0981,G2-0977,175000.0,15.5,88.57142857142858
T007,G2-0982,G2-0978,175000.0,15.5,88.57142857142858
T007,G2-0995,G2-0993,175000.0,15.5,88.57142857142858
T007,G2-0996,G2-0994,175000.0,15.5,88.57142857142858
T007,G3-0071,G2-0997,87500.0,3.75,42.85714285714286
T007,G3-0071,G2-0998,87500.0,3.75,42.85714285714286
T007,G3-0071,G2-0999,87500.0,3.75,42.85714285714286
T007,G3-0071,G2-1000,87500.0,3.75,42.85714285714286
T007,G2-0919,G2-0915,175000.0,23.5,134.2857142857143
T007,G2-0920,G2-0916,175000.0,23.5,134.2857142857143
T007,G2-0921,G2-0917,175000.0,23.5,134.2857142857143
T007,G2-0922,G2-0918,175000.0,23.5,134.2857142857143
T007,G2-0947,G2-0943,175000.0,23.5,134.2857142857143
T007,G2-0948,G2-0944,175000.0,23.5,134.2857142857143
T007,G2-0949,G2-0945,175000.0,23.5,134.2857142857143
T007,G2-0950,G2-0946,175000.0,23.5,134.2857142857143
T007,G2-0975,G2-0971,175000.0,23.5,134.2857142857143
T007,G2-0976,G2-0972,175000.0,23.5,134.2857142857143
T007,G2-0977,G2-0973,175000.0,23.5,134.2857142857143
T007,G2-0978,G2-0974,175000.0,23.5,134.2857142857143
T007,G2-0993,G2-0991,175000.0,23.5,134.2857142857143
T007,G2-0994,G2-0992,175000.0,23.5,134.2857142857143
T007,G1-0036,G1-0035,180000.0,24.0,133.33333333333334
T007,G1-0041,G1-0040,180000.0,24.0,133.33333333333334
T007,G1-0046,G1-0045,180000.0,24.0,133.33333333333334
T007,G1-0051,G1-0050,180000.0,24.0,133.33333333333334
T007,G1-0056,G1-0055,180000.0,24.0,133.33333333333334
T007,G1-0061,G1-0060,180000.0,24.0,133.33333333333334
T007,G2-0915,G2-0911,175000.0,31.5,180.0
T007,G2-0916,G2-0912,175000.0,31.5,180.0
T007,G2-0917,G2-0913,175000.0,31.5,180.0
T007,G2-0918,G2-0914,175000.0,31.5,180.0
T007,G2-0943,G2-0939,175000.0,31.5,180.0
T007,G2-0944,G2-0940,175000.0,31.5,180.0
T007,G2-0945,G2-0941,175000.0,31.5,180.0
T007,G2-0946,G2-0942,175000.0,31.5,180.0
T007,G2-0971,G2-0967,175000.0,31.5,180.0
T007,G2-0972,G2-0968,175000.0,31.5,180.0
T007,G2-0973,G2-0969,175000.0,31.5,180.0
T007,G2-0974,G2-0970,175000.0,31.5,180.0
T007,G2-0991,G2-0989,175000.0,31.5,180.0
T007,G2-0992,G2-0990,175000.0,31.5,180.0
T007,G2-0997,G4-0002,87500.0,11.75,134.2857142857143
T007,G2-0998,G4-0002,87500.0,11.75,134.2857142857143
T007,G2-0999,G4-0002,87500.0,11.75,134.2857142857143
T007,G2-1000,G4-0002,87500.0,11.75,134.2857142857143
T007,G1-0001,G4-0004,120000.0,15.75,131.25
T007,G1-0002,G4-0004,120000.0,15.75,131.25
T007,G1-0003,G4-0004,120000.0,15.75,131.25
T007,G1-0004,G4-0004,120000.0,15.75,131.25
T007,G1-0005,G4-0006,120000.0,15.75,131.25
T007,G1-0006,G4-0006,120000.0,15.75,131.25
T007,G1-0007,G4-0006,120000.0,15.75,131.25
T007,G1-0008,G4-0006,120000.0,15.75,131.25
T007,G1-0009,G4-0008,120000.0,15.75,131.25
T007,G1-0010,G4-0008,120000.0,15.75,131.25
T007,G1-0011,G4-0008,120000.0,15.75,131.25
T007,G1-0012,G4-0008,120000.0,15.75,131.25
T007,G1-0013,G4-0010,120000.0,15.75,131.25
T007,G1-0014,G4-0010,120000.0,15.75,131.25
T007,G1-0015,G4-0010,120000.0,15.75,131.25
T007,G1-0016,G4-0010,120000.0,15.75,131.25
T007,G1-0017,G4-0012,120000.0,15.75,131.25
T007,G1-0018,G4-0012,120000.0,15.75,131.25
T007,G1-0019,G4-0012,120000.0,15.75,131.25
T007,G1-0020,G4-0012,120000.0,15.75,131.25
T007,G1-0021,G4-0014,120000.0,15.75,131.25
T007,G1-0022,G4-0014,120000.0,15.75,131.25
T007,G1-0023,G4-0014,120000.0,15.75,131.25
T007,G1-0024,G4-0014,120000.0,15.75,131.25
T007,G1-0025,G4-0016,120000.0,15.75,131.25
T007,G1-0026,G4-0016,120000.0,15.75,131.25
T007,G1-0027,G4-0016,120000.0,15.75,131.25
T007,G1-0028,G4-0016,120000.0,15.75,131.25
T007,G1-0029,G4-0018,120000.0,15.75,131.25
T007,G1-0030,G4-0018,120000.0,15.75,131.25
T007,G1-0031,G4-0018,120000.0,15.75,131.25
T007,G1-0032,G4-0018,120000.0,15.75,131.25
T007,G1-0035,G1-0034,180000.0,36.0,200.0
T007,G1-0040,G1-0039,180000.0,36.0,200.0
T007,G1-0045,G1-0044,180000.0,36.0,200.0
T007,G1-0050,G1-0049,180000.0,36.0,200.0
T007,G1-0055,G1-0054,180000.0,36.0,200.0
T007,G1-0060,G1-0059,180000.0,36.0,200.0
T007,G2-0911,G2-0907,175000.0,39.5,225.71428571428572
T007,G2-0912,G2-0908,175000.0,39.5,225.71428571428572
T007,G2-0913,G2-0909,175000.0,39.5,225.71428571428572
T007,G2-0914,G2-0910,175000.0,39.5,225.71428571428572
T007,G2-0939,G2-0935,175000.0,39.5,225.71428571428572
T007,G2-0940,G2-0936,175000.0,39.5,225.71428571428572
T007,G2-0941,G2-0937,175000.0,39.5,225.71428571428572
T007,G2-0942,G2-0938,175000.0,39.5,225.71428571428572
T007,G2-0967,G2-0963,175000.0,39.5,225.71428571428572
T007,G2-0968,G2-0964,175000.0,39.5,225.71428571428572
T007,G2-0969,G2-0965,175000.0,39.5,225.71428571428572
T007,G2-0970,G2-0966,175000.0,39.5,225.71428571428572
T007,G2-0989,G2-0987,175000.0,39.5,225.71428571428572
T007,G2-0990,G2-0988,175000.0,39.5,225.71428571428572
T007,G2-0907,G2-0903,175000.0,47.5,271.42857142857144
T007,G2-0908,G2-0904,175000.0,47.5,271.42857142857144
T007,G2-0909,G2-0905,175000.0,47.5,271.42857142857144
T007,G2-0910,G2-0906,175000.0,47.5,271.42857142857144
T007,G2-0935,G2-0931,175000.0,47.5,271.42857142857144
T007,G2-0936,G2-0932,175000.0,47.5,271.42857142857144
T007,G2-0937,G2-0933,175000.0,47.5,271.42857142857144
T007,G2-0938,G2-0934,175000.0,47.5,271.42857142857144
T007,G2-0963,G2-0959,175000.0,47.5,271.42857142857144
T007,G2-0964,G2-0960,175000.0,47.5,271.42857142857144
T007,G2-0965,G2-0961,175000.0,47.5,271.42857142857144
T007,G2-0966,G2-0962,175000.0,47.5,271.42857142857144
T007,G2-0987,G2-0985,175000.0,47.5,271.42857142857144
T007,G2-0988,G2-0986,175000.0,47.5,271.42857142857144
T007,G4-0002,G4-0001,480000.0,72.0,150.0
T007,G4-0004,G4-0003,480000.0,88.0,183.33333333333334
T007,G4-0006,G4-0005,480000.0,88.0,183.33333333333334
T007,G4-0008,G4-0007,480000.0,88.0,183.33333333333334
T007,G4-0010,G4-0009,480000.0,88.0,183.33333333333334
T007,G4-0012,G4-0011,480000.0,88.0,183.33333333333334
T007,G4-0014,G4-0013,480000.0,88.0,183.33333333333334
T007,G4-0016,G4-0015,480000.0,88.0,183.33333333333334
T007,G4-0018,G4-0017,480000.0,88.0,183.33333333333334
T007,G1-0034,G1-0033,180000.0,48.0,266.6666666666667
T007,G1-0039,G1-0038,180000.0,48.0,266.6666666666667
T007,G1-0044,G1-0043,180000.0,48.0,266.6666666666667
T007,G1-0049,G1-0048,180000.0,48.0,266.6666666666667
T007,G1-0054,G1-0053,180000.0,48.0,266.6666666666667
T007,G1-0059,G1-0058,180000.0,48.0,266.6666666666667
T007,G2-0903,G2-0899,175000.0,55.5,317.14285714285717
T007,G2-0904,G2-0900,175000.0,55.5,317.14285714285717
T007,G2-0905,G2-0901,175000.0,55.5,317.14285714285717
T007,G2-0906,G2-0902,175000.0,55.5,317.14285714285717
T007,G2-0931,G2-0927,175000.0,55.5,317.14285714285717
T007,G2-0932,G2-0928,175000.0,55.5,317.14285714285717
T007,G2-0933,G2-0929,175000.0,55.5,317.14285714285717
T007,G2-0934,G2-0930,175000.0,55.5,317.14285714285717
T007,G2-0959,G2-0955,175000.0,55.5,317.14285714285717
T007,G2-0960,G2-0956,175000.0,55.5,317.14285714285717
T007,G2-0961,G2-0957,175000.0,55.5,317.14285714285717
T007,G2-0962,G2-0958,175000.0,55.5,317.14285714285717
T007,G2-0985,G2-0983,175000.0,55.5,317.14285714285717
T007,G2-0986,G2-0984,175000.0,55.5,317.14285714285717
T008,G3-0082,G1-0063,87500.0,3.75,42.85714285714286
T008,G3-0082,G1-0064,87500.0,3.75,42.85714285714286
T008,G3-0082,G1-0065,87500.0,3.75,42.85714285714286
T008,G3-0082,G1-0066,87500.0,3.75,42.85714285714286
T008,G3-0083,G1-0067,87500.0,3.75,42.85714285714286
T008,G3-0083,G1-0068,87500.0,3.75,42.85714285714286
T008,G3-0083,G1-0069,87500.0,3.75,42.85714285714286
T008,G3-0083,G1-0070,87500.0,3.75,42.85714285714286
T008,G3-0084,G1-0071,87500.0,3.75,42.85714285714286
T008,G3-0084,G1-0072,87500.0,3.75,42.85714285714286
T008,G3-0084,G1-0073,87500.0,3.75,42.85714285714286
T008,G3-0084,G1-0074,87500.0,3.75,42.85714285714286
T008,G3-0085,G1-0075,87500.0,3.75,42.85714285714286
T008,G3-0085,G1-0076,87500.0,3.75,42.85714285714286
T008,G3-0085,G1-0077,87500.0,3.75,42.85714285714286
T008,G3-0085,G1-0078,87500.0,3.75,42.85714285714286
T008,G3-0086,G1-0079,87500.0,3.75,42.85714285714286
T008,G3-0086,G1-0080,87500.0,3.75,42.85714285714286
T008,G3-0086,G1-0081,87500.0,3.75,42.85714285714286
T008,G3-0086,G1-0082,87500.0,3.75,42.85714285714286
T008,G3-0087,G1-0083,87500.0,3.75,42.85714285714286
T008,G3-0087,G1-0084,87500.0,3.75,42.85714285714286
T008,G3-0087,G1-0085,87500.0,3.75,42.85714285714286
T008,G3-0087,G1-0086,87500.0,3.75,42.85714285714286
T008,G3-0088,G1-0087,87500.0,3.75,42.85714285714286
T008,G3-0088,G1-0088,87500.0,3.75,42.85714285714286
T008,G3-0088,G1-0089,87500.0,3.75,42.85714285714286
T008,G3-0088,G1-0090,87500.0,3.75,42.85714285714286
T008,G3-0089,G1-0091,87500.0,3.75,42.85714285714286
T008,G3-0089,G1-0092,87500.0,3.75,42.85714285714286
T008,G3-0089,G1-0093,87500.0,3.75,42.85714285714286
T008,G3-0089,G1-0094,87500.0,3.75,42.85714285714286
T008,G3-0090,G1-0095,87500.0,3.75,42.85714285714286
T008,G3-0090,G1-0096,87500.0,3.75,42.85714285714286
T008,G3-0090,G1-0097,87500.0,3.75,42.85714285714286
T008,G3-0090,G1-0098,87500.0,3.75,42.85714285714286
T008,G3-0091,G1-0099,87500.0,3.75,42.85714285714286
T008,G3-0091,G1-0100,87500.0,3.75,42.85714285714286
T008,G3-0091,G1-0101,87500.0,3.75,42.85714285714286
T008,G3-0091,G1-0102,87500.0,3.75,42.85714285714286
T008,G3-0092,G1-0103,87500.0,3.75,42.85714285714286
T008,G3-0092,G1-0104,87500.0,3.75,42.85714285714286
T008,G3-0092,G1-0105,87500.0,3.75,42.85714285714286
T008,G3-0092,G1-0106,87500.0,3.75,42.85714285714286
T008,G3-0093,G1-0107,87500.0,3.75,42.85714285714286
T008,G3-0093,G1-0108,87500.0,3.75,42.85714285714286
T008,G3-0093,G1-0109,87500.0,3.75,42.85714285714286
T008,G3-0093,G1-0110,87500.0,3.75,42.85714285714286
T008,G3-0094,G1-0111,87500.0,3.75,42.85714285714286
T008,G3-0094,G1-0112,87500.0,3.75,42.85714285714286
T008,G3-0094,G1-0113,87500.0,3.75,42.85714285714286
T008,G3-0094,G1-0114,87500.0,3.75,42.85714285714286
T008,G3-0095,G1-0115,87500.0,3.75,42.85714285714286
T008,G3-0095,G1-0116,87500.0,3.75,42.85714285714286
T008,G3-0095,G1-0117,87500.0,3.75,42.85714285714286
T008,G3-0095,G1-0118,87500.0,3.75,42.85714285714286
T008,G3-0096,G1-0119,87500.0,3.75,42.85714285714286
T008,G3-0096,G1-0120,87500.0,3.75,42.85714285714286
T008,G3-0096,G1-0121,87500.0,3.75,42.85714285714286
T008,G3-0096,G1-0122,87500.0,3.75,42.85714285714286
T008,G1-0127,G1-0126,180000.0,12.0,66.66666666666667
T008,G1-0132,G1-0131,180000.0,12.0,66.66666666666667
T008,G1-0137,G1-0136,180000.0,12.0,66.66666666666667
T008,G1-0142,G1-0141,180000.0,12.0,66.66666666666667
T008,G1-0147,G1-0146,180000.0,12.0,66.66666666666667
T008,G1-0126,G1-0125,180000.0,24.0,133.33333333333334
T008,G1-0131,G1-0130,180000.0,24.0,133.33333333333334
T008,G1-0136,G1-0135,180000.0,24.0,133.33333333333334
T008,G1-0141,G1-0140,180000.0,24.0,133.33333333333334
T008,G1-0146,G1-0145,180000.0,24.0,133.33333333333334
T008,G1-0150,G1-0149,120000.0,12.0,100.0
T008,G1-0063,G4-0020,120000.0,15.75,131.25
T008,G1-0064,G4-0020,120000.0,15.75,131.25
T008,G1-0065,G4-0020,120000.0,15.75,131.25
T008,G1-0066,G4-0020,120000.0,15.75,131.25
T008,G1-0067,G4-0022,120000.0,15.75,131.25
T008,G1-0068,G4-0022,120000.0,15.75,131.25
T008,G1-0069,G4-0022,120000.0,15.75,131.25
T008,G1-0070,G4-0022,120000.0,15.75,131.25
T008,G1-0071,G4-0024,120000.0,15.75,131.25
T008,G1-0072,G4-0024,120000.0,15.75,131.25
T008,G1-0073,G4-0024,120000.0,15.75,131.25
T008,G1-0074,G4-0024,120000.0,15.75,131.25
T008,G1-0075,G4-0026,120000.0,15.75,131.25
T008,G1-0076,G4-0026,120000.0,15.75,131.25
T008,G1-0077,G4-0026,120000.0,15.75,131.25
T008,G1-0078,G4-0026,120000.0,15.75,131.25
T008,G1-0079,G4-0028,120000.0,15.75,131.25
T008,G1-0080,G4-0028,120000.0,15.75,131.25
T008,G1-0081,G4-0028,120000.0,15.75,131.25
T008,G1-0082,G4-0028,120000.0,15.75,131.25
T008,G1-0083,G4-0030,120000.0,15.75,131.25
T008,G1-0084,G4-0030,120000.0,15.75,131.25
T008,G1-0085,G4-0030,120000.0,15.75,131.25
T008,G1-0086,G4-0030,120000.0,15.75,131.25
T008,G1-0087,G4-0032,120000.0,15.75,131.25
T008,G1-0088,G4-0032,120000.0,15.75,131.25
T008,G1-0089,G4-0032,120000.0,15.75,131.25
T008,G1-0090,G4-0032,120000.0,15.75,131.25
T008,G1-0091,G4-0034,120000.0,15.75,131.25
T008,G1-0092,G4-0034,120000.0,15.75,131.25
T008,G1-0093,G4-0034,120000.0,15.75,131.25
T008,G1-0094,G4-0034,120000.0,15.75,131.25
T008,G1-0095,G4-0036,120000.0,15.75,131.25
T008,G1-0096,G4-0036,120000.0,15.75,131.25
T008,G1-0097,G4-0036,120000.0,15.75,131.25
T008,G1-0098,G4-0036,120000.0,15.75,131.25
T008,G1-0099,G4-0038,120000.0,15.75,131.25
T008,G1-0100,G4-0038,120000.0,15.75,131.25
T008,G1-0101,G4-0038,120000.0,15.75,131.25
T008,G1-0102,G4-0038,120000.0,15.75,131.25
T008,G1-0103,G4-0040,120000.0,15.75,131.25
T008,G1-0104,G4-0040,120000.0,15.75,131.25
T008,G1-0105,G4-0040,120000.0,15.75,131.25
T008,G1-0106,G4-0040,120000.0,15.75,131.25
T008,G1-0107,G4-0042,120000.0,15.75,131.25
T008,G1-0108,G4-0042,120000.0,15.75,131.25
T008,G1-0109,G4-0042,120000.0,15.75,131.25
T008,G1-0110,G4-0042,120000.0,15.75,131.25
T008,G1-0111,G4-0044,120000.0,15.75,131.25
T008,G1-0112,G4-0044,120000.0,15.75,131.25
T008,G1-0113,G4-0044,120000.0,15.75,131.25
T008,G1-0114,G4-0044,120000.0,15.75,131.25
T008,G1-0115,G4-0046,120000.0,15.75,131.25
T008,G1-0116,G4-0046,120000.0,15.75,131.25
T008,G1-0117,G4-0046,120000.0,15.75,131.25
T008,G1-0118,G4-0046,120000.0,15.75,131.25
T008,G1-0119,G4-0048,120000.0,15.75,131.25
T008,G1-0120,G4-0048,120000.0,15.75,131.25
T008,G1-0121,G4-0048,120000.0,15.75,131.25
T008,G1-0122,G4-0048,120000.0,15.75,131.25
T008,G1-0125,G1-0124,180000.0,36.0,200.0
T008,G1-0130,G1-0129,180000.0,36.0,200.0
T008,G1-0135,G1-0134,180000.0,36.0,200.0
T008,G1-0140,G1-0139,180000.0,36.0,200.0
T008,G1-0145,G1-0144,180000.0,36.0,200.0
T008,G1-0149,G1-0148,120000.0,24.0,200.0
T008,G4-0020,G4-0019,480000.0,88.0,183.33333333333334
T008,G4-0022,G4-0021,480000.0,88.0,183.33333333333334
T008,G4-0024,G4-0023,480000.0,88.0,183.33333333333334
T008,G4-0026,G4-0025,480000.0,88.0,183.33333333333334
T008,G4-0028,G4-0027,480000.0,88.0,183.33333333333334
T008,G4-0030,G4-0029,480000.0,88.0,183.33333333333334
T008,G4-0032,G4-0031,480000.0,88.0,183.33333333333334
T008,G4-0034,G4-0033,480000.0,88.0,183.33333333333334
T008,G4-0036,G4-0035,480000.0,88.0,183.33333333333334
T008,G4-0038,G4-0037,480000.0,88.0,183.33333333333334
T008,G4-0040,G4-0039,480000.0,88.0,183.33333333333334
T008,G4-0042,G4-0041,480000.0,88.0,183.33333333333334
T008,G4-0044,G4-0043,480000.0,88.0,183.33333333333334
T008,G4-0046,G4-0045,480000.0,88.0,183.33333333333334
T008,G4-0048,G4-0047,480000.0,88.0,183.33333333333334
T008,G1-0124,G1-0123,180000.0,48.0,266.6666666666667
T008,G1-0129,G1-0128,180000.0,48.0,266.6666666666667
T008,G1-0134,G1-0133,180000.0,48.0,266.6666666666667
T008,G1-0139,G1-0138,180000.0,48.0,266.6666666666667
T008,G1-0144,G1-0143,180000.0,48.0,266.6666666666667
T009,G3-0097,G1-0151,87500.0,3.75,42.85714285714286
T009,G3-0097,G1-0152,87500.0,3.75,42.85714285714286
T009,G3-0097,G1-0153,87500.0,3.75,42.85714285714286
T009,G3-0097,G1-0154,87500.0,3.75,42.85714285714286
T009,G3-0098,G1-0155,87500.0,3.75,42.85714285714286
T009,G3-0098,G1-0156,87500.0,3.75,42.85714285714286
T009,G3-0098,G1-0157,87500.0,3.75,42.85714285714286
T009,G3-0098,G1-0158,87500.0,3.75,42.85714285714286
T009,G3-0099,G1-0159,87500.0,3.75,42.85714285714286
T009,G3-0099,G1-0160,87500.0,3.75,42.85714285714286
T009,G3-0099,G1-0161,87500.0,3.75,42.85714285714286
T009,G3-0099,G1-0162,87500.0,3.75,42.85714285714286
T009,G3-0100,G1-0163,87500.0,3.75,42.85714285714286
T009,G3-0100,G1-0164,87500.0,3.75,42.85714285714286
T009,G3-0100,G1-0165,87500.0,3.75,42.85714285714286
T009,G3-0100,G1-0166,87500.0,3.75,42.85714285714286
T009,G3-0101,G1-0167,87500.0,3.75,42.85714285714286
T009,G3-0101,G1-0168,87500.0,3.75,42.85714285714286
T009,G3-0101,G1-0169,87500.0,3.75,42.85714285714286
T009,G3-0101,G1-0170,87500.0,3.75,42.85714285714286
T009,G3-0102,G1-0171,87500.0,3.75,42.85714285714286
T009,G3-0102,G1-0172,87500.0,3.75,42.85714285714286
T009,G3-0102,G1-0173,87500.0,3.75,42.85714285714286
T009,G3-0102,G1-0174,87500.0,3.75,42.85714285714286
T009,G3-0103,G1-0175,87500.0,3.75,42.85714285714286
T009,G3-0103,G1-0176,87500.0,3.75,42.85714285714286
T009,G3-0103,G1-0177,87500.0,3.75,42.85714285714286
T009,G3-0103,G1-0178,87500.0,3.75,42.85714285714286
T009,G3-0104,G1-0179,87500.0,3.75,42.85714285714286
T009,G3-0104,G1-0180,87500.0,3.75,42.85714285714286
T009,G3-0104,G1-0181,87500.0,3.75,42.85714285714286
T009,G3-0104,G1-0182,87500.0,3.75,42.85714285714286
T009,G3-0105,G1-0183,87500.0,3.75,42.85714285714286
T009,G3-0105,G1-0184,87500.0,3.75,42.85714285714286
T009,G3-0105,G1-0185,87500.0,3.75,42.85714285714286
T009,G3-0105,G1-0186,87500.0,3.75,42.85714285714286
T009,G3-0106,G1-0187,87500.0,3.75,42.85714285714286
T009,G3-0106,G1-0188,87500.0,3.75,42.85714285714286
T009,G3-0106,G1-0189,87500.0,3.75,42.85714285714286
T009,G3-0106,G1-0190,87500.0,3.75,42.85714285714286
T009,G3-0107,G1-0191,87500.0,3.75,42.85714285714286
T009,G3-0107,G1-0192,87500.0,3.75,42.85714285714286
T009,G3-0107,G1-0193,87500.0,3.75,42.85714285714286
T009,G3-0107,G1-0194,87500.0,3.75,42.85714285714286
T009,G3-0108,G1-0195,87500.0,3.75,42.85714285714286
T009,G3-0108,G1-0196,87500.0,3.75,42.85714285714286
T009,G3-0108,G1-0197,87500.0,3.75,42.85714285714286
T009,G3-0108,G1-0198,87500.0,3.75,42.85714285714286
T009,G3-0109,G1-0199,87500.0,3.75,42.85714285714286
T009,G3-0109,G1-0200,87500.0,3.75,42.85714285714286
T009,G3-0109,G1-0201,87500.0,3.75,42.85714285714286
T009,G3-0109,G1-0202,87500.0,3.75,42.85714285714286
T009,G3-0110,G1-0203,87500.0,3.75,42.85714285714286
T009,G3-0110,G1-0204,87500.0,3.75,42.85714285714286
T009,G3-0110,G1-0205,87500.0,3.75,42.85714285714286
T009,G3-0110,G1-0206,87500.0,3.75,42.85714285714286
T009,G3-0111,G1-0207,87500.0,3.75,42.85714285714286
T009,G3-0111,G1-0208,87500.0,3.75,42.85714285714286
T009,G3-0111,G1-0209,87500.0,3.75,42.85714285714286
T009,G3-0111,G1-0210,87500.0,3.75,42.85714285714286
T009,G1-0215,G1-0214,180000.0,12.0,66.66666666666667
T009,G1-0220,G1-0219,180000.0,12.0,66.66666666666667
T009,G1-0225,G1-0224,180000.0,12.0,66.66666666666667
T009,G1-0230,G1-0229,180000.0,12.0,66.66666666666667
T009,G1-0235,G1-0234,180000.0,12.0,66.66666666666667
T009,G1-0214,G1-0213,180000.0,24.0,133.33333333333334
T009,G1-0219,G1-0218,180000.0,24.0,133.33333333333334
T009,G1-0224,G1-0223,180000.0,24.0,133.33333333333334
T009,G1-0229,G1-0228,180000.0,24.0,133.33333333333334
T009,G1-0234,G1-0233,180000.0,24.0,133.33333333333334
T009,G1-0238,G1-0237,120000.0,12.0,100.0
T009,G1-0151,G4-0050,120000.0,15.75,131.25
T009,G1-0152,G4-0050,120000.0,15.75,131.25
T009,G1-0153,G4-0050,120000.0,15.75,131.25
T009,G1-0154,G4-0050,120000.0,15.75,131.25
T009,G1-0155,G4-0052,120000.0,15.75,131.25
T009,G1-0156,G4-0052,120000.0,15.75,131.25
T009,G1-0157,G4-0052,120000.0,15.75,131.25
T009,G1-0158,G4-0052,120000.0,15.75,131.25
T009,G1-0159,G4-0054,120000.0,15.75,131.25
T009,G1-0160,G4-0054,120000.0,15.75,131.25
T009,G1-0161,G4-0054,120000.0,15.75,131.25
T009,G1-0162,G4-0054,120000.0,15.75,131.25
T009,G1-0163,G4-0056,120000.0,15.75,131.25
T009,G1-0164,G4-0056,120000.0,15.75,131.25
T009,G1-0165,G4-0056,120000.0,15.75,131.25
T009,G1-0166,G4-0056,120000.0,15.75,131.25
T009,G1-0167,G4-0058,120000.0,15.75,131.25
T009,G1-0168,G4-0058,120000.0,15.75,131.25
T009,G1-0169,G4-0058,120000.0,15.75,131.25
T009,G1-0170,G4-0058,120000.0,15.75,131.25
T009,G1-0171,G4-0060,120000.0,15.75,131.25
T009,G1-0172,G4-0060,120000.0,15.75,131.25
T009,G1-0173,G4-0060,120000.0,15.75,131.25
T009,G1-0174,G4-0060,120000.0,15.75,131.25
T009,G1-0175,G4-0062,120000.0,15.75,131.25
T009,G1-0176,G4-0062,120000.0,15.75,131.25
T009,G1-0177,G4-0062,120000.0,15.75,131.25
T009,G1-0178,G4-0062,120000.0,15.75,131.25
T009,G1-0179,G4-0064,120000.0,15.75,131.25
T009,G1-0180,G4-0064,120000.0,15.75,131.25
T009,G1-0181,G4-0064,120000.0,15.75,131.25
T009,G1-0182,G4-0064,120000.0,15.75,131.25
T009,G1-0183,G4-0066,120000.0,15.75,131.25
T009,G1-0184,G4-0066,120000.0,15.75,131.25
T009,G1-0185,G4-0066,120000.0,15.75,131.25
T009,G1-0186,G4-0066,120000.0,15.75,131.25
T009,G1-0187,G4-0068,120000.0,15.75,131.25
T009,G1-0188,G4-0068,120000.0,15.75,131.25
T009,G1-0189,G4-0068,120000.0,15.75,131.25
T009,G1-0190,G4-0068,120000.0,15.75,131.25
T009,G1-0191,G4-0070,120000.0,15.75,131.25
T009,G1-0192,G4-0070,120000.0,15.75,131.25
T009,G1-0193,G4-0070,120000.0,15.75,131.25
T009,G1-0194,G4-0070,120000.0,15.75,131.25
T009,G1-0195,G4-0072,120000.0,15.75,131.25
T009,G1-0196,G4-0072,120000.0,15.75,131.25
T009,G1-0197,G4-0072,120000.0,15.75,131.25
T009,G1-0198,G4-0072,120000.0,15.75,131.25
T009,G1-0199,G4-0074,120000.0,15.75,131.25
T009,G1-0200,G4-0074,120000.0,15.75,131.25
T009,G1-0201,G4-0074,120000.0,15.75,131.25
T009,G1-0202,G4-0074,120000.0,15.75,131.25
T009,G1-0203,G4-0076,120000.0,15.75,131.25
T009,G1-0204,G4-0076,120000.0,15.75,131.25
T009,G1-0205,G4-0076,120000.0,15.75,131.25
T009,G1-0206,G4-0076,120000.0,15.75,131.25
T009,G1-0207,G4-0078,120000.0,15.75,131.25
T009,G1-0208,G4-0078,120000.0,15.75,131.25
T009,G1-0209,G4-0078,120000.0,15.75,131.25
T009,G1-0210,G4-0078,120000.0,15.75,131.25
T009,G1-0213,G1-0212,180000.0,36.0,200.0
T009,G1-0218,G1-0217,180000.0,36.0,200.0
T009,G1-0223,G1-0222,180000.0,36.0,200.0
T009,G1-0228,G1-0227,180000.0,36.0,200.0
T009,G1-0233,G1-0232,180000.0,36.0,200.0
T009,G1-0237,G1-0236,120000.0,24.0,200.0
T009,G4-0050,G4-0049,480000.0,88.0,183.33333333333334
T009,G4-0052,G4-0051,480000.0,88.0,183.33333333333334
T009,G4-0054,G4-0053,480000.0,88.0,183.33333333333334
T009,G4-0056,G4-0055,480000.0,88.0,183.33333333333334
T009,G4-0058,G4-0057,480000.0,88.0,183.33333333333334
T009,G4-0060,G4-0059,480000.0,88.0,183.33333333333334
T009,G4-0062,G4-0061,480000.0,88.0,183.33333333333334
T009,G4-0064,G4-0063,480000.0,88.0,183.33333333333334
T009,G4-0066,G4-0065,480000.0,88.0,183.33333333333334
T009,G4-0068,G4-0067,480000.0,88.0,183.33333333333334
T009,G4-0070,G4-0069,480000.0,88.0,183.33333333333334
T009,G4-0072,G4-0071,480000.0,88.0,183.33333333333334
T009,G4-0074,G4-0073,480000.0,88.0,183.33333333333334
T009,G4-0076,G4-0075,480000.0,88.0,183.33333333333334
T009,G4-0078,G4-0077,480000.0,88.0,183.33333333333334
T009,G1-0212,G1-0211,180000.0,48.0,266.6666666666667
T009,G1-0217,G1-0216,180000.0,48.0,266.6666666666667
T009,G1-0222,G1-0221,180000.0,48.0,266.6666666666667
T009,G1-0227,G1-0226,180000.0,48.0,266.6666666666667
T009,G1-0232,G1-0231,180000.0,48.0,266.6666666666667
T010,G3-0112,G1-0239,87500.0,3.75,42.85714285714286
T010,G3-0112,G1-0240,87500.0,3.75,42.85714285714286
T010,G3-0112,G1-0241,87500.0,3.75,42.85714285714286
T010,G3-0112,G1-0242,87500.0,3.75,42.85714285714286
T010,G3-0113,G1-0243,87500.0,3.75,42.85714285714286
T010,G3-0113,G1-0244,87500.0,3.75,42.85714285714286
T010,G3-0113,G1-0245,87500.0,3.75,42.85714285714286
T010,G3-0113,G1-0246,87500.0,3.75,42.85714285714286
T010,G3-0114,G1-0247,87500.0,3.75,42.85714285714286
T010,G3-0114,G1-0248,87500.0,3.75,42.85714285714286
T010,G3-0114,G1-0249,87500.0,3.75,42.85714285714286
T010,G3-0114,G1-0250,87500.0,3.75,42.85714285714286
T010,G3-0115,G1-0251,87500.0,3.75,42.85714285714286
T010,G3-0115,G1-0252,87500.0,3.75,42.85714285714286
T010,G3-0115,G1-0253,87500.0,3.75,42.85714285714286
T010,G3-0115,G1-0254,87500.0,3.75,42.85714285714286
T010,G3-0116,G1-0255,87500.0,3.75,42.85714285714286
T010,G3-0116,G1-0256,87500.0,3.75,42.85714285714286
T010,G3-0116,G1-0257,87500.0,3.75,42.85714285714286
T010,G3-0116,G1-0258,87500.0,3.75,42.85714285714286
T010,G3-0117,G1-0259,87500.0,3.75,42.85714285714286
T010,G3-0117,G1-0260,87500.0,3.75,42.85714285714286
T010,G3-0117,G1-0261,87500.0,3.75,42.85714285714286
T010,G3-0117,G1-0262,87500.0,3.75,42.85714285714286
T010,G3-0118,G1-0263,87500.0,3.75,42.85714285714286
T010,G3-0118,G1-0264,87500.0,3.75,42.85714285714286
T010,G3-0118,G1-0265,87500.0,3.75,42.85714285714286
T010,G3-0118,G1-0266,87500.0,3.75,42.85714285714286
T010,G3-0119,G1-0267,87500.0,3.75,42.85714285714286
T010,G3-0119,G1-0268,87500.0,3.75,42.85714285714286
T010,G3-0119,G1-0269,87500.0,3.75,42.85714285714286
T010,G3-0119,G1-0270,87500.0,3.75,42.85714285714286
T010,G3-0120,G1-0271,87500.0,3.75,42.85714285714286
T010,G3-0120,G1-0272,87500.0,3.75,42.85714285714286
T010,G3-0120,G1-0273,87500.0,3.75,42.85714285714286
T010,G3-0120,G1-0274,87500.0,3.75,42.85714285714286
T010,G3-0121,G1-0275,87500.0,3.75,42.85714285714286
T010,G3-0121,G1-0276,87500.0,3.75,42.85714285714286
T010,G3-0121,G1-0277,87500.0,3.75,42.85714285714286
T010,G3-0121,G1-0278,87500.0,3.75,42.85714285714286
T010,G3-0122,G1-0279,87500.0,3.75,42.85714285714286
T010,G3-0122,G1-0280,87500.0,3.75,42.85714285714286
T010,G3-0122,G1-0281,87500.0,3.75,42.85714285714286
T010,G3-0122,G1-0282,87500.0,3.75,42.85714285714286
T010,G3-0123,G1-0283,87500.0,3.75,42.85714285714286
T010,G3-0123,G1-0284,87500.0,3.75,42.85714285714286
T010,G3-0123,G1-0285,87500.0,3.75,42.85714285714286
T010,G3-0123,G1-0286,87500.0,3.75,42.85714285714286
T010,G3-0124,G1-0287,87500.0,3.75,42.85714285714286
T010,G3-0124,G1-0288,87500.0,3.75,42.85714285714286
T010,G3-0124,G1-0289,87500.0,3.75,42.85714285714286
T010,G3-0124,G1-0290,87500.0,3.75,42.85714285714286
T010,G3-0125,G1-0291,87500.0,3.75,42.85714285714286
T010,G3-0125,G1-0292,87500.0,3.75,42.85714285714286
T010,G3-0125,G1-0293,87500.0,3.75,42.85714285714286
T010,G3-0125,G1-0294,87500.0,3.75,42.85714285714286
T010,G3-0126,G1-0295,87500.0,3.75,42.85714285714286
T010,G3-0126,G1-0296,87500.0,3.75,42.85714285714286
T010,G3-0126,G1-0297,87500.0,3.75,42.85714285714286
T010,G3-0126,G1-0298,87500.0,3.75,42.85714285714286
T010,G1-0303,G1-0302,180000.0,12.0,66.66666666666667
T010,G1-0308,G1-0307,180000.0,12.0,66.66666666666667
T010,G1-0313,G1-0312,180000.0,12.0,66.66666666666667
T010,G1-0318,G1-0317,180000.0,12.0,66.66666666666667
T010,G1-0323,G1-0322,180000.0,12.0,66.66666666666667
T010,G1-0302,G1-0301,180000.0,24.0,133.33333333333334
T010,G1-0307,G1-0306,180000.0,24.0,133.33333333333334
T010,G1-0312,G1-0311,180000.0,24.0,133.33333333333334
T010,G1-0317,G1-0316,180000.0,24.0,133.33333333333334
T010,G1-0322,G1-0321,180000.0,24.0,133.33333333333334
T010,G1-0326,G1-0325,120000.0,12.0,100.0
T010,G1-0239,G4-0080,120000.0,15.75,131.25
T010,G1-0240,G4-0080,120000.0,15.75,131.25
T010,G1-0241,G4-0080,120000.0,15.75,131.25
T010,G1-0242,G4-0080,120000.0,15.75,131.25
T010,G1-0243,G4-0082,120000.0,15.75,131.25
T010,G1-0244,G4-0082,120000.0,15.75,131.25
T010,G1-0245,G4-0082,120000.0,15.75,131.25
T010,G1-0246,G4-0082,120000.0,15.75,131.25
T010,G1-0247,G4-0084,120000.0,15.75,131.25
T010,G1-0248,G4-0084,120000.0,15.75,131.25
T010,G1-0249,G4-0084,120000.0,15.75,131.25
T010,G1-0250,G4-0084,120000.0,15.75,131.25
T010,G1-0251,G4-0086,120000.0,15.75,131.25
T010,G1-0252,G4-0086,120000.0,15.75,131.25
T010,G1-0253,G4-0086,120000.0,15.75,131.25
T010,G1-0254,G4-0086,120000.0,15.75,131.25
T010,G1-0255,G4-0088,120000.0,15.75,131.25
T010,G1-0256,G4-0088,120000.0,15.75,131.25
T010,G1-0257,G4-0088,120000.0,15.75,131.25
T010,G1-0258,G4-0088,120000.0,15.75,131.25
T010,G1-0259,G4-0090,120000.0,15.75,131.25
T010,G1-0260,G4-0090,120000.0,15.75,131.25
T010,G1-0261,G4-0090,120000.0,15.75,131.25
T010,G1-0262,G4-0090,120000.0,15.75,131.25
T010,G1-0263,G4-0092,120000.0,15.75,131.25
T010,G1-0264,G4-0092,120000.0,15.75,131.25
T010,G1-0265,G4-0092,120000.0,15.75,131.25
T010,G1-0266,G4-0092,120000.0,15.75,131.25
T010,G1-0267,G4-0094,120000.0,15.75,131.25
T010,G1-0268,G4-0094,120000.0,15.75,131.25
T010,G1-0269,G4-0094,120000.0,15.75,131.25
T010,G1-0270,G4-0094,120000.0,15.75,131.25
T010,G1-0271,G4-0096,120000.0,15.75,131.25
T010,G1-0272,G4-0096,120000.0,15.75,131.25
T010,G1-0273,G4-0096,120000.0,15.75,131.25
T010,G1-0274,G4-0096,120000.0,15.75,131.25
T010,G1-0275,G4-0098,120000.0,15.75,131.25
T010,G1-0276,G4-0098,120000.0,15.75,131.25
T010,G1-0277,G4-0098,120000.0,15.75,131.25
T010,G1-0278,G4-0098,120000.0,15.75,131.25
T010,G1-0279,G4-0100,120000.0,15.75,131.25
T010,G1-0280,G4-0100,120000.0,15.75,131.25
T010,G1-0281,G4-0100,120000.0,15.75,131.25
T010,G1-0282,G4-0100,120000.0,15.75,131.25
T010,G1-0283,G4-0102,120000.0,15.75,131.25
T010,G1-0284,G4-0102,120000.0,15.75,131.25
T010,G1-0285,G4-0102,120000.0,15.75,131.25
T010,G1-0286,G4-0102,120000.0,15.75,131.25
T010,G1-0287,G4-0104,120000.0,15.75,131.25
T010,G1-0288,G4-0104,120000.0,15.75,131.25
T010,G1-0289,G4-0104,120000.0,15.75,131.25
T010,G1-0290,G4-0104,120000.0,15.75,131.25
T010,G1-0291,G4-0106,120000.0,15.75,131.25
T010,G1-0292,G4-0106,120000.0,15.75,131.25
T010,G1-0293,G4-0106,120000.0,15.75,131.25
T010,G1-0294,G4-0106,120000.0,15.75,131.25
T010,G1-0295,G4-0108,120000.0,15.75,131.25
T010,G1-0296,G4-0108,120000.0,15.75,131.25
T010,G1-0297,G4-0108,120000.0,15.75,131.25
T010,G1-0298,G4-0108,120000.0,15.75,131.25
T010,G1-0301,G1-0300,180000.0,36.0,200.0
T010,G1-0306,G1-0305,180000.0,36.0,200.0
T010,G1-0311,G1-0310,180000.0,36.0,200.0
T010,G1-0316,G1-0315,180000.0,36.0,200.0
T010,G1-0321,G1-0320,180000.0,36.0,200.0
T010,G1-0325,G1-0324,120000.0,24.0,200.0
T010,G4-0080,G4-0079,480000.0,88.0,183.33333333333334
T010,G4-0082,G4-0081,480000.0,88.0,183.33333333333334
T010,G4-0084,G4-0083,480000.0,88.0,183.33333333333334
T010,G4-0086,G4-0085,480000.0,88.0,183.33333333333334
T010,G4-0088,G4-0087,480000.0,88.0,183.33333333333334
T010,G4-0090,G4-0089,480000.0,88.0,183.33333333333334
T010,G4-0092,G4-0091,480000.0,88.0,183.33333333333334
T010,G4-0094,G4-0093,480000.0,88.0,183.33333333333334
T010,G4-0096,G4-0095,480000.0,88.0,183.33333333333334
T010,G4-0098,G4-0097,480000.0,88.0,183.33333333333334
T010,G4-0100,G4-0099,480000.0,88.0,183.33333333333334
T010,G4-0102,G4-0101,480000.0,88.0,183.33333333333334
T010,G4-0104,G4-0103,480000.0,88.0,183.33333333333334
T010,G4-0106,G4-0105,480000.0,88.0,183.33333333333334
T010,G4-0108,G4-0107,480000.0,88.0,183.33333333333334
T010,G1-0300,G1-0299,180000.0,48.0,266.6666666666667
T010,G1-0305,G1-0304,180000.0,48.0,266.6666666666667
T010,G1-0310,G1-0309,180000.0,48.0,266.6666666666667
T010,G1-0315,G1-0314,180000.0,48.0,266.6666666666667
T010,G1-0320,G1-0319,180000.0,48.0,266.6666666666667
T011,G3-0127,G1-0327,87500.0,3.75,42.85714285714286
T011,G3-0127,G1-0328,87500.0,3.75,42.85714285714286
T011,G3-0127,G1-0329,87500.0,3.75,42.85714285714286
T011,G3-0127,G1-0330,87500.0,3.75,42.85714285714286
T011,G3-0128,G1-0331,87500.0,3.75,42.85714285714286
T011,G3-0128,G1-0332,87500.0,3.75,42.85714285714286
T011,G3-0128,G1-0333,87500.0,3.75,42.85714285714286
T011,G3-0128,G1-0334,87500.0,3.75,42.85714285714286
T011,G3-0129,G1-0335,87500.0,3.75,42.85714285714286
T011,G3-0129,G1-0336,87500.0,3.75,42.85714285714286
T011,G3-0129,G1-0337,87500.0,3.75,42.85714285714286
T011,G3-0129,G1-0338,87500.0,3.75,42.85714285714286
T011,G3-0130,G1-0339,87500.0,3.75,42.85714285714286
T011,G3-0130,G1-0340,87500.0,3.75,42.85714285714286
T011,G3-0130,G1-0341,87500.0,3.75,42.85714285714286
T011,G3-0130,G1-0342,87500.0,3.75,42.85714285714286
T011,G3-0131,G1-0343,87500.0,3.75,42.85714285714286
T011,G3-0131,G1-0344,87500.0,3.75,42.85714285714286
T011,G3-0131,G1-0345,87500.0,3.75,42.85714285714286
T011,G3-0131,G1-0346,87500.0,3.75,42.85714285714286
T011,G3-0132,G1-0347,87500.0,3.75,42.85714285714286
T011,G3-0132,G1-0348,87500.0,3.75,42.85714285714286
T011,G3-0132,G1-0349,87500.0,3.75,42.85714285714286
T011,G3-0132,G1-0350,87500.0,3.75,42.85714285714286
T011,G3-0133,G1-0351,87500.0,3.75,42.85714285714286
T011,G3-0133,G1-0352,87500.0,3.75,42.85714285714286
T011,G3-0133,G1-0353,87500.0,3.75,42.85714285714286
T011,G3-0133,G1-0354,87500.0,3.75,42.85714285714286
T011,G3-0134,G1-0355,87500.0,3.75,42.85714285714286
T011,G3-0134,G1-0356,87500.0,3.75,42.85714285714286
T011,G3-0134,G1-0357,87500.0,3.75,42.85714285714286
T011,G3-0134,G1-0358,87500.0,3.75,42.85714285714286
T011,G3-0135,G1-0359,87500.0,3.75,42.85714285714286
T011,G3-0135,G1-0360,87500.0,3.75,42.85714285714286
T011,G3-0135,G1-0361,87500.0,3.75,42.85714285714286
T011,G3-0135,G1-0362,87500.0,3.75,42.85714285714286
T011,G3-0136,G1-0363,87500.0,3.75,42.85714285714286
T011,G3-0136,G1-0364,87500.0,3.75,42.85714285714286
T011,G3-0136,G1-0365,87500.0,3.75,42.85714285714286
T011,G3-0136,G1-0366,87500.0,3.75,42.85714285714286
T011,G3-0137,G1-0367,87500.0,3.75,42.85714285714286
T011,G3-0137,G1-0368,87500.0,3.75,42.85714285714286
T011,G3-0137,G1-0369,87500.0,3.75,42.85714285714286
T011,G3-0137,G1-0370,87500.0,3.75,42.85714285714286
T011,G3-0138,G1-0371,87500.0,3.75,42.85714285714286
T011,G3-0138,G1-0372,87500.0,3.75,42.85714285714286
T011,G3-0138,G1-0373,87500.0,3.75,42.85714285714286
T011,G3-0138,G1-0374,87500.0,3.75,42.85714285714286
T011,G3-0139,G1-0375,87500.0,3.75,42.85714285714286
T011,G3-0139,G1-0376,87500.0,3.75,42.85714285714286
T011,G3-0139,G1-0377,87500.0,3.75,42.85714285714286
T011,G3-0139,G1-0378,87500.0,3.75,42.85714285714286
T011,G3-0140,G1-0379,87500.0,3.75,42.85714285714286
T011,G3-0140,G1-0380,87500.0,3.75,42.85714285714286
T011,G3-0140,G1-0381,87500.0,3.75,42.85714285714286
T011,G3-0140,G1-0382,87500.0,3.75,42.85714285714286
T011,G3-0141,G1-0383,87500.0,3.75,42.85714285714286
T011,G3-0141,G1-0384,87500.0,3.75,42.85714285714286
T011,G3-0141,G1-0385,87500.0,3.75,42.85714285714286
T011,G3-0141,G1-0386,87500.0,3.75,42.85714285714286
T011,G1-0391,G1-0390,180000.0,12.0,66.66666666666667
T011,G1-0396,G1-0395,180000.0,12.0,66.66666666666667
T011,G1-0401,G1-0400,180000.0,12.0,66.66666666666667
T011,G1-0406,G1-0405,180000.0,12.0,66.66666666666667
T011,G1-0411,G1-0410,180000.0,12.0,66.66666666666667
T011,G1-0390,G1-0389,180000.0,24.0,133.33333333333334
T011,G1-0395,G1-0394,180000.0,24.0,133.33333333333334
T011,G1-0400,G1-0399,180000.0,24.0,133.33333333333334
T011,G1-0405,G1-0404,180000.0,24.0,133.33333333333334
T011,G1-0410,G1-0409,180000.0,24.0,133.33333333333334
T011,G1-0414,G1-0413,120000.0,12.0,100.0
T011,G1-0327,G4-0110,120000.0,15.75,131.25
T011,G1-0328,G4-0110,120000.0,15.75,131.25
T011,G1-0329,G4-0110,120000.0,15.75,131.25
T011,G1-0330,G4-0110,120000.0,15.75,131.25
T011,G1-0331,G4-0112,120000.0,15.75,131.25
T011,G1-0332,G4-0112,120000.0,15.75,131.25
T011,G1-0333,G4-0112,120000.0,15.75,131.25
T011,G1-0334,G4-0112,120000.0,15.75,131.25
T011,G1-0335,G4-0114,120000.0,15.75,131.25
T011,G1-0336,G4-0114,120000.0,15.75,131.25
T011,G1-0337,G4-0114,120000.0,15.75,131.25
T011,G1-0338,G4-0114,120000.0,15.75,131.25
T011,G1-0339,G4-0116,120000.0,15.75,131.25
T011,G1-0340,G4-0116,120000.0,15.75,131.25
T011,G1-0341,G4-0116,120000.0,15.75,131.25
T011,G1-0342,G4-0116,120000.0,15.75,131.25
T011,G1-0343,G4-0118,120000.0,15.75,131.25
T011,G1-0344,G4-0118,120000.0,15.75,131.25
T011,G1-0345,G4-0118,120000.0,15.75,131.25
T011,G1-0346,G4-0118,120000.0,15.75,131.25
T011,G1-0347,G4-0120,120000.0,15.75,131.25
T011,G1-0348,G4-0120,120000.0,15.75,131.25
T011,G1-0349,G4-0120,120000.0,15.75,131.25
T011,G1-0350,G4-0120,120000.0,15.75,131.25
T011,G1-0351,G4-0122,120000.0,15.75,131.25
T011,G1-0352,G4-0122,120000.0,15.75,131.25
T011,G1-0353,G4-0122,120000.0,15.75,131.25
T011,G1-0354,G4-0122,120000.0,15.75,131.25
T011,G1-0355,G4-0124,120000.0,15.75,131.25
T011,G1-0356,G4-0124,120000.0,15.75,131.25
T011,G1-0357,G4-0124,120000.0,15.75,131.25
T011,G1-0358,G4-0124,120000.0,15.75,131.25
T011,G1-0359,G4-0126,120000.0,15.75,131.25
T011,G1-0360,G4-0126,120000.0,15.75,131.25
T011,G1-0361,G4-0126,120000.0,15.75,131.25
T011,G1-0362,G4-0126,120000.0,15.75,131.25
T011,G1-0363,G4-0128,120000.0,15.75,131.25
T011,G1-0364,G4-0128,120000.0,15.75,131.25
T011,G1-0365,G4-0128,120000.0,15.75,131.25
T011,G1-0366,G4-0128,120000.0,15.75,131.25
T011,G1-0367,G4-0130,120000.0,15.75,131.25
T011,G1-0368,G4-0130,120000.0,15.75,131.25
T011,G1-0369,G4-0130,120000.0,15.75,131.25
T011,G1-0370,G4-0130,120000.0,15.75,131.25
T011,G1-0371,G4-0132,120000.0,15.75,131.25
T011,G1-0372,G4-0132,120000.0,15.75,131.25
T011,G1-0373,G4-0132,120000.0,15.75,131.25
T011,G1-0374,G4-0132,120000.0,15.75,131.25
T011,G1-0375,G4-0134,120000.0,15.75,131.25
T011,G1-0376,G4-0134,120000.0,15.75,131.25
T011,G1-0377,G4-0134,120000.0,15.75,131.25
T011,G1-0378,G4-0134,120000.0,15.75,131.25
T011,G1-0379,G4-0136,120000.0,15.75,131.25
T011,G1-0380,G4-0136,120000.0,15.75,131.25
T011,G1-0381,G4-0136,120000.0,15.75,131.25
T011,G1-0382,G4-0136,120000.0,15.75,131.25
T011,G1-0383,G4-0138,120000.0,15.75,131.25
T011,G1-0384,G4-0138,120000.0,15.75,131.25
T011,G1-0385,G4-0138,120000.0,15.75,131.25
T011,G1-0386,G4-0138,120000.0,15.75,131.25
T011,G1-0389,G1-0388,180000.0,36.0,200.0
T011,G1-0394,G1-0393,180000.0,36.0,200.0
T011,G1-0399,G1-0398,180000.0,36.0,200.0
T011,G1-0404,G1-0403,180000.0,36.0,200.0
T011,G1-0409,G1-0408,180000.0,36.0,200.0
T011,G1-0413,G1-0412,120000.0,24.0,200.0
T011,G4-0110,G4-0109,480000.0,88.0,183.33333333333334
T011,G4-0112,G4-0111,480000.0,88.0,183.33333333333334
T011,G4-0114,G4-0113,480000.0,88.0,183.33333333333334
T011,G4-0116,G4-0115,480000.0,88.0,183.33333333333334
T011,G4-0118,G4-0117,480000.0,88.0,183.33333333333334
T011,G4-0120,G4-0119,480000.0,88.0,183.33333333333334
T011,G4-0122,G4-0121,480000.0,88.0,183.33333333333334
T011,G4-0124,G4-0123,480000.0,88.0,183.33333333333334
T011,G4-0126,G4-0125,480000.0,88.0,183.33333333333334
T011,G4-0128,G4-0127,480000.0,88.0,183.33333333333334
T011,G4-0130,G4-0129,480000.0,88.0,183.33333333333334
T011,G4-0132,G4-0131,480000.0,88.0,183.33333333333334
T011,G4-0134,G4-0133,480000.0,88.0,183.33333333333334
T011,G4-0136,G4-0135,480000.0,88.0,183.33333333333334
T011,G4-0138,G4-0137,480000.0,88.0,183.33333333333334
T011,G1-0388,G1-0387,180000.0,48.0,266.6666666666667
T011,G1-0393,G1-0392,180000.0,48.0,266.6666666666667
T011,G1-0398,G1-0397,180000.0,48.0,266.6666666666667
T011,G1-0403,G1-0402,180000.0,48.0,266.6666666666667
T011,G1-0408,G1-0407,180000.0,48.0,266.6666666666667
T012,G3-0142,G1-0415,87500.0,3.75,42.85714285714286
T012,G3-0142,G1-0416,87500.0,3.75,42.85714285714286
T012,G3-0142,G1-0417,87500.0,3.75,42.85714285714286
T012,G3-0142,G1-0418,87500.0,3.75,42.85714285714286
T012,G3-0143,G1-0419,87500.0,3.75,42.85714285714286
T012,G3-0143,G1-0420,87500.0,3.75,42.85714285714286
T012,G3-0143,G1-0421,87500.0,3.75,42.85714285714286
T012,G3-0143,G1-0422,87500.0,3.75,42.85714285714286
T012,G3-0144,G1-0423,87500.0,3.75,42.85714285714286
T012,G3-0144,G1-0424,87500.0,3.75,42.85714285714286
T012,G3-0144,G1-0425,87500.0,3.75,42.85714285714286
T012,G3-0144,G1-0426,87500.0,3.75,42.85714285714286
T012,G3-0145,G1-0427,87500.0,3.75,42.85714285714286
T012,G3-0145,G1-0428,87500.0,3.75,42.85714285714286
T012,G3-0145,G1-0429,87500.0,3.75,42.85714285714286
T012,G3-0145,G1-0430,87500.0,3.75,42.85714285714286
T012,G3-0146,G1-0431,87500.0,3.75,42.85714285714286
T012,G3-0146,G1-0432,87500.0,3.75,42.85714285714286
T012,G3-0146,G1-0433,87500.0,3.75,42.85714285714286
T012,G3-0146,G1-0434,87500.0,3.75,42.85714285714286
T012,G3-0147,G1-0435,87500.0,3.75,42.85714285714286
T012,G3-0147,G1-0436,87500.0,3.75,42.85714285714286
T012,G3-0147,G1-0437,87500.0,3.75,42.85714285714286
T012,G3-0147,G1-0438,87500.0,3.75,42.85714285714286
T012,G3-0148,G1-0439,87500.0,3.75,42.85714285714286
T012,G3-0148,G1-0440,87500.0,3.75,42.85714285714286
T012,G3-0148,G1-0441,87500.0,3.75,42.85714285714286
T012,G3-0148,G1-0442,87500.0,3.75,42.85714285714286
T012,G3-0149,G1-0443,87500.0,3.75,42.85714285714286
T012,G3-0149,G1-0444,87500.0,3.75,42.85714285714286
T012,G3-0149,G1-0445,87500.0,3.75,42.85714285714286
T012,G3-0149,G1-0446,87500.0,3.75,42.85714285714286
T012,G3-0150,G1-0447,87500.0,3.75,42.85714285714286
T012,G3-0150,G1-0448,87500.0,3.75,42.85714285714286
T012,G3-0150,G1-0449,87500.0,3.75,42.85714285714286
T012,G3-0150,G1-0450,87500.0,3.75,42.85714285714286
T012,G3-0151,G1-0451,87500.0,3.75,42.85714285714286
T012,G3-0151,G1-0452,87500.0,3.75,42.85714285714286
T012,G3-0151,G1-0453,87500.0,3.75,42.85714285714286
T012,G3-0151,G1-0454,87500.0,3.75,42.85714285714286
T012,G3-0152,G1-0455,87500.0,3.75,42.85714285714286
T012,G3-0152,G1-0456,87500.0,3.75,42.85714285714286
T012,G3-0152,G1-0457,87500.0,3.75,42.85714285714286
T012,G3-0152,G1-0458,87500.0,3.75,42.85714285714286
T012,G3-0153,G1-0459,87500.0,3.75,42.85714285714286
T012,G3-0153,G1-0460,87500.0,3.75,42.85714285714286
T012,G3-0153,G1-0461,87500.0,3.75,42.85714285714286
T012,G3-0153,G1-0462,87500.0,3.75,42.85714285714286
T012,G3-0154,G1-0463,87500.0,3.75,42.85714285714286
T012,G3-0154,G1-0464,87500.0,3.75,42.85714285714286
T012,G3-0154,G1-0465,87500.0,3.75,42.85714285714286
T012,G3-0154,G1-0466,87500.0,3.75,42.85714285714286
T012,G3-0155,G1-0467,87500.0,3.75,42.85714285714286
T012,G3-0155,G1-0468,87500.0,3.75,42.85714285714286
T012,G3-0155,G1-0469,87500.0,3.75,42.85714285714286
T012,G3-0155,G1-0470,87500.0,3.75,42.85714285714286
T012,G3-0156,G1-0471,87500.0,3.75,42.85714285714286
T012,G3-0156,G1-0472,87500.0,3.75,42.85714285714286
T012,G3-0156,G1-0473,87500.0,3.75,42.85714285714286
T012,G3-0156,G1-0474,87500.0,3.75,42.85714285714286
T012,G1-0479,G1-0478,180000.0,12.0,66.66666666666667
T012,G1-0484,G1-0483,180000.0,12.0,66.66666666666667
T012,G1-0489,G1-0488,180000.0,12.0,66.66666666666667
T012,G1-0494,G1-0493,180000.0,12.0,66.66666666666667
T012,G1-0499,G1-0498,180000.0,12.0,66.66666666666667
T012,G1-0478,G1-0477,180000.0,24.0,133.33333333333334
T012,G1-0483,G1-0482,180000.0,24.0,133.33333333333334
T012,G1-0488,G1-0487,180000.0,24.0,133.33333333333334
T012,G1-0493,G1-0492,180000.0,24.0,133.33333333333334
T012,G1-0498,G1-0497,180000.0,24.0,133.33333333333334
T012,G1-0502,G1-0501,120000.0,12.0,100.0
T012,G1-0415,G4-0140,120000.0,15.75,131.25
T012,G1-0416,G4-0140,120000.0,15.75,131.25
T012,G1-0417,G4-0140,120000.0,15.75,131.25
T012,G1-0418,G4-0140,120000.0,15.75,131.25
T012,G1-0419,G4-0142,120000.0,15.75,131.25
T012,G1-0420,G4-0142,120000.0,15.75,131.25
T012,G1-0421,G4-0142,120000.0,15.75,131.25
T012,G1-0422,G4-0142,120000.0,15.75,131.25
T012,G1-0423,G4-0144,120000.0,15.75,131.25
T012,G1-0424,G4-0144,120000.0,15.75,131.25
T012,G1-0425,G4-0144,120000.0,15.75,131.25
T012,G1-0426,G4-0144,120000.0,15.75,131.25
T012,G1-0427,G4-0146,120000.0,15.75,131.25
T012,G1-0428,G4-0146,120000.0,15.75,131.25
T012,G1-0429,G4-0146,120000.0,15.75,131.25
T012,G1-0430,G4-0146,120000.0,15.75,131.25
T012,G1-0431,G4-0148,120000.0,15.75,131.25
T012,G1-0432,G4-0148,120000.0,15.75,131.25
T012,G1-0433,G4-0148,120000.0,15.75,131.25
T012,G1-0434,G4-0148,120000.0,15.75,131.25
T012,G1-0435,G4-0150,120000.0,15.75,131.25
T012,G1-0436,G4-0150,120000.0,15.75,131.25
T012,G1-0437,G4-0150,120000.0,15.75,131.25
T012,G1-0438,G4-0150,120000.0,15.75,131.25
T012,G1-0439,G4-0152,120000.0,15.75,131.25
T012,G1-0440,G4-0152,120000.0,15.75,131.25
T012,G1-0441,G4-0152,120000.0,15.75,131.25
T012,G1-0442,G4-0152,120000.0,15.75,131.25
T012,G1-0443,G4-0154,120000.0,15.75,131.25
T012,G1-0444,G4-0154,120000.0,15.75,131.25
T012,G1-0445,G4-0154,120000.0,15.75,131.25
T012,G1-0446,G4-0154,120000.0,15.75,131.25
T012,G1-0447,G4-0156,120000.0,15.75,131.25
T012,G1-0448,G4-0156,120000.0,15.75,131.25
T012,G1-0449,G4-0156,120000.0,15.75,131.25
T012,G1-0450,G4-0156,120000.0,15.75,131.25
T012,G1-0451,G4-0158,120000.0,15.75,131.25
T012,G1-0452,G4-0158,120000.0,15.75,131.25
T012,G1-0453,G4-0158,120000.0,15.75,131.25
T012,G1-0454,G4-0158,120000.0,15.75,131.25
T012,G1-0455,G4-0160,120000.0,15.75,131.25
T012,G1-0456,G4-0160,120000.0,15.75,131.25
T012,G1-0457,G4-0160,120000.0,15.75,131.25
T012,G1-0458,G4-0160,120000.0,15.75,131.25
T012,G1-0459,G4-0162,120000.0,15.75,131.25
T012,G1-0460,G4-0162,120000.0,15.75,131.25
T012,G1-0461,G4-0162,120000.0,15.75,131.25
T012,G1-0462,G4-0162,120000.0,15.75,131.25
T012,G1-0463,G4-0164,120000.0,15.75,131.25
T012,G1-0464,G4-0164,120000.0,15.75,131.25
T012,G1-0465,G4-0164,120000.0,15.75,131.25
T012,G1-0466,G4-0164,120000.0,15.75,131.25
T012,G1-0467,G4-0166,120000.0,15.75,131.25
T012,G1-0468,G4-0166,120000.0,15.75,131.25
T012,G1-0469,G4-0166,120000.0,15.75,131.25
T012,G1-0470,G4-0166,120000.0,15.75,131.25
T012,G1-0471,G4-0168,120000.0,15.75,131.25
T012,G1-0472,G4-0168,120000.0,15.75,131.25
T012,G1-0473,G4-0168,120000.0,15.75,131.25
T012,G1-0474,G4-0168,120000.0,15.75,131.25
T012,G1-0477,G1-0476,180000.0,36.0,200.0
T012,G1-0482,G1-0481,180000.0,36.0,200.0
T012,G1-0487,G1-0486,180000.0,36.0,200.0
T012,G1-0492,G1-0491,180000.0,36.0,200.0
T012,G1-0497,G1-0496,180000.0,36.0,200.0
T012,G1-0501,G1-0500,120000.0,24.0,200.0
T012,G4-0140,G4-0139,480000.0,88.0,183.33333333333334
T012,G4-0142,G4-0141,480000.0,88.0,183.33333333333334
T012,G4-0144,G4-0143,480000.0,88.0,183.33333333333334
T012,G4-0146,G4-0145,480000.0,88.0,183.33333333333334
T012,G4-0148,G4-0147,480000.0,88.0,183.33333333333334
T012,G4-0150,G4-0149,480000.0,88.0,183.33333333333334
T012,G4-0152,G4-0151,480000.0,88.0,183.33333333333334
T012,G4-0154,G4-0153,480000.0,88.0,183.33333333333334
T012,G4-0156,G4-0155,480000.0,88.0,183.33333333333334
T012,G4-0158,G4-0157,480000.0,88.0,183.33333333333334
T012,G4-0160,G4-0159,480000.0,88.0,183.33333333333334
T012,G4-0162,G4-0161,480000.0,88.0,183.33333333333334
T012,G4-0164,G4-0163,480000.0,88.0,183.33333333333334
T012,G4-0166,G4-0165,480000.0,88.0,183.33333333333334
T012,G4-0168,G4-0167,480000.0,88.0,183.33333333333334
T012,G1-0476,G1-0475,180000.0,48.0,266.6666666666667
T012,G1-0481,G1-0480,180000.0,48.0,266.6666666666667
T012,G1-0486,G1-0485,180000.0,48.0,266.6666666666667
T012,G1-0491,G1-0490,180000.0,48.0,266.6666666666667
T012,G1-0496,G1-0495,180000.0,48.0,266.6666666666667
T013,G3-0157,G1-0503,87500.0,3.75,42.85714285714286
T013,G3-0157,G1-0504,87500.0,3.75,42.85714285714286
T013,G3-0157,G1-0505,87500.0,3.75,42.85714285714286
T013,G3-0157,G1-0506,87500.0,3.75,42.85714285714286
T013,G3-0158,G1-0507,87500.0,3.75,42.85714285714286
T013,G3-0158,G1-0508,87500.0,3.75,42.85714285714286
T013,G3-0158,G1-0509,87500.0,3.75,42.85714285714286
T013,G3-0158,G1-0510,87500.0,3.75,42.85714285714286
T013,G3-0159,G1-0511,87500.0,3.75,42.85714285714286
T013,G3-0159,G1-0512,87500.0,3.75,42.85714285714286
T013,G3-0159,G1-0513,87500.0,3.75,42.85714285714286
T013,G3-0159,G1-0514,87500.0,3.75,42.85714285714286
T013,G3-0160,G1-0515,87500.0,3.75,42.85714285714286
T013,G3-0160,G1-0516,87500.0,3.75,42.85714285714286
T013,G3-0160,G1-0517,87500.0,3.75,42.85714285714286
T013,G3-0160,G1-0518,87500.0,3.75,42.85714285714286
T013,G3-0161,G1-0519,87500.0,3.75,42.85714285714286
T013,G3-0161,G1-0520,87500.0,3.75,42.85714285714286
T013,G3-0161,G1-0521,87500.0,3.75,42.85714285714286
T013,G3-0161,G1-0522,87500.0,3.75,42.85714285714286
T013,G3-0162,G1-0523,87500.0,3.75,42.85714285714286
T013,G3-0162,G1-0524,87500.0,3.75,42.85714285714286
T013,G3-0162,G1-0525,87500.0,3.75,42.85714285714286
T013,G3-0162,G1-0526,87500.0,3.75,42.85714285714286
T013,G3-0163,G1-0527,87500.0,3.75,42.85714285714286
T013,G3-0163,G1-0528,87500.0,3.75,42.85714285714286
T013,G3-0163,G1-0529,87500.0,3.75,42.85714285714286
T013,G3-0163,G1-0530,87500.0,3.75,42.85714285714286
T013,G3-0164,G1-0531,87500.0,3.75,42.85714285714286
T013,G3-0164,G1-0532,87500.0,3.75,42.85714285714286
T013,G3-0164,G1-0533,87500.0,3.75,42.85714285714286
T013,G3-0164,G1-0534,87500.0,3.75,42.85714285714286
T013,G3-0165,G1-0535,87500.0,3.75,42.85714285714286
T013,G3-0165,G1-0536,87500.0,3.75,42.85714285714286
T013,G3-0165,G1-0537,87500.0,3.75,42.85714285714286
T013,G3-0165,G1-0538,87500.0,3.75,42.85714285714286
T013,G3-0166,G1-0539,87500.0,3.75,42.85714285714286
T013,G3-0166,G1-0540,87500.0,3.75,42.85714285714286
T013,G3-0166,G1-0541,87500.0,3.75,42.85714285714286
T013,G3-0166,G1-0542,87500.0,3.75,42.85714285714286
T013,G3-0167,G1-0543,87500.0,3.75,42.85714285714286
T013,G3-0167,G1-0544,87500.0,3.75,42.85714285714286
T013,G3-0167,G1-0545,87500.0,3.75,42.85714285714286
T013,G3-0167,G1-0546,87500.0,3.75,42.85714285714286
T013,G3-0168,G1-0547,87500.0,3.75,42.85714285714286
T013,G3-0168,G1-0548,87500.0,3.75,42.85714285714286
T013,G3-0168,G1-0549,87500.0,3.75,42.85714285714286
T013,G3-0168,G1-0550,87500.0,3.75,42.85714285714286
T013,G3-0169,G1-0551,87500.0,3.75,42.85714285714286
T013,G3-0169,G1-0552,87500.0,3.75,42.85714285714286
T013,G3-0169,G1-0553,87500.0,3.75,42.85714285714286
T013,G3-0169,G1-0554,87500.0,3.75,42.85714285714286
T013,G3-0170,G1-0555,87500.0,3.75,42.85714285714286
T013,G3-0170,G1-0556,87500.0,3.75,42.85714285714286
T013,G3-0170,G1-0557,87500.0,3.75,42.85714285714286
T013,G3-0170,G1-0558,87500.0,3.75,42.85714285714286
T013,G3-0171,G1-0559,87500.0,3.75,42.85714285714286
T013,G3-0171,G1-0560,87500.0,3.75,42.85714285714286
T013,G3-0171,G1-0561,87500.0,3.75,42.85714285714286
T013,G3-0171,G1-0562,87500.0,3.75,42.85714285714286
T013,G1-0567,G1-0566,180000.0,12.0,66.66666666666667
T013,G1-0572,G1-0571,180000.0,12.0,66.66666666666667
T013,G1-0577,G1-0576,180000.0,12.0,66.66666666666667
T013,G1-0582,G1-0581,180000.0,12.0,66.66666666666667
T013,G1-0587,G1-0586,180000.0,12.0,66.66666666666667
T013,G1-0566,G1-0565,180000.0,24.0,133.33333333333334
T013,G1-0571,G1-0570,180000.0,24.0,133.33333333333334
T013,G1-0576,G1-0575,180000.0,24.0,133.33333333333334
T013,G1-0581,G1-0580,180000.0,24.0,133.33333333333334
T013,G1-0586,G1-0585,180000.0,24.0,133.33333333333334
T013,G1-0590,G1-0589,120000.0,12.0,100.0
T013,G1-0503,G4-0170,120000.0,15.75,131.25
T013,G1-0504,G4-0170,120000.0,15.75,131.25
T013,G1-0505,G4-0170,120000.0,15.75,131.25
T013,G1-0506,G4-0170,120000.0,15.75,131.25
T013,G1-0507,G4-0172,120000.0,15.75,131.25
T013,G1-0508,G4-0172,120000.0,15.75,131.25
T013,G1-0509,G4-0172,120000.0,15.75,131.25
T013,G1-0510,G4-0172,120000.0,15.75,131.25
T013,G1-0511,G4-0174,120000.0,15.75,131.25
T013,G1-0512,G4-0174,120000.0,15.75,131.25
T013,G1-0513,G4-0174,120000.0,15.75,131.25
T013,G1-0514,G4-0174,120000.0,15.75,131.25
T013,G1-0515,G4-0176,120000.0,15.75,131.25
T013,G1-0516,G4-0176,120000.0,15.75,131.25
T013,G1-0517,G4-0176,120000.0,15.75,131.25
T013,G1-0518,G4-0176,120000.0,15.75,131.25
T013,G1-0519,G4-0178,120000.0,15.75,131.25
T013,G1-0520,G4-0178,120000.0,15.75,131.25
T013,G1-0521,G4-0178,120000.0,15.75,131.25
T013,G1-0522,G4-0178,120000.0,15.75,131.25
T013,G1-0523,G4-0180,120000.0,15.75,131.25
T013,G1-0524,G4-0180,120000.0,15.75,131.25
T013,G1-0525,G4-0180,120000.0,15.75,131.25
T013,G1-0526,G4-0180,120000.0,15.75,131.25
T013,G1-0527,G4-0182,120000.0,15.75,131.25
T013,G1-0528,G4-0182,120000.0,15.75,131.25
T013,G1-0529,G4-0182,120000.0,15.75,131.25
T013,G1-0530,G4-0182,120000.0,15.75,131.25
T013,G1-0531,G4-0184,120000.0,15.75,131.25
T013,G1-0532,G4-0184,120000.0,15.75,131.25
T013,G1-0533,G4-0184,120000.0,15.75,131.25
T013,G1-0534,G4-0184,120000.0,15.75,131.25
T013,G1-0535,G4-0186,120000.0,15.75,131.25
T013,G1-0536,G4-0186,120000.0,15.75,131.25
T013,G1-0537,G4-0186,120000.0,15.75,131.25
T013,G1-0538,G4-0186,120000.0,15.75,131.25
T013,G1-0539,G4-0188,120000.0,15.75,131.25
T013,G1-0540,G4-0188,120000.0,15.75,131.25
T013,G1-0541,G4-0188,120000.0,15.75,131.25
T013,G1-0542,G4-0188,120000.0,15.75,131.25
T013,G1-0543,G4-0190,120000.0,15.75,131.25
T013,G1-0544,G4-0190,120000.0,15.75,131.25
T013,G1-0545,G4-0190,120000.0,15.75,131.25
T013,G1-0546,G4-0190,120000.0,15.75,131.25
T013,G1-0547,G4-0192,120000.0,15.75,131.25
T013,G1-0548,G4-0192,120000.0,15.75,131.25
T013,G1-0549,G4-0192,120000.0,15.75,131.25
T013,G1-0550,G4-0192,120000.0,15.75,131.25
T013,G1-0551,G4-0194,120000.0,15.75,131.25
T013,G1-0552,G4-0194,120000.0,15.75,131.25
T013,G1-0553,G4-0194,120000.0,15.75,131.25
T013,G1-0554,G4-0194,120000.0,15.75,131.25
T013,G1-0555,G4-0196,120000.0,15.75,131.25
T013,G1-0556,G4-0196,120000.0,15.75,131.25
T013,G1-0557,G4-0196,120000.0,15.75,131.25
T013,G1-0558,G4-0196,120000.0,15.75,131.25
T013,G1-0559,G4-0198,120000.0,15.75,131.25
T013,G1-0560,G4-0198,120000.0,15.75,131.25
T013,G1-0561,G4-0198,120000.0,15.75,131.25
T013,G1-0562,G4-0198,120000.0,15.75,131.25
T013,G1-0565,G1-0564,180000.0,36.0,200.0
T013,G1-0570,G1-0569,180000.0,36.0,200.0
T013,G1-0575,G1-0574,180000.0,36.0,200.0
T013,G1-0580,G1-0579,180000.0,36.0,200.0
T013,G1-0585,G1-0584,180000.0,36.0,200.0
T013,G1-0589,G1-0588,120000.0,24.0,200.0
T013,G4-0170,G4-0169,480000.0,88.0,183.33333333333334
T013,G4-0172,G4-0171,480000.0,88.0,183.33333333333334
T013,G4-0174,G4-0173,480000.0,88.0,183.33333333333334
T013,G4-0176,G4-0175,480000.0,88.0,183.33333333333334
T013,G4-0178,G4-0177,480000.0,88.0,183.33333333333334
T013,G4-0180,G4-0179,480000.0,88.0,183.33333333333334
T013,G4-0182,G4-0181,480000.0,88.0,183.33333333333334
T013,G4-0184,G4-0183,480000.0,88.0,183.33333333333334
T013,G4-0186,G4-0185,480000.0,88.0,183.33333333333334
T013,G4-0188,G4-0187,480000.0,88.0,183.33333333333334
T013,G4-0190,G4-0189,480000.0,88.0,183.33333333333334
T013,G4-0192,G4-0191,480000.0,88.0,183.33333333333334
T013,G4-0194,G4-0193,480000.0,88.0,183.33333333333334
T013,G4-0196,G4-0195,480000.0,88.0,183.33333333333334
T013,G4-0198,G4-0197,480000.0,88.0,183.33333333333334
T013,G1-0564,G1-0563,180000.0,48.0,266.6666666666667
T013,G1-0569,G1-0568,180000.0,48.0,266.6666666666667
T013,G1-0574,G1-0573,180000.0,48.0,266.6666666666667
T013,G1-0579,G1-0578,180000.0,48.0,266.6666666666667
T013,G1-0584,G1-0583,180000.0,48.0,266.6666666666667
T014,G3-0172,G1-0591,87500.0,3.75,42.85714285714286
T014,G3-0172,G1-0592,87500.0,3.75,42.85714285714286
T014,G3-0172,G1-0593,87500.0,3.75,42.85714285714286
T014,G3-0172,G1-0594,87500.0,3.75,42.85714285714286
T014,G3-0173,G1-0595,87500.0,3.75,42.85714285714286
T014,G3-0173,G1-0596,87500.0,3.75,42.85714285714286
T014,G3-0173,G1-0597,87500.0,3.75,42.85714285714286
T014,G3-0173,G1-0598,87500.0,3.75,42.85714285714286
T014,G3-0174,G1-0599,87500.0,3.75,42.85714285714286
T014,G3-0174,G1-0600,87500.0,3.75,42.85714285714286
T014,G3-0174,G1-0601,87500.0,3.75,42.85714285714286
T014,G3-0174,G1-0602,87500.0,3.75,42.85714285714286
T014,G3-0175,G1-0603,87500.0,3.75,42.85714285714286
T014,G3-0175,G1-0604,87500.0,3.75,42.85714285714286
T014,G3-0175,G1-0605,87500.0,3.75,42.85714285714286
T014,G3-0175,G1-0606,87500.0,3.75,42.85714285714286
T014,G3-0176,G1-0607,87500.0,3.75,42.85714285714286
T014,G3-0176,G1-0608,87500.0,3.75,42.85714285714286
T014,G3-0176,G1-0609,87500.0,3.75,42.85714285714286
T014,G3-0176,G1-0610,87500.0,3.75,42.85714285714286
T014,G3-0177,G1-0611,87500.0,3.75,42.85714285714286
T014,G3-0177,G1-0612,87500.0,3.75,42.85714285714286
T014,G3-0177,G1-0613,87500.0,3.75,42.85714285714286
T014,G3-0177,G1-0614,87500.0,3.75,42.85714285714286
T014,G3-0178,G1-0615,87500.0,3.75,42.85714285714286
T014,G3-0178,G1-0616,87500.0,3.75,42.85714285714286
T014,G3-0178,G1-0617,87500.0,3.75,42.85714285714286
T014,G3-0178,G1-0618,87500.0,3.75,42.85714285714286
T014,G3-0179,G1-0619,87500.0,3.75,42.85714285714286
T014,G3-0179,G1-0620,87500.0,3.75,42.85714285714286
T014,G3-0179,G1-0621,87500.0,3.75,42.85714285714286
T014,G3-0179,G1-0622,87500.0,3.75,42.85714285714286
T014,G3-0180,G1-0623,87500.0,3.75,42.85714285714286
T014,G3-0180,G1-0624,87500.0,3.75,42.85714285714286
T014,G3-0180,G1-0625,87500.0,3.75,42.85714285714286
T014,G3-0180,G1-0626,87500.0,3.75,42.85714285714286
T014,G3-0181,G1-0627,87500.0,3.75,42.85714285714286
T014,G3-0181,G1-0628,87500.0,3.75,42.85714285714286
T014,G3-0181,G1-0629,87500.0,3.75,42.85714285714286
T014,G3-0181,G1-0630,87500.0,3.75,42.85714285714286
T014,G3-0182,G1-0631,87500.0,3.75,42.85714285714286
T014,G3-0182,G1-0632,87500.0,3.75,42.85714285714286
T014,G3-0182,G1-0633,87500.0,3.75,42.85714285714286
T014,G3-0182,G1-0634,87500.0,3.75,42.85714285714286
T014,G3-0183,G1-0635,87500.0,3.75,42.85714285714286
T014,G3-0183,G1-0636,87500.0,3.75,42.85714285714286
T014,G3-0183,G1-0637,87500.0,3.75,42.85714285714286
T014,G3-0183,G1-0638,87500.0,3.75,42.85714285714286
T014,G3-0184,G1-0639,87500.0,3.75,42.85714285714286
T014,G3-0184,G1-0640,87500.0,3.75,42.85714285714286
T014,G3-0184,G1-0641,87500.0,3.75,42.85714285714286
T014,G3-0184,G1-0642,87500.0,3.75,42.85714285714286
T014,G3-0185,G1-0643,87500.0,3.75,42.85714285714286
T014,G3-0185,G1-0644,87500.0,3.75,42.85714285714286
T014,G3-0185,G1-0645,87500.0,3.75,42.85714285714286
T014,G3-0185,G1-0646,87500.0,3.75,42.85714285714286
T014,G3-0186,G1-0647,87500.0,3.75,42.85714285714286
T014,G3-0186,G1-0648,87500.0,3.75,42.85714285714286
T014,G3-0186,G1-0649,87500.0,3.75,42.85714285714286
T014,G3-0186,G1-0650,87500.0,3.75,42.85714285714286
T014,G1-0655,G1-0654,180000.0,12.0,66.66666666666667
T014,G1-0660,G1-0659,180000.0,12.0,66.66666666666667
T014,G1-0665,G1-0664,180000.0,12.0,66.66666666666667
T014,G1-0670,G1-0669,180000.0,12.0,66.66666666666667
T014,G1-0675,G1-0674,180000.0,12.0,66.66666666666667
T014,G1-0654,G1-0653,180000.0,24.0,133.33333333333334
T014,G1-0659,G1-0658,180000.0,24.0,133.33333333333334
T014,G1-0664,G1-0663,180000.0,24.0,133.33333333333334
T014,G1-0669,G1-0668,180000.0,24.0,133.33333333333334
T014,G1-0674,G1-0673,180000.0,24.0,133.33333333333334
T014,G1-0678,G1-0677,120000.0,12.0,100.0
T014,G1-0591,G4-0200,120000.0,15.75,131.25
T014,G1-0592,G4-0200,120000.0,15.75,131.25
T014,G1-0593,G4-0200,120000.0,15.75,131.25
T014,G1-0594,G4-0200,120000.0,15.75,131.25
T014,G1-0595,G4-0202,120000.0,15.75,131.25
T014,G1-0596,G4-0202,120000.0,15.75,131.25
T014,G1-0597,G4-0202,120000.0,15.75,131.25
T014,G1-0598,G4-0202,120000.0,15.75,131.25
T014,G1-0599,G4-0204,120000.0,15.75,131.25
T014,G1-0600,G4-0204,120000.0,15.75,131.25
T014,G1-0601,G4-0204,120000.0,15.75,131.25
T014,G1-0602,G4-0204,120000.0,15.75,131.25
T014,G1-0603,G4-0206,120000.0,15.75,131.25
T014,G1-0604,G4-0206,120000.0,15.75,131.25
T014,G1-0605,G4-0206,120000.0,15.75,131.25
T014,G1-0606,G4-0206,120000.0,15.75,131.25
T014,G1-0607,G4-0208,120000.0,15.75,131.25
T014,G1-0608,G4-0208,120000.0,15.75,131.25
T014,G1-0609,G4-0208,120000.0,15.75,131.25
T014,G1-0610,G4-0208,120000.0,15.75,131.25
T014,G1-0611,G4-0210,120000.0,15.75,131.25
T014,G1-0612,G4-0210,120000.0,15.75,131.25
T014,G1-0613,G4-0210,120000.0,15.75,131.25
T014,G1-0614,G4-0210,120000.0,15.75,131.25
T014,G1-0615,G4-0212,120000.0,15.75,131.25
T014,G1-0616,G4-0212,120000.0,15.75,131.25
T014,G1-0617,G4-0212,120000.0,15.75,131.25
T014,G1-0618,G4-0212,120000.0,15.75,131.25
T014,G1-0619,G4-0214,120000.0,15.75,131.25
T014,G1-0620,G4-0214,120000.0,15.75,131.25
T014,G1-0621,G4-0214,120000.0,15.75,131.25
T014,G1-0622,G4-0214,120000.0,15.75,131.25
T014,G1-0623,G4-0216,120000.0,15.75,131.25
T014,G1-0624,G4-0216,120000.0,15.75,131.25
T014,G1-0625,G4-0216,120000.0,15.75,131.25
T014,G1-0626,G4-0216,120000.0,15.75,131.25
T014,G1-0627,G4-0218,120000.0,15.75,131.25
T014,G1-0628,G4-0218,120000.0,15.75,131.25
T014,G1-0629,G4-0218,120000.0,15.75,131.25
T014,G1-0630,G4-0218,120000.0,15.75,131.25
T014,G1-0631,G4-0220,120000.0,15.75,131.25
T014,G1-0632,G4-0220,120000.0,15.75,131.25
T014,G1-0633,G4-0220,120000.0,15.75,131.25
T014,G1-0634,G4-0220,120000.0,15.75,131.25
T014,G1-0635,G4-0222,120000.0,15.75,131.25
T014,G1-0636,G4-0222,120000.0,15.75,131.25
T014,G1-0637,G4-0222,120000.0,15.75,131.25
T014,G1-0638,G4-0222,120000.0,15.75,131.25
T014,G1-0639,G4-0224,120000.0,15.75,131.25
T014,G1-0640,G4-0224,120000.0,15.75,131.25
T014,G1-0641,G4-0224,120000.0,15.75,131.25
T014,G1-0642,G4-0224,120000.0,15.75,131.25
T014,G1-0643,G4-0226,120000.0,15.75,131.25
T014,G1-0644,G4-0226,120000.0,15.75,131.25
T014,G1-0645,G4-0226,120000.0,15.75,131.25
T014,G1-0646,G4-0226,120000.0,15.75,131.25
T014,G1-0647,G4-0228,120000.0,15.75,131.25
T014,G1-0648,G4-0228,120000.0,15.75,131.25
T014,G1-0649,G4-0228,120000.0,15.75,131.25
T014,G1-0650,G4-0228,120000.0,15.75,131.25
T014,G1-0653,G1-0652,180000.0,36.0,200.0
T014,G1-0658,G1-0657,180000.0,36.0,200.0
T014,G1-0663,G1-0662,180000.0,36.0,200.0
T014,G1-0668,G1-0667,180000.0,36.0,200.0
T014,G1-0673,G1-0672,180000.0,36.0,200.0
T014,G1-0677,G1-0676,120000.0,24.0,200.0
T014,G4-0200,G4-0199,480000.0,88.0,183.33333333333334
T014,G4-0202,G4-0201,480000.0,88.0,183.33333333333334
T014,G4-0204,G4-0203,480000.0,88.0,183.33333333333334
T014,G4-0206,G4-0205,480000.0,88.0,183.33333333333334
T014,G4-0208,G4-0207,480000.0,88.0,183.33333333333334
T014,G4-0210,G4-0209,480000.0,88.0,183.33333333333334
T014,G4-0212,G4-0211,480000.0,88.0,183.33333333333334
T014,G4-0214,G4-0213,480000.0,88.0,183.33333333333334
T014,G4-0216,G4-0215,480000.0,88.0,183.33333333333334
T014,G4-0218,G4-0217,480000.0,88.0,183.33333333333334
T014,G4-0220,G4-0219,480000.0,88.0,183.33333333333334
T014,G4-0222,G4-0221,480000.0,88.0,183.33333333333334
T014,G4-0224,G4-0223,480000.0,88.0,183.33333333333334
T014,G4-0226,G4-0225,480000.0,88.0,183.33333333333334
T014,G4-0228,G4-0227,480000.0,88.0,183.33333333333334
T014,G1-0652,G1-0651,180000.0,48.0,266.6666666666667
T014,G1-0657,G1-0656,180000.0,48.0,266.6666666666667
T014,G1-0662,G1-0661,180000.0,48.0,266.6666666666667
T014,G1-0667,G1-0666,180000.0,48.0,266.6666666666667
T014,G1-0672,G1-0671,180000.0,48.0,266.6666666666667
T015,G3-0187,G1-0679,87500.0,3.75,42.85714285714286
T015,G3-0187,G1-0680,87500.0,3.75,42.85714285714286
T015,G3-0187,G1-0681,87500.0,3.75,42.85714285714286
T015,G3-0187,G1-0682,87500.0,3.75,42.85714285714286
T015,G3-0188,G1-0683,87500.0,3.75,42.85714285714286
T015,G3-0188,G1-0684,87500.0,3.75,42.85714285714286
T015,G3-0188,G1-0685,87500.0,3.75,42.85714285714286
T015,G3-0188,G1-0686,87500.0,3.75,42.85714285714286
T015,G3-0189,G1-0687,87500.0,3.75,42.85714285714286
T015,G3-0189,G1-0688,87500.0,3.75,42.85714285714286
T015,G3-0189,G1-0689,87500.0,3.75,42.85714285714286
T015,G3-0189,G1-0690,87500.0,3.75,42.85714285714286
T015,G3-0190,G1-0691,87500.0,3.75,42.85714285714286
T015,G3-0190,G1-0692,87500.0,3.75,42.85714285714286
T015,G3-0190,G1-0693,87500.0,3.75,42.85714285714286
T015,G3-0190,G1-0694,87500.0,3.75,42.85714285714286
T015,G3-0191,G1-0695,87500.0,3.75,42.85714285714286
T015,G3-0191,G1-0696,87500.0,3.75,42.85714285714286
T015,G3-0191,G1-0697,87500.0,3.75,42.85714285714286
T015,G3-0191,G1-0698,87500.0,3.75,42.85714285714286
T015,G3-0192,G1-0699,87500.0,3.75,42.85714285714286
T015,G3-0192,G1-0700,87500.0,3.75,42.85714285714286
T015,G3-0192,G1-0701,87500.0,3.75,42.85714285714286
T015,G3-0192,G1-0702,87500.0,3.75,42.85714285714286
T015,G3-0193,G1-0703,87500.0,3.75,42.85714285714286
T015,G3-0193,G1-0704,87500.0,3.75,42.85714285714286
T015,G3-0193,G1-0705,87500.0,3.75,42.85714285714286
T015,G3-0193,G1-0706,87500.0,3.75,42.85714285714286
T015,G3-0194,G1-0707,87500.0,3.75,42.85714285714286
T015,G3-0194,G1-0708,87500.0,3.75,42.85714285714286
T015,G3-0194,G1-0709,87500.0,3.75,42.85714285714286
T015,G3-0194,G1-0710,87500.0,3.75,42.85714285714286
T015,G3-0195,G1-0711,87500.0,3.75,42.85714285714286
T015,G3-0195,G1-0712,87500.0,3.75,42.85714285714286
T015,G3-0195,G1-0713,87500.0,3.75,42.85714285714286
T015,G3-0195,G1-0714,87500.0,3.75,42.85714285714286
T015,G3-0196,G1-0715,87500.0,3.75,42.85714285714286
T015,G3-0196,G1-0716,87500.0,3.75,42.85714285714286
T015,G3-0196,G1-0717,87500.0,3.75,42.85714285714286
T015,G3-0196,G1-0718,87500.0,3.75,42.85714285714286
T015,G3-0197,G1-0719,87500.0,3.75,42.85714285714286
T015,G3-0197,G1-0720,87500.0,3.75,42.85714285714286
T015,G3-0197,G1-0721,87500.0,3.75,42.85714285714286
T015,G3-0197,G1-0722,87500.0,3.75,42.85714285714286
T015,G3-0198,G1-0723,87500.0,3.75,42.85714285714286
T015,G3-0198,G1-0724,87500.0,3.75,42.85714285714286
T015,G3-0198,G1-0725,87500.0,3.75,42.85714285714286
T015,G3-0198,G1-0726,87500.0,3.75,42.85714285714286
T015,G3-0199,G1-0727,87500.0,3.75,42.85714285714286
T015,G3-0199,G1-0728,87500.0,3.75,42.85714285714286
T015,G3-0199,G1-0729,87500.0,3.75,42.85714285714286
T015,G3-0199,G1-0730,87500.0,3.75,42.85714285714286
T015,G3-0200,G1-0731,87500.0,3.75,42.85714285714286
T015,G3-0200,G1-0732,87500.0,3.75,42.85714285714286
T015,G3-0200,G1-0733,87500.0,3.75,42.85714285714286
T015,G3-0200,G1-0734,87500.0,3.75,42.85714285714286
T015,G3-0201,G1-0735,87500.0,3.75,42.85714285714286
T015,G3-0201,G1-0736,87500.0,3.75,42.85714285714286
T015,G3-0201,G1-0737,87500.0,3.75,42.85714285714286
T015,G3-0201,G1-0738,87500.0,3.75,42.85714285714286
T015,G1-0743,G1-0742,180000.0,12.0,66.66666666666667
T015,G1-0748,G1-0747,180000.0,12.0,66.66666666666667
T015,G1-0753,G1-0752,180000.0,12.0,66.66666666666667
T015,G1-0758,G1-0757,180000.0,12.0,66.66666666666667
T015,G1-0763,G1-0762,180000.0,12.0,66.66666666666667
T015,G1-0742,G1-0741,180000.0,24.0,133.33333333333334
T015,G1-0747,G1-0746,180000.0,24.0,133.33333333333334
T015,G1-0752,G1-0751,180000.0,24.0,133.33333333333334
T015,G1-0757,G1-0756,180000.0,24.0,133.33333333333334
T015,G1-0762,G1-0761,180000.0,24.0,133.33333333333334
T015,G1-0766,G1-0765,120000.0,12.0,100.0
T015,G1-0679,G4-0230,120000.0,15.75,131.25
T015,G1-0680,G4-0230,120000.0,15.75,131.25
T015,G1-0681,G4-0230,120000.0,15.75,131.25
T015,G1-0682,G4-0230,120000.0,15.75,131.25
T015,G1-0683,G4-0232,120000.0,15.75,131.25
T015,G1-0684,G4-0232,120000.0,15.75,131.25
T015,G1-0685,G4-0232,120000.0,15.75,131.25
T015,G1-0686,G4-0232,120000.0,15.75,131.25
T015,G1-0687,G4-0234,120000.0,15.75,131.25
T015,G1-0688,G4-0234,120000.0,15.75,131.25
T015,G1-0689,G4-0234,120000.0,15.75,131.25
T015,G1-0690,G4-0234,120000.0,15.75,131.25
T015,G1-0691,G4-0236,120000.0,15.75,131.25
T015,G1-0692,G4-0236,120000.0,15.75,131.25
T015,G1-0693,G4-0236,120000.0,15.75,131.25
T015,G1-0694,G4-0236,120000.0,15.75,131.25
T015,G1-0695,G4-0238,120000.0,15.75,131.25
T015,G1-0696,G4-0238,120000.0,15.75,131.25
T015,G1-0697,G4-0238,120000.0,15.75,131.25
T015,G1-0698,G4-0238,120000.0,15.75,131.25
T015,G1-0699,G4-0240,120000.0,15.75,131.25
T015,G1-0700,G4-0240,120000.0,15.75,131.25
T015,G1-0701,G4-0240,120000.0,15.75,131.25
T015,G1-0702,G4-0240,120000.0,15.75,131.25
T015,G1-0703,G4-0242,120000.0,15.75,131.25
T015,G1-0704,G4-0242,120000.0,15.75,131.25
T015,G1-0705,G4-0242,120000.0,15.75,131.25
T015,G1-0706,G4-0242,120000.0,15.75,131.25
T015,G1-0707,G4-0244,120000.0,15.75,131.25
T015,G1-0708,G4-0244,120000.0,15.75,131.25
T015,G1-0709,G4-0244,120000.0,15.75,131.25
T015,G1-0710,G4-0244,120000.0,15.75,131.25
T015,G1-0711,G4-0246,120000.0,15.75,131.25
T015,G1-0712,G4-0246,120000.0,15.75,131.25
T015,G1-0713,G4-0246,120000.0,15.75,131.25
T015,G1-0714,G4-0246,120000.0,15.75,131.25
T015,G1-0715,G4-0248,120000.0,15.75,131.25
T015,G1-0716,G4-0248,120000.0,15.75,131.25
T015,G1-0717,G4-0248,120000.0,15.75,131.25
T015,G1-0718,G4-0248,120000.0,15.75,131.25
T015,G1-0719,G4-0250,120000.0,15.75,131.25
T015,G1-0720,G4-0250,120000.0,15.75,131.25
T015,G1-0721,G4-0250,120000.0,15.75,131.25
T015,G1-0722,G4-0250,120000.0,15.75,131.25
T015,G1-0723,G4-0252,120000.0,15.75,131.25
T015,G1-0724,G4-0252,120000.0,15.75,131.25
T015,G1-0725,G4-0252,120000.0,15.75,131.25
T015,G1-0726,G4-0252,120000.0,15.75,131.25
T015,G1-0727,G4-0254,120000.0,15.75,131.25
T015,G1-0728,G4-0254,120000.0,15.75,131.25
T015,G1-0729,G4-0254,120000.0,15.75,131.25
T015,G1-0730,G4-0254,120000.0,15.75,131.25
T015,G1-0731,G4-0256,120000.0,15.75,131.25
T015,G1-0732,G4-0256,120000.0,15.75,131.25
T015,G1-0733,G4-0256,120000.0,15.75,131.25
T015,G1-0734,G4-0256,120000.0,15.75,131.25
T015,G1-0735,G4-0258,120000.0,15.75,131.25
T015,G1-0736,G4-0258,120000.0,15.75,131.25
T015,G1-0737,G4-0258,120000.0,15.75,131.25
T015,G1-0738,G4-0258,120000.0,15.75,131.25
T015,G1-0741,G1-0740,180000.0,36.0,200.0
T015,G1-0746,G1-0745,180000.0,36.0,200.0
T015,G1-0751,G1-0750,180000.0,36.0,200.0
T015,G1-0756,G1-0755,180000.0,36.0,200.0
T015,G1-0761,G1-0760,180000.0,36.0,200.0
T015,G1-0765,G1-0764,120000.0,24.0,200.0
T015,G4-0230,G4-0229,480000.0,88.0,183.33333333333334
T015,G4-0232,G4-0231,480000.0,88.0,183.33333333333334
T015,G4-0234,G4-0233,480000.0,88.0,183.33333333333334
T015,G4-0236,G4-0235,480000.0,88.0,183.33333333333334
T015,G4-0238,G4-0237,480000.0,88.0,183.33333333333334
T015,G4-0240,G4-0239,480000.0,88.0,183.33333333333334
T015,G4-0242,G4-0241,480000.0,88.0,183.33333333333334
T015,G4-0244,G4-0243,480000.0,88.0,183.33333333333334
T015,G4-0246,G4-0245,480000.0,88.0,183.33333333333334
T015,G4-0248,G4-0247,480000.0,88.0,183.33333333333334
T015,G4-0250,G4-0249,480000.0,88.0,183.33333333333334
T015,G4-0252,G4-0251,480000.0,88.0,183.33333333333334
T015,G4-0254,G4-0253,480000.0,88.0,183.33333333333334
T015,G4-0256,G4-0255,480000.0,88.0,183.33333333333334
T015,G4-0258,G4-0257,480000.0,88.0,183.33333333333334
T015,G1-0740,G1-0739,180000.0,48.0,266.6666666666667
T015,G1-0745,G1-0744,180000.0,48.0,266.6666666666667
T015,G1-0750,G1-0749,180000.0,48.0,266.6666666666667
T015,G1-0755,G1-0754,180000.0,48.0,266.6666666666667
T015,G1-0760,G1-0759,180000.0,48.0,266.6666666666667
T016,G3-0202,G1-0767,87500.0,3.75,42.85714285714286
T016,G3-0202,G1-0768,87500.0,3.75,42.85714285714286
T016,G3-0202,G1-0769,87500.0,3.75,42.85714285714286
T016,G3-0202,G1-0770,87500.0,3.75,42.85714285714286
T016,G3-0203,G1-0771,87500.0,3.75,42.85714285714286
T016,G3-0203,G1-0772,87500.0,3.75,42.85714285714286
T016,G3-0203,G1-0773,87500.0,3.75,42.85714285714286
T016,G3-0203,G1-0774,87500.0,3.75,42.85714285714286
T016,G3-0204,G1-0775,87500.0,3.75,42.85714285714286
T016,G3-0204,G1-0776,87500.0,3.75,42.85714285714286
T016,G3-0204,G1-0777,87500.0,3.75,42.85714285714286
T016,G3-0204,G1-0778,87500.0,3.75,42.85714285714286
T016,G3-0205,G1-0779,87500.0,3.75,42.85714285714286
T016,G3-0205,G1-0780,87500.0,3.75,42.85714285714286
T016,G3-0205,G1-0781,87500.0,3.75,42.85714285714286
T016,G3-0205,G1-0782,87500.0,3.75,42.85714285714286
T016,G3-0206,G1-0783,87500.0,3.75,42.85714285714286
T016,G3-0206,G1-0784,87500.0,3.75,42.85714285714286
T016,G3-0206,G1-0785,87500.0,3.75,42.85714285714286
T016,G3-0206,G1-0786,87500.0,3.75,42.85714285714286
T016,G3-0207,G1-0787,87500.0,3.75,42.85714285714286
T016,G3-0207,G1-0788,87500.0,3.75,42.85714285714286
T016,G3-0207,G1-0789,87500.0,3.75,42.85714285714286
T016,G3-0207,G1-0790,87500.0,3.75,42.85714285714286
T016,G3-0208,G1-0791,87500.0,3.75,42.85714285714286
T016,G3-0208,G1-0792,87500.0,3.75,42.85714285714286
T016,G3-0208,G1-0793,87500.0,3.75,42.85714285714286
T016,G3-0208,G1-0794,87500.0,3.75,42.85714285714286
T016,G3-0209,G1-0795,87500.0,3.75,42.85714285714286
T016,G3-0209,G1-0796,87500.0,3.75,42.85714285714286
T016,G3-0209,G1-0797,87500.0,3.75,42.85714285714286
T016,G3-0209,G1-0798,87500.0,3.75,42.85714285714286
T016,G1-0767,G4-0260,120000.0,15.75,131.25
T016,G1-0768,G4-0260,120000.0,15.75,131.25
T016,G1-0769,G4-0260,120000.0,15.75,131.25
T016,G1-0770,G4-0260,120000.0,15.75,131.25
T016,G1-0771,G4-0262,120000.0,15.75,131.25
T016,G1-0772,G4-0262,120000.0,15.75,131.25
T016,G1-0773,G4-0262,120000.0,15.75,131.25
T016,G1-0774,G4-0262,120000.0,15.75,131.25
T016,G1-0775,G4-0264,120000.0,15.75,131.25
T016,G1-0776,G4-0264,120000.0,15.75,131.25
T016,G1-0777,G4-0264,120000.0,15.75,131.25
T016,G1-0778,G4-0264,120000.0,15.75,131.25
T016,G1-0779,G4-0266,120000.0,15.75,131.25
T016,G1-0780,G4-0266,120000.0,15.75,131.25
T016,G1-0781,G4-0266,120000.0,15.75,131.25
T016,G1-0782,G4-0266,120000.0,15.75,131.25
T016,G1-0783,G4-0268,120000.0,15.75,131.25
T016,G1-0784,G4-0268,120000.0,15.75,131.25
T016,G1-0785,G4-0268,120000.0,15.75,131.25
T016,G1-0786,G4-0268,120000.0,15.75,131.25
T016,G1-0787,G4-0270,120000.0,15.75,131.25
T016,G1-0788,G4-0270,120000.0,15.75,131.25
T016,G1-0789,G4-0270,120000.0,15.75,131.25
T016,G1-0790,G4-0270,120000.0,15.75,131.25
T016,G1-0791,G4-0272,120000.0,15.75,131.25
T016,G1-0792,G4-0272,120000.0,15.75,131.25
T016,G1-0793,G4-0272,120000.0,15.75,131.25
T016,G1-0794,G4-0272,120000.0,15.75,131.25
T016,G1-0795,G4-0274,120000.0,15.75,131.25
T016,G1-0796,G4-0274,120000.0,15.75,131.25
T016,G1-0797,G4-0274,120000.0,15.75,131.25
T016,G1-0798,G4-0274,120000.0,15.75,131.25
T016,G1-0800,G1-0799,120000.0,12.0,100.0
T016,G4-0260,G4-0259,480000.0,88.0,183.33333333333334
T016,G4-0262,G4-0261,480000.0,88.0,183.33333333333334
T016,G4-0264,G4-0263,480000.0,88.0,183.33333333333334
T016,G4-0266,G4-0265,480000.0,88.0,183.33333333333334
T016,G4-0268,G4-0267,480000.0,88.0,183.33333333333334
T016,G4-0270,G4-0269,480000.0,88.0,183.33333333333334
T016,G4-0272,G4-0271,480000.0,88.0,183.33333333333334
T016,G4-0274,G4-0273,480000.0,88.0,183.33333333333334
T020,G4-0278,G4-0277,480000.0,25.0,52.083333333333336
T020,G4-0282,G4-0281,480000.0,25.0,52.083333333333336
T020,G4-0286,G4-0285,480000.0,25.0,52.083333333333336
T020,G4-0290,G4-0289,480000.0,25.0,52.083333333333336
T020,G4-0294,G4-0293,480000.0,25.0,52.083333333333336
T020,G4-0298,G4-0297,480000.0,25.0,52.083333333333336
T020,G4-0277,G4-0276,480000.0,50.0,104.16666666666667
T020,G4-0281,G4-0280,480000.0,50.0,104.16666666666667
T020,G4-0285,G4-0284,480000.0,50.0,104.16666666666667
T020,G4-0289,G4-0288,480000.0,50.0,104.16666666666667
T020,G4-0293,G4-0292,480000.0,50.0,104.16666666666667
T020,G4-0297,G4-0296,480000.0,50.0,104.16666666666667
T020,G4-0276,G4-0275,480000.0,75.0,156.25
T020,G4-0280,G4-0279,480000.0,75.0,156.25
T020,G4-0284,G4-0283,480000.0,75.0,156.25
T020,G4-0288,G4-0287,480000.0,75.0,156.25
T020,G4-0292,G4-0291,480000.0,75.0,156.25
T020,G4-0296,G4-0295,480000.0,75.0,156.25
T021,G4-0302,G4-0301,480000.0,25.0,52.083333333333336
T021,G4-0306,G4-0305,480000.0,25.0,52.083333333333336
T021,G4-0310,G4-0309,480000.0,25.0,52.083333333333336
T021,G4-0314,G4-0313,480000.0,25.0,52.083333333333336
T021,G4-0318,G4-0317,480000.0,25.0,52.083333333333336
T021,G4-0322,G4-0321,480000.0,25.0,52.083333333333336
T021,G4-0326,G4-0325,480000.0,25.0,52.083333333333336
T021,G4-0330,G4-0329,480000.0,25.0,52.083333333333336
T021,G4-0334,G4-0333,480000.0,25.0,52.083333333333336
T021,G4-0338,G4-0337,480000.0,25.0,52.083333333333336
T021,G4-0342,G4-0341,480000.0,25.0,52.083333333333336
T021,G4-0346,G4-0345,480000.0,25.0,52.083333333333336
T021,G4-0350,G4-0349,480000.0,25.0,52.083333333333336
T021,G4-0354,G4-0353,480000.0,25.0,52.083333333333336
T021,G4-0358,G4-0357,480000.0,25.0,52.083333333333336
T021,G4-0301,G4-0300,480000.0,50.0,104.16666666666667
T021,G4-0305,G4-0304,480000.0,50.0,104.16666666666667
T021,G4-0309,G4-0308,480000.0,50.0,104.16666666666667
T021,G4-0313,G4-0312,480000.0,50.0,104.16666666666667
T021,G4-0317,G4-0316,480000.0,50.0,104.16666666666667
T021,G4-0321,G4-0320,480000.0,50.0,104.16666666666667
T021,G4-0325,G4-0324,480000.0,50.0,104.16666666666667
T021,G4-0329,G4-0328,480000.0,50.0,104.16666666666667
T021,G4-0333,G4-0332,480000.0,50.0,104.16666666666667
T021,G4-0337,G4-0336,480000.0,50.0,104.16666666666667
T021,G4-0341,G4-0340,480000.0,50.0,104.16666666666667
T021,G4-0345,G4-0344,480000.0,50.0,104.16666666666667
T021,G4-0349,G4-0348,480000.0,50.0,104.16666666666667
T021,G4-0353,G4-0352,480000.0,50.0,104.16666666666667
T021,G4-0357,G4-0356,480000.0,50.0,104.16666666666667
T021,G4-0300,G4-0299,480000.0,75.0,156.25
T021,G4-0304,G4-0303,480000.0,75.0,156.25
T021,G4-0308,G4-0307,480000.0,75.0,156.25
T021,G4-0312,G4-0311,480000.0,75.0,156.25
T021,G4-0316,G4-0315,480000.0,75.0,156.25
T021,G4-0320,G4-0319,480000.0,75.0,156.25
T021,G4-0324,G4-0323,480000.0,75.0,156.25
T021,G4-0328,G4-0327,480000.0,75.0,156.25
T021,G4-0332,G4-0331,480000.0,75.0,156.25
T021,G4-0336,G4-0335,480000.0,75.0,156.25
T021,G4-0340,G4-0339,480000.0,75.0,156.25
T021,G4-0344,G4-0343,480000.0,75.0,156.25
T021,G4-0348,G4-0347,480000.0,75.0,156.25
T021,G4-0352,G4-0351,480000.0,75.0,156.25
T021,G4-0356,G4-0355,480000.0,75.0,156.25
T022,G4-0362,G4-0361,480000.0,25.0,52.083333333333336
T022,G4-0366,G4-0365,480000.0,25.0,52.083333333333336
T022,G4-0370,G4-0369,480000.0,25.0,52.083333333333336
T022,G4-0374,G4-0373,480000.0,25.0,52.083333333333336
T022,G4-0378,G4-0377,480000.0,25.0,52.083333333333336
T022,G4-0382,G4-0381,480000.0,25.0,52.083333333333336
T022,G4-0386,G4-0385,480000.0,25.0,52.083333333333336
T022,G4-0390,G4-0389,480000.0,25.0,52.083333333333336
T022,G4-0394,G4-0393,480000.0,25.0,52.083333333333336
T022,G4-0398,G4-0397,480000.0,25.0,52.083333333333336
T022,G4-0361,G4-0360,480000.0,50.0,104.16666666666667
T022,G4-0365,G4-0364,480000.0,50.0,104.16666666666667
T022,G4-0369,G4-0368,480000.0,50.0,104.16666666666667
T022,G4-0373,G4-0372,480000.0,50.0,104.16666666666667
T022,G4-0377,G4-0376,480000.0,50.0,104.16666666666667
T022,G4-0381,G4-0380,480000.0,50.0,104.16666666666667
T022,G4-0385,G4-0384,480000.0,50.0,104.16666666666667
T022,G4-0389,G4-0388,480000.0,50.0,104.16666666666667
T022,G4-0393,G4-0392,480000.0,50.0,104.16666666666667
T022,G4-0397,G4-0396,480000.0,50.0,104.16666666666667
T022,G4-0360,G4-0359,480000.0,75.0,156.25
T022,G4-0364,G4-0363,480000.0,75.0,156.25
T022,G4-0368,G4-0367,480000.0,75.0,156.25
T022,G4-0372,G4-0371,480000.0,75.0,156.25
T022,G4-0376,G4-0375,480000.0,75.0,156.25
T022,G4-0380,G4-0379,480000.0,75.0,156.25
T022,G4-0384,G4-0383,480000.0,75.0,156.25
T022,G4-0388,G4-0387,480000.0,75.0,156.25
T022,G4-0392,G4-0391,480000.0,75.0,156.25
T022,G4-0396,G4-0395,480000.0,75.0,156.25
T022,G4-0400,G4-0399,480000.0,25.0,52.083333333333336
