service_date,store_id,item_id,method,demand_point_units,lower90_units,upper90_units,interval_level
2026-07-23,S01,K01,shared_ridge10,7.7407521579,2.0817584956,12.4258391540,0.9000000000
2026-07-23,S01,K02,shared_ridge10,7.8456017828,2.3632867338,10.4424791266,0.9000000000
2026-07-23,S01,K03,shared_ridge10,8.6773862035,0.9672603663,10.5190928508,0.9000000000
2026-07-23,S01,K04,shared_ridge10,10.1308611762,4.6305908412,14.6295021800,0.9000000000
2026-07-23,S01,K05,shared_ridge10,10.6719086359,6.0521973873,12.6324857084,0.9000000000
2026-07-23,S01,K06,shared_ridge10,11.4513531732,4.1224206546,12.9662379980,0.9000000000
2026-07-23,S01,K07,shared_ridge10,14.2081372208,6.7784168470,13.6404230393,0.9000000000
2026-07-23,S01,K08,shared_ridge10,13.5712721991,7.2166232255,15.2150205916,0.9000000000
2026-07-23,S02,K01,shared_ridge10,7.9020221273,3.7000307340,10.3090524567,0.9000000000
2026-07-23,S02,K02,shared_ridge10,7.8564713480,1.7558925731,10.5250548063,0.9000000000
2026-07-23,S02,K03,shared_ridge10,9.5034731600,6.1676992995,14.4776900358,0.9000000000
2026-07-23,S02,K04,shared_ridge10,10.1417307414,2.6372023371,10.8141324420,0.9000000000
2026-07-23,S02,K05,shared_ridge10,11.7371260272,4.0082850065,12.9028313049,0.9000000000
2026-07-23,S02,K06,shared_ridge10,12.7641020314,7.4405015480,16.4903538988,0.9000000000
2026-07-23,S02,K07,shared_ridge10,13.5706706083,9.0017478951,15.2058332950,0.9000000000
2026-07-23,S02,K08,shared_ridge10,14.7234461121,8.1290550836,17.8985276698,0.9000000000
2026-07-23,S03,K01,shared_ridge10,7.8517026126,2.2160070159,9.1137126856,0.9000000000
2026-07-23,S03,K02,shared_ridge10,8.9434278697,3.6717781964,13.9449977317,0.9000000000
2026-07-23,S03,K03,shared_ridge10,9.8186905513,5.6740808190,13.0524963806,0.9000000000
2026-07-23,S03,K04,shared_ridge10,10.5547742197,2.9866902126,11.4001436990,0.9000000000
2026-07-23,S03,K05,shared_ridge10,12.0749258765,6.7350929846,14.3269315400,0.9000000000
2026-07-23,S03,K06,shared_ridge10,13.0331184757,7.2472954658,13.3549807553,0.9000000000
2026-07-23,S03,K07,shared_ridge10,14.8858879996,9.8951337024,15.2226617464,0.9000000000
2026-07-23,S03,K08,shared_ridge10,14.5930113295,7.0994591564,17.6445537175,0.9000000000
2026-07-23,S04,K01,shared_ridge10,8.4386591343,5.1303490957,10.3088399280,0.9000000000
2026-07-23,S04,K02,shared_ridge10,9.0195148262,4.3405537376,13.7193054778,0.9000000000
2026-07-23,S04,K03,shared_ridge10,10.3839079426,6.8765860286,11.4994302620,0.9000000000
2026-07-23,S04,K04,shared_ridge10,11.4569481327,5.8164482734,13.4874949460,0.9000000000
2026-07-23,S04,K05,shared_ridge10,13.1580405338,8.6220633316,14.7746841552,0.9000000000
2026-07-23,S04,K06,shared_ridge10,13.4921087479,8.8541556392,15.8374301982,0.9000000000
2026-07-23,S04,K07,shared_ridge10,15.1141488692,9.7005329832,19.9902333252,0.9000000000
2026-07-23,S04,K08,shared_ridge10,15.9843156774,9.0556098465,17.6638859905,0.9000000000
2026-07-23,S05,K01,shared_ridge10,9.0364852213,4.3709050692,13.3182242960,0.9000000000
2026-07-23,S05,K02,shared_ridge10,9.5412539567,2.9293006127,14.2192395008,0.9000000000
2026-07-23,S05,K03,shared_ridge10,10.1447775078,2.4037249360,10.9659491567,0.9000000000
2026-07-23,S05,K04,shared_ridge10,11.4306687250,4.6846794391,11.4345144235,0.9000000000
2026-07-23,S05,K05,shared_ridge10,14.0058666208,6.9429718096,13.9691700289,0.9000000000
2026-07-23,S05,K06,shared_ridge10,13.5613995787,9.1027823464,17.2223318325,0.9000000000
2026-07-23,S05,K07,shared_ridge10,15.8750184344,9.8043315461,19.9787663088,0.9000000000
2026-07-23,S05,K08,shared_ridge10,16.3104026339,10.9576594476,16.8051464768,0.9000000000
2026-07-23,S06,K01,shared_ridge10,8.7538765257,3.8769341455,12.4163996197,0.9000000000
2026-07-23,S06,K02,shared_ridge10,9.8564713480,3.9629616978,13.9695390534,0.9000000000
2026-07-23,S06,K03,shared_ridge10,11.1665166382,6.4767461176,13.6021389847,0.9000000000
2026-07-23,S06,K04,shared_ridge10,11.9324577355,4.2861508904,13.2402562788,0.9000000000
2026-07-23,S06,K05,shared_ridge10,13.9398059019,8.1076803216,15.7970737082,0.9000000000
2026-07-23,S06,K06,shared_ridge10,14.0396604483,7.0743828984,14.4131447004,0.9000000000
2026-07-23,S06,K07,shared_ridge10,16.3315401736,7.5076678774,20.9528683167,0.9000000000
2026-07-23,S06,K08,shared_ridge10,16.6364895904,10.6175718205,18.4293352502,0.9000000000
2026-07-23,S07,K01,shared_ridge10,9.2756156561,3.5773614054,14.0618076858,0.9000000000
2026-07-23,S07,K02,shared_ridge10,9.7260365654,3.6011759020,11.1402684256,0.9000000000
2026-07-23,S07,K03,shared_ridge10,11.2860818556,4.0152842866,12.6440997711,0.9000000000
2026-07-23,S07,K04,shared_ridge10,12.8969760142,7.7828051262,16.0158859703,0.9000000000
2026-07-23,S07,K05,shared_ridge10,13.8675608098,7.7429815164,15.2851395438,0.9000000000
2026-07-23,S07,K06,shared_ridge10,14.7027039265,7.5963680962,18.7845025743,0.9000000000
2026-07-23,S07,K07,shared_ridge10,17.2554532170,12.5764190014,20.4390664037,0.9000000000
2026-07-23,S07,K08,shared_ridge10,17.0169243730,7.9275680170,18.0152106748,0.9000000000
2026-07-23,S08,K01,shared_ridge10,10.0799634822,4.2381291215,17.4860264746,0.9000000000
2026-07-23,S08,K02,shared_ridge10,10.3564713480,5.4244567561,12.5396759986,0.9000000000
2026-07-23,S08,K03,shared_ridge10,11.9832044879,5.7940069904,12.6930523498,0.9000000000
2026-07-23,S08,K04,shared_ridge10,13.6669261341,8.6249157946,15.6151756891,0.9000000000
2026-07-23,S08,K05,shared_ridge10,15.1719086359,10.7023554104,18.9158416676,0.9000000000
2026-07-23,S08,K06,shared_ridge10,15.0722691439,10.1955511403,19.6964621417,0.9000000000
2026-07-23,S08,K07,shared_ridge10,17.6576271301,9.0327625082,19.6834234542,0.9000000000
2026-07-23,S08,K08,shared_ridge10,18.3321417643,10.4475484902,21.0351911478,0.9000000000
2026-07-23,S09,K01,shared_ridge10,10.1995286996,3.2159711330,11.3975002148,0.9000000000
2026-07-23,S09,K02,shared_ridge10,10.8129930871,3.4864875928,13.4863525275,0.9000000000
2026-07-23,S09,K03,shared_ridge10,12.4979682062,5.6170360394,16.0597769271,0.9000000000
2026-07-23,S09,K04,shared_ridge10,13.2567556815,7.7149106127,21.2810990672,0.9000000000
2026-07-23,S09,K05,shared_ridge10,15.3458216794,12.5026288024,19.9448311788,0.9000000000
2026-07-23,S09,K06,shared_ridge10,15.8331387092,8.6823650877,16.8254416114,0.9000000000
2026-07-23,S09,K07,shared_ridge10,17.7337140866,7.7510897833,17.6855719574,0.9000000000
2026-07-23,S09,K08,shared_ridge10,18.9734461121,12.7341844442,22.0503807380,0.9000000000
2026-07-23,S10,K01,shared_ridge10,9.9603982648,3.3200165769,15.2742314319,0.9000000000
2026-07-23,S10,K02,shared_ridge10,11.0909823983,3.9256099890,13.9057216534,0.9000000000
2026-07-23,S10,K03,shared_ridge10,13.6175334236,7.9948158442,15.6035132150,0.9000000000
2026-07-23,S10,K04,shared_ridge10,13.3265133501,8.8503299593,15.5113064716,0.9000000000
2026-07-23,S10,K05,shared_ridge10,15.4001695055,10.2475311046,19.6298022150,0.9000000000
2026-07-23,S10,K06,shared_ridge10,16.7027039265,9.7203221588,18.7173491395,0.9000000000
2026-07-23,S10,K07,shared_ridge10,18.9184966953,11.7384392230,20.7412759910,0.9000000000
2026-07-23,S10,K08,shared_ridge10,18.7144401625,10.8601555567,20.9942641538,0.9000000000
2026-07-23,S11,K01,shared_ridge10,10.4712678300,2.7588787418,13.6255788730,0.9000000000
2026-07-23,S11,K02,shared_ridge10,11.7665262381,6.5204741871,13.1740147678,0.9000000000
2026-07-23,S11,K03,shared_ridge10,13.8008455739,9.1759080981,15.7827722728,0.9000000000
2026-07-23,S11,K04,shared_ridge10,14.4026003067,9.2532308486,16.2084357104,0.9000000000
2026-07-23,S11,K05,shared_ridge10,16.2588651577,9.2162008817,21.2462846570,0.9000000000
2026-07-23,S11,K06,shared_ridge10,16.6918343613,9.4863848027,22.1699828348,0.9000000000
2026-07-23,S11,K07,shared_ridge10,19.2880619127,12.5110511811,20.2268471292,0.9000000000
2026-07-23,S11,K08,shared_ridge10,20.6389866177,12.3963375102,25.8963375102,0.9000000000
2026-07-23,S12,K01,shared_ridge10,11.1451808735,4.8435758871,13.2237086173,0.9000000000
2026-07-23,S12,K02,shared_ridge10,12.5823041003,5.9114790923,15.0764944279,0.9000000000
2026-07-23,S12,K03,shared_ridge10,13.5252122904,8.5284799428,14.1353441175,0.9000000000
2026-07-23,S12,K04,shared_ridge10,14.5765133501,8.4191183952,19.0496026491,0.9000000000
2026-07-23,S12,K05,shared_ridge10,16.1827782011,10.5231744450,20.5957111688,0.9000000000
2026-07-23,S12,K06,shared_ridge10,17.2570517526,8.9267984177,18.5886269222,0.9000000000
2026-07-23,S12,K07,shared_ridge10,19.3498851005,14.4244245855,21.6724459141,0.9000000000
2026-07-23,S12,K08,shared_ridge10,21.0085518351,16.3799837239,25.0530640062,0.9000000000
2026-07-24,S01,K01,shared_ridge10,8.8243167644,3.1653231021,13.5094037605,0.9000000000
2026-07-24,S01,K02,shared_ridge10,9.0371177447,3.5548026957,11.6339950884,0.9000000000
2026-07-24,S01,K03,shared_ridge10,9.7065026038,1.5228472601,11.5482092511,0.9000000000
2026-07-24,S01,K04,shared_ridge10,11.1077777743,5.6075074393,15.6064187782,0.9000000000
2026-07-24,S01,K05,shared_ridge10,11.7507230897,7.1310118411,13.7113001622,0.9000000000
2026-07-24,S01,K06,shared_ridge10,13.1888384632,5.8599059446,14.7037232880,0.9000000000
2026-07-24,S01,K07,shared_ridge10,14.3436032030,6.9138828292,13.7758890216,0.9000000000
2026-07-24,S01,K08,shared_ridge10,14.4137752034,8.0591262298,16.0575235959,0.9000000000
2026-07-24,S02,K01,shared_ridge10,8.9855867338,4.7835953405,11.3926170632,0.9000000000
2026-07-24,S02,K02,shared_ridge10,9.0479873099,2.9474085350,11.7165707682,0.9000000000
2026-07-24,S02,K03,shared_ridge10,10.5325895603,7.1968156998,15.5068064362,0.9000000000
2026-07-24,S02,K04,shared_ridge10,11.1186473395,3.6141189352,11.7910490401,0.9000000000
2026-07-24,S02,K05,shared_ridge10,12.8159404810,5.0870994603,13.9816457587,0.9000000000
2026-07-24,S02,K06,shared_ridge10,13.8763437581,8.5527432747,17.6025956255,0.9000000000
2026-07-24,S02,K07,shared_ridge10,14.3938698709,9.8249471577,16.0290325576,0.9000000000
2026-07-24,S02,K08,shared_ridge10,15.5659491164,8.9715580879,18.7410306742,0.9000000000
2026-07-24,S03,K01,shared_ridge10,8.9352672191,3.2995716224,10.1972772920,0.9000000000
2026-07-24,S03,K02,shared_ridge10,10.1349438316,4.8632941582,15.1365136936,0.9000000000
2026-07-24,S03,K03,shared_ridge10,10.8478069516,6.7031972194,14.0816127810,0.9000000000
2026-07-24,S03,K04,shared_ridge10,11.5316908178,3.9636068107,12.3770602971,0.9000000000
2026-07-24,S03,K05,shared_ridge10,13.1537403303,7.8139074384,15.4057459938,0.9000000000
2026-07-24,S03,K06,shared_ridge10,14.1453602024,8.3595371926,14.4672224820,0.9000000000
2026-07-24,S03,K07,shared_ridge10,15.7090872622,10.7183329651,16.0458610090,0.9000000000
2026-07-24,S03,K08,shared_ridge10,15.4355143338,7.9419621607,18.4870567218,0.9000000000
2026-07-24,S04,K01,shared_ridge10,9.5222237409,6.2139137023,11.3924045346,0.9000000000
2026-07-24,S04,K02,shared_ridge10,10.2110307882,5.5320696996,14.9108214398,0.9000000000
2026-07-24,S04,K03,shared_ridge10,11.4130243430,7.9057024290,12.5285466624,0.9000000000
2026-07-24,S04,K04,shared_ridge10,12.4338647308,6.7933648715,14.4644115441,0.9000000000
2026-07-24,S04,K05,shared_ridge10,14.2368549876,9.7008777854,15.8534986090,0.9000000000
2026-07-24,S04,K06,shared_ridge10,14.6043504746,9.9663973659,16.9496719248,0.9000000000
2026-07-24,S04,K07,shared_ridge10,15.9373481317,10.5237322457,20.8134325878,0.9000000000
2026-07-24,S04,K08,shared_ridge10,16.8268186816,9.8981128507,18.5063889947,0.9000000000
2026-07-24,S05,K01,shared_ridge10,10.1200498278,5.4544696757,14.4017889026,0.9000000000
2026-07-24,S05,K02,shared_ridge10,10.7327699186,4.1208165746,15.4107554627,0.9000000000
2026-07-24,S05,K03,shared_ridge10,11.1738939082,3.4328413364,11.9950655571,0.9000000000
2026-07-24,S05,K04,shared_ridge10,12.4075853231,5.6615960372,12.4114310216,0.9000000000
2026-07-24,S05,K05,shared_ridge10,15.0846810746,8.0217862634,15.0479844827,0.9000000000
2026-07-24,S05,K06,shared_ridge10,14.6736413054,10.2150240730,18.3345735593,0.9000000000
2026-07-24,S05,K07,shared_ridge10,16.6982176969,10.6275308086,20.8019655713,0.9000000000
2026-07-24,S05,K08,shared_ridge10,17.1529056381,11.8001624517,17.6476494810,0.9000000000
2026-07-24,S06,K01,shared_ridge10,9.8374411322,4.9604987520,13.4999642262,0.9000000000
2026-07-24,S06,K02,shared_ridge10,11.0479873099,5.1544776598,15.1610550153,0.9000000000
2026-07-24,S06,K03,shared_ridge10,12.1956330386,7.5058625180,14.6312553851,0.9000000000
2026-07-24,S06,K04,shared_ridge10,13.4916688192,5.8453619741,14.7994673625,0.9000000000
2026-07-24,S06,K05,shared_ridge10,14.4798272869,8.6477017066,16.3370950932,0.9000000000
2026-07-24,S06,K06,shared_ridge10,15.1519021750,8.1866246251,15.5253864271,0.9000000000
2026-07-24,S06,K07,shared_ridge10,17.1547394361,8.3308671399,21.7760675792,0.9000000000
2026-07-24,S06,K08,shared_ridge10,17.4789925947,11.4600748248,19.2718382545,0.9000000000
2026-07-24,S07,K01,shared_ridge10,10.3591802626,4.6609260120,15.1453722922,0.9000000000
2026-07-24,S07,K02,shared_ridge10,10.9175525273,4.7926918639,12.3317843876,0.9000000000
2026-07-24,S07,K03,shared_ridge10,12.3151982560,5.0444006870,13.6732161715,0.9000000000
2026-07-24,S07,K04,shared_ridge10,13.8738926123,8.7597217244,16.9928025684,0.9000000000
2026-07-24,S07,K05,shared_ridge10,14.9463752636,8.8217959703,16.3639539976,0.9000000000
2026-07-24,S07,K06,shared_ridge10,15.8149456532,8.7086098228,19.8967443010,0.9000000000
2026-07-24,S07,K07,shared_ridge10,18.0786524796,13.3996182640,21.2622656663,0.9000000000
2026-07-24,S07,K08,shared_ridge10,17.8594273773,8.7700710214,18.8577136791,0.9000000000
2026-07-24,S08,K01,shared_ridge10,11.1635280887,5.3216937280,18.5695910811,0.9000000000
2026-07-24,S08,K02,shared_ridge10,11.5479873099,6.6159727180,13.7311919605,0.9000000000
2026-07-24,S08,K03,shared_ridge10,13.0123208883,6.8231233907,13.7221687502,0.9000000000
2026-07-24,S08,K04,shared_ridge10,14.6438427322,9.6018323927,16.5920922872,0.9000000000
2026-07-24,S08,K05,shared_ridge10,16.2507230897,11.7811698642,19.9946561214,0.9000000000
2026-07-24,S08,K06,shared_ridge10,16.1845108706,11.3077928670,20.8087038684,0.9000000000
2026-07-24,S08,K07,shared_ridge10,18.4808263926,9.8559617707,20.5066227168,0.9000000000
2026-07-24,S08,K08,shared_ridge10,19.1746447686,11.2900514945,21.8776941522,0.9000000000
2026-07-24,S09,K01,shared_ridge10,11.2830933061,4.2995357395,12.4810648212,0.9000000000
2026-07-24,S09,K02,shared_ridge10,12.0045090490,4.6780035546,14.6778684894,0.9000000000
2026-07-24,S09,K03,shared_ridge10,13.5270846066,6.6461524398,17.0888933275,0.9000000000
2026-07-24,S09,K04,shared_ridge10,14.2336722796,8.6918272108,22.2580156653,0.9000000000
2026-07-24,S09,K05,shared_ridge10,16.4246361332,13.5814432562,21.0236456326,0.9000000000
2026-07-24,S09,K06,shared_ridge10,16.9453804359,9.7946068144,17.9376833380,0.9000000000
2026-07-24,S09,K07,shared_ridge10,18.5569133491,8.5742890458,18.5087712200,0.9000000000
2026-07-24,S09,K08,shared_ridge10,19.8159491164,13.5766874484,22.8928837423,0.9000000000
2026-07-24,S10,K01,shared_ridge10,11.0439628713,4.4035811834,16.3577960384,0.9000000000
2026-07-24,S10,K02,shared_ridge10,12.2824983602,5.1171259508,15.0972376153,0.9000000000
2026-07-24,S10,K03,shared_ridge10,14.6466498239,9.0239322445,16.6326296152,0.9000000000
2026-07-24,S10,K04,shared_ridge10,14.3034299482,9.8272465574,16.4882230696,0.9000000000
2026-07-24,S10,K05,shared_ridge10,16.4789839593,11.3263455584,20.7086166688,0.9000000000
2026-07-24,S10,K06,shared_ridge10,17.8149456532,10.8325638855,19.8295908662,0.9000000000
2026-07-24,S10,K07,shared_ridge10,19.7416959578,12.5616384855,21.5644752535,0.9000000000
2026-07-24,S10,K08,shared_ridge10,19.5569431668,11.7026585610,21.8367671582,0.9000000000
2026-07-24,S11,K01,shared_ridge10,11.5548324365,3.8424433483,14.7091434795,0.9000000000
2026-07-24,S11,K02,shared_ridge10,13.5330588311,8.2870067800,14.9405473608,0.9000000000
2026-07-24,S11,K03,shared_ridge10,14.2623208883,9.6373834125,16.2442475872,0.9000000000
2026-07-24,S11,K04,shared_ridge10,15.3795169048,10.2301474467,17.1853523084,0.9000000000
2026-07-24,S11,K05,shared_ridge10,17.3376796115,10.2950153355,22.3250991108,0.9000000000
2026-07-24,S11,K06,shared_ridge10,17.8040760880,10.5986265294,23.2822245614,0.9000000000
2026-07-24,S11,K07,shared_ridge10,20.1112611752,13.3342504436,21.0500463916,0.9000000000
2026-07-24,S11,K08,shared_ridge10,21.4814896220,13.2388405145,26.7388405145,0.9000000000
2026-07-24,S12,K01,shared_ridge10,12.2287454800,5.9271404937,14.3072732238,0.9000000000
2026-07-24,S12,K02,shared_ridge10,13.7738200622,7.1029950542,16.2680103898,0.9000000000
2026-07-24,S12,K03,shared_ridge10,14.5543286908,9.5575963432,15.1644605179,0.9000000000
2026-07-24,S12,K04,shared_ridge10,15.5534299482,9.3960349933,20.0265192472,0.9000000000
2026-07-24,S12,K05,shared_ridge10,17.2615926549,11.6019888988,21.6745256226,0.9000000000
2026-07-24,S12,K06,shared_ridge10,18.3692934793,10.0390401444,19.7008686489,0.9000000000
2026-07-24,S12,K07,shared_ridge10,20.1730843630,15.2476238480,22.4956451766,0.9000000000
2026-07-24,S12,K08,shared_ridge10,21.8510548394,17.2224867282,25.8955670105,0.9000000000
2026-07-25,S01,K01,shared_ridge10,9.5390472874,3.8800536251,14.2241342835,0.9000000000
2026-07-25,S01,K02,shared_ridge10,10.4643249390,4.9820098900,13.0612022828,0.9000000000
2026-07-25,S01,K03,shared_ridge10,11.9458599145,3.7622045708,13.7875665618,0.9000000000
2026-07-25,S01,K04,shared_ridge10,12.9590569012,7.4587865662,17.4576979050,0.9000000000
2026-07-25,S01,K05,shared_ridge10,14.7214908979,10.1017796493,16.6820679704,0.9000000000
2026-07-25,S01,K06,shared_ridge10,15.8818589666,8.5529264480,17.3967437913,0.9000000000
2026-07-25,S01,K07,shared_ridge10,17.3358808387,9.9061604649,16.7681666572,0.9000000000
2026-07-25,S01,K08,shared_ridge10,16.7361367505,10.3814877769,18.3798851430,0.9000000000
2026-07-25,S02,K01,shared_ridge10,10.3297126059,6.1277212126,12.7367429352,0.9000000000
2026-07-25,S02,K02,shared_ridge10,10.4751945042,4.3746157292,13.1437779625,0.9000000000
2026-07-25,S02,K03,shared_ridge10,12.7719468710,9.4361730105,17.7461637469,0.9000000000
2026-07-25,S02,K04,shared_ridge10,12.9699264664,5.4653980621,13.6423281670,0.9000000000
2026-07-25,S02,K05,shared_ridge10,15.7867082892,8.0578672685,16.9524135669,0.9000000000
2026-07-25,S02,K06,shared_ridge10,16.5693642615,11.2457637780,20.2956161289,0.9000000000
2026-07-25,S02,K07,shared_ridge10,17.3861475066,12.8172247934,19.0213101934,0.9000000000
2026-07-25,S02,K08,shared_ridge10,17.8883106635,11.2939196350,21.0633922213,0.9000000000
2026-07-25,S03,K01,shared_ridge10,10.2793930912,4.6436974945,11.5414031642,0.9000000000
2026-07-25,S03,K02,shared_ridge10,11.5621510259,6.2905013526,16.5637208879,0.9000000000
2026-07-25,S03,K03,shared_ridge10,13.0871642623,8.9425545300,16.3209700916,0.9000000000
2026-07-25,S03,K04,shared_ridge10,13.3829699447,5.8148859376,14.2283394240,0.9000000000
2026-07-25,S03,K05,shared_ridge10,16.6633012074,11.3234683155,18.9153068709,0.9000000000
2026-07-25,S03,K06,shared_ridge10,16.2131371424,10.4273141326,16.5349994220,0.9000000000
2026-07-25,S03,K07,shared_ridge10,18.7013648979,13.7106106008,19.0381386448,0.9000000000
2026-07-25,S03,K08,shared_ridge10,17.7578758809,10.2643237077,20.8094182688,0.9000000000
2026-07-25,S04,K01,shared_ridge10,10.8663496130,7.5580395744,12.7365304068,0.9000000000
2026-07-25,S04,K02,shared_ridge10,11.6382379825,6.9592768938,16.3380286342,0.9000000000
2026-07-25,S04,K03,shared_ridge10,13.6523816536,10.1450597396,14.7679039730,0.9000000000
2026-07-25,S04,K04,shared_ridge10,14.2851438577,8.6446439984,16.3156906710,0.9000000000
2026-07-25,S04,K05,shared_ridge10,17.2076227958,12.6716455936,18.8242664172,0.9000000000
2026-07-25,S04,K06,shared_ridge10,17.2973709780,12.6594178693,19.6426924282,0.9000000000
2026-07-25,S04,K07,shared_ridge10,18.9296257674,13.5160098814,23.8057102234,0.9000000000
2026-07-25,S04,K08,shared_ridge10,19.1491802288,12.2204743979,20.8287505419,0.9000000000
2026-07-25,S05,K01,shared_ridge10,11.4641756999,6.7985955478,15.7459147746,0.9000000000
2026-07-25,S05,K02,shared_ridge10,12.1599771129,5.5480237689,16.8379626569,0.9000000000
2026-07-25,S05,K03,shared_ridge10,13.4132512188,5.6721986469,14.2344228676,0.9000000000
2026-07-25,S05,K04,shared_ridge10,14.2588644500,7.5128751641,14.2627101485,0.9000000000
2026-07-25,S05,K05,shared_ridge10,18.0554488828,10.9925540716,18.0187522909,0.9000000000
2026-07-25,S05,K06,shared_ridge10,17.3666618088,12.9080445764,21.0275940627,0.9000000000
2026-07-25,S05,K07,shared_ridge10,19.6904953326,13.6198084443,23.7942432070,0.9000000000
2026-07-25,S05,K08,shared_ridge10,19.4752671853,14.1225239990,19.9700110282,0.9000000000
2026-07-25,S06,K01,shared_ridge10,11.1815670043,6.3046246241,14.8440900983,0.9000000000
2026-07-25,S06,K02,shared_ridge10,12.4751945042,6.5816848540,16.5882622096,0.9000000000
2026-07-25,S06,K03,shared_ridge10,14.4349903493,9.7452198287,16.8706126958,0.9000000000
2026-07-25,S06,K04,shared_ridge10,15.3429479461,7.6966411010,16.6507464894,0.9000000000
2026-07-25,S06,K05,shared_ridge10,17.4505950951,11.6184695147,19.3078629014,0.9000000000
2026-07-25,S06,K06,shared_ridge10,17.8449226784,10.8796451285,18.2184069305,0.9000000000
2026-07-25,S06,K07,shared_ridge10,20.1470170718,11.3231447756,24.7683452149,0.9000000000
2026-07-25,S06,K08,shared_ridge10,19.8013541418,13.7824363719,21.5941998016,0.9000000000
2026-07-25,S07,K01,shared_ridge10,11.7033061347,6.0050518840,16.4894981644,0.9000000000
2026-07-25,S07,K02,shared_ridge10,12.3447597216,6.2198990582,13.7589915818,0.9000000000
2026-07-25,S07,K03,shared_ridge10,14.5545555667,7.2837579977,15.9125734822,0.9000000000
2026-07-25,S07,K04,shared_ridge10,15.7251717392,10.6110008513,18.8440816953,0.9000000000
2026-07-25,S07,K05,shared_ridge10,17.9171430719,11.7925637786,19.3347218059,0.9000000000
2026-07-25,S07,K06,shared_ridge10,18.5079661566,11.4016303262,22.5897648044,0.9000000000
2026-07-25,S07,K07,shared_ridge10,21.0709301152,16.3918958996,24.2545433018,0.9000000000
2026-07-25,S07,K08,shared_ridge10,20.1817889244,11.0924325684,21.1800752262,0.9000000000
2026-07-25,S08,K01,shared_ridge10,12.5076539608,6.6658196001,19.9137169532,0.9000000000
2026-07-25,S08,K02,shared_ridge10,12.9751945042,8.0431799123,15.1583991548,0.9000000000
2026-07-25,S08,K03,shared_ridge10,15.8193192849,9.6301217874,16.5291671467,0.9000000000
2026-07-25,S08,K04,shared_ridge10,15.9128273736,10.8708170341,17.8610769286,0.9000000000
2026-07-25,S08,K05,shared_ridge10,19.2214908979,14.7519376724,22.9654239296,0.9000000000
2026-07-25,S08,K06,shared_ridge10,18.8775313740,14.0008133704,23.5017243718,0.9000000000
2026-07-25,S08,K07,shared_ridge10,21.4731040283,12.8482394064,23.4989003524,0.9000000000
2026-07-25,S08,K08,shared_ridge10,21.4970063157,13.6124130415,24.2000556992,0.9000000000
2026-07-25,S09,K01,shared_ridge10,12.6272191782,5.6436616117,13.8251906934,0.9000000000
2026-07-25,S09,K02,shared_ridge10,13.4317162433,6.1052107490,16.1050756837,0.9000000000
2026-07-25,S09,K03,shared_ridge10,15.7664419172,8.8855097504,19.3282506381,0.9000000000
2026-07-25,S09,K04,shared_ridge10,16.0849514065,10.5431063378,24.1092947922,0.9000000000
2026-07-25,S09,K05,shared_ridge10,19.3954039414,16.5522110644,23.9944134408,0.9000000000
2026-07-25,S09,K06,shared_ridge10,19.6384009392,12.4876273177,20.6307038414,0.9000000000
2026-07-25,S09,K07,shared_ridge10,21.5491909848,11.5665666815,21.5010488556,0.9000000000
2026-07-25,S09,K08,shared_ridge10,22.1383106635,15.8990489956,25.2152452894,0.9000000000
2026-07-25,S10,K01,shared_ridge10,12.3880887434,5.7477070555,17.7019219105,0.9000000000
2026-07-25,S10,K02,shared_ridge10,13.7097055545,6.5443331451,16.5244448096,0.9000000000
2026-07-25,S10,K03,shared_ridge10,16.8860071346,11.2632895552,18.8719869259,0.9000000000
2026-07-25,S10,K04,shared_ridge10,16.1547090751,11.6785256843,18.3395021966,0.9000000000
2026-07-25,S10,K05,shared_ridge10,19.4497517675,14.2971133666,23.6793844770,0.9000000000
2026-07-25,S10,K06,shared_ridge10,20.5079661566,13.5255843889,22.5226113696,0.9000000000
2026-07-25,S10,K07,shared_ridge10,22.7339735935,15.5539161212,24.5567528892,0.9000000000
2026-07-25,S10,K08,shared_ridge10,22.4650310318,14.6107464260,24.7448550232,0.9000000000
2026-07-25,S11,K01,shared_ridge10,12.8989583086,5.1865692204,16.0532693516,0.9000000000
2026-07-25,S11,K02,shared_ridge10,14.9602660254,9.7142139743,16.3677545552,0.9000000000
2026-07-25,S11,K03,shared_ridge10,16.5016781990,11.8767407232,18.4836048979,0.9000000000
2026-07-25,S11,K04,shared_ridge10,17.2307960317,12.0814265735,19.0366314354,0.9000000000
2026-07-25,S11,K05,shared_ridge10,20.3084474197,13.2657831436,25.2958669190,0.9000000000
2026-07-25,S11,K06,shared_ridge10,20.4970965914,13.2916470328,25.9752450648,0.9000000000
2026-07-25,S11,K07,shared_ridge10,23.1035388109,16.3265280793,24.0423240274,0.9000000000
2026-07-25,S11,K08,shared_ridge10,23.8038511691,15.5612020616,29.0612020616,0.9000000000
2026-07-25,S12,K01,shared_ridge10,13.5728713521,7.2712663658,15.6513990959,0.9000000000
2026-07-25,S12,K02,shared_ridge10,15.2010272565,8.5302022486,17.6952175841,0.9000000000
2026-07-25,S12,K03,shared_ridge10,16.7936860014,11.7969536538,17.4038178285,0.9000000000
2026-07-25,S12,K04,shared_ridge10,17.4047090751,11.2473141202,21.8777983741,0.9000000000
2026-07-25,S12,K05,shared_ridge10,20.2323604632,14.5727567072,24.6452934309,0.9000000000
2026-07-25,S12,K06,shared_ridge10,21.0623139827,12.7320606478,22.3938891523,0.9000000000
2026-07-25,S12,K07,shared_ridge10,23.1653619987,18.2399014837,25.4879228122,0.9000000000
2026-07-25,S12,K08,shared_ridge10,24.1734163865,19.5448482753,28.2179285576,0.9000000000
2026-07-26,S01,K01,shared_ridge10,9.8612861163,4.2022924540,14.5463731124,0.9000000000
2026-07-26,S01,K02,shared_ridge10,10.5511101633,5.0687951143,13.1479875070,0.9000000000
2026-07-26,S01,K03,shared_ridge10,11.5479751331,3.3643197894,13.3896817804,0.9000000000
2026-07-26,S01,K04,shared_ridge10,13.1750411513,7.6747708162,17.6736821552,0.9000000000
2026-07-26,S01,K05,shared_ridge10,14.3441003996,9.7243891510,16.3046774722,0.9000000000
2026-07-26,S01,K06,shared_ridge10,15.7364101887,8.4074776701,17.2512950134,0.9000000000
2026-07-26,S01,K07,shared_ridge10,17.4190675653,9.9893471915,16.8513533838,0.9000000000
2026-07-26,S01,K08,shared_ridge10,17.5016334992,11.1469845256,19.1453818917,0.9000000000
2026-07-26,S02,K01,shared_ridge10,10.6519514348,6.4499600415,13.0589817642,0.9000000000
2026-07-26,S02,K02,shared_ridge10,10.5619797286,4.4614009537,13.2305631869,0.9000000000
2026-07-26,S02,K03,shared_ridge10,12.3740620897,9.0382882292,17.3482789656,0.9000000000
2026-07-26,S02,K04,shared_ridge10,13.1859107165,5.6813823122,13.8583124170,0.9000000000
2026-07-26,S02,K05,shared_ridge10,15.4093177909,7.6804767702,16.5750230686,0.9000000000
2026-07-26,S02,K06,shared_ridge10,16.4239154836,11.1003150001,20.1501673510,0.9000000000
2026-07-26,S02,K07,shared_ridge10,17.4693342331,12.9004115198,19.1044969198,0.9000000000
2026-07-26,S02,K08,shared_ridge10,18.6538074123,12.0594163838,21.8288889701,0.9000000000
2026-07-26,S03,K01,shared_ridge10,10.6016319201,4.9659363234,11.8636419931,0.9000000000
2026-07-26,S03,K02,shared_ridge10,11.6489362503,6.3772865770,16.6505061123,0.9000000000
2026-07-26,S03,K03,shared_ridge10,12.6892794810,8.5446697488,15.9230853104,0.9000000000
2026-07-26,S03,K04,shared_ridge10,13.5989541948,6.0308701877,14.4443236742,0.9000000000
2026-07-26,S03,K05,shared_ridge10,16.2859107091,10.9460778172,18.5379163727,0.9000000000
2026-07-26,S03,K06,shared_ridge10,16.0676883645,10.2818653547,16.3895506441,0.9000000000
2026-07-26,S03,K07,shared_ridge10,18.7845516245,13.7937973274,19.1213253714,0.9000000000
2026-07-26,S03,K08,shared_ridge10,18.5233726297,11.0298204565,21.5749150176,0.9000000000
2026-07-26,S04,K01,shared_ridge10,11.1885884419,7.8802784033,13.0587692356,0.9000000000
2026-07-26,S04,K02,shared_ridge10,11.7250232068,7.0460621181,16.4248138584,0.9000000000
2026-07-26,S04,K03,shared_ridge10,13.2544968723,9.7471749583,14.3700191917,0.9000000000
2026-07-26,S04,K04,shared_ridge10,14.5011281078,8.8606282484,16.5316749211,0.9000000000
2026-07-26,S04,K05,shared_ridge10,16.8302322975,12.2942550954,18.4468759189,0.9000000000
2026-07-26,S04,K06,shared_ridge10,17.1519222001,12.5139690914,19.4972436504,0.9000000000
2026-07-26,S04,K07,shared_ridge10,19.0128124940,13.5991966080,23.8888969500,0.9000000000
2026-07-26,S04,K08,shared_ridge10,19.9146769775,12.9859711466,21.5942472906,0.9000000000
2026-07-26,S05,K01,shared_ridge10,11.7864145288,7.1208343767,16.0681536035,0.9000000000
2026-07-26,S05,K02,shared_ridge10,12.2467623373,5.6348089933,16.9247478814,0.9000000000
2026-07-26,S05,K03,shared_ridge10,13.0153664375,5.2743138657,13.8365380864,0.9000000000
2026-07-26,S05,K04,shared_ridge10,15.0571431856,8.3111538997,15.0609888841,0.9000000000
2026-07-26,S05,K05,shared_ridge10,17.1392653157,10.0763705046,17.1025687238,0.9000000000
2026-07-26,S05,K06,shared_ridge10,17.2212130309,12.7625957985,20.8821452848,0.9000000000
2026-07-26,S05,K07,shared_ridge10,19.7736820592,13.7029951709,23.8774299336,0.9000000000
2026-07-26,S05,K08,shared_ridge10,20.2407639340,14.8880207476,20.7355077770,0.9000000000
2026-07-26,S06,K01,shared_ridge10,11.5038058332,6.6268634530,15.1663289272,0.9000000000
2026-07-26,S06,K02,shared_ridge10,12.5619797286,6.6684700785,16.6750474340,0.9000000000
2026-07-26,S06,K03,shared_ridge10,14.0371055679,9.3473350473,16.4727279144,0.9000000000
2026-07-26,S06,K04,shared_ridge10,15.5589321962,7.9126253512,16.8667307395,0.9000000000
2026-07-26,S06,K05,shared_ridge10,17.0732045968,11.2410790164,18.9304724032,0.9000000000
2026-07-26,S06,K06,shared_ridge10,17.6994739005,10.7341963506,18.0729581526,0.9000000000
2026-07-26,S06,K07,shared_ridge10,20.2302037984,11.4063315022,24.8515319415,0.9000000000
2026-07-26,S06,K08,shared_ridge10,20.5668508905,14.5479331206,22.3596965503,0.9000000000
2026-07-26,S07,K01,shared_ridge10,12.0255449636,6.3272907130,16.8117369932,0.9000000000
2026-07-26,S07,K02,shared_ridge10,12.4315449460,6.3066842826,13.8457768062,0.9000000000
2026-07-26,S07,K03,shared_ridge10,14.1566707853,6.8858732163,15.5146887008,0.9000000000
2026-07-26,S07,K04,shared_ridge10,15.9411559893,10.8269851014,19.0600659454,0.9000000000
2026-07-26,S07,K05,shared_ridge10,17.5397525735,11.4151732802,18.9573313074,0.9000000000
2026-07-26,S07,K06,shared_ridge10,18.3625173788,11.2561815484,22.4443160266,0.9000000000
2026-07-26,S07,K07,shared_ridge10,21.1541168418,16.4750826262,24.3377300285,0.9000000000
2026-07-26,S07,K08,shared_ridge10,20.9472856731,11.8579293172,21.9455719749,0.9000000000
2026-07-26,S08,K01,shared_ridge10,12.8298927897,6.9880584290,20.2359557821,0.9000000000
2026-07-26,S08,K02,shared_ridge10,13.0619797286,8.1299651367,15.2451843792,0.9000000000
2026-07-26,S08,K03,shared_ridge10,15.4214345036,9.2322370060,16.1312823654,0.9000000000
2026-07-26,S08,K04,shared_ridge10,16.1288116237,11.0868012842,18.0770611787,0.9000000000
2026-07-26,S08,K05,shared_ridge10,18.8441003996,14.3745471740,22.5880334314,0.9000000000
2026-07-26,S08,K06,shared_ridge10,18.7320825962,13.8553645926,23.3562755940,0.9000000000
2026-07-26,S08,K07,shared_ridge10,21.5562907549,12.9314261330,23.5820870791,0.9000000000
2026-07-26,S08,K08,shared_ridge10,22.2625030644,14.3779097902,24.9655524480,0.9000000000
2026-07-26,S09,K01,shared_ridge10,12.9494580071,5.9659004406,14.1474295222,0.9000000000
2026-07-26,S09,K02,shared_ridge10,13.5185014677,6.1919959734,16.1918609081,0.9000000000
2026-07-26,S09,K03,shared_ridge10,15.3685571359,8.4876249690,18.9303658568,0.9000000000
2026-07-26,S09,K04,shared_ridge10,16.3009356566,10.7590905878,24.3252790423,0.9000000000
2026-07-26,S09,K05,shared_ridge10,19.0180134431,16.1748205661,23.6170229424,0.9000000000
2026-07-26,S09,K06,shared_ridge10,19.4929521614,12.3421785399,20.4852550636,0.9000000000
2026-07-26,S09,K07,shared_ridge10,21.6323777114,11.6497534081,21.5842355823,0.9000000000
2026-07-26,S09,K08,shared_ridge10,22.9038074123,16.6645457444,25.9807420382,0.9000000000
2026-07-26,S10,K01,shared_ridge10,12.7103275723,6.0699458844,18.0241607394,0.9000000000
2026-07-26,S10,K02,shared_ridge10,14.3715074100,7.2061350006,17.1862466651,0.9000000000
2026-07-26,S10,K03,shared_ridge10,15.9204812673,10.2977636879,17.9064610586,0.9000000000
2026-07-26,S10,K04,shared_ridge10,16.3706933252,11.8945099344,18.5554864466,0.9000000000
2026-07-26,S10,K05,shared_ridge10,19.0723612692,13.9197228683,23.3019939787,0.9000000000
2026-07-26,S10,K06,shared_ridge10,20.3625173788,13.3801356111,22.3771625918,0.9000000000
2026-07-26,S10,K07,shared_ridge10,22.8171603201,15.6371028478,24.6399396158,0.9000000000
2026-07-26,S10,K08,shared_ridge10,23.2305277805,15.3762431747,25.5103517718,0.9000000000
2026-07-26,S11,K01,shared_ridge10,13.2211971375,5.5088080493,16.3755081805,0.9000000000
2026-07-26,S11,K02,shared_ridge10,15.0470512498,9.8009991988,16.4545397796,0.9000000000
2026-07-26,S11,K03,shared_ridge10,16.1037934176,11.4788559418,18.0857201165,0.9000000000
2026-07-26,S11,K04,shared_ridge10,17.4467802817,12.2974108236,19.2526156854,0.9000000000
2026-07-26,S11,K05,shared_ridge10,19.9310569214,12.8883926454,24.9184764207,0.9000000000
2026-07-26,S11,K06,shared_ridge10,20.3516478136,13.1461982550,25.8297962870,0.9000000000
2026-07-26,S11,K07,shared_ridge10,23.1867255375,16.4097148058,24.1255107540,0.9000000000
2026-07-26,S11,K08,shared_ridge10,24.5693479178,16.3266988103,29.8266988103,0.9000000000
2026-07-26,S12,K01,shared_ridge10,13.8951101810,7.5935051946,15.9736379248,0.9000000000
2026-07-26,S12,K02,shared_ridge10,15.2878124809,8.6169874729,17.7820028085,0.9000000000
2026-07-26,S12,K03,shared_ridge10,16.3958012201,11.3990688725,17.0059330472,0.9000000000
2026-07-26,S12,K04,shared_ridge10,17.6206933252,11.4632983703,22.0937826242,0.9000000000
2026-07-26,S12,K05,shared_ridge10,19.8549699648,14.1953662088,24.2679029325,0.9000000000
2026-07-26,S12,K06,shared_ridge10,20.9168652049,12.5866118700,22.2484403745,0.9000000000
2026-07-26,S12,K07,shared_ridge10,23.9362820056,19.0108214906,26.2588428191,0.9000000000
2026-07-26,S12,K08,shared_ridge10,24.3531868174,19.7246187062,28.3976989884,0.9000000000
2026-07-27,S01,K01,shared_ridge10,7.7939145556,2.1349208933,12.4790015516,0.9000000000
2026-07-27,S01,K02,shared_ridge10,8.0033171417,2.5210020927,10.6001944854,0.9000000000
2026-07-27,S01,K03,shared_ridge10,9.3364729703,1.2968037497,11.1781796176,0.9000000000
2026-07-27,S01,K04,shared_ridge10,10.4456858268,4.9454154918,14.9443268306,0.9000000000
2026-07-27,S01,K05,shared_ridge10,11.4507280381,6.8310167895,13.4113051106,0.9000000000
2026-07-27,S01,K06,shared_ridge10,12.6607634425,5.3318309239,14.1756482672,0.9000000000
2026-07-27,S01,K07,shared_ridge10,13.9482785340,6.5185581602,13.3805643526,0.9000000000
2026-07-27,S01,K08,shared_ridge10,14.1345700293,7.7799210557,15.7783184218,0.9000000000
2026-07-27,S02,K01,shared_ridge10,8.5845798741,4.3825884808,10.9916102034,0.9000000000
2026-07-27,S02,K02,shared_ridge10,8.0141867069,1.9136079320,10.6827701652,0.9000000000
2026-07-27,S02,K03,shared_ridge10,10.1625599269,6.8267860664,15.1367768028,0.9000000000
2026-07-27,S02,K04,shared_ridge10,10.4565553920,2.9520269877,11.1289570926,0.9000000000
2026-07-27,S02,K05,shared_ridge10,13.0547384982,5.3258974775,14.2204437759,0.9000000000
2026-07-27,S02,K06,shared_ridge10,12.7230251741,7.3994246906,16.4492770416,0.9000000000
2026-07-27,S02,K07,shared_ridge10,13.9985452018,9.4296224886,15.6337078886,0.9000000000
2026-07-27,S02,K08,shared_ridge10,15.2867439423,8.6923529138,18.4618255000,0.9000000000
2026-07-27,S03,K01,shared_ridge10,8.5342603594,2.8985647627,9.7962704323,0.9000000000
2026-07-27,S03,K02,shared_ridge10,9.1011432286,3.8294935552,14.1027130906,0.9000000000
2026-07-27,S03,K03,shared_ridge10,10.4777773182,6.3331675860,13.7115831476,0.9000000000
2026-07-27,S03,K04,shared_ridge10,10.8695988703,3.3015148632,11.7149683496,0.9000000000
2026-07-27,S03,K05,shared_ridge10,13.3925383476,8.0527054557,15.6445440112,0.9000000000
2026-07-27,S03,K06,shared_ridge10,12.9920416183,7.2062186084,13.3139038979,0.9000000000
2026-07-27,S03,K07,shared_ridge10,15.3137625931,10.3230082960,15.6505363400,0.9000000000
2026-07-27,S03,K08,shared_ridge10,15.1563091597,7.6627569866,18.2078515477,0.9000000000
2026-07-27,S04,K01,shared_ridge10,9.1212168812,5.8129068426,10.9913976750,0.9000000000
2026-07-27,S04,K02,shared_ridge10,9.1772301851,4.4982690965,13.8770208368,0.9000000000
2026-07-27,S04,K03,shared_ridge10,11.0429947095,7.5356727955,12.1585170288,0.9000000000
2026-07-27,S04,K04,shared_ridge10,11.7717727833,6.1312729240,13.8023195966,0.9000000000
2026-07-27,S04,K05,shared_ridge10,13.9368599360,9.4008827338,15.5535035574,0.9000000000
2026-07-27,S04,K06,shared_ridge10,14.0762754539,9.4383223452,16.4215969042,0.9000000000
2026-07-27,S04,K07,shared_ridge10,15.5420234627,10.1284075767,20.4181079188,0.9000000000
2026-07-27,S04,K08,shared_ridge10,16.5476135075,9.6189076766,18.2271838206,0.9000000000
2026-07-27,S05,K01,shared_ridge10,9.7190429681,5.0534628160,14.0007820428,0.9000000000
2026-07-27,S05,K02,shared_ridge10,9.6989693156,3.0870159716,14.3769548596,0.9000000000
2026-07-27,S05,K03,shared_ridge10,10.8038642747,3.0628117029,11.6250359236,0.9000000000
2026-07-27,S05,K04,shared_ridge10,12.3277878611,5.5817985752,12.3316335596,0.9000000000
2026-07-27,S05,K05,shared_ridge10,14.2458929541,7.1829981430,14.2091963622,0.9000000000
2026-07-27,S05,K06,shared_ridge10,14.1455662847,9.6869490523,17.8064985386,0.9000000000
2026-07-27,S05,K07,shared_ridge10,16.3028930279,10.2322061396,20.4066409023,0.9000000000
2026-07-27,S05,K08,shared_ridge10,16.8737004640,11.5209572776,17.3684443069,0.9000000000
2026-07-27,S06,K01,shared_ridge10,9.4364342725,4.5594918923,13.0989573665,0.9000000000
2026-07-27,S06,K02,shared_ridge10,10.0141867069,4.1206770568,14.1272544123,0.9000000000
2026-07-27,S06,K03,shared_ridge10,11.8256034051,7.1358328845,14.2612257516,0.9000000000
2026-07-27,S06,K04,shared_ridge10,12.8295768717,5.1832700266,14.1373754150,0.9000000000
2026-07-27,S06,K05,shared_ridge10,14.1798322353,8.3477066549,16.0371000416,0.9000000000
2026-07-27,S06,K06,shared_ridge10,14.6238271543,7.6585496044,14.9973114064,0.9000000000
2026-07-27,S06,K07,shared_ridge10,16.7594147670,7.9355424707,21.3807429101,0.9000000000
2026-07-27,S06,K08,shared_ridge10,17.1997874206,11.1808696507,18.9926330804,0.9000000000
2026-07-27,S07,K01,shared_ridge10,9.9581734029,4.2599191522,14.7443654326,0.9000000000
2026-07-27,S07,K02,shared_ridge10,9.8837519243,3.7588912609,11.2979837846,0.9000000000
2026-07-27,S07,K03,shared_ridge10,12.5128097085,5.2420121395,13.8708276240,0.9000000000
2026-07-27,S07,K04,shared_ridge10,12.6295061793,7.5153352914,15.7484161354,0.9000000000
2026-07-27,S07,K05,shared_ridge10,14.6463802120,8.5218009187,16.0639589460,0.9000000000
2026-07-27,S07,K06,shared_ridge10,15.2868706326,8.1805348022,19.3686692804,0.9000000000
2026-07-27,S07,K07,shared_ridge10,17.6833278105,13.0042935949,20.8669409972,0.9000000000
2026-07-27,S07,K08,shared_ridge10,17.5802222032,8.4908658473,18.5785085050,0.9000000000
2026-07-27,S08,K01,shared_ridge10,10.7625212290,4.9206868683,18.1685842214,0.9000000000
2026-07-27,S08,K02,shared_ridge10,10.5141867069,5.5821721150,12.6973913575,0.9000000000
2026-07-27,S08,K03,shared_ridge10,13.2099323408,7.0207348432,13.9197802026,0.9000000000
2026-07-27,S08,K04,shared_ridge10,13.3994562992,8.3574459597,15.3477058542,0.9000000000
2026-07-27,S08,K05,shared_ridge10,15.9507280381,11.4811748126,19.6946610698,0.9000000000
2026-07-27,S08,K06,shared_ridge10,15.6564358500,10.7797178464,20.2806288478,0.9000000000
2026-07-27,S08,K07,shared_ridge10,18.0855017236,9.4606371016,20.1112980478,0.9000000000
2026-07-27,S08,K08,shared_ridge10,18.8954395945,11.0108463204,21.5984889780,0.9000000000
2026-07-27,S09,K01,shared_ridge10,10.8820864464,3.8985288799,12.0800579616,0.9000000000
2026-07-27,S09,K02,shared_ridge10,10.9707084460,3.6442029516,13.6440678864,0.9000000000
2026-07-27,S09,K03,shared_ridge10,13.1570549731,6.2761228062,16.7188636940,0.9000000000
2026-07-27,S09,K04,shared_ridge10,13.5715803321,8.0297352633,21.5959237178,0.9000000000
2026-07-27,S09,K05,shared_ridge10,16.1246410816,13.2814482046,20.7236505810,0.9000000000
2026-07-27,S09,K06,shared_ridge10,16.4173054152,9.2665317937,17.4096083174,0.9000000000
2026-07-27,S09,K07,shared_ridge10,18.1615886801,8.1789643768,18.1134465510,0.9000000000
2026-07-27,S09,K08,shared_ridge10,20.1224702601,13.8832085921,23.1994048860,0.9000000000
2026-07-27,S10,K01,shared_ridge10,10.6429560116,4.0025743237,15.9567891787,0.9000000000
2026-07-27,S10,K02,shared_ridge10,11.8237143883,4.6583419790,14.6384536434,0.9000000000
2026-07-27,S10,K03,shared_ridge10,13.7089791045,8.0862615251,15.6949588958,0.9000000000
2026-07-27,S10,K04,shared_ridge10,13.6413380007,9.1651546099,15.8261311222,0.9000000000
2026-07-27,S10,K05,shared_ridge10,16.1789889077,11.0263505068,20.4086216172,0.9000000000
2026-07-27,S10,K06,shared_ridge10,17.2868706326,10.3044888649,19.3015158456,0.9000000000
2026-07-27,S10,K07,shared_ridge10,19.3463712888,12.1663138165,21.1691505845,0.9000000000
2026-07-27,S10,K08,shared_ridge10,19.8634643105,12.0091797047,22.1432883018,0.9000000000
2026-07-27,S11,K01,shared_ridge10,11.1538255768,3.4414364886,14.3081366198,0.9000000000
2026-07-27,S11,K02,shared_ridge10,12.4992582281,7.2532061770,13.9067467578,0.9000000000
2026-07-27,S11,K03,shared_ridge10,13.8922912548,9.2673537790,15.8742179537,0.9000000000
2026-07-27,S11,K04,shared_ridge10,14.7174249572,9.5680554990,16.5232603609,0.9000000000
2026-07-27,S11,K05,shared_ridge10,17.0376845598,9.9950202838,22.0251040591,0.9000000000
2026-07-27,S11,K06,shared_ridge10,17.2760010673,10.0705515087,22.7541495408,0.9000000000
2026-07-27,S11,K07,shared_ridge10,19.7159365062,12.9389257745,20.6547217226,0.9000000000
2026-07-27,S11,K08,shared_ridge10,21.2022844479,12.9596353404,26.4596353404,0.9000000000
2026-07-27,S12,K01,shared_ridge10,12.4571339694,6.1555289830,14.5356617132,0.9000000000
2026-07-27,S12,K02,shared_ridge10,12.1650028281,5.4941778202,14.6591931557,0.9000000000
2026-07-27,S12,K03,shared_ridge10,14.1842990573,9.1875667097,14.7944308844,0.9000000000
2026-07-27,S12,K04,shared_ridge10,14.8913380007,8.7339430458,19.3644272997,0.9000000000
2026-07-27,S12,K05,shared_ridge10,16.9615976033,11.3019938472,21.3745305710,0.9000000000
2026-07-27,S12,K06,shared_ridge10,17.8412184587,9.5109651238,19.1727936283,0.9000000000
2026-07-27,S12,K07,shared_ridge10,20.4654929743,15.5400324593,22.7880537878,0.9000000000
2026-07-27,S12,K08,shared_ridge10,20.9861233474,16.3575552362,25.0306355184,0.9000000000
2026-07-28,S01,K01,shared_ridge10,7.4670546773,1.8080610150,12.1521416734,0.9000000000
2026-07-28,S01,K02,shared_ridge10,7.6437346419,2.1614195929,10.2406119856,0.9000000000
2026-07-28,S01,K03,shared_ridge10,9.2696079606,1.2633712448,11.1113146079,0.9000000000
2026-07-28,S01,K04,shared_ridge10,10.3564213641,4.8561510290,14.8550623680,0.9000000000
2026-07-28,S01,K05,shared_ridge10,11.0724973493,6.4527861007,13.0330744219,0.9000000000
2026-07-28,S01,K06,shared_ridge10,12.6113157048,5.2823831862,14.1262005296,0.9000000000
2026-07-28,S01,K07,shared_ridge10,13.7248735093,6.2951531355,13.1571593278,0.9000000000
2026-07-28,S01,K08,shared_ridge10,14.1391815664,7.7845325928,15.7829299589,0.9000000000
2026-07-28,S02,K01,shared_ridge10,8.2577199958,4.0557286025,10.6647503252,0.9000000000
2026-07-28,S02,K02,shared_ridge10,7.6546042071,1.5540254322,10.3231876654,0.9000000000
2026-07-28,S02,K03,shared_ridge10,10.0956949171,6.7599210566,15.0699117929,0.9000000000
2026-07-28,S02,K04,shared_ridge10,10.3672909293,2.8627625250,11.0396926298,0.9000000000
2026-07-28,S02,K05,shared_ridge10,12.6765078095,4.9476667888,13.8422130872,0.9000000000
2026-07-28,S02,K06,shared_ridge10,12.6735774363,7.3499769528,16.3998293038,0.9000000000
2026-07-28,S02,K07,shared_ridge10,13.7751401771,9.2062174639,15.4103028638,0.9000000000
2026-07-28,S02,K08,shared_ridge10,15.2913554795,8.6969644510,18.4664370373,0.9000000000
2026-07-28,S03,K01,shared_ridge10,8.2074004811,2.5717048844,9.4694105540,0.9000000000
2026-07-28,S03,K02,shared_ridge10,8.7415607288,3.4699110554,13.7431305908,0.9000000000
2026-07-28,S03,K03,shared_ridge10,10.4109123084,6.2663025762,13.6447181378,0.9000000000
2026-07-28,S03,K04,shared_ridge10,10.7803344075,3.2122504004,11.6257038868,0.9000000000
2026-07-28,S03,K05,shared_ridge10,13.0143076588,7.6744747669,15.2663133224,0.9000000000
2026-07-28,S03,K06,shared_ridge10,12.9425938806,7.1567708708,13.2644561602,0.9000000000
2026-07-28,S03,K07,shared_ridge10,15.0903575684,10.0996032712,15.4271313152,0.9000000000
2026-07-28,S03,K08,shared_ridge10,15.1609206969,7.6673685238,18.2124630848,0.9000000000
2026-07-28,S04,K01,shared_ridge10,8.7943570029,5.4860469643,10.6645377966,0.9000000000
2026-07-28,S04,K02,shared_ridge10,8.8176476853,4.1386865967,13.5174383370,0.9000000000
2026-07-28,S04,K03,shared_ridge10,10.9761296997,7.4688077856,12.0916520190,0.9000000000
2026-07-28,S04,K04,shared_ridge10,12.2648028061,6.6243029468,14.2953496194,0.9000000000
2026-07-28,S04,K05,shared_ridge10,13.0198361784,8.4838589763,14.6364797998,0.9000000000
2026-07-28,S04,K06,shared_ridge10,14.0268277162,9.3888746075,16.3721491664,0.9000000000
2026-07-28,S04,K07,shared_ridge10,15.3186184380,9.9050025520,20.1947028940,0.9000000000
2026-07-28,S04,K08,shared_ridge10,16.5522250447,9.6235192138,18.2317953578,0.9000000000
2026-07-28,S05,K01,shared_ridge10,9.3921830898,4.7266029377,13.6739221646,0.9000000000
2026-07-28,S05,K02,shared_ridge10,9.3393868158,2.7274334718,14.0173723598,0.9000000000
2026-07-28,S05,K03,shared_ridge10,10.7369992649,2.9959466930,11.5581709138,0.9000000000
2026-07-28,S05,K04,shared_ridge10,12.2385233984,5.4925341125,12.2423690969,0.9000000000
2026-07-28,S05,K05,shared_ridge10,13.8676622654,6.8047674542,13.8309656735,0.9000000000
2026-07-28,S05,K06,shared_ridge10,14.0961185470,9.6375013146,17.7570508009,0.9000000000
2026-07-28,S05,K07,shared_ridge10,16.0794880032,10.0088011149,20.1832358776,0.9000000000
2026-07-28,S05,K08,shared_ridge10,16.8783120012,11.5255688148,17.3730558442,0.9000000000
2026-07-28,S06,K01,shared_ridge10,9.1095743942,4.2326320140,12.7720974882,0.9000000000
2026-07-28,S06,K02,shared_ridge10,9.6546042071,3.7610945570,13.7676719125,0.9000000000
2026-07-28,S06,K03,shared_ridge10,11.7587383954,7.0689678748,14.1943607419,0.9000000000
2026-07-28,S06,K04,shared_ridge10,12.7403124089,5.0940055638,14.0481109522,0.9000000000
2026-07-28,S06,K05,shared_ridge10,13.8016015465,7.9694759662,15.6588693528,0.9000000000
2026-07-28,S06,K06,shared_ridge10,14.5743794166,7.6091018667,14.9478636687,0.9000000000
2026-07-28,S06,K07,shared_ridge10,16.5360097423,7.7121374460,21.1573378854,0.9000000000
2026-07-28,S06,K08,shared_ridge10,17.2043989578,11.1854811878,18.9972446176,0.9000000000
2026-07-28,S07,K01,shared_ridge10,9.6313135246,3.9330592740,14.4175055542,0.9000000000
2026-07-28,S07,K02,shared_ridge10,9.5241694245,3.3993087611,10.9384012848,0.9000000000
2026-07-28,S07,K03,shared_ridge10,12.4459446987,5.1751471297,13.8039626142,0.9000000000
2026-07-28,S07,K04,shared_ridge10,12.5402417165,7.4260708286,15.6591516726,0.9000000000
2026-07-28,S07,K05,shared_ridge10,14.2681495233,8.1435702300,15.6857282572,0.9000000000
2026-07-28,S07,K06,shared_ridge10,15.2374228948,8.1310870644,19.3192215426,0.9000000000
2026-07-28,S07,K07,shared_ridge10,17.4599227858,12.7808885702,20.6435359725,0.9000000000
2026-07-28,S07,K08,shared_ridge10,17.5848337404,8.4954773844,18.5831200422,0.9000000000
2026-07-28,S08,K01,shared_ridge10,10.4356613507,4.5938269900,17.8417243431,0.9000000000
2026-07-28,S08,K02,shared_ridge10,10.1546042071,5.2225896152,12.3378088577,0.9000000000
2026-07-28,S08,K03,shared_ridge10,13.1430673310,6.9538698334,13.8529151928,0.9000000000
2026-07-28,S08,K04,shared_ridge10,13.3101918364,8.2681814969,15.2584413914,0.9000000000
2026-07-28,S08,K05,shared_ridge10,15.5724973493,11.1029441238,19.3164303810,0.9000000000
2026-07-28,S08,K06,shared_ridge10,15.6069881122,10.7302701086,20.2311811100,0.9000000000
2026-07-28,S08,K07,shared_ridge10,17.8620966989,9.2372320770,19.8878930230,0.9000000000
2026-07-28,S08,K08,shared_ridge10,18.9000511317,11.0154578576,21.6031005152,0.9000000000
2026-07-28,S09,K01,shared_ridge10,10.5552265681,3.5716690016,11.7531980832,0.9000000000
2026-07-28,S09,K02,shared_ridge10,11.1861425773,3.8596370830,13.8595020177,0.9000000000
2026-07-28,S09,K03,shared_ridge10,12.5225488774,5.6416167106,16.0843575983,0.9000000000
2026-07-28,S09,K04,shared_ridge10,13.4823158693,7.9404708006,21.5066592550,0.9000000000
2026-07-28,S09,K05,shared_ridge10,15.7464103928,12.9032175158,20.3454198921,0.9000000000
2026-07-28,S09,K06,shared_ridge10,16.3678576774,9.2170840559,17.3601605796,0.9000000000
2026-07-28,S09,K07,shared_ridge10,17.9381836554,7.9555593521,17.8900415263,0.9000000000
2026-07-28,S09,K08,shared_ridge10,20.1270817973,13.8878201294,23.2040164232,0.9000000000
2026-07-28,S10,K01,shared_ridge10,10.3160961333,3.6757144454,15.6299293004,0.9000000000
2026-07-28,S10,K02,shared_ridge10,11.4641318885,4.2987594792,14.2788711436,0.9000000000
2026-07-28,S10,K03,shared_ridge10,13.6421140948,8.0193965154,15.6280938862,0.9000000000
2026-07-28,S10,K04,shared_ridge10,13.5520735380,9.0758901472,15.7368666594,0.9000000000
2026-07-28,S10,K05,shared_ridge10,15.8007582189,10.6481198180,20.0303909284,0.9000000000
2026-07-28,S10,K06,shared_ridge10,17.2374228948,10.2550411271,19.2520681078,0.9000000000
2026-07-28,S10,K07,shared_ridge10,19.1229662641,11.9429087918,20.9457455598,0.9000000000
2026-07-28,S10,K08,shared_ridge10,19.8680758477,12.0137912419,22.1478998390,0.9000000000
2026-07-28,S11,K01,shared_ridge10,10.8269656985,3.1145766103,13.9812767415,0.9000000000
2026-07-28,S11,K02,shared_ridge10,12.1396757283,6.8936236772,13.5471642580,0.9000000000
2026-07-28,S11,K03,shared_ridge10,13.8254262451,9.2004887693,15.8073529440,0.9000000000
2026-07-28,S11,K04,shared_ridge10,14.6281604945,9.4787910364,16.4339958982,0.9000000000
2026-07-28,S11,K05,shared_ridge10,16.6594538711,9.6167895950,21.6468733704,0.9000000000
2026-07-28,S11,K06,shared_ridge10,17.2265533296,10.0211037710,22.7047018030,0.9000000000
2026-07-28,S11,K07,shared_ridge10,20.1802647618,13.4032540302,21.1190499782,0.9000000000
2026-07-28,S11,K08,shared_ridge10,20.6211696672,12.3785205597,25.8785205597,0.9000000000
2026-07-28,S12,K01,shared_ridge10,12.1302740911,5.8286691048,14.2088018349,0.9000000000
2026-07-28,S12,K02,shared_ridge10,11.8054203283,5.1345953204,14.2996106559,0.9000000000
2026-07-28,S12,K03,shared_ridge10,14.1174340475,9.1207016999,14.7275658746,0.9000000000
2026-07-28,S12,K04,shared_ridge10,14.8020735380,8.6446785831,19.2751628370,0.9000000000
2026-07-28,S12,K05,shared_ridge10,16.5833669146,10.9237631585,20.9962998823,0.9000000000
2026-07-28,S12,K06,shared_ridge10,17.7917707209,9.4615173860,19.1233458905,0.9000000000
2026-07-28,S12,K07,shared_ridge10,20.2420879496,15.3166274346,22.5646487631,0.9000000000
2026-07-28,S12,K08,shared_ridge10,20.9907348846,16.3621667734,25.0352470556,0.9000000000
2026-07-29,S01,K01,shared_ridge10,7.0874231207,1.4284294584,11.7725101168,0.9000000000
2026-07-29,S01,K02,shared_ridge10,7.8537770125,2.3714619635,10.4506543562,0.9000000000
2026-07-29,S01,K03,shared_ridge10,8.9733530872,1.1152438081,10.8150597345,0.9000000000
2026-07-29,S01,K04,shared_ridge10,10.0234473301,4.5231769950,14.5220883340,0.9000000000
2026-07-29,S01,K05,shared_ridge10,11.5486114152,6.9289001666,13.5091884878,0.9000000000
2026-07-29,S01,K06,shared_ridge10,11.3338922581,4.0049597395,12.8487770828,0.9000000000
2026-07-29,S01,K07,shared_ridge10,13.6208720016,6.1911516278,13.0531578202,0.9000000000
2026-07-29,S01,K08,shared_ridge10,13.8604102105,7.5057612369,15.5041586030,0.9000000000
2026-07-29,S02,K01,shared_ridge10,7.8780884392,3.6760970459,10.2851187686,0.9000000000
2026-07-29,S02,K02,shared_ridge10,7.8646465777,1.7640678028,10.5332300360,0.9000000000
2026-07-29,S02,K03,shared_ridge10,9.7994400437,6.4636661832,14.7736569196,0.9000000000
2026-07-29,S02,K04,shared_ridge10,10.0343168953,2.5297884910,10.7067185958,0.9000000000
2026-07-29,S02,K05,shared_ridge10,12.6138288065,4.8849877858,13.7795340842,0.9000000000
2026-07-29,S02,K06,shared_ridge10,12.0213975530,6.6977970696,15.7476494204,0.9000000000
2026-07-29,S02,K07,shared_ridge10,13.6711386694,9.1022159562,15.3063013561,0.9000000000
2026-07-29,S02,K08,shared_ridge10,15.0125841236,8.4181930951,18.1876656814,0.9000000000
2026-07-29,S03,K01,shared_ridge10,7.8277689245,2.1920733278,9.0897789974,0.9000000000
2026-07-29,S03,K02,shared_ridge10,8.9516030994,3.6799534260,13.9531729614,0.9000000000
2026-07-29,S03,K03,shared_ridge10,10.1146574350,5.9700477028,13.3484632644,0.9000000000
2026-07-29,S03,K04,shared_ridge10,10.4473603735,2.8792763664,11.2927298528,0.9000000000
2026-07-29,S03,K05,shared_ridge10,12.9516286559,7.6117957640,15.2036343194,0.9000000000
2026-07-29,S03,K06,shared_ridge10,12.2904139973,6.5045909874,12.6122762769,0.9000000000
2026-07-29,S03,K07,shared_ridge10,14.9863560607,9.9956017636,15.3231298076,0.9000000000
2026-07-29,S03,K08,shared_ridge10,14.8821493410,7.3885971678,17.9336917290,0.9000000000
2026-07-29,S04,K01,shared_ridge10,8.4147254463,5.1064154077,10.2849062400,0.9000000000
2026-07-29,S04,K02,shared_ridge10,9.0276900559,4.3487289673,13.7274807076,0.9000000000
2026-07-29,S04,K03,shared_ridge10,10.6798748263,7.1725529123,11.7953971456,0.9000000000
2026-07-29,S04,K04,shared_ridge10,11.9318287721,6.2913289128,13.9623755854,0.9000000000
2026-07-29,S04,K05,shared_ridge10,12.9571571755,8.4211799734,14.5738007969,0.9000000000
2026-07-29,S04,K06,shared_ridge10,13.3746478328,8.7366947241,15.7199692830,0.9000000000
2026-07-29,S04,K07,shared_ridge10,15.2146169303,9.8010010443,20.0907013863,0.9000000000
2026-07-29,S04,K08,shared_ridge10,16.2734536888,9.3447478579,17.9530240019,0.9000000000
2026-07-29,S05,K01,shared_ridge10,9.0125515332,4.3469713811,13.2942906080,0.9000000000
2026-07-29,S05,K02,shared_ridge10,9.5494291864,2.9374758424,14.2274147304,0.9000000000
2026-07-29,S05,K03,shared_ridge10,10.4407443916,2.6996918197,11.2619160404,0.9000000000
2026-07-29,S05,K04,shared_ridge10,11.9055493644,5.1595600785,11.9093950629,0.9000000000
2026-07-29,S05,K05,shared_ridge10,13.8049832624,6.7420884512,13.7682866705,0.9000000000
2026-07-29,S05,K06,shared_ridge10,13.4439386637,8.9853214313,17.1048709176,0.9000000000
2026-07-29,S05,K07,shared_ridge10,15.9754864955,9.9047996072,20.0792343699,0.9000000000
2026-07-29,S05,K08,shared_ridge10,16.5995406453,11.2467974589,17.0942844882,0.9000000000
2026-07-29,S06,K01,shared_ridge10,8.7299428376,3.8530004574,12.3924659316,0.9000000000
2026-07-29,S06,K02,shared_ridge10,9.8646465777,3.9711369276,13.9777142831,0.9000000000
2026-07-29,S06,K03,shared_ridge10,12.0301246079,7.3403540873,14.4657469544,0.9000000000
2026-07-29,S06,K04,shared_ridge10,11.8250438894,4.1787370443,13.1328424327,0.9000000000
2026-07-29,S06,K05,shared_ridge10,13.7389225436,7.9067969632,15.5961903500,0.9000000000
2026-07-29,S06,K06,shared_ridge10,13.9221995332,6.9569219833,14.2956837853,0.9000000000
2026-07-29,S06,K07,shared_ridge10,16.4320082347,7.6081359384,21.0533363778,0.9000000000
2026-07-29,S06,K08,shared_ridge10,16.9256276018,10.9067098318,18.7184732616,0.9000000000
2026-07-29,S07,K01,shared_ridge10,9.2516819680,3.5534277174,14.0378739976,0.9000000000
2026-07-29,S07,K02,shared_ridge10,9.7342117951,3.6093511317,11.1484436554,0.9000000000
2026-07-29,S07,K03,shared_ridge10,12.1496898253,4.8788922563,13.5077077408,0.9000000000
2026-07-29,S07,K04,shared_ridge10,12.2072676825,7.0930967945,15.3261776386,0.9000000000
2026-07-29,S07,K05,shared_ridge10,14.2054705203,8.0808912270,15.6230492542,0.9000000000
2026-07-29,S07,K06,shared_ridge10,14.5852430115,7.4789071812,18.6670416593,0.9000000000
2026-07-29,S07,K07,shared_ridge10,17.3559212781,12.6768870625,20.5395344647,0.9000000000
2026-07-29,S07,K08,shared_ridge10,17.3060623845,8.2167060285,18.3043486863,0.9000000000
2026-07-29,S08,K01,shared_ridge10,10.0560297941,4.2141954334,17.4620927865,0.9000000000
2026-07-29,S08,K02,shared_ridge10,10.3646465777,5.4326319858,12.5478512283,0.9000000000
2026-07-29,S08,K03,shared_ridge10,12.8468124576,6.6576149600,13.5566603194,0.9000000000
2026-07-29,S08,K04,shared_ridge10,12.9772178024,7.9352074629,14.9254673574,0.9000000000
2026-07-29,S08,K05,shared_ridge10,15.5098183464,11.0402651208,19.2537513782,0.9000000000
2026-07-29,S08,K06,shared_ridge10,14.9548082289,10.0780902253,19.5790012266,0.9000000000
2026-07-29,S08,K07,shared_ridge10,17.7580951912,9.1332305692,19.7838915154,0.9000000000
2026-07-29,S08,K08,shared_ridge10,19.2070060936,11.3224128195,21.9100554772,0.9000000000
2026-07-29,S09,K01,shared_ridge10,10.1755950115,3.1920374450,11.3735665266,0.9000000000
2026-07-29,S09,K02,shared_ridge10,11.3961849479,4.0696794536,14.0695443883,0.9000000000
2026-07-29,S09,K03,shared_ridge10,12.2262940040,5.3453618372,15.7881027249,0.9000000000
2026-07-29,S09,K04,shared_ridge10,13.1493418353,7.6074967665,21.1736852210,0.9000000000
2026-07-29,S09,K05,shared_ridge10,15.6837313899,12.8405385129,20.2827408892,0.9000000000
2026-07-29,S09,K06,shared_ridge10,15.7156777941,8.5649041726,16.7079806962,0.9000000000
2026-07-29,S09,K07,shared_ridge10,17.8341821477,7.8515578444,17.7860400186,0.9000000000
2026-07-29,S09,K08,shared_ridge10,19.8483104414,13.6090487734,22.9252450673,0.9000000000
2026-07-29,S10,K01,shared_ridge10,9.9364645767,3.2960828888,15.2502977438,0.9000000000
2026-07-29,S10,K02,shared_ridge10,11.6741742591,4.5088018498,14.4889135142,0.9000000000
2026-07-29,S10,K03,shared_ridge10,13.3458592214,7.7231416420,15.3318390128,0.9000000000
2026-07-29,S10,K04,shared_ridge10,13.2190995040,8.7429161132,15.4038926254,0.9000000000
2026-07-29,S10,K05,shared_ridge10,15.7380792160,10.5854408151,19.9677119255,0.9000000000
2026-07-29,S10,K06,shared_ridge10,16.5852430115,9.6028612438,18.5998882245,0.9000000000
2026-07-29,S10,K07,shared_ridge10,19.0189647564,11.8389072841,20.8417440521,0.9000000000
2026-07-29,S10,K08,shared_ridge10,19.5893044918,11.7350198860,21.8691284832,0.9000000000
2026-07-29,S11,K01,shared_ridge10,11.0767294910,3.3643404028,14.2310405340,0.9000000000
2026-07-29,S11,K02,shared_ridge10,11.7747014678,6.5286494167,13.1821899976,0.9000000000
2026-07-29,S11,K03,shared_ridge10,13.5291713717,8.9042338959,15.5110980706,0.9000000000
2026-07-29,S11,K04,shared_ridge10,14.2951864605,9.1458170024,16.1010218642,0.9000000000
2026-07-29,S11,K05,shared_ridge10,16.5967748681,9.5541105920,21.5841943674,0.9000000000
2026-07-29,S11,K06,shared_ridge10,16.5743734463,9.3689238877,22.0525219198,0.9000000000
2026-07-29,S11,K07,shared_ridge10,20.0762632541,13.2992525224,21.0150484706,0.9000000000
2026-07-29,S11,K08,shared_ridge10,20.3423983113,12.0997492038,25.5997492038,0.9000000000
2026-07-29,S12,K01,shared_ridge10,11.7506425345,5.4490375482,13.8291702783,0.9000000000
2026-07-29,S12,K02,shared_ridge10,12.0154626989,5.3446376910,14.5096530265,0.9000000000
2026-07-29,S12,K03,shared_ridge10,13.8211791742,8.8244468266,14.4313110013,0.9000000000
2026-07-29,S12,K04,shared_ridge10,14.4690995040,8.3117045491,18.9421888030,0.9000000000
2026-07-29,S12,K05,shared_ridge10,16.5206879116,10.8610841556,20.9336208793,0.9000000000
2026-07-29,S12,K06,shared_ridge10,17.1395908376,8.8093375027,18.4711660072,0.9000000000
2026-07-29,S12,K07,shared_ridge10,20.1380864419,15.2126259269,22.4606472554,0.9000000000
2026-07-29,S12,K08,shared_ridge10,20.7119635287,16.0833954175,24.7564756997,0.9000000000
2026-07-30,S01,K01,shared_ridge10,7.2892793090,1.6302856467,11.9743663051,0.9000000000
2026-07-30,S01,K02,shared_ridge10,7.9960256861,2.5137106371,10.5929030299,0.9000000000
2026-07-30,S01,K03,shared_ridge10,8.8827555338,1.0699450314,10.7244621811,0.9000000000
2026-07-30,S01,K04,shared_ridge10,10.3139633353,4.8136930003,14.8126043392,0.9000000000
2026-07-30,S01,K05,shared_ridge10,11.5051611340,6.8854498854,13.4657382066,0.9000000000
2026-07-30,S01,K06,shared_ridge10,11.6966339321,4.3677014134,13.2115187568,0.9000000000
2026-07-30,S01,K07,shared_ridge10,13.8693463641,6.4396259903,13.3016321826,0.9000000000
2026-07-30,S01,K08,shared_ridge10,13.9018301356,7.5471811620,15.5455785281,0.9000000000
2026-07-30,S02,K01,shared_ridge10,8.0799446275,3.8779532342,10.4869749568,0.9000000000
2026-07-30,S02,K02,shared_ridge10,8.0068952513,1.9063164763,10.6754787096,0.9000000000
2026-07-30,S02,K03,shared_ridge10,9.7088424903,6.3730686298,14.6830593662,0.9000000000
2026-07-30,S02,K04,shared_ridge10,10.3248329005,2.8203044962,10.9972346010,0.9000000000
2026-07-30,S02,K05,shared_ridge10,12.5703785253,4.8415375046,13.7360838030,0.9000000000
2026-07-30,S02,K06,shared_ridge10,12.3841392269,7.0605387434,16.1103910944,0.9000000000
2026-07-30,S02,K07,shared_ridge10,13.9196130319,9.3506903187,15.5547757186,0.9000000000
2026-07-30,S02,K08,shared_ridge10,15.0540040487,8.4596130202,18.2290856064,0.9000000000
2026-07-30,S03,K01,shared_ridge10,8.0296251128,2.3939295161,9.2916351858,0.9000000000
2026-07-30,S03,K02,shared_ridge10,9.0938517731,3.8222020998,14.0954216351,0.9000000000
2026-07-30,S03,K03,shared_ridge10,10.0240598816,5.8794501494,13.2578657110,0.9000000000
2026-07-30,S03,K04,shared_ridge10,11.3201708643,3.7520868572,12.1655403436,0.9000000000
2026-07-30,S03,K05,shared_ridge10,12.3693853058,7.0295524139,14.6213909694,0.9000000000
2026-07-30,S03,K06,shared_ridge10,12.6531556712,6.8673326614,12.9750179508,0.9000000000
2026-07-30,S03,K07,shared_ridge10,15.2348304233,10.2440761262,15.5716041702,0.9000000000
2026-07-30,S03,K08,shared_ridge10,14.9235692661,7.4300170930,17.9751116540,0.9000000000
2026-07-30,S04,K01,shared_ridge10,8.6165816346,5.3082715960,10.4867624284,0.9000000000
2026-07-30,S04,K02,shared_ridge10,9.1699387296,4.4909776410,13.8697293812,0.9000000000
2026-07-30,S04,K03,shared_ridge10,10.5892772729,7.0819553589,11.7047995923,0.9000000000
2026-07-30,S04,K04,shared_ridge10,12.2223447773,6.5818449180,14.2528915906,0.9000000000
2026-07-30,S04,K05,shared_ridge10,12.9137068943,8.3777296922,14.5303505157,0.9000000000
2026-07-30,S04,K06,shared_ridge10,13.7373895068,9.0994363981,16.0827109570,0.9000000000
2026-07-30,S04,K07,shared_ridge10,15.4630912928,10.0494754068,20.3391757488,0.9000000000
2026-07-30,S04,K08,shared_ridge10,16.3148736139,9.3861677830,17.9944439270,0.9000000000
2026-07-30,S05,K01,shared_ridge10,9.2144077215,4.5488275694,13.4961467962,0.9000000000
2026-07-30,S05,K02,shared_ridge10,9.6916778600,3.0797245160,14.3696634041,0.9000000000
2026-07-30,S05,K03,shared_ridge10,10.3501468381,2.6090942663,11.1713184870,0.9000000000
2026-07-30,S05,K04,shared_ridge10,12.1960653696,5.4500760837,12.1999110681,0.9000000000
2026-07-30,S05,K05,shared_ridge10,13.7615329812,6.6986381700,13.7248363893,0.9000000000
2026-07-30,S05,K06,shared_ridge10,13.8066803376,9.3480631052,17.4676125914,0.9000000000
2026-07-30,S05,K07,shared_ridge10,16.2239608580,10.1532739697,20.3277087324,0.9000000000
2026-07-30,S05,K08,shared_ridge10,16.6409605704,11.2882173840,17.1357044133,0.9000000000
2026-07-30,S06,K01,shared_ridge10,8.9317990259,4.0548566457,12.5943221199,0.9000000000
2026-07-30,S06,K02,shared_ridge10,10.0068952513,4.1133856012,14.1199629567,0.9000000000
2026-07-30,S06,K03,shared_ridge10,11.9395270545,7.2497565339,14.3751494010,0.9000000000
2026-07-30,S06,K04,shared_ridge10,12.1155598946,4.4692530496,13.4233584379,0.9000000000
2026-07-30,S06,K05,shared_ridge10,13.6954722623,7.8633466819,15.5527400686,0.9000000000
2026-07-30,S06,K06,shared_ridge10,14.2849412072,7.3196636573,14.6584254593,0.9000000000
2026-07-30,S06,K07,shared_ridge10,16.6804825972,7.8566103010,21.3018107403,0.9000000000
2026-07-30,S06,K08,shared_ridge10,16.9670475269,10.9481297570,18.7598931867,0.9000000000
2026-07-30,S07,K01,shared_ridge10,9.4535381563,3.7552839057,14.2397301860,0.9000000000
2026-07-30,S07,K02,shared_ridge10,9.8764604687,3.7515998053,11.2906923290,0.9000000000
2026-07-30,S07,K03,shared_ridge10,12.0590922719,4.7882947029,13.4171101874,0.9000000000
2026-07-30,S07,K04,shared_ridge10,12.4977836877,7.3836127998,15.6166936438,0.9000000000
2026-07-30,S07,K05,shared_ridge10,14.1620202391,8.0374409458,15.5795989730,0.9000000000
2026-07-30,S07,K06,shared_ridge10,14.9479846854,7.8416488550,19.0297833332,0.9000000000
2026-07-30,S07,K07,shared_ridge10,17.6043956406,12.9253614250,20.7880088273,0.9000000000
2026-07-30,S07,K08,shared_ridge10,17.3474823095,8.2581259535,18.3457686113,0.9000000000
2026-07-30,S08,K01,shared_ridge10,10.2578859824,4.4160516216,17.6639489748,0.9000000000
2026-07-30,S08,K02,shared_ridge10,11.0819118824,6.1498972905,13.2651165330,0.9000000000
2026-07-30,S08,K03,shared_ridge10,12.1885738182,5.9993763206,12.8984216800,0.9000000000
2026-07-30,S08,K04,shared_ridge10,13.2677338076,8.2257234681,15.2159833626,0.9000000000
2026-07-30,S08,K05,shared_ridge10,15.4663680652,10.9968148396,19.2103010969,0.9000000000
2026-07-30,S08,K06,shared_ridge10,15.3175499028,10.4408318992,19.9417429006,0.9000000000
2026-07-30,S08,K07,shared_ridge10,18.0065695537,9.3817049318,20.0323658778,0.9000000000
2026-07-30,S08,K08,shared_ridge10,19.2484260187,11.3638327445,21.9514754022,0.9000000000
2026-07-30,S09,K01,shared_ridge10,10.3774511998,3.3938936332,11.5754227150,0.9000000000
2026-07-30,S09,K02,shared_ridge10,11.5384336215,4.2119281271,14.2117930619,0.9000000000
2026-07-30,S09,K03,shared_ridge10,12.1356964505,5.2547642836,15.6975051714,0.9000000000
2026-07-30,S09,K04,shared_ridge10,13.4398578405,7.8980127718,21.4642012262,0.9000000000
2026-07-30,S09,K05,shared_ridge10,15.6402811087,12.7970882317,20.2392906080,0.9000000000
2026-07-30,S09,K06,shared_ridge10,16.0784194680,8.9276458465,17.0707223702,0.9000000000
2026-07-30,S09,K07,shared_ridge10,18.0826565102,8.1000322069,18.0345143811,0.9000000000
2026-07-30,S09,K08,shared_ridge10,19.8897303665,13.6504686986,22.9666649924,0.9000000000
2026-07-30,S10,K01,shared_ridge10,10.1383207650,3.4979390771,15.4521539321,0.9000000000
2026-07-30,S10,K02,shared_ridge10,11.8164229327,4.6510505234,14.6311621878,0.9000000000
2026-07-30,S10,K03,shared_ridge10,13.2552616679,7.6325440885,15.2412414592,0.9000000000
2026-07-30,S10,K04,shared_ridge10,13.5096155092,9.0334321184,15.6944086306,0.9000000000
2026-07-30,S10,K05,shared_ridge10,15.6946289348,10.5419905339,19.9242616443,0.9000000000
2026-07-30,S10,K06,shared_ridge10,16.9479846854,9.9656029177,18.9626298984,0.9000000000
2026-07-30,S10,K07,shared_ridge10,19.9551723992,12.7751149269,21.7779516949,0.9000000000
2026-07-30,S10,K08,shared_ridge10,19.0449980991,11.1907134933,21.3248220904,0.9000000000
2026-07-30,S11,K01,shared_ridge10,11.2785856793,3.5661965911,14.4328967223,0.9000000000
2026-07-30,S11,K02,shared_ridge10,11.9169501415,6.6708980904,13.3244386712,0.9000000000
2026-07-30,S11,K03,shared_ridge10,13.4385738182,8.8136363424,15.4205005171,0.9000000000
2026-07-30,S11,K04,shared_ridge10,14.5857024657,9.4363330076,16.3915378694,0.9000000000
2026-07-30,S11,K05,shared_ridge10,16.5533245869,9.5106603109,21.5407440862,0.9000000000
2026-07-30,S11,K06,shared_ridge10,16.9371151202,9.7316655616,22.4152635937,0.9000000000
2026-07-30,S11,K07,shared_ridge10,20.3247376166,13.5477268850,21.2635228330,0.9000000000
2026-07-30,S11,K08,shared_ridge10,20.3838182364,12.1411691289,25.6411691289,0.9000000000
2026-07-30,S12,K01,shared_ridge10,11.9524987228,5.6508937364,14.0310264666,0.9000000000
2026-07-30,S12,K02,shared_ridge10,12.1577113726,5.4868863646,14.6519017002,0.9000000000
2026-07-30,S12,K03,shared_ridge10,13.7305816207,8.7338492731,14.3407134478,0.9000000000
2026-07-30,S12,K04,shared_ridge10,14.7596155092,8.6022205543,19.2327048082,0.9000000000
2026-07-30,S12,K05,shared_ridge10,16.4772376304,10.8176338744,20.8901705981,0.9000000000
2026-07-30,S12,K06,shared_ridge10,17.5023325115,9.1720791766,18.8339076811,0.9000000000
2026-07-30,S12,K07,shared_ridge10,20.3865608044,15.4611002894,22.7091216179,0.9000000000
2026-07-30,S12,K08,shared_ridge10,20.7533834538,16.1248153426,24.7978956248,0.9000000000
2026-07-31,S01,K01,shared_ridge10,8.3728439155,2.7138502532,13.0579309116,0.9000000000
2026-07-31,S01,K02,shared_ridge10,9.1875416481,3.7052265991,11.7844189918,0.9000000000
2026-07-31,S01,K03,shared_ridge10,9.9118719341,1.7282165904,11.7535785814,0.9000000000
2026-07-31,S01,K04,shared_ridge10,11.2908799334,5.7906095984,15.7895209372,0.9000000000
2026-07-31,S01,K05,shared_ridge10,12.5839755878,7.9642643392,14.5445526604,0.9000000000
2026-07-31,S01,K06,shared_ridge10,12.8088756588,5.4799431402,14.3237604836,0.9000000000
2026-07-31,S01,K07,shared_ridge10,14.6925456267,7.2628252529,14.1248314452,0.9000000000
2026-07-31,S01,K08,shared_ridge10,14.7443331399,8.3896841663,16.3880815324,0.9000000000
2026-07-31,S02,K01,shared_ridge10,9.1635092340,4.9615178407,11.5705395634,0.9000000000
2026-07-31,S02,K02,shared_ridge10,9.1984112133,3.0978324384,11.8669946716,0.9000000000
2026-07-31,S02,K03,shared_ridge10,10.7379588906,7.4021850301,15.7121757664,0.9000000000
2026-07-31,S02,K04,shared_ridge10,11.3017494986,3.7972210943,11.9741511992,0.9000000000
2026-07-31,S02,K05,shared_ridge10,13.6491929791,5.9203519584,14.8148982568,0.9000000000
2026-07-31,S02,K06,shared_ridge10,13.4963809536,8.1727804701,17.2226328210,0.9000000000
2026-07-31,S02,K07,shared_ridge10,14.7428122945,10.1738895813,16.3779749812,0.9000000000
2026-07-31,S02,K08,shared_ridge10,15.8965070529,9.3021160244,19.0715886107,0.9000000000
2026-07-31,S03,K01,shared_ridge10,9.1131897194,3.4774941227,10.3751997923,0.9000000000
2026-07-31,S03,K02,shared_ridge10,10.2853677350,5.0137180616,15.2869375970,0.9000000000
2026-07-31,S03,K03,shared_ridge10,11.0531762820,6.9085665498,14.2869821114,0.9000000000
2026-07-31,S03,K04,shared_ridge10,12.2970874624,4.7290034553,13.1424569418,0.9000000000
2026-07-31,S03,K05,shared_ridge10,13.4481997596,8.1083668677,15.7002054232,0.9000000000
2026-07-31,S03,K06,shared_ridge10,13.7653973979,7.9795743880,14.0872596775,0.9000000000
2026-07-31,S03,K07,shared_ridge10,16.0580296858,11.0672753887,16.3948034326,0.9000000000
2026-07-31,S03,K08,shared_ridge10,15.7660722703,8.2725200972,18.8176146582,0.9000000000
2026-07-31,S04,K01,shared_ridge10,9.7001462411,6.3918362025,11.5703270349,0.9000000000
2026-07-31,S04,K02,shared_ridge10,10.3614546915,5.6824936028,15.0612453432,0.9000000000
2026-07-31,S04,K03,shared_ridge10,11.6183936733,8.1110717592,12.7339159927,0.9000000000
2026-07-31,S04,K04,shared_ridge10,13.1992613754,7.5587615161,15.2298081887,0.9000000000
2026-07-31,S04,K05,shared_ridge10,13.9925213481,9.4565441460,15.6091649695,0.9000000000
2026-07-31,S04,K06,shared_ridge10,14.8496312335,10.2116781248,17.1949526838,0.9000000000
2026-07-31,S04,K07,shared_ridge10,16.2862905553,10.8726746693,21.1623750114,0.9000000000
2026-07-31,S04,K08,shared_ridge10,17.1573766182,10.2286707873,18.8369469313,0.9000000000
2026-07-31,S05,K01,shared_ridge10,10.2979723280,5.6323921759,14.5797114028,0.9000000000
2026-07-31,S05,K02,shared_ridge10,10.8831938220,4.2712404780,15.5611793660,0.9000000000
2026-07-31,S05,K03,shared_ridge10,11.9469043244,4.2058517526,12.7680759732,0.9000000000
2026-07-31,S05,K04,shared_ridge10,12.5906874821,5.8446981962,12.5945331806,0.9000000000
2026-07-31,S05,K05,shared_ridge10,14.8403474350,7.7774526238,14.8036508431,0.9000000000
2026-07-31,S05,K06,shared_ridge10,14.9189220643,10.4603048320,18.5798543181,0.9000000000
2026-07-31,S05,K07,shared_ridge10,17.0471601206,10.9764732323,21.1509079950,0.9000000000
2026-07-31,S05,K08,shared_ridge10,17.4834635747,12.1307203884,17.9782074176,0.9000000000
2026-07-31,S06,K01,shared_ridge10,10.0153636324,5.1384212522,13.6778867264,0.9000000000
2026-07-31,S06,K02,shared_ridge10,11.1984112133,5.3049015632,15.3114789187,0.9000000000
2026-07-31,S06,K03,shared_ridge10,12.9686434549,8.2788729343,15.4042658014,0.9000000000
2026-07-31,S06,K04,shared_ridge10,13.0924764927,5.4461696476,14.4002750360,0.9000000000
2026-07-31,S06,K05,shared_ridge10,14.7742867161,8.9421611358,16.6315545225,0.9000000000
2026-07-31,S06,K06,shared_ridge10,15.3971829339,8.4319053840,15.7706671860,0.9000000000
2026-07-31,S06,K07,shared_ridge10,17.5036818597,8.6798095634,22.1250100028,0.9000000000
2026-07-31,S06,K08,shared_ridge10,17.8095505312,11.7906327612,19.6023961910,0.9000000000
2026-07-31,S07,K01,shared_ridge10,10.5371027628,4.8388485122,15.3232947924,0.9000000000
2026-07-31,S07,K02,shared_ridge10,11.0679764307,4.9431157673,12.4822082910,0.9000000000
2026-07-31,S07,K03,shared_ridge10,13.0882086723,5.8174111033,14.4462265878,0.9000000000
2026-07-31,S07,K04,shared_ridge10,13.4747002858,8.3605293978,16.5936102419,0.9000000000
2026-07-31,S07,K05,shared_ridge10,15.2408346929,9.1162553995,16.6584134268,0.9000000000
2026-07-31,S07,K06,shared_ridge10,16.0602264121,8.9538905818,20.1420250599,0.9000000000
2026-07-31,S07,K07,shared_ridge10,18.4275949032,13.7485606876,21.6112080899,0.9000000000
2026-07-31,S07,K08,shared_ridge10,18.7757116316,9.6863552756,19.7739979334,0.9000000000
2026-07-31,S08,K01,shared_ridge10,11.3414505889,5.4996162282,18.7475135813,0.9000000000
2026-07-31,S08,K02,shared_ridge10,12.2734278443,7.3414132524,14.4566324949,0.9000000000
2026-07-31,S08,K03,shared_ridge10,13.2176902186,7.0284927210,13.9275380804,0.9000000000
2026-07-31,S08,K04,shared_ridge10,14.2446504057,9.2026400662,16.1928999607,0.9000000000
2026-07-31,S08,K05,shared_ridge10,16.5451825190,12.0756292935,20.2891155507,0.9000000000
2026-07-31,S08,K06,shared_ridge10,16.4297916295,11.5530736259,21.0539846272,0.9000000000
2026-07-31,S08,K07,shared_ridge10,18.8297688162,10.2049041943,20.8555651404,0.9000000000
2026-07-31,S08,K08,shared_ridge10,20.0909290229,12.2063357488,22.7939784064,0.9000000000
2026-07-31,S09,K01,shared_ridge10,11.4610158063,4.4774582398,12.6589873214,0.9000000000
2026-07-31,S09,K02,shared_ridge10,12.7299495835,5.4034440892,15.4033090239,0.9000000000
2026-07-31,S09,K03,shared_ridge10,13.1648128509,6.2838806841,16.7266215718,0.9000000000
2026-07-31,S09,K04,shared_ridge10,14.4167744386,8.8749293698,22.4411178243,0.9000000000
2026-07-31,S09,K05,shared_ridge10,16.7190955625,13.8759026855,21.3181050619,0.9000000000
2026-07-31,S09,K06,shared_ridge10,17.1906611947,10.0398875732,18.1829640968,0.9000000000
2026-07-31,S09,K07,shared_ridge10,18.9058557727,8.9232314694,18.8577136436,0.9000000000
2026-07-31,S09,K08,shared_ridge10,20.7322333708,14.4929717028,23.8091679968,0.9000000000
2026-07-31,S10,K01,shared_ridge10,11.8512807206,5.2108990327,17.1651138877,0.9000000000
2026-07-31,S10,K02,shared_ridge10,12.4329222636,5.2675498542,15.2476615187,0.9000000000
2026-07-31,S10,K03,shared_ridge10,14.2843780683,8.6616604889,16.2703578596,0.9000000000
2026-07-31,S10,K04,shared_ridge10,14.4865321073,10.0103487165,16.6713252288,0.9000000000
2026-07-31,S10,K05,shared_ridge10,16.7734433886,11.6208049877,21.0030760981,0.9000000000
2026-07-31,S10,K06,shared_ridge10,18.0602264121,11.0778446444,20.0748716251,0.9000000000
2026-07-31,S10,K07,shared_ridge10,20.7783716617,13.5983141894,22.6011509574,0.9000000000
2026-07-31,S10,K08,shared_ridge10,19.8875011033,12.0332164975,22.1673250946,0.9000000000
2026-07-31,S11,K01,shared_ridge10,12.3621502858,4.6497611976,15.5164613288,0.9000000000
2026-07-31,S11,K02,shared_ridge10,13.1084661034,7.8624140524,14.5159546332,0.9000000000
2026-07-31,S11,K03,shared_ridge10,14.4676902186,9.8427527428,16.4496169175,0.9000000000
2026-07-31,S11,K04,shared_ridge10,15.5626190638,10.4132496056,17.3684544674,0.9000000000
2026-07-31,S11,K05,shared_ridge10,17.6321390407,10.5894747647,22.6195585400,0.9000000000
2026-07-31,S11,K06,shared_ridge10,18.0493568469,10.8439072883,23.5275053204,0.9000000000
2026-07-31,S11,K07,shared_ridge10,21.1479368791,14.3709261474,22.0867220956,0.9000000000
2026-07-31,S11,K08,shared_ridge10,21.2263212407,12.9836721332,26.4836721332,0.9000000000
2026-07-31,S12,K01,shared_ridge10,13.0360633293,6.7344583429,15.1145910731,0.9000000000
2026-07-31,S12,K02,shared_ridge10,13.3492273345,6.6784023266,15.8434176621,0.9000000000
2026-07-31,S12,K03,shared_ridge10,14.7596980211,9.7629656735,15.3698298482,0.9000000000
2026-07-31,S12,K04,shared_ridge10,15.7365321073,9.5791371524,20.2096214063,0.9000000000
2026-07-31,S12,K05,shared_ridge10,17.5560520842,11.8964483282,21.9689850519,0.9000000000
2026-07-31,S12,K06,shared_ridge10,19.2398178016,10.9095644668,20.5713929712,0.9000000000
2026-07-31,S12,K07,shared_ridge10,20.5220267867,15.5965662717,22.8445876002,0.9000000000
2026-07-31,S12,K08,shared_ridge10,21.5958864581,16.9673183469,25.6403986292,0.9000000000
2026-08-01,S01,K01,shared_ridge10,9.7169697876,4.0579761253,14.4020567836,0.9000000000
2026-08-01,S01,K02,shared_ridge10,10.6147488423,5.1324337933,13.2116261860,0.9000000000
2026-08-01,S01,K03,shared_ridge10,12.1512292448,3.9675739011,13.9929358921,0.9000000000
2026-08-01,S01,K04,shared_ridge10,13.1421590603,7.6418887252,17.6408000642,0.9000000000
2026-08-01,S01,K05,shared_ridge10,15.5547433960,10.9350321474,17.5153204686,0.9000000000
2026-08-01,S01,K06,shared_ridge10,15.5018961621,8.1729636434,17.0167809868,0.9000000000
2026-08-01,S01,K07,shared_ridge10,17.6848232623,10.2551028885,17.1171090808,0.9000000000
2026-08-01,S01,K08,shared_ridge10,17.0666946870,10.7120457134,18.7104430795,0.9000000000
2026-08-01,S02,K01,shared_ridge10,10.5076351061,6.3056437128,12.9146654355,0.9000000000
2026-08-01,S02,K02,shared_ridge10,10.6256184076,4.5250396326,13.2942018659,0.9000000000
2026-08-01,S02,K03,shared_ridge10,12.9773162013,9.6415423408,17.9515330772,0.9000000000
2026-08-01,S02,K04,shared_ridge10,13.7353231110,6.2307947067,14.4077248116,0.9000000000
2026-08-01,S02,K05,shared_ridge10,16.0811677185,8.3523266978,17.2468729962,0.9000000000
2026-08-01,S02,K06,shared_ridge10,16.1894014570,10.8658009735,19.9156533244,0.9000000000
2026-08-01,S02,K07,shared_ridge10,17.7350899302,13.1661672170,19.3702526170,0.9000000000
2026-08-01,S02,K08,shared_ridge10,18.2188686001,11.6244775716,21.3939501578,0.9000000000
2026-08-01,S03,K01,shared_ridge10,10.4573155914,4.8216199947,11.7193256644,0.9000000000
2026-08-01,S03,K02,shared_ridge10,11.7125749293,6.4409252560,16.7141447913,0.9000000000
2026-08-01,S03,K03,shared_ridge10,13.2925335926,9.1479238604,16.5263394220,0.9000000000
2026-08-01,S03,K04,shared_ridge10,14.1483665893,6.5802825822,14.9937360686,0.9000000000
2026-08-01,S03,K05,shared_ridge10,16.4189675678,11.0791346759,18.6709732313,0.9000000000
2026-08-01,S03,K06,shared_ridge10,16.4584179013,10.6725948914,16.7802801809,0.9000000000
2026-08-01,S03,K07,shared_ridge10,19.0503073215,14.0595530244,19.3870810684,0.9000000000
2026-08-01,S03,K08,shared_ridge10,18.0884338175,10.5948816444,21.1399762054,0.9000000000
2026-08-01,S04,K01,shared_ridge10,11.0442721132,7.7359620746,12.9144529070,0.9000000000
2026-08-01,S04,K02,shared_ridge10,11.7886618858,7.1097007972,16.4884525374,0.9000000000
2026-08-01,S04,K03,shared_ridge10,13.8577509839,10.3504290699,14.9732733032,0.9000000000
2026-08-01,S04,K04,shared_ridge10,15.0505405023,9.4100406430,17.0810873156,0.9000000000
2026-08-01,S04,K05,shared_ridge10,16.9632891563,12.4273119542,18.5799327777,0.9000000000
2026-08-01,S04,K06,shared_ridge10,17.5426517368,12.9046986281,19.8879731870,0.9000000000
2026-08-01,S04,K07,shared_ridge10,19.2785681910,13.8649523050,24.1546526470,0.9000000000
2026-08-01,S04,K08,shared_ridge10,19.4797381653,12.5510323344,21.1593084784,0.9000000000
2026-08-01,S05,K01,shared_ridge10,11.6420982001,6.9765180480,15.9238372748,0.9000000000
2026-08-01,S05,K02,shared_ridge10,12.3104010163,5.6984476723,16.9883865604,0.9000000000
2026-08-01,S05,K03,shared_ridge10,14.1862616351,6.4452090632,15.0074332840,0.9000000000
2026-08-01,S05,K04,shared_ridge10,14.4419666090,7.6959773231,14.4458123075,0.9000000000
2026-08-01,S05,K05,shared_ridge10,17.8111152432,10.7482204320,17.7744186513,0.9000000000
2026-08-01,S05,K06,shared_ridge10,17.6119425677,13.1533253354,21.2728748216,0.9000000000
2026-08-01,S05,K07,shared_ridge10,20.0394377563,13.9687508680,24.1431856307,0.9000000000
2026-08-01,S05,K08,shared_ridge10,19.8058251218,14.4530819354,20.3005689648,0.9000000000
2026-08-01,S06,K01,shared_ridge10,11.3594895045,6.4825471243,15.0220125985,0.9000000000
2026-08-01,S06,K02,shared_ridge10,12.6256184076,6.7321087574,16.7386861130,0.9000000000
2026-08-01,S06,K03,shared_ridge10,15.2080007655,10.5182302449,17.6436231120,0.9000000000
2026-08-01,S06,K04,shared_ridge10,14.9437556196,7.2974487745,16.2515541629,0.9000000000
2026-08-01,S06,K05,shared_ridge10,17.7450545244,11.9129289440,19.6023223308,0.9000000000
2026-08-01,S06,K06,shared_ridge10,18.0902034372,11.1249258873,18.4636876893,0.9000000000
2026-08-01,S06,K07,shared_ridge10,20.4959594954,11.6720871992,25.1172876385,0.9000000000
2026-08-01,S06,K08,shared_ridge10,20.1319120783,14.1129943084,21.9247577381,0.9000000000
2026-08-01,S07,K01,shared_ridge10,11.8812286349,6.1829743842,16.6674206646,0.9000000000
2026-08-01,S07,K02,shared_ridge10,13.0702002560,6.9453395926,14.4844321162,0.9000000000
2026-08-01,S07,K03,shared_ridge10,14.7599248970,7.4891273280,16.1179428125,0.9000000000
2026-08-01,S07,K04,shared_ridge10,15.3259794127,10.2118085248,18.4448893688,0.9000000000
2026-08-01,S07,K05,shared_ridge10,18.2116025011,12.0870232078,19.6291812350,0.9000000000
2026-08-01,S07,K06,shared_ridge10,18.7532469155,11.6469110852,22.8350455633,0.9000000000
2026-08-01,S07,K07,shared_ridge10,21.4198725389,16.7408383233,24.6034857256,0.9000000000
2026-08-01,S07,K08,shared_ridge10,21.0980731788,12.0087168228,22.0963594806,0.9000000000
2026-08-01,S08,K01,shared_ridge10,12.6855764610,6.8437421003,20.0916394534,0.9000000000
2026-08-01,S08,K02,shared_ridge10,13.7006350386,8.7686204467,15.8838396892,0.9000000000
2026-08-01,S08,K03,shared_ridge10,15.4570475293,9.2678500318,16.1668953912,0.9000000000
2026-08-01,S08,K04,shared_ridge10,16.0959295326,11.0539191931,18.0441790876,0.9000000000
2026-08-01,S08,K05,shared_ridge10,19.5159503272,15.0463971016,23.2598833590,0.9000000000
2026-08-01,S08,K06,shared_ridge10,19.1228121329,14.2460941293,23.7470051306,0.9000000000
2026-08-01,S08,K07,shared_ridge10,21.8220464519,13.1971818300,23.8478427760,0.9000000000
2026-08-01,S08,K08,shared_ridge10,22.4132905701,14.5286972960,25.1163399536,0.9000000000
2026-08-01,S09,K01,shared_ridge10,12.8051416784,5.8215841118,14.0031131936,0.9000000000
2026-08-01,S09,K02,shared_ridge10,14.1571567778,6.8306512834,16.8305162182,0.9000000000
2026-08-01,S09,K03,shared_ridge10,15.4041701616,8.5232379948,18.9659788825,0.9000000000
2026-08-01,S09,K04,shared_ridge10,16.2680535655,10.7262084968,24.2923969512,0.9000000000
2026-08-01,S09,K05,shared_ridge10,19.6898633707,16.8466704937,24.2888728700,0.9000000000
2026-08-01,S09,K06,shared_ridge10,19.8836816981,12.7329080766,20.8759846002,0.9000000000
2026-08-01,S09,K07,shared_ridge10,22.5858666887,12.6032423854,22.5377245596,0.9000000000
2026-08-01,S09,K08,shared_ridge10,22.4688686001,16.2296069322,25.5458032260,0.9000000000
2026-08-01,S10,K01,shared_ridge10,13.1954065927,6.5550249048,18.5092397598,0.9000000000
2026-08-01,S10,K02,shared_ridge10,13.8601294579,6.6947570486,16.6748687130,0.9000000000
2026-08-01,S10,K03,shared_ridge10,16.5237353790,10.9010177996,18.5097151704,0.9000000000
2026-08-01,S10,K04,shared_ridge10,16.3378112342,11.8616278434,18.5226043556,0.9000000000
2026-08-01,S10,K05,shared_ridge10,19.7442111968,14.5915727959,23.9738439063,0.9000000000
2026-08-01,S10,K06,shared_ridge10,20.7532469155,13.7708651478,22.7678921285,0.9000000000
2026-08-01,S10,K07,shared_ridge10,23.7706492974,16.5905918251,25.5934285931,0.9000000000
2026-08-01,S10,K08,shared_ridge10,22.2098626505,14.3555780447,24.4896866418,0.9000000000
2026-08-01,S11,K01,shared_ridge10,13.7062761579,5.9938870697,16.8605872009,0.9000000000
2026-08-01,S11,K02,shared_ridge10,14.5356732977,9.2896212466,15.9431618275,0.9000000000
2026-08-01,S11,K03,shared_ridge10,16.7070475293,12.0821100535,18.6889742282,0.9000000000
2026-08-01,S11,K04,shared_ridge10,17.4138981907,12.2645287326,19.2197335944,0.9000000000
2026-08-01,S11,K05,shared_ridge10,20.6029068489,13.5602425728,25.5903263482,0.9000000000
2026-08-01,S11,K06,shared_ridge10,20.7423773503,13.5369277917,26.2205258238,0.9000000000
2026-08-01,S11,K07,shared_ridge10,24.1402145148,17.3632037832,25.0789997312,0.9000000000
2026-08-01,S11,K08,shared_ridge10,23.5486827878,15.3060336803,28.8060336803,0.9000000000
2026-08-01,S12,K01,shared_ridge10,13.7507938523,7.4491888659,15.8293215961,0.9000000000
2026-08-01,S12,K02,shared_ridge10,14.7764345288,8.1056095208,17.2706248564,0.9000000000
2026-08-01,S12,K03,shared_ridge10,16.9990553318,12.0023229842,17.6091871589,0.9000000000
2026-08-01,S12,K04,shared_ridge10,17.5878112342,11.4304162793,22.0609005332,0.9000000000
2026-08-01,S12,K05,shared_ridge10,20.5268198924,14.8672161364,24.9397528601,0.9000000000
2026-08-01,S12,K06,shared_ridge10,21.9328383049,13.6025849700,23.2644134745,0.9000000000
2026-08-01,S12,K07,shared_ridge10,23.5143044223,18.5888439073,25.8368652358,0.9000000000
2026-08-01,S12,K08,shared_ridge10,23.9182480052,19.2896798940,27.9627601762,0.9000000000
2026-08-02,S01,K01,shared_ridge10,10.1487908425,4.4897971802,14.8338778386,0.9000000000
2026-08-02,S01,K02,shared_ridge10,10.8025042490,5.3201892000,13.3993815928,0.9000000000
2026-08-02,S01,K03,shared_ridge10,11.8504854231,3.6668300794,13.6921920704,0.9000000000
2026-08-02,S01,K04,shared_ridge10,13.4577919202,7.9575215852,17.9564329240,0.9000000000
2026-08-02,S01,K05,shared_ridge10,14.7307639999,10.1110527513,16.6913410724,0.9000000000
2026-08-02,S01,K06,shared_ridge10,15.4634459107,8.1345133921,16.9783307354,0.9000000000
2026-08-02,S01,K07,shared_ridge10,17.8887726780,10.4590523042,17.3210584965,0.9000000000
2026-08-02,S01,K08,shared_ridge10,17.9341705715,11.5795215979,19.5779189640,0.9000000000
2026-08-02,S02,K01,shared_ridge10,10.9394561610,6.7374647677,13.3464864904,0.9000000000
2026-08-02,S02,K02,shared_ridge10,10.8133738142,4.7127950393,13.4819572725,0.9000000000
2026-08-02,S02,K03,shared_ridge10,12.6765723796,9.3407985191,17.6507892554,0.9000000000
2026-08-02,S02,K04,shared_ridge10,13.4686614854,5.9641330811,14.1410631860,0.9000000000
2026-08-02,S02,K05,shared_ridge10,15.7959813912,8.0671403705,16.9616866689,0.9000000000
2026-08-02,S02,K06,shared_ridge10,16.1509512056,10.8273507221,19.8772030730,0.9000000000
2026-08-02,S02,K07,shared_ridge10,17.9390393459,13.3701166326,19.5742020326,0.9000000000
2026-08-02,S02,K08,shared_ridge10,19.0863444845,12.4919534560,22.2614260422,0.9000000000
2026-08-02,S03,K01,shared_ridge10,10.8891366463,5.2534410496,12.1511467192,0.9000000000
2026-08-02,S03,K02,shared_ridge10,11.9003303359,6.6286806626,16.9019001979,0.9000000000
2026-08-02,S03,K03,shared_ridge10,12.9917897709,8.8471800387,16.2255956003,0.9000000000
2026-08-02,S03,K04,shared_ridge10,13.8817049637,6.3136209566,14.7270744430,0.9000000000
2026-08-02,S03,K05,shared_ridge10,16.1337812405,10.7939483486,18.3857869040,0.9000000000
2026-08-02,S03,K06,shared_ridge10,16.4199676499,10.6341446400,16.7418299295,0.9000000000
2026-08-02,S03,K07,shared_ridge10,19.2542567372,14.2635024400,19.5910304840,0.9000000000
2026-08-02,S03,K08,shared_ridge10,18.9559097019,11.4623575288,22.0074520899,0.9000000000
2026-08-02,S04,K01,shared_ridge10,11.4760931680,8.1677831294,13.3462739618,0.9000000000
2026-08-02,S04,K02,shared_ridge10,11.9764172924,7.2974562038,16.6762079440,0.9000000000
2026-08-02,S04,K03,shared_ridge10,13.5570071622,10.0496852482,14.6725294816,0.9000000000
2026-08-02,S04,K04,shared_ridge10,14.7838788767,9.1433790174,16.8144256900,0.9000000000
2026-08-02,S04,K05,shared_ridge10,16.6781028290,12.1421256269,18.2947464504,0.9000000000
2026-08-02,S04,K06,shared_ridge10,17.5042014855,12.8662483768,19.8495229358,0.9000000000
2026-08-02,S04,K07,shared_ridge10,19.4825176067,14.0689017207,24.3586020628,0.9000000000
2026-08-02,S04,K08,shared_ridge10,20.3472140497,13.4185082188,22.0267843628,0.9000000000
2026-08-02,S05,K01,shared_ridge10,12.0739192550,7.4083391029,16.3556583298,0.9000000000
2026-08-02,S05,K02,shared_ridge10,12.4981564229,5.8862030789,17.1761419670,0.9000000000
2026-08-02,S05,K03,shared_ridge10,13.3178767274,5.5768241556,14.1390483762,0.9000000000
2026-08-02,S05,K04,shared_ridge10,14.7575994690,8.0116101831,14.7614451675,0.9000000000
2026-08-02,S05,K05,shared_ridge10,17.5259289159,10.4630341048,17.4892323240,0.9000000000
2026-08-02,S05,K06,shared_ridge10,17.5734923163,13.1148750840,21.2344245702,0.9000000000
2026-08-02,S05,K07,shared_ridge10,20.2433871719,14.1727002836,24.3471350463,0.9000000000
2026-08-02,S05,K08,shared_ridge10,20.6733010063,15.3205578200,21.1680448493,0.9000000000
2026-08-02,S06,K01,shared_ridge10,11.7913105594,6.9143681792,15.4538336534,0.9000000000
2026-08-02,S06,K02,shared_ridge10,12.8133738142,6.9198641640,16.9264415196,0.9000000000
2026-08-02,S06,K03,shared_ridge10,14.3396158579,9.6498453373,16.7752382044,0.9000000000
2026-08-02,S06,K04,shared_ridge10,15.2593884795,7.6130816344,16.5671870228,0.9000000000
2026-08-02,S06,K05,shared_ridge10,17.4598681970,11.6277426166,19.3171360034,0.9000000000
2026-08-02,S06,K06,shared_ridge10,18.0517531859,11.0864756360,18.4252374380,0.9000000000
2026-08-02,S06,K07,shared_ridge10,20.6999089111,11.8760366148,25.3212370542,0.9000000000
2026-08-02,S06,K08,shared_ridge10,20.9993879628,14.9804701928,22.7922336226,0.9000000000
2026-08-02,S07,K01,shared_ridge10,12.3130496898,6.6147954392,17.0992417194,0.9000000000
2026-08-02,S07,K02,shared_ridge10,12.6829390316,6.5580783682,14.0971708918,0.9000000000
2026-08-02,S07,K03,shared_ridge10,14.4591810753,7.1883835063,15.8171989908,0.9000000000
2026-08-02,S07,K04,shared_ridge10,15.6416122727,10.5274413847,18.7605222288,0.9000000000
2026-08-02,S07,K05,shared_ridge10,17.9264161738,11.8018368804,19.3439949078,0.9000000000
2026-08-02,S07,K06,shared_ridge10,18.7147966641,11.6084608338,22.7965953119,0.9000000000
2026-08-02,S07,K07,shared_ridge10,21.6238219546,16.9447877390,24.8074351413,0.9000000000
2026-08-02,S07,K08,shared_ridge10,21.3798227454,12.2904663894,22.3781090472,0.9000000000
2026-08-02,S08,K01,shared_ridge10,13.1173975159,7.2755631552,20.5234605083,0.9000000000
2026-08-02,S08,K02,shared_ridge10,13.3133738142,8.3813592223,15.4965784648,0.9000000000
2026-08-02,S08,K03,shared_ridge10,15.1563037076,8.9671062100,15.8661515694,0.9000000000
2026-08-02,S08,K04,shared_ridge10,16.4115623926,11.3695520531,18.3598119476,0.9000000000
2026-08-02,S08,K05,shared_ridge10,19.2307639999,14.7612107744,22.9746970316,0.9000000000
2026-08-02,S08,K06,shared_ridge10,19.0843618815,14.2076438779,23.7085548793,0.9000000000
2026-08-02,S08,K07,shared_ridge10,22.0259958676,13.4011312456,24.0517921918,0.9000000000
2026-08-02,S08,K08,shared_ridge10,22.6950401367,14.8104468626,25.3980895202,0.9000000000
2026-08-02,S09,K01,shared_ridge10,13.2369627333,6.2534051668,14.4349342484,0.9000000000
2026-08-02,S09,K02,shared_ridge10,13.7698955533,6.4433900589,16.4432549937,0.9000000000
2026-08-02,S09,K03,shared_ridge10,15.1034263399,8.2224941731,18.6652350608,0.9000000000
2026-08-02,S09,K04,shared_ridge10,16.5836864255,11.0418413568,24.6080298112,0.9000000000
2026-08-02,S09,K05,shared_ridge10,19.4046770434,16.5614841664,24.0036865428,0.9000000000
2026-08-02,S09,K06,shared_ridge10,19.8452314467,12.6944578252,20.8375343489,0.9000000000
2026-08-02,S09,K07,shared_ridge10,22.1020828241,12.1194585208,22.0539406950,0.9000000000
2026-08-02,S09,K08,shared_ridge10,23.3363444845,17.0970828166,26.4132791104,0.9000000000
2026-08-02,S10,K01,shared_ridge10,12.9978322985,6.3574506106,18.3116654656,0.9000000000
2026-08-02,S10,K02,shared_ridge10,14.0478848645,6.8825124552,16.8626241196,0.9000000000
2026-08-02,S10,K03,shared_ridge10,16.2229915573,10.6002739779,18.2089713486,0.9000000000
2026-08-02,S10,K04,shared_ridge10,16.6534440941,12.1772607033,18.8382372156,0.9000000000
2026-08-02,S10,K05,shared_ridge10,19.4590248695,14.3063864686,23.6886575790,0.9000000000
2026-08-02,S10,K06,shared_ridge10,20.7147966641,13.7324148964,22.7294418771,0.9000000000
2026-08-02,S10,K07,shared_ridge10,23.2868654328,16.1068079605,25.1096447285,0.9000000000
2026-08-02,S10,K08,shared_ridge10,23.0773385349,15.2230539291,25.3571625262,0.9000000000
2026-08-02,S11,K01,shared_ridge10,13.5087018637,5.7963127755,16.6630129067,0.9000000000
2026-08-02,S11,K02,shared_ridge10,14.7234287043,9.4773766532,16.1309172341,0.9000000000
2026-08-02,S11,K03,shared_ridge10,16.4063037076,11.7813662318,18.3882304065,0.9000000000
2026-08-02,S11,K04,shared_ridge10,17.7295310507,12.5801615926,19.5353664544,0.9000000000
2026-08-02,S11,K05,shared_ridge10,20.3177205216,13.2750562455,25.3051400210,0.9000000000
2026-08-02,S11,K06,shared_ridge10,20.7039270989,13.4984775402,26.1820755724,0.9000000000
2026-08-02,S11,K07,shared_ridge10,23.6564306502,16.8794199186,24.5952158666,0.9000000000
2026-08-02,S11,K08,shared_ridge10,24.4161586722,16.1735095647,29.6735095647,0.9000000000
2026-08-02,S12,K01,shared_ridge10,14.1826149072,7.8810099208,16.2611426510,0.9000000000
2026-08-02,S12,K02,shared_ridge10,14.9641899354,8.2933649274,17.4583802630,0.9000000000
2026-08-02,S12,K03,shared_ridge10,16.6983115101,11.7015791625,17.3084433372,0.9000000000
2026-08-02,S12,K04,shared_ridge10,17.9034440941,11.7460491392,22.3765333931,0.9000000000
2026-08-02,S12,K05,shared_ridge10,20.2416335651,14.5820298090,24.6545665328,0.9000000000
2026-08-02,S12,K06,shared_ridge10,21.2691444902,12.9388911553,22.6007196598,0.9000000000
2026-08-02,S12,K07,shared_ridge10,23.7182538380,18.7927933230,26.0408146516,0.9000000000
2026-08-02,S12,K08,shared_ridge10,24.7857238896,20.1571557784,28.8302360606,0.9000000000
2026-08-03,S01,K01,shared_ridge10,8.0814192818,2.4224256195,12.7665062779,0.9000000000
2026-08-03,S01,K02,shared_ridge10,8.2547112273,2.7723961783,10.8515885710,0.9000000000
2026-08-03,S01,K03,shared_ridge10,9.6389832603,1.4553279166,11.4806899076,0.9000000000
2026-08-03,S01,K04,shared_ridge10,10.7284365957,5.2281662606,15.2270775996,0.9000000000
2026-08-03,S01,K05,shared_ridge10,11.8373916384,7.2176803898,13.7979687110,0.9000000000
2026-08-03,S01,K06,shared_ridge10,12.3877991645,5.0588666459,13.9026839892,0.9000000000
2026-08-03,S01,K07,shared_ridge10,14.4179836467,6.9882632729,13.8502694652,0.9000000000
2026-08-03,S01,K08,shared_ridge10,14.5671071015,8.2124581279,16.2108554940,0.9000000000
2026-08-03,S02,K01,shared_ridge10,8.8720846003,4.6700932070,11.2791149296,0.9000000000
2026-08-03,S02,K02,shared_ridge10,8.2655807925,2.1650020176,10.9341642508,0.9000000000
2026-08-03,S02,K03,shared_ridge10,10.4650702168,7.1292963563,15.4392870926,0.9000000000
2026-08-03,S02,K04,shared_ridge10,10.7393061609,3.2347777566,11.4117078615,0.9000000000
2026-08-03,S02,K05,shared_ridge10,12.9026090297,5.1737680090,14.0683143074,0.9000000000
2026-08-03,S02,K06,shared_ridge10,13.0753044594,7.7517039760,16.8015563268,0.9000000000
2026-08-03,S02,K07,shared_ridge10,14.4682503145,9.8993276012,16.1034130012,0.9000000000
2026-08-03,S02,K08,shared_ridge10,15.7192810145,9.1248899860,18.8943625723,0.9000000000
2026-08-03,S03,K01,shared_ridge10,8.8217650856,3.1860694889,10.0837751586,0.9000000000
2026-08-03,S03,K02,shared_ridge10,9.3525373142,4.0808876408,14.3541071762,0.9000000000
2026-08-03,S03,K03,shared_ridge10,10.7802876081,6.6356778759,14.0140934374,0.9000000000
2026-08-03,S03,K04,shared_ridge10,11.1523496392,3.5842656321,11.9977191186,0.9000000000
2026-08-03,S03,K05,shared_ridge10,13.2404088790,7.9005759871,15.4924145426,0.9000000000
2026-08-03,S03,K06,shared_ridge10,13.3443209037,7.5584978938,13.6661831833,0.9000000000
2026-08-03,S03,K07,shared_ridge10,15.7834677058,10.7927134086,16.1202414526,0.9000000000
2026-08-03,S03,K08,shared_ridge10,15.5888462319,8.0952940588,18.6403886198,0.9000000000
2026-08-03,S04,K01,shared_ridge10,9.4087216073,6.1004115687,11.2789024010,0.9000000000
2026-08-03,S04,K02,shared_ridge10,9.4286242707,4.7496631820,14.1284149224,0.9000000000
2026-08-03,S04,K03,shared_ridge10,11.3455049994,7.8381830854,12.4610273187,0.9000000000
2026-08-03,S04,K04,shared_ridge10,12.0545235522,6.4140236928,14.0850703655,0.9000000000
2026-08-03,S04,K05,shared_ridge10,13.7847304675,9.2487532654,15.4013740889,0.9000000000
2026-08-03,S04,K06,shared_ridge10,14.4285547393,9.7906016306,16.7738761896,0.9000000000
2026-08-03,S04,K07,shared_ridge10,16.0117285754,10.5981126894,20.8878130314,0.9000000000
2026-08-03,S04,K08,shared_ridge10,16.9801505798,10.0514447489,18.6597208929,0.9000000000
2026-08-03,S05,K01,shared_ridge10,10.0065476943,5.3409675422,14.2882867690,0.9000000000
2026-08-03,S05,K02,shared_ridge10,9.9503634012,3.3384100572,14.6283489452,0.9000000000
2026-08-03,S05,K03,shared_ridge10,11.1063745646,3.3653219927,11.9275462134,0.9000000000
2026-08-03,S05,K04,shared_ridge10,12.0282441445,5.2822548586,12.0320898430,0.9000000000
2026-08-03,S05,K05,shared_ridge10,14.6325565544,7.5696617432,14.5958599625,0.9000000000
2026-08-03,S05,K06,shared_ridge10,14.4978455701,10.0392283378,18.1587778240,0.9000000000
2026-08-03,S05,K07,shared_ridge10,16.7725981406,10.7019112523,20.8763460150,0.9000000000
2026-08-03,S05,K08,shared_ridge10,17.3062375363,11.9534943499,17.8009813792,0.9000000000
2026-08-03,S06,K01,shared_ridge10,9.7239389986,4.8469966184,13.3864620926,0.9000000000
2026-08-03,S06,K02,shared_ridge10,10.2655807925,4.3720711424,14.3786484979,0.9000000000
2026-08-03,S06,K03,shared_ridge10,12.1281136951,7.4383431745,14.5637360416,0.9000000000
2026-08-03,S06,K04,shared_ridge10,12.5300331550,4.8837263099,13.8378316983,0.9000000000
2026-08-03,S06,K05,shared_ridge10,14.5664958355,8.7343702551,16.4237636419,0.9000000000
2026-08-03,S06,K06,shared_ridge10,14.9761064396,8.0108288897,15.3495906917,0.9000000000
2026-08-03,S06,K07,shared_ridge10,17.2291198798,8.4052475835,21.8504480229,0.9000000000
2026-08-03,S06,K08,shared_ridge10,17.6323244928,11.6134067228,19.4251701526,0.9000000000
2026-08-03,S07,K01,shared_ridge10,10.2456781291,4.5474238784,15.0318701588,0.9000000000
2026-08-03,S07,K02,shared_ridge10,10.1351460099,4.0102853465,11.5493778702,0.9000000000
2026-08-03,S07,K03,shared_ridge10,12.2476789125,4.9768813435,13.6056968280,0.9000000000
2026-08-03,S07,K04,shared_ridge10,12.9122569482,7.7980860602,16.0311669043,0.9000000000
2026-08-03,S07,K05,shared_ridge10,15.0330438123,8.9084645190,16.4506225463,0.9000000000
2026-08-03,S07,K06,shared_ridge10,15.6391499179,8.5328140876,19.7209485657,0.9000000000
2026-08-03,S07,K07,shared_ridge10,18.1530329232,13.4739987076,21.3366461098,0.9000000000
2026-08-03,S07,K08,shared_ridge10,18.0127592754,8.9234029194,19.0110455772,0.9000000000
2026-08-03,S08,K01,shared_ridge10,11.0500259552,5.2081915945,18.4560889476,0.9000000000
2026-08-03,S08,K02,shared_ridge10,10.7655807925,5.8335662006,12.9487854431,0.9000000000
2026-08-03,S08,K03,shared_ridge10,12.9448015448,6.7556040472,13.6546494067,0.9000000000
2026-08-03,S08,K04,shared_ridge10,13.6822070681,8.6401967286,15.6304566231,0.9000000000
2026-08-03,S08,K05,shared_ridge10,16.3373916384,11.8678384128,20.0813246701,0.9000000000
2026-08-03,S08,K06,shared_ridge10,16.0087151353,11.1319971317,20.6329081331,0.9000000000
2026-08-03,S08,K07,shared_ridge10,18.5552068363,9.9303422143,20.5810031604,0.9000000000
2026-08-03,S08,K08,shared_ridge10,19.3279766667,11.4433833926,22.0310260502,0.9000000000
2026-08-03,S09,K01,shared_ridge10,11.1695911726,4.1860336061,12.3675626878,0.9000000000
2026-08-03,S09,K02,shared_ridge10,11.2221025316,3.8955970372,13.8954619720,0.9000000000
2026-08-03,S09,K03,shared_ridge10,12.8919241771,6.0109920103,16.4537328980,0.9000000000
2026-08-03,S09,K04,shared_ridge10,13.8543311010,8.3124860322,21.8786744867,0.9000000000
2026-08-03,S09,K05,shared_ridge10,16.5113046819,13.6681118049,21.1103141812,0.9000000000
2026-08-03,S09,K06,shared_ridge10,16.7695847005,9.6188110790,17.7618876027,0.9000000000
2026-08-03,S09,K07,shared_ridge10,18.6312937928,8.6486694895,18.5831516636,0.9000000000
2026-08-03,S09,K08,shared_ridge10,19.9692810145,13.7300193466,23.0462156404,0.9000000000
2026-08-03,S10,K01,shared_ridge10,10.9304607378,4.2900790499,16.2442939049,0.9000000000
2026-08-03,S10,K02,shared_ridge10,11.5000918428,4.3347194334,14.3148310979,0.9000000000
2026-08-03,S10,K03,shared_ridge10,14.0114893945,8.3887718151,15.9974691858,0.9000000000
2026-08-03,S10,K04,shared_ridge10,13.9240887696,9.4479053788,16.1088818910,0.9000000000
2026-08-03,S10,K05,shared_ridge10,16.5656525079,11.4130141070,20.7952852174,0.9000000000
2026-08-03,S10,K06,shared_ridge10,17.6391499179,10.6567681502,19.6537951309,0.9000000000
2026-08-03,S10,K07,shared_ridge10,19.8160764015,12.6360189292,21.6388556972,0.9000000000
2026-08-03,S10,K08,shared_ridge10,19.7102750649,11.8559904591,21.9900990562,0.9000000000
2026-08-03,S11,K01,shared_ridge10,11.4413303030,3.7289412148,14.5956413460,0.9000000000
2026-08-03,S11,K02,shared_ridge10,12.1756356826,6.9295836315,13.5831242124,0.9000000000
2026-08-03,S11,K03,shared_ridge10,14.1948015448,9.5698640690,16.1767282437,0.9000000000
2026-08-03,S11,K04,shared_ridge10,15.0001757262,9.8508062680,16.8060111298,0.9000000000
2026-08-03,S11,K05,shared_ridge10,17.4243481601,10.3816838840,22.4117676594,0.9000000000
2026-08-03,S11,K06,shared_ridge10,17.6282803527,10.4228307940,23.1064288262,0.9000000000
2026-08-03,S11,K07,shared_ridge10,20.1856416189,13.4086308872,21.1244268354,0.9000000000
2026-08-03,S11,K08,shared_ridge10,21.0490952023,12.8064460948,26.3064460948,0.9000000000
2026-08-03,S12,K01,shared_ridge10,12.1152433465,5.8136383602,14.1937710903,0.9000000000
2026-08-03,S12,K02,shared_ridge10,12.4163969137,5.7455719057,14.9105872413,0.9000000000
2026-08-03,S12,K03,shared_ridge10,14.4868093473,9.4900769997,15.0969411744,0.9000000000
2026-08-03,S12,K04,shared_ridge10,15.1740887696,9.0166938147,19.6471780686,0.9000000000
2026-08-03,S12,K05,shared_ridge10,17.3482612036,11.6886574476,21.7611941713,0.9000000000
2026-08-03,S12,K06,shared_ridge10,18.1934977440,9.8632444091,19.5250729136,0.9000000000
2026-08-03,S12,K07,shared_ridge10,20.2474648067,15.3220042917,22.5700256202,0.9000000000
2026-08-03,S12,K08,shared_ridge10,21.4186604197,16.7900923085,25.4631725907,0.9000000000
2026-08-04,S01,K01,shared_ridge10,7.7545594035,2.0955657412,12.4396463996,0.9000000000
2026-08-04,S01,K02,shared_ridge10,7.8951287275,2.4128136785,10.4920060713,0.9000000000
2026-08-04,S01,K03,shared_ridge10,9.5721182505,1.4146263898,11.4138248978,0.9000000000
2026-08-04,S01,K04,shared_ridge10,10.6391721330,5.1389017980,15.1378131368,0.9000000000
2026-08-04,S01,K05,shared_ridge10,11.4591609496,6.8394497010,13.4197380222,0.9000000000
2026-08-04,S01,K06,shared_ridge10,12.3383514268,5.0094189082,13.8532362516,0.9000000000
2026-08-04,S01,K07,shared_ridge10,14.1945786220,6.7648582482,13.6268644406,0.9000000000
2026-08-04,S01,K08,shared_ridge10,14.5717186387,8.2170696651,16.2154670312,0.9000000000
2026-08-04,S02,K01,shared_ridge10,8.5452247220,4.3432333287,10.9522550514,0.9000000000
2026-08-04,S02,K02,shared_ridge10,7.9059982927,1.8054195178,10.5745817510,0.9000000000
2026-08-04,S02,K03,shared_ridge10,10.3982052071,7.0624313466,15.3724220830,0.9000000000
2026-08-04,S02,K04,shared_ridge10,10.6500416982,3.1455132939,11.3224433988,0.9000000000
2026-08-04,S02,K05,shared_ridge10,12.5243783409,4.7955373202,13.6900836186,0.9000000000
2026-08-04,S02,K06,shared_ridge10,13.0258567216,7.7022562382,16.7521085890,0.9000000000
2026-08-04,S02,K07,shared_ridge10,14.2448452898,9.6759225766,15.8800079766,0.9000000000
2026-08-04,S02,K08,shared_ridge10,15.7238925517,9.1295015232,18.8989741095,0.9000000000
2026-08-04,S03,K01,shared_ridge10,8.4949052073,2.8592096106,9.7569152803,0.9000000000
2026-08-04,S03,K02,shared_ridge10,8.9929548144,3.7213051411,13.9945246764,0.9000000000
2026-08-04,S03,K03,shared_ridge10,10.7134225984,6.5688128662,13.9472284278,0.9000000000
2026-08-04,S03,K04,shared_ridge10,11.0630851765,3.4950011694,11.9084546558,0.9000000000
2026-08-04,S03,K05,shared_ridge10,12.8621781902,7.5223452983,15.1141838538,0.9000000000
2026-08-04,S03,K06,shared_ridge10,13.2948731659,7.5090501560,13.6167354455,0.9000000000
2026-08-04,S03,K07,shared_ridge10,15.5600626811,10.5693083840,15.8968364280,0.9000000000
2026-08-04,S03,K08,shared_ridge10,15.5934577691,8.0999055960,18.6450001570,0.9000000000
2026-08-04,S04,K01,shared_ridge10,9.0818617290,5.7735516904,10.9520425228,0.9000000000
2026-08-04,S04,K02,shared_ridge10,9.0690417709,4.3900806822,13.7688324226,0.9000000000
2026-08-04,S04,K03,shared_ridge10,11.2786399897,7.7713180757,12.3941623090,0.9000000000
2026-08-04,S04,K04,shared_ridge10,11.9652590895,6.3247592302,13.9958059028,0.9000000000
2026-08-04,S04,K05,shared_ridge10,13.4064997787,8.8705225766,15.0231434001,0.9000000000
2026-08-04,S04,K06,shared_ridge10,14.3791070015,9.7411538928,16.7244284518,0.9000000000
2026-08-04,S04,K07,shared_ridge10,15.7883235507,10.3747076647,20.6644080068,0.9000000000
2026-08-04,S04,K08,shared_ridge10,16.9847621169,10.0560562860,18.6643324300,0.9000000000
2026-08-04,S05,K01,shared_ridge10,9.6796878160,5.0141076639,13.9614268908,0.9000000000
2026-08-04,S05,K02,shared_ridge10,9.5907809014,2.9788275574,14.2687664455,0.9000000000
2026-08-04,S05,K03,shared_ridge10,11.0395095549,3.2984569831,11.8606812038,0.9000000000
2026-08-04,S05,K04,shared_ridge10,11.9389796817,5.1929903958,11.9428253802,0.9000000000
2026-08-04,S05,K05,shared_ridge10,14.2543258656,7.1914310544,14.2176292737,0.9000000000
2026-08-04,S05,K06,shared_ridge10,14.4483978323,9.9897805999,18.1093300862,0.9000000000
2026-08-04,S05,K07,shared_ridge10,16.5491931159,10.4785062276,20.6529409903,0.9000000000
2026-08-04,S05,K08,shared_ridge10,17.3108490735,11.9581058871,17.8055929164,0.9000000000
2026-08-04,S06,K01,shared_ridge10,9.3970791203,4.5201367401,13.0596022143,0.9000000000
2026-08-04,S06,K02,shared_ridge10,9.9059982927,4.0124886426,14.0190659981,0.9000000000
2026-08-04,S06,K03,shared_ridge10,12.0612486853,7.3714781647,14.4968710318,0.9000000000
2026-08-04,S06,K04,shared_ridge10,12.4407686923,4.7944618472,13.7485672356,0.9000000000
2026-08-04,S06,K05,shared_ridge10,14.1882651468,8.3561395664,16.0455329532,0.9000000000
2026-08-04,S06,K06,shared_ridge10,14.9266587019,7.9613811520,15.3001429540,0.9000000000
2026-08-04,S06,K07,shared_ridge10,17.0057148551,8.1818425588,21.6270429982,0.9000000000
2026-08-04,S06,K08,shared_ridge10,17.6369360300,11.6180182601,19.4297816898,0.9000000000
2026-08-04,S07,K01,shared_ridge10,9.9188182508,4.2205640001,14.7050102804,0.9000000000
2026-08-04,S07,K02,shared_ridge10,9.7755635101,3.6507028467,11.1897953704,0.9000000000
2026-08-04,S07,K03,shared_ridge10,12.1808139027,4.9100163337,13.5388318182,0.9000000000
2026-08-04,S07,K04,shared_ridge10,12.8229924855,7.7088215976,15.9419024416,0.9000000000
2026-08-04,S07,K05,shared_ridge10,14.6548131235,8.5302338302,16.0723918574,0.9000000000
2026-08-04,S07,K06,shared_ridge10,15.5897021802,8.4833663498,19.6715008280,0.9000000000
2026-08-04,S07,K07,shared_ridge10,17.9296278985,13.2505936829,21.1132410852,0.9000000000
2026-08-04,S07,K08,shared_ridge10,18.0173708126,8.9280144566,19.0156571144,0.9000000000
2026-08-04,S08,K01,shared_ridge10,10.7231660769,4.8813317162,18.1292290693,0.9000000000
2026-08-04,S08,K02,shared_ridge10,10.4059982927,5.4739837008,12.5892029433,0.9000000000
2026-08-04,S08,K03,shared_ridge10,12.8779365350,6.6887390374,13.5877843969,0.9000000000
2026-08-04,S08,K04,shared_ridge10,13.5929426053,8.5509322658,15.5411921603,0.9000000000
2026-08-04,S08,K05,shared_ridge10,15.9591609496,11.4896077240,19.7030939813,0.9000000000
2026-08-04,S08,K06,shared_ridge10,15.9592673976,11.0825493940,20.5834603954,0.9000000000
2026-08-04,S08,K07,shared_ridge10,18.3318018116,9.7069371896,20.3575981358,0.9000000000
2026-08-04,S08,K08,shared_ridge10,19.3325882039,11.4479949297,22.0356375874,0.9000000000
2026-08-04,S09,K01,shared_ridge10,10.8427312942,3.8591737276,12.0407028094,0.9000000000
2026-08-04,S09,K02,shared_ridge10,10.8625200318,3.5360145375,13.5358794722,0.9000000000
2026-08-04,S09,K03,shared_ridge10,12.8250591673,5.9441270004,16.3868678882,0.9000000000
2026-08-04,S09,K04,shared_ridge10,13.7650666383,8.2232215695,21.7894100240,0.9000000000
2026-08-04,S09,K05,shared_ridge10,16.1330739931,13.2898811160,20.7320834924,0.9000000000
2026-08-04,S09,K06,shared_ridge10,16.7201369628,9.5693633413,17.7124398650,0.9000000000
2026-08-04,S09,K07,shared_ridge10,18.4078887681,8.4252644648,18.3597466390,0.9000000000
2026-08-04,S09,K08,shared_ridge10,19.9738925517,13.7346308838,23.0508271776,0.9000000000
2026-08-04,S10,K01,shared_ridge10,10.6036008595,3.9632191716,15.9174340266,0.9000000000
2026-08-04,S10,K02,shared_ridge10,11.1405093430,3.9751369336,13.9552485981,0.9000000000
2026-08-04,S10,K03,shared_ridge10,13.9446243847,8.3219068053,15.9306041760,0.9000000000
2026-08-04,S10,K04,shared_ridge10,13.8348243069,9.3586409161,16.0196174284,0.9000000000
2026-08-04,S10,K05,shared_ridge10,16.1874218192,11.0347834183,20.4170545287,0.9000000000
2026-08-04,S10,K06,shared_ridge10,17.5897021802,10.6073204125,19.6043473932,0.9000000000
2026-08-04,S10,K07,shared_ridge10,19.5926713768,12.4126139045,21.4154506725,0.9000000000
2026-08-04,S10,K08,shared_ridge10,19.7148866021,11.8606019963,21.9947105935,0.9000000000
2026-08-04,S11,K01,shared_ridge10,11.1144704247,3.4020813365,14.2687814677,0.9000000000
2026-08-04,S11,K02,shared_ridge10,11.8160531828,6.5700011317,13.2235417125,0.9000000000
2026-08-04,S11,K03,shared_ridge10,14.1279365350,9.5029990592,16.1098632339,0.9000000000
2026-08-04,S11,K04,shared_ridge10,14.9109112634,9.7615418052,16.7167466670,0.9000000000
2026-08-04,S11,K05,shared_ridge10,17.0461174713,10.0034531953,22.0335369706,0.9000000000
2026-08-04,S11,K06,shared_ridge10,17.5788326149,10.3733830563,23.0569810884,0.9000000000
2026-08-04,S11,K07,shared_ridge10,19.9622365942,13.1852258626,20.9010218106,0.9000000000
2026-08-04,S11,K08,shared_ridge10,21.0537067395,12.8110576320,26.3110576320,0.9000000000
2026-08-04,S12,K01,shared_ridge10,11.7883834682,5.4867784818,13.8669112120,0.9000000000
2026-08-04,S12,K02,shared_ridge10,12.0568144139,5.3859894059,14.5510047415,0.9000000000
2026-08-04,S12,K03,shared_ridge10,14.4199443375,9.4232119899,15.0300761646,0.9000000000
2026-08-04,S12,K04,shared_ridge10,15.0848243069,8.9274293520,19.5579136059,0.9000000000
2026-08-04,S12,K05,shared_ridge10,16.9700305148,11.3104267588,21.3829634825,0.9000000000
2026-08-04,S12,K06,shared_ridge10,18.1440500063,9.8137966714,19.4756251759,0.9000000000
2026-08-04,S12,K07,shared_ridge10,20.0240597820,15.0985992670,22.3466205956,0.9000000000
2026-08-04,S12,K08,shared_ridge10,21.4232719569,16.7947038457,25.4677841279,0.9000000000
2026-08-05,S01,K01,shared_ridge10,7.3749278469,1.7159341846,12.0600148430,0.9000000000
2026-08-05,S01,K02,shared_ridge10,8.1051710981,2.6228560491,10.7020484418,0.9000000000
2026-08-05,S01,K03,shared_ridge10,9.2758633772,1.2664989532,11.1175700245,0.9000000000
2026-08-05,S01,K04,shared_ridge10,10.3061980990,4.8059277640,14.8048391028,0.9000000000
2026-08-05,S01,K05,shared_ridge10,11.3964819467,6.7767706981,13.3570590192,0.9000000000
2026-08-05,S01,K06,shared_ridge10,11.6861715435,4.3572390249,13.2010563682,0.9000000000
2026-08-05,S01,K07,shared_ridge10,14.0905771143,6.6608567405,13.5228629328,0.9000000000
2026-08-05,S01,K08,shared_ridge10,14.2929472828,7.9382983092,15.9366956753,0.9000000000
2026-08-05,S02,K01,shared_ridge10,8.1655931654,3.9636017721,10.5726234948,0.9000000000
2026-08-05,S02,K02,shared_ridge10,8.1160406633,2.0154618884,10.7846241216,0.9000000000
2026-08-05,S02,K03,shared_ridge10,10.1019503337,6.7661764732,15.0761672096,0.9000000000
2026-08-05,S02,K04,shared_ridge10,10.3170676642,2.8125392599,10.9894693648,0.9000000000
2026-08-05,S02,K05,shared_ridge10,12.4616993380,4.7328583173,13.6274046157,0.9000000000
2026-08-05,S02,K06,shared_ridge10,12.3736768383,7.0500763548,16.0999287058,0.9000000000
2026-08-05,S02,K07,shared_ridge10,14.1408437821,9.5719210688,15.7760064688,0.9000000000
2026-08-05,S02,K08,shared_ridge10,15.4451211958,8.8507301673,18.6202027536,0.9000000000
2026-08-05,S03,K01,shared_ridge10,8.1152736507,2.4795780540,9.3772837237,0.9000000000
2026-08-05,S03,K02,shared_ridge10,9.2029971850,3.9313475116,14.2045670470,0.9000000000
2026-08-05,S03,K03,shared_ridge10,10.4171677250,6.2725579928,13.6509735544,0.9000000000
2026-08-05,S03,K04,shared_ridge10,10.7301111425,3.1620271354,11.5754806218,0.9000000000
2026-08-05,S03,K05,shared_ridge10,12.7994991873,7.4596662954,15.0515048508,0.9000000000
2026-08-05,S03,K06,shared_ridge10,12.6426932826,6.8568702728,12.9645555622,0.9000000000
2026-08-05,S03,K07,shared_ridge10,15.4560611735,10.4653068764,15.7928349204,0.9000000000
2026-08-05,S03,K08,shared_ridge10,15.3146864132,7.8211342401,18.3662288012,0.9000000000
2026-08-05,S04,K01,shared_ridge10,8.7022301724,5.3939201338,10.5724109662,0.9000000000
2026-08-05,S04,K02,shared_ridge10,9.2790841415,4.6001230528,13.9788747932,0.9000000000
2026-08-05,S04,K03,shared_ridge10,10.9823851163,7.4750632022,12.0979074356,0.9000000000
2026-08-05,S04,K04,shared_ridge10,11.6322850555,5.9917851962,13.6628318688,0.9000000000
2026-08-05,S04,K05,shared_ridge10,13.3438207758,8.8078435736,14.9604643972,0.9000000000
2026-08-05,S04,K06,shared_ridge10,13.7269271182,9.0889740095,16.0722485684,0.9000000000
2026-08-05,S04,K07,shared_ridge10,15.6843220430,10.2707061570,20.5604064990,0.9000000000
2026-08-05,S04,K08,shared_ridge10,16.7059907610,9.7772849301,18.3855610741,0.9000000000
2026-08-05,S05,K01,shared_ridge10,9.3000562594,4.6344761073,13.5817953342,0.9000000000
2026-08-05,S05,K02,shared_ridge10,9.8008232720,3.1888699280,14.4788088160,0.9000000000
2026-08-05,S05,K03,shared_ridge10,10.7432546815,3.0022021096,11.5644263303,0.9000000000
2026-08-05,S05,K04,shared_ridge10,11.6060056477,4.8600163618,11.6098513462,0.9000000000
2026-08-05,S05,K05,shared_ridge10,14.1916468627,7.1287520516,14.1549502708,0.9000000000
2026-08-05,S05,K06,shared_ridge10,13.7962179490,9.3376007167,17.4571502029,0.9000000000
2026-08-05,S05,K07,shared_ridge10,16.4451916082,10.3745047199,20.5489394826,0.9000000000
2026-08-05,S05,K08,shared_ridge10,17.0320777176,11.6793345312,17.5268215605,0.9000000000
2026-08-05,S06,K01,shared_ridge10,9.0174475637,4.1405051835,12.6799706577,0.9000000000
2026-08-05,S06,K02,shared_ridge10,10.1160406633,4.2225310132,14.2291083687,0.9000000000
2026-08-05,S06,K03,shared_ridge10,11.7649938119,7.0752232913,14.2006161584,0.9000000000
2026-08-05,S06,K04,shared_ridge10,12.1077946583,4.4614878132,13.4155932016,0.9000000000
2026-08-05,S06,K05,shared_ridge10,14.1255861438,8.2934605634,15.9828539502,0.9000000000
2026-08-05,S06,K06,shared_ridge10,14.2744788186,7.3092012687,14.6479630707,0.9000000000
2026-08-05,S06,K07,shared_ridge10,16.9017133474,8.0778410512,21.5230414905,0.9000000000
2026-08-05,S06,K08,shared_ridge10,17.3581646741,11.3392469042,19.1510103339,0.9000000000
2026-08-05,S07,K01,shared_ridge10,9.5391866942,3.8409324436,14.3253787238,0.9000000000
2026-08-05,S07,K02,shared_ridge10,9.9856058807,3.8607452173,11.3998377410,0.9000000000
2026-08-05,S07,K03,shared_ridge10,11.8845590293,4.6137614603,13.2425769448,0.9000000000
2026-08-05,S07,K04,shared_ridge10,12.4900184515,7.3758475635,15.6089284076,0.9000000000
2026-08-05,S07,K05,shared_ridge10,14.5921341206,8.4675548273,16.0097128546,0.9000000000
2026-08-05,S07,K06,shared_ridge10,14.9375222968,7.8311864664,19.0193209446,0.9000000000
2026-08-05,S07,K07,shared_ridge10,17.8256263908,13.1465921752,21.0092395775,0.9000000000
2026-08-05,S07,K08,shared_ridge10,17.7385994567,8.6492431008,18.7368857585,0.9000000000
2026-08-05,S08,K01,shared_ridge10,10.3435345203,4.5017001596,17.7495975127,0.9000000000
2026-08-05,S08,K02,shared_ridge10,10.6160406633,5.6840260714,12.7992453139,0.9000000000
2026-08-05,S08,K03,shared_ridge10,12.5816816616,6.3924841640,13.2915295234,0.9000000000
2026-08-05,S08,K04,shared_ridge10,13.2599685713,8.2179582318,15.2082181263,0.9000000000
2026-08-05,S08,K05,shared_ridge10,15.8964819467,11.4269287212,19.6404149784,0.9000000000
2026-08-05,S08,K06,shared_ridge10,15.3070875142,10.4303695106,19.9312805120,0.9000000000
2026-08-05,S08,K07,shared_ridge10,18.2278003039,9.6029356820,20.2535966280,0.9000000000
2026-08-05,S08,K08,shared_ridge10,19.0538168480,11.1692235739,21.7568662316,0.9000000000
2026-08-05,S09,K01,shared_ridge10,10.4630997377,3.4795421712,11.6610712528,0.9000000000
2026-08-05,S09,K02,shared_ridge10,11.0725624024,3.7460569080,13.7459218428,0.9000000000
2026-08-05,S09,K03,shared_ridge10,12.5288042939,5.6478721271,16.0906130148,0.9000000000
2026-08-05,S09,K04,shared_ridge10,13.4320926043,7.8902475355,21.4564359900,0.9000000000
2026-08-05,S09,K05,shared_ridge10,16.0703949902,13.2272021132,20.6694044896,0.9000000000
2026-08-05,S09,K06,shared_ridge10,16.0679570795,8.9171834580,17.0602599817,0.9000000000
2026-08-05,S09,K07,shared_ridge10,18.3038872604,8.3212629571,18.2557451313,0.9000000000
2026-08-05,S09,K08,shared_ridge10,19.6951211958,13.4558595278,22.7720558217,0.9000000000
2026-08-05,S10,K01,shared_ridge10,10.2239693029,3.5835876150,15.5378024700,0.9000000000
2026-08-05,S10,K02,shared_ridge10,11.3505517136,4.1851793042,14.1652909687,0.9000000000
2026-08-05,S10,K03,shared_ridge10,13.6483695113,8.0256519319,15.6343493026,0.9000000000
2026-08-05,S10,K04,shared_ridge10,13.5018502729,9.0256668821,15.6866433944,0.9000000000
2026-08-05,S10,K05,shared_ridge10,16.1247428162,10.9721044153,20.3543755257,0.9000000000
2026-08-05,S10,K06,shared_ridge10,16.9375222968,9.9551405291,18.9521675098,0.9000000000
2026-08-05,S10,K07,shared_ridge10,19.4886698691,12.3086123968,21.3114491648,0.9000000000
2026-08-05,S10,K08,shared_ridge10,19.4361152462,11.5818306404,21.7159392376,0.9000000000
2026-08-05,S11,K01,shared_ridge10,10.7348388681,3.0224497799,13.8891499111,0.9000000000
2026-08-05,S11,K02,shared_ridge10,12.0260955534,6.7800435023,13.4335840831,0.9000000000
2026-08-05,S11,K03,shared_ridge10,13.8316816616,9.2067441858,15.8136083605,0.9000000000
2026-08-05,S11,K04,shared_ridge10,14.5779372294,9.4285677712,16.3837726330,0.9000000000
2026-08-05,S11,K05,shared_ridge10,16.9834384684,9.9407741924,21.9708579678,0.9000000000
2026-08-05,S11,K06,shared_ridge10,16.9266527316,9.7212031730,22.4048012050,0.9000000000
2026-08-05,S11,K07,shared_ridge10,19.8582350865,13.0812243548,20.7970203030,0.9000000000
2026-08-05,S11,K08,shared_ridge10,20.7749353835,12.5322862760,26.0322862760,0.9000000000
2026-08-05,S12,K01,shared_ridge10,11.4087519116,5.1071469252,13.4872796554,0.9000000000
2026-08-05,S12,K02,shared_ridge10,12.2668567845,5.5960317765,14.7610471121,0.9000000000
2026-08-05,S12,K03,shared_ridge10,14.1236894641,9.1269571165,14.7338212912,0.9000000000
2026-08-05,S12,K04,shared_ridge10,14.7518502729,8.5944553180,19.2249395719,0.9000000000
2026-08-05,S12,K05,shared_ridge10,16.9073515119,11.2477477558,21.3202844796,0.9000000000
2026-08-05,S12,K06,shared_ridge10,17.4918701229,9.1616167880,18.8234452925,0.9000000000
2026-08-05,S12,K07,shared_ridge10,19.9200582743,14.9945977593,22.2426190879,0.9000000000
2026-08-05,S12,K08,shared_ridge10,21.1445006009,16.5159324897,25.1890127719,0.9000000000
2026-08-06,S01,K01,shared_ridge10,7.5767840352,1.9177903729,12.2618710313,0.9000000000
2026-08-06,S01,K02,shared_ridge10,8.2474197717,2.7651047227,10.8442971154,0.9000000000
2026-08-06,S01,K03,shared_ridge10,9.1852658237,1.2212001764,11.0269724710,0.9000000000
2026-08-06,S01,K04,shared_ridge10,10.5967141042,5.0964437692,15.0953551080,0.9000000000
2026-08-06,S01,K05,shared_ridge10,11.3530316655,6.7333204169,13.3136087380,0.9000000000
2026-08-06,S01,K06,shared_ridge10,12.0489132174,4.7199806988,13.5637980422,0.9000000000
2026-08-06,S01,K07,shared_ridge10,14.3390514768,6.9093311030,13.7713372954,0.9000000000
2026-08-06,S01,K08,shared_ridge10,14.3343672079,7.9797182343,15.9781156004,0.9000000000
2026-08-06,S02,K01,shared_ridge10,8.3674493537,4.1654579604,10.7744796830,0.9000000000
2026-08-06,S02,K02,shared_ridge10,8.2582893370,2.1577105621,10.9268727953,0.9000000000
2026-08-06,S02,K03,shared_ridge10,10.0113527802,6.6755789197,14.9855696560,0.9000000000
2026-08-06,S02,K04,shared_ridge10,10.6075836694,3.1030552651,11.2799853700,0.9000000000
2026-08-06,S02,K05,shared_ridge10,12.4182490568,4.6894080361,13.5839543345,0.9000000000
2026-08-06,S02,K06,shared_ridge10,12.7364185123,7.4128180288,16.4626703797,0.9000000000
2026-08-06,S02,K07,shared_ridge10,14.3893181447,9.8203954315,16.0244808314,0.9000000000
2026-08-06,S02,K08,shared_ridge10,15.4865411209,8.8921500924,18.6616226786,0.9000000000
2026-08-06,S03,K01,shared_ridge10,8.3171298390,2.6814342423,9.5791399120,0.9000000000
2026-08-06,S03,K02,shared_ridge10,9.3452458587,4.0735961854,14.3468157207,0.9000000000
2026-08-06,S03,K03,shared_ridge10,10.3265701715,6.1819604393,13.5603760008,0.9000000000
2026-08-06,S03,K04,shared_ridge10,11.0206271477,3.4525431406,11.8659966270,0.9000000000
2026-08-06,S03,K05,shared_ridge10,12.7560489061,7.4162160142,15.0080545696,0.9000000000
2026-08-06,S03,K06,shared_ridge10,13.0054349565,7.2196119466,13.3272972361,0.9000000000
2026-08-06,S03,K07,shared_ridge10,15.7045355360,10.7137812388,16.0413092828,0.9000000000
2026-08-06,S03,K08,shared_ridge10,15.3561063383,7.8625541652,18.4076487263,0.9000000000
2026-08-06,S04,K01,shared_ridge10,8.9040863607,5.5957763221,10.7742671544,0.9000000000
2026-08-06,S04,K02,shared_ridge10,9.4213328152,4.7423717265,14.1211234668,0.9000000000
2026-08-06,S04,K03,shared_ridge10,10.8917875629,7.3844656488,12.0073098822,0.9000000000
2026-08-06,S04,K04,shared_ridge10,11.9228010607,6.2823012014,13.9533478740,0.9000000000
2026-08-06,S04,K05,shared_ridge10,13.3003704945,8.7643932924,14.9170141159,0.9000000000
2026-08-06,S04,K06,shared_ridge10,14.0896687921,9.4517156834,16.4349902423,0.9000000000
2026-08-06,S04,K07,shared_ridge10,15.9327964055,10.5191805195,20.8088808616,0.9000000000
2026-08-06,S04,K08,shared_ridge10,16.7474106861,9.8187048552,18.4269809992,0.9000000000
2026-08-06,S05,K01,shared_ridge10,9.5019124477,4.8363322956,13.7836515224,0.9000000000
2026-08-06,S05,K02,shared_ridge10,9.9430719456,3.3311186016,14.6210574896,0.9000000000
2026-08-06,S05,K03,shared_ridge10,10.6526571281,2.9116045562,11.4738287770,0.9000000000
2026-08-06,S05,K04,shared_ridge10,11.8965216529,5.1505323670,11.9003673514,0.9000000000
2026-08-06,S05,K05,shared_ridge10,14.1481965815,7.0853017704,14.1114999896,0.9000000000
2026-08-06,S05,K06,shared_ridge10,14.1589596229,9.7003423905,17.8198918768,0.9000000000
2026-08-06,S05,K07,shared_ridge10,16.6936659707,10.6229790824,20.7974138451,0.9000000000
2026-08-06,S05,K08,shared_ridge10,17.0734976427,11.7207544564,17.5682414856,0.9000000000
2026-08-06,S06,K01,shared_ridge10,9.2193037520,4.3423613718,12.8818268460,0.9000000000
2026-08-06,S06,K02,shared_ridge10,10.2582893370,4.3647796869,14.3713570424,0.9000000000
2026-08-06,S06,K03,shared_ridge10,11.6743962585,6.9846257379,14.1100186050,0.9000000000
2026-08-06,S06,K04,shared_ridge10,12.3983106635,4.7520038184,13.7061092068,0.9000000000
2026-08-06,S06,K05,shared_ridge10,14.0821358626,8.2500102822,15.9394036690,0.9000000000
2026-08-06,S06,K06,shared_ridge10,14.6372204925,7.6719429426,15.0107047446,0.9000000000
2026-08-06,S06,K07,shared_ridge10,17.1501877099,8.3263154136,21.7715158530,0.9000000000
2026-08-06,S06,K08,shared_ridge10,17.3995845992,11.3806668293,19.1924302590,0.9000000000
2026-08-06,S07,K01,shared_ridge10,9.7410428825,4.0427886319,14.5272349122,0.9000000000
2026-08-06,S07,K02,shared_ridge10,10.1278545543,4.0029938909,11.5420864146,0.9000000000
2026-08-06,S07,K03,shared_ridge10,11.7939614759,4.5231639069,13.1519793914,0.9000000000
2026-08-06,S07,K04,shared_ridge10,12.7805344567,7.6663635688,15.8994444128,0.9000000000
2026-08-06,S07,K05,shared_ridge10,14.5486838394,8.4241045460,15.9662625734,0.9000000000
2026-08-06,S07,K06,shared_ridge10,15.3002639708,8.1939281404,19.3820626186,0.9000000000
2026-08-06,S07,K07,shared_ridge10,18.0741007534,13.3950665378,21.2577139401,0.9000000000
2026-08-06,S07,K08,shared_ridge10,17.7800193818,8.6906630258,18.7783056836,0.9000000000
2026-08-06,S08,K01,shared_ridge10,10.5453907086,4.7035563478,17.9514537010,0.9000000000
2026-08-06,S08,K02,shared_ridge10,10.7582893370,5.8262747451,12.9414939876,0.9000000000
2026-08-06,S08,K03,shared_ridge10,12.4910841082,6.3018866107,13.2009319700,0.9000000000
2026-08-06,S08,K04,shared_ridge10,13.5504845765,8.5084742370,15.4987341315,0.9000000000
2026-08-06,S08,K05,shared_ridge10,15.8530316655,11.3834784400,19.5969646972,0.9000000000
2026-08-06,S08,K06,shared_ridge10,15.6698291882,10.7931111846,20.2940221860,0.9000000000
2026-08-06,S08,K07,shared_ridge10,18.4762746664,9.8514100444,20.5020709906,0.9000000000
2026-08-06,S08,K08,shared_ridge10,19.0952367731,11.2106434990,21.7982861566,0.9000000000
2026-08-06,S09,K01,shared_ridge10,10.6649559260,3.6813983594,11.8629274411,0.9000000000
2026-08-06,S09,K02,shared_ridge10,11.2148110761,3.8883055818,13.8881705165,0.9000000000
2026-08-06,S09,K03,shared_ridge10,12.4382067405,5.5572745737,16.0000154614,0.9000000000
2026-08-06,S09,K04,shared_ridge10,13.7226086095,8.1807635408,21.7469519952,0.9000000000
2026-08-06,S09,K05,shared_ridge10,16.0269447089,13.1837518319,20.6259542082,0.9000000000
2026-08-06,S09,K06,shared_ridge10,16.4306987534,9.2799251319,17.4230016556,0.9000000000
2026-08-06,S09,K07,shared_ridge10,18.5523616229,8.5697373196,18.5042194938,0.9000000000
2026-08-06,S09,K08,shared_ridge10,19.7365411209,13.4972794530,22.8134757468,0.9000000000
2026-08-06,S10,K01,shared_ridge10,10.4258254912,3.7854438033,15.7396586583,0.9000000000
2026-08-06,S10,K02,shared_ridge10,11.4928003873,4.3274279780,14.3075396424,0.9000000000
2026-08-06,S10,K03,shared_ridge10,13.5577719579,7.9350543785,15.5437517492,0.9000000000
2026-08-06,S10,K04,shared_ridge10,13.7923662781,9.3161828873,15.9771593995,0.9000000000
2026-08-06,S10,K05,shared_ridge10,16.0812925350,10.9286541341,20.3109252445,0.9000000000
2026-08-06,S10,K06,shared_ridge10,17.3002639708,10.3178822031,19.3149091838,0.9000000000
2026-08-06,S10,K07,shared_ridge10,19.7371442316,12.5570867593,21.5599235273,0.9000000000
2026-08-06,S10,K08,shared_ridge10,19.4775351713,11.6232505655,21.7573591626,0.9000000000
2026-08-06,S11,K01,shared_ridge10,10.9366950564,3.2243059682,14.0910060994,0.9000000000
2026-08-06,S11,K02,shared_ridge10,12.1683442271,6.9222921760,13.5758327569,0.9000000000
2026-08-06,S11,K03,shared_ridge10,13.7410841082,9.1161466324,15.7230108071,0.9000000000
2026-08-06,S11,K04,shared_ridge10,14.8684532346,9.7190837764,16.6742886382,0.9000000000
2026-08-06,S11,K05,shared_ridge10,16.9399881872,9.8973239112,21.9274076865,0.9000000000
2026-08-06,S11,K06,shared_ridge10,17.2893944056,10.0839448470,22.7675428790,0.9000000000
2026-08-06,S11,K07,shared_ridge10,20.1067094490,13.3296987174,21.0454946654,0.9000000000
2026-08-06,S11,K08,shared_ridge10,20.8163553086,12.5737062011,26.0737062011,0.9000000000
2026-08-06,S12,K01,shared_ridge10,11.6106080999,5.3090031136,13.6891358437,0.9000000000
2026-08-06,S12,K02,shared_ridge10,12.4091054582,5.7382804503,14.9032957858,0.9000000000
2026-08-06,S12,K03,shared_ridge10,14.0330919107,9.0363595631,14.6432237378,0.9000000000
2026-08-06,S12,K04,shared_ridge10,15.0423662781,8.8849713232,19.5154555771,0.9000000000
2026-08-06,S12,K05,shared_ridge10,16.8639012307,11.2042974747,21.2768341984,0.9000000000
2026-08-06,S12,K06,shared_ridge10,17.8546117969,9.5243584620,19.1861869665,0.9000000000
2026-08-06,S12,K07,shared_ridge10,20.1685326368,15.2430721218,22.4910934504,0.9000000000
2026-08-06,S12,K08,shared_ridge10,21.1859205260,16.5573524148,25.2304326970,0.9000000000
2026-08-07,S01,K01,shared_ridge10,8.6603486417,3.0013549794,13.3454356378,0.9000000000
2026-08-07,S01,K02,shared_ridge10,9.4389357337,3.9566206847,12.0358130774,0.9000000000
2026-08-07,S01,K03,shared_ridge10,10.2143822241,2.0307268804,12.0560888714,0.9000000000
2026-08-07,S01,K04,shared_ridge10,11.5736307023,6.0733603672,16.0722717061,0.9000000000
2026-08-07,S01,K05,shared_ridge10,12.4318461193,7.8121348707,14.3924231918,0.9000000000
2026-08-07,S01,K06,shared_ridge10,13.1611549441,5.8322224254,14.6760397688,0.9000000000
2026-08-07,S01,K07,shared_ridge10,15.1622507394,7.7325303656,14.5945365580,0.9000000000
2026-08-07,S01,K08,shared_ridge10,15.1768702121,8.8222212385,16.8206186046,0.9000000000
2026-08-07,S02,K01,shared_ridge10,9.4510139602,5.2490225669,11.8580442896,0.9000000000
2026-08-07,S02,K02,shared_ridge10,9.4498052989,3.3492265239,12.1183887572,0.9000000000
2026-08-07,S02,K03,shared_ridge10,11.0404691806,7.7046953201,16.0146860565,0.9000000000
2026-08-07,S02,K04,shared_ridge10,11.5845002675,4.0799718632,12.2569019680,0.9000000000
2026-08-07,S02,K05,shared_ridge10,13.4970635106,5.7682224899,14.6627687883,0.9000000000
2026-08-07,S02,K06,shared_ridge10,13.8486602390,8.5250597556,17.5749121064,0.9000000000
2026-08-07,S02,K07,shared_ridge10,15.2125174072,10.6435946940,16.8476800940,0.9000000000
2026-08-07,S02,K08,shared_ridge10,16.3290441252,9.7346530967,19.5041256830,0.9000000000
2026-08-07,S03,K01,shared_ridge10,9.4006944455,3.7649988488,10.6627045184,0.9000000000
2026-08-07,S03,K02,shared_ridge10,10.5367618206,5.2651121473,15.5383316826,0.9000000000
2026-08-07,S03,K03,shared_ridge10,11.3556865719,7.2110768396,14.5894924012,0.9000000000
2026-08-07,S03,K04,shared_ridge10,11.9975437458,4.4294597387,12.8429132252,0.9000000000
2026-08-07,S03,K05,shared_ridge10,13.8348633599,8.4950304680,16.0868690234,0.9000000000
2026-08-07,S03,K06,shared_ridge10,14.1176766832,8.3318536734,14.4395389628,0.9000000000
2026-08-07,S03,K07,shared_ridge10,16.5277347985,11.5369805014,16.8645085454,0.9000000000
2026-08-07,S03,K08,shared_ridge10,16.1986093426,8.7050571694,19.2501517306,0.9000000000
2026-08-07,S04,K01,shared_ridge10,9.9876509673,6.6793409287,11.8578317611,0.9000000000
2026-08-07,S04,K02,shared_ridge10,10.6128487771,5.9338876884,15.3126394288,0.9000000000
2026-08-07,S04,K03,shared_ridge10,11.9209039632,8.4135820492,13.0364262826,0.9000000000
2026-08-07,S04,K04,shared_ridge10,12.8997176588,7.2592177995,14.9302644721,0.9000000000
2026-08-07,S04,K05,shared_ridge10,14.3791849483,9.8432077462,15.9958285697,0.9000000000
2026-08-07,S04,K06,shared_ridge10,15.2019105188,10.5639574101,17.5472319691,0.9000000000
2026-08-07,S04,K07,shared_ridge10,16.7559956681,11.3423797821,21.6320801242,0.9000000000
2026-08-07,S04,K08,shared_ridge10,17.5899136904,10.6612078595,19.2694840035,0.9000000000
2026-08-07,S05,K01,shared_ridge10,10.5854770542,5.9198969021,14.8672161290,0.9000000000
2026-08-07,S05,K02,shared_ridge10,11.1345879076,4.5226345636,15.8125734516,0.9000000000
2026-08-07,S05,K03,shared_ridge10,11.6817735284,3.9407209566,12.5029451773,0.9000000000
2026-08-07,S05,K04,shared_ridge10,12.8734382510,6.1274489651,12.8772839495,0.9000000000
2026-08-07,S05,K05,shared_ridge10,15.2270110353,8.1641162242,15.1903144434,0.9000000000
2026-08-07,S05,K06,shared_ridge10,15.2712013496,10.8125841173,18.9321336034,0.9000000000
2026-08-07,S05,K07,shared_ridge10,17.5168652333,11.4461783450,21.6206131077,0.9000000000
2026-08-07,S05,K08,shared_ridge10,17.9160006469,12.5632574605,18.4107444898,0.9000000000
2026-08-07,S06,K01,shared_ridge10,10.3028683586,5.4259259784,13.9653914526,0.9000000000
2026-08-07,S06,K02,shared_ridge10,11.4498052989,5.5562956488,15.5628730043,0.9000000000
2026-08-07,S06,K03,shared_ridge10,12.7035126589,8.0137421383,15.1391350054,0.9000000000
2026-08-07,S06,K04,shared_ridge10,13.3752272616,5.7289204165,14.6830258049,0.9000000000
2026-08-07,S06,K05,shared_ridge10,15.1609503164,9.3288247360,17.0182181228,0.9000000000
2026-08-07,S06,K06,shared_ridge10,15.7494622192,8.7841846693,16.1229464713,0.9000000000
2026-08-07,S06,K07,shared_ridge10,17.9733869724,9.1495146762,22.5947151155,0.9000000000
2026-08-07,S06,K08,shared_ridge10,18.2420876034,12.2231698335,20.0349332632,0.9000000000
2026-08-07,S07,K01,shared_ridge10,10.8246074890,5.1263532384,15.6107995186,0.9000000000
2026-08-07,S07,K02,shared_ridge10,11.3193705163,5.1945098529,12.7336023766,0.9000000000
2026-08-07,S07,K03,shared_ridge10,12.8230778763,5.5522803073,14.1810957918,0.9000000000
2026-08-07,S07,K04,shared_ridge10,13.7574510548,8.6432801669,16.8763610109,0.9000000000
2026-08-07,S07,K05,shared_ridge10,15.6274982932,9.5029189998,17.0450770272,0.9000000000
2026-08-07,S07,K06,shared_ridge10,16.4125056975,9.3061698671,20.4943043453,0.9000000000
2026-08-07,S07,K07,shared_ridge10,18.8973000159,14.2182658003,22.0809132026,0.9000000000
2026-08-07,S07,K08,shared_ridge10,18.6225223860,9.5331660300,19.6208086878,0.9000000000
2026-08-07,S08,K01,shared_ridge10,11.6289553151,5.7871209544,19.0350183075,0.9000000000
2026-08-07,S08,K02,shared_ridge10,11.9498052989,7.0177907070,14.1330099495,0.9000000000
2026-08-07,S08,K03,shared_ridge10,13.5202005086,7.3310030110,14.2300483704,0.9000000000
2026-08-07,S08,K04,shared_ridge10,14.5274011746,9.4853908351,16.4756507296,0.9000000000
2026-08-07,S08,K05,shared_ridge10,16.9318461193,12.4622928938,20.6757791510,0.9000000000
2026-08-07,S08,K06,shared_ridge10,16.7820709149,11.9053529113,21.4062639126,0.9000000000
2026-08-07,S08,K07,shared_ridge10,19.2994739289,10.6746093070,21.3252702530,0.9000000000
2026-08-07,S08,K08,shared_ridge10,19.9377397774,12.0531465033,22.6407891610,0.9000000000
2026-08-07,S09,K01,shared_ridge10,11.7485205325,4.7649629660,12.9464920476,0.9000000000
2026-08-07,S09,K02,shared_ridge10,12.4063270380,5.0798215437,15.0796864784,0.9000000000
2026-08-07,S09,K03,shared_ridge10,13.4673231409,6.5863909741,17.0291318618,0.9000000000
2026-08-07,S09,K04,shared_ridge10,14.6995252076,9.1576801389,22.7238685933,0.9000000000
2026-08-07,S09,K05,shared_ridge10,17.1057591627,14.2625662856,21.7047686620,0.9000000000
2026-08-07,S09,K06,shared_ridge10,17.5429404801,10.3921668586,18.5352433823,0.9000000000
2026-08-07,S09,K07,shared_ridge10,19.3755608854,9.3929365821,19.3274187562,0.9000000000
2026-08-07,S09,K08,shared_ridge10,20.5790441252,14.3397824572,23.6559787511,0.9000000000
2026-08-07,S10,K01,shared_ridge10,11.5093900977,4.8690084098,16.8232232648,0.9000000000
2026-08-07,S10,K02,shared_ridge10,12.6843163492,5.5189439398,15.4990556043,0.9000000000
2026-08-07,S10,K03,shared_ridge10,14.5868883583,8.9641707789,16.5728681496,0.9000000000
2026-08-07,S10,K04,shared_ridge10,14.7692828762,10.2930994854,16.9540759976,0.9000000000
2026-08-07,S10,K05,shared_ridge10,17.1601069888,12.0074685879,21.3897396983,0.9000000000
2026-08-07,S10,K06,shared_ridge10,18.4125056975,11.4301239298,20.4271509105,0.9000000000
2026-08-07,S10,K07,shared_ridge10,20.5603434941,13.3802860218,22.3831227898,0.9000000000
2026-08-07,S10,K08,shared_ridge10,20.3200381756,12.4657535698,22.5998621670,0.9000000000
2026-08-07,S11,K01,shared_ridge10,12.0202596629,4.3078705747,15.1745707059,0.9000000000
2026-08-07,S11,K02,shared_ridge10,13.3598601890,8.1138081380,14.7673487188,0.9000000000
2026-08-07,S11,K03,shared_ridge10,14.7702005086,10.1452630328,16.7521272075,0.9000000000
2026-08-07,S11,K04,shared_ridge10,15.8453698327,10.6960003746,17.6512052364,0.9000000000
2026-08-07,S11,K05,shared_ridge10,18.0188026410,10.9761383650,23.0062221403,0.9000000000
2026-08-07,S11,K06,shared_ridge10,18.4016361322,11.1961865736,23.8797846057,0.9000000000
2026-08-07,S11,K07,shared_ridge10,20.9299087115,14.1528979798,21.8686939280,0.9000000000
2026-08-07,S11,K08,shared_ridge10,21.6588583129,13.4162092054,26.9162092054,0.9000000000
2026-08-07,S12,K01,shared_ridge10,12.6941727064,6.3925677200,14.7727004502,0.9000000000
2026-08-07,S12,K02,shared_ridge10,13.6006214201,6.9297964121,16.0948117477,0.9000000000
2026-08-07,S12,K03,shared_ridge10,15.0622083110,10.0654759634,15.6723401381,0.9000000000
2026-08-07,S12,K04,shared_ridge10,16.0192828762,9.8618879213,20.4923721752,0.9000000000
2026-08-07,S12,K05,shared_ridge10,17.9427156845,12.2831119285,22.3556486522,0.9000000000
2026-08-07,S12,K06,shared_ridge10,18.9668535236,10.6366001888,20.2984286932,0.9000000000
2026-08-07,S12,K07,shared_ridge10,20.9917318994,16.0662713844,23.3142927130,0.9000000000
2026-08-07,S12,K08,shared_ridge10,22.0284235303,17.3998554191,26.0729357013,0.9000000000
2026-08-08,S01,K01,shared_ridge10,10.0044745138,4.3454808515,14.6895615099,0.9000000000
2026-08-08,S01,K02,shared_ridge10,10.8661429280,5.3838278790,13.4630202718,0.9000000000
2026-08-08,S01,K03,shared_ridge10,12.4537395348,4.2700841911,14.2954461821,0.9000000000
2026-08-08,S01,K04,shared_ridge10,13.4249098292,7.9246394942,17.9235508330,0.9000000000
2026-08-08,S01,K05,shared_ridge10,15.4026139275,10.7829026789,17.3631910000,0.9000000000
2026-08-08,S01,K06,shared_ridge10,15.8541754475,8.5252429288,17.3690602722,0.9000000000
2026-08-08,S01,K07,shared_ridge10,18.1545283751,10.7248080013,17.5868141936,0.9000000000
2026-08-08,S01,K08,shared_ridge10,17.4992317593,11.1445827857,19.1429801518,0.9000000000
2026-08-08,S02,K01,shared_ridge10,10.7951398323,6.5931484390,13.2021701616,0.9000000000
2026-08-08,S02,K02,shared_ridge10,10.8770124932,4.7764337183,13.5455959515,0.9000000000
2026-08-08,S02,K03,shared_ridge10,13.2798264913,9.9440526308,18.2540433671,0.9000000000
2026-08-08,S02,K04,shared_ridge10,13.4357793944,5.9312509901,14.1081810950,0.9000000000
2026-08-08,S02,K05,shared_ridge10,16.4678313188,8.7389902981,17.6335365965,0.9000000000
2026-08-08,S02,K06,shared_ridge10,16.5416807423,11.2180802588,20.2679326097,0.9000000000
2026-08-08,S02,K07,shared_ridge10,18.2047950429,13.6358723296,19.8399577296,0.9000000000
2026-08-08,S02,K08,shared_ridge10,18.6514056723,12.0570146438,21.8264872301,0.9000000000
2026-08-08,S03,K01,shared_ridge10,10.7448203176,5.1091247209,12.0068303906,0.9000000000
2026-08-08,S03,K02,shared_ridge10,11.9639690149,6.6923193416,16.9655388769,0.9000000000
2026-08-08,S03,K03,shared_ridge10,13.5950438826,9.4504341504,16.8288497120,0.9000000000
2026-08-08,S03,K04,shared_ridge10,13.8488228727,6.2807388656,14.6941923520,0.9000000000
2026-08-08,S03,K05,shared_ridge10,16.8056311681,11.4657982762,19.0576368316,0.9000000000
2026-08-08,S03,K06,shared_ridge10,16.8106971866,11.0248741768,17.1325594662,0.9000000000
2026-08-08,S03,K07,shared_ridge10,19.5200124342,14.5292581371,19.8567861810,0.9000000000
2026-08-08,S03,K08,shared_ridge10,18.5209708897,11.0274187165,21.5725132776,0.9000000000
2026-08-08,S04,K01,shared_ridge10,11.3317768394,8.0234668008,13.2019576332,0.9000000000
2026-08-08,S04,K02,shared_ridge10,12.0400559714,7.3610948827,16.7398466230,0.9000000000
2026-08-08,S04,K03,shared_ridge10,14.1602612739,10.6529393598,15.2757835932,0.9000000000
2026-08-08,S04,K04,shared_ridge10,14.7509967857,9.1104969264,16.7815435990,0.9000000000
2026-08-08,S04,K05,shared_ridge10,17.3499527566,12.8139755545,18.9665963780,0.9000000000
2026-08-08,S04,K06,shared_ridge10,17.8949310222,13.2569779135,20.2402524725,0.9000000000
2026-08-08,S04,K07,shared_ridge10,19.7482733037,14.3346574177,24.6243577597,0.9000000000
2026-08-08,S04,K08,shared_ridge10,19.9122752375,12.9835694066,21.5918455506,0.9000000000
2026-08-08,S05,K01,shared_ridge10,11.9296029263,7.2640227742,16.2113420010,0.9000000000
2026-08-08,S05,K02,shared_ridge10,12.5617951019,5.9498417579,17.2397806460,0.9000000000
2026-08-08,S05,K03,shared_ridge10,13.9211308391,6.1800782672,14.7423024880,0.9000000000
2026-08-08,S05,K04,shared_ridge10,14.7247173779,7.9787280920,14.7285630764,0.9000000000
2026-08-08,S05,K05,shared_ridge10,18.1977788435,11.1348840324,18.1610822516,0.9000000000
2026-08-08,S05,K06,shared_ridge10,17.9642218530,13.5056046206,21.6251541069,0.9000000000
2026-08-08,S05,K07,shared_ridge10,20.5091428690,14.4384559807,24.6128907434,0.9000000000
2026-08-08,S05,K08,shared_ridge10,20.2383621941,14.8856190077,20.7331060370,0.9000000000
2026-08-08,S06,K01,shared_ridge10,11.6469942307,6.7700518505,15.3095173247,0.9000000000
2026-08-08,S06,K02,shared_ridge10,12.8770124932,6.9835028431,16.9900801986,0.9000000000
2026-08-08,S06,K03,shared_ridge10,14.9428699695,10.2530994489,17.3784923160,0.9000000000
2026-08-08,S06,K04,shared_ridge10,15.2265063885,7.5801995434,16.5343049318,0.9000000000
2026-08-08,S06,K05,shared_ridge10,18.1317181246,12.2995925442,19.9889859310,0.9000000000
2026-08-08,S06,K06,shared_ridge10,18.4424827226,11.4772051727,18.8159669747,0.9000000000
2026-08-08,S06,K07,shared_ridge10,20.9656646081,12.1417923118,25.5869927512,0.9000000000
2026-08-08,S06,K08,shared_ridge10,20.5644491506,14.5455313807,22.3572948104,0.9000000000
2026-08-08,S07,K01,shared_ridge10,12.1687333611,6.4704791104,16.9549253908,0.9000000000
2026-08-08,S07,K02,shared_ridge10,12.7465777106,6.6217170472,14.1608095708,0.9000000000
2026-08-08,S07,K03,shared_ridge10,15.0624351869,7.7916376179,16.4204531024,0.9000000000
2026-08-08,S07,K04,shared_ridge10,15.6087301817,10.4945592938,18.7276401378,0.9000000000
2026-08-08,S07,K05,shared_ridge10,18.5982661014,12.4736868081,20.0158448354,0.9000000000
2026-08-08,S07,K06,shared_ridge10,19.1055262008,11.9991903704,23.1873248486,0.9000000000
2026-08-08,S07,K07,shared_ridge10,21.8895776516,17.2105434360,25.0731908382,0.9000000000
2026-08-08,S07,K08,shared_ridge10,20.9448839332,11.8555275772,21.9431702350,0.9000000000
2026-08-08,S08,K01,shared_ridge10,12.9730811872,7.1312468265,20.3791441796,0.9000000000
2026-08-08,S08,K02,shared_ridge10,13.3770124932,8.4449979013,15.5602171438,0.9000000000
2026-08-08,S08,K03,shared_ridge10,15.7595578192,9.5703603216,16.4694056810,0.9000000000
2026-08-08,S08,K04,shared_ridge10,16.3786803015,11.3366699620,18.3269298565,0.9000000000
2026-08-08,S08,K05,shared_ridge10,19.9026139275,15.4330607020,23.6465469592,0.9000000000
2026-08-08,S08,K06,shared_ridge10,19.4750914182,14.5983734146,24.0992844160,0.9000000000
2026-08-08,S08,K07,shared_ridge10,22.2917515646,13.6668869426,24.3175478888,0.9000000000
2026-08-08,S08,K08,shared_ridge10,22.2601013245,14.3755080504,24.9631507080,0.9000000000
2026-08-08,S09,K01,shared_ridge10,13.0926464046,6.1090888380,14.2906179198,0.9000000000
2026-08-08,S09,K02,shared_ridge10,13.8335342323,6.5070287380,16.5068936727,0.9000000000
2026-08-08,S09,K03,shared_ridge10,15.7066804515,8.8257482846,19.2684891724,0.9000000000
2026-08-08,S09,K04,shared_ridge10,16.5508043345,11.0089592658,24.5751477202,0.9000000000
2026-08-08,S09,K05,shared_ridge10,20.0765269710,17.2333340940,24.6755364704,0.9000000000
2026-08-08,S09,K06,shared_ridge10,20.2359609835,13.0851873620,21.2282638856,0.9000000000
2026-08-08,S09,K07,shared_ridge10,22.3678385211,12.3852142178,22.3196963920,0.9000000000
2026-08-08,S09,K08,shared_ridge10,22.9014056723,16.6621440044,25.9783402982,0.9000000000
2026-08-08,S10,K01,shared_ridge10,12.8535159698,6.2131342819,18.1673491369,0.9000000000
2026-08-08,S10,K02,shared_ridge10,14.1115235435,6.9461511342,16.9262627986,0.9000000000
2026-08-08,S10,K03,shared_ridge10,16.8262456689,11.2035280895,18.8122254602,0.9000000000
2026-08-08,S10,K04,shared_ridge10,16.6205620031,12.1443786123,18.8053551246,0.9000000000
2026-08-08,S10,K05,shared_ridge10,20.1308747970,14.9782363961,24.3605075065,0.9000000000
2026-08-08,S10,K06,shared_ridge10,21.1055262008,14.1231444331,23.1201714138,0.9000000000
2026-08-08,S10,K07,shared_ridge10,23.5526211298,16.3725636575,25.3754004255,0.9000000000
2026-08-08,S10,K08,shared_ridge10,22.6423997227,14.7881151169,24.9222237140,0.9000000000
2026-08-08,S11,K01,shared_ridge10,13.3643855350,5.6519964468,16.5186965780,0.9000000000
2026-08-08,S11,K02,shared_ridge10,14.7870673833,9.5410153322,16.1945559131,0.9000000000
2026-08-08,S11,K03,shared_ridge10,17.0095578192,12.3846203434,18.9914845181,0.9000000000
2026-08-08,S11,K04,shared_ridge10,17.6966489596,12.5472795015,19.5024843633,0.9000000000
2026-08-08,S11,K05,shared_ridge10,20.9895704492,13.9469061732,25.9769899486,0.9000000000
2026-08-08,S11,K06,shared_ridge10,21.0946566356,13.8892070770,26.5728051091,0.9000000000
2026-08-08,S11,K07,shared_ridge10,23.9221863472,17.1451756156,24.8609715636,0.9000000000
2026-08-08,S11,K08,shared_ridge10,23.9812198600,15.7385707525,29.2385707525,0.9000000000
2026-08-08,S12,K01,shared_ridge10,14.0382985785,7.7366935921,16.1168263223,0.9000000000
2026-08-08,S12,K02,shared_ridge10,15.0278286144,8.3570036064,17.5220189420,0.9000000000
2026-08-08,S12,K03,shared_ridge10,17.3015656217,12.3048332741,17.9116974488,0.9000000000
2026-08-08,S12,K04,shared_ridge10,17.8705620031,11.7131670482,22.3436513021,0.9000000000
2026-08-08,S12,K05,shared_ridge10,20.9134834927,15.2538797366,25.3264164604,0.9000000000
2026-08-08,S12,K06,shared_ridge10,21.6598740269,13.3296206920,22.9914491965,0.9000000000
2026-08-08,S12,K07,shared_ridge10,23.9840095351,19.0585490201,26.3065703486,0.9000000000
2026-08-08,S12,K08,shared_ridge10,24.3507850774,19.7222169662,28.3952972484,0.9000000000
2026-08-09,S01,K01,shared_ridge10,14.2092630311,8.5502693688,18.8943500272,0.9000000000
2026-08-09,S01,K02,shared_ridge10,14.8354778407,9.3531627917,17.4323551844,0.9000000000
2026-08-09,S01,K03,shared_ridge10,15.9384044418,7.7547490981,17.7801110891,0.9000000000
2026-08-09,S01,K04,shared_ridge10,17.5234437676,12.0231734326,22.0220847714,0.9000000000
2026-08-09,S01,K05,shared_ridge10,18.9077731175,14.2880618689,20.8683501901,0.9000000000
2026-08-09,S01,K06,shared_ridge10,19.5912763580,12.2623438393,21.1061611828,0.9000000000
2026-08-09,S01,K07,shared_ridge10,22.1202647900,14.6905444162,21.5525506086,0.9000000000
2026-08-09,S01,K08,shared_ridge10,22.1472781964,15.7926292228,23.7910265889,0.9000000000
2026-08-09,S02,K01,shared_ridge10,14.9999283496,10.7979369563,17.4069586790,0.9000000000
2026-08-09,S02,K02,shared_ridge10,14.8463474059,8.7457686310,17.5149308642,0.9000000000
2026-08-09,S02,K03,shared_ridge10,16.7644913983,13.4287175378,21.7387082742,0.9000000000
2026-08-09,S02,K04,shared_ridge10,17.5343133328,10.0297849285,18.2067150334,0.9000000000
2026-08-09,S02,K05,shared_ridge10,19.9729905088,12.2441494881,21.1386957865,0.9000000000
2026-08-09,S02,K06,shared_ridge10,20.2787816528,14.9551811694,24.0050335202,0.9000000000
2026-08-09,S02,K07,shared_ridge10,22.1705314578,17.6016087446,23.8056941446,0.9000000000
2026-08-09,S02,K08,shared_ridge10,23.2994521094,16.7050610809,26.4745336672,0.9000000000
2026-08-09,S03,K01,shared_ridge10,14.9496088349,9.3139132382,16.2116189078,0.9000000000
2026-08-09,S03,K02,shared_ridge10,15.9333039276,10.6616542543,20.9348737896,0.9000000000
2026-08-09,S03,K03,shared_ridge10,17.0797087896,12.9350990574,20.3135146190,0.9000000000
2026-08-09,S03,K04,shared_ridge10,17.9473568111,10.3792728040,18.7927262904,0.9000000000
2026-08-09,S03,K05,shared_ridge10,20.3107903581,14.9709574662,22.5627960216,0.9000000000
2026-08-09,S03,K06,shared_ridge10,20.5477980971,14.7619750872,20.8696603767,0.9000000000
2026-08-09,S03,K07,shared_ridge10,23.4857488491,18.4949945520,23.8225225959,0.9000000000
2026-08-09,S03,K08,shared_ridge10,23.1690173268,15.6754651536,26.2205597148,0.9000000000
2026-08-09,S04,K01,shared_ridge10,15.5365653566,12.2282553180,17.4067461504,0.9000000000
2026-08-09,S04,K02,shared_ridge10,16.0093908842,11.3304297955,20.7091815358,0.9000000000
2026-08-09,S04,K03,shared_ridge10,17.6449261809,14.1376042668,18.7604485002,0.9000000000
2026-08-09,S04,K04,shared_ridge10,18.8495307242,13.2090308649,20.8800775375,0.9000000000
2026-08-09,S04,K05,shared_ridge10,20.8551119466,16.3191347445,22.4717555680,0.9000000000
2026-08-09,S04,K06,shared_ridge10,21.6320319327,16.9940788240,23.9773533830,0.9000000000
2026-08-09,S04,K07,shared_ridge10,23.7140097187,18.3003938327,28.5900941748,0.9000000000
2026-08-09,S04,K08,shared_ridge10,24.5603216746,17.6316158437,26.2398919877,0.9000000000
2026-08-09,S05,K01,shared_ridge10,16.1343914436,11.4688112915,20.4161305183,0.9000000000
2026-08-09,S05,K02,shared_ridge10,16.5311300146,9.9191766706,21.2091155586,0.9000000000
2026-08-09,S05,K03,shared_ridge10,17.4057957461,9.6647431742,18.2269673950,0.9000000000
2026-08-09,S05,K04,shared_ridge10,18.8232513164,12.0772620305,18.8270970149,0.9000000000
2026-08-09,S05,K05,shared_ridge10,21.7029380336,14.6400432224,21.6662414417,0.9000000000
2026-08-09,S05,K06,shared_ridge10,21.7013227635,17.2427055311,25.3622550174,0.9000000000
2026-08-09,S05,K07,shared_ridge10,24.4748792839,18.4041923956,28.5786271583,0.9000000000
2026-08-09,S05,K08,shared_ridge10,24.8864086312,19.5336654448,25.3811524742,0.9000000000
2026-08-09,S06,K01,shared_ridge10,15.8517827479,10.9748403677,19.5143058419,0.9000000000
2026-08-09,S06,K02,shared_ridge10,16.8463474059,10.9528377558,20.9594151113,0.9000000000
2026-08-09,S06,K03,shared_ridge10,18.4275348765,13.7377643559,20.8631572230,0.9000000000
2026-08-09,S06,K04,shared_ridge10,19.3250403269,11.6787334819,20.6328388702,0.9000000000
2026-08-09,S06,K05,shared_ridge10,21.6368773147,15.8047517344,23.4941451211,0.9000000000
2026-08-09,S06,K06,shared_ridge10,22.1795836331,15.2143060832,22.5530678852,0.9000000000
2026-08-09,S06,K07,shared_ridge10,24.9314010231,16.1075287268,29.5527291662,0.9000000000
2026-08-09,S06,K08,shared_ridge10,25.2124955877,19.1935778178,27.0053412475,0.9000000000
2026-08-09,S07,K01,shared_ridge10,16.3735218784,10.6752676278,21.1597139080,0.9000000000
2026-08-09,S07,K02,shared_ridge10,16.7159126233,10.5910519599,18.1301444836,0.9000000000
2026-08-09,S07,K03,shared_ridge10,18.5471000939,11.2763025249,19.9051180094,0.9000000000
2026-08-09,S07,K04,shared_ridge10,19.7072641201,14.5930932322,22.8261740762,0.9000000000
2026-08-09,S07,K05,shared_ridge10,22.1034252914,15.9788459980,23.5210040254,0.9000000000
2026-08-09,S07,K06,shared_ridge10,22.8426271114,15.7362912810,26.9244257592,0.9000000000
2026-08-09,S07,K07,shared_ridge10,25.8553140665,21.1762798509,29.0389272532,0.9000000000
2026-08-09,S07,K08,shared_ridge10,25.5929303703,16.5035740144,26.5912166721,0.9000000000
2026-08-09,S08,K01,shared_ridge10,17.1778697045,11.3360353438,24.5839326969,0.9000000000
2026-08-09,S08,K02,shared_ridge10,17.3463474059,12.4143328140,19.5295520565,0.9000000000
2026-08-09,S08,K03,shared_ridge10,19.2442227262,13.0550252286,19.9540705880,0.9000000000
2026-08-09,S08,K04,shared_ridge10,20.4772142400,15.4352039005,22.4254637950,0.9000000000
2026-08-09,S08,K05,shared_ridge10,23.4077731175,18.9382198919,27.1517061492,0.9000000000
2026-08-09,S08,K06,shared_ridge10,23.2121923288,18.3354743252,27.8363853266,0.9000000000
2026-08-09,S08,K07,shared_ridge10,26.2574879796,17.6326233576,28.2832843038,0.9000000000
2026-08-09,S08,K08,shared_ridge10,26.9081477616,19.0235544874,29.6111971452,0.9000000000
2026-08-09,S09,K01,shared_ridge10,17.2974349218,10.3138773552,18.4954064370,0.9000000000
2026-08-09,S09,K02,shared_ridge10,17.8028691450,10.4763636506,20.4762285854,0.9000000000
2026-08-09,S09,K03,shared_ridge10,19.1913453585,12.3104131917,22.7531540794,0.9000000000
2026-08-09,S09,K04,shared_ridge10,20.6493382729,15.1074932042,28.6736816586,0.9000000000
2026-08-09,S09,K05,shared_ridge10,23.5816861610,20.7384932840,28.1806956604,0.9000000000
2026-08-09,S09,K06,shared_ridge10,23.9730618940,16.8222882725,24.9653647962,0.9000000000
2026-08-09,S09,K07,shared_ridge10,26.3335749361,16.3509506328,26.2854328070,0.9000000000
2026-08-09,S09,K08,shared_ridge10,27.5494521094,21.3101904414,30.6263867354,0.9000000000
2026-08-09,S10,K01,shared_ridge10,17.0583044871,10.4179227992,22.3721376542,0.9000000000
2026-08-09,S10,K02,shared_ridge10,18.0808584562,10.9154860469,20.8955977113,0.9000000000
2026-08-09,S10,K03,shared_ridge10,20.3109105759,14.6881929965,22.2968903672,0.9000000000
2026-08-09,S10,K04,shared_ridge10,20.7190959415,16.2429125507,22.9038890630,0.9000000000
2026-08-09,S10,K05,shared_ridge10,23.6360339871,18.4833955862,27.8656666966,0.9000000000
2026-08-09,S10,K06,shared_ridge10,24.8426271114,17.8602453437,26.8572723244,0.9000000000
2026-08-09,S10,K07,shared_ridge10,27.5183575448,20.3383000725,29.3411368405,0.9000000000
2026-08-09,S10,K08,shared_ridge10,27.2904461598,19.4361615540,29.5702701512,0.9000000000
2026-08-09,S11,K01,shared_ridge10,17.5691740523,9.8567849641,20.7234850953,0.9000000000
2026-08-09,S11,K02,shared_ridge10,18.7564022961,13.5103502450,20.1638908258,0.9000000000
2026-08-09,S11,K03,shared_ridge10,20.4942227262,15.8692852504,22.4761494251,0.9000000000
2026-08-09,S11,K04,shared_ridge10,21.7951828981,16.6458134399,23.6010183018,0.9000000000
2026-08-09,S11,K05,shared_ridge10,24.4947296393,17.4520653632,29.4821491386,0.9000000000
2026-08-09,S11,K06,shared_ridge10,24.8317575461,17.6263079874,30.3099060196,0.9000000000
2026-08-09,S11,K07,shared_ridge10,27.8879227622,21.1109120305,28.8267079786,0.9000000000
2026-08-09,S11,K08,shared_ridge10,28.6292662972,20.3866171897,33.8866171897,0.9000000000
2026-08-09,S12,K01,shared_ridge10,18.2430870958,11.9414821094,20.3216148396,0.9000000000
2026-08-09,S12,K02,shared_ridge10,18.9971635272,12.3263385193,21.4913538548,0.9000000000
2026-08-09,S12,K03,shared_ridge10,20.7862305287,15.7894981811,21.3963623558,0.9000000000
2026-08-09,S12,K04,shared_ridge10,21.9690959415,15.8117009866,26.4421852405,0.9000000000
2026-08-09,S12,K05,shared_ridge10,24.4186426827,18.7590389266,28.8315756504,0.9000000000
2026-08-09,S12,K06,shared_ridge10,25.3969749374,17.0667216025,26.7285501070,0.9000000000
2026-08-09,S12,K07,shared_ridge10,27.9497459500,23.0242854350,30.2723067636,0.9000000000
2026-08-09,S12,K08,shared_ridge10,28.9988315145,24.3702634033,33.0433436856,0.9000000000
2026-08-10,S01,K01,shared_ridge10,12.1418914704,6.4828978081,16.8269784664,0.9000000000
2026-08-10,S01,K02,shared_ridge10,12.2876848190,6.8053697700,14.8845621628,0.9000000000
2026-08-10,S01,K03,shared_ridge10,13.7269022790,5.5432469353,15.5686089263,0.9000000000
2026-08-10,S01,K04,shared_ridge10,14.7940884431,9.2938181081,19.2927294469,0.9000000000
2026-08-10,S01,K05,shared_ridge10,16.0144007560,11.3946895074,17.9749778286,0.9000000000
2026-08-10,S01,K06,shared_ridge10,16.5156296118,9.1866970932,18.0305144366,0.9000000000
2026-08-10,S01,K07,shared_ridge10,18.6494757587,11.2197553849,18.0817615772,0.9000000000
2026-08-10,S01,K08,shared_ridge10,18.7802147264,12.4255657528,20.4239631189,0.9000000000
2026-08-10,S02,K01,shared_ridge10,12.9325567888,8.7305653955,15.3395871182,0.9000000000
2026-08-10,S02,K02,shared_ridge10,12.2985543842,6.1979756092,14.9671378425,0.9000000000
2026-08-10,S02,K03,shared_ridge10,14.5529892355,11.2172153750,19.5272061113,0.9000000000
2026-08-10,S02,K04,shared_ridge10,14.8049580083,7.3004296040,15.4773597088,0.9000000000
2026-08-10,S02,K05,shared_ridge10,17.0796181473,9.3507771266,18.2453234250,0.9000000000
2026-08-10,S02,K06,shared_ridge10,17.2031349066,11.8795344231,20.9293867740,0.9000000000
2026-08-10,S02,K07,shared_ridge10,18.6997424265,14.1308197132,20.3349051132,0.9000000000
2026-08-10,S02,K08,shared_ridge10,19.9323886394,13.3379976109,23.1074701972,0.9000000000
2026-08-10,S03,K01,shared_ridge10,12.8822372742,7.2465416775,14.1442473472,0.9000000000
2026-08-10,S03,K02,shared_ridge10,13.3855109060,8.1138612326,18.3870807680,0.9000000000
2026-08-10,S03,K03,shared_ridge10,14.8682066268,10.7235968945,18.1020124562,0.9000000000
2026-08-10,S03,K04,shared_ridge10,15.2180014866,7.6499174795,16.0633709660,0.9000000000
2026-08-10,S03,K05,shared_ridge10,17.4174179966,12.0775851047,19.6694236602,0.9000000000
2026-08-10,S03,K06,shared_ridge10,17.4721513509,11.6863283410,17.7940136305,0.9000000000
2026-08-10,S03,K07,shared_ridge10,20.0149598178,15.0242055207,20.3517335646,0.9000000000
2026-08-10,S03,K08,shared_ridge10,19.8019538568,12.3084016836,22.8534962448,0.9000000000
2026-08-10,S04,K01,shared_ridge10,13.4691937959,10.1608837573,15.3393745896,0.9000000000
2026-08-10,S04,K02,shared_ridge10,13.4615978625,8.7826367738,18.1613885141,0.9000000000
2026-08-10,S04,K03,shared_ridge10,15.4334240181,11.9261021041,16.5489463374,0.9000000000
2026-08-10,S04,K04,shared_ridge10,16.1201753997,10.4796755404,18.1507222130,0.9000000000
2026-08-10,S04,K05,shared_ridge10,17.9617395851,13.4257623830,19.5783832065,0.9000000000
2026-08-10,S04,K06,shared_ridge10,18.5563851865,13.9184320778,20.9017066368,0.9000000000
2026-08-10,S04,K07,shared_ridge10,20.2432206874,14.8296048014,25.1193051434,0.9000000000
2026-08-10,S04,K08,shared_ridge10,21.1932582047,14.2645523738,22.8728285178,0.9000000000
2026-08-10,S05,K01,shared_ridge10,14.0670198829,9.4014397308,18.3487589577,0.9000000000
2026-08-10,S05,K02,shared_ridge10,13.9833369929,7.3713836489,18.6613225370,0.9000000000
2026-08-10,S05,K03,shared_ridge10,15.1942935833,7.4532410114,16.0154652322,0.9000000000
2026-08-10,S05,K04,shared_ridge10,16.0938959919,9.3479067060,16.0977416904,0.9000000000
2026-08-10,S05,K05,shared_ridge10,18.8095656720,11.7466708609,18.7728690801,0.9000000000
2026-08-10,S05,K06,shared_ridge10,18.6256760173,14.1670587850,22.2866082712,0.9000000000
2026-08-10,S05,K07,shared_ridge10,21.0040902526,14.9334033643,25.1078381270,0.9000000000
2026-08-10,S05,K08,shared_ridge10,21.5193451612,16.1666019748,22.0140890042,0.9000000000
2026-08-10,S06,K01,shared_ridge10,13.7844111872,8.9074688070,17.4469342812,0.9000000000
2026-08-10,S06,K02,shared_ridge10,14.2985543842,8.4050447340,18.4116220896,0.9000000000
2026-08-10,S06,K03,shared_ridge10,16.2160327138,11.5262621932,18.6516550603,0.9000000000
2026-08-10,S06,K04,shared_ridge10,16.5956850024,8.9493781573,17.9034835457,0.9000000000
2026-08-10,S06,K05,shared_ridge10,18.7435049532,12.9113793728,20.6007727595,0.9000000000
2026-08-10,S06,K06,shared_ridge10,19.1039368869,12.1386593370,19.4774211390,0.9000000000
2026-08-10,S06,K07,shared_ridge10,21.4606119917,12.6367396954,26.0819401348,0.9000000000
2026-08-10,S06,K08,shared_ridge10,21.8454321177,15.8265143478,23.6382777775,0.9000000000
2026-08-10,S07,K01,shared_ridge10,14.3061503177,8.6078960670,19.0923423474,0.9000000000
2026-08-10,S07,K02,shared_ridge10,14.1681196016,8.0432589382,15.5823514618,0.9000000000
2026-08-10,S07,K03,shared_ridge10,16.3355979311,9.0648003621,17.6936158466,0.9000000000
2026-08-10,S07,K04,shared_ridge10,16.9779087956,11.8637379077,20.0968187517,0.9000000000
2026-08-10,S07,K05,shared_ridge10,19.2100529299,13.0854736366,20.6276316639,0.9000000000
2026-08-10,S07,K06,shared_ridge10,19.7669803652,12.6606445348,23.8487790130,0.9000000000
2026-08-10,S07,K07,shared_ridge10,22.3845250352,17.7054908196,25.5681382218,0.9000000000
2026-08-10,S07,K08,shared_ridge10,22.2258669003,13.1365105444,23.2241532021,0.9000000000
2026-08-10,S08,K01,shared_ridge10,15.1104981438,9.2686637830,22.5165611362,0.9000000000
2026-08-10,S08,K02,shared_ridge10,14.7985543842,9.8665397923,16.9817590348,0.9000000000
2026-08-10,S08,K03,shared_ridge10,17.0327205634,10.8435230658,17.7425684252,0.9000000000
2026-08-10,S08,K04,shared_ridge10,17.7478589155,12.7058485760,19.6961084705,0.9000000000
2026-08-10,S08,K05,shared_ridge10,20.5144007560,16.0448475304,24.2583337877,0.9000000000
2026-08-10,S08,K06,shared_ridge10,20.1365455825,15.2598275789,24.7607385802,0.9000000000
2026-08-10,S08,K07,shared_ridge10,22.7866989483,14.1618343264,24.8124952724,0.9000000000
2026-08-10,S08,K08,shared_ridge10,23.5410842916,15.6564910174,26.2441336752,0.9000000000
2026-08-10,S09,K01,shared_ridge10,15.2300633611,8.2465057946,16.4280348762,0.9000000000
2026-08-10,S09,K02,shared_ridge10,15.2550761233,7.9285706290,17.9284355637,0.9000000000
2026-08-10,S09,K03,shared_ridge10,16.9798431957,10.0989110289,20.5416519166,0.9000000000
2026-08-10,S09,K04,shared_ridge10,17.9199829484,12.3781378797,25.9443263341,0.9000000000
2026-08-10,S09,K05,shared_ridge10,20.6883137995,17.8451209224,25.2873232988,0.9000000000
2026-08-10,S09,K06,shared_ridge10,20.8974151478,13.7466415263,21.8897180500,0.9000000000
2026-08-10,S09,K07,shared_ridge10,22.8627859048,12.8801616015,22.8146437756,0.9000000000
2026-08-10,S09,K08,shared_ridge10,24.1823886394,17.9431269714,27.2593232653,0.9000000000
2026-08-10,S10,K01,shared_ridge10,14.9909329264,8.3505512385,20.3047660935,0.9000000000
2026-08-10,S10,K02,shared_ridge10,15.5330654346,8.3676930252,18.3478046897,0.9000000000
2026-08-10,S10,K03,shared_ridge10,18.0994084131,12.4766908337,20.0853882044,0.9000000000
2026-08-10,S10,K04,shared_ridge10,17.9897406170,13.5135572262,20.1745337384,0.9000000000
2026-08-10,S10,K05,shared_ridge10,20.7426616256,15.5900232247,24.9722943351,0.9000000000
2026-08-10,S10,K06,shared_ridge10,21.7669803652,14.7845985975,23.7816255782,0.9000000000
2026-08-10,S10,K07,shared_ridge10,24.0475685135,16.8675110412,25.8703478092,0.9000000000
2026-08-10,S10,K08,shared_ridge10,23.9233826898,16.0690980840,26.2032066812,0.9000000000
2026-08-10,S11,K01,shared_ridge10,15.5018024916,7.7894134034,18.6561135346,0.9000000000
2026-08-10,S11,K02,shared_ridge10,16.2086092744,10.9625572234,17.6160978042,0.9000000000
2026-08-10,S11,K03,shared_ridge10,18.2827205634,13.6577830876,20.2646472623,0.9000000000
2026-08-10,S11,K04,shared_ridge10,19.0658275736,13.9164581154,20.8716629772,0.9000000000
2026-08-10,S11,K05,shared_ridge10,21.6013572778,14.5586930018,26.5887767771,0.9000000000
2026-08-10,S11,K06,shared_ridge10,21.7561107999,14.5506612412,27.2342592733,0.9000000000
2026-08-10,S11,K07,shared_ridge10,24.4171337309,17.6401229993,25.3559189474,0.9000000000
2026-08-10,S11,K08,shared_ridge10,25.2622028272,17.0195537197,30.5195537197,0.9000000000
2026-08-10,S12,K01,shared_ridge10,16.1757155351,9.8741105488,18.2542432789,0.9000000000
2026-08-10,S12,K02,shared_ridge10,16.4493705055,9.7785454975,18.9435608331,0.9000000000
2026-08-10,S12,K03,shared_ridge10,18.5747283659,13.5779960183,19.1848601930,0.9000000000
2026-08-10,S12,K04,shared_ridge10,19.2397406170,13.0823456621,23.7128299160,0.9000000000
2026-08-10,S12,K05,shared_ridge10,21.5252703212,15.8656665652,25.9382032889,0.9000000000
2026-08-10,S12,K06,shared_ridge10,22.3213281912,13.9910748563,23.6529033608,0.9000000000
2026-08-10,S12,K07,shared_ridge10,24.4789569187,19.5534964037,26.8015177322,0.9000000000
2026-08-10,S12,K08,shared_ridge10,25.6317680446,21.0031999334,29.6762802156,0.9000000000
2026-08-11,S01,K01,shared_ridge10,7.9324819037,2.2734882414,12.6175688998,0.9000000000
2026-08-11,S01,K02,shared_ridge10,8.0455526308,2.5632375818,10.6424299746,0.9000000000
2026-08-11,S01,K03,shared_ridge10,9.7774875808,1.5938322371,11.6191942281,0.9000000000
2026-08-11,S01,K04,shared_ridge10,10.8222742920,5.3220039570,15.3209152958,0.9000000000
2026-08-11,S01,K05,shared_ridge10,11.7536203789,7.1339091303,13.7141974515,0.9000000000
2026-08-11,S01,K06,shared_ridge10,12.5836321857,5.2546996671,14.0985170104,0.9000000000
2026-08-11,S01,K07,shared_ridge10,14.5435210456,7.1138006718,13.9758068642,0.9000000000
2026-08-11,S01,K08,shared_ridge10,14.9022765752,8.5476276016,16.5460249677,0.9000000000
2026-08-11,S02,K01,shared_ridge10,8.7231472222,4.5211558289,11.1301775516,0.9000000000
2026-08-11,S02,K02,shared_ridge10,8.0564221960,1.9558434210,10.7250056543,0.9000000000
2026-08-11,S02,K03,shared_ridge10,10.6035745374,7.2678006769,15.5777914132,0.9000000000
2026-08-11,S02,K04,shared_ridge10,10.8331438572,3.3286154529,11.5055455578,0.9000000000
2026-08-11,S02,K05,shared_ridge10,12.8188377702,5.0899967495,13.9845430479,0.9000000000
2026-08-11,S02,K06,shared_ridge10,13.2711374805,7.9475369970,16.9973893480,0.9000000000
2026-08-11,S02,K07,shared_ridge10,14.5937877135,10.0248650002,16.2289504002,0.9000000000
2026-08-11,S02,K08,shared_ridge10,16.0544504883,9.4600594598,19.2295320460,0.9000000000
2026-08-11,S03,K01,shared_ridge10,8.6728277075,3.0371321108,9.9348377804,0.9000000000
2026-08-11,S03,K02,shared_ridge10,9.1433787178,3.8717290444,14.1449485798,0.9000000000
2026-08-11,S03,K03,shared_ridge10,10.9187919287,6.7741821964,14.1525977580,0.9000000000
2026-08-11,S03,K04,shared_ridge10,11.2461873355,3.6781033284,12.0915568148,0.9000000000
2026-08-11,S03,K05,shared_ridge10,13.1566376195,7.8168047276,15.4086432830,0.9000000000
2026-08-11,S03,K06,shared_ridge10,13.5401539248,7.7543309150,13.8620162044,0.9000000000
2026-08-11,S03,K07,shared_ridge10,15.9090051048,10.9182508076,16.2457788517,0.9000000000
2026-08-11,S03,K08,shared_ridge10,15.9240157057,8.4304635326,18.9755580936,0.9000000000
2026-08-11,S04,K01,shared_ridge10,9.2597842292,5.9514741906,11.1299650230,0.9000000000
2026-08-11,S04,K02,shared_ridge10,9.2194656743,4.5405045856,13.9192563260,0.9000000000
2026-08-11,S04,K03,shared_ridge10,11.4840093200,7.9766874060,12.5995316394,0.9000000000
2026-08-11,S04,K04,shared_ridge10,12.1483612485,6.5078613892,14.1789080618,0.9000000000
2026-08-11,S04,K05,shared_ridge10,13.7009592080,9.1649820059,15.3176028294,0.9000000000
2026-08-11,S04,K06,shared_ridge10,14.6243877604,9.9864346517,16.9697092107,0.9000000000
2026-08-11,S04,K07,shared_ridge10,16.1372659743,10.7236500883,21.0133504304,0.9000000000
2026-08-11,S04,K08,shared_ridge10,17.3153200535,10.3866142226,18.9948903666,0.9000000000
2026-08-11,S05,K01,shared_ridge10,9.8576103162,5.1920301641,14.1393493910,0.9000000000
2026-08-11,S05,K02,shared_ridge10,9.7412048047,3.1292514607,14.4191903488,0.9000000000
2026-08-11,S05,K03,shared_ridge10,11.2448788852,3.5038263134,12.0660505340,0.9000000000
2026-08-11,S05,K04,shared_ridge10,12.1220818408,5.3760925549,12.1259275393,0.9000000000
2026-08-11,S05,K05,shared_ridge10,14.5487852949,7.4858904838,14.5120887030,0.9000000000
2026-08-11,S05,K06,shared_ridge10,14.6936785912,10.2350613588,18.3546108450,0.9000000000
2026-08-11,S05,K07,shared_ridge10,16.8981355395,10.8274486512,21.0018834139,0.9000000000
2026-08-11,S05,K08,shared_ridge10,17.6414070100,12.2886638237,18.1361508530,0.9000000000
2026-08-11,S06,K01,shared_ridge10,9.5750016206,4.6980592404,13.2375247146,0.9000000000
2026-08-11,S06,K02,shared_ridge10,10.0564221960,4.1629125458,14.1694899014,0.9000000000
2026-08-11,S06,K03,shared_ridge10,12.2666180156,7.5768474950,14.7022403621,0.9000000000
2026-08-11,S06,K04,shared_ridge10,12.6238708513,4.9775640062,13.9316693946,0.9000000000
2026-08-11,S06,K05,shared_ridge10,14.4827245760,8.6505989956,16.3399923824,0.9000000000
2026-08-11,S06,K06,shared_ridge10,15.1719394608,8.2066619109,15.5454237129,0.9000000000
2026-08-11,S06,K07,shared_ridge10,17.3546572787,8.5307849824,21.9759854218,0.9000000000
2026-08-11,S06,K08,shared_ridge10,17.9674939665,11.9485761966,19.7603396263,0.9000000000
2026-08-11,S07,K01,shared_ridge10,10.0967407510,4.3984865004,14.8829327806,0.9000000000
2026-08-11,S07,K02,shared_ridge10,9.9259874134,3.8011267500,11.3402192736,0.9000000000
2026-08-11,S07,K03,shared_ridge10,12.3861832330,5.1153856640,13.7442011485,0.9000000000
2026-08-11,S07,K04,shared_ridge10,13.0060946445,7.8919237565,16.1250046006,0.9000000000
2026-08-11,S07,K05,shared_ridge10,14.9492725528,8.8246932595,16.3668512867,0.9000000000
2026-08-11,S07,K06,shared_ridge10,15.8349829390,8.7286471086,19.9167815868,0.9000000000
2026-08-11,S07,K07,shared_ridge10,18.2785703222,13.5995361066,21.4621835089,0.9000000000
2026-08-11,S07,K08,shared_ridge10,18.3479287491,9.2585723931,19.3462150509,0.9000000000
2026-08-11,S08,K01,shared_ridge10,10.9010885771,5.0592542164,18.3071515695,0.9000000000
2026-08-11,S08,K02,shared_ridge10,10.5564221960,5.6244076041,12.7396268466,0.9000000000
2026-08-11,S08,K03,shared_ridge10,13.0833058653,6.8941083678,13.7931537272,0.9000000000
2026-08-11,S08,K04,shared_ridge10,13.7760447644,8.7340344249,15.7242943194,0.9000000000
2026-08-11,S08,K05,shared_ridge10,16.2536203789,11.7840671534,19.9975534106,0.9000000000
2026-08-11,S08,K06,shared_ridge10,16.2045481564,11.3278301528,20.8287411542,0.9000000000
2026-08-11,S08,K07,shared_ridge10,18.6807442352,10.0558796132,20.7065405594,0.9000000000
2026-08-11,S08,K08,shared_ridge10,19.6631461404,11.7785528662,22.3661955239,0.9000000000
2026-08-11,S09,K01,shared_ridge10,11.0206537945,4.0370962279,12.2186253096,0.9000000000
2026-08-11,S09,K02,shared_ridge10,11.0129439352,3.6864384408,13.6863033756,0.9000000000
2026-08-11,S09,K03,shared_ridge10,13.0304284976,6.1494963308,16.5922372185,0.9000000000
2026-08-11,S09,K04,shared_ridge10,13.9481687973,8.4063237286,21.9725121830,0.9000000000
2026-08-11,S09,K05,shared_ridge10,16.4275334224,13.5843405454,21.0265429218,0.9000000000
2026-08-11,S09,K06,shared_ridge10,16.9654177217,9.8146441002,17.9577206238,0.9000000000
2026-08-11,S09,K07,shared_ridge10,18.7568311917,8.7742068884,18.7086890626,0.9000000000
2026-08-11,S09,K08,shared_ridge10,20.3044504883,14.0651888204,23.3813851142,0.9000000000
2026-08-11,S10,K01,shared_ridge10,10.7815233597,4.1411416718,16.0953565268,0.9000000000
2026-08-11,S10,K02,shared_ridge10,11.2909332464,4.1255608370,14.1056725015,0.9000000000
2026-08-11,S10,K03,shared_ridge10,14.1499937150,8.5272761356,16.1359735063,0.9000000000
2026-08-11,S10,K04,shared_ridge10,14.0179264659,9.5417430751,16.2027195874,0.9000000000
2026-08-11,S10,K05,shared_ridge10,16.4818812484,11.3292428475,20.7115139579,0.9000000000
2026-08-11,S10,K06,shared_ridge10,17.8349829390,10.8526011713,19.8496281520,0.9000000000
2026-08-11,S10,K07,shared_ridge10,19.9416138004,12.7615563281,21.7643930961,0.9000000000
2026-08-11,S10,K08,shared_ridge10,20.0454445387,12.1911599329,22.3252685300,0.9000000000
2026-08-11,S11,K01,shared_ridge10,11.2923929249,3.5800038367,14.4467039679,0.9000000000
2026-08-11,S11,K02,shared_ridge10,11.9664770862,6.7204250351,13.3739656159,0.9000000000
2026-08-11,S11,K03,shared_ridge10,14.3333058653,9.7083683895,16.3152325642,0.9000000000
2026-08-11,S11,K04,shared_ridge10,15.0940134225,9.9446439644,16.8998488262,0.9000000000
2026-08-11,S11,K05,shared_ridge10,17.3405769006,10.2979126246,22.3279963999,0.9000000000
2026-08-11,S11,K06,shared_ridge10,17.8241133738,10.6186638152,23.3022618472,0.9000000000
2026-08-11,S11,K07,shared_ridge10,20.3111790178,13.5341682862,21.2499642342,0.9000000000
2026-08-11,S11,K08,shared_ridge10,21.3842646760,13.1416155685,26.6416155685,0.9000000000
2026-08-11,S12,K01,shared_ridge10,11.9663059684,5.6647009820,14.0448337122,0.9000000000
2026-08-11,S12,K02,shared_ridge10,12.2072383173,5.5364133093,14.7014286449,0.9000000000
2026-08-11,S12,K03,shared_ridge10,14.6253136678,9.6285813202,15.2354454949,0.9000000000
2026-08-11,S12,K04,shared_ridge10,15.2679264659,9.1105315110,19.7410157649,0.9000000000
2026-08-11,S12,K05,shared_ridge10,17.2644899441,11.6048861880,21.6774229118,0.9000000000
2026-08-11,S12,K06,shared_ridge10,18.3893307651,10.0590774302,19.7209059347,0.9000000000
2026-08-11,S12,K07,shared_ridge10,20.3730022056,15.4475416906,22.6955630192,0.9000000000
2026-08-11,S12,K08,shared_ridge10,21.7538298934,17.1252617822,25.7983420644,0.9000000000
2026-08-12,S01,K01,shared_ridge10,7.5528503471,1.8938566848,12.2379373432,0.9000000000
2026-08-12,S01,K02,shared_ridge10,8.2555950014,2.7732799524,10.8524723452,0.9000000000
2026-08-12,S01,K03,shared_ridge10,9.4812327075,1.3691836183,11.3229393548,0.9000000000
2026-08-12,S01,K04,shared_ridge10,10.4893002580,4.9890299230,14.9879412618,0.9000000000
2026-08-12,S01,K05,shared_ridge10,11.6909413759,7.0712301273,13.6515184484,0.9000000000
2026-08-12,S01,K06,shared_ridge10,11.9314523024,4.6025197838,13.4463371272,0.9000000000
2026-08-12,S01,K07,shared_ridge10,14.4395195379,7.0097991641,13.8718053564,0.9000000000
2026-08-12,S01,K08,shared_ridge10,14.6235052193,8.2688562457,16.2672536118,0.9000000000
2026-08-12,S02,K01,shared_ridge10,8.3435156656,4.1415242723,10.7505459950,0.9000000000
2026-08-12,S02,K02,shared_ridge10,8.2664645667,2.1658857918,10.9350480250,0.9000000000
2026-08-12,S02,K03,shared_ridge10,10.3073196640,6.9715458035,15.2815365398,0.9000000000
2026-08-12,S02,K04,shared_ridge10,10.5001698232,2.9956414189,11.1725715238,0.9000000000
2026-08-12,S02,K05,shared_ridge10,12.7561587672,5.0273177465,13.9218640449,0.9000000000
2026-08-12,S02,K06,shared_ridge10,12.6189575972,7.2953571138,16.3452094646,0.9000000000
2026-08-12,S02,K07,shared_ridge10,14.4897862058,9.9208634926,16.1249488925,0.9000000000
2026-08-12,S02,K08,shared_ridge10,15.7756791324,9.1812881039,18.9507606902,0.9000000000
2026-08-12,S03,K01,shared_ridge10,8.2931961509,2.6575005542,9.5552062238,0.9000000000
2026-08-12,S03,K02,shared_ridge10,9.3534210884,4.0817714150,14.3549909504,0.9000000000
2026-08-12,S03,K03,shared_ridge10,10.6225370553,6.4779273231,13.8563428846,0.9000000000
2026-08-12,S03,K04,shared_ridge10,10.9132133015,3.3451292944,11.7585827808,0.9000000000
2026-08-12,S03,K05,shared_ridge10,13.0939586166,7.7541257247,15.3459642802,0.9000000000
2026-08-12,S03,K06,shared_ridge10,12.8879740415,7.1021510316,13.2098363211,0.9000000000
2026-08-12,S03,K07,shared_ridge10,15.8050035971,10.8142493000,16.1417773440,0.9000000000
2026-08-12,S03,K08,shared_ridge10,15.6452443498,8.1516921767,18.6967867378,0.9000000000
2026-08-12,S04,K01,shared_ridge10,8.8801526727,5.5718426341,10.7503334664,0.9000000000
2026-08-12,S04,K02,shared_ridge10,9.4295080449,4.7505469562,14.1292986966,0.9000000000
2026-08-12,S04,K03,shared_ridge10,11.1877544466,7.6804325326,12.3032767659,0.9000000000
2026-08-12,S04,K04,shared_ridge10,11.8153872145,6.1748873552,13.8459340278,0.9000000000
2026-08-12,S04,K05,shared_ridge10,13.6382802050,9.1023030028,15.2549238264,0.9000000000
2026-08-12,S04,K06,shared_ridge10,13.9722078771,9.3342547684,16.3175293274,0.9000000000
2026-08-12,S04,K07,shared_ridge10,16.0332644666,10.6196485806,20.9093489226,0.9000000000
2026-08-12,S04,K08,shared_ridge10,17.0365486976,10.1078428667,18.7161190107,0.9000000000
2026-08-12,S05,K01,shared_ridge10,9.4779787596,4.8123986075,13.7597178344,0.9000000000
2026-08-12,S05,K02,shared_ridge10,9.9512471753,3.3392938313,14.6292327194,0.9000000000
2026-08-12,S05,K03,shared_ridge10,10.9486240118,3.2075714399,11.7697956606,0.9000000000
2026-08-12,S05,K04,shared_ridge10,11.7891078068,5.0431185209,11.7929535053,0.9000000000
2026-08-12,S05,K05,shared_ridge10,14.4861062920,7.4232114808,14.4494097001,0.9000000000
2026-08-12,S05,K06,shared_ridge10,14.0414987079,9.5828814756,17.7024309618,0.9000000000
2026-08-12,S05,K07,shared_ridge10,16.7941340318,10.7234471435,20.8978819062,0.9000000000
2026-08-12,S05,K08,shared_ridge10,17.3626356541,12.0098924678,17.8573794970,0.9000000000
2026-08-12,S06,K01,shared_ridge10,9.1953700640,4.3184276838,12.8578931580,0.9000000000
2026-08-12,S06,K02,shared_ridge10,10.2664645667,4.3729549166,14.3795322721,0.9000000000
2026-08-12,S06,K03,shared_ridge10,11.9703631423,7.2805926217,14.4059854888,0.9000000000
2026-08-12,S06,K04,shared_ridge10,12.2908968173,4.6445899722,13.5986953606,0.9000000000
2026-08-12,S06,K05,shared_ridge10,14.4200455731,8.5879199927,16.2773133794,0.9000000000
2026-08-12,S06,K06,shared_ridge10,14.5197595775,7.5544820276,14.8932438296,0.9000000000
2026-08-12,S06,K07,shared_ridge10,17.2506557710,8.4267834748,21.8719839141,0.9000000000
2026-08-12,S06,K08,shared_ridge10,17.6887226106,11.6698048406,19.4815682704,0.9000000000
2026-08-12,S07,K01,shared_ridge10,9.7171091944,4.0188549438,14.5033012241,0.9000000000
2026-08-12,S07,K02,shared_ridge10,10.1360297840,4.0111691206,11.5502616442,0.9000000000
2026-08-12,S07,K03,shared_ridge10,12.0899283596,4.8191307906,13.4479462751,0.9000000000
2026-08-12,S07,K04,shared_ridge10,12.6731206105,7.5589497226,15.7920305666,0.9000000000
2026-08-12,S07,K05,shared_ridge10,14.8865935499,8.7620142566,16.3041722838,0.9000000000
2026-08-12,S07,K06,shared_ridge10,15.1828030557,8.0764672254,19.2646017035,0.9000000000
2026-08-12,S07,K07,shared_ridge10,18.1745688145,13.4955345989,21.3581820012,0.9000000000
2026-08-12,S07,K08,shared_ridge10,18.0691573932,8.9798010372,19.0674436950,0.9000000000
2026-08-12,S08,K01,shared_ridge10,10.5214570205,4.6796226598,17.9275200129,0.9000000000
2026-08-12,S08,K02,shared_ridge10,10.7664645667,5.8344499748,12.9496692173,0.9000000000
2026-08-12,S08,K03,shared_ridge10,12.7870509919,6.5978534943,13.4968988538,0.9000000000
2026-08-12,S08,K04,shared_ridge10,13.4430707304,8.4010603909,15.3913202854,0.9000000000
2026-08-12,S08,K05,shared_ridge10,16.1909413759,11.7213881504,19.9348744076,0.9000000000
2026-08-12,S08,K06,shared_ridge10,15.5523682731,10.6756502695,20.1765612708,0.9000000000
2026-08-12,S08,K07,shared_ridge10,18.5767427275,9.9518781056,20.6025390517,0.9000000000
2026-08-12,S08,K08,shared_ridge10,19.3843747845,11.4997815104,22.0874241680,0.9000000000
2026-08-12,S09,K01,shared_ridge10,10.6410222379,3.6574646714,11.8389937530,0.9000000000
2026-08-12,S09,K02,shared_ridge10,11.2229863058,3.8964808114,13.8963457462,0.9000000000
2026-08-12,S09,K03,shared_ridge10,12.7341736243,5.8532414575,16.2959823452,0.9000000000
2026-08-12,S09,K04,shared_ridge10,13.6151947633,8.0733496946,21.6395381490,0.9000000000
2026-08-12,S09,K05,shared_ridge10,16.3648544194,13.5216615424,20.9638639188,0.9000000000
2026-08-12,S09,K06,shared_ridge10,16.3132378383,9.1624642168,17.3055407405,0.9000000000
2026-08-12,S09,K07,shared_ridge10,18.6528296840,8.6702053807,18.6046875549,0.9000000000
2026-08-12,S09,K08,shared_ridge10,20.0256791324,13.7864174644,23.1026137584,0.9000000000
2026-08-12,S10,K01,shared_ridge10,10.4018918031,3.7615101152,15.7157249702,0.9000000000
2026-08-12,S10,K02,shared_ridge10,11.5009756170,4.3356032076,14.3157148721,0.9000000000
2026-08-12,S10,K03,shared_ridge10,13.8537388416,8.2310212622,15.8397186330,0.9000000000
2026-08-12,S10,K04,shared_ridge10,13.6849524319,9.2087690411,15.8697455534,0.9000000000
2026-08-12,S10,K05,shared_ridge10,16.4192022455,11.2665638446,20.6488349550,0.9000000000
2026-08-12,S10,K06,shared_ridge10,17.1828030557,10.2004212880,19.1974482687,0.9000000000
2026-08-12,S10,K07,shared_ridge10,19.8376122927,12.6575548204,21.6603915884,0.9000000000
2026-08-12,S10,K08,shared_ridge10,19.7666731827,11.9123885769,22.0464971740,0.9000000000
2026-08-12,S11,K01,shared_ridge10,10.9127613683,3.2003722801,14.0670724113,0.9000000000
2026-08-12,S11,K02,shared_ridge10,12.1765194568,6.9304674057,13.5840079865,0.9000000000
2026-08-12,S11,K03,shared_ridge10,14.0370509919,9.4121135161,16.0189776908,0.9000000000
2026-08-12,S11,K04,shared_ridge10,14.7610393885,9.6116699304,16.5668747922,0.9000000000
2026-08-12,S11,K05,shared_ridge10,17.2778978977,10.2352336217,22.2653173970,0.9000000000
2026-08-12,S11,K06,shared_ridge10,17.1719334905,9.9664839318,22.6500819640,0.9000000000
2026-08-12,S11,K07,shared_ridge10,20.2071775101,13.4301667784,21.1459627266,0.9000000000
2026-08-12,S11,K08,shared_ridge10,21.1054933201,12.8628442126,26.3628442126,0.9000000000
2026-08-12,S12,K01,shared_ridge10,11.5866744118,5.2850694255,13.6652021556,0.9000000000
2026-08-12,S12,K02,shared_ridge10,12.4172806879,5.7464556799,14.9114710155,0.9000000000
2026-08-12,S12,K03,shared_ridge10,14.3290587944,9.3323264468,14.9391906215,0.9000000000
2026-08-12,S12,K04,shared_ridge10,14.9349524319,8.7775574770,19.4080417309,0.9000000000
2026-08-12,S12,K05,shared_ridge10,17.2018109412,11.5422071852,21.6147439089,0.9000000000
2026-08-12,S12,K06,shared_ridge10,17.7371508818,9.4068975470,19.0687260514,0.9000000000
2026-08-12,S12,K07,shared_ridge10,20.2690006979,15.3435401829,22.5915615115,0.9000000000
2026-08-12,S12,K08,shared_ridge10,21.4750585375,16.8464904263,25.5195707086,0.9000000000
2026-08-13,S01,K01,shared_ridge10,7.7547065354,2.0957128731,12.4397935314,0.9000000000
2026-08-13,S01,K02,shared_ridge10,8.3978436751,2.9155286261,10.9947210189,0.9000000000
2026-08-13,S01,K03,shared_ridge10,9.3906351540,1.3238848416,11.2323418013,0.9000000000
2026-08-13,S01,K04,shared_ridge10,10.7798162632,5.2795459282,15.2784572670,0.9000000000
2026-08-13,S01,K05,shared_ridge10,11.6474910947,7.0277798461,13.6080681672,0.9000000000
2026-08-13,S01,K06,shared_ridge10,12.2941939763,4.9652614577,13.8090788010,0.9000000000
2026-08-13,S01,K07,shared_ridge10,14.6879939005,7.2582735267,14.1202797190,0.9000000000
2026-08-13,S01,K08,shared_ridge10,14.6649251444,8.3102761708,16.3086735369,0.9000000000
2026-08-13,S02,K01,shared_ridge10,8.5453718539,4.3433804606,10.9524021833,0.9000000000
2026-08-13,S02,K02,shared_ridge10,8.4087132403,2.3081344653,11.0772966986,0.9000000000
2026-08-13,S02,K03,shared_ridge10,10.2167221106,6.8809482501,15.1909389864,0.9000000000
2026-08-13,S02,K04,shared_ridge10,10.7906858284,3.2861574241,11.4630875289,0.9000000000
2026-08-13,S02,K05,shared_ridge10,12.7127084860,4.9838674653,13.8784137637,0.9000000000
2026-08-13,S02,K06,shared_ridge10,12.9816992711,7.6580987876,16.7079511385,0.9000000000
2026-08-13,S02,K07,shared_ridge10,14.7382605683,10.1693378550,16.3734232550,0.9000000000
2026-08-13,S02,K08,shared_ridge10,15.8170990575,9.2227080290,18.9921806152,0.9000000000
2026-08-13,S03,K01,shared_ridge10,8.4950523392,2.8593567425,9.7570624122,0.9000000000
2026-08-13,S03,K02,shared_ridge10,9.4956697621,4.2240200888,14.4972396241,0.9000000000
2026-08-13,S03,K03,shared_ridge10,10.5319395019,6.3873297697,13.7657453312,0.9000000000
2026-08-13,S03,K04,shared_ridge10,11.2037293067,3.6356452996,12.0490987860,0.9000000000
2026-08-13,S03,K05,shared_ridge10,13.0505083354,7.7106754435,15.3025139990,0.9000000000
2026-08-13,S03,K06,shared_ridge10,13.2507157154,7.4648927056,13.5725779950,0.9000000000
2026-08-13,S03,K07,shared_ridge10,16.0534779596,11.0627236624,16.3902517064,0.9000000000
2026-08-13,S03,K08,shared_ridge10,15.6866642748,8.1931121017,18.7382066628,0.9000000000
2026-08-13,S04,K01,shared_ridge10,9.0820088610,5.7736988224,10.9521896548,0.9000000000
2026-08-13,S04,K02,shared_ridge10,9.5717567186,4.8927956299,14.2715473702,0.9000000000
2026-08-13,S04,K03,shared_ridge10,11.0971568932,7.5898349792,12.2126792126,0.9000000000
2026-08-13,S04,K04,shared_ridge10,12.1059032197,6.4654033604,14.1364500330,0.9000000000
2026-08-13,S04,K05,shared_ridge10,13.5948299238,9.0588527217,15.2114735452,0.9000000000
2026-08-13,S04,K06,shared_ridge10,14.3349495510,9.6969964423,16.6802710012,0.9000000000
2026-08-13,S04,K07,shared_ridge10,16.2817388291,10.8681229431,21.1578232852,0.9000000000
2026-08-13,S04,K08,shared_ridge10,17.0779686227,10.1492627918,18.7575389358,0.9000000000
2026-08-13,S05,K01,shared_ridge10,9.6798349479,5.0142547958,13.9615740226,0.9000000000
2026-08-13,S05,K02,shared_ridge10,10.0934958490,3.4815425050,14.7714813930,0.9000000000
2026-08-13,S05,K03,shared_ridge10,10.8580264584,3.1169738865,11.6791981072,0.9000000000
2026-08-13,S05,K04,shared_ridge10,12.0796238120,5.3336345261,12.0834695105,0.9000000000
2026-08-13,S05,K05,shared_ridge10,14.4426560108,7.3797611996,14.4059594189,0.9000000000
2026-08-13,S05,K06,shared_ridge10,14.4042403818,9.9456231494,18.0651726356,0.9000000000
2026-08-13,S05,K07,shared_ridge10,17.0426083944,10.9719215061,21.1463562688,0.9000000000
2026-08-13,S05,K08,shared_ridge10,17.4040555792,12.0513123929,17.8987994222,0.9000000000
2026-08-13,S06,K01,shared_ridge10,9.3972262523,4.5202838721,13.0597493463,0.9000000000
2026-08-13,S06,K02,shared_ridge10,10.4087132403,4.5152035901,14.5217809457,0.9000000000
2026-08-13,S06,K03,shared_ridge10,11.8797655888,7.1899950682,14.3153879353,0.9000000000
2026-08-13,S06,K04,shared_ridge10,12.5814128225,4.9351059774,13.8892113658,0.9000000000
2026-08-13,S06,K05,shared_ridge10,14.3765952919,8.5444697115,16.2338630982,0.9000000000
2026-08-13,S06,K06,shared_ridge10,14.8825012514,7.9172237015,15.2559855035,0.9000000000
2026-08-13,S06,K07,shared_ridge10,17.4991301335,8.6752578372,22.1204582766,0.9000000000
2026-08-13,S06,K08,shared_ridge10,17.7301425357,11.7112247658,19.5229881955,0.9000000000
2026-08-13,S07,K01,shared_ridge10,9.9189653827,4.2207111320,14.7051574124,0.9000000000
2026-08-13,S07,K02,shared_ridge10,10.2782784577,4.1534177943,11.6925103180,0.9000000000
2026-08-13,S07,K03,shared_ridge10,11.9993308062,4.7285332372,13.3573487217,0.9000000000
2026-08-13,S07,K04,shared_ridge10,12.9636366157,7.8494657278,16.0825465718,0.9000000000
2026-08-13,S07,K05,shared_ridge10,14.8431432686,8.7185639752,16.2607220026,0.9000000000
2026-08-13,S07,K06,shared_ridge10,15.5455447296,8.4392088992,19.6273433774,0.9000000000
2026-08-13,S07,K07,shared_ridge10,18.4230431770,13.7440089614,21.6066563637,0.9000000000
2026-08-13,S07,K08,shared_ridge10,18.1105773183,9.0212209623,19.1088636201,0.9000000000
2026-08-13,S08,K01,shared_ridge10,10.7233132088,4.8814788481,18.1293762012,0.9000000000
2026-08-13,S08,K02,shared_ridge10,10.9087132403,5.9766986484,13.0919178909,0.9000000000
2026-08-13,S08,K03,shared_ridge10,12.6964534385,6.5072559410,13.4063013004,0.9000000000
2026-08-13,S08,K04,shared_ridge10,13.7335867356,8.6915763961,15.6818362906,0.9000000000
2026-08-13,S08,K05,shared_ridge10,16.1474910947,11.6779378692,19.8914241264,0.9000000000
2026-08-13,S08,K06,shared_ridge10,15.9151099470,11.0383919434,20.5393029447,0.9000000000
2026-08-13,S08,K07,shared_ridge10,18.8252170900,10.2003524680,20.8510134142,0.9000000000
2026-08-13,S08,K08,shared_ridge10,19.4257947096,11.5412014355,22.1288440932,0.9000000000
2026-08-13,S09,K01,shared_ridge10,10.8428784262,3.8593208596,12.0408499414,0.9000000000
2026-08-13,S09,K02,shared_ridge10,11.3652349795,4.0387294852,14.0385944199,0.9000000000
2026-08-13,S09,K03,shared_ridge10,12.6435760708,5.7626439040,16.2053847917,0.9000000000
2026-08-13,S09,K04,shared_ridge10,13.9057107685,8.3638656998,21.9300541542,0.9000000000
2026-08-13,S09,K05,shared_ridge10,16.3214041382,13.4782112612,20.9204136376,0.9000000000
2026-08-13,S09,K06,shared_ridge10,16.6759795123,9.5252058908,17.6682824144,0.9000000000
2026-08-13,S09,K07,shared_ridge10,18.9013040465,8.9186797432,18.8531619174,0.9000000000
2026-08-13,S09,K08,shared_ridge10,20.0670990575,13.8278373895,23.1440336834,0.9000000000
2026-08-13,S10,K01,shared_ridge10,10.6037479914,3.9633663035,15.9175811585,0.9000000000
2026-08-13,S10,K02,shared_ridge10,11.6432242907,4.4778518813,14.4579635458,0.9000000000
2026-08-13,S10,K03,shared_ridge10,13.7631412882,8.1404237088,15.7491210796,0.9000000000
2026-08-13,S10,K04,shared_ridge10,13.9754684371,9.4992850463,16.1602615585,0.9000000000
2026-08-13,S10,K05,shared_ridge10,16.3757519643,11.2231135634,20.6053846738,0.9000000000
2026-08-13,S10,K06,shared_ridge10,17.5455447296,10.5631629619,19.5601899426,0.9000000000
2026-08-13,S10,K07,shared_ridge10,20.0860866552,12.9060291829,21.9088659509,0.9000000000
2026-08-13,S10,K08,shared_ridge10,19.8080931078,11.9538085020,22.0879170992,0.9000000000
2026-08-13,S11,K01,shared_ridge10,11.1146175566,3.4022284684,14.2689285996,0.9000000000
2026-08-13,S11,K02,shared_ridge10,12.3187681305,7.0727160794,13.7262566603,0.9000000000
2026-08-13,S11,K03,shared_ridge10,13.9464534385,9.3215159627,15.9283801374,0.9000000000
2026-08-13,S11,K04,shared_ridge10,15.0515553937,9.9021859356,16.8573907974,0.9000000000
2026-08-13,S11,K05,shared_ridge10,17.2344476165,10.1917833404,22.2218671158,0.9000000000
2026-08-13,S11,K06,shared_ridge10,17.5346751644,10.3292256058,23.0128236378,0.9000000000
2026-08-13,S11,K07,shared_ridge10,20.4556518726,13.6786411410,21.3944370890,0.9000000000
2026-08-13,S11,K08,shared_ridge10,21.1469132452,12.9042641377,26.4042641377,0.9000000000
2026-08-13,S12,K01,shared_ridge10,11.7885306001,5.4869256137,13.8670583439,0.9000000000
2026-08-13,S12,K02,shared_ridge10,12.5595293616,5.8887043536,15.0537196892,0.9000000000
2026-08-13,S12,K03,shared_ridge10,14.2384612410,9.2417288934,14.8485930681,0.9000000000
2026-08-13,S12,K04,shared_ridge10,15.2254684371,9.0680734822,19.6985577361,0.9000000000
2026-08-13,S12,K05,shared_ridge10,17.1583606599,11.4987569039,21.5712936276,0.9000000000
2026-08-13,S12,K06,shared_ridge10,18.0998925557,9.7696392208,19.4314677253,0.9000000000
2026-08-13,S12,K07,shared_ridge10,20.5174750605,15.5920145455,22.8400358741,0.9000000000
2026-08-13,S12,K08,shared_ridge10,21.5164784626,16.8879103514,25.5609906336,0.9000000000
2026-08-14,S01,K01,shared_ridge10,8.8382711419,3.1792774796,13.5233581380,0.9000000000
2026-08-14,S01,K02,shared_ridge10,9.5893596370,4.1070445880,12.1862369808,0.9000000000
2026-08-14,S01,K03,shared_ridge10,10.4197515544,2.2360962107,12.2614582017,0.9000000000
2026-08-14,S01,K04,shared_ridge10,11.7567328613,6.2564625262,16.2553738651,0.9000000000
2026-08-14,S01,K05,shared_ridge10,12.7263055485,8.1065942999,14.6868826210,0.9000000000
2026-08-14,S01,K06,shared_ridge10,13.4064357030,6.0775031844,14.9213205278,0.9000000000
2026-08-14,S01,K07,shared_ridge10,15.5111931630,8.0814727892,14.9434789816,0.9000000000
2026-08-14,S01,K08,shared_ridge10,15.5074281487,9.1527791751,17.1511765412,0.9000000000
2026-08-14,S02,K01,shared_ridge10,9.6289364604,5.4269450671,12.0359667898,0.9000000000
2026-08-14,S02,K02,shared_ridge10,9.6002292023,3.4996504274,12.2688126606,0.9000000000
2026-08-14,S02,K03,shared_ridge10,11.2458385109,7.9100646504,16.2200553868,0.9000000000
2026-08-14,S02,K04,shared_ridge10,11.7676024265,4.2630740222,12.4400041270,0.9000000000
2026-08-14,S02,K05,shared_ridge10,13.7915229398,6.0626819191,14.9572282175,0.9000000000
2026-08-14,S02,K06,shared_ridge10,14.0939409978,8.7703405144,17.8201928652,0.9000000000
2026-08-14,S02,K07,shared_ridge10,15.5614598308,10.9925371176,17.1966225176,0.9000000000
2026-08-14,S02,K08,shared_ridge10,16.6596020617,10.0652110332,19.8346836194,0.9000000000
2026-08-14,S03,K01,shared_ridge10,9.5786169457,3.9429213490,10.8406270186,0.9000000000
2026-08-14,S03,K02,shared_ridge10,10.6871857240,5.4155360507,15.6887555860,0.9000000000
2026-08-14,S03,K03,shared_ridge10,11.5610559022,7.4164461700,14.7948617316,0.9000000000
2026-08-14,S03,K04,shared_ridge10,12.1806459048,4.6125618977,13.0260153842,0.9000000000
2026-08-14,S03,K05,shared_ridge10,14.1293227892,8.7894898973,16.3813284527,0.9000000000
2026-08-14,S03,K06,shared_ridge10,14.3629574421,8.5771344323,14.6848197217,0.9000000000
2026-08-14,S03,K07,shared_ridge10,16.8766772221,11.8859229250,17.2134509690,0.9000000000
2026-08-14,S03,K08,shared_ridge10,16.5291672791,9.0356151060,19.5807096671,0.9000000000
2026-08-14,S04,K01,shared_ridge10,10.1655734675,6.8572634289,12.0357542612,0.9000000000
2026-08-14,S04,K02,shared_ridge10,10.7632726805,6.0843115918,15.4630633322,0.9000000000
2026-08-14,S04,K03,shared_ridge10,12.1262732935,8.6189513795,13.2417956129,0.9000000000
2026-08-14,S04,K04,shared_ridge10,13.0828198178,7.4423199585,15.1133666311,0.9000000000
2026-08-14,S04,K05,shared_ridge10,14.6736443776,10.1376671755,16.2902879990,0.9000000000
2026-08-14,S04,K06,shared_ridge10,15.4471912777,10.8092381690,17.7925127279,0.9000000000
2026-08-14,S04,K07,shared_ridge10,17.1049380917,11.6913222057,21.9810225478,0.9000000000
2026-08-14,S04,K08,shared_ridge10,17.9204716269,10.9917657960,19.6000419400,0.9000000000
2026-08-14,S05,K01,shared_ridge10,10.7633995544,6.0978194023,15.0451386292,0.9000000000
2026-08-14,S05,K02,shared_ridge10,11.2850118109,4.6730584669,15.9629973550,0.9000000000
2026-08-14,S05,K03,shared_ridge10,11.8871428587,4.1460902869,12.7083145076,0.9000000000
2026-08-14,S05,K04,shared_ridge10,13.0565404101,6.3105511242,13.0603861086,0.9000000000
2026-08-14,S05,K05,shared_ridge10,15.5214704646,8.4585756534,15.4847738727,0.9000000000
2026-08-14,S05,K06,shared_ridge10,15.5164821085,11.0578648761,19.1774143624,0.9000000000
2026-08-14,S05,K07,shared_ridge10,17.8658076569,11.7951207686,21.9695555313,0.9000000000
2026-08-14,S05,K08,shared_ridge10,18.2465585835,12.8938153972,18.7413024264,0.9000000000
2026-08-14,S06,K01,shared_ridge10,10.4807908588,5.6038484786,14.1433139528,0.9000000000
2026-08-14,S06,K02,shared_ridge10,11.6002292023,5.7067195522,15.7132969077,0.9000000000
2026-08-14,S06,K03,shared_ridge10,12.9088819892,8.2191114686,15.3445043357,0.9000000000
2026-08-14,S06,K04,shared_ridge10,13.5583294206,5.9120225755,14.8661279639,0.9000000000
2026-08-14,S06,K05,shared_ridge10,15.4554097457,9.6232841654,17.3126775520,0.9000000000
2026-08-14,S06,K06,shared_ridge10,15.9947429781,9.0294654282,16.3682272302,0.9000000000
2026-08-14,S06,K07,shared_ridge10,18.3223293960,9.4984570998,22.9436575391,0.9000000000
2026-08-14,S06,K08,shared_ridge10,18.5726455400,12.5537277701,20.3654911998,0.9000000000
2026-08-14,S07,K01,shared_ridge10,11.0025299892,5.3042757385,15.7887220188,0.9000000000
2026-08-14,S07,K02,shared_ridge10,11.4697944196,5.3449337562,12.8840262798,0.9000000000
2026-08-14,S07,K03,shared_ridge10,13.0284472066,5.7576496376,14.3864651221,0.9000000000
2026-08-14,S07,K04,shared_ridge10,13.9405532138,8.8263823258,17.0594631699,0.9000000000
2026-08-14,S07,K05,shared_ridge10,15.9219577224,9.7973784290,17.3395364564,0.9000000000
2026-08-14,S07,K06,shared_ridge10,16.6577864563,9.5514506259,20.7395851041,0.9000000000
2026-08-14,S07,K07,shared_ridge10,19.2462424395,14.5672082239,22.4298556262,0.9000000000
2026-08-14,S07,K08,shared_ridge10,18.9530803226,9.8637239667,19.9513666244,0.9000000000
2026-08-14,S08,K01,shared_ridge10,11.8068778153,5.9650434546,19.2129408077,0.9000000000
2026-08-14,S08,K02,shared_ridge10,12.1002292023,7.1682146104,14.2834338529,0.9000000000
2026-08-14,S08,K03,shared_ridge10,13.7255698389,7.5363723414,14.4354177008,0.9000000000
2026-08-14,S08,K04,shared_ridge10,14.7105033337,9.6684929942,16.6587528887,0.9000000000
2026-08-14,S08,K05,shared_ridge10,17.2263055485,12.7567523230,20.9702385802,0.9000000000
2026-08-14,S08,K06,shared_ridge10,17.0273516737,12.1506336701,21.6515446714,0.9000000000
2026-08-14,S08,K07,shared_ridge10,19.6484163525,11.0235517306,21.6742126766,0.9000000000
2026-08-14,S08,K08,shared_ridge10,20.2682977139,12.3837044398,22.9713470974,0.9000000000
2026-08-14,S09,K01,shared_ridge10,11.9264430327,4.9428854662,13.1244145478,0.9000000000
2026-08-14,S09,K02,shared_ridge10,12.5567509414,5.2302454471,15.2301103818,0.9000000000
2026-08-14,S09,K03,shared_ridge10,13.6726924712,6.7917603044,17.2345011921,0.9000000000
2026-08-14,S09,K04,shared_ridge10,14.8826273666,9.3407822978,22.9069707523,0.9000000000
2026-08-14,S09,K05,shared_ridge10,17.4002185920,14.5570257150,21.9992280914,0.9000000000
2026-08-14,S09,K06,shared_ridge10,17.7882212390,10.6374476175,18.7805241412,0.9000000000
2026-08-14,S09,K07,shared_ridge10,19.7245033091,9.7418790058,19.6763611800,0.9000000000
2026-08-14,S09,K08,shared_ridge10,20.9096020617,14.6703403938,23.9865366876,0.9000000000
2026-08-14,S10,K01,shared_ridge10,11.6873125979,5.0469309100,17.0011457650,0.9000000000
2026-08-14,S10,K02,shared_ridge10,12.8347402526,5.6693678432,15.6494795077,0.9000000000
2026-08-14,S10,K03,shared_ridge10,14.7922576886,9.1695401092,16.7782374800,0.9000000000
2026-08-14,S10,K04,shared_ridge10,14.9523850352,10.4762016444,17.1371781567,0.9000000000
2026-08-14,S10,K05,shared_ridge10,17.4545664181,12.3019280172,21.6841991276,0.9000000000
2026-08-14,S10,K06,shared_ridge10,18.6577864563,11.6754046886,20.6724316693,0.9000000000
2026-08-14,S10,K07,shared_ridge10,20.9092859178,13.7292284455,22.7320652135,0.9000000000
2026-08-14,S10,K08,shared_ridge10,20.6505961121,12.7963115063,22.9304201034,0.9000000000
2026-08-14,S11,K01,shared_ridge10,12.1981821631,4.4857930749,15.3524932061,0.9000000000
2026-08-14,S11,K02,shared_ridge10,13.5102840924,8.2642320413,14.9177726222,0.9000000000
2026-08-14,S11,K03,shared_ridge10,14.9755698389,10.3506323631,16.9574965378,0.9000000000
2026-08-14,S11,K04,shared_ridge10,16.0284719918,10.8791025336,17.8343073954,0.9000000000
2026-08-14,S11,K05,shared_ridge10,18.3132620703,11.2705977942,23.3006815696,0.9000000000
2026-08-14,S11,K06,shared_ridge10,18.6469168911,11.4414673324,24.1250653645,0.9000000000
2026-08-14,S11,K07,shared_ridge10,21.2788511351,14.5018404034,22.2176363516,0.9000000000
2026-08-14,S11,K08,shared_ridge10,21.9894162495,13.7467671420,27.2467671420,0.9000000000
2026-08-14,S12,K01,shared_ridge10,12.8720952066,6.5704902202,14.9506229504,0.9000000000
2026-08-14,S12,K02,shared_ridge10,13.7510453235,7.0802203155,16.2452356511,0.9000000000
2026-08-14,S12,K03,shared_ridge10,15.2675776413,10.2708452937,15.8777094684,0.9000000000
2026-08-14,S12,K04,shared_ridge10,16.2023850352,10.0449900803,20.6754743342,0.9000000000
2026-08-14,S12,K05,shared_ridge10,18.2371751137,12.5775713577,22.6501080814,0.9000000000
2026-08-14,S12,K06,shared_ridge10,19.2121342824,10.8818809476,20.5437094520,0.9000000000
2026-08-14,S12,K07,shared_ridge10,21.3406743230,16.4152138080,23.6632351366,0.9000000000
2026-08-14,S12,K08,shared_ridge10,22.3589814668,17.7304133556,26.4034936378,0.9000000000
2026-08-15,S01,K01,shared_ridge10,10.1823970140,4.5234033517,14.8674840100,0.9000000000
2026-08-15,S01,K02,shared_ridge10,11.0165668313,5.5342517823,13.6134441750,0.9000000000
2026-08-15,S01,K03,shared_ridge10,12.6591088651,4.4754535214,14.5008155124,0.9000000000
2026-08-15,S01,K04,shared_ridge10,13.6080119882,8.1077416532,18.1066529921,0.9000000000
2026-08-15,S01,K05,shared_ridge10,15.6970733567,11.0773621081,17.6576504292,0.9000000000
2026-08-15,S01,K06,shared_ridge10,16.0994562064,8.7705236878,17.6143410311,0.9000000000
2026-08-15,S01,K07,shared_ridge10,18.5034707987,11.0737504249,17.9357566172,0.9000000000
2026-08-15,S01,K08,shared_ridge10,17.8297896958,11.4751407222,19.4735380883,0.9000000000
2026-08-15,S02,K01,shared_ridge10,10.9730623325,6.7710709392,13.3800926618,0.9000000000
2026-08-15,S02,K02,shared_ridge10,11.0274363965,4.9268576216,13.6960198548,0.9000000000
2026-08-15,S02,K03,shared_ridge10,13.4851958216,10.1494219611,18.4594126974,0.9000000000
2026-08-15,S02,K04,shared_ridge10,13.6188815534,6.1143531491,14.2912832540,0.9000000000
2026-08-15,S02,K05,shared_ridge10,16.7622907480,9.0334497273,17.9279960257,0.9000000000
2026-08-15,S02,K06,shared_ridge10,16.7869615012,11.4633610178,20.5132133686,0.9000000000
2026-08-15,S02,K07,shared_ridge10,18.5537374665,13.9848147532,20.1889001532,0.9000000000
2026-08-15,S02,K08,shared_ridge10,18.9819636089,12.3875725804,22.1570451666,0.9000000000
2026-08-15,S03,K01,shared_ridge10,10.9227428178,5.2870472211,12.1847528908,0.9000000000
2026-08-15,S03,K02,shared_ridge10,12.1143929183,6.8427432450,17.1159627803,0.9000000000
2026-08-15,S03,K03,shared_ridge10,13.8004132129,9.6558034806,17.0342190422,0.9000000000
2026-08-15,S03,K04,shared_ridge10,14.0319250317,6.4638410246,14.8772945110,0.9000000000
2026-08-15,S03,K05,shared_ridge10,17.1000905974,11.7602577055,19.3520962610,0.9000000000
2026-08-15,S03,K06,shared_ridge10,17.0559779455,11.2701549357,17.3778402251,0.9000000000
2026-08-15,S03,K07,shared_ridge10,19.8689548578,14.8782005606,20.2057286046,0.9000000000
2026-08-15,S03,K08,shared_ridge10,18.8515288262,11.3579766530,21.9030712142,0.9000000000
2026-08-15,S04,K01,shared_ridge10,11.5096993396,8.2013893010,13.3798801334,0.9000000000
2026-08-15,S04,K02,shared_ridge10,12.1904798748,7.5115187861,16.8902705264,0.9000000000
2026-08-15,S04,K03,shared_ridge10,14.3656306042,10.8583086902,15.4811529236,0.9000000000
2026-08-15,S04,K04,shared_ridge10,14.9340989447,9.2935990854,16.9646457580,0.9000000000
2026-08-15,S04,K05,shared_ridge10,17.6444121858,13.1084349837,19.2610558072,0.9000000000
2026-08-15,S04,K06,shared_ridge10,18.1402117811,13.5022586724,20.4855332313,0.9000000000
2026-08-15,S04,K07,shared_ridge10,20.0972157274,14.6835998414,24.9733001834,0.9000000000
2026-08-15,S04,K08,shared_ridge10,20.2428331741,13.3141273432,21.9224034872,0.9000000000
2026-08-15,S05,K01,shared_ridge10,12.1075254265,7.4419452744,16.3892645012,0.9000000000
2026-08-15,S05,K02,shared_ridge10,12.7122190052,6.1002656612,17.3902045492,0.9000000000
2026-08-15,S05,K03,shared_ridge10,14.1265001694,6.3854475976,14.9476718182,0.9000000000
2026-08-15,S05,K04,shared_ridge10,14.9078195370,8.1618302511,14.9116652355,0.9000000000
2026-08-15,S05,K05,shared_ridge10,18.4922382728,11.4293434617,18.4555416809,0.9000000000
2026-08-15,S05,K06,shared_ridge10,18.2095026119,13.7508853796,21.8704348658,0.9000000000
2026-08-15,S05,K07,shared_ridge10,20.8580852926,14.7873984043,24.9618331670,0.9000000000
2026-08-15,S05,K08,shared_ridge10,20.5689201306,15.2161769442,21.0636639736,0.9000000000
2026-08-15,S06,K01,shared_ridge10,11.8249167309,6.9479743507,15.4874398249,0.9000000000
2026-08-15,S06,K02,shared_ridge10,13.0274363965,7.1339267464,17.1405041019,0.9000000000
2026-08-15,S06,K03,shared_ridge10,15.1482392998,10.4584687792,17.5838616463,0.9000000000
2026-08-15,S06,K04,shared_ridge10,15.4096085475,7.7633017024,16.7174070908,0.9000000000
2026-08-15,S06,K05,shared_ridge10,18.4261775539,12.5940519736,20.2834453602,0.9000000000
2026-08-15,S06,K06,shared_ridge10,18.6877634815,11.7224859316,19.0612477336,0.9000000000
2026-08-15,S06,K07,shared_ridge10,21.3146070317,12.4907347354,25.9359351748,0.9000000000
2026-08-15,S06,K08,shared_ridge10,20.8950070871,14.8760893172,22.6878527469,0.9000000000
2026-08-15,S07,K01,shared_ridge10,12.3466558613,6.6484016107,17.1328478910,0.9000000000
2026-08-15,S07,K02,shared_ridge10,12.8970016139,6.7721409505,14.3112334742,0.9000000000
2026-08-15,S07,K03,shared_ridge10,15.2678045172,7.9970069482,16.6258224327,0.9000000000
2026-08-15,S07,K04,shared_ridge10,15.7918323407,10.6776614527,18.9107422968,0.9000000000
2026-08-15,S07,K05,shared_ridge10,18.8927255307,12.7681462374,20.3103042646,0.9000000000
2026-08-15,S07,K06,shared_ridge10,19.3508069597,12.2444711294,23.4326056075,0.9000000000
2026-08-15,S07,K07,shared_ridge10,22.2385200752,17.5594858596,25.4221332618,0.9000000000
2026-08-15,S07,K08,shared_ridge10,21.2754418697,12.1860855138,22.2737281715,0.9000000000
2026-08-15,S08,K01,shared_ridge10,13.1510036874,7.3091693266,20.5570666798,0.9000000000
2026-08-15,S08,K02,shared_ridge10,13.5274363965,8.5954218046,15.7106410471,0.9000000000
2026-08-15,S08,K03,shared_ridge10,15.9649271495,9.7757296519,16.6747750114,0.9000000000
2026-08-15,S08,K04,shared_ridge10,16.5617824606,11.5197721211,18.5100320156,0.9000000000
2026-08-15,S08,K05,shared_ridge10,20.1970733567,15.7275201312,23.9410063884,0.9000000000
2026-08-15,S08,K06,shared_ridge10,19.7203721771,14.8436541735,24.3445651748,0.9000000000
2026-08-15,S08,K07,shared_ridge10,22.6406939882,14.0158293662,24.6664903124,0.9000000000
2026-08-15,S08,K08,shared_ridge10,22.5906592610,14.7060659868,25.2937086445,0.9000000000
2026-08-15,S09,K01,shared_ridge10,13.2705689048,6.2870113382,14.4685404200,0.9000000000
2026-08-15,S09,K02,shared_ridge10,13.9839581357,6.6574526414,16.6573175761,0.9000000000
2026-08-15,S09,K03,shared_ridge10,15.9120497818,9.0311176150,19.4738585027,0.9000000000
2026-08-15,S09,K04,shared_ridge10,16.7339064935,11.1920614248,24.7582498792,0.9000000000
2026-08-15,S09,K05,shared_ridge10,20.3709864002,17.5277935232,24.9699958996,0.9000000000
2026-08-15,S09,K06,shared_ridge10,20.4812417423,13.3304681208,21.4735446444,0.9000000000
2026-08-15,S09,K07,shared_ridge10,22.7167809447,12.7341566414,22.6686388156,0.9000000000
2026-08-15,S09,K08,shared_ridge10,23.2319636089,16.9927019410,26.3088982348,0.9000000000
2026-08-15,S10,K01,shared_ridge10,13.0314384700,6.3910567821,18.3452716371,0.9000000000
2026-08-15,S10,K02,shared_ridge10,14.2619474469,7.0965750376,17.0766867020,0.9000000000
2026-08-15,S10,K03,shared_ridge10,17.0316149992,11.4088974198,19.0175947906,0.9000000000
2026-08-15,S10,K04,shared_ridge10,16.8036641621,12.3274807713,18.9884572835,0.9000000000
2026-08-15,S10,K05,shared_ridge10,20.4253342263,15.2726958254,24.6549669358,0.9000000000
2026-08-15,S10,K06,shared_ridge10,21.3508069597,14.3684251920,23.3654521727,0.9000000000
2026-08-15,S10,K07,shared_ridge10,23.9015635534,16.7215060811,25.7243428491,0.9000000000
2026-08-15,S10,K08,shared_ridge10,22.9729576592,15.1186730534,25.2527816505,0.9000000000
2026-08-15,S11,K01,shared_ridge10,13.5423080352,5.8299189470,16.6966190782,0.9000000000
2026-08-15,S11,K02,shared_ridge10,14.9374912867,9.6914392356,16.3449798164,0.9000000000
2026-08-15,S11,K03,shared_ridge10,17.2149271495,12.5899896737,19.1968538484,0.9000000000
2026-08-15,S11,K04,shared_ridge10,17.8797511187,12.7303816606,19.6855865224,0.9000000000
2026-08-15,S11,K05,shared_ridge10,21.2840298785,14.2413656024,26.2714493778,0.9000000000
2026-08-15,S11,K06,shared_ridge10,21.3399373945,14.1344878359,26.8180858680,0.9000000000
2026-08-15,S11,K07,shared_ridge10,24.2711287708,17.4941180392,25.2099139872,0.9000000000
2026-08-15,S11,K08,shared_ridge10,24.3117777966,16.0691286891,29.5691286891,0.9000000000
2026-08-15,S12,K01,shared_ridge10,14.2162210787,7.9146160924,16.2947488225,0.9000000000
2026-08-15,S12,K02,shared_ridge10,15.1782525178,8.5074275098,17.6724428454,0.9000000000
2026-08-15,S12,K03,shared_ridge10,17.5069349520,12.5102026044,18.1170667791,0.9000000000
2026-08-15,S12,K04,shared_ridge10,18.0536641621,11.8962692072,22.5267534611,0.9000000000
2026-08-15,S12,K05,shared_ridge10,21.2079429220,15.5483391660,25.6208758897,0.9000000000
2026-08-15,S12,K06,shared_ridge10,21.9051547858,13.5749014510,23.2367299554,0.9000000000
2026-08-15,S12,K07,shared_ridge10,24.3329519587,19.4074914437,26.6555127722,0.9000000000
2026-08-15,S12,K08,shared_ridge10,24.6813430140,20.0527749028,28.7258551850,0.9000000000
2026-08-16,S01,K01,shared_ridge10,10.5046358429,4.8456421806,15.1897228390,0.9000000000
2026-08-16,S01,K02,shared_ridge10,11.1033520557,5.6210370067,13.7002293994,0.9000000000
2026-08-16,S01,K03,shared_ridge10,12.2612240837,4.0775687400,14.1029307310,0.9000000000
2026-08-16,S01,K04,shared_ridge10,13.8239962383,8.3237259032,18.3226372422,0.9000000000
2026-08-16,S01,K05,shared_ridge10,15.3196828584,10.6999716098,17.2802599310,0.9000000000
2026-08-16,S01,K06,shared_ridge10,15.9540074285,8.6250749099,17.4688922532,0.9000000000
2026-08-16,S01,K07,shared_ridge10,18.5866575253,11.1569371515,18.0189433438,0.9000000000
2026-08-16,S01,K08,shared_ridge10,18.5952864446,12.2406374710,20.2390348371,0.9000000000
2026-08-16,S02,K01,shared_ridge10,11.2953011614,7.0933097681,13.7023314908,0.9000000000
2026-08-16,S02,K02,shared_ridge10,11.1142216209,5.0136428460,13.7828050792,0.9000000000
2026-08-16,S02,K03,shared_ridge10,13.0873110402,9.7515371797,18.0615279160,0.9000000000
2026-08-16,S02,K04,shared_ridge10,13.8348658035,6.3303373992,14.5072675040,0.9000000000
2026-08-16,S02,K05,shared_ridge10,16.3849002497,8.6560592290,17.5506055274,0.9000000000
2026-08-16,S02,K06,shared_ridge10,16.6415127234,11.3179122400,20.3677645908,0.9000000000
2026-08-16,S02,K07,shared_ridge10,18.6369241931,14.0680014798,20.2720868798,0.9000000000
2026-08-16,S02,K08,shared_ridge10,19.7474603576,13.1530693291,22.9225419154,0.9000000000
2026-08-16,S03,K01,shared_ridge10,11.2449816467,5.6092860500,12.5069917196,0.9000000000
2026-08-16,S03,K02,shared_ridge10,12.2011781427,6.9295284694,17.2027480047,0.9000000000
2026-08-16,S03,K03,shared_ridge10,13.4025284315,9.2579186993,16.6363342608,0.9000000000
2026-08-16,S03,K04,shared_ridge10,14.2479092818,6.6798252747,15.0932787612,0.9000000000
2026-08-16,S03,K05,shared_ridge10,16.7227000991,11.3828672072,18.9747057626,0.9000000000
2026-08-16,S03,K06,shared_ridge10,16.9105291676,11.1247061578,17.2323914472,0.9000000000
2026-08-16,S03,K07,shared_ridge10,19.9521415844,14.9613872872,20.2889153312,0.9000000000
2026-08-16,S03,K08,shared_ridge10,19.6170255750,12.1234734018,22.6685679630,0.9000000000
2026-08-16,S04,K01,shared_ridge10,11.8319381685,8.5236281299,13.7021189623,0.9000000000
2026-08-16,S04,K02,shared_ridge10,12.2772650992,7.5983040105,16.9770557508,0.9000000000
2026-08-16,S04,K03,shared_ridge10,13.9677458228,10.4604239088,15.0832681422,0.9000000000
2026-08-16,S04,K04,shared_ridge10,15.1500831948,9.5095833355,17.1806300081,0.9000000000
2026-08-16,S04,K05,shared_ridge10,17.2670216875,12.7310444854,18.8836653089,0.9000000000
2026-08-16,S04,K06,shared_ridge10,17.9947630032,13.3568098945,20.3400844534,0.9000000000
2026-08-16,S04,K07,shared_ridge10,20.1804024540,14.7667865680,25.0564869100,0.9000000000
2026-08-16,S04,K08,shared_ridge10,21.0083299228,14.0796240919,22.6879002359,0.9000000000
2026-08-16,S05,K01,shared_ridge10,12.4297642554,7.7641841033,16.7115033301,0.9000000000
2026-08-16,S05,K02,shared_ridge10,12.7990042296,6.1870508856,17.4769897736,0.9000000000
2026-08-16,S05,K03,shared_ridge10,13.7286153881,5.9875628162,14.5497870370,0.9000000000
2026-08-16,S05,K04,shared_ridge10,15.1238037871,8.3778145012,15.1276494856,0.9000000000
2026-08-16,S05,K05,shared_ridge10,18.1148477745,11.0519529633,18.0781511826,0.9000000000
2026-08-16,S05,K06,shared_ridge10,18.0640538341,13.6054366018,21.7249860880,0.9000000000
2026-08-16,S05,K07,shared_ridge10,20.9412720192,14.8705851309,25.0450198936,0.9000000000
2026-08-16,S05,K08,shared_ridge10,21.3344168793,15.9816736930,21.8291607223,0.9000000000
2026-08-16,S06,K01,shared_ridge10,12.1471555598,7.2702131796,15.8096786538,0.9000000000
2026-08-16,S06,K02,shared_ridge10,13.1142216209,7.2207119708,17.2272893263,0.9000000000
2026-08-16,S06,K03,shared_ridge10,14.7503545185,10.0605839979,17.1859768650,0.9000000000
2026-08-16,S06,K04,shared_ridge10,15.6255927976,7.9792859525,16.9333913409,0.9000000000
2026-08-16,S06,K05,shared_ridge10,18.0487870556,12.2166614752,19.9060548619,0.9000000000
2026-08-16,S06,K06,shared_ridge10,18.5423147036,11.5770371537,18.9157989557,0.9000000000
2026-08-16,S06,K07,shared_ridge10,21.3977937583,12.5739214620,26.0191219014,0.9000000000
2026-08-16,S06,K08,shared_ridge10,21.6605038359,15.6415860660,23.4533494957,0.9000000000
2026-08-16,S07,K01,shared_ridge10,12.6688946902,6.9706404396,17.4550867198,0.9000000000
2026-08-16,S07,K02,shared_ridge10,12.9837868383,6.8589261749,14.3980186986,0.9000000000
2026-08-16,S07,K03,shared_ridge10,14.8699197359,7.5991221669,16.2279376514,0.9000000000
2026-08-16,S07,K04,shared_ridge10,16.0078165908,10.8936457029,19.1267265469,0.9000000000
2026-08-16,S07,K05,shared_ridge10,18.5153350323,12.3907557390,19.9329137663,0.9000000000
2026-08-16,S07,K06,shared_ridge10,19.2053581819,12.0990223516,23.2871568297,0.9000000000
2026-08-16,S07,K07,shared_ridge10,22.3217068018,17.6426725862,25.5053199885,0.9000000000
2026-08-16,S07,K08,shared_ridge10,22.0409386185,12.9515822626,23.0392249203,0.9000000000
2026-08-16,S08,K01,shared_ridge10,13.4732425163,7.6314081556,20.8793055087,0.9000000000
2026-08-16,S08,K02,shared_ridge10,13.6142216209,8.6822070290,15.7974262715,0.9000000000
2026-08-16,S08,K03,shared_ridge10,15.5670423682,9.3778448706,16.2768902300,0.9000000000
2026-08-16,S08,K04,shared_ridge10,16.7777667107,11.7357563712,18.7260162657,0.9000000000
2026-08-16,S08,K05,shared_ridge10,19.8196828584,15.3501296328,23.5636158901,0.9000000000
2026-08-16,S08,K06,shared_ridge10,19.5749233993,14.6982053957,24.1991163971,0.9000000000
2026-08-16,S08,K07,shared_ridge10,22.7238807148,14.0990160928,24.7496770390,0.9000000000
2026-08-16,S08,K08,shared_ridge10,23.3561560098,15.4715627356,26.0592053933,0.9000000000
2026-08-16,S09,K01,shared_ridge10,13.5928077337,6.6092501672,14.7907792488,0.9000000000
2026-08-16,S09,K02,shared_ridge10,14.0707433600,6.7442378656,16.7441028004,0.9000000000
2026-08-16,S09,K03,shared_ridge10,15.5141650005,8.6332328337,19.0759737214,0.9000000000
2026-08-16,S09,K04,shared_ridge10,16.9498907436,11.4080456749,24.9742341293,0.9000000000
2026-08-16,S09,K05,shared_ridge10,19.9935959019,17.1504030248,24.5926054012,0.9000000000
2026-08-16,S09,K06,shared_ridge10,20.3357929645,13.1850193430,21.3280958667,0.9000000000
2026-08-16,S09,K07,shared_ridge10,22.7999676713,12.8173433680,22.7518255422,0.9000000000
2026-08-16,S09,K08,shared_ridge10,23.9974603576,17.7581986896,27.0743949836,0.9000000000
2026-08-16,S10,K01,shared_ridge10,13.3536772989,6.7132956110,18.6675104660,0.9000000000
2026-08-16,S10,K02,shared_ridge10,14.3487326713,7.1833602620,17.1634719264,0.9000000000
2026-08-16,S10,K03,shared_ridge10,16.6337302179,11.0110126385,18.6197100092,0.9000000000
2026-08-16,S10,K04,shared_ridge10,17.0196484122,12.5434650214,19.2044415336,0.9000000000
2026-08-16,S10,K05,shared_ridge10,20.0479437280,14.8953053271,24.2775764375,0.9000000000
2026-08-16,S10,K06,shared_ridge10,21.2053581819,14.2229764142,23.2200033949,0.9000000000
2026-08-16,S10,K07,shared_ridge10,23.9847502800,16.8046928077,25.8075295757,0.9000000000
2026-08-16,S10,K08,shared_ridge10,23.7384544080,15.8841698022,26.0182783994,0.9000000000
2026-08-16,S11,K01,shared_ridge10,13.8645468641,6.1521577759,17.0188579071,0.9000000000
2026-08-16,S11,K02,shared_ridge10,15.0242765111,9.7782244600,16.4317650409,0.9000000000
2026-08-16,S11,K03,shared_ridge10,16.8170423682,12.1921048924,18.7989690671,0.9000000000
2026-08-16,S11,K04,shared_ridge10,18.0957353687,12.9463659106,19.9015707724,0.9000000000
2026-08-16,S11,K05,shared_ridge10,20.9066393802,13.8639751042,25.8940588796,0.9000000000
2026-08-16,S11,K06,shared_ridge10,21.1944886167,13.9890390580,26.6726370901,0.9000000000
2026-08-16,S11,K07,shared_ridge10,24.3543154974,17.5773047658,25.2931007138,0.9000000000
2026-08-16,S11,K08,shared_ridge10,25.0772745453,16.8346254378,30.3346254378,0.9000000000
2026-08-16,S12,K01,shared_ridge10,14.5384599076,8.2368549212,16.6169876514,0.9000000000
2026-08-16,S12,K02,shared_ridge10,15.2650377422,8.5942127342,17.7592280698,0.9000000000
2026-08-16,S12,K03,shared_ridge10,17.1090501707,12.1123178231,17.7191819978,0.9000000000
2026-08-16,S12,K04,shared_ridge10,18.2696484122,12.1122534573,22.7427377112,0.9000000000
2026-08-16,S12,K05,shared_ridge10,20.8305524236,15.1709486676,25.2434853913,0.9000000000
2026-08-16,S12,K06,shared_ridge10,21.7597060080,13.4294526731,23.0912811776,0.9000000000
2026-08-16,S12,K07,shared_ridge10,24.4161386853,19.4906781703,26.7386994989,0.9000000000
2026-08-16,S12,K08,shared_ridge10,25.4468397627,20.8182716515,29.4913519338,0.9000000000
2026-08-17,S01,K01,shared_ridge10,8.4372642822,2.7782706199,13.1223512783,0.9000000000
2026-08-17,S01,K02,shared_ridge10,8.5555590340,3.0732439850,11.1524363778,0.9000000000
2026-08-17,S01,K03,shared_ridge10,10.0497219209,1.8660665772,11.8914285682,0.9000000000
2026-08-17,S01,K04,shared_ridge10,11.0946409138,5.5943705787,15.5932819176,0.9000000000
2026-08-17,S01,K05,shared_ridge10,12.4263104969,7.8065992483,14.3868875694,0.9000000000
2026-08-17,S01,K06,shared_ridge10,12.8783606823,5.5494281637,14.3932455070,0.9000000000
2026-08-17,S01,K07,shared_ridge10,15.1158684939,7.6861481201,14.5481543124,0.9000000000
2026-08-17,S01,K08,shared_ridge10,15.2282229746,8.8735740010,16.8719713671,0.9000000000
2026-08-17,S02,K01,shared_ridge10,9.2279296007,5.0259382074,11.6349599300,0.9000000000
2026-08-17,S02,K02,shared_ridge10,8.5664285992,2.4658498243,11.2350120575,0.9000000000
2026-08-17,S02,K03,shared_ridge10,10.8758088774,7.5400350169,15.8500257532,0.9000000000
2026-08-17,S02,K04,shared_ridge10,11.1055104790,3.6009820747,11.7779121796,0.9000000000
2026-08-17,S02,K05,shared_ridge10,13.4915278882,5.7626868675,14.6572331659,0.9000000000
2026-08-17,S02,K06,shared_ridge10,13.5658659772,8.2422654938,17.2921178446,0.9000000000
2026-08-17,S02,K07,shared_ridge10,15.1661351618,10.5972124486,16.8012978486,0.9000000000
2026-08-17,S02,K08,shared_ridge10,16.3803968876,9.7860058591,19.5554784454,0.9000000000
2026-08-17,S03,K01,shared_ridge10,9.1776100860,3.5419144893,10.4396201590,0.9000000000
2026-08-17,S03,K02,shared_ridge10,9.6533851210,4.3817354476,14.6549549830,0.9000000000
2026-08-17,S03,K03,shared_ridge10,11.1910262687,7.0464165364,14.4248320980,0.9000000000
2026-08-17,S03,K04,shared_ridge10,11.5185539573,3.9504699502,12.3639234366,0.9000000000
2026-08-17,S03,K05,shared_ridge10,13.8293277375,8.4894948456,16.0813334010,0.9000000000
2026-08-17,S03,K06,shared_ridge10,13.8348824214,8.0490594116,14.1567447010,0.9000000000
2026-08-17,S03,K07,shared_ridge10,16.4813525531,11.4905982560,16.8181263000,0.9000000000
2026-08-17,S03,K08,shared_ridge10,16.2499621050,8.7564099319,19.3015044930,0.9000000000
2026-08-17,S04,K01,shared_ridge10,9.7645666078,6.4562565692,11.6347474016,0.9000000000
2026-08-17,S04,K02,shared_ridge10,9.7294720775,5.0505109888,14.4292627292,0.9000000000
2026-08-17,S04,K03,shared_ridge10,11.7562436600,8.2489217460,12.8717659794,0.9000000000
2026-08-17,S04,K04,shared_ridge10,12.4207278703,6.7802280110,14.4512746836,0.9000000000
2026-08-17,S04,K05,shared_ridge10,14.3736493260,9.8376721239,15.9902929474,0.9000000000
2026-08-17,S04,K06,shared_ridge10,14.9191162570,10.2811631483,17.2644377073,0.9000000000
2026-08-17,S04,K07,shared_ridge10,16.7096134226,11.2959975366,21.5856978787,0.9000000000
2026-08-17,S04,K08,shared_ridge10,17.6412664528,10.7125606219,19.3208367659,0.9000000000
2026-08-17,S05,K01,shared_ridge10,10.3623926947,5.6968125426,14.6441317694,0.9000000000
2026-08-17,S05,K02,shared_ridge10,10.2512112079,3.6392578639,14.9291967520,0.9000000000
2026-08-17,S05,K03,shared_ridge10,11.5171132253,3.7760606534,12.3382848741,0.9000000000
2026-08-17,S05,K04,shared_ridge10,12.3944484626,5.6484591767,12.3982941611,0.9000000000
2026-08-17,S05,K05,shared_ridge10,15.2214754130,8.1585806018,15.1847788211,0.9000000000
2026-08-17,S05,K06,shared_ridge10,14.9884070878,10.5297898555,18.6493393416,0.9000000000
2026-08-17,S05,K07,shared_ridge10,17.4704829879,11.3997960996,21.5742308623,0.9000000000
2026-08-17,S05,K08,shared_ridge10,17.9673534094,12.6146102230,18.4620972524,0.9000000000
2026-08-17,S06,K01,shared_ridge10,10.0797839991,5.2028416189,13.7423070931,0.9000000000
2026-08-17,S06,K02,shared_ridge10,10.5664285992,4.6729189491,14.6794963046,0.9000000000
2026-08-17,S06,K03,shared_ridge10,12.5388523557,7.8490818351,14.9744747022,0.9000000000
2026-08-17,S06,K04,shared_ridge10,12.8962374731,5.2499306280,14.2040360164,0.9000000000
2026-08-17,S06,K05,shared_ridge10,15.1554146941,9.3232891137,17.0126825004,0.9000000000
2026-08-17,S06,K06,shared_ridge10,15.4666679574,8.5013904075,15.8401522095,0.9000000000
2026-08-17,S06,K07,shared_ridge10,17.9270047270,9.1031324308,22.5483328701,0.9000000000
2026-08-17,S06,K08,shared_ridge10,18.2934403659,12.2745225960,20.0862860257,0.9000000000
2026-08-17,S07,K01,shared_ridge10,10.6015231295,4.9032688789,15.3877151592,0.9000000000
2026-08-17,S07,K02,shared_ridge10,10.4359938166,4.3111331532,11.8502256768,0.9000000000
2026-08-17,S07,K03,shared_ridge10,12.6584175731,5.3876200041,14.0164354886,0.9000000000
2026-08-17,S07,K04,shared_ridge10,13.2784612663,8.1642903784,16.3973712224,0.9000000000
2026-08-17,S07,K05,shared_ridge10,15.6219626708,9.4973833774,17.0395414048,0.9000000000
2026-08-17,S07,K06,shared_ridge10,16.1297114357,9.0233756053,20.2115100835,0.9000000000
2026-08-17,S07,K07,shared_ridge10,18.8509177705,14.1718835549,22.0345309572,0.9000000000
2026-08-17,S07,K08,shared_ridge10,18.6738751485,9.5845187925,19.6721614503,0.9000000000
2026-08-17,S08,K01,shared_ridge10,11.4058709556,5.5640365948,18.8119339480,0.9000000000
2026-08-17,S08,K02,shared_ridge10,11.0664285992,6.1344140073,13.2496332498,0.9000000000
2026-08-17,S08,K03,shared_ridge10,13.3555402054,7.1663427078,14.0653880673,0.9000000000
2026-08-17,S08,K04,shared_ridge10,14.0484113862,9.0064010467,15.9966609412,0.9000000000
2026-08-17,S08,K05,shared_ridge10,16.9263104969,12.4567572714,20.6702435286,0.9000000000
2026-08-17,S08,K06,shared_ridge10,16.4992766531,11.6225586495,21.1234696508,0.9000000000
2026-08-17,S08,K07,shared_ridge10,19.2530916835,10.6282270616,21.2788880076,0.9000000000
2026-08-17,S08,K08,shared_ridge10,19.9890925398,12.1044992657,22.6921419234,0.9000000000
2026-08-17,S09,K01,shared_ridge10,11.5254361730,4.5418786064,12.7234076881,0.9000000000
2026-08-17,S09,K02,shared_ridge10,11.5229503384,4.1964448440,14.1963097788,0.9000000000
2026-08-17,S09,K03,shared_ridge10,13.3026628377,6.4217306709,16.8644715586,0.9000000000
2026-08-17,S09,K04,shared_ridge10,14.2205354191,8.6786903504,22.2448788048,0.9000000000
2026-08-17,S09,K05,shared_ridge10,17.1002235404,14.2570306634,21.6992330397,0.9000000000
2026-08-17,S09,K06,shared_ridge10,17.2601462183,10.1093725968,18.2524491205,0.9000000000
2026-08-17,S09,K07,shared_ridge10,19.3291786400,9.3465543367,19.2810365108,0.9000000000
2026-08-17,S09,K08,shared_ridge10,20.6303968876,14.3911352196,23.7073315136,0.9000000000
2026-08-17,S10,K01,shared_ridge10,11.2863057382,4.6459240503,16.6001389053,0.9000000000
2026-08-17,S10,K02,shared_ridge10,11.8009396496,4.6355672402,14.6156789047,0.9000000000
2026-08-17,S10,K03,shared_ridge10,14.4222280551,8.7995104757,16.4082078464,0.9000000000
2026-08-17,S10,K04,shared_ridge10,14.2902930877,9.8141096969,16.4750862092,0.9000000000
2026-08-17,S10,K05,shared_ridge10,17.1545713665,12.0019329656,21.3842040760,0.9000000000
2026-08-17,S10,K06,shared_ridge10,18.1297114357,11.1473296680,20.1443566487,0.9000000000
2026-08-17,S10,K07,shared_ridge10,20.5139612487,13.3339037764,22.3367405444,0.9000000000
2026-08-17,S10,K08,shared_ridge10,20.3713909380,12.5171063322,22.6512149294,0.9000000000
2026-08-17,S11,K01,shared_ridge10,11.7971753034,4.0847862152,14.9514863464,0.9000000000
2026-08-17,S11,K02,shared_ridge10,12.4764834894,7.2304314384,13.8839720192,0.9000000000
2026-08-17,S11,K03,shared_ridge10,14.6055402054,9.9806027296,16.5874669043,0.9000000000
2026-08-17,S11,K04,shared_ridge10,15.3663800442,10.2170105860,17.1722154478,0.9000000000
2026-08-17,S11,K05,shared_ridge10,18.0132670187,10.9706027426,23.0006865180,0.9000000000
2026-08-17,S11,K06,shared_ridge10,18.1188418705,10.9133923118,23.5969903439,0.9000000000
2026-08-17,S11,K07,shared_ridge10,20.8835264661,14.1065157344,21.8223116826,0.9000000000
2026-08-17,S11,K08,shared_ridge10,21.7102110754,13.4675619679,26.9675619679,0.9000000000
2026-08-17,S12,K01,shared_ridge10,12.4710883469,6.1694833606,14.5496160907,0.9000000000
2026-08-17,S12,K02,shared_ridge10,12.7172447205,6.0464197126,15.2114350481,0.9000000000
2026-08-17,S12,K03,shared_ridge10,14.8975480079,9.9008156603,15.5076798350,0.9000000000
2026-08-17,S12,K04,shared_ridge10,15.5402930877,9.3828981328,20.0133823867,0.9000000000
2026-08-17,S12,K05,shared_ridge10,17.9371800621,12.2775763061,22.3501130298,0.9000000000
2026-08-17,S12,K06,shared_ridge10,18.6840592618,10.3538059270,20.0156344314,0.9000000000
2026-08-17,S12,K07,shared_ridge10,20.9453496539,16.0198891389,23.2679104674,0.9000000000
2026-08-17,S12,K08,shared_ridge10,22.0797762927,17.4512081815,26.1242884637,0.9000000000
2026-08-18,S01,K01,shared_ridge10,8.1104044039,2.4514107416,12.7954914000,0.9000000000
2026-08-18,S01,K02,shared_ridge10,8.1959765342,2.7136614852,10.7928538780,0.9000000000
2026-08-18,S01,K03,shared_ridge10,9.9828569111,1.7992015674,11.8245635584,0.9000000000
2026-08-18,S01,K04,shared_ridge10,11.0053764511,5.5051061160,15.5040174550,0.9000000000
2026-08-18,S01,K05,shared_ridge10,12.0480798081,7.4283685595,14.0086568806,0.9000000000
2026-08-18,S01,K06,shared_ridge10,12.8289129446,5.4999804260,14.3437977694,0.9000000000
2026-08-18,S01,K07,shared_ridge10,14.8924634692,7.4627430954,14.3247492878,0.9000000000
2026-08-18,S01,K08,shared_ridge10,15.2328345118,8.8781855382,16.8765829043,0.9000000000
2026-08-18,S02,K01,shared_ridge10,8.9010697224,4.6990783291,11.3081000518,0.9000000000
2026-08-18,S02,K02,shared_ridge10,8.2068460994,2.1062673244,10.8754295577,0.9000000000
2026-08-18,S02,K03,shared_ridge10,10.8089438677,7.4731700072,15.7831607436,0.9000000000
2026-08-18,S02,K04,shared_ridge10,11.0162460163,3.5117176120,11.6886477168,0.9000000000
2026-08-18,S02,K05,shared_ridge10,13.1132971994,5.3844561787,14.2790024771,0.9000000000
2026-08-18,S02,K06,shared_ridge10,13.5164182394,8.1928177560,17.2426701068,0.9000000000
2026-08-18,S02,K07,shared_ridge10,14.9427301371,10.3738074238,16.5778928238,0.9000000000
2026-08-18,S02,K08,shared_ridge10,16.3850084248,9.7906173963,19.5600899826,0.9000000000
2026-08-18,S03,K01,shared_ridge10,8.8507502077,3.2150546110,10.1127602807,0.9000000000
2026-08-18,S03,K02,shared_ridge10,9.2938026212,4.0221529478,14.2953724832,0.9000000000
2026-08-18,S03,K03,shared_ridge10,11.1241612590,6.9795515268,14.3579670884,0.9000000000
2026-08-18,S03,K04,shared_ridge10,11.4292894945,3.8612054874,12.2746589738,0.9000000000
2026-08-18,S03,K05,shared_ridge10,13.4510970488,8.1112641569,15.7031027124,0.9000000000
2026-08-18,S03,K06,shared_ridge10,13.7854346837,7.9996116738,14.1072969633,0.9000000000
2026-08-18,S03,K07,shared_ridge10,16.2579475284,11.2671932312,16.5947212752,0.9000000000
2026-08-18,S03,K08,shared_ridge10,16.2545736422,8.7610214690,19.3061160302,0.9000000000
2026-08-18,S04,K01,shared_ridge10,9.4377067295,6.1293966909,11.3078875232,0.9000000000
2026-08-18,S04,K02,shared_ridge10,9.3698895777,4.6909284890,14.0696802294,0.9000000000
2026-08-18,S04,K03,shared_ridge10,11.6893786503,8.1820567362,12.8049009696,0.9000000000
2026-08-18,S04,K04,shared_ridge10,12.3314634076,6.6909635482,14.3620102209,0.9000000000
2026-08-18,S04,K05,shared_ridge10,13.9954186372,9.4594414351,15.6120622586,0.9000000000
2026-08-18,S04,K06,shared_ridge10,14.8696685193,10.2317154106,17.2149899695,0.9000000000
2026-08-18,S04,K07,shared_ridge10,16.4862083979,11.0725925119,21.3622928540,0.9000000000
2026-08-18,S04,K08,shared_ridge10,17.6458779900,10.7171721591,19.3254483031,0.9000000000
2026-08-18,S05,K01,shared_ridge10,10.0355328164,5.3699526643,14.3172718912,0.9000000000
2026-08-18,S05,K02,shared_ridge10,9.8916287081,3.2796753641,14.5696142522,0.9000000000
2026-08-18,S05,K03,shared_ridge10,11.4502482155,3.7091956436,12.2714198644,0.9000000000
2026-08-18,S05,K04,shared_ridge10,12.3051839998,5.5591947139,12.3090296983,0.9000000000
2026-08-18,S05,K05,shared_ridge10,14.8432447242,7.7803499130,14.8065481323,0.9000000000
2026-08-18,S05,K06,shared_ridge10,14.9389593501,10.4803421177,18.5998916040,0.9000000000
2026-08-18,S05,K07,shared_ridge10,17.2470779632,11.1763910749,21.3508258376,0.9000000000
2026-08-18,S05,K08,shared_ridge10,17.9719649466,12.6192217602,18.4667087895,0.9000000000
2026-08-18,S06,K01,shared_ridge10,9.7529241208,4.8759817406,13.4154472148,0.9000000000
2026-08-18,S06,K02,shared_ridge10,10.2068460994,4.3133364492,14.3199138048,0.9000000000
2026-08-18,S06,K03,shared_ridge10,12.4719873459,7.7822168253,14.9076096924,0.9000000000
2026-08-18,S06,K04,shared_ridge10,12.8069730104,5.1606661653,14.1147715537,0.9000000000
2026-08-18,S06,K05,shared_ridge10,14.7771840053,8.9450584250,16.6344518117,0.9000000000
2026-08-18,S06,K06,shared_ridge10,15.4172202197,8.4519426698,15.7907044718,0.9000000000
2026-08-18,S06,K07,shared_ridge10,17.7035997023,8.8797274060,22.3249278454,0.9000000000
2026-08-18,S06,K08,shared_ridge10,18.2980519031,12.2791341332,20.0908975629,0.9000000000
2026-08-18,S07,K01,shared_ridge10,10.2746632512,4.5764090006,15.0608552808,0.9000000000
2026-08-18,S07,K02,shared_ridge10,10.0764113168,3.9515506534,11.4906431770,0.9000000000
2026-08-18,S07,K03,shared_ridge10,12.5915525633,5.3207549943,13.9495704788,0.9000000000
2026-08-18,S07,K04,shared_ridge10,13.1891968035,8.0750259156,16.3081067596,0.9000000000
2026-08-18,S07,K05,shared_ridge10,15.2437319821,9.1191526887,16.6613107160,0.9000000000
2026-08-18,S07,K06,shared_ridge10,16.0802636979,8.9739278676,20.1620623457,0.9000000000
2026-08-18,S07,K07,shared_ridge10,18.6275127458,13.9484785302,21.8111259325,0.9000000000
2026-08-18,S07,K08,shared_ridge10,18.6784866857,9.5891303298,19.6767729875,0.9000000000
2026-08-18,S08,K01,shared_ridge10,11.0790110773,5.2371767166,18.4850740697,0.9000000000
2026-08-18,S08,K02,shared_ridge10,10.7068460994,5.7748315075,12.8900507500,0.9000000000
2026-08-18,S08,K03,shared_ridge10,13.2886751956,7.0994776980,13.9985230574,0.9000000000
2026-08-18,S08,K04,shared_ridge10,13.9591469234,8.9171365839,15.9073964784,0.9000000000
2026-08-18,S08,K05,shared_ridge10,16.5480798081,12.0785265826,20.2920128398,0.9000000000
2026-08-18,S08,K06,shared_ridge10,16.4498289153,11.5731109117,21.0740219130,0.9000000000
2026-08-18,S08,K07,shared_ridge10,19.0296866588,10.4048220368,21.0554829830,0.9000000000
2026-08-18,S08,K08,shared_ridge10,19.9937040770,12.1091108029,22.6967534606,0.9000000000
2026-08-18,S09,K01,shared_ridge10,11.1985762947,4.2150187282,12.3965478098,0.9000000000
2026-08-18,S09,K02,shared_ridge10,11.1633678385,3.8368623441,13.8367272789,0.9000000000
2026-08-18,S09,K03,shared_ridge10,13.2357978279,6.3548656611,16.7976065488,0.9000000000
2026-08-18,S09,K04,shared_ridge10,14.1312709563,8.5894258876,22.1556143420,0.9000000000
2026-08-18,S09,K05,shared_ridge10,16.7219928516,13.8787999746,21.3210023510,0.9000000000
2026-08-18,S09,K06,shared_ridge10,17.2106984805,10.0599248590,18.2030013826,0.9000000000
2026-08-18,S09,K07,shared_ridge10,19.1057736153,9.1231493120,19.0576314862,0.9000000000
2026-08-18,S09,K08,shared_ridge10,20.6350084248,14.3957467568,23.7119430507,0.9000000000
2026-08-18,S10,K01,shared_ridge10,10.9594458599,4.3190641720,16.2732790270,0.9000000000
2026-08-18,S10,K02,shared_ridge10,11.4413571498,4.2759847404,14.2560964049,0.9000000000
2026-08-18,S10,K03,shared_ridge10,14.3553630453,8.7326454659,16.3413428366,0.9000000000
2026-08-18,S10,K04,shared_ridge10,14.2010286250,9.7248452342,16.3858217464,0.9000000000
2026-08-18,S10,K05,shared_ridge10,16.7763406777,11.6237022768,21.0059733872,0.9000000000
2026-08-18,S10,K06,shared_ridge10,18.0802636979,11.0978819302,20.0949089109,0.9000000000
2026-08-18,S10,K07,shared_ridge10,20.2905562240,13.1104987517,22.1133355197,0.9000000000
2026-08-18,S10,K08,shared_ridge10,20.3760024752,12.5217178694,22.6558264666,0.9000000000
2026-08-18,S11,K01,shared_ridge10,11.4703154251,3.7579263369,14.6246264681,0.9000000000
2026-08-18,S11,K02,shared_ridge10,12.1169009896,6.8708489385,13.5243895193,0.9000000000
2026-08-18,S11,K03,shared_ridge10,14.5386751956,9.9137377198,16.5206018945,0.9000000000
2026-08-18,S11,K04,shared_ridge10,15.2771155815,10.1277461234,17.0829509852,0.9000000000
2026-08-18,S11,K05,shared_ridge10,17.6350363299,10.5923720539,22.6224558292,0.9000000000
2026-08-18,S11,K06,shared_ridge10,18.0693941327,10.8639445741,23.5475426062,0.9000000000
2026-08-18,S11,K07,shared_ridge10,20.6601214414,13.8831107098,21.5989066578,0.9000000000
2026-08-18,S11,K08,shared_ridge10,21.7148226125,13.4721735050,26.9721735050,0.9000000000
2026-08-18,S12,K01,shared_ridge10,12.1442284686,5.8426234822,14.2227562124,0.9000000000
2026-08-18,S12,K02,shared_ridge10,12.3576622207,5.6868372127,14.8518525483,0.9000000000
2026-08-18,S12,K03,shared_ridge10,14.8306829981,9.8339506505,15.4408148252,0.9000000000
2026-08-18,S12,K04,shared_ridge10,15.4510286250,9.2936336701,19.9241179240,0.9000000000
2026-08-18,S12,K05,shared_ridge10,17.5589493734,11.8993456174,21.9718823411,0.9000000000
2026-08-18,S12,K06,shared_ridge10,18.6346115240,10.3043581892,19.9661866936,0.9000000000
2026-08-18,S12,K07,shared_ridge10,20.7219446292,15.7964841142,23.0445054428,0.9000000000
2026-08-18,S12,K08,shared_ridge10,22.0843878299,17.4558197187,26.1289000009,0.9000000000
2026-08-19,S01,K01,shared_ridge10,7.7307728473,2.0717791850,12.4158598434,0.9000000000
2026-08-19,S01,K02,shared_ridge10,8.4060189048,2.9237038558,11.0028962486,0.9000000000
2026-08-19,S01,K03,shared_ridge10,9.6866020378,1.5029466941,11.5283086851,0.9000000000
2026-08-19,S01,K04,shared_ridge10,10.6724024171,5.1721320821,15.1710434210,0.9000000000
2026-08-19,S01,K05,shared_ridge10,11.9854008052,7.3656895566,13.9459778778,0.9000000000
2026-08-19,S01,K06,shared_ridge10,12.1767330612,4.8478005426,13.6916178860,0.9000000000
2026-08-19,S01,K07,shared_ridge10,14.7884619616,7.3587415878,14.2207477802,0.9000000000
2026-08-19,S01,K08,shared_ridge10,14.9540631559,8.5994141823,16.5978115484,0.9000000000
2026-08-19,S02,K01,shared_ridge10,8.5214381658,4.3194467725,10.9284684952,0.9000000000
2026-08-19,S02,K02,shared_ridge10,8.4168884700,2.3163096950,11.0854719283,0.9000000000
2026-08-19,S02,K03,shared_ridge10,10.5126889943,7.1769151338,15.4869058702,0.9000000000
2026-08-19,S02,K04,shared_ridge10,10.6832719823,3.1787435780,11.3556736828,0.9000000000
2026-08-19,S02,K05,shared_ridge10,13.0506181965,5.3217771758,14.2163234742,0.9000000000
2026-08-19,S02,K06,shared_ridge10,12.8642383561,7.5406378726,16.5904902236,0.9000000000
2026-08-19,S02,K07,shared_ridge10,14.8387286294,10.2698059162,16.4738913162,0.9000000000
2026-08-19,S02,K08,shared_ridge10,16.1062370689,9.5118460404,19.2813186267,0.9000000000
2026-08-19,S03,K01,shared_ridge10,8.4711186511,2.8354230544,9.7331287241,0.9000000000
2026-08-19,S03,K02,shared_ridge10,9.5038449918,4.2321953184,14.5054148538,0.9000000000
2026-08-19,S03,K03,shared_ridge10,10.8279063856,6.6832966534,14.0617122150,0.9000000000
2026-08-19,S03,K04,shared_ridge10,11.0963154605,3.5282314534,11.9416849398,0.9000000000
2026-08-19,S03,K05,shared_ridge10,13.3884180458,8.0485851539,15.6404237094,0.9000000000
2026-08-19,S03,K06,shared_ridge10,13.1332548004,7.3474317906,13.4551170800,0.9000000000
2026-08-19,S03,K07,shared_ridge10,16.1539460207,11.1631917236,16.4907197676,0.9000000000
2026-08-19,S03,K08,shared_ridge10,15.9758022863,8.4822501132,19.0273446743,0.9000000000
2026-08-19,S04,K01,shared_ridge10,9.0580751729,5.7497651343,10.9282559667,0.9000000000
2026-08-19,S04,K02,shared_ridge10,9.5799319483,4.9009708596,14.2797226000,0.9000000000
2026-08-19,S04,K03,shared_ridge10,11.3931237769,7.8858018628,12.5086460962,0.9000000000
2026-08-19,S04,K04,shared_ridge10,11.9984893736,6.3579895143,14.0290361869,0.9000000000
2026-08-19,S04,K05,shared_ridge10,13.9327396343,9.3967624322,15.5493832557,0.9000000000
2026-08-19,S04,K06,shared_ridge10,14.2174886359,9.5795355272,16.5628100862,0.9000000000
2026-08-19,S04,K07,shared_ridge10,16.3822068902,10.9685910042,21.2582913462,0.9000000000
2026-08-19,S04,K08,shared_ridge10,17.3671066341,10.4384008032,19.0466769472,0.9000000000
2026-08-19,S05,K01,shared_ridge10,9.6559012598,4.9903211077,13.9376403346,0.9000000000
2026-08-19,S05,K02,shared_ridge10,10.1016710787,3.4897177347,14.7796566228,0.9000000000
2026-08-19,S05,K03,shared_ridge10,11.1539933421,3.4129407702,11.9751649909,0.9000000000
2026-08-19,S05,K04,shared_ridge10,11.9722099658,5.2262206799,11.9760556643,0.9000000000
2026-08-19,S05,K05,shared_ridge10,14.7805657212,7.7176709100,14.7438691293,0.9000000000
2026-08-19,S05,K06,shared_ridge10,14.2867794668,9.8281622345,17.9477117206,0.9000000000
2026-08-19,S05,K07,shared_ridge10,17.1430764555,11.0723895672,21.2468243299,0.9000000000
2026-08-19,S05,K08,shared_ridge10,17.6931935906,12.3404504042,18.1879374335,0.9000000000
2026-08-19,S06,K01,shared_ridge10,9.3732925642,4.4963501840,13.0358156582,0.9000000000
2026-08-19,S06,K02,shared_ridge10,10.4168884700,4.5233788199,14.5299561754,0.9000000000
2026-08-19,S06,K03,shared_ridge10,12.1757324726,7.4859619520,14.6113548191,0.9000000000
2026-08-19,S06,K04,shared_ridge10,12.4739989764,4.8276921314,13.7817975197,0.9000000000
2026-08-19,S06,K05,shared_ridge10,14.7145050024,8.8823794220,16.5717728087,0.9000000000
2026-08-19,S06,K06,shared_ridge10,14.7650403363,7.7997627864,15.1385245884,0.9000000000
2026-08-19,S06,K07,shared_ridge10,17.5995981946,8.7757258983,22.2209263377,0.9000000000
2026-08-19,S06,K08,shared_ridge10,18.0192805472,12.0003627773,19.8121262070,0.9000000000
2026-08-19,S07,K01,shared_ridge10,9.8950316946,4.1967774440,14.6812237242,0.9000000000
2026-08-19,S07,K02,shared_ridge10,10.2864536874,4.1615930240,11.7006855476,0.9000000000
2026-08-19,S07,K03,shared_ridge10,12.2952976899,5.0245001209,13.6533156054,0.9000000000
2026-08-19,S07,K04,shared_ridge10,12.8562227695,7.7420518816,15.9751327256,0.9000000000
2026-08-19,S07,K05,shared_ridge10,15.1810529791,9.0564736858,16.5986317130,0.9000000000
2026-08-19,S07,K06,shared_ridge10,15.4280838146,8.3217479843,19.5098824624,0.9000000000
2026-08-19,S07,K07,shared_ridge10,18.5235112381,13.8444770225,21.7071244248,0.9000000000
2026-08-19,S07,K08,shared_ridge10,18.3997153298,9.3103589738,19.3980016316,0.9000000000
2026-08-19,S08,K01,shared_ridge10,10.6993795207,4.8575451600,18.1054425131,0.9000000000
2026-08-19,S08,K02,shared_ridge10,10.9168884700,5.9848738781,13.1000931206,0.9000000000
2026-08-19,S08,K03,shared_ridge10,12.9924203223,6.8032228247,13.7022681842,0.9000000000
2026-08-19,S08,K04,shared_ridge10,13.6261728894,8.5841625499,15.5744224444,0.9000000000
2026-08-19,S08,K05,shared_ridge10,16.4854008052,12.0158475797,20.2293338369,0.9000000000
2026-08-19,S08,K06,shared_ridge10,15.7976490320,10.9209310284,20.4218420298,0.9000000000
2026-08-19,S08,K07,shared_ridge10,18.9256851511,10.3008205292,20.9514814753,0.9000000000
2026-08-19,S08,K08,shared_ridge10,19.7149327211,11.8303394469,22.4179821046,0.9000000000
2026-08-19,S09,K01,shared_ridge10,10.8189447381,3.8353871716,12.0169162532,0.9000000000
2026-08-19,S09,K02,shared_ridge10,11.3734102092,4.0469047148,14.0467696496,0.9000000000
2026-08-19,S09,K03,shared_ridge10,12.9395429546,6.0586107878,16.5013516755,0.9000000000
2026-08-19,S09,K04,shared_ridge10,13.7982969223,8.2564518536,21.8226403080,0.9000000000
2026-08-19,S09,K05,shared_ridge10,16.6593138487,13.8161209716,21.2583233480,0.9000000000
2026-08-19,S09,K06,shared_ridge10,16.5585185972,9.4077449757,17.5508214994,0.9000000000
2026-08-19,S09,K07,shared_ridge10,19.0017721076,9.0191478043,18.9536299785,0.9000000000
2026-08-19,S09,K08,shared_ridge10,20.3562370689,14.1169754010,23.4331716948,0.9000000000
2026-08-19,S10,K01,shared_ridge10,10.5798143033,3.9394326154,15.8936474704,0.9000000000
2026-08-19,S10,K02,shared_ridge10,11.6513995204,4.4860271110,14.4661387755,0.9000000000
2026-08-19,S10,K03,shared_ridge10,14.0591081719,8.4363905925,16.0450879632,0.9000000000
2026-08-19,S10,K04,shared_ridge10,13.8680545910,9.3918712002,16.0528477124,0.9000000000
2026-08-19,S10,K05,shared_ridge10,16.7136616748,11.5610232739,20.9432943843,0.9000000000
2026-08-19,S10,K06,shared_ridge10,17.4280838146,10.4457020469,19.4427290276,0.9000000000
2026-08-19,S10,K07,shared_ridge10,20.1865547163,13.0064972440,22.0093340120,0.9000000000
2026-08-19,S10,K08,shared_ridge10,20.0972311193,12.2429465135,22.3770551106,0.9000000000
2026-08-19,S11,K01,shared_ridge10,11.0906838685,3.3782947803,14.2449949115,0.9000000000
2026-08-19,S11,K02,shared_ridge10,12.3269433602,7.0808913091,13.7344318899,0.9000000000
2026-08-19,S11,K03,shared_ridge10,14.2424203223,9.6174828465,16.2243470212,0.9000000000
2026-08-19,S11,K04,shared_ridge10,14.9441415475,9.7947720894,16.7499769512,0.9000000000
2026-08-19,S11,K05,shared_ridge10,17.5723573269,10.5296930509,22.5597768262,0.9000000000
2026-08-19,S11,K06,shared_ridge10,17.4172142494,10.2117646908,22.8953627229,0.9000000000
2026-08-19,S11,K07,shared_ridge10,20.5561199337,13.7791092020,21.4949051502,0.9000000000
2026-08-19,S11,K08,shared_ridge10,21.4360512566,13.1934021491,26.6934021491,0.9000000000
2026-08-19,S12,K01,shared_ridge10,11.7645969120,5.4629919256,13.8431246558,0.9000000000
2026-08-19,S12,K02,shared_ridge10,12.5677045913,5.8968795834,15.0618949189,0.9000000000
2026-08-19,S12,K03,shared_ridge10,14.5344281247,9.5376957771,15.1445599518,0.9000000000
2026-08-19,S12,K04,shared_ridge10,15.1180545910,8.9606596361,19.5911438900,0.9000000000
2026-08-19,S12,K05,shared_ridge10,17.4962703704,11.8366666144,21.9092033381,0.9000000000
2026-08-19,S12,K06,shared_ridge10,17.9824316407,9.6521783058,19.3140068103,0.9000000000
2026-08-19,S12,K07,shared_ridge10,20.6179431216,15.6924826066,22.9405039351,0.9000000000
2026-08-19,S12,K08,shared_ridge10,21.8056164740,17.1770483628,25.8501286450,0.9000000000
2026-08-20,S01,K01,shared_ridge10,7.9326290356,2.2736353733,12.6177160317,0.9000000000
2026-08-20,S01,K02,shared_ridge10,8.5482675785,3.0659525295,11.1451449223,0.9000000000
2026-08-20,S01,K03,shared_ridge10,9.5960044843,1.4265695067,11.4377111316,0.9000000000
2026-08-20,S01,K04,shared_ridge10,10.9629184223,5.4626480872,15.4615594262,0.9000000000
2026-08-20,S01,K05,shared_ridge10,11.9419505240,7.3222392754,13.9025275966,0.9000000000
2026-08-20,S01,K06,shared_ridge10,12.5394747352,5.2105422166,14.0543595600,0.9000000000
2026-08-20,S01,K07,shared_ridge10,15.0369363241,7.6072159503,14.4692221426,0.9000000000
2026-08-20,S01,K08,shared_ridge10,14.9954830810,8.6408341074,16.6392314735,0.9000000000
2026-08-20,S02,K01,shared_ridge10,8.7232943541,4.5213029608,11.1303246834,0.9000000000
2026-08-20,S02,K02,shared_ridge10,8.5591371437,2.4585583687,11.2277206020,0.9000000000
2026-08-20,S02,K03,shared_ridge10,10.4220914409,7.0863175804,15.3963083168,0.9000000000
2026-08-20,S02,K04,shared_ridge10,10.9737879875,3.4692595832,11.6461896880,0.9000000000
2026-08-20,S02,K05,shared_ridge10,13.0071679153,5.2783268946,14.1728731930,0.9000000000
2026-08-20,S02,K06,shared_ridge10,13.2269800300,7.9033795466,16.9532318974,0.9000000000
2026-08-20,S02,K07,shared_ridge10,15.0872029919,10.5182802786,16.7223656786,0.9000000000
2026-08-20,S02,K08,shared_ridge10,16.1476569940,9.5532659655,19.3227385518,0.9000000000
2026-08-20,S03,K01,shared_ridge10,8.6729748394,3.0372792427,9.9349849124,0.9000000000
2026-08-20,S03,K02,shared_ridge10,9.6460936654,4.3744439921,14.6476635274,0.9000000000
2026-08-20,S03,K03,shared_ridge10,10.7373088322,6.5926991000,13.9711146616,0.9000000000
2026-08-20,S03,K04,shared_ridge10,11.3868314657,3.8187474586,12.2322009450,0.9000000000
2026-08-20,S03,K05,shared_ridge10,13.3449677646,8.0051348727,15.5969734282,0.9000000000
2026-08-20,S03,K06,shared_ridge10,13.4959964743,7.7101734644,13.8178587539,0.9000000000
2026-08-20,S03,K07,shared_ridge10,16.4024203832,11.4116660860,16.7391941300,0.9000000000
2026-08-20,S03,K08,shared_ridge10,16.0172222114,8.5236700382,19.0687645994,0.9000000000
2026-08-20,S04,K01,shared_ridge10,9.2599313612,5.9516213226,11.1301121550,0.9000000000
2026-08-20,S04,K02,shared_ridge10,9.7221806220,5.0432195333,14.4219712736,0.9000000000
2026-08-20,S04,K03,shared_ridge10,11.3025262235,7.7952043094,12.4180485428,0.9000000000
2026-08-20,S04,K04,shared_ridge10,12.2890053788,6.6485055195,14.3195521921,0.9000000000
2026-08-20,S04,K05,shared_ridge10,13.8892893531,9.3533121510,15.5059329745,0.9000000000
2026-08-20,S04,K06,shared_ridge10,14.5802303099,9.9422772012,16.9255517602,0.9000000000
2026-08-20,S04,K07,shared_ridge10,16.6306812528,11.2170653668,21.5067657088,0.9000000000
2026-08-20,S04,K08,shared_ridge10,17.4085265592,10.4798207283,19.0880968723,0.9000000000
2026-08-20,S05,K01,shared_ridge10,9.8577574481,5.1921772960,14.1394965228,0.9000000000
2026-08-20,S05,K02,shared_ridge10,10.2439197524,3.6319664084,14.9219052964,0.9000000000
2026-08-20,S05,K03,shared_ridge10,11.0633957887,3.3223432168,11.8845674376,0.9000000000
2026-08-20,S05,K04,shared_ridge10,12.2627259710,5.5167366851,12.2665716695,0.9000000000
2026-08-20,S05,K05,shared_ridge10,14.7371154400,7.6742206288,14.7004188481,0.9000000000
2026-08-20,S05,K06,shared_ridge10,14.6495211407,10.1909039083,18.3104533946,0.9000000000
2026-08-20,S05,K07,shared_ridge10,17.3915508180,11.3208639297,21.4952986924,0.9000000000
2026-08-20,S05,K08,shared_ridge10,17.7346135157,12.3818703294,18.2293573586,0.9000000000
2026-08-20,S06,K01,shared_ridge10,9.5751487525,4.6982063723,13.2376718465,0.9000000000
2026-08-20,S06,K02,shared_ridge10,10.5591371437,4.6656274936,14.6722048491,0.9000000000
2026-08-20,S06,K03,shared_ridge10,12.0851349191,7.3953643985,14.5207572656,0.9000000000
2026-08-20,S06,K04,shared_ridge10,12.7645149816,5.1182081365,14.0723135249,0.9000000000
2026-08-20,S06,K05,shared_ridge10,14.6710547211,8.8389291408,16.5283225274,0.9000000000
2026-08-20,S06,K06,shared_ridge10,15.1277820103,8.1625044604,15.5012662624,0.9000000000
2026-08-20,S06,K07,shared_ridge10,17.8480725571,9.0242002608,22.4694007002,0.9000000000
2026-08-20,S06,K08,shared_ridge10,18.0607004723,12.0417827024,19.8535461321,0.9000000000
2026-08-20,S07,K01,shared_ridge10,10.0968878829,4.3986336323,14.8830799126,0.9000000000
2026-08-20,S07,K02,shared_ridge10,10.4287023611,4.3038416977,11.8429342214,0.9000000000
2026-08-20,S07,K03,shared_ridge10,12.2047001365,4.9339025675,13.5627180520,0.9000000000
2026-08-20,S07,K04,shared_ridge10,13.1467387747,8.0325678867,16.2656487308,0.9000000000
2026-08-20,S07,K05,shared_ridge10,15.1376026979,9.0130234046,16.5551814319,0.9000000000
2026-08-20,S07,K06,shared_ridge10,15.7908254885,8.6844896582,19.8726241363,0.9000000000
2026-08-20,S07,K07,shared_ridge10,18.7719856006,14.0929513850,21.9555987873,0.9000000000
2026-08-20,S07,K08,shared_ridge10,18.4411352549,9.3517788990,19.4394215567,0.9000000000
2026-08-20,S08,K01,shared_ridge10,10.9012357090,5.0594013483,18.3072987014,0.9000000000
2026-08-20,S08,K02,shared_ridge10,11.0591371437,6.1271225518,13.2423417943,0.9000000000
2026-08-20,S08,K03,shared_ridge10,12.9018227688,6.7126252712,13.6116706306,0.9000000000
2026-08-20,S08,K04,shared_ridge10,13.9166888946,8.8746785551,15.8649384496,0.9000000000
2026-08-20,S08,K05,shared_ridge10,16.4419505240,11.9723972984,20.1858835557,0.9000000000
2026-08-20,S08,K06,shared_ridge10,16.1603907059,11.2836727023,20.7845837036,0.9000000000
2026-08-20,S08,K07,shared_ridge10,19.1741595136,10.5492948916,21.1999558378,0.9000000000
2026-08-20,S08,K08,shared_ridge10,19.7563526462,11.8717593720,22.4594020298,0.9000000000
2026-08-20,S09,K01,shared_ridge10,11.0208009264,4.0372433598,12.2187724416,0.9000000000
2026-08-20,S09,K02,shared_ridge10,11.5156588828,4.1891533884,14.1890183232,0.9000000000
2026-08-20,S09,K03,shared_ridge10,12.8489454011,5.9680132343,16.4107541220,0.9000000000
2026-08-20,S09,K04,shared_ridge10,14.0888129275,8.5469678587,22.1131563132,0.9000000000
2026-08-20,S09,K05,shared_ridge10,16.6158635675,13.7726706904,21.2148730668,0.9000000000
2026-08-20,S09,K06,shared_ridge10,16.9212602711,9.7704866496,17.9135631732,0.9000000000
2026-08-20,S09,K07,shared_ridge10,19.2502464701,9.2676221668,19.2021043410,0.9000000000
2026-08-20,S09,K08,shared_ridge10,20.3976569940,14.1583953260,23.4745916199,0.9000000000
2026-08-20,S10,K01,shared_ridge10,10.7816704916,4.1412888037,16.0955036587,0.9000000000
2026-08-20,S10,K02,shared_ridge10,11.7936481940,4.6282757846,14.6083874491,0.9000000000
2026-08-20,S10,K03,shared_ridge10,13.9685106185,8.3457930391,15.9544904098,0.9000000000
2026-08-20,S10,K04,shared_ridge10,14.1585705962,9.6823872054,16.3433637176,0.9000000000
2026-08-20,S10,K05,shared_ridge10,16.6702113936,11.5175729927,20.8998441031,0.9000000000
2026-08-20,S10,K06,shared_ridge10,17.7908254885,10.8084437208,19.8054707015,0.9000000000
2026-08-20,S10,K07,shared_ridge10,20.4350290788,13.2549716065,22.2578083745,0.9000000000
2026-08-20,S10,K08,shared_ridge10,20.1386510444,12.2843664386,22.4184750358,0.9000000000
2026-08-20,S11,K01,shared_ridge10,11.2925400568,3.5801509686,14.4468510998,0.9000000000
2026-08-20,S11,K02,shared_ridge10,12.4691920338,7.2231399828,13.8766805636,0.9000000000
2026-08-20,S11,K03,shared_ridge10,14.1518227688,9.5268852930,16.1337494677,0.9000000000
2026-08-20,S11,K04,shared_ridge10,15.2346575527,10.0852880946,17.0404929564,0.9000000000
2026-08-20,S11,K05,shared_ridge10,17.5289070457,10.4862427696,22.5163265450,0.9000000000
2026-08-20,S11,K06,shared_ridge10,17.7799559233,10.5745063647,23.2581043968,0.9000000000
2026-08-20,S11,K07,shared_ridge10,20.8045942962,14.0275835646,21.7433795127,0.9000000000
2026-08-20,S11,K08,shared_ridge10,21.4774711817,13.2348220742,26.7348220742,0.9000000000
2026-08-20,S12,K01,shared_ridge10,11.9664531003,5.6648481140,14.0449808441,0.9000000000
2026-08-20,S12,K02,shared_ridge10,12.7099532649,6.0391282569,15.2041435925,0.9000000000
2026-08-20,S12,K03,shared_ridge10,14.4438305713,9.4470982237,15.0539623984,0.9000000000
2026-08-20,S12,K04,shared_ridge10,15.4085705962,9.2511756413,19.8816598952,0.9000000000
2026-08-20,S12,K05,shared_ridge10,17.4528200892,11.7932163332,21.8657530569,0.9000000000
2026-08-20,S12,K06,shared_ridge10,18.3451733146,10.0149199798,19.6767484842,0.9000000000
2026-08-20,S12,K07,shared_ridge10,20.8664174841,15.9409569691,23.1889782977,0.9000000000
2026-08-20,S12,K08,shared_ridge10,21.8470363991,17.2184682879,25.8915485702,0.9000000000
2026-08-21,S01,K01,shared_ridge10,9.0161936421,3.3571999798,13.7012806381,0.9000000000
2026-08-21,S01,K02,shared_ridge10,9.7397835404,4.2574684914,12.3366608842,0.9000000000
2026-08-21,S01,K03,shared_ridge10,10.6251208847,2.4414655410,12.4668275320,0.9000000000
2026-08-21,S01,K04,shared_ridge10,11.9398350204,6.4395646854,16.4384760242,0.9000000000
2026-08-21,S01,K05,shared_ridge10,13.0207649778,8.4010537292,14.9813420504,0.9000000000
2026-08-21,S01,K06,shared_ridge10,13.6517164619,6.3227839432,15.1666012866,0.9000000000
2026-08-21,S01,K07,shared_ridge10,15.8601355866,8.4304152128,15.2924214052,0.9000000000
2026-08-21,S01,K08,shared_ridge10,15.8379860852,9.4833371116,17.4817344777,0.9000000000
2026-08-21,S02,K01,shared_ridge10,9.8068589606,5.6048675673,12.2138892900,0.9000000000
2026-08-21,S02,K02,shared_ridge10,9.7506531056,3.6500743306,12.4192365639,0.9000000000
2026-08-21,S02,K03,shared_ridge10,11.4512078412,8.1154339807,16.4254247170,0.9000000000
2026-08-21,S02,K04,shared_ridge10,11.9507045856,4.4461761813,12.6231062862,0.9000000000
2026-08-21,S02,K05,shared_ridge10,14.0859823691,6.3571413484,15.2516876468,0.9000000000
2026-08-21,S02,K06,shared_ridge10,14.3392217567,9.0156212733,18.0654736241,0.9000000000
2026-08-21,S02,K07,shared_ridge10,15.9104022544,11.3414795412,17.5455649411,0.9000000000
2026-08-21,S02,K08,shared_ridge10,16.9901599983,10.3957689698,20.1652415561,0.9000000000
2026-08-21,S03,K01,shared_ridge10,9.7565394460,4.1208438493,11.0185495190,0.9000000000
2026-08-21,S03,K02,shared_ridge10,10.8376096274,5.5659599540,15.8391794894,0.9000000000
2026-08-21,S03,K03,shared_ridge10,11.7664252325,7.6218155002,15.0002310618,0.9000000000
2026-08-21,S03,K04,shared_ridge10,12.3637480638,4.7956640567,13.2091175431,0.9000000000
2026-08-21,S03,K05,shared_ridge10,14.4237822184,9.0839493265,16.6757878820,0.9000000000
2026-08-21,S03,K06,shared_ridge10,14.6082382010,8.8224151912,14.9301004806,0.9000000000
2026-08-21,S03,K07,shared_ridge10,17.2256196457,12.2348653486,17.5623933926,0.9000000000
2026-08-21,S03,K08,shared_ridge10,16.8597252157,9.3661730425,19.9112676036,0.9000000000
2026-08-21,S04,K01,shared_ridge10,10.3434959677,7.0351859291,12.2136767614,0.9000000000
2026-08-21,S04,K02,shared_ridge10,10.9136965839,6.2347354952,15.6134872356,0.9000000000
2026-08-21,S04,K03,shared_ridge10,12.3316426238,8.8243207098,13.4471649432,0.9000000000
2026-08-21,S04,K04,shared_ridge10,13.2659219769,7.6254221176,15.2964687902,0.9000000000
2026-08-21,S04,K05,shared_ridge10,14.9681038069,10.4321266048,16.5847474283,0.9000000000
2026-08-21,S04,K06,shared_ridge10,15.6924720366,11.0545189279,18.0377934868,0.9000000000
2026-08-21,S04,K07,shared_ridge10,17.4538805153,12.0402646293,22.3299649714,0.9000000000
2026-08-21,S04,K08,shared_ridge10,18.2510295635,11.3223237326,19.9305998766,0.9000000000
2026-08-21,S05,K01,shared_ridge10,10.9413220547,6.2757419026,15.2230611294,0.9000000000
2026-08-21,S05,K02,shared_ridge10,11.4354357143,4.8234823703,16.1134212584,0.9000000000
2026-08-21,S05,K03,shared_ridge10,12.0925121890,4.3514596172,12.9136838379,0.9000000000
2026-08-21,S05,K04,shared_ridge10,13.2396425691,6.4936532832,13.2434882676,0.9000000000
2026-08-21,S05,K05,shared_ridge10,15.8159298938,8.7530350826,15.7792333019,0.9000000000
2026-08-21,S05,K06,shared_ridge10,15.7617628674,11.3031456351,19.4226951212,0.9000000000
2026-08-21,S05,K07,shared_ridge10,18.2147500805,12.1440631922,22.3184979549,0.9000000000
2026-08-21,S05,K08,shared_ridge10,18.5771165200,13.2243733336,19.0718603629,0.9000000000
2026-08-21,S06,K01,shared_ridge10,10.6587133590,5.7817709788,14.3212364530,0.9000000000
2026-08-21,S06,K02,shared_ridge10,11.7506531056,5.8571434554,15.8637208110,0.9000000000
2026-08-21,S06,K03,shared_ridge10,13.1142513195,8.4244807989,15.5498736660,0.9000000000
2026-08-21,S06,K04,shared_ridge10,13.7414315797,6.0951247346,15.0492301230,0.9000000000
2026-08-21,S06,K05,shared_ridge10,15.7498691749,9.9177435946,17.6071369812,0.9000000000
2026-08-21,S06,K06,shared_ridge10,16.2400237370,9.2747461871,16.6135079891,0.9000000000
2026-08-21,S06,K07,shared_ridge10,18.6712718196,9.8473995234,23.2925999627,0.9000000000
2026-08-21,S06,K08,shared_ridge10,18.9032034765,12.8842857066,20.6960491363,0.9000000000
2026-08-21,S07,K01,shared_ridge10,11.1804524894,5.4821982388,15.9666445190,0.9000000000
2026-08-21,S07,K02,shared_ridge10,11.6202183230,5.4953576596,13.0344501832,0.9000000000
2026-08-21,S07,K03,shared_ridge10,13.2338165369,5.9630189679,14.5918344524,0.9000000000
2026-08-21,S07,K04,shared_ridge10,14.1236553728,9.0094844848,17.2425653289,0.9000000000
2026-08-21,S07,K05,shared_ridge10,16.2164171517,10.0918378584,17.6339958857,0.9000000000
2026-08-21,S07,K06,shared_ridge10,16.9030672152,9.7967313848,20.9848658630,0.9000000000
2026-08-21,S07,K07,shared_ridge10,19.5951848631,14.9161506475,22.7787980498,0.9000000000
2026-08-21,S07,K08,shared_ridge10,19.2836382591,10.1942819032,20.2819245609,0.9000000000
2026-08-21,S08,K01,shared_ridge10,11.9848003155,6.1429659548,19.3908633079,0.9000000000
2026-08-21,S08,K02,shared_ridge10,12.2506531056,7.3186385137,14.4338577562,0.9000000000
2026-08-21,S08,K03,shared_ridge10,13.9309391692,7.7417416716,14.6407870310,0.9000000000
2026-08-21,S08,K04,shared_ridge10,14.8936054927,9.8515951532,16.8418550477,0.9000000000
2026-08-21,S08,K05,shared_ridge10,17.5207649778,13.0512117522,21.2646980095,0.9000000000
2026-08-21,S08,K06,shared_ridge10,17.2726324326,12.3959144290,21.8968254304,0.9000000000
2026-08-21,S08,K07,shared_ridge10,19.9973587762,11.3724941542,22.0231551004,0.9000000000
2026-08-21,S08,K08,shared_ridge10,20.5988556504,12.7142623763,23.3019050340,0.9000000000
2026-08-21,S09,K01,shared_ridge10,12.1043655329,5.1208079663,13.3023370480,0.9000000000
2026-08-21,S09,K02,shared_ridge10,12.7071748448,5.3806693505,15.3805342852,0.9000000000
2026-08-21,S09,K03,shared_ridge10,13.8780618015,6.9971296346,17.4398705224,0.9000000000
2026-08-21,S09,K04,shared_ridge10,15.0657295256,9.5238844568,23.0900729113,0.9000000000
2026-08-21,S09,K05,shared_ridge10,17.6946780213,14.8514851442,22.2936875206,0.9000000000
2026-08-21,S09,K06,shared_ridge10,18.0335019978,10.8827283763,19.0258049000,0.9000000000
2026-08-21,S09,K07,shared_ridge10,20.0734457327,10.0908214294,20.0253036036,0.9000000000
2026-08-21,S09,K08,shared_ridge10,21.2401599983,15.0008983304,24.3170946242,0.9000000000
2026-08-21,S10,K01,shared_ridge10,11.8652350981,5.2248534102,17.1790682652,0.9000000000
2026-08-21,S10,K02,shared_ridge10,12.9851641560,5.8197917466,15.7999034111,0.9000000000
2026-08-21,S10,K03,shared_ridge10,14.9976270189,9.3749094395,16.9836068102,0.9000000000
2026-08-21,S10,K04,shared_ridge10,15.1354871943,10.6593038035,17.3202803157,0.9000000000
2026-08-21,S10,K05,shared_ridge10,17.7490258474,12.5963874465,21.9786585569,0.9000000000
2026-08-21,S10,K06,shared_ridge10,18.9030672152,11.9206854475,20.9177124282,0.9000000000
2026-08-21,S10,K07,shared_ridge10,21.2582283414,14.0781708691,23.0810076371,0.9000000000
2026-08-21,S10,K08,shared_ridge10,20.9811540486,13.1268694428,23.2609780400,0.9000000000
2026-08-21,S11,K01,shared_ridge10,12.3761046634,4.6637155752,15.5304157064,0.9000000000
2026-08-21,S11,K02,shared_ridge10,13.6607079958,8.4146559447,15.0681965256,0.9000000000
2026-08-21,S11,K03,shared_ridge10,15.1809391692,10.5560016934,17.1628658681,0.9000000000
2026-08-21,S11,K04,shared_ridge10,16.2115741508,11.0622046927,18.0174095544,0.9000000000
2026-08-21,S11,K05,shared_ridge10,18.6077214995,11.5650572234,23.5951409988,0.9000000000
2026-08-21,S11,K06,shared_ridge10,18.8921976500,11.6867480914,24.3703461234,0.9000000000
2026-08-21,S11,K07,shared_ridge10,21.6277935588,14.8507828272,22.5665787752,0.9000000000
2026-08-21,S11,K08,shared_ridge10,22.3199741860,14.0773250785,27.5773250785,0.9000000000
2026-08-21,S12,K01,shared_ridge10,13.0500177068,6.7484127204,15.1285454506,0.9000000000
2026-08-21,S12,K02,shared_ridge10,13.9014692269,7.2306442190,16.3956595545,0.9000000000
2026-08-21,S12,K03,shared_ridge10,15.4729469716,10.4762146240,16.0830787987,0.9000000000
2026-08-21,S12,K04,shared_ridge10,16.3854871943,10.2280922394,20.8585764933,0.9000000000
2026-08-21,S12,K05,shared_ridge10,18.5316345430,12.8720307869,22.9445675107,0.9000000000
2026-08-21,S12,K06,shared_ridge10,19.4574150413,11.1271617064,20.7889902109,0.9000000000
2026-08-21,S12,K07,shared_ridge10,21.6896167466,16.7641562316,24.0121775602,0.9000000000
2026-08-21,S12,K08,shared_ridge10,22.6895394034,18.0609712922,26.7340515744,0.9000000000
2026-08-22,S01,K01,shared_ridge10,10.3603195142,4.7013258519,15.0454065102,0.9000000000
2026-08-22,S01,K02,shared_ridge10,11.1669907347,5.6846756857,13.7638680784,0.9000000000
2026-08-22,S01,K03,shared_ridge10,12.8644781954,4.6808228517,14.7061848427,0.9000000000
2026-08-22,S01,K04,shared_ridge10,13.7911141473,8.2908438122,18.2897551512,0.9000000000
2026-08-22,S01,K05,shared_ridge10,15.9915327860,11.3718215374,17.9521098586,0.9000000000
2026-08-22,S01,K06,shared_ridge10,16.3447369652,9.0158044466,17.8596217899,0.9000000000
2026-08-22,S01,K07,shared_ridge10,18.8524132223,11.4226928485,18.2846990408,0.9000000000
2026-08-22,S01,K08,shared_ridge10,18.1603476324,11.8056986588,19.8040960249,0.9000000000
2026-08-22,S02,K01,shared_ridge10,11.1509848327,6.9489934394,13.5580151621,0.9000000000
2026-08-22,S02,K02,shared_ridge10,11.1778602999,5.0772815250,13.8464437582,0.9000000000
2026-08-22,S02,K03,shared_ridge10,13.6905651519,10.3547912914,18.6647820278,0.9000000000
2026-08-22,S02,K04,shared_ridge10,13.8019837125,6.2974553082,14.4743854130,0.9000000000
2026-08-22,S02,K05,shared_ridge10,17.0567501773,9.3279091566,18.2224554550,0.9000000000
2026-08-22,S02,K06,shared_ridge10,17.0322422601,11.7086417766,20.7584941275,0.9000000000
2026-08-22,S02,K07,shared_ridge10,18.9026798901,14.3337571768,20.5378425768,0.9000000000
2026-08-22,S02,K08,shared_ridge10,19.3125215454,12.7181305169,22.4876031032,0.9000000000
2026-08-22,S03,K01,shared_ridge10,11.1006653181,5.4649697214,12.3626753910,0.9000000000
2026-08-22,S03,K02,shared_ridge10,12.2648168217,6.9931671484,17.2663866837,0.9000000000
2026-08-22,S03,K03,shared_ridge10,14.0057825432,9.8611728110,17.2395883726,0.9000000000
2026-08-22,S03,K04,shared_ridge10,14.2150271907,6.6469431836,15.0603966700,0.9000000000
2026-08-22,S03,K05,shared_ridge10,17.3945500266,12.0547171347,19.6465556902,0.9000000000
2026-08-22,S03,K06,shared_ridge10,17.3012587044,11.5154356946,17.6231209840,0.9000000000
2026-08-22,S03,K07,shared_ridge10,20.2178972814,15.2271429842,20.5546710282,0.9000000000
2026-08-22,S03,K08,shared_ridge10,19.1820867628,11.6885345896,22.2336291508,0.9000000000
2026-08-22,S04,K01,shared_ridge10,11.6876218398,8.3793118012,13.5578026336,0.9000000000
2026-08-22,S04,K02,shared_ridge10,12.3409037782,7.6619426895,17.0406944298,0.9000000000
2026-08-22,S04,K03,shared_ridge10,14.5709999345,11.0636780204,15.6865222538,0.9000000000
2026-08-22,S04,K04,shared_ridge10,15.1172011038,9.4767012444,17.1477479171,0.9000000000
2026-08-22,S04,K05,shared_ridge10,17.9388716151,13.4028944130,19.5555152365,0.9000000000
2026-08-22,S04,K06,shared_ridge10,18.3854925399,13.7475394312,20.7308139901,0.9000000000
2026-08-22,S04,K07,shared_ridge10,20.4461581510,15.0325422650,25.3222426070,0.9000000000
2026-08-22,S04,K08,shared_ridge10,20.5733911106,13.6446852797,22.2529614237,0.9000000000
2026-08-22,S05,K01,shared_ridge10,12.2854479268,7.6198677747,16.5671870016,0.9000000000
2026-08-22,S05,K02,shared_ridge10,12.8626429086,6.2506895646,17.5406284526,0.9000000000
2026-08-22,S05,K03,shared_ridge10,14.3318694997,6.5908169278,15.1530411486,0.9000000000
2026-08-22,S05,K04,shared_ridge10,15.0909216960,8.3449324101,15.0947673945,0.9000000000
2026-08-22,S05,K05,shared_ridge10,18.7866977020,11.7238028909,18.7500011101,0.9000000000
2026-08-22,S05,K06,shared_ridge10,18.4547833708,13.9961661384,22.1157156246,0.9000000000
2026-08-22,S05,K07,shared_ridge10,21.2070277162,15.1363408279,25.3107755906,0.9000000000
2026-08-22,S05,K08,shared_ridge10,20.8994780671,15.5467348807,21.3942219100,0.9000000000
2026-08-22,S06,K01,shared_ridge10,12.0028392311,7.1258968509,15.6653623251,0.9000000000
2026-08-22,S06,K02,shared_ridge10,13.1778602999,7.2843506498,17.2909280053,0.9000000000
2026-08-22,S06,K03,shared_ridge10,15.3536086301,10.6638381095,17.7892309766,0.9000000000
2026-08-22,S06,K04,shared_ridge10,15.5927107066,7.9464038616,16.9005092499,0.9000000000
2026-08-22,S06,K05,shared_ridge10,18.7206369832,12.8885114028,20.5779047895,0.9000000000
2026-08-22,S06,K06,shared_ridge10,18.9330442403,11.9677666904,19.3065284924,0.9000000000
2026-08-22,S06,K07,shared_ridge10,21.6635494553,12.8396771590,26.2848775984,0.9000000000
2026-08-22,S06,K08,shared_ridge10,21.2255650237,15.2066472538,23.0184106835,0.9000000000
2026-08-22,S07,K01,shared_ridge10,12.5245783615,6.8263241108,17.3107703912,0.9000000000
2026-08-22,S07,K02,shared_ridge10,13.0474255173,6.9225648539,14.4616573776,0.9000000000
2026-08-22,S07,K03,shared_ridge10,15.4731738475,8.2023762785,16.8311917630,0.9000000000
2026-08-22,S07,K04,shared_ridge10,15.9749344997,10.8607636117,19.0938444558,0.9000000000
2026-08-22,S07,K05,shared_ridge10,19.1871849599,13.0626056666,20.6047636939,0.9000000000
2026-08-22,S07,K06,shared_ridge10,19.5960877186,12.4897518882,23.6778863664,0.9000000000
2026-08-22,S07,K07,shared_ridge10,22.5874624988,17.9084282832,25.7710756854,0.9000000000
2026-08-22,S07,K08,shared_ridge10,21.6059998063,12.5166434504,22.6042861081,0.9000000000
2026-08-22,S08,K01,shared_ridge10,13.3289261876,7.4870918269,20.7349891800,0.9000000000
2026-08-22,S08,K02,shared_ridge10,13.6778602999,8.7458457080,15.8610649505,0.9000000000
2026-08-22,S08,K03,shared_ridge10,16.1702964798,9.9810989822,16.8801443417,0.9000000000
2026-08-22,S08,K04,shared_ridge10,16.7448846196,11.7028742801,18.6931341746,0.9000000000
2026-08-22,S08,K05,shared_ridge10,20.4915327860,16.0219795604,24.2354658177,0.9000000000
2026-08-22,S08,K06,shared_ridge10,19.9656529360,15.0889349324,24.5898459338,0.9000000000
2026-08-22,S08,K07,shared_ridge10,22.9896364118,14.3647717898,25.0154327360,0.9000000000
2026-08-22,S08,K08,shared_ridge10,22.9212171976,15.0366239234,25.6242665812,0.9000000000
2026-08-22,S09,K01,shared_ridge10,13.4484914050,6.4649338384,14.6464629202,0.9000000000
2026-08-22,S09,K02,shared_ridge10,14.1343820390,6.8078765446,16.8077414794,0.9000000000
2026-08-22,S09,K03,shared_ridge10,16.1174191121,9.2364869452,19.6792278330,0.9000000000
2026-08-22,S09,K04,shared_ridge10,16.9170086525,11.3751635838,24.9413520382,0.9000000000
2026-08-22,S09,K05,shared_ridge10,20.6654458295,17.8222529524,25.2644553288,0.9000000000
2026-08-22,S09,K06,shared_ridge10,20.7265225012,13.5757488797,21.7188254034,0.9000000000
2026-08-22,S09,K07,shared_ridge10,23.0657233684,13.0830990651,23.0175812392,0.9000000000
2026-08-22,S09,K08,shared_ridge10,23.5625215454,17.3232598774,26.6394561713,0.9000000000
2026-08-22,S10,K01,shared_ridge10,13.2093609702,6.5689792823,18.5231941373,0.9000000000
2026-08-22,S10,K02,shared_ridge10,14.4123713503,7.2469989410,17.2271106054,0.9000000000
2026-08-22,S10,K03,shared_ridge10,17.2369843295,11.6142667501,19.2229641208,0.9000000000
2026-08-22,S10,K04,shared_ridge10,16.9867663212,12.5105829304,19.1715594426,0.9000000000
2026-08-22,S10,K05,shared_ridge10,20.7197936556,15.5671552547,24.9494263651,0.9000000000
2026-08-22,S10,K06,shared_ridge10,21.5960877186,14.6137059509,23.6107329316,0.9000000000
2026-08-22,S10,K07,shared_ridge10,24.2505059771,17.0704485048,26.0732852728,0.9000000000
2026-08-22,S10,K08,shared_ridge10,23.3035155958,15.4492309900,25.5833395872,0.9000000000
2026-08-22,S11,K01,shared_ridge10,13.7202305354,6.0078414472,16.8745415784,0.9000000000
2026-08-22,S11,K02,shared_ridge10,15.0879151901,9.8418631390,16.4954037199,0.9000000000
2026-08-22,S11,K03,shared_ridge10,17.4202964798,12.7953590040,19.4022231787,0.9000000000
2026-08-22,S11,K04,shared_ridge10,18.0628532777,12.9134838196,19.8686886814,0.9000000000
2026-08-22,S11,K05,shared_ridge10,21.5784893078,14.5358250318,26.5659088072,0.9000000000
2026-08-22,S11,K06,shared_ridge10,21.5852181534,14.3797685948,27.0633666268,0.9000000000
2026-08-22,S11,K07,shared_ridge10,24.6200711945,17.8430604628,25.5588564110,0.9000000000
2026-08-22,S11,K08,shared_ridge10,24.6423357331,16.3996866256,29.8996866256,0.9000000000
2026-08-22,S12,K01,shared_ridge10,14.3941435789,8.0925385926,16.4726713227,0.9000000000
2026-08-22,S12,K02,shared_ridge10,15.3286764212,8.6578514132,17.8228667488,0.9000000000
2026-08-22,S12,K03,shared_ridge10,17.7123042823,12.7155719347,18.3224361094,0.9000000000
2026-08-22,S12,K04,shared_ridge10,18.2367663212,12.0793713663,22.7098556202,0.9000000000
2026-08-22,S12,K05,shared_ridge10,21.5024023512,15.8427985952,25.9153353189,0.9000000000
2026-08-22,S12,K06,shared_ridge10,22.1504355447,13.8201822098,23.4820107143,0.9000000000
2026-08-22,S12,K07,shared_ridge10,24.6818943823,19.7564338673,27.0044551958,0.9000000000
2026-08-22,S12,K08,shared_ridge10,25.0119009505,20.3833328393,29.0564131216,0.9000000000
2026-08-23,S01,K01,shared_ridge10,10.6825583431,5.0235646808,15.3676453392,0.9000000000
2026-08-23,S01,K02,shared_ridge10,11.2537759591,5.7714609101,13.8506533028,0.9000000000
2026-08-23,S01,K03,shared_ridge10,12.4665934140,4.2829380703,14.3083000613,0.9000000000
2026-08-23,S01,K04,shared_ridge10,14.0070983973,8.5068280623,18.5057394012,0.9000000000
2026-08-23,S01,K05,shared_ridge10,15.6141422877,10.9944310391,17.5747193602,0.9000000000
2026-08-23,S01,K06,shared_ridge10,16.1992881874,8.8703556688,17.7141730122,0.9000000000
2026-08-23,S01,K07,shared_ridge10,18.9355999489,11.5058795751,18.3678857674,0.9000000000
2026-08-23,S01,K08,shared_ridge10,18.9258443811,12.5711954075,20.5695927736,0.9000000000
2026-08-23,S02,K01,shared_ridge10,11.4732236616,7.2712322683,13.8802539910,0.9000000000
2026-08-23,S02,K02,shared_ridge10,11.2646455243,5.1640667494,13.9332289826,0.9000000000
2026-08-23,S02,K03,shared_ridge10,13.2926803705,9.9569065100,18.2668972463,0.9000000000
2026-08-23,S02,K04,shared_ridge10,14.0179679626,6.5134395583,14.6903696632,0.9000000000
2026-08-23,S02,K05,shared_ridge10,16.6793596790,8.9505186583,17.8450649567,0.9000000000
2026-08-23,S02,K06,shared_ridge10,16.8867934822,11.5631929988,20.6130453496,0.9000000000
2026-08-23,S02,K07,shared_ridge10,18.9858666167,14.4169439034,20.6210293034,0.9000000000
2026-08-23,S02,K08,shared_ridge10,20.0780182941,13.4836272656,23.2530998519,0.9000000000
2026-08-23,S03,K01,shared_ridge10,11.4229041470,5.7872085503,12.6849142200,0.9000000000
2026-08-23,S03,K02,shared_ridge10,12.3516020460,7.0799523726,17.3531719080,0.9000000000
2026-08-23,S03,K03,shared_ridge10,13.6078977618,9.4632880296,16.8417035912,0.9000000000
2026-08-23,S03,K04,shared_ridge10,14.4310114408,6.8629274337,15.2763809202,0.9000000000
2026-08-23,S03,K05,shared_ridge10,17.0171595283,11.6773266364,19.2691651918,0.9000000000
2026-08-23,S03,K06,shared_ridge10,17.1558099265,11.3699869167,17.4776722061,0.9000000000
2026-08-23,S03,K07,shared_ridge10,20.3010840080,15.3103297108,20.6378577548,0.9000000000
2026-08-23,S03,K08,shared_ridge10,19.9475835115,12.4540313383,22.9991258994,0.9000000000
2026-08-23,S04,K01,shared_ridge10,12.0098606687,8.7015506301,13.8800414624,0.9000000000
2026-08-23,S04,K02,shared_ridge10,12.4276890025,7.7487279138,17.1274796542,0.9000000000
2026-08-23,S04,K03,shared_ridge10,14.1731151531,10.6657932390,15.2886374724,0.9000000000
2026-08-23,S04,K04,shared_ridge10,15.3331853539,9.6926854946,17.3637321672,0.9000000000
2026-08-23,S04,K05,shared_ridge10,17.5614811168,13.0255039146,19.1781247382,0.9000000000
2026-08-23,S04,K06,shared_ridge10,18.2400437621,13.6020906534,20.5853652123,0.9000000000
2026-08-23,S04,K07,shared_ridge10,20.5293448776,15.1157289916,25.4054293336,0.9000000000
2026-08-23,S04,K08,shared_ridge10,21.3388878594,14.4101820285,23.0184581725,0.9000000000
2026-08-23,S05,K01,shared_ridge10,12.6076867557,7.9421066036,16.8894258304,0.9000000000
2026-08-23,S05,K02,shared_ridge10,12.9494281330,6.3374747890,17.6274136770,0.9000000000
2026-08-23,S05,K03,shared_ridge10,13.9339847184,6.1929321465,14.7551563672,0.9000000000
2026-08-23,S05,K04,shared_ridge10,15.3069059461,8.5609166602,15.3107516446,0.9000000000
2026-08-23,S05,K05,shared_ridge10,18.4093072037,11.3464123925,18.3726106118,0.9000000000
2026-08-23,S05,K06,shared_ridge10,18.3093345929,13.8507173606,21.9702668468,0.9000000000
2026-08-23,S05,K07,shared_ridge10,21.2902144428,15.2195275545,25.3939623172,0.9000000000
2026-08-23,S05,K08,shared_ridge10,21.6649748159,16.3122316296,22.1597186588,0.9000000000
2026-08-23,S06,K01,shared_ridge10,12.3250780600,7.4481356798,15.9876011540,0.9000000000
2026-08-23,S06,K02,shared_ridge10,13.2646455243,7.3711358742,17.3777132297,0.9000000000
2026-08-23,S06,K03,shared_ridge10,14.9557238488,10.2659533282,17.3913461953,0.9000000000
2026-08-23,S06,K04,shared_ridge10,15.8086949567,8.1623881116,17.1164935000,0.9000000000
2026-08-23,S06,K05,shared_ridge10,18.3432464848,12.5111209045,20.2005142912,0.9000000000
2026-08-23,S06,K06,shared_ridge10,18.7875954625,11.8223179126,19.1610797146,0.9000000000
2026-08-23,S06,K07,shared_ridge10,21.7467361819,12.9228638857,26.3680643250,0.9000000000
2026-08-23,S06,K08,shared_ridge10,21.9910617724,15.9721440024,23.7839074322,0.9000000000
2026-08-23,S07,K01,shared_ridge10,12.8468171904,7.1485629398,17.6330092200,0.9000000000
2026-08-23,S07,K02,shared_ridge10,13.1342107417,7.0093500783,14.5484426020,0.9000000000
2026-08-23,S07,K03,shared_ridge10,15.0752890662,7.8044914972,16.4333069817,0.9000000000
2026-08-23,S07,K04,shared_ridge10,16.1909187498,11.0767478619,19.3098287059,0.9000000000
2026-08-23,S07,K05,shared_ridge10,18.8097944616,12.6852151682,20.2273731956,0.9000000000
2026-08-23,S07,K06,shared_ridge10,19.4506389408,12.3443031105,23.5324375886,0.9000000000
2026-08-23,S07,K07,shared_ridge10,22.6706492254,17.9916150098,25.8542624120,0.9000000000
2026-08-23,S07,K08,shared_ridge10,22.3714965550,13.2821401990,23.3697828568,0.9000000000
2026-08-23,S08,K01,shared_ridge10,13.6511650165,7.8093306558,21.0572280089,0.9000000000
2026-08-23,S08,K02,shared_ridge10,13.7646455243,8.8326309324,15.9478501749,0.9000000000
2026-08-23,S08,K03,shared_ridge10,15.7724116985,9.5832142010,16.4822595603,0.9000000000
2026-08-23,S08,K04,shared_ridge10,16.9608688697,11.9188585302,18.9091184247,0.9000000000
2026-08-23,S08,K05,shared_ridge10,20.1141422877,15.6445890622,23.8580753194,0.9000000000
2026-08-23,S08,K06,shared_ridge10,19.8202041581,14.9434861545,24.4443971559,0.9000000000
2026-08-23,S08,K07,shared_ridge10,23.0728231384,14.4479585164,25.0986194626,0.9000000000
2026-08-23,S08,K08,shared_ridge10,23.6867139463,15.8021206722,26.3897633298,0.9000000000
2026-08-23,S09,K01,shared_ridge10,13.7707302339,6.7871726674,14.9687017490,0.9000000000
2026-08-23,S09,K02,shared_ridge10,14.2211672634,6.8946617690,16.8945267038,0.9000000000
2026-08-23,S09,K03,shared_ridge10,15.7195343308,8.8386021640,19.2813430517,0.9000000000
2026-08-23,S09,K04,shared_ridge10,17.1329929026,11.5911478339,25.1573362883,0.9000000000
2026-08-23,S09,K05,shared_ridge10,20.2880553312,17.4448624541,24.8870648306,0.9000000000
2026-08-23,S09,K06,shared_ridge10,20.5810737234,13.4303001019,21.5733766256,0.9000000000
2026-08-23,S09,K07,shared_ridge10,23.1489100950,13.1662857917,23.1007679659,0.9000000000
2026-08-23,S09,K08,shared_ridge10,24.3280182941,18.0887566262,27.4049529200,0.9000000000
2026-08-23,S10,K01,shared_ridge10,13.5315997991,6.8912181112,18.8454329662,0.9000000000
2026-08-23,S10,K02,shared_ridge10,14.4991565746,7.3337841653,17.3138958297,0.9000000000
2026-08-23,S10,K03,shared_ridge10,16.8390995482,11.2163819688,18.8250793396,0.9000000000
2026-08-23,S10,K04,shared_ridge10,17.2027505713,12.7265671805,19.3875436928,0.9000000000
2026-08-23,S10,K05,shared_ridge10,20.3424031573,15.1897647564,24.5720358668,0.9000000000
2026-08-23,S10,K06,shared_ridge10,21.4506389408,14.4682571731,23.4652841538,0.9000000000
2026-08-23,S10,K07,shared_ridge10,24.3336927037,17.1536352314,26.1564719994,0.9000000000
2026-08-23,S10,K08,shared_ridge10,24.0690123445,16.2147277387,26.3488363358,0.9000000000
2026-08-23,S11,K01,shared_ridge10,14.0424693644,6.3300802762,17.1967804074,0.9000000000
2026-08-23,S11,K02,shared_ridge10,15.1747004144,9.9286483634,16.5821889441,0.9000000000
2026-08-23,S11,K03,shared_ridge10,17.0224116985,12.3974742227,19.0043383974,0.9000000000
2026-08-23,S11,K04,shared_ridge10,18.2788375278,13.1294680696,20.0846729314,0.9000000000
2026-08-23,S11,K05,shared_ridge10,21.2010988094,14.1584345334,26.1885183087,0.9000000000
2026-08-23,S11,K06,shared_ridge10,21.4397693755,14.2343198168,26.9179178489,0.9000000000
2026-08-23,S11,K07,shared_ridge10,24.7032579211,17.9262471895,25.6420431376,0.9000000000
2026-08-23,S11,K08,shared_ridge10,25.4078324819,17.1651833744,30.6651833744,0.9000000000
2026-08-23,S12,K01,shared_ridge10,14.7163824078,8.4147774214,16.7949101516,0.9000000000
2026-08-23,S12,K02,shared_ridge10,15.4154616455,8.7446366376,17.9096519731,0.9000000000
2026-08-23,S12,K03,shared_ridge10,17.3144195010,12.3176871534,17.9245513281,0.9000000000
2026-08-23,S12,K04,shared_ridge10,18.4527505713,12.2953556164,22.9258398703,0.9000000000
2026-08-23,S12,K05,shared_ridge10,21.1250118529,15.4654080968,25.5379448206,0.9000000000
2026-08-23,S12,K06,shared_ridge10,22.0049867668,13.6747334319,23.3365619364,0.9000000000
2026-08-23,S12,K07,shared_ridge10,24.7650811089,19.8396205939,27.0876419224,0.9000000000
2026-08-23,S12,K08,shared_ridge10,25.7773976993,21.1488295881,29.8219098704,0.9000000000
2026-08-24,S01,K01,shared_ridge10,8.6151867824,2.9561931201,13.3002737785,0.9000000000
2026-08-24,S01,K02,shared_ridge10,8.7059829374,3.2236678884,11.3028602812,0.9000000000
2026-08-24,S01,K03,shared_ridge10,10.2550912512,2.0714359075,12.0967978985,0.9000000000
2026-08-24,S01,K04,shared_ridge10,11.2777430728,5.7774727378,15.7763840766,0.9000000000
2026-08-24,S01,K05,shared_ridge10,12.7207699262,8.1010586776,14.6813469988,0.9000000000
2026-08-24,S01,K06,shared_ridge10,13.1236414412,5.7947089226,14.6385262660,0.9000000000
2026-08-24,S01,K07,shared_ridge10,15.4648109176,8.0350905438,14.8970967362,0.9000000000
2026-08-24,S01,K08,shared_ridge10,15.5587809111,9.2041319375,17.2025293036,0.9000000000
2026-08-24,S02,K01,shared_ridge10,9.4058521009,5.2038607076,11.8128824303,0.9000000000
2026-08-24,S02,K02,shared_ridge10,8.7168525026,2.6162737277,11.3854359609,0.9000000000
2026-08-24,S02,K03,shared_ridge10,11.0811782077,7.7454043472,16.0553950836,0.9000000000
2026-08-24,S02,K04,shared_ridge10,11.2886126381,3.7840842338,11.9610143386,0.9000000000
2026-08-24,S02,K05,shared_ridge10,13.7859873175,6.0571462968,14.9516925952,0.9000000000
2026-08-24,S02,K06,shared_ridge10,13.8111467360,8.4875462526,17.5373986034,0.9000000000
2026-08-24,S02,K07,shared_ridge10,15.5150775854,10.9461548722,17.1502402722,0.9000000000
2026-08-24,S02,K08,shared_ridge10,16.7109548242,10.1165637957,19.8860363820,0.9000000000
2026-08-24,S03,K01,shared_ridge10,9.3555325863,3.7198369896,10.6175426593,0.9000000000
2026-08-24,S03,K02,shared_ridge10,9.8038090243,4.5321593510,14.8053788863,0.9000000000
2026-08-24,S03,K03,shared_ridge10,11.3963955990,7.2517858668,14.6302014284,0.9000000000
2026-08-24,S03,K04,shared_ridge10,11.7016561163,4.1335721092,12.5470255956,0.9000000000
2026-08-24,S03,K05,shared_ridge10,14.1237871668,8.7839542749,16.3757928304,0.9000000000
2026-08-24,S03,K06,shared_ridge10,14.0801631803,8.2943401704,14.4020254599,0.9000000000
2026-08-24,S03,K07,shared_ridge10,16.8302949767,11.8395406796,17.1670687236,0.9000000000
2026-08-24,S03,K08,shared_ridge10,16.5805200416,9.0869678684,19.6320624296,0.9000000000
2026-08-24,S04,K01,shared_ridge10,9.9424891080,6.6341790694,11.8126699018,0.9000000000
2026-08-24,S04,K02,shared_ridge10,9.8798959809,5.2009348922,14.5796866326,0.9000000000
2026-08-24,S04,K03,shared_ridge10,11.9616129903,8.4542910763,13.0771353096,0.9000000000
2026-08-24,S04,K04,shared_ridge10,12.6038300294,6.9633301700,14.6343768427,0.9000000000
2026-08-24,S04,K05,shared_ridge10,14.6681087553,10.1321315532,16.2847523767,0.9000000000
2026-08-24,S04,K06,shared_ridge10,15.1643970159,10.5264439072,17.5097184661,0.9000000000
2026-08-24,S04,K07,shared_ridge10,17.0585558463,11.6449399603,21.9346403023,0.9000000000
2026-08-24,S04,K08,shared_ridge10,17.9718243894,11.0431185585,19.6513947025,0.9000000000
2026-08-24,S05,K01,shared_ridge10,10.5403151950,5.8747350429,14.8220542698,0.9000000000
2026-08-24,S05,K02,shared_ridge10,10.4016351113,3.7896817673,15.0796206554,0.9000000000
2026-08-24,S05,K03,shared_ridge10,11.7224825556,3.9814299837,12.5436542044,0.9000000000
2026-08-24,S05,K04,shared_ridge10,12.5775506216,5.8315613357,12.5813963201,0.9000000000
2026-08-24,S05,K05,shared_ridge10,15.5159348422,8.4530400310,15.4792382503,0.9000000000
2026-08-24,S05,K06,shared_ridge10,15.2336878467,10.7750706144,18.8946201006,0.9000000000
2026-08-24,S05,K07,shared_ridge10,17.8194254115,11.7487385232,21.9231732859,0.9000000000
2026-08-24,S05,K08,shared_ridge10,18.2979113459,12.9451681596,18.7926551888,0.9000000000
2026-08-24,S06,K01,shared_ridge10,10.2577064993,5.3807641191,13.9202295933,0.9000000000
2026-08-24,S06,K02,shared_ridge10,10.7168525026,4.8233428525,14.8299202080,0.9000000000
2026-08-24,S06,K03,shared_ridge10,12.7442216860,8.0544511654,15.1798440325,0.9000000000
2026-08-24,S06,K04,shared_ridge10,13.0793396322,5.4330327871,14.3871381755,0.9000000000
2026-08-24,S06,K05,shared_ridge10,15.4498741233,9.6177485430,17.3071419296,0.9000000000
2026-08-24,S06,K06,shared_ridge10,15.7119487163,8.7466711664,16.0854329684,0.9000000000
2026-08-24,S06,K07,shared_ridge10,18.2759471506,9.4520748544,22.8972752937,0.9000000000
2026-08-24,S06,K08,shared_ridge10,18.6239983024,12.6050805325,20.4168439622,0.9000000000
2026-08-24,S07,K01,shared_ridge10,10.7794456297,5.0811913790,15.5656376594,0.9000000000
2026-08-24,S07,K02,shared_ridge10,10.5864177200,4.4615570566,12.0006495802,0.9000000000
2026-08-24,S07,K03,shared_ridge10,12.8637869034,5.5929893344,14.2218048189,0.9000000000
2026-08-24,S07,K04,shared_ridge10,13.4615634253,8.3473925374,16.5804733814,0.9000000000
2026-08-24,S07,K05,shared_ridge10,15.9164221001,9.7918428068,17.3340008341,0.9000000000
2026-08-24,S07,K06,shared_ridge10,16.3749921945,9.2686563641,20.4567908423,0.9000000000
2026-08-24,S07,K07,shared_ridge10,19.1998601941,14.5208259785,22.3834733808,0.9000000000
2026-08-24,S07,K08,shared_ridge10,19.0044330850,9.9150767290,20.0027193868,0.9000000000
2026-08-24,S08,K01,shared_ridge10,11.5837934558,5.7419590951,18.9898564482,0.9000000000
2026-08-24,S08,K02,shared_ridge10,11.2168525026,6.2848379107,13.4000571532,0.9000000000
2026-08-24,S08,K03,shared_ridge10,13.5609095357,7.3717120382,14.2707573976,0.9000000000
2026-08-24,S08,K04,shared_ridge10,14.2315135452,9.1895032057,16.1797631002,0.9000000000
2026-08-24,S08,K05,shared_ridge10,17.2207699262,12.7512167006,20.9647029579,0.9000000000
2026-08-24,S08,K06,shared_ridge10,16.7445574119,11.8678394083,21.3687504096,0.9000000000
2026-08-24,S08,K07,shared_ridge10,19.6020341071,10.9771694852,21.6278304312,0.9000000000
2026-08-24,S08,K08,shared_ridge10,20.3196504763,12.4350572022,23.0226998598,0.9000000000
2026-08-24,S09,K01,shared_ridge10,11.7033586732,4.7198011066,12.9013301884,0.9000000000
2026-08-24,S09,K02,shared_ridge10,11.6733742417,4.3468687473,14.3467336821,0.9000000000
2026-08-24,S09,K03,shared_ridge10,13.5080321680,6.6271000012,17.0698408889,0.9000000000
2026-08-24,S09,K04,shared_ridge10,14.4036375781,8.8617925094,22.4279809638,0.9000000000
2026-08-24,S09,K05,shared_ridge10,17.3946829697,14.5514900926,21.9936924690,0.9000000000
2026-08-24,S09,K06,shared_ridge10,17.5054269772,10.3546533557,18.4977298794,0.9000000000
2026-08-24,S09,K07,shared_ridge10,19.6781210636,9.6954967603,19.6299789344,0.9000000000
2026-08-24,S09,K08,shared_ridge10,20.9609548242,14.7216931562,24.0378894502,0.9000000000
2026-08-24,S10,K01,shared_ridge10,11.4642282384,4.8238465505,16.7780614055,0.9000000000
2026-08-24,S10,K02,shared_ridge10,11.9513635529,4.7859911436,14.7661028080,0.9000000000
2026-08-24,S10,K03,shared_ridge10,14.6275973854,9.0048798060,16.6135771768,0.9000000000
2026-08-24,S10,K04,shared_ridge10,14.4733952468,9.9972118560,16.6581883682,0.9000000000
2026-08-24,S10,K05,shared_ridge10,17.4490307957,12.2963923948,21.6786635052,0.9000000000
2026-08-24,S10,K06,shared_ridge10,18.3749921945,11.3926104268,20.3896374075,0.9000000000
2026-08-24,S10,K07,shared_ridge10,20.8629036723,13.6828462000,22.6856829680,0.9000000000
2026-08-24,S10,K08,shared_ridge10,20.7019488745,12.8476642687,22.9817728658,0.9000000000
2026-08-24,S11,K01,shared_ridge10,11.9750978036,4.2627087154,15.1294088466,0.9000000000
2026-08-24,S11,K02,shared_ridge10,12.6269073927,7.3808553416,14.0343959224,0.9000000000
2026-08-24,S11,K03,shared_ridge10,14.8109095357,10.1859720599,16.7928362346,0.9000000000
2026-08-24,S11,K04,shared_ridge10,15.5494822033,10.4001127452,17.3553176070,0.9000000000
2026-08-24,S11,K05,shared_ridge10,18.3077264479,11.2650621718,23.2951459472,0.9000000000
2026-08-24,S11,K06,shared_ridge10,18.3641226293,11.1586730706,23.8422711027,0.9000000000
2026-08-24,S11,K07,shared_ridge10,21.2324688897,14.4554581581,22.1712541062,0.9000000000
2026-08-24,S11,K08,shared_ridge10,22.0407690119,13.7981199044,27.2981199044,0.9000000000
2026-08-24,S12,K01,shared_ridge10,12.6490108471,6.3474058607,14.7275385909,0.9000000000
2026-08-24,S12,K02,shared_ridge10,12.8676686238,6.1968436158,15.3618589514,0.9000000000
2026-08-24,S12,K03,shared_ridge10,15.1029173382,10.1061849906,15.7130491653,0.9000000000
2026-08-24,S12,K04,shared_ridge10,15.7233952468,9.5660002919,20.1964845458,0.9000000000
2026-08-24,S12,K05,shared_ridge10,18.2316394914,12.5720357353,22.6445724591,0.9000000000
2026-08-24,S12,K06,shared_ridge10,18.9293400206,10.5990866858,20.2609151902,0.9000000000
2026-08-24,S12,K07,shared_ridge10,21.2942920776,16.3688315626,23.6168528912,0.9000000000
2026-08-24,S12,K08,shared_ridge10,22.4103342293,17.7817661181,26.4548464004,0.9000000000
2026-08-25,S01,K01,shared_ridge10,8.2883269041,2.6293332418,12.9734139002,0.9000000000
2026-08-25,S01,K02,shared_ridge10,8.3464004376,2.8640853886,10.9432777814,0.9000000000
2026-08-25,S01,K03,shared_ridge10,10.1882262415,2.0045708978,12.0299328888,0.9000000000
2026-08-25,S01,K04,shared_ridge10,11.1884786101,5.6882082751,15.6871196140,0.9000000000
2026-08-25,S01,K05,shared_ridge10,12.3425392374,7.7228279888,14.3031163100,0.9000000000
2026-08-25,S01,K06,shared_ridge10,13.0741937034,5.7452611848,14.5890785282,0.9000000000
2026-08-25,S01,K07,shared_ridge10,15.2414058929,7.8116855191,14.6736917114,0.9000000000
2026-08-25,S01,K08,shared_ridge10,15.5633924483,9.2087434747,17.2071408408,0.9000000000
2026-08-25,S02,K01,shared_ridge10,9.0789922226,4.8770008293,11.4860225520,0.9000000000
2026-08-25,S02,K02,shared_ridge10,8.3572700028,2.2566912279,11.0258534611,0.9000000000
2026-08-25,S02,K03,shared_ridge10,11.0143131980,7.6785393375,15.9885300738,0.9000000000
2026-08-25,S02,K04,shared_ridge10,11.1993481753,3.6948197710,11.8717498758,0.9000000000
2026-08-25,S02,K05,shared_ridge10,13.4077566287,5.6789156080,14.5734619064,0.9000000000
2026-08-25,S02,K06,shared_ridge10,13.7616989983,8.4380985149,17.4879508657,0.9000000000
2026-08-25,S02,K07,shared_ridge10,15.2916725607,10.7227498474,16.9268352474,0.9000000000
2026-08-25,S02,K08,shared_ridge10,16.7155663614,10.1211753329,19.8906479192,0.9000000000
2026-08-25,S03,K01,shared_ridge10,9.0286727079,3.3929771112,10.2906827809,0.9000000000
2026-08-25,S03,K02,shared_ridge10,9.4442265245,4.1725768512,14.4457963865,0.9000000000
2026-08-25,S03,K03,shared_ridge10,11.3295305893,7.1849208570,14.5633364186,0.9000000000
2026-08-25,S03,K04,shared_ridge10,11.6123916536,4.0443076465,12.4577611329,0.9000000000
2026-08-25,S03,K05,shared_ridge10,13.7455564780,8.4057235861,15.9975621416,0.9000000000
2026-08-25,S03,K06,shared_ridge10,14.0307154426,8.2448924328,14.3525777222,0.9000000000
2026-08-25,S03,K07,shared_ridge10,16.6068899520,11.6161356548,16.9436636988,0.9000000000
2026-08-25,S03,K08,shared_ridge10,16.5851315787,9.0915794056,19.6366739666,0.9000000000
2026-08-25,S04,K01,shared_ridge10,9.6156292297,6.3073191911,11.4858100234,0.9000000000
2026-08-25,S04,K02,shared_ridge10,9.5203134811,4.8413523924,14.2201041328,0.9000000000
2026-08-25,S04,K03,shared_ridge10,11.8947479806,8.3874260666,13.0102703000,0.9000000000
2026-08-25,S04,K04,shared_ridge10,12.5145655666,6.8740657072,14.5451123799,0.9000000000
2026-08-25,S04,K05,shared_ridge10,14.2898780665,9.7539008644,15.9065216879,0.9000000000
2026-08-25,S04,K06,shared_ridge10,15.1149492781,10.4769961694,17.4602707283,0.9000000000
2026-08-25,S04,K07,shared_ridge10,16.8351508216,11.4215349356,21.7112352776,0.9000000000
2026-08-25,S04,K08,shared_ridge10,17.9764359266,11.0477300957,19.6560062397,0.9000000000
2026-08-25,S05,K01,shared_ridge10,10.2134553166,5.5478751645,14.4951943914,0.9000000000
2026-08-25,S05,K02,shared_ridge10,10.0420526115,3.4300992675,14.7200381556,0.9000000000
2026-08-25,S05,K03,shared_ridge10,11.6556175458,3.9145649740,12.4767891946,0.9000000000
2026-08-25,S05,K04,shared_ridge10,12.4882861589,5.7422968730,12.4921318574,0.9000000000
2026-08-25,S05,K05,shared_ridge10,15.1377041534,8.0748093422,15.1010075615,0.9000000000
2026-08-25,S05,K06,shared_ridge10,15.1842401090,10.7256228766,18.8451723628,0.9000000000
2026-08-25,S05,K07,shared_ridge10,17.5960203868,11.5253334985,21.6997682612,0.9000000000
2026-08-25,S05,K08,shared_ridge10,18.3025228831,12.9497796968,18.7972667260,0.9000000000
2026-08-25,S06,K01,shared_ridge10,9.9308466210,5.0539042408,13.5933697150,0.9000000000
2026-08-25,S06,K02,shared_ridge10,10.3572700028,4.4637603527,14.4703377082,0.9000000000
2026-08-25,S06,K03,shared_ridge10,12.6773566762,7.9875861556,15.1129790227,0.9000000000
2026-08-25,S06,K04,shared_ridge10,12.9900751694,5.3437683244,14.2978737127,0.9000000000
2026-08-25,S06,K05,shared_ridge10,15.0716434346,9.2395178542,16.9289112410,0.9000000000
2026-08-25,S06,K06,shared_ridge10,15.6625009785,8.6972234286,16.0359852306,0.9000000000
2026-08-25,S06,K07,shared_ridge10,18.0525421259,9.2286698296,22.6738702690,0.9000000000
2026-08-25,S06,K08,shared_ridge10,18.6286098396,12.6096920696,20.4214554994,0.9000000000
2026-08-25,S07,K01,shared_ridge10,10.4525857514,4.7543315007,15.2387777810,0.9000000000
2026-08-25,S07,K02,shared_ridge10,10.2268352202,4.1019745568,11.6410670804,0.9000000000
2026-08-25,S07,K03,shared_ridge10,12.7969218936,5.5261243246,14.1549398091,0.9000000000
2026-08-25,S07,K04,shared_ridge10,13.3722989626,8.2581280746,16.4912089187,0.9000000000
2026-08-25,S07,K05,shared_ridge10,15.5381914113,9.4136121179,16.9557701452,0.9000000000
2026-08-25,S07,K06,shared_ridge10,16.3255444568,9.2192086264,20.4073431046,0.9000000000
2026-08-25,S07,K07,shared_ridge10,18.9764551694,14.2974209538,22.1600683561,0.9000000000
2026-08-25,S07,K08,shared_ridge10,19.0090446222,9.9196882662,20.0073309240,0.9000000000
2026-08-25,S08,K01,shared_ridge10,11.2569335775,5.4150992168,18.6629965699,0.9000000000
2026-08-25,S08,K02,shared_ridge10,10.8572700028,5.9252554109,13.0404746534,0.9000000000
2026-08-25,S08,K03,shared_ridge10,13.4940445259,7.3048470284,14.2038923878,0.9000000000
2026-08-25,S08,K04,shared_ridge10,14.1422490825,9.1002387430,16.0904986375,0.9000000000
2026-08-25,S08,K05,shared_ridge10,16.8425392374,12.3729860119,20.5864722692,0.9000000000
2026-08-25,S08,K06,shared_ridge10,16.6951096742,11.8183916706,21.3193026720,0.9000000000
2026-08-25,S08,K07,shared_ridge10,19.3786290824,10.7537644604,21.4044254066,0.9000000000
2026-08-25,S08,K08,shared_ridge10,20.3242620135,12.4396687394,23.0273113970,0.9000000000
2026-08-25,S09,K01,shared_ridge10,11.3764987949,4.3929412284,12.5744703100,0.9000000000
2026-08-25,S09,K02,shared_ridge10,11.3137917419,3.9872862475,13.9871511823,0.9000000000
2026-08-25,S09,K03,shared_ridge10,13.4411671582,6.5602349914,17.0029758791,0.9000000000
2026-08-25,S09,K04,shared_ridge10,14.3143731154,8.7725280466,22.3387165011,0.9000000000
2026-08-25,S09,K05,shared_ridge10,17.0164522809,14.1732594039,21.6154617802,0.9000000000
2026-08-25,S09,K06,shared_ridge10,17.4559792394,10.3052056179,18.4482821416,0.9000000000
2026-08-25,S09,K07,shared_ridge10,19.4547160389,9.4720917356,19.4065739098,0.9000000000
2026-08-25,S09,K08,shared_ridge10,20.9655663614,14.7263046934,24.0425009874,0.9000000000
2026-08-25,S10,K01,shared_ridge10,11.1373683601,4.4969866722,16.4512015272,0.9000000000
2026-08-25,S10,K02,shared_ridge10,11.5917810531,4.4264086438,14.4065203082,0.9000000000
2026-08-25,S10,K03,shared_ridge10,14.5607323756,8.9380147962,16.5467121670,0.9000000000
2026-08-25,S10,K04,shared_ridge10,14.3841307840,9.9079473932,16.5689239054,0.9000000000
2026-08-25,S10,K05,shared_ridge10,17.0708001070,11.9181617061,21.3004328165,0.9000000000
2026-08-25,S10,K06,shared_ridge10,18.3255444568,11.3431626891,20.3401896698,0.9000000000
2026-08-25,S10,K07,shared_ridge10,20.6394986476,13.4594411753,22.4622779433,0.9000000000
2026-08-25,S10,K08,shared_ridge10,20.7065604117,12.8522758059,22.9863844030,0.9000000000
2026-08-25,S11,K01,shared_ridge10,11.6482379253,3.9358488371,14.8025489683,0.9000000000
2026-08-25,S11,K02,shared_ridge10,12.2673248929,7.0212728418,13.6748134226,0.9000000000
2026-08-25,S11,K03,shared_ridge10,14.7440445259,10.1191070501,16.7259712248,0.9000000000
2026-08-25,S11,K04,shared_ridge10,15.4602177405,10.3108482824,17.2660531442,0.9000000000
2026-08-25,S11,K05,shared_ridge10,17.9294957592,10.8868314832,22.9169152586,0.9000000000
2026-08-25,S11,K06,shared_ridge10,18.3146748916,11.1092253330,23.7928233650,0.9000000000
2026-08-25,S11,K07,shared_ridge10,21.0090638650,14.2320531334,21.9478490815,0.9000000000
2026-08-25,S11,K08,shared_ridge10,22.0453805491,13.8027314416,27.3027314416,0.9000000000
2026-08-25,S12,K01,shared_ridge10,12.3221509688,6.0205459825,14.4006787126,0.9000000000
2026-08-25,S12,K02,shared_ridge10,12.5080861240,5.8372611160,15.0022764516,0.9000000000
2026-08-25,S12,K03,shared_ridge10,15.0360523284,10.0393199808,15.6461841555,0.9000000000
2026-08-25,S12,K04,shared_ridge10,15.6341307840,9.4767358291,20.1072200830,0.9000000000
2026-08-25,S12,K05,shared_ridge10,17.8534088026,12.1938050466,22.2663417703,0.9000000000
2026-08-25,S12,K06,shared_ridge10,18.8798922829,10.5496389480,20.2114674525,0.9000000000
2026-08-25,S12,K07,shared_ridge10,21.0708870529,16.1454265379,23.3934478665,0.9000000000
2026-08-25,S12,K08,shared_ridge10,22.4149457665,17.7863776553,26.4594579376,0.9000000000
2026-08-26,S01,K01,shared_ridge10,7.9086953475,2.2497016852,12.5937823436,0.9000000000
2026-08-26,S01,K02,shared_ridge10,8.5564428082,3.0741277592,11.1533201520,0.9000000000
2026-08-26,S01,K03,shared_ridge10,9.8919713681,1.7083160244,11.7336780154,0.9000000000
2026-08-26,S01,K04,shared_ridge10,10.8555045761,5.3552342410,15.3541455800,0.9000000000
2026-08-26,S01,K05,shared_ridge10,12.2798602345,7.6601489859,14.2404373070,0.9000000000
2026-08-26,S01,K06,shared_ridge10,12.4220138201,5.0930813015,13.9368986448,0.9000000000
2026-08-26,S01,K07,shared_ridge10,15.1374043852,7.7076840114,14.5696902038,0.9000000000
2026-08-26,S01,K08,shared_ridge10,15.2846210924,8.9299721188,16.9283694849,0.9000000000
2026-08-26,S02,K01,shared_ridge10,8.6993606660,4.4973692727,11.1063909954,0.9000000000
2026-08-26,S02,K02,shared_ridge10,8.5673123734,2.4667335985,11.2358958317,0.9000000000
2026-08-26,S02,K03,shared_ridge10,10.7180583246,7.3822844641,15.6922752004,0.9000000000
2026-08-26,S02,K04,shared_ridge10,10.8663741413,3.3618457370,11.5387758418,0.9000000000
2026-08-26,S02,K05,shared_ridge10,13.3450776258,5.6162366051,14.5107829035,0.9000000000
2026-08-26,S02,K06,shared_ridge10,13.1095191150,7.7859186316,16.8357709824,0.9000000000
2026-08-26,S02,K07,shared_ridge10,15.1876710530,10.6187483398,16.8228337398,0.9000000000
2026-08-26,S02,K08,shared_ridge10,16.4367950054,9.8424039769,19.6118765632,0.9000000000
2026-08-26,S03,K01,shared_ridge10,8.6490411513,3.0133455546,9.9110512243,0.9000000000
2026-08-26,S03,K02,shared_ridge10,9.6542688951,4.3826192218,14.6558387571,0.9000000000
2026-08-26,S03,K03,shared_ridge10,11.0332757159,6.8886659837,14.2670815452,0.9000000000
2026-08-26,S03,K04,shared_ridge10,11.2794176196,3.7113336125,12.1247870990,0.9000000000
2026-08-26,S03,K05,shared_ridge10,13.6828774751,8.3430445832,15.9348831386,0.9000000000
2026-08-26,S03,K06,shared_ridge10,13.3785355592,7.5927125494,13.7003978388,0.9000000000
2026-08-26,S03,K07,shared_ridge10,16.5028884443,11.5121341472,16.8396621912,0.9000000000
2026-08-26,S03,K08,shared_ridge10,16.3063602228,8.8128080496,19.3579026108,0.9000000000
2026-08-26,S04,K01,shared_ridge10,9.2359976731,5.9276876345,11.1061784668,0.9000000000
2026-08-26,S04,K02,shared_ridge10,9.7303558517,5.0513947630,14.4301465034,0.9000000000
2026-08-26,S04,K03,shared_ridge10,11.5984931072,8.0911711932,12.7140154265,0.9000000000
2026-08-26,S04,K04,shared_ridge10,12.1815915326,6.5410916733,14.2121383459,0.9000000000
2026-08-26,S04,K05,shared_ridge10,14.2271990636,9.6912218615,15.8438426850,0.9000000000
2026-08-26,S04,K06,shared_ridge10,14.4627693948,9.8248162861,16.8080908450,0.9000000000
2026-08-26,S04,K07,shared_ridge10,16.7311493139,11.3175334279,21.6072337700,0.9000000000
2026-08-26,S04,K08,shared_ridge10,17.6976645707,10.7689587398,19.3772348838,0.9000000000
2026-08-26,S05,K01,shared_ridge10,9.8338237600,5.1682436079,14.1155628348,0.9000000000
2026-08-26,S05,K02,shared_ridge10,10.2520949821,3.6401416381,14.9300805262,0.9000000000
2026-08-26,S05,K03,shared_ridge10,11.3593626724,3.6183101005,12.1805343212,0.9000000000
2026-08-26,S05,K04,shared_ridge10,12.1553121249,5.4093228390,12.1591578234,0.9000000000
2026-08-26,S05,K05,shared_ridge10,15.0750251505,8.0121303394,15.0383285586,0.9000000000
2026-08-26,S05,K06,shared_ridge10,14.5320602257,10.0734429934,18.1929924796,0.9000000000
2026-08-26,S05,K07,shared_ridge10,17.4920188791,11.4213319908,21.5957667535,0.9000000000
2026-08-26,S05,K08,shared_ridge10,18.0237515272,12.6710083409,18.5184953702,0.9000000000
2026-08-26,S06,K01,shared_ridge10,9.5512150644,4.6742726842,13.2137381584,0.9000000000
2026-08-26,S06,K02,shared_ridge10,10.5673123734,4.6738027233,14.6803800788,0.9000000000
2026-08-26,S06,K03,shared_ridge10,12.3811018029,7.6913312823,14.8167241494,0.9000000000
2026-08-26,S06,K04,shared_ridge10,12.6571011354,5.0107942903,13.9648996787,0.9000000000
2026-08-26,S06,K05,shared_ridge10,15.0089644316,9.1768388512,16.8662322380,0.9000000000
2026-08-26,S06,K06,shared_ridge10,15.0103210952,8.0450435453,15.3838053473,0.9000000000
2026-08-26,S06,K07,shared_ridge10,17.9485406182,9.1246683219,22.5698687613,0.9000000000
2026-08-26,S06,K08,shared_ridge10,18.3498384837,12.3309207138,20.1426841435,0.9000000000
2026-08-26,S07,K01,shared_ridge10,10.0729541948,4.3746999442,14.8591462244,0.9000000000
2026-08-26,S07,K02,shared_ridge10,10.4368775908,4.3120169274,11.8511094510,0.9000000000
2026-08-26,S07,K03,shared_ridge10,12.5006670203,5.2298694513,13.8586849358,0.9000000000
2026-08-26,S07,K04,shared_ridge10,13.0393249286,7.9251540406,16.1582348847,0.9000000000
2026-08-26,S07,K05,shared_ridge10,15.4755124084,9.3509331151,16.8930911424,0.9000000000
2026-08-26,S07,K06,shared_ridge10,15.6733645735,8.5670287432,19.7551632213,0.9000000000
2026-08-26,S07,K07,shared_ridge10,18.8724536617,14.1934194461,22.0560668484,0.9000000000
2026-08-26,S07,K08,shared_ridge10,18.7302732663,9.6409169103,19.7285595681,0.9000000000
2026-08-26,S08,K01,shared_ridge10,10.8773020209,5.0354676602,18.2833650133,0.9000000000
2026-08-26,S08,K02,shared_ridge10,11.0673123734,6.1352977815,13.2505170240,0.9000000000
2026-08-26,S08,K03,shared_ridge10,13.1977896526,7.0085921550,13.9076375144,0.9000000000
2026-08-26,S08,K04,shared_ridge10,13.8092750485,8.7672647090,15.7575246035,0.9000000000
2026-08-26,S08,K05,shared_ridge10,16.7798602345,12.3103070090,20.5237932662,0.9000000000
2026-08-26,S08,K06,shared_ridge10,16.0429297909,11.1662117873,20.6671227886,0.9000000000
2026-08-26,S08,K07,shared_ridge10,19.2746275747,10.6497629527,21.3004238988,0.9000000000
2026-08-26,S08,K08,shared_ridge10,20.0454906576,12.1608973834,22.7485400411,0.9000000000
2026-08-26,S09,K01,shared_ridge10,10.9968672383,4.0133096718,12.1948387534,0.9000000000
2026-08-26,S09,K02,shared_ridge10,11.5238341125,4.1973286181,14.1971935529,0.9000000000
2026-08-26,S09,K03,shared_ridge10,13.1449122849,6.2639801181,16.7067210058,0.9000000000
2026-08-26,S09,K04,shared_ridge10,13.9813990814,8.4395540126,22.0057424671,0.9000000000
2026-08-26,S09,K05,shared_ridge10,16.9537732780,14.1105804010,21.5527827774,0.9000000000
2026-08-26,S09,K06,shared_ridge10,16.8037993561,9.6530257346,17.7961022583,0.9000000000
2026-08-26,S09,K07,shared_ridge10,19.3507145313,9.3680902280,19.3025724021,0.9000000000
2026-08-26,S09,K08,shared_ridge10,20.6867950054,14.4475333374,23.7637296314,0.9000000000
2026-08-26,S10,K01,shared_ridge10,10.7577368035,4.1173551156,16.0715699706,0.9000000000
2026-08-26,S10,K02,shared_ridge10,11.8018234237,4.6364510144,14.6165626788,0.9000000000
2026-08-26,S10,K03,shared_ridge10,14.2644775023,8.6417599229,16.2504572936,0.9000000000
2026-08-26,S10,K04,shared_ridge10,14.0511567500,9.5749733592,16.2359498714,0.9000000000
2026-08-26,S10,K05,shared_ridge10,17.0081211040,11.8554827031,21.2377538135,0.9000000000
2026-08-26,S10,K06,shared_ridge10,17.6733645735,10.6909828058,19.6880097865,0.9000000000
2026-08-26,S10,K07,shared_ridge10,20.5354971399,13.3554396676,22.3582764356,0.9000000000
2026-08-26,S10,K08,shared_ridge10,20.4277890558,12.5735044500,22.7076130472,0.9000000000
2026-08-26,S11,K01,shared_ridge10,11.2686063687,3.5562172805,14.4229174117,0.9000000000
2026-08-26,S11,K02,shared_ridge10,12.4773672635,7.2313152124,13.8848557932,0.9000000000
2026-08-26,S11,K03,shared_ridge10,14.4477896526,9.8228521768,16.4297163515,0.9000000000
2026-08-26,S11,K04,shared_ridge10,15.1272437065,9.9778742484,16.9330791102,0.9000000000
2026-08-26,S11,K05,shared_ridge10,17.8668167562,10.8241524802,22.8542362556,0.9000000000
2026-08-26,S11,K06,shared_ridge10,17.6624950083,10.4570454496,23.1406434817,0.9000000000
2026-08-26,S11,K07,shared_ridge10,20.9050623573,14.1280516256,21.8438475738,0.9000000000
2026-08-26,S11,K08,shared_ridge10,21.7666091932,13.5239600857,27.0239600857,0.9000000000
2026-08-26,S12,K01,shared_ridge10,11.9425194122,5.6409144258,14.0210471560,0.9000000000
2026-08-26,S12,K02,shared_ridge10,12.7181284946,6.0473034866,15.2123188222,0.9000000000
2026-08-26,S12,K03,shared_ridge10,14.7397974550,9.7430651074,15.3499292821,0.9000000000
2026-08-26,S12,K04,shared_ridge10,15.3011567500,9.1437617951,19.7742460490,0.9000000000
2026-08-26,S12,K05,shared_ridge10,17.7907297997,12.1311260436,22.2036627674,0.9000000000
2026-08-26,S12,K06,shared_ridge10,18.2277123996,9.8974590648,19.5592875692,0.9000000000
2026-08-26,S12,K07,shared_ridge10,20.9668855452,16.0414250302,23.2894463587,0.9000000000
2026-08-26,S12,K08,shared_ridge10,22.1361744106,17.5076062994,26.1806865816,0.9000000000
2026-08-27,S01,K01,shared_ridge10,8.1105515358,2.4515578735,12.7956385319,0.9000000000
2026-08-27,S01,K02,shared_ridge10,8.6986914818,3.2163764328,11.2955688256,0.9000000000
2026-08-27,S01,K03,shared_ridge10,9.8013738146,1.6177184709,11.6430804619,0.9000000000
2026-08-27,S01,K04,shared_ridge10,11.1460205813,5.6457502463,15.6446615852,0.9000000000
2026-08-27,S01,K05,shared_ridge10,12.2364099533,7.6166987047,14.1969870258,0.9000000000
2026-08-27,S01,K06,shared_ridge10,12.7847554940,5.4558229754,14.2996403188,0.9000000000
2026-08-27,S01,K07,shared_ridge10,15.3858787477,7.9561583739,14.8181645662,0.9000000000
2026-08-27,S01,K08,shared_ridge10,15.3260410175,8.9713920439,16.9697894100,0.9000000000
2026-08-27,S02,K01,shared_ridge10,8.9012168543,4.6992254610,11.3082471836,0.9000000000
2026-08-27,S02,K02,shared_ridge10,8.7095610471,2.6089822721,11.3781445054,0.9000000000
2026-08-27,S02,K03,shared_ridge10,10.6274607712,7.2916869107,15.6016776471,0.9000000000
2026-08-27,S02,K04,shared_ridge10,11.1568901465,3.6523617422,11.8292918471,0.9000000000
2026-08-27,S02,K05,shared_ridge10,13.3016273446,5.5727863239,14.4673326223,0.9000000000
2026-08-27,S02,K06,shared_ridge10,13.4722607889,8.1486603055,17.1985126564,0.9000000000
2026-08-27,S02,K07,shared_ridge10,15.4361454155,10.8672227022,17.0713081022,0.9000000000
2026-08-27,S02,K08,shared_ridge10,16.4782149305,9.8838239020,19.6532964882,0.9000000000
2026-08-27,S03,K01,shared_ridge10,8.8508973397,3.2152017430,10.1129074126,0.9000000000
2026-08-27,S03,K02,shared_ridge10,9.7965175688,4.5248678955,14.7980874308,0.9000000000
2026-08-27,S03,K03,shared_ridge10,10.9426781625,6.7980684303,14.1764839918,0.9000000000
2026-08-27,S03,K04,shared_ridge10,11.5699336248,4.0018496177,12.4153031042,0.9000000000
2026-08-27,S03,K05,shared_ridge10,13.6394271939,8.2995943020,15.8914328574,0.9000000000
2026-08-27,S03,K06,shared_ridge10,13.7412772332,7.9554542234,14.0631395128,0.9000000000
2026-08-27,S03,K07,shared_ridge10,16.7513628068,11.7606085096,17.0881365536,0.9000000000
2026-08-27,S03,K08,shared_ridge10,16.3477801479,8.8542279748,19.3993225358,0.9000000000
2026-08-27,S04,K01,shared_ridge10,9.4378538614,6.1295438228,11.3080346552,0.9000000000
2026-08-27,S04,K02,shared_ridge10,9.8726045253,5.1936434366,14.5723951770,0.9000000000
2026-08-27,S04,K03,shared_ridge10,11.5078955538,8.0005736398,12.6234178732,0.9000000000
2026-08-27,S04,K04,shared_ridge10,12.4721075378,6.8316076784,14.5026543511,0.9000000000
2026-08-27,S04,K05,shared_ridge10,14.1837487823,9.6477715802,15.8003924037,0.9000000000
2026-08-27,S04,K06,shared_ridge10,14.8255110687,10.1875579600,17.1708325190,0.9000000000
2026-08-27,S04,K07,shared_ridge10,16.9796236764,11.5660077904,21.8557081324,0.9000000000
2026-08-27,S04,K08,shared_ridge10,17.7390844958,10.8103786649,19.4186548089,0.9000000000
2026-08-27,S05,K01,shared_ridge10,10.0356799484,5.3700997963,14.3174190232,0.9000000000
2026-08-27,S05,K02,shared_ridge10,10.3943436558,3.7823903118,15.0723291998,0.9000000000
2026-08-27,S05,K03,shared_ridge10,11.2687651190,3.5277125471,12.0899367678,0.9000000000
2026-08-27,S05,K04,shared_ridge10,12.4458281301,5.6998388442,12.4496738286,0.9000000000
2026-08-27,S05,K05,shared_ridge10,15.0315748693,7.9686800582,14.9948782774,0.9000000000
2026-08-27,S05,K06,shared_ridge10,14.8948018996,10.4361846672,18.5557341534,0.9000000000
2026-08-27,S05,K07,shared_ridge10,17.7404932416,11.6698063533,21.8442411160,0.9000000000
2026-08-27,S05,K08,shared_ridge10,18.0651714523,12.7124282659,18.5599152952,0.9000000000
2026-08-27,S06,K01,shared_ridge10,9.7530712527,4.8761288725,13.4155943467,0.9000000000
2026-08-27,S06,K02,shared_ridge10,10.7095610471,4.8160513970,14.8226287525,0.9000000000
2026-08-27,S06,K03,shared_ridge10,12.2905042494,7.6007337288,14.7261265959,0.9000000000
2026-08-27,S06,K04,shared_ridge10,12.9476171406,5.3013102955,14.2554156839,0.9000000000
2026-08-27,S06,K05,shared_ridge10,14.9655141504,9.1333885700,16.8227819568,0.9000000000
2026-08-27,S06,K06,shared_ridge10,15.3730627691,8.4077852192,15.7465470212,0.9000000000
2026-08-27,S06,K07,shared_ridge10,18.1970149807,9.3731426844,22.8183431238,0.9000000000
2026-08-27,S06,K08,shared_ridge10,18.3912584088,12.3723406388,20.1841040686,0.9000000000
2026-08-27,S07,K01,shared_ridge10,10.2748103831,4.5765561324,15.0610024128,0.9000000000
2026-08-27,S07,K02,shared_ridge10,10.5791262645,4.4542656011,11.9933581248,0.9000000000
2026-08-27,S07,K03,shared_ridge10,12.4100694668,5.1392718978,13.7680873823,0.9000000000
2026-08-27,S07,K04,shared_ridge10,13.3298409338,8.2156700458,16.4487508899,0.9000000000
2026-08-27,S07,K05,shared_ridge10,15.4320621272,9.3074828338,16.8496408612,0.9000000000
2026-08-27,S07,K06,shared_ridge10,16.0361062474,8.9297704170,20.1179048952,0.9000000000
2026-08-27,S07,K07,shared_ridge10,19.1209280242,14.4418938086,22.3045412109,0.9000000000
2026-08-27,S07,K08,shared_ridge10,18.7716931914,9.6823368354,19.7699794932,0.9000000000
2026-08-27,S08,K01,shared_ridge10,11.0791582092,5.2373238484,18.4852212016,0.9000000000
2026-08-27,S08,K02,shared_ridge10,11.2095610471,6.2775464552,13.3927656977,0.9000000000
2026-08-27,S08,K03,shared_ridge10,13.1071920991,6.9179946016,13.8170399610,0.9000000000
2026-08-27,S08,K04,shared_ridge10,14.0997910537,9.0577807142,16.0480406087,0.9000000000
2026-08-27,S08,K05,shared_ridge10,16.7364099533,12.2668567278,20.4803429850,0.9000000000
2026-08-27,S08,K06,shared_ridge10,16.4056714648,11.5289534612,21.0298644626,0.9000000000
2026-08-27,S08,K07,shared_ridge10,19.5231019372,10.8982373152,21.5488982614,0.9000000000
2026-08-27,S08,K08,shared_ridge10,20.0869105827,12.2023173086,22.7899599662,0.9000000000
2026-08-27,S09,K01,shared_ridge10,11.1987234266,4.2151658601,12.3966949418,0.9000000000
2026-08-27,S09,K02,shared_ridge10,11.6660827862,4.3395772919,14.3394422266,0.9000000000
2026-08-27,S09,K03,shared_ridge10,13.0543147314,6.1733825646,16.6161234523,0.9000000000
2026-08-27,S09,K04,shared_ridge10,14.2719150866,8.7300700178,22.2962584723,0.9000000000
2026-08-27,S09,K05,shared_ridge10,16.9103229967,14.0671301196,21.5093324960,0.9000000000
2026-08-27,S09,K06,shared_ridge10,17.1665410300,10.0157674085,18.1588439322,0.9000000000
2026-08-27,S09,K07,shared_ridge10,19.5991888938,9.6165645905,19.5510467647,0.9000000000
2026-08-27,S09,K08,shared_ridge10,20.7282149305,14.4889532625,23.8051495564,0.9000000000
2026-08-27,S10,K01,shared_ridge10,10.9595929918,4.3192113039,16.2734261589,0.9000000000
2026-08-27,S10,K02,shared_ridge10,11.9440720974,4.7786996880,14.7588113525,0.9000000000
2026-08-27,S10,K03,shared_ridge10,14.1738799488,8.5511623694,16.1598597401,0.9000000000
2026-08-27,S10,K04,shared_ridge10,14.3416727552,9.8654893644,16.5264658766,0.9000000000
2026-08-27,S10,K05,shared_ridge10,16.9646708228,11.8120324219,21.1943035323,0.9000000000
2026-08-27,S10,K06,shared_ridge10,18.0361062474,11.0537244797,20.0507514604,0.9000000000
2026-08-27,S10,K07,shared_ridge10,20.7839715025,13.6039140302,22.6067507982,0.9000000000
2026-08-27,S10,K08,shared_ridge10,20.4692089809,12.6149243751,22.7490329722,0.9000000000
2026-08-27,S11,K01,shared_ridge10,11.4704625570,3.7580734688,14.6247736000,0.9000000000
2026-08-27,S11,K02,shared_ridge10,12.6196159372,7.3735638862,14.0271044670,0.9000000000
2026-08-27,S11,K03,shared_ridge10,14.3571920991,9.7322546233,16.3391187980,0.9000000000
2026-08-27,S11,K04,shared_ridge10,15.4177597117,10.2683902536,17.2235951154,0.9000000000
2026-08-27,S11,K05,shared_ridge10,17.8233664750,10.7807021990,22.8107859743,0.9000000000
2026-08-27,S11,K06,shared_ridge10,18.0252366822,10.8197871236,23.5033851556,0.9000000000
2026-08-27,S11,K07,shared_ridge10,21.1535367199,14.3765259882,22.0923219364,0.9000000000
2026-08-27,S11,K08,shared_ridge10,21.8080291183,13.5653800108,27.0653800108,0.9000000000
2026-08-27,S12,K01,shared_ridge10,12.1443756005,5.8427706142,14.2229033443,0.9000000000
2026-08-27,S12,K02,shared_ridge10,12.8603771683,6.1895521603,15.3545674959,0.9000000000
2026-08-27,S12,K03,shared_ridge10,14.6491999016,9.6524675540,15.2593317287,0.9000000000
2026-08-27,S12,K04,shared_ridge10,15.5916727552,9.4342778003,20.0647620542,0.9000000000
2026-08-27,S12,K05,shared_ridge10,17.7472795185,12.0876757625,22.1602124862,0.9000000000
2026-08-27,S12,K06,shared_ridge10,18.5904540735,10.2602007386,19.9220292431,0.9000000000
2026-08-27,S12,K07,shared_ridge10,21.2153599077,16.2898993927,23.5379207213,0.9000000000
2026-08-27,S12,K08,shared_ridge10,22.1775943357,17.5490262245,26.2221065068,0.9000000000
2026-08-28,S01,K01,shared_ridge10,13.0766658307,7.4176721684,17.7617528267,0.9000000000
2026-08-28,S01,K02,shared_ridge10,13.7727571321,8.2904420831,16.3696344758,0.9000000000
2026-08-28,S01,K03,shared_ridge10,14.7130399034,6.5293845597,16.5547465507,0.9000000000
2026-08-28,S01,K04,shared_ridge10,16.0054868678,10.5052165327,20.5041278716,0.9000000000
2026-08-28,S01,K05,shared_ridge10,17.1977740954,12.5780628468,19.1583511680,0.9000000000
2026-08-28,S01,K06,shared_ridge10,17.7795469091,10.4506143904,19.2944317338,0.9000000000
2026-08-28,S01,K07,shared_ridge10,20.0916276986,12.6619073248,19.5239135172,0.9000000000
2026-08-28,S01,K08,shared_ridge10,20.0510937101,13.6964447365,21.6948421026,0.9000000000
2026-08-28,S02,K01,shared_ridge10,13.8673311492,9.6653397559,16.2743614786,0.9000000000
2026-08-28,S02,K02,shared_ridge10,13.7836266974,7.6830479225,16.4522101557,0.9000000000
2026-08-28,S02,K03,shared_ridge10,15.5391268599,12.2033529994,20.5133437358,0.9000000000
2026-08-28,S02,K04,shared_ridge10,16.0163564330,8.5118280287,16.6887581336,0.9000000000
2026-08-28,S02,K05,shared_ridge10,18.2629914867,10.5341504660,19.4286967644,0.9000000000
2026-08-28,S02,K06,shared_ridge10,18.4670522040,13.1434517206,22.1933040714,0.9000000000
2026-08-28,S02,K07,shared_ridge10,20.1418943664,15.5729716532,21.7770570532,0.9000000000
2026-08-28,S02,K08,shared_ridge10,21.2032676232,14.6088765947,24.3783491810,0.9000000000
2026-08-28,S03,K01,shared_ridge10,13.8170116346,8.1813160379,15.0790217076,0.9000000000
2026-08-28,S03,K02,shared_ridge10,14.8705832191,9.5989335458,19.8721530811,0.9000000000
2026-08-28,S03,K03,shared_ridge10,15.8543442512,11.7097345190,19.0881500806,0.9000000000
2026-08-28,S03,K04,shared_ridge10,16.4293999112,8.8613159041,17.2747693906,0.9000000000
2026-08-28,S03,K05,shared_ridge10,18.6007913361,13.2609584442,20.8527969996,0.9000000000
2026-08-28,S03,K06,shared_ridge10,18.7360686482,12.9502456384,19.0579309278,0.9000000000
2026-08-28,S03,K07,shared_ridge10,21.4571117577,16.4663574606,21.7938855046,0.9000000000
2026-08-28,S03,K08,shared_ridge10,21.0728328406,13.5792806674,24.1243752286,0.9000000000
2026-08-28,S04,K01,shared_ridge10,14.4039681563,11.0956581177,16.2741489500,0.9000000000
2026-08-28,S04,K02,shared_ridge10,14.9466701756,10.2677090869,19.6464608272,0.9000000000
2026-08-28,S04,K03,shared_ridge10,16.4195616425,12.9122397284,17.5350839618,0.9000000000
2026-08-28,S04,K04,shared_ridge10,17.3315738243,11.6910739650,19.3621206376,0.9000000000
2026-08-28,S04,K05,shared_ridge10,19.1451129245,14.6091357224,20.7617565459,0.9000000000
2026-08-28,S04,K06,shared_ridge10,19.8203024838,15.1823493751,22.1656239340,0.9000000000
2026-08-28,S04,K07,shared_ridge10,21.6853726273,16.2717567413,26.5614570834,0.9000000000
2026-08-28,S04,K08,shared_ridge10,22.4641371884,15.5354313575,24.1437075015,0.9000000000
2026-08-28,S05,K01,shared_ridge10,15.0017942432,10.3362140911,19.2835333180,0.9000000000
2026-08-28,S05,K02,shared_ridge10,15.4684093061,8.8564559621,20.1463948502,0.9000000000
2026-08-28,S05,K03,shared_ridge10,16.1804312077,8.4393786358,17.0016028566,0.9000000000
2026-08-28,S05,K04,shared_ridge10,17.3052944165,10.5593051306,17.3091401150,0.9000000000
2026-08-28,S05,K05,shared_ridge10,19.9929390115,12.9300442003,19.9562424196,0.9000000000
2026-08-28,S05,K06,shared_ridge10,19.8895933146,15.4309760822,23.5505255684,0.9000000000
2026-08-28,S05,K07,shared_ridge10,22.4462421925,16.3755553042,26.5499900669,0.9000000000
2026-08-28,S05,K08,shared_ridge10,22.7902241449,17.4374809586,23.2849679879,0.9000000000
2026-08-28,S06,K01,shared_ridge10,14.7191855476,9.8422431674,18.3817086416,0.9000000000
2026-08-28,S06,K02,shared_ridge10,15.7836266974,9.8901170473,19.8966944028,0.9000000000
2026-08-28,S06,K03,shared_ridge10,17.2021703381,12.5123998175,19.6377926846,0.9000000000
2026-08-28,S06,K04,shared_ridge10,17.8070834271,10.1607765820,19.1148819704,0.9000000000
2026-08-28,S06,K05,shared_ridge10,19.9268782926,14.0947527122,21.7841460990,0.9000000000
2026-08-28,S06,K06,shared_ridge10,20.3678541842,13.4025766343,20.7413384363,0.9000000000
2026-08-28,S06,K07,shared_ridge10,22.9027639316,14.0788916354,27.5240920747,0.9000000000
2026-08-28,S06,K08,shared_ridge10,23.1163111014,17.0973933314,24.9091567612,0.9000000000
2026-08-28,S07,K01,shared_ridge10,15.2409246780,9.5426704274,20.0271167077,0.9000000000
2026-08-28,S07,K02,shared_ridge10,15.6531919147,9.5283312513,17.0674237750,0.9000000000
2026-08-28,S07,K03,shared_ridge10,17.3217355555,10.0509379865,18.6797534710,0.9000000000
2026-08-28,S07,K04,shared_ridge10,18.1893072202,13.0751363322,21.3082171763,0.9000000000
2026-08-28,S07,K05,shared_ridge10,20.3934262693,14.2688469760,21.8110050033,0.9000000000
2026-08-28,S07,K06,shared_ridge10,21.0308976625,13.9245618322,25.1126963103,0.9000000000
2026-08-28,S07,K07,shared_ridge10,23.8266769751,19.1476427595,27.0102901618,0.9000000000
2026-08-28,S07,K08,shared_ridge10,23.4967458840,14.4073895280,24.4950321858,0.9000000000
2026-08-28,S08,K01,shared_ridge10,16.0452725041,10.2034381434,23.4513354965,0.9000000000
2026-08-28,S08,K02,shared_ridge10,16.2836266974,11.3516121055,18.4668313480,0.9000000000
2026-08-28,S08,K03,shared_ridge10,18.0188581878,11.8296606902,18.7287060496,0.9000000000
2026-08-28,S08,K04,shared_ridge10,18.9592573401,13.9172470006,20.9075068951,0.9000000000
2026-08-28,S08,K05,shared_ridge10,21.6977740954,17.2282208698,25.4417071271,0.9000000000
2026-08-28,S08,K06,shared_ridge10,21.4004628799,16.5237448763,26.0246558777,0.9000000000
2026-08-28,S08,K07,shared_ridge10,24.2288508881,15.6039862662,26.2546472122,0.9000000000
2026-08-28,S08,K08,shared_ridge10,24.8119632753,16.9273700012,27.5150126588,0.9000000000
2026-08-28,S09,K01,shared_ridge10,16.1648377215,9.1812801549,17.3628092366,0.9000000000
2026-08-28,S09,K02,shared_ridge10,16.7401484365,9.4136429422,19.4135078769,0.9000000000
2026-08-28,S09,K03,shared_ridge10,17.9659808201,11.0850486533,21.5277895410,0.9000000000
2026-08-28,S09,K04,shared_ridge10,19.1313813730,13.5895363042,27.1557247587,0.9000000000
2026-08-28,S09,K05,shared_ridge10,21.8716871389,19.0284942618,26.4706966382,0.9000000000
2026-08-28,S09,K06,shared_ridge10,22.1613324451,15.0105588236,23.1536353473,0.9000000000
2026-08-28,S09,K07,shared_ridge10,24.3049378447,14.3223135414,24.2567957155,0.9000000000
2026-08-28,S09,K08,shared_ridge10,25.4532676232,19.2140059552,28.5302022492,0.9000000000
2026-08-28,S10,K01,shared_ridge10,15.9257072867,9.2853255988,21.2395404538,0.9000000000
2026-08-28,S10,K02,shared_ridge10,17.0181377477,9.8527653384,19.8328770028,0.9000000000
2026-08-28,S10,K03,shared_ridge10,19.0855460375,13.4628284581,21.0715258288,0.9000000000
2026-08-28,S10,K04,shared_ridge10,19.2011390417,14.7249556509,21.3859321632,0.9000000000
2026-08-28,S10,K05,shared_ridge10,21.9260349650,16.7733965641,26.1556676745,0.9000000000
2026-08-28,S10,K06,shared_ridge10,23.0308976625,16.0485158948,25.0455428755,0.9000000000
2026-08-28,S10,K07,shared_ridge10,25.4897204533,18.3096629810,27.3124997490,0.9000000000
2026-08-28,S10,K08,shared_ridge10,25.1942616736,17.3399770678,27.4740856650,0.9000000000
2026-08-28,S11,K01,shared_ridge10,16.4365768519,8.7241877637,19.5908878949,0.9000000000
2026-08-28,S11,K02,shared_ridge10,17.6936815875,12.4476295364,19.1011701172,0.9000000000
2026-08-28,S11,K03,shared_ridge10,19.2688581878,14.6439207120,21.2507848867,0.9000000000
2026-08-28,S11,K04,shared_ridge10,20.2772259982,15.1278565400,22.0830614018,0.9000000000
2026-08-28,S11,K05,shared_ridge10,22.7847306172,15.7420663412,27.7721501166,0.9000000000
2026-08-28,S11,K06,shared_ridge10,23.0200280973,15.8145785386,28.4981765708,0.9000000000
2026-08-28,S11,K07,shared_ridge10,25.8592856707,19.0822749391,26.7980708872,0.9000000000
2026-08-28,S11,K08,shared_ridge10,26.5330818109,18.2904327034,31.7904327034,0.9000000000
2026-08-28,S12,K01,shared_ridge10,17.1104898954,10.8088849090,19.1890176392,0.9000000000
2026-08-28,S12,K02,shared_ridge10,17.9344428186,11.2636178106,20.4286331462,0.9000000000
2026-08-28,S12,K03,shared_ridge10,19.5608659903,14.5641336427,20.1709978174,0.9000000000
2026-08-28,S12,K04,shared_ridge10,20.4511390417,14.2937440868,24.9242283407,0.9000000000
2026-08-28,S12,K05,shared_ridge10,22.7086436606,17.0490399046,27.1215766283,0.9000000000
2026-08-28,S12,K06,shared_ridge10,23.5852454886,15.2549921537,24.9168206582,0.9000000000
2026-08-28,S12,K07,shared_ridge10,25.9211088586,20.9956483436,28.2436696722,0.9000000000
2026-08-28,S12,K08,shared_ridge10,26.9026470283,22.2740789171,30.9471591994,0.9000000000
2026-08-29,S01,K01,shared_ridge10,14.4207917028,8.7617980405,19.1058786988,0.9000000000
2026-08-29,S01,K02,shared_ridge10,15.1999643264,9.7176492774,17.7968416702,0.9000000000
2026-08-29,S01,K03,shared_ridge10,16.9523972140,8.7687418703,18.7941038613,0.9000000000
2026-08-29,S01,K04,shared_ridge10,17.8567659947,12.3564956597,22.3554069986,0.9000000000
2026-08-29,S01,K05,shared_ridge10,20.1685419036,15.5488306550,22.1291189762,0.9000000000
2026-08-29,S01,K06,shared_ridge10,20.4725674125,13.1436348938,21.9874522372,0.9000000000
2026-08-29,S01,K07,shared_ridge10,23.0839053343,15.6541849605,22.5161911528,0.9000000000
2026-08-29,S01,K08,shared_ridge10,22.3734552573,16.0188062837,24.0172036498,0.9000000000
2026-08-29,S02,K01,shared_ridge10,15.2114570213,11.0094656280,17.6184873506,0.9000000000
2026-08-29,S02,K02,shared_ridge10,15.2108338917,9.1102551168,17.8794173500,0.9000000000
2026-08-29,S02,K03,shared_ridge10,17.7784841706,14.4427103101,22.7527010464,0.9000000000
2026-08-29,S02,K04,shared_ridge10,17.8676355599,10.3631071556,18.5400372604,0.9000000000
2026-08-29,S02,K05,shared_ridge10,21.2337592949,13.5049182742,22.3994645726,0.9000000000
2026-08-29,S02,K06,shared_ridge10,21.1600727073,15.8364722238,24.8863245748,0.9000000000
2026-08-29,S02,K07,shared_ridge10,23.1341720021,18.5652492888,24.7693346889,0.9000000000
2026-08-29,S02,K08,shared_ridge10,23.5256291703,16.9312381418,26.7007107281,0.9000000000
2026-08-29,S03,K01,shared_ridge10,15.1611375066,9.5254419099,16.4231475795,0.9000000000
2026-08-29,S03,K02,shared_ridge10,16.2977904134,11.0261407401,21.2993602754,0.9000000000
2026-08-29,S03,K03,shared_ridge10,18.0937015619,13.9490918296,21.3275073913,0.9000000000
2026-08-29,S03,K04,shared_ridge10,18.2806790381,10.7125950310,19.1260485175,0.9000000000
2026-08-29,S03,K05,shared_ridge10,21.5715591443,16.2317262524,23.8235648078,0.9000000000
2026-08-29,S03,K06,shared_ridge10,21.4290891516,15.6432661418,21.7509514312,0.9000000000
2026-08-29,S03,K07,shared_ridge10,24.4493893934,19.4586350962,24.7861631402,0.9000000000
2026-08-29,S03,K08,shared_ridge10,23.3951943877,15.9016422145,26.4467367756,0.9000000000
2026-08-29,S04,K01,shared_ridge10,15.7480940284,12.4397839898,17.6182748222,0.9000000000
2026-08-29,S04,K02,shared_ridge10,16.3738773699,11.6949162812,21.0736680216,0.9000000000
2026-08-29,S04,K03,shared_ridge10,18.6589189532,15.1515970392,19.7744412726,0.9000000000
2026-08-29,S04,K04,shared_ridge10,19.1828529512,13.5423530919,21.2133997645,0.9000000000
2026-08-29,S04,K05,shared_ridge10,22.1158807327,17.5799035305,23.7325243541,0.9000000000
2026-08-29,S04,K06,shared_ridge10,22.5133229872,17.8753698785,24.8586444374,0.9000000000
2026-08-29,S04,K07,shared_ridge10,24.6776502630,19.2640343770,29.5537347190,0.9000000000
2026-08-29,S04,K08,shared_ridge10,24.7864987355,17.8577929046,26.4660690486,0.9000000000
2026-08-29,S05,K01,shared_ridge10,16.3459201153,11.6803399632,20.6276591900,0.9000000000
2026-08-29,S05,K02,shared_ridge10,16.8956165004,10.2836631564,21.5736020444,0.9000000000
2026-08-29,S05,K03,shared_ridge10,18.4197885184,10.6787359466,19.2409601673,0.9000000000
2026-08-29,S05,K04,shared_ridge10,19.1565735434,12.4105842575,19.1604192419,0.9000000000
2026-08-29,S05,K05,shared_ridge10,22.9637068197,15.9008120086,22.9270102278,0.9000000000
2026-08-29,S05,K06,shared_ridge10,22.5826138180,18.1239965856,26.2435460718,0.9000000000
2026-08-29,S05,K07,shared_ridge10,25.4385198282,19.3678329399,29.5422677026,0.9000000000
2026-08-29,S05,K08,shared_ridge10,25.1125856920,19.7598425056,25.6073295349,0.9000000000
2026-08-29,S06,K01,shared_ridge10,16.0633114197,11.1863690395,19.7258345137,0.9000000000
2026-08-29,S06,K02,shared_ridge10,17.2108338917,11.3173242415,21.3239015971,0.9000000000
2026-08-29,S06,K03,shared_ridge10,19.4415276488,14.7517571282,21.8771499953,0.9000000000
2026-08-29,S06,K04,shared_ridge10,19.6583625540,12.0120557090,20.9661610973,0.9000000000
2026-08-29,S06,K05,shared_ridge10,22.8976461008,17.0655205204,24.7549139071,0.9000000000
2026-08-29,S06,K06,shared_ridge10,23.0608746876,16.0955971377,23.4343589397,0.9000000000
2026-08-29,S06,K07,shared_ridge10,25.8950415673,17.0711692711,30.5163697104,0.9000000000
2026-08-29,S06,K08,shared_ridge10,25.4386726486,19.4197548787,27.2315183084,0.9000000000
2026-08-29,S07,K01,shared_ridge10,16.5850505501,10.8867962995,21.3712425798,0.9000000000
2026-08-29,S07,K02,shared_ridge10,17.0803991090,10.9555384456,18.4946309692,0.9000000000
2026-08-29,S07,K03,shared_ridge10,19.5610928662,12.2902952972,20.9191107817,0.9000000000
2026-08-29,S07,K04,shared_ridge10,20.0405863471,14.9264154592,23.1594963032,0.9000000000
2026-08-29,S07,K05,shared_ridge10,23.3641940776,17.2396147842,24.7817728116,0.9000000000
2026-08-29,S07,K06,shared_ridge10,23.7239181659,16.6175823355,27.8057168137,0.9000000000
2026-08-29,S07,K07,shared_ridge10,26.8189546108,22.1399203952,30.0025677974,0.9000000000
2026-08-29,S07,K08,shared_ridge10,25.8191074312,16.7297510752,26.8173937330,0.9000000000
2026-08-29,S08,K01,shared_ridge10,17.3893983762,11.5475640154,24.7954613686,0.9000000000
2026-08-29,S08,K02,shared_ridge10,17.7108338917,12.7788192998,19.8940385423,0.9000000000
2026-08-29,S08,K03,shared_ridge10,20.2582154985,14.0690180010,20.9680633604,0.9000000000
2026-08-29,S08,K04,shared_ridge10,20.8105364670,15.7685261275,22.7587860220,0.9000000000
2026-08-29,S08,K05,shared_ridge10,24.6685419036,20.1989886780,28.4124749354,0.9000000000
2026-08-29,S08,K06,shared_ridge10,24.0934833832,19.2167653796,28.7176763810,0.9000000000
2026-08-29,S08,K07,shared_ridge10,27.2211285238,18.5962639018,29.2469248480,0.9000000000
2026-08-29,S08,K08,shared_ridge10,27.1343248225,19.2497315484,29.8373742060,0.9000000000
2026-08-29,S09,K01,shared_ridge10,17.5089635936,10.5254060270,18.7069351088,0.9000000000
2026-08-29,S09,K02,shared_ridge10,18.1673556308,10.8408501364,20.8407150712,0.9000000000
2026-08-29,S09,K03,shared_ridge10,20.2053381308,13.3244059640,23.7671468517,0.9000000000
2026-08-29,S09,K04,shared_ridge10,20.9826604999,15.4408154312,29.0070038856,0.9000000000
2026-08-29,S09,K05,shared_ridge10,24.8424549471,21.9992620700,29.4414644464,0.9000000000
2026-08-29,S09,K06,shared_ridge10,24.8543529485,17.7035793270,25.8466558507,0.9000000000
2026-08-29,S09,K07,shared_ridge10,27.2972154803,17.3145911770,27.2490733512,0.9000000000
2026-08-29,S09,K08,shared_ridge10,27.7756291703,21.5363675024,30.8525637962,0.9000000000
2026-08-29,S10,K01,shared_ridge10,17.2698331588,10.6294514709,22.5836663259,0.9000000000
2026-08-29,S10,K02,shared_ridge10,18.4453449420,11.2799725326,21.2600841971,0.9000000000
2026-08-29,S10,K03,shared_ridge10,21.3249033482,15.7021857688,23.3108831396,0.9000000000
2026-08-29,S10,K04,shared_ridge10,21.0524181686,16.5762347778,23.2372112900,0.9000000000
2026-08-29,S10,K05,shared_ridge10,24.8968027732,19.7441643723,29.1264354827,0.9000000000
2026-08-29,S10,K06,shared_ridge10,25.7239181659,18.7415363982,27.7385633789,0.9000000000
2026-08-29,S10,K07,shared_ridge10,28.4819980890,21.3019406167,30.3047773847,0.9000000000
2026-08-29,S10,K08,shared_ridge10,27.5166232207,19.6623386149,29.7964472120,0.9000000000
2026-08-29,S11,K01,shared_ridge10,17.7807027240,10.0683136358,20.9350137670,0.9000000000
2026-08-29,S11,K02,shared_ridge10,19.1208887818,13.8748367308,20.5283773116,0.9000000000
2026-08-29,S11,K03,shared_ridge10,21.5082154985,16.8832780227,23.4901421974,0.9000000000
2026-08-29,S11,K04,shared_ridge10,22.1285051251,16.9791356670,23.9343405288,0.9000000000
2026-08-29,S11,K05,shared_ridge10,25.7554984254,18.7128341494,30.7429179247,0.9000000000
2026-08-29,S11,K06,shared_ridge10,25.7130486006,18.5075990420,31.1911970740,0.9000000000
2026-08-29,S11,K07,shared_ridge10,28.8515633064,22.0745525748,29.7903485229,0.9000000000
2026-08-29,S11,K08,shared_ridge10,28.8554433580,20.6127942505,34.1127942505,0.9000000000
2026-08-29,S12,K01,shared_ridge10,18.4546157675,12.1530107812,20.5331435113,0.9000000000
2026-08-29,S12,K02,shared_ridge10,19.3616500129,12.6908250050,21.8558403405,0.9000000000
2026-08-29,S12,K03,shared_ridge10,21.8002233010,16.8034909534,22.4103551281,0.9000000000
2026-08-29,S12,K04,shared_ridge10,22.3024181686,16.1450232137,26.7755074676,0.9000000000
2026-08-29,S12,K05,shared_ridge10,25.6794114689,20.0198077128,30.0923444366,0.9000000000
2026-08-29,S12,K06,shared_ridge10,26.2782659919,17.9480126570,27.6098411615,0.9000000000
2026-08-29,S12,K07,shared_ridge10,28.9133864943,23.9879259793,31.2359473078,0.9000000000
2026-08-29,S12,K08,shared_ridge10,29.2250085754,24.5964404642,33.2695207464,0.9000000000
2026-08-30,S01,K01,shared_ridge10,10.8604808433,5.2014871810,15.5455678394,0.9000000000
2026-08-30,S01,K02,shared_ridge10,11.4041998624,5.9218848134,14.0010772062,0.9000000000
2026-08-30,S01,K03,shared_ridge10,12.6719627443,4.4883074006,14.5136693916,0.9000000000
2026-08-30,S01,K04,shared_ridge10,14.1902005564,8.6899302214,18.6888415602,0.9000000000
2026-08-30,S01,K05,shared_ridge10,15.9086017170,11.2888904684,17.8691787896,0.9000000000
2026-08-30,S01,K06,shared_ridge10,16.4445689463,9.1156364276,17.9594537710,0.9000000000
2026-08-30,S01,K07,shared_ridge10,19.2845423725,11.8548219987,18.7168281910,0.9000000000
2026-08-30,S01,K08,shared_ridge10,19.2564023176,12.9017533440,20.9001507101,0.9000000000
2026-08-30,S02,K01,shared_ridge10,11.6511461618,7.4491547685,14.0581764912,0.9000000000
2026-08-30,S02,K02,shared_ridge10,11.4150694277,5.3144906528,14.0836528860,0.9000000000
2026-08-30,S02,K03,shared_ridge10,13.4980497008,10.1622758403,18.4722665766,0.9000000000
2026-08-30,S02,K04,shared_ridge10,14.2010701216,6.6965417173,14.8734718222,0.9000000000
2026-08-30,S02,K05,shared_ridge10,16.9738191083,9.2449780876,18.1395243860,0.9000000000
2026-08-30,S02,K06,shared_ridge10,17.1320742411,11.8084737576,20.8583261086,0.9000000000
2026-08-30,S02,K07,shared_ridge10,19.3348090403,14.7658863270,20.9699717271,0.9000000000
2026-08-30,S02,K08,shared_ridge10,20.4085762307,13.8141852022,23.5836577884,0.9000000000
2026-08-30,S03,K01,shared_ridge10,11.6008266472,5.9651310505,12.8628367202,0.9000000000
2026-08-30,S03,K02,shared_ridge10,12.5020259494,7.2303762760,17.5035958114,0.9000000000
2026-08-30,S03,K03,shared_ridge10,13.8132670921,9.6686573599,17.0470729215,0.9000000000
2026-08-30,S03,K04,shared_ridge10,14.6141135999,7.0460295928,15.4594830792,0.9000000000
2026-08-30,S03,K05,shared_ridge10,17.3116189576,11.9717860657,19.5636246211,0.9000000000
2026-08-30,S03,K06,shared_ridge10,17.4010906854,11.6152676756,17.7229529650,0.9000000000
2026-08-30,S03,K07,shared_ridge10,20.6500264316,15.6592721344,20.9868001784,0.9000000000
2026-08-30,S03,K08,shared_ridge10,20.2781414481,12.7845892750,23.3296838361,0.9000000000
2026-08-30,S04,K01,shared_ridge10,12.1877831689,8.8794731303,14.0579639626,0.9000000000
2026-08-30,S04,K02,shared_ridge10,12.5781129059,7.8991518172,17.2779035575,0.9000000000
2026-08-30,S04,K03,shared_ridge10,14.3784844834,10.8711625694,15.4940068028,0.9000000000
2026-08-30,S04,K04,shared_ridge10,15.5162875129,9.8757876536,17.5468343262,0.9000000000
2026-08-30,S04,K05,shared_ridge10,17.8559405460,13.3199633438,19.4725841674,0.9000000000
2026-08-30,S04,K06,shared_ridge10,18.4853245210,13.8473714123,20.8306459712,0.9000000000
2026-08-30,S04,K07,shared_ridge10,20.8782873012,15.4646714152,25.7543717572,0.9000000000
2026-08-30,S04,K08,shared_ridge10,21.6694457959,14.7407399650,23.3490161090,0.9000000000
2026-08-30,S05,K01,shared_ridge10,12.7856092559,8.1200291038,17.0673483307,0.9000000000
2026-08-30,S05,K02,shared_ridge10,13.0998520364,6.4878986924,17.7778375804,0.9000000000
2026-08-30,S05,K03,shared_ridge10,14.1393540487,6.3983014768,14.9605256976,0.9000000000
2026-08-30,S05,K04,shared_ridge10,15.4900081051,8.7440188192,15.4938538036,0.9000000000
2026-08-30,S05,K05,shared_ridge10,18.7037666330,11.6408718218,18.6670700411,0.9000000000
2026-08-30,S05,K06,shared_ridge10,18.5546153518,14.0959981194,22.2155476057,0.9000000000
2026-08-30,S05,K07,shared_ridge10,21.6391568664,15.5684699781,25.7429047408,0.9000000000
2026-08-30,S05,K08,shared_ridge10,21.9955327524,16.6427895660,22.4902765953,0.9000000000
2026-08-30,S06,K01,shared_ridge10,12.5030005602,7.6260581800,16.1655236542,0.9000000000
2026-08-30,S06,K02,shared_ridge10,13.4150694277,7.5215597776,17.5281371331,0.9000000000
2026-08-30,S06,K03,shared_ridge10,15.1610931791,10.4713226585,17.5967155256,0.9000000000
2026-08-30,S06,K04,shared_ridge10,15.9917971157,8.3454902706,17.2995956590,0.9000000000
2026-08-30,S06,K05,shared_ridge10,18.6377059141,12.8055803337,20.4949737204,0.9000000000
2026-08-30,S06,K06,shared_ridge10,19.0328762214,12.0675986715,19.4063604735,0.9000000000
2026-08-30,S06,K07,shared_ridge10,22.0956786055,13.2718063093,26.7170067486,0.9000000000
2026-08-30,S06,K08,shared_ridge10,22.3216197089,16.3027019390,24.1144653687,0.9000000000
2026-08-30,S07,K01,shared_ridge10,13.0247396907,7.3264854401,17.8109317204,0.9000000000
2026-08-30,S07,K02,shared_ridge10,13.2846346450,7.1597739816,14.6988665052,0.9000000000
2026-08-30,S07,K03,shared_ridge10,15.2806583965,8.0098608275,16.6386763120,0.9000000000
2026-08-30,S07,K04,shared_ridge10,16.3740209089,11.2598500210,19.4929308650,0.9000000000
2026-08-30,S07,K05,shared_ridge10,19.1042538909,12.9796745976,20.5218326248,0.9000000000
2026-08-30,S07,K06,shared_ridge10,19.6959196996,12.5895838693,23.7777183474,0.9000000000
2026-08-30,S07,K07,shared_ridge10,23.0195916490,18.3405574334,26.2032048356,0.9000000000
2026-08-30,S07,K08,shared_ridge10,22.7020544915,13.6126981356,23.7003407933,0.9000000000
2026-08-30,S08,K01,shared_ridge10,13.8290875167,7.9872531560,21.2351505091,0.9000000000
2026-08-30,S08,K02,shared_ridge10,13.9150694277,8.9830548358,16.0982740783,0.9000000000
2026-08-30,S08,K03,shared_ridge10,15.9777810288,9.7885835313,16.6876288906,0.9000000000
2026-08-30,S08,K04,shared_ridge10,17.1439710287,12.1019606892,19.0922205837,0.9000000000
2026-08-30,S08,K05,shared_ridge10,20.4086017170,15.9390484914,24.1525347488,0.9000000000
2026-08-30,S08,K06,shared_ridge10,20.0654849170,15.1887669134,24.6896779148,0.9000000000
2026-08-30,S08,K07,shared_ridge10,23.4217655621,14.7969009402,25.4475618862,0.9000000000
2026-08-30,S08,K08,shared_ridge10,24.0172718829,16.1326786088,26.7203212664,0.9000000000
2026-08-30,S09,K01,shared_ridge10,13.9486527341,6.9650951676,15.1466242492,0.9000000000
2026-08-30,S09,K02,shared_ridge10,14.3715911668,7.0450856724,17.0449506072,0.9000000000
2026-08-30,S09,K03,shared_ridge10,15.9249036611,9.0439714943,19.4867123820,0.9000000000
2026-08-30,S09,K04,shared_ridge10,17.3160950617,11.7742499930,25.3404384474,0.9000000000
2026-08-30,S09,K05,shared_ridge10,20.5825147604,17.7393218834,25.1815242598,0.9000000000
2026-08-30,S09,K06,shared_ridge10,20.8263544822,13.6755808607,21.8186573844,0.9000000000
2026-08-30,S09,K07,shared_ridge10,23.4978525186,13.5152282153,23.4497103894,0.9000000000
2026-08-30,S09,K08,shared_ridge10,24.6585762307,18.4193145628,27.7355108566,0.9000000000
2026-08-30,S10,K01,shared_ridge10,13.7095222994,7.0691406115,19.0233554665,0.9000000000
2026-08-30,S10,K02,shared_ridge10,14.6495804780,7.4842080687,17.4643197331,0.9000000000
2026-08-30,S10,K03,shared_ridge10,17.0444688785,11.4217512991,19.0304486698,0.9000000000
2026-08-30,S10,K04,shared_ridge10,17.3858527303,12.9096693395,19.5706458518,0.9000000000
2026-08-30,S10,K05,shared_ridge10,20.6368625865,15.4842241856,24.8664952960,0.9000000000
2026-08-30,S10,K06,shared_ridge10,21.6959196996,14.7135379319,23.7105649126,0.9000000000
2026-08-30,S10,K07,shared_ridge10,24.6826351273,17.5025776550,26.5054144230,0.9000000000
2026-08-30,S10,K08,shared_ridge10,24.3995702811,16.5452856753,26.6793942724,0.9000000000
2026-08-30,S11,K01,shared_ridge10,14.2203918646,6.5080027764,17.3747029076,0.9000000000
2026-08-30,S11,K02,shared_ridge10,15.3251243178,10.0790722668,16.7326128476,0.9000000000
2026-08-30,S11,K03,shared_ridge10,17.2277810288,12.6028435530,19.2097077277,0.9000000000
2026-08-30,S11,K04,shared_ridge10,18.4619396868,13.3125702287,20.2677750905,0.9000000000
2026-08-30,S11,K05,shared_ridge10,21.4955582387,14.4528939626,26.4829777380,0.9000000000
2026-08-30,S11,K06,shared_ridge10,21.6850501344,14.4796005758,27.1631986078,0.9000000000
2026-08-30,S11,K07,shared_ridge10,25.0522003447,18.2751896131,25.9909855612,0.9000000000
2026-08-30,S11,K08,shared_ridge10,25.7383904184,17.4957413109,30.9957413109,0.9000000000
2026-08-30,S12,K01,shared_ridge10,14.8943049080,8.5926999216,16.9728326518,0.9000000000
2026-08-30,S12,K02,shared_ridge10,15.5658855489,8.8950605410,18.0600758765,0.9000000000
2026-08-30,S12,K03,shared_ridge10,17.5197888313,12.5230564837,18.1299206584,0.9000000000
2026-08-30,S12,K04,shared_ridge10,18.6358527303,12.4784577754,23.1089420293,0.9000000000
2026-08-30,S12,K05,shared_ridge10,21.4194712822,15.7598675262,25.8324042499,0.9000000000
2026-08-30,S12,K06,shared_ridge10,22.2502675257,13.9200141908,23.5818426953,0.9000000000
2026-08-30,S12,K07,shared_ridge10,25.1140235325,20.1885630175,27.4365843460,0.9000000000
2026-08-30,S12,K08,shared_ridge10,26.1079556358,21.4793875246,30.1524678068,0.9000000000
2026-08-31,S01,K01,shared_ridge10,8.7931092826,3.1341156203,13.4781962786,0.9000000000
2026-08-31,S01,K02,shared_ridge10,8.8564068407,3.3740917917,11.4532841844,0.9000000000
2026-08-31,S01,K03,shared_ridge10,10.4604605815,2.2768052378,12.3021672288,0.9000000000
2026-08-31,S01,K04,shared_ridge10,11.4608452319,5.9605748969,15.9594862358,0.9000000000
2026-08-31,S01,K05,shared_ridge10,13.0152293554,8.3955181068,14.9758064280,0.9000000000
2026-08-31,S01,K06,shared_ridge10,13.3689222001,6.0399896815,14.8838070248,0.9000000000
2026-08-31,S01,K07,shared_ridge10,15.8137533412,8.3840329674,15.2460391598,0.9000000000
2026-08-31,S01,K08,shared_ridge10,15.8893388477,9.5346898741,17.5330872402,0.9000000000
2026-08-31,S02,K01,shared_ridge10,9.5837746011,5.3817832078,11.9908049304,0.9000000000
2026-08-31,S02,K02,shared_ridge10,8.8672764060,2.7666976311,11.5358598643,0.9000000000
2026-08-31,S02,K03,shared_ridge10,11.2865475380,7.9507736775,16.2607644138,0.9000000000
2026-08-31,S02,K04,shared_ridge10,11.4717147971,3.9671863928,12.1441164976,0.9000000000
2026-08-31,S02,K05,shared_ridge10,14.0804467468,6.3516057261,15.2461520245,0.9000000000
2026-08-31,S02,K06,shared_ridge10,14.0564274949,8.7328270114,17.7826793624,0.9000000000
2026-08-31,S02,K07,shared_ridge10,15.8640200090,11.2950972958,17.4991826958,0.9000000000
2026-08-31,S02,K08,shared_ridge10,17.0415127607,10.4471217322,20.2165943185,0.9000000000
2026-08-31,S03,K01,shared_ridge10,9.5334550865,3.8977594898,10.7954651594,0.9000000000
2026-08-31,S03,K02,shared_ridge10,9.9542329277,4.6825832544,14.9558027897,0.9000000000
2026-08-31,S03,K03,shared_ridge10,11.6017649293,7.4571551970,14.8355707586,0.9000000000
2026-08-31,S03,K04,shared_ridge10,11.8847582754,4.3166742683,12.7301277547,0.9000000000
2026-08-31,S03,K05,shared_ridge10,14.4182465961,9.0784137042,16.6702522596,0.9000000000
2026-08-31,S03,K06,shared_ridge10,14.3254439392,8.5396209294,14.6473062188,0.9000000000
2026-08-31,S03,K07,shared_ridge10,17.1792374003,12.1884831032,17.5160111472,0.9000000000
2026-08-31,S03,K08,shared_ridge10,16.9110779781,9.4175258050,19.9626203660,0.9000000000
2026-08-31,S04,K01,shared_ridge10,10.1204116082,6.8121015696,11.9905924020,0.9000000000
2026-08-31,S04,K02,shared_ridge10,10.0303198842,5.3513587956,14.7301105358,0.9000000000
2026-08-31,S04,K03,shared_ridge10,12.1669823206,8.6596604066,13.2825046400,0.9000000000
2026-08-31,S04,K04,shared_ridge10,12.7869321884,7.1464323290,14.8174790017,0.9000000000
2026-08-31,S04,K05,shared_ridge10,14.9625681845,10.4265909824,16.5792118059,0.9000000000
2026-08-31,S04,K06,shared_ridge10,15.4096777748,10.7717246661,17.7549992250,0.9000000000
2026-08-31,S04,K07,shared_ridge10,17.4074982699,11.9938823839,22.2835827259,0.9000000000
2026-08-31,S04,K08,shared_ridge10,18.3023823259,11.3736764950,19.9819526390,0.9000000000
2026-08-31,S05,K01,shared_ridge10,10.7182376952,6.0526575431,14.9999767700,0.9000000000
2026-08-31,S05,K02,shared_ridge10,10.5520590147,3.9401056707,15.2300445588,0.9000000000
2026-08-31,S05,K03,shared_ridge10,11.9278518859,4.1867993140,12.7490235347,0.9000000000
2026-08-31,S05,K04,shared_ridge10,12.7606527806,6.0146634947,12.7644984791,0.9000000000
2026-08-31,S05,K05,shared_ridge10,15.8103942715,8.7474994604,15.7736976796,0.9000000000
2026-08-31,S05,K06,shared_ridge10,15.4789686056,11.0203513733,19.1399008595,0.9000000000
2026-08-31,S05,K07,shared_ridge10,18.1683678351,12.0976809468,22.2721157095,0.9000000000
2026-08-31,S05,K08,shared_ridge10,18.6284692824,13.2757260960,19.1232131254,0.9000000000
2026-08-31,S06,K01,shared_ridge10,10.4356289995,5.5586866193,14.0981520935,0.9000000000
2026-08-31,S06,K02,shared_ridge10,10.8672764060,4.9737667559,14.9803441114,0.9000000000
2026-08-31,S06,K03,shared_ridge10,12.9495910163,8.2598204957,15.3852133628,0.9000000000
2026-08-31,S06,K04,shared_ridge10,13.2624417912,5.6161349462,14.5702403345,0.9000000000
2026-08-31,S06,K05,shared_ridge10,15.7443335526,9.9122079722,17.6016013590,0.9000000000
2026-08-31,S06,K06,shared_ridge10,15.9572294752,8.9919519253,16.3307137273,0.9000000000
2026-08-31,S06,K07,shared_ridge10,18.6248895742,9.8010172780,23.2462177173,0.9000000000
2026-08-31,S06,K08,shared_ridge10,18.9545562390,12.9356384690,20.7474018988,0.9000000000
2026-08-31,S07,K01,shared_ridge10,10.9573681300,5.2591138794,15.7435601596,0.9000000000
2026-08-31,S07,K02,shared_ridge10,10.7368416234,4.6119809600,12.1510734836,0.9000000000
2026-08-31,S07,K03,shared_ridge10,13.0691562337,5.7983586647,14.4271741492,0.9000000000
2026-08-31,S07,K04,shared_ridge10,13.6446655844,8.5304946964,16.7635755405,0.9000000000
2026-08-31,S07,K05,shared_ridge10,16.2108815294,10.0863022361,17.6284602634,0.9000000000
2026-08-31,S07,K06,shared_ridge10,16.6202729534,9.5139371230,20.7020716012,0.9000000000
2026-08-31,S07,K07,shared_ridge10,19.5488026177,14.8697684021,22.7324158044,0.9000000000
2026-08-31,S07,K08,shared_ridge10,19.3349910216,10.2456346656,20.3332773234,0.9000000000
2026-08-31,S08,K01,shared_ridge10,11.7617159560,5.9198815953,19.1677789484,0.9000000000
2026-08-31,S08,K02,shared_ridge10,11.3672764060,6.4352618141,13.5504810566,0.9000000000
2026-08-31,S08,K03,shared_ridge10,13.7662788660,7.5770813684,14.4761267278,0.9000000000
2026-08-31,S08,K04,shared_ridge10,14.4146157042,9.3726053647,16.3628652592,0.9000000000
2026-08-31,S08,K05,shared_ridge10,17.5152293554,13.0456761298,21.2591623872,0.9000000000
2026-08-31,S08,K06,shared_ridge10,16.9898381708,12.1131201672,21.6140311686,0.9000000000
2026-08-31,S08,K07,shared_ridge10,19.9509765307,11.3261119088,21.9767728548,0.9000000000
2026-08-31,S08,K08,shared_ridge10,20.6502084129,12.7656151388,23.3532577964,0.9000000000
2026-08-31,S09,K01,shared_ridge10,11.8812811734,4.8977236068,13.0792526886,0.9000000000
2026-08-31,S09,K02,shared_ridge10,11.8237981451,4.4972926507,14.4971575855,0.9000000000
2026-08-31,S09,K03,shared_ridge10,13.7134014983,6.8324693315,17.2752102192,0.9000000000
2026-08-31,S09,K04,shared_ridge10,14.5867397372,9.0448946684,22.6110831229,0.9000000000
2026-08-31,S09,K05,shared_ridge10,17.6891423989,14.8459495218,22.2881518982,0.9000000000
2026-08-31,S09,K06,shared_ridge10,17.7507077360,10.5999341145,18.7430106382,0.9000000000
2026-08-31,S09,K07,shared_ridge10,20.0270634873,10.0444391840,19.9789213582,0.9000000000
2026-08-31,S09,K08,shared_ridge10,21.2915127607,15.0522510928,24.3684473866,0.9000000000
2026-08-31,S10,K01,shared_ridge10,11.6421507386,5.0017690507,16.9559839057,0.9000000000
2026-08-31,S10,K02,shared_ridge10,12.1017874563,4.9364150470,14.9165267114,0.9000000000
2026-08-31,S10,K03,shared_ridge10,14.8329667157,9.2102491363,16.8189465070,0.9000000000
2026-08-31,S10,K04,shared_ridge10,14.6564974058,10.1803140150,16.8412905272,0.9000000000
2026-08-31,S10,K05,shared_ridge10,17.7434902250,12.5908518241,21.9731229345,0.9000000000
2026-08-31,S10,K06,shared_ridge10,18.6202729534,11.6378911857,20.6349181664,0.9000000000
2026-08-31,S10,K07,shared_ridge10,21.2118460960,14.0317886237,23.0346253917,0.9000000000
2026-08-31,S10,K08,shared_ridge10,21.0325068111,13.1782222053,23.3123308024,0.9000000000
2026-08-31,S11,K01,shared_ridge10,12.1530203039,4.4406312157,15.3073313469,0.9000000000
2026-08-31,S11,K02,shared_ridge10,12.7773312961,7.5312792450,14.1848198258,0.9000000000
2026-08-31,S11,K03,shared_ridge10,15.0162788660,10.3913413902,16.9982055649,0.9000000000
2026-08-31,S11,K04,shared_ridge10,15.7325843623,10.5832149042,17.5384197660,0.9000000000
2026-08-31,S11,K05,shared_ridge10,18.6021858772,11.5595216012,23.5896053765,0.9000000000
2026-08-31,S11,K06,shared_ridge10,18.6094033882,11.4039538296,24.0875518616,0.9000000000
2026-08-31,S11,K07,shared_ridge10,21.5814113133,14.8044005816,22.5201965298,0.9000000000
2026-08-31,S11,K08,shared_ridge10,22.3713269484,14.1286778409,27.6286778409,0.9000000000
2026-08-31,S12,K01,shared_ridge10,12.8269333473,6.5253283610,14.9054610911,0.9000000000
2026-08-31,S12,K02,shared_ridge10,13.0180925272,6.3472675192,15.5122828548,0.9000000000
2026-08-31,S12,K03,shared_ridge10,15.3082866685,10.3115543209,15.9184184956,0.9000000000
2026-08-31,S12,K04,shared_ridge10,15.9064974058,9.7491024509,20.3795867048,0.9000000000
2026-08-31,S12,K05,shared_ridge10,18.5260989207,12.8664951646,22.9390318884,0.9000000000
2026-08-31,S12,K06,shared_ridge10,19.1746207795,10.8443674446,20.5061959491,0.9000000000
2026-08-31,S12,K07,shared_ridge10,21.6432345012,16.7177739862,23.9657953147,0.9000000000
2026-08-31,S12,K08,shared_ridge10,22.7408921658,18.1123240546,26.7854043368,0.9000000000
2026-09-01,S01,K01,shared_ridge10,8.4662494043,2.8072557420,13.1513364004,0.9000000000
2026-09-01,S01,K02,shared_ridge10,8.4968243409,3.0145092919,11.0937016846,0.9000000000
2026-09-01,S01,K03,shared_ridge10,10.3935955718,2.2099402281,12.2353022191,0.9000000000
2026-09-01,S01,K04,shared_ridge10,11.3715807691,5.8713104340,15.8702217730,0.9000000000
2026-09-01,S01,K05,shared_ridge10,12.6369986667,8.0172874181,14.5975757392,0.9000000000
2026-09-01,S01,K06,shared_ridge10,13.3194744623,5.9905419437,14.8343592870,0.9000000000
2026-09-01,S01,K07,shared_ridge10,15.5903483165,8.1606279427,15.0226341350,0.9000000000
2026-09-01,S01,K08,shared_ridge10,15.8939503849,9.5393014113,17.5376987774,0.9000000000
2026-09-01,S02,K01,shared_ridge10,9.2569147228,5.0549233295,11.6639450522,0.9000000000
2026-09-01,S02,K02,shared_ridge10,8.5076939062,2.4071151313,11.1762773645,0.9000000000
2026-09-01,S02,K03,shared_ridge10,11.2196825283,7.8839086678,16.1938994042,0.9000000000
2026-09-01,S02,K04,shared_ridge10,11.3824503344,3.8779219301,12.0548520349,0.9000000000
2026-09-01,S02,K05,shared_ridge10,13.7022160580,5.9733750373,14.8679213357,0.9000000000
2026-09-01,S02,K06,shared_ridge10,14.0069797572,8.6833792737,17.7332316246,0.9000000000
2026-09-01,S02,K07,shared_ridge10,15.6406149843,11.0716922710,17.2757776710,0.9000000000
2026-09-01,S02,K08,shared_ridge10,17.0461242979,10.4517332694,20.2212058557,0.9000000000
2026-09-01,S03,K01,shared_ridge10,9.2065952082,3.5708996115,10.4686052812,0.9000000000
2026-09-01,S03,K02,shared_ridge10,9.5946504279,4.3230007546,14.5962202899,0.9000000000
2026-09-01,S03,K03,shared_ridge10,11.5348999196,7.3902901874,14.7687057490,0.9000000000
2026-09-01,S03,K04,shared_ridge10,11.7954938126,4.2274098055,12.6408632920,0.9000000000
2026-09-01,S03,K05,shared_ridge10,14.0400159073,8.7001830154,16.2920215708,0.9000000000
2026-09-01,S03,K06,shared_ridge10,14.2759962014,8.4901731916,14.5978584810,0.9000000000
2026-09-01,S03,K07,shared_ridge10,16.9558323756,11.9650780784,17.2926061224,0.9000000000
2026-09-01,S03,K08,shared_ridge10,16.9156895153,9.4221373421,19.9672319032,0.9000000000
2026-09-01,S04,K01,shared_ridge10,9.7935517299,6.4852416913,11.6637325237,0.9000000000
2026-09-01,S04,K02,shared_ridge10,9.6707373844,4.9917762958,14.3705280360,0.9000000000
2026-09-01,S04,K03,shared_ridge10,12.1001173109,8.5927953968,13.2156396302,0.9000000000
2026-09-01,S04,K04,shared_ridge10,12.6976677257,7.0571678664,14.7282145390,0.9000000000
2026-09-01,S04,K05,shared_ridge10,14.5843374958,10.0483602937,16.2009811172,0.9000000000
2026-09-01,S04,K06,shared_ridge10,15.3602300370,10.7222769283,17.7055514872,0.9000000000
2026-09-01,S04,K07,shared_ridge10,17.1840932452,11.7704773592,22.0601777012,0.9000000000
2026-09-01,S04,K08,shared_ridge10,18.3069938631,11.3782880322,19.9865641762,0.9000000000
2026-09-01,S05,K01,shared_ridge10,10.3913778169,5.7257976648,14.6731168916,0.9000000000
2026-09-01,S05,K02,shared_ridge10,10.1924765149,3.5805231709,14.8704620590,0.9000000000
2026-09-01,S05,K03,shared_ridge10,11.8609868761,4.1199343042,12.6821585250,0.9000000000
2026-09-01,S05,K04,shared_ridge10,12.6713883179,5.9253990320,12.6752340164,0.9000000000
2026-09-01,S05,K05,shared_ridge10,15.4321635827,8.3692687715,15.3954669908,0.9000000000
2026-09-01,S05,K06,shared_ridge10,15.4295208679,10.9709036356,19.0904531218,0.9000000000
2026-09-01,S05,K07,shared_ridge10,17.9449628104,11.8742759221,22.0487106848,0.9000000000
2026-09-01,S05,K08,shared_ridge10,18.6330808196,13.2803376332,19.1278246625,0.9000000000
2026-09-01,S06,K01,shared_ridge10,10.1087691212,5.2318267410,13.7712922152,0.9000000000
2026-09-01,S06,K02,shared_ridge10,10.5076939062,4.6141842561,14.6207616116,0.9000000000
2026-09-01,S06,K03,shared_ridge10,12.8827260065,8.1929554859,15.3183483530,0.9000000000
2026-09-01,S06,K04,shared_ridge10,13.1731773285,5.5268704834,14.4809758718,0.9000000000
2026-09-01,S06,K05,shared_ridge10,15.3661028638,9.5339772834,17.2233706702,0.9000000000
2026-09-01,S06,K06,shared_ridge10,15.9077817374,8.9425041875,16.2812659895,0.9000000000
2026-09-01,S06,K07,shared_ridge10,18.4014845495,9.5776122532,23.0228126926,0.9000000000
2026-09-01,S06,K08,shared_ridge10,18.9591677762,12.9402500063,20.7520134360,0.9000000000
2026-09-01,S07,K01,shared_ridge10,10.6305082516,4.9322540010,15.4167002812,0.9000000000
2026-09-01,S07,K02,shared_ridge10,10.3772591236,4.2523984602,11.7914909838,0.9000000000
2026-09-01,S07,K03,shared_ridge10,13.0022912239,5.7314936549,14.3603091394,0.9000000000
2026-09-01,S07,K04,shared_ridge10,13.5554011216,8.4412302336,16.6743110777,0.9000000000
2026-09-01,S07,K05,shared_ridge10,15.8326508406,9.7080715472,17.2502295745,0.9000000000
2026-09-01,S07,K06,shared_ridge10,16.5708252157,9.4644893854,20.6526238635,0.9000000000
2026-09-01,S07,K07,shared_ridge10,19.3253975930,14.6463633774,22.5090107797,0.9000000000
2026-09-01,S07,K08,shared_ridge10,19.3396025588,10.2502462028,20.3378888606,0.9000000000
2026-09-01,S08,K01,shared_ridge10,11.4348560777,5.5930217170,18.8409190701,0.9000000000
2026-09-01,S08,K02,shared_ridge10,11.0076939062,6.0756793143,13.1908985568,0.9000000000
2026-09-01,S08,K03,shared_ridge10,13.6994138562,7.5102163586,14.4092617180,0.9000000000
2026-09-01,S08,K04,shared_ridge10,14.3253512415,9.2833409020,16.2736007965,0.9000000000
2026-09-01,S08,K05,shared_ridge10,17.1369986667,12.6674454411,20.8809316984,0.9000000000
2026-09-01,S08,K06,shared_ridge10,16.9403904331,12.0636724295,21.5645834308,0.9000000000
2026-09-01,S08,K07,shared_ridge10,19.7275715060,11.1027068840,21.7533678302,0.9000000000
2026-09-01,S08,K08,shared_ridge10,20.6548199501,12.7702266759,23.3578693336,0.9000000000
2026-09-01,S09,K01,shared_ridge10,11.5544212951,4.5708637285,12.7523928102,0.9000000000
2026-09-01,S09,K02,shared_ridge10,11.4642156453,4.1377101509,14.1375750857,0.9000000000
2026-09-01,S09,K03,shared_ridge10,13.6465364885,6.7656043217,17.2083452094,0.9000000000
2026-09-01,S09,K04,shared_ridge10,14.4974752744,8.9556302056,22.5218186601,0.9000000000
2026-09-01,S09,K05,shared_ridge10,17.3109117102,14.4677188332,21.9099212096,0.9000000000
2026-09-01,S09,K06,shared_ridge10,17.7012599983,10.5504863768,18.6935629004,0.9000000000
2026-09-01,S09,K07,shared_ridge10,19.8036584626,9.8210341593,19.7555163335,0.9000000000
2026-09-01,S09,K08,shared_ridge10,21.2961242979,15.0568626300,24.3730589238,0.9000000000
2026-09-01,S10,K01,shared_ridge10,11.3152908603,4.6749091724,16.6291240274,0.9000000000
2026-09-01,S10,K02,shared_ridge10,11.7422049565,4.5768325472,14.5569442116,0.9000000000
2026-09-01,S10,K03,shared_ridge10,14.7661017059,9.1433841265,16.7520814972,0.9000000000
2026-09-01,S10,K04,shared_ridge10,14.5672329431,10.0910495523,16.7520260646,0.9000000000
2026-09-01,S10,K05,shared_ridge10,17.3652595362,12.2126211353,21.5948922457,0.9000000000
2026-09-01,S10,K06,shared_ridge10,18.5708252157,11.5884434480,20.5854704287,0.9000000000
2026-09-01,S10,K07,shared_ridge10,20.9884410713,13.8083835990,22.8112203670,0.9000000000
2026-09-01,S10,K08,shared_ridge10,21.0371183483,13.1828337425,23.3169423396,0.9000000000
2026-09-01,S11,K01,shared_ridge10,11.8261604256,4.1137713374,14.9804714686,0.9000000000
2026-09-01,S11,K02,shared_ridge10,12.4177487963,7.1716967452,13.8252373260,0.9000000000
2026-09-01,S11,K03,shared_ridge10,14.9494138562,10.3244763804,16.9313405551,0.9000000000
2026-09-01,S11,K04,shared_ridge10,15.6433198996,10.4939504414,17.4491553033,0.9000000000
2026-09-01,S11,K05,shared_ridge10,18.2239551884,11.1812909124,23.2113746878,0.9000000000
2026-09-01,S11,K06,shared_ridge10,18.5599556505,11.3545060919,24.0381041240,0.9000000000
2026-09-01,S11,K07,shared_ridge10,21.3580062886,14.5809955570,22.2967915050,0.9000000000
2026-09-01,S11,K08,shared_ridge10,22.3759384856,14.1332893781,27.6332893781,0.9000000000
2026-09-01,S12,K01,shared_ridge10,12.5000734690,6.1984684826,14.5786012128,0.9000000000
2026-09-01,S12,K02,shared_ridge10,12.6585100274,5.9876850194,15.1527003550,0.9000000000
2026-09-01,S12,K03,shared_ridge10,15.2414216587,10.2446893111,15.8515534858,0.9000000000
2026-09-01,S12,K04,shared_ridge10,15.8172329431,9.6598379882,20.2903222421,0.9000000000
2026-09-01,S12,K05,shared_ridge10,18.1478682319,12.4882644758,22.5608011996,0.9000000000
2026-09-01,S12,K06,shared_ridge10,19.1251730418,10.7949197069,20.4567482114,0.9000000000
2026-09-01,S12,K07,shared_ridge10,21.4198294765,16.4943689615,23.7423902900,0.9000000000
2026-09-01,S12,K08,shared_ridge10,22.7455037030,18.1169355918,26.7900158740,0.9000000000
2026-09-02,S01,K01,shared_ridge10,8.0866178477,2.4276241854,12.7717048438,0.9000000000
2026-09-02,S01,K02,shared_ridge10,8.7068667115,3.2245516625,11.3037440552,0.9000000000
2026-09-02,S01,K03,shared_ridge10,10.0973406984,1.9136853547,11.9390473457,0.9000000000
2026-09-02,S01,K04,shared_ridge10,11.0386067351,5.5383364001,15.5372477390,0.9000000000
2026-09-02,S01,K05,shared_ridge10,12.5743196637,7.9546084151,14.5348967362,0.9000000000
2026-09-02,S01,K06,shared_ridge10,12.6672945790,5.3383620604,14.1821794038,0.9000000000
2026-09-02,S01,K07,shared_ridge10,15.4863468088,8.0566264350,14.9186326274,0.9000000000
2026-09-02,S01,K08,shared_ridge10,15.6151790289,9.2605300553,17.2589274214,0.9000000000
2026-09-02,S02,K01,shared_ridge10,8.8772831662,4.6752917729,11.2843134956,0.9000000000
2026-09-02,S02,K02,shared_ridge10,8.7177362768,2.6171575019,11.3863197351,0.9000000000
2026-09-02,S02,K03,shared_ridge10,10.9234276549,7.5876537944,15.8976445308,0.9000000000
2026-09-02,S02,K04,shared_ridge10,11.0494763004,3.5449478961,11.7218780010,0.9000000000
2026-09-02,S02,K05,shared_ridge10,13.6395370550,5.9106960343,14.8052423327,0.9000000000
2026-09-02,S02,K06,shared_ridge10,13.3547998739,8.0311993904,17.0810517414,0.9000000000
2026-09-02,S02,K07,shared_ridge10,15.5366134766,10.9676907634,17.1717761634,0.9000000000
2026-09-02,S02,K08,shared_ridge10,16.7673529420,10.1729619135,19.9424344998,0.9000000000
2026-09-02,S03,K01,shared_ridge10,8.8269636516,3.1912680549,10.0889737246,0.9000000000
2026-09-02,S03,K02,shared_ridge10,9.8046927985,4.5330431252,14.8062626605,0.9000000000
2026-09-02,S03,K03,shared_ridge10,11.2386450462,7.0940353140,14.4724508756,0.9000000000
2026-09-02,S03,K04,shared_ridge10,11.4625197786,3.8944357715,12.3078892580,0.9000000000
2026-09-02,S03,K05,shared_ridge10,13.9773369044,8.6375040125,16.2293425680,0.9000000000
2026-09-02,S03,K06,shared_ridge10,13.6238163181,7.8379933082,13.9456785977,0.9000000000
2026-09-02,S03,K07,shared_ridge10,16.8518308679,11.8610765707,17.1886046147,0.9000000000
2026-09-02,S03,K08,shared_ridge10,16.6369181594,9.1433659862,19.6884605474,0.9000000000
2026-09-02,S04,K01,shared_ridge10,9.4139201733,6.1056101347,11.2841009670,0.9000000000
2026-09-02,S04,K02,shared_ridge10,9.8807797550,5.2018186664,14.5805704066,0.9000000000
2026-09-02,S04,K03,shared_ridge10,11.8038624375,8.2965405234,12.9193847568,0.9000000000
2026-09-02,S04,K04,shared_ridge10,12.3646936917,6.7241938324,14.3952405050,0.9000000000
2026-09-02,S04,K05,shared_ridge10,14.5216584928,9.9856812907,16.1383021142,0.9000000000
2026-09-02,S04,K06,shared_ridge10,14.7080501537,10.0700970450,17.0533716039,0.9000000000
2026-09-02,S04,K07,shared_ridge10,17.0800917375,11.6664758515,21.9561761936,0.9000000000
2026-09-02,S04,K08,shared_ridge10,18.0282225072,11.0995166763,19.7077928203,0.9000000000
2026-09-02,S05,K01,shared_ridge10,10.0117462603,5.3461661082,14.2934853350,0.9000000000
2026-09-02,S05,K02,shared_ridge10,10.4025188855,3.7905655415,15.0805044296,0.9000000000
2026-09-02,S05,K03,shared_ridge10,11.5647320027,3.8236794308,12.3859036515,0.9000000000
2026-09-02,S05,K04,shared_ridge10,12.3384142839,5.5924249980,12.3422599824,0.9000000000
2026-09-02,S05,K05,shared_ridge10,15.3694845798,8.3065897686,15.3327879879,0.9000000000
2026-09-02,S05,K06,shared_ridge10,14.7773409845,10.3187237522,18.4382732384,0.9000000000
2026-09-02,S05,K07,shared_ridge10,17.8409613027,11.7702744144,21.9447091771,0.9000000000
2026-09-02,S05,K08,shared_ridge10,18.3543094637,13.0015662774,18.8490533066,0.9000000000
2026-09-02,S06,K01,shared_ridge10,9.7291375646,4.8521951844,13.3916606586,0.9000000000
2026-09-02,S06,K02,shared_ridge10,10.7177362768,4.8242266267,14.8308039822,0.9000000000
2026-09-02,S06,K03,shared_ridge10,12.5864711332,7.8967006126,15.0220934797,0.9000000000
2026-09-02,S06,K04,shared_ridge10,12.8402032945,5.1938964494,14.1480018378,0.9000000000
2026-09-02,S06,K05,shared_ridge10,15.3034238609,9.4712982806,17.1606916672,0.9000000000
2026-09-02,S06,K06,shared_ridge10,15.2556018541,8.2903243042,15.6290861062,0.9000000000
2026-09-02,S06,K07,shared_ridge10,18.2974830418,9.4736107456,22.9188111849,0.9000000000
2026-09-02,S06,K08,shared_ridge10,18.6803964202,12.6614786503,20.4732420800,0.9000000000
2026-09-02,S07,K01,shared_ridge10,10.2508766950,4.5526224444,15.0370687247,0.9000000000
2026-09-02,S07,K02,shared_ridge10,10.5873014942,4.4624408308,12.0015333544,0.9000000000
2026-09-02,S07,K03,shared_ridge10,12.7060363506,5.4352387816,14.0640542661,0.9000000000
2026-09-02,S07,K04,shared_ridge10,13.2224270876,8.1082561996,16.3413370437,0.9000000000
2026-09-02,S07,K05,shared_ridge10,15.7699718377,9.6453925443,17.1875505716,0.9000000000
2026-09-02,S07,K06,shared_ridge10,15.9186453324,8.8123095020,20.0004439802,0.9000000000
2026-09-02,S07,K07,shared_ridge10,19.2213960853,14.5423618697,22.4050092720,0.9000000000
2026-09-02,S07,K08,shared_ridge10,19.0608312029,9.9714748470,20.0591175047,0.9000000000
2026-09-02,S08,K01,shared_ridge10,11.0552245211,5.2133901604,18.4612875135,0.9000000000
2026-09-02,S08,K02,shared_ridge10,11.2177362768,6.2857216849,13.4009409274,0.9000000000
2026-09-02,S08,K03,shared_ridge10,13.4031589829,7.2139614854,14.1130068448,0.9000000000
2026-09-02,S08,K04,shared_ridge10,13.9923772075,8.9503668680,15.9406267625,0.9000000000
2026-09-02,S08,K05,shared_ridge10,17.0743196637,12.6047664382,20.8182526954,0.9000000000
2026-09-02,S08,K06,shared_ridge10,16.2882105498,11.4114925462,20.9124035476,0.9000000000
2026-09-02,S08,K07,shared_ridge10,19.6235699983,10.9987053764,21.6493663224,0.9000000000
2026-09-02,S08,K08,shared_ridge10,20.3760485942,12.4914553201,23.0790979778,0.9000000000
2026-09-02,S09,K01,shared_ridge10,11.1747897385,4.1912321719,12.3727612536,0.9000000000
2026-09-02,S09,K02,shared_ridge10,11.6742580159,4.3477525215,14.3476174563,0.9000000000
2026-09-02,S09,K03,shared_ridge10,13.3502816152,6.4693494484,16.9120903361,0.9000000000
2026-09-02,S09,K04,shared_ridge10,14.1645012404,8.6226561716,22.1888446261,0.9000000000
2026-09-02,S09,K05,shared_ridge10,17.2482327072,14.4050398302,21.8472422066,0.9000000000
2026-09-02,S09,K06,shared_ridge10,17.0490801150,9.8983064935,18.0413830172,0.9000000000
2026-09-02,S09,K07,shared_ridge10,19.6996569549,9.7170326516,19.6515148258,0.9000000000
2026-09-02,S09,K08,shared_ridge10,21.0173529420,14.7780912740,24.0942875679,0.9000000000
2026-09-02,S10,K01,shared_ridge10,10.9356593037,4.2952776158,16.2494924708,0.9000000000
2026-09-02,S10,K02,shared_ridge10,11.9522473271,4.7868749178,14.7669865822,0.9000000000
2026-09-02,S10,K03,shared_ridge10,14.4698468326,8.8471292532,16.4558266240,0.9000000000
2026-09-02,S10,K04,shared_ridge10,14.2342589091,9.7580755183,16.4190520306,0.9000000000
2026-09-02,S10,K05,shared_ridge10,17.3025805333,12.1499421324,21.5322132428,0.9000000000
2026-09-02,S10,K06,shared_ridge10,17.9186453324,10.9362635647,19.9332905454,0.9000000000
2026-09-02,S10,K07,shared_ridge10,20.8844395636,13.7043820913,22.7072188593,0.9000000000
2026-09-02,S10,K08,shared_ridge10,20.7583469924,12.9040623866,23.0381709838,0.9000000000
2026-09-02,S11,K01,shared_ridge10,11.4465288690,3.7341397808,14.6008399120,0.9000000000
2026-09-02,S11,K02,shared_ridge10,12.6277911669,7.3817391158,14.0352796966,0.9000000000
2026-09-02,S11,K03,shared_ridge10,14.6531589829,10.0282215071,16.6350856818,0.9000000000
2026-09-02,S11,K04,shared_ridge10,15.3103458656,10.1609764074,17.1161812692,0.9000000000
2026-09-02,S11,K05,shared_ridge10,18.1612761855,11.1186119095,23.1486956848,0.9000000000
2026-09-02,S11,K06,shared_ridge10,17.9077757671,10.7023262084,23.3859242405,0.9000000000
2026-09-02,S11,K07,shared_ridge10,21.2540047810,14.4769940494,22.1927899974,0.9000000000
2026-09-02,S11,K08,shared_ridge10,22.0971671297,13.8545180222,27.3545180222,0.9000000000
2026-09-02,S12,K01,shared_ridge10,12.1204419124,5.8188369260,14.1989696562,0.9000000000
2026-09-02,S12,K02,shared_ridge10,12.8685523980,6.1977273900,15.3627427256,0.9000000000
2026-09-02,S12,K03,shared_ridge10,14.9451667853,9.9484344377,15.5552986124,0.9000000000
2026-09-02,S12,K04,shared_ridge10,15.4842589091,9.3268639542,19.9573482081,0.9000000000
2026-09-02,S12,K05,shared_ridge10,18.0851892290,12.4255854730,22.4981221967,0.9000000000
2026-09-02,S12,K06,shared_ridge10,18.4729931585,10.1427398236,19.8045683281,0.9000000000
2026-09-02,S12,K07,shared_ridge10,21.3158279688,16.3903674538,23.6383887824,0.9000000000
2026-09-02,S12,K08,shared_ridge10,22.4667323471,17.8381642359,26.5112445182,0.9000000000
