service_date,store_id,item_id,weekday_monday_zero,holiday,zone_id,discount_fraction,announced_at,promo_raw_row,promo_raw_hash,promo_known,rain_mm,weather_available_at,weather_raw_row,weather_known,time30,origin
2026-08-20,S01,K01,3,0,Z1,0.1200000000,2026-08-10 12:00:00+08:00,10658.0000000000,536cf87bddd565b9d21e25a104a8c9c8b609b694e01b8380bab9e961c88b7bc8,1,13.6800000000,2026-08-19 16:00:00+08:00,668.0000000000,1,3.7000000000,2026-08-19T18:00:00+08:00
2026-08-20,S01,K02,3,0,Z1,0.0000000000,2026-08-10 12:00:00+08:00,10659.0000000000,c0849210403bcd281a5188c6f1442a88cbcde786f358611258c46436b22af558,1,13.6800000000,2026-08-19 16:00:00+08:00,668.0000000000,1,3.7000000000,2026-08-19T18:00:00+08:00
2026-08-20,S01,K03,3,0,Z1,0.0000000000,2026-08-10 12:00:00+08:00,10660.0000000000,4f05f2f7dd5aee1efcae4f796cf46d04f8fc610ee4fcb295d1567320ed2a0270,1,13.6800000000,2026-08-19 16:00:00+08:00,668.0000000000,1,3.7000000000,2026-08-19T18:00:00+08:00
2026-08-20,S01,K04,3,0,Z1,0.0000000000,2026-08-10 12:00:00+08:00,10661.0000000000,0295f6cfcd1ecf11ea97244f40a346c61e2cc49ad93c061da4fb68011abec539,1,13.6800000000,2026-08-19 16:00:00+08:00,668.0000000000,1,3.7000000000,2026-08-19T18:00:00+08:00
2026-08-20,S01,K05,3,0,Z1,0.0000000000,2026-08-10 12:00:00+08:00,10662.0000000000,e74fc8a7a22d1a927855bf18cd766b7f81515d3dafc67cc25e23f3fdafe56c92,1,13.6800000000,2026-08-19 16:00:00+08:00,668.0000000000,1,3.7000000000,2026-08-19T18:00:00+08:00
2026-08-20,S01,K06,3,0,Z1,0.0000000000,2026-08-10 12:00:00+08:00,10663.0000000000,031c5f85bc9951bb60a6740fd8aef8b8d753902cfc9ccd9e74190e7dedddde1a,1,13.6800000000,2026-08-19 16:00:00+08:00,668.0000000000,1,3.7000000000,2026-08-19T18:00:00+08:00
2026-08-20,S01,K07,3,0,Z1,0.1200000000,2026-08-10 12:00:00+08:00,10664.0000000000,3e494fb16b1cb96c9a5076ff07a0d7672ae53849880cfefab0c5c52e8ce41145,1,13.6800000000,2026-08-19 16:00:00+08:00,668.0000000000,1,3.7000000000,2026-08-19T18:00:00+08:00
2026-08-20,S01,K08,3,0,Z1,0.0000000000,2026-08-10 12:00:00+08:00,10665.0000000000,e0b1d4b52195bc83d31c0435e5f1d48660c3c4aa97bdb5fab21ab8c91120f265,1,13.6800000000,2026-08-19 16:00:00+08:00,668.0000000000,1,3.7000000000,2026-08-19T18:00:00+08:00
2026-08-20,S02,K01,3,0,Z1,0.1200000000,2026-08-10 12:00:00+08:00,10666.0000000000,a1e8cef3b675a792b536c0d63817c520261583eb64a65199253f6d7dbf3ef0d1,1,13.6800000000,2026-08-19 16:00:00+08:00,668.0000000000,1,3.7000000000,2026-08-19T18:00:00+08:00
2026-08-20,S02,K02,3,0,Z1,0.0000000000,2026-08-10 12:00:00+08:00,10667.0000000000,2b7beefc81137c0e36eb3d31494e8a2effad785dded10f4dd129cb9a1c57c263,1,13.6800000000,2026-08-19 16:00:00+08:00,668.0000000000,1,3.7000000000,2026-08-19T18:00:00+08:00
2026-08-20,S02,K03,3,0,Z1,0.0000000000,2026-08-10 12:00:00+08:00,10668.0000000000,5ad5979860a2cd94f482ff1080535f909ad0e702ec68e4673ce12fe6999a0c09,1,13.6800000000,2026-08-19 16:00:00+08:00,668.0000000000,1,3.7000000000,2026-08-19T18:00:00+08:00
2026-08-20,S02,K04,3,0,Z1,0.0000000000,2026-08-10 12:00:00+08:00,10669.0000000000,b57053d0af179c407af3cad7428a98fee4ec02bec4fb0d578cadedcf80b2d1d6,1,13.6800000000,2026-08-19 16:00:00+08:00,668.0000000000,1,3.7000000000,2026-08-19T18:00:00+08:00
2026-08-20,S02,K05,3,0,Z1,0.0000000000,2026-08-10 12:00:00+08:00,10670.0000000000,e370ce170ff3625d02ac714c8c50be3f64deb0c136169ce2b1f72f1f063308f9,1,13.6800000000,2026-08-19 16:00:00+08:00,668.0000000000,1,3.7000000000,2026-08-19T18:00:00+08:00
2026-08-20,S02,K06,3,0,Z1,0.1200000000,2026-08-10 12:00:00+08:00,10671.0000000000,55834570bde90a99133c324f0a8d9f8e14e78e78aa5d0725e583c7ca08f1b35d,1,13.6800000000,2026-08-19 16:00:00+08:00,668.0000000000,1,3.7000000000,2026-08-19T18:00:00+08:00
2026-08-20,S02,K07,3,0,Z1,0.0000000000,2026-08-10 12:00:00+08:00,10672.0000000000,9d156ef24d369ad536fbbf57453df589affbec695b155b289d059152a316cc1b,1,13.6800000000,2026-08-19 16:00:00+08:00,668.0000000000,1,3.7000000000,2026-08-19T18:00:00+08:00
2026-08-20,S02,K08,3,0,Z1,0.0000000000,2026-08-10 12:00:00+08:00,10673.0000000000,2d6d6f6af1033c24aa4926455ecc50251a25b643b4adbf1a80653743ee3b6c09,1,13.6800000000,2026-08-19 16:00:00+08:00,668.0000000000,1,3.7000000000,2026-08-19T18:00:00+08:00
2026-08-20,S03,K01,3,0,Z1,0.0000000000,2026-08-10 12:00:00+08:00,10674.0000000000,ad31ef1adcbbf04699247c7dee0679c2833ce0b4561a56d4cc731272d4b45a44,1,13.6800000000,2026-08-19 16:00:00+08:00,668.0000000000,1,3.7000000000,2026-08-19T18:00:00+08:00
2026-08-20,S03,K02,3,0,Z1,0.0000000000,2026-08-10 12:00:00+08:00,10675.0000000000,6bc8666717df50b80bc6fb345d4f0cb67de13f759f9108cfa09a2b49c252f9e4,1,13.6800000000,2026-08-19 16:00:00+08:00,668.0000000000,1,3.7000000000,2026-08-19T18:00:00+08:00
2026-08-20,S03,K03,3,0,Z1,0.0000000000,2026-08-10 12:00:00+08:00,10676.0000000000,5fc4be2a20ba1aa10d846c2f1c308fa9cefa87afc7727fa04cabadf963f2958e,1,13.6800000000,2026-08-19 16:00:00+08:00,668.0000000000,1,3.7000000000,2026-08-19T18:00:00+08:00
2026-08-20,S03,K04,3,0,Z1,0.0000000000,2026-08-10 12:00:00+08:00,10677.0000000000,48a96aeb01f18f791adbe6fd5f6a29119f5d1ae20898fefcdb6f723b5cf6b532,1,13.6800000000,2026-08-19 16:00:00+08:00,668.0000000000,1,3.7000000000,2026-08-19T18:00:00+08:00
2026-08-20,S03,K05,3,0,Z1,0.0000000000,2026-08-10 12:00:00+08:00,10678.0000000000,d6e3a334b82741e3991e987de6ba87a3dfc05427356db47c211b889855541301,1,13.6800000000,2026-08-19 16:00:00+08:00,668.0000000000,1,3.7000000000,2026-08-19T18:00:00+08:00
2026-08-20,S03,K06,3,0,Z1,0.1200000000,2026-08-10 12:00:00+08:00,10679.0000000000,280ef6bb31adc8b91cf3215371c258407d676dd7444f87287590997a1c26676f,1,13.6800000000,2026-08-19 16:00:00+08:00,668.0000000000,1,3.7000000000,2026-08-19T18:00:00+08:00
2026-08-20,S03,K07,3,0,Z1,0.0000000000,2026-08-10 12:00:00+08:00,10680.0000000000,b2dafdc55c2b58a3544e407104f5d9ce87d0730466a67a367127ccd0bcff856a,1,13.6800000000,2026-08-19 16:00:00+08:00,668.0000000000,1,3.7000000000,2026-08-19T18:00:00+08:00
2026-08-20,S03,K08,3,0,Z1,0.0000000000,2026-08-10 12:00:00+08:00,10681.0000000000,6c2f8a90bd097d40471b9f9c5e93820d6b3bdfe95903f4b6d9e937cfe2bdc2ec,1,13.6800000000,2026-08-19 16:00:00+08:00,668.0000000000,1,3.7000000000,2026-08-19T18:00:00+08:00
2026-08-20,S04,K01,3,0,Z1,0.0000000000,2026-08-10 12:00:00+08:00,10682.0000000000,6b84130ef23ed0e2d1a670fed705282faee7ff4dfa7cf48641af8cdfe4c3d391,1,13.6800000000,2026-08-19 16:00:00+08:00,668.0000000000,1,3.7000000000,2026-08-19T18:00:00+08:00
2026-08-20,S04,K02,3,0,Z1,0.0000000000,2026-08-10 12:00:00+08:00,10683.0000000000,6beccd9a0ae6c5c7e7962ec49a79c83cea54211b56150fc684b2588cd9ee16ab,1,13.6800000000,2026-08-19 16:00:00+08:00,668.0000000000,1,3.7000000000,2026-08-19T18:00:00+08:00
2026-08-20,S04,K03,3,0,Z1,0.0000000000,2026-08-10 12:00:00+08:00,10684.0000000000,f8e2c4e653c9634d0874e123ab9a5b24703311f7a145709cdd20d7a054d09053,1,13.6800000000,2026-08-19 16:00:00+08:00,668.0000000000,1,3.7000000000,2026-08-19T18:00:00+08:00
2026-08-20,S04,K04,3,0,Z1,0.0000000000,2026-08-10 12:00:00+08:00,10685.0000000000,bcb752786935722137904e36df023a5466a7fae9348ead2aa179055674f368ff,1,13.6800000000,2026-08-19 16:00:00+08:00,668.0000000000,1,3.7000000000,2026-08-19T18:00:00+08:00
2026-08-20,S04,K05,3,0,Z1,0.0000000000,2026-08-10 12:00:00+08:00,10686.0000000000,e1ff936007168042d1ddf1bbf215f1341be4d7027cac3d5f095180560f171735,1,13.6800000000,2026-08-19 16:00:00+08:00,668.0000000000,1,3.7000000000,2026-08-19T18:00:00+08:00
2026-08-20,S04,K06,3,0,Z1,0.1200000000,2026-08-10 12:00:00+08:00,10687.0000000000,e44da748d3365c7469acb30d89572a55ca496731d2e9e2172e5761d27728c36e,1,13.6800000000,2026-08-19 16:00:00+08:00,668.0000000000,1,3.7000000000,2026-08-19T18:00:00+08:00
2026-08-20,S04,K07,3,0,Z1,0.0000000000,2026-08-10 12:00:00+08:00,10688.0000000000,802ed1421c8d7ffecca5e798aebd385434dcfb665bc196ba992e116de36efe42,1,13.6800000000,2026-08-19 16:00:00+08:00,668.0000000000,1,3.7000000000,2026-08-19T18:00:00+08:00
2026-08-20,S04,K08,3,0,Z1,0.0000000000,2026-08-10 12:00:00+08:00,10689.0000000000,ba7f98e6d30f39cfab914328cd978a44ae284d0fe610df86ad5042f99a5b34c7,1,13.6800000000,2026-08-19 16:00:00+08:00,668.0000000000,1,3.7000000000,2026-08-19T18:00:00+08:00
2026-08-20,S05,K01,3,0,Z2,0.0000000000,2026-08-10 12:00:00+08:00,10690.0000000000,ede4dbd7793c2513b5ce3b5a7cc301291010da2ff59ee3436098d55f19a35e21,1,9.1300000000,2026-08-19 16:00:00+08:00,670.0000000000,1,3.7000000000,2026-08-19T18:00:00+08:00
2026-08-20,S05,K02,3,0,Z2,0.0000000000,2026-08-10 12:00:00+08:00,10691.0000000000,afa0567d34ecc6b7f041059978d6667f8cedb8939e2ba147a1cefdf59c337b44,1,9.1300000000,2026-08-19 16:00:00+08:00,670.0000000000,1,3.7000000000,2026-08-19T18:00:00+08:00
2026-08-20,S05,K03,3,0,Z2,0.0000000000,2026-08-10 12:00:00+08:00,10692.0000000000,4f538420b64a165f42d49849e28d201a54d3c992c127f24e8f496f22c469f77d,1,9.1300000000,2026-08-19 16:00:00+08:00,670.0000000000,1,3.7000000000,2026-08-19T18:00:00+08:00
2026-08-20,S05,K04,3,0,Z2,0.0000000000,2026-08-10 12:00:00+08:00,10693.0000000000,36f172902822cadc69b467881f4db9c2c7c9b5510a9b89394fc2dcf42d74d337,1,9.1300000000,2026-08-19 16:00:00+08:00,670.0000000000,1,3.7000000000,2026-08-19T18:00:00+08:00
2026-08-20,S05,K05,3,0,Z2,0.1200000000,2026-08-10 12:00:00+08:00,10694.0000000000,c19f943f10df3f1cb3bdba5e4f5f0e63f7a6239a77c08c1df3f8c32a4f78ad94,1,9.1300000000,2026-08-19 16:00:00+08:00,670.0000000000,1,3.7000000000,2026-08-19T18:00:00+08:00
2026-08-20,S05,K06,3,0,Z2,0.0000000000,2026-08-10 12:00:00+08:00,10695.0000000000,4a038e942aa636226b650c93fd870585d44494bcbbe2dc3ceac1d745a8b00764,1,9.1300000000,2026-08-19 16:00:00+08:00,670.0000000000,1,3.7000000000,2026-08-19T18:00:00+08:00
2026-08-20,S05,K07,3,0,Z2,0.0000000000,2026-08-10 12:00:00+08:00,10696.0000000000,ce7c184ffdf8fbe94647161a2572d22242d4ede77e9f7528d8f2d866b2752643,1,9.1300000000,2026-08-19 16:00:00+08:00,670.0000000000,1,3.7000000000,2026-08-19T18:00:00+08:00
2026-08-20,S05,K08,3,0,Z2,0.0000000000,2026-08-10 12:00:00+08:00,10697.0000000000,f4161a8b4a6fcc25bfca24c1fbcf1320dae8b2eac644d8787baa4a561eb8b29e,1,9.1300000000,2026-08-19 16:00:00+08:00,670.0000000000,1,3.7000000000,2026-08-19T18:00:00+08:00
2026-08-20,S06,K01,3,0,Z2,0.0000000000,2026-08-10 12:00:00+08:00,10698.0000000000,cd260fa82cf4b325cc8a18895f44ff86bb9252184790b19e6b65aa910f4e91ca,1,9.1300000000,2026-08-19 16:00:00+08:00,670.0000000000,1,3.7000000000,2026-08-19T18:00:00+08:00
2026-08-20,S06,K02,3,0,Z2,0.0000000000,2026-08-10 12:00:00+08:00,10699.0000000000,3457403e7293507395aa2d69e6bda6947766ba123188d50282856cc5ac0ebf68,1,9.1300000000,2026-08-19 16:00:00+08:00,670.0000000000,1,3.7000000000,2026-08-19T18:00:00+08:00
2026-08-20,S06,K03,3,0,Z2,0.0000000000,2026-08-10 12:00:00+08:00,10700.0000000000,6c2b3dcda327d2f36d91712603382e9e071159856096383f59d9396055829d32,1,9.1300000000,2026-08-19 16:00:00+08:00,670.0000000000,1,3.7000000000,2026-08-19T18:00:00+08:00
2026-08-20,S06,K04,3,0,Z2,0.0000000000,2026-08-10 12:00:00+08:00,10701.0000000000,57d01a04d73afe4ec8ebce0ce0c4b7c86c8a287dbac84eb45b1df9cbabd06afa,1,9.1300000000,2026-08-19 16:00:00+08:00,670.0000000000,1,3.7000000000,2026-08-19T18:00:00+08:00
2026-08-20,S06,K05,3,0,Z2,0.1200000000,2026-08-10 12:00:00+08:00,10702.0000000000,d5e93c5012252273d1083e1f93a6d4e8c2a063b27b7491d95690f449891ee73e,1,9.1300000000,2026-08-19 16:00:00+08:00,670.0000000000,1,3.7000000000,2026-08-19T18:00:00+08:00
2026-08-20,S06,K06,3,0,Z2,0.0000000000,2026-08-10 12:00:00+08:00,10703.0000000000,29ce342c4a4d27468e68644b0caab6f4a7182b2bf986211b9356aac2cbed01a1,1,9.1300000000,2026-08-19 16:00:00+08:00,670.0000000000,1,3.7000000000,2026-08-19T18:00:00+08:00
2026-08-20,S06,K07,3,0,Z2,0.0000000000,2026-08-10 12:00:00+08:00,10704.0000000000,2fa269ed6b12c412a247330d2259f4db3227c32b4053ded1e8c10f11ebf43ccb,1,9.1300000000,2026-08-19 16:00:00+08:00,670.0000000000,1,3.7000000000,2026-08-19T18:00:00+08:00
2026-08-20,S06,K08,3,0,Z2,0.0000000000,2026-08-10 12:00:00+08:00,10705.0000000000,453123670140cee18a269671d0d345a57a798f528b91124639c508beaee83ae6,1,9.1300000000,2026-08-19 16:00:00+08:00,670.0000000000,1,3.7000000000,2026-08-19T18:00:00+08:00
2026-08-20,S07,K01,3,0,Z2,0.0000000000,2026-08-10 12:00:00+08:00,10706.0000000000,c619f5b48cd87f92bf2fec55801a497582f83cadc6b7f52a4bdce884f399a94c,1,9.1300000000,2026-08-19 16:00:00+08:00,670.0000000000,1,3.7000000000,2026-08-19T18:00:00+08:00
2026-08-20,S07,K02,3,0,Z2,0.0000000000,2026-08-10 12:00:00+08:00,10707.0000000000,5815c3ca8cb620370bfba3420398ac7ab3a31fb03508e58fb91eb0c8bb3321e3,1,9.1300000000,2026-08-19 16:00:00+08:00,670.0000000000,1,3.7000000000,2026-08-19T18:00:00+08:00
2026-08-20,S07,K03,3,0,Z2,0.0000000000,2026-08-10 12:00:00+08:00,10708.0000000000,2517becfdc9d43004703225f86757f98aa944e3fb442bc006e9d519ff8031b7a,1,9.1300000000,2026-08-19 16:00:00+08:00,670.0000000000,1,3.7000000000,2026-08-19T18:00:00+08:00
2026-08-20,S07,K04,3,0,Z2,0.1200000000,2026-08-10 12:00:00+08:00,10709.0000000000,3893c7e4908d151ed404d674ad26e00f7456672e0fbf2c928ea5a391f75c0d95,1,9.1300000000,2026-08-19 16:00:00+08:00,670.0000000000,1,3.7000000000,2026-08-19T18:00:00+08:00
2026-08-20,S07,K05,3,0,Z2,0.0000000000,2026-08-10 12:00:00+08:00,10710.0000000000,bf247aeedef08664af687f0b7b9c2a860ffdafd3a04ef057f1846c652576a7ea,1,9.1300000000,2026-08-19 16:00:00+08:00,670.0000000000,1,3.7000000000,2026-08-19T18:00:00+08:00
2026-08-20,S07,K06,3,0,Z2,0.0000000000,2026-08-10 12:00:00+08:00,10711.0000000000,ccd99c7b14b1046b6f456bc81d05c5bfedafa0645cbd95eac763970ab93dc5b0,1,9.1300000000,2026-08-19 16:00:00+08:00,670.0000000000,1,3.7000000000,2026-08-19T18:00:00+08:00
2026-08-20,S07,K07,3,0,Z2,0.0000000000,2026-08-10 12:00:00+08:00,10712.0000000000,873935d28daa57f766f060c2bb76d032c88e78d33d9378f1acbc35f6fbf58725,1,9.1300000000,2026-08-19 16:00:00+08:00,670.0000000000,1,3.7000000000,2026-08-19T18:00:00+08:00
2026-08-20,S07,K08,3,0,Z2,0.0000000000,2026-08-10 12:00:00+08:00,10713.0000000000,b1daed5c202a1acfefe9bf68abc832ee25c761c5af8f6f3b50ad6c1e90c7aab0,1,9.1300000000,2026-08-19 16:00:00+08:00,670.0000000000,1,3.7000000000,2026-08-19T18:00:00+08:00
2026-08-20,S08,K01,3,0,Z2,0.0000000000,2026-08-10 12:00:00+08:00,10714.0000000000,6d815042c3049c25c4c471433faedc3c30d0f3527a2abea1673356fbfd1ca4fc,1,9.1300000000,2026-08-19 16:00:00+08:00,670.0000000000,1,3.7000000000,2026-08-19T18:00:00+08:00
2026-08-20,S08,K02,3,0,Z2,0.0000000000,2026-08-10 12:00:00+08:00,10715.0000000000,2d7c03513154fd471ce6bc8eb899e775ff7335795e1735f3bd4494206464b80f,1,9.1300000000,2026-08-19 16:00:00+08:00,670.0000000000,1,3.7000000000,2026-08-19T18:00:00+08:00
2026-08-20,S08,K03,3,0,Z2,0.0000000000,2026-08-10 12:00:00+08:00,10716.0000000000,34462f59bac9d41b6e0a7f57f2ffb6f17c0eace40aac2d5ad154446e0ff08e0c,1,9.1300000000,2026-08-19 16:00:00+08:00,670.0000000000,1,3.7000000000,2026-08-19T18:00:00+08:00
2026-08-20,S08,K04,3,0,Z2,0.1200000000,2026-08-10 12:00:00+08:00,10717.0000000000,2a4fd28f4ff9366e165f72269f5f2292e9bb61912a89e887f1dc0f72f05e10a5,1,9.1300000000,2026-08-19 16:00:00+08:00,670.0000000000,1,3.7000000000,2026-08-19T18:00:00+08:00
2026-08-20,S08,K05,3,0,Z2,0.0000000000,2026-08-10 12:00:00+08:00,10718.0000000000,a8f8b07a67106435a149a2671a3fd85ab4b5c6b925da43be84e214e35b39f9ed,1,9.1300000000,2026-08-19 16:00:00+08:00,670.0000000000,1,3.7000000000,2026-08-19T18:00:00+08:00
2026-08-20,S08,K06,3,0,Z2,0.0000000000,2026-08-10 12:00:00+08:00,10719.0000000000,549c2b1aed1f04a9468df0eaab9c7c91740358817490d39e047686d3d5a87c07,1,9.1300000000,2026-08-19 16:00:00+08:00,670.0000000000,1,3.7000000000,2026-08-19T18:00:00+08:00
2026-08-20,S08,K07,3,0,Z2,0.0000000000,2026-08-10 12:00:00+08:00,10720.0000000000,2e27db0d5060b36e559572871f0738861b5741fd135eea15740f5de5e8f95c90,1,9.1300000000,2026-08-19 16:00:00+08:00,670.0000000000,1,3.7000000000,2026-08-19T18:00:00+08:00
2026-08-20,S08,K08,3,0,Z2,0.0000000000,2026-08-10 12:00:00+08:00,10721.0000000000,8d24cb3d570808ec6af02bf054b1ae381070bf802bca5518b0c7788482309c29,1,9.1300000000,2026-08-19 16:00:00+08:00,670.0000000000,1,3.7000000000,2026-08-19T18:00:00+08:00
2026-08-20,S09,K01,3,0,Z3,0.0000000000,2026-08-10 12:00:00+08:00,10722.0000000000,8e237dfeded007a96a38cde4118caa08799432a2b6cd41748c419444541f03dc,1,6.6100000000,2026-08-19 16:00:00+08:00,672.0000000000,1,3.7000000000,2026-08-19T18:00:00+08:00
2026-08-20,S09,K02,3,0,Z3,0.0000000000,2026-08-10 12:00:00+08:00,10723.0000000000,b1dc67355679305ed7a49e746e87c134af099fbfcc6483badfdaef4e1e7e6d6f,1,6.6100000000,2026-08-19 16:00:00+08:00,672.0000000000,1,3.7000000000,2026-08-19T18:00:00+08:00
2026-08-20,S09,K03,3,0,Z3,0.0000000000,2026-08-10 12:00:00+08:00,10724.0000000000,63102b4c5bed31751267c994c5415d1666f493f4465dbdedfc35f4a62fdac749,1,6.6100000000,2026-08-19 16:00:00+08:00,672.0000000000,1,3.7000000000,2026-08-19T18:00:00+08:00
2026-08-20,S09,K04,3,0,Z3,0.1200000000,2026-08-10 12:00:00+08:00,10725.0000000000,b8889647694706e4236dfdf3a1d0f08c56592f157437baea6c8064bcfd025752,1,6.6100000000,2026-08-19 16:00:00+08:00,672.0000000000,1,3.7000000000,2026-08-19T18:00:00+08:00
2026-08-20,S09,K05,3,0,Z3,0.0000000000,2026-08-10 12:00:00+08:00,10726.0000000000,21f1cfa37ff5dfd13a90c70e8600efca39a8262d7ed3f8041f9813544511958f,1,6.6100000000,2026-08-19 16:00:00+08:00,672.0000000000,1,3.7000000000,2026-08-19T18:00:00+08:00
2026-08-20,S09,K06,3,0,Z3,0.0000000000,2026-08-10 12:00:00+08:00,10727.0000000000,8bfac48f19372647cf91379f2ae6290c67937753bcad1ee008e21f2673d99aa6,1,6.6100000000,2026-08-19 16:00:00+08:00,672.0000000000,1,3.7000000000,2026-08-19T18:00:00+08:00
2026-08-20,S09,K07,3,0,Z3,0.0000000000,2026-08-10 12:00:00+08:00,10728.0000000000,79d8ee6fd7b774c4c3999f7ad87e9cbb639ce0e6defd5c11e2e895c85f48b9bb,1,6.6100000000,2026-08-19 16:00:00+08:00,672.0000000000,1,3.7000000000,2026-08-19T18:00:00+08:00
2026-08-20,S09,K08,3,0,Z3,0.0000000000,2026-08-10 12:00:00+08:00,10729.0000000000,2e597901a0b5b5e71c426fb8f359fa35a9001a6b93cae27897a45d23750c936e,1,6.6100000000,2026-08-19 16:00:00+08:00,672.0000000000,1,3.7000000000,2026-08-19T18:00:00+08:00
2026-08-20,S10,K01,3,0,Z3,0.0000000000,2026-08-10 12:00:00+08:00,10730.0000000000,b57f173b80a4d2ec8c3cb881517dde8521044d2e9f6c26b2ab1390b99601e917,1,6.6100000000,2026-08-19 16:00:00+08:00,672.0000000000,1,3.7000000000,2026-08-19T18:00:00+08:00
2026-08-20,S10,K02,3,0,Z3,0.0000000000,2026-08-10 12:00:00+08:00,10731.0000000000,2133fc676a61b1c6d4b923fb5684792eb536aa1e8c36599ee3aa1c477390c110,1,6.6100000000,2026-08-19 16:00:00+08:00,672.0000000000,1,3.7000000000,2026-08-19T18:00:00+08:00
2026-08-20,S10,K03,3,0,Z3,0.1200000000,2026-08-10 12:00:00+08:00,10732.0000000000,037f4a2cbdf21cb4bbed27f957912134b2c3c05b94357f46f6493fcd938a3f05,1,6.6100000000,2026-08-19 16:00:00+08:00,672.0000000000,1,3.7000000000,2026-08-19T18:00:00+08:00
2026-08-20,S10,K04,3,0,Z3,0.0000000000,2026-08-10 12:00:00+08:00,10733.0000000000,993158e88587c9f311e2f7d6b1fdf79b620c6447bd5482ed371e5e50e3399f0b,1,6.6100000000,2026-08-19 16:00:00+08:00,672.0000000000,1,3.7000000000,2026-08-19T18:00:00+08:00
2026-08-20,S10,K05,3,0,Z3,0.0000000000,2026-08-10 12:00:00+08:00,10734.0000000000,6809eb6f8fd2cb545f59afb9d68ec073c392fc8409bc0b183192183f6328f3bb,1,6.6100000000,2026-08-19 16:00:00+08:00,672.0000000000,1,3.7000000000,2026-08-19T18:00:00+08:00
2026-08-20,S10,K06,3,0,Z3,0.0000000000,2026-08-10 12:00:00+08:00,10735.0000000000,59f9b2bbde13c5faf6ab99e22a3d3aa82c76c0cff900205022e953e80488d346,1,6.6100000000,2026-08-19 16:00:00+08:00,672.0000000000,1,3.7000000000,2026-08-19T18:00:00+08:00
2026-08-20,S10,K07,3,0,Z3,0.0000000000,2026-08-10 12:00:00+08:00,10736.0000000000,b291e0d2333bd44862b90ea0afb3ee5ad355047553844067a0c7057bd6020c81,1,6.6100000000,2026-08-19 16:00:00+08:00,672.0000000000,1,3.7000000000,2026-08-19T18:00:00+08:00
2026-08-20,S10,K08,3,0,Z3,0.0000000000,2026-08-10 12:00:00+08:00,10737.0000000000,2b77364d813f060db50b3ca9924b29be39ff513a5fa7228f0605ad8148475f5a,1,6.6100000000,2026-08-19 16:00:00+08:00,672.0000000000,1,3.7000000000,2026-08-19T18:00:00+08:00
2026-08-20,S11,K01,3,0,Z3,0.0000000000,2026-08-10 12:00:00+08:00,10738.0000000000,aa85ab4fc21583a95d3aa5416508ac3d423c5c452373ef684d439e4fcb07d1b0,1,6.6100000000,2026-08-19 16:00:00+08:00,672.0000000000,1,3.7000000000,2026-08-19T18:00:00+08:00
2026-08-20,S11,K02,3,0,Z3,0.0000000000,2026-08-10 12:00:00+08:00,10739.0000000000,17d8756086fac7b98a07c1e094eafb77b1657117d9aa3e03f4c059e4b0e3b29a,1,6.6100000000,2026-08-19 16:00:00+08:00,672.0000000000,1,3.7000000000,2026-08-19T18:00:00+08:00
2026-08-20,S11,K03,3,0,Z3,0.1200000000,2026-08-10 12:00:00+08:00,10740.0000000000,c551a3c0899b347d682011ee31ffd219407d8c6edeaa3e87d97dcacce70a76dc,1,6.6100000000,2026-08-19 16:00:00+08:00,672.0000000000,1,3.7000000000,2026-08-19T18:00:00+08:00
2026-08-20,S11,K04,3,0,Z3,0.0000000000,2026-08-10 12:00:00+08:00,10741.0000000000,bee93383a5123c3b4b9ed4e9cc6fbd0e1d527d630f98621ca228698656360b87,1,6.6100000000,2026-08-19 16:00:00+08:00,672.0000000000,1,3.7000000000,2026-08-19T18:00:00+08:00
2026-08-20,S11,K05,3,0,Z3,0.0000000000,2026-08-10 12:00:00+08:00,10742.0000000000,5ef816e7f1a956613ee60f6cb0e296fab8255f7d7c11d6abe34af8552f7996fe,1,6.6100000000,2026-08-19 16:00:00+08:00,672.0000000000,1,3.7000000000,2026-08-19T18:00:00+08:00
2026-08-20,S11,K06,3,0,Z3,0.0000000000,2026-08-10 12:00:00+08:00,10743.0000000000,ccf1afd177fe0f3b425a2edfc6e9484fdcf7a8a62547f1741cdcec15e6251628,1,6.6100000000,2026-08-19 16:00:00+08:00,672.0000000000,1,3.7000000000,2026-08-19T18:00:00+08:00
2026-08-20,S11,K07,3,0,Z3,0.0000000000,2026-08-10 12:00:00+08:00,10744.0000000000,79ae6311981eaff422c87561fc31dbc4df182dc3efd433ce31cffdc71abb85c5,1,6.6100000000,2026-08-19 16:00:00+08:00,672.0000000000,1,3.7000000000,2026-08-19T18:00:00+08:00
2026-08-20,S11,K08,3,0,Z3,0.0000000000,2026-08-10 12:00:00+08:00,10745.0000000000,d775230747344bf12ecc49c33656296419d54190706a8021efcfef20d266882d,1,6.6100000000,2026-08-19 16:00:00+08:00,672.0000000000,1,3.7000000000,2026-08-19T18:00:00+08:00
2026-08-20,S12,K01,3,0,Z3,0.0000000000,2026-08-10 12:00:00+08:00,10746.0000000000,05d1d4f4f5f4bcf74a17a3a7eedb2ed233de4315de1770a89af032ffe6ef4c2c,1,6.6100000000,2026-08-19 16:00:00+08:00,672.0000000000,1,3.7000000000,2026-08-19T18:00:00+08:00
2026-08-20,S12,K02,3,0,Z3,0.1200000000,2026-08-10 12:00:00+08:00,10747.0000000000,4544f313ef3d9bc404ca1bbd2dd7bebc1ef8cb75cca4beef8f194f6ca4ed0556,1,6.6100000000,2026-08-19 16:00:00+08:00,672.0000000000,1,3.7000000000,2026-08-19T18:00:00+08:00
2026-08-20,S12,K03,3,0,Z3,0.0000000000,2026-08-10 12:00:00+08:00,10748.0000000000,b9088a9c36d2ad4da656f58eac6a87f96ba7235972e1271b88880c61384f92e0,1,6.6100000000,2026-08-19 16:00:00+08:00,672.0000000000,1,3.7000000000,2026-08-19T18:00:00+08:00
2026-08-20,S12,K04,3,0,Z3,0.0000000000,2026-08-10 12:00:00+08:00,10749.0000000000,ed4f34ff364642307b0f6e65eb9cc2b676cf4f1bd82afaa2234ddbc16e735e42,1,6.6100000000,2026-08-19 16:00:00+08:00,672.0000000000,1,3.7000000000,2026-08-19T18:00:00+08:00
2026-08-20,S12,K05,3,0,Z3,0.0000000000,2026-08-10 12:00:00+08:00,10750.0000000000,2fa59bb0232d9ab059b785af6cae58294816ea025e35229dbb847d8b0623fdd7,1,6.6100000000,2026-08-19 16:00:00+08:00,672.0000000000,1,3.7000000000,2026-08-19T18:00:00+08:00
2026-08-20,S12,K06,3,0,Z3,0.0000000000,2026-08-10 12:00:00+08:00,10751.0000000000,53afb81bfd0261f968ffde72888e8baa563a90c823fc6359f160cd5ac9b064c7,1,6.6100000000,2026-08-19 16:00:00+08:00,672.0000000000,1,3.7000000000,2026-08-19T18:00:00+08:00
2026-08-20,S12,K07,3,0,Z3,0.0000000000,2026-08-10 12:00:00+08:00,10752.0000000000,92f96e7ea65457d210c9bdbe95e67ff7480817afa38c68103de6280f4dbd598f,1,6.6100000000,2026-08-19 16:00:00+08:00,672.0000000000,1,3.7000000000,2026-08-19T18:00:00+08:00
2026-08-20,S12,K08,3,0,Z3,0.1200000000,2026-08-10 12:00:00+08:00,10753.0000000000,676fd47fa359d8e87bdc53cfc2a3270c3e48fe300a21e987bfda69a61c150e9b,1,6.6100000000,2026-08-19 16:00:00+08:00,672.0000000000,1,3.7000000000,2026-08-19T18:00:00+08:00
2026-08-21,S01,K01,4,0,Z1,0.1200000000,2026-08-11 12:00:00+08:00,10754.0000000000,1db21de5a77f1aa746edb172dad5cb2efe217116de228403ac2ce6a8214757b6,1,,,,0,3.7333333333,2026-08-19T18:00:00+08:00
2026-08-21,S01,K02,4,0,Z1,0.0000000000,2026-08-11 12:00:00+08:00,10755.0000000000,cd5f9ec49b9f78229b3f4e13929df08ece14b34b9ba4ed9393d68a74472ddd97,1,,,,0,3.7333333333,2026-08-19T18:00:00+08:00
2026-08-21,S01,K03,4,0,Z1,0.0000000000,2026-08-11 12:00:00+08:00,10756.0000000000,8975a7c81e707207d810358a43775fbd56c2999c508167bdeea8d886d5447d06,1,,,,0,3.7333333333,2026-08-19T18:00:00+08:00
2026-08-21,S01,K04,4,0,Z1,0.0000000000,2026-08-11 12:00:00+08:00,10757.0000000000,7678d8cf4b47f38a24e29f5e31371e497e5cbe81d70ade8e9c1b268c4a86d70a,1,,,,0,3.7333333333,2026-08-19T18:00:00+08:00
2026-08-21,S01,K05,4,0,Z1,0.0000000000,2026-08-11 12:00:00+08:00,10758.0000000000,19cda264f466e1605a4b078e5d69f311fc8cf2539b0f07c8ae467e1a259f186c,1,,,,0,3.7333333333,2026-08-19T18:00:00+08:00
2026-08-21,S01,K06,4,0,Z1,0.0000000000,2026-08-11 12:00:00+08:00,10759.0000000000,d0e7c750f1d45d3f61c1a7bd09ca80825dacdff7f15caec28a2d075173b675fa,1,,,,0,3.7333333333,2026-08-19T18:00:00+08:00
2026-08-21,S01,K07,4,0,Z1,0.1200000000,2026-08-11 12:00:00+08:00,10760.0000000000,f521cf2d10038b5e46b6e0cab659c7b26af2bfb4f1ddb8744a6708ab4bb25059,1,,,,0,3.7333333333,2026-08-19T18:00:00+08:00
2026-08-21,S01,K08,4,0,Z1,0.0000000000,2026-08-11 12:00:00+08:00,10761.0000000000,09c54a3bff5f7bcdc5d00fa35c4ce58d927017bab7e85e289255fe921bcf922c,1,,,,0,3.7333333333,2026-08-19T18:00:00+08:00
2026-08-21,S02,K01,4,0,Z1,0.0000000000,2026-08-11 12:00:00+08:00,10762.0000000000,c354a6b3351f5c50d737d9b14bc0fc56fb8b2567c0b2f62b6c9a844d028a3ff0,1,,,,0,3.7333333333,2026-08-19T18:00:00+08:00
2026-08-21,S02,K02,4,0,Z1,0.0000000000,2026-08-11 12:00:00+08:00,10763.0000000000,1e12e965547705d343df1135da0b8e66d6a701e35ca173c5d61ca4fdafbbd131,1,,,,0,3.7333333333,2026-08-19T18:00:00+08:00
2026-08-21,S02,K03,4,0,Z1,0.0000000000,2026-08-11 12:00:00+08:00,10764.0000000000,4b9ec5bca6d829e27e3447fd7cb8ac8a63009f8babf053645b22823926ffcbdb,1,,,,0,3.7333333333,2026-08-19T18:00:00+08:00
2026-08-21,S02,K04,4,0,Z1,0.0000000000,2026-08-11 12:00:00+08:00,10765.0000000000,57826a9917f1a6ea741991c9465160575b74671bd715d42f3788bbf29c3e6d4b,1,,,,0,3.7333333333,2026-08-19T18:00:00+08:00
2026-08-21,S02,K05,4,0,Z1,0.0000000000,2026-08-11 12:00:00+08:00,10766.0000000000,d87a3e17de085d9d9c6d7eb4b3e28cd465bf0670eb3b31e25317133535af4366,1,,,,0,3.7333333333,2026-08-19T18:00:00+08:00
2026-08-21,S02,K06,4,0,Z1,0.1200000000,2026-08-11 12:00:00+08:00,10767.0000000000,923ef3d9fe437c8960155076f38e7a55c7283926cd7cb3bc720a12627b3739ba,1,,,,0,3.7333333333,2026-08-19T18:00:00+08:00
2026-08-21,S02,K07,4,0,Z1,0.0000000000,2026-08-11 12:00:00+08:00,10768.0000000000,45dd7b596c1ab758664d4ae862d17989aa0ae52e10a79cf7ecca9b6542596c30,1,,,,0,3.7333333333,2026-08-19T18:00:00+08:00
2026-08-21,S02,K08,4,0,Z1,0.0000000000,2026-08-11 12:00:00+08:00,10769.0000000000,ef21fb0e8e498b14de4e9e79e3cac46204e0521e6dbb0ccfb379560173e624ce,1,,,,0,3.7333333333,2026-08-19T18:00:00+08:00
2026-08-21,S03,K01,4,0,Z1,0.0000000000,2026-08-11 12:00:00+08:00,10770.0000000000,69477229df6ef8bd2ecc562da6da2c7e78910e926d12742ec2464989875caad0,1,,,,0,3.7333333333,2026-08-19T18:00:00+08:00
2026-08-21,S03,K02,4,0,Z1,0.0000000000,2026-08-11 12:00:00+08:00,10771.0000000000,2ae921d0c24b518fbb1a881ae76b5b28fa772ec05c72128f8d2b5fe5555293d8,1,,,,0,3.7333333333,2026-08-19T18:00:00+08:00
2026-08-21,S03,K03,4,0,Z1,0.0000000000,2026-08-11 12:00:00+08:00,10772.0000000000,800ca476491061f8415ef1127e1849a2385c589a123dbd479cf79de98207eee1,1,,,,0,3.7333333333,2026-08-19T18:00:00+08:00
2026-08-21,S03,K04,4,0,Z1,0.0000000000,2026-08-11 12:00:00+08:00,10773.0000000000,7c6966e21c7908efcba80dc24d4899b79f0c2abf0838d33013a23c23128663ec,1,,,,0,3.7333333333,2026-08-19T18:00:00+08:00
2026-08-21,S03,K05,4,0,Z1,0.0000000000,2026-08-11 12:00:00+08:00,10774.0000000000,75655be7d4850890f821ab0c148f338a079a6ecf21f288a02583dd888ceb7338,1,,,,0,3.7333333333,2026-08-19T18:00:00+08:00
2026-08-21,S03,K06,4,0,Z1,0.1200000000,2026-08-11 12:00:00+08:00,10775.0000000000,3c2e706569a7e38047a4634e0bc2070593397399328934d2d82e4d3af9402c9c,1,,,,0,3.7333333333,2026-08-19T18:00:00+08:00
2026-08-21,S03,K07,4,0,Z1,0.0000000000,2026-08-11 12:00:00+08:00,10776.0000000000,c42597e81d1466bba87bc7476bc996fd4b5ac9d8167fe48fb404a8e09261fcdb,1,,,,0,3.7333333333,2026-08-19T18:00:00+08:00
2026-08-21,S03,K08,4,0,Z1,0.0000000000,2026-08-11 12:00:00+08:00,10777.0000000000,edfc31f44804a3451329ab5655ecaae63296878f5a5a2fa4a3fb08e53cd7d967,1,,,,0,3.7333333333,2026-08-19T18:00:00+08:00
2026-08-21,S04,K01,4,0,Z1,0.0000000000,2026-08-11 12:00:00+08:00,10778.0000000000,1c2f6ca5765f5a2825682d6e2793d3e432ea6c96988f12c01a894176f11f87b7,1,,,,0,3.7333333333,2026-08-19T18:00:00+08:00
2026-08-21,S04,K02,4,0,Z1,0.0000000000,2026-08-11 12:00:00+08:00,10779.0000000000,f14457fc9d4f380aad3b11dfa4424e56a81a352340f9104731749f15574a511f,1,,,,0,3.7333333333,2026-08-19T18:00:00+08:00
2026-08-21,S04,K03,4,0,Z1,0.0000000000,2026-08-11 12:00:00+08:00,10780.0000000000,47e64dd07e019841c59505a2c651d3d77de067d3a27d103fd69c15cfcd17b123,1,,,,0,3.7333333333,2026-08-19T18:00:00+08:00
2026-08-21,S04,K04,4,0,Z1,0.0000000000,2026-08-11 12:00:00+08:00,10781.0000000000,86e8e7dc6a493e1ae8c03fbc3752424ed02b84fc32470531473270e0bfde3cef,1,,,,0,3.7333333333,2026-08-19T18:00:00+08:00
2026-08-21,S04,K05,4,0,Z1,0.1200000000,2026-08-11 12:00:00+08:00,10782.0000000000,f234cca6830fbdb1952e0a1cf57032a5c764eb86af5514b8cd13ea8ad3aac94a,1,,,,0,3.7333333333,2026-08-19T18:00:00+08:00
2026-08-21,S04,K06,4,0,Z1,0.0000000000,2026-08-11 12:00:00+08:00,10783.0000000000,c615c18bea029ba34b45f4b0ea0fc54bae0e1ed094ca60a92336d92f5fbfd518,1,,,,0,3.7333333333,2026-08-19T18:00:00+08:00
2026-08-21,S04,K07,4,0,Z1,0.0000000000,2026-08-11 12:00:00+08:00,10784.0000000000,8c3604ad31fc8ea498b36ab37acd3abf667032fdd07f29d7741762cde4863c51,1,,,,0,3.7333333333,2026-08-19T18:00:00+08:00
2026-08-21,S04,K08,4,0,Z1,0.0000000000,2026-08-11 12:00:00+08:00,10785.0000000000,15973f5fbe256fa76710632a71c9f0e8f68c93f5994db62b3fd4c2df9269b627,1,,,,0,3.7333333333,2026-08-19T18:00:00+08:00
2026-08-21,S05,K01,4,0,Z2,0.0000000000,2026-08-11 12:00:00+08:00,10786.0000000000,0a7c5210a094c15b9af1ca86c748077c06a33a31f43a306fb6f0bd35425787db,1,,,,0,3.7333333333,2026-08-19T18:00:00+08:00
2026-08-21,S05,K02,4,0,Z2,0.0000000000,2026-08-11 12:00:00+08:00,10787.0000000000,ce36ae681831e35dd71d229fd7acd74804ba5e4c4396134c1014b7cce8610f6a,1,,,,0,3.7333333333,2026-08-19T18:00:00+08:00
2026-08-21,S05,K03,4,0,Z2,0.0000000000,2026-08-11 12:00:00+08:00,10788.0000000000,50e7206c22ff9d697b9ee4a41e711a807ce07fd04a5937442d92350df2a97f5c,1,,,,0,3.7333333333,2026-08-19T18:00:00+08:00
2026-08-21,S05,K04,4,0,Z2,0.0000000000,2026-08-11 12:00:00+08:00,10789.0000000000,00972979c1cd92c41980e6d3400f5c16f6448a9dcd4021e24355ffb030091a81,1,,,,0,3.7333333333,2026-08-19T18:00:00+08:00
2026-08-21,S05,K05,4,0,Z2,0.1200000000,2026-08-11 12:00:00+08:00,10790.0000000000,6636a45dff3c9c869c2d874c8f4ebbcfd114e00ad699c1f17d3b33ff46ca0a5f,1,,,,0,3.7333333333,2026-08-19T18:00:00+08:00
2026-08-21,S05,K06,4,0,Z2,0.0000000000,2026-08-11 12:00:00+08:00,10791.0000000000,c8669fe126c788bc9cb48bb1c00da07073565f093438cccaa208b88dc481d4c4,1,,,,0,3.7333333333,2026-08-19T18:00:00+08:00
2026-08-21,S05,K07,4,0,Z2,0.0000000000,2026-08-11 12:00:00+08:00,10792.0000000000,16091b110290006196e9f0af7b45b74dc21e68941cdac7cd30a514d6170c6578,1,,,,0,3.7333333333,2026-08-19T18:00:00+08:00
2026-08-21,S05,K08,4,0,Z2,0.0000000000,2026-08-11 12:00:00+08:00,10793.0000000000,b741f6a8d69aca6382f30c9d87e2d06b9de7cb2ea72223f729be38f8a8b05f87,1,,,,0,3.7333333333,2026-08-19T18:00:00+08:00
2026-08-21,S06,K01,4,0,Z2,0.0000000000,2026-08-11 12:00:00+08:00,10794.0000000000,bf00f6b47c641c7bbd372ca3e3dcf4b5c0482cdaa626d7d5f8627d255d77d4c0,1,,,,0,3.7333333333,2026-08-19T18:00:00+08:00
2026-08-21,S06,K02,4,0,Z2,0.0000000000,2026-08-11 12:00:00+08:00,10795.0000000000,ade6936e35c84d10745940cd00965c2f79ce943ad673d394abcca7325959ddd0,1,,,,0,3.7333333333,2026-08-19T18:00:00+08:00
2026-08-21,S06,K03,4,0,Z2,0.0000000000,2026-08-11 12:00:00+08:00,10796.0000000000,638932f4fc218bd1352198c0e0dc23d9fb31d3d1c968f7e216c2a592956c7557,1,,,,0,3.7333333333,2026-08-19T18:00:00+08:00
2026-08-21,S06,K04,4,0,Z2,0.0000000000,2026-08-11 12:00:00+08:00,10797.0000000000,7489cc5f0cd40b877f24ff965f278d58592101790d4bbf7445533669f50049f6,1,,,,0,3.7333333333,2026-08-19T18:00:00+08:00
2026-08-21,S06,K05,4,0,Z2,0.1200000000,2026-08-11 12:00:00+08:00,10798.0000000000,1372cfe0de88fb9bb7764d8cda22db89730f46a7ead9804437f88108e68b42ee,1,,,,0,3.7333333333,2026-08-19T18:00:00+08:00
2026-08-21,S06,K06,4,0,Z2,0.0000000000,2026-08-11 12:00:00+08:00,10799.0000000000,e21b328fd07c84ee33f88649ce9730ef8a5a0589b258a3f89aba513112efdf2a,1,,,,0,3.7333333333,2026-08-19T18:00:00+08:00
2026-08-21,S06,K07,4,0,Z2,0.0000000000,2026-08-11 12:00:00+08:00,10800.0000000000,18bb523d1d491a387b9900eb3d8f0c7e63d48dfe96171c7e1d09c85971ca3b73,1,,,,0,3.7333333333,2026-08-19T18:00:00+08:00
2026-08-21,S06,K08,4,0,Z2,0.0000000000,2026-08-11 12:00:00+08:00,10801.0000000000,b02050ed43d4a0bcb988133459206b807cae404760c86e1a94b436304cb0e896,1,,,,0,3.7333333333,2026-08-19T18:00:00+08:00
2026-08-21,S07,K01,4,0,Z2,0.0000000000,2026-08-11 12:00:00+08:00,10802.0000000000,dfe1620c3ca4bfe86e68ca0b3febb29d91a9f2bc7c92bca0721edbfa50a9030a,1,,,,0,3.7333333333,2026-08-19T18:00:00+08:00
2026-08-21,S07,K02,4,0,Z2,0.0000000000,2026-08-11 12:00:00+08:00,10803.0000000000,71cec3119fcd615f9905fdc8441b61f65604249335d13cd5850002295d0f14a6,1,,,,0,3.7333333333,2026-08-19T18:00:00+08:00
2026-08-21,S07,K03,4,0,Z2,0.0000000000,2026-08-11 12:00:00+08:00,10804.0000000000,8dcd81dab557af354aa1801a260a291774dad33d6db2cdc3e5dd3fea9cc25bb8,1,,,,0,3.7333333333,2026-08-19T18:00:00+08:00
2026-08-21,S07,K04,4,0,Z2,0.1200000000,2026-08-11 12:00:00+08:00,10805.0000000000,271fafc561ac3263b667fe46db3fd955d081313e5c113ba39fa173f69aae9def,1,,,,0,3.7333333333,2026-08-19T18:00:00+08:00
2026-08-21,S07,K05,4,0,Z2,0.0000000000,2026-08-11 12:00:00+08:00,10806.0000000000,f94f292486f4a04a196016d965dd9657a034b178741c27e07a1b07ac054af464,1,,,,0,3.7333333333,2026-08-19T18:00:00+08:00
2026-08-21,S07,K06,4,0,Z2,0.0000000000,2026-08-11 12:00:00+08:00,10807.0000000000,4bd13e17ab036c8e8d7bec52799f56fdae870375d30efdd0d5a0308c5e44ae42,1,,,,0,3.7333333333,2026-08-19T18:00:00+08:00
2026-08-21,S07,K07,4,0,Z2,0.0000000000,2026-08-11 12:00:00+08:00,10808.0000000000,b990da74e460be454a812d335ae53bedf0b6ed332fee80b1902d17bc396c4da1,1,,,,0,3.7333333333,2026-08-19T18:00:00+08:00
2026-08-21,S07,K08,4,0,Z2,0.0000000000,2026-08-11 12:00:00+08:00,10809.0000000000,c6c740662058be1ddafda73f4258c8e86f09e6acf6d9463a4a607a5c235b13c9,1,,,,0,3.7333333333,2026-08-19T18:00:00+08:00
2026-08-21,S08,K01,4,0,Z2,0.0000000000,2026-08-11 12:00:00+08:00,10810.0000000000,9aff5c5c0f184d147d22f832a47ee040b89575c08a8373c34019a6eeac0cffd7,1,,,,0,3.7333333333,2026-08-19T18:00:00+08:00
2026-08-21,S08,K02,4,0,Z2,0.0000000000,2026-08-11 12:00:00+08:00,10811.0000000000,d8b121e8ec268d3defa4c900053bc066d099f273d4631ccbd3dbfafaefc4cedd,1,,,,0,3.7333333333,2026-08-19T18:00:00+08:00
2026-08-21,S08,K03,4,0,Z2,0.0000000000,2026-08-11 12:00:00+08:00,10812.0000000000,6f105aa5fa362910ca0fe1e90d3587f4d905a7b87c837ba1e9d033954d0b8880,1,,,,0,3.7333333333,2026-08-19T18:00:00+08:00
2026-08-21,S08,K04,4,0,Z2,0.1200000000,2026-08-11 12:00:00+08:00,10813.0000000000,516a41a255697b0e6fe236b1245331d145d35ef17044482dc482d7f8aa6e2adb,1,,,,0,3.7333333333,2026-08-19T18:00:00+08:00
2026-08-21,S08,K05,4,0,Z2,0.0000000000,2026-08-11 12:00:00+08:00,10814.0000000000,a83e66458250622e3bd16d3ad3a080345903e9a37e51b6268b0c062ea8df10fa,1,,,,0,3.7333333333,2026-08-19T18:00:00+08:00
2026-08-21,S08,K06,4,0,Z2,0.0000000000,2026-08-11 12:00:00+08:00,10815.0000000000,0b7b3df30cf88526860bc3dcb51d2fa33a428bc688729859a75d99f2391207e7,1,,,,0,3.7333333333,2026-08-19T18:00:00+08:00
2026-08-21,S08,K07,4,0,Z2,0.0000000000,2026-08-11 12:00:00+08:00,10816.0000000000,4f1778af7da04f6ef73c0939d91be3852916f3cd82e38156abea4a70633ef1ec,1,,,,0,3.7333333333,2026-08-19T18:00:00+08:00
2026-08-21,S08,K08,4,0,Z2,0.0000000000,2026-08-11 12:00:00+08:00,10817.0000000000,352864d05939c612d9224f9472cc0b1d194f2ae10c32245d6069d0447e9fed53,1,,,,0,3.7333333333,2026-08-19T18:00:00+08:00
2026-08-21,S09,K01,4,0,Z3,0.0000000000,2026-08-11 12:00:00+08:00,10818.0000000000,5c242ed37d61d1a64c5a67be4d7d2519e0c4c63731ca1beabe7ac0503f22ad9b,1,,,,0,3.7333333333,2026-08-19T18:00:00+08:00
2026-08-21,S09,K02,4,0,Z3,0.0000000000,2026-08-11 12:00:00+08:00,10819.0000000000,aef250a9a449995ea0c428d79ddf1b8112efbaf20a0450698bff61643ed315c5,1,,,,0,3.7333333333,2026-08-19T18:00:00+08:00
2026-08-21,S09,K03,4,0,Z3,0.1200000000,2026-08-11 12:00:00+08:00,10820.0000000000,d6b2d256c010571d18c221a5c44d547f63d03f101fd9fa69cea1969598a25fda,1,,,,0,3.7333333333,2026-08-19T18:00:00+08:00
2026-08-21,S09,K04,4,0,Z3,0.0000000000,2026-08-11 12:00:00+08:00,10821.0000000000,cdb15554a4b26b0970c7427353d2c902fa12a28444052a21bde083ee1fa72824,1,,,,0,3.7333333333,2026-08-19T18:00:00+08:00
2026-08-21,S09,K05,4,0,Z3,0.0000000000,2026-08-11 12:00:00+08:00,10822.0000000000,e80757c93c1eb5296885cb517ab3eb27d5436f5076a1d0fab2fca64cc1998ae6,1,,,,0,3.7333333333,2026-08-19T18:00:00+08:00
2026-08-21,S09,K06,4,0,Z3,0.0000000000,2026-08-11 12:00:00+08:00,10823.0000000000,876d4b61768a5b493b6b0b3caac573552de3f27fe93b34655c7e74aeadf4209e,1,,,,0,3.7333333333,2026-08-19T18:00:00+08:00
2026-08-21,S09,K07,4,0,Z3,0.0000000000,2026-08-11 12:00:00+08:00,10824.0000000000,492f169961dd6bb7230a0311b7fbb548c1ce50227562691287425c02b474821e,1,,,,0,3.7333333333,2026-08-19T18:00:00+08:00
2026-08-21,S09,K08,4,0,Z3,0.0000000000,2026-08-11 12:00:00+08:00,10825.0000000000,b4ebe5dd5f983712f9630847e0ffba45b11219ec4e45a6e6e9d81d22477f05e2,1,,,,0,3.7333333333,2026-08-19T18:00:00+08:00
2026-08-21,S10,K01,4,0,Z3,0.0000000000,2026-08-11 12:00:00+08:00,10826.0000000000,772308db36b7688a42da63da07dba2cfdfcfed7b01fb047e6a2cefe5a26dbef0,1,,,,0,3.7333333333,2026-08-19T18:00:00+08:00
2026-08-21,S10,K02,4,0,Z3,0.0000000000,2026-08-11 12:00:00+08:00,10827.0000000000,15948e9759eac31ecfbd6bcf43f8afa86cb0d0e875332569d8ae74436a3de5e7,1,,,,0,3.7333333333,2026-08-19T18:00:00+08:00
2026-08-21,S10,K03,4,0,Z3,0.1200000000,2026-08-11 12:00:00+08:00,10828.0000000000,37fdd33652f4a0b518542109120b4b2b94f37038e067f89ac035cae044bea80f,1,,,,0,3.7333333333,2026-08-19T18:00:00+08:00
2026-08-21,S10,K04,4,0,Z3,0.0000000000,2026-08-11 12:00:00+08:00,10829.0000000000,7ec50cda8dcca794bbd78adcc2d453cef7f58ac478f084de2386714627668d60,1,,,,0,3.7333333333,2026-08-19T18:00:00+08:00
2026-08-21,S10,K05,4,0,Z3,0.0000000000,2026-08-11 12:00:00+08:00,10830.0000000000,abdd78273e8b4947a0580d3041ee338c5687e37bb7aa9358053287693830c02a,1,,,,0,3.7333333333,2026-08-19T18:00:00+08:00
2026-08-21,S10,K06,4,0,Z3,0.0000000000,2026-08-11 12:00:00+08:00,10831.0000000000,45d89fdaa2e093dd1ffc568769c808b4b44a796c0167e1f8d7bf8b1b3ed4c34a,1,,,,0,3.7333333333,2026-08-19T18:00:00+08:00
2026-08-21,S10,K07,4,0,Z3,0.0000000000,2026-08-11 12:00:00+08:00,10832.0000000000,4f772b708cb09c16f02b4fad3a22caf04e409e513f38f1351dcf1c8e648c9a7a,1,,,,0,3.7333333333,2026-08-19T18:00:00+08:00
2026-08-21,S10,K08,4,0,Z3,0.0000000000,2026-08-11 12:00:00+08:00,10833.0000000000,e1d81286d71906f7c1c6076379634aa7e6ae0e396593ef49c2cd94ffb2be1a17,1,,,,0,3.7333333333,2026-08-19T18:00:00+08:00
2026-08-21,S11,K01,4,0,Z3,0.0000000000,2026-08-11 12:00:00+08:00,10834.0000000000,cabb73c41d5d5d1a40bb65879d29330d92fdc773219a7c2a7ee9df4b803c52ac,1,,,,0,3.7333333333,2026-08-19T18:00:00+08:00
2026-08-21,S11,K02,4,0,Z3,0.0000000000,2026-08-11 12:00:00+08:00,10835.0000000000,d54c049257af7b3dd3b08d3fd41fb1a36fd557278284ab7069227cfe208ae5bd,1,,,,0,3.7333333333,2026-08-19T18:00:00+08:00
2026-08-21,S11,K03,4,0,Z3,0.1200000000,2026-08-11 12:00:00+08:00,10836.0000000000,7095dff286220e4b8ad45e5ca7b86c6d614896afbe579065fcf1b8f2bab86d3a,1,,,,0,3.7333333333,2026-08-19T18:00:00+08:00
2026-08-21,S11,K04,4,0,Z3,0.0000000000,2026-08-11 12:00:00+08:00,10837.0000000000,09f67f5d241da7d0a309155fcb6c53a954de4248527df75a94808d98706a89bf,1,,,,0,3.7333333333,2026-08-19T18:00:00+08:00
2026-08-21,S11,K05,4,0,Z3,0.0000000000,2026-08-11 12:00:00+08:00,10838.0000000000,d616f232a896075ceca4482901e78c515331527f701dad3a97eac54e48654e5a,1,,,,0,3.7333333333,2026-08-19T18:00:00+08:00
2026-08-21,S11,K06,4,0,Z3,0.0000000000,2026-08-11 12:00:00+08:00,10839.0000000000,1cf37a8e9291f3afcdd30e28d3c12297e21aeda49b548e760ef1202e6db17753,1,,,,0,3.7333333333,2026-08-19T18:00:00+08:00
2026-08-21,S11,K07,4,0,Z3,0.0000000000,2026-08-11 12:00:00+08:00,10840.0000000000,d8f928256c71a8b1683facc8c4bb7845e1be6e7bfe56c6a51195ac28b914f96e,1,,,,0,3.7333333333,2026-08-19T18:00:00+08:00
2026-08-21,S11,K08,4,0,Z3,0.1200000000,2026-08-11 12:00:00+08:00,10841.0000000000,b2ee9c5d2ace5d4db18273dbebbd8aec4959518c07db88ab026281a98ac8daae,1,,,,0,3.7333333333,2026-08-19T18:00:00+08:00
2026-08-21,S12,K01,4,0,Z3,0.0000000000,2026-08-11 12:00:00+08:00,10842.0000000000,2a68a9de06e47644e5fb70c4260d4ce2c1b48183c9780bc4947421ec21e973f9,1,,,,0,3.7333333333,2026-08-19T18:00:00+08:00
2026-08-21,S12,K02,4,0,Z3,0.1200000000,2026-08-11 12:00:00+08:00,10843.0000000000,0cfe85d8d57d793fe7b4086d20d926f8fd436876b32aa6697488936ca5bdfc1f,1,,,,0,3.7333333333,2026-08-19T18:00:00+08:00
2026-08-21,S12,K03,4,0,Z3,0.0000000000,2026-08-11 12:00:00+08:00,10844.0000000000,2b158ae38b40feb6574890fa9e9619738e02c0c30561c1870fd0687dc02d84de,1,,,,0,3.7333333333,2026-08-19T18:00:00+08:00
2026-08-21,S12,K04,4,0,Z3,0.0000000000,2026-08-11 12:00:00+08:00,10845.0000000000,75d8402753d09dd0421a3abe4fae39afaa7816b5f120ae1a75d87856ef9ac6d2,1,,,,0,3.7333333333,2026-08-19T18:00:00+08:00
2026-08-21,S12,K05,4,0,Z3,0.0000000000,2026-08-11 12:00:00+08:00,10846.0000000000,909869ee0952cd321c759f3118e63c67edda0d373742f602fefa3c2075373ac8,1,,,,0,3.7333333333,2026-08-19T18:00:00+08:00
2026-08-21,S12,K06,4,0,Z3,0.0000000000,2026-08-11 12:00:00+08:00,10847.0000000000,99fc0cb8335c1bbb0c11719cf93e78441d57125a6896a1ef64ec01ab57697b93,1,,,,0,3.7333333333,2026-08-19T18:00:00+08:00
2026-08-21,S12,K07,4,0,Z3,0.0000000000,2026-08-11 12:00:00+08:00,10848.0000000000,e14f985fa1370018ea8047ec54a91942a3d73c58c5661cb662dc3266b7d297f7,1,,,,0,3.7333333333,2026-08-19T18:00:00+08:00
2026-08-21,S12,K08,4,0,Z3,0.1200000000,2026-08-11 12:00:00+08:00,10849.0000000000,f0440b8463ef0806323fbb509c7f7d44b16fa2e16d6e7aa82caa12f5107c6fb4,1,,,,0,3.7333333333,2026-08-19T18:00:00+08:00
2026-08-22,S01,K01,5,0,Z1,0.1200000000,2026-08-12 12:00:00+08:00,10850.0000000000,8a79181490ecca3a15371de7d058aebbdb4f8722ea4b170e64ef70a80debdbf4,1,,,,0,3.7666666667,2026-08-19T18:00:00+08:00
2026-08-22,S01,K02,5,0,Z1,0.0000000000,2026-08-12 12:00:00+08:00,10851.0000000000,6ffb545539b000dd47609e1026b92eca17fe56ab0e14bd30de53a0366dd971ba,1,,,,0,3.7666666667,2026-08-19T18:00:00+08:00
2026-08-22,S01,K03,5,0,Z1,0.0000000000,2026-08-12 12:00:00+08:00,10852.0000000000,e8da1ac884c3a2170492366b009e133cc02a12c058e206eb16e5720df483f5f2,1,,,,0,3.7666666667,2026-08-19T18:00:00+08:00
2026-08-22,S01,K04,5,0,Z1,0.0000000000,2026-08-12 12:00:00+08:00,10853.0000000000,2ba6f1abfbae44379962ca93c5bcc3a8a3d4c9d80b7b3ba39d356fde6d6af65a,1,,,,0,3.7666666667,2026-08-19T18:00:00+08:00
2026-08-22,S01,K05,5,0,Z1,0.0000000000,2026-08-12 12:00:00+08:00,10854.0000000000,4afcae10041741b6d139b78c78c4aab7b5c5d930dfb7c7602d4687d58101dc28,1,,,,0,3.7666666667,2026-08-19T18:00:00+08:00
2026-08-22,S01,K06,5,0,Z1,0.1200000000,2026-08-12 12:00:00+08:00,10855.0000000000,2638007c2dc9a1c6ac72097857b61e9fd9ed087cddfd25e7803b12c629bb73c2,1,,,,0,3.7666666667,2026-08-19T18:00:00+08:00
2026-08-22,S01,K07,5,0,Z1,0.0000000000,2026-08-12 12:00:00+08:00,10856.0000000000,ac8df003160a0e0887dbd38b4c3062b9d331b135d93b3ddb27fd869e65785a9f,1,,,,0,3.7666666667,2026-08-19T18:00:00+08:00
2026-08-22,S01,K08,5,0,Z1,0.0000000000,2026-08-12 12:00:00+08:00,10857.0000000000,83f322d21c6b5afd0b4d9b9e84fd64f62ee570bb48e4fb933755809d37896b5a,1,,,,0,3.7666666667,2026-08-19T18:00:00+08:00
2026-08-22,S02,K01,5,0,Z1,0.0000000000,2026-08-12 12:00:00+08:00,10858.0000000000,0b639a606aad4c99ad796257f16f42dd79c84b2d2c604359710c0fd6c88a6e90,1,,,,0,3.7666666667,2026-08-19T18:00:00+08:00
2026-08-22,S02,K02,5,0,Z1,0.0000000000,2026-08-12 12:00:00+08:00,10859.0000000000,38c70c88c29ea79675f2417e9a87ad5bbcf62028e29aa3e4d90ed19544f16588,1,,,,0,3.7666666667,2026-08-19T18:00:00+08:00
2026-08-22,S02,K03,5,0,Z1,0.0000000000,2026-08-12 12:00:00+08:00,10860.0000000000,b211190c7adbb06a7d2d41a3cc2b772d410c3d4bb9ad81c09576128a2bdad7fd,1,,,,0,3.7666666667,2026-08-19T18:00:00+08:00
2026-08-22,S02,K04,5,0,Z1,0.0000000000,2026-08-12 12:00:00+08:00,10861.0000000000,aead614fd5a73d6491339c7b8688d71ba52a4b4a39a7c65365338d09661a6a11,1,,,,0,3.7666666667,2026-08-19T18:00:00+08:00
2026-08-22,S02,K05,5,0,Z1,0.0000000000,2026-08-12 12:00:00+08:00,10862.0000000000,e92b42d76e389b9e78cb445f65b1f786531a0a816a3426370137637168cbdcd4,1,,,,0,3.7666666667,2026-08-19T18:00:00+08:00
2026-08-22,S02,K06,5,0,Z1,0.1200000000,2026-08-12 12:00:00+08:00,10863.0000000000,13f2fede3be37422300622e5b13ffb5e2929a5593e727c17156991834e775bc8,1,,,,0,3.7666666667,2026-08-19T18:00:00+08:00
2026-08-22,S02,K07,5,0,Z1,0.0000000000,2026-08-12 12:00:00+08:00,10864.0000000000,c470469d49ffc7353627e544d353621a75ed0342611236e5f4013dac187d7785,1,,,,0,3.7666666667,2026-08-19T18:00:00+08:00
2026-08-22,S02,K08,5,0,Z1,0.0000000000,2026-08-12 12:00:00+08:00,10865.0000000000,67c9450a8e4e7a96ddcfeb9e3a3c5121399ab8a6ebe3c3c982769676d48245fe,1,,,,0,3.7666666667,2026-08-19T18:00:00+08:00
2026-08-22,S03,K01,5,0,Z1,0.0000000000,2026-08-12 12:00:00+08:00,10866.0000000000,e3ac754e84afefba075b86e7caf4c0d98c5fbed64d61de7ea6ccf9062981b28d,1,,,,0,3.7666666667,2026-08-19T18:00:00+08:00
2026-08-22,S03,K02,5,0,Z1,0.0000000000,2026-08-12 12:00:00+08:00,10867.0000000000,7722aa8c4cc1033f734d3b76c263d8c2515e03c8e7d9f06b0558ef66c7d44441,1,,,,0,3.7666666667,2026-08-19T18:00:00+08:00
2026-08-22,S03,K03,5,0,Z1,0.0000000000,2026-08-12 12:00:00+08:00,10868.0000000000,1652411d3310514317e83ef81d8e12574e4cf0efb08c53766e715729a148ac61,1,,,,0,3.7666666667,2026-08-19T18:00:00+08:00
2026-08-22,S03,K04,5,0,Z1,0.0000000000,2026-08-12 12:00:00+08:00,10869.0000000000,3dac2dc368ab15219670af126522cb13f4cdf27b98b317a265ccb0b94ac88f67,1,,,,0,3.7666666667,2026-08-19T18:00:00+08:00
2026-08-22,S03,K05,5,0,Z1,0.0000000000,2026-08-12 12:00:00+08:00,10870.0000000000,319de26ad0ce4e78c23b0d18f74537a9eb7bfcde35c7f948658b2cd2c4b51f22,1,,,,0,3.7666666667,2026-08-19T18:00:00+08:00
2026-08-22,S03,K06,5,0,Z1,0.1200000000,2026-08-12 12:00:00+08:00,10871.0000000000,452204397a03c1045aa1b9649363995ca975684343a4e22db2d515e6e4f54e2b,1,,,,0,3.7666666667,2026-08-19T18:00:00+08:00
2026-08-22,S03,K07,5,0,Z1,0.0000000000,2026-08-12 12:00:00+08:00,10872.0000000000,d31c37b22c536c5255ec8c5a1c710680853f8514805e533fc6ec4e81b0c51c3d,1,,,,0,3.7666666667,2026-08-19T18:00:00+08:00
2026-08-22,S03,K08,5,0,Z1,0.0000000000,2026-08-12 12:00:00+08:00,10873.0000000000,66c5f66bf2661a783ab441fa854597eca4cc599ad55c61c3caebeeeeee48ce49,1,,,,0,3.7666666667,2026-08-19T18:00:00+08:00
2026-08-22,S04,K01,5,0,Z1,0.0000000000,2026-08-12 12:00:00+08:00,10874.0000000000,9183f6d7a99404d22e819de7eae4a6a00772dc16ee2315ff772ae25d2b027db2,1,,,,0,3.7666666667,2026-08-19T18:00:00+08:00
2026-08-22,S04,K02,5,0,Z1,0.0000000000,2026-08-12 12:00:00+08:00,10875.0000000000,728748ed46b6f029724715409814a9e4922a8154ba2637f381cf6d3d408ae770,1,,,,0,3.7666666667,2026-08-19T18:00:00+08:00
2026-08-22,S04,K03,5,0,Z1,0.0000000000,2026-08-12 12:00:00+08:00,10876.0000000000,e02ee8f29e30919528e9964de3c4f758f9ccba72f7f980fb537e55a8aeb4b517,1,,,,0,3.7666666667,2026-08-19T18:00:00+08:00
2026-08-22,S04,K04,5,0,Z1,0.0000000000,2026-08-12 12:00:00+08:00,10877.0000000000,3fd4bae03897464fa43c367f10c2a1cc45446c0d402563e3198847f018fb76d1,1,,,,0,3.7666666667,2026-08-19T18:00:00+08:00
2026-08-22,S04,K05,5,0,Z1,0.1200000000,2026-08-12 12:00:00+08:00,10878.0000000000,c5dd55be6ab91ca6ce3d4df2c75e4b1e2e21cebeb09090f30967d0bddf46ba92,1,,,,0,3.7666666667,2026-08-19T18:00:00+08:00
2026-08-22,S04,K06,5,0,Z1,0.0000000000,2026-08-12 12:00:00+08:00,10879.0000000000,7f16e5cc1e2f42bb343da65eb74a86c006f8a61c532bd56930191381a2277edc,1,,,,0,3.7666666667,2026-08-19T18:00:00+08:00
2026-08-22,S04,K07,5,0,Z1,0.0000000000,2026-08-12 12:00:00+08:00,10880.0000000000,feacfdbb8ce59b50b1d8a67a1f95bd14523da88a891f2b75384966ea0917230c,1,,,,0,3.7666666667,2026-08-19T18:00:00+08:00
2026-08-22,S04,K08,5,0,Z1,0.0000000000,2026-08-12 12:00:00+08:00,10881.0000000000,cd17aea78145a19b3abe1569cbd426735fce2ca6b173f6dcf3dc8fd4a891d3ae,1,,,,0,3.7666666667,2026-08-19T18:00:00+08:00
2026-08-22,S05,K01,5,0,Z2,0.0000000000,2026-08-12 12:00:00+08:00,10882.0000000000,08f0eb73e6d8f1c2ee32f51f32c3accb4f794506612b466e752285791f6b373b,1,,,,0,3.7666666667,2026-08-19T18:00:00+08:00
2026-08-22,S05,K02,5,0,Z2,0.0000000000,2026-08-12 12:00:00+08:00,10883.0000000000,fa443d57c71aba9b0cfc29ea43c9884ed1de291450e17dfb4815899c4ff076d0,1,,,,0,3.7666666667,2026-08-19T18:00:00+08:00
2026-08-22,S05,K03,5,0,Z2,0.0000000000,2026-08-12 12:00:00+08:00,10884.0000000000,740457be0b4a45884767faf1c4fdb9dadca25424236e2fb971a2b3d2f0c1595f,1,,,,0,3.7666666667,2026-08-19T18:00:00+08:00
2026-08-22,S05,K04,5,0,Z2,0.0000000000,2026-08-12 12:00:00+08:00,10885.0000000000,00aa79c9b72c2346cdb854623d769de188728c24c4da660484f8a67ab9a6ff4f,1,,,,0,3.7666666667,2026-08-19T18:00:00+08:00
2026-08-22,S05,K05,5,0,Z2,0.1200000000,2026-08-12 12:00:00+08:00,10886.0000000000,81085c99c7c01f4890d27c3ffb0ad7d94b8ad2c0dfd9356eebacc47023c3c06a,1,,,,0,3.7666666667,2026-08-19T18:00:00+08:00
2026-08-22,S05,K06,5,0,Z2,0.0000000000,2026-08-12 12:00:00+08:00,10887.0000000000,555f9af349145fe5ff923d998ee04aa0a79d347ca681eed0f2c4b2af894ee8d5,1,,,,0,3.7666666667,2026-08-19T18:00:00+08:00
2026-08-22,S05,K07,5,0,Z2,0.0000000000,2026-08-12 12:00:00+08:00,10888.0000000000,d3651c83a7cdd3feebda9d6449b22528553d4fc15c1b6ce844fa8c030598f5f5,1,,,,0,3.7666666667,2026-08-19T18:00:00+08:00
2026-08-22,S05,K08,5,0,Z2,0.0000000000,2026-08-12 12:00:00+08:00,10889.0000000000,17965b5982ec2c3ff9de5b69fc718f0934e91812776848daf8f7d382eb88acf1,1,,,,0,3.7666666667,2026-08-19T18:00:00+08:00
2026-08-22,S06,K01,5,0,Z2,0.0000000000,2026-08-12 12:00:00+08:00,10890.0000000000,4d28242fd17d385c29338e6beb0399bf7e7d384e1eb73916eff109c1c2363967,1,,,,0,3.7666666667,2026-08-19T18:00:00+08:00
2026-08-22,S06,K02,5,0,Z2,0.0000000000,2026-08-12 12:00:00+08:00,10891.0000000000,d08befffd30cabf05591f4c807877a6ffb823e8870df0aebf5b3117d327fa3f1,1,,,,0,3.7666666667,2026-08-19T18:00:00+08:00
2026-08-22,S06,K03,5,0,Z2,0.0000000000,2026-08-12 12:00:00+08:00,10892.0000000000,6f8ceb67de90646b443449e56128d1bd4d842c93a6d38237bc5aaad9603a1139,1,,,,0,3.7666666667,2026-08-19T18:00:00+08:00
2026-08-22,S06,K04,5,0,Z2,0.1200000000,2026-08-12 12:00:00+08:00,10893.0000000000,d0b7f4f9150f860ea30811b36f9d452318e1d3bb4b3a0000981c9abd3f2641e7,1,,,,0,3.7666666667,2026-08-19T18:00:00+08:00
2026-08-22,S06,K05,5,0,Z2,0.0000000000,2026-08-12 12:00:00+08:00,10894.0000000000,8eb80954aef22da7cb03a1f3c18041adb8c5dc2a294211c13ad427a8699343fd,1,,,,0,3.7666666667,2026-08-19T18:00:00+08:00
2026-08-22,S06,K06,5,0,Z2,0.0000000000,2026-08-12 12:00:00+08:00,10895.0000000000,30735582b409f3ebcb3f88340dad34a3206dd5eaf8f9b7e1c06b9084a068270d,1,,,,0,3.7666666667,2026-08-19T18:00:00+08:00
2026-08-22,S06,K07,5,0,Z2,0.0000000000,2026-08-12 12:00:00+08:00,10896.0000000000,b513182078422a5cb8a1700fa00d51e9991e2c395ce4b341b6669b15240cad04,1,,,,0,3.7666666667,2026-08-19T18:00:00+08:00
2026-08-22,S06,K08,5,0,Z2,0.0000000000,2026-08-12 12:00:00+08:00,10897.0000000000,1693fa539508e3d11c0d761af0b70976f9cc7a0e374b59626a54dd9d5b4849d7,1,,,,0,3.7666666667,2026-08-19T18:00:00+08:00
2026-08-22,S07,K01,5,0,Z2,0.0000000000,2026-08-12 12:00:00+08:00,10898.0000000000,c6073e01c300bd7b6444c93ec40a11b39a67f89f31757b740bf0dc6342053034,1,,,,0,3.7666666667,2026-08-19T18:00:00+08:00
2026-08-22,S07,K02,5,0,Z2,0.0000000000,2026-08-12 12:00:00+08:00,10899.0000000000,31d53d6a4ada3629f6c8bad05319b7fc293f816f43cbbafb8a852bcac0f25258,1,,,,0,3.7666666667,2026-08-19T18:00:00+08:00
2026-08-22,S07,K03,5,0,Z2,0.0000000000,2026-08-12 12:00:00+08:00,10900.0000000000,1fb7b72d5bd60c86b80f34e66f5e67938b8367df1dca689938c5c443eaaf44da,1,,,,0,3.7666666667,2026-08-19T18:00:00+08:00
2026-08-22,S07,K04,5,0,Z2,0.1200000000,2026-08-12 12:00:00+08:00,10901.0000000000,7f7b7fe86e759d5a9a4033ea31522ee8745e13f835aa0cd262ace020e5d891a5,1,,,,0,3.7666666667,2026-08-19T18:00:00+08:00
2026-08-22,S07,K05,5,0,Z2,0.0000000000,2026-08-12 12:00:00+08:00,10902.0000000000,6810d428518af9eece0b6bd2161edec7d546feb48c9b3a18607cada0e553e4f2,1,,,,0,3.7666666667,2026-08-19T18:00:00+08:00
2026-08-22,S07,K06,5,0,Z2,0.0000000000,2026-08-12 12:00:00+08:00,10903.0000000000,c2238ac9891221e1799524bc92fff28e4ef6cf451e4029f15121f6936446aa96,1,,,,0,3.7666666667,2026-08-19T18:00:00+08:00
2026-08-22,S07,K07,5,0,Z2,0.0000000000,2026-08-12 12:00:00+08:00,10904.0000000000,263c8dd0950e96388ffb49ef30a2bcf9bef06ff7423b4e6949b5d691d9aafe20,1,,,,0,3.7666666667,2026-08-19T18:00:00+08:00
2026-08-22,S07,K08,5,0,Z2,0.0000000000,2026-08-12 12:00:00+08:00,10905.0000000000,4f3e8dfb6ce512464202c8e8c6492869f9a2bfccd204ed82a14486e56b5ab537,1,,,,0,3.7666666667,2026-08-19T18:00:00+08:00
2026-08-22,S08,K01,5,0,Z2,0.0000000000,2026-08-12 12:00:00+08:00,10906.0000000000,c6a6e58bfe7ecd3d99887da478f61bc8c03e62b5d37aad9c1f3540eae18b51a7,1,,,,0,3.7666666667,2026-08-19T18:00:00+08:00
2026-08-22,S08,K02,5,0,Z2,0.0000000000,2026-08-12 12:00:00+08:00,10907.0000000000,322fff77d26da7c4418e4d8e0ea5d11d4f90181cd4bf36779ee881849df6ff24,1,,,,0,3.7666666667,2026-08-19T18:00:00+08:00
2026-08-22,S08,K03,5,0,Z2,0.0000000000,2026-08-12 12:00:00+08:00,10908.0000000000,b1427aa68e1d4fd2327319e403d47a381b80d10dc59ebb8c88b00d0398f81396,1,,,,0,3.7666666667,2026-08-19T18:00:00+08:00
2026-08-22,S08,K04,5,0,Z2,0.1200000000,2026-08-12 12:00:00+08:00,10909.0000000000,05f8f6c544c9273359145e82c81620c86d360844c78b5a126386842fc697d79d,1,,,,0,3.7666666667,2026-08-19T18:00:00+08:00
2026-08-22,S08,K05,5,0,Z2,0.0000000000,2026-08-12 12:00:00+08:00,10910.0000000000,d1993a113065de5ca29989c3eb31d66549ab5aef3b53592a2b09e4cbe6e1ad22,1,,,,0,3.7666666667,2026-08-19T18:00:00+08:00
2026-08-22,S08,K06,5,0,Z2,0.0000000000,2026-08-12 12:00:00+08:00,10911.0000000000,fa73d0844f8bcb2ac51e9cba6faceb12a8082258c29f6a520961c77379cb474b,1,,,,0,3.7666666667,2026-08-19T18:00:00+08:00
2026-08-22,S08,K07,5,0,Z2,0.0000000000,2026-08-12 12:00:00+08:00,10912.0000000000,dc5f0238bc5f7e7293d93143682dcdd8f0f2706750f77f46df3d5ea435909b07,1,,,,0,3.7666666667,2026-08-19T18:00:00+08:00
2026-08-22,S08,K08,5,0,Z2,0.0000000000,2026-08-12 12:00:00+08:00,10913.0000000000,c0fe7204070866c055fb28a5827d975415d594db4091f02b9643351f151a391e,1,,,,0,3.7666666667,2026-08-19T18:00:00+08:00
2026-08-22,S09,K01,5,0,Z3,0.0000000000,2026-08-12 12:00:00+08:00,10914.0000000000,d80fdc0992c3692e453fad59e70ab4e3f664dfaf04f85cd30ceeb33d81026f57,1,,,,0,3.7666666667,2026-08-19T18:00:00+08:00
2026-08-22,S09,K02,5,0,Z3,0.0000000000,2026-08-12 12:00:00+08:00,10915.0000000000,34716601794fdf6284c4ca5066394109de1d51fa4d6175e164da0a76e8e046b1,1,,,,0,3.7666666667,2026-08-19T18:00:00+08:00
2026-08-22,S09,K03,5,0,Z3,0.1200000000,2026-08-12 12:00:00+08:00,10916.0000000000,254f17216432f3c4aac491d8921dec9ac31a1cddbf5fdc451f66289b7fd37a5f,1,,,,0,3.7666666667,2026-08-19T18:00:00+08:00
2026-08-22,S09,K04,5,0,Z3,0.0000000000,2026-08-12 12:00:00+08:00,10917.0000000000,121013f827a483327070acc0954b3d60d9a5f9b1336fe0a42d70136e6025be81,1,,,,0,3.7666666667,2026-08-19T18:00:00+08:00
2026-08-22,S09,K05,5,0,Z3,0.0000000000,2026-08-12 12:00:00+08:00,10918.0000000000,80e2e6b9c232f68c5ebedc2ba49f594cb7959143a9be80b672dd30d02ec78dad,1,,,,0,3.7666666667,2026-08-19T18:00:00+08:00
2026-08-22,S09,K06,5,0,Z3,0.0000000000,2026-08-12 12:00:00+08:00,10919.0000000000,6dbf63a97d883b92d4396ced0772c963dbd850abc55a0763af0d021cb9ae4637,1,,,,0,3.7666666667,2026-08-19T18:00:00+08:00
2026-08-22,S09,K07,5,0,Z3,0.0000000000,2026-08-12 12:00:00+08:00,10920.0000000000,4c8aeef09278a8e56bfec5e323f8f3eedf723054c2c7ada1af9a2d588f0b64e3,1,,,,0,3.7666666667,2026-08-19T18:00:00+08:00
2026-08-22,S09,K08,5,0,Z3,0.0000000000,2026-08-12 12:00:00+08:00,10921.0000000000,1c8dc30c0adec3bf77d600a57bf5513896826e602d855a36591b8722f3b5ba05,1,,,,0,3.7666666667,2026-08-19T18:00:00+08:00
2026-08-22,S10,K01,5,0,Z3,0.0000000000,2026-08-12 12:00:00+08:00,10922.0000000000,79aaddd7da7f4d1409a67db16359439338e1e78c8552a923663994bcb8539299,1,,,,0,3.7666666667,2026-08-19T18:00:00+08:00
2026-08-22,S10,K02,5,0,Z3,0.0000000000,2026-08-12 12:00:00+08:00,10923.0000000000,6293960b3c34b437ce6ecefefe0830f6a55b5df01af89eb0923c8252f704d283,1,,,,0,3.7666666667,2026-08-19T18:00:00+08:00
2026-08-22,S10,K03,5,0,Z3,0.1200000000,2026-08-12 12:00:00+08:00,10924.0000000000,ba83d90b685e171b794ddfa664b253fbc61d98e09eaa43d665f845ce7d099537,1,,,,0,3.7666666667,2026-08-19T18:00:00+08:00
2026-08-22,S10,K04,5,0,Z3,0.0000000000,2026-08-12 12:00:00+08:00,10925.0000000000,8d50d52d1df460dafcf75dff7cfe34ba6a5c10a80f265c1be734368635550e44,1,,,,0,3.7666666667,2026-08-19T18:00:00+08:00
2026-08-22,S10,K05,5,0,Z3,0.0000000000,2026-08-12 12:00:00+08:00,10926.0000000000,488ec9ba40f528d54195f95b6e2997d5a005aab08e7862ac6b3403c72ad5b121,1,,,,0,3.7666666667,2026-08-19T18:00:00+08:00
2026-08-22,S10,K06,5,0,Z3,0.0000000000,2026-08-12 12:00:00+08:00,10927.0000000000,c515a8043947d80dd23bf09dac2829941ec691751e0c413c475d050c9eb535de,1,,,,0,3.7666666667,2026-08-19T18:00:00+08:00
2026-08-22,S10,K07,5,0,Z3,0.0000000000,2026-08-12 12:00:00+08:00,10928.0000000000,112dc9c8c7f391e0ca9b25c328fcc60ccba9b4290da601706d6894ae6f81cc19,1,,,,0,3.7666666667,2026-08-19T18:00:00+08:00
2026-08-22,S10,K08,5,0,Z3,0.0000000000,2026-08-12 12:00:00+08:00,10929.0000000000,23bfa98c8e5b0db5fbafb349f2755eb73577937d4ef8f5d84ef707b78e8de3c1,1,,,,0,3.7666666667,2026-08-19T18:00:00+08:00
2026-08-22,S11,K01,5,0,Z3,0.0000000000,2026-08-12 12:00:00+08:00,10930.0000000000,eaac6dd5511cfd7037981e1f61f305acb1cf66e7c9ebef8cd6b92ac696df637d,1,,,,0,3.7666666667,2026-08-19T18:00:00+08:00
2026-08-22,S11,K02,5,0,Z3,0.1200000000,2026-08-12 12:00:00+08:00,10931.0000000000,ac570a2c55ab958a4e124d11b654c084d4b5730cad144e36f93424284cab0abc,1,,,,0,3.7666666667,2026-08-19T18:00:00+08:00
2026-08-22,S11,K03,5,0,Z3,0.0000000000,2026-08-12 12:00:00+08:00,10932.0000000000,f98d4aa71e00d52cb081921bee6cede56778d2d03875e64589bc8e74d6a8165c,1,,,,0,3.7666666667,2026-08-19T18:00:00+08:00
2026-08-22,S11,K04,5,0,Z3,0.0000000000,2026-08-12 12:00:00+08:00,10933.0000000000,a4d0226071cbc75dd544632291f9cc09d787691dd1dacff6dd4b06435b3f867d,1,,,,0,3.7666666667,2026-08-19T18:00:00+08:00
2026-08-22,S11,K05,5,0,Z3,0.0000000000,2026-08-12 12:00:00+08:00,10934.0000000000,ecb94f7e505d7394ecf522926e41acbbb3ae51dc7a0a3c2850c4a26610269cd4,1,,,,0,3.7666666667,2026-08-19T18:00:00+08:00
2026-08-22,S11,K06,5,0,Z3,0.0000000000,2026-08-12 12:00:00+08:00,10935.0000000000,5c74044a851b37fdc30aacee6cabd586069c746ac8f05912fec0f1d0dc190944,1,,,,0,3.7666666667,2026-08-19T18:00:00+08:00
2026-08-22,S11,K07,5,0,Z3,0.0000000000,2026-08-12 12:00:00+08:00,10936.0000000000,d1ed16578c976f2d36b3aee1fbd3245fc35c057e25d3898130855aab0fe51083,1,,,,0,3.7666666667,2026-08-19T18:00:00+08:00
2026-08-22,S11,K08,5,0,Z3,0.1200000000,2026-08-12 12:00:00+08:00,10937.0000000000,8c982f091f584d3d230c2e330bf2ac58b49377ab5d71dcf61fc4ecdb4659c3bb,1,,,,0,3.7666666667,2026-08-19T18:00:00+08:00
2026-08-22,S12,K01,5,0,Z3,0.0000000000,2026-08-12 12:00:00+08:00,10938.0000000000,4d97e1a211bc908c980e6cfeb3b0a48ff183cd3b49c7e43ae836c59940799100,1,,,,0,3.7666666667,2026-08-19T18:00:00+08:00
2026-08-22,S12,K02,5,0,Z3,0.1200000000,2026-08-12 12:00:00+08:00,10939.0000000000,dd72202b7f7394a16a8fc99fa7d154947a743c0f593b8442071fefc84e62e3f1,1,,,,0,3.7666666667,2026-08-19T18:00:00+08:00
2026-08-22,S12,K03,5,0,Z3,0.0000000000,2026-08-12 12:00:00+08:00,10940.0000000000,2bf1f9ea6307bef63716c0768db01dfd9b326296abdc1586957f6cc615875f63,1,,,,0,3.7666666667,2026-08-19T18:00:00+08:00
2026-08-22,S12,K04,5,0,Z3,0.0000000000,2026-08-12 12:00:00+08:00,10941.0000000000,5e29de4ff1cbb5df17393d2b30cdbbe20419cdb3075ff769b5098e6ff2c5ca3e,1,,,,0,3.7666666667,2026-08-19T18:00:00+08:00
2026-08-22,S12,K05,5,0,Z3,0.0000000000,2026-08-12 12:00:00+08:00,10942.0000000000,fc629ada677003c375568e18b1bbba6168273027e6798c030d40554c68fa736e,1,,,,0,3.7666666667,2026-08-19T18:00:00+08:00
2026-08-22,S12,K06,5,0,Z3,0.0000000000,2026-08-12 12:00:00+08:00,10943.0000000000,32793a45489714c3496c95fc036c16500740541d5f935058740570d51aeda16b,1,,,,0,3.7666666667,2026-08-19T18:00:00+08:00
2026-08-22,S12,K07,5,0,Z3,0.0000000000,2026-08-12 12:00:00+08:00,10944.0000000000,ec632322fc8b0c7c582472fac6e82fe7b67ae8627adb56d78991b1d03f19690e,1,,,,0,3.7666666667,2026-08-19T18:00:00+08:00
2026-08-22,S12,K08,5,0,Z3,0.1200000000,2026-08-12 12:00:00+08:00,10945.0000000000,4bd9d9d1373ce1efeae93069db6fff7c6543c9d3f3938da0d6a09bcb98f7ca42,1,,,,0,3.7666666667,2026-08-19T18:00:00+08:00
2026-08-23,S01,K01,6,0,Z1,0.0000000000,2026-08-13 12:00:00+08:00,10946.0000000000,2e8d1e8ff8db8fb043622cc6365d050746673d1c8fa0ad6bf6af04e3147fd3e2,1,,,,0,3.8000000000,2026-08-19T18:00:00+08:00
2026-08-23,S01,K02,6,0,Z1,0.0000000000,2026-08-13 12:00:00+08:00,10947.0000000000,23d6466baa93ca95ae2e2a1668e5ea48e34fc7d6b3f3c3fd04cd9651977a6688,1,,,,0,3.8000000000,2026-08-19T18:00:00+08:00
2026-08-23,S01,K03,6,0,Z1,0.0000000000,2026-08-13 12:00:00+08:00,10948.0000000000,2d2d74e0a7e177a90af7b3f61c151c90040da362f21e43d53d9a5734d05564ab,1,,,,0,3.8000000000,2026-08-19T18:00:00+08:00
2026-08-23,S01,K04,6,0,Z1,0.0000000000,2026-08-13 12:00:00+08:00,10949.0000000000,8f50b616f227cce6e5f2906106b3c80495c60bab6e75755dbe6b2c98b95b21e9,1,,,,0,3.8000000000,2026-08-19T18:00:00+08:00
2026-08-23,S01,K05,6,0,Z1,0.0000000000,2026-08-13 12:00:00+08:00,10950.0000000000,d9b68f9bc6badf2f9744d8013ce0d6aa7a333cad90e0afbe14ec164554a0189e,1,,,,0,3.8000000000,2026-08-19T18:00:00+08:00
2026-08-23,S01,K06,6,0,Z1,0.1200000000,2026-08-13 12:00:00+08:00,10951.0000000000,02eab8f4f872957a80ca1f0ecc8de48488c50b53053a517fea8c8e493d150fa4,1,,,,0,3.8000000000,2026-08-19T18:00:00+08:00
2026-08-23,S01,K07,6,0,Z1,0.0000000000,2026-08-13 12:00:00+08:00,10952.0000000000,1fcec0097724b5985d5588bb21112e18843316730b99ae40ed4bfd6bb5a92fca,1,,,,0,3.8000000000,2026-08-19T18:00:00+08:00
2026-08-23,S01,K08,6,0,Z1,0.0000000000,2026-08-13 12:00:00+08:00,10953.0000000000,f763f00bb6b738513652713795243ac4e7fd3edf40b7f3e8c468a95e4367e46b,1,,,,0,3.8000000000,2026-08-19T18:00:00+08:00
2026-08-23,S02,K01,6,0,Z1,0.0000000000,2026-08-13 12:00:00+08:00,10954.0000000000,919557f5f8cbbdf593d3338738337b5ffb816abc402cd40b685198e1b5c1b50a,1,,,,0,3.8000000000,2026-08-19T18:00:00+08:00
2026-08-23,S02,K02,6,0,Z1,0.0000000000,2026-08-13 12:00:00+08:00,10955.0000000000,898c309a5d25cc416d281a403e8a39eb06859f1348f0ee190ce0a49bccdd7115,1,,,,0,3.8000000000,2026-08-19T18:00:00+08:00
2026-08-23,S02,K03,6,0,Z1,0.0000000000,2026-08-13 12:00:00+08:00,10956.0000000000,9e681ebbcb2e53d152385e0c75c993a8f83844e19987ccb0d7e57231559eb4af,1,,,,0,3.8000000000,2026-08-19T18:00:00+08:00
2026-08-23,S02,K04,6,0,Z1,0.0000000000,2026-08-13 12:00:00+08:00,10957.0000000000,b86b2caa44c09a50f78ecd19d3e58e655027c125836f081daa77535d88c56bb0,1,,,,0,3.8000000000,2026-08-19T18:00:00+08:00
2026-08-23,S02,K05,6,0,Z1,0.0000000000,2026-08-13 12:00:00+08:00,10958.0000000000,74111625be0ea136a289e8de3d0423f8ebe24fabc38cfe163d0f7e09dedad3dd,1,,,,0,3.8000000000,2026-08-19T18:00:00+08:00
2026-08-23,S02,K06,6,0,Z1,0.1200000000,2026-08-13 12:00:00+08:00,10959.0000000000,8a9bcb529d4b7bedf70f43e02866e28e4b5eff48798dccab7f01348df03d4b56,1,,,,0,3.8000000000,2026-08-19T18:00:00+08:00
2026-08-23,S02,K07,6,0,Z1,0.0000000000,2026-08-13 12:00:00+08:00,10960.0000000000,a84edb5ab340977fd4ff91642b5966dd65002ca629adce8cbfa3169ce184f71e,1,,,,0,3.8000000000,2026-08-19T18:00:00+08:00
2026-08-23,S02,K08,6,0,Z1,0.0000000000,2026-08-13 12:00:00+08:00,10961.0000000000,50666483718e41753bd9e489c847a63e102ea7073b00da6d36cb1699664bd918,1,,,,0,3.8000000000,2026-08-19T18:00:00+08:00
2026-08-23,S03,K01,6,0,Z1,0.0000000000,2026-08-13 12:00:00+08:00,10962.0000000000,0525cd007d5562e81e7a2f54bba4aa90ebb28c386f24a4b27876ed2396edaff1,1,,,,0,3.8000000000,2026-08-19T18:00:00+08:00
2026-08-23,S03,K02,6,0,Z1,0.0000000000,2026-08-13 12:00:00+08:00,10963.0000000000,3729cd30bc8937ed5f77e5cb32c68350d753e072db9f1c408d8e59ab5847a273,1,,,,0,3.8000000000,2026-08-19T18:00:00+08:00
2026-08-23,S03,K03,6,0,Z1,0.0000000000,2026-08-13 12:00:00+08:00,10964.0000000000,89c7ac827f79486681dab4aecfceb5b71054e6a4f07d5e1edc517406a4f65967,1,,,,0,3.8000000000,2026-08-19T18:00:00+08:00
2026-08-23,S03,K04,6,0,Z1,0.0000000000,2026-08-13 12:00:00+08:00,10965.0000000000,b3a13dba7cb476bdf472306189f7d5bacd63fb6655ff7a90eba70afb0a750a92,1,,,,0,3.8000000000,2026-08-19T18:00:00+08:00
2026-08-23,S03,K05,6,0,Z1,0.1200000000,2026-08-13 12:00:00+08:00,10966.0000000000,ce795747e47e4a806061d09514e5f635a776467bd7be1f06959038a2be619ce4,1,,,,0,3.8000000000,2026-08-19T18:00:00+08:00
2026-08-23,S03,K06,6,0,Z1,0.0000000000,2026-08-13 12:00:00+08:00,10967.0000000000,799ea680e3200e5d09fe6bb0aadc702e475c2f673adb8c72786ceaae97802ab3,1,,,,0,3.8000000000,2026-08-19T18:00:00+08:00
2026-08-23,S03,K07,6,0,Z1,0.0000000000,2026-08-13 12:00:00+08:00,10968.0000000000,9a877c7e50f6eaa24edc77d134c16cde74401f27a91900c4382d665c375be29c,1,,,,0,3.8000000000,2026-08-19T18:00:00+08:00
2026-08-23,S03,K08,6,0,Z1,0.0000000000,2026-08-13 12:00:00+08:00,10969.0000000000,b69f9ef8b793caecd0e528f4d143a47a2a2b07aebfe5b0d108caf8db749d1b8c,1,,,,0,3.8000000000,2026-08-19T18:00:00+08:00
2026-08-23,S04,K01,6,0,Z1,0.0000000000,2026-08-13 12:00:00+08:00,10970.0000000000,086ae197a271f94c0ed4879aa7090b450d1d64618b9ef0375f4930f6d8f17b84,1,,,,0,3.8000000000,2026-08-19T18:00:00+08:00
2026-08-23,S04,K02,6,0,Z1,0.0000000000,2026-08-13 12:00:00+08:00,10971.0000000000,2345cac33962ee230e65f86545664b852c9df4fee65092b71567613e8bb08332,1,,,,0,3.8000000000,2026-08-19T18:00:00+08:00
2026-08-23,S04,K03,6,0,Z1,0.0000000000,2026-08-13 12:00:00+08:00,10972.0000000000,165d0c619e7317b7b40a67d371ff52e86cab007a87ba3136f3dc54a4bed5a01d,1,,,,0,3.8000000000,2026-08-19T18:00:00+08:00
2026-08-23,S04,K04,6,0,Z1,0.0000000000,2026-08-13 12:00:00+08:00,10973.0000000000,cea91efb9fd9134845adaa34e56d4032e58cb89c9f6051b3eb74e86413c4f10f,1,,,,0,3.8000000000,2026-08-19T18:00:00+08:00
2026-08-23,S04,K05,6,0,Z1,0.1200000000,2026-08-13 12:00:00+08:00,10974.0000000000,6a21867fa0383f752306b73f6e63fa8bb5bf7e945d86cda1cadf364eefa93192,1,,,,0,3.8000000000,2026-08-19T18:00:00+08:00
2026-08-23,S04,K06,6,0,Z1,0.0000000000,2026-08-13 12:00:00+08:00,10975.0000000000,9dadc0c9afea55cf3832d39cf4d3e7a5df09d1a18419a89ae133d5c10a3a85ea,1,,,,0,3.8000000000,2026-08-19T18:00:00+08:00
2026-08-23,S04,K07,6,0,Z1,0.0000000000,2026-08-13 12:00:00+08:00,10976.0000000000,5b0634c6649e3819c2329f41c9516f432617f00c9fbc85c5303986e9a20224d5,1,,,,0,3.8000000000,2026-08-19T18:00:00+08:00
2026-08-23,S04,K08,6,0,Z1,0.0000000000,2026-08-13 12:00:00+08:00,10977.0000000000,6061b93e6adbcf2ca8a9b12588f899b1708e7767157fb1b229099cf610e577ec,1,,,,0,3.8000000000,2026-08-19T18:00:00+08:00
2026-08-23,S05,K01,6,0,Z2,0.0000000000,2026-08-13 12:00:00+08:00,10978.0000000000,5eb88db592b723bbee7b2529934dbd061b009c879fe89f8063515732e8254268,1,,,,0,3.8000000000,2026-08-19T18:00:00+08:00
2026-08-23,S05,K02,6,0,Z2,0.0000000000,2026-08-13 12:00:00+08:00,10979.0000000000,2d455c3b9f83d6d027bbaba30f7948dbb5d07174487f1fcf8b6fbb9e5394313f,1,,,,0,3.8000000000,2026-08-19T18:00:00+08:00
2026-08-23,S05,K03,6,0,Z2,0.0000000000,2026-08-13 12:00:00+08:00,10980.0000000000,6be767c1bf039696a42057910d20e248824930345bccf3556532abf104c40b66,1,,,,0,3.8000000000,2026-08-19T18:00:00+08:00
2026-08-23,S05,K04,6,0,Z2,0.0000000000,2026-08-13 12:00:00+08:00,10981.0000000000,268fe7f9f751546f9d00e0628fe5a4dfaf10ef451d7835ba52a23a5856d98494,1,,,,0,3.8000000000,2026-08-19T18:00:00+08:00
2026-08-23,S05,K05,6,0,Z2,0.1200000000,2026-08-13 12:00:00+08:00,10982.0000000000,845540778401df8c803ffd539b38060b67df0243029513f58054b9d8e484271d,1,,,,0,3.8000000000,2026-08-19T18:00:00+08:00
2026-08-23,S05,K06,6,0,Z2,0.0000000000,2026-08-13 12:00:00+08:00,10983.0000000000,cd824968ca327ef9b223bc0558149f2cc7f13ead31aeeaf8cfaa058980da6945,1,,,,0,3.8000000000,2026-08-19T18:00:00+08:00
2026-08-23,S05,K07,6,0,Z2,0.0000000000,2026-08-13 12:00:00+08:00,10984.0000000000,11e64c63a1819ea625916a8ad9aabb5caf6630b6cdc6d13408920dff8057453a,1,,,,0,3.8000000000,2026-08-19T18:00:00+08:00
2026-08-23,S05,K08,6,0,Z2,0.0000000000,2026-08-13 12:00:00+08:00,10985.0000000000,c7cbbbe636fa3adce0cb92e6dab402fa3950ec348876400fe57ead475062cb27,1,,,,0,3.8000000000,2026-08-19T18:00:00+08:00
2026-08-23,S06,K01,6,0,Z2,0.0000000000,2026-08-13 12:00:00+08:00,10986.0000000000,977a7bf3d7621d6ab443adc8919e72ba677c5f4befc1ed974b14a4e6ba171b3b,1,,,,0,3.8000000000,2026-08-19T18:00:00+08:00
2026-08-23,S06,K02,6,0,Z2,0.0000000000,2026-08-13 12:00:00+08:00,10987.0000000000,8633e13e27dad4645185308d6a99810a70ea1f39594c484a253b1a9ba0064b0f,1,,,,0,3.8000000000,2026-08-19T18:00:00+08:00
2026-08-23,S06,K03,6,0,Z2,0.0000000000,2026-08-13 12:00:00+08:00,10988.0000000000,b5efb496d03312d79299479999e887db29e29a98d9b4a4791a56b112635a133c,1,,,,0,3.8000000000,2026-08-19T18:00:00+08:00
2026-08-23,S06,K04,6,0,Z2,0.1200000000,2026-08-13 12:00:00+08:00,10989.0000000000,84f2561df532af89c7c554b37c2cbb30fd1ee7bfb53995def234a7d102240657,1,,,,0,3.8000000000,2026-08-19T18:00:00+08:00
2026-08-23,S06,K05,6,0,Z2,0.0000000000,2026-08-13 12:00:00+08:00,10990.0000000000,50237665a22d8a1c26bfa6d0ff0d067f5fb03e6c99fcb388ec0032aaff82813f,1,,,,0,3.8000000000,2026-08-19T18:00:00+08:00
2026-08-23,S06,K06,6,0,Z2,0.0000000000,2026-08-13 12:00:00+08:00,10991.0000000000,05064fe90afd49e149f9c952fffd6d9a35771840299a160c068ac3e76b239d0d,1,,,,0,3.8000000000,2026-08-19T18:00:00+08:00
2026-08-23,S06,K07,6,0,Z2,0.0000000000,2026-08-13 12:00:00+08:00,10992.0000000000,46d48570077e72e6d580667ded71514d808fcaea6d2aa529d1128d3d63e5ef9b,1,,,,0,3.8000000000,2026-08-19T18:00:00+08:00
2026-08-23,S06,K08,6,0,Z2,0.0000000000,2026-08-13 12:00:00+08:00,10993.0000000000,4e7c0dfc1d2022a895aced6500d895da1ef2c2da64a8f1d27c05d08d9891ab43,1,,,,0,3.8000000000,2026-08-19T18:00:00+08:00
2026-08-23,S07,K01,6,0,Z2,0.0000000000,2026-08-13 12:00:00+08:00,10994.0000000000,b5fc9cf9c37d4b213bba1530104e36cf025c9afb26614474badbedabf10d7894,1,,,,0,3.8000000000,2026-08-19T18:00:00+08:00
2026-08-23,S07,K02,6,0,Z2,0.0000000000,2026-08-13 12:00:00+08:00,10995.0000000000,02f5d6a427e108585e0b6fe90031bc69045b406a798957939b741c157803b663,1,,,,0,3.8000000000,2026-08-19T18:00:00+08:00
2026-08-23,S07,K03,6,0,Z2,0.0000000000,2026-08-13 12:00:00+08:00,10996.0000000000,bf5925c9d43b3f10c1023e7efcccc97dac52a2787bbb6b8fe4a89691f441be77,1,,,,0,3.8000000000,2026-08-19T18:00:00+08:00
2026-08-23,S07,K04,6,0,Z2,0.1200000000,2026-08-13 12:00:00+08:00,10997.0000000000,ced91e6f0dae999268ff9ece45380ae1db373f80bdfa45b4ef8a0732a3bea208,1,,,,0,3.8000000000,2026-08-19T18:00:00+08:00
2026-08-23,S07,K05,6,0,Z2,0.0000000000,2026-08-13 12:00:00+08:00,10998.0000000000,e495909cd9fa56a1074260f4b266343f43c28bc3f4f3542d2edc552890c2d582,1,,,,0,3.8000000000,2026-08-19T18:00:00+08:00
2026-08-23,S07,K06,6,0,Z2,0.0000000000,2026-08-13 12:00:00+08:00,10999.0000000000,363726a00df1628af2692e7280675c094210babddb4c3694b509b2d2b749ddd5,1,,,,0,3.8000000000,2026-08-19T18:00:00+08:00
2026-08-23,S07,K07,6,0,Z2,0.0000000000,2026-08-13 12:00:00+08:00,11000.0000000000,57190c1fd665051bac0fe6b0da98b1021ed385c811236902aa791212622c4c05,1,,,,0,3.8000000000,2026-08-19T18:00:00+08:00
2026-08-23,S07,K08,6,0,Z2,0.0000000000,2026-08-13 12:00:00+08:00,11001.0000000000,2e6fd82b83049e58ea73e6b3f64bb421640d92c0cdb31032858f53ee71322986,1,,,,0,3.8000000000,2026-08-19T18:00:00+08:00
2026-08-23,S08,K01,6,0,Z2,0.0000000000,2026-08-13 12:00:00+08:00,11002.0000000000,b90597f04fa2b81a771f35c4481f9eac41e6c59f07f44938bb6963bf8f47af2f,1,,,,0,3.8000000000,2026-08-19T18:00:00+08:00
2026-08-23,S08,K02,6,0,Z2,0.0000000000,2026-08-13 12:00:00+08:00,11003.0000000000,32858780bbb49352ffd6a6de914f669972470472e293e653f4505191c22d6302,1,,,,0,3.8000000000,2026-08-19T18:00:00+08:00
2026-08-23,S08,K03,6,0,Z2,0.1200000000,2026-08-13 12:00:00+08:00,11004.0000000000,98c18fe76a341b2c83cd99feeb36fe931bc8e419364a1725a36efa7e1ea316bf,1,,,,0,3.8000000000,2026-08-19T18:00:00+08:00
2026-08-23,S08,K04,6,0,Z2,0.0000000000,2026-08-13 12:00:00+08:00,11005.0000000000,4b0f5fb8ea83000ae97d5f843a72b730637d510d63428bd4fbf701fe74cf750e,1,,,,0,3.8000000000,2026-08-19T18:00:00+08:00
2026-08-23,S08,K05,6,0,Z2,0.0000000000,2026-08-13 12:00:00+08:00,11006.0000000000,efbcf39e3cdc159684bca56b8b6fb028e1b0a6900e8eafea8342cd33a1c80a8e,1,,,,0,3.8000000000,2026-08-19T18:00:00+08:00
2026-08-23,S08,K06,6,0,Z2,0.0000000000,2026-08-13 12:00:00+08:00,11007.0000000000,432593a76b66dd3869c3651037dd9efffbb32e9f84556851759128dc36ff6a40,1,,,,0,3.8000000000,2026-08-19T18:00:00+08:00
2026-08-23,S08,K07,6,0,Z2,0.0000000000,2026-08-13 12:00:00+08:00,11008.0000000000,55134e82e7b2b8a82c1460c1ea9bfd02300360868384060beddece1030043f11,1,,,,0,3.8000000000,2026-08-19T18:00:00+08:00
2026-08-23,S08,K08,6,0,Z2,0.0000000000,2026-08-13 12:00:00+08:00,11009.0000000000,322e53407787f70a0543a30b6b9e45501a95d9934054db8d00929641067d7196,1,,,,0,3.8000000000,2026-08-19T18:00:00+08:00
2026-08-23,S09,K01,6,0,Z3,0.0000000000,2026-08-13 12:00:00+08:00,11010.0000000000,c34b3158225465c1e79bbbdc90ccf7ca60fefc222730ddb52e34dac934b676d4,1,,,,0,3.8000000000,2026-08-19T18:00:00+08:00
2026-08-23,S09,K02,6,0,Z3,0.0000000000,2026-08-13 12:00:00+08:00,11011.0000000000,702c6c4b867c35e7bf5cbf8da44a53fc89db3c9b07af05c14a2cc9372fb2414c,1,,,,0,3.8000000000,2026-08-19T18:00:00+08:00
2026-08-23,S09,K03,6,0,Z3,0.1200000000,2026-08-13 12:00:00+08:00,11012.0000000000,b71868c7a7cd83eb10da76512958aa9259acb58cdbc1dd1feecb79bf11423e3e,1,,,,0,3.8000000000,2026-08-19T18:00:00+08:00
2026-08-23,S09,K04,6,0,Z3,0.0000000000,2026-08-13 12:00:00+08:00,11013.0000000000,74c271043b79b6029c5cfa6957fe1266ede9f3c2cf9f582f873b8612929aa059,1,,,,0,3.8000000000,2026-08-19T18:00:00+08:00
2026-08-23,S09,K05,6,0,Z3,0.0000000000,2026-08-13 12:00:00+08:00,11014.0000000000,38a9260d65d4826b45763e630fbbb78c42a47f48f29b53ef2cd9c521b8cb6342,1,,,,0,3.8000000000,2026-08-19T18:00:00+08:00
2026-08-23,S09,K06,6,0,Z3,0.0000000000,2026-08-13 12:00:00+08:00,11015.0000000000,407a7351b2a14be8cdd39b8eeebc9e7c8e9482977c378fc75555f3737299b785,1,,,,0,3.8000000000,2026-08-19T18:00:00+08:00
2026-08-23,S09,K07,6,0,Z3,0.0000000000,2026-08-13 12:00:00+08:00,11016.0000000000,f7553cbfa6edea2bb449f2149e9c2509901e454d62e2229439502788ae3adb16,1,,,,0,3.8000000000,2026-08-19T18:00:00+08:00
2026-08-23,S09,K08,6,0,Z3,0.0000000000,2026-08-13 12:00:00+08:00,11017.0000000000,09e6262b958a8e9490301ef1f22415aab8dd8a705860bc8b47cac219ad8be396,1,,,,0,3.8000000000,2026-08-19T18:00:00+08:00
2026-08-23,S10,K01,6,0,Z3,0.0000000000,2026-08-13 12:00:00+08:00,11018.0000000000,7ed7b7941ad6dbb45dd9aed143e4f39235fa12b1033fa9b6f42cc3c139f094c4,1,,,,0,3.8000000000,2026-08-19T18:00:00+08:00
2026-08-23,S10,K02,6,0,Z3,0.0000000000,2026-08-13 12:00:00+08:00,11019.0000000000,4dba2b6bef3da606e7026c3b79511740380d99cabbc1b9e37e7b6c647aef442d,1,,,,0,3.8000000000,2026-08-19T18:00:00+08:00
2026-08-23,S10,K03,6,0,Z3,0.1200000000,2026-08-13 12:00:00+08:00,11020.0000000000,754d6e91780a2a1a16522554e25aac9ad42c1f102eb2e91ffa227cee517c4bae,1,,,,0,3.8000000000,2026-08-19T18:00:00+08:00
2026-08-23,S10,K04,6,0,Z3,0.0000000000,2026-08-13 12:00:00+08:00,11021.0000000000,e6e702f1f54580dd56b61d98a765cbc2ad2ab22f32737274fb8a4b8d9d0ea271,1,,,,0,3.8000000000,2026-08-19T18:00:00+08:00
2026-08-23,S10,K05,6,0,Z3,0.0000000000,2026-08-13 12:00:00+08:00,11022.0000000000,2fc75986addb8570b96bb9698076573d9412a232ade4929e729942095a9438de,1,,,,0,3.8000000000,2026-08-19T18:00:00+08:00
2026-08-23,S10,K06,6,0,Z3,0.0000000000,2026-08-13 12:00:00+08:00,11023.0000000000,e015ecfd829f4a2e13027d23c1a10e0387d242e22eb4c151df7219716d19988b,1,,,,0,3.8000000000,2026-08-19T18:00:00+08:00
2026-08-23,S10,K07,6,0,Z3,0.0000000000,2026-08-13 12:00:00+08:00,11024.0000000000,5e5e4170be23d8be133bb4c47dcf6f843fefc599d77ca1545bcd2ec5a1d34627,1,,,,0,3.8000000000,2026-08-19T18:00:00+08:00
2026-08-23,S10,K08,6,0,Z3,0.1200000000,2026-08-13 12:00:00+08:00,11025.0000000000,6890db013c1baae29b0265c19c7c12058d4db7cb6ef30250c6b6af19adbc47fa,1,,,,0,3.8000000000,2026-08-19T18:00:00+08:00
2026-08-23,S11,K01,6,0,Z3,0.0000000000,2026-08-13 12:00:00+08:00,11026.0000000000,27c9a6eef7db33e25add91b9ccc72a9efa9d6be21598340320c339f183b84275,1,,,,0,3.8000000000,2026-08-19T18:00:00+08:00
2026-08-23,S11,K02,6,0,Z3,0.1200000000,2026-08-13 12:00:00+08:00,11027.0000000000,278f0c244d26e0f5ae37aa716344425d640c3b62d7f1631aa7bed68b412d3e64,1,,,,0,3.8000000000,2026-08-19T18:00:00+08:00
2026-08-23,S11,K03,6,0,Z3,0.0000000000,2026-08-13 12:00:00+08:00,11028.0000000000,d03dbc0f274a6c872e1e2992a7e521c16d7fb65e9be36ac617c2a31eaf31d051,1,,,,0,3.8000000000,2026-08-19T18:00:00+08:00
2026-08-23,S11,K04,6,0,Z3,0.0000000000,2026-08-13 12:00:00+08:00,11029.0000000000,560586c0b5ee2fa38215459a9a8f6db0f4218d5fb9d8b45ac9246e14c5693187,1,,,,0,3.8000000000,2026-08-19T18:00:00+08:00
2026-08-23,S11,K05,6,0,Z3,0.0000000000,2026-08-13 12:00:00+08:00,11030.0000000000,88e99289e8357c9f926fd1b3f595f11b1c5cb3e0ac024a9404172f91815cd134,1,,,,0,3.8000000000,2026-08-19T18:00:00+08:00
2026-08-23,S11,K06,6,0,Z3,0.0000000000,2026-08-13 12:00:00+08:00,11031.0000000000,f5a4944393d31a356b2418d83c7ae9196a9f5f4c508a4a81436f901874eaf1a0,1,,,,0,3.8000000000,2026-08-19T18:00:00+08:00
2026-08-23,S11,K07,6,0,Z3,0.0000000000,2026-08-13 12:00:00+08:00,11032.0000000000,8e55379d4c6e50ad6805e507c2fd8f50fd5ad43442f4a83e37717afa803692aa,1,,,,0,3.8000000000,2026-08-19T18:00:00+08:00
2026-08-23,S11,K08,6,0,Z3,0.1200000000,2026-08-13 12:00:00+08:00,11033.0000000000,0a3840782dd12b427c4fb83a49645fbb04e669d4b54c28e892dd014a7628287e,1,,,,0,3.8000000000,2026-08-19T18:00:00+08:00
2026-08-23,S12,K01,6,0,Z3,0.0000000000,2026-08-13 12:00:00+08:00,11034.0000000000,7949bb68c45091db63455021e9d31ec83346f5995745d91832a4a9e825ea5e4c,1,,,,0,3.8000000000,2026-08-19T18:00:00+08:00
2026-08-23,S12,K02,6,0,Z3,0.1200000000,2026-08-13 12:00:00+08:00,11035.0000000000,a5e56cff462506b256eb3f160341c501635e80d04eb99c27478f7a95dc7f57b7,1,,,,0,3.8000000000,2026-08-19T18:00:00+08:00
2026-08-23,S12,K03,6,0,Z3,0.0000000000,2026-08-13 12:00:00+08:00,11036.0000000000,6accd6a8db7303289fad3364b46916c392505f711f586cd1ce6e6e6e87a32172,1,,,,0,3.8000000000,2026-08-19T18:00:00+08:00
2026-08-23,S12,K04,6,0,Z3,0.0000000000,2026-08-13 12:00:00+08:00,11037.0000000000,00558b413dd27e2ff3cb7a0880c5a9eae11c6b4f7d69a70fa540fb7ce1b202bd,1,,,,0,3.8000000000,2026-08-19T18:00:00+08:00
2026-08-23,S12,K05,6,0,Z3,0.0000000000,2026-08-13 12:00:00+08:00,11038.0000000000,54a402d280f91f7f2e6f02134ac89f62de70a8684aa8059a732c0d2178fbc4ab,1,,,,0,3.8000000000,2026-08-19T18:00:00+08:00
2026-08-23,S12,K06,6,0,Z3,0.0000000000,2026-08-13 12:00:00+08:00,11039.0000000000,6514c402d68d99f863637edef1fe8f76078162dbc8c93088098816ba7a7ab1a5,1,,,,0,3.8000000000,2026-08-19T18:00:00+08:00
2026-08-23,S12,K07,6,0,Z3,0.0000000000,2026-08-13 12:00:00+08:00,11040.0000000000,38447d5d0f4e26f5db5c2ba3afc25ca3e559bcff5502cf8a4b5288461eff8eaf,1,,,,0,3.8000000000,2026-08-19T18:00:00+08:00
2026-08-23,S12,K08,6,0,Z3,0.1200000000,2026-08-13 12:00:00+08:00,11041.0000000000,4a6f5900bd9f311d622da62f44b7de710e6613f8ee3f693ba89c7dbac11ad068,1,,,,0,3.8000000000,2026-08-19T18:00:00+08:00
2026-08-24,S01,K01,0,0,Z1,0.0000000000,2026-08-14 12:00:00+08:00,11042.0000000000,5e7f78932a3f35945d2ddcf733de62f423cbee8515c9e721ea2963153e1ea4d0,1,,,,0,3.8333333333,2026-08-19T18:00:00+08:00
2026-08-24,S01,K02,0,0,Z1,0.0000000000,2026-08-14 12:00:00+08:00,11043.0000000000,d04efe5176869bca429b399b896781b1cbe049a54bdd79ba377a1681535016af,1,,,,0,3.8333333333,2026-08-19T18:00:00+08:00
2026-08-24,S01,K03,0,0,Z1,0.0000000000,2026-08-14 12:00:00+08:00,11044.0000000000,5be8ae2caa78438687368d13806aaf44e12d45b7da4b75f2749ee1a45160dd3a,1,,,,0,3.8333333333,2026-08-19T18:00:00+08:00
2026-08-24,S01,K04,0,0,Z1,0.0000000000,2026-08-14 12:00:00+08:00,11045.0000000000,5e81700e81c77a464e92c585cd5a1b727ffea02982e579c225596bd04b865127,1,,,,0,3.8333333333,2026-08-19T18:00:00+08:00
2026-08-24,S01,K05,0,0,Z1,0.0000000000,2026-08-14 12:00:00+08:00,11046.0000000000,addee197d4feb45d0d48b5460754f1e15722f25ac6ec3130e608137b356309aa,1,,,,0,3.8333333333,2026-08-19T18:00:00+08:00
2026-08-24,S01,K06,0,0,Z1,0.1200000000,2026-08-14 12:00:00+08:00,11047.0000000000,f7c7b89af4f2399b095647c53e49e95f2754a225bce0793744953e45d4ad4d28,1,,,,0,3.8333333333,2026-08-19T18:00:00+08:00
2026-08-24,S01,K07,0,0,Z1,0.0000000000,2026-08-14 12:00:00+08:00,11048.0000000000,a0a0ecd21d11206f200f2c21cca989b6b0820211178a81f9affe8afd4c6cf01a,1,,,,0,3.8333333333,2026-08-19T18:00:00+08:00
2026-08-24,S01,K08,0,0,Z1,0.0000000000,2026-08-14 12:00:00+08:00,11049.0000000000,f5b47bf7587c80d2dbb006ccd9165f3704965c5cc3c1ee5ef217afc04a9d8222,1,,,,0,3.8333333333,2026-08-19T18:00:00+08:00
2026-08-24,S02,K01,0,0,Z1,0.0000000000,2026-08-14 12:00:00+08:00,11050.0000000000,30dbcbe8bdff152c33a6383afd59720439b842e1739cf5e3f10f8cb23c5238e4,1,,,,0,3.8333333333,2026-08-19T18:00:00+08:00
2026-08-24,S02,K02,0,0,Z1,0.0000000000,2026-08-14 12:00:00+08:00,11051.0000000000,7d46a5758b531ed596716e5c86d23e7b5161a2abf437b68f9f5b2c074653edc8,1,,,,0,3.8333333333,2026-08-19T18:00:00+08:00
2026-08-24,S02,K03,0,0,Z1,0.0000000000,2026-08-14 12:00:00+08:00,11052.0000000000,7d0690f67be486e47a171676fa2af17f1e010bfc1ac58dea7e1df3b756dab553,1,,,,0,3.8333333333,2026-08-19T18:00:00+08:00
2026-08-24,S02,K04,0,0,Z1,0.0000000000,2026-08-14 12:00:00+08:00,11053.0000000000,ae2a04b0489c166d24baf6feba7ea4ae5b92806c6c91c16199892a627e03387c,1,,,,0,3.8333333333,2026-08-19T18:00:00+08:00
2026-08-24,S02,K05,0,0,Z1,0.0000000000,2026-08-14 12:00:00+08:00,11054.0000000000,c8275f3ae83f4a6aca418262e77d3b1c48765a0e45a449fb84ca55a4b4e2b1ef,1,,,,0,3.8333333333,2026-08-19T18:00:00+08:00
2026-08-24,S02,K06,0,0,Z1,0.1200000000,2026-08-14 12:00:00+08:00,11055.0000000000,7a78288a0ee87d1ba531c229945a2803f0cd49256f01f49854083582cb08a5fa,1,,,,0,3.8333333333,2026-08-19T18:00:00+08:00
2026-08-24,S02,K07,0,0,Z1,0.0000000000,2026-08-14 12:00:00+08:00,11056.0000000000,631b30c61203db165d68d35380eb99204849ce7a4ffdc9ed5284929ff05ebdab,1,,,,0,3.8333333333,2026-08-19T18:00:00+08:00
2026-08-24,S02,K08,0,0,Z1,0.0000000000,2026-08-14 12:00:00+08:00,11057.0000000000,9c228a55218475ca5de91fa7f0246a83e1980ff5763ae448288f73f7ec3c95f9,1,,,,0,3.8333333333,2026-08-19T18:00:00+08:00
2026-08-24,S03,K01,0,0,Z1,0.0000000000,2026-08-14 12:00:00+08:00,11058.0000000000,42191f6734647046755d8ae73f575610141b7835326fb90067531c5dc5534aa1,1,,,,0,3.8333333333,2026-08-19T18:00:00+08:00
2026-08-24,S03,K02,0,0,Z1,0.0000000000,2026-08-14 12:00:00+08:00,11059.0000000000,614c2ea351d28d4e8f0953f629ea8f3f51275f83854b1d4330d0af5ca3c47224,1,,,,0,3.8333333333,2026-08-19T18:00:00+08:00
2026-08-24,S03,K03,0,0,Z1,0.0000000000,2026-08-14 12:00:00+08:00,11060.0000000000,9128efd7ad1f44075d018fe663c102f671ca45872cec03b282e42c01db871794,1,,,,0,3.8333333333,2026-08-19T18:00:00+08:00
2026-08-24,S03,K04,0,0,Z1,0.0000000000,2026-08-14 12:00:00+08:00,11061.0000000000,8701c3a6bb7d69581d4d9516e6fc5aa72ab7e5bdeb709a299b3dd7574c419d14,1,,,,0,3.8333333333,2026-08-19T18:00:00+08:00
2026-08-24,S03,K05,0,0,Z1,0.1200000000,2026-08-14 12:00:00+08:00,11062.0000000000,7ad3f11340b5dbb0438b2737195286717cbea09565e7a5254d7c436bcce019f7,1,,,,0,3.8333333333,2026-08-19T18:00:00+08:00
2026-08-24,S03,K06,0,0,Z1,0.0000000000,2026-08-14 12:00:00+08:00,11063.0000000000,44a99bc7c16cf3327caaf28335c282ec29f8593e5c53cf968271d6f420e96b19,1,,,,0,3.8333333333,2026-08-19T18:00:00+08:00
2026-08-24,S03,K07,0,0,Z1,0.0000000000,2026-08-14 12:00:00+08:00,11064.0000000000,ebf63b43fb02bc21d639a589a7018f3a3ffb9d0154b8f679ac3703071895513d,1,,,,0,3.8333333333,2026-08-19T18:00:00+08:00
2026-08-24,S03,K08,0,0,Z1,0.0000000000,2026-08-14 12:00:00+08:00,11065.0000000000,fe6a80574b2dde0e494625b2b76ff4371045c16ac77928aeac9e874b768186ed,1,,,,0,3.8333333333,2026-08-19T18:00:00+08:00
2026-08-24,S04,K01,0,0,Z1,0.0000000000,2026-08-14 12:00:00+08:00,11066.0000000000,09574c9c5f5e09bf3c53de27b5d4c532aca4806bae2a9aff154bf23e45f59491,1,,,,0,3.8333333333,2026-08-19T18:00:00+08:00
2026-08-24,S04,K02,0,0,Z1,0.0000000000,2026-08-14 12:00:00+08:00,11067.0000000000,5d53680af2f6ef0ca46735c3289aa8c1c1460ec6bfecabfb31c6d27f7e649a1d,1,,,,0,3.8333333333,2026-08-19T18:00:00+08:00
2026-08-24,S04,K03,0,0,Z1,0.0000000000,2026-08-14 12:00:00+08:00,11068.0000000000,8e203c01e43261148a3896199ef601fd69972264b8d39ade0252489c250b628a,1,,,,0,3.8333333333,2026-08-19T18:00:00+08:00
2026-08-24,S04,K04,0,0,Z1,0.0000000000,2026-08-14 12:00:00+08:00,11069.0000000000,f8ee7339892e1510ca5b6f8aee2bdb4d8a6a1dae0af73a3669fa6495ea253460,1,,,,0,3.8333333333,2026-08-19T18:00:00+08:00
2026-08-24,S04,K05,0,0,Z1,0.1200000000,2026-08-14 12:00:00+08:00,11070.0000000000,7ac746a349c0ec9ee2e731eea5291409a4a4e584674bcef3db49701317f16328,1,,,,0,3.8333333333,2026-08-19T18:00:00+08:00
2026-08-24,S04,K06,0,0,Z1,0.0000000000,2026-08-14 12:00:00+08:00,11071.0000000000,bb8b74fda72dca268f2b750bf8438ed211a53d2e7af1cc1f5168beab1b0a82cd,1,,,,0,3.8333333333,2026-08-19T18:00:00+08:00
2026-08-24,S04,K07,0,0,Z1,0.0000000000,2026-08-14 12:00:00+08:00,11072.0000000000,f76b355878b67ce2df4c945b1f422b1eb8fffee38de3b265da2d6f7b775e3a39,1,,,,0,3.8333333333,2026-08-19T18:00:00+08:00
2026-08-24,S04,K08,0,0,Z1,0.0000000000,2026-08-14 12:00:00+08:00,11073.0000000000,7b749c2cad7b7722ffe6ebd84669e99c42bac0601c9c940376ebefaf28859d15,1,,,,0,3.8333333333,2026-08-19T18:00:00+08:00
2026-08-24,S05,K01,0,0,Z2,0.0000000000,2026-08-14 12:00:00+08:00,11074.0000000000,7226e80e4261888988691010f0b6fca05a5198ce31ecd76fa498a0c6d84f6a16,1,,,,0,3.8333333333,2026-08-19T18:00:00+08:00
2026-08-24,S05,K02,0,0,Z2,0.0000000000,2026-08-14 12:00:00+08:00,11075.0000000000,3c1506fe29f3986f451de6fbc4aba28d17c18ead6eac618d6049a585410d98c1,1,,,,0,3.8333333333,2026-08-19T18:00:00+08:00
2026-08-24,S05,K03,0,0,Z2,0.0000000000,2026-08-14 12:00:00+08:00,11076.0000000000,e656d0370a82e38e81e6652ce1221d133a201a55d01f992a0ad2605bd2f1aa7b,1,,,,0,3.8333333333,2026-08-19T18:00:00+08:00
2026-08-24,S05,K04,0,0,Z2,0.1200000000,2026-08-14 12:00:00+08:00,11077.0000000000,03606e896cf05f1e1307994d4e93fddf748de6b54c0390d9c6418fa7511d6901,1,,,,0,3.8333333333,2026-08-19T18:00:00+08:00
2026-08-24,S05,K05,0,0,Z2,0.0000000000,2026-08-14 12:00:00+08:00,11078.0000000000,5d79173a3f97b7c9483326e9f1fef16bf2733110776a1176df4f7ca493197ce5,1,,,,0,3.8333333333,2026-08-19T18:00:00+08:00
2026-08-24,S05,K06,0,0,Z2,0.0000000000,2026-08-14 12:00:00+08:00,11079.0000000000,f0a982e928e6e3701a6130c4ee0d2551317f112c1079c0f0eb41246c3eb34919,1,,,,0,3.8333333333,2026-08-19T18:00:00+08:00
2026-08-24,S05,K07,0,0,Z2,0.0000000000,2026-08-14 12:00:00+08:00,11080.0000000000,77dbe2655491ad200c6e68d641e4c0e59865692a3dc05546665402d212556ae1,1,,,,0,3.8333333333,2026-08-19T18:00:00+08:00
2026-08-24,S05,K08,0,0,Z2,0.0000000000,2026-08-14 12:00:00+08:00,11081.0000000000,84f927da1a2c5572c151216975a51f579e10d5528740c82a45693441e98e994d,1,,,,0,3.8333333333,2026-08-19T18:00:00+08:00
2026-08-24,S06,K01,0,0,Z2,0.0000000000,2026-08-14 12:00:00+08:00,11082.0000000000,b3b231910b7b67fb32874c16cfd7c4cc6904e0247bedb303fcce50b508cfbae9,1,,,,0,3.8333333333,2026-08-19T18:00:00+08:00
2026-08-24,S06,K02,0,0,Z2,0.0000000000,2026-08-14 12:00:00+08:00,11083.0000000000,5ee39fd6c11e1d65bebd5d89901f44f7f06d1dc14abd21fd52c11f0ef7dd867d,1,,,,0,3.8333333333,2026-08-19T18:00:00+08:00
2026-08-24,S06,K03,0,0,Z2,0.0000000000,2026-08-14 12:00:00+08:00,11084.0000000000,7a62c0976a97f53789c62f1ecc5282b279efa3bf86e4b6bb242f033b22685b99,1,,,,0,3.8333333333,2026-08-19T18:00:00+08:00
2026-08-24,S06,K04,0,0,Z2,0.1200000000,2026-08-14 12:00:00+08:00,11085.0000000000,5ba1ddbdb16708bd192f635d7104bae84c32196e6c7a7b7a86628df402201a44,1,,,,0,3.8333333333,2026-08-19T18:00:00+08:00
2026-08-24,S06,K05,0,0,Z2,0.0000000000,2026-08-14 12:00:00+08:00,11086.0000000000,f86cc30ed361c3acc828836b1b61ee2aa8cbf6226acbdeb79f589beedd157207,1,,,,0,3.8333333333,2026-08-19T18:00:00+08:00
2026-08-24,S06,K06,0,0,Z2,0.0000000000,2026-08-14 12:00:00+08:00,11087.0000000000,c9adf7c813cd655a34edf274148471b6836038d05886343688f9abe2aa737775,1,,,,0,3.8333333333,2026-08-19T18:00:00+08:00
2026-08-24,S06,K07,0,0,Z2,0.0000000000,2026-08-14 12:00:00+08:00,11088.0000000000,5e46e3a7fde12642703ef388379b08ed2cad2cd383791d4165395b12d2c5ff21,1,,,,0,3.8333333333,2026-08-19T18:00:00+08:00
2026-08-24,S06,K08,0,0,Z2,0.0000000000,2026-08-14 12:00:00+08:00,11089.0000000000,43ebc3e01a930480fc8cd92f4fe476e14f4131b077b84ef2f4e3f234698cd957,1,,,,0,3.8333333333,2026-08-19T18:00:00+08:00
2026-08-24,S07,K01,0,0,Z2,0.0000000000,2026-08-14 12:00:00+08:00,11090.0000000000,29eca17c5ca5ce581411fc44f4665eab3681051904db202d29c1307819fbe494,1,,,,0,3.8333333333,2026-08-19T18:00:00+08:00
2026-08-24,S07,K02,0,0,Z2,0.0000000000,2026-08-14 12:00:00+08:00,11091.0000000000,11cbbbc4ff55d11970e0dc2d918f7957c3e6cb2df9b3449d840d6c67458e0428,1,,,,0,3.8333333333,2026-08-19T18:00:00+08:00
2026-08-24,S07,K03,0,0,Z2,0.0000000000,2026-08-14 12:00:00+08:00,11092.0000000000,9f880b3189057b2046a5ced356ecab5bcfc21c0f699bb53f2428a06601344bec,1,,,,0,3.8333333333,2026-08-19T18:00:00+08:00
2026-08-24,S07,K04,0,0,Z2,0.1200000000,2026-08-14 12:00:00+08:00,11093.0000000000,c694815575615f29fb7d2aac3ab287893a547467128d6bc4eead53e201c40245,1,,,,0,3.8333333333,2026-08-19T18:00:00+08:00
2026-08-24,S07,K05,0,0,Z2,0.0000000000,2026-08-14 12:00:00+08:00,11094.0000000000,0da795c0473642f6b7aa65595ac11cab008b831cb4434dd31d455837ccadb870,1,,,,0,3.8333333333,2026-08-19T18:00:00+08:00
2026-08-24,S07,K06,0,0,Z2,0.0000000000,2026-08-14 12:00:00+08:00,11095.0000000000,9812ea1838da1c0d46a859f69440901d14a1c3ecfc5fa7b5497d235d4bff408b,1,,,,0,3.8333333333,2026-08-19T18:00:00+08:00
2026-08-24,S07,K07,0,0,Z2,0.0000000000,2026-08-14 12:00:00+08:00,11096.0000000000,e3e50333593fcaa14255593d20a22eaa730369e0793ebb762f30fba9f8b54387,1,,,,0,3.8333333333,2026-08-19T18:00:00+08:00
2026-08-24,S07,K08,0,0,Z2,0.0000000000,2026-08-14 12:00:00+08:00,11097.0000000000,32047e70c8fc0fe4e719ec34be3af4f15168227e447af8d9858ffc5e88fc8b82,1,,,,0,3.8333333333,2026-08-19T18:00:00+08:00
2026-08-24,S08,K01,0,0,Z2,0.0000000000,2026-08-14 12:00:00+08:00,11098.0000000000,8342ee91fb753cd90ada027e6090f6a968054872093f561b63560962aac6ce8c,1,,,,0,3.8333333333,2026-08-19T18:00:00+08:00
2026-08-24,S08,K02,0,0,Z2,0.0000000000,2026-08-14 12:00:00+08:00,11099.0000000000,a39b69f53ec889db069e9f7d070979a5f65a0b812a0e21dfeafd3acb72d193ae,1,,,,0,3.8333333333,2026-08-19T18:00:00+08:00
2026-08-24,S08,K03,0,0,Z2,0.1200000000,2026-08-14 12:00:00+08:00,11100.0000000000,7b577c2cf081f7e6e3141eb77eac9b8f229f4ced6586a2b68d66e9e2a27e0851,1,,,,0,3.8333333333,2026-08-19T18:00:00+08:00
2026-08-24,S08,K04,0,0,Z2,0.0000000000,2026-08-14 12:00:00+08:00,11101.0000000000,736cf9925a1aa91f7e2202bf4ddabed145f5ac0407bee93880d9b39c5be0b9e8,1,,,,0,3.8333333333,2026-08-19T18:00:00+08:00
2026-08-24,S08,K05,0,0,Z2,0.0000000000,2026-08-14 12:00:00+08:00,11102.0000000000,32bf3ebf271fc2e84336631f698fc6482e3c8239b5efe7bea93062af1af0a37f,1,,,,0,3.8333333333,2026-08-19T18:00:00+08:00
2026-08-24,S08,K06,0,0,Z2,0.0000000000,2026-08-14 12:00:00+08:00,11103.0000000000,ed22da6d2a5af16530b58168862f720de0cb9db36a76002b1f9f1fa732c55963,1,,,,0,3.8333333333,2026-08-19T18:00:00+08:00
2026-08-24,S08,K07,0,0,Z2,0.0000000000,2026-08-14 12:00:00+08:00,11104.0000000000,b8d457917b255c864659d9a672c2cb60e208add4849c15da3978a8e2fcb1df04,1,,,,0,3.8333333333,2026-08-19T18:00:00+08:00
2026-08-24,S08,K08,0,0,Z2,0.0000000000,2026-08-14 12:00:00+08:00,11105.0000000000,b36c3b74a0d3f2382f5ffa960058c29cb8b170d17444a1470e8681503b5eb2ce,1,,,,0,3.8333333333,2026-08-19T18:00:00+08:00
2026-08-24,S09,K01,0,0,Z3,0.0000000000,2026-08-14 12:00:00+08:00,11106.0000000000,a46f4d9efa75afe11a4f2eb05501e090379f2a4817de2850556a8894df22a0e4,1,,,,0,3.8333333333,2026-08-19T18:00:00+08:00
2026-08-24,S09,K02,0,0,Z3,0.0000000000,2026-08-14 12:00:00+08:00,11107.0000000000,0c20ad3231a5bb4fd173cde6334758a54971774955e9cad09e48d09bf589aa6e,1,,,,0,3.8333333333,2026-08-19T18:00:00+08:00
2026-08-24,S09,K03,0,0,Z3,0.1200000000,2026-08-14 12:00:00+08:00,11108.0000000000,c620035e3be70ed41164f865c02d1b4e46b8ead5589139fd181eee912f9adbdb,1,,,,0,3.8333333333,2026-08-19T18:00:00+08:00
2026-08-24,S09,K04,0,0,Z3,0.0000000000,2026-08-14 12:00:00+08:00,11109.0000000000,7f149978950f731641fa97a86da3336e04c9bdd24233463ff8eef412fd0e6079,1,,,,0,3.8333333333,2026-08-19T18:00:00+08:00
2026-08-24,S09,K05,0,0,Z3,0.0000000000,2026-08-14 12:00:00+08:00,11110.0000000000,fdd28329253ac9444d363443eb4a29f2a00387f2022d64e504a695aa5bf08e2f,1,,,,0,3.8333333333,2026-08-19T18:00:00+08:00
2026-08-24,S09,K06,0,0,Z3,0.0000000000,2026-08-14 12:00:00+08:00,11111.0000000000,7b7a0b36f8ccc62f93e2820119578cb36b275cf8854b1be3e32bd4af6d224a60,1,,,,0,3.8333333333,2026-08-19T18:00:00+08:00
2026-08-24,S09,K07,0,0,Z3,0.0000000000,2026-08-14 12:00:00+08:00,11112.0000000000,18f1bfbc1c85d6e72ec3dbaeab17558aa8b9b3c01a3aa294eaf6274805d21235,1,,,,0,3.8333333333,2026-08-19T18:00:00+08:00
2026-08-24,S09,K08,0,0,Z3,0.0000000000,2026-08-14 12:00:00+08:00,11113.0000000000,07c2eed088416cfda6d8be5c048d51b84db91650b348f8f2ce9328e5b2f92c7f,1,,,,0,3.8333333333,2026-08-19T18:00:00+08:00
2026-08-24,S10,K01,0,0,Z3,0.0000000000,2026-08-14 12:00:00+08:00,11114.0000000000,f894c1b9fc3f6a6b6d38dd26bd8aafba34cfcd923357830b9ddff14be092cf23,1,,,,0,3.8333333333,2026-08-19T18:00:00+08:00
2026-08-24,S10,K02,0,0,Z3,0.1200000000,2026-08-14 12:00:00+08:00,11115.0000000000,2ea9e5feedc447fe3bd12c6db45246b6e725698a30ca69541c3d346273158204,1,,,,0,3.8333333333,2026-08-19T18:00:00+08:00
2026-08-24,S10,K03,0,0,Z3,0.0000000000,2026-08-14 12:00:00+08:00,11116.0000000000,724b8b5c044dfd7e750784070f520887640fe8e59bfda88e5734c0efef0b3f00,1,,,,0,3.8333333333,2026-08-19T18:00:00+08:00
2026-08-24,S10,K04,0,0,Z3,0.0000000000,2026-08-14 12:00:00+08:00,11117.0000000000,5baa3222159e876b420f0678a60b4e12221633bf4db735ae473f7e3ba03f3599,1,,,,0,3.8333333333,2026-08-19T18:00:00+08:00
2026-08-24,S10,K05,0,0,Z3,0.0000000000,2026-08-14 12:00:00+08:00,11118.0000000000,141c50793136e83694fdea376365162b311a66c10396f4012bbd1ff5fcb2f6dc,1,,,,0,3.8333333333,2026-08-19T18:00:00+08:00
2026-08-24,S10,K06,0,0,Z3,0.0000000000,2026-08-14 12:00:00+08:00,11119.0000000000,0038e03a62c6e2027f1810010dba7841a8d9544c0db8b9930fa58e4069578432,1,,,,0,3.8333333333,2026-08-19T18:00:00+08:00
2026-08-24,S10,K07,0,0,Z3,0.0000000000,2026-08-14 12:00:00+08:00,11120.0000000000,479dbc8f8df32c8d1d7e06b2b28aec9d985b42f56aa38f81aeda6aa9281653bc,1,,,,0,3.8333333333,2026-08-19T18:00:00+08:00
2026-08-24,S10,K08,0,0,Z3,0.1200000000,2026-08-14 12:00:00+08:00,11121.0000000000,2b2fea9e8ec364a541678e6634b3e9d481a56a07e5eaf7c8435c48c85fc02b3c,1,,,,0,3.8333333333,2026-08-19T18:00:00+08:00
2026-08-24,S11,K01,0,0,Z3,0.0000000000,2026-08-14 12:00:00+08:00,11122.0000000000,8f8205574b5338e9c851326600e6c5ad7cdc9c8e0658938a0735887f87f26767,1,,,,0,3.8333333333,2026-08-19T18:00:00+08:00
2026-08-24,S11,K02,0,0,Z3,0.1200000000,2026-08-14 12:00:00+08:00,11123.0000000000,a0819432e0b88e0ced0ba9c4be0c4cb7fff24c20184d5650743b8db5800dbaaf,1,,,,0,3.8333333333,2026-08-19T18:00:00+08:00
2026-08-24,S11,K03,0,0,Z3,0.0000000000,2026-08-14 12:00:00+08:00,11124.0000000000,40d6e7413a1a26e15ba19ba772bcb3c3cb59e1b26f5d5ae4d3000dc2b4eec0d4,1,,,,0,3.8333333333,2026-08-19T18:00:00+08:00
2026-08-24,S11,K04,0,0,Z3,0.0000000000,2026-08-14 12:00:00+08:00,11125.0000000000,4dc37b9c126c7d935e043320332dd12e8edc3df067f2eb42359199df923d44da,1,,,,0,3.8333333333,2026-08-19T18:00:00+08:00
2026-08-24,S11,K05,0,0,Z3,0.0000000000,2026-08-14 12:00:00+08:00,11126.0000000000,64241a90c674dcb7991428e4ff87689b91fb1935cc9d51df95893d9adb58dfe2,1,,,,0,3.8333333333,2026-08-19T18:00:00+08:00
2026-08-24,S11,K06,0,0,Z3,0.0000000000,2026-08-14 12:00:00+08:00,11127.0000000000,79dde13612ac33af078091630c88e9e74364963901db8e21020170019ca1c2db,1,,,,0,3.8333333333,2026-08-19T18:00:00+08:00
2026-08-24,S11,K07,0,0,Z3,0.0000000000,2026-08-14 12:00:00+08:00,11128.0000000000,50dbb996f15e7ad45160a859f179392941c85b561818e81742967cd008166379,1,,,,0,3.8333333333,2026-08-19T18:00:00+08:00
2026-08-24,S11,K08,0,0,Z3,0.1200000000,2026-08-14 12:00:00+08:00,11129.0000000000,052a10c69ee77eaec0561d1d9c0edd0b593c25f14f13c1e7fb16a0906b20d388,1,,,,0,3.8333333333,2026-08-19T18:00:00+08:00
2026-08-24,S12,K01,0,0,Z3,0.0000000000,2026-08-14 12:00:00+08:00,11130.0000000000,3c9ecbea24935ff9134282395f7ab7af6de55ceb500597e311a8849683bdd0cb,1,,,,0,3.8333333333,2026-08-19T18:00:00+08:00
2026-08-24,S12,K02,0,0,Z3,0.1200000000,2026-08-14 12:00:00+08:00,11131.0000000000,c36463cadf529b8c26c5d7b3559ff4fb3507bc144239439914f35d3eb8ea720b,1,,,,0,3.8333333333,2026-08-19T18:00:00+08:00
2026-08-24,S12,K03,0,0,Z3,0.0000000000,2026-08-14 12:00:00+08:00,11132.0000000000,5d8245084679fa1de48188189796006b7c69f8edb3e5d32effe8cd33a228ab3d,1,,,,0,3.8333333333,2026-08-19T18:00:00+08:00
2026-08-24,S12,K04,0,0,Z3,0.0000000000,2026-08-14 12:00:00+08:00,11133.0000000000,50272af3b18e14ff87a92be633ea1b6aafa16339b94d1880900734e29131f067,1,,,,0,3.8333333333,2026-08-19T18:00:00+08:00
2026-08-24,S12,K05,0,0,Z3,0.0000000000,2026-08-14 12:00:00+08:00,11134.0000000000,a79c5c3798dbe864b7af98129e1d07107918cbfa98dd419527b57e981535a939,1,,,,0,3.8333333333,2026-08-19T18:00:00+08:00
2026-08-24,S12,K06,0,0,Z3,0.0000000000,2026-08-14 12:00:00+08:00,11135.0000000000,5fdaafc82532eccc4145a11f35befcefdf7f2b29cf0cc073198797d9828ec88a,1,,,,0,3.8333333333,2026-08-19T18:00:00+08:00
2026-08-24,S12,K07,0,0,Z3,0.1200000000,2026-08-14 12:00:00+08:00,11136.0000000000,cb7be0d439320b5e6ac9b2a811adb8d1740b0c9937efac98b29e285abdd45171,1,,,,0,3.8333333333,2026-08-19T18:00:00+08:00
2026-08-24,S12,K08,0,0,Z3,0.0000000000,2026-08-14 12:00:00+08:00,11137.0000000000,b004aa5611d12706f14771ed7466867eb26027e6e3b5db0c67f4b20e50e9b3ab,1,,,,0,3.8333333333,2026-08-19T18:00:00+08:00
2026-08-25,S01,K01,1,0,Z1,0.0000000000,2026-08-15 12:00:00+08:00,11138.0000000000,63028cb42ded2c4fde668d67fd718052292c6e63bc58bb28f43fe7412f4a81a4,1,,,,0,3.8666666667,2026-08-19T18:00:00+08:00
2026-08-25,S01,K02,1,0,Z1,0.0000000000,2026-08-15 12:00:00+08:00,11139.0000000000,47a62e01e9dc0337c143d611e9cddcf915eac989cd16653eb259697200461a55,1,,,,0,3.8666666667,2026-08-19T18:00:00+08:00
2026-08-25,S01,K03,1,0,Z1,0.0000000000,2026-08-15 12:00:00+08:00,11140.0000000000,2a7e524ad4c5d3acd90d0f031dbadc37f069563f7c240e98d6b3396c6cc2ec9b,1,,,,0,3.8666666667,2026-08-19T18:00:00+08:00
2026-08-25,S01,K04,1,0,Z1,0.0000000000,2026-08-15 12:00:00+08:00,11141.0000000000,43cda8f288d5942e76cc287694c0d663e60bea4488c6f9d3a19e06e5396bce97,1,,,,0,3.8666666667,2026-08-19T18:00:00+08:00
2026-08-25,S01,K05,1,0,Z1,0.0000000000,2026-08-15 12:00:00+08:00,11142.0000000000,80c188b18e11b8e858aaf4852fe95bfac95e683b5f45696bf1871abd703337cc,1,,,,0,3.8666666667,2026-08-19T18:00:00+08:00
2026-08-25,S01,K06,1,0,Z1,0.1200000000,2026-08-15 12:00:00+08:00,11143.0000000000,f86474cc74ee2a252ae19cf6d424cde766123164c63c7d96a1570d6625ec68f7,1,,,,0,3.8666666667,2026-08-19T18:00:00+08:00
2026-08-25,S01,K07,1,0,Z1,0.0000000000,2026-08-15 12:00:00+08:00,11144.0000000000,6909ce2676b30b11f991ea678aca8717d9613ed61bae643ff87a0dbb34dde207,1,,,,0,3.8666666667,2026-08-19T18:00:00+08:00
2026-08-25,S01,K08,1,0,Z1,0.0000000000,2026-08-15 12:00:00+08:00,11145.0000000000,f990935584c2c44b5a0dfde8b3adc649889344f8fb803b7e46199d16a537dc7a,1,,,,0,3.8666666667,2026-08-19T18:00:00+08:00
2026-08-25,S02,K01,1,0,Z1,0.0000000000,2026-08-15 12:00:00+08:00,11146.0000000000,b5b732e9cd587a724ecbdd642fc5896ca9d8bbcb4cb8914e2e26c6a8fcb2b1c6,1,,,,0,3.8666666667,2026-08-19T18:00:00+08:00
2026-08-25,S02,K02,1,0,Z1,0.0000000000,2026-08-15 12:00:00+08:00,11147.0000000000,d21ea274d7bec6e4aafd9d7664f1b66050b66a96dc2d0ae83e30682df6df3060,1,,,,0,3.8666666667,2026-08-19T18:00:00+08:00
2026-08-25,S02,K03,1,0,Z1,0.0000000000,2026-08-15 12:00:00+08:00,11148.0000000000,f9733b23658177000b54e5ddcb75f8877aeca1b67be7087172da32134e592fe9,1,,,,0,3.8666666667,2026-08-19T18:00:00+08:00
2026-08-25,S02,K04,1,0,Z1,0.0000000000,2026-08-15 12:00:00+08:00,11149.0000000000,e5ec04301bffd2ec3b8ed4c5170657927a7f4e4b0156f20dd8e7da947bb8fc9c,1,,,,0,3.8666666667,2026-08-19T18:00:00+08:00
2026-08-25,S02,K05,1,0,Z1,0.1200000000,2026-08-15 12:00:00+08:00,11150.0000000000,220d110f42a0ce9e68b3b1cd3732e957591345b2e2ce63d9cd1a90eb3ebeeb31,1,,,,0,3.8666666667,2026-08-19T18:00:00+08:00
2026-08-25,S02,K06,1,0,Z1,0.0000000000,2026-08-15 12:00:00+08:00,11151.0000000000,447dfac9befc26366455e5142e4b5499bb6101222b40abe35850fb461374bcc8,1,,,,0,3.8666666667,2026-08-19T18:00:00+08:00
2026-08-25,S02,K07,1,0,Z1,0.0000000000,2026-08-15 12:00:00+08:00,11152.0000000000,71f3f7e90f50f995e8813d5f809f815cbbd518704d5d40f05f947a09554bfe1e,1,,,,0,3.8666666667,2026-08-19T18:00:00+08:00
2026-08-25,S02,K08,1,0,Z1,0.0000000000,2026-08-15 12:00:00+08:00,11153.0000000000,8a9ca08928108d7bf38fbdef44bd445de41980de2724d4cb90e60eab25d7ebce,1,,,,0,3.8666666667,2026-08-19T18:00:00+08:00
2026-08-25,S03,K01,1,0,Z1,0.0000000000,2026-08-15 12:00:00+08:00,11154.0000000000,ca8545d0f914503b698b8d1fb1e5203382516c92720bb61144f8fe0a63be10d7,1,,,,0,3.8666666667,2026-08-19T18:00:00+08:00
2026-08-25,S03,K02,1,0,Z1,0.0000000000,2026-08-15 12:00:00+08:00,11155.0000000000,b5acb59244e86ecf96e2b3065e75489ea6fcb375c9216e38f517f2b7272fcb8e,1,,,,0,3.8666666667,2026-08-19T18:00:00+08:00
2026-08-25,S03,K03,1,0,Z1,0.0000000000,2026-08-15 12:00:00+08:00,11156.0000000000,a2b79200482e8e057f47dac0c0ee60cb07434aed4374e81d5e5c746e1112abf3,1,,,,0,3.8666666667,2026-08-19T18:00:00+08:00
2026-08-25,S03,K04,1,0,Z1,0.0000000000,2026-08-15 12:00:00+08:00,11157.0000000000,2af52d5ca6b88caa1214cbeb4afc09f265cf65f5298500ba8c11f55de66e7110,1,,,,0,3.8666666667,2026-08-19T18:00:00+08:00
2026-08-25,S03,K05,1,0,Z1,0.1200000000,2026-08-15 12:00:00+08:00,11158.0000000000,f4571d221c71b18e30aa6db89b53223ebc8dbd746635262598989208165354f0,1,,,,0,3.8666666667,2026-08-19T18:00:00+08:00
2026-08-25,S03,K06,1,0,Z1,0.0000000000,2026-08-15 12:00:00+08:00,11159.0000000000,fa16e24484e0138f9d02b6723936c41f374f8507546bf1962bf6b9f691d35dbb,1,,,,0,3.8666666667,2026-08-19T18:00:00+08:00
2026-08-25,S03,K07,1,0,Z1,0.0000000000,2026-08-15 12:00:00+08:00,11160.0000000000,d7e9a22d0013e58a07b3d7ac3deaf4eb88e7f086556b026e42b14cc61fd31cd1,1,,,,0,3.8666666667,2026-08-19T18:00:00+08:00
2026-08-25,S03,K08,1,0,Z1,0.0000000000,2026-08-15 12:00:00+08:00,11161.0000000000,eeea05650f7a154d8ab85acc839a07671d89391c6b4001859e04d44c3e8d0092,1,,,,0,3.8666666667,2026-08-19T18:00:00+08:00
2026-08-25,S04,K01,1,0,Z1,0.0000000000,2026-08-15 12:00:00+08:00,11162.0000000000,ac92400ecb8f57f5e58907833e540f96f147c9b2e72de9295f96c5c2350bbf65,1,,,,0,3.8666666667,2026-08-19T18:00:00+08:00
2026-08-25,S04,K02,1,0,Z1,0.0000000000,2026-08-15 12:00:00+08:00,11163.0000000000,c5d0f563ff64d5937526ec1572919c21b911dd9a3282e4a3e4f40653b6d35a1d,1,,,,0,3.8666666667,2026-08-19T18:00:00+08:00
2026-08-25,S04,K03,1,0,Z1,0.0000000000,2026-08-15 12:00:00+08:00,11164.0000000000,5eb4c4d2b63194059f10a8684f7f3f50d20f86f86cb3218ac7ef7166cf45ae86,1,,,,0,3.8666666667,2026-08-19T18:00:00+08:00
2026-08-25,S04,K04,1,0,Z1,0.0000000000,2026-08-15 12:00:00+08:00,11165.0000000000,43e223ccf27ffdc6a9dcaf0dc7172b77452ea549173bac6791cdb4086ad1e44f,1,,,,0,3.8666666667,2026-08-19T18:00:00+08:00
2026-08-25,S04,K05,1,0,Z1,0.1200000000,2026-08-15 12:00:00+08:00,11166.0000000000,22d52c35a4c8490c01ab3b5d46d277bf2747732d96399f7b47f6f4c3d225757c,1,,,,0,3.8666666667,2026-08-19T18:00:00+08:00
2026-08-25,S04,K06,1,0,Z1,0.0000000000,2026-08-15 12:00:00+08:00,11167.0000000000,fb2f75755c7f0466f048896f0a1e3a2a69a524c342ba83e0ea80320674486f5d,1,,,,0,3.8666666667,2026-08-19T18:00:00+08:00
2026-08-25,S04,K07,1,0,Z1,0.0000000000,2026-08-15 12:00:00+08:00,11168.0000000000,b3696a1b2186a969cd4be5c77e115325e0891dff5820bfa513c45f4265e1c667,1,,,,0,3.8666666667,2026-08-19T18:00:00+08:00
2026-08-25,S04,K08,1,0,Z1,0.0000000000,2026-08-15 12:00:00+08:00,11169.0000000000,59ef1dc3a374a07fa6711e92d8cf9128f069763dd3baf23c3bba7868d2d71584,1,,,,0,3.8666666667,2026-08-19T18:00:00+08:00
2026-08-25,S05,K01,1,0,Z2,0.0000000000,2026-08-15 12:00:00+08:00,11170.0000000000,49157a62cc6444365b14d7ea7c8838c95e91723c826ec9cb87582892b1e6e819,1,,,,0,3.8666666667,2026-08-19T18:00:00+08:00
2026-08-25,S05,K02,1,0,Z2,0.0000000000,2026-08-15 12:00:00+08:00,11171.0000000000,702dcf85f96a4cc0aaee8abbb3c70f88e5f0e552382e70097a36c1a714babeaa,1,,,,0,3.8666666667,2026-08-19T18:00:00+08:00
2026-08-25,S05,K03,1,0,Z2,0.0000000000,2026-08-15 12:00:00+08:00,11172.0000000000,26ed6ffa5d15a12f0b5b12e3b44b706e064fdd99b6f97969c4c07b07b4e82f8e,1,,,,0,3.8666666667,2026-08-19T18:00:00+08:00
2026-08-25,S05,K04,1,0,Z2,0.1200000000,2026-08-15 12:00:00+08:00,11173.0000000000,c1ab32da8c4502448d2103a2e72cdc3ad12b57ca07bd4952db5f06393b8762f7,1,,,,0,3.8666666667,2026-08-19T18:00:00+08:00
2026-08-25,S05,K05,1,0,Z2,0.0000000000,2026-08-15 12:00:00+08:00,11174.0000000000,ef298bc2caaf0800f78a406fe96b1c6822c4d7ac78a09639fcf31b16fb4490ed,1,,,,0,3.8666666667,2026-08-19T18:00:00+08:00
2026-08-25,S05,K06,1,0,Z2,0.0000000000,2026-08-15 12:00:00+08:00,11175.0000000000,4c99a2eb73b67c85f66afb6a5e341be0dbdbc00b0fbc772e0067981e894c3c11,1,,,,0,3.8666666667,2026-08-19T18:00:00+08:00
2026-08-25,S05,K07,1,0,Z2,0.0000000000,2026-08-15 12:00:00+08:00,11176.0000000000,464108412cf750b74efb7726ee70ffba3a2ec856ef4b896f7c6ded1cc3838fb0,1,,,,0,3.8666666667,2026-08-19T18:00:00+08:00
2026-08-25,S05,K08,1,0,Z2,0.0000000000,2026-08-15 12:00:00+08:00,11177.0000000000,865cdb101fddd3a0d54fb358a0f245566204987f77d1ea21506dbfcba7d9da84,1,,,,0,3.8666666667,2026-08-19T18:00:00+08:00
2026-08-25,S06,K01,1,0,Z2,0.0000000000,2026-08-15 12:00:00+08:00,11178.0000000000,22946a25608d8222c1ca37a6110b1c65e0b9bbc6ec38f5ac71448405a359b2f5,1,,,,0,3.8666666667,2026-08-19T18:00:00+08:00
2026-08-25,S06,K02,1,0,Z2,0.0000000000,2026-08-15 12:00:00+08:00,11179.0000000000,01f88b989df3a9179e6f1628c5031815a9196a38f029250b2f764f39fb168591,1,,,,0,3.8666666667,2026-08-19T18:00:00+08:00
2026-08-25,S06,K03,1,0,Z2,0.0000000000,2026-08-15 12:00:00+08:00,11180.0000000000,e90999afd7a2e166958201dd6ecbf339bda3ee5db95cad30cdf9af43a807f29a,1,,,,0,3.8666666667,2026-08-19T18:00:00+08:00
2026-08-25,S06,K04,1,0,Z2,0.1200000000,2026-08-15 12:00:00+08:00,11181.0000000000,eb0c26fb109917bc6ac74926dea36260d886dca3389533639eee94c2850ee5e3,1,,,,0,3.8666666667,2026-08-19T18:00:00+08:00
2026-08-25,S06,K05,1,0,Z2,0.0000000000,2026-08-15 12:00:00+08:00,11182.0000000000,0d12394bbd974dde840fc6ff54b62d1e8a036e02491e0592f836b749a9a360ba,1,,,,0,3.8666666667,2026-08-19T18:00:00+08:00
2026-08-25,S06,K06,1,0,Z2,0.0000000000,2026-08-15 12:00:00+08:00,11183.0000000000,450104983c1b5698541b23ac6ba715d36486db1f53a2858e19b080dc492d22d3,1,,,,0,3.8666666667,2026-08-19T18:00:00+08:00
2026-08-25,S06,K07,1,0,Z2,0.0000000000,2026-08-15 12:00:00+08:00,11184.0000000000,e277f3cdc5e6e27502fd76d479647ff841d353fd32f9681283c263fe6372133e,1,,,,0,3.8666666667,2026-08-19T18:00:00+08:00
2026-08-25,S06,K08,1,0,Z2,0.0000000000,2026-08-15 12:00:00+08:00,11185.0000000000,6b94e82ea3bfd3562947a86f4b374ee5ed1377cc09b9faf16195f93921719444,1,,,,0,3.8666666667,2026-08-19T18:00:00+08:00
2026-08-25,S07,K01,1,0,Z2,0.0000000000,2026-08-15 12:00:00+08:00,11186.0000000000,bca39965a653ef7d67ed26ab9b9ff22e3086f56a6dc7cb8e197eba0f7aac123c,1,,,,0,3.8666666667,2026-08-19T18:00:00+08:00
2026-08-25,S07,K02,1,0,Z2,0.0000000000,2026-08-15 12:00:00+08:00,11187.0000000000,fb39858a84264f10f71d563fcd237f458d021f3f702b72ca0269801c06267f62,1,,,,0,3.8666666667,2026-08-19T18:00:00+08:00
2026-08-25,S07,K03,1,0,Z2,0.1200000000,2026-08-15 12:00:00+08:00,11188.0000000000,123ee1004b3e0af6c3f5f3670427a6c9e47f12505198cd8472ba87fb8e0ffa83,1,,,,0,3.8666666667,2026-08-19T18:00:00+08:00
2026-08-25,S07,K04,1,0,Z2,0.0000000000,2026-08-15 12:00:00+08:00,11189.0000000000,9b58d258bddaa59280697942003dffd153a37fc1e15127b69835fb8c3d6b2903,1,,,,0,3.8666666667,2026-08-19T18:00:00+08:00
2026-08-25,S07,K05,1,0,Z2,0.0000000000,2026-08-15 12:00:00+08:00,11190.0000000000,333112278d4d55826ab8f8c830acc9d959657a138a1786e692033b424581b175,1,,,,0,3.8666666667,2026-08-19T18:00:00+08:00
2026-08-25,S07,K06,1,0,Z2,0.0000000000,2026-08-15 12:00:00+08:00,11191.0000000000,290953374635ab22bc78cb5f826fe74e8a3bd21336056b31d5a856c3dc8a6f51,1,,,,0,3.8666666667,2026-08-19T18:00:00+08:00
2026-08-25,S07,K07,1,0,Z2,0.0000000000,2026-08-15 12:00:00+08:00,11192.0000000000,e2b84b1e4d10e09cace07d09c106268f2f341443d32c754028d6468bc2b00a10,1,,,,0,3.8666666667,2026-08-19T18:00:00+08:00
2026-08-25,S07,K08,1,0,Z2,0.0000000000,2026-08-15 12:00:00+08:00,11193.0000000000,efee35511c1558ec9a597bd779300c2d789345a9db04a592db44e51def44a531,1,,,,0,3.8666666667,2026-08-19T18:00:00+08:00
2026-08-25,S08,K01,1,0,Z2,0.0000000000,2026-08-15 12:00:00+08:00,11194.0000000000,1f874872394e74c51c93a2976dc830d9203a616cc9ee2483cdeec0c1eafabf07,1,,,,0,3.8666666667,2026-08-19T18:00:00+08:00
2026-08-25,S08,K02,1,0,Z2,0.0000000000,2026-08-15 12:00:00+08:00,11195.0000000000,ff565d651e968ac4a54dc0a253bdde3e8e26961494fcfef09e07af5054261700,1,,,,0,3.8666666667,2026-08-19T18:00:00+08:00
2026-08-25,S08,K03,1,0,Z2,0.1200000000,2026-08-15 12:00:00+08:00,11196.0000000000,297975335f1d5b9871b6d49698e9b959a82822c58f93d25033b3cd945a98d6c1,1,,,,0,3.8666666667,2026-08-19T18:00:00+08:00
2026-08-25,S08,K04,1,0,Z2,0.0000000000,2026-08-15 12:00:00+08:00,11197.0000000000,d54d4b8b8406f86937123d93d57773aa82471e29a9df4c218df06ba802e0a6c5,1,,,,0,3.8666666667,2026-08-19T18:00:00+08:00
2026-08-25,S08,K05,1,0,Z2,0.0000000000,2026-08-15 12:00:00+08:00,11198.0000000000,b765333812f2515bfa6ca6677da4219e64587845a1efb379e7a8706bddc2546b,1,,,,0,3.8666666667,2026-08-19T18:00:00+08:00
2026-08-25,S08,K06,1,0,Z2,0.0000000000,2026-08-15 12:00:00+08:00,11199.0000000000,d6f4036337a0c334d8fe2ed488435beeaf6b1d4f2db53db9241aeaf2278e3ca4,1,,,,0,3.8666666667,2026-08-19T18:00:00+08:00
2026-08-25,S08,K07,1,0,Z2,0.0000000000,2026-08-15 12:00:00+08:00,11200.0000000000,50377b3e962368c506a6fc404fdbdde3383e128b0b94028a24b0edf13d8a4a5d,1,,,,0,3.8666666667,2026-08-19T18:00:00+08:00
2026-08-25,S08,K08,1,0,Z2,0.0000000000,2026-08-15 12:00:00+08:00,11201.0000000000,6cfc96bd4963b96c73b261934fcfeead74adcebf3372993c8cb81dec964cf7c2,1,,,,0,3.8666666667,2026-08-19T18:00:00+08:00
2026-08-25,S09,K01,1,0,Z3,0.0000000000,2026-08-15 12:00:00+08:00,11202.0000000000,95fbf46f8bb4f945adce1034a93d386cd5f4287f338139141cd442e90eefb387,1,,,,0,3.8666666667,2026-08-19T18:00:00+08:00
2026-08-25,S09,K02,1,0,Z3,0.0000000000,2026-08-15 12:00:00+08:00,11203.0000000000,5dbd0276c07239c8ff50516c8d3c32d2d15bad39cb04f96ba8f20a63b8d614b6,1,,,,0,3.8666666667,2026-08-19T18:00:00+08:00
2026-08-25,S09,K03,1,0,Z3,0.1200000000,2026-08-15 12:00:00+08:00,11204.0000000000,cb10b2a6542596494f93c3a4bd2d24a80bac69bd73a6050bcd8d37aef6e06374,1,,,,0,3.8666666667,2026-08-19T18:00:00+08:00
2026-08-25,S09,K04,1,0,Z3,0.0000000000,2026-08-15 12:00:00+08:00,11205.0000000000,9c193b969bbe8019fa148db6ecf36b8686124ca88534cfc6cb0b21fc03291b7a,1,,,,0,3.8666666667,2026-08-19T18:00:00+08:00
2026-08-25,S09,K05,1,0,Z3,0.0000000000,2026-08-15 12:00:00+08:00,11206.0000000000,53d8752434abd92ca632d8587f6edb5b5e8aad8937ee6994f3a57ec4b932b4db,1,,,,0,3.8666666667,2026-08-19T18:00:00+08:00
2026-08-25,S09,K06,1,0,Z3,0.0000000000,2026-08-15 12:00:00+08:00,11207.0000000000,cc5e74b24eca1f365338d3b5044860e88bb37f0cbe2478b151c1e201f4c77b79,1,,,,0,3.8666666667,2026-08-19T18:00:00+08:00
2026-08-25,S09,K07,1,0,Z3,0.0000000000,2026-08-15 12:00:00+08:00,11208.0000000000,f96986bfaafc6d94dd879c91fefb136f7b5c3e83ea096952b1e596f2d89ee1d2,1,,,,0,3.8666666667,2026-08-19T18:00:00+08:00
2026-08-25,S09,K08,1,0,Z3,0.1200000000,2026-08-15 12:00:00+08:00,11209.0000000000,7f96dd7b8634429e18b7e8cd14593fd7b7ee71f96da12cf2625d86b72fed31a6,1,,,,0,3.8666666667,2026-08-19T18:00:00+08:00
2026-08-25,S10,K01,1,0,Z3,0.0000000000,2026-08-15 12:00:00+08:00,11210.0000000000,33d4541467f51901f670ffe3f62ba0dc883c5c751bfc54a2dddb588bfe2ed3ed,1,,,,0,3.8666666667,2026-08-19T18:00:00+08:00
2026-08-25,S10,K02,1,0,Z3,0.1200000000,2026-08-15 12:00:00+08:00,11211.0000000000,58c33b2f83bdf84706fc556bf738076461edbd0dccbb6f3b15dcf1d442eb70bf,1,,,,0,3.8666666667,2026-08-19T18:00:00+08:00
2026-08-25,S10,K03,1,0,Z3,0.0000000000,2026-08-15 12:00:00+08:00,11212.0000000000,cd16cd1ef41606924ff2d312e71a235e331b318fdf195982b64aa120fbd5cf79,1,,,,0,3.8666666667,2026-08-19T18:00:00+08:00
2026-08-25,S10,K04,1,0,Z3,0.0000000000,2026-08-15 12:00:00+08:00,11213.0000000000,1e2dc445f2cc38cb1ac63d25fc3d9e007396d07230a6f5d8941566e442e507ab,1,,,,0,3.8666666667,2026-08-19T18:00:00+08:00
2026-08-25,S10,K05,1,0,Z3,0.0000000000,2026-08-15 12:00:00+08:00,11214.0000000000,97e4c945890a8ac69f1c208eabf70894fda2c3d509a7b9bfddc0ff82cfb6050f,1,,,,0,3.8666666667,2026-08-19T18:00:00+08:00
2026-08-25,S10,K06,1,0,Z3,0.0000000000,2026-08-15 12:00:00+08:00,11215.0000000000,95b9192a9aabb960ed91076adb56cf19f47b69dcce8ad31a6e6fa88cff6b473c,1,,,,0,3.8666666667,2026-08-19T18:00:00+08:00
2026-08-25,S10,K07,1,0,Z3,0.0000000000,2026-08-15 12:00:00+08:00,11216.0000000000,abba96a765f17beff7b132d321673fdef21d94fe91277a7077e2514682f2ae7d,1,,,,0,3.8666666667,2026-08-19T18:00:00+08:00
2026-08-25,S10,K08,1,0,Z3,0.1200000000,2026-08-15 12:00:00+08:00,11217.0000000000,38e692e44bb80e4945fcc8ea716391846103ad2a873d3415fcf44c54ffaf2a47,1,,,,0,3.8666666667,2026-08-19T18:00:00+08:00
2026-08-25,S11,K01,1,0,Z3,0.0000000000,2026-08-15 12:00:00+08:00,11218.0000000000,5ed6991ef01e0de80a83313977fb5eab3e7d3e3732a3d08e22cbc36e87d43ff1,1,,,,0,3.8666666667,2026-08-19T18:00:00+08:00
2026-08-25,S11,K02,1,0,Z3,0.1200000000,2026-08-15 12:00:00+08:00,11219.0000000000,d56c03e90606efb58a34bbce309c9542e0bdc24f63542a82fa5ef26524642ab3,1,,,,0,3.8666666667,2026-08-19T18:00:00+08:00
2026-08-25,S11,K03,1,0,Z3,0.0000000000,2026-08-15 12:00:00+08:00,11220.0000000000,a13cb33f5e04db2a311db1df3673df17847aa1389889b2eefd2369d458a877f7,1,,,,0,3.8666666667,2026-08-19T18:00:00+08:00
2026-08-25,S11,K04,1,0,Z3,0.0000000000,2026-08-15 12:00:00+08:00,11221.0000000000,345b46527c2ee18a2223b2bcb166a1f7811ce71243c3f030255810aacbb0f457,1,,,,0,3.8666666667,2026-08-19T18:00:00+08:00
2026-08-25,S11,K05,1,0,Z3,0.0000000000,2026-08-15 12:00:00+08:00,11222.0000000000,601d65d5723aee4fbb8613ca3f8106952120da720b2f9f3bc31abc1a9d131249,1,,,,0,3.8666666667,2026-08-19T18:00:00+08:00
2026-08-25,S11,K06,1,0,Z3,0.0000000000,2026-08-15 12:00:00+08:00,11223.0000000000,1aa8268673e3551749fd830ba3e45cec81bef643dabbf010f808593ab037a8e6,1,,,,0,3.8666666667,2026-08-19T18:00:00+08:00
2026-08-25,S11,K07,1,0,Z3,0.0000000000,2026-08-15 12:00:00+08:00,11224.0000000000,2a4b5f8c332530c763cc5c2eb3b35d33ee17acb0ddccce237468566d97fa7c86,1,,,,0,3.8666666667,2026-08-19T18:00:00+08:00
2026-08-25,S11,K08,1,0,Z3,0.1200000000,2026-08-15 12:00:00+08:00,11225.0000000000,5bc76067f491e4867a605d50804e45aad5748e70a23ea0acd114380c8b2e6877,1,,,,0,3.8666666667,2026-08-19T18:00:00+08:00
2026-08-25,S12,K01,1,0,Z3,0.1200000000,2026-08-15 12:00:00+08:00,11226.0000000000,5a21965b50ea4d83574fa1ecc88795036ef8ecbc451515c8074e75bdb0906190,1,,,,0,3.8666666667,2026-08-19T18:00:00+08:00
2026-08-25,S12,K02,1,0,Z3,0.0000000000,2026-08-15 12:00:00+08:00,11227.0000000000,bf841fb6249b381800ad6863a40de074b592e4c7a1cd9ce5bfa232f09bf8c878,1,,,,0,3.8666666667,2026-08-19T18:00:00+08:00
2026-08-25,S12,K03,1,0,Z3,0.0000000000,2026-08-15 12:00:00+08:00,11228.0000000000,b5a6ca7d98c25f9809ee8295deda797d1df7ba15eab1efad9afd419fdb518a65,1,,,,0,3.8666666667,2026-08-19T18:00:00+08:00
2026-08-25,S12,K04,1,0,Z3,0.0000000000,2026-08-15 12:00:00+08:00,11229.0000000000,fdbe713f79200a671b77953a10401e852ca735416484847adf5d2ca42f58c103,1,,,,0,3.8666666667,2026-08-19T18:00:00+08:00
2026-08-25,S12,K05,1,0,Z3,0.0000000000,2026-08-15 12:00:00+08:00,11230.0000000000,703371bc735f09bf621f7dd4fb5937f0d1357d8f1178f06d5fb3ab418822a6a1,1,,,,0,3.8666666667,2026-08-19T18:00:00+08:00
2026-08-25,S12,K06,1,0,Z3,0.0000000000,2026-08-15 12:00:00+08:00,11231.0000000000,22b154a449da48d58d087e794f826204c6d268f0d4f7bee1714ee1a443c1fabf,1,,,,0,3.8666666667,2026-08-19T18:00:00+08:00
2026-08-25,S12,K07,1,0,Z3,0.1200000000,2026-08-15 12:00:00+08:00,11232.0000000000,428653fdd02b2d6256882ecace17532d2f713538947e8a4413bc5ba38d9730f7,1,,,,0,3.8666666667,2026-08-19T18:00:00+08:00
2026-08-25,S12,K08,1,0,Z3,0.0000000000,2026-08-15 12:00:00+08:00,11233.0000000000,ec0a864ca385c5dd7573b55d8ac4ef48f117526c3050953074817b48a736959c,1,,,,0,3.8666666667,2026-08-19T18:00:00+08:00
2026-08-26,S01,K01,2,0,Z1,0.0000000000,2026-08-16 12:00:00+08:00,11234.0000000000,472dcba542ad89ff2c06be1cb9f6ba87e5e7ed3aa08e874ebbcee9c41765e807,1,,,,0,3.9000000000,2026-08-19T18:00:00+08:00
2026-08-26,S01,K02,2,0,Z1,0.0000000000,2026-08-16 12:00:00+08:00,11235.0000000000,ad10b819bfcfc807bba46eb48128f53d772a3f287c84a6f8bcb7aaf403e66eba,1,,,,0,3.9000000000,2026-08-19T18:00:00+08:00
2026-08-26,S01,K03,2,0,Z1,0.0000000000,2026-08-16 12:00:00+08:00,11236.0000000000,b0854780bbfdd029f14f767b5921e56095ca825c31ca7c4670c7859a47ed4381,1,,,,0,3.9000000000,2026-08-19T18:00:00+08:00
2026-08-26,S01,K04,2,0,Z1,0.0000000000,2026-08-16 12:00:00+08:00,11237.0000000000,255bf6dbda73f0b36a5674fc56c2e0bc47b1605dcbe9251de008bab73c7e55c3,1,,,,0,3.9000000000,2026-08-19T18:00:00+08:00
2026-08-26,S01,K05,2,0,Z1,0.0000000000,2026-08-16 12:00:00+08:00,11238.0000000000,5ab0ac14573dacc2da2fe99c2b0b8a095e67af40b4318a1e2175dcd80e38f7e1,1,,,,0,3.9000000000,2026-08-19T18:00:00+08:00
2026-08-26,S01,K06,2,0,Z1,0.1200000000,2026-08-16 12:00:00+08:00,11239.0000000000,778c3b69268c006228dadc8a386e69c14b2e4814f2640aceb5fd409db07c09c8,1,,,,0,3.9000000000,2026-08-19T18:00:00+08:00
2026-08-26,S01,K07,2,0,Z1,0.0000000000,2026-08-16 12:00:00+08:00,11240.0000000000,7979ec844b7661f9866f1f8cbe203f28477032b0e663ac269cd71f3a70c1f2ba,1,,,,0,3.9000000000,2026-08-19T18:00:00+08:00
2026-08-26,S01,K08,2,0,Z1,0.0000000000,2026-08-16 12:00:00+08:00,11241.0000000000,3879512dca65b7f3225251cb8fd540d5add970e70566fbb5b30bb2586281fd00,1,,,,0,3.9000000000,2026-08-19T18:00:00+08:00
2026-08-26,S02,K01,2,0,Z1,0.0000000000,2026-08-16 12:00:00+08:00,11242.0000000000,a9477d3fd649a00c351395683d516b9980eec28622550e25b6368cf56dbc7884,1,,,,0,3.9000000000,2026-08-19T18:00:00+08:00
2026-08-26,S02,K02,2,0,Z1,0.0000000000,2026-08-16 12:00:00+08:00,11243.0000000000,cb65ac366bda954b663090d64fbc5949ba0c1945aed017c6441e6eae5e0a77aa,1,,,,0,3.9000000000,2026-08-19T18:00:00+08:00
2026-08-26,S02,K03,2,0,Z1,0.0000000000,2026-08-16 12:00:00+08:00,11244.0000000000,b49d56bc2238ae79b7050005d70d02c6234432725672b29b897fe30f1d9bd0fa,1,,,,0,3.9000000000,2026-08-19T18:00:00+08:00
2026-08-26,S02,K04,2,0,Z1,0.0000000000,2026-08-16 12:00:00+08:00,11245.0000000000,97dacc8a3e97371f91939ff197ac7501329208f321c8f1e97fdcf90de10d9764,1,,,,0,3.9000000000,2026-08-19T18:00:00+08:00
2026-08-26,S02,K05,2,0,Z1,0.1200000000,2026-08-16 12:00:00+08:00,11246.0000000000,f24751a60d9d18aeca923196894794b46defd219ea9955de294d6d25b77da9b0,1,,,,0,3.9000000000,2026-08-19T18:00:00+08:00
2026-08-26,S02,K06,2,0,Z1,0.0000000000,2026-08-16 12:00:00+08:00,11247.0000000000,b6420aa801176be96c0dc0c7f8ba41a666a81d5419169e0304a3c84901cb8c69,1,,,,0,3.9000000000,2026-08-19T18:00:00+08:00
2026-08-26,S02,K07,2,0,Z1,0.0000000000,2026-08-16 12:00:00+08:00,11248.0000000000,a72cbc2b5c1e68e311507c78c617dadd106640eb33450cd528b99dc079f0a5d6,1,,,,0,3.9000000000,2026-08-19T18:00:00+08:00
2026-08-26,S02,K08,2,0,Z1,0.0000000000,2026-08-16 12:00:00+08:00,11249.0000000000,09ad59ada2ecb07b7fecf3ed65641b7474fd14e7293eaca0f97072327b6ae926,1,,,,0,3.9000000000,2026-08-19T18:00:00+08:00
2026-08-26,S03,K01,2,0,Z1,0.0000000000,2026-08-16 12:00:00+08:00,11250.0000000000,826f0ae54d3f10fc8af0f4b5ef77c2c4ed72ddf79da9d9d0f04da21a3d4952e6,1,,,,0,3.9000000000,2026-08-19T18:00:00+08:00
2026-08-26,S03,K02,2,0,Z1,0.0000000000,2026-08-16 12:00:00+08:00,11251.0000000000,d3c82e634e3817f73e0f328d489d54224907ae0d8efc7a8d4cea976ec7be0d4e,1,,,,0,3.9000000000,2026-08-19T18:00:00+08:00
2026-08-26,S03,K03,2,0,Z1,0.0000000000,2026-08-16 12:00:00+08:00,11252.0000000000,e8144c1035dfac3d0bbdfc14c4fa972c7db79947c90f7e476f7fa26651c0d5e1,1,,,,0,3.9000000000,2026-08-19T18:00:00+08:00
2026-08-26,S03,K04,2,0,Z1,0.0000000000,2026-08-16 12:00:00+08:00,11253.0000000000,e26eafb8ffbe885abf00b8d7e5f28050cfb7cd77fd0d48ca3f92cca967e585c6,1,,,,0,3.9000000000,2026-08-19T18:00:00+08:00
2026-08-26,S03,K05,2,0,Z1,0.1200000000,2026-08-16 12:00:00+08:00,11254.0000000000,0e849f97cb8107d32e6a2a4af0ef3358c710d233e71441b708d660f2730ee340,1,,,,0,3.9000000000,2026-08-19T18:00:00+08:00
2026-08-26,S03,K06,2,0,Z1,0.0000000000,2026-08-16 12:00:00+08:00,11255.0000000000,a52c0bc7e48ddc268b6f8b975c8fc512befd1598d22f1b8366540bdb72648499,1,,,,0,3.9000000000,2026-08-19T18:00:00+08:00
2026-08-26,S03,K07,2,0,Z1,0.0000000000,2026-08-16 12:00:00+08:00,11256.0000000000,84fae958409523a9ebd3f5f45de32b6d05ff1baa5f4ab215361691293b3ec0c7,1,,,,0,3.9000000000,2026-08-19T18:00:00+08:00
2026-08-26,S03,K08,2,0,Z1,0.0000000000,2026-08-16 12:00:00+08:00,11257.0000000000,23a96c07aa8bc944b5a345c6ddeccd61cc6ec3dc39439c2e18b217de4703a421,1,,,,0,3.9000000000,2026-08-19T18:00:00+08:00
2026-08-26,S04,K01,2,0,Z1,0.0000000000,2026-08-16 12:00:00+08:00,11258.0000000000,a2ad3b4bbc0e268a15891e8704937f9fb2a2a0e312f1013c5af3618e5faf4951,1,,,,0,3.9000000000,2026-08-19T18:00:00+08:00
2026-08-26,S04,K02,2,0,Z1,0.0000000000,2026-08-16 12:00:00+08:00,11259.0000000000,6966f5e9f480bbc5fabbedfda6658f7c5f5211e1fd846ac2de9a9ec14f9cd730,1,,,,0,3.9000000000,2026-08-19T18:00:00+08:00
2026-08-26,S04,K03,2,0,Z1,0.0000000000,2026-08-16 12:00:00+08:00,11260.0000000000,55f38d10863eca2cc90ae4ac0f7c8be1b64a31f02806c8e79ab1d3d83338b743,1,,,,0,3.9000000000,2026-08-19T18:00:00+08:00
2026-08-26,S04,K04,2,0,Z1,0.1200000000,2026-08-16 12:00:00+08:00,11261.0000000000,65ec407a24a366ab858c691805f3f321cf51843b7408492a8766b1f9c3c8ff26,1,,,,0,3.9000000000,2026-08-19T18:00:00+08:00
2026-08-26,S04,K05,2,0,Z1,0.0000000000,2026-08-16 12:00:00+08:00,11262.0000000000,2ce6a7a2d63192fc6142548dd0a4531679304726f1ec2fadffce7caeab7604d1,1,,,,0,3.9000000000,2026-08-19T18:00:00+08:00
2026-08-26,S04,K06,2,0,Z1,0.0000000000,2026-08-16 12:00:00+08:00,11263.0000000000,a97ec2e382b463d1d3c9b46fb27479ea04123e429c87e7bbd5686a4b05debbe0,1,,,,0,3.9000000000,2026-08-19T18:00:00+08:00
2026-08-26,S04,K07,2,0,Z1,0.0000000000,2026-08-16 12:00:00+08:00,11264.0000000000,6edd7055e319abffb4ee04b28254bc8bc7d63a7ee7e2abc71cb078797a64d6fa,1,,,,0,3.9000000000,2026-08-19T18:00:00+08:00
2026-08-26,S04,K08,2,0,Z1,0.0000000000,2026-08-16 12:00:00+08:00,11265.0000000000,4eaeec32e545cc11f0d6fe6bd17e7bf7d08744dd3ab62131634e6d19334e1eeb,1,,,,0,3.9000000000,2026-08-19T18:00:00+08:00
2026-08-26,S05,K01,2,0,Z2,0.0000000000,2026-08-16 12:00:00+08:00,11266.0000000000,68f070b1b3bc36e170478b3c68c16aaf4948889f83a1c30f9db530286d012c50,1,,,,0,3.9000000000,2026-08-19T18:00:00+08:00
2026-08-26,S05,K02,2,0,Z2,0.0000000000,2026-08-16 12:00:00+08:00,11267.0000000000,4cda02f33a5d6bbd48988136fd12bd34e0bf6b9054ab2714188cad2b6a81e0f3,1,,,,0,3.9000000000,2026-08-19T18:00:00+08:00
2026-08-26,S05,K03,2,0,Z2,0.0000000000,2026-08-16 12:00:00+08:00,11268.0000000000,caae5e9e3ea69486e649a12155bbed5f27166ea8061b12764afa1f2f64203d8c,1,,,,0,3.9000000000,2026-08-19T18:00:00+08:00
2026-08-26,S05,K04,2,0,Z2,0.1200000000,2026-08-16 12:00:00+08:00,11269.0000000000,d301439e4059774b40bad769a05b9158d3b9728b65930963df85d192130cdb66,1,,,,0,3.9000000000,2026-08-19T18:00:00+08:00
2026-08-26,S05,K05,2,0,Z2,0.0000000000,2026-08-16 12:00:00+08:00,11270.0000000000,8b2abb6f9fee99a1e9cef6b7e6c8850fd1bb1069b056c891d641774b4d74838e,1,,,,0,3.9000000000,2026-08-19T18:00:00+08:00
2026-08-26,S05,K06,2,0,Z2,0.0000000000,2026-08-16 12:00:00+08:00,11271.0000000000,7801ba6368462ff6eebd4cf24a41590dea6f46ec5bdccdc29ee8d8960a9554e1,1,,,,0,3.9000000000,2026-08-19T18:00:00+08:00
2026-08-26,S05,K07,2,0,Z2,0.0000000000,2026-08-16 12:00:00+08:00,11272.0000000000,c86a43958fa8a7e85c3f0474ae29271c9a68079a00be29216c9bc6e6fe3dae93,1,,,,0,3.9000000000,2026-08-19T18:00:00+08:00
2026-08-26,S05,K08,2,0,Z2,0.0000000000,2026-08-16 12:00:00+08:00,11273.0000000000,7a405b807b611670638fba8f6b0f471fd9462df9f559802825ac74fabcdae3b5,1,,,,0,3.9000000000,2026-08-19T18:00:00+08:00
2026-08-26,S06,K01,2,0,Z2,0.0000000000,2026-08-16 12:00:00+08:00,11274.0000000000,5e2eb16c9fe4bfe42c07b227f5a3a45ae6cb6827184c1b0d5cfa8292fd874f21,1,,,,0,3.9000000000,2026-08-19T18:00:00+08:00
2026-08-26,S06,K02,2,0,Z2,0.0000000000,2026-08-16 12:00:00+08:00,11275.0000000000,53cc0a69666531d42a5f48fa824786552bb118168dcab783244aa2e53d608252,1,,,,0,3.9000000000,2026-08-19T18:00:00+08:00
2026-08-26,S06,K03,2,0,Z2,0.0000000000,2026-08-16 12:00:00+08:00,11276.0000000000,b146b65449213fdd130b2ea6755163d21ef780b627c9239358c5ae465fe753cd,1,,,,0,3.9000000000,2026-08-19T18:00:00+08:00
2026-08-26,S06,K04,2,0,Z2,0.1200000000,2026-08-16 12:00:00+08:00,11277.0000000000,4cbe3908857d21f6e146403b1f14a19fdc1850c4f8c8b0bd0a8f367cb651e29d,1,,,,0,3.9000000000,2026-08-19T18:00:00+08:00
2026-08-26,S06,K05,2,0,Z2,0.0000000000,2026-08-16 12:00:00+08:00,11278.0000000000,ff26b4e0cdd08a43f7a6cb53cd1d7c27e25dd9cbcf3f2b3ba1bfa90a672923f3,1,,,,0,3.9000000000,2026-08-19T18:00:00+08:00
2026-08-26,S06,K06,2,0,Z2,0.0000000000,2026-08-16 12:00:00+08:00,11279.0000000000,0e557b38b3b28b2342809fd6f44857fdb297b3a7655eacdbf32bb923520d7588,1,,,,0,3.9000000000,2026-08-19T18:00:00+08:00
2026-08-26,S06,K07,2,0,Z2,0.0000000000,2026-08-16 12:00:00+08:00,11280.0000000000,616eb13748b76d3ece37be55cbf3fe172e60e50f5fd14edcdab372ad6506d795,1,,,,0,3.9000000000,2026-08-19T18:00:00+08:00
2026-08-26,S06,K08,2,0,Z2,0.0000000000,2026-08-16 12:00:00+08:00,11281.0000000000,80a96e581fa09b50e6f3003873a83610938da6095ab8826826521339f156f33b,1,,,,0,3.9000000000,2026-08-19T18:00:00+08:00
2026-08-26,S07,K01,2,0,Z2,0.0000000000,2026-08-16 12:00:00+08:00,11282.0000000000,98f46079935010edd2143115e241ff061936d81c6e75986871cc56e9868816cd,1,,,,0,3.9000000000,2026-08-19T18:00:00+08:00
2026-08-26,S07,K02,2,0,Z2,0.0000000000,2026-08-16 12:00:00+08:00,11283.0000000000,b04cefd0f77de044b225ed68551313cc328ac03c594da93ecbb29001650737ca,1,,,,0,3.9000000000,2026-08-19T18:00:00+08:00
2026-08-26,S07,K03,2,0,Z2,0.1200000000,2026-08-16 12:00:00+08:00,11284.0000000000,c2a5ce9eaa57ae4c06eb2a53ac6321772be740ed427b0eb7d3d8c61dbae68148,1,,,,0,3.9000000000,2026-08-19T18:00:00+08:00
2026-08-26,S07,K04,2,0,Z2,0.0000000000,2026-08-16 12:00:00+08:00,11285.0000000000,e246876881cd26ab2c9cd907ed738115f1d192361d9b92978670d34908e5121b,1,,,,0,3.9000000000,2026-08-19T18:00:00+08:00
2026-08-26,S07,K05,2,0,Z2,0.0000000000,2026-08-16 12:00:00+08:00,11286.0000000000,307f1998027c1c277f69dbb2f9d74b0a936c1977a56bac2d4324b04a2e876e11,1,,,,0,3.9000000000,2026-08-19T18:00:00+08:00
2026-08-26,S07,K06,2,0,Z2,0.0000000000,2026-08-16 12:00:00+08:00,11287.0000000000,71508152b708ad90c13c07781a9f94b5320a1b4dfcf0562d9479495f359cb588,1,,,,0,3.9000000000,2026-08-19T18:00:00+08:00
2026-08-26,S07,K07,2,0,Z2,0.0000000000,2026-08-16 12:00:00+08:00,11288.0000000000,269ffe4f020a180eb62c5b497cd01a0377dd9e9b77293c496699596aa91d5835,1,,,,0,3.9000000000,2026-08-19T18:00:00+08:00
2026-08-26,S07,K08,2,0,Z2,0.0000000000,2026-08-16 12:00:00+08:00,11289.0000000000,9dd5fc707f2e900541433a6d1f28cc9145c984bd925d9332199ac7fc4d88604b,1,,,,0,3.9000000000,2026-08-19T18:00:00+08:00
2026-08-26,S08,K01,2,0,Z2,0.0000000000,2026-08-16 12:00:00+08:00,11290.0000000000,706a7b5e7d1d1841e20f5cea3a676b46539fbbec8800936153c700520399c350,1,,,,0,3.9000000000,2026-08-19T18:00:00+08:00
2026-08-26,S08,K02,2,0,Z2,0.0000000000,2026-08-16 12:00:00+08:00,11291.0000000000,44eb9d142dda6a85cbd45a3b122b7590a9f1ed5f68a9474059c6eee51dcb1695,1,,,,0,3.9000000000,2026-08-19T18:00:00+08:00
2026-08-26,S08,K03,2,0,Z2,0.1200000000,2026-08-16 12:00:00+08:00,11292.0000000000,38f6bfdecb2463a6d6e87ffd3d69c2fe315609b1c7fcaa9f57f0320f1692e186,1,,,,0,3.9000000000,2026-08-19T18:00:00+08:00
2026-08-26,S08,K04,2,0,Z2,0.0000000000,2026-08-16 12:00:00+08:00,11293.0000000000,864c31ee8d6e7a3938a0a4b6b2f864ec4089f03739fe82780e6b2f63a3d4daf5,1,,,,0,3.9000000000,2026-08-19T18:00:00+08:00
2026-08-26,S08,K05,2,0,Z2,0.0000000000,2026-08-16 12:00:00+08:00,11294.0000000000,cd6bc439f63c2df2a88c121b5eece82ee5034995ee004f5b627b0ce6ad5c43ae,1,,,,0,3.9000000000,2026-08-19T18:00:00+08:00
2026-08-26,S08,K06,2,0,Z2,0.0000000000,2026-08-16 12:00:00+08:00,11295.0000000000,5d0b4b21acfcb733efd16458c1ea3a3c2bdd346a008c9a10e67a88eda61926af,1,,,,0,3.9000000000,2026-08-19T18:00:00+08:00
2026-08-26,S08,K07,2,0,Z2,0.0000000000,2026-08-16 12:00:00+08:00,11296.0000000000,8eb2125798f4d033cf328b0bc30f8f5f172d7b87fb91ba064c6210d30d170bee,1,,,,0,3.9000000000,2026-08-19T18:00:00+08:00
2026-08-26,S08,K08,2,0,Z2,0.0000000000,2026-08-16 12:00:00+08:00,11297.0000000000,fea4fdde1f8fba031baf2dbb976c434c551cdf4f2c6f7a505c211639777f8258,1,,,,0,3.9000000000,2026-08-19T18:00:00+08:00
2026-08-26,S09,K01,2,0,Z3,0.0000000000,2026-08-16 12:00:00+08:00,11298.0000000000,08759cc2b5dc0824b8b07a1e3fd0b0cc9c3a9d4926f7b4bd6a39035fce3c98a6,1,,,,0,3.9000000000,2026-08-19T18:00:00+08:00
2026-08-26,S09,K02,2,0,Z3,0.1200000000,2026-08-16 12:00:00+08:00,11299.0000000000,302ef8e02dff49e22cf87ab8c2a46a865eb1e0c64ab329cfb8ba935d4f4928be,1,,,,0,3.9000000000,2026-08-19T18:00:00+08:00
2026-08-26,S09,K03,2,0,Z3,0.0000000000,2026-08-16 12:00:00+08:00,11300.0000000000,815cc379c5d5c5da0339b1de086901bfd1a2c1deea3db1e6de87ac6c4062ba65,1,,,,0,3.9000000000,2026-08-19T18:00:00+08:00
2026-08-26,S09,K04,2,0,Z3,0.0000000000,2026-08-16 12:00:00+08:00,11301.0000000000,b913bf88bb9258995cbbc5a71adf9caac55058f290602e2e75d0a12e87bf63bd,1,,,,0,3.9000000000,2026-08-19T18:00:00+08:00
2026-08-26,S09,K05,2,0,Z3,0.0000000000,2026-08-16 12:00:00+08:00,11302.0000000000,1a7e384affa83a90947d0bf674646784f50fd2d9dcb38d22f72a821c146f124c,1,,,,0,3.9000000000,2026-08-19T18:00:00+08:00
2026-08-26,S09,K06,2,0,Z3,0.0000000000,2026-08-16 12:00:00+08:00,11303.0000000000,a733df81fdf8c6e6ebc2bbcc85e4938ff691bf439b9d8c3dbc31504acadcbdf5,1,,,,0,3.9000000000,2026-08-19T18:00:00+08:00
2026-08-26,S09,K07,2,0,Z3,0.0000000000,2026-08-16 12:00:00+08:00,11304.0000000000,dd3fdee170a0d446b6432a06d7f2ada7500bb17d7e53d34db460e3f5ffb220d1,1,,,,0,3.9000000000,2026-08-19T18:00:00+08:00
2026-08-26,S09,K08,2,0,Z3,0.1200000000,2026-08-16 12:00:00+08:00,11305.0000000000,90437a6211e85698824b539e5735cc01848721f41d131684e1c87411433d732d,1,,,,0,3.9000000000,2026-08-19T18:00:00+08:00
2026-08-26,S10,K01,2,0,Z3,0.0000000000,2026-08-16 12:00:00+08:00,11306.0000000000,000e264c11d6e9f97a1e0b13eaee15b69b6abadcab470d0fc7f53c7e8c7c5f1a,1,,,,0,3.9000000000,2026-08-19T18:00:00+08:00
2026-08-26,S10,K02,2,0,Z3,0.1200000000,2026-08-16 12:00:00+08:00,11307.0000000000,4fc5665fb894d5cf698d59a88545839564fb631d72dbae76c2c2f0115fe1cdc9,1,,,,0,3.9000000000,2026-08-19T18:00:00+08:00
2026-08-26,S10,K03,2,0,Z3,0.0000000000,2026-08-16 12:00:00+08:00,11308.0000000000,e3b25d18210a07eacb62b38012ab80074c08acbb87f27735c95b0b086a158417,1,,,,0,3.9000000000,2026-08-19T18:00:00+08:00
2026-08-26,S10,K04,2,0,Z3,0.0000000000,2026-08-16 12:00:00+08:00,11309.0000000000,275cd2ef7ec812503469e84284b526e37d26475725ca3848863e47cad568ff77,1,,,,0,3.9000000000,2026-08-19T18:00:00+08:00
2026-08-26,S10,K05,2,0,Z3,0.0000000000,2026-08-16 12:00:00+08:00,11310.0000000000,2577409e092ea5f539dabe1790ee86e456429ed1df3a679a4f6563ef18c9f699,1,,,,0,3.9000000000,2026-08-19T18:00:00+08:00
2026-08-26,S10,K06,2,0,Z3,0.0000000000,2026-08-16 12:00:00+08:00,11311.0000000000,311958072c7cdc4362fc7707ec01e6064f6574526cad355be9a1d7242cd1aa0c,1,,,,0,3.9000000000,2026-08-19T18:00:00+08:00
2026-08-26,S10,K07,2,0,Z3,0.0000000000,2026-08-16 12:00:00+08:00,11312.0000000000,eddbe1db8db49316e2647c08aa276554e79cca928ab2c6df5a40ab3eeadd139f,1,,,,0,3.9000000000,2026-08-19T18:00:00+08:00
2026-08-26,S10,K08,2,0,Z3,0.1200000000,2026-08-16 12:00:00+08:00,11313.0000000000,a1e9c4281f1ff439806fc505715fcbae8c892e791605da029440eab997c380d7,1,,,,0,3.9000000000,2026-08-19T18:00:00+08:00
2026-08-26,S11,K01,2,0,Z3,0.0000000000,2026-08-16 12:00:00+08:00,11314.0000000000,5e99b792d33e4c6459a75be28f333e3c4eba07543065b6f5aae31ab038fc6040,1,,,,0,3.9000000000,2026-08-19T18:00:00+08:00
2026-08-26,S11,K02,2,0,Z3,0.1200000000,2026-08-16 12:00:00+08:00,11315.0000000000,04fab31e63ec4f327494936656a8f68780276e21dca7ea7e210c965eb2d3a0e1,1,,,,0,3.9000000000,2026-08-19T18:00:00+08:00
2026-08-26,S11,K03,2,0,Z3,0.0000000000,2026-08-16 12:00:00+08:00,11316.0000000000,06d5913e39c094d5bd10507eaf32e12f87b4319d05989a4895e31eafc5549347,1,,,,0,3.9000000000,2026-08-19T18:00:00+08:00
2026-08-26,S11,K04,2,0,Z3,0.0000000000,2026-08-16 12:00:00+08:00,11317.0000000000,3726bf146b97c5ad632298cde92ea401457eeb01d4bc4e7475752908472dbddf,1,,,,0,3.9000000000,2026-08-19T18:00:00+08:00
2026-08-26,S11,K05,2,0,Z3,0.0000000000,2026-08-16 12:00:00+08:00,11318.0000000000,aed2b9c4ae5fa4386075c1d3cbf509b0dfa706f6fc608897c44f02d37075cd13,1,,,,0,3.9000000000,2026-08-19T18:00:00+08:00
2026-08-26,S11,K06,2,0,Z3,0.0000000000,2026-08-16 12:00:00+08:00,11319.0000000000,4a67bc4405fae96c3921d26ec5263e1be7377b60c98d3573cfc7ef7826dc356c,1,,,,0,3.9000000000,2026-08-19T18:00:00+08:00
2026-08-26,S11,K07,2,0,Z3,0.1200000000,2026-08-16 12:00:00+08:00,11320.0000000000,433aafb7b8f02a84ef5fa21ed2d0c20eede1ede7e2b7c96b116837447bce437b,1,,,,0,3.9000000000,2026-08-19T18:00:00+08:00
2026-08-26,S11,K08,2,0,Z3,0.0000000000,2026-08-16 12:00:00+08:00,11321.0000000000,710616d86559109940ff14c95eb5222adc97e5b1c7d21d08d2dbed0d5712f5b3,1,,,,0,3.9000000000,2026-08-19T18:00:00+08:00
2026-08-26,S12,K01,2,0,Z3,0.1200000000,2026-08-16 12:00:00+08:00,11322.0000000000,e30a4db626d568e939e8d3c7979a9cc461d52d07998e4eb5e0830853db5145fb,1,,,,0,3.9000000000,2026-08-19T18:00:00+08:00
2026-08-26,S12,K02,2,0,Z3,0.0000000000,2026-08-16 12:00:00+08:00,11323.0000000000,8f20d600b3edbc62ca7b5b464dfc4500d77653e3aa52786ca5824d499cbf98c3,1,,,,0,3.9000000000,2026-08-19T18:00:00+08:00
2026-08-26,S12,K03,2,0,Z3,0.0000000000,2026-08-16 12:00:00+08:00,11324.0000000000,a0054c507603b1269ac7273a4a1f26e597c4323a0057483a5d2037c0438cc084,1,,,,0,3.9000000000,2026-08-19T18:00:00+08:00
2026-08-26,S12,K04,2,0,Z3,0.0000000000,2026-08-16 12:00:00+08:00,11325.0000000000,292af820779b705ffbd46488be338dcdb41c58be69a7064ceddebbce4ab1bbb4,1,,,,0,3.9000000000,2026-08-19T18:00:00+08:00
2026-08-26,S12,K05,2,0,Z3,0.0000000000,2026-08-16 12:00:00+08:00,11326.0000000000,06847fb8c530d9759d446b06d5691a670d1c534ce168a58a6f46bead434736f9,1,,,,0,3.9000000000,2026-08-19T18:00:00+08:00
2026-08-26,S12,K06,2,0,Z3,0.0000000000,2026-08-16 12:00:00+08:00,11327.0000000000,95b73049571793f89423a101ba3dddf3dc581f4be8b652b5ce93593f1acd2ed7,1,,,,0,3.9000000000,2026-08-19T18:00:00+08:00
2026-08-26,S12,K07,2,0,Z3,0.1200000000,2026-08-16 12:00:00+08:00,11328.0000000000,13cd9282deb60fd61bd59c20e3cbc3a738d0b0d216b1b75c1143ac42cceb3b9f,1,,,,0,3.9000000000,2026-08-19T18:00:00+08:00
2026-08-26,S12,K08,2,0,Z3,0.0000000000,2026-08-16 12:00:00+08:00,11329.0000000000,c700d1dd100973bff6a1a0390f8291ce924082dd1cd4beafe732c212835fc1d9,1,,,,0,3.9000000000,2026-08-19T18:00:00+08:00
2026-08-27,S01,K01,3,0,Z1,0.0000000000,2026-08-17 12:00:00+08:00,11330.0000000000,723b4aef060c90f920263faee1e67b162d6da8702709dc77dc06ca70b2181ae5,1,,,,0,3.9333333333,2026-08-19T18:00:00+08:00
2026-08-27,S01,K02,3,0,Z1,0.0000000000,2026-08-17 12:00:00+08:00,11331.0000000000,a6dbcb0877a60b89f9bcd0f02deed96d2e8348fa93a26e5dfe2cf6aa96436bb7,1,,,,0,3.9333333333,2026-08-19T18:00:00+08:00
2026-08-27,S01,K03,3,0,Z1,0.0000000000,2026-08-17 12:00:00+08:00,11332.0000000000,787f80311ec669b07d01c9911e53796fae1e0ed18990f517593507abb02f1a58,1,,,,0,3.9333333333,2026-08-19T18:00:00+08:00
2026-08-27,S01,K04,3,0,Z1,0.0000000000,2026-08-17 12:00:00+08:00,11333.0000000000,a0f3eb3dd320cc75a43252b886d2a162b0de3b75aa5dbe445d8395710af298db,1,,,,0,3.9333333333,2026-08-19T18:00:00+08:00
2026-08-27,S01,K05,3,0,Z1,0.1200000000,2026-08-17 12:00:00+08:00,11334.0000000000,1d931e41bd8e1c7f3c62e6e2761924a339105c845a61a5865fd8377eac44b64b,1,,,,0,3.9333333333,2026-08-19T18:00:00+08:00
2026-08-27,S01,K06,3,0,Z1,0.0000000000,2026-08-17 12:00:00+08:00,11335.0000000000,9a3d5a2e05e1322f28fdcf53d8b8bba9a33c2b6d37116d56c8218476f5f3f218,1,,,,0,3.9333333333,2026-08-19T18:00:00+08:00
2026-08-27,S01,K07,3,0,Z1,0.0000000000,2026-08-17 12:00:00+08:00,11336.0000000000,e8b0d5fdd33a85cf0a0e0ab83c3b937d3303f52bce2e8205a84930e0ce364d07,1,,,,0,3.9333333333,2026-08-19T18:00:00+08:00
2026-08-27,S01,K08,3,0,Z1,0.0000000000,2026-08-17 12:00:00+08:00,11337.0000000000,dbe162e57fde81ad54fc5c1a4f315083440a1c10e3ed98782e6e3894d1854b0c,1,,,,0,3.9333333333,2026-08-19T18:00:00+08:00
2026-08-27,S02,K01,3,0,Z1,0.0000000000,2026-08-17 12:00:00+08:00,11338.0000000000,760da661e5dc18ff505a480dc1ca27819cb580200703e720a3adba41f8c98fee,1,,,,0,3.9333333333,2026-08-19T18:00:00+08:00
2026-08-27,S02,K02,3,0,Z1,0.0000000000,2026-08-17 12:00:00+08:00,11339.0000000000,bf0fd8ba169a2ad79b1fd1e8958f63b42519d36da66c0f77d752dc354a6880b2,1,,,,0,3.9333333333,2026-08-19T18:00:00+08:00
2026-08-27,S02,K03,3,0,Z1,0.0000000000,2026-08-17 12:00:00+08:00,11340.0000000000,835ed960a39c35662eb9049ea62228873b1e06226f06a57ac866e32ea4137472,1,,,,0,3.9333333333,2026-08-19T18:00:00+08:00
2026-08-27,S02,K04,3,0,Z1,0.0000000000,2026-08-17 12:00:00+08:00,11341.0000000000,c654e3372fb43135ae5d7d92028d911183c2013f0885b0012f3169c8911599e5,1,,,,0,3.9333333333,2026-08-19T18:00:00+08:00
2026-08-27,S02,K05,3,0,Z1,0.1200000000,2026-08-17 12:00:00+08:00,11342.0000000000,32b05b6ddb3584058c1b23a7fc6b9151878545f81017f4e5a2b0477a7cf1e156,1,,,,0,3.9333333333,2026-08-19T18:00:00+08:00
2026-08-27,S02,K06,3,0,Z1,0.0000000000,2026-08-17 12:00:00+08:00,11343.0000000000,97befd0297c671e9b8a701ecbfedcbc7474703e1b5b9920011788f5a3002c547,1,,,,0,3.9333333333,2026-08-19T18:00:00+08:00
2026-08-27,S02,K07,3,0,Z1,0.0000000000,2026-08-17 12:00:00+08:00,11344.0000000000,05e2eeb5052f2319b6d3161a1f6a86969767ca58aae61239296e152e870e81ce,1,,,,0,3.9333333333,2026-08-19T18:00:00+08:00
2026-08-27,S02,K08,3,0,Z1,0.0000000000,2026-08-17 12:00:00+08:00,11345.0000000000,80ca91071139138e8936a26ff84ed174936aeae5a6c17ed896d110e9e9bf7920,1,,,,0,3.9333333333,2026-08-19T18:00:00+08:00
2026-08-27,S03,K01,3,0,Z1,0.0000000000,2026-08-17 12:00:00+08:00,11346.0000000000,896aed36abf067e60c9187a736b31e0cf31ab775a5e270a3c051d5ddaea84bcd,1,,,,0,3.9333333333,2026-08-19T18:00:00+08:00
2026-08-27,S03,K02,3,0,Z1,0.0000000000,2026-08-17 12:00:00+08:00,11347.0000000000,ddb7aff91f0e4dd90f6195f5ca3075c14f20e14893b67942789e1f411a058c95,1,,,,0,3.9333333333,2026-08-19T18:00:00+08:00
2026-08-27,S03,K03,3,0,Z1,0.0000000000,2026-08-17 12:00:00+08:00,11348.0000000000,5a655819f8cf6f677bcc9614317a33c8d0b48f52509d4f020f50e30396caf1de,1,,,,0,3.9333333333,2026-08-19T18:00:00+08:00
2026-08-27,S03,K04,3,0,Z1,0.0000000000,2026-08-17 12:00:00+08:00,11349.0000000000,ef65cf536bcf77f495d756706fbcb352959afa6aff0b3662a2b0bfc2619b5a38,1,,,,0,3.9333333333,2026-08-19T18:00:00+08:00
2026-08-27,S03,K05,3,0,Z1,0.1200000000,2026-08-17 12:00:00+08:00,11350.0000000000,0a9654e609997f148cb13f1aa69977f6f249ee50c8d4a23a942fc2812ac1723a,1,,,,0,3.9333333333,2026-08-19T18:00:00+08:00
2026-08-27,S03,K06,3,0,Z1,0.0000000000,2026-08-17 12:00:00+08:00,11351.0000000000,41fd8fef4bcc1da410ae4736f4a413a860a3faca611e9221ea6eb144ab0f842a,1,,,,0,3.9333333333,2026-08-19T18:00:00+08:00
2026-08-27,S03,K07,3,0,Z1,0.0000000000,2026-08-17 12:00:00+08:00,11352.0000000000,9898626836466789a7a943b1c4aec8c4c13a6e8bee6f0cf0be7c51c11185f922,1,,,,0,3.9333333333,2026-08-19T18:00:00+08:00
2026-08-27,S03,K08,3,0,Z1,0.0000000000,2026-08-17 12:00:00+08:00,11353.0000000000,e0ab73512362dac01c6dbf4761bba3929bcbf56f594ef9f4e53ee5856c959bd5,1,,,,0,3.9333333333,2026-08-19T18:00:00+08:00
2026-08-27,S04,K01,3,0,Z1,0.0000000000,2026-08-17 12:00:00+08:00,11354.0000000000,24140f97b1e085070d9da4ef2009d44a5c91d35dd6e490b1efe0b37c4dd1ff1c,1,,,,0,3.9333333333,2026-08-19T18:00:00+08:00
2026-08-27,S04,K02,3,0,Z1,0.0000000000,2026-08-17 12:00:00+08:00,11355.0000000000,0fd3a91d74208ea7d909078f2a9bcc7c4f0b58d2f0a27f662ea50ffacec90e92,1,,,,0,3.9333333333,2026-08-19T18:00:00+08:00
2026-08-27,S04,K03,3,0,Z1,0.0000000000,2026-08-17 12:00:00+08:00,11356.0000000000,78c950e5be4727f1fb124b3b1dff3660d02471758ad71f287f037c5900dcee6d,1,,,,0,3.9333333333,2026-08-19T18:00:00+08:00
2026-08-27,S04,K04,3,0,Z1,0.1200000000,2026-08-17 12:00:00+08:00,11357.0000000000,7b5b3da801fbb74cf5274443abb7b9aa0d9b408c508060b4cc7dc1431398d57b,1,,,,0,3.9333333333,2026-08-19T18:00:00+08:00
2026-08-27,S04,K05,3,0,Z1,0.0000000000,2026-08-17 12:00:00+08:00,11358.0000000000,fc1925cf442b862b6df327b65c8d011b06ac13b46d281f271e4dc3594ac41706,1,,,,0,3.9333333333,2026-08-19T18:00:00+08:00
2026-08-27,S04,K06,3,0,Z1,0.0000000000,2026-08-17 12:00:00+08:00,11359.0000000000,83fbce55af849ce1dfcadb9ca79bdb653396274b108f5c8647566eebfc432a9f,1,,,,0,3.9333333333,2026-08-19T18:00:00+08:00
2026-08-27,S04,K07,3,0,Z1,0.0000000000,2026-08-17 12:00:00+08:00,11360.0000000000,ee040466ed2929f1897a9083427c5dcde1134b9e2e19602ba51f694d5e54a0a0,1,,,,0,3.9333333333,2026-08-19T18:00:00+08:00
2026-08-27,S04,K08,3,0,Z1,0.0000000000,2026-08-17 12:00:00+08:00,11361.0000000000,786fc5a9afd7e8ae94099dc4ef57220ff0acbfead09395eca504e268b422bbc8,1,,,,0,3.9333333333,2026-08-19T18:00:00+08:00
2026-08-27,S05,K01,3,0,Z2,0.0000000000,2026-08-17 12:00:00+08:00,11362.0000000000,e17c291b007bac80e067252d94a39b980e70d11a087d501c9bad93bb9b37f5d3,1,,,,0,3.9333333333,2026-08-19T18:00:00+08:00
2026-08-27,S05,K02,3,0,Z2,0.0000000000,2026-08-17 12:00:00+08:00,11363.0000000000,66fbb4b078d5632ff97af604209e2e17f2a3c1f735b3d15a2576500227d99926,1,,,,0,3.9333333333,2026-08-19T18:00:00+08:00
2026-08-27,S05,K03,3,0,Z2,0.0000000000,2026-08-17 12:00:00+08:00,11364.0000000000,579ec7d29075b6b13fdf0bfc8dfab8fc9b70c87239913e013cbfb9c22882d2be,1,,,,0,3.9333333333,2026-08-19T18:00:00+08:00
2026-08-27,S05,K04,3,0,Z2,0.1200000000,2026-08-17 12:00:00+08:00,11365.0000000000,e54168d34385c6e75444df4d18ccf433faa9354d6f70e3bca101349a506acd32,1,,,,0,3.9333333333,2026-08-19T18:00:00+08:00
2026-08-27,S05,K05,3,0,Z2,0.0000000000,2026-08-17 12:00:00+08:00,11366.0000000000,9d07947d7447f10f9f1978996cc9068fb527beff3acbeddbfb45a72fd797063d,1,,,,0,3.9333333333,2026-08-19T18:00:00+08:00
2026-08-27,S05,K06,3,0,Z2,0.0000000000,2026-08-17 12:00:00+08:00,11367.0000000000,9900ee104201b2f0d449394834af6823d51c87af220b39e1eeacf89e0e321149,1,,,,0,3.9333333333,2026-08-19T18:00:00+08:00
2026-08-27,S05,K07,3,0,Z2,0.0000000000,2026-08-17 12:00:00+08:00,11368.0000000000,5944dd6acdc207263e4f663116625d4177892e508c1539975a545ddb0e4fe1ec,1,,,,0,3.9333333333,2026-08-19T18:00:00+08:00
2026-08-27,S05,K08,3,0,Z2,0.0000000000,2026-08-17 12:00:00+08:00,11369.0000000000,2270de80fda3f2ed0b69e9068eb67f5e2bda7c096d8e668b15a14ee3330ffb26,1,,,,0,3.9333333333,2026-08-19T18:00:00+08:00
2026-08-27,S06,K01,3,0,Z2,0.0000000000,2026-08-17 12:00:00+08:00,11370.0000000000,a78167799aaf43c545d1890ff79787434b2043a7a0b06faf5eba53b8f17593ab,1,,,,0,3.9333333333,2026-08-19T18:00:00+08:00
2026-08-27,S06,K02,3,0,Z2,0.0000000000,2026-08-17 12:00:00+08:00,11371.0000000000,790e4102b62ae02376a29afdff9afab83222eb5ed5179ebfe52b6eaf586040e5,1,,,,0,3.9333333333,2026-08-19T18:00:00+08:00
2026-08-27,S06,K03,3,0,Z2,0.1200000000,2026-08-17 12:00:00+08:00,11372.0000000000,b5c0d3fbef32c801a482bf90f2b78aff7b18a5e88c2dab931df7faf24d3bedf7,1,,,,0,3.9333333333,2026-08-19T18:00:00+08:00
2026-08-27,S06,K04,3,0,Z2,0.0000000000,2026-08-17 12:00:00+08:00,11373.0000000000,d6de7d349a6bf4fdc4dca28323ff5ebe96665ab86bc8210d49613d9fb19fb3aa,1,,,,0,3.9333333333,2026-08-19T18:00:00+08:00
2026-08-27,S06,K05,3,0,Z2,0.0000000000,2026-08-17 12:00:00+08:00,11374.0000000000,3ddfe2a86a73472241c3334cb652702b29e2a60da0b8f0d68d736dfe720030b1,1,,,,0,3.9333333333,2026-08-19T18:00:00+08:00
2026-08-27,S06,K06,3,0,Z2,0.0000000000,2026-08-17 12:00:00+08:00,11375.0000000000,5dcee5dbcde261795fe7d3c4f534a0915100e4b510682d861b3a975324885078,1,,,,0,3.9333333333,2026-08-19T18:00:00+08:00
2026-08-27,S06,K07,3,0,Z2,0.0000000000,2026-08-17 12:00:00+08:00,11376.0000000000,c35675e407dca479893ac50ea2f892aa78ae87795359d1e35da7fc4da5e24ac4,1,,,,0,3.9333333333,2026-08-19T18:00:00+08:00
2026-08-27,S06,K08,3,0,Z2,0.0000000000,2026-08-17 12:00:00+08:00,11377.0000000000,51789d0384eb78d955f57bfe26faedef2b157122c33a8adeab6249fd47ecd801,1,,,,0,3.9333333333,2026-08-19T18:00:00+08:00
2026-08-27,S07,K01,3,0,Z2,0.0000000000,2026-08-17 12:00:00+08:00,11378.0000000000,b9f27e97c41baab6a6231c106f8f9b36ed298cf87090573ac6ff5d1c5700b172,1,,,,0,3.9333333333,2026-08-19T18:00:00+08:00
2026-08-27,S07,K02,3,0,Z2,0.0000000000,2026-08-17 12:00:00+08:00,11379.0000000000,4736b88a718197407d80c3ba36089ca9f939e8530da486d721925eb1bc420e6f,1,,,,0,3.9333333333,2026-08-19T18:00:00+08:00
2026-08-27,S07,K03,3,0,Z2,0.1200000000,2026-08-17 12:00:00+08:00,11380.0000000000,d80d78a98552cce9ad1d721e6c8befc66eafcda1934bb81f92f3d7a790c7e87d,1,,,,0,3.9333333333,2026-08-19T18:00:00+08:00
2026-08-27,S07,K04,3,0,Z2,0.0000000000,2026-08-17 12:00:00+08:00,11381.0000000000,5a41620f5b79461984b9fbecc7776d96fa41a330e34e6b61387380d12992a9c5,1,,,,0,3.9333333333,2026-08-19T18:00:00+08:00
2026-08-27,S07,K05,3,0,Z2,0.0000000000,2026-08-17 12:00:00+08:00,11382.0000000000,46174b3271ac4ac35eb3ccd82fdb2da12caa69d579a93674139e4f54a6f636e8,1,,,,0,3.9333333333,2026-08-19T18:00:00+08:00
2026-08-27,S07,K06,3,0,Z2,0.0000000000,2026-08-17 12:00:00+08:00,11383.0000000000,63358f024bfa684607555f4d7fc9d0d0b9a1ceb083b1de5df6c10ac9f452884f,1,,,,0,3.9333333333,2026-08-19T18:00:00+08:00
2026-08-27,S07,K07,3,0,Z2,0.0000000000,2026-08-17 12:00:00+08:00,11384.0000000000,aa68b01fe72ac596bc17a1da600148f84e7f5328a00387615c3ccb5d35270179,1,,,,0,3.9333333333,2026-08-19T18:00:00+08:00
2026-08-27,S07,K08,3,0,Z2,0.0000000000,2026-08-17 12:00:00+08:00,11385.0000000000,f59e28ddddffa78791b170b91164771749f0539e034bb7b41ce8f82e844d60c6,1,,,,0,3.9333333333,2026-08-19T18:00:00+08:00
2026-08-27,S08,K01,3,0,Z2,0.0000000000,2026-08-17 12:00:00+08:00,11386.0000000000,3f7d596c452598140dae31b614f5b7576d98e33a4c693488f8f2a05f285f1ce8,1,,,,0,3.9333333333,2026-08-19T18:00:00+08:00
2026-08-27,S08,K02,3,0,Z2,0.0000000000,2026-08-17 12:00:00+08:00,11387.0000000000,527801622962290a0aea4669ee3965f4ec4b3ec41f235029b3aeec5caa6b113a,1,,,,0,3.9333333333,2026-08-19T18:00:00+08:00
2026-08-27,S08,K03,3,0,Z2,0.1200000000,2026-08-17 12:00:00+08:00,11388.0000000000,b52b7965155ad31a55b73106e1b0411ccf0f8a90686c11e4e492ffa6920f67ef,1,,,,0,3.9333333333,2026-08-19T18:00:00+08:00
2026-08-27,S08,K04,3,0,Z2,0.0000000000,2026-08-17 12:00:00+08:00,11389.0000000000,bb5d4e8a8693fca40db517c51dd8ba91c6c22fe1001c0c6333d4bda110646c8d,1,,,,0,3.9333333333,2026-08-19T18:00:00+08:00
2026-08-27,S08,K05,3,0,Z2,0.0000000000,2026-08-17 12:00:00+08:00,11390.0000000000,82fb393bd085d3591e11a9e61698827f5ee95b56dbc67db316326b2cfa2aef82,1,,,,0,3.9333333333,2026-08-19T18:00:00+08:00
2026-08-27,S08,K06,3,0,Z2,0.0000000000,2026-08-17 12:00:00+08:00,11391.0000000000,0ca82fd18cfbad2d7567904d349dcd68f585920f83caf9afcfa255be0731c55e,1,,,,0,3.9333333333,2026-08-19T18:00:00+08:00
2026-08-27,S08,K07,3,0,Z2,0.0000000000,2026-08-17 12:00:00+08:00,11392.0000000000,90bb280913504b699fd1343b6ae0ca765fc0876f3892dad4287b9828cc7165ba,1,,,,0,3.9333333333,2026-08-19T18:00:00+08:00
2026-08-27,S08,K08,3,0,Z2,0.1200000000,2026-08-17 12:00:00+08:00,11393.0000000000,43f478c20df3477e81b62361a36419d3e7b886310bf7b75f60003d563f1daa6e,1,,,,0,3.9333333333,2026-08-19T18:00:00+08:00
2026-08-27,S09,K01,3,0,Z3,0.0000000000,2026-08-17 12:00:00+08:00,11394.0000000000,3a7271ecf2b1051e08b95ed4a843e5d9e5aa6ab60bc10a7a4147842df69936fb,1,,,,0,3.9333333333,2026-08-19T18:00:00+08:00
2026-08-27,S09,K02,3,0,Z3,0.1200000000,2026-08-17 12:00:00+08:00,11395.0000000000,762b0d2421766cbde4018e045a55a804a8313fdaedee5af6681e285f8f1ef1b0,1,,,,0,3.9333333333,2026-08-19T18:00:00+08:00
2026-08-27,S09,K03,3,0,Z3,0.0000000000,2026-08-17 12:00:00+08:00,11396.0000000000,8712464211df82195219b664c47a429433b1410ab9a96c817ffc5c542bd0cebf,1,,,,0,3.9333333333,2026-08-19T18:00:00+08:00
2026-08-27,S09,K04,3,0,Z3,0.0000000000,2026-08-17 12:00:00+08:00,11397.0000000000,a389bbcfad650a1189f10b0d187d9110546aba31e82957f5b3b3a0d31228df8b,1,,,,0,3.9333333333,2026-08-19T18:00:00+08:00
2026-08-27,S09,K05,3,0,Z3,0.0000000000,2026-08-17 12:00:00+08:00,11398.0000000000,30b13e65051e990443a84d3e1d46e7669c6652d3a99726474a94796e6dc3f03c,1,,,,0,3.9333333333,2026-08-19T18:00:00+08:00
2026-08-27,S09,K06,3,0,Z3,0.0000000000,2026-08-17 12:00:00+08:00,11399.0000000000,05449899ea5a30a40c0effe6f49c5d8a63d6ea1658186c09a09dfe484566f4c6,1,,,,0,3.9333333333,2026-08-19T18:00:00+08:00
2026-08-27,S09,K07,3,0,Z3,0.0000000000,2026-08-17 12:00:00+08:00,11400.0000000000,b9100d1882e626b60f8ee924c7a5892f846bc0d8bd86c75d29e5f6c3dde90c87,1,,,,0,3.9333333333,2026-08-19T18:00:00+08:00
2026-08-27,S09,K08,3,0,Z3,0.1200000000,2026-08-17 12:00:00+08:00,11401.0000000000,c87d4d63791cbc670f3d867865dc451012d9eec3b594399e43eebe5d90d20e90,1,,,,0,3.9333333333,2026-08-19T18:00:00+08:00
2026-08-27,S10,K01,3,0,Z3,0.0000000000,2026-08-17 12:00:00+08:00,11402.0000000000,be8f83dd96ad30ac9778c161debda2122ce1fe826a4246003a757608dbb43723,1,,,,0,3.9333333333,2026-08-19T18:00:00+08:00
2026-08-27,S10,K02,3,0,Z3,0.1200000000,2026-08-17 12:00:00+08:00,11403.0000000000,05bf11cab689d4fd3ab4135a2329d5174fbf1c9012b0bd5f47e62d1c33f28a6d,1,,,,0,3.9333333333,2026-08-19T18:00:00+08:00
2026-08-27,S10,K03,3,0,Z3,0.0000000000,2026-08-17 12:00:00+08:00,11404.0000000000,82a30fa26496f555d82f07301283f300c026e6c3facea6884080e6b66125ee32,1,,,,0,3.9333333333,2026-08-19T18:00:00+08:00
2026-08-27,S10,K04,3,0,Z3,0.0000000000,2026-08-17 12:00:00+08:00,11405.0000000000,f45a139a7ab9dbaef19d1fb202748c53bc1d036e496f0ac39d9f994b358e372e,1,,,,0,3.9333333333,2026-08-19T18:00:00+08:00
2026-08-27,S10,K05,3,0,Z3,0.0000000000,2026-08-17 12:00:00+08:00,11406.0000000000,116f45e0aa2907a3f92c0fab197d747033f606dcef099d3a4fa49e82ea4d3fec,1,,,,0,3.9333333333,2026-08-19T18:00:00+08:00
2026-08-27,S10,K06,3,0,Z3,0.0000000000,2026-08-17 12:00:00+08:00,11407.0000000000,104b514a29b43ce91a984c7ca3b3f79cc104852de5e97bbeffeaad42442bb0d7,1,,,,0,3.9333333333,2026-08-19T18:00:00+08:00
2026-08-27,S10,K07,3,0,Z3,0.0000000000,2026-08-17 12:00:00+08:00,11408.0000000000,71ee417b5727585a9c384742a6ab03bf4cfc74f518532215b5dfd79ceaf447c0,1,,,,0,3.9333333333,2026-08-19T18:00:00+08:00
2026-08-27,S10,K08,3,0,Z3,0.1200000000,2026-08-17 12:00:00+08:00,11409.0000000000,7fb19c0b02178699c386a9decacefee7ba51e8c37fcb1321ce712b24f605d52a,1,,,,0,3.9333333333,2026-08-19T18:00:00+08:00
2026-08-27,S11,K01,3,0,Z3,0.1200000000,2026-08-17 12:00:00+08:00,11410.0000000000,217c6c9a001ce798ded2650f4fc0dcf177fb3c4209c9b4562578d6e97befed77,1,,,,0,3.9333333333,2026-08-19T18:00:00+08:00
2026-08-27,S11,K02,3,0,Z3,0.0000000000,2026-08-17 12:00:00+08:00,11411.0000000000,89d93f13aefe1fa35369b37e4ee1094f66b894404607118c90f33ab9f17346d1,1,,,,0,3.9333333333,2026-08-19T18:00:00+08:00
2026-08-27,S11,K03,3,0,Z3,0.0000000000,2026-08-17 12:00:00+08:00,11412.0000000000,9691f6e70b394f0c46dcc381980ad18be33bd1f3a3145243b20e8266352f7e10,1,,,,0,3.9333333333,2026-08-19T18:00:00+08:00
2026-08-27,S11,K04,3,0,Z3,0.0000000000,2026-08-17 12:00:00+08:00,11413.0000000000,b3197de96b9c6413565f423b62713de296ab0872b8ab37bac50bf13bea5574dc,1,,,,0,3.9333333333,2026-08-19T18:00:00+08:00
2026-08-27,S11,K05,3,0,Z3,0.0000000000,2026-08-17 12:00:00+08:00,11414.0000000000,b4e155ddaddc53b6e88baf257fad876101fa3ad1e6be7263bb3a1d47165047e3,1,,,,0,3.9333333333,2026-08-19T18:00:00+08:00
2026-08-27,S11,K06,3,0,Z3,0.0000000000,2026-08-17 12:00:00+08:00,11415.0000000000,92011ca04e8f97f1ae5fc9ac5b185bbcc281411c561ae9c45743c8ea462312e8,1,,,,0,3.9333333333,2026-08-19T18:00:00+08:00
2026-08-27,S11,K07,3,0,Z3,0.1200000000,2026-08-17 12:00:00+08:00,11416.0000000000,226bd398bc2acb9480a249c20bfaa9aedd4fc6b04d43c07da21fb501594e6f65,1,,,,0,3.9333333333,2026-08-19T18:00:00+08:00
2026-08-27,S11,K08,3,0,Z3,0.0000000000,2026-08-17 12:00:00+08:00,11417.0000000000,688b4b63d265701adc9082c3b93b417ba1fec0ca0c5817aa991f76703841190e,1,,,,0,3.9333333333,2026-08-19T18:00:00+08:00
2026-08-27,S12,K01,3,0,Z3,0.1200000000,2026-08-17 12:00:00+08:00,11418.0000000000,df561cfa99bb4dcbf152cd72daee32972515ba254c9a439d79a5348a0296b90b,1,,,,0,3.9333333333,2026-08-19T18:00:00+08:00
2026-08-27,S12,K02,3,0,Z3,0.0000000000,2026-08-17 12:00:00+08:00,11419.0000000000,7c66414cd9d92efd1ed24e4adf0f8c1f180ae8c250fbc048c309b2ece697b34b,1,,,,0,3.9333333333,2026-08-19T18:00:00+08:00
2026-08-27,S12,K03,3,0,Z3,0.0000000000,2026-08-17 12:00:00+08:00,11420.0000000000,e7bccd863d791fd4c3db1b4115ef5d718a13562a37571cf02c27ab68b1f8798e,1,,,,0,3.9333333333,2026-08-19T18:00:00+08:00
2026-08-27,S12,K04,3,0,Z3,0.0000000000,2026-08-17 12:00:00+08:00,11421.0000000000,68813a6febb1176cdfdd66a8a4ac3b9a2d228605facb1c9c45a873f7f9bec9f5,1,,,,0,3.9333333333,2026-08-19T18:00:00+08:00
2026-08-27,S12,K05,3,0,Z3,0.0000000000,2026-08-17 12:00:00+08:00,11422.0000000000,ac5a2ac71f526536ee4c1e1974a2fe3fe260fd3423dbafff841cc5f27e41fdad,1,,,,0,3.9333333333,2026-08-19T18:00:00+08:00
2026-08-27,S12,K06,3,0,Z3,0.0000000000,2026-08-17 12:00:00+08:00,11423.0000000000,c825a0dcda4fd4c15c47b98652355381fc6034fb333173ac5841bb84f632d810,1,,,,0,3.9333333333,2026-08-19T18:00:00+08:00
2026-08-27,S12,K07,3,0,Z3,0.1200000000,2026-08-17 12:00:00+08:00,11424.0000000000,8057df257bcdc0c77df4545be83fedd2f3a8d93283dff1a2145637d684c498c2,1,,,,0,3.9333333333,2026-08-19T18:00:00+08:00
2026-08-27,S12,K08,3,0,Z3,0.0000000000,2026-08-17 12:00:00+08:00,11425.0000000000,6aeff1312fccc603ff6f61333efd1ac4dda5cd5a6260c281574a05d9f18a3301,1,,,,0,3.9333333333,2026-08-19T18:00:00+08:00
2026-08-28,S01,K01,4,1,Z1,0.0000000000,2026-08-18 12:00:00+08:00,11426.0000000000,264042a3ee29e5e826594412a3bf43aabec49aadb77c9ab6e26c4c673ab5da96,1,,,,0,3.9666666667,2026-08-19T18:00:00+08:00
2026-08-28,S01,K02,4,1,Z1,0.0000000000,2026-08-18 12:00:00+08:00,11427.0000000000,dd1264449e1f00f5d46101e5df9ea5f2841ff0844d727e3bec87e2d171c6ede4,1,,,,0,3.9666666667,2026-08-19T18:00:00+08:00
2026-08-28,S01,K03,4,1,Z1,0.0000000000,2026-08-18 12:00:00+08:00,11428.0000000000,1982e1b50ec9535f2b290684b36167a3ebdda96d47658bc9f8db3205f2eabbab,1,,,,0,3.9666666667,2026-08-19T18:00:00+08:00
2026-08-28,S01,K04,4,1,Z1,0.0000000000,2026-08-18 12:00:00+08:00,11429.0000000000,efaafa643ae8d74c69518568312e50eaef30b0f72049c9778d99eee6bc186a71,1,,,,0,3.9666666667,2026-08-19T18:00:00+08:00
2026-08-28,S01,K05,4,1,Z1,0.1200000000,2026-08-18 12:00:00+08:00,11430.0000000000,81969d1ed74c346949dc26a20bd60354f7a319e55f8a8286384a642aa1daaf4e,1,,,,0,3.9666666667,2026-08-19T18:00:00+08:00
2026-08-28,S01,K06,4,1,Z1,0.0000000000,2026-08-18 12:00:00+08:00,11431.0000000000,482db60dfeb41b8f93cfd55c305e51282cecabada6b32dacad296515f64ca4a0,1,,,,0,3.9666666667,2026-08-19T18:00:00+08:00
2026-08-28,S01,K07,4,1,Z1,0.0000000000,2026-08-18 12:00:00+08:00,11432.0000000000,f93d28aeca21041034d4e19f03bd8e3c3f3f204f9d21cbb497ce56b7667ddecd,1,,,,0,3.9666666667,2026-08-19T18:00:00+08:00
2026-08-28,S01,K08,4,1,Z1,0.0000000000,2026-08-18 12:00:00+08:00,11433.0000000000,34ba34d3bf739b2529018dd7880debee15579dd2c6b1d6fc8ec70d12b617e639,1,,,,0,3.9666666667,2026-08-19T18:00:00+08:00
2026-08-28,S02,K01,4,1,Z1,0.0000000000,2026-08-18 12:00:00+08:00,11434.0000000000,59dc440468e8965a881d090ef27d059af3d98fab9091e503ba5c4b4e5a213715,1,,,,0,3.9666666667,2026-08-19T18:00:00+08:00
2026-08-28,S02,K02,4,1,Z1,0.0000000000,2026-08-18 12:00:00+08:00,11435.0000000000,bdf0efcf2292c8cc2ac3b9dc0b77deebeb77659f22d9e9e64bc3df0093312e54,1,,,,0,3.9666666667,2026-08-19T18:00:00+08:00
2026-08-28,S02,K03,4,1,Z1,0.0000000000,2026-08-18 12:00:00+08:00,11436.0000000000,269cc08a18d0552a2aa88fa0f675618b477932cfc7ce44640e1b3bd547a61850,1,,,,0,3.9666666667,2026-08-19T18:00:00+08:00
2026-08-28,S02,K04,4,1,Z1,0.0000000000,2026-08-18 12:00:00+08:00,11437.0000000000,45ad5966c8912b4d65bcfefd0442288d60398df9fc7b94cd0952203b6253d688,1,,,,0,3.9666666667,2026-08-19T18:00:00+08:00
2026-08-28,S02,K05,4,1,Z1,0.1200000000,2026-08-18 12:00:00+08:00,11438.0000000000,c4e3a7d26a43932fecadb49640f5d01349f342a4db78cb81f7176a81d8abf380,1,,,,0,3.9666666667,2026-08-19T18:00:00+08:00
2026-08-28,S02,K06,4,1,Z1,0.0000000000,2026-08-18 12:00:00+08:00,11439.0000000000,375f9ca1a7a0ad9fb8bf544c5e3514de680b5c788393417d59ee9e8ce70c0c02,1,,,,0,3.9666666667,2026-08-19T18:00:00+08:00
2026-08-28,S02,K07,4,1,Z1,0.0000000000,2026-08-18 12:00:00+08:00,11440.0000000000,9bce8c0a5094871de938e4fb442c6e6ab211dd9036b8cce3ae5382161f03b0c8,1,,,,0,3.9666666667,2026-08-19T18:00:00+08:00
2026-08-28,S02,K08,4,1,Z1,0.0000000000,2026-08-18 12:00:00+08:00,11441.0000000000,aa2d483ee3a264ec948bcf53fad8fd3763cabbdfff9154f9a82892332cc8f052,1,,,,0,3.9666666667,2026-08-19T18:00:00+08:00
2026-08-28,S03,K01,4,1,Z1,0.0000000000,2026-08-18 12:00:00+08:00,11442.0000000000,58a09ed3d18a1de62126c248e6163ed8f6c0066168e080b2156520f7e4fa6e93,1,,,,0,3.9666666667,2026-08-19T18:00:00+08:00
2026-08-28,S03,K02,4,1,Z1,0.0000000000,2026-08-18 12:00:00+08:00,11443.0000000000,d687905a276bc6779e461e08acf451a85cc1161504a101ad3128e785991c15d3,1,,,,0,3.9666666667,2026-08-19T18:00:00+08:00
2026-08-28,S03,K03,4,1,Z1,0.0000000000,2026-08-18 12:00:00+08:00,11444.0000000000,b2439a9f78f5b995a18328f1bfed40c3927d5a9af04236630ff59427c3cabbb0,1,,,,0,3.9666666667,2026-08-19T18:00:00+08:00
2026-08-28,S03,K04,4,1,Z1,0.1200000000,2026-08-18 12:00:00+08:00,11445.0000000000,79b58fcd3a86b335c7ae95714029d3289e430c78cfb09708c0564c4f2f742efe,1,,,,0,3.9666666667,2026-08-19T18:00:00+08:00
2026-08-28,S03,K05,4,1,Z1,0.0000000000,2026-08-18 12:00:00+08:00,11446.0000000000,c585ff8ef47bf2f88a09f699f91dca1a5b9eb2dc5debb9998494c7cbd2ca0218,1,,,,0,3.9666666667,2026-08-19T18:00:00+08:00
2026-08-28,S03,K06,4,1,Z1,0.0000000000,2026-08-18 12:00:00+08:00,11447.0000000000,7b2593852f00ece4a2cf94e799f8bb85a82b86582e0287ed2407beee0a903b21,1,,,,0,3.9666666667,2026-08-19T18:00:00+08:00
2026-08-28,S03,K07,4,1,Z1,0.0000000000,2026-08-18 12:00:00+08:00,11448.0000000000,1d464f6809866201f06ed641d03732a88ec63c079474c1272f08df6223bf9654,1,,,,0,3.9666666667,2026-08-19T18:00:00+08:00
2026-08-28,S03,K08,4,1,Z1,0.0000000000,2026-08-18 12:00:00+08:00,11449.0000000000,44f3fb53f6b9e6531295c9088a0464da14dc574f84b149beda6e68445869a6f2,1,,,,0,3.9666666667,2026-08-19T18:00:00+08:00
2026-08-28,S04,K01,4,1,Z1,0.0000000000,2026-08-18 12:00:00+08:00,11450.0000000000,59b184e8c830d12580200da082036521b6c19a59a59e443077ddf02bd1e2660c,1,,,,0,3.9666666667,2026-08-19T18:00:00+08:00
2026-08-28,S04,K02,4,1,Z1,0.0000000000,2026-08-18 12:00:00+08:00,11451.0000000000,d265f77cad7d80b4bc12e7f62bf65496cf667b44f36c0d0ac84764fd7995a1d1,1,,,,0,3.9666666667,2026-08-19T18:00:00+08:00
2026-08-28,S04,K03,4,1,Z1,0.0000000000,2026-08-18 12:00:00+08:00,11452.0000000000,81b989facee36ebe09094c8919b3cccca71aaf38b31ce25d3f1238b15b96eedf,1,,,,0,3.9666666667,2026-08-19T18:00:00+08:00
2026-08-28,S04,K04,4,1,Z1,0.1200000000,2026-08-18 12:00:00+08:00,11453.0000000000,c77be80d04529bc0acdaa2c2003cb059abaa5781332077836517ac470985431c,1,,,,0,3.9666666667,2026-08-19T18:00:00+08:00
2026-08-28,S04,K05,4,1,Z1,0.0000000000,2026-08-18 12:00:00+08:00,11454.0000000000,0e83af3bec674b755b0193c2712556fd1c4c449a15b500be59b6fce556a1b550,1,,,,0,3.9666666667,2026-08-19T18:00:00+08:00
2026-08-28,S04,K06,4,1,Z1,0.0000000000,2026-08-18 12:00:00+08:00,11455.0000000000,cde389c9db00a458b29f00154f658981a0e5b4a7b7f6b07ce91816325e57c02d,1,,,,0,3.9666666667,2026-08-19T18:00:00+08:00
2026-08-28,S04,K07,4,1,Z1,0.0000000000,2026-08-18 12:00:00+08:00,11456.0000000000,20022288961b9d40fc66ac2626e03e86eb8e78880139d54961dcbd16b05ada19,1,,,,0,3.9666666667,2026-08-19T18:00:00+08:00
2026-08-28,S04,K08,4,1,Z1,0.0000000000,2026-08-18 12:00:00+08:00,11457.0000000000,3a15d64997d731ecf1f8e9ddd4a979187c1c8fd33d544e808976c0c99beb3864,1,,,,0,3.9666666667,2026-08-19T18:00:00+08:00
2026-08-28,S05,K01,4,1,Z2,0.0000000000,2026-08-18 12:00:00+08:00,11458.0000000000,ede98ba6e6e42074e2a1d452972d496a35e2f48f5c380b2f3f9388dae43dce19,1,,,,0,3.9666666667,2026-08-19T18:00:00+08:00
2026-08-28,S05,K02,4,1,Z2,0.0000000000,2026-08-18 12:00:00+08:00,11459.0000000000,62368a98c7c98603f114c7bf9ac19d10a15c2836f9d8d599773f9ca5101dcf3e,1,,,,0,3.9666666667,2026-08-19T18:00:00+08:00
2026-08-28,S05,K03,4,1,Z2,0.0000000000,2026-08-18 12:00:00+08:00,11460.0000000000,486f6197d003627526fff16fc4f128bd7dd956e4b3703771992063bd37861757,1,,,,0,3.9666666667,2026-08-19T18:00:00+08:00
2026-08-28,S05,K04,4,1,Z2,0.1200000000,2026-08-18 12:00:00+08:00,11461.0000000000,4afe35f3c0c506604fff633ef40078d84dd6909305e5ccd767024aefed8585a5,1,,,,0,3.9666666667,2026-08-19T18:00:00+08:00
2026-08-28,S05,K05,4,1,Z2,0.0000000000,2026-08-18 12:00:00+08:00,11462.0000000000,2245fa68beb15e3adb5abe0181d80d45ea876cf4303e7a34b80e0c75f3489a93,1,,,,0,3.9666666667,2026-08-19T18:00:00+08:00
2026-08-28,S05,K06,4,1,Z2,0.0000000000,2026-08-18 12:00:00+08:00,11463.0000000000,d8731ec75a15bdd7359267d76b7ea9f8459168609a9b1cb907a2d02230b4fb98,1,,,,0,3.9666666667,2026-08-19T18:00:00+08:00
2026-08-28,S05,K07,4,1,Z2,0.0000000000,2026-08-18 12:00:00+08:00,11464.0000000000,9c85acd5c50f010453e02de4808aa2c660ca97023c7551e8c6901233628e5c6b,1,,,,0,3.9666666667,2026-08-19T18:00:00+08:00
2026-08-28,S05,K08,4,1,Z2,0.0000000000,2026-08-18 12:00:00+08:00,11465.0000000000,52488f30e174678fcef0a4ff0af43c43d6480d502f5e6943413a03a8ec979b05,1,,,,0,3.9666666667,2026-08-19T18:00:00+08:00
2026-08-28,S06,K01,4,1,Z2,0.0000000000,2026-08-18 12:00:00+08:00,11466.0000000000,d01f74e096c6fa26c7317f97c1693081e03b9f355e541719dbd06d8ff3d77bee,1,,,,0,3.9666666667,2026-08-19T18:00:00+08:00
2026-08-28,S06,K02,4,1,Z2,0.0000000000,2026-08-18 12:00:00+08:00,11467.0000000000,ce4f2a83a8e5869cc775aac093e7fab0c0f1b5fff9a4b0eacd130be061e4e074,1,,,,0,3.9666666667,2026-08-19T18:00:00+08:00
2026-08-28,S06,K03,4,1,Z2,0.1200000000,2026-08-18 12:00:00+08:00,11468.0000000000,a1b1d1eeacc460f72a9bb6769a2e4d057c32209bfe6883a49282b43e50559b51,1,,,,0,3.9666666667,2026-08-19T18:00:00+08:00
2026-08-28,S06,K04,4,1,Z2,0.0000000000,2026-08-18 12:00:00+08:00,11469.0000000000,4c8096d6f9fd1e1b07efd38c9cc37cf46c02bfddb63c52a3d6917239e127dcf6,1,,,,0,3.9666666667,2026-08-19T18:00:00+08:00
2026-08-28,S06,K05,4,1,Z2,0.0000000000,2026-08-18 12:00:00+08:00,11470.0000000000,728455521b4be139dae781e9e4a779b04399673dcf41377ab70511cc8c4b1ab0,1,,,,0,3.9666666667,2026-08-19T18:00:00+08:00
2026-08-28,S06,K06,4,1,Z2,0.0000000000,2026-08-18 12:00:00+08:00,11471.0000000000,cf27768b269fb67906415c130ebd6627ca6b79d0531a840c3d0fa65c1f3fbdbe,1,,,,0,3.9666666667,2026-08-19T18:00:00+08:00
2026-08-28,S06,K07,4,1,Z2,0.0000000000,2026-08-18 12:00:00+08:00,11472.0000000000,8540b1e3e6f68d119c7b2c7352531c9de726b0794530e8f2a4c526b3f54a2e32,1,,,,0,3.9666666667,2026-08-19T18:00:00+08:00
2026-08-28,S06,K08,4,1,Z2,0.0000000000,2026-08-18 12:00:00+08:00,11473.0000000000,3509e69cc86260d5702a2fd78aab4aa703dcf79e52f7b3fbef4e4d96d17600f3,1,,,,0,3.9666666667,2026-08-19T18:00:00+08:00
2026-08-28,S07,K01,4,1,Z2,0.0000000000,2026-08-18 12:00:00+08:00,11474.0000000000,77ce5592a9548392498ede449e95ea0db823a0ff0b4a1a8fea77cb277854936e,1,,,,0,3.9666666667,2026-08-19T18:00:00+08:00
2026-08-28,S07,K02,4,1,Z2,0.0000000000,2026-08-18 12:00:00+08:00,11475.0000000000,740072b0d98cd0611f76d4ef373d7ec1d67951006e59e170ed6206319e4edf79,1,,,,0,3.9666666667,2026-08-19T18:00:00+08:00
2026-08-28,S07,K03,4,1,Z2,0.1200000000,2026-08-18 12:00:00+08:00,11476.0000000000,5979dbbd599841663cbce8f7637f8f9da22d052491fc6fc31d15021118ae6948,1,,,,0,3.9666666667,2026-08-19T18:00:00+08:00
2026-08-28,S07,K04,4,1,Z2,0.0000000000,2026-08-18 12:00:00+08:00,11477.0000000000,dd0bb0d8f9989594b381a19c3250cadc1333b88a3db9058999b14378e3c482b6,1,,,,0,3.9666666667,2026-08-19T18:00:00+08:00
2026-08-28,S07,K05,4,1,Z2,0.0000000000,2026-08-18 12:00:00+08:00,11478.0000000000,f67d05a4e9a3717d055c968b6f1c8b09545a3ee45318b3a3db3dea1d2279da35,1,,,,0,3.9666666667,2026-08-19T18:00:00+08:00
2026-08-28,S07,K06,4,1,Z2,0.0000000000,2026-08-18 12:00:00+08:00,11479.0000000000,d78027bd9e65a49bd1dc1ddd4f989438e782208fffdae18b120faf4ac618e931,1,,,,0,3.9666666667,2026-08-19T18:00:00+08:00
2026-08-28,S07,K07,4,1,Z2,0.0000000000,2026-08-18 12:00:00+08:00,11480.0000000000,f3f759be1ab0cafbeb68c9302234df93744968bb99690fb6375479fbdb0ea8bd,1,,,,0,3.9666666667,2026-08-19T18:00:00+08:00
2026-08-28,S07,K08,4,1,Z2,0.0000000000,2026-08-18 12:00:00+08:00,11481.0000000000,89745d4293621b870187e77f45a353698b485f3dfbea79433bd2316cc529d4a8,1,,,,0,3.9666666667,2026-08-19T18:00:00+08:00
2026-08-28,S08,K01,4,1,Z2,0.0000000000,2026-08-18 12:00:00+08:00,11482.0000000000,c6bc147397195cc8fa5b886763899d18cc67f581cec32f710ceb1421c3c58bd9,1,,,,0,3.9666666667,2026-08-19T18:00:00+08:00
2026-08-28,S08,K02,4,1,Z2,0.1200000000,2026-08-18 12:00:00+08:00,11483.0000000000,9e3356da6c7416c8dbb776a0d10838fae55e4e84f869bc0d420eb258f4845af0,1,,,,0,3.9666666667,2026-08-19T18:00:00+08:00
2026-08-28,S08,K03,4,1,Z2,0.0000000000,2026-08-18 12:00:00+08:00,11484.0000000000,a6cc62ba9f9795284cb8a37555d3af0370d02756f93bdca8a7d211875ccb8e58,1,,,,0,3.9666666667,2026-08-19T18:00:00+08:00
2026-08-28,S08,K04,4,1,Z2,0.0000000000,2026-08-18 12:00:00+08:00,11485.0000000000,1974e27d0ba52b1b3863c6444ba0a21ee6daa3dced63a95f05ec6765c46f5ff9,1,,,,0,3.9666666667,2026-08-19T18:00:00+08:00
2026-08-28,S08,K05,4,1,Z2,0.0000000000,2026-08-18 12:00:00+08:00,11486.0000000000,0b41e2e77ffb1ff7cf5edcf51496b81b99f511aeff5b3692f932d37df24427d2,1,,,,0,3.9666666667,2026-08-19T18:00:00+08:00
2026-08-28,S08,K06,4,1,Z2,0.0000000000,2026-08-18 12:00:00+08:00,11487.0000000000,404a7118b41da64642710baecc113a6663347fa404694d10e7def041a90c1c43,1,,,,0,3.9666666667,2026-08-19T18:00:00+08:00
2026-08-28,S08,K07,4,1,Z2,0.0000000000,2026-08-18 12:00:00+08:00,11488.0000000000,6e2002bf0568c6cf121cf5964e1946f02fff9d7bee06746fda43b8411b3f8070,1,,,,0,3.9666666667,2026-08-19T18:00:00+08:00
2026-08-28,S08,K08,4,1,Z2,0.1200000000,2026-08-18 12:00:00+08:00,11489.0000000000,10dd761c5b60af41d2ccb48bb2744f6c8c88746776055ce858de41294299c33b,1,,,,0,3.9666666667,2026-08-19T18:00:00+08:00
2026-08-28,S09,K01,4,1,Z3,0.0000000000,2026-08-18 12:00:00+08:00,11490.0000000000,6ae368f0ad83b56d280161219f055d7f59268f6f4a2bad5983bf5c4112031a85,1,,,,0,3.9666666667,2026-08-19T18:00:00+08:00
2026-08-28,S09,K02,4,1,Z3,0.1200000000,2026-08-18 12:00:00+08:00,11491.0000000000,eba94a4da95d8cc5abfa2a42e1bcae40e62f04520e33daf3480fbfe99a1bda98,1,,,,0,3.9666666667,2026-08-19T18:00:00+08:00
2026-08-28,S09,K03,4,1,Z3,0.0000000000,2026-08-18 12:00:00+08:00,11492.0000000000,d1ced12c5b83382971f36ae55a41018233bd04cc17db746c548981b52d76da3a,1,,,,0,3.9666666667,2026-08-19T18:00:00+08:00
2026-08-28,S09,K04,4,1,Z3,0.0000000000,2026-08-18 12:00:00+08:00,11493.0000000000,6622d34d08f50a874c238ec3b0ae423efed16ab00437f3b928e14cd99a2ebbc6,1,,,,0,3.9666666667,2026-08-19T18:00:00+08:00
2026-08-28,S09,K05,4,1,Z3,0.0000000000,2026-08-18 12:00:00+08:00,11494.0000000000,33586d80fbfb128d9704d7aed56954afc58234c94d9fba09411759fb139c80fa,1,,,,0,3.9666666667,2026-08-19T18:00:00+08:00
2026-08-28,S09,K06,4,1,Z3,0.0000000000,2026-08-18 12:00:00+08:00,11495.0000000000,703c71585088a4907c915464050a8cf9ecfd358852ebfe0df5ae9616643e3f12,1,,,,0,3.9666666667,2026-08-19T18:00:00+08:00
2026-08-28,S09,K07,4,1,Z3,0.0000000000,2026-08-18 12:00:00+08:00,11496.0000000000,9b6e1960d8fee99681745650c1cfa84002ed4550be66f94eb32dd2f295da03e2,1,,,,0,3.9666666667,2026-08-19T18:00:00+08:00
2026-08-28,S09,K08,4,1,Z3,0.1200000000,2026-08-18 12:00:00+08:00,11497.0000000000,1c024e16baa06be49d24babc469af894119fb85ced30d6d371c7b56310af5796,1,,,,0,3.9666666667,2026-08-19T18:00:00+08:00
2026-08-28,S10,K01,4,1,Z3,0.0000000000,2026-08-18 12:00:00+08:00,11498.0000000000,d7e71768e97208ed05ad6e0f42abfc514c63d2023e17a145fd545cdd3444e2ac,1,,,,0,3.9666666667,2026-08-19T18:00:00+08:00
2026-08-28,S10,K02,4,1,Z3,0.1200000000,2026-08-18 12:00:00+08:00,11499.0000000000,23726afe8b107d78cce53b75626d8f15e7e1317f9672dec56b99a98bf1f688bc,1,,,,0,3.9666666667,2026-08-19T18:00:00+08:00
2026-08-28,S10,K03,4,1,Z3,0.0000000000,2026-08-18 12:00:00+08:00,11500.0000000000,8b0966666cee2030eb457188c18276c1233eb0df3ea36202ef04876a3076a6cb,1,,,,0,3.9666666667,2026-08-19T18:00:00+08:00
2026-08-28,S10,K04,4,1,Z3,0.0000000000,2026-08-18 12:00:00+08:00,11501.0000000000,cdaa8bca2c51cf63d65302a43dd7a15bbcda520e4122cd6bd83d8268cc7fd8b5,1,,,,0,3.9666666667,2026-08-19T18:00:00+08:00
2026-08-28,S10,K05,4,1,Z3,0.0000000000,2026-08-18 12:00:00+08:00,11502.0000000000,e48f2f5f067e953dab3311125e467219be7741cc9dcb207ab3bdf99460e56b56,1,,,,0,3.9666666667,2026-08-19T18:00:00+08:00
2026-08-28,S10,K06,4,1,Z3,0.0000000000,2026-08-18 12:00:00+08:00,11503.0000000000,ee854850ceb9a14576b5093bf17f520ab236c2eed0d54bc46fef0bcfa5eb75f7,1,,,,0,3.9666666667,2026-08-19T18:00:00+08:00
2026-08-28,S10,K07,4,1,Z3,0.1200000000,2026-08-18 12:00:00+08:00,11504.0000000000,fd6c806fc382a919664149de9e2257eeabc0b4980e596e683b65a9a1ffc68bc7,1,,,,0,3.9666666667,2026-08-19T18:00:00+08:00
2026-08-28,S10,K08,4,1,Z3,0.0000000000,2026-08-18 12:00:00+08:00,11505.0000000000,c1ed95acf12472159247f713b90e52458c91dc7722022e96a4f72a36be9a2791,1,,,,0,3.9666666667,2026-08-19T18:00:00+08:00
2026-08-28,S11,K01,4,1,Z3,0.1200000000,2026-08-18 12:00:00+08:00,11506.0000000000,d3052c74ab6d96be34eeb59ed12d30c9c3dbed19ee42562cd39e194001ab634e,1,,,,0,3.9666666667,2026-08-19T18:00:00+08:00
2026-08-28,S11,K02,4,1,Z3,0.0000000000,2026-08-18 12:00:00+08:00,11507.0000000000,ce8b03f80b7f464dd96fa36a98aa72cda793bf717d661d98fe782fd4cc418961,1,,,,0,3.9666666667,2026-08-19T18:00:00+08:00
2026-08-28,S11,K03,4,1,Z3,0.0000000000,2026-08-18 12:00:00+08:00,11508.0000000000,8617d8129f5deedace4c1d965403c455ca7519073c40092081c3cc1845cddce2,1,,,,0,3.9666666667,2026-08-19T18:00:00+08:00
2026-08-28,S11,K04,4,1,Z3,0.0000000000,2026-08-18 12:00:00+08:00,11509.0000000000,88e7ca245ee95c961c38478c30a9780d57d025e6995979221df37018ee25ad97,1,,,,0,3.9666666667,2026-08-19T18:00:00+08:00
2026-08-28,S11,K05,4,1,Z3,0.0000000000,2026-08-18 12:00:00+08:00,11510.0000000000,4f4f848457db1bf5796000878e7f4d7be6a802c703e2a67f7de0b19c021b9c5a,1,,,,0,3.9666666667,2026-08-19T18:00:00+08:00
2026-08-28,S11,K06,4,1,Z3,0.0000000000,2026-08-18 12:00:00+08:00,11511.0000000000,6a2eead6986995f396698a3e6e4e639c2fb7c55ec46ffa5d8ecfef422f3cda99,1,,,,0,3.9666666667,2026-08-19T18:00:00+08:00
2026-08-28,S11,K07,4,1,Z3,0.1200000000,2026-08-18 12:00:00+08:00,11512.0000000000,a4d05b61a1bde40d9fcb3f3a6ba6e63a0528bf25c0d0ce69463249f28c730667,1,,,,0,3.9666666667,2026-08-19T18:00:00+08:00
2026-08-28,S11,K08,4,1,Z3,0.0000000000,2026-08-18 12:00:00+08:00,11513.0000000000,2facc46481894cff97411ef28e4bbcb2d89ead8e30ee3a7c934471a983cc458c,1,,,,0,3.9666666667,2026-08-19T18:00:00+08:00
2026-08-28,S12,K01,4,1,Z3,0.1200000000,2026-08-18 12:00:00+08:00,11514.0000000000,778146499c35e5b3029c571af2e7fd2e2a23f7321872cc55f60c27d35b96c344,1,,,,0,3.9666666667,2026-08-19T18:00:00+08:00
2026-08-28,S12,K02,4,1,Z3,0.0000000000,2026-08-18 12:00:00+08:00,11515.0000000000,a6e5719538e3ba574a57567c9026fd3d40ea5cd2d0c3cad326e8c25deef83ffa,1,,,,0,3.9666666667,2026-08-19T18:00:00+08:00
2026-08-28,S12,K03,4,1,Z3,0.0000000000,2026-08-18 12:00:00+08:00,11516.0000000000,9e5251fe9978a2c7f67464127070beb803cd21d3895c780639e8b77fbf947dd6,1,,,,0,3.9666666667,2026-08-19T18:00:00+08:00
2026-08-28,S12,K04,4,1,Z3,0.0000000000,2026-08-18 12:00:00+08:00,11517.0000000000,47d911e3f18f3cccbceb6b1eb43c094b1a5f586ba11d252ebdb5873841a1d751,1,,,,0,3.9666666667,2026-08-19T18:00:00+08:00
2026-08-28,S12,K05,4,1,Z3,0.0000000000,2026-08-18 12:00:00+08:00,11518.0000000000,8a9aee3f21ebbf6c37fec6bbd83194aeaae7f59c14fe1c773ed01d4ea6bd0f62,1,,,,0,3.9666666667,2026-08-19T18:00:00+08:00
2026-08-28,S12,K06,4,1,Z3,0.0000000000,2026-08-18 12:00:00+08:00,11519.0000000000,efc877cb27c6a0012cb6e0d1047200d003c7f3258037e2c47fa5fe2eefc0f0d4,1,,,,0,3.9666666667,2026-08-19T18:00:00+08:00
2026-08-28,S12,K07,4,1,Z3,0.1200000000,2026-08-18 12:00:00+08:00,11520.0000000000,7db4f5a5cf78cc1967b213b9ac41504fdc13b93a92141702654c2a4aad2187ac,1,,,,0,3.9666666667,2026-08-19T18:00:00+08:00
2026-08-28,S12,K08,4,1,Z3,0.0000000000,2026-08-18 12:00:00+08:00,11521.0000000000,403bfb6a1694acde04b9572c3ad3d6c94a2756e7fb41eb4fd007749a5d3022d9,1,,,,0,3.9666666667,2026-08-19T18:00:00+08:00
2026-08-29,S01,K01,5,1,Z1,0.0000000000,2026-08-19 12:00:00+08:00,11522.0000000000,dc436716a1491e16e59854d6d12fbe9ef8259ec6f14d821d4c89e7c031f730ab,1,,,,0,4.0000000000,2026-08-19T18:00:00+08:00
2026-08-29,S01,K02,5,1,Z1,0.0000000000,2026-08-19 12:00:00+08:00,11523.0000000000,082d774272f8eb7400fcd96d0a9e8aa4dd5db803df7cb673ffd26ce0002c8232,1,,,,0,4.0000000000,2026-08-19T18:00:00+08:00
2026-08-29,S01,K03,5,1,Z1,0.0000000000,2026-08-19 12:00:00+08:00,11524.0000000000,093b34492add93f8d16edf697db33a1f5f003e3afabb4c4b10105b849a4a5fe8,1,,,,0,4.0000000000,2026-08-19T18:00:00+08:00
2026-08-29,S01,K04,5,1,Z1,0.0000000000,2026-08-19 12:00:00+08:00,11525.0000000000,88a354b3071b571effa997959c1945fde97d349ff1c0b25dfa52f88fc2cb3b7b,1,,,,0,4.0000000000,2026-08-19T18:00:00+08:00
2026-08-29,S01,K05,5,1,Z1,0.1200000000,2026-08-19 12:00:00+08:00,11526.0000000000,d0283a7c03810748ffb1a18e81156e04a2ab6a5504b84b47a94e8cb9d41eb9db,1,,,,0,4.0000000000,2026-08-19T18:00:00+08:00
2026-08-29,S01,K06,5,1,Z1,0.0000000000,2026-08-19 12:00:00+08:00,11527.0000000000,2a7df1ad9e4af74bcdd52475dee945ccba387f84a0d1d29459a7da73797b66d1,1,,,,0,4.0000000000,2026-08-19T18:00:00+08:00
2026-08-29,S01,K07,5,1,Z1,0.0000000000,2026-08-19 12:00:00+08:00,11528.0000000000,cc99fd7ecacfdb70c56de1cc5582967c58deca2728b601f0eca635276249d7fe,1,,,,0,4.0000000000,2026-08-19T18:00:00+08:00
2026-08-29,S01,K08,5,1,Z1,0.0000000000,2026-08-19 12:00:00+08:00,11529.0000000000,f0ed7eb3adf4c8e413b11c57e8ba193d17d2bc50cd8bf98394f6eb96af7a3a4b,1,,,,0,4.0000000000,2026-08-19T18:00:00+08:00
2026-08-29,S02,K01,5,1,Z1,0.0000000000,2026-08-19 12:00:00+08:00,11530.0000000000,43b76f9cee66539acc1a80ecb9cb69a61e3f19ab815a5220aea7cbefdcd8bd79,1,,,,0,4.0000000000,2026-08-19T18:00:00+08:00
2026-08-29,S02,K02,5,1,Z1,0.0000000000,2026-08-19 12:00:00+08:00,11531.0000000000,b8f22318c9a48f3ec28bd562fd58005813f35dde3cafc7fb6fbaa11b323e7307,1,,,,0,4.0000000000,2026-08-19T18:00:00+08:00
2026-08-29,S02,K03,5,1,Z1,0.0000000000,2026-08-19 12:00:00+08:00,11532.0000000000,6ca666ca05458031eab553720016bc32bd7c7d2d55b763f6bf91dd2b329013f1,1,,,,0,4.0000000000,2026-08-19T18:00:00+08:00
2026-08-29,S02,K04,5,1,Z1,0.0000000000,2026-08-19 12:00:00+08:00,11533.0000000000,280bd901cb5352ea1e667ad54de11520bd30d48d17833850cccac1e2e5dc4d40,1,,,,0,4.0000000000,2026-08-19T18:00:00+08:00
2026-08-29,S02,K05,5,1,Z1,0.1200000000,2026-08-19 12:00:00+08:00,11534.0000000000,206d0fd2045e30091184cb2a7731a4a368b21494e8dbe7648bc6fe01c2ee049f,1,,,,0,4.0000000000,2026-08-19T18:00:00+08:00
2026-08-29,S02,K06,5,1,Z1,0.0000000000,2026-08-19 12:00:00+08:00,11535.0000000000,c62d0f557a33b1ecb8ca44bd2a65b1baaad45c0c70d9a4a2ad2893bed9db3f85,1,,,,0,4.0000000000,2026-08-19T18:00:00+08:00
2026-08-29,S02,K07,5,1,Z1,0.0000000000,2026-08-19 12:00:00+08:00,11536.0000000000,1999d842eacbb8defe03716a09c9349ed7a2e3e9e97cea9b34275d8342f794fa,1,,,,0,4.0000000000,2026-08-19T18:00:00+08:00
2026-08-29,S02,K08,5,1,Z1,0.0000000000,2026-08-19 12:00:00+08:00,11537.0000000000,9ef93d57f7be57ab10d853bea9558e3d3f63f270b92c05873cef8e4faaf9f619,1,,,,0,4.0000000000,2026-08-19T18:00:00+08:00
2026-08-29,S03,K01,5,1,Z1,0.0000000000,2026-08-19 12:00:00+08:00,11538.0000000000,dd20fe6c61c38b8e4b36dc4a9083448631658fb20a629c2fc4588a27ef0e6318,1,,,,0,4.0000000000,2026-08-19T18:00:00+08:00
2026-08-29,S03,K02,5,1,Z1,0.0000000000,2026-08-19 12:00:00+08:00,11539.0000000000,8273411517f0a45b05be5a3b2fbfb75aedd9584b76799d9b55b3a3f18ac21637,1,,,,0,4.0000000000,2026-08-19T18:00:00+08:00
2026-08-29,S03,K03,5,1,Z1,0.0000000000,2026-08-19 12:00:00+08:00,11540.0000000000,beaa534bf51bca7af48e3bfd4bfe176e5f631c68af47fb880adb92a2d9c000b7,1,,,,0,4.0000000000,2026-08-19T18:00:00+08:00
2026-08-29,S03,K04,5,1,Z1,0.1200000000,2026-08-19 12:00:00+08:00,11541.0000000000,639aa59a2200c43a97108f7ff623000a62cf7d9e6cf594f0d531f317b349da3c,1,,,,0,4.0000000000,2026-08-19T18:00:00+08:00
2026-08-29,S03,K05,5,1,Z1,0.0000000000,2026-08-19 12:00:00+08:00,11542.0000000000,c03c9820756809605c0c76aff3bf89cd0876c199cf91584a91869f6133089582,1,,,,0,4.0000000000,2026-08-19T18:00:00+08:00
2026-08-29,S03,K06,5,1,Z1,0.0000000000,2026-08-19 12:00:00+08:00,11543.0000000000,9770117bbad0e4613c826459a5939f5cad1f6f96e77900dd7ed60ae3e23d4acd,1,,,,0,4.0000000000,2026-08-19T18:00:00+08:00
2026-08-29,S03,K07,5,1,Z1,0.0000000000,2026-08-19 12:00:00+08:00,11544.0000000000,bc118e87203f33af306733abd9b60f5bcee4ca77f0c40fb975aaa751654383eb,1,,,,0,4.0000000000,2026-08-19T18:00:00+08:00
2026-08-29,S03,K08,5,1,Z1,0.0000000000,2026-08-19 12:00:00+08:00,11545.0000000000,0502b1cee865b8553b1d2156374584149887723496db8cc01fd446d3a85cdcf1,1,,,,0,4.0000000000,2026-08-19T18:00:00+08:00
2026-08-29,S04,K01,5,1,Z1,0.0000000000,2026-08-19 12:00:00+08:00,11546.0000000000,fdcf872181d4ac460286a74844274dfae575c4f5fded7f0656a628d9fe967706,1,,,,0,4.0000000000,2026-08-19T18:00:00+08:00
2026-08-29,S04,K02,5,1,Z1,0.0000000000,2026-08-19 12:00:00+08:00,11547.0000000000,70aa088f0938395d1321ac27c635a0eaae515ab9f25d876ac087f3d3798fb629,1,,,,0,4.0000000000,2026-08-19T18:00:00+08:00
2026-08-29,S04,K03,5,1,Z1,0.0000000000,2026-08-19 12:00:00+08:00,11548.0000000000,8e83522614802d27e29827c190372177ec6c08c6b9c384dc332d571c6eaf99d9,1,,,,0,4.0000000000,2026-08-19T18:00:00+08:00
2026-08-29,S04,K04,5,1,Z1,0.1200000000,2026-08-19 12:00:00+08:00,11549.0000000000,c54d98c6027559b6ba79d637d7f60d1f1a9e408df66e545e6d0df348a64b517d,1,,,,0,4.0000000000,2026-08-19T18:00:00+08:00
2026-08-29,S04,K05,5,1,Z1,0.0000000000,2026-08-19 12:00:00+08:00,11550.0000000000,6d239ec1eb9e58c7630e5f88c9945c60becc5c99d2a0aa577f9dc25a24916373,1,,,,0,4.0000000000,2026-08-19T18:00:00+08:00
2026-08-29,S04,K06,5,1,Z1,0.0000000000,2026-08-19 12:00:00+08:00,11551.0000000000,88670c6d150b288feb8aa0d056b00f5e16bbd71f22e674491762a02fa5ed4513,1,,,,0,4.0000000000,2026-08-19T18:00:00+08:00
2026-08-29,S04,K07,5,1,Z1,0.0000000000,2026-08-19 12:00:00+08:00,11552.0000000000,7263135139608744bedbd6933de08138fe921f6462ae1d7736ff79b9ef27f03c,1,,,,0,4.0000000000,2026-08-19T18:00:00+08:00
2026-08-29,S04,K08,5,1,Z1,0.0000000000,2026-08-19 12:00:00+08:00,11553.0000000000,aa4778aeea8af3a2f0453050eb55f9f7560cd1cf374c4dcde8f846032ad9fd10,1,,,,0,4.0000000000,2026-08-19T18:00:00+08:00
2026-08-29,S05,K01,5,1,Z2,0.0000000000,2026-08-19 12:00:00+08:00,11554.0000000000,a1845786ffa67b9d4865d2f08218da54ed62d5c84e23a00815a25d5c883b82d8,1,,,,0,4.0000000000,2026-08-19T18:00:00+08:00
2026-08-29,S05,K02,5,1,Z2,0.0000000000,2026-08-19 12:00:00+08:00,11555.0000000000,3b30fb33b658e5593ff0b6b0b918e5d6136343ba1764e4d8ec32d3da9b550c01,1,,,,0,4.0000000000,2026-08-19T18:00:00+08:00
2026-08-29,S05,K03,5,1,Z2,0.1200000000,2026-08-19 12:00:00+08:00,11556.0000000000,4ae838fe44c7385d560e86341374cd24ccd413b61769ec1fc9d4a10160e65422,1,,,,0,4.0000000000,2026-08-19T18:00:00+08:00
2026-08-29,S05,K04,5,1,Z2,0.0000000000,2026-08-19 12:00:00+08:00,11557.0000000000,2980c17641d8dac1eef9420a137d9193f9d68f6f3b8d5636e3391aaefddf7cd3,1,,,,0,4.0000000000,2026-08-19T18:00:00+08:00
2026-08-29,S05,K05,5,1,Z2,0.0000000000,2026-08-19 12:00:00+08:00,11558.0000000000,3dfe5123ea760ae5f6d7dc57adee135c8fbbbda8edf2b8fddf95bfaf73b6ed9e,1,,,,0,4.0000000000,2026-08-19T18:00:00+08:00
2026-08-29,S05,K06,5,1,Z2,0.0000000000,2026-08-19 12:00:00+08:00,11559.0000000000,90b63a7389d3f1ef3993f067898fb229f908a075e12acb2802213d420f5922aa,1,,,,0,4.0000000000,2026-08-19T18:00:00+08:00
2026-08-29,S05,K07,5,1,Z2,0.0000000000,2026-08-19 12:00:00+08:00,11560.0000000000,af02175ad07008e7e066bd1e007cb5c6d0d309815362256c4e271c99e88baafd,1,,,,0,4.0000000000,2026-08-19T18:00:00+08:00
2026-08-29,S05,K08,5,1,Z2,0.0000000000,2026-08-19 12:00:00+08:00,11561.0000000000,42c1799b17acce3c04eaf0b8bd4821db7beaa72cbb2449af1d8e8326fdd155c3,1,,,,0,4.0000000000,2026-08-19T18:00:00+08:00
2026-08-29,S06,K01,5,1,Z2,0.0000000000,2026-08-19 12:00:00+08:00,11562.0000000000,5986acb233f1f85086c0e7ea4922a581f4643accf1f08f4b6d4d0a63564b7d76,1,,,,0,4.0000000000,2026-08-19T18:00:00+08:00
2026-08-29,S06,K02,5,1,Z2,0.0000000000,2026-08-19 12:00:00+08:00,11563.0000000000,1eee4305fc621baf79b50eb89455c156defc0d62b77ffa572fd4f3a6efa27803,1,,,,0,4.0000000000,2026-08-19T18:00:00+08:00
2026-08-29,S06,K03,5,1,Z2,0.1200000000,2026-08-19 12:00:00+08:00,11564.0000000000,0e39282c138655c08305d7c776b102e52e767d17afd63c1d4b71df4d653f295b,1,,,,0,4.0000000000,2026-08-19T18:00:00+08:00
2026-08-29,S06,K04,5,1,Z2,0.0000000000,2026-08-19 12:00:00+08:00,11565.0000000000,631f78f0bb41ff14fd097643732d3752b2ecd5e9e48a3e8bbeaaadaffbb352fa,1,,,,0,4.0000000000,2026-08-19T18:00:00+08:00
2026-08-29,S06,K05,5,1,Z2,0.0000000000,2026-08-19 12:00:00+08:00,11566.0000000000,9859266a6e76731afc35c728e0c5091bb99d49a9bd5693722138cc656a9eeb99,1,,,,0,4.0000000000,2026-08-19T18:00:00+08:00
2026-08-29,S06,K06,5,1,Z2,0.0000000000,2026-08-19 12:00:00+08:00,11567.0000000000,ef52f135651a123841adb84555016b1be8389c960cde307faeaf736e21e7191d,1,,,,0,4.0000000000,2026-08-19T18:00:00+08:00
2026-08-29,S06,K07,5,1,Z2,0.0000000000,2026-08-19 12:00:00+08:00,11568.0000000000,5a50aada497d2de96a14ced2e4917617929d3267c64488c68f1d80d5f10214a6,1,,,,0,4.0000000000,2026-08-19T18:00:00+08:00
2026-08-29,S06,K08,5,1,Z2,0.0000000000,2026-08-19 12:00:00+08:00,11569.0000000000,1af22bdabbd0cc178ede6d7ff80005462badc912221832a1543c69bb8fbd5048,1,,,,0,4.0000000000,2026-08-19T18:00:00+08:00
2026-08-29,S07,K01,5,1,Z2,0.0000000000,2026-08-19 12:00:00+08:00,11570.0000000000,615126083f0b56c8594286913a63dcb81c146af832556ca5ba91e4f16ef0cc50,1,,,,0,4.0000000000,2026-08-19T18:00:00+08:00
2026-08-29,S07,K02,5,1,Z2,0.0000000000,2026-08-19 12:00:00+08:00,11571.0000000000,d80b3e980e774ab33c720acd9ad0f2ea2ff00955a5bf1de4e4faafff19929f23,1,,,,0,4.0000000000,2026-08-19T18:00:00+08:00
2026-08-29,S07,K03,5,1,Z2,0.1200000000,2026-08-19 12:00:00+08:00,11572.0000000000,ad5031218f6f0fe8b83dd79577ac09bee6ce1e622d9a8b0b43b5eab5c9360993,1,,,,0,4.0000000000,2026-08-19T18:00:00+08:00
2026-08-29,S07,K04,5,1,Z2,0.0000000000,2026-08-19 12:00:00+08:00,11573.0000000000,bd58c353798894eaa751f5a7136a7a16d32b9975567b76bd7bd581c3e8ed7b36,1,,,,0,4.0000000000,2026-08-19T18:00:00+08:00
2026-08-29,S07,K05,5,1,Z2,0.0000000000,2026-08-19 12:00:00+08:00,11574.0000000000,7ca4542393a2b0128d9adc41c9a1395a9970fdd41d4cf1bdfcab2d824189d3a5,1,,,,0,4.0000000000,2026-08-19T18:00:00+08:00
2026-08-29,S07,K06,5,1,Z2,0.0000000000,2026-08-19 12:00:00+08:00,11575.0000000000,10b22eb23a6ce6d64e6bb8520d7eccc124d4d7c4ac2b61d95caf43e127222dd0,1,,,,0,4.0000000000,2026-08-19T18:00:00+08:00
2026-08-29,S07,K07,5,1,Z2,0.0000000000,2026-08-19 12:00:00+08:00,11576.0000000000,71f6529890910a916fd4ee1ff9f158184e7d6f8838367d6e428229c1c46e25da,1,,,,0,4.0000000000,2026-08-19T18:00:00+08:00
2026-08-29,S07,K08,5,1,Z2,0.1200000000,2026-08-19 12:00:00+08:00,11577.0000000000,e2b64c09fef09db8154f406a616f465f4fc2b11ada9750d6a8619607bd2cf542,1,,,,0,4.0000000000,2026-08-19T18:00:00+08:00
2026-08-29,S08,K01,5,1,Z2,0.0000000000,2026-08-19 12:00:00+08:00,11578.0000000000,93358313437e7254c0c0d0bcc39e6f83c3ff45375de59bed7d5663d7c18e8641,1,,,,0,4.0000000000,2026-08-19T18:00:00+08:00
2026-08-29,S08,K02,5,1,Z2,0.1200000000,2026-08-19 12:00:00+08:00,11579.0000000000,37e6c4c4e37fe2374e498c84daacb8618b2b1edab9b77fbf6a4d9b15a77557e2,1,,,,0,4.0000000000,2026-08-19T18:00:00+08:00
2026-08-29,S08,K03,5,1,Z2,0.0000000000,2026-08-19 12:00:00+08:00,11580.0000000000,b993a5ad4c7482bb5da40871591c0fe1a0be38b32f6a268095891cbb6f60b3ea,1,,,,0,4.0000000000,2026-08-19T18:00:00+08:00
2026-08-29,S08,K04,5,1,Z2,0.0000000000,2026-08-19 12:00:00+08:00,11581.0000000000,046893cba0e447cde5980d5cd2258064f8a419b37eeaabd18a5a8f0be82f1bd9,1,,,,0,4.0000000000,2026-08-19T18:00:00+08:00
2026-08-29,S08,K05,5,1,Z2,0.0000000000,2026-08-19 12:00:00+08:00,11582.0000000000,48cc333d6512a0ee2ef224165a9e13ab81db33bff57446637be2d5af80fa7f89,1,,,,0,4.0000000000,2026-08-19T18:00:00+08:00
2026-08-29,S08,K06,5,1,Z2,0.0000000000,2026-08-19 12:00:00+08:00,11583.0000000000,528f02d9bf962e43c91a1be29ea590e00835750ee6e3e7c1b0462b3258f140a2,1,,,,0,4.0000000000,2026-08-19T18:00:00+08:00
2026-08-29,S08,K07,5,1,Z2,0.0000000000,2026-08-19 12:00:00+08:00,11584.0000000000,d7bec6b76db9fc7b2134efa0498169bae3f11575e4e4a02deae853fbd9249714,1,,,,0,4.0000000000,2026-08-19T18:00:00+08:00
2026-08-29,S08,K08,5,1,Z2,0.1200000000,2026-08-19 12:00:00+08:00,11585.0000000000,42881b84b63e4d04fc17e2ca8536597657c6a6e32d45da06610e8c0eb1ba020d,1,,,,0,4.0000000000,2026-08-19T18:00:00+08:00
2026-08-29,S09,K01,5,1,Z3,0.0000000000,2026-08-19 12:00:00+08:00,11586.0000000000,c34564d16ee4588397a1f105af4c03003341a2982d3581eb655de6e290090038,1,,,,0,4.0000000000,2026-08-19T18:00:00+08:00
2026-08-29,S09,K02,5,1,Z3,0.1200000000,2026-08-19 12:00:00+08:00,11587.0000000000,1debc77a04d551f8a7c80d48e9b81b111694cc12014b1480ff8f62891522cd6e,1,,,,0,4.0000000000,2026-08-19T18:00:00+08:00
2026-08-29,S09,K03,5,1,Z3,0.0000000000,2026-08-19 12:00:00+08:00,11588.0000000000,d1c9928386a8beb948737b4b75c84afda98818ab58b4ab28da2846fa82249069,1,,,,0,4.0000000000,2026-08-19T18:00:00+08:00
2026-08-29,S09,K04,5,1,Z3,0.0000000000,2026-08-19 12:00:00+08:00,11589.0000000000,f66c1dc7d892708c938b72203e8dbe8739e9fb3262f2fe50b43095a848c953cc,1,,,,0,4.0000000000,2026-08-19T18:00:00+08:00
2026-08-29,S09,K05,5,1,Z3,0.0000000000,2026-08-19 12:00:00+08:00,11590.0000000000,8144e1390bdb5aed0fd1c526f2a3c1968ddadd485c117400a2d6aa31c46ad154,1,,,,0,4.0000000000,2026-08-19T18:00:00+08:00
2026-08-29,S09,K06,5,1,Z3,0.0000000000,2026-08-19 12:00:00+08:00,11591.0000000000,be2a907d55f6f3d16170942b6d80299d6ef30602aa32b2c553dadf756e00107f,1,,,,0,4.0000000000,2026-08-19T18:00:00+08:00
2026-08-29,S09,K07,5,1,Z3,0.0000000000,2026-08-19 12:00:00+08:00,11592.0000000000,edfd46b5e33cf56a05b41adce72f5ab40108e8aab19f10d0206f8509909b57ff,1,,,,0,4.0000000000,2026-08-19T18:00:00+08:00
2026-08-29,S09,K08,5,1,Z3,0.1200000000,2026-08-19 12:00:00+08:00,11593.0000000000,4d1c47345a6e4b1d9919e537fcf1d2bb3453f92a054f3c2a3e15cef80f40bc78,1,,,,0,4.0000000000,2026-08-19T18:00:00+08:00
2026-08-29,S10,K01,5,1,Z3,0.1200000000,2026-08-19 12:00:00+08:00,11594.0000000000,51038c21bc4fdd75a27e67679c83b8434ee08fd57dbd9b90ca12a544ce131e76,1,,,,0,4.0000000000,2026-08-19T18:00:00+08:00
2026-08-29,S10,K02,5,1,Z3,0.0000000000,2026-08-19 12:00:00+08:00,11595.0000000000,6f7ac167868ef8ff9f6dbd768f58fb54dfee96567391673fd7e0896526b5bd45,1,,,,0,4.0000000000,2026-08-19T18:00:00+08:00
2026-08-29,S10,K03,5,1,Z3,0.0000000000,2026-08-19 12:00:00+08:00,11596.0000000000,65bd7f395dbc9571e8b44d1a73dcb5ac6af202a36fdee7df6c22153f5e08c917,1,,,,0,4.0000000000,2026-08-19T18:00:00+08:00
2026-08-29,S10,K04,5,1,Z3,0.0000000000,2026-08-19 12:00:00+08:00,11597.0000000000,73360d3d5634de725eaa1dc216608ccb7ee4ab2420fe91f8cb93de23923b554e,1,,,,0,4.0000000000,2026-08-19T18:00:00+08:00
2026-08-29,S10,K05,5,1,Z3,0.0000000000,2026-08-19 12:00:00+08:00,11598.0000000000,bbca3258abf1e8aea0eefb90c8600d778bc59b9cc90abe9176e7df943a60638e,1,,,,0,4.0000000000,2026-08-19T18:00:00+08:00
2026-08-29,S10,K06,5,1,Z3,0.0000000000,2026-08-19 12:00:00+08:00,11599.0000000000,4e8d99a4037150d102a021413c5552fb50083f2509286b7aee2785b692639175,1,,,,0,4.0000000000,2026-08-19T18:00:00+08:00
2026-08-29,S10,K07,5,1,Z3,0.1200000000,2026-08-19 12:00:00+08:00,11600.0000000000,7ab6442a4ad6ec65cdfade6ab0de18bcf1033d3291faaa198fb6276784892625,1,,,,0,4.0000000000,2026-08-19T18:00:00+08:00
2026-08-29,S10,K08,5,1,Z3,0.0000000000,2026-08-19 12:00:00+08:00,11601.0000000000,853b23c50ff597dd913475cd9047247a9fcb2f707877e23ba96c24b1fa69bee1,1,,,,0,4.0000000000,2026-08-19T18:00:00+08:00
2026-08-29,S11,K01,5,1,Z3,0.1200000000,2026-08-19 12:00:00+08:00,11602.0000000000,1540480563f71d183c6dfa0f6b4d922f21f7ab2b460c0dc4ee26941d92ebd628,1,,,,0,4.0000000000,2026-08-19T18:00:00+08:00
2026-08-29,S11,K02,5,1,Z3,0.0000000000,2026-08-19 12:00:00+08:00,11603.0000000000,e187bdfd3f34dd60864df0f357cb0831784658b50d2468f795db67ea66ed8520,1,,,,0,4.0000000000,2026-08-19T18:00:00+08:00
2026-08-29,S11,K03,5,1,Z3,0.0000000000,2026-08-19 12:00:00+08:00,11604.0000000000,abb7be70b452a6107de284efb6cf1452240b31305c77c7dd06cb633839524369,1,,,,0,4.0000000000,2026-08-19T18:00:00+08:00
2026-08-29,S11,K04,5,1,Z3,0.0000000000,2026-08-19 12:00:00+08:00,11605.0000000000,25787677dba5b8ec85f1f43882964b2b204528bc30cac439c420a9731bf26f01,1,,,,0,4.0000000000,2026-08-19T18:00:00+08:00
2026-08-29,S11,K05,5,1,Z3,0.0000000000,2026-08-19 12:00:00+08:00,11606.0000000000,840456af5dfd17cacfa5881f958d1578c3cfc8fa473c86efcdcd4497fb389847,1,,,,0,4.0000000000,2026-08-19T18:00:00+08:00
2026-08-29,S11,K06,5,1,Z3,0.0000000000,2026-08-19 12:00:00+08:00,11607.0000000000,a8f229d8f4ac42a70be5215ab2d371b2ce9e92f0d953d5b9ce3a422fb24c8421,1,,,,0,4.0000000000,2026-08-19T18:00:00+08:00
2026-08-29,S11,K07,5,1,Z3,0.1200000000,2026-08-19 12:00:00+08:00,11608.0000000000,a3d3c5d8dfa3b2e436841982386f9755e3179d9303550be3ab626d39069d8f67,1,,,,0,4.0000000000,2026-08-19T18:00:00+08:00
2026-08-29,S11,K08,5,1,Z3,0.0000000000,2026-08-19 12:00:00+08:00,11609.0000000000,47045c5f7f77a3fa7eb6270fe453c180316691f08e7003fe49b07c831fd6d7f3,1,,,,0,4.0000000000,2026-08-19T18:00:00+08:00
2026-08-29,S12,K01,5,1,Z3,0.1200000000,2026-08-19 12:00:00+08:00,11610.0000000000,9b9aa17d519efbdb4dcd0791bfab37aa6368e15fc82a5894e83a8cc30c744faa,1,,,,0,4.0000000000,2026-08-19T18:00:00+08:00
2026-08-29,S12,K02,5,1,Z3,0.0000000000,2026-08-19 12:00:00+08:00,11611.0000000000,a9c6b0f0da895658d84c49d04e039ed62f3fa4e3600f33969ddbe05b4efb960e,1,,,,0,4.0000000000,2026-08-19T18:00:00+08:00
2026-08-29,S12,K03,5,1,Z3,0.0000000000,2026-08-19 12:00:00+08:00,11612.0000000000,472900f4b4864caa2ae54b53bc227c90f6178f25e889d0b0e66af5862d7fcde0,1,,,,0,4.0000000000,2026-08-19T18:00:00+08:00
2026-08-29,S12,K04,5,1,Z3,0.0000000000,2026-08-19 12:00:00+08:00,11613.0000000000,ccf4e766c4f70aa3ab4b36acec22a7ae061ba8867d4ac775a5c77ed0ce049823,1,,,,0,4.0000000000,2026-08-19T18:00:00+08:00
2026-08-29,S12,K05,5,1,Z3,0.0000000000,2026-08-19 12:00:00+08:00,11614.0000000000,d22e27b2377ed950af7afe4f390960e471823d1e3d88f1d247c3b8b4c11f190a,1,,,,0,4.0000000000,2026-08-19T18:00:00+08:00
2026-08-29,S12,K06,5,1,Z3,0.1200000000,2026-08-19 12:00:00+08:00,11615.0000000000,148967eb6996f80e403d6c52f71bc0eb50fae8b45d7e75f6b4e605fd334026e6,1,,,,0,4.0000000000,2026-08-19T18:00:00+08:00
2026-08-29,S12,K07,5,1,Z3,0.0000000000,2026-08-19 12:00:00+08:00,11616.0000000000,983b378684892ef06a3fd0d98aab0cd3203ba66b60a67fd96e50f5ccdd4fab4c,1,,,,0,4.0000000000,2026-08-19T18:00:00+08:00
2026-08-29,S12,K08,5,1,Z3,0.0000000000,2026-08-19 12:00:00+08:00,11617.0000000000,0763bd1aa776de6093d20832bb0400a7b9213bb91fa4c85a476bb7b2b96c9bcf,1,,,,0,4.0000000000,2026-08-19T18:00:00+08:00
2026-08-30,S01,K01,6,0,Z1,0.0207142857,,,,0,,,,0,4.0333333333,2026-08-19T18:00:00+08:00
2026-08-30,S01,K02,6,0,Z1,0.0212500000,,,,0,,,,0,4.0333333333,2026-08-19T18:00:00+08:00
2026-08-30,S01,K03,6,0,Z1,0.0205357143,,,,0,,,,0,4.0333333333,2026-08-19T18:00:00+08:00
2026-08-30,S01,K04,6,0,Z1,0.0205357143,,,,0,,,,0,4.0333333333,2026-08-19T18:00:00+08:00
2026-08-30,S01,K05,6,0,Z1,0.0205357143,,,,0,,,,0,4.0333333333,2026-08-19T18:00:00+08:00
2026-08-30,S01,K06,6,0,Z1,0.0205357143,,,,0,,,,0,4.0333333333,2026-08-19T18:00:00+08:00
2026-08-30,S01,K07,6,0,Z1,0.0208928571,,,,0,,,,0,4.0333333333,2026-08-19T18:00:00+08:00
2026-08-30,S01,K08,6,0,Z1,0.0210714286,,,,0,,,,0,4.0333333333,2026-08-19T18:00:00+08:00
2026-08-30,S02,K01,6,0,Z1,0.0207142857,,,,0,,,,0,4.0333333333,2026-08-19T18:00:00+08:00
2026-08-30,S02,K02,6,0,Z1,0.0212500000,,,,0,,,,0,4.0333333333,2026-08-19T18:00:00+08:00
2026-08-30,S02,K03,6,0,Z1,0.0205357143,,,,0,,,,0,4.0333333333,2026-08-19T18:00:00+08:00
2026-08-30,S02,K04,6,0,Z1,0.0205357143,,,,0,,,,0,4.0333333333,2026-08-19T18:00:00+08:00
2026-08-30,S02,K05,6,0,Z1,0.0205357143,,,,0,,,,0,4.0333333333,2026-08-19T18:00:00+08:00
2026-08-30,S02,K06,6,0,Z1,0.0205357143,,,,0,,,,0,4.0333333333,2026-08-19T18:00:00+08:00
2026-08-30,S02,K07,6,0,Z1,0.0208928571,,,,0,,,,0,4.0333333333,2026-08-19T18:00:00+08:00
2026-08-30,S02,K08,6,0,Z1,0.0210714286,,,,0,,,,0,4.0333333333,2026-08-19T18:00:00+08:00
2026-08-30,S03,K01,6,0,Z1,0.0207142857,,,,0,,,,0,4.0333333333,2026-08-19T18:00:00+08:00
2026-08-30,S03,K02,6,0,Z1,0.0212500000,,,,0,,,,0,4.0333333333,2026-08-19T18:00:00+08:00
2026-08-30,S03,K03,6,0,Z1,0.0205357143,,,,0,,,,0,4.0333333333,2026-08-19T18:00:00+08:00
2026-08-30,S03,K04,6,0,Z1,0.0205357143,,,,0,,,,0,4.0333333333,2026-08-19T18:00:00+08:00
2026-08-30,S03,K05,6,0,Z1,0.0205357143,,,,0,,,,0,4.0333333333,2026-08-19T18:00:00+08:00
2026-08-30,S03,K06,6,0,Z1,0.0205357143,,,,0,,,,0,4.0333333333,2026-08-19T18:00:00+08:00
2026-08-30,S03,K07,6,0,Z1,0.0208928571,,,,0,,,,0,4.0333333333,2026-08-19T18:00:00+08:00
2026-08-30,S03,K08,6,0,Z1,0.0210714286,,,,0,,,,0,4.0333333333,2026-08-19T18:00:00+08:00
2026-08-30,S04,K01,6,0,Z1,0.0207142857,,,,0,,,,0,4.0333333333,2026-08-19T18:00:00+08:00
2026-08-30,S04,K02,6,0,Z1,0.0212500000,,,,0,,,,0,4.0333333333,2026-08-19T18:00:00+08:00
2026-08-30,S04,K03,6,0,Z1,0.0205357143,,,,0,,,,0,4.0333333333,2026-08-19T18:00:00+08:00
2026-08-30,S04,K04,6,0,Z1,0.0205357143,,,,0,,,,0,4.0333333333,2026-08-19T18:00:00+08:00
2026-08-30,S04,K05,6,0,Z1,0.0205357143,,,,0,,,,0,4.0333333333,2026-08-19T18:00:00+08:00
2026-08-30,S04,K06,6,0,Z1,0.0205357143,,,,0,,,,0,4.0333333333,2026-08-19T18:00:00+08:00
2026-08-30,S04,K07,6,0,Z1,0.0208928571,,,,0,,,,0,4.0333333333,2026-08-19T18:00:00+08:00
2026-08-30,S04,K08,6,0,Z1,0.0210714286,,,,0,,,,0,4.0333333333,2026-08-19T18:00:00+08:00
2026-08-30,S05,K01,6,0,Z2,0.0207142857,,,,0,,,,0,4.0333333333,2026-08-19T18:00:00+08:00
2026-08-30,S05,K02,6,0,Z2,0.0212500000,,,,0,,,,0,4.0333333333,2026-08-19T18:00:00+08:00
2026-08-30,S05,K03,6,0,Z2,0.0205357143,,,,0,,,,0,4.0333333333,2026-08-19T18:00:00+08:00
2026-08-30,S05,K04,6,0,Z2,0.0205357143,,,,0,,,,0,4.0333333333,2026-08-19T18:00:00+08:00
2026-08-30,S05,K05,6,0,Z2,0.0205357143,,,,0,,,,0,4.0333333333,2026-08-19T18:00:00+08:00
2026-08-30,S05,K06,6,0,Z2,0.0205357143,,,,0,,,,0,4.0333333333,2026-08-19T18:00:00+08:00
2026-08-30,S05,K07,6,0,Z2,0.0208928571,,,,0,,,,0,4.0333333333,2026-08-19T18:00:00+08:00
2026-08-30,S05,K08,6,0,Z2,0.0210714286,,,,0,,,,0,4.0333333333,2026-08-19T18:00:00+08:00
2026-08-30,S06,K01,6,0,Z2,0.0207142857,,,,0,,,,0,4.0333333333,2026-08-19T18:00:00+08:00
2026-08-30,S06,K02,6,0,Z2,0.0212500000,,,,0,,,,0,4.0333333333,2026-08-19T18:00:00+08:00
2026-08-30,S06,K03,6,0,Z2,0.0205357143,,,,0,,,,0,4.0333333333,2026-08-19T18:00:00+08:00
2026-08-30,S06,K04,6,0,Z2,0.0205357143,,,,0,,,,0,4.0333333333,2026-08-19T18:00:00+08:00
2026-08-30,S06,K05,6,0,Z2,0.0205357143,,,,0,,,,0,4.0333333333,2026-08-19T18:00:00+08:00
2026-08-30,S06,K06,6,0,Z2,0.0205357143,,,,0,,,,0,4.0333333333,2026-08-19T18:00:00+08:00
2026-08-30,S06,K07,6,0,Z2,0.0208928571,,,,0,,,,0,4.0333333333,2026-08-19T18:00:00+08:00
2026-08-30,S06,K08,6,0,Z2,0.0210714286,,,,0,,,,0,4.0333333333,2026-08-19T18:00:00+08:00
2026-08-30,S07,K01,6,0,Z2,0.0207142857,,,,0,,,,0,4.0333333333,2026-08-19T18:00:00+08:00
2026-08-30,S07,K02,6,0,Z2,0.0212500000,,,,0,,,,0,4.0333333333,2026-08-19T18:00:00+08:00
2026-08-30,S07,K03,6,0,Z2,0.0205357143,,,,0,,,,0,4.0333333333,2026-08-19T18:00:00+08:00
2026-08-30,S07,K04,6,0,Z2,0.0205357143,,,,0,,,,0,4.0333333333,2026-08-19T18:00:00+08:00
2026-08-30,S07,K05,6,0,Z2,0.0205357143,,,,0,,,,0,4.0333333333,2026-08-19T18:00:00+08:00
2026-08-30,S07,K06,6,0,Z2,0.0205357143,,,,0,,,,0,4.0333333333,2026-08-19T18:00:00+08:00
2026-08-30,S07,K07,6,0,Z2,0.0208928571,,,,0,,,,0,4.0333333333,2026-08-19T18:00:00+08:00
2026-08-30,S07,K08,6,0,Z2,0.0210714286,,,,0,,,,0,4.0333333333,2026-08-19T18:00:00+08:00
2026-08-30,S08,K01,6,0,Z2,0.0207142857,,,,0,,,,0,4.0333333333,2026-08-19T18:00:00+08:00
2026-08-30,S08,K02,6,0,Z2,0.0212500000,,,,0,,,,0,4.0333333333,2026-08-19T18:00:00+08:00
2026-08-30,S08,K03,6,0,Z2,0.0205357143,,,,0,,,,0,4.0333333333,2026-08-19T18:00:00+08:00
2026-08-30,S08,K04,6,0,Z2,0.0205357143,,,,0,,,,0,4.0333333333,2026-08-19T18:00:00+08:00
2026-08-30,S08,K05,6,0,Z2,0.0205357143,,,,0,,,,0,4.0333333333,2026-08-19T18:00:00+08:00
2026-08-30,S08,K06,6,0,Z2,0.0205357143,,,,0,,,,0,4.0333333333,2026-08-19T18:00:00+08:00
2026-08-30,S08,K07,6,0,Z2,0.0208928571,,,,0,,,,0,4.0333333333,2026-08-19T18:00:00+08:00
2026-08-30,S08,K08,6,0,Z2,0.0210714286,,,,0,,,,0,4.0333333333,2026-08-19T18:00:00+08:00
2026-08-30,S09,K01,6,0,Z3,0.0207142857,,,,0,,,,0,4.0333333333,2026-08-19T18:00:00+08:00
2026-08-30,S09,K02,6,0,Z3,0.0212500000,,,,0,,,,0,4.0333333333,2026-08-19T18:00:00+08:00
2026-08-30,S09,K03,6,0,Z3,0.0205357143,,,,0,,,,0,4.0333333333,2026-08-19T18:00:00+08:00
2026-08-30,S09,K04,6,0,Z3,0.0205357143,,,,0,,,,0,4.0333333333,2026-08-19T18:00:00+08:00
2026-08-30,S09,K05,6,0,Z3,0.0205357143,,,,0,,,,0,4.0333333333,2026-08-19T18:00:00+08:00
2026-08-30,S09,K06,6,0,Z3,0.0205357143,,,,0,,,,0,4.0333333333,2026-08-19T18:00:00+08:00
2026-08-30,S09,K07,6,0,Z3,0.0208928571,,,,0,,,,0,4.0333333333,2026-08-19T18:00:00+08:00
2026-08-30,S09,K08,6,0,Z3,0.0210714286,,,,0,,,,0,4.0333333333,2026-08-19T18:00:00+08:00
2026-08-30,S10,K01,6,0,Z3,0.0207142857,,,,0,,,,0,4.0333333333,2026-08-19T18:00:00+08:00
2026-08-30,S10,K02,6,0,Z3,0.0212500000,,,,0,,,,0,4.0333333333,2026-08-19T18:00:00+08:00
2026-08-30,S10,K03,6,0,Z3,0.0205357143,,,,0,,,,0,4.0333333333,2026-08-19T18:00:00+08:00
2026-08-30,S10,K04,6,0,Z3,0.0205357143,,,,0,,,,0,4.0333333333,2026-08-19T18:00:00+08:00
2026-08-30,S10,K05,6,0,Z3,0.0205357143,,,,0,,,,0,4.0333333333,2026-08-19T18:00:00+08:00
2026-08-30,S10,K06,6,0,Z3,0.0205357143,,,,0,,,,0,4.0333333333,2026-08-19T18:00:00+08:00
2026-08-30,S10,K07,6,0,Z3,0.0208928571,,,,0,,,,0,4.0333333333,2026-08-19T18:00:00+08:00
2026-08-30,S10,K08,6,0,Z3,0.0210714286,,,,0,,,,0,4.0333333333,2026-08-19T18:00:00+08:00
2026-08-30,S11,K01,6,0,Z3,0.0207142857,,,,0,,,,0,4.0333333333,2026-08-19T18:00:00+08:00
2026-08-30,S11,K02,6,0,Z3,0.0212500000,,,,0,,,,0,4.0333333333,2026-08-19T18:00:00+08:00
2026-08-30,S11,K03,6,0,Z3,0.0205357143,,,,0,,,,0,4.0333333333,2026-08-19T18:00:00+08:00
2026-08-30,S11,K04,6,0,Z3,0.0205357143,,,,0,,,,0,4.0333333333,2026-08-19T18:00:00+08:00
2026-08-30,S11,K05,6,0,Z3,0.0205357143,,,,0,,,,0,4.0333333333,2026-08-19T18:00:00+08:00
2026-08-30,S11,K06,6,0,Z3,0.0205357143,,,,0,,,,0,4.0333333333,2026-08-19T18:00:00+08:00
2026-08-30,S11,K07,6,0,Z3,0.0208928571,,,,0,,,,0,4.0333333333,2026-08-19T18:00:00+08:00
2026-08-30,S11,K08,6,0,Z3,0.0210714286,,,,0,,,,0,4.0333333333,2026-08-19T18:00:00+08:00
2026-08-30,S12,K01,6,0,Z3,0.0207142857,,,,0,,,,0,4.0333333333,2026-08-19T18:00:00+08:00
2026-08-30,S12,K02,6,0,Z3,0.0212500000,,,,0,,,,0,4.0333333333,2026-08-19T18:00:00+08:00
2026-08-30,S12,K03,6,0,Z3,0.0205357143,,,,0,,,,0,4.0333333333,2026-08-19T18:00:00+08:00
2026-08-30,S12,K04,6,0,Z3,0.0205357143,,,,0,,,,0,4.0333333333,2026-08-19T18:00:00+08:00
2026-08-30,S12,K05,6,0,Z3,0.0205357143,,,,0,,,,0,4.0333333333,2026-08-19T18:00:00+08:00
2026-08-30,S12,K06,6,0,Z3,0.0205357143,,,,0,,,,0,4.0333333333,2026-08-19T18:00:00+08:00
2026-08-30,S12,K07,6,0,Z3,0.0208928571,,,,0,,,,0,4.0333333333,2026-08-19T18:00:00+08:00
2026-08-30,S12,K08,6,0,Z3,0.0210714286,,,,0,,,,0,4.0333333333,2026-08-19T18:00:00+08:00
2026-08-31,S01,K01,0,0,Z1,0.0207142857,,,,0,,,,0,4.0666666667,2026-08-19T18:00:00+08:00
2026-08-31,S01,K02,0,0,Z1,0.0212500000,,,,0,,,,0,4.0666666667,2026-08-19T18:00:00+08:00
2026-08-31,S01,K03,0,0,Z1,0.0205357143,,,,0,,,,0,4.0666666667,2026-08-19T18:00:00+08:00
2026-08-31,S01,K04,0,0,Z1,0.0205357143,,,,0,,,,0,4.0666666667,2026-08-19T18:00:00+08:00
2026-08-31,S01,K05,0,0,Z1,0.0205357143,,,,0,,,,0,4.0666666667,2026-08-19T18:00:00+08:00
2026-08-31,S01,K06,0,0,Z1,0.0205357143,,,,0,,,,0,4.0666666667,2026-08-19T18:00:00+08:00
2026-08-31,S01,K07,0,0,Z1,0.0208928571,,,,0,,,,0,4.0666666667,2026-08-19T18:00:00+08:00
2026-08-31,S01,K08,0,0,Z1,0.0210714286,,,,0,,,,0,4.0666666667,2026-08-19T18:00:00+08:00
2026-08-31,S02,K01,0,0,Z1,0.0207142857,,,,0,,,,0,4.0666666667,2026-08-19T18:00:00+08:00
2026-08-31,S02,K02,0,0,Z1,0.0212500000,,,,0,,,,0,4.0666666667,2026-08-19T18:00:00+08:00
2026-08-31,S02,K03,0,0,Z1,0.0205357143,,,,0,,,,0,4.0666666667,2026-08-19T18:00:00+08:00
2026-08-31,S02,K04,0,0,Z1,0.0205357143,,,,0,,,,0,4.0666666667,2026-08-19T18:00:00+08:00
2026-08-31,S02,K05,0,0,Z1,0.0205357143,,,,0,,,,0,4.0666666667,2026-08-19T18:00:00+08:00
2026-08-31,S02,K06,0,0,Z1,0.0205357143,,,,0,,,,0,4.0666666667,2026-08-19T18:00:00+08:00
2026-08-31,S02,K07,0,0,Z1,0.0208928571,,,,0,,,,0,4.0666666667,2026-08-19T18:00:00+08:00
2026-08-31,S02,K08,0,0,Z1,0.0210714286,,,,0,,,,0,4.0666666667,2026-08-19T18:00:00+08:00
2026-08-31,S03,K01,0,0,Z1,0.0207142857,,,,0,,,,0,4.0666666667,2026-08-19T18:00:00+08:00
2026-08-31,S03,K02,0,0,Z1,0.0212500000,,,,0,,,,0,4.0666666667,2026-08-19T18:00:00+08:00
2026-08-31,S03,K03,0,0,Z1,0.0205357143,,,,0,,,,0,4.0666666667,2026-08-19T18:00:00+08:00
2026-08-31,S03,K04,0,0,Z1,0.0205357143,,,,0,,,,0,4.0666666667,2026-08-19T18:00:00+08:00
2026-08-31,S03,K05,0,0,Z1,0.0205357143,,,,0,,,,0,4.0666666667,2026-08-19T18:00:00+08:00
2026-08-31,S03,K06,0,0,Z1,0.0205357143,,,,0,,,,0,4.0666666667,2026-08-19T18:00:00+08:00
2026-08-31,S03,K07,0,0,Z1,0.0208928571,,,,0,,,,0,4.0666666667,2026-08-19T18:00:00+08:00
2026-08-31,S03,K08,0,0,Z1,0.0210714286,,,,0,,,,0,4.0666666667,2026-08-19T18:00:00+08:00
2026-08-31,S04,K01,0,0,Z1,0.0207142857,,,,0,,,,0,4.0666666667,2026-08-19T18:00:00+08:00
2026-08-31,S04,K02,0,0,Z1,0.0212500000,,,,0,,,,0,4.0666666667,2026-08-19T18:00:00+08:00
2026-08-31,S04,K03,0,0,Z1,0.0205357143,,,,0,,,,0,4.0666666667,2026-08-19T18:00:00+08:00
2026-08-31,S04,K04,0,0,Z1,0.0205357143,,,,0,,,,0,4.0666666667,2026-08-19T18:00:00+08:00
2026-08-31,S04,K05,0,0,Z1,0.0205357143,,,,0,,,,0,4.0666666667,2026-08-19T18:00:00+08:00
2026-08-31,S04,K06,0,0,Z1,0.0205357143,,,,0,,,,0,4.0666666667,2026-08-19T18:00:00+08:00
2026-08-31,S04,K07,0,0,Z1,0.0208928571,,,,0,,,,0,4.0666666667,2026-08-19T18:00:00+08:00
2026-08-31,S04,K08,0,0,Z1,0.0210714286,,,,0,,,,0,4.0666666667,2026-08-19T18:00:00+08:00
2026-08-31,S05,K01,0,0,Z2,0.0207142857,,,,0,,,,0,4.0666666667,2026-08-19T18:00:00+08:00
2026-08-31,S05,K02,0,0,Z2,0.0212500000,,,,0,,,,0,4.0666666667,2026-08-19T18:00:00+08:00
2026-08-31,S05,K03,0,0,Z2,0.0205357143,,,,0,,,,0,4.0666666667,2026-08-19T18:00:00+08:00
2026-08-31,S05,K04,0,0,Z2,0.0205357143,,,,0,,,,0,4.0666666667,2026-08-19T18:00:00+08:00
2026-08-31,S05,K05,0,0,Z2,0.0205357143,,,,0,,,,0,4.0666666667,2026-08-19T18:00:00+08:00
2026-08-31,S05,K06,0,0,Z2,0.0205357143,,,,0,,,,0,4.0666666667,2026-08-19T18:00:00+08:00
2026-08-31,S05,K07,0,0,Z2,0.0208928571,,,,0,,,,0,4.0666666667,2026-08-19T18:00:00+08:00
2026-08-31,S05,K08,0,0,Z2,0.0210714286,,,,0,,,,0,4.0666666667,2026-08-19T18:00:00+08:00
2026-08-31,S06,K01,0,0,Z2,0.0207142857,,,,0,,,,0,4.0666666667,2026-08-19T18:00:00+08:00
2026-08-31,S06,K02,0,0,Z2,0.0212500000,,,,0,,,,0,4.0666666667,2026-08-19T18:00:00+08:00
2026-08-31,S06,K03,0,0,Z2,0.0205357143,,,,0,,,,0,4.0666666667,2026-08-19T18:00:00+08:00
2026-08-31,S06,K04,0,0,Z2,0.0205357143,,,,0,,,,0,4.0666666667,2026-08-19T18:00:00+08:00
2026-08-31,S06,K05,0,0,Z2,0.0205357143,,,,0,,,,0,4.0666666667,2026-08-19T18:00:00+08:00
2026-08-31,S06,K06,0,0,Z2,0.0205357143,,,,0,,,,0,4.0666666667,2026-08-19T18:00:00+08:00
2026-08-31,S06,K07,0,0,Z2,0.0208928571,,,,0,,,,0,4.0666666667,2026-08-19T18:00:00+08:00
2026-08-31,S06,K08,0,0,Z2,0.0210714286,,,,0,,,,0,4.0666666667,2026-08-19T18:00:00+08:00
2026-08-31,S07,K01,0,0,Z2,0.0207142857,,,,0,,,,0,4.0666666667,2026-08-19T18:00:00+08:00
2026-08-31,S07,K02,0,0,Z2,0.0212500000,,,,0,,,,0,4.0666666667,2026-08-19T18:00:00+08:00
2026-08-31,S07,K03,0,0,Z2,0.0205357143,,,,0,,,,0,4.0666666667,2026-08-19T18:00:00+08:00
2026-08-31,S07,K04,0,0,Z2,0.0205357143,,,,0,,,,0,4.0666666667,2026-08-19T18:00:00+08:00
2026-08-31,S07,K05,0,0,Z2,0.0205357143,,,,0,,,,0,4.0666666667,2026-08-19T18:00:00+08:00
2026-08-31,S07,K06,0,0,Z2,0.0205357143,,,,0,,,,0,4.0666666667,2026-08-19T18:00:00+08:00
2026-08-31,S07,K07,0,0,Z2,0.0208928571,,,,0,,,,0,4.0666666667,2026-08-19T18:00:00+08:00
2026-08-31,S07,K08,0,0,Z2,0.0210714286,,,,0,,,,0,4.0666666667,2026-08-19T18:00:00+08:00
2026-08-31,S08,K01,0,0,Z2,0.0207142857,,,,0,,,,0,4.0666666667,2026-08-19T18:00:00+08:00
2026-08-31,S08,K02,0,0,Z2,0.0212500000,,,,0,,,,0,4.0666666667,2026-08-19T18:00:00+08:00
2026-08-31,S08,K03,0,0,Z2,0.0205357143,,,,0,,,,0,4.0666666667,2026-08-19T18:00:00+08:00
2026-08-31,S08,K04,0,0,Z2,0.0205357143,,,,0,,,,0,4.0666666667,2026-08-19T18:00:00+08:00
2026-08-31,S08,K05,0,0,Z2,0.0205357143,,,,0,,,,0,4.0666666667,2026-08-19T18:00:00+08:00
2026-08-31,S08,K06,0,0,Z2,0.0205357143,,,,0,,,,0,4.0666666667,2026-08-19T18:00:00+08:00
2026-08-31,S08,K07,0,0,Z2,0.0208928571,,,,0,,,,0,4.0666666667,2026-08-19T18:00:00+08:00
2026-08-31,S08,K08,0,0,Z2,0.0210714286,,,,0,,,,0,4.0666666667,2026-08-19T18:00:00+08:00
2026-08-31,S09,K01,0,0,Z3,0.0207142857,,,,0,,,,0,4.0666666667,2026-08-19T18:00:00+08:00
2026-08-31,S09,K02,0,0,Z3,0.0212500000,,,,0,,,,0,4.0666666667,2026-08-19T18:00:00+08:00
2026-08-31,S09,K03,0,0,Z3,0.0205357143,,,,0,,,,0,4.0666666667,2026-08-19T18:00:00+08:00
2026-08-31,S09,K04,0,0,Z3,0.0205357143,,,,0,,,,0,4.0666666667,2026-08-19T18:00:00+08:00
2026-08-31,S09,K05,0,0,Z3,0.0205357143,,,,0,,,,0,4.0666666667,2026-08-19T18:00:00+08:00
2026-08-31,S09,K06,0,0,Z3,0.0205357143,,,,0,,,,0,4.0666666667,2026-08-19T18:00:00+08:00
2026-08-31,S09,K07,0,0,Z3,0.0208928571,,,,0,,,,0,4.0666666667,2026-08-19T18:00:00+08:00
2026-08-31,S09,K08,0,0,Z3,0.0210714286,,,,0,,,,0,4.0666666667,2026-08-19T18:00:00+08:00
2026-08-31,S10,K01,0,0,Z3,0.0207142857,,,,0,,,,0,4.0666666667,2026-08-19T18:00:00+08:00
2026-08-31,S10,K02,0,0,Z3,0.0212500000,,,,0,,,,0,4.0666666667,2026-08-19T18:00:00+08:00
2026-08-31,S10,K03,0,0,Z3,0.0205357143,,,,0,,,,0,4.0666666667,2026-08-19T18:00:00+08:00
2026-08-31,S10,K04,0,0,Z3,0.0205357143,,,,0,,,,0,4.0666666667,2026-08-19T18:00:00+08:00
2026-08-31,S10,K05,0,0,Z3,0.0205357143,,,,0,,,,0,4.0666666667,2026-08-19T18:00:00+08:00
2026-08-31,S10,K06,0,0,Z3,0.0205357143,,,,0,,,,0,4.0666666667,2026-08-19T18:00:00+08:00
2026-08-31,S10,K07,0,0,Z3,0.0208928571,,,,0,,,,0,4.0666666667,2026-08-19T18:00:00+08:00
2026-08-31,S10,K08,0,0,Z3,0.0210714286,,,,0,,,,0,4.0666666667,2026-08-19T18:00:00+08:00
2026-08-31,S11,K01,0,0,Z3,0.0207142857,,,,0,,,,0,4.0666666667,2026-08-19T18:00:00+08:00
2026-08-31,S11,K02,0,0,Z3,0.0212500000,,,,0,,,,0,4.0666666667,2026-08-19T18:00:00+08:00
2026-08-31,S11,K03,0,0,Z3,0.0205357143,,,,0,,,,0,4.0666666667,2026-08-19T18:00:00+08:00
2026-08-31,S11,K04,0,0,Z3,0.0205357143,,,,0,,,,0,4.0666666667,2026-08-19T18:00:00+08:00
2026-08-31,S11,K05,0,0,Z3,0.0205357143,,,,0,,,,0,4.0666666667,2026-08-19T18:00:00+08:00
2026-08-31,S11,K06,0,0,Z3,0.0205357143,,,,0,,,,0,4.0666666667,2026-08-19T18:00:00+08:00
2026-08-31,S11,K07,0,0,Z3,0.0208928571,,,,0,,,,0,4.0666666667,2026-08-19T18:00:00+08:00
2026-08-31,S11,K08,0,0,Z3,0.0210714286,,,,0,,,,0,4.0666666667,2026-08-19T18:00:00+08:00
2026-08-31,S12,K01,0,0,Z3,0.0207142857,,,,0,,,,0,4.0666666667,2026-08-19T18:00:00+08:00
2026-08-31,S12,K02,0,0,Z3,0.0212500000,,,,0,,,,0,4.0666666667,2026-08-19T18:00:00+08:00
2026-08-31,S12,K03,0,0,Z3,0.0205357143,,,,0,,,,0,4.0666666667,2026-08-19T18:00:00+08:00
2026-08-31,S12,K04,0,0,Z3,0.0205357143,,,,0,,,,0,4.0666666667,2026-08-19T18:00:00+08:00
2026-08-31,S12,K05,0,0,Z3,0.0205357143,,,,0,,,,0,4.0666666667,2026-08-19T18:00:00+08:00
2026-08-31,S12,K06,0,0,Z3,0.0205357143,,,,0,,,,0,4.0666666667,2026-08-19T18:00:00+08:00
2026-08-31,S12,K07,0,0,Z3,0.0208928571,,,,0,,,,0,4.0666666667,2026-08-19T18:00:00+08:00
2026-08-31,S12,K08,0,0,Z3,0.0210714286,,,,0,,,,0,4.0666666667,2026-08-19T18:00:00+08:00
2026-09-01,S01,K01,1,0,Z1,0.0207142857,,,,0,,,,0,4.1000000000,2026-08-19T18:00:00+08:00
2026-09-01,S01,K02,1,0,Z1,0.0212500000,,,,0,,,,0,4.1000000000,2026-08-19T18:00:00+08:00
2026-09-01,S01,K03,1,0,Z1,0.0205357143,,,,0,,,,0,4.1000000000,2026-08-19T18:00:00+08:00
2026-09-01,S01,K04,1,0,Z1,0.0205357143,,,,0,,,,0,4.1000000000,2026-08-19T18:00:00+08:00
2026-09-01,S01,K05,1,0,Z1,0.0205357143,,,,0,,,,0,4.1000000000,2026-08-19T18:00:00+08:00
2026-09-01,S01,K06,1,0,Z1,0.0205357143,,,,0,,,,0,4.1000000000,2026-08-19T18:00:00+08:00
2026-09-01,S01,K07,1,0,Z1,0.0208928571,,,,0,,,,0,4.1000000000,2026-08-19T18:00:00+08:00
2026-09-01,S01,K08,1,0,Z1,0.0210714286,,,,0,,,,0,4.1000000000,2026-08-19T18:00:00+08:00
2026-09-01,S02,K01,1,0,Z1,0.0207142857,,,,0,,,,0,4.1000000000,2026-08-19T18:00:00+08:00
2026-09-01,S02,K02,1,0,Z1,0.0212500000,,,,0,,,,0,4.1000000000,2026-08-19T18:00:00+08:00
2026-09-01,S02,K03,1,0,Z1,0.0205357143,,,,0,,,,0,4.1000000000,2026-08-19T18:00:00+08:00
2026-09-01,S02,K04,1,0,Z1,0.0205357143,,,,0,,,,0,4.1000000000,2026-08-19T18:00:00+08:00
2026-09-01,S02,K05,1,0,Z1,0.0205357143,,,,0,,,,0,4.1000000000,2026-08-19T18:00:00+08:00
2026-09-01,S02,K06,1,0,Z1,0.0205357143,,,,0,,,,0,4.1000000000,2026-08-19T18:00:00+08:00
2026-09-01,S02,K07,1,0,Z1,0.0208928571,,,,0,,,,0,4.1000000000,2026-08-19T18:00:00+08:00
2026-09-01,S02,K08,1,0,Z1,0.0210714286,,,,0,,,,0,4.1000000000,2026-08-19T18:00:00+08:00
2026-09-01,S03,K01,1,0,Z1,0.0207142857,,,,0,,,,0,4.1000000000,2026-08-19T18:00:00+08:00
2026-09-01,S03,K02,1,0,Z1,0.0212500000,,,,0,,,,0,4.1000000000,2026-08-19T18:00:00+08:00
2026-09-01,S03,K03,1,0,Z1,0.0205357143,,,,0,,,,0,4.1000000000,2026-08-19T18:00:00+08:00
2026-09-01,S03,K04,1,0,Z1,0.0205357143,,,,0,,,,0,4.1000000000,2026-08-19T18:00:00+08:00
2026-09-01,S03,K05,1,0,Z1,0.0205357143,,,,0,,,,0,4.1000000000,2026-08-19T18:00:00+08:00
2026-09-01,S03,K06,1,0,Z1,0.0205357143,,,,0,,,,0,4.1000000000,2026-08-19T18:00:00+08:00
2026-09-01,S03,K07,1,0,Z1,0.0208928571,,,,0,,,,0,4.1000000000,2026-08-19T18:00:00+08:00
2026-09-01,S03,K08,1,0,Z1,0.0210714286,,,,0,,,,0,4.1000000000,2026-08-19T18:00:00+08:00
2026-09-01,S04,K01,1,0,Z1,0.0207142857,,,,0,,,,0,4.1000000000,2026-08-19T18:00:00+08:00
2026-09-01,S04,K02,1,0,Z1,0.0212500000,,,,0,,,,0,4.1000000000,2026-08-19T18:00:00+08:00
2026-09-01,S04,K03,1,0,Z1,0.0205357143,,,,0,,,,0,4.1000000000,2026-08-19T18:00:00+08:00
2026-09-01,S04,K04,1,0,Z1,0.0205357143,,,,0,,,,0,4.1000000000,2026-08-19T18:00:00+08:00
2026-09-01,S04,K05,1,0,Z1,0.0205357143,,,,0,,,,0,4.1000000000,2026-08-19T18:00:00+08:00
2026-09-01,S04,K06,1,0,Z1,0.0205357143,,,,0,,,,0,4.1000000000,2026-08-19T18:00:00+08:00
2026-09-01,S04,K07,1,0,Z1,0.0208928571,,,,0,,,,0,4.1000000000,2026-08-19T18:00:00+08:00
2026-09-01,S04,K08,1,0,Z1,0.0210714286,,,,0,,,,0,4.1000000000,2026-08-19T18:00:00+08:00
2026-09-01,S05,K01,1,0,Z2,0.0207142857,,,,0,,,,0,4.1000000000,2026-08-19T18:00:00+08:00
2026-09-01,S05,K02,1,0,Z2,0.0212500000,,,,0,,,,0,4.1000000000,2026-08-19T18:00:00+08:00
2026-09-01,S05,K03,1,0,Z2,0.0205357143,,,,0,,,,0,4.1000000000,2026-08-19T18:00:00+08:00
2026-09-01,S05,K04,1,0,Z2,0.0205357143,,,,0,,,,0,4.1000000000,2026-08-19T18:00:00+08:00
2026-09-01,S05,K05,1,0,Z2,0.0205357143,,,,0,,,,0,4.1000000000,2026-08-19T18:00:00+08:00
2026-09-01,S05,K06,1,0,Z2,0.0205357143,,,,0,,,,0,4.1000000000,2026-08-19T18:00:00+08:00
2026-09-01,S05,K07,1,0,Z2,0.0208928571,,,,0,,,,0,4.1000000000,2026-08-19T18:00:00+08:00
2026-09-01,S05,K08,1,0,Z2,0.0210714286,,,,0,,,,0,4.1000000000,2026-08-19T18:00:00+08:00
2026-09-01,S06,K01,1,0,Z2,0.0207142857,,,,0,,,,0,4.1000000000,2026-08-19T18:00:00+08:00
2026-09-01,S06,K02,1,0,Z2,0.0212500000,,,,0,,,,0,4.1000000000,2026-08-19T18:00:00+08:00
2026-09-01,S06,K03,1,0,Z2,0.0205357143,,,,0,,,,0,4.1000000000,2026-08-19T18:00:00+08:00
2026-09-01,S06,K04,1,0,Z2,0.0205357143,,,,0,,,,0,4.1000000000,2026-08-19T18:00:00+08:00
2026-09-01,S06,K05,1,0,Z2,0.0205357143,,,,0,,,,0,4.1000000000,2026-08-19T18:00:00+08:00
2026-09-01,S06,K06,1,0,Z2,0.0205357143,,,,0,,,,0,4.1000000000,2026-08-19T18:00:00+08:00
2026-09-01,S06,K07,1,0,Z2,0.0208928571,,,,0,,,,0,4.1000000000,2026-08-19T18:00:00+08:00
2026-09-01,S06,K08,1,0,Z2,0.0210714286,,,,0,,,,0,4.1000000000,2026-08-19T18:00:00+08:00
2026-09-01,S07,K01,1,0,Z2,0.0207142857,,,,0,,,,0,4.1000000000,2026-08-19T18:00:00+08:00
2026-09-01,S07,K02,1,0,Z2,0.0212500000,,,,0,,,,0,4.1000000000,2026-08-19T18:00:00+08:00
2026-09-01,S07,K03,1,0,Z2,0.0205357143,,,,0,,,,0,4.1000000000,2026-08-19T18:00:00+08:00
2026-09-01,S07,K04,1,0,Z2,0.0205357143,,,,0,,,,0,4.1000000000,2026-08-19T18:00:00+08:00
2026-09-01,S07,K05,1,0,Z2,0.0205357143,,,,0,,,,0,4.1000000000,2026-08-19T18:00:00+08:00
2026-09-01,S07,K06,1,0,Z2,0.0205357143,,,,0,,,,0,4.1000000000,2026-08-19T18:00:00+08:00
2026-09-01,S07,K07,1,0,Z2,0.0208928571,,,,0,,,,0,4.1000000000,2026-08-19T18:00:00+08:00
2026-09-01,S07,K08,1,0,Z2,0.0210714286,,,,0,,,,0,4.1000000000,2026-08-19T18:00:00+08:00
2026-09-01,S08,K01,1,0,Z2,0.0207142857,,,,0,,,,0,4.1000000000,2026-08-19T18:00:00+08:00
2026-09-01,S08,K02,1,0,Z2,0.0212500000,,,,0,,,,0,4.1000000000,2026-08-19T18:00:00+08:00
2026-09-01,S08,K03,1,0,Z2,0.0205357143,,,,0,,,,0,4.1000000000,2026-08-19T18:00:00+08:00
2026-09-01,S08,K04,1,0,Z2,0.0205357143,,,,0,,,,0,4.1000000000,2026-08-19T18:00:00+08:00
2026-09-01,S08,K05,1,0,Z2,0.0205357143,,,,0,,,,0,4.1000000000,2026-08-19T18:00:00+08:00
2026-09-01,S08,K06,1,0,Z2,0.0205357143,,,,0,,,,0,4.1000000000,2026-08-19T18:00:00+08:00
2026-09-01,S08,K07,1,0,Z2,0.0208928571,,,,0,,,,0,4.1000000000,2026-08-19T18:00:00+08:00
2026-09-01,S08,K08,1,0,Z2,0.0210714286,,,,0,,,,0,4.1000000000,2026-08-19T18:00:00+08:00
2026-09-01,S09,K01,1,0,Z3,0.0207142857,,,,0,,,,0,4.1000000000,2026-08-19T18:00:00+08:00
2026-09-01,S09,K02,1,0,Z3,0.0212500000,,,,0,,,,0,4.1000000000,2026-08-19T18:00:00+08:00
2026-09-01,S09,K03,1,0,Z3,0.0205357143,,,,0,,,,0,4.1000000000,2026-08-19T18:00:00+08:00
2026-09-01,S09,K04,1,0,Z3,0.0205357143,,,,0,,,,0,4.1000000000,2026-08-19T18:00:00+08:00
2026-09-01,S09,K05,1,0,Z3,0.0205357143,,,,0,,,,0,4.1000000000,2026-08-19T18:00:00+08:00
2026-09-01,S09,K06,1,0,Z3,0.0205357143,,,,0,,,,0,4.1000000000,2026-08-19T18:00:00+08:00
2026-09-01,S09,K07,1,0,Z3,0.0208928571,,,,0,,,,0,4.1000000000,2026-08-19T18:00:00+08:00
2026-09-01,S09,K08,1,0,Z3,0.0210714286,,,,0,,,,0,4.1000000000,2026-08-19T18:00:00+08:00
2026-09-01,S10,K01,1,0,Z3,0.0207142857,,,,0,,,,0,4.1000000000,2026-08-19T18:00:00+08:00
2026-09-01,S10,K02,1,0,Z3,0.0212500000,,,,0,,,,0,4.1000000000,2026-08-19T18:00:00+08:00
2026-09-01,S10,K03,1,0,Z3,0.0205357143,,,,0,,,,0,4.1000000000,2026-08-19T18:00:00+08:00
2026-09-01,S10,K04,1,0,Z3,0.0205357143,,,,0,,,,0,4.1000000000,2026-08-19T18:00:00+08:00
2026-09-01,S10,K05,1,0,Z3,0.0205357143,,,,0,,,,0,4.1000000000,2026-08-19T18:00:00+08:00
2026-09-01,S10,K06,1,0,Z3,0.0205357143,,,,0,,,,0,4.1000000000,2026-08-19T18:00:00+08:00
2026-09-01,S10,K07,1,0,Z3,0.0208928571,,,,0,,,,0,4.1000000000,2026-08-19T18:00:00+08:00
2026-09-01,S10,K08,1,0,Z3,0.0210714286,,,,0,,,,0,4.1000000000,2026-08-19T18:00:00+08:00
2026-09-01,S11,K01,1,0,Z3,0.0207142857,,,,0,,,,0,4.1000000000,2026-08-19T18:00:00+08:00
2026-09-01,S11,K02,1,0,Z3,0.0212500000,,,,0,,,,0,4.1000000000,2026-08-19T18:00:00+08:00
2026-09-01,S11,K03,1,0,Z3,0.0205357143,,,,0,,,,0,4.1000000000,2026-08-19T18:00:00+08:00
2026-09-01,S11,K04,1,0,Z3,0.0205357143,,,,0,,,,0,4.1000000000,2026-08-19T18:00:00+08:00
2026-09-01,S11,K05,1,0,Z3,0.0205357143,,,,0,,,,0,4.1000000000,2026-08-19T18:00:00+08:00
2026-09-01,S11,K06,1,0,Z3,0.0205357143,,,,0,,,,0,4.1000000000,2026-08-19T18:00:00+08:00
2026-09-01,S11,K07,1,0,Z3,0.0208928571,,,,0,,,,0,4.1000000000,2026-08-19T18:00:00+08:00
2026-09-01,S11,K08,1,0,Z3,0.0210714286,,,,0,,,,0,4.1000000000,2026-08-19T18:00:00+08:00
2026-09-01,S12,K01,1,0,Z3,0.0207142857,,,,0,,,,0,4.1000000000,2026-08-19T18:00:00+08:00
2026-09-01,S12,K02,1,0,Z3,0.0212500000,,,,0,,,,0,4.1000000000,2026-08-19T18:00:00+08:00
2026-09-01,S12,K03,1,0,Z3,0.0205357143,,,,0,,,,0,4.1000000000,2026-08-19T18:00:00+08:00
2026-09-01,S12,K04,1,0,Z3,0.0205357143,,,,0,,,,0,4.1000000000,2026-08-19T18:00:00+08:00
2026-09-01,S12,K05,1,0,Z3,0.0205357143,,,,0,,,,0,4.1000000000,2026-08-19T18:00:00+08:00
2026-09-01,S12,K06,1,0,Z3,0.0205357143,,,,0,,,,0,4.1000000000,2026-08-19T18:00:00+08:00
2026-09-01,S12,K07,1,0,Z3,0.0208928571,,,,0,,,,0,4.1000000000,2026-08-19T18:00:00+08:00
2026-09-01,S12,K08,1,0,Z3,0.0210714286,,,,0,,,,0,4.1000000000,2026-08-19T18:00:00+08:00
2026-09-02,S01,K01,2,0,Z1,0.0207142857,,,,0,,,,0,4.1333333333,2026-08-19T18:00:00+08:00
2026-09-02,S01,K02,2,0,Z1,0.0212500000,,,,0,,,,0,4.1333333333,2026-08-19T18:00:00+08:00
2026-09-02,S01,K03,2,0,Z1,0.0205357143,,,,0,,,,0,4.1333333333,2026-08-19T18:00:00+08:00
2026-09-02,S01,K04,2,0,Z1,0.0205357143,,,,0,,,,0,4.1333333333,2026-08-19T18:00:00+08:00
2026-09-02,S01,K05,2,0,Z1,0.0205357143,,,,0,,,,0,4.1333333333,2026-08-19T18:00:00+08:00
2026-09-02,S01,K06,2,0,Z1,0.0205357143,,,,0,,,,0,4.1333333333,2026-08-19T18:00:00+08:00
2026-09-02,S01,K07,2,0,Z1,0.0208928571,,,,0,,,,0,4.1333333333,2026-08-19T18:00:00+08:00
2026-09-02,S01,K08,2,0,Z1,0.0210714286,,,,0,,,,0,4.1333333333,2026-08-19T18:00:00+08:00
2026-09-02,S02,K01,2,0,Z1,0.0207142857,,,,0,,,,0,4.1333333333,2026-08-19T18:00:00+08:00
2026-09-02,S02,K02,2,0,Z1,0.0212500000,,,,0,,,,0,4.1333333333,2026-08-19T18:00:00+08:00
2026-09-02,S02,K03,2,0,Z1,0.0205357143,,,,0,,,,0,4.1333333333,2026-08-19T18:00:00+08:00
2026-09-02,S02,K04,2,0,Z1,0.0205357143,,,,0,,,,0,4.1333333333,2026-08-19T18:00:00+08:00
2026-09-02,S02,K05,2,0,Z1,0.0205357143,,,,0,,,,0,4.1333333333,2026-08-19T18:00:00+08:00
2026-09-02,S02,K06,2,0,Z1,0.0205357143,,,,0,,,,0,4.1333333333,2026-08-19T18:00:00+08:00
2026-09-02,S02,K07,2,0,Z1,0.0208928571,,,,0,,,,0,4.1333333333,2026-08-19T18:00:00+08:00
2026-09-02,S02,K08,2,0,Z1,0.0210714286,,,,0,,,,0,4.1333333333,2026-08-19T18:00:00+08:00
2026-09-02,S03,K01,2,0,Z1,0.0207142857,,,,0,,,,0,4.1333333333,2026-08-19T18:00:00+08:00
2026-09-02,S03,K02,2,0,Z1,0.0212500000,,,,0,,,,0,4.1333333333,2026-08-19T18:00:00+08:00
2026-09-02,S03,K03,2,0,Z1,0.0205357143,,,,0,,,,0,4.1333333333,2026-08-19T18:00:00+08:00
2026-09-02,S03,K04,2,0,Z1,0.0205357143,,,,0,,,,0,4.1333333333,2026-08-19T18:00:00+08:00
2026-09-02,S03,K05,2,0,Z1,0.0205357143,,,,0,,,,0,4.1333333333,2026-08-19T18:00:00+08:00
2026-09-02,S03,K06,2,0,Z1,0.0205357143,,,,0,,,,0,4.1333333333,2026-08-19T18:00:00+08:00
2026-09-02,S03,K07,2,0,Z1,0.0208928571,,,,0,,,,0,4.1333333333,2026-08-19T18:00:00+08:00
2026-09-02,S03,K08,2,0,Z1,0.0210714286,,,,0,,,,0,4.1333333333,2026-08-19T18:00:00+08:00
2026-09-02,S04,K01,2,0,Z1,0.0207142857,,,,0,,,,0,4.1333333333,2026-08-19T18:00:00+08:00
2026-09-02,S04,K02,2,0,Z1,0.0212500000,,,,0,,,,0,4.1333333333,2026-08-19T18:00:00+08:00
2026-09-02,S04,K03,2,0,Z1,0.0205357143,,,,0,,,,0,4.1333333333,2026-08-19T18:00:00+08:00
2026-09-02,S04,K04,2,0,Z1,0.0205357143,,,,0,,,,0,4.1333333333,2026-08-19T18:00:00+08:00
2026-09-02,S04,K05,2,0,Z1,0.0205357143,,,,0,,,,0,4.1333333333,2026-08-19T18:00:00+08:00
2026-09-02,S04,K06,2,0,Z1,0.0205357143,,,,0,,,,0,4.1333333333,2026-08-19T18:00:00+08:00
2026-09-02,S04,K07,2,0,Z1,0.0208928571,,,,0,,,,0,4.1333333333,2026-08-19T18:00:00+08:00
2026-09-02,S04,K08,2,0,Z1,0.0210714286,,,,0,,,,0,4.1333333333,2026-08-19T18:00:00+08:00
2026-09-02,S05,K01,2,0,Z2,0.0207142857,,,,0,,,,0,4.1333333333,2026-08-19T18:00:00+08:00
2026-09-02,S05,K02,2,0,Z2,0.0212500000,,,,0,,,,0,4.1333333333,2026-08-19T18:00:00+08:00
2026-09-02,S05,K03,2,0,Z2,0.0205357143,,,,0,,,,0,4.1333333333,2026-08-19T18:00:00+08:00
2026-09-02,S05,K04,2,0,Z2,0.0205357143,,,,0,,,,0,4.1333333333,2026-08-19T18:00:00+08:00
2026-09-02,S05,K05,2,0,Z2,0.0205357143,,,,0,,,,0,4.1333333333,2026-08-19T18:00:00+08:00
2026-09-02,S05,K06,2,0,Z2,0.0205357143,,,,0,,,,0,4.1333333333,2026-08-19T18:00:00+08:00
2026-09-02,S05,K07,2,0,Z2,0.0208928571,,,,0,,,,0,4.1333333333,2026-08-19T18:00:00+08:00
2026-09-02,S05,K08,2,0,Z2,0.0210714286,,,,0,,,,0,4.1333333333,2026-08-19T18:00:00+08:00
2026-09-02,S06,K01,2,0,Z2,0.0207142857,,,,0,,,,0,4.1333333333,2026-08-19T18:00:00+08:00
2026-09-02,S06,K02,2,0,Z2,0.0212500000,,,,0,,,,0,4.1333333333,2026-08-19T18:00:00+08:00
2026-09-02,S06,K03,2,0,Z2,0.0205357143,,,,0,,,,0,4.1333333333,2026-08-19T18:00:00+08:00
2026-09-02,S06,K04,2,0,Z2,0.0205357143,,,,0,,,,0,4.1333333333,2026-08-19T18:00:00+08:00
2026-09-02,S06,K05,2,0,Z2,0.0205357143,,,,0,,,,0,4.1333333333,2026-08-19T18:00:00+08:00
2026-09-02,S06,K06,2,0,Z2,0.0205357143,,,,0,,,,0,4.1333333333,2026-08-19T18:00:00+08:00
2026-09-02,S06,K07,2,0,Z2,0.0208928571,,,,0,,,,0,4.1333333333,2026-08-19T18:00:00+08:00
2026-09-02,S06,K08,2,0,Z2,0.0210714286,,,,0,,,,0,4.1333333333,2026-08-19T18:00:00+08:00
2026-09-02,S07,K01,2,0,Z2,0.0207142857,,,,0,,,,0,4.1333333333,2026-08-19T18:00:00+08:00
2026-09-02,S07,K02,2,0,Z2,0.0212500000,,,,0,,,,0,4.1333333333,2026-08-19T18:00:00+08:00
2026-09-02,S07,K03,2,0,Z2,0.0205357143,,,,0,,,,0,4.1333333333,2026-08-19T18:00:00+08:00
2026-09-02,S07,K04,2,0,Z2,0.0205357143,,,,0,,,,0,4.1333333333,2026-08-19T18:00:00+08:00
2026-09-02,S07,K05,2,0,Z2,0.0205357143,,,,0,,,,0,4.1333333333,2026-08-19T18:00:00+08:00
2026-09-02,S07,K06,2,0,Z2,0.0205357143,,,,0,,,,0,4.1333333333,2026-08-19T18:00:00+08:00
2026-09-02,S07,K07,2,0,Z2,0.0208928571,,,,0,,,,0,4.1333333333,2026-08-19T18:00:00+08:00
2026-09-02,S07,K08,2,0,Z2,0.0210714286,,,,0,,,,0,4.1333333333,2026-08-19T18:00:00+08:00
2026-09-02,S08,K01,2,0,Z2,0.0207142857,,,,0,,,,0,4.1333333333,2026-08-19T18:00:00+08:00
2026-09-02,S08,K02,2,0,Z2,0.0212500000,,,,0,,,,0,4.1333333333,2026-08-19T18:00:00+08:00
2026-09-02,S08,K03,2,0,Z2,0.0205357143,,,,0,,,,0,4.1333333333,2026-08-19T18:00:00+08:00
2026-09-02,S08,K04,2,0,Z2,0.0205357143,,,,0,,,,0,4.1333333333,2026-08-19T18:00:00+08:00
2026-09-02,S08,K05,2,0,Z2,0.0205357143,,,,0,,,,0,4.1333333333,2026-08-19T18:00:00+08:00
2026-09-02,S08,K06,2,0,Z2,0.0205357143,,,,0,,,,0,4.1333333333,2026-08-19T18:00:00+08:00
2026-09-02,S08,K07,2,0,Z2,0.0208928571,,,,0,,,,0,4.1333333333,2026-08-19T18:00:00+08:00
2026-09-02,S08,K08,2,0,Z2,0.0210714286,,,,0,,,,0,4.1333333333,2026-08-19T18:00:00+08:00
2026-09-02,S09,K01,2,0,Z3,0.0207142857,,,,0,,,,0,4.1333333333,2026-08-19T18:00:00+08:00
2026-09-02,S09,K02,2,0,Z3,0.0212500000,,,,0,,,,0,4.1333333333,2026-08-19T18:00:00+08:00
2026-09-02,S09,K03,2,0,Z3,0.0205357143,,,,0,,,,0,4.1333333333,2026-08-19T18:00:00+08:00
2026-09-02,S09,K04,2,0,Z3,0.0205357143,,,,0,,,,0,4.1333333333,2026-08-19T18:00:00+08:00
2026-09-02,S09,K05,2,0,Z3,0.0205357143,,,,0,,,,0,4.1333333333,2026-08-19T18:00:00+08:00
2026-09-02,S09,K06,2,0,Z3,0.0205357143,,,,0,,,,0,4.1333333333,2026-08-19T18:00:00+08:00
2026-09-02,S09,K07,2,0,Z3,0.0208928571,,,,0,,,,0,4.1333333333,2026-08-19T18:00:00+08:00
2026-09-02,S09,K08,2,0,Z3,0.0210714286,,,,0,,,,0,4.1333333333,2026-08-19T18:00:00+08:00
2026-09-02,S10,K01,2,0,Z3,0.0207142857,,,,0,,,,0,4.1333333333,2026-08-19T18:00:00+08:00
2026-09-02,S10,K02,2,0,Z3,0.0212500000,,,,0,,,,0,4.1333333333,2026-08-19T18:00:00+08:00
2026-09-02,S10,K03,2,0,Z3,0.0205357143,,,,0,,,,0,4.1333333333,2026-08-19T18:00:00+08:00
2026-09-02,S10,K04,2,0,Z3,0.0205357143,,,,0,,,,0,4.1333333333,2026-08-19T18:00:00+08:00
2026-09-02,S10,K05,2,0,Z3,0.0205357143,,,,0,,,,0,4.1333333333,2026-08-19T18:00:00+08:00
2026-09-02,S10,K06,2,0,Z3,0.0205357143,,,,0,,,,0,4.1333333333,2026-08-19T18:00:00+08:00
2026-09-02,S10,K07,2,0,Z3,0.0208928571,,,,0,,,,0,4.1333333333,2026-08-19T18:00:00+08:00
2026-09-02,S10,K08,2,0,Z3,0.0210714286,,,,0,,,,0,4.1333333333,2026-08-19T18:00:00+08:00
2026-09-02,S11,K01,2,0,Z3,0.0207142857,,,,0,,,,0,4.1333333333,2026-08-19T18:00:00+08:00
2026-09-02,S11,K02,2,0,Z3,0.0212500000,,,,0,,,,0,4.1333333333,2026-08-19T18:00:00+08:00
2026-09-02,S11,K03,2,0,Z3,0.0205357143,,,,0,,,,0,4.1333333333,2026-08-19T18:00:00+08:00
2026-09-02,S11,K04,2,0,Z3,0.0205357143,,,,0,,,,0,4.1333333333,2026-08-19T18:00:00+08:00
2026-09-02,S11,K05,2,0,Z3,0.0205357143,,,,0,,,,0,4.1333333333,2026-08-19T18:00:00+08:00
2026-09-02,S11,K06,2,0,Z3,0.0205357143,,,,0,,,,0,4.1333333333,2026-08-19T18:00:00+08:00
2026-09-02,S11,K07,2,0,Z3,0.0208928571,,,,0,,,,0,4.1333333333,2026-08-19T18:00:00+08:00
2026-09-02,S11,K08,2,0,Z3,0.0210714286,,,,0,,,,0,4.1333333333,2026-08-19T18:00:00+08:00
2026-09-02,S12,K01,2,0,Z3,0.0207142857,,,,0,,,,0,4.1333333333,2026-08-19T18:00:00+08:00
2026-09-02,S12,K02,2,0,Z3,0.0212500000,,,,0,,,,0,4.1333333333,2026-08-19T18:00:00+08:00
2026-09-02,S12,K03,2,0,Z3,0.0205357143,,,,0,,,,0,4.1333333333,2026-08-19T18:00:00+08:00
2026-09-02,S12,K04,2,0,Z3,0.0205357143,,,,0,,,,0,4.1333333333,2026-08-19T18:00:00+08:00
2026-09-02,S12,K05,2,0,Z3,0.0205357143,,,,0,,,,0,4.1333333333,2026-08-19T18:00:00+08:00
2026-09-02,S12,K06,2,0,Z3,0.0205357143,,,,0,,,,0,4.1333333333,2026-08-19T18:00:00+08:00
2026-09-02,S12,K07,2,0,Z3,0.0208928571,,,,0,,,,0,4.1333333333,2026-08-19T18:00:00+08:00
2026-09-02,S12,K08,2,0,Z3,0.0210714286,,,,0,,,,0,4.1333333333,2026-08-19T18:00:00+08:00
