service_date,store_id,item_id,weekday_monday_zero,holiday,zone_id,discount_fraction,announced_at,promo_raw_row,promo_raw_hash,promo_known,rain_mm,weather_available_at,weather_raw_row,weather_known,time30,origin
2026-09-03,S01,K01,3,0,Z1,0.0000000000,2026-08-24 12:00:00+08:00,12002.0000000000,c6da0d95a9414370d101244313599a24cf8c4997e5611dd1ce5d2e25589d4fd6,1,17.3300000000,2026-09-02 16:00:00+08:00,752.0000000000,1,4.1666666667,2026-09-02T18:00:00+08:00
2026-09-03,S01,K02,3,0,Z1,0.0000000000,2026-08-24 12:00:00+08:00,12003.0000000000,ae13528b15400277d771b8418f08f9caaf67e399b54a07842784056f121e6530,1,17.3300000000,2026-09-02 16:00:00+08:00,752.0000000000,1,4.1666666667,2026-09-02T18:00:00+08:00
2026-09-03,S01,K03,3,0,Z1,0.0000000000,2026-08-24 12:00:00+08:00,12004.0000000000,1e8017b58b5a0d36c3a21123de399131045c14230e1c148cfb849dbb1d6a20c2,1,17.3300000000,2026-09-02 16:00:00+08:00,752.0000000000,1,4.1666666667,2026-09-02T18:00:00+08:00
2026-09-03,S01,K04,3,0,Z1,0.0000000000,2026-08-24 12:00:00+08:00,12005.0000000000,c4e5509ddf1d70cc96e4f3eceffb4b7c3dccdfd5f63de9c67c2fe107dede39e5,1,17.3300000000,2026-09-02 16:00:00+08:00,752.0000000000,1,4.1666666667,2026-09-02T18:00:00+08:00
2026-09-03,S01,K05,3,0,Z1,0.1500000000,2026-08-24 12:00:00+08:00,12006.0000000000,b3227a976cf8728367ab2e1a5e25568a156750fa4748feffcff8074b563836a6,1,17.3300000000,2026-09-02 16:00:00+08:00,752.0000000000,1,4.1666666667,2026-09-02T18:00:00+08:00
2026-09-03,S01,K06,3,0,Z1,0.1500000000,2026-08-24 12:00:00+08:00,12007.0000000000,82aa0476d1407c422a710a0413a6c66832574ebe3ad12b590e316fc314805b52,1,17.3300000000,2026-09-02 16:00:00+08:00,752.0000000000,1,4.1666666667,2026-09-02T18:00:00+08:00
2026-09-03,S01,K07,3,0,Z1,0.0000000000,2026-08-24 12:00:00+08:00,12008.0000000000,d877954a8ff4b5fc90b9bef44a4641647826077b8d58b64d2c767c1721e32028,1,17.3300000000,2026-09-02 16:00:00+08:00,752.0000000000,1,4.1666666667,2026-09-02T18:00:00+08:00
2026-09-03,S01,K08,3,0,Z1,0.0000000000,2026-08-24 12:00:00+08:00,12009.0000000000,daa843d0c4bb45568d8a6c7bcbc06fe313b818aa010d600f05ee2a8d44de1652,1,17.3300000000,2026-09-02 16:00:00+08:00,752.0000000000,1,4.1666666667,2026-09-02T18:00:00+08:00
2026-09-03,S02,K01,3,0,Z1,0.0000000000,2026-08-24 12:00:00+08:00,12010.0000000000,b959732172326b3a616fc58856ccaad82b9b53d3b26483aaec67967983ab841a,1,17.3300000000,2026-09-02 16:00:00+08:00,752.0000000000,1,4.1666666667,2026-09-02T18:00:00+08:00
2026-09-03,S02,K02,3,0,Z1,0.0000000000,2026-08-24 12:00:00+08:00,12011.0000000000,c2f0ee35c58b6a03d8540ba4f0227ea9f65a46f745424c205ae25b7f0cd93784,1,17.3300000000,2026-09-02 16:00:00+08:00,752.0000000000,1,4.1666666667,2026-09-02T18:00:00+08:00
2026-09-03,S02,K03,3,0,Z1,0.0000000000,2026-08-24 12:00:00+08:00,12012.0000000000,66cd9a56d972c595bd929b8b36b1dd8ccf9bba21a4f7a0900c68de2d0ba46fb6,1,17.3300000000,2026-09-02 16:00:00+08:00,752.0000000000,1,4.1666666667,2026-09-02T18:00:00+08:00
2026-09-03,S02,K04,3,0,Z1,0.1500000000,2026-08-24 12:00:00+08:00,12013.0000000000,7d4a9ce52af80c4dc1868cdf4f9fbcf28c3e00ecfb609fa57943ac20e13789f8,1,17.3300000000,2026-09-02 16:00:00+08:00,752.0000000000,1,4.1666666667,2026-09-02T18:00:00+08:00
2026-09-03,S02,K05,3,0,Z1,0.1500000000,2026-08-24 12:00:00+08:00,12014.0000000000,faa0f679b6f143b5553ae51b5cd758cb6874908355b0e9aaad82710145f02f9b,1,17.3300000000,2026-09-02 16:00:00+08:00,752.0000000000,1,4.1666666667,2026-09-02T18:00:00+08:00
2026-09-03,S02,K06,3,0,Z1,0.0000000000,2026-08-24 12:00:00+08:00,12015.0000000000,ddc8dd0f664cf7a8f3c14477f082ccd91b11b178bcbce16f114ed3ea59e66dfd,1,17.3300000000,2026-09-02 16:00:00+08:00,752.0000000000,1,4.1666666667,2026-09-02T18:00:00+08:00
2026-09-03,S02,K07,3,0,Z1,0.0000000000,2026-08-24 12:00:00+08:00,12016.0000000000,c47a7b90b361cf7a66e599d4b8ce34385d8988c90a7f628fc15ce340c967e398,1,17.3300000000,2026-09-02 16:00:00+08:00,752.0000000000,1,4.1666666667,2026-09-02T18:00:00+08:00
2026-09-03,S02,K08,3,0,Z1,0.0000000000,2026-08-24 12:00:00+08:00,12017.0000000000,e9881dadb73aceb04db5f8b8ac18ed3649fe64e3db62a2995d622b4a9c7ca64f,1,17.3300000000,2026-09-02 16:00:00+08:00,752.0000000000,1,4.1666666667,2026-09-02T18:00:00+08:00
2026-09-03,S03,K01,3,0,Z1,0.0000000000,2026-08-24 12:00:00+08:00,12018.0000000000,ada3ad20cd709905d01b1cfc939adae3f25b0a2cb60092b2771105c91ece8adc,1,17.3300000000,2026-09-02 16:00:00+08:00,752.0000000000,1,4.1666666667,2026-09-02T18:00:00+08:00
2026-09-03,S03,K02,3,0,Z1,0.1500000000,2026-08-24 12:00:00+08:00,12019.0000000000,bd9993baed4eed18312a6b38716ee6a8ba47f9a20ffe9220f63d99a6f57e47b7,1,17.3300000000,2026-09-02 16:00:00+08:00,752.0000000000,1,4.1666666667,2026-09-02T18:00:00+08:00
2026-09-03,S03,K03,3,0,Z1,0.1500000000,2026-08-24 12:00:00+08:00,12020.0000000000,48221dde9b2bd17cf6be357bdc2a1da6362eba58965a703bf17be3be381760de,1,17.3300000000,2026-09-02 16:00:00+08:00,752.0000000000,1,4.1666666667,2026-09-02T18:00:00+08:00
2026-09-03,S03,K04,3,0,Z1,0.0000000000,2026-08-24 12:00:00+08:00,12021.0000000000,5958cc26b4a318bdbf4f1bf72dd94ba166870a6d8889eab33f438806cc6bc630,1,17.3300000000,2026-09-02 16:00:00+08:00,752.0000000000,1,4.1666666667,2026-09-02T18:00:00+08:00
2026-09-03,S03,K05,3,0,Z1,0.0000000000,2026-08-24 12:00:00+08:00,12022.0000000000,7f3967e09166ac9f878d857e3b38ca2ed68049843dacac91c8b6012eeefd28f6,1,17.3300000000,2026-09-02 16:00:00+08:00,752.0000000000,1,4.1666666667,2026-09-02T18:00:00+08:00
2026-09-03,S03,K06,3,0,Z1,0.0000000000,2026-08-24 12:00:00+08:00,12023.0000000000,89f9f3cac27673711d20349d21c8373b26aad94d2ad369f5825d12a7c63bde29,1,17.3300000000,2026-09-02 16:00:00+08:00,752.0000000000,1,4.1666666667,2026-09-02T18:00:00+08:00
2026-09-03,S03,K07,3,0,Z1,0.0000000000,2026-08-24 12:00:00+08:00,12024.0000000000,557b574b3feb3906f7075e2498c2c86a1ff60e8a4544f9e43aeb4de91dcbf20c,1,17.3300000000,2026-09-02 16:00:00+08:00,752.0000000000,1,4.1666666667,2026-09-02T18:00:00+08:00
2026-09-03,S03,K08,3,0,Z1,0.0000000000,2026-08-24 12:00:00+08:00,12025.0000000000,f5235cb414e793134adf5aa35dcfee73e605d6619e1b556c09a432355c2290dd,1,17.3300000000,2026-09-02 16:00:00+08:00,752.0000000000,1,4.1666666667,2026-09-02T18:00:00+08:00
2026-09-03,S04,K01,3,0,Z1,0.1500000000,2026-08-24 12:00:00+08:00,12026.0000000000,741d194615d0fb49d0abe0fd144b6f435718f3072325766426a17f93c4e031b5,1,17.3300000000,2026-09-02 16:00:00+08:00,752.0000000000,1,4.1666666667,2026-09-02T18:00:00+08:00
2026-09-03,S04,K02,3,0,Z1,0.1500000000,2026-08-24 12:00:00+08:00,12027.0000000000,25ade547b5a5cac3ccc2a880b46466524e26f3aed27b73a5ac6cf6e4239a6802,1,17.3300000000,2026-09-02 16:00:00+08:00,752.0000000000,1,4.1666666667,2026-09-02T18:00:00+08:00
2026-09-03,S04,K03,3,0,Z1,0.0000000000,2026-08-24 12:00:00+08:00,12028.0000000000,a7a7787efea5d5a2ce67c7af49e8cb1b8e4a39b75bcda2204038b7f4bc122868,1,17.3300000000,2026-09-02 16:00:00+08:00,752.0000000000,1,4.1666666667,2026-09-02T18:00:00+08:00
2026-09-03,S04,K04,3,0,Z1,0.0000000000,2026-08-24 12:00:00+08:00,12029.0000000000,6d4370e8cc9d3ce45aa2d9dbf412e5cd0f69df4d3b1182dbed42b230749dac98,1,17.3300000000,2026-09-02 16:00:00+08:00,752.0000000000,1,4.1666666667,2026-09-02T18:00:00+08:00
2026-09-03,S04,K05,3,0,Z1,0.0000000000,2026-08-24 12:00:00+08:00,12030.0000000000,9312d53469dd64fad8378205e2113c4763e472049df1b203ed9c8fd166d58880,1,17.3300000000,2026-09-02 16:00:00+08:00,752.0000000000,1,4.1666666667,2026-09-02T18:00:00+08:00
2026-09-03,S04,K06,3,0,Z1,0.0000000000,2026-08-24 12:00:00+08:00,12031.0000000000,83babbfd00b79a33e8534b8e860cbe65b81637a646a2401d1953f54b89440e57,1,17.3300000000,2026-09-02 16:00:00+08:00,752.0000000000,1,4.1666666667,2026-09-02T18:00:00+08:00
2026-09-03,S04,K07,3,0,Z1,0.0000000000,2026-08-24 12:00:00+08:00,12032.0000000000,76856412e3216b2251c910482fcf6def689b6031efb54201c7703a7a65549416,1,17.3300000000,2026-09-02 16:00:00+08:00,752.0000000000,1,4.1666666667,2026-09-02T18:00:00+08:00
2026-09-03,S04,K08,3,0,Z1,0.0000000000,2026-08-24 12:00:00+08:00,12033.0000000000,2e1972754a11881287eefb17e89682a83d32a4204a7f9a2ba75a48c29a15f19f,1,17.3300000000,2026-09-02 16:00:00+08:00,752.0000000000,1,4.1666666667,2026-09-02T18:00:00+08:00
2026-09-03,S05,K01,3,0,Z2,0.0000000000,2026-08-24 12:00:00+08:00,12034.0000000000,22fecb4941bf3f8c1cd60af16d0af74033dc2085d66849053b240257b56b7e46,1,14.7300000000,2026-09-02 16:00:00+08:00,754.0000000000,1,4.1666666667,2026-09-02T18:00:00+08:00
2026-09-03,S05,K02,3,0,Z2,0.0000000000,2026-08-24 12:00:00+08:00,12035.0000000000,ce78f680e787c130656ff4a9984fb66b98eb5784e46a038d44a7ee5f475946ef,1,14.7300000000,2026-09-02 16:00:00+08:00,754.0000000000,1,4.1666666667,2026-09-02T18:00:00+08:00
2026-09-03,S05,K03,3,0,Z2,0.0000000000,2026-08-24 12:00:00+08:00,12036.0000000000,421956eaa8cc1deecddbb084f2dee3c94d6153f982fe5a78610ece61b3c90dde,1,14.7300000000,2026-09-02 16:00:00+08:00,754.0000000000,1,4.1666666667,2026-09-02T18:00:00+08:00
2026-09-03,S05,K04,3,0,Z2,0.0000000000,2026-08-24 12:00:00+08:00,12037.0000000000,c56aa187a5fd5cdec1db99c5f0cb61c9bc901647be40b28efc29858d7a0e77b6,1,14.7300000000,2026-09-02 16:00:00+08:00,754.0000000000,1,4.1666666667,2026-09-02T18:00:00+08:00
2026-09-03,S05,K05,3,0,Z2,0.0000000000,2026-08-24 12:00:00+08:00,12038.0000000000,5a3aaa791a91980ef62e5cd113b788229de7c628a7da881b4fc036dd806a9dc3,1,14.7300000000,2026-09-02 16:00:00+08:00,754.0000000000,1,4.1666666667,2026-09-02T18:00:00+08:00
2026-09-03,S05,K06,3,0,Z2,0.0000000000,2026-08-24 12:00:00+08:00,12039.0000000000,197a21d734adc75198b5dd95c8afe5d83a55c1fda4f4ede657e3528abba18f91,1,14.7300000000,2026-09-02 16:00:00+08:00,754.0000000000,1,4.1666666667,2026-09-02T18:00:00+08:00
2026-09-03,S05,K07,3,0,Z2,0.0000000000,2026-08-24 12:00:00+08:00,12040.0000000000,bab8fc585c683657b91a66a419f623be753019b5c3d067f4f59d9456ddb2f4b7,1,14.7300000000,2026-09-02 16:00:00+08:00,754.0000000000,1,4.1666666667,2026-09-02T18:00:00+08:00
2026-09-03,S05,K08,3,0,Z2,0.0000000000,2026-08-24 12:00:00+08:00,12041.0000000000,b225e5c791d22a2e2342751e16ac2338dd29b641449024a532cf4994650076c4,1,14.7300000000,2026-09-02 16:00:00+08:00,754.0000000000,1,4.1666666667,2026-09-02T18:00:00+08:00
2026-09-03,S06,K01,3,0,Z2,0.0000000000,2026-08-24 12:00:00+08:00,12042.0000000000,fd2136f6ee1a5950cb7a616439967781601975a032508daecf69418e9b291126,1,14.7300000000,2026-09-02 16:00:00+08:00,754.0000000000,1,4.1666666667,2026-09-02T18:00:00+08:00
2026-09-03,S06,K02,3,0,Z2,0.0000000000,2026-08-24 12:00:00+08:00,12043.0000000000,812e04c8caec4075991d9e42b6a173592747a499048ea68fd007c2538cb77b64,1,14.7300000000,2026-09-02 16:00:00+08:00,754.0000000000,1,4.1666666667,2026-09-02T18:00:00+08:00
2026-09-03,S06,K03,3,0,Z2,0.0000000000,2026-08-24 12:00:00+08:00,12044.0000000000,486a30f13c337b3d80aa7e0b0be5b1b2a0c2644b4f0d09106e54e9ed7c35c63b,1,14.7300000000,2026-09-02 16:00:00+08:00,754.0000000000,1,4.1666666667,2026-09-02T18:00:00+08:00
2026-09-03,S06,K04,3,0,Z2,0.0000000000,2026-08-24 12:00:00+08:00,12045.0000000000,1e217fccd58d675f3baf5ca60b3ec23de5945bbd3ce9768d697ceb773879220e,1,14.7300000000,2026-09-02 16:00:00+08:00,754.0000000000,1,4.1666666667,2026-09-02T18:00:00+08:00
2026-09-03,S06,K05,3,0,Z2,0.0000000000,2026-08-24 12:00:00+08:00,12046.0000000000,1de4d82fea0173a74ad892d10a18374731581b15206c3e07a8075a0f3aa03c4e,1,14.7300000000,2026-09-02 16:00:00+08:00,754.0000000000,1,4.1666666667,2026-09-02T18:00:00+08:00
2026-09-03,S06,K06,3,0,Z2,0.0000000000,2026-08-24 12:00:00+08:00,12047.0000000000,1cdd1554f77577944b2336dbfaf9645b247110cce75e8368dff8f2c368c924c1,1,14.7300000000,2026-09-02 16:00:00+08:00,754.0000000000,1,4.1666666667,2026-09-02T18:00:00+08:00
2026-09-03,S06,K07,3,0,Z2,0.0000000000,2026-08-24 12:00:00+08:00,12048.0000000000,01e7a351e512136e49a9e0059b3a8e0590e36e7fa5f94ade5ef698beee2436a4,1,14.7300000000,2026-09-02 16:00:00+08:00,754.0000000000,1,4.1666666667,2026-09-02T18:00:00+08:00
2026-09-03,S06,K08,3,0,Z2,0.0000000000,2026-08-24 12:00:00+08:00,12049.0000000000,e9f6582995736dd6737cef10c9dcab4e199e8ad5339ed1b6ab225ae00d5becbb,1,14.7300000000,2026-09-02 16:00:00+08:00,754.0000000000,1,4.1666666667,2026-09-02T18:00:00+08:00
2026-09-03,S07,K01,3,0,Z2,0.0000000000,2026-08-24 12:00:00+08:00,12050.0000000000,4f6cb4f0eb93001c23e8770c0f040fd07bd0c6eaaaccd906512601d4596a3f6b,1,14.7300000000,2026-09-02 16:00:00+08:00,754.0000000000,1,4.1666666667,2026-09-02T18:00:00+08:00
2026-09-03,S07,K02,3,0,Z2,0.0000000000,2026-08-24 12:00:00+08:00,12051.0000000000,293a54438aaf2c01985957a28107d3effeeb6fb3cb33199d45422935c168e43f,1,14.7300000000,2026-09-02 16:00:00+08:00,754.0000000000,1,4.1666666667,2026-09-02T18:00:00+08:00
2026-09-03,S07,K03,3,0,Z2,0.0000000000,2026-08-24 12:00:00+08:00,12052.0000000000,eb3d797113834d7aa789ef67e8c839e3f8c93a8ea30822772d59edeca49640b9,1,14.7300000000,2026-09-02 16:00:00+08:00,754.0000000000,1,4.1666666667,2026-09-02T18:00:00+08:00
2026-09-03,S07,K04,3,0,Z2,0.0000000000,2026-08-24 12:00:00+08:00,12053.0000000000,61f5646c183b59d9ea7381e5ee9095d5a000987b9db5c452e8c9610e8706f950,1,14.7300000000,2026-09-02 16:00:00+08:00,754.0000000000,1,4.1666666667,2026-09-02T18:00:00+08:00
2026-09-03,S07,K05,3,0,Z2,0.0000000000,2026-08-24 12:00:00+08:00,12054.0000000000,7113abf1e8ad41cded13f88b01836321e37288e2aae2cb08198ea32dd696f1a6,1,14.7300000000,2026-09-02 16:00:00+08:00,754.0000000000,1,4.1666666667,2026-09-02T18:00:00+08:00
2026-09-03,S07,K06,3,0,Z2,0.0000000000,2026-08-24 12:00:00+08:00,12055.0000000000,cf77f7bbfe51d1dbbedfc8295b94cb964b07b714617f938e185d1f24200e61de,1,14.7300000000,2026-09-02 16:00:00+08:00,754.0000000000,1,4.1666666667,2026-09-02T18:00:00+08:00
2026-09-03,S07,K07,3,0,Z2,0.0000000000,2026-08-24 12:00:00+08:00,12056.0000000000,294ffc7287fb9b41b45fe389c557a7100dc2d1771224b70598d2eb2d6b6c96a1,1,14.7300000000,2026-09-02 16:00:00+08:00,754.0000000000,1,4.1666666667,2026-09-02T18:00:00+08:00
2026-09-03,S07,K08,3,0,Z2,0.1500000000,2026-08-24 12:00:00+08:00,12057.0000000000,d3279108861a16a455a43ba3390db03300abae9668f1d2d72b7f58174479d5cb,1,14.7300000000,2026-09-02 16:00:00+08:00,754.0000000000,1,4.1666666667,2026-09-02T18:00:00+08:00
2026-09-03,S08,K01,3,0,Z2,0.0000000000,2026-08-24 12:00:00+08:00,12058.0000000000,f5329a949b9e792549279ada64ee27e8d7afa481a39d9ddd51c914daa62759e2,1,14.7300000000,2026-09-02 16:00:00+08:00,754.0000000000,1,4.1666666667,2026-09-02T18:00:00+08:00
2026-09-03,S08,K02,3,0,Z2,0.0000000000,2026-08-24 12:00:00+08:00,12059.0000000000,689e327775e699625430640ac5a5d74b5f5919dd3fbb6a9bef03a53ea56b8d69,1,14.7300000000,2026-09-02 16:00:00+08:00,754.0000000000,1,4.1666666667,2026-09-02T18:00:00+08:00
2026-09-03,S08,K03,3,0,Z2,0.0000000000,2026-08-24 12:00:00+08:00,12060.0000000000,4cda1eec7419fdb6658ab92d5b279a71f2f14395120ac96f92f2957e057c7733,1,14.7300000000,2026-09-02 16:00:00+08:00,754.0000000000,1,4.1666666667,2026-09-02T18:00:00+08:00
2026-09-03,S08,K04,3,0,Z2,0.0000000000,2026-08-24 12:00:00+08:00,12061.0000000000,5bf175fc2aa0f77ff50465d39236d1448b331e304f626c9689dd4b92759552bd,1,14.7300000000,2026-09-02 16:00:00+08:00,754.0000000000,1,4.1666666667,2026-09-02T18:00:00+08:00
2026-09-03,S08,K05,3,0,Z2,0.0000000000,2026-08-24 12:00:00+08:00,12062.0000000000,b38c567ee3321881fdde0f52c2a57d6a2e22a4974fff6d67aa97bc5bd4b14691,1,14.7300000000,2026-09-02 16:00:00+08:00,754.0000000000,1,4.1666666667,2026-09-02T18:00:00+08:00
2026-09-03,S08,K06,3,0,Z2,0.1500000000,2026-08-24 12:00:00+08:00,12063.0000000000,89e346ab620a422258a293e0065cb84a6a3f415dcf773f8d1d9b8daaa7d011b6,1,14.7300000000,2026-09-02 16:00:00+08:00,754.0000000000,1,4.1666666667,2026-09-02T18:00:00+08:00
2026-09-03,S08,K07,3,0,Z2,0.1500000000,2026-08-24 12:00:00+08:00,12064.0000000000,e852158ff9061d02e6aa94644d664181c0f85aaee09bb4e6845b7d03461a0153,1,14.7300000000,2026-09-02 16:00:00+08:00,754.0000000000,1,4.1666666667,2026-09-02T18:00:00+08:00
2026-09-03,S08,K08,3,0,Z2,0.0000000000,2026-08-24 12:00:00+08:00,12065.0000000000,7094a1ac61dfac8193e03a0d1e54a2572b69e989f18c39f2981b5c10e8178ea4,1,14.7300000000,2026-09-02 16:00:00+08:00,754.0000000000,1,4.1666666667,2026-09-02T18:00:00+08:00
2026-09-03,S09,K01,3,0,Z3,0.0000000000,2026-08-24 12:00:00+08:00,12066.0000000000,9873399838f28a7bf10d3cf1fab243274036c16f81034d89b167d297e5cbb380,1,0.7900000000,2026-09-02 16:00:00+08:00,756.0000000000,1,4.1666666667,2026-09-02T18:00:00+08:00
2026-09-03,S09,K02,3,0,Z3,0.0000000000,2026-08-24 12:00:00+08:00,12067.0000000000,e08b2c2606e2af0e8ba08c6f2078b94e0ad7c10eb5a4f52ec08e91e54d1907ed,1,0.7900000000,2026-09-02 16:00:00+08:00,756.0000000000,1,4.1666666667,2026-09-02T18:00:00+08:00
2026-09-03,S09,K03,3,0,Z3,0.0000000000,2026-08-24 12:00:00+08:00,12068.0000000000,66b227e34e71b182f84abc1fd4810fe78cf88e044c25f548ca1a5e4d22fbf309,1,0.7900000000,2026-09-02 16:00:00+08:00,756.0000000000,1,4.1666666667,2026-09-02T18:00:00+08:00
2026-09-03,S09,K04,3,0,Z3,0.0000000000,2026-08-24 12:00:00+08:00,12069.0000000000,5bc4a4077d5dbf66dd3691b8feafdc4937997c2f1a8d45c63530f4dabbba2a3b,1,0.7900000000,2026-09-02 16:00:00+08:00,756.0000000000,1,4.1666666667,2026-09-02T18:00:00+08:00
2026-09-03,S09,K05,3,0,Z3,0.1500000000,2026-08-24 12:00:00+08:00,12070.0000000000,ff4de95fb7223657cd8e97b23179703f49d4078202ac398650edb59578ffd32c,1,0.7900000000,2026-09-02 16:00:00+08:00,756.0000000000,1,4.1666666667,2026-09-02T18:00:00+08:00
2026-09-03,S09,K06,3,0,Z3,0.1500000000,2026-08-24 12:00:00+08:00,12071.0000000000,4abaa4e79147dafcfa0b6d47b01f02110c618b107480576dfb2b7dad5c3023f0,1,0.7900000000,2026-09-02 16:00:00+08:00,756.0000000000,1,4.1666666667,2026-09-02T18:00:00+08:00
2026-09-03,S09,K07,3,0,Z3,0.0000000000,2026-08-24 12:00:00+08:00,12072.0000000000,ae9e066b31fdef31d17f6e24b5c8327643befc11176bd3c756bcf3c20396f134,1,0.7900000000,2026-09-02 16:00:00+08:00,756.0000000000,1,4.1666666667,2026-09-02T18:00:00+08:00
2026-09-03,S09,K08,3,0,Z3,0.0000000000,2026-08-24 12:00:00+08:00,12073.0000000000,004c317e6b3399c67c032b8dad344b25d4d696abdc88515eb4e56b17f8de4f45,1,0.7900000000,2026-09-02 16:00:00+08:00,756.0000000000,1,4.1666666667,2026-09-02T18:00:00+08:00
2026-09-03,S10,K01,3,0,Z3,0.0000000000,2026-08-24 12:00:00+08:00,12074.0000000000,9d772ca78f5580ef6c85d689666251dad706a1cfe9efe3f8b394a1e24057d454,1,0.7900000000,2026-09-02 16:00:00+08:00,756.0000000000,1,4.1666666667,2026-09-02T18:00:00+08:00
2026-09-03,S10,K02,3,0,Z3,0.0000000000,2026-08-24 12:00:00+08:00,12075.0000000000,932bbedda7cb4ea95cb211f8a5af3598b9f83684dd34dfb70490854ba43efbe8,1,0.7900000000,2026-09-02 16:00:00+08:00,756.0000000000,1,4.1666666667,2026-09-02T18:00:00+08:00
2026-09-03,S10,K03,3,0,Z3,0.1500000000,2026-08-24 12:00:00+08:00,12076.0000000000,b3c4d2cb4400424e23dc747d671d5f397e74f9273d6100e19f9c2352bf070c53,1,0.7900000000,2026-09-02 16:00:00+08:00,756.0000000000,1,4.1666666667,2026-09-02T18:00:00+08:00
2026-09-03,S10,K04,3,0,Z3,0.1500000000,2026-08-24 12:00:00+08:00,12077.0000000000,2dbf1681fd59d1516c11dd2232c8e43120fc58303a2cfc8d44b69195dfe19a06,1,0.7900000000,2026-09-02 16:00:00+08:00,756.0000000000,1,4.1666666667,2026-09-02T18:00:00+08:00
2026-09-03,S10,K05,3,0,Z3,0.0000000000,2026-08-24 12:00:00+08:00,12078.0000000000,6c3895868c0dbb5557f03a861d1a9435422f1eedc5f2c7c476547d63772efda0,1,0.7900000000,2026-09-02 16:00:00+08:00,756.0000000000,1,4.1666666667,2026-09-02T18:00:00+08:00
2026-09-03,S10,K06,3,0,Z3,0.0000000000,2026-08-24 12:00:00+08:00,12079.0000000000,3f740e7cd7bc8464372ab26677bb1c1de08dc6bb69203e8e991de773dadd5be6,1,0.7900000000,2026-09-02 16:00:00+08:00,756.0000000000,1,4.1666666667,2026-09-02T18:00:00+08:00
2026-09-03,S10,K07,3,0,Z3,0.0000000000,2026-08-24 12:00:00+08:00,12080.0000000000,99c8bfa7fbbcd9bfe8477d29f7e2849dad9a70ba9fc8d2ba42e01195ee6a3a9c,1,0.7900000000,2026-09-02 16:00:00+08:00,756.0000000000,1,4.1666666667,2026-09-02T18:00:00+08:00
2026-09-03,S10,K08,3,0,Z3,0.0000000000,2026-08-24 12:00:00+08:00,12081.0000000000,84b3337d29f0722a8810f6e52e2fd531f2cddc3c67e34ef7448b99192340ba22,1,0.7900000000,2026-09-02 16:00:00+08:00,756.0000000000,1,4.1666666667,2026-09-02T18:00:00+08:00
2026-09-03,S11,K01,3,0,Z3,0.0000000000,2026-08-24 12:00:00+08:00,12082.0000000000,ea1b4393c3335359e18a24ea736c37c0de32a8f48b5d919202507539e0363524,1,0.7900000000,2026-09-02 16:00:00+08:00,756.0000000000,1,4.1666666667,2026-09-02T18:00:00+08:00
2026-09-03,S11,K02,3,0,Z3,0.1500000000,2026-08-24 12:00:00+08:00,12083.0000000000,c08d08148fb3066acc97015432e64ce8b2e20c3d7297a190add699718a7ba082,1,0.7900000000,2026-09-02 16:00:00+08:00,756.0000000000,1,4.1666666667,2026-09-02T18:00:00+08:00
2026-09-03,S11,K03,3,0,Z3,0.1500000000,2026-08-24 12:00:00+08:00,12084.0000000000,7f1960082f45a2bc5dff710aef2e7cd83b147d78a033e4edda0f2f37d3df84e4,1,0.7900000000,2026-09-02 16:00:00+08:00,756.0000000000,1,4.1666666667,2026-09-02T18:00:00+08:00
2026-09-03,S11,K04,3,0,Z3,0.0000000000,2026-08-24 12:00:00+08:00,12085.0000000000,2a67a41d3621f8be1e429ac60912c9475c42ae483297b7c19cddcd4f4263ec24,1,0.7900000000,2026-09-02 16:00:00+08:00,756.0000000000,1,4.1666666667,2026-09-02T18:00:00+08:00
2026-09-03,S11,K05,3,0,Z3,0.0000000000,2026-08-24 12:00:00+08:00,12086.0000000000,62a714ae89ac3a6c67716959cadb348a167b585eb68e337f45e1fe851ee0eddd,1,0.7900000000,2026-09-02 16:00:00+08:00,756.0000000000,1,4.1666666667,2026-09-02T18:00:00+08:00
2026-09-03,S11,K06,3,0,Z3,0.0000000000,2026-08-24 12:00:00+08:00,12087.0000000000,433dba950ab8bcc5957bab4cb0aad5b1eaeb3dd0bbf9824acb375fb4b52c9ded,1,0.7900000000,2026-09-02 16:00:00+08:00,756.0000000000,1,4.1666666667,2026-09-02T18:00:00+08:00
2026-09-03,S11,K07,3,0,Z3,0.0000000000,2026-08-24 12:00:00+08:00,12088.0000000000,f63d95bba06d08e154782e2665694f022b7a6f60b143829b8d01580eca351305,1,0.7900000000,2026-09-02 16:00:00+08:00,756.0000000000,1,4.1666666667,2026-09-02T18:00:00+08:00
2026-09-03,S11,K08,3,0,Z3,0.0000000000,2026-08-24 12:00:00+08:00,12089.0000000000,b18209056cb0d8cb4acb92d0ac41d8c2c5325b7cefbd23b1e9fb519df5243890,1,0.7900000000,2026-09-02 16:00:00+08:00,756.0000000000,1,4.1666666667,2026-09-02T18:00:00+08:00
2026-09-03,S12,K01,3,0,Z3,0.1500000000,2026-08-24 12:00:00+08:00,12090.0000000000,5d876d2d7466b7b898d54f5602c57e9a39cdceb9d9bd3f165bf925e17c140761,1,0.7900000000,2026-09-02 16:00:00+08:00,756.0000000000,1,4.1666666667,2026-09-02T18:00:00+08:00
2026-09-03,S12,K02,3,0,Z3,0.0000000000,2026-08-24 12:00:00+08:00,12091.0000000000,1d05b21a2597b042fd485e9b8e9e7255b93de63be7bcb5b007e4de811ba14b58,1,0.7900000000,2026-09-02 16:00:00+08:00,756.0000000000,1,4.1666666667,2026-09-02T18:00:00+08:00
2026-09-03,S12,K03,3,0,Z3,0.0000000000,2026-08-24 12:00:00+08:00,12092.0000000000,fb44b6e507380817ac61da2e6c80c7d993358b0c48e89572bad048c1b73ed656,1,0.7900000000,2026-09-02 16:00:00+08:00,756.0000000000,1,4.1666666667,2026-09-02T18:00:00+08:00
2026-09-03,S12,K04,3,0,Z3,0.0000000000,2026-08-24 12:00:00+08:00,12093.0000000000,33e39c1bb6a3bbb8ec18cb62726ed3992da6c9db463829d1daf6449111614fa5,1,0.7900000000,2026-09-02 16:00:00+08:00,756.0000000000,1,4.1666666667,2026-09-02T18:00:00+08:00
2026-09-03,S12,K05,3,0,Z3,0.0000000000,2026-08-24 12:00:00+08:00,12094.0000000000,c0d16160c748868cffa32fa79ef14a2656d6d1114576e4a68d08a6930fe7882d,1,0.7900000000,2026-09-02 16:00:00+08:00,756.0000000000,1,4.1666666667,2026-09-02T18:00:00+08:00
2026-09-03,S12,K06,3,0,Z3,0.0000000000,2026-08-24 12:00:00+08:00,12095.0000000000,2ea7875c3bb55b5db446ff0213908919ecd3de30b03be38836cce4401061ca65,1,0.7900000000,2026-09-02 16:00:00+08:00,756.0000000000,1,4.1666666667,2026-09-02T18:00:00+08:00
2026-09-03,S12,K07,3,0,Z3,0.0000000000,2026-08-24 12:00:00+08:00,12096.0000000000,0f316f10e95f23c2922eb4b3cb614882e75706b868167824ecfcfe7514b51a8d,1,0.7900000000,2026-09-02 16:00:00+08:00,756.0000000000,1,4.1666666667,2026-09-02T18:00:00+08:00
2026-09-03,S12,K08,3,0,Z3,0.0000000000,2026-08-24 12:00:00+08:00,12097.0000000000,ddaf63b228fb43bb4a4efe29d739d56bc7ff6f97094dae6526f856893d6e29d2,1,0.7900000000,2026-09-02 16:00:00+08:00,756.0000000000,1,4.1666666667,2026-09-02T18:00:00+08:00
2026-09-04,S01,K01,4,0,Z1,0.0000000000,2026-08-25 12:00:00+08:00,12098.0000000000,4f21b3d4b9d797453f456c3d38b42afc3d218bbc51e113723aa1353e4ac5efb7,1,,,,0,4.2000000000,2026-09-02T18:00:00+08:00
2026-09-04,S01,K02,4,0,Z1,0.0000000000,2026-08-25 12:00:00+08:00,12099.0000000000,28ae967e48d9b6e836566b6fdba7dfbc339d3544bb6393eb7f8fc1f5baabb50b,1,,,,0,4.2000000000,2026-09-02T18:00:00+08:00
2026-09-04,S01,K03,4,0,Z1,0.0000000000,2026-08-25 12:00:00+08:00,12100.0000000000,cf51f637ab780a6d1f265eecb3ac1f6adc201a83a0db68e6f8f9a6feb22d5139,1,,,,0,4.2000000000,2026-09-02T18:00:00+08:00
2026-09-04,S01,K04,4,0,Z1,0.0000000000,2026-08-25 12:00:00+08:00,12101.0000000000,4feaedee8d2b5ede99c1efd5356478e23dd11064cbac018169ebfd4ffbcfc561,1,,,,0,4.2000000000,2026-09-02T18:00:00+08:00
2026-09-04,S01,K05,4,0,Z1,0.1500000000,2026-08-25 12:00:00+08:00,12102.0000000000,4f9da8a21b228a33a68ec58ee3cdd875a2f5e1f858be98048f8988975e86b8c8,1,,,,0,4.2000000000,2026-09-02T18:00:00+08:00
2026-09-04,S01,K06,4,0,Z1,0.1500000000,2026-08-25 12:00:00+08:00,12103.0000000000,1b25e9e35686425fff2513547e8167053b0d6a1eb4fc9c8dcf1c35ad37d77922,1,,,,0,4.2000000000,2026-09-02T18:00:00+08:00
2026-09-04,S01,K07,4,0,Z1,0.0000000000,2026-08-25 12:00:00+08:00,12104.0000000000,f69d3402c8fa73864edf8e2b2a2965ebc57aedadf83690678843768764b2d133,1,,,,0,4.2000000000,2026-09-02T18:00:00+08:00
2026-09-04,S01,K08,4,0,Z1,0.0000000000,2026-08-25 12:00:00+08:00,12105.0000000000,d968824e2a64ce500a31476ebe8bbab895c45fac37d2c22a0c5e48d1319f3552,1,,,,0,4.2000000000,2026-09-02T18:00:00+08:00
2026-09-04,S02,K01,4,0,Z1,0.0000000000,2026-08-25 12:00:00+08:00,12106.0000000000,08ee68413a94b2902bbaa85892f8e7f41f132f28eedde840bc99ae151fe22f9c,1,,,,0,4.2000000000,2026-09-02T18:00:00+08:00
2026-09-04,S02,K02,4,0,Z1,0.0000000000,2026-08-25 12:00:00+08:00,12107.0000000000,aaf728da749a21d7204682d5f9ccea50783b97890efcafa80714837625062649,1,,,,0,4.2000000000,2026-09-02T18:00:00+08:00
2026-09-04,S02,K03,4,0,Z1,0.1500000000,2026-08-25 12:00:00+08:00,12108.0000000000,8d52600abb05c64e2bc7be037dae56d81178f68aafe7100bdb58b2d7db32ad9b,1,,,,0,4.2000000000,2026-09-02T18:00:00+08:00
2026-09-04,S02,K04,4,0,Z1,0.1500000000,2026-08-25 12:00:00+08:00,12109.0000000000,eb78e0c1414dcce5aef6fe0977ed197a1241211b2e61f4ca9179a7722016ab8b,1,,,,0,4.2000000000,2026-09-02T18:00:00+08:00
2026-09-04,S02,K05,4,0,Z1,0.0000000000,2026-08-25 12:00:00+08:00,12110.0000000000,028a3d2491ce4ea1549fa858b5b79364b1dac53761435280ce6dfa7bcaee43b2,1,,,,0,4.2000000000,2026-09-02T18:00:00+08:00
2026-09-04,S02,K06,4,0,Z1,0.0000000000,2026-08-25 12:00:00+08:00,12111.0000000000,fad81815ac3599fa527189317d73ec0e84898b3f1a1645fe81f8d5901883f2a3,1,,,,0,4.2000000000,2026-09-02T18:00:00+08:00
2026-09-04,S02,K07,4,0,Z1,0.0000000000,2026-08-25 12:00:00+08:00,12112.0000000000,ca4be6f82bdd2c2fac7158364d1a6827dee3746b269c0ba56d884a6bf6be3133,1,,,,0,4.2000000000,2026-09-02T18:00:00+08:00
2026-09-04,S02,K08,4,0,Z1,0.0000000000,2026-08-25 12:00:00+08:00,12113.0000000000,2b20fb12fc0fef023f8bfb7d4069ccc7bae5023d70e9fbd61be00df58203b053,1,,,,0,4.2000000000,2026-09-02T18:00:00+08:00
2026-09-04,S03,K01,4,0,Z1,0.0000000000,2026-08-25 12:00:00+08:00,12114.0000000000,1c3f0f54063ce1a0cbec64b3aa032f84348793919c61dbde1d5cd633dfc90c9d,1,,,,0,4.2000000000,2026-09-02T18:00:00+08:00
2026-09-04,S03,K02,4,0,Z1,0.1500000000,2026-08-25 12:00:00+08:00,12115.0000000000,b3520ff2ecbae4abf35c4484b4101ce4ea5b69f501deb343a385c1a218bc762a,1,,,,0,4.2000000000,2026-09-02T18:00:00+08:00
2026-09-04,S03,K03,4,0,Z1,0.1500000000,2026-08-25 12:00:00+08:00,12116.0000000000,ac7ff9b1c7af33945a316c437349d9b4e41b72a21a450bd89b33abe7d01fd8a2,1,,,,0,4.2000000000,2026-09-02T18:00:00+08:00
2026-09-04,S03,K04,4,0,Z1,0.0000000000,2026-08-25 12:00:00+08:00,12117.0000000000,3c9eb1f97b43625da9c0be511dc41439bd44e3d884ade261247ccac7e2a70700,1,,,,0,4.2000000000,2026-09-02T18:00:00+08:00
2026-09-04,S03,K05,4,0,Z1,0.0000000000,2026-08-25 12:00:00+08:00,12118.0000000000,2ef19e13ce6f50e94b8cd23e7ed84958c10297d14714c0e7a30426de9f8e0290,1,,,,0,4.2000000000,2026-09-02T18:00:00+08:00
2026-09-04,S03,K06,4,0,Z1,0.0000000000,2026-08-25 12:00:00+08:00,12119.0000000000,cff41447e2ef71454cc137af92d6e485db4a810857ff9b3109debd1156284f5c,1,,,,0,4.2000000000,2026-09-02T18:00:00+08:00
2026-09-04,S03,K07,4,0,Z1,0.0000000000,2026-08-25 12:00:00+08:00,12120.0000000000,28166cb57ee924ccb1b31d9f3acd4997651b40131a1cc07406aeee0a18310c3a,1,,,,0,4.2000000000,2026-09-02T18:00:00+08:00
2026-09-04,S03,K08,4,0,Z1,0.0000000000,2026-08-25 12:00:00+08:00,12121.0000000000,a9f3e210d54d03a7c0b0bf22daaf234db9139b4b1a55dfeefe8681f6a21ca977,1,,,,0,4.2000000000,2026-09-02T18:00:00+08:00
2026-09-04,S04,K01,4,0,Z1,0.1500000000,2026-08-25 12:00:00+08:00,12122.0000000000,45effa3e103197dd2f3a514ee67fc941f76ecb6b12a8be7e00c18c9d1482aa2f,1,,,,0,4.2000000000,2026-09-02T18:00:00+08:00
2026-09-04,S04,K02,4,0,Z1,0.0000000000,2026-08-25 12:00:00+08:00,12123.0000000000,551ef2a1f8514077e6f17f3cbde14deb42f7c718e90991341c95ea1c98e6f5a3,1,,,,0,4.2000000000,2026-09-02T18:00:00+08:00
2026-09-04,S04,K03,4,0,Z1,0.0000000000,2026-08-25 12:00:00+08:00,12124.0000000000,aa113cb0021c002838417e56526a2323f8d3da7bc2e9646e012b6d5c98018471,1,,,,0,4.2000000000,2026-09-02T18:00:00+08:00
2026-09-04,S04,K04,4,0,Z1,0.0000000000,2026-08-25 12:00:00+08:00,12125.0000000000,b2117bd108dff826cdbdda44c484465a72861f860c31cd3a401c0696eabe0a97,1,,,,0,4.2000000000,2026-09-02T18:00:00+08:00
2026-09-04,S04,K05,4,0,Z1,0.0000000000,2026-08-25 12:00:00+08:00,12126.0000000000,ade4b79dd7eab8baf873f088f4015851c75b01815d898dc9aaa2166a94f49ca2,1,,,,0,4.2000000000,2026-09-02T18:00:00+08:00
2026-09-04,S04,K06,4,0,Z1,0.0000000000,2026-08-25 12:00:00+08:00,12127.0000000000,0e088fb38a786eae45c34602df39978f812da937305d720e186906b5ff5f5170,1,,,,0,4.2000000000,2026-09-02T18:00:00+08:00
2026-09-04,S04,K07,4,0,Z1,0.0000000000,2026-08-25 12:00:00+08:00,12128.0000000000,66a1096d0e5469645be6eaf281d67232a4776a544dc277f40c6754ca5b42780d,1,,,,0,4.2000000000,2026-09-02T18:00:00+08:00
2026-09-04,S04,K08,4,0,Z1,0.0000000000,2026-08-25 12:00:00+08:00,12129.0000000000,ac24ed5f025f3101a335de5d6aa17d69bd080ab0c8436fb85bbbff217b013414,1,,,,0,4.2000000000,2026-09-02T18:00:00+08:00
2026-09-04,S05,K01,4,0,Z2,0.0000000000,2026-08-25 12:00:00+08:00,12130.0000000000,23f11fbc94babc391bae77aded52dd10f4a013c5d2a65a3ea892a42a3a35694b,1,,,,0,4.2000000000,2026-09-02T18:00:00+08:00
2026-09-04,S05,K02,4,0,Z2,0.0000000000,2026-08-25 12:00:00+08:00,12131.0000000000,048b255e6f1d30e91d3fab754c193023e2099538ed6cd61c904b4700190006d6,1,,,,0,4.2000000000,2026-09-02T18:00:00+08:00
2026-09-04,S05,K03,4,0,Z2,0.0000000000,2026-08-25 12:00:00+08:00,12132.0000000000,6a034f6c81bb50f70b2abed2e45c5f70bc29c44962cd1e1a243f3a880e54f07b,1,,,,0,4.2000000000,2026-09-02T18:00:00+08:00
2026-09-04,S05,K04,4,0,Z2,0.0000000000,2026-08-25 12:00:00+08:00,12133.0000000000,70841c156041bdf10d95e394cb843c71af13181aa75edbe69a063f3faacf3770,1,,,,0,4.2000000000,2026-09-02T18:00:00+08:00
2026-09-04,S05,K05,4,0,Z2,0.0000000000,2026-08-25 12:00:00+08:00,12134.0000000000,c29ebabad1be23e2c042a9b94786b74d2f87d2af45da348d2df941e481f30231,1,,,,0,4.2000000000,2026-09-02T18:00:00+08:00
2026-09-04,S05,K06,4,0,Z2,0.0000000000,2026-08-25 12:00:00+08:00,12135.0000000000,8b9b60c09cd03c4af49c342451001e49463648fb16e5dd7ae34f1915f89d9733,1,,,,0,4.2000000000,2026-09-02T18:00:00+08:00
2026-09-04,S05,K07,4,0,Z2,0.0000000000,2026-08-25 12:00:00+08:00,12136.0000000000,454e32514c0fe9795965d005d3dd996d31468b7010ffac24974c74c2093085ed,1,,,,0,4.2000000000,2026-09-02T18:00:00+08:00
2026-09-04,S05,K08,4,0,Z2,0.0000000000,2026-08-25 12:00:00+08:00,12137.0000000000,71c90229eaf797d40b50a6a55e087ff4c6812fc9b91cdcd91d60c15f20756fcf,1,,,,0,4.2000000000,2026-09-02T18:00:00+08:00
2026-09-04,S06,K01,4,0,Z2,0.0000000000,2026-08-25 12:00:00+08:00,12138.0000000000,4f3225486193dc9e89c32432afb663dd48166d96e72629d30b8d9101ca561c49,1,,,,0,4.2000000000,2026-09-02T18:00:00+08:00
2026-09-04,S06,K02,4,0,Z2,0.0000000000,2026-08-25 12:00:00+08:00,12139.0000000000,324292bd380358512fcb3f1d6bfa8f6ccd38da84d0170ab0b1383e10da6d4b55,1,,,,0,4.2000000000,2026-09-02T18:00:00+08:00
2026-09-04,S06,K03,4,0,Z2,0.0000000000,2026-08-25 12:00:00+08:00,12140.0000000000,993cf3fb01427f8c43b988526ba8205f42d6a0fbc16163c57f5f958a172b7898,1,,,,0,4.2000000000,2026-09-02T18:00:00+08:00
2026-09-04,S06,K04,4,0,Z2,0.0000000000,2026-08-25 12:00:00+08:00,12141.0000000000,1434659c88d965e9da24275abff7ac9143696bfea443e53d7c04ca76b6913408,1,,,,0,4.2000000000,2026-09-02T18:00:00+08:00
2026-09-04,S06,K05,4,0,Z2,0.0000000000,2026-08-25 12:00:00+08:00,12142.0000000000,e60f6b9c36a56112bdf69da70c3582e3362dea85fd4ae37275c8cf7c543c1080,1,,,,0,4.2000000000,2026-09-02T18:00:00+08:00
2026-09-04,S06,K06,4,0,Z2,0.0000000000,2026-08-25 12:00:00+08:00,12143.0000000000,d8674430e6a605cea586717b82362eeac7dd081a9ee6fcee34304d8ca7c13f64,1,,,,0,4.2000000000,2026-09-02T18:00:00+08:00
2026-09-04,S06,K07,4,0,Z2,0.0000000000,2026-08-25 12:00:00+08:00,12144.0000000000,f2d3196c415da45b8236fe660a90f2eea3d3ea6eb7761bf02fdf6f0264372549,1,,,,0,4.2000000000,2026-09-02T18:00:00+08:00
2026-09-04,S06,K08,4,0,Z2,0.0000000000,2026-08-25 12:00:00+08:00,12145.0000000000,6bd2884ff2f12949e6e0f40a2702e8bcf70769be4a9ddd5469376aca216cd66f,1,,,,0,4.2000000000,2026-09-02T18:00:00+08:00
2026-09-04,S07,K01,4,0,Z2,0.0000000000,2026-08-25 12:00:00+08:00,12146.0000000000,3cb61c660cf00defac913ffacd7a2e9282171698aece77b3ce16e438bdacc38e,1,,,,0,4.2000000000,2026-09-02T18:00:00+08:00
2026-09-04,S07,K02,4,0,Z2,0.0000000000,2026-08-25 12:00:00+08:00,12147.0000000000,7952016df5603ab674da2b1c70cd9289d584d9d17663c97d9a21a6fbda4e19a5,1,,,,0,4.2000000000,2026-09-02T18:00:00+08:00
2026-09-04,S07,K03,4,0,Z2,0.0000000000,2026-08-25 12:00:00+08:00,12148.0000000000,e5c8dbe63b3ccbba91f30ade4e205ed0670af9cc2b0de657d65823f25b80c034,1,,,,0,4.2000000000,2026-09-02T18:00:00+08:00
2026-09-04,S07,K04,4,0,Z2,0.0000000000,2026-08-25 12:00:00+08:00,12149.0000000000,fb9e110a3f4f610fec2b5155b522a1584287a17db83712752df8f6fe183a7299,1,,,,0,4.2000000000,2026-09-02T18:00:00+08:00
2026-09-04,S07,K05,4,0,Z2,0.0000000000,2026-08-25 12:00:00+08:00,12150.0000000000,b99681018d33a23ff9130a2f8d25832b68052dfe4873b1cfc734e7e852602d72,1,,,,0,4.2000000000,2026-09-02T18:00:00+08:00
2026-09-04,S07,K06,4,0,Z2,0.0000000000,2026-08-25 12:00:00+08:00,12151.0000000000,01e049e400e4c454d56743c0d6ac4b1bef63c9b6c494e6302e8d786b3b136046,1,,,,0,4.2000000000,2026-09-02T18:00:00+08:00
2026-09-04,S07,K07,4,0,Z2,0.1500000000,2026-08-25 12:00:00+08:00,12152.0000000000,5339538307abb29ec93a34f4646c67fa39bfa2554ea06a8a7ee23765710fde15,1,,,,0,4.2000000000,2026-09-02T18:00:00+08:00
2026-09-04,S07,K08,4,0,Z2,0.1500000000,2026-08-25 12:00:00+08:00,12153.0000000000,f2bc21101d5e6ba5904fbdc1bbf83e0ea6e1955a5adc8d776f13272e1e4c462f,1,,,,0,4.2000000000,2026-09-02T18:00:00+08:00
2026-09-04,S08,K01,4,0,Z2,0.0000000000,2026-08-25 12:00:00+08:00,12154.0000000000,9bc44e18fb7a49c70694a3a6a771456f7dc15132629e1b345886a27164c10735,1,,,,0,4.2000000000,2026-09-02T18:00:00+08:00
2026-09-04,S08,K02,4,0,Z2,0.0000000000,2026-08-25 12:00:00+08:00,12155.0000000000,fc2c59f316dc6e6529f693afa98abae5cffa4adaa0534db5a462f57192738499,1,,,,0,4.2000000000,2026-09-02T18:00:00+08:00
2026-09-04,S08,K03,4,0,Z2,0.0000000000,2026-08-25 12:00:00+08:00,12156.0000000000,2cdeab7ca24a58266b1dac631ada09bf336821dd0ed3cba2173ddc0f4ac9aaf6,1,,,,0,4.2000000000,2026-09-02T18:00:00+08:00
2026-09-04,S08,K04,4,0,Z2,0.0000000000,2026-08-25 12:00:00+08:00,12157.0000000000,fc8fcbc51172fb16d2d989e0bf1f3a6beb74d38dc28a97ed82d33ad3bfd0dac2,1,,,,0,4.2000000000,2026-09-02T18:00:00+08:00
2026-09-04,S08,K05,4,0,Z2,0.0000000000,2026-08-25 12:00:00+08:00,12158.0000000000,4ad774f624a4093a42a5e000afa08ca9ab70f4e767bc721e460a12ebc8125e64,1,,,,0,4.2000000000,2026-09-02T18:00:00+08:00
2026-09-04,S08,K06,4,0,Z2,0.1500000000,2026-08-25 12:00:00+08:00,12159.0000000000,d06b6c5925ca02ccd9a32baf17b1eabaf42e0ec6c47322cc9b074a7b3bce2cda,1,,,,0,4.2000000000,2026-09-02T18:00:00+08:00
2026-09-04,S08,K07,4,0,Z2,0.1500000000,2026-08-25 12:00:00+08:00,12160.0000000000,44aabf0d83a756eb03f2c4754a7b1cc6af0253823984fd344154ef5efbfefe21,1,,,,0,4.2000000000,2026-09-02T18:00:00+08:00
2026-09-04,S08,K08,4,0,Z2,0.0000000000,2026-08-25 12:00:00+08:00,12161.0000000000,dfb7e2e9d1b249621b3453a49aaf4f7c1bce288299b4dc12cdfbd1e97c23bf8e,1,,,,0,4.2000000000,2026-09-02T18:00:00+08:00
2026-09-04,S09,K01,4,0,Z3,0.0000000000,2026-08-25 12:00:00+08:00,12162.0000000000,1944bd64a8571b1cb2d52501b484e7da9ba0c23dc54c4c4ff2d3d6a54db290d2,1,,,,0,4.2000000000,2026-09-02T18:00:00+08:00
2026-09-04,S09,K02,4,0,Z3,0.0000000000,2026-08-25 12:00:00+08:00,12163.0000000000,de81210bc33820c21695bf11435ed83ffd834bdfa4dedbd53551e9e868069ee4,1,,,,0,4.2000000000,2026-09-02T18:00:00+08:00
2026-09-04,S09,K03,4,0,Z3,0.0000000000,2026-08-25 12:00:00+08:00,12164.0000000000,c81da8c34d717a65b718f1f6ee66498395ec3369c0f4adbbc0f780cf7507c780,1,,,,0,4.2000000000,2026-09-02T18:00:00+08:00
2026-09-04,S09,K04,4,0,Z3,0.1500000000,2026-08-25 12:00:00+08:00,12165.0000000000,5828158796eb8ce814716dcd40f9756ea4c4f6777ef742b032ce0992cff2b0f1,1,,,,0,4.2000000000,2026-09-02T18:00:00+08:00
2026-09-04,S09,K05,4,0,Z3,0.1500000000,2026-08-25 12:00:00+08:00,12166.0000000000,1dd00c8663553bee6ca7fa65f12da90fbc01df41b83b401f0081977132679e17,1,,,,0,4.2000000000,2026-09-02T18:00:00+08:00
2026-09-04,S09,K06,4,0,Z3,0.0000000000,2026-08-25 12:00:00+08:00,12167.0000000000,a194ae965d91d07b7b6ecfe989a45f840b715f846c6ed38292a0b60f08a40039,1,,,,0,4.2000000000,2026-09-02T18:00:00+08:00
2026-09-04,S09,K07,4,0,Z3,0.0000000000,2026-08-25 12:00:00+08:00,12168.0000000000,ff1d64e7c07b076ada03a82643d79503a71abe0af6b1ba9e35279a65894cd7a8,1,,,,0,4.2000000000,2026-09-02T18:00:00+08:00
2026-09-04,S09,K08,4,0,Z3,0.0000000000,2026-08-25 12:00:00+08:00,12169.0000000000,5b0c7eac986af3ce7681db5f38ce21b91dd904959cea9279c1335e4a122b57eb,1,,,,0,4.2000000000,2026-09-02T18:00:00+08:00
2026-09-04,S10,K01,4,0,Z3,0.0000000000,2026-08-25 12:00:00+08:00,12170.0000000000,5b18e11a58245e235de6c73884e1fc2cc89a04877758662ac9bc3e5edfa7122d,1,,,,0,4.2000000000,2026-09-02T18:00:00+08:00
2026-09-04,S10,K02,4,0,Z3,0.0000000000,2026-08-25 12:00:00+08:00,12171.0000000000,b03fa35afded7a102d51664c20af449e20742fd2b4ab89fbc9231b237e495b2c,1,,,,0,4.2000000000,2026-09-02T18:00:00+08:00
2026-09-04,S10,K03,4,0,Z3,0.1500000000,2026-08-25 12:00:00+08:00,12172.0000000000,815356c0b863da38d456ca26d0c01a20134536cf1f01a9997b053c5e197e12a5,1,,,,0,4.2000000000,2026-09-02T18:00:00+08:00
2026-09-04,S10,K04,4,0,Z3,0.1500000000,2026-08-25 12:00:00+08:00,12173.0000000000,21794cfcae7d463574c51c8a498710d2714ca21c238815be7b562c5ee1dd6c04,1,,,,0,4.2000000000,2026-09-02T18:00:00+08:00
2026-09-04,S10,K05,4,0,Z3,0.0000000000,2026-08-25 12:00:00+08:00,12174.0000000000,d440674e35f9a06243da037797ea148467504c40ec16cd92f213289dde4fc02e,1,,,,0,4.2000000000,2026-09-02T18:00:00+08:00
2026-09-04,S10,K06,4,0,Z3,0.0000000000,2026-08-25 12:00:00+08:00,12175.0000000000,65f7ffee81f17fc573acdfcf8a77428010afb618bff4f41b864322c2ba91de38,1,,,,0,4.2000000000,2026-09-02T18:00:00+08:00
2026-09-04,S10,K07,4,0,Z3,0.0000000000,2026-08-25 12:00:00+08:00,12176.0000000000,572f144e0c457c1b44d06f001a5e5fd68baa0f94d668055e2c71605c2e6955df,1,,,,0,4.2000000000,2026-09-02T18:00:00+08:00
2026-09-04,S10,K08,4,0,Z3,0.0000000000,2026-08-25 12:00:00+08:00,12177.0000000000,63706c6a8247401b765b7a3367136677473eb0a6b59ef4273806586606d2bff6,1,,,,0,4.2000000000,2026-09-02T18:00:00+08:00
2026-09-04,S11,K01,4,0,Z3,0.1500000000,2026-08-25 12:00:00+08:00,12178.0000000000,6991e0b64798830d70907c3772680edfd0ea9fe291609b766630da7ecb808a89,1,,,,0,4.2000000000,2026-09-02T18:00:00+08:00
2026-09-04,S11,K02,4,0,Z3,0.1500000000,2026-08-25 12:00:00+08:00,12179.0000000000,3eaa7c9f7885aa37aa2b06f516b0b3b9b14db09648d619cb7d8dd12069c55a07,1,,,,0,4.2000000000,2026-09-02T18:00:00+08:00
2026-09-04,S11,K03,4,0,Z3,0.0000000000,2026-08-25 12:00:00+08:00,12180.0000000000,b6f6bd489c82de74ce32e4128105a55f0d1742a6a2e5e0a3e9f559396d3732df,1,,,,0,4.2000000000,2026-09-02T18:00:00+08:00
2026-09-04,S11,K04,4,0,Z3,0.0000000000,2026-08-25 12:00:00+08:00,12181.0000000000,dfdf5a092edb4196f92b8ed39cd24284c0c55e285c841926d92be5e665179dd3,1,,,,0,4.2000000000,2026-09-02T18:00:00+08:00
2026-09-04,S11,K05,4,0,Z3,0.0000000000,2026-08-25 12:00:00+08:00,12182.0000000000,f209879847bddb1ddc3e2680a269f0dd7870f73dbd7990ec8e9f074b278a69d1,1,,,,0,4.2000000000,2026-09-02T18:00:00+08:00
2026-09-04,S11,K06,4,0,Z3,0.0000000000,2026-08-25 12:00:00+08:00,12183.0000000000,ab3cfa43dfb074890cfcaace23eb09b457fcb50291fe36866fb5562d4041872e,1,,,,0,4.2000000000,2026-09-02T18:00:00+08:00
2026-09-04,S11,K07,4,0,Z3,0.0000000000,2026-08-25 12:00:00+08:00,12184.0000000000,911141f1a4d3f724517e3d85f804f8312e028c18092dbd260f2e2cdec646140b,1,,,,0,4.2000000000,2026-09-02T18:00:00+08:00
2026-09-04,S11,K08,4,0,Z3,0.0000000000,2026-08-25 12:00:00+08:00,12185.0000000000,82d76ab9c162c3cf96be7c2c51c316e57fa3e97b34ddcfa1138a634f61eae9d1,1,,,,0,4.2000000000,2026-09-02T18:00:00+08:00
2026-09-04,S12,K01,4,0,Z3,0.1500000000,2026-08-25 12:00:00+08:00,12186.0000000000,5fc32c884868b5c5506cc9d2dfdbf39b23d114bb9a2365659418b67bf3aea6aa,1,,,,0,4.2000000000,2026-09-02T18:00:00+08:00
2026-09-04,S12,K02,4,0,Z3,0.0000000000,2026-08-25 12:00:00+08:00,12187.0000000000,764cadfb8b4fa8d998b9b611acd18ea1e73cca58ddf044b9e1a0fc5a68e600f1,1,,,,0,4.2000000000,2026-09-02T18:00:00+08:00
2026-09-04,S12,K03,4,0,Z3,0.0000000000,2026-08-25 12:00:00+08:00,12188.0000000000,9d422d19696cdc90e2ea69434a30ed011164968023107b2998822d4e32faded4,1,,,,0,4.2000000000,2026-09-02T18:00:00+08:00
2026-09-04,S12,K04,4,0,Z3,0.0000000000,2026-08-25 12:00:00+08:00,12189.0000000000,b4ccdb9694c735ecc3d75b9355ad0c164d75a780d7dd8cddfd1f834b268c6192,1,,,,0,4.2000000000,2026-09-02T18:00:00+08:00
2026-09-04,S12,K05,4,0,Z3,0.0000000000,2026-08-25 12:00:00+08:00,12190.0000000000,f4c8e48ea06052349cf8c258f42fae467249d7bdd65a6b086ce0da1d5f42c7ac,1,,,,0,4.2000000000,2026-09-02T18:00:00+08:00
2026-09-04,S12,K06,4,0,Z3,0.0000000000,2026-08-25 12:00:00+08:00,12191.0000000000,a38da415662803ede8b531b8a3655cb6f8c39b71f26bc85487cb887cc4344cac,1,,,,0,4.2000000000,2026-09-02T18:00:00+08:00
2026-09-04,S12,K07,4,0,Z3,0.0000000000,2026-08-25 12:00:00+08:00,12192.0000000000,71b388be1ed547ae338242ef4dadf27253b4f0932f1219fe2dbc9b60e96b1079,1,,,,0,4.2000000000,2026-09-02T18:00:00+08:00
2026-09-04,S12,K08,4,0,Z3,0.0000000000,2026-08-25 12:00:00+08:00,12193.0000000000,b4c67b12dce295097b308c9960863179daba84eac09136a7516add524f7ed8ff,1,,,,0,4.2000000000,2026-09-02T18:00:00+08:00
2026-09-05,S01,K01,5,0,Z1,0.0000000000,2026-08-26 12:00:00+08:00,12194.0000000000,415962a09851b0998cdd16baf94f23b02cdfa1e554968b3740af68eb38bd23f8,1,,,,0,4.2333333333,2026-09-02T18:00:00+08:00
2026-09-05,S01,K02,5,0,Z1,0.0000000000,2026-08-26 12:00:00+08:00,12195.0000000000,16d9c2202aaadabb4a604c850fc1b42550f9353320ff1e6495ee0eac66c7c853,1,,,,0,4.2333333333,2026-09-02T18:00:00+08:00
2026-09-05,S01,K03,5,0,Z1,0.0000000000,2026-08-26 12:00:00+08:00,12196.0000000000,bf417787665728ee35aa4de6db2e0bbba442ff04a736f0be7758592d8a23cdb8,1,,,,0,4.2333333333,2026-09-02T18:00:00+08:00
2026-09-05,S01,K04,5,0,Z1,0.1500000000,2026-08-26 12:00:00+08:00,12197.0000000000,1e5912125997dd58c0a5a09d970e718578f9da898db64408a7a03afd46b9dd19,1,,,,0,4.2333333333,2026-09-02T18:00:00+08:00
2026-09-05,S01,K05,5,0,Z1,0.1500000000,2026-08-26 12:00:00+08:00,12198.0000000000,5f3d3caaf7016fdd99e92d46be9247c183f64b1ef08b10304294ea892b372dc6,1,,,,0,4.2333333333,2026-09-02T18:00:00+08:00
2026-09-05,S01,K06,5,0,Z1,0.0000000000,2026-08-26 12:00:00+08:00,12199.0000000000,29726d0d6b2c1e586dffc662f4323636e5878d39eba53aa35adca24dba911d77,1,,,,0,4.2333333333,2026-09-02T18:00:00+08:00
2026-09-05,S01,K07,5,0,Z1,0.0000000000,2026-08-26 12:00:00+08:00,12200.0000000000,4afeb680865b8f1e8be8fd4a74b6166d059794cfc1f32e25ac802fe85ff9ceb4,1,,,,0,4.2333333333,2026-09-02T18:00:00+08:00
2026-09-05,S01,K08,5,0,Z1,0.0000000000,2026-08-26 12:00:00+08:00,12201.0000000000,38f8c76bc8c032ea233c3d33009905066f9bce590c845c53981949528c80c161,1,,,,0,4.2333333333,2026-09-02T18:00:00+08:00
2026-09-05,S02,K01,5,0,Z1,0.0000000000,2026-08-26 12:00:00+08:00,12202.0000000000,1ebcfa51356fdaea64d3a9c5150d32cc8ba701234c80d474d86a99cafbc7777b,1,,,,0,4.2333333333,2026-09-02T18:00:00+08:00
2026-09-05,S02,K02,5,0,Z1,0.0000000000,2026-08-26 12:00:00+08:00,12203.0000000000,355fe91103f88c6ed3ab592c167826120625178012f43d6b53a55b1b95a7918f,1,,,,0,4.2333333333,2026-09-02T18:00:00+08:00
2026-09-05,S02,K03,5,0,Z1,0.1500000000,2026-08-26 12:00:00+08:00,12204.0000000000,b4c7fe8a19d0226dd18f2f1d6244e62cee27997334a9724ef175c5f46763f0e0,1,,,,0,4.2333333333,2026-09-02T18:00:00+08:00
2026-09-05,S02,K04,5,0,Z1,0.1500000000,2026-08-26 12:00:00+08:00,12205.0000000000,6299106c47902b87ce3cccfb64443802f0d05f9a969d8d4de518e0c9760afb99,1,,,,0,4.2333333333,2026-09-02T18:00:00+08:00
2026-09-05,S02,K05,5,0,Z1,0.0000000000,2026-08-26 12:00:00+08:00,12206.0000000000,c7d4d4134bb4ab974c9a49c073ec57fd4c6a0f09dd67d8bf692ca90fb6b0c266,1,,,,0,4.2333333333,2026-09-02T18:00:00+08:00
2026-09-05,S02,K06,5,0,Z1,0.0000000000,2026-08-26 12:00:00+08:00,12207.0000000000,ee031a1e82fe353eaa7486edd7a8cf0385d943e44237f28601e5dd0ea312902d,1,,,,0,4.2333333333,2026-09-02T18:00:00+08:00
2026-09-05,S02,K07,5,0,Z1,0.0000000000,2026-08-26 12:00:00+08:00,12208.0000000000,eff8b1073b10fc421ed548ca702d47f5df54ef45dc75887c3466b0594a8ccc1f,1,,,,0,4.2333333333,2026-09-02T18:00:00+08:00
2026-09-05,S02,K08,5,0,Z1,0.0000000000,2026-08-26 12:00:00+08:00,12209.0000000000,9da8bf67f218c19b71306db08082bb22f8ad22858e3e739a5c7f43d4385c4ced,1,,,,0,4.2333333333,2026-09-02T18:00:00+08:00
2026-09-05,S03,K01,5,0,Z1,0.1500000000,2026-08-26 12:00:00+08:00,12210.0000000000,7a39c065b17ab2774bb8122a384ca7e2399fa5436dfe52c17d0e9780037dfb61,1,,,,0,4.2333333333,2026-09-02T18:00:00+08:00
2026-09-05,S03,K02,5,0,Z1,0.1500000000,2026-08-26 12:00:00+08:00,12211.0000000000,b6c10ab0e9d5e486402bde96173f2461ad614f7bc53938e3e9b33e99ecc62ea4,1,,,,0,4.2333333333,2026-09-02T18:00:00+08:00
2026-09-05,S03,K03,5,0,Z1,0.0000000000,2026-08-26 12:00:00+08:00,12212.0000000000,98ef8d01518147902e16cf93f86a7e7628b3c99b7413216f45198861360b79b7,1,,,,0,4.2333333333,2026-09-02T18:00:00+08:00
2026-09-05,S03,K04,5,0,Z1,0.0000000000,2026-08-26 12:00:00+08:00,12213.0000000000,6a4b1e929d275096992dc14fffc9569ae20555d395312bc0adf518e76c049b46,1,,,,0,4.2333333333,2026-09-02T18:00:00+08:00
2026-09-05,S03,K05,5,0,Z1,0.0000000000,2026-08-26 12:00:00+08:00,12214.0000000000,ea95fb7ac4a9c2f3947f12da90e8ab0a73db4351a88d869e7005d6d50721c405,1,,,,0,4.2333333333,2026-09-02T18:00:00+08:00
2026-09-05,S03,K06,5,0,Z1,0.0000000000,2026-08-26 12:00:00+08:00,12215.0000000000,46a08fbeff9fddba9a1109ce74bbe70a7b20fe1d3e810788bb344140395c6ea5,1,,,,0,4.2333333333,2026-09-02T18:00:00+08:00
2026-09-05,S03,K07,5,0,Z1,0.0000000000,2026-08-26 12:00:00+08:00,12216.0000000000,a9c68821871f3d3ef94366766dfcd614b2f755fae4d7beab0ec674b5adf045e0,1,,,,0,4.2333333333,2026-09-02T18:00:00+08:00
2026-09-05,S03,K08,5,0,Z1,0.0000000000,2026-08-26 12:00:00+08:00,12217.0000000000,623fff18569d9ca357475e0d3296a06b18123070afc398070c96eaad59ff955e,1,,,,0,4.2333333333,2026-09-02T18:00:00+08:00
2026-09-05,S04,K01,5,0,Z1,0.1500000000,2026-08-26 12:00:00+08:00,12218.0000000000,1c180c978213b18bde404458bea720b92a54b4e9dd371bf7880d2bb3f6cdaf1e,1,,,,0,4.2333333333,2026-09-02T18:00:00+08:00
2026-09-05,S04,K02,5,0,Z1,0.0000000000,2026-08-26 12:00:00+08:00,12219.0000000000,6be7f41e9f9b503ff494a216aeadf2fd88e5c17a6db2c46c435fe4a3c7b4a137,1,,,,0,4.2333333333,2026-09-02T18:00:00+08:00
2026-09-05,S04,K03,5,0,Z1,0.0000000000,2026-08-26 12:00:00+08:00,12220.0000000000,7db4daf69718390832b19a3af496511a08948c2952c9639749bd21dd236a15b6,1,,,,0,4.2333333333,2026-09-02T18:00:00+08:00
2026-09-05,S04,K04,5,0,Z1,0.0000000000,2026-08-26 12:00:00+08:00,12221.0000000000,8aab3d54c22bd296cb865e9c9b5a5428b05695b554a1e9bffd22f017edf0c6b1,1,,,,0,4.2333333333,2026-09-02T18:00:00+08:00
2026-09-05,S04,K05,5,0,Z1,0.0000000000,2026-08-26 12:00:00+08:00,12222.0000000000,f90bfcc52ba615a18dce5c0bf32921c639afb8d271e57555ef8de9d1414113c6,1,,,,0,4.2333333333,2026-09-02T18:00:00+08:00
2026-09-05,S04,K06,5,0,Z1,0.0000000000,2026-08-26 12:00:00+08:00,12223.0000000000,3a406fec4ab26a67b760476e0a2ab8e2b6472e7e3edf45681869c91d0f103bbf,1,,,,0,4.2333333333,2026-09-02T18:00:00+08:00
2026-09-05,S04,K07,5,0,Z1,0.0000000000,2026-08-26 12:00:00+08:00,12224.0000000000,08da9db912988f939eed9115087a4c03c97777291dcecc0d3ff99a6832b1168e,1,,,,0,4.2333333333,2026-09-02T18:00:00+08:00
2026-09-05,S04,K08,5,0,Z1,0.0000000000,2026-08-26 12:00:00+08:00,12225.0000000000,29d4ed1da19b3eedcbb63e945a28e025b4778859894d3ad9af18ec86f68242c8,1,,,,0,4.2333333333,2026-09-02T18:00:00+08:00
2026-09-05,S05,K01,5,0,Z2,0.0000000000,2026-08-26 12:00:00+08:00,12226.0000000000,f18ab1a5749d77dc278eea68013e719bc8378f4a3359175cecd09e2653c6f5e1,1,,,,0,4.2333333333,2026-09-02T18:00:00+08:00
2026-09-05,S05,K02,5,0,Z2,0.0000000000,2026-08-26 12:00:00+08:00,12227.0000000000,7f86035eda44bbdcebbd6ab6f61f58bcfd0a268b6a844eaadc63daecf70a2c1f,1,,,,0,4.2333333333,2026-09-02T18:00:00+08:00
2026-09-05,S05,K03,5,0,Z2,0.0000000000,2026-08-26 12:00:00+08:00,12228.0000000000,008eeff0e46b1c4679acd0595a3f73c46babaca014487341edff52aebea5aa5b,1,,,,0,4.2333333333,2026-09-02T18:00:00+08:00
2026-09-05,S05,K04,5,0,Z2,0.0000000000,2026-08-26 12:00:00+08:00,12229.0000000000,c1284fd9f876578cbe077b264a02944781fc548f372eac7c53d79db271a47d9a,1,,,,0,4.2333333333,2026-09-02T18:00:00+08:00
2026-09-05,S05,K05,5,0,Z2,0.0000000000,2026-08-26 12:00:00+08:00,12230.0000000000,6f86b0b169fe4aeece2c15e385fd24f5f32bae4554f9a2713da2d8a4df50bfcb,1,,,,0,4.2333333333,2026-09-02T18:00:00+08:00
2026-09-05,S05,K06,5,0,Z2,0.0000000000,2026-08-26 12:00:00+08:00,12231.0000000000,f2a1af60d218bf2c8f9613e80525290423ea5998a9f8e65a30bae11f8db93c63,1,,,,0,4.2333333333,2026-09-02T18:00:00+08:00
2026-09-05,S05,K07,5,0,Z2,0.0000000000,2026-08-26 12:00:00+08:00,12232.0000000000,4b38926e9933b2fb0563b53a4a45ca17816bf877d022e62ebf201efaf192601e,1,,,,0,4.2333333333,2026-09-02T18:00:00+08:00
2026-09-05,S05,K08,5,0,Z2,0.0000000000,2026-08-26 12:00:00+08:00,12233.0000000000,28873c7844b12fb2a2325421fe1a3b56e1579135c6b826c615de3e0f08828f4b,1,,,,0,4.2333333333,2026-09-02T18:00:00+08:00
2026-09-05,S06,K01,5,0,Z2,0.0000000000,2026-08-26 12:00:00+08:00,12234.0000000000,0585bbcaa553c38afacdd43233c1a4f57b4639f3d7b9abcb83123fbaeeec4680,1,,,,0,4.2333333333,2026-09-02T18:00:00+08:00
2026-09-05,S06,K02,5,0,Z2,0.0000000000,2026-08-26 12:00:00+08:00,12235.0000000000,5bc1b24995b00fc160b9a0997411a1e17ca059c93f88eb6ccc1d2f0be0c91c32,1,,,,0,4.2333333333,2026-09-02T18:00:00+08:00
2026-09-05,S06,K03,5,0,Z2,0.0000000000,2026-08-26 12:00:00+08:00,12236.0000000000,161ecdcba63c63bbd12016711c23dd99ea8682731fffd21ef69f01d1cdb03baf,1,,,,0,4.2333333333,2026-09-02T18:00:00+08:00
2026-09-05,S06,K04,5,0,Z2,0.0000000000,2026-08-26 12:00:00+08:00,12237.0000000000,9698995e3ff1f7b620562e49c4e45136c9192d980cdeff6d19d8e5fea2faa711,1,,,,0,4.2333333333,2026-09-02T18:00:00+08:00
2026-09-05,S06,K05,5,0,Z2,0.0000000000,2026-08-26 12:00:00+08:00,12238.0000000000,d2b7370af800490fec1684d9295773fe58d007d5e0d4599e021a96137c6cc004,1,,,,0,4.2333333333,2026-09-02T18:00:00+08:00
2026-09-05,S06,K06,5,0,Z2,0.0000000000,2026-08-26 12:00:00+08:00,12239.0000000000,7a712af7f516607ac0a4c20fdea63990c39c65447814dfe437aa64443dcc4c37,1,,,,0,4.2333333333,2026-09-02T18:00:00+08:00
2026-09-05,S06,K07,5,0,Z2,0.0000000000,2026-08-26 12:00:00+08:00,12240.0000000000,36a477f0554a3f9d797b30c28847a82bdc8b6bbafb3d77e022b1727ba85fad18,1,,,,0,4.2333333333,2026-09-02T18:00:00+08:00
2026-09-05,S06,K08,5,0,Z2,0.1500000000,2026-08-26 12:00:00+08:00,12241.0000000000,522e8e9ff88d3e0b763ddb06f87b4cf21b8abe4e2883d03543043d3b5c6179aa,1,,,,0,4.2333333333,2026-09-02T18:00:00+08:00
2026-09-05,S07,K01,5,0,Z2,0.0000000000,2026-08-26 12:00:00+08:00,12242.0000000000,1cfa9310274638959dccf6d17aa9cd752cdbeaec86e6077367491edd5fcec581,1,,,,0,4.2333333333,2026-09-02T18:00:00+08:00
2026-09-05,S07,K02,5,0,Z2,0.0000000000,2026-08-26 12:00:00+08:00,12243.0000000000,e68762da5a95e954344eb54ec66a9de66a8c8603f9484aba1cd87b316466ae3a,1,,,,0,4.2333333333,2026-09-02T18:00:00+08:00
2026-09-05,S07,K03,5,0,Z2,0.0000000000,2026-08-26 12:00:00+08:00,12244.0000000000,2cd32fa1beb5232e1206d2ef66a946bf52faf1fac945e3915dc6d9fe0065833a,1,,,,0,4.2333333333,2026-09-02T18:00:00+08:00
2026-09-05,S07,K04,5,0,Z2,0.0000000000,2026-08-26 12:00:00+08:00,12245.0000000000,1b2f339b9e7873a2bf8a121a00e461087c0d504a804761fde496c4d60d88da57,1,,,,0,4.2333333333,2026-09-02T18:00:00+08:00
2026-09-05,S07,K05,5,0,Z2,0.0000000000,2026-08-26 12:00:00+08:00,12246.0000000000,6872332a6ba636e047f6fb2edccbaab40b8ebbb5a4e998f5d872e8aba3606ca8,1,,,,0,4.2333333333,2026-09-02T18:00:00+08:00
2026-09-05,S07,K06,5,0,Z2,0.0000000000,2026-08-26 12:00:00+08:00,12247.0000000000,106e2e533c86819ba75fd47958854c24a921938ed594b29936f96b2575a27f38,1,,,,0,4.2333333333,2026-09-02T18:00:00+08:00
2026-09-05,S07,K07,5,0,Z2,0.1500000000,2026-08-26 12:00:00+08:00,12248.0000000000,968ef9ae908d0d2648c6e3abd00194b1004f3a30df210703036a3105cdec205c,1,,,,0,4.2333333333,2026-09-02T18:00:00+08:00
2026-09-05,S07,K08,5,0,Z2,0.1500000000,2026-08-26 12:00:00+08:00,12249.0000000000,c1348abe80c2657ebb537de017b4e11d71e646eb9d031d7b6559c7c2b7161e02,1,,,,0,4.2333333333,2026-09-02T18:00:00+08:00
2026-09-05,S08,K01,5,0,Z2,0.0000000000,2026-08-26 12:00:00+08:00,12250.0000000000,81e6d6fabad7392cc93066d1d767d86e791940ec6cd19234eef99f457c388066,1,,,,0,4.2333333333,2026-09-02T18:00:00+08:00
2026-09-05,S08,K02,5,0,Z2,0.0000000000,2026-08-26 12:00:00+08:00,12251.0000000000,761d1513533f49af2bed0aedd48aa16a867ef150d315aca93dcc05abbcbe6db0,1,,,,0,4.2333333333,2026-09-02T18:00:00+08:00
2026-09-05,S08,K03,5,0,Z2,0.0000000000,2026-08-26 12:00:00+08:00,12252.0000000000,70ebe3faa171f1829f7abe4d8fde88b43b87ea7901146734a7df06be0d2ca573,1,,,,0,4.2333333333,2026-09-02T18:00:00+08:00
2026-09-05,S08,K04,5,0,Z2,0.0000000000,2026-08-26 12:00:00+08:00,12253.0000000000,54470daff53cf1a296e301d9f56cf9e4a8c31cab24b86cafd712fae275614358,1,,,,0,4.2333333333,2026-09-02T18:00:00+08:00
2026-09-05,S08,K05,5,0,Z2,0.1500000000,2026-08-26 12:00:00+08:00,12254.0000000000,4276b54f03f988d3051c4bbc1930832ff6fc689181d58bf3f86ff888d4c897ff,1,,,,0,4.2333333333,2026-09-02T18:00:00+08:00
2026-09-05,S08,K06,5,0,Z2,0.1500000000,2026-08-26 12:00:00+08:00,12255.0000000000,e3aafd7078698f196c59e14553bafef81d19c2e2f2ea72c1869fb24a85328a4a,1,,,,0,4.2333333333,2026-09-02T18:00:00+08:00
2026-09-05,S08,K07,5,0,Z2,0.0000000000,2026-08-26 12:00:00+08:00,12256.0000000000,584d4561430c97180c09e293c5150618b8670ec6f7f96ca2a9a5b39d78c777c5,1,,,,0,4.2333333333,2026-09-02T18:00:00+08:00
2026-09-05,S08,K08,5,0,Z2,0.0000000000,2026-08-26 12:00:00+08:00,12257.0000000000,d26baca3680b1a09ccfcd5321c8c3556ffff72e0917af26f1870c594b21bb7b2,1,,,,0,4.2333333333,2026-09-02T18:00:00+08:00
2026-09-05,S09,K01,5,0,Z3,0.0000000000,2026-08-26 12:00:00+08:00,12258.0000000000,bac191766bd98f3e73690f264d97e5bfd0cf8e56054689eb0ce2ac1b0f3dac2e,1,,,,0,4.2333333333,2026-09-02T18:00:00+08:00
2026-09-05,S09,K02,5,0,Z3,0.0000000000,2026-08-26 12:00:00+08:00,12259.0000000000,9fb6d360f38ac0ea6f91b2517ef040a2e6389146c1fb430fdb5e2e8b19a69f0a,1,,,,0,4.2333333333,2026-09-02T18:00:00+08:00
2026-09-05,S09,K03,5,0,Z3,0.0000000000,2026-08-26 12:00:00+08:00,12260.0000000000,75cbfa6f21288a97222da2a571da3ec0723a04f4b749399359e5f83f93d560f0,1,,,,0,4.2333333333,2026-09-02T18:00:00+08:00
2026-09-05,S09,K04,5,0,Z3,0.1500000000,2026-08-26 12:00:00+08:00,12261.0000000000,ee639b0e037ccded5a5761f1b975929ca4c8534af10b06dbace85fa7ffbb9b29,1,,,,0,4.2333333333,2026-09-02T18:00:00+08:00
2026-09-05,S09,K05,5,0,Z3,0.1500000000,2026-08-26 12:00:00+08:00,12262.0000000000,ed752e0218f2a447c6b0704ef54ad136d481d02837d26cd01116f71f71e06ce2,1,,,,0,4.2333333333,2026-09-02T18:00:00+08:00
2026-09-05,S09,K06,5,0,Z3,0.0000000000,2026-08-26 12:00:00+08:00,12263.0000000000,2f84f552681cdcc46a58406d42d353ec8de3043e2cf54798216bbca583c2b997,1,,,,0,4.2333333333,2026-09-02T18:00:00+08:00
2026-09-05,S09,K07,5,0,Z3,0.0000000000,2026-08-26 12:00:00+08:00,12264.0000000000,50ab39c25f55447373905891bb6cdecfbd672c135fa9ad4aa4406913a5bedc10,1,,,,0,4.2333333333,2026-09-02T18:00:00+08:00
2026-09-05,S09,K08,5,0,Z3,0.0000000000,2026-08-26 12:00:00+08:00,12265.0000000000,c75a87c2f91d347b6e688fe89fa9beb23dab855294cdace068ef98699f5e5631,1,,,,0,4.2333333333,2026-09-02T18:00:00+08:00
2026-09-05,S10,K01,5,0,Z3,0.0000000000,2026-08-26 12:00:00+08:00,12266.0000000000,4dd3ec7253bb640d4e74c77814f6fc1c36d23413645c2f5bc9949106ac74495b,1,,,,0,4.2333333333,2026-09-02T18:00:00+08:00
2026-09-05,S10,K02,5,0,Z3,0.1500000000,2026-08-26 12:00:00+08:00,12267.0000000000,673f458289562020ac3500ce0231133e1f1d01a43c568e10751fbd5bc96ba815,1,,,,0,4.2333333333,2026-09-02T18:00:00+08:00
2026-09-05,S10,K03,5,0,Z3,0.1500000000,2026-08-26 12:00:00+08:00,12268.0000000000,bbbf906e60d5347ef27a08cd2f857a5277d0b3cf089741162f11d10a3000d0fa,1,,,,0,4.2333333333,2026-09-02T18:00:00+08:00
2026-09-05,S10,K04,5,0,Z3,0.0000000000,2026-08-26 12:00:00+08:00,12269.0000000000,a05ce0b11d0cbff42715b26742ef0d0376cab345406a1cff4da74fde9fa5279e,1,,,,0,4.2333333333,2026-09-02T18:00:00+08:00
2026-09-05,S10,K05,5,0,Z3,0.0000000000,2026-08-26 12:00:00+08:00,12270.0000000000,aab10f4865740f673c5596311d8f6410e130322e5fcee8f318f10d5a507478b1,1,,,,0,4.2333333333,2026-09-02T18:00:00+08:00
2026-09-05,S10,K06,5,0,Z3,0.0000000000,2026-08-26 12:00:00+08:00,12271.0000000000,732fab8f133f5269fecdbbbb1bfd89c8984b7b8197a2de3d1c07322afb49b5f9,1,,,,0,4.2333333333,2026-09-02T18:00:00+08:00
2026-09-05,S10,K07,5,0,Z3,0.0000000000,2026-08-26 12:00:00+08:00,12272.0000000000,cabcf53a88f4b9269e463dac99b9a663cff6a6434fd91b36b28a1c154dc62726,1,,,,0,4.2333333333,2026-09-02T18:00:00+08:00
2026-09-05,S10,K08,5,0,Z3,0.0000000000,2026-08-26 12:00:00+08:00,12273.0000000000,eb66d27934acdd41dd5f4255cca82f4bafe38576a5093fce74a8779663e9bd8b,1,,,,0,4.2333333333,2026-09-02T18:00:00+08:00
2026-09-05,S11,K01,5,0,Z3,0.1500000000,2026-08-26 12:00:00+08:00,12274.0000000000,d076b7f97dfb11f8376b18ee2118df05df3e05b4769ec65fe30d9d6d99278276,1,,,,0,4.2333333333,2026-09-02T18:00:00+08:00
2026-09-05,S11,K02,5,0,Z3,0.1500000000,2026-08-26 12:00:00+08:00,12275.0000000000,51453d40e6ac783731d6d1098d1f43d2bad951ef0840cd9963d3617a203a1ff4,1,,,,0,4.2333333333,2026-09-02T18:00:00+08:00
2026-09-05,S11,K03,5,0,Z3,0.0000000000,2026-08-26 12:00:00+08:00,12276.0000000000,1131c31b6ae56a31a5ff8c4685451c72000d1c794217ba9f9c316435607550db,1,,,,0,4.2333333333,2026-09-02T18:00:00+08:00
2026-09-05,S11,K04,5,0,Z3,0.0000000000,2026-08-26 12:00:00+08:00,12277.0000000000,d418a47fae40a3110e435dd68e5f9c3bfeee57920b07f7206bb7e570dd2f6a4d,1,,,,0,4.2333333333,2026-09-02T18:00:00+08:00
2026-09-05,S11,K05,5,0,Z3,0.0000000000,2026-08-26 12:00:00+08:00,12278.0000000000,e15b8e8a82429d6cfd10e1bb7edfbcd831d2c6bfd89a4cab6714ea64dc03f8c8,1,,,,0,4.2333333333,2026-09-02T18:00:00+08:00
2026-09-05,S11,K06,5,0,Z3,0.0000000000,2026-08-26 12:00:00+08:00,12279.0000000000,575266d2142bbc85321767dfb39de24523d7df7d41b23dc5337c7a321006f499,1,,,,0,4.2333333333,2026-09-02T18:00:00+08:00
2026-09-05,S11,K07,5,0,Z3,0.0000000000,2026-08-26 12:00:00+08:00,12280.0000000000,7b9ee5fa4032126bd04ed0a518ee5dadd9c0f570e0ead53bb63723e532553011,1,,,,0,4.2333333333,2026-09-02T18:00:00+08:00
2026-09-05,S11,K08,5,0,Z3,0.0000000000,2026-08-26 12:00:00+08:00,12281.0000000000,e16ac770c78887dba30e406d108201c1f869e9c9f1f936a0051056020a182aac,1,,,,0,4.2333333333,2026-09-02T18:00:00+08:00
2026-09-05,S12,K01,5,0,Z3,0.0000000000,2026-08-26 12:00:00+08:00,12282.0000000000,53ad022a070084f4ac381841ce93f44dfb4949e55f8e3d0e1d438603939751fc,1,,,,0,4.2333333333,2026-09-02T18:00:00+08:00
2026-09-05,S12,K02,5,0,Z3,0.0000000000,2026-08-26 12:00:00+08:00,12283.0000000000,4d4cc6a5a1fe3c6384dd02c7ec1cba9602332d244e167e09b7bedc27cf37b6b1,1,,,,0,4.2333333333,2026-09-02T18:00:00+08:00
2026-09-05,S12,K03,5,0,Z3,0.0000000000,2026-08-26 12:00:00+08:00,12284.0000000000,06b2aaf2d1fc0c6b6ef694722d0eb7b5396c204253fd3d874b47ffda2dfbadc1,1,,,,0,4.2333333333,2026-09-02T18:00:00+08:00
2026-09-05,S12,K04,5,0,Z3,0.0000000000,2026-08-26 12:00:00+08:00,12285.0000000000,6444bcfc5057faf515ab097f852071ef1a19835b7d53c147e95c8cdaede9152b,1,,,,0,4.2333333333,2026-09-02T18:00:00+08:00
2026-09-05,S12,K05,5,0,Z3,0.0000000000,2026-08-26 12:00:00+08:00,12286.0000000000,bf34fc18f75cc6d7cb61f86b8c3fd55dbfdd35fc25b33b453440931a90adaf61,1,,,,0,4.2333333333,2026-09-02T18:00:00+08:00
2026-09-05,S12,K06,5,0,Z3,0.0000000000,2026-08-26 12:00:00+08:00,12287.0000000000,5911c26dc4973fece499424b61013bd640b1076cd9b6454592d03ead871833fd,1,,,,0,4.2333333333,2026-09-02T18:00:00+08:00
2026-09-05,S12,K07,5,0,Z3,0.0000000000,2026-08-26 12:00:00+08:00,12288.0000000000,5342d788ddf1a0cc63c796d31d06d4ee422f549b6a6b38c75ef6df19ab5fa865,1,,,,0,4.2333333333,2026-09-02T18:00:00+08:00
2026-09-05,S12,K08,5,0,Z3,0.0000000000,2026-08-26 12:00:00+08:00,12289.0000000000,608b633d8d7d9dece2d5bbbe9d2569fa0695a1360967ed17160e812d6509f0c8,1,,,,0,4.2333333333,2026-09-02T18:00:00+08:00
2026-09-06,S01,K01,6,0,Z1,0.0000000000,2026-08-27 12:00:00+08:00,12290.0000000000,f06ff91166696bb45938283ae974dfffbb96c2e1e3bb75d94099816f9c729ff2,1,,,,0,4.2666666667,2026-09-02T18:00:00+08:00
2026-09-06,S01,K02,6,0,Z1,0.0000000000,2026-08-27 12:00:00+08:00,12291.0000000000,d0da67e6be2cfb1101956fe18117184d208c5e1c526b697881a6cbb5ad39f951,1,,,,0,4.2666666667,2026-09-02T18:00:00+08:00
2026-09-06,S01,K03,6,0,Z1,0.0000000000,2026-08-27 12:00:00+08:00,12292.0000000000,805e99e1708dc89259c2fde16dd33b9bb55c8649094db404f3d8aa1f895f968c,1,,,,0,4.2666666667,2026-09-02T18:00:00+08:00
2026-09-06,S01,K04,6,0,Z1,0.1500000000,2026-08-27 12:00:00+08:00,12293.0000000000,3da63170ad5d88c1b5f212112911af620f65cc62710e983d26d79273c9faff1a,1,,,,0,4.2666666667,2026-09-02T18:00:00+08:00
2026-09-06,S01,K05,6,0,Z1,0.1500000000,2026-08-27 12:00:00+08:00,12294.0000000000,c0cc4b4345c5c282a51f2c530e396478926c45d5c3e45e9deeaad42fcf582c43,1,,,,0,4.2666666667,2026-09-02T18:00:00+08:00
2026-09-06,S01,K06,6,0,Z1,0.0000000000,2026-08-27 12:00:00+08:00,12295.0000000000,63e7fecca095ba66fa6a4a1f3a151c3802dc0e671e58b60dc2cfa195226974eb,1,,,,0,4.2666666667,2026-09-02T18:00:00+08:00
2026-09-06,S01,K07,6,0,Z1,0.0000000000,2026-08-27 12:00:00+08:00,12296.0000000000,f0ac27fba21e5a095ad13c366bd352a935fdb016c45936e6b3cf794de2372941,1,,,,0,4.2666666667,2026-09-02T18:00:00+08:00
2026-09-06,S01,K08,6,0,Z1,0.0000000000,2026-08-27 12:00:00+08:00,12297.0000000000,88bffa886dc4ce614406ea962c02c91b8594e4188a239f82a7ddd125821366db,1,,,,0,4.2666666667,2026-09-02T18:00:00+08:00
2026-09-06,S02,K01,6,0,Z1,0.0000000000,2026-08-27 12:00:00+08:00,12298.0000000000,61c08724e50715f5e10e0e358b1a27a4592af837b1a408749101c404b4cb3ddc,1,,,,0,4.2666666667,2026-09-02T18:00:00+08:00
2026-09-06,S02,K02,6,0,Z1,0.1500000000,2026-08-27 12:00:00+08:00,12299.0000000000,13e46518ce4c79e24a285f5e28af4ec5d3bb9dd01d8f2545e992b9e153d2ca4d,1,,,,0,4.2666666667,2026-09-02T18:00:00+08:00
2026-09-06,S02,K03,6,0,Z1,0.1500000000,2026-08-27 12:00:00+08:00,12300.0000000000,896aa4f7a5c7a449c33d99fb22ef0073ee68fdb01f0b7921ef6438b4cca393b9,1,,,,0,4.2666666667,2026-09-02T18:00:00+08:00
2026-09-06,S02,K04,6,0,Z1,0.0000000000,2026-08-27 12:00:00+08:00,12301.0000000000,590b8151cf390e559153bb7ab09fdeba85019b75c43d2e9a2cb34093e726208d,1,,,,0,4.2666666667,2026-09-02T18:00:00+08:00
2026-09-06,S02,K05,6,0,Z1,0.0000000000,2026-08-27 12:00:00+08:00,12302.0000000000,964f6f3e86bfe2e6eac23a3acc8e486c4d1232af562cb1409824401cb88756e3,1,,,,0,4.2666666667,2026-09-02T18:00:00+08:00
2026-09-06,S02,K06,6,0,Z1,0.0000000000,2026-08-27 12:00:00+08:00,12303.0000000000,c9ccdb15e0002c1047bf5203319997c4b5f3cb2f7bc8e784a581fbe0fcd940bf,1,,,,0,4.2666666667,2026-09-02T18:00:00+08:00
2026-09-06,S02,K07,6,0,Z1,0.0000000000,2026-08-27 12:00:00+08:00,12304.0000000000,cbce74048124f94bdc3aaef0cdf5b5304e265d3d7420c88812f9220456770a9e,1,,,,0,4.2666666667,2026-09-02T18:00:00+08:00
2026-09-06,S02,K08,6,0,Z1,0.0000000000,2026-08-27 12:00:00+08:00,12305.0000000000,6af254447055bfd546d199b640fe17bcef61275e449e36a11c759723cd436be5,1,,,,0,4.2666666667,2026-09-02T18:00:00+08:00
2026-09-06,S03,K01,6,0,Z1,0.1500000000,2026-08-27 12:00:00+08:00,12306.0000000000,89fdb6853f37c8a9ae1c8459258ee0234adae7e6d22838479c9a3f9091d44bd2,1,,,,0,4.2666666667,2026-09-02T18:00:00+08:00
2026-09-06,S03,K02,6,0,Z1,0.1500000000,2026-08-27 12:00:00+08:00,12307.0000000000,c8107cdc38ea5a45d4934a0b3975b2861164cffa2c7f179a9718802501d0526e,1,,,,0,4.2666666667,2026-09-02T18:00:00+08:00
2026-09-06,S03,K03,6,0,Z1,0.0000000000,2026-08-27 12:00:00+08:00,12308.0000000000,c4934a22811687180bb5349a3882c696efcdb9ff51f4face784dc4a216728457,1,,,,0,4.2666666667,2026-09-02T18:00:00+08:00
2026-09-06,S03,K04,6,0,Z1,0.0000000000,2026-08-27 12:00:00+08:00,12309.0000000000,c133e7a4e5d1d5b86f32909992dfe3fed5739bd35a97836f98c4048573e874cc,1,,,,0,4.2666666667,2026-09-02T18:00:00+08:00
2026-09-06,S03,K05,6,0,Z1,0.0000000000,2026-08-27 12:00:00+08:00,12310.0000000000,dd05ec42339059c1f59a99b9e75318085d584f4aea224efecadf9bbdcfdd8cc0,1,,,,0,4.2666666667,2026-09-02T18:00:00+08:00
2026-09-06,S03,K06,6,0,Z1,0.0000000000,2026-08-27 12:00:00+08:00,12311.0000000000,da0e0b2d0a28252cd6279f7991625e9cc205f5fdd01a82fe3c370dbaaec9f30c,1,,,,0,4.2666666667,2026-09-02T18:00:00+08:00
2026-09-06,S03,K07,6,0,Z1,0.0000000000,2026-08-27 12:00:00+08:00,12312.0000000000,fa48c9cc78fbdd121f5c7152131a03ad3b68666fa7b529f8684743e808a2b788,1,,,,0,4.2666666667,2026-09-02T18:00:00+08:00
2026-09-06,S03,K08,6,0,Z1,0.0000000000,2026-08-27 12:00:00+08:00,12313.0000000000,b33a39c6d8daa596dbd438e543bafe8b443992e42766220d243ebb39e244a579,1,,,,0,4.2666666667,2026-09-02T18:00:00+08:00
2026-09-06,S04,K01,6,0,Z1,0.0000000000,2026-08-27 12:00:00+08:00,12314.0000000000,2d4389f197c1e6843021ebda7aa08e466fb5b2793efd38f294fc63358919560d,1,,,,0,4.2666666667,2026-09-02T18:00:00+08:00
2026-09-06,S04,K02,6,0,Z1,0.0000000000,2026-08-27 12:00:00+08:00,12315.0000000000,9bf7fc35ca91b958200c8dac9e0a28ceb020f237a508620da5cb57e7618ed9d2,1,,,,0,4.2666666667,2026-09-02T18:00:00+08:00
2026-09-06,S04,K03,6,0,Z1,0.0000000000,2026-08-27 12:00:00+08:00,12316.0000000000,9a044b8292fc97926921a7ce1fe39cf395fe983b1a2648bf09d1d5c3c0467b36,1,,,,0,4.2666666667,2026-09-02T18:00:00+08:00
2026-09-06,S04,K04,6,0,Z1,0.0000000000,2026-08-27 12:00:00+08:00,12317.0000000000,4816ac4829d2dfc044d74d08384bf24d64ebbba4b10708cf1a7b5f3d68f10a27,1,,,,0,4.2666666667,2026-09-02T18:00:00+08:00
2026-09-06,S04,K05,6,0,Z1,0.0000000000,2026-08-27 12:00:00+08:00,12318.0000000000,a8c36e2b3e3ac0142ca5f64b1d12e6b0d0da26781278d5d24ea19000a05b234c,1,,,,0,4.2666666667,2026-09-02T18:00:00+08:00
2026-09-06,S04,K06,6,0,Z1,0.0000000000,2026-08-27 12:00:00+08:00,12319.0000000000,b9e2c49cc52e173b37fc50b7c4ef88d09a3367481472f0e78da83ec469256eda,1,,,,0,4.2666666667,2026-09-02T18:00:00+08:00
2026-09-06,S04,K07,6,0,Z1,0.0000000000,2026-08-27 12:00:00+08:00,12320.0000000000,14586ffa0b3949c5233d5d080ff9ae40ff8dcf79a4321155ac1541cbf0e86bb9,1,,,,0,4.2666666667,2026-09-02T18:00:00+08:00
2026-09-06,S04,K08,6,0,Z1,0.0000000000,2026-08-27 12:00:00+08:00,12321.0000000000,249172f20923800a0370e387e8d2356ddd49aa5822eae358fac33d261c968689,1,,,,0,4.2666666667,2026-09-02T18:00:00+08:00
2026-09-06,S05,K01,6,0,Z2,0.0000000000,2026-08-27 12:00:00+08:00,12322.0000000000,9f286a7cb1bf394792cd63e514399d454c54ca3356649ef7637666bffdf5eb54,1,,,,0,4.2666666667,2026-09-02T18:00:00+08:00
2026-09-06,S05,K02,6,0,Z2,0.0000000000,2026-08-27 12:00:00+08:00,12323.0000000000,e31dda42e7b99852abf22e2793ccd5162eee9bd8c999a342130f6395ffc50ebd,1,,,,0,4.2666666667,2026-09-02T18:00:00+08:00
2026-09-06,S05,K03,6,0,Z2,0.0000000000,2026-08-27 12:00:00+08:00,12324.0000000000,b9a9016d7e98407da433b7421bac2ca7f3d6f0498664a2c7deb8b2983da4e297,1,,,,0,4.2666666667,2026-09-02T18:00:00+08:00
2026-09-06,S05,K04,6,0,Z2,0.0000000000,2026-08-27 12:00:00+08:00,12325.0000000000,29e03254e1ebc7193d6688ef16f7342d672ba73824bb6dfad0fb85883b08c78d,1,,,,0,4.2666666667,2026-09-02T18:00:00+08:00
2026-09-06,S05,K05,6,0,Z2,0.0000000000,2026-08-27 12:00:00+08:00,12326.0000000000,b07f12f32a29b02715673a4f9a9121a03d714fed403ae1bfb445a0eed20721f8,1,,,,0,4.2666666667,2026-09-02T18:00:00+08:00
2026-09-06,S05,K06,6,0,Z2,0.0000000000,2026-08-27 12:00:00+08:00,12327.0000000000,40e31d08454e488fe8b408a9c101f110c45d6654e6a2e26a181908d3cf3b95fe,1,,,,0,4.2666666667,2026-09-02T18:00:00+08:00
2026-09-06,S05,K07,6,0,Z2,0.0000000000,2026-08-27 12:00:00+08:00,12328.0000000000,60c0fe335d24cdfe5b1b801bb9405c5d005457de696316c820340ce6a05b8753,1,,,,0,4.2666666667,2026-09-02T18:00:00+08:00
2026-09-06,S05,K08,6,0,Z2,0.0000000000,2026-08-27 12:00:00+08:00,12329.0000000000,9c045d39764bb48d1bc27ac53869765897f608e18c196ac183e18cb1453e7f5a,1,,,,0,4.2666666667,2026-09-02T18:00:00+08:00
2026-09-06,S06,K01,6,0,Z2,0.0000000000,2026-08-27 12:00:00+08:00,12330.0000000000,ba863310ebb295ce1a1bae0221ca2ed553ef77670293d8157ae1f2f4b9fb35fa,1,,,,0,4.2666666667,2026-09-02T18:00:00+08:00
2026-09-06,S06,K02,6,0,Z2,0.0000000000,2026-08-27 12:00:00+08:00,12331.0000000000,eed71669ed6c3849823dade243a7be614cce2f97ba5dd0ddbfb0c0549bc0ad4e,1,,,,0,4.2666666667,2026-09-02T18:00:00+08:00
2026-09-06,S06,K03,6,0,Z2,0.0000000000,2026-08-27 12:00:00+08:00,12332.0000000000,9302f187fc162ea3d471304a292ec10dbd09d0586bd9445d9b6a07b718c0cc12,1,,,,0,4.2666666667,2026-09-02T18:00:00+08:00
2026-09-06,S06,K04,6,0,Z2,0.0000000000,2026-08-27 12:00:00+08:00,12333.0000000000,873a10b5de159f23287cb6e06fd352daf5c26c075f2b59c2122627919386af06,1,,,,0,4.2666666667,2026-09-02T18:00:00+08:00
2026-09-06,S06,K05,6,0,Z2,0.0000000000,2026-08-27 12:00:00+08:00,12334.0000000000,41b4573e54ba1aba2e25043a8612846701f24c6c9e92424b29efa57534874fde,1,,,,0,4.2666666667,2026-09-02T18:00:00+08:00
2026-09-06,S06,K06,6,0,Z2,0.0000000000,2026-08-27 12:00:00+08:00,12335.0000000000,0474f0818a373746361e49c1b98d3bb445360d150a4d1a85bfaed7cdf11751cd,1,,,,0,4.2666666667,2026-09-02T18:00:00+08:00
2026-09-06,S06,K07,6,0,Z2,0.0000000000,2026-08-27 12:00:00+08:00,12336.0000000000,df3dd89c9028ab91cc6b1fe2bc9843ee4dafabe153109e65cb958752c6d482cd,1,,,,0,4.2666666667,2026-09-02T18:00:00+08:00
2026-09-06,S06,K08,6,0,Z2,0.1500000000,2026-08-27 12:00:00+08:00,12337.0000000000,0f80dddc825305e19b4fffacf5d3614e9690f790b7946032dae1c72fedc2a662,1,,,,0,4.2666666667,2026-09-02T18:00:00+08:00
2026-09-06,S07,K01,6,0,Z2,0.0000000000,2026-08-27 12:00:00+08:00,12338.0000000000,462470ebdae0a93adc3ace74e536efe6074fa8fbd313a566c7912f538af66b52,1,,,,0,4.2666666667,2026-09-02T18:00:00+08:00
2026-09-06,S07,K02,6,0,Z2,0.0000000000,2026-08-27 12:00:00+08:00,12339.0000000000,84c21acc3ce7db5d63e91f12587e5609820c426b894a89e42ba37f135cc43847,1,,,,0,4.2666666667,2026-09-02T18:00:00+08:00
2026-09-06,S07,K03,6,0,Z2,0.0000000000,2026-08-27 12:00:00+08:00,12340.0000000000,e9cb4b80c84053d94b364ea4a1c7a64657fad117819f683797e1538f8a0f846d,1,,,,0,4.2666666667,2026-09-02T18:00:00+08:00
2026-09-06,S07,K04,6,0,Z2,0.0000000000,2026-08-27 12:00:00+08:00,12341.0000000000,2eec3c3947612f61655dd9599d8ebff2901e8a586b8d43a5f0e8fc1c289bce39,1,,,,0,4.2666666667,2026-09-02T18:00:00+08:00
2026-09-06,S07,K05,6,0,Z2,0.0000000000,2026-08-27 12:00:00+08:00,12342.0000000000,b8fe8cfb676986e20fe3c54328df2d3a0fdca33c334fad11ad3f96d478b4f44c,1,,,,0,4.2666666667,2026-09-02T18:00:00+08:00
2026-09-06,S07,K06,6,0,Z2,0.1500000000,2026-08-27 12:00:00+08:00,12343.0000000000,dbbd74c52e6f8f7991df59820239c468e6dc03797c88e6e6930fae4590ae8a5c,1,,,,0,4.2666666667,2026-09-02T18:00:00+08:00
2026-09-06,S07,K07,6,0,Z2,0.1500000000,2026-08-27 12:00:00+08:00,12344.0000000000,42bb0295c073d5d4f7f4593ef6aa216db3c35630de4a5c285d2c0bcc8c12a363,1,,,,0,4.2666666667,2026-09-02T18:00:00+08:00
2026-09-06,S07,K08,6,0,Z2,0.0000000000,2026-08-27 12:00:00+08:00,12345.0000000000,03e3312be6ba09fb4e06ffaca131b7d04747964609b8e8af8e9d74268e2a07a9,1,,,,0,4.2666666667,2026-09-02T18:00:00+08:00
2026-09-06,S08,K01,6,0,Z2,0.0000000000,2026-08-27 12:00:00+08:00,12346.0000000000,cc61dd8fdacf1e05d53a5e921a1ba4ab7d5d9f39ecc1d01448c6d4ee5a3ae430,1,,,,0,4.2666666667,2026-09-02T18:00:00+08:00
2026-09-06,S08,K02,6,0,Z2,0.0000000000,2026-08-27 12:00:00+08:00,12347.0000000000,22f3f1906e6b49eb390799e38022f8e5db4b12ce046c1a578297e13896428ed4,1,,,,0,4.2666666667,2026-09-02T18:00:00+08:00
2026-09-06,S08,K03,6,0,Z2,0.0000000000,2026-08-27 12:00:00+08:00,12348.0000000000,389e2ca39d9f01b2340a50ac6a61aa4e7ba32b586121772a14a6d6b30835dd8e,1,,,,0,4.2666666667,2026-09-02T18:00:00+08:00
2026-09-06,S08,K04,6,0,Z2,0.0000000000,2026-08-27 12:00:00+08:00,12349.0000000000,9dee5cb9b71e810fc9fdceb8d0d5230c00910262bfd948aed6ed2e096bd89dbd,1,,,,0,4.2666666667,2026-09-02T18:00:00+08:00
2026-09-06,S08,K05,6,0,Z2,0.1500000000,2026-08-27 12:00:00+08:00,12350.0000000000,6f1960f59d77b07e6dcc28bd1c9d8176012320ddcd201e372d3a876885790903,1,,,,0,4.2666666667,2026-09-02T18:00:00+08:00
2026-09-06,S08,K06,6,0,Z2,0.1500000000,2026-08-27 12:00:00+08:00,12351.0000000000,5c3352be9eb912765436bcc73bf99255e81d518a38cfd82540a99e5995108a3d,1,,,,0,4.2666666667,2026-09-02T18:00:00+08:00
2026-09-06,S08,K07,6,0,Z2,0.0000000000,2026-08-27 12:00:00+08:00,12352.0000000000,cb874043426b2ce593da5f1ca635d0078feb94beee5938801a1d8542de6dcd7d,1,,,,0,4.2666666667,2026-09-02T18:00:00+08:00
2026-09-06,S08,K08,6,0,Z2,0.0000000000,2026-08-27 12:00:00+08:00,12353.0000000000,ce50d2b1c23883cc2c15e0f082649c8a3d4397bd685c1c9e6c550c807b2b6a4c,1,,,,0,4.2666666667,2026-09-02T18:00:00+08:00
2026-09-06,S09,K01,6,0,Z3,0.0000000000,2026-08-27 12:00:00+08:00,12354.0000000000,c8e2a885196f9133dbd3a21eeec99dff84184530876e20e4bf6a5dfc49488b9e,1,,,,0,4.2666666667,2026-09-02T18:00:00+08:00
2026-09-06,S09,K02,6,0,Z3,0.0000000000,2026-08-27 12:00:00+08:00,12355.0000000000,a0729f184a91759bf3a66121fc0ff5247cadf70bab2d65591db5a979920da0df,1,,,,0,4.2666666667,2026-09-02T18:00:00+08:00
2026-09-06,S09,K03,6,0,Z3,0.1500000000,2026-08-27 12:00:00+08:00,12356.0000000000,4bc15a7fcdf60d057838f3c9402a0718725f4f0b5a76ef54a8ab6f90926e8162,1,,,,0,4.2666666667,2026-09-02T18:00:00+08:00
2026-09-06,S09,K04,6,0,Z3,0.1500000000,2026-08-27 12:00:00+08:00,12357.0000000000,ba5e82b727efc574d02472003334ea9d797fd17de16844cb2d7f722d38335956,1,,,,0,4.2666666667,2026-09-02T18:00:00+08:00
2026-09-06,S09,K05,6,0,Z3,0.0000000000,2026-08-27 12:00:00+08:00,12358.0000000000,31a373dad2f6c68d1b58f3440e097ce390fa58e9c3f60e2819527172c657da77,1,,,,0,4.2666666667,2026-09-02T18:00:00+08:00
2026-09-06,S09,K06,6,0,Z3,0.0000000000,2026-08-27 12:00:00+08:00,12359.0000000000,b8285f2799e53d0b641bf2baf2b644868e188cbeb7998b423ddd4e8baf80355e,1,,,,0,4.2666666667,2026-09-02T18:00:00+08:00
2026-09-06,S09,K07,6,0,Z3,0.0000000000,2026-08-27 12:00:00+08:00,12360.0000000000,b476033dde6da554ee166a9d226c02f295fd7635c6cace7aed9986daba55a873,1,,,,0,4.2666666667,2026-09-02T18:00:00+08:00
2026-09-06,S09,K08,6,0,Z3,0.0000000000,2026-08-27 12:00:00+08:00,12361.0000000000,01056efc50bd19f6e45bc4a13d323feae12a3a05eb99f7984006073c385dffba,1,,,,0,4.2666666667,2026-09-02T18:00:00+08:00
2026-09-06,S10,K01,6,0,Z3,0.0000000000,2026-08-27 12:00:00+08:00,12362.0000000000,b6f629f4947e784bf2e6fd385b71c6a42d80eb3a53129b0cc25916cb5a99ca1a,1,,,,0,4.2666666667,2026-09-02T18:00:00+08:00
2026-09-06,S10,K02,6,0,Z3,0.1500000000,2026-08-27 12:00:00+08:00,12363.0000000000,d8529f28696e4aaa1843559a2e3f1e8e8e683d0396645821590897ba7bdd2149,1,,,,0,4.2666666667,2026-09-02T18:00:00+08:00
2026-09-06,S10,K03,6,0,Z3,0.1500000000,2026-08-27 12:00:00+08:00,12364.0000000000,671e8ee9573929d9cb1b56aa5428931c85ede2cc23ae2ceb2dfd3513d6881e2f,1,,,,0,4.2666666667,2026-09-02T18:00:00+08:00
2026-09-06,S10,K04,6,0,Z3,0.0000000000,2026-08-27 12:00:00+08:00,12365.0000000000,d1a9dd55bb0089e05fb69d19897c5fd843c4e6e95a8b5ab23662d88df49dacf7,1,,,,0,4.2666666667,2026-09-02T18:00:00+08:00
2026-09-06,S10,K05,6,0,Z3,0.0000000000,2026-08-27 12:00:00+08:00,12366.0000000000,4c3e4b657669a4d68e751d35559c600b3f0e1555b8bb9e995f66b593f3f26c01,1,,,,0,4.2666666667,2026-09-02T18:00:00+08:00
2026-09-06,S10,K06,6,0,Z3,0.0000000000,2026-08-27 12:00:00+08:00,12367.0000000000,26d526aee67b6ed17a82ac2753cf6370ff432bb5f18c9865f91369643a2fcd0a,1,,,,0,4.2666666667,2026-09-02T18:00:00+08:00
2026-09-06,S10,K07,6,0,Z3,0.0000000000,2026-08-27 12:00:00+08:00,12368.0000000000,a85906af70217f79a2e663f5f25b6599b9e6090016e9310b091569690cd6ce6f,1,,,,0,4.2666666667,2026-09-02T18:00:00+08:00
2026-09-06,S10,K08,6,0,Z3,0.0000000000,2026-08-27 12:00:00+08:00,12369.0000000000,589d1ef2704bf05560471c7f6be29142fb52c8d543913fd67093d6c8b17b8e7f,1,,,,0,4.2666666667,2026-09-02T18:00:00+08:00
2026-09-06,S11,K01,6,0,Z3,0.1500000000,2026-08-27 12:00:00+08:00,12370.0000000000,e059c022e46e93b2885e095d30440e123fd4b7c19e33e1cda328e7c0f3c98847,1,,,,0,4.2666666667,2026-09-02T18:00:00+08:00
2026-09-06,S11,K02,6,0,Z3,0.0000000000,2026-08-27 12:00:00+08:00,12371.0000000000,23278781819e3714c163325554e73767d329ce8695ca7215799c78389d386c21,1,,,,0,4.2666666667,2026-09-02T18:00:00+08:00
2026-09-06,S11,K03,6,0,Z3,0.0000000000,2026-08-27 12:00:00+08:00,12372.0000000000,1f255b150f3d9dd04dc5b4b2ed44977485ae3b82386502839ca9e1badc8bec22,1,,,,0,4.2666666667,2026-09-02T18:00:00+08:00
2026-09-06,S11,K04,6,0,Z3,0.0000000000,2026-08-27 12:00:00+08:00,12373.0000000000,bb62ab11c2f9ad5d48408e4d24e1eb71aa49ee6f9c363e85e55b0cde182c06c3,1,,,,0,4.2666666667,2026-09-02T18:00:00+08:00
2026-09-06,S11,K05,6,0,Z3,0.0000000000,2026-08-27 12:00:00+08:00,12374.0000000000,23bac86033dc879cf323b837a0806f21f610edef6b042feaced90917471d09ea,1,,,,0,4.2666666667,2026-09-02T18:00:00+08:00
2026-09-06,S11,K06,6,0,Z3,0.0000000000,2026-08-27 12:00:00+08:00,12375.0000000000,2d1d4da6deb186f4d3720ec12197fe1fe189290263f11e290f5c4dc63533f3ab,1,,,,0,4.2666666667,2026-09-02T18:00:00+08:00
2026-09-06,S11,K07,6,0,Z3,0.0000000000,2026-08-27 12:00:00+08:00,12376.0000000000,2f233f7d19d574232ac5dc71c9083a7776cee45d0fbb9d76a57ed8fa0827395d,1,,,,0,4.2666666667,2026-09-02T18:00:00+08:00
2026-09-06,S11,K08,6,0,Z3,0.0000000000,2026-08-27 12:00:00+08:00,12377.0000000000,aa82d695a3f63ef6faae2cc232c9e160dd321164df9d4524a8417a4921e61fbb,1,,,,0,4.2666666667,2026-09-02T18:00:00+08:00
2026-09-06,S12,K01,6,0,Z3,0.0000000000,2026-08-27 12:00:00+08:00,12378.0000000000,8b398ad0d7a559b4b91b0a0625d37445c00cd22d15289f916577e3442cd19a30,1,,,,0,4.2666666667,2026-09-02T18:00:00+08:00
2026-09-06,S12,K02,6,0,Z3,0.0000000000,2026-08-27 12:00:00+08:00,12379.0000000000,d441d433b9027495352b85e7c5589bccf312728d34a81999ffc4b7645a81bd2c,1,,,,0,4.2666666667,2026-09-02T18:00:00+08:00
2026-09-06,S12,K03,6,0,Z3,0.0000000000,2026-08-27 12:00:00+08:00,12380.0000000000,a300af6d1a85fea293c0c488afb16d27fdc9552e387d19f8073d84432b63bbe7,1,,,,0,4.2666666667,2026-09-02T18:00:00+08:00
2026-09-06,S12,K04,6,0,Z3,0.0000000000,2026-08-27 12:00:00+08:00,12381.0000000000,5311f10e9a733049cadde3a16f044cc7479bad86751c1352aa20409634200848,1,,,,0,4.2666666667,2026-09-02T18:00:00+08:00
2026-09-06,S12,K05,6,0,Z3,0.0000000000,2026-08-27 12:00:00+08:00,12382.0000000000,ce22c05db607885bde4b51a2dac83d8cf69b66baff3b0cb9ec0e3c30294f7f1e,1,,,,0,4.2666666667,2026-09-02T18:00:00+08:00
2026-09-06,S12,K06,6,0,Z3,0.0000000000,2026-08-27 12:00:00+08:00,12383.0000000000,989d1c779d1b548b392344ef7574821d67c9a1c717cfd948d34dee5fd4d72efe,1,,,,0,4.2666666667,2026-09-02T18:00:00+08:00
2026-09-06,S12,K07,6,0,Z3,0.0000000000,2026-08-27 12:00:00+08:00,12384.0000000000,b2e02079c2d0a8243bfb8d4d058ff7f1f5f51baa711e09667fbbe20495d3482f,1,,,,0,4.2666666667,2026-09-02T18:00:00+08:00
2026-09-06,S12,K08,6,0,Z3,0.0000000000,2026-08-27 12:00:00+08:00,12385.0000000000,d5670b0432fb4cb186e9f8144f8c99cf0099b9350494f0eceaede4a7b36eeaa4,1,,,,0,4.2666666667,2026-09-02T18:00:00+08:00
2026-09-07,S01,K01,0,0,Z1,0.0000000000,2026-08-28 12:00:00+08:00,12386.0000000000,a30a697f6e3abec82fad0cc22e0023427aff5baa472a0b61501738c6374496d4,1,,,,0,4.3000000000,2026-09-02T18:00:00+08:00
2026-09-07,S01,K02,0,0,Z1,0.0000000000,2026-08-28 12:00:00+08:00,12387.0000000000,0757b5323d744b2be9ffdbd41ff697d0a159fa97da7f904455fe26a90eaa0ba5,1,,,,0,4.3000000000,2026-09-02T18:00:00+08:00
2026-09-07,S01,K03,0,0,Z1,0.1500000000,2026-08-28 12:00:00+08:00,12388.0000000000,69afa88cdba185ae60f961976b232f6f67f5af0477f85a093b68ea9626f0644c,1,,,,0,4.3000000000,2026-09-02T18:00:00+08:00
2026-09-07,S01,K04,0,0,Z1,0.1500000000,2026-08-28 12:00:00+08:00,12389.0000000000,b62b11e9b1a395fa8ee04543c75b0858905c57a3161498b62bdf91542aada2de,1,,,,0,4.3000000000,2026-09-02T18:00:00+08:00
2026-09-07,S01,K05,0,0,Z1,0.0000000000,2026-08-28 12:00:00+08:00,12390.0000000000,9e44a5ec4de53891897ac36d1c1c97b5ce4f4e324c8d883c9676be0ae8e68807,1,,,,0,4.3000000000,2026-09-02T18:00:00+08:00
2026-09-07,S01,K06,0,0,Z1,0.0000000000,2026-08-28 12:00:00+08:00,12391.0000000000,7ded7967a682a1751687eb146c63138480a185ab1a0e896ab5886ec28a4549b7,1,,,,0,4.3000000000,2026-09-02T18:00:00+08:00
2026-09-07,S01,K07,0,0,Z1,0.0000000000,2026-08-28 12:00:00+08:00,12392.0000000000,24d539daf88018c478c1ed378b6f83d7e3989c690878b3d02f46709f7a327d7f,1,,,,0,4.3000000000,2026-09-02T18:00:00+08:00
2026-09-07,S01,K08,0,0,Z1,0.0000000000,2026-08-28 12:00:00+08:00,12393.0000000000,681f27ae90ed7349805cf2240a288bec516d1f3666450d8cb1c1fae1eeafd01d,1,,,,0,4.3000000000,2026-09-02T18:00:00+08:00
2026-09-07,S02,K01,0,0,Z1,0.0000000000,2026-08-28 12:00:00+08:00,12394.0000000000,f8df69ba6f5f9fdc456b925fd42a9f415b360c06ae9f3b11adf275607cf9e3eb,1,,,,0,4.3000000000,2026-09-02T18:00:00+08:00
2026-09-07,S02,K02,0,0,Z1,0.1500000000,2026-08-28 12:00:00+08:00,12395.0000000000,147b055edf30063247183ec3e07c6d5e7d6f1a1c4edaa46ec957d2fb3d7d239a,1,,,,0,4.3000000000,2026-09-02T18:00:00+08:00
2026-09-07,S02,K03,0,0,Z1,0.1500000000,2026-08-28 12:00:00+08:00,12396.0000000000,2677be368298b2c3a8fdb871fec918e19f34204f41804b883c1e34afaa4f34bf,1,,,,0,4.3000000000,2026-09-02T18:00:00+08:00
2026-09-07,S02,K04,0,0,Z1,0.0000000000,2026-08-28 12:00:00+08:00,12397.0000000000,c2bc90202324f04f4a8bf0e7262fea75d3a12c29888bdd3cbc2af97d24d26946,1,,,,0,4.3000000000,2026-09-02T18:00:00+08:00
2026-09-07,S02,K05,0,0,Z1,0.0000000000,2026-08-28 12:00:00+08:00,12398.0000000000,ca098d86316bd8912e58b40ed195fb2435ada0bd01fb846a35ced3b38f15c058,1,,,,0,4.3000000000,2026-09-02T18:00:00+08:00
2026-09-07,S02,K06,0,0,Z1,0.0000000000,2026-08-28 12:00:00+08:00,12399.0000000000,ee8385195217c0468ba463ccdc40bd7bb40ff40dd2b0918424e298b8f2d411a0,1,,,,0,4.3000000000,2026-09-02T18:00:00+08:00
2026-09-07,S02,K07,0,0,Z1,0.0000000000,2026-08-28 12:00:00+08:00,12400.0000000000,1e6e7153c5331813f630b6f05e1c97c6f0970038bf5861453945ece8cabea941,1,,,,0,4.3000000000,2026-09-02T18:00:00+08:00
2026-09-07,S02,K08,0,0,Z1,0.0000000000,2026-08-28 12:00:00+08:00,12401.0000000000,fc1e36e1caebaa828780a8ec690b2370d3afa056911b4f90b2fd152d8753945b,1,,,,0,4.3000000000,2026-09-02T18:00:00+08:00
2026-09-07,S03,K01,0,0,Z1,0.1500000000,2026-08-28 12:00:00+08:00,12402.0000000000,7f2fa9b7462490133662f213615b547fea8efc5c71361e6ce68c2f38486cd710,1,,,,0,4.3000000000,2026-09-02T18:00:00+08:00
2026-09-07,S03,K02,0,0,Z1,0.0000000000,2026-08-28 12:00:00+08:00,12403.0000000000,813376ab408c575e00064c12609e04b1a8527a1d05fd5e0100942a725fd36dfa,1,,,,0,4.3000000000,2026-09-02T18:00:00+08:00
2026-09-07,S03,K03,0,0,Z1,0.0000000000,2026-08-28 12:00:00+08:00,12404.0000000000,97eda39a259e1db87519580a215154ab804818473b07577a84d44c8111d14093,1,,,,0,4.3000000000,2026-09-02T18:00:00+08:00
2026-09-07,S03,K04,0,0,Z1,0.0000000000,2026-08-28 12:00:00+08:00,12405.0000000000,de2d2f125a9436ed59a221018bec8b30f7a4c76eddfcb65b2bd58864f862d3f2,1,,,,0,4.3000000000,2026-09-02T18:00:00+08:00
2026-09-07,S03,K05,0,0,Z1,0.0000000000,2026-08-28 12:00:00+08:00,12406.0000000000,27f81f8d5082c8bb75a80705edf093a0c6bdc15025ca6cf2dc7342b07e0a4ce5,1,,,,0,4.3000000000,2026-09-02T18:00:00+08:00
2026-09-07,S03,K06,0,0,Z1,0.0000000000,2026-08-28 12:00:00+08:00,12407.0000000000,c0efffab64991c40ea216cd96a7240daaba826461e3ce3c72ca4dc3127d32a73,1,,,,0,4.3000000000,2026-09-02T18:00:00+08:00
2026-09-07,S03,K07,0,0,Z1,0.0000000000,2026-08-28 12:00:00+08:00,12408.0000000000,2cb42759c931b251d57bf8dcc17074e216e7bbae2e70e3153e4b4f2c1fb7840a,1,,,,0,4.3000000000,2026-09-02T18:00:00+08:00
2026-09-07,S03,K08,0,0,Z1,0.0000000000,2026-08-28 12:00:00+08:00,12409.0000000000,1e1ecc06ccc490e5132046ed185e9b525039a91eeddb0d4ed14d5b38a6a4ec91,1,,,,0,4.3000000000,2026-09-02T18:00:00+08:00
2026-09-07,S04,K01,0,0,Z1,0.0000000000,2026-08-28 12:00:00+08:00,12410.0000000000,eca6c82b8a738e6e7d7531a09fbb626a3377f57a04ff97fa5fdc4a2f26191c8a,1,,,,0,4.3000000000,2026-09-02T18:00:00+08:00
2026-09-07,S04,K02,0,0,Z1,0.0000000000,2026-08-28 12:00:00+08:00,12411.0000000000,e1bed638bb0de2212f4035145a104ecf8a2bf5554e7d78d87dd7776c14415d82,1,,,,0,4.3000000000,2026-09-02T18:00:00+08:00
2026-09-07,S04,K03,0,0,Z1,0.0000000000,2026-08-28 12:00:00+08:00,12412.0000000000,8a5d60b3553928d937f8318c874b7e31d150b9c6ab89b00bb8ae31d62a0c7409,1,,,,0,4.3000000000,2026-09-02T18:00:00+08:00
2026-09-07,S04,K04,0,0,Z1,0.0000000000,2026-08-28 12:00:00+08:00,12413.0000000000,3f249ed0915918d5b91182e16ec575d0fa9160545c0430f38d39e38c8d2741a0,1,,,,0,4.3000000000,2026-09-02T18:00:00+08:00
2026-09-07,S04,K05,0,0,Z1,0.0000000000,2026-08-28 12:00:00+08:00,12414.0000000000,ac3dd9f06f848d6c48706f680a7acf6890bffad5daca5566e8be8345e3a9913f,1,,,,0,4.3000000000,2026-09-02T18:00:00+08:00
2026-09-07,S04,K06,0,0,Z1,0.0000000000,2026-08-28 12:00:00+08:00,12415.0000000000,1aff4c99e143aead9c468d07cf8e85f55e605f3819270d95c7cd3684d9744be3,1,,,,0,4.3000000000,2026-09-02T18:00:00+08:00
2026-09-07,S04,K07,0,0,Z1,0.0000000000,2026-08-28 12:00:00+08:00,12416.0000000000,ea943892236123a9a99cdc299c68b49ee63d10db4c9a78c104210a1d4a15f102,1,,,,0,4.3000000000,2026-09-02T18:00:00+08:00
2026-09-07,S04,K08,0,0,Z1,0.0000000000,2026-08-28 12:00:00+08:00,12417.0000000000,9015bdc18db061327db7812b9e56984e5502e69c624b905841e79395467e9f89,1,,,,0,4.3000000000,2026-09-02T18:00:00+08:00
2026-09-07,S05,K01,0,0,Z2,0.0000000000,2026-08-28 12:00:00+08:00,12418.0000000000,2179806b5b65ab622f71364ce7535f69064e973bedac3fc7aa4c70ab62929ef8,1,,,,0,4.3000000000,2026-09-02T18:00:00+08:00
2026-09-07,S05,K02,0,0,Z2,0.0000000000,2026-08-28 12:00:00+08:00,12419.0000000000,f7cfe936f05d7e039affd97204d27aa2bf1f9ee3eaa6a8d61bcbbf375f9f3afa,1,,,,0,4.3000000000,2026-09-02T18:00:00+08:00
2026-09-07,S05,K03,0,0,Z2,0.0000000000,2026-08-28 12:00:00+08:00,12420.0000000000,2572c43cd9edf2248baded68719b17e16aad099f60f3b51f9abb2bb8fad3b1a8,1,,,,0,4.3000000000,2026-09-02T18:00:00+08:00
2026-09-07,S05,K04,0,0,Z2,0.0000000000,2026-08-28 12:00:00+08:00,12421.0000000000,0a55cd81b3afae2934c3734e10ad7fb5309b161e9f531ae04fb98792d63d5b8e,1,,,,0,4.3000000000,2026-09-02T18:00:00+08:00
2026-09-07,S05,K05,0,0,Z2,0.0000000000,2026-08-28 12:00:00+08:00,12422.0000000000,1cb1533036546c2bcbf4b2191c84fe0a060aa67cf4aca0390c843d814dc849f7,1,,,,0,4.3000000000,2026-09-02T18:00:00+08:00
2026-09-07,S05,K06,0,0,Z2,0.0000000000,2026-08-28 12:00:00+08:00,12423.0000000000,43c93578c07a75b786edd98bf5627269ac03db35414f690488eac57f922bf7a8,1,,,,0,4.3000000000,2026-09-02T18:00:00+08:00
2026-09-07,S05,K07,0,0,Z2,0.0000000000,2026-08-28 12:00:00+08:00,12424.0000000000,914a47c14fc3d5eb49ff9b51cf6fd9f7d8be19808df5f82b3f17f48229d7b57a,1,,,,0,4.3000000000,2026-09-02T18:00:00+08:00
2026-09-07,S05,K08,0,0,Z2,0.0000000000,2026-08-28 12:00:00+08:00,12425.0000000000,ff09505aaf441c497c2ca95456cabf1c25400cc0b424d3dc70fc1693b126260b,1,,,,0,4.3000000000,2026-09-02T18:00:00+08:00
2026-09-07,S06,K01,0,0,Z2,0.0000000000,2026-08-28 12:00:00+08:00,12426.0000000000,a51a10199a6d99861f4a2d7dcf06f3681be9bb06ca9510b88267ef2b316095af,1,,,,0,4.3000000000,2026-09-02T18:00:00+08:00
2026-09-07,S06,K02,0,0,Z2,0.0000000000,2026-08-28 12:00:00+08:00,12427.0000000000,1215bc3f9e4a063f448678701b03a5e6a7326167827e304188ba03bee284893b,1,,,,0,4.3000000000,2026-09-02T18:00:00+08:00
2026-09-07,S06,K03,0,0,Z2,0.0000000000,2026-08-28 12:00:00+08:00,12428.0000000000,fcd6227d1ca9604163ec1ac6fd5f1aa5d8c28184b184006039c89d41077f95a4,1,,,,0,4.3000000000,2026-09-02T18:00:00+08:00
2026-09-07,S06,K04,0,0,Z2,0.0000000000,2026-08-28 12:00:00+08:00,12429.0000000000,a3d572ab1fa5d6c2c8613f62d7defd986b0b18231bfb69d69d02039c6bb3548e,1,,,,0,4.3000000000,2026-09-02T18:00:00+08:00
2026-09-07,S06,K05,0,0,Z2,0.0000000000,2026-08-28 12:00:00+08:00,12430.0000000000,bdb25b844f3df6d55139806397b693aa11696fa8d91feb6a498c6352c19b46fb,1,,,,0,4.3000000000,2026-09-02T18:00:00+08:00
2026-09-07,S06,K06,0,0,Z2,0.0000000000,2026-08-28 12:00:00+08:00,12431.0000000000,c48454fdf51725759b085e9a0b5c65f9ae3d8012414c6ca804b1cf78aee392aa,1,,,,0,4.3000000000,2026-09-02T18:00:00+08:00
2026-09-07,S06,K07,0,0,Z2,0.1500000000,2026-08-28 12:00:00+08:00,12432.0000000000,04c63bfdaa59bd75aa8f0c8a22b3e15c0391b57dcb8ea0409f3100e5f4e3a158,1,,,,0,4.3000000000,2026-09-02T18:00:00+08:00
2026-09-07,S06,K08,0,0,Z2,0.1500000000,2026-08-28 12:00:00+08:00,12433.0000000000,f3a7762983707535d1e50b7f0ab0f01ac654cdfa1bf9a202d49024335914501a,1,,,,0,4.3000000000,2026-09-02T18:00:00+08:00
2026-09-07,S07,K01,0,0,Z2,0.0000000000,2026-08-28 12:00:00+08:00,12434.0000000000,5e4351af83b0413184c8702ec7d335b058839749773a524f197cc146d892b443,1,,,,0,4.3000000000,2026-09-02T18:00:00+08:00
2026-09-07,S07,K02,0,0,Z2,0.0000000000,2026-08-28 12:00:00+08:00,12435.0000000000,5f37f8c4ff9052c4b7be8dcf25e4bf90c202fc9ea01b3021f4a5149959efc190,1,,,,0,4.3000000000,2026-09-02T18:00:00+08:00
2026-09-07,S07,K03,0,0,Z2,0.0000000000,2026-08-28 12:00:00+08:00,12436.0000000000,26586d22483a101016f79ce6f4ce0364150e9d9e0ca287403d6200b15b0d35bc,1,,,,0,4.3000000000,2026-09-02T18:00:00+08:00
2026-09-07,S07,K04,0,0,Z2,0.0000000000,2026-08-28 12:00:00+08:00,12437.0000000000,71486f438ac300d315bd2e8b9a41377f26412d324e567ceb45c109132cb3016c,1,,,,0,4.3000000000,2026-09-02T18:00:00+08:00
2026-09-07,S07,K05,0,0,Z2,0.0000000000,2026-08-28 12:00:00+08:00,12438.0000000000,765da93059f7ce3d99393d57a5f9a9633223d4c0fd8f7e6e16aed19ba038d263,1,,,,0,4.3000000000,2026-09-02T18:00:00+08:00
2026-09-07,S07,K06,0,0,Z2,0.1500000000,2026-08-28 12:00:00+08:00,12439.0000000000,d41e22f738624069a74d7063de794dfed7e387d5eba66793148f3ecf244a5787,1,,,,0,4.3000000000,2026-09-02T18:00:00+08:00
2026-09-07,S07,K07,0,0,Z2,0.1500000000,2026-08-28 12:00:00+08:00,12440.0000000000,7500e31b96becc624763c7f24671d680d9896cfa3953fe5dfd3d9be29d6a2ca2,1,,,,0,4.3000000000,2026-09-02T18:00:00+08:00
2026-09-07,S07,K08,0,0,Z2,0.0000000000,2026-08-28 12:00:00+08:00,12441.0000000000,36e7562380a1c49f1b5a63742b327876bae255509d8359d9aac124302f5b0726,1,,,,0,4.3000000000,2026-09-02T18:00:00+08:00
2026-09-07,S08,K01,0,0,Z2,0.0000000000,2026-08-28 12:00:00+08:00,12442.0000000000,97d81f0e50c002f35a4ab4ed9fbbe50c54b10e360246be3fc74998215a38cffc,1,,,,0,4.3000000000,2026-09-02T18:00:00+08:00
2026-09-07,S08,K02,0,0,Z2,0.0000000000,2026-08-28 12:00:00+08:00,12443.0000000000,26da754e69c886fea290df1f98606aa5b68490df8c684f96b191b2f2d6efdf51,1,,,,0,4.3000000000,2026-09-02T18:00:00+08:00
2026-09-07,S08,K03,0,0,Z2,0.0000000000,2026-08-28 12:00:00+08:00,12444.0000000000,831467060b92e78e0f05119959ec09dc3479885e03d8263d643dfdc9eda408ef,1,,,,0,4.3000000000,2026-09-02T18:00:00+08:00
2026-09-07,S08,K04,0,0,Z2,0.1500000000,2026-08-28 12:00:00+08:00,12445.0000000000,355855df0fd31742ed4ef64ae4cb7520aeabfadc150dffc1931c2c18b75bfd2c,1,,,,0,4.3000000000,2026-09-02T18:00:00+08:00
2026-09-07,S08,K05,0,0,Z2,0.1500000000,2026-08-28 12:00:00+08:00,12446.0000000000,9cac859a6d19a1d818aaba800ba413945bb1b15b427461a9c12d8a209b54cf62,1,,,,0,4.3000000000,2026-09-02T18:00:00+08:00
2026-09-07,S08,K06,0,0,Z2,0.0000000000,2026-08-28 12:00:00+08:00,12447.0000000000,8a32e9f113423e819a8cc86b2fe23bd5ad0f294d0c9048a4e4e7a0056e3fc4f4,1,,,,0,4.3000000000,2026-09-02T18:00:00+08:00
2026-09-07,S08,K07,0,0,Z2,0.0000000000,2026-08-28 12:00:00+08:00,12448.0000000000,8fdebf9b2fcc885f3772dce308e32c5adfb2b2f089edb218890f677f08f419c0,1,,,,0,4.3000000000,2026-09-02T18:00:00+08:00
2026-09-07,S08,K08,0,0,Z2,0.0000000000,2026-08-28 12:00:00+08:00,12449.0000000000,cad3bdc3bccb8ea26268d673bcfb37cc11aea2100b0e609e8472f68ce91812f0,1,,,,0,4.3000000000,2026-09-02T18:00:00+08:00
2026-09-07,S09,K01,0,0,Z3,0.0000000000,2026-08-28 12:00:00+08:00,12450.0000000000,bc0745748025c28587f27513d471271a4dbf4affba1aca0b48d7153a93f26a3d,1,,,,0,4.3000000000,2026-09-02T18:00:00+08:00
2026-09-07,S09,K02,0,0,Z3,0.0000000000,2026-08-28 12:00:00+08:00,12451.0000000000,ac34e3424319b11b70e78530106d0ac2535adf12f1d501377bd158526542ed4b,1,,,,0,4.3000000000,2026-09-02T18:00:00+08:00
2026-09-07,S09,K03,0,0,Z3,0.1500000000,2026-08-28 12:00:00+08:00,12452.0000000000,766398ad163582764a0ada17f12003732d6ce7826f810da96db58d2bff492e33,1,,,,0,4.3000000000,2026-09-02T18:00:00+08:00
2026-09-07,S09,K04,0,0,Z3,0.1500000000,2026-08-28 12:00:00+08:00,12453.0000000000,df290e279a83814ce0e99f89f97e5e8a96e7c9a04d44519560b31a2ffe25430c,1,,,,0,4.3000000000,2026-09-02T18:00:00+08:00
2026-09-07,S09,K05,0,0,Z3,0.0000000000,2026-08-28 12:00:00+08:00,12454.0000000000,008b2cf5cdbf3725a17fcbf3fd0ed5a6dadadfc18b3619559edd58c576d72dd3,1,,,,0,4.3000000000,2026-09-02T18:00:00+08:00
2026-09-07,S09,K06,0,0,Z3,0.0000000000,2026-08-28 12:00:00+08:00,12455.0000000000,c3b7e12375520d8a916900699d3e8c9a18aa795143a831c4d5dc7d1bde0ba498,1,,,,0,4.3000000000,2026-09-02T18:00:00+08:00
2026-09-07,S09,K07,0,0,Z3,0.0000000000,2026-08-28 12:00:00+08:00,12456.0000000000,8ee91667c98a5b5eb23f388e42711d875ba01673f06ef1917e6d6b12ad1968b2,1,,,,0,4.3000000000,2026-09-02T18:00:00+08:00
2026-09-07,S09,K08,0,0,Z3,0.0000000000,2026-08-28 12:00:00+08:00,12457.0000000000,2726d09ea6f65a80ebaebba50d86e593dfb8a944f49ebb179ae8375fde151711,1,,,,0,4.3000000000,2026-09-02T18:00:00+08:00
2026-09-07,S10,K01,0,0,Z3,0.1500000000,2026-08-28 12:00:00+08:00,12458.0000000000,7d908a354cfd67b67dd7a1b8d339b921db680dd0b85700d6b3c9febd8cf6bb2b,1,,,,0,4.3000000000,2026-09-02T18:00:00+08:00
2026-09-07,S10,K02,0,0,Z3,0.1500000000,2026-08-28 12:00:00+08:00,12459.0000000000,36fff4c2c9f90e3a3853457ca55c68c58dd4534d7f0ff9827aec6ba52a308eba,1,,,,0,4.3000000000,2026-09-02T18:00:00+08:00
2026-09-07,S10,K03,0,0,Z3,0.0000000000,2026-08-28 12:00:00+08:00,12460.0000000000,a4721f56f19d74a4a761a6a474c0fb59a57cd22e64f85be2ce837f6ad831b3b3,1,,,,0,4.3000000000,2026-09-02T18:00:00+08:00
2026-09-07,S10,K04,0,0,Z3,0.0000000000,2026-08-28 12:00:00+08:00,12461.0000000000,ac6b0f96c414d3ca1956aad323ff169cb718a05cf8b4bcfcf4305f086e6ec1a1,1,,,,0,4.3000000000,2026-09-02T18:00:00+08:00
2026-09-07,S10,K05,0,0,Z3,0.0000000000,2026-08-28 12:00:00+08:00,12462.0000000000,6a4c7ecc5066dc465a51d6a6b2854891264e0db58715db04bf1faec4d64f39d5,1,,,,0,4.3000000000,2026-09-02T18:00:00+08:00
2026-09-07,S10,K06,0,0,Z3,0.0000000000,2026-08-28 12:00:00+08:00,12463.0000000000,af373e55dd7d3954a5c39ccb7e23fa14507bd75d761c0f4680f3b64564239938,1,,,,0,4.3000000000,2026-09-02T18:00:00+08:00
2026-09-07,S10,K07,0,0,Z3,0.0000000000,2026-08-28 12:00:00+08:00,12464.0000000000,279b8c98959e6847c0eea03dc57e5bb5d5c585d91254c73d2012b3190b825052,1,,,,0,4.3000000000,2026-09-02T18:00:00+08:00
2026-09-07,S10,K08,0,0,Z3,0.0000000000,2026-08-28 12:00:00+08:00,12465.0000000000,61d4ed18c2ce01baf01c565f5e3b3fb9ef1430c67b5674c7f586985a8667daba,1,,,,0,4.3000000000,2026-09-02T18:00:00+08:00
2026-09-07,S11,K01,0,0,Z3,0.1500000000,2026-08-28 12:00:00+08:00,12466.0000000000,dcd52d855d0821e437f7357e8f93235c0cab6f7481acd285b6b618d3c53f5722,1,,,,0,4.3000000000,2026-09-02T18:00:00+08:00
2026-09-07,S11,K02,0,0,Z3,0.0000000000,2026-08-28 12:00:00+08:00,12467.0000000000,606e76390681d056cf4186861107847d3a75f09976af606372da523645d26b03,1,,,,0,4.3000000000,2026-09-02T18:00:00+08:00
2026-09-07,S11,K03,0,0,Z3,0.0000000000,2026-08-28 12:00:00+08:00,12468.0000000000,7da0edc7b6ead02ac1b67257fa47d516d99622052b27537c74d6e874436b0bbe,1,,,,0,4.3000000000,2026-09-02T18:00:00+08:00
2026-09-07,S11,K04,0,0,Z3,0.0000000000,2026-08-28 12:00:00+08:00,12469.0000000000,155f7594723e3777ec7cab64e9bc97c4344641d306ed1fa01e762b876bdc705b,1,,,,0,4.3000000000,2026-09-02T18:00:00+08:00
2026-09-07,S11,K05,0,0,Z3,0.0000000000,2026-08-28 12:00:00+08:00,12470.0000000000,e929945cdfdc2b317c93a8f95b9c6ce96fb5c5c9d9aa7c272043d07debb0457e,1,,,,0,4.3000000000,2026-09-02T18:00:00+08:00
2026-09-07,S11,K06,0,0,Z3,0.0000000000,2026-08-28 12:00:00+08:00,12471.0000000000,822caf655f78715cd2e4dd522d507abbdbf91586b5a7d47f421e62328c1b7f8a,1,,,,0,4.3000000000,2026-09-02T18:00:00+08:00
2026-09-07,S11,K07,0,0,Z3,0.0000000000,2026-08-28 12:00:00+08:00,12472.0000000000,89bebfdc1724fa7bd6410a1e6c22cd90233c29f8a6aca279ee485ab4becebd33,1,,,,0,4.3000000000,2026-09-02T18:00:00+08:00
2026-09-07,S11,K08,0,0,Z3,0.0000000000,2026-08-28 12:00:00+08:00,12473.0000000000,3233507fd00524f26c1aa7c6ef765169f94e258e33fc143423c55e36ab8c6175,1,,,,0,4.3000000000,2026-09-02T18:00:00+08:00
2026-09-07,S12,K01,0,0,Z3,0.0000000000,2026-08-28 12:00:00+08:00,12474.0000000000,d8bb066a27fcc447f355be8a6b5ec56c07e940040afd31a52c489791720241d4,1,,,,0,4.3000000000,2026-09-02T18:00:00+08:00
2026-09-07,S12,K02,0,0,Z3,0.0000000000,2026-08-28 12:00:00+08:00,12475.0000000000,23746d21fec9f16aabaa9248e1abc614f85ebeb4d334309d8dec6e5ca9835ae2,1,,,,0,4.3000000000,2026-09-02T18:00:00+08:00
2026-09-07,S12,K03,0,0,Z3,0.0000000000,2026-08-28 12:00:00+08:00,12476.0000000000,3233135a198864d537667f253ad776094ac1b6d0ffae5721f5ac063da39b35c9,1,,,,0,4.3000000000,2026-09-02T18:00:00+08:00
2026-09-07,S12,K04,0,0,Z3,0.0000000000,2026-08-28 12:00:00+08:00,12477.0000000000,06e0888fe655b46ca39159bb328d97d0c443ed9b62265b67807852d66359ed0c,1,,,,0,4.3000000000,2026-09-02T18:00:00+08:00
2026-09-07,S12,K05,0,0,Z3,0.0000000000,2026-08-28 12:00:00+08:00,12478.0000000000,64a472fa3c6715cf6047cd2f301bc7da663ec879ef680f3b4f770cb23c3b648c,1,,,,0,4.3000000000,2026-09-02T18:00:00+08:00
2026-09-07,S12,K06,0,0,Z3,0.0000000000,2026-08-28 12:00:00+08:00,12479.0000000000,fe48ceb10dffd134942a0bb5a7c7e40fa823ce8490a77134566e79daf6d629ef,1,,,,0,4.3000000000,2026-09-02T18:00:00+08:00
2026-09-07,S12,K07,0,0,Z3,0.0000000000,2026-08-28 12:00:00+08:00,12480.0000000000,69026b9642b186d3253d121eff2fbd2d871078814c6fcd33e4487cd330456d80,1,,,,0,4.3000000000,2026-09-02T18:00:00+08:00
2026-09-07,S12,K08,0,0,Z3,0.0000000000,2026-08-28 12:00:00+08:00,12481.0000000000,ad1e89f68d0c38f79d388d554377449ac9da7fa96fb8f4a714554eb63a06ee0f,1,,,,0,4.3000000000,2026-09-02T18:00:00+08:00
2026-09-08,S01,K01,1,0,Z1,0.0000000000,2026-08-29 12:00:00+08:00,12482.0000000000,98cdee1ebeb2cbe2dfe88d598f3d0b91a260cb1161a028b0bd15660d4f63b603,1,,,,0,4.3333333333,2026-09-02T18:00:00+08:00
2026-09-08,S01,K02,1,0,Z1,0.0000000000,2026-08-29 12:00:00+08:00,12483.0000000000,4277f16c900fae1756e6065133be6460964481d9e7ae1f2d233039c476c6f955,1,,,,0,4.3333333333,2026-09-02T18:00:00+08:00
2026-09-08,S01,K03,1,0,Z1,0.1500000000,2026-08-29 12:00:00+08:00,12484.0000000000,d304685bc0a57964faccc93568540f130bb63807d2ca7f13a0deb2379978a4a5,1,,,,0,4.3333333333,2026-09-02T18:00:00+08:00
2026-09-08,S01,K04,1,0,Z1,0.1500000000,2026-08-29 12:00:00+08:00,12485.0000000000,fec79deb0537dd1161d18168ccf532234e125c0129c61a8d08e169601f654354,1,,,,0,4.3333333333,2026-09-02T18:00:00+08:00
2026-09-08,S01,K05,1,0,Z1,0.0000000000,2026-08-29 12:00:00+08:00,12486.0000000000,736af34e9a786c0e2f289a6f17d12bb79ced8a3aa04db95c30fe47a20df0d5a7,1,,,,0,4.3333333333,2026-09-02T18:00:00+08:00
2026-09-08,S01,K06,1,0,Z1,0.0000000000,2026-08-29 12:00:00+08:00,12487.0000000000,582cc45cb28f57acdb345c3444b3587ac6d39844151f53e297dc00b4a894c2a2,1,,,,0,4.3333333333,2026-09-02T18:00:00+08:00
2026-09-08,S01,K07,1,0,Z1,0.0000000000,2026-08-29 12:00:00+08:00,12488.0000000000,dc555557dedab32b3253876e215a2f6e64df199721f4d96f3b274aa545023176,1,,,,0,4.3333333333,2026-09-02T18:00:00+08:00
2026-09-08,S01,K08,1,0,Z1,0.0000000000,2026-08-29 12:00:00+08:00,12489.0000000000,9a183f99e8ad209a5d8494def4a632069df7d5a807e025f98d0d66f132223509,1,,,,0,4.3333333333,2026-09-02T18:00:00+08:00
2026-09-08,S02,K01,1,0,Z1,0.1500000000,2026-08-29 12:00:00+08:00,12490.0000000000,0209895c3c83a132ba56c72a32079f1a7a920ac6ade15a185ced3c3d665bae15,1,,,,0,4.3333333333,2026-09-02T18:00:00+08:00
2026-09-08,S02,K02,1,0,Z1,0.1500000000,2026-08-29 12:00:00+08:00,12491.0000000000,bba350ad638105564a6715b027ebb830bf5a256d772bcfcaf47a727e7a5344a5,1,,,,0,4.3333333333,2026-09-02T18:00:00+08:00
2026-09-08,S02,K03,1,0,Z1,0.0000000000,2026-08-29 12:00:00+08:00,12492.0000000000,497e78f3574da899116f2e8a47b0b8c8186133ef0a6ecea7b0779e9ea0eabd08,1,,,,0,4.3333333333,2026-09-02T18:00:00+08:00
2026-09-08,S02,K04,1,0,Z1,0.0000000000,2026-08-29 12:00:00+08:00,12493.0000000000,d23860311b44cb263d2f94bf9e1dfd0517dde31837609a57ac304188a66af83b,1,,,,0,4.3333333333,2026-09-02T18:00:00+08:00
2026-09-08,S02,K05,1,0,Z1,0.0000000000,2026-08-29 12:00:00+08:00,12494.0000000000,658d3930b6de2da227fd8e303d9e5fd11a036e9e7cd662a88d3b9b3cef2eccaa,1,,,,0,4.3333333333,2026-09-02T18:00:00+08:00
2026-09-08,S02,K06,1,0,Z1,0.0000000000,2026-08-29 12:00:00+08:00,12495.0000000000,4b02054627523877e1d239e49e78f5348dc10006815cbde9093de6a76543fca4,1,,,,0,4.3333333333,2026-09-02T18:00:00+08:00
2026-09-08,S02,K07,1,0,Z1,0.0000000000,2026-08-29 12:00:00+08:00,12496.0000000000,073eeee9f4e1c84a4abcb7fa4732225a96115398a5c8d65e8b1111c86fb45b91,1,,,,0,4.3333333333,2026-09-02T18:00:00+08:00
2026-09-08,S02,K08,1,0,Z1,0.0000000000,2026-08-29 12:00:00+08:00,12497.0000000000,6492af365989da37ae4b20839439c28137855206a6c08ee2fd112f74378f557c,1,,,,0,4.3333333333,2026-09-02T18:00:00+08:00
2026-09-08,S03,K01,1,0,Z1,0.1500000000,2026-08-29 12:00:00+08:00,12498.0000000000,17b3eee912a4d4b4a1ae4eab369c6d960d9d00384bd0ce5f5020daf4a5fe7c7d,1,,,,0,4.3333333333,2026-09-02T18:00:00+08:00
2026-09-08,S03,K02,1,0,Z1,0.0000000000,2026-08-29 12:00:00+08:00,12499.0000000000,4d11e5a21a01433faaf5889944bba7254d3a3aeb12e0f0738ff397f9b471e7f3,1,,,,0,4.3333333333,2026-09-02T18:00:00+08:00
2026-09-08,S03,K03,1,0,Z1,0.0000000000,2026-08-29 12:00:00+08:00,12500.0000000000,4361f20188732f7e31b6d10e87d69e91dbf10d63a1a1433a2a9a15e24c6e72fe,1,,,,0,4.3333333333,2026-09-02T18:00:00+08:00
2026-09-08,S03,K04,1,0,Z1,0.0000000000,2026-08-29 12:00:00+08:00,12501.0000000000,c6e2b9708658d1df4346eacb30b466bec5228051f8abf2e36db2c8ab14671d97,1,,,,0,4.3333333333,2026-09-02T18:00:00+08:00
2026-09-08,S03,K05,1,0,Z1,0.0000000000,2026-08-29 12:00:00+08:00,12502.0000000000,911127f11734b1ae5597ef927d4c449fa5fd8450b1e9f0f896f44f0d9539e480,1,,,,0,4.3333333333,2026-09-02T18:00:00+08:00
2026-09-08,S03,K06,1,0,Z1,0.0000000000,2026-08-29 12:00:00+08:00,12503.0000000000,5d608d8dd03affbba1a888b4261ec62bda0a1e1c9e74eea06f89efaa4eddc5d5,1,,,,0,4.3333333333,2026-09-02T18:00:00+08:00
2026-09-08,S03,K07,1,0,Z1,0.0000000000,2026-08-29 12:00:00+08:00,12504.0000000000,9e02d82842f4f3fff7b55cfde616d04b32ca2d3dd4d219d31834bda6737ca4af,1,,,,0,4.3333333333,2026-09-02T18:00:00+08:00
2026-09-08,S03,K08,1,0,Z1,0.0000000000,2026-08-29 12:00:00+08:00,12505.0000000000,9ea0803b394e10a914d0c6c256876cb3257536d9cfd40a76c4d78f91967cffc1,1,,,,0,4.3333333333,2026-09-02T18:00:00+08:00
2026-09-08,S04,K01,1,0,Z1,0.0000000000,2026-08-29 12:00:00+08:00,12506.0000000000,bdb943e472029c84e82eeab4d83e57c3dfc41a4d812850fe94e9db02fe42672d,1,,,,0,4.3333333333,2026-09-02T18:00:00+08:00
2026-09-08,S04,K02,1,0,Z1,0.0000000000,2026-08-29 12:00:00+08:00,12507.0000000000,aad2e4d2d76e4b155ce002662d794d7d64766f89adb8c351d0c61b9078cc8a43,1,,,,0,4.3333333333,2026-09-02T18:00:00+08:00
2026-09-08,S04,K03,1,0,Z1,0.0000000000,2026-08-29 12:00:00+08:00,12508.0000000000,cc2f1f135fe9c8fedce4d1a2e35c27e4cd9422bb7b43e92949a031ba1beb1382,1,,,,0,4.3333333333,2026-09-02T18:00:00+08:00
2026-09-08,S04,K04,1,0,Z1,0.0000000000,2026-08-29 12:00:00+08:00,12509.0000000000,0dd9ef8d45a03a646ab42c55e7f7411b64a691b84a44845c4e96f3b624538f73,1,,,,0,4.3333333333,2026-09-02T18:00:00+08:00
2026-09-08,S04,K05,1,0,Z1,0.0000000000,2026-08-29 12:00:00+08:00,12510.0000000000,245b0e9d694aa15f4e7e6071a7f9b8e2fd6df9aea8de83d3d9ad1974d4b7cbf3,1,,,,0,4.3333333333,2026-09-02T18:00:00+08:00
2026-09-08,S04,K06,1,0,Z1,0.0000000000,2026-08-29 12:00:00+08:00,12511.0000000000,92bffe79753f010254dc596155dff9ffa26661409efd637cc76e2ae118b105a8,1,,,,0,4.3333333333,2026-09-02T18:00:00+08:00
2026-09-08,S04,K07,1,0,Z1,0.0000000000,2026-08-29 12:00:00+08:00,12512.0000000000,b97053d41fd31ea1f38015c6ee86f36bd965f33805c7933056c5ed73e01e4709,1,,,,0,4.3333333333,2026-09-02T18:00:00+08:00
2026-09-08,S04,K08,1,0,Z1,0.0000000000,2026-08-29 12:00:00+08:00,12513.0000000000,130c4855ab073f5391234083262243f2b080d3fd50184808fadbd9c4c45685a5,1,,,,0,4.3333333333,2026-09-02T18:00:00+08:00
2026-09-08,S05,K01,1,0,Z2,0.0000000000,2026-08-29 12:00:00+08:00,12514.0000000000,ff0d2f5a5fe9ee22e98cf30dc89f63242aeb467dccbf2091fab8e94b2240be9c,1,,,,0,4.3333333333,2026-09-02T18:00:00+08:00
2026-09-08,S05,K02,1,0,Z2,0.0000000000,2026-08-29 12:00:00+08:00,12515.0000000000,3c11f0d817c8c333b47d5830e3543ed5c7f97ecebbc4e8186ea1815391203356,1,,,,0,4.3333333333,2026-09-02T18:00:00+08:00
2026-09-08,S05,K03,1,0,Z2,0.0000000000,2026-08-29 12:00:00+08:00,12516.0000000000,335bda391bd4b1382184f2d6f95ad5a2e7fc08109437f281546ea85b633ad7be,1,,,,0,4.3333333333,2026-09-02T18:00:00+08:00
2026-09-08,S05,K04,1,0,Z2,0.0000000000,2026-08-29 12:00:00+08:00,12517.0000000000,e59395024012c16cce6df42c99f3b999b99c4a8dbb432cff9161f32150d46402,1,,,,0,4.3333333333,2026-09-02T18:00:00+08:00
2026-09-08,S05,K05,1,0,Z2,0.0000000000,2026-08-29 12:00:00+08:00,12518.0000000000,d5783e6d48b57a10b1a36b864ffd54230f7be1c0553e998f2f5aba391c83659d,1,,,,0,4.3333333333,2026-09-02T18:00:00+08:00
2026-09-08,S05,K06,1,0,Z2,0.0000000000,2026-08-29 12:00:00+08:00,12519.0000000000,441fa24fab1e3b2853a5c4fb25b3283b8efa20a4997ffcc61e22bcf1a90b06e8,1,,,,0,4.3333333333,2026-09-02T18:00:00+08:00
2026-09-08,S05,K07,1,0,Z2,0.0000000000,2026-08-29 12:00:00+08:00,12520.0000000000,185eede535b1597b05e78dac17bcece24888a13541434c5af89a483469acecb0,1,,,,0,4.3333333333,2026-09-02T18:00:00+08:00
2026-09-08,S05,K08,1,0,Z2,0.1500000000,2026-08-29 12:00:00+08:00,12521.0000000000,3a8d489003a2ef247383d8e5d9d5fc1bfd3edc1f97c162fedf33b5415e8bbb90,1,,,,0,4.3333333333,2026-09-02T18:00:00+08:00
2026-09-08,S06,K01,1,0,Z2,0.0000000000,2026-08-29 12:00:00+08:00,12522.0000000000,8d247df75df89ef7fd0a31286e0acb3571bb3ffd62078c9e1cd87befce83b6f1,1,,,,0,4.3333333333,2026-09-02T18:00:00+08:00
2026-09-08,S06,K02,1,0,Z2,0.0000000000,2026-08-29 12:00:00+08:00,12523.0000000000,34dbee22e91ca17fe78b9b23029ac757bbe1d2cfbcc45a466818b843569d8e9c,1,,,,0,4.3333333333,2026-09-02T18:00:00+08:00
2026-09-08,S06,K03,1,0,Z2,0.0000000000,2026-08-29 12:00:00+08:00,12524.0000000000,43f91d43c8c6a5bbf926c1b63f628fc47574f440969df3d80bd87e541a977830,1,,,,0,4.3333333333,2026-09-02T18:00:00+08:00
2026-09-08,S06,K04,1,0,Z2,0.0000000000,2026-08-29 12:00:00+08:00,12525.0000000000,6a005ef0629851a0528f1a772edc80b7c8df39e4c7e00bc379fb2c37d8f532f2,1,,,,0,4.3333333333,2026-09-02T18:00:00+08:00
2026-09-08,S06,K05,1,0,Z2,0.0000000000,2026-08-29 12:00:00+08:00,12526.0000000000,15b15b729e2fab3d9309bca9c59d7fc723306155800b438dd0b91d0f7505f1a7,1,,,,0,4.3333333333,2026-09-02T18:00:00+08:00
2026-09-08,S06,K06,1,0,Z2,0.0000000000,2026-08-29 12:00:00+08:00,12527.0000000000,c8a9c64fad58ea3e34e9ced2d7d9e92d973fa5925592188b1193f44c468d4d1e,1,,,,0,4.3333333333,2026-09-02T18:00:00+08:00
2026-09-08,S06,K07,1,0,Z2,0.1500000000,2026-08-29 12:00:00+08:00,12528.0000000000,e47c7b7d38abd4f209e54a35bbf4491337f4d828572ff99550400b2879e87561,1,,,,0,4.3333333333,2026-09-02T18:00:00+08:00
2026-09-08,S06,K08,1,0,Z2,0.1500000000,2026-08-29 12:00:00+08:00,12529.0000000000,38af8aa2b55ecbf41f9dd6d26894a9771dde1f33f629e61756caecff96683cab,1,,,,0,4.3333333333,2026-09-02T18:00:00+08:00
2026-09-08,S07,K01,1,0,Z2,0.0000000000,2026-08-29 12:00:00+08:00,12530.0000000000,56e85652b98b5a1cf5a0d67558bba3e29ebd4c617aa8c342c683fbef2c3f0394,1,,,,0,4.3333333333,2026-09-02T18:00:00+08:00
2026-09-08,S07,K02,1,0,Z2,0.0000000000,2026-08-29 12:00:00+08:00,12531.0000000000,843e8ef7898d0d31a12e65b7f1592b3e02e89d91d912ede019025cf8cf1ecb86,1,,,,0,4.3333333333,2026-09-02T18:00:00+08:00
2026-09-08,S07,K03,1,0,Z2,0.0000000000,2026-08-29 12:00:00+08:00,12532.0000000000,f3683177806589b59f64c2c19b02089be0c8ae836c237d120b0073b4b61b34ed,1,,,,0,4.3333333333,2026-09-02T18:00:00+08:00
2026-09-08,S07,K04,1,0,Z2,0.0000000000,2026-08-29 12:00:00+08:00,12533.0000000000,f1df7c0de650ceccac6493d24b8fdf3040564d51e00027916cbfed250dbdf0e0,1,,,,0,4.3333333333,2026-09-02T18:00:00+08:00
2026-09-08,S07,K05,1,0,Z2,0.1500000000,2026-08-29 12:00:00+08:00,12534.0000000000,f5ada2b650bd83d005bbb7b290451447f3600e35be8638058342e4ee67ecb55f,1,,,,0,4.3333333333,2026-09-02T18:00:00+08:00
2026-09-08,S07,K06,1,0,Z2,0.1500000000,2026-08-29 12:00:00+08:00,12535.0000000000,7c751e88fa73f0bdf2e76ef68c1fb4024d43d4de041548fe29ed8168d016f408,1,,,,0,4.3333333333,2026-09-02T18:00:00+08:00
2026-09-08,S07,K07,1,0,Z2,0.0000000000,2026-08-29 12:00:00+08:00,12536.0000000000,18df0eaebc0703b8e42b61e2760cbc82885e60bb70256c1d9eb51902ad41d20e,1,,,,0,4.3333333333,2026-09-02T18:00:00+08:00
2026-09-08,S07,K08,1,0,Z2,0.0000000000,2026-08-29 12:00:00+08:00,12537.0000000000,aa58e67489f43d41580d80ac1ade5fb477f9a374438d179d41eff6279e5faab9,1,,,,0,4.3333333333,2026-09-02T18:00:00+08:00
2026-09-08,S08,K01,1,0,Z2,0.0000000000,2026-08-29 12:00:00+08:00,12538.0000000000,a09b085be454f0d5937339c3a047e20aaf252f0c564d0d036c4ec7b5ec109957,1,,,,0,4.3333333333,2026-09-02T18:00:00+08:00
2026-09-08,S08,K02,1,0,Z2,0.0000000000,2026-08-29 12:00:00+08:00,12539.0000000000,151987c5d624a84f373c2d336517cf68fc50e584c89861b8387b7c8b7a77f6fb,1,,,,0,4.3333333333,2026-09-02T18:00:00+08:00
2026-09-08,S08,K03,1,0,Z2,0.0000000000,2026-08-29 12:00:00+08:00,12540.0000000000,b67193dbc4353270499d99acec3abab39ece6aa2647e0141bf02d3160fcea1f0,1,,,,0,4.3333333333,2026-09-02T18:00:00+08:00
2026-09-08,S08,K04,1,0,Z2,0.1500000000,2026-08-29 12:00:00+08:00,12541.0000000000,79adb0fc64876a68d6582dac1b9bc2957adc356413a5987429d56057bd612c1f,1,,,,0,4.3333333333,2026-09-02T18:00:00+08:00
2026-09-08,S08,K05,1,0,Z2,0.1500000000,2026-08-29 12:00:00+08:00,12542.0000000000,f535036919c79354c09e180497ed9f420b64cb8b7960cb67a37dd8fc68d29a39,1,,,,0,4.3333333333,2026-09-02T18:00:00+08:00
2026-09-08,S08,K06,1,0,Z2,0.0000000000,2026-08-29 12:00:00+08:00,12543.0000000000,5805acf3b49f55832b3538ad9543b855d3a1faf013cbe2d2206190346b770358,1,,,,0,4.3333333333,2026-09-02T18:00:00+08:00
2026-09-08,S08,K07,1,0,Z2,0.0000000000,2026-08-29 12:00:00+08:00,12544.0000000000,d5d8eb44b63ac62d6a1d56ef2dc71fff0c96426c85bd14158131d66d56d8eb38,1,,,,0,4.3333333333,2026-09-02T18:00:00+08:00
2026-09-08,S08,K08,1,0,Z2,0.0000000000,2026-08-29 12:00:00+08:00,12545.0000000000,23b0d88025666319794d50bfaef3d58c5a20450436e8a8eb2441724dc0db540b,1,,,,0,4.3333333333,2026-09-02T18:00:00+08:00
2026-09-08,S09,K01,1,0,Z3,0.0000000000,2026-08-29 12:00:00+08:00,12546.0000000000,77826860d693318e6910eab2380207fd598be02d9bebe990832a2d7d4a7c490a,1,,,,0,4.3333333333,2026-09-02T18:00:00+08:00
2026-09-08,S09,K02,1,0,Z3,0.1500000000,2026-08-29 12:00:00+08:00,12547.0000000000,99a7ea980dbb0ea5e8ac60237a9daddef7a32dc88e9f286368e8c3e444d43e16,1,,,,0,4.3333333333,2026-09-02T18:00:00+08:00
2026-09-08,S09,K03,1,0,Z3,0.1500000000,2026-08-29 12:00:00+08:00,12548.0000000000,a39f9ee290f7530933b498ad1a1e8604a9f09d7981f05f46b2b8918388e36762,1,,,,0,4.3333333333,2026-09-02T18:00:00+08:00
2026-09-08,S09,K04,1,0,Z3,0.0000000000,2026-08-29 12:00:00+08:00,12549.0000000000,98c69297b9ad3d2d291acaea32098112506b782b7921cb6c9ffe86a9696bbbd6,1,,,,0,4.3333333333,2026-09-02T18:00:00+08:00
2026-09-08,S09,K05,1,0,Z3,0.0000000000,2026-08-29 12:00:00+08:00,12550.0000000000,79608e21bf881a7fe6c48801dcd688f26a52411005c30c14f80cc4d26049b0c3,1,,,,0,4.3333333333,2026-09-02T18:00:00+08:00
2026-09-08,S09,K06,1,0,Z3,0.0000000000,2026-08-29 12:00:00+08:00,12551.0000000000,7ee45c1612d526980d6a84bc834ed968619c66eb97dcc5cd35713358e66e2e22,1,,,,0,4.3333333333,2026-09-02T18:00:00+08:00
2026-09-08,S09,K07,1,0,Z3,0.0000000000,2026-08-29 12:00:00+08:00,12552.0000000000,47814537b4e8681bfc05b1a15f3a46a0623b7b58bb4b9277a40b21fd8521bf40,1,,,,0,4.3333333333,2026-09-02T18:00:00+08:00
2026-09-08,S09,K08,1,0,Z3,0.0000000000,2026-08-29 12:00:00+08:00,12553.0000000000,5988fbd7caeb32661d2ede04f67b162f28bcd9a3cdfad8ba404fa2e2d0561509,1,,,,0,4.3333333333,2026-09-02T18:00:00+08:00
2026-09-08,S10,K01,1,0,Z3,0.1500000000,2026-08-29 12:00:00+08:00,12554.0000000000,f7bb50ef8c1ddbecd3c679b17449cacf14ca4f7b05dbea6e930f86fb8a16bcea,1,,,,0,4.3333333333,2026-09-02T18:00:00+08:00
2026-09-08,S10,K02,1,0,Z3,0.1500000000,2026-08-29 12:00:00+08:00,12555.0000000000,8ec634f4cde1471969c1a4deb368e58872d260b1aa9c2e4a2dd48c2da14cebb0,1,,,,0,4.3333333333,2026-09-02T18:00:00+08:00
2026-09-08,S10,K03,1,0,Z3,0.0000000000,2026-08-29 12:00:00+08:00,12556.0000000000,28c037682698c3e3106daf65d726fd222e3ddb98fe4924535245163e7f567e51,1,,,,0,4.3333333333,2026-09-02T18:00:00+08:00
2026-09-08,S10,K04,1,0,Z3,0.0000000000,2026-08-29 12:00:00+08:00,12557.0000000000,61c81f3959181248dc8127af097d3fce42ac74cb960b334df16d4a1abf8de5f8,1,,,,0,4.3333333333,2026-09-02T18:00:00+08:00
2026-09-08,S10,K05,1,0,Z3,0.0000000000,2026-08-29 12:00:00+08:00,12558.0000000000,9abe78abe01faa9d6fda515b1e81eb316dac4e9b79fa69c1062ce180743b3717,1,,,,0,4.3333333333,2026-09-02T18:00:00+08:00
2026-09-08,S10,K06,1,0,Z3,0.0000000000,2026-08-29 12:00:00+08:00,12559.0000000000,0834cfda7923b71afa1c48869648947b7d6f8d0d1ac9200425f0a3368fa2e13d,1,,,,0,4.3333333333,2026-09-02T18:00:00+08:00
2026-09-08,S10,K07,1,0,Z3,0.0000000000,2026-08-29 12:00:00+08:00,12560.0000000000,fe880444ea9b3df163ee6cea656a19f8ad0700ed322bb3a6d1f29ced394769d4,1,,,,0,4.3333333333,2026-09-02T18:00:00+08:00
2026-09-08,S10,K08,1,0,Z3,0.0000000000,2026-08-29 12:00:00+08:00,12561.0000000000,4b6d9a370ff7e9d8bb54b1b3e7519dc4999cbfe582b0107eb327bf9ddc0bb760,1,,,,0,4.3333333333,2026-09-02T18:00:00+08:00
2026-09-08,S11,K01,1,0,Z3,0.0000000000,2026-08-29 12:00:00+08:00,12562.0000000000,34791a904a5037b36e796c0e4a86f6fb11ca538be0713d5fbff6b5dc70d2ea7e,1,,,,0,4.3333333333,2026-09-02T18:00:00+08:00
2026-09-08,S11,K02,1,0,Z3,0.0000000000,2026-08-29 12:00:00+08:00,12563.0000000000,272ea0c9a517415a2793bd742d418ba894b14e64e4d3d28cadcf8595a336d90b,1,,,,0,4.3333333333,2026-09-02T18:00:00+08:00
2026-09-08,S11,K03,1,0,Z3,0.0000000000,2026-08-29 12:00:00+08:00,12564.0000000000,8840625f9f7c4df76bb5a44fe5b7ae6538f35caa200f871aa292cbfdc12d0079,1,,,,0,4.3333333333,2026-09-02T18:00:00+08:00
2026-09-08,S11,K04,1,0,Z3,0.0000000000,2026-08-29 12:00:00+08:00,12565.0000000000,0b4988f50ec4f2b45794e411ee0fe48df34b01d3efc671863688603d895e9a74,1,,,,0,4.3333333333,2026-09-02T18:00:00+08:00
2026-09-08,S11,K05,1,0,Z3,0.0000000000,2026-08-29 12:00:00+08:00,12566.0000000000,d016d210c8fc08b7f7ad6bfbc4541ba1662a7be044dcb61fe17a9dd101c8952f,1,,,,0,4.3333333333,2026-09-02T18:00:00+08:00
2026-09-08,S11,K06,1,0,Z3,0.0000000000,2026-08-29 12:00:00+08:00,12567.0000000000,354f61a80ee49b2f9e733d3be4527890ad921d9b21f1c3c56c6618f77c423f22,1,,,,0,4.3333333333,2026-09-02T18:00:00+08:00
2026-09-08,S11,K07,1,0,Z3,0.0000000000,2026-08-29 12:00:00+08:00,12568.0000000000,7f88830d1fcbb678fa4cc076b5099b9a261b4a48a9dfda818d4ba3f94ec026d4,1,,,,0,4.3333333333,2026-09-02T18:00:00+08:00
2026-09-08,S11,K08,1,0,Z3,0.0000000000,2026-08-29 12:00:00+08:00,12569.0000000000,0e88c607f0fb8dc7a5ef913afff5e7070ffdd864ca04bf408d73f1d7650c8357,1,,,,0,4.3333333333,2026-09-02T18:00:00+08:00
2026-09-08,S12,K01,1,0,Z3,0.0000000000,2026-08-29 12:00:00+08:00,12570.0000000000,b0cfb51daa398102c478eaa481e9069629b9e7b50fd6beaef192d86e9dfb9e70,1,,,,0,4.3333333333,2026-09-02T18:00:00+08:00
2026-09-08,S12,K02,1,0,Z3,0.0000000000,2026-08-29 12:00:00+08:00,12571.0000000000,772d742fb96271c11db749c0886abac5cfd5a2067b3f3fc7ac96c4a6a4fe8152,1,,,,0,4.3333333333,2026-09-02T18:00:00+08:00
2026-09-08,S12,K03,1,0,Z3,0.0000000000,2026-08-29 12:00:00+08:00,12572.0000000000,58c2ed9b4aedbac8557aac2dc7fb6c55e6cb28eccca367c389702b7c9afb5904,1,,,,0,4.3333333333,2026-09-02T18:00:00+08:00
2026-09-08,S12,K04,1,0,Z3,0.0000000000,2026-08-29 12:00:00+08:00,12573.0000000000,9514cb8fc09a0271071c593a78211aa22f8b41054ecf8e2564036f04c2dffa7b,1,,,,0,4.3333333333,2026-09-02T18:00:00+08:00
2026-09-08,S12,K05,1,0,Z3,0.0000000000,2026-08-29 12:00:00+08:00,12574.0000000000,d1eb3fbf2e56b893e7c9a0447acf5805ca048e0cf8cb379a77de32689442518f,1,,,,0,4.3333333333,2026-09-02T18:00:00+08:00
2026-09-08,S12,K06,1,0,Z3,0.0000000000,2026-08-29 12:00:00+08:00,12575.0000000000,d2b76f5aecf338a97ea9f6caa6a41d72b84c441c40e757579d196f7859cb6ec3,1,,,,0,4.3333333333,2026-09-02T18:00:00+08:00
2026-09-08,S12,K07,1,0,Z3,0.0000000000,2026-08-29 12:00:00+08:00,12576.0000000000,4e327914c3fc22560e042e4bdcdf18f48a18910c23750bff6ed6cb4960915e5b,1,,,,0,4.3333333333,2026-09-02T18:00:00+08:00
2026-09-08,S12,K08,1,0,Z3,0.0000000000,2026-08-29 12:00:00+08:00,12577.0000000000,b6ed2fc4ea27c8a59a3c6a6af653bfcfb1f29210e531e4535a9a2b577159e9fe,1,,,,0,4.3333333333,2026-09-02T18:00:00+08:00
2026-09-09,S01,K01,2,0,Z1,0.0000000000,2026-08-30 12:00:00+08:00,12578.0000000000,750291ed55c439fd42375df41339dc7b4641d80b102e27e55fecc78d3c154439,1,,,,0,4.3666666667,2026-09-02T18:00:00+08:00
2026-09-09,S01,K02,2,0,Z1,0.1500000000,2026-08-30 12:00:00+08:00,12579.0000000000,23bf921f50295fbe6c338fa470e994621bae76337a20bf01052ee3375459b416,1,,,,0,4.3666666667,2026-09-02T18:00:00+08:00
2026-09-09,S01,K03,2,0,Z1,0.1500000000,2026-08-30 12:00:00+08:00,12580.0000000000,9eab79413539d013546bb90f251f931448ef3a97d1c2e6386f26069bb5832849,1,,,,0,4.3666666667,2026-09-02T18:00:00+08:00
2026-09-09,S01,K04,2,0,Z1,0.0000000000,2026-08-30 12:00:00+08:00,12581.0000000000,9c97807b1d5b2c18585b68578b15bde7730d0f281ffcefa24f5b0c531a3ab9c6,1,,,,0,4.3666666667,2026-09-02T18:00:00+08:00
2026-09-09,S01,K05,2,0,Z1,0.0000000000,2026-08-30 12:00:00+08:00,12582.0000000000,08307a1f1e8a3d72071bfe187055beef59479294c58bd0105694495fed365c7e,1,,,,0,4.3666666667,2026-09-02T18:00:00+08:00
2026-09-09,S01,K06,2,0,Z1,0.0000000000,2026-08-30 12:00:00+08:00,12583.0000000000,f23248ceff74833abb5ae1e2cc85c37940c481034951331b30b61fad1264436b,1,,,,0,4.3666666667,2026-09-02T18:00:00+08:00
2026-09-09,S01,K07,2,0,Z1,0.0000000000,2026-08-30 12:00:00+08:00,12584.0000000000,2b8e39abe4f5c78755e94f3231d9e8aee123476577d7a5064adc5c54790c70a2,1,,,,0,4.3666666667,2026-09-02T18:00:00+08:00
2026-09-09,S01,K08,2,0,Z1,0.0000000000,2026-08-30 12:00:00+08:00,12585.0000000000,fea458627cbe7af9e1e55e54b8b1cd4f72f846925338a8eca1308b4bac06e5bf,1,,,,0,4.3666666667,2026-09-02T18:00:00+08:00
2026-09-09,S02,K01,2,0,Z1,0.1500000000,2026-08-30 12:00:00+08:00,12586.0000000000,cc86c50276c3254691d45ffc41534c45310a21776cb0937c51a753d54bf24c4c,1,,,,0,4.3666666667,2026-09-02T18:00:00+08:00
2026-09-09,S02,K02,2,0,Z1,0.1500000000,2026-08-30 12:00:00+08:00,12587.0000000000,76dd83d38f3b8c8b263766b4d86946e6a6ff671e8fc1db344eb75fc1dec0c1f4,1,,,,0,4.3666666667,2026-09-02T18:00:00+08:00
2026-09-09,S02,K03,2,0,Z1,0.0000000000,2026-08-30 12:00:00+08:00,12588.0000000000,6b4acdff49515c59aa42b3a6077bdec2561a9b139c7f30645ef3afd9d5c27601,1,,,,0,4.3666666667,2026-09-02T18:00:00+08:00
2026-09-09,S02,K04,2,0,Z1,0.0000000000,2026-08-30 12:00:00+08:00,12589.0000000000,3c01d7e9b14a9bcfd12d4801d639ced3f26b32d1fe27f670faa833faed340a35,1,,,,0,4.3666666667,2026-09-02T18:00:00+08:00
2026-09-09,S02,K05,2,0,Z1,0.0000000000,2026-08-30 12:00:00+08:00,12590.0000000000,300a8133191e5f9c5160ff33e0df146ae161dd48203f1f9c41411818551373ae,1,,,,0,4.3666666667,2026-09-02T18:00:00+08:00
2026-09-09,S02,K06,2,0,Z1,0.0000000000,2026-08-30 12:00:00+08:00,12591.0000000000,36ce31074a94f2fc28dfba080362a6eb281a62e247264524bb6b1ae36940b42b,1,,,,0,4.3666666667,2026-09-02T18:00:00+08:00
2026-09-09,S02,K07,2,0,Z1,0.0000000000,2026-08-30 12:00:00+08:00,12592.0000000000,5286b122da2663e40dd9a61e77e173fccc97f632d0e5894e65d39e4d2c5123b4,1,,,,0,4.3666666667,2026-09-02T18:00:00+08:00
2026-09-09,S02,K08,2,0,Z1,0.0000000000,2026-08-30 12:00:00+08:00,12593.0000000000,a9b2474e2b369975d4e5127cc7ee65ca25f4c6daf5bcd7c84d0e5be61fcbf175,1,,,,0,4.3666666667,2026-09-02T18:00:00+08:00
2026-09-09,S03,K01,2,0,Z1,0.0000000000,2026-08-30 12:00:00+08:00,12594.0000000000,6f523acc03ffed8c790d2ffe3b27c781e5285e5cc78cbb0c8f923908d41e4794,1,,,,0,4.3666666667,2026-09-02T18:00:00+08:00
2026-09-09,S03,K02,2,0,Z1,0.0000000000,2026-08-30 12:00:00+08:00,12595.0000000000,1668f68c8fe4a1229a1db1ffd892460e41e4e68424103316427cca15a77501fd,1,,,,0,4.3666666667,2026-09-02T18:00:00+08:00
2026-09-09,S03,K03,2,0,Z1,0.0000000000,2026-08-30 12:00:00+08:00,12596.0000000000,300407872c935f3effbaae87660738d64d827d2e25c70877429af885220a6fd3,1,,,,0,4.3666666667,2026-09-02T18:00:00+08:00
2026-09-09,S03,K04,2,0,Z1,0.0000000000,2026-08-30 12:00:00+08:00,12597.0000000000,d975b38afaf31b2d25e2af4a911c7fc1c5a8352fcc75cbbdd52c419080c716f1,1,,,,0,4.3666666667,2026-09-02T18:00:00+08:00
2026-09-09,S03,K05,2,0,Z1,0.0000000000,2026-08-30 12:00:00+08:00,12598.0000000000,72ab4985d08712aaefd3905e4b4e7337afed4ce9c19c344132b5bf085ad2796e,1,,,,0,4.3666666667,2026-09-02T18:00:00+08:00
2026-09-09,S03,K06,2,0,Z1,0.0000000000,2026-08-30 12:00:00+08:00,12599.0000000000,11dc7caa1610c9b23166e144d131e72ce3e21ed1de55615549b26756c34385af,1,,,,0,4.3666666667,2026-09-02T18:00:00+08:00
2026-09-09,S03,K07,2,0,Z1,0.0000000000,2026-08-30 12:00:00+08:00,12600.0000000000,9748abbb5184e82ba79225708d0e9813b47f280137e1ba450102b06c69f6f54b,1,,,,0,4.3666666667,2026-09-02T18:00:00+08:00
2026-09-09,S03,K08,2,0,Z1,0.0000000000,2026-08-30 12:00:00+08:00,12601.0000000000,fa056407a6974c8eb4c0033d386723bb7e54855876a585bd97d1dfb52bf0fc94,1,,,,0,4.3666666667,2026-09-02T18:00:00+08:00
2026-09-09,S04,K01,2,0,Z1,0.0000000000,2026-08-30 12:00:00+08:00,12602.0000000000,4f98df16925a0d5c5c22c447007e08350defc5b9ab7d0f77f197908e03465442,1,,,,0,4.3666666667,2026-09-02T18:00:00+08:00
2026-09-09,S04,K02,2,0,Z1,0.0000000000,2026-08-30 12:00:00+08:00,12603.0000000000,48ea33dbbd5d9de92878db8ff516d8ea918b80282fe125d7dcfb51dfb4f2fcb1,1,,,,0,4.3666666667,2026-09-02T18:00:00+08:00
2026-09-09,S04,K03,2,0,Z1,0.0000000000,2026-08-30 12:00:00+08:00,12604.0000000000,4ac0280f532103a0b51ecd4b152153ffbde3649332e84712b859d5228be65604,1,,,,0,4.3666666667,2026-09-02T18:00:00+08:00
2026-09-09,S04,K04,2,0,Z1,0.0000000000,2026-08-30 12:00:00+08:00,12605.0000000000,f6e011d711fb7873244c7f7725e09ad2c9372a97b732e803c54e2469e3e716e9,1,,,,0,4.3666666667,2026-09-02T18:00:00+08:00
2026-09-09,S04,K05,2,0,Z1,0.0000000000,2026-08-30 12:00:00+08:00,12606.0000000000,b9af82b536493c8277040bc35764d82448c33e4931271cea87b2f02aea3488a8,1,,,,0,4.3666666667,2026-09-02T18:00:00+08:00
2026-09-09,S04,K06,2,0,Z1,0.0000000000,2026-08-30 12:00:00+08:00,12607.0000000000,fe145d0916aefbd355243fbf3c8975c479fa52b9b8b89558be08cba584d1b157,1,,,,0,4.3666666667,2026-09-02T18:00:00+08:00
2026-09-09,S04,K07,2,0,Z1,0.0000000000,2026-08-30 12:00:00+08:00,12608.0000000000,c069257844f840ce95c360d389a2fdbb019424fdc40a5a4bc2fdc7ed8d687473,1,,,,0,4.3666666667,2026-09-02T18:00:00+08:00
2026-09-09,S04,K08,2,0,Z1,0.0000000000,2026-08-30 12:00:00+08:00,12609.0000000000,a72d85313e5ad5165f300af99a9f362f21c06d5e0c85032c26327551d0427805,1,,,,0,4.3666666667,2026-09-02T18:00:00+08:00
2026-09-09,S05,K01,2,0,Z2,0.0000000000,2026-08-30 12:00:00+08:00,12610.0000000000,3d60ebcd33a65a8a66f3cf88ec5f2cb0c632672262e6f60b64aea1f1039510db,1,,,,0,4.3666666667,2026-09-02T18:00:00+08:00
2026-09-09,S05,K02,2,0,Z2,0.0000000000,2026-08-30 12:00:00+08:00,12611.0000000000,baed29597af0e52e99854d6c858ce4934b5a839f9b58d45a309aceb07d4abaf4,1,,,,0,4.3666666667,2026-09-02T18:00:00+08:00
2026-09-09,S05,K03,2,0,Z2,0.0000000000,2026-08-30 12:00:00+08:00,12612.0000000000,dfb919e013a5b83c70352cef9a311c79df962291ff2a28305210b76d2ace634c,1,,,,0,4.3666666667,2026-09-02T18:00:00+08:00
2026-09-09,S05,K04,2,0,Z2,0.0000000000,2026-08-30 12:00:00+08:00,12613.0000000000,ed1d4ae5ed53985260f2435760a24fd647364a057daee68971eb51e21fa5e333,1,,,,0,4.3666666667,2026-09-02T18:00:00+08:00
2026-09-09,S05,K05,2,0,Z2,0.0000000000,2026-08-30 12:00:00+08:00,12614.0000000000,ef0d5a9e42fdfb014d0b249e59033c49d50dc748799c04d4c63a9cfbdab78c9a,1,,,,0,4.3666666667,2026-09-02T18:00:00+08:00
2026-09-09,S05,K06,2,0,Z2,0.0000000000,2026-08-30 12:00:00+08:00,12615.0000000000,2eef6d8dea1c0e34ee98087dfa5f2125158e35b8ffc62b4a30b3649da5ea50b0,1,,,,0,4.3666666667,2026-09-02T18:00:00+08:00
2026-09-09,S05,K07,2,0,Z2,0.0000000000,2026-08-30 12:00:00+08:00,12616.0000000000,dc2402207fed015e81c1af79b5d20c5c1723e1c927b963a73d03973abaedf9e9,1,,,,0,4.3666666667,2026-09-02T18:00:00+08:00
2026-09-09,S05,K08,2,0,Z2,0.1500000000,2026-08-30 12:00:00+08:00,12617.0000000000,2b9c50cd6c1fa71f101d517a702e99e1aecdb5b1c0a17044c02078c5462cdd88,1,,,,0,4.3666666667,2026-09-02T18:00:00+08:00
2026-09-09,S06,K01,2,0,Z2,0.0000000000,2026-08-30 12:00:00+08:00,12618.0000000000,a77fbf664e6a4f836ce7b17329e00a579090a812a592191f66901a4c7d4065ec,1,,,,0,4.3666666667,2026-09-02T18:00:00+08:00
2026-09-09,S06,K02,2,0,Z2,0.0000000000,2026-08-30 12:00:00+08:00,12619.0000000000,a8881a4fce31b83f2aabe73583cc672a3b686b81766da6a6bee7fa313e0a0eae,1,,,,0,4.3666666667,2026-09-02T18:00:00+08:00
2026-09-09,S06,K03,2,0,Z2,0.0000000000,2026-08-30 12:00:00+08:00,12620.0000000000,718f716df11939b53baa9b5cb4134e9d28d08b21416a68d9a1291f0fa483bbd3,1,,,,0,4.3666666667,2026-09-02T18:00:00+08:00
2026-09-09,S06,K04,2,0,Z2,0.0000000000,2026-08-30 12:00:00+08:00,12621.0000000000,ddd5d31c0db1b49d32326e3c53a0d81ea661cbc1cfdc601c6406c85f633a6aa8,1,,,,0,4.3666666667,2026-09-02T18:00:00+08:00
2026-09-09,S06,K05,2,0,Z2,0.0000000000,2026-08-30 12:00:00+08:00,12622.0000000000,674fcc9db625fd19534a547a363bdd21d5ad692a50edbc78c68c6b021f8bb03d,1,,,,0,4.3666666667,2026-09-02T18:00:00+08:00
2026-09-09,S06,K06,2,0,Z2,0.1500000000,2026-08-30 12:00:00+08:00,12623.0000000000,eee15a7dca717d3d1e1dbc59c6bbf15a1ffaec3554755a410f154ccf2c05c9f0,1,,,,0,4.3666666667,2026-09-02T18:00:00+08:00
2026-09-09,S06,K07,2,0,Z2,0.1500000000,2026-08-30 12:00:00+08:00,12624.0000000000,68130d0228d301cb189aaacc0f29f0622ff7ebe37fb036b562b23323e85cdde8,1,,,,0,4.3666666667,2026-09-02T18:00:00+08:00
2026-09-09,S06,K08,2,0,Z2,0.0000000000,2026-08-30 12:00:00+08:00,12625.0000000000,dd8f0e552190e046051019722ed6d4b6d00496083a4f1e16c6ba4900a710c54d,1,,,,0,4.3666666667,2026-09-02T18:00:00+08:00
2026-09-09,S07,K01,2,0,Z2,0.0000000000,2026-08-30 12:00:00+08:00,12626.0000000000,66f6de05474fb5b816f2c0d7e049bd2099d821ef28a61b75089273c92e492159,1,,,,0,4.3666666667,2026-09-02T18:00:00+08:00
2026-09-09,S07,K02,2,0,Z2,0.0000000000,2026-08-30 12:00:00+08:00,12627.0000000000,54cd66282a361b5cf57335dd2b67e2bf31a08f0ba4f9dfe5eb5b885da725989d,1,,,,0,4.3666666667,2026-09-02T18:00:00+08:00
2026-09-09,S07,K03,2,0,Z2,0.0000000000,2026-08-30 12:00:00+08:00,12628.0000000000,c41c162341d8fb6649e7f4cd1276a9c245f86a8726bedb198e0ac9577ce868bb,1,,,,0,4.3666666667,2026-09-02T18:00:00+08:00
2026-09-09,S07,K04,2,0,Z2,0.0000000000,2026-08-30 12:00:00+08:00,12629.0000000000,368762b96cc7195ab069277181ee8db9893dd35976d1f23bae4cbd2f261ced30,1,,,,0,4.3666666667,2026-09-02T18:00:00+08:00
2026-09-09,S07,K05,2,0,Z2,0.1500000000,2026-08-30 12:00:00+08:00,12630.0000000000,26f897aaf89c3bd135aefda295385bb0e566af2470eda00dd389981cb18d0ec6,1,,,,0,4.3666666667,2026-09-02T18:00:00+08:00
2026-09-09,S07,K06,2,0,Z2,0.1500000000,2026-08-30 12:00:00+08:00,12631.0000000000,54e3d7d89a1fd9a68aa5f460a08fca2b7f5004deac5711951f377574860e499f,1,,,,0,4.3666666667,2026-09-02T18:00:00+08:00
2026-09-09,S07,K07,2,0,Z2,0.0000000000,2026-08-30 12:00:00+08:00,12632.0000000000,33e13644b1030aa4328d4afc250eabe81ebf8c067cd64c65cc129ab4efe07d04,1,,,,0,4.3666666667,2026-09-02T18:00:00+08:00
2026-09-09,S07,K08,2,0,Z2,0.0000000000,2026-08-30 12:00:00+08:00,12633.0000000000,37a5361db89670c5ed3a7b6e12ec98eedcb09ddb8059ccba14f0022bccf9df15,1,,,,0,4.3666666667,2026-09-02T18:00:00+08:00
2026-09-09,S08,K01,2,0,Z2,0.0000000000,2026-08-30 12:00:00+08:00,12634.0000000000,48929c6eb713f1f89025bd7533f1040f494992266a90250deb5fb01b8b148bab,1,,,,0,4.3666666667,2026-09-02T18:00:00+08:00
2026-09-09,S08,K02,2,0,Z2,0.0000000000,2026-08-30 12:00:00+08:00,12635.0000000000,84c3167261da864ed644953d0fa4da846a25e8818c9abd3d7a4a790ec586ee5f,1,,,,0,4.3666666667,2026-09-02T18:00:00+08:00
2026-09-09,S08,K03,2,0,Z2,0.1500000000,2026-08-30 12:00:00+08:00,12636.0000000000,c954096956c32306fb5d45a32df6791aff602c3cceb7cefe2dfb3def78d0f3ba,1,,,,0,4.3666666667,2026-09-02T18:00:00+08:00
2026-09-09,S08,K04,2,0,Z2,0.1500000000,2026-08-30 12:00:00+08:00,12637.0000000000,5dd18979e200c64ae89f9acb91b70ee96d9859861e567ee6ab6ec2ce355dbcec,1,,,,0,4.3666666667,2026-09-02T18:00:00+08:00
2026-09-09,S08,K05,2,0,Z2,0.0000000000,2026-08-30 12:00:00+08:00,12638.0000000000,a29c1093b42a02ca425f4b185d69d0c8faab98fe909f4e8966d5af61503a254e,1,,,,0,4.3666666667,2026-09-02T18:00:00+08:00
2026-09-09,S08,K06,2,0,Z2,0.0000000000,2026-08-30 12:00:00+08:00,12639.0000000000,87052cfe9aed5b45e9cfa78c76e1bf116254ddb550f95816fd7438c01bd957bb,1,,,,0,4.3666666667,2026-09-02T18:00:00+08:00
2026-09-09,S08,K07,2,0,Z2,0.0000000000,2026-08-30 12:00:00+08:00,12640.0000000000,0190e9725b1a6a00fe1949b2c6c7dc00d630a9d9404a8eb30fad574a4b674c57,1,,,,0,4.3666666667,2026-09-02T18:00:00+08:00
2026-09-09,S08,K08,2,0,Z2,0.0000000000,2026-08-30 12:00:00+08:00,12641.0000000000,e5719c65e91f49ee7428c6485a21dec507bc476af98e86d2aa4b6a3c8e6ba12e,1,,,,0,4.3666666667,2026-09-02T18:00:00+08:00
2026-09-09,S09,K01,2,0,Z3,0.0000000000,2026-08-30 12:00:00+08:00,12642.0000000000,ce3c12b56557d52ba0910974a89f772a49bcb7b812e4acd2cc8dbd31b8fe4290,1,,,,0,4.3666666667,2026-09-02T18:00:00+08:00
2026-09-09,S09,K02,2,0,Z3,0.1500000000,2026-08-30 12:00:00+08:00,12643.0000000000,a62cd4a243d74bfae06837b40fd331082320ba6820f2bf5e4599fdd34c539a47,1,,,,0,4.3666666667,2026-09-02T18:00:00+08:00
2026-09-09,S09,K03,2,0,Z3,0.1500000000,2026-08-30 12:00:00+08:00,12644.0000000000,7dff4f090f57ffea34feee77bb9bb1694f4d23a10cf556c1d2790c0e4eed7a15,1,,,,0,4.3666666667,2026-09-02T18:00:00+08:00
2026-09-09,S09,K04,2,0,Z3,0.0000000000,2026-08-30 12:00:00+08:00,12645.0000000000,b5f45d3ce901a3562d3c576c8ca77c521d06cb35376394515497c6f280683098,1,,,,0,4.3666666667,2026-09-02T18:00:00+08:00
2026-09-09,S09,K05,2,0,Z3,0.0000000000,2026-08-30 12:00:00+08:00,12646.0000000000,1eb373bf152c693a09f2c4db2f36ade0624d0f08668036486cbf5af0756d9a0c,1,,,,0,4.3666666667,2026-09-02T18:00:00+08:00
2026-09-09,S09,K06,2,0,Z3,0.0000000000,2026-08-30 12:00:00+08:00,12647.0000000000,b00c39d1ac2994f04167226478ba0c2257035576047ada359b10bf0f116c52ec,1,,,,0,4.3666666667,2026-09-02T18:00:00+08:00
2026-09-09,S09,K07,2,0,Z3,0.0000000000,2026-08-30 12:00:00+08:00,12648.0000000000,1f7f4ea034050979f48efd1a454891767438cdb90cb2577021c41235ceca6352,1,,,,0,4.3666666667,2026-09-02T18:00:00+08:00
2026-09-09,S09,K08,2,0,Z3,0.0000000000,2026-08-30 12:00:00+08:00,12649.0000000000,bef70a6c054846ece51a770708e017537677b76545976bff407893aaf3fa518c,1,,,,0,4.3666666667,2026-09-02T18:00:00+08:00
2026-09-09,S10,K01,2,0,Z3,0.1500000000,2026-08-30 12:00:00+08:00,12650.0000000000,231f3e712bfd4b2537dabab2f5f5b34d05fe648c4816686151c99d00cc1e13f2,1,,,,0,4.3666666667,2026-09-02T18:00:00+08:00
2026-09-09,S10,K02,2,0,Z3,0.0000000000,2026-08-30 12:00:00+08:00,12651.0000000000,7ec28e30524de21da5455637834fcdf08179ace7a112abb7bc0fb40e9aad0967,1,,,,0,4.3666666667,2026-09-02T18:00:00+08:00
2026-09-09,S10,K03,2,0,Z3,0.0000000000,2026-08-30 12:00:00+08:00,12652.0000000000,facf1ec907dd4b0c8153abbbbf3ff03e1b438d0df9f89a09884ab446db759e64,1,,,,0,4.3666666667,2026-09-02T18:00:00+08:00
2026-09-09,S10,K04,2,0,Z3,0.0000000000,2026-08-30 12:00:00+08:00,12653.0000000000,d72c5deb41c1bdaea595a9254d21751a8a74d83ebbdcadf70f1479c4a1f98ae8,1,,,,0,4.3666666667,2026-09-02T18:00:00+08:00
2026-09-09,S10,K05,2,0,Z3,0.0000000000,2026-08-30 12:00:00+08:00,12654.0000000000,848dfbee1f93e4e0d03954de7861f0c7fbebd7b5d6f2dad56c63dc7816be5ff4,1,,,,0,4.3666666667,2026-09-02T18:00:00+08:00
2026-09-09,S10,K06,2,0,Z3,0.0000000000,2026-08-30 12:00:00+08:00,12655.0000000000,b4ebc507567cf76537a3a0617d20dde9582bfd245ffeaddd01ebf0790af947f6,1,,,,0,4.3666666667,2026-09-02T18:00:00+08:00
2026-09-09,S10,K07,2,0,Z3,0.0000000000,2026-08-30 12:00:00+08:00,12656.0000000000,eb09e4fbd36127d52429583e5cfcb2d59f107c3dd533583b417faae7839cbb29,1,,,,0,4.3666666667,2026-09-02T18:00:00+08:00
2026-09-09,S10,K08,2,0,Z3,0.0000000000,2026-08-30 12:00:00+08:00,12657.0000000000,7aafc4a97573a991db9a5d22d5ae17d88320d040ac82ab9a013736663cf6dddc,1,,,,0,4.3666666667,2026-09-02T18:00:00+08:00
2026-09-09,S11,K01,2,0,Z3,0.0000000000,2026-08-30 12:00:00+08:00,12658.0000000000,9a809eb46f14e8815ca39ff59457ff79388c1a5d7a0961eafa3f907a172473bb,1,,,,0,4.3666666667,2026-09-02T18:00:00+08:00
2026-09-09,S11,K02,2,0,Z3,0.0000000000,2026-08-30 12:00:00+08:00,12659.0000000000,1843e47e2a25ffdfd548d91e1a308d25d9914ed4964d5cb203c710e5642eeb01,1,,,,0,4.3666666667,2026-09-02T18:00:00+08:00
2026-09-09,S11,K03,2,0,Z3,0.0000000000,2026-08-30 12:00:00+08:00,12660.0000000000,0221d08874af3a70f80649bd727082a4d1e9924a1ddfac838a0e6bb1ef834e80,1,,,,0,4.3666666667,2026-09-02T18:00:00+08:00
2026-09-09,S11,K04,2,0,Z3,0.0000000000,2026-08-30 12:00:00+08:00,12661.0000000000,929705452545adaf78a60509a4317304264b1f2f791b0496061b17b1b5c5a9f4,1,,,,0,4.3666666667,2026-09-02T18:00:00+08:00
2026-09-09,S11,K05,2,0,Z3,0.0000000000,2026-08-30 12:00:00+08:00,12662.0000000000,11f1601349e6c5db06155a3f8fb7f79e7e012c7d56ee3c7ac84a136d7a8b987c,1,,,,0,4.3666666667,2026-09-02T18:00:00+08:00
2026-09-09,S11,K06,2,0,Z3,0.0000000000,2026-08-30 12:00:00+08:00,12663.0000000000,bb556d976897f50f4e6be09e186a14f7bfe250ad503edeaa5daf3d229e807777,1,,,,0,4.3666666667,2026-09-02T18:00:00+08:00
2026-09-09,S11,K07,2,0,Z3,0.0000000000,2026-08-30 12:00:00+08:00,12664.0000000000,094fbfb1adab1dc52af3047380e23b8399530be157d7814778fddba0fe977476,1,,,,0,4.3666666667,2026-09-02T18:00:00+08:00
2026-09-09,S11,K08,2,0,Z3,0.0000000000,2026-08-30 12:00:00+08:00,12665.0000000000,3549535ecf5879bdb5426012ebbbdd984eb5623af9bab47c75d5cb003c864de9,1,,,,0,4.3666666667,2026-09-02T18:00:00+08:00
2026-09-09,S12,K01,2,0,Z3,0.0000000000,2026-08-30 12:00:00+08:00,12666.0000000000,290cad1eac9c2ed87d8bc4138864d619da49f321b237c9aa2f8bca5cfe905325,1,,,,0,4.3666666667,2026-09-02T18:00:00+08:00
2026-09-09,S12,K02,2,0,Z3,0.0000000000,2026-08-30 12:00:00+08:00,12667.0000000000,9091bfcadbd3817300f5f5667036d344408a5f10f18280aa83ab651a89473a6b,1,,,,0,4.3666666667,2026-09-02T18:00:00+08:00
2026-09-09,S12,K03,2,0,Z3,0.0000000000,2026-08-30 12:00:00+08:00,12668.0000000000,187015504423e882dc3cd2924aab16a535dca2c90c277ae58ba5a17c6c22e82d,1,,,,0,4.3666666667,2026-09-02T18:00:00+08:00
2026-09-09,S12,K04,2,0,Z3,0.0000000000,2026-08-30 12:00:00+08:00,12669.0000000000,90ee70785c61aaf6c5403dc643f918ad1075b05165704f0dfc6ab4a4dd4bc0d0,1,,,,0,4.3666666667,2026-09-02T18:00:00+08:00
2026-09-09,S12,K05,2,0,Z3,0.0000000000,2026-08-30 12:00:00+08:00,12670.0000000000,263442b6e0d6d4a935fc2c669abe7e7434fb7461022aae470c9970f501ec7740,1,,,,0,4.3666666667,2026-09-02T18:00:00+08:00
2026-09-09,S12,K06,2,0,Z3,0.0000000000,2026-08-30 12:00:00+08:00,12671.0000000000,2ce91fd05e37be92b3809742568227b2f654b307692b77bcd7028ffb95bb7f64,1,,,,0,4.3666666667,2026-09-02T18:00:00+08:00
2026-09-09,S12,K07,2,0,Z3,0.0000000000,2026-08-30 12:00:00+08:00,12672.0000000000,3be176df86b4a35548f29c0c213cab22c8663305deee93d05216fc8fe57496f8,1,,,,0,4.3666666667,2026-09-02T18:00:00+08:00
2026-09-09,S12,K08,2,0,Z3,0.0000000000,2026-08-30 12:00:00+08:00,12673.0000000000,b7521a0fc423a5f1973587b3d80e7547bc2f89ebd0f1ebc988140062c6b1ab14,1,,,,0,4.3666666667,2026-09-02T18:00:00+08:00
2026-09-10,S01,K01,3,0,Z1,0.0000000000,2026-08-31 12:00:00+08:00,12674.0000000000,1082b90f713436c3e892b14d88d0c928d238454f19f67d20a37a982e2e2797ef,1,,,,0,4.4000000000,2026-09-02T18:00:00+08:00
2026-09-10,S01,K02,3,0,Z1,0.1500000000,2026-08-31 12:00:00+08:00,12675.0000000000,2677aeff169aaba15d84901267cef245c41ae8029ece8ca7af31d6e80e89c032,1,,,,0,4.4000000000,2026-09-02T18:00:00+08:00
2026-09-10,S01,K03,3,0,Z1,0.1500000000,2026-08-31 12:00:00+08:00,12676.0000000000,ff3f56dd598d91ac898a9fcc179f52e57efb1e3d3eb81818464ad894bf6185dc,1,,,,0,4.4000000000,2026-09-02T18:00:00+08:00
2026-09-10,S01,K04,3,0,Z1,0.0000000000,2026-08-31 12:00:00+08:00,12677.0000000000,c55c851cf4ec3c882820973b99928f94fe9da16fba54f0cbbbe97d0fab421a1f,1,,,,0,4.4000000000,2026-09-02T18:00:00+08:00
2026-09-10,S01,K05,3,0,Z1,0.0000000000,2026-08-31 12:00:00+08:00,12678.0000000000,e914cc0c16a219e939e66e07cf17a97c20f1c67d34c6f09d5a08f636792f96c1,1,,,,0,4.4000000000,2026-09-02T18:00:00+08:00
2026-09-10,S01,K06,3,0,Z1,0.0000000000,2026-08-31 12:00:00+08:00,12679.0000000000,84bacc54916714a68dbc7f01789588aee50077e1a2c26d2688a7523caaa5cc2d,1,,,,0,4.4000000000,2026-09-02T18:00:00+08:00
2026-09-10,S01,K07,3,0,Z1,0.0000000000,2026-08-31 12:00:00+08:00,12680.0000000000,5c4925091b3ebe92415ccb154d06a3eb4508207d53cddfbe0dc9620bdc7f7df0,1,,,,0,4.4000000000,2026-09-02T18:00:00+08:00
2026-09-10,S01,K08,3,0,Z1,0.0000000000,2026-08-31 12:00:00+08:00,12681.0000000000,d5d982cbdfd9b091436130fec2cfc06e42c64ba7b63bdbd0eb3ad6eacf3c4ca0,1,,,,0,4.4000000000,2026-09-02T18:00:00+08:00
2026-09-10,S02,K01,3,0,Z1,0.1500000000,2026-08-31 12:00:00+08:00,12682.0000000000,ae356b6b1784d255d3dd2e75d119f1e79b63af6fa8e3948a66628a9e6788abd4,1,,,,0,4.4000000000,2026-09-02T18:00:00+08:00
2026-09-10,S02,K02,3,0,Z1,0.0000000000,2026-08-31 12:00:00+08:00,12683.0000000000,97150577b3d278ceae486bd758e8aa64536e11e438ae0c5c8377d1d9433a63d6,1,,,,0,4.4000000000,2026-09-02T18:00:00+08:00
2026-09-10,S02,K03,3,0,Z1,0.0000000000,2026-08-31 12:00:00+08:00,12684.0000000000,fb969acac8f2085a9bcac7b073c5bb0c20bc0f12c8e1299c492716420c2799ca,1,,,,0,4.4000000000,2026-09-02T18:00:00+08:00
2026-09-10,S02,K04,3,0,Z1,0.0000000000,2026-08-31 12:00:00+08:00,12685.0000000000,742835aeff52b50ee2baa0a54685126b0285fac9f2c9980ab43ec13c147a46fc,1,,,,0,4.4000000000,2026-09-02T18:00:00+08:00
2026-09-10,S02,K05,3,0,Z1,0.0000000000,2026-08-31 12:00:00+08:00,12686.0000000000,3014ffbcf401cca6383f2fd997866d605ec6fef70b9a9724c2fda678c8520153,1,,,,0,4.4000000000,2026-09-02T18:00:00+08:00
2026-09-10,S02,K06,3,0,Z1,0.0000000000,2026-08-31 12:00:00+08:00,12687.0000000000,524c83efb6a9e8d3c312cc6dd3e5264a00473da936ae65061cf366fa6c8be247,1,,,,0,4.4000000000,2026-09-02T18:00:00+08:00
2026-09-10,S02,K07,3,0,Z1,0.0000000000,2026-08-31 12:00:00+08:00,12688.0000000000,d8dbdbc0ce6fe46a0b832990e63e1b871eda84dbb40f46fbe5e2722ce18b5e0c,1,,,,0,4.4000000000,2026-09-02T18:00:00+08:00
2026-09-10,S02,K08,3,0,Z1,0.0000000000,2026-08-31 12:00:00+08:00,12689.0000000000,bb6edae5fa62351a48485f72ae2339f875a319361d04967b4eab4a1bc3fefad9,1,,,,0,4.4000000000,2026-09-02T18:00:00+08:00
2026-09-10,S03,K01,3,0,Z1,0.0000000000,2026-08-31 12:00:00+08:00,12690.0000000000,15388425676bed508bc2f3f33fa9b6357541de3ec4c6cdaafbafbb70df875665,1,,,,0,4.4000000000,2026-09-02T18:00:00+08:00
2026-09-10,S03,K02,3,0,Z1,0.0000000000,2026-08-31 12:00:00+08:00,12691.0000000000,7db59aae36c9aa94a304e2ee8a09cf7e0f9b3fc88f6ed804b6d0bd428e903edd,1,,,,0,4.4000000000,2026-09-02T18:00:00+08:00
2026-09-10,S03,K03,3,0,Z1,0.0000000000,2026-08-31 12:00:00+08:00,12692.0000000000,d9e583adae657c788577a69f3956b14e7acef42e3fda832dae5a9b35339e81f8,1,,,,0,4.4000000000,2026-09-02T18:00:00+08:00
2026-09-10,S03,K04,3,0,Z1,0.0000000000,2026-08-31 12:00:00+08:00,12693.0000000000,a703436ada4e3c4b01dfae0ffff52f904d708df5063933daf409a8f1a19d6c32,1,,,,0,4.4000000000,2026-09-02T18:00:00+08:00
2026-09-10,S03,K05,3,0,Z1,0.0000000000,2026-08-31 12:00:00+08:00,12694.0000000000,f857fc7a18a92ed965b2a587088f9f10501dc0ec967204ed84557130673b5a5d,1,,,,0,4.4000000000,2026-09-02T18:00:00+08:00
2026-09-10,S03,K06,3,0,Z1,0.0000000000,2026-08-31 12:00:00+08:00,12695.0000000000,f9ae8febc4b88a085b677bfe7ef7463777b2295e0883fcc747a8cbf9df28a1b7,1,,,,0,4.4000000000,2026-09-02T18:00:00+08:00
2026-09-10,S03,K07,3,0,Z1,0.0000000000,2026-08-31 12:00:00+08:00,12696.0000000000,4ace37570960d1a750259559651f59bfdcdc3535c8163d1f7580beb5b2ab5be9,1,,,,0,4.4000000000,2026-09-02T18:00:00+08:00
2026-09-10,S03,K08,3,0,Z1,0.0000000000,2026-08-31 12:00:00+08:00,12697.0000000000,948cd3b38d1e359335b21457e42d3ca0e68c859485d4d70765bf215c77b76e56,1,,,,0,4.4000000000,2026-09-02T18:00:00+08:00
2026-09-10,S04,K01,3,0,Z1,0.0000000000,2026-08-31 12:00:00+08:00,12698.0000000000,333e20768b3b644cb55908356c3f28e1a9f7eb39562ada3770796d1a09150646,1,,,,0,4.4000000000,2026-09-02T18:00:00+08:00
2026-09-10,S04,K02,3,0,Z1,0.0000000000,2026-08-31 12:00:00+08:00,12699.0000000000,16da3fa0195b74ac9caab30c50faec1abf03b4d3293e47b52f5550212519b0c5,1,,,,0,4.4000000000,2026-09-02T18:00:00+08:00
2026-09-10,S04,K03,3,0,Z1,0.0000000000,2026-08-31 12:00:00+08:00,12700.0000000000,07e6f665e52c28c3861fb8957f18b3c46a9dd10a207387df77abfb90fe48f841,1,,,,0,4.4000000000,2026-09-02T18:00:00+08:00
2026-09-10,S04,K04,3,0,Z1,0.0000000000,2026-08-31 12:00:00+08:00,12701.0000000000,fbdf992f795302aae12570a6f7c1ed4eaf369651052f8872a628525d4a426656,1,,,,0,4.4000000000,2026-09-02T18:00:00+08:00
2026-09-10,S04,K05,3,0,Z1,0.0000000000,2026-08-31 12:00:00+08:00,12702.0000000000,a7c756cb1550820aee15b92924863df40584457954352d16594d7e4c84d5e703,1,,,,0,4.4000000000,2026-09-02T18:00:00+08:00
2026-09-10,S04,K06,3,0,Z1,0.0000000000,2026-08-31 12:00:00+08:00,12703.0000000000,d32b0f0859e9b3828ec26eec8048865cd23e336c55ec149b58b61f1d3b3e71e8,1,,,,0,4.4000000000,2026-09-02T18:00:00+08:00
2026-09-10,S04,K07,3,0,Z1,0.0000000000,2026-08-31 12:00:00+08:00,12704.0000000000,80e630d5cbb6f667781d8cdee0b3d9430a23c70911f58dc71917cd5ea3d12e56,1,,,,0,4.4000000000,2026-09-02T18:00:00+08:00
2026-09-10,S04,K08,3,0,Z1,0.0000000000,2026-08-31 12:00:00+08:00,12705.0000000000,096f3f858e181eb817471ad58c049f2fd275df0e328a1e063c91f2f3ba11de32,1,,,,0,4.4000000000,2026-09-02T18:00:00+08:00
2026-09-10,S05,K01,3,0,Z2,0.0000000000,2026-08-31 12:00:00+08:00,12706.0000000000,9213c48dd40eba3706fff692667082912b7f38d468437ac04996cd5ef7ecc190,1,,,,0,4.4000000000,2026-09-02T18:00:00+08:00
2026-09-10,S05,K02,3,0,Z2,0.0000000000,2026-08-31 12:00:00+08:00,12707.0000000000,45973d03285857227acfa433e4c365d10b298115176b610ee93cb357d48f4ec0,1,,,,0,4.4000000000,2026-09-02T18:00:00+08:00
2026-09-10,S05,K03,3,0,Z2,0.0000000000,2026-08-31 12:00:00+08:00,12708.0000000000,7742494e455cb51189d4f2766494b3a434f09fe4660c485fc4917f9221bf4be9,1,,,,0,4.4000000000,2026-09-02T18:00:00+08:00
2026-09-10,S05,K04,3,0,Z2,0.0000000000,2026-08-31 12:00:00+08:00,12709.0000000000,9bd7047d619a425fab0060c3b318ff1b3074fae42e73ab05f7675a07171f276c,1,,,,0,4.4000000000,2026-09-02T18:00:00+08:00
2026-09-10,S05,K05,3,0,Z2,0.0000000000,2026-08-31 12:00:00+08:00,12710.0000000000,b11a28e3ab207db3ef55a277f817295a45f440a3f40f79d4c2b0979f43078fe8,1,,,,0,4.4000000000,2026-09-02T18:00:00+08:00
2026-09-10,S05,K06,3,0,Z2,0.0000000000,2026-08-31 12:00:00+08:00,12711.0000000000,75f6a4b76ccd3413a4d7cd55021489c23daa3a109476950d094aa23bb38ff818,1,,,,0,4.4000000000,2026-09-02T18:00:00+08:00
2026-09-10,S05,K07,3,0,Z2,0.1500000000,2026-08-31 12:00:00+08:00,12712.0000000000,31cdc58db4b45e2d03be39982aa26329c43002697a4513fb2bf11710fab82ea2,1,,,,0,4.4000000000,2026-09-02T18:00:00+08:00
2026-09-10,S05,K08,3,0,Z2,0.1500000000,2026-08-31 12:00:00+08:00,12713.0000000000,8f45b216cec4fea13a7de24739a616eb9b9ad4fe32b0f3955cf382f8cdb1c4b4,1,,,,0,4.4000000000,2026-09-02T18:00:00+08:00
2026-09-10,S06,K01,3,0,Z2,0.0000000000,2026-08-31 12:00:00+08:00,12714.0000000000,c9da6490344e96cdd66e50664829d1173d6d7de2cf0c9377871d42cfaa61daae,1,,,,0,4.4000000000,2026-09-02T18:00:00+08:00
2026-09-10,S06,K02,3,0,Z2,0.0000000000,2026-08-31 12:00:00+08:00,12715.0000000000,62f4d70db8bf41db94d1cf8d3c5dc12a9a1389ef50e6e57e1feaadf2233b2cbc,1,,,,0,4.4000000000,2026-09-02T18:00:00+08:00
2026-09-10,S06,K03,3,0,Z2,0.0000000000,2026-08-31 12:00:00+08:00,12716.0000000000,3a11b2061ba6f1380b95c54e7ea73c302a58810fb138be30bc73cf385fc3bb22,1,,,,0,4.4000000000,2026-09-02T18:00:00+08:00
2026-09-10,S06,K04,3,0,Z2,0.0000000000,2026-08-31 12:00:00+08:00,12717.0000000000,2f31f3fb546cb3698bdf7d672ad5a76540e08748e79bdecd157d705092a3b7a2,1,,,,0,4.4000000000,2026-09-02T18:00:00+08:00
2026-09-10,S06,K05,3,0,Z2,0.0000000000,2026-08-31 12:00:00+08:00,12718.0000000000,da4df01676e14810e01a9c69b91437a9de39b33f76d9e016d961e4d89fb6eaf7,1,,,,0,4.4000000000,2026-09-02T18:00:00+08:00
2026-09-10,S06,K06,3,0,Z2,0.1500000000,2026-08-31 12:00:00+08:00,12719.0000000000,f726ba4f614a555d529ecc85ff8487322cb5d6339c1667ad301afac8b7839043,1,,,,0,4.4000000000,2026-09-02T18:00:00+08:00
2026-09-10,S06,K07,3,0,Z2,0.1500000000,2026-08-31 12:00:00+08:00,12720.0000000000,7de7ec7ca7c38bf20df42562c4cd735f46b2e0561bfacfb012048a7acef12ff2,1,,,,0,4.4000000000,2026-09-02T18:00:00+08:00
2026-09-10,S06,K08,3,0,Z2,0.0000000000,2026-08-31 12:00:00+08:00,12721.0000000000,1a7b04ac15ff8b4c7169bbf1386abec72ecdd9650674a34e7abb5d79b8bee8ed,1,,,,0,4.4000000000,2026-09-02T18:00:00+08:00
2026-09-10,S07,K01,3,0,Z2,0.0000000000,2026-08-31 12:00:00+08:00,12722.0000000000,95f922b19a46c376955e3bd451ff959b6e355270a4811b82aad0190f56ffe8ac,1,,,,0,4.4000000000,2026-09-02T18:00:00+08:00
2026-09-10,S07,K02,3,0,Z2,0.0000000000,2026-08-31 12:00:00+08:00,12723.0000000000,5d7adca8f5b2327e4a88003c44394d5bc14a3ce93c3675290bd1f3f3270e36f7,1,,,,0,4.4000000000,2026-09-02T18:00:00+08:00
2026-09-10,S07,K03,3,0,Z2,0.0000000000,2026-08-31 12:00:00+08:00,12724.0000000000,f609c88bfb0e74b67e632da3d411c67566ffdc8bd3a38959a9e529ef67a7e47e,1,,,,0,4.4000000000,2026-09-02T18:00:00+08:00
2026-09-10,S07,K04,3,0,Z2,0.1500000000,2026-08-31 12:00:00+08:00,12725.0000000000,adb0adfc3f396e3cb009528ff9524123225c2a6c33b05d8e0468acfc2f6b3521,1,,,,0,4.4000000000,2026-09-02T18:00:00+08:00
2026-09-10,S07,K05,3,0,Z2,0.1500000000,2026-08-31 12:00:00+08:00,12726.0000000000,a5f9c46bb36c858436f1f233b4a10108a36c52c9510541f3bdd336ee9d367187,1,,,,0,4.4000000000,2026-09-02T18:00:00+08:00
2026-09-10,S07,K06,3,0,Z2,0.0000000000,2026-08-31 12:00:00+08:00,12727.0000000000,af21eec3b777c515ec83eab978d18fdd49aa786bda73366fcbe0d11a8f96160b,1,,,,0,4.4000000000,2026-09-02T18:00:00+08:00
2026-09-10,S07,K07,3,0,Z2,0.0000000000,2026-08-31 12:00:00+08:00,12728.0000000000,497459e3e88c4729eca0e91835d64bfa8e287cb479c8fc2c0b6edeecff659bae,1,,,,0,4.4000000000,2026-09-02T18:00:00+08:00
2026-09-10,S07,K08,3,0,Z2,0.0000000000,2026-08-31 12:00:00+08:00,12729.0000000000,00b8e63649cc2d14d7ffb59fd38195e15ef13932ddc9080d8a0c89b90368bd73,1,,,,0,4.4000000000,2026-09-02T18:00:00+08:00
2026-09-10,S08,K01,3,0,Z2,0.0000000000,2026-08-31 12:00:00+08:00,12730.0000000000,fcb6e8766954ca9d3aad1213d5c011aeefca3cca118b7f406107f9267f61c154,1,,,,0,4.4000000000,2026-09-02T18:00:00+08:00
2026-09-10,S08,K02,3,0,Z2,0.0000000000,2026-08-31 12:00:00+08:00,12731.0000000000,368c885815b88a691269ba7bc7d811bb0a85236d0bb4bb1bf9268e272d41dc79,1,,,,0,4.4000000000,2026-09-02T18:00:00+08:00
2026-09-10,S08,K03,3,0,Z2,0.1500000000,2026-08-31 12:00:00+08:00,12732.0000000000,a56f5eed9a84f182e0ab181fd3744a9c03979ca8225b977b450b66beec85b704,1,,,,0,4.4000000000,2026-09-02T18:00:00+08:00
2026-09-10,S08,K04,3,0,Z2,0.1500000000,2026-08-31 12:00:00+08:00,12733.0000000000,4d038e6e499cf106437f02a1e095e7e41192fcafa775a5917fe5060c55d1a8d5,1,,,,0,4.4000000000,2026-09-02T18:00:00+08:00
2026-09-10,S08,K05,3,0,Z2,0.0000000000,2026-08-31 12:00:00+08:00,12734.0000000000,a3c2dfc22ac07e0b411adfe54af8dc8e40c6845d03f3ca63ba4a90410c0f9c12,1,,,,0,4.4000000000,2026-09-02T18:00:00+08:00
2026-09-10,S08,K06,3,0,Z2,0.0000000000,2026-08-31 12:00:00+08:00,12735.0000000000,a33fd2381b8b1dcc4859189dcb15be2dbde4cf22deb59d5d043d93ed737c5051,1,,,,0,4.4000000000,2026-09-02T18:00:00+08:00
2026-09-10,S08,K07,3,0,Z2,0.0000000000,2026-08-31 12:00:00+08:00,12736.0000000000,e58e23243c6a7480cb3c2c5aa4a210be66e6b6ec99ac7173d3e303397d44c594,1,,,,0,4.4000000000,2026-09-02T18:00:00+08:00
2026-09-10,S08,K08,3,0,Z2,0.0000000000,2026-08-31 12:00:00+08:00,12737.0000000000,f7f1d1bea8e78d424f519502b993ac62afbdd0d7309cf629292cb3e065356ad9,1,,,,0,4.4000000000,2026-09-02T18:00:00+08:00
2026-09-10,S09,K01,3,0,Z3,0.1500000000,2026-08-31 12:00:00+08:00,12738.0000000000,98b4071d89a8ce77a8112123cb71f9c0ea16b30c44a3809c25829a30ec7bfb1c,1,,,,0,4.4000000000,2026-09-02T18:00:00+08:00
2026-09-10,S09,K02,3,0,Z3,0.1500000000,2026-08-31 12:00:00+08:00,12739.0000000000,88ebd09d0c241d6a335842598508dfbbb7ef4c6f833771e98b541089f44f2d48,1,,,,0,4.4000000000,2026-09-02T18:00:00+08:00
2026-09-10,S09,K03,3,0,Z3,0.0000000000,2026-08-31 12:00:00+08:00,12740.0000000000,5203ef1ed8655bddfee5d1efd7b953f8586117172b40b255019435a980256529,1,,,,0,4.4000000000,2026-09-02T18:00:00+08:00
2026-09-10,S09,K04,3,0,Z3,0.0000000000,2026-08-31 12:00:00+08:00,12741.0000000000,c5e3b1131817cdf085ce7761c095ee765611a7749a881c16a264fe4eb301c19e,1,,,,0,4.4000000000,2026-09-02T18:00:00+08:00
2026-09-10,S09,K05,3,0,Z3,0.0000000000,2026-08-31 12:00:00+08:00,12742.0000000000,ef8dd16be307a19433d14fb8259b7eeee18e8c40f9df5fb597b0e675d200014a,1,,,,0,4.4000000000,2026-09-02T18:00:00+08:00
2026-09-10,S09,K06,3,0,Z3,0.0000000000,2026-08-31 12:00:00+08:00,12743.0000000000,a58295b6c2a5609807cdbe3e37c0843962ca8c5d16e1219dadbe36f196d4b909,1,,,,0,4.4000000000,2026-09-02T18:00:00+08:00
2026-09-10,S09,K07,3,0,Z3,0.0000000000,2026-08-31 12:00:00+08:00,12744.0000000000,9b2279ae760a8e8c1038458f2dd018bc4a1942913918c3150cde86cc8dd8057e,1,,,,0,4.4000000000,2026-09-02T18:00:00+08:00
2026-09-10,S09,K08,3,0,Z3,0.0000000000,2026-08-31 12:00:00+08:00,12745.0000000000,91a0886564724560835350557b7660021a364a3c3a06a9746c3106e59dc0aa26,1,,,,0,4.4000000000,2026-09-02T18:00:00+08:00
2026-09-10,S10,K01,3,0,Z3,0.1500000000,2026-08-31 12:00:00+08:00,12746.0000000000,dac8c994eeff196daee30e0b30c2e31a139a7b378b40187930925b6bd71b8fad,1,,,,0,4.4000000000,2026-09-02T18:00:00+08:00
2026-09-10,S10,K02,3,0,Z3,0.0000000000,2026-08-31 12:00:00+08:00,12747.0000000000,d81c02c95e7340639dca4ed92b1888b462a4feccff49e2d7e657d0b988ee7a24,1,,,,0,4.4000000000,2026-09-02T18:00:00+08:00
2026-09-10,S10,K03,3,0,Z3,0.0000000000,2026-08-31 12:00:00+08:00,12748.0000000000,7ff04488dca26f789077218645dfcecf09f388f196042ef263ade8fd57e11cd6,1,,,,0,4.4000000000,2026-09-02T18:00:00+08:00
2026-09-10,S10,K04,3,0,Z3,0.0000000000,2026-08-31 12:00:00+08:00,12749.0000000000,bbe158db40fc3334725cd8be0f893e6cec89a9203e0fb5315c7ef6d260df6bfd,1,,,,0,4.4000000000,2026-09-02T18:00:00+08:00
2026-09-10,S10,K05,3,0,Z3,0.0000000000,2026-08-31 12:00:00+08:00,12750.0000000000,753b4e36b659ca7acf4dccb276811cd6919461d63dd1b0bdacee7fae81e4eea8,1,,,,0,4.4000000000,2026-09-02T18:00:00+08:00
2026-09-10,S10,K06,3,0,Z3,0.0000000000,2026-08-31 12:00:00+08:00,12751.0000000000,b875773f9c22af15da6c620174511f5331a70115e44a591036b0290e8c776578,1,,,,0,4.4000000000,2026-09-02T18:00:00+08:00
2026-09-10,S10,K07,3,0,Z3,0.0000000000,2026-08-31 12:00:00+08:00,12752.0000000000,354c78c8d320ee79e254bc289eabba6eb6e3bc09c37de56c5d062344d8eba46c,1,,,,0,4.4000000000,2026-09-02T18:00:00+08:00
2026-09-10,S10,K08,3,0,Z3,0.0000000000,2026-08-31 12:00:00+08:00,12753.0000000000,af59cb20bbd59375ef358a390c6048c1d2e52eb0fa775ccc1fb96cdf9b0b3986,1,,,,0,4.4000000000,2026-09-02T18:00:00+08:00
2026-09-10,S11,K01,3,0,Z3,0.0000000000,2026-08-31 12:00:00+08:00,12754.0000000000,9baf7d3660d879fba74a23f624026abbafe93fc2cb7bb4f2cd3b6684b15be9cd,1,,,,0,4.4000000000,2026-09-02T18:00:00+08:00
2026-09-10,S11,K02,3,0,Z3,0.0000000000,2026-08-31 12:00:00+08:00,12755.0000000000,4d09057e9ce9de346a9430bc944057d8b018418656e48125214f137bbe2f39ae,1,,,,0,4.4000000000,2026-09-02T18:00:00+08:00
2026-09-10,S11,K03,3,0,Z3,0.0000000000,2026-08-31 12:00:00+08:00,12756.0000000000,737a2dd8b87ce7f1424f685ef1a29fb3eb9f5356f14fb2a3238e0ce65301cf87,1,,,,0,4.4000000000,2026-09-02T18:00:00+08:00
2026-09-10,S11,K04,3,0,Z3,0.0000000000,2026-08-31 12:00:00+08:00,12757.0000000000,a15942e4182fbecff2cb89f458efe3aee84cdb2b63f717dab0420946189df18c,1,,,,0,4.4000000000,2026-09-02T18:00:00+08:00
2026-09-10,S11,K05,3,0,Z3,0.0000000000,2026-08-31 12:00:00+08:00,12758.0000000000,c8328dc8b7883d3254a3bac91a56b000a97b6a8ec6b3c3fac8b80be48f6743f2,1,,,,0,4.4000000000,2026-09-02T18:00:00+08:00
2026-09-10,S11,K06,3,0,Z3,0.0000000000,2026-08-31 12:00:00+08:00,12759.0000000000,75f2393daa4af434312c407396b0e8f7eafd7b257a97cd19a1fe8e9918aa5f98,1,,,,0,4.4000000000,2026-09-02T18:00:00+08:00
2026-09-10,S11,K07,3,0,Z3,0.0000000000,2026-08-31 12:00:00+08:00,12760.0000000000,f61aee0a4f228a8c55b16c842ad4ecb8923dca70f21f0f0b036bbec2ba50f067,1,,,,0,4.4000000000,2026-09-02T18:00:00+08:00
2026-09-10,S11,K08,3,0,Z3,0.0000000000,2026-08-31 12:00:00+08:00,12761.0000000000,47ce59a74b356aec3ec6d2872551c3b49ae5cafdfbf545958f70a48101459a71,1,,,,0,4.4000000000,2026-09-02T18:00:00+08:00
2026-09-10,S12,K01,3,0,Z3,0.0000000000,2026-08-31 12:00:00+08:00,12762.0000000000,d08466f54450429052b6df67858290d3e442d1134198c063fc8cb41a4e526c79,1,,,,0,4.4000000000,2026-09-02T18:00:00+08:00
2026-09-10,S12,K02,3,0,Z3,0.0000000000,2026-08-31 12:00:00+08:00,12763.0000000000,7f3896d2d4e7e5f7d886696b6a9a9358d73e8d4f8244ea0b1650817168a06b4a,1,,,,0,4.4000000000,2026-09-02T18:00:00+08:00
2026-09-10,S12,K03,3,0,Z3,0.0000000000,2026-08-31 12:00:00+08:00,12764.0000000000,a9baeca3948e0601b51e2b49c8b591d600fd11370b60c3b2f58b2d0423a2f615,1,,,,0,4.4000000000,2026-09-02T18:00:00+08:00
2026-09-10,S12,K04,3,0,Z3,0.0000000000,2026-08-31 12:00:00+08:00,12765.0000000000,00f8125cfbf85cfaed2e53f4c40642b121a0b1a67680fe94b301b73b10c2c7e0,1,,,,0,4.4000000000,2026-09-02T18:00:00+08:00
2026-09-10,S12,K05,3,0,Z3,0.0000000000,2026-08-31 12:00:00+08:00,12766.0000000000,d9543390a014ee98b3d0aa849073f2d7b1801a7dc60677c8a6e00ffedbc07052,1,,,,0,4.4000000000,2026-09-02T18:00:00+08:00
2026-09-10,S12,K06,3,0,Z3,0.0000000000,2026-08-31 12:00:00+08:00,12767.0000000000,5dd66273474c29de37b3756b0d6ffa3cf7b7d99b6bd5e0bd86a503b9748aa50d,1,,,,0,4.4000000000,2026-09-02T18:00:00+08:00
2026-09-10,S12,K07,3,0,Z3,0.0000000000,2026-08-31 12:00:00+08:00,12768.0000000000,a61383381fa2837ac9f9dc771d2bc19619421fc8c954980b8af25bcd686e591c,1,,,,0,4.4000000000,2026-09-02T18:00:00+08:00
2026-09-10,S12,K08,3,0,Z3,0.1500000000,2026-08-31 12:00:00+08:00,12769.0000000000,911c5fbed4096e99bb8601e15deea9fc2ee4af1c454f4ac47f2593ed64ac7ee4,1,,,,0,4.4000000000,2026-09-02T18:00:00+08:00
2026-09-11,S01,K01,4,0,Z1,0.1500000000,2026-09-01 12:00:00+08:00,12770.0000000000,08d3a87541ac7806f11b73b0a3f4a4b2082a4972e7f859ac3bfc1a774035fec0,1,,,,0,4.4333333333,2026-09-02T18:00:00+08:00
2026-09-11,S01,K02,4,0,Z1,0.1500000000,2026-09-01 12:00:00+08:00,12771.0000000000,8c0df6e6ac3194dc53555ecbf31201c5dc1e72126e16180d9f337007ae6ad96f,1,,,,0,4.4333333333,2026-09-02T18:00:00+08:00
2026-09-11,S01,K03,4,0,Z1,0.0000000000,2026-09-01 12:00:00+08:00,12772.0000000000,dcfad37261d37ef04125ba513d4d28367bc6a54dba79d21731764d0069e9f2b1,1,,,,0,4.4333333333,2026-09-02T18:00:00+08:00
2026-09-11,S01,K04,4,0,Z1,0.0000000000,2026-09-01 12:00:00+08:00,12773.0000000000,0653aa36be6c35017e27ef1c5b1f73801375be97cc27a96062216178e7bd4e9f,1,,,,0,4.4333333333,2026-09-02T18:00:00+08:00
2026-09-11,S01,K05,4,0,Z1,0.0000000000,2026-09-01 12:00:00+08:00,12774.0000000000,b58c651f9b7b7187ffbe0bc723ed2218d9b3745b22af7e952be77d15b2e23126,1,,,,0,4.4333333333,2026-09-02T18:00:00+08:00
2026-09-11,S01,K06,4,0,Z1,0.0000000000,2026-09-01 12:00:00+08:00,12775.0000000000,8a5e8b910a13d4fb6775e1686216a1f7166fd865e9c1c42c65e4bbb9bbc26331,1,,,,0,4.4333333333,2026-09-02T18:00:00+08:00
2026-09-11,S01,K07,4,0,Z1,0.0000000000,2026-09-01 12:00:00+08:00,12776.0000000000,47c0d00909e5d07cf0805cccffe49dcf7617953573b13fd9b9682ff5afb86abe,1,,,,0,4.4333333333,2026-09-02T18:00:00+08:00
2026-09-11,S01,K08,4,0,Z1,0.0000000000,2026-09-01 12:00:00+08:00,12777.0000000000,cea0e359a3d0977e675d7563ba780de687fc4aa1d57a6729c8b01e610f028a21,1,,,,0,4.4333333333,2026-09-02T18:00:00+08:00
2026-09-11,S02,K01,4,0,Z1,0.1500000000,2026-09-01 12:00:00+08:00,12778.0000000000,bddbc465333d8cbebf295218fe66e3f0389ca85532f2b742786005230e07ffc1,1,,,,0,4.4333333333,2026-09-02T18:00:00+08:00
2026-09-11,S02,K02,4,0,Z1,0.0000000000,2026-09-01 12:00:00+08:00,12779.0000000000,aa60768ed440866591dfd30246bef9b35bf850d5010044cab9b5f72478146375,1,,,,0,4.4333333333,2026-09-02T18:00:00+08:00
2026-09-11,S02,K03,4,0,Z1,0.0000000000,2026-09-01 12:00:00+08:00,12780.0000000000,667fb3c3a50fca3006c586e3138a48e2c229474be9c7fbfba7b2f9707863fc4a,1,,,,0,4.4333333333,2026-09-02T18:00:00+08:00
2026-09-11,S02,K04,4,0,Z1,0.0000000000,2026-09-01 12:00:00+08:00,12781.0000000000,590701f9f373d0fad0aea740ada9c3a647a7a70718d6326199575f4315b1cc98,1,,,,0,4.4333333333,2026-09-02T18:00:00+08:00
2026-09-11,S02,K05,4,0,Z1,0.0000000000,2026-09-01 12:00:00+08:00,12782.0000000000,69428370aa14118b97ceb67992b29cfeeb7e9087759239591595c56889709c55,1,,,,0,4.4333333333,2026-09-02T18:00:00+08:00
2026-09-11,S02,K06,4,0,Z1,0.0000000000,2026-09-01 12:00:00+08:00,12783.0000000000,babf239af394557f876b4f4e745de2a7d6a84df627cf82f2b09bd3f9b7478e55,1,,,,0,4.4333333333,2026-09-02T18:00:00+08:00
2026-09-11,S02,K07,4,0,Z1,0.0000000000,2026-09-01 12:00:00+08:00,12784.0000000000,7716f586985cd34319ecd6e2f7db28d2be0a860c27859e8a7b0ea6131daa9429,1,,,,0,4.4333333333,2026-09-02T18:00:00+08:00
2026-09-11,S02,K08,4,0,Z1,0.0000000000,2026-09-01 12:00:00+08:00,12785.0000000000,120bedbde005d414840b30b59b11f505607c266284dc9e096f5d1196af78304b,1,,,,0,4.4333333333,2026-09-02T18:00:00+08:00
2026-09-11,S03,K01,4,0,Z1,0.0000000000,2026-09-01 12:00:00+08:00,12786.0000000000,5096477a3a5776929ca1b4921e67fe4644e581163fa6391266a7b3d71d238c50,1,,,,0,4.4333333333,2026-09-02T18:00:00+08:00
2026-09-11,S03,K02,4,0,Z1,0.0000000000,2026-09-01 12:00:00+08:00,12787.0000000000,0309b24b3d47104cab567b6332da2fae97982d586ba9e30bdec1ef1e340ed7cd,1,,,,0,4.4333333333,2026-09-02T18:00:00+08:00
2026-09-11,S03,K03,4,0,Z1,0.0000000000,2026-09-01 12:00:00+08:00,12788.0000000000,dbb5311ebf9b77f2dc05fb31e27fe82850f0a8e7fea201f2a5605dc455c1cc97,1,,,,0,4.4333333333,2026-09-02T18:00:00+08:00
2026-09-11,S03,K04,4,0,Z1,0.0000000000,2026-09-01 12:00:00+08:00,12789.0000000000,2f4b961ce15e49c3879f297a9a84a3babe7e6d95f6854580e07201d5e84ad71e,1,,,,0,4.4333333333,2026-09-02T18:00:00+08:00
2026-09-11,S03,K05,4,0,Z1,0.0000000000,2026-09-01 12:00:00+08:00,12790.0000000000,49b9b4db5b342d3a75de55ce1745f06ae3e06456a211719cc46bfc3994ae8bc0,1,,,,0,4.4333333333,2026-09-02T18:00:00+08:00
2026-09-11,S03,K06,4,0,Z1,0.0000000000,2026-09-01 12:00:00+08:00,12791.0000000000,aa4244a381df97f9d307164b0c769f606e0f66ea4a89ba08798cc110e902a526,1,,,,0,4.4333333333,2026-09-02T18:00:00+08:00
2026-09-11,S03,K07,4,0,Z1,0.0000000000,2026-09-01 12:00:00+08:00,12792.0000000000,ef02a938c0dbfb7b36d73510034237473e290f8c1c6455e3fa0214ab9cc15023,1,,,,0,4.4333333333,2026-09-02T18:00:00+08:00
2026-09-11,S03,K08,4,0,Z1,0.0000000000,2026-09-01 12:00:00+08:00,12793.0000000000,b54ff4db5ea70cfc0234309f9ece6b948537dd2ca769a8370918fb9221e9bfc0,1,,,,0,4.4333333333,2026-09-02T18:00:00+08:00
2026-09-11,S04,K01,4,0,Z1,0.0000000000,2026-09-01 12:00:00+08:00,12794.0000000000,011275898d3a9a018631e0adb49bba16806846518c5cba83392801f0fd209406,1,,,,0,4.4333333333,2026-09-02T18:00:00+08:00
2026-09-11,S04,K02,4,0,Z1,0.0000000000,2026-09-01 12:00:00+08:00,12795.0000000000,350b2db76af4091e879f77b8774f719ce451754f4fcb2254b0c420915cee59e6,1,,,,0,4.4333333333,2026-09-02T18:00:00+08:00
2026-09-11,S04,K03,4,0,Z1,0.0000000000,2026-09-01 12:00:00+08:00,12796.0000000000,c01d92851afd2a1f4714f3df7fd0c8caacc1765787f8d944abbdc50cf81e5d3f,1,,,,0,4.4333333333,2026-09-02T18:00:00+08:00
2026-09-11,S04,K04,4,0,Z1,0.0000000000,2026-09-01 12:00:00+08:00,12797.0000000000,c9d22ad0c9bbba6376e613fb3069a29b3b7486e5be4c76d8d430b2b77dcdc573,1,,,,0,4.4333333333,2026-09-02T18:00:00+08:00
2026-09-11,S04,K05,4,0,Z1,0.0000000000,2026-09-01 12:00:00+08:00,12798.0000000000,6e8c00648f9c7aa7bd0edeaf290b11d7361a27d3e1f4b0b6bbbb6aba0e500ad0,1,,,,0,4.4333333333,2026-09-02T18:00:00+08:00
2026-09-11,S04,K06,4,0,Z1,0.0000000000,2026-09-01 12:00:00+08:00,12799.0000000000,c33c10074d82933e4e9a9969ce9fb6565843bbaa2fe84a861260e728a883fe44,1,,,,0,4.4333333333,2026-09-02T18:00:00+08:00
2026-09-11,S04,K07,4,0,Z1,0.0000000000,2026-09-01 12:00:00+08:00,12800.0000000000,0920d22ccfd6d443968bab90b4fc89dc8172b44059b4fa848915b53d08b4c7e4,1,,,,0,4.4333333333,2026-09-02T18:00:00+08:00
2026-09-11,S04,K08,4,0,Z1,0.1500000000,2026-09-01 12:00:00+08:00,12801.0000000000,374f408279938eba6611ca44de20c5525b2e42531f346fc22dd5192fe1d55524,1,,,,0,4.4333333333,2026-09-02T18:00:00+08:00
2026-09-11,S05,K01,4,0,Z2,0.0000000000,2026-09-01 12:00:00+08:00,12802.0000000000,912af48f2ad778bf6323b794648640d5f60411dd9d989e29734e0dadcdb6d486,1,,,,0,4.4333333333,2026-09-02T18:00:00+08:00
2026-09-11,S05,K02,4,0,Z2,0.0000000000,2026-09-01 12:00:00+08:00,12803.0000000000,c7752616cbc66eb6dfdcf2dae109a7d143f20b7a578c461fadb013dc1d00b449,1,,,,0,4.4333333333,2026-09-02T18:00:00+08:00
2026-09-11,S05,K03,4,0,Z2,0.0000000000,2026-09-01 12:00:00+08:00,12804.0000000000,9f30c5462d489f46d2c5a39b21cf12847cea2ad7caa7e408596b5b5d8b83e0d2,1,,,,0,4.4333333333,2026-09-02T18:00:00+08:00
2026-09-11,S05,K04,4,0,Z2,0.0000000000,2026-09-01 12:00:00+08:00,12805.0000000000,a79a5e8dafcdc765cf592c566832b0c644acbc617e09b71e753721d529d293ea,1,,,,0,4.4333333333,2026-09-02T18:00:00+08:00
2026-09-11,S05,K05,4,0,Z2,0.0000000000,2026-09-01 12:00:00+08:00,12806.0000000000,55f573b4cf1b57ea6d5a2108335087840c6d30f4ea10357a664f6c2580ee2eeb,1,,,,0,4.4333333333,2026-09-02T18:00:00+08:00
2026-09-11,S05,K06,4,0,Z2,0.0000000000,2026-09-01 12:00:00+08:00,12807.0000000000,d62b64830d98396c2de85e6da9f8d2275de03bb047da591e1ee6e37e983306a0,1,,,,0,4.4333333333,2026-09-02T18:00:00+08:00
2026-09-11,S05,K07,4,0,Z2,0.1500000000,2026-09-01 12:00:00+08:00,12808.0000000000,6bd8c5ded7e194924db6bb1e2948865b19cf6e0e4b04c992b25a2b3cea99f0a8,1,,,,0,4.4333333333,2026-09-02T18:00:00+08:00
2026-09-11,S05,K08,4,0,Z2,0.1500000000,2026-09-01 12:00:00+08:00,12809.0000000000,b2650d63d7a598cfb95d75a30b568c9d2ab3abea59ea0f4ac3f92078284ddbf0,1,,,,0,4.4333333333,2026-09-02T18:00:00+08:00
2026-09-11,S06,K01,4,0,Z2,0.0000000000,2026-09-01 12:00:00+08:00,12810.0000000000,874f0a1879a204100b95c3efd2bf9c21f1c5fcd47087825d53a12fe7b4491e3b,1,,,,0,4.4333333333,2026-09-02T18:00:00+08:00
2026-09-11,S06,K02,4,0,Z2,0.0000000000,2026-09-01 12:00:00+08:00,12811.0000000000,c012ac738450fa50836d6fad2196226352a98668b0df38971c8b4b3c75a3f692,1,,,,0,4.4333333333,2026-09-02T18:00:00+08:00
2026-09-11,S06,K03,4,0,Z2,0.0000000000,2026-09-01 12:00:00+08:00,12812.0000000000,9e68bf2f1b80b85eb30bfe5debd6f2e3c6c5cbcb11425f5bc3c3c4cbb3fe570b,1,,,,0,4.4333333333,2026-09-02T18:00:00+08:00
2026-09-11,S06,K04,4,0,Z2,0.0000000000,2026-09-01 12:00:00+08:00,12813.0000000000,6df3a0e10e1879bb0bc1f409536d52b25412903875b2c065fc91d1c58c390981,1,,,,0,4.4333333333,2026-09-02T18:00:00+08:00
2026-09-11,S06,K05,4,0,Z2,0.1500000000,2026-09-01 12:00:00+08:00,12814.0000000000,b8db2e194d290f5ae00763756f5c081cc80513678697a426f99f39ca28bcb0ea,1,,,,0,4.4333333333,2026-09-02T18:00:00+08:00
2026-09-11,S06,K06,4,0,Z2,0.1500000000,2026-09-01 12:00:00+08:00,12815.0000000000,450561800b109606c44740f945e4effb3d62d84aa7f0ea1daba0270738e9fc03,1,,,,0,4.4333333333,2026-09-02T18:00:00+08:00
2026-09-11,S06,K07,4,0,Z2,0.0000000000,2026-09-01 12:00:00+08:00,12816.0000000000,a628e523a8be395288552ba7412311a587ebb3b88ee588203f8bc803f5db5ad1,1,,,,0,4.4333333333,2026-09-02T18:00:00+08:00
2026-09-11,S06,K08,4,0,Z2,0.0000000000,2026-09-01 12:00:00+08:00,12817.0000000000,101307cb9840765ea1a70c485d0e9d4ceb4e2ddd1886b3943659c92302688261,1,,,,0,4.4333333333,2026-09-02T18:00:00+08:00
2026-09-11,S07,K01,4,0,Z2,0.0000000000,2026-09-01 12:00:00+08:00,12818.0000000000,78a103a161b6660e32675796963a3b7c0501add26c43542c46c67063c6d482c0,1,,,,0,4.4333333333,2026-09-02T18:00:00+08:00
2026-09-11,S07,K02,4,0,Z2,0.0000000000,2026-09-01 12:00:00+08:00,12819.0000000000,dac8f29dd88091baee3ae358e30c383e7442f113d6f392a7775decb0c0603e5d,1,,,,0,4.4333333333,2026-09-02T18:00:00+08:00
2026-09-11,S07,K03,4,0,Z2,0.0000000000,2026-09-01 12:00:00+08:00,12820.0000000000,eafc8da50e7a32a60deed2fa1fa9a0812f818f37a752c9a6c8cf114077f672ff,1,,,,0,4.4333333333,2026-09-02T18:00:00+08:00
2026-09-11,S07,K04,4,0,Z2,0.1500000000,2026-09-01 12:00:00+08:00,12821.0000000000,79b33e3879563e110ab58615c8fd01bb243cd6ce6deb4cc2a9dffc6ecbaf0143,1,,,,0,4.4333333333,2026-09-02T18:00:00+08:00
2026-09-11,S07,K05,4,0,Z2,0.1500000000,2026-09-01 12:00:00+08:00,12822.0000000000,bcd4fa5582762e983bde69a7a81ea7c316137277a5c9b0f606d2f3b20940bba1,1,,,,0,4.4333333333,2026-09-02T18:00:00+08:00
2026-09-11,S07,K06,4,0,Z2,0.0000000000,2026-09-01 12:00:00+08:00,12823.0000000000,c738663b335b488d62e937006a1f7fc9e9862b4d5d8ef61003f9d8a0c8f43ef5,1,,,,0,4.4333333333,2026-09-02T18:00:00+08:00
2026-09-11,S07,K07,4,0,Z2,0.0000000000,2026-09-01 12:00:00+08:00,12824.0000000000,acfc825f9f8c6d05b5298cac355132d568938c3242e8b1c3c7ea6a919fcc15b8,1,,,,0,4.4333333333,2026-09-02T18:00:00+08:00
2026-09-11,S07,K08,4,0,Z2,0.0000000000,2026-09-01 12:00:00+08:00,12825.0000000000,d156e513cd0a5937a5c03674a855628eb2076d6067e9e02ebfe21e9929d97b45,1,,,,0,4.4333333333,2026-09-02T18:00:00+08:00
2026-09-11,S08,K01,4,0,Z2,0.0000000000,2026-09-01 12:00:00+08:00,12826.0000000000,0fb2e6899610a6d1bedbb2d73569bb608781226b22e973d16e975091be7a22b5,1,,,,0,4.4333333333,2026-09-02T18:00:00+08:00
2026-09-11,S08,K02,4,0,Z2,0.1500000000,2026-09-01 12:00:00+08:00,12827.0000000000,1cdf7dfe048c5a163037218f5907f492e7459fd0e6503ea14095053ce6d20fe7,1,,,,0,4.4333333333,2026-09-02T18:00:00+08:00
2026-09-11,S08,K03,4,0,Z2,0.1500000000,2026-09-01 12:00:00+08:00,12828.0000000000,164f40a1dac2aa8da563c768f2e252f49d2410762c2fa340de57f067816f6413,1,,,,0,4.4333333333,2026-09-02T18:00:00+08:00
2026-09-11,S08,K04,4,0,Z2,0.0000000000,2026-09-01 12:00:00+08:00,12829.0000000000,8b217740f8d76db15d33b989f3dcd8e1a24b416a0fc61363cff9c2dfaad26a0d,1,,,,0,4.4333333333,2026-09-02T18:00:00+08:00
2026-09-11,S08,K05,4,0,Z2,0.0000000000,2026-09-01 12:00:00+08:00,12830.0000000000,48fea792633cc1a418e0e5d05351ad6637e83fc3ea8c7f51be4e1131515bbf70,1,,,,0,4.4333333333,2026-09-02T18:00:00+08:00
2026-09-11,S08,K06,4,0,Z2,0.0000000000,2026-09-01 12:00:00+08:00,12831.0000000000,e2296d0d5534b618f97508846ecdf2def7384b7ef2017e5004b9d3838ee9150e,1,,,,0,4.4333333333,2026-09-02T18:00:00+08:00
2026-09-11,S08,K07,4,0,Z2,0.0000000000,2026-09-01 12:00:00+08:00,12832.0000000000,38020698ef1b98838ffaf012d89e86aa0290485a29fa494f0af2ab9aa3ad18c6,1,,,,0,4.4333333333,2026-09-02T18:00:00+08:00
2026-09-11,S08,K08,4,0,Z2,0.0000000000,2026-09-01 12:00:00+08:00,12833.0000000000,61bc4ba2641ea5cd7ae3417253fd3c74751075a3d9b6d71d04f1d34a1aaaa649,1,,,,0,4.4333333333,2026-09-02T18:00:00+08:00
2026-09-11,S09,K01,4,0,Z3,0.1500000000,2026-09-01 12:00:00+08:00,12834.0000000000,2a37bac350138029c0b80de897ad2b8e45405ed4f8f7181542b55a538d7cfd03,1,,,,0,4.4333333333,2026-09-02T18:00:00+08:00
2026-09-11,S09,K02,4,0,Z3,0.1500000000,2026-09-01 12:00:00+08:00,12835.0000000000,4e9d67ccdd302fb7cbbbe09133c9be9b956ffebd0dc349713fb42329239244b5,1,,,,0,4.4333333333,2026-09-02T18:00:00+08:00
2026-09-11,S09,K03,4,0,Z3,0.0000000000,2026-09-01 12:00:00+08:00,12836.0000000000,7df9f15cc3079d5692fb080283c2571e32adf34be616495595eecb546475c626,1,,,,0,4.4333333333,2026-09-02T18:00:00+08:00
2026-09-11,S09,K04,4,0,Z3,0.0000000000,2026-09-01 12:00:00+08:00,12837.0000000000,c7746b1c694e1c54315af9afd1059773bb15768c0a2219ab16ba061b690a88b9,1,,,,0,4.4333333333,2026-09-02T18:00:00+08:00
2026-09-11,S09,K05,4,0,Z3,0.0000000000,2026-09-01 12:00:00+08:00,12838.0000000000,69cb5cc815a32d086e90ab443da72b062850e119caa4ec9da4551cf350524998,1,,,,0,4.4333333333,2026-09-02T18:00:00+08:00
2026-09-11,S09,K06,4,0,Z3,0.0000000000,2026-09-01 12:00:00+08:00,12839.0000000000,051ac15f6b21c9436cdf2a2e869a401db4c71f2c2709381370ffeebe7334a13e,1,,,,0,4.4333333333,2026-09-02T18:00:00+08:00
2026-09-11,S09,K07,4,0,Z3,0.0000000000,2026-09-01 12:00:00+08:00,12840.0000000000,916349a540dda53d298b45e40660e62c757934f8c6237a6bfdd0194effa03590,1,,,,0,4.4333333333,2026-09-02T18:00:00+08:00
2026-09-11,S09,K08,4,0,Z3,0.0000000000,2026-09-01 12:00:00+08:00,12841.0000000000,8a293f18061a94521467d527ed08f8d63d5a25b1a3756699ca3993c7c034f96c,1,,,,0,4.4333333333,2026-09-02T18:00:00+08:00
2026-09-11,S10,K01,4,0,Z3,0.0000000000,2026-09-01 12:00:00+08:00,12842.0000000000,1a9125de9ca14a2672a65a76f65824e66acd09b900fbf85aa5991266aa7db9f5,1,,,,0,4.4333333333,2026-09-02T18:00:00+08:00
2026-09-11,S10,K02,4,0,Z3,0.0000000000,2026-09-01 12:00:00+08:00,12843.0000000000,a4f5b7d55bf9645f45291bf6c4fec11f6e060c924a2304352c2485dc2e9f43c9,1,,,,0,4.4333333333,2026-09-02T18:00:00+08:00
2026-09-11,S10,K03,4,0,Z3,0.0000000000,2026-09-01 12:00:00+08:00,12844.0000000000,eee66833bb1b6a2da59fc7940efc48a31af4f07b69a19cc5f776a0adddc0681f,1,,,,0,4.4333333333,2026-09-02T18:00:00+08:00
2026-09-11,S10,K04,4,0,Z3,0.0000000000,2026-09-01 12:00:00+08:00,12845.0000000000,46d155e5f8568468ec57058ddfb3324821a74b26122a7c2417cd1e63c6cd8bf2,1,,,,0,4.4333333333,2026-09-02T18:00:00+08:00
2026-09-11,S10,K05,4,0,Z3,0.0000000000,2026-09-01 12:00:00+08:00,12846.0000000000,84e1d8999cecedf3cf32b19650246fda921c3996d812ec2b09711bbefda021b3,1,,,,0,4.4333333333,2026-09-02T18:00:00+08:00
2026-09-11,S10,K06,4,0,Z3,0.0000000000,2026-09-01 12:00:00+08:00,12847.0000000000,33e9bdb8ce4f812889060e849353f6015b0fc5390346417ebf09969bb5b41015,1,,,,0,4.4333333333,2026-09-02T18:00:00+08:00
2026-09-11,S10,K07,4,0,Z3,0.0000000000,2026-09-01 12:00:00+08:00,12848.0000000000,8558fe3deaed142fcd170e707526f09a09683a3a794fa0d234e78d274e73e03c,1,,,,0,4.4333333333,2026-09-02T18:00:00+08:00
2026-09-11,S10,K08,4,0,Z3,0.0000000000,2026-09-01 12:00:00+08:00,12849.0000000000,f8ef44f90fb8fe1ec5ac3d1ed3a45384f1afa0a4095e5b18a60fde6d350fb6ac,1,,,,0,4.4333333333,2026-09-02T18:00:00+08:00
2026-09-11,S11,K01,4,0,Z3,0.0000000000,2026-09-01 12:00:00+08:00,12850.0000000000,261d791b7be1be6442a56609943babf73a15956694e86278d402fc5ad5406d68,1,,,,0,4.4333333333,2026-09-02T18:00:00+08:00
2026-09-11,S11,K02,4,0,Z3,0.0000000000,2026-09-01 12:00:00+08:00,12851.0000000000,593f746615ce9edf2e4f29e0c0b1556779b6872c05e131f3542adf246983c140,1,,,,0,4.4333333333,2026-09-02T18:00:00+08:00
2026-09-11,S11,K03,4,0,Z3,0.0000000000,2026-09-01 12:00:00+08:00,12852.0000000000,ed8ce4b708d2ce7af8639642019ecd888aa22d1b012fd8405a1d9b130af189fa,1,,,,0,4.4333333333,2026-09-02T18:00:00+08:00
2026-09-11,S11,K04,4,0,Z3,0.0000000000,2026-09-01 12:00:00+08:00,12853.0000000000,698d4f08ae68ebf2ce8766b17dd682d5a630a9926c0ce448e88af387cebc1559,1,,,,0,4.4333333333,2026-09-02T18:00:00+08:00
2026-09-11,S11,K05,4,0,Z3,0.0000000000,2026-09-01 12:00:00+08:00,12854.0000000000,1892dad98767c77095fc213d1c225431098cb7970d0ec5a6b541841facc9a8b6,1,,,,0,4.4333333333,2026-09-02T18:00:00+08:00
2026-09-11,S11,K06,4,0,Z3,0.0000000000,2026-09-01 12:00:00+08:00,12855.0000000000,bf4a1ad868acb8d9854c2817038b062aa094e98f8ce840774dfa2bd565a34941,1,,,,0,4.4333333333,2026-09-02T18:00:00+08:00
2026-09-11,S11,K07,4,0,Z3,0.0000000000,2026-09-01 12:00:00+08:00,12856.0000000000,6716402afbc6a04ff259eaa78ba1c605a878f5d34952338483aa11647bd7e96a,1,,,,0,4.4333333333,2026-09-02T18:00:00+08:00
2026-09-11,S11,K08,4,0,Z3,0.0000000000,2026-09-01 12:00:00+08:00,12857.0000000000,030b06d78cc23c2bfb7e96e8e6ec2a2530d191edcae515a67973e8f4811d75c2,1,,,,0,4.4333333333,2026-09-02T18:00:00+08:00
2026-09-11,S12,K01,4,0,Z3,0.0000000000,2026-09-01 12:00:00+08:00,12858.0000000000,394c7e4c8cfdc91f67e5aaa2c8f2bd6ad1bd9daac060f231a0690fbce9208593,1,,,,0,4.4333333333,2026-09-02T18:00:00+08:00
2026-09-11,S12,K02,4,0,Z3,0.0000000000,2026-09-01 12:00:00+08:00,12859.0000000000,997fe432d69d3ed4aa2814826f4a2f411cd6d438b38d93a64ccec3c423392dd2,1,,,,0,4.4333333333,2026-09-02T18:00:00+08:00
2026-09-11,S12,K03,4,0,Z3,0.0000000000,2026-09-01 12:00:00+08:00,12860.0000000000,c62ac62a2f0aeab1286c031686e9cb946087fabbdea195184b1bc2852bff48b6,1,,,,0,4.4333333333,2026-09-02T18:00:00+08:00
2026-09-11,S12,K04,4,0,Z3,0.0000000000,2026-09-01 12:00:00+08:00,12861.0000000000,5b438adf78fdd3ed8630c2abafe5b9d70879306ed52d999adc47549fab9ae31a,1,,,,0,4.4333333333,2026-09-02T18:00:00+08:00
2026-09-11,S12,K05,4,0,Z3,0.0000000000,2026-09-01 12:00:00+08:00,12862.0000000000,9ab90fbc796a3e6d0b7b3c52d65f62330752be71def89c6d94c943453089fe89,1,,,,0,4.4333333333,2026-09-02T18:00:00+08:00
2026-09-11,S12,K06,4,0,Z3,0.0000000000,2026-09-01 12:00:00+08:00,12863.0000000000,e39248633463239ab549f90f9459afe950a654a64ce556c4359f5b27512fac3e,1,,,,0,4.4333333333,2026-09-02T18:00:00+08:00
2026-09-11,S12,K07,4,0,Z3,0.0000000000,2026-09-01 12:00:00+08:00,12864.0000000000,01f36c8a9e3a381e5bbe26c8f0939a5db5887d779359167cfc49825980f935c2,1,,,,0,4.4333333333,2026-09-02T18:00:00+08:00
2026-09-11,S12,K08,4,0,Z3,0.1500000000,2026-09-01 12:00:00+08:00,12865.0000000000,92014955232094e858add2f54c939f55ba187c55d167a506933a1138f2939372,1,,,,0,4.4333333333,2026-09-02T18:00:00+08:00
2026-09-12,S01,K01,5,0,Z1,0.1500000000,2026-09-02 12:00:00+08:00,12866.0000000000,4ae1dfc77451fe65eb531005404da2b1b88bb4102748f8a695d4e2c94130eaa3,1,,,,0,4.4666666667,2026-09-02T18:00:00+08:00
2026-09-12,S01,K02,5,0,Z1,0.1500000000,2026-09-02 12:00:00+08:00,12867.0000000000,2382b8fa74a019b4e10fc288be9540bb47cc37d2b2b0d87d5a5da5981d259163,1,,,,0,4.4666666667,2026-09-02T18:00:00+08:00
2026-09-12,S01,K03,5,0,Z1,0.0000000000,2026-09-02 12:00:00+08:00,12868.0000000000,c8aba238699ef43b1e8ff62e45e23f95c5b653d13c727d9f9460e87f8afc1ac9,1,,,,0,4.4666666667,2026-09-02T18:00:00+08:00
2026-09-12,S01,K04,5,0,Z1,0.0000000000,2026-09-02 12:00:00+08:00,12869.0000000000,f0421e41625340c05c93e45334ecdb05c369c2b01d1282b9bd97e252aa5aa9ee,1,,,,0,4.4666666667,2026-09-02T18:00:00+08:00
2026-09-12,S01,K05,5,0,Z1,0.0000000000,2026-09-02 12:00:00+08:00,12870.0000000000,61f27103cdb83bb6bb943eb527f9df0869ea784bac21577e8844af8bfad0a50d,1,,,,0,4.4666666667,2026-09-02T18:00:00+08:00
2026-09-12,S01,K06,5,0,Z1,0.0000000000,2026-09-02 12:00:00+08:00,12871.0000000000,e54dd46ab195025c1720d7feffeea206b634c7b98a506440ed90646ccd0f1bb6,1,,,,0,4.4666666667,2026-09-02T18:00:00+08:00
2026-09-12,S01,K07,5,0,Z1,0.0000000000,2026-09-02 12:00:00+08:00,12872.0000000000,e01163e541ba5fddfa3e067d195e9b69d88ba828eca4f9734f409ce5d573e024,1,,,,0,4.4666666667,2026-09-02T18:00:00+08:00
2026-09-12,S01,K08,5,0,Z1,0.0000000000,2026-09-02 12:00:00+08:00,12873.0000000000,d6eb16210095386ed6cfce8452fdab8519739bfd4b47794d612fc61abe1d1bf9,1,,,,0,4.4666666667,2026-09-02T18:00:00+08:00
2026-09-12,S02,K01,5,0,Z1,0.0000000000,2026-09-02 12:00:00+08:00,12874.0000000000,5e7ca1c78d4c9d75867b24053fa76f242f5d1d8aa72ac0be8d0dae880643d8e1,1,,,,0,4.4666666667,2026-09-02T18:00:00+08:00
2026-09-12,S02,K02,5,0,Z1,0.0000000000,2026-09-02 12:00:00+08:00,12875.0000000000,d89a9925b464755cc97865d62fff1cf0c0eae8cbb4a15d7901527e6a9e2cca33,1,,,,0,4.4666666667,2026-09-02T18:00:00+08:00
2026-09-12,S02,K03,5,0,Z1,0.0000000000,2026-09-02 12:00:00+08:00,12876.0000000000,778e1443af83af2644826dc3f1840a14505a69571c217a1b44177a993942e32d,1,,,,0,4.4666666667,2026-09-02T18:00:00+08:00
2026-09-12,S02,K04,5,0,Z1,0.0000000000,2026-09-02 12:00:00+08:00,12877.0000000000,f45fbfc0661a795d879e0f2214c0e09f9b1f533c0bbac7b9617fff4c25863e74,1,,,,0,4.4666666667,2026-09-02T18:00:00+08:00
2026-09-12,S02,K05,5,0,Z1,0.0000000000,2026-09-02 12:00:00+08:00,12878.0000000000,4cb28b3937b5ab75580fb0f50183efc5462a30924e4552865b1e4d54fabbedeb,1,,,,0,4.4666666667,2026-09-02T18:00:00+08:00
2026-09-12,S02,K06,5,0,Z1,0.0000000000,2026-09-02 12:00:00+08:00,12879.0000000000,8908904ab888eae10791667e40495c5c3d8e427e4380b7632244644f50c51a74,1,,,,0,4.4666666667,2026-09-02T18:00:00+08:00
2026-09-12,S02,K07,5,0,Z1,0.0000000000,2026-09-02 12:00:00+08:00,12880.0000000000,4221a5b79ba3be7ce6dad21443789d8caa3a98adbcb85ac96558d6372f7bd208,1,,,,0,4.4666666667,2026-09-02T18:00:00+08:00
2026-09-12,S02,K08,5,0,Z1,0.0000000000,2026-09-02 12:00:00+08:00,12881.0000000000,405a117564580e3d819ad1210d6588bafeeb0ba98c0a3af59b3422d8f46f8a63,1,,,,0,4.4666666667,2026-09-02T18:00:00+08:00
2026-09-12,S03,K01,5,0,Z1,0.0000000000,2026-09-02 12:00:00+08:00,12882.0000000000,6e116021052608e80a5615e1f0a79d7c1006fc246f539a50a5cdd47d04c0a653,1,,,,0,4.4666666667,2026-09-02T18:00:00+08:00
2026-09-12,S03,K02,5,0,Z1,0.0000000000,2026-09-02 12:00:00+08:00,12883.0000000000,81fd712f9b7b6d9eba90d9398281365befc70b6d1061342758d9594874a93cfb,1,,,,0,4.4666666667,2026-09-02T18:00:00+08:00
2026-09-12,S03,K03,5,0,Z1,0.0000000000,2026-09-02 12:00:00+08:00,12884.0000000000,d226cfdbb05f6d73dc46b08fd2207241a5b6733b68b853658ad807e9d8442b50,1,,,,0,4.4666666667,2026-09-02T18:00:00+08:00
2026-09-12,S03,K04,5,0,Z1,0.0000000000,2026-09-02 12:00:00+08:00,12885.0000000000,41f3e82cc6050b0c8d9d8aaebc8f40f8af647757b7748fe8f4e60c80e96b273f,1,,,,0,4.4666666667,2026-09-02T18:00:00+08:00
2026-09-12,S03,K05,5,0,Z1,0.0000000000,2026-09-02 12:00:00+08:00,12886.0000000000,7cdc13e63db72cf9e9b78dcef383473283ad1a90ed3b88c58bf2268e0b721fc3,1,,,,0,4.4666666667,2026-09-02T18:00:00+08:00
2026-09-12,S03,K06,5,0,Z1,0.0000000000,2026-09-02 12:00:00+08:00,12887.0000000000,add5ff6540912bd0b491edcc1a4ebafeff6ac2b471d6180958523e373838f67e,1,,,,0,4.4666666667,2026-09-02T18:00:00+08:00
2026-09-12,S03,K07,5,0,Z1,0.0000000000,2026-09-02 12:00:00+08:00,12888.0000000000,927e932ca4cb6a545aa5a9f990d4631458139a6e1e36738ac4fa154f7fd42716,1,,,,0,4.4666666667,2026-09-02T18:00:00+08:00
2026-09-12,S03,K08,5,0,Z1,0.0000000000,2026-09-02 12:00:00+08:00,12889.0000000000,d49076205e4d069c86382cad4f30ead03682d17b4671e50f7121252bf8f88f19,1,,,,0,4.4666666667,2026-09-02T18:00:00+08:00
2026-09-12,S04,K01,5,0,Z1,0.0000000000,2026-09-02 12:00:00+08:00,12890.0000000000,a7d2e26f6dfa7c169eb064e43c5bb76bc70e1172311a085975e8ee757606c668,1,,,,0,4.4666666667,2026-09-02T18:00:00+08:00
2026-09-12,S04,K02,5,0,Z1,0.0000000000,2026-09-02 12:00:00+08:00,12891.0000000000,f7053013584f88960816cac3cdd21d2fc142e0126c886fb47e5c1a10cee86a2d,1,,,,0,4.4666666667,2026-09-02T18:00:00+08:00
2026-09-12,S04,K03,5,0,Z1,0.0000000000,2026-09-02 12:00:00+08:00,12892.0000000000,aa389e165af93a9fb6541261fb9ba38287a6927b4aa07139a20d48abce9cd1f6,1,,,,0,4.4666666667,2026-09-02T18:00:00+08:00
2026-09-12,S04,K04,5,0,Z1,0.0000000000,2026-09-02 12:00:00+08:00,12893.0000000000,bea1914cdd0c6c56cf6ef2bed0639a85a6d4c33e5cc6817804ca4f5eafa67cf8,1,,,,0,4.4666666667,2026-09-02T18:00:00+08:00
2026-09-12,S04,K05,5,0,Z1,0.0000000000,2026-09-02 12:00:00+08:00,12894.0000000000,1b3ad5b8bb697a993f764b532fc6a18770f26ad2754d92d1538eb001d53bfa7c,1,,,,0,4.4666666667,2026-09-02T18:00:00+08:00
2026-09-12,S04,K06,5,0,Z1,0.0000000000,2026-09-02 12:00:00+08:00,12895.0000000000,e6000eab5165b31389b11f2f64f6cefcddba8e62fc127331ffa583fa6f8858b9,1,,,,0,4.4666666667,2026-09-02T18:00:00+08:00
2026-09-12,S04,K07,5,0,Z1,0.0000000000,2026-09-02 12:00:00+08:00,12896.0000000000,a95a12a486ca621a7f7fe8b506eee484491ae6739fc4de38a0bb704b07531eff,1,,,,0,4.4666666667,2026-09-02T18:00:00+08:00
2026-09-12,S04,K08,5,0,Z1,0.1500000000,2026-09-02 12:00:00+08:00,12897.0000000000,bf83644db43f9df45df5e5bb68ba0c0920f1748db2a7f5824f4ae9316bd97d45,1,,,,0,4.4666666667,2026-09-02T18:00:00+08:00
2026-09-12,S05,K01,5,0,Z2,0.0000000000,2026-09-02 12:00:00+08:00,12898.0000000000,113c57b89fa277718b5fe35f6043f7f0d3ba441abdfccb3fd9c919a9b4bd7f3d,1,,,,0,4.4666666667,2026-09-02T18:00:00+08:00
2026-09-12,S05,K02,5,0,Z2,0.0000000000,2026-09-02 12:00:00+08:00,12899.0000000000,4196f2e0dba194097f8e0f07352caa3bf99521e0b5a591866ff2890e7bceb2e6,1,,,,0,4.4666666667,2026-09-02T18:00:00+08:00
2026-09-12,S05,K03,5,0,Z2,0.0000000000,2026-09-02 12:00:00+08:00,12900.0000000000,672ef5e8852de6d748e1d6958925786cc7bd1381adb0fc2ea5b30547d1d0fd59,1,,,,0,4.4666666667,2026-09-02T18:00:00+08:00
2026-09-12,S05,K04,5,0,Z2,0.0000000000,2026-09-02 12:00:00+08:00,12901.0000000000,f2b8f7519dbe5d61f32fc368952b5e0385c0ffe452cfcc86888e72108c75105c,1,,,,0,4.4666666667,2026-09-02T18:00:00+08:00
2026-09-12,S05,K05,5,0,Z2,0.0000000000,2026-09-02 12:00:00+08:00,12902.0000000000,61e580d54980b5465b30a6d71897c6b980fd7ec04dd8658a763ed63f66c120c9,1,,,,0,4.4666666667,2026-09-02T18:00:00+08:00
2026-09-12,S05,K06,5,0,Z2,0.1500000000,2026-09-02 12:00:00+08:00,12903.0000000000,6daf9e297b1e10b20fb15ab5c0b607bca377e070f90291bfe4006cd177d56465,1,,,,0,4.4666666667,2026-09-02T18:00:00+08:00
2026-09-12,S05,K07,5,0,Z2,0.1500000000,2026-09-02 12:00:00+08:00,12904.0000000000,03938f5b8c32e943c9101abf63ca3345b943ffd9e8d97a3103f585d48fbd2970,1,,,,0,4.4666666667,2026-09-02T18:00:00+08:00
2026-09-12,S05,K08,5,0,Z2,0.0000000000,2026-09-02 12:00:00+08:00,12905.0000000000,3af29cc4020eb2838172efa437596517cc948d41d43a86d6506a2c1b3188907a,1,,,,0,4.4666666667,2026-09-02T18:00:00+08:00
2026-09-12,S06,K01,5,0,Z2,0.0000000000,2026-09-02 12:00:00+08:00,12906.0000000000,3ff3be0ee4286decec5f1c8794802918b71e4d29cee000174f43c71a49c10fc6,1,,,,0,4.4666666667,2026-09-02T18:00:00+08:00
2026-09-12,S06,K02,5,0,Z2,0.0000000000,2026-09-02 12:00:00+08:00,12907.0000000000,7c596da8a5d686f2f99c4c6a58b8becb301553cd2aaf0ff5a5450f32713defc1,1,,,,0,4.4666666667,2026-09-02T18:00:00+08:00
2026-09-12,S06,K03,5,0,Z2,0.0000000000,2026-09-02 12:00:00+08:00,12908.0000000000,9cf5c5b975c06327a7bf77792d088112665a77c784e79a0d15af0e2c81400322,1,,,,0,4.4666666667,2026-09-02T18:00:00+08:00
2026-09-12,S06,K04,5,0,Z2,0.0000000000,2026-09-02 12:00:00+08:00,12909.0000000000,c7a39173e4cb1cc3eedf5f72d61c96ad950f6000a2975adbac75d407b43adc42,1,,,,0,4.4666666667,2026-09-02T18:00:00+08:00
2026-09-12,S06,K05,5,0,Z2,0.1500000000,2026-09-02 12:00:00+08:00,12910.0000000000,6f69bb1795087701ab0fb28ba3e6caa6f1366ddfcc342da14d2be1ebe15fba2c,1,,,,0,4.4666666667,2026-09-02T18:00:00+08:00
2026-09-12,S06,K06,5,0,Z2,0.1500000000,2026-09-02 12:00:00+08:00,12911.0000000000,4eefc899c5b6bfc21cb2da8f6243bd5679e31d43f4c0c475906a6213e89582f4,1,,,,0,4.4666666667,2026-09-02T18:00:00+08:00
2026-09-12,S06,K07,5,0,Z2,0.0000000000,2026-09-02 12:00:00+08:00,12912.0000000000,6968a9a2d8d98723de0bac73788b89ba60256e3c1ae40be537f0e6f4547b8c40,1,,,,0,4.4666666667,2026-09-02T18:00:00+08:00
2026-09-12,S06,K08,5,0,Z2,0.0000000000,2026-09-02 12:00:00+08:00,12913.0000000000,68cc2870f300e0334a9a6793531dde2d26b82db0f40df8711ab7138861c72491,1,,,,0,4.4666666667,2026-09-02T18:00:00+08:00
2026-09-12,S07,K01,5,0,Z2,0.0000000000,2026-09-02 12:00:00+08:00,12914.0000000000,8890db0ed39a44d4537e9d2c337cf47dc010581de825a00e7b611b0c14b49781,1,,,,0,4.4666666667,2026-09-02T18:00:00+08:00
2026-09-12,S07,K02,5,0,Z2,0.0000000000,2026-09-02 12:00:00+08:00,12915.0000000000,9d69f77bb370a52354028b50f06f88fb609bf234c12b8acfaa51e985c6b42ef0,1,,,,0,4.4666666667,2026-09-02T18:00:00+08:00
2026-09-12,S07,K03,5,0,Z2,0.1500000000,2026-09-02 12:00:00+08:00,12916.0000000000,3c2d569202c06e7c0a52398ecccf33eb8cc11620ddbea438c67a19f4489597ae,1,,,,0,4.4666666667,2026-09-02T18:00:00+08:00
2026-09-12,S07,K04,5,0,Z2,0.1500000000,2026-09-02 12:00:00+08:00,12917.0000000000,2dfe6dec6ab699f774811505c1e48d2556d7f178ff9862593e090f8f0e007e4c,1,,,,0,4.4666666667,2026-09-02T18:00:00+08:00
2026-09-12,S07,K05,5,0,Z2,0.0000000000,2026-09-02 12:00:00+08:00,12918.0000000000,2eb13d930ba4e0e64608d446ea2c7880815918e99f1b361d5c28efe2c3a1aec4,1,,,,0,4.4666666667,2026-09-02T18:00:00+08:00
2026-09-12,S07,K06,5,0,Z2,0.0000000000,2026-09-02 12:00:00+08:00,12919.0000000000,43a7be9f256f271fc781d7ce7c21a946928116cc8e14c5f23d55374b36140435,1,,,,0,4.4666666667,2026-09-02T18:00:00+08:00
2026-09-12,S07,K07,5,0,Z2,0.0000000000,2026-09-02 12:00:00+08:00,12920.0000000000,3a1323b4bf3c92b30c86a455e9d46237b4c07b8e199dde54ff2acb895c4da5b2,1,,,,0,4.4666666667,2026-09-02T18:00:00+08:00
2026-09-12,S07,K08,5,0,Z2,0.0000000000,2026-09-02 12:00:00+08:00,12921.0000000000,e276d5d446c4e6579183c3d68b3b86ab8ad362d3e07d89ed00a3c28dcaac7c14,1,,,,0,4.4666666667,2026-09-02T18:00:00+08:00
2026-09-12,S08,K01,5,0,Z2,0.0000000000,2026-09-02 12:00:00+08:00,12922.0000000000,ce6ae616124ece5cce0e47860a3a0a81ab9c51bed867b96db824794dd89e014f,1,,,,0,4.4666666667,2026-09-02T18:00:00+08:00
2026-09-12,S08,K02,5,0,Z2,0.1500000000,2026-09-02 12:00:00+08:00,12923.0000000000,ce968b02e1545b2b42c083e73fd04e716cdacb481c76e26dab75973e9af7ba7a,1,,,,0,4.4666666667,2026-09-02T18:00:00+08:00
2026-09-12,S08,K03,5,0,Z2,0.1500000000,2026-09-02 12:00:00+08:00,12924.0000000000,98add778a979c4c9bb16c06d5db4acbd755af108a477a3ae8c12e1d2d98433c9,1,,,,0,4.4666666667,2026-09-02T18:00:00+08:00
2026-09-12,S08,K04,5,0,Z2,0.0000000000,2026-09-02 12:00:00+08:00,12925.0000000000,df046602af313d457af0f34f11ed617e0a06602f764d9caa9950c802d4882515,1,,,,0,4.4666666667,2026-09-02T18:00:00+08:00
2026-09-12,S08,K05,5,0,Z2,0.0000000000,2026-09-02 12:00:00+08:00,12926.0000000000,c5b5adcc105c330b068539fe1229b21be0d8476b385d03fc3cd0212c65aede7e,1,,,,0,4.4666666667,2026-09-02T18:00:00+08:00
2026-09-12,S08,K06,5,0,Z2,0.0000000000,2026-09-02 12:00:00+08:00,12927.0000000000,4074565ce9041ae6e28670b6771bacee5b6fa074fa8074795c4c7beaf71c649c,1,,,,0,4.4666666667,2026-09-02T18:00:00+08:00
2026-09-12,S08,K07,5,0,Z2,0.0000000000,2026-09-02 12:00:00+08:00,12928.0000000000,4f3ff2ea3351a2a653de2444cabeb5d94ef3141bdfc74904d41d243bf3d964df,1,,,,0,4.4666666667,2026-09-02T18:00:00+08:00
2026-09-12,S08,K08,5,0,Z2,0.0000000000,2026-09-02 12:00:00+08:00,12929.0000000000,1f3058452f2f7ff8780ed5236209800dbc48b04e8b68880c3bec0819e0e0923f,1,,,,0,4.4666666667,2026-09-02T18:00:00+08:00
2026-09-12,S09,K01,5,0,Z3,0.1500000000,2026-09-02 12:00:00+08:00,12930.0000000000,3240349ab52b20c7f46e0335605397f25b1c67bdea547834e600ca6d137defe7,1,,,,0,4.4666666667,2026-09-02T18:00:00+08:00
2026-09-12,S09,K02,5,0,Z3,0.0000000000,2026-09-02 12:00:00+08:00,12931.0000000000,efd82daf25263c4d2f5347ffa8d5f8cded4b0e9d9cf57f2f34c714cf14ee487f,1,,,,0,4.4666666667,2026-09-02T18:00:00+08:00
2026-09-12,S09,K03,5,0,Z3,0.0000000000,2026-09-02 12:00:00+08:00,12932.0000000000,e28a00c8d9e3e5c8d0a33cc567d102d70d3b557aa95e1c17fda0330cf1c5601f,1,,,,0,4.4666666667,2026-09-02T18:00:00+08:00
2026-09-12,S09,K04,5,0,Z3,0.0000000000,2026-09-02 12:00:00+08:00,12933.0000000000,7ca653971d9a207fe68de6ed3c6dca16fbeaba1c55498f329cd0f60006787bfb,1,,,,0,4.4666666667,2026-09-02T18:00:00+08:00
2026-09-12,S09,K05,5,0,Z3,0.0000000000,2026-09-02 12:00:00+08:00,12934.0000000000,b41c59d48acea46f27c9ed63e48dfaf57eb8f4faea79566ec17ff8553b4df0fd,1,,,,0,4.4666666667,2026-09-02T18:00:00+08:00
2026-09-12,S09,K06,5,0,Z3,0.0000000000,2026-09-02 12:00:00+08:00,12935.0000000000,b5b86c50e62d3e2e45dd25b2986ad5f1cc0cc35b0df944a19ae360d7873321a0,1,,,,0,4.4666666667,2026-09-02T18:00:00+08:00
2026-09-12,S09,K07,5,0,Z3,0.0000000000,2026-09-02 12:00:00+08:00,12936.0000000000,30e5289af4ecbe53b0fd6134dbdad25a742791b95f7d2b6dbe39095d2c578848,1,,,,0,4.4666666667,2026-09-02T18:00:00+08:00
2026-09-12,S09,K08,5,0,Z3,0.0000000000,2026-09-02 12:00:00+08:00,12937.0000000000,6167e06fe562bbf50d265e0f544e75888eb12180fb13b907ccbee3a470e3731d,1,,,,0,4.4666666667,2026-09-02T18:00:00+08:00
2026-09-12,S10,K01,5,0,Z3,0.0000000000,2026-09-02 12:00:00+08:00,12938.0000000000,8beb78cff8e5160912ebd485612bd5e5ae0d93bcc45847d3b908d7e349c8651f,1,,,,0,4.4666666667,2026-09-02T18:00:00+08:00
2026-09-12,S10,K02,5,0,Z3,0.0000000000,2026-09-02 12:00:00+08:00,12939.0000000000,01f27cc4109968ea840df4944d7e4ff121e72f7b8139bd4dc761d2116635e1e3,1,,,,0,4.4666666667,2026-09-02T18:00:00+08:00
2026-09-12,S10,K03,5,0,Z3,0.0000000000,2026-09-02 12:00:00+08:00,12940.0000000000,f82152a9af24599a5acc4c4b9d49909571849a48fad16ba56ae7673c0f357e11,1,,,,0,4.4666666667,2026-09-02T18:00:00+08:00
2026-09-12,S10,K04,5,0,Z3,0.0000000000,2026-09-02 12:00:00+08:00,12941.0000000000,73c051907a43eded7721904ac3dc9efb7f4dcf2ebd00d3566a106b17cae7a771,1,,,,0,4.4666666667,2026-09-02T18:00:00+08:00
2026-09-12,S10,K05,5,0,Z3,0.0000000000,2026-09-02 12:00:00+08:00,12942.0000000000,00fcc6e1a4f9cee3c02e02fc0643d43e5f96140b168ea43c704c5ceeb81c35b0,1,,,,0,4.4666666667,2026-09-02T18:00:00+08:00
2026-09-12,S10,K06,5,0,Z3,0.0000000000,2026-09-02 12:00:00+08:00,12943.0000000000,8a76ac3e26d7bf212121b731baeb701c1c473fb15c06f8364ceb623000e00e13,1,,,,0,4.4666666667,2026-09-02T18:00:00+08:00
2026-09-12,S10,K07,5,0,Z3,0.0000000000,2026-09-02 12:00:00+08:00,12944.0000000000,057af314d78270763f43b7dbd97a1c8a79e201a36fc5c10113b0785c1149f6c2,1,,,,0,4.4666666667,2026-09-02T18:00:00+08:00
2026-09-12,S10,K08,5,0,Z3,0.0000000000,2026-09-02 12:00:00+08:00,12945.0000000000,b4fe36e98e8a4096714dea8cded3efb4ca040060834a3df2dcb9b77254fe1599,1,,,,0,4.4666666667,2026-09-02T18:00:00+08:00
2026-09-12,S11,K01,5,0,Z3,0.0000000000,2026-09-02 12:00:00+08:00,12946.0000000000,8c5703a5e080ca0080984c178dbe8b6d1ecc28b117ec442836aaab053db6fcf6,1,,,,0,4.4666666667,2026-09-02T18:00:00+08:00
2026-09-12,S11,K02,5,0,Z3,0.0000000000,2026-09-02 12:00:00+08:00,12947.0000000000,494dde8c739f564d00726a533c79adac3228e264c233b8b0bb4ecf2d8b8eef8e,1,,,,0,4.4666666667,2026-09-02T18:00:00+08:00
2026-09-12,S11,K03,5,0,Z3,0.0000000000,2026-09-02 12:00:00+08:00,12948.0000000000,8a1d7fed25a1868f8c7a6011a129be06ac6c1d9ee4f3ddaf68986774fe580b28,1,,,,0,4.4666666667,2026-09-02T18:00:00+08:00
2026-09-12,S11,K04,5,0,Z3,0.0000000000,2026-09-02 12:00:00+08:00,12949.0000000000,8c7cd7016d004f31d75385b3a4c7a28a8463b7e411ca07f89f0fa0ae0ccc2096,1,,,,0,4.4666666667,2026-09-02T18:00:00+08:00
2026-09-12,S11,K05,5,0,Z3,0.0000000000,2026-09-02 12:00:00+08:00,12950.0000000000,de096e6192120f9d1f5eb4e44045f27bbc433bb3a6252eba7af45114bfaf46ae,1,,,,0,4.4666666667,2026-09-02T18:00:00+08:00
2026-09-12,S11,K06,5,0,Z3,0.0000000000,2026-09-02 12:00:00+08:00,12951.0000000000,9d9b2a888eba35ce7859e129e354cd30a7789f3d65c5035c4921094b64784c63,1,,,,0,4.4666666667,2026-09-02T18:00:00+08:00
2026-09-12,S11,K07,5,0,Z3,0.0000000000,2026-09-02 12:00:00+08:00,12952.0000000000,026607acf5bf9a765bee43840de2ae6030e17cceab6f907bcf52bab5977f3cfb,1,,,,0,4.4666666667,2026-09-02T18:00:00+08:00
2026-09-12,S11,K08,5,0,Z3,0.0000000000,2026-09-02 12:00:00+08:00,12953.0000000000,d23c9b09219bb755435d26ea0be94a5c4b058ce616d43317acd38dbbe0422592,1,,,,0,4.4666666667,2026-09-02T18:00:00+08:00
2026-09-12,S12,K01,5,0,Z3,0.0000000000,2026-09-02 12:00:00+08:00,12954.0000000000,7e2318eb6bbd9bfe51b6dc7fb3ec846c6f918de12236b936e9d21b5b529a1fb7,1,,,,0,4.4666666667,2026-09-02T18:00:00+08:00
2026-09-12,S12,K02,5,0,Z3,0.0000000000,2026-09-02 12:00:00+08:00,12955.0000000000,27128d6defefb252f5bd4831042dfd675231ca6558615c953c323db3941af90f,1,,,,0,4.4666666667,2026-09-02T18:00:00+08:00
2026-09-12,S12,K03,5,0,Z3,0.0000000000,2026-09-02 12:00:00+08:00,12956.0000000000,f50f4927470a5a683f4ef7e6852c4cb36446a99265c9f0dd7d6db7a5ff6e84c8,1,,,,0,4.4666666667,2026-09-02T18:00:00+08:00
2026-09-12,S12,K04,5,0,Z3,0.0000000000,2026-09-02 12:00:00+08:00,12957.0000000000,faf5339e2dc0a11f7e5be89f392c4739554ea7c2073bc741da2c9472129bcd80,1,,,,0,4.4666666667,2026-09-02T18:00:00+08:00
2026-09-12,S12,K05,5,0,Z3,0.0000000000,2026-09-02 12:00:00+08:00,12958.0000000000,cc803f23eb8e9b600ab7fa198d68ea27455883ac977d974a0a56852b93da8f7f,1,,,,0,4.4666666667,2026-09-02T18:00:00+08:00
2026-09-12,S12,K06,5,0,Z3,0.0000000000,2026-09-02 12:00:00+08:00,12959.0000000000,c0644ca8210e48c84cc8e166b74bb5fdbd8b83601a01580d1c3c50f8ace38876,1,,,,0,4.4666666667,2026-09-02T18:00:00+08:00
2026-09-12,S12,K07,5,0,Z3,0.1500000000,2026-09-02 12:00:00+08:00,12960.0000000000,337ed18b9611b5a92c6633b3897abab04c0006e1dc6b2c67dd07095df199e3c7,1,,,,0,4.4666666667,2026-09-02T18:00:00+08:00
2026-09-12,S12,K08,5,0,Z3,0.1500000000,2026-09-02 12:00:00+08:00,12961.0000000000,6913feb81f316bdf05abc61e93f6e4bed913c17b04202acfd7ed493726ceffdc,1,,,,0,4.4666666667,2026-09-02T18:00:00+08:00
2026-09-13,S01,K01,6,0,Z1,0.0245535714,,,,0,,,,0,4.5000000000,2026-09-02T18:00:00+08:00
2026-09-13,S01,K02,6,0,Z1,0.0250000000,,,,0,,,,0,4.5000000000,2026-09-02T18:00:00+08:00
2026-09-13,S01,K03,6,0,Z1,0.0258928571,,,,0,,,,0,4.5000000000,2026-09-02T18:00:00+08:00
2026-09-13,S01,K04,6,0,Z1,0.0263392857,,,,0,,,,0,4.5000000000,2026-09-02T18:00:00+08:00
2026-09-13,S01,K05,6,0,Z1,0.0267857143,,,,0,,,,0,4.5000000000,2026-09-02T18:00:00+08:00
2026-09-13,S01,K06,6,0,Z1,0.0274553571,,,,0,,,,0,4.5000000000,2026-09-02T18:00:00+08:00
2026-09-13,S01,K07,6,0,Z1,0.0274553571,,,,0,,,,0,4.5000000000,2026-09-02T18:00:00+08:00
2026-09-13,S01,K08,6,0,Z1,0.0267857143,,,,0,,,,0,4.5000000000,2026-09-02T18:00:00+08:00
2026-09-13,S02,K01,6,0,Z1,0.0245535714,,,,0,,,,0,4.5000000000,2026-09-02T18:00:00+08:00
2026-09-13,S02,K02,6,0,Z1,0.0250000000,,,,0,,,,0,4.5000000000,2026-09-02T18:00:00+08:00
2026-09-13,S02,K03,6,0,Z1,0.0258928571,,,,0,,,,0,4.5000000000,2026-09-02T18:00:00+08:00
2026-09-13,S02,K04,6,0,Z1,0.0263392857,,,,0,,,,0,4.5000000000,2026-09-02T18:00:00+08:00
2026-09-13,S02,K05,6,0,Z1,0.0267857143,,,,0,,,,0,4.5000000000,2026-09-02T18:00:00+08:00
2026-09-13,S02,K06,6,0,Z1,0.0274553571,,,,0,,,,0,4.5000000000,2026-09-02T18:00:00+08:00
2026-09-13,S02,K07,6,0,Z1,0.0274553571,,,,0,,,,0,4.5000000000,2026-09-02T18:00:00+08:00
2026-09-13,S02,K08,6,0,Z1,0.0267857143,,,,0,,,,0,4.5000000000,2026-09-02T18:00:00+08:00
2026-09-13,S03,K01,6,0,Z1,0.0245535714,,,,0,,,,0,4.5000000000,2026-09-02T18:00:00+08:00
2026-09-13,S03,K02,6,0,Z1,0.0250000000,,,,0,,,,0,4.5000000000,2026-09-02T18:00:00+08:00
2026-09-13,S03,K03,6,0,Z1,0.0258928571,,,,0,,,,0,4.5000000000,2026-09-02T18:00:00+08:00
2026-09-13,S03,K04,6,0,Z1,0.0263392857,,,,0,,,,0,4.5000000000,2026-09-02T18:00:00+08:00
2026-09-13,S03,K05,6,0,Z1,0.0267857143,,,,0,,,,0,4.5000000000,2026-09-02T18:00:00+08:00
2026-09-13,S03,K06,6,0,Z1,0.0274553571,,,,0,,,,0,4.5000000000,2026-09-02T18:00:00+08:00
2026-09-13,S03,K07,6,0,Z1,0.0274553571,,,,0,,,,0,4.5000000000,2026-09-02T18:00:00+08:00
2026-09-13,S03,K08,6,0,Z1,0.0267857143,,,,0,,,,0,4.5000000000,2026-09-02T18:00:00+08:00
2026-09-13,S04,K01,6,0,Z1,0.0245535714,,,,0,,,,0,4.5000000000,2026-09-02T18:00:00+08:00
2026-09-13,S04,K02,6,0,Z1,0.0250000000,,,,0,,,,0,4.5000000000,2026-09-02T18:00:00+08:00
2026-09-13,S04,K03,6,0,Z1,0.0258928571,,,,0,,,,0,4.5000000000,2026-09-02T18:00:00+08:00
2026-09-13,S04,K04,6,0,Z1,0.0263392857,,,,0,,,,0,4.5000000000,2026-09-02T18:00:00+08:00
2026-09-13,S04,K05,6,0,Z1,0.0267857143,,,,0,,,,0,4.5000000000,2026-09-02T18:00:00+08:00
2026-09-13,S04,K06,6,0,Z1,0.0274553571,,,,0,,,,0,4.5000000000,2026-09-02T18:00:00+08:00
2026-09-13,S04,K07,6,0,Z1,0.0274553571,,,,0,,,,0,4.5000000000,2026-09-02T18:00:00+08:00
2026-09-13,S04,K08,6,0,Z1,0.0267857143,,,,0,,,,0,4.5000000000,2026-09-02T18:00:00+08:00
2026-09-13,S05,K01,6,0,Z2,0.0245535714,,,,0,,,,0,4.5000000000,2026-09-02T18:00:00+08:00
2026-09-13,S05,K02,6,0,Z2,0.0250000000,,,,0,,,,0,4.5000000000,2026-09-02T18:00:00+08:00
2026-09-13,S05,K03,6,0,Z2,0.0258928571,,,,0,,,,0,4.5000000000,2026-09-02T18:00:00+08:00
2026-09-13,S05,K04,6,0,Z2,0.0263392857,,,,0,,,,0,4.5000000000,2026-09-02T18:00:00+08:00
2026-09-13,S05,K05,6,0,Z2,0.0267857143,,,,0,,,,0,4.5000000000,2026-09-02T18:00:00+08:00
2026-09-13,S05,K06,6,0,Z2,0.0274553571,,,,0,,,,0,4.5000000000,2026-09-02T18:00:00+08:00
2026-09-13,S05,K07,6,0,Z2,0.0274553571,,,,0,,,,0,4.5000000000,2026-09-02T18:00:00+08:00
2026-09-13,S05,K08,6,0,Z2,0.0267857143,,,,0,,,,0,4.5000000000,2026-09-02T18:00:00+08:00
2026-09-13,S06,K01,6,0,Z2,0.0245535714,,,,0,,,,0,4.5000000000,2026-09-02T18:00:00+08:00
2026-09-13,S06,K02,6,0,Z2,0.0250000000,,,,0,,,,0,4.5000000000,2026-09-02T18:00:00+08:00
2026-09-13,S06,K03,6,0,Z2,0.0258928571,,,,0,,,,0,4.5000000000,2026-09-02T18:00:00+08:00
2026-09-13,S06,K04,6,0,Z2,0.0263392857,,,,0,,,,0,4.5000000000,2026-09-02T18:00:00+08:00
2026-09-13,S06,K05,6,0,Z2,0.0267857143,,,,0,,,,0,4.5000000000,2026-09-02T18:00:00+08:00
2026-09-13,S06,K06,6,0,Z2,0.0274553571,,,,0,,,,0,4.5000000000,2026-09-02T18:00:00+08:00
2026-09-13,S06,K07,6,0,Z2,0.0274553571,,,,0,,,,0,4.5000000000,2026-09-02T18:00:00+08:00
2026-09-13,S06,K08,6,0,Z2,0.0267857143,,,,0,,,,0,4.5000000000,2026-09-02T18:00:00+08:00
2026-09-13,S07,K01,6,0,Z2,0.0245535714,,,,0,,,,0,4.5000000000,2026-09-02T18:00:00+08:00
2026-09-13,S07,K02,6,0,Z2,0.0250000000,,,,0,,,,0,4.5000000000,2026-09-02T18:00:00+08:00
2026-09-13,S07,K03,6,0,Z2,0.0258928571,,,,0,,,,0,4.5000000000,2026-09-02T18:00:00+08:00
2026-09-13,S07,K04,6,0,Z2,0.0263392857,,,,0,,,,0,4.5000000000,2026-09-02T18:00:00+08:00
2026-09-13,S07,K05,6,0,Z2,0.0267857143,,,,0,,,,0,4.5000000000,2026-09-02T18:00:00+08:00
2026-09-13,S07,K06,6,0,Z2,0.0274553571,,,,0,,,,0,4.5000000000,2026-09-02T18:00:00+08:00
2026-09-13,S07,K07,6,0,Z2,0.0274553571,,,,0,,,,0,4.5000000000,2026-09-02T18:00:00+08:00
2026-09-13,S07,K08,6,0,Z2,0.0267857143,,,,0,,,,0,4.5000000000,2026-09-02T18:00:00+08:00
2026-09-13,S08,K01,6,0,Z2,0.0245535714,,,,0,,,,0,4.5000000000,2026-09-02T18:00:00+08:00
2026-09-13,S08,K02,6,0,Z2,0.0250000000,,,,0,,,,0,4.5000000000,2026-09-02T18:00:00+08:00
2026-09-13,S08,K03,6,0,Z2,0.0258928571,,,,0,,,,0,4.5000000000,2026-09-02T18:00:00+08:00
2026-09-13,S08,K04,6,0,Z2,0.0263392857,,,,0,,,,0,4.5000000000,2026-09-02T18:00:00+08:00
2026-09-13,S08,K05,6,0,Z2,0.0267857143,,,,0,,,,0,4.5000000000,2026-09-02T18:00:00+08:00
2026-09-13,S08,K06,6,0,Z2,0.0274553571,,,,0,,,,0,4.5000000000,2026-09-02T18:00:00+08:00
2026-09-13,S08,K07,6,0,Z2,0.0274553571,,,,0,,,,0,4.5000000000,2026-09-02T18:00:00+08:00
2026-09-13,S08,K08,6,0,Z2,0.0267857143,,,,0,,,,0,4.5000000000,2026-09-02T18:00:00+08:00
2026-09-13,S09,K01,6,0,Z3,0.0245535714,,,,0,,,,0,4.5000000000,2026-09-02T18:00:00+08:00
2026-09-13,S09,K02,6,0,Z3,0.0250000000,,,,0,,,,0,4.5000000000,2026-09-02T18:00:00+08:00
2026-09-13,S09,K03,6,0,Z3,0.0258928571,,,,0,,,,0,4.5000000000,2026-09-02T18:00:00+08:00
2026-09-13,S09,K04,6,0,Z3,0.0263392857,,,,0,,,,0,4.5000000000,2026-09-02T18:00:00+08:00
2026-09-13,S09,K05,6,0,Z3,0.0267857143,,,,0,,,,0,4.5000000000,2026-09-02T18:00:00+08:00
2026-09-13,S09,K06,6,0,Z3,0.0274553571,,,,0,,,,0,4.5000000000,2026-09-02T18:00:00+08:00
2026-09-13,S09,K07,6,0,Z3,0.0274553571,,,,0,,,,0,4.5000000000,2026-09-02T18:00:00+08:00
2026-09-13,S09,K08,6,0,Z3,0.0267857143,,,,0,,,,0,4.5000000000,2026-09-02T18:00:00+08:00
2026-09-13,S10,K01,6,0,Z3,0.0245535714,,,,0,,,,0,4.5000000000,2026-09-02T18:00:00+08:00
2026-09-13,S10,K02,6,0,Z3,0.0250000000,,,,0,,,,0,4.5000000000,2026-09-02T18:00:00+08:00
2026-09-13,S10,K03,6,0,Z3,0.0258928571,,,,0,,,,0,4.5000000000,2026-09-02T18:00:00+08:00
2026-09-13,S10,K04,6,0,Z3,0.0263392857,,,,0,,,,0,4.5000000000,2026-09-02T18:00:00+08:00
2026-09-13,S10,K05,6,0,Z3,0.0267857143,,,,0,,,,0,4.5000000000,2026-09-02T18:00:00+08:00
2026-09-13,S10,K06,6,0,Z3,0.0274553571,,,,0,,,,0,4.5000000000,2026-09-02T18:00:00+08:00
2026-09-13,S10,K07,6,0,Z3,0.0274553571,,,,0,,,,0,4.5000000000,2026-09-02T18:00:00+08:00
2026-09-13,S10,K08,6,0,Z3,0.0267857143,,,,0,,,,0,4.5000000000,2026-09-02T18:00:00+08:00
2026-09-13,S11,K01,6,0,Z3,0.0245535714,,,,0,,,,0,4.5000000000,2026-09-02T18:00:00+08:00
2026-09-13,S11,K02,6,0,Z3,0.0250000000,,,,0,,,,0,4.5000000000,2026-09-02T18:00:00+08:00
2026-09-13,S11,K03,6,0,Z3,0.0258928571,,,,0,,,,0,4.5000000000,2026-09-02T18:00:00+08:00
2026-09-13,S11,K04,6,0,Z3,0.0263392857,,,,0,,,,0,4.5000000000,2026-09-02T18:00:00+08:00
2026-09-13,S11,K05,6,0,Z3,0.0267857143,,,,0,,,,0,4.5000000000,2026-09-02T18:00:00+08:00
2026-09-13,S11,K06,6,0,Z3,0.0274553571,,,,0,,,,0,4.5000000000,2026-09-02T18:00:00+08:00
2026-09-13,S11,K07,6,0,Z3,0.0274553571,,,,0,,,,0,4.5000000000,2026-09-02T18:00:00+08:00
2026-09-13,S11,K08,6,0,Z3,0.0267857143,,,,0,,,,0,4.5000000000,2026-09-02T18:00:00+08:00
2026-09-13,S12,K01,6,0,Z3,0.0245535714,,,,0,,,,0,4.5000000000,2026-09-02T18:00:00+08:00
2026-09-13,S12,K02,6,0,Z3,0.0250000000,,,,0,,,,0,4.5000000000,2026-09-02T18:00:00+08:00
2026-09-13,S12,K03,6,0,Z3,0.0258928571,,,,0,,,,0,4.5000000000,2026-09-02T18:00:00+08:00
2026-09-13,S12,K04,6,0,Z3,0.0263392857,,,,0,,,,0,4.5000000000,2026-09-02T18:00:00+08:00
2026-09-13,S12,K05,6,0,Z3,0.0267857143,,,,0,,,,0,4.5000000000,2026-09-02T18:00:00+08:00
2026-09-13,S12,K06,6,0,Z3,0.0274553571,,,,0,,,,0,4.5000000000,2026-09-02T18:00:00+08:00
2026-09-13,S12,K07,6,0,Z3,0.0274553571,,,,0,,,,0,4.5000000000,2026-09-02T18:00:00+08:00
2026-09-13,S12,K08,6,0,Z3,0.0267857143,,,,0,,,,0,4.5000000000,2026-09-02T18:00:00+08:00
2026-09-14,S01,K01,0,0,Z1,0.0245535714,,,,0,,,,0,4.5333333333,2026-09-02T18:00:00+08:00
2026-09-14,S01,K02,0,0,Z1,0.0250000000,,,,0,,,,0,4.5333333333,2026-09-02T18:00:00+08:00
2026-09-14,S01,K03,0,0,Z1,0.0258928571,,,,0,,,,0,4.5333333333,2026-09-02T18:00:00+08:00
2026-09-14,S01,K04,0,0,Z1,0.0263392857,,,,0,,,,0,4.5333333333,2026-09-02T18:00:00+08:00
2026-09-14,S01,K05,0,0,Z1,0.0267857143,,,,0,,,,0,4.5333333333,2026-09-02T18:00:00+08:00
2026-09-14,S01,K06,0,0,Z1,0.0274553571,,,,0,,,,0,4.5333333333,2026-09-02T18:00:00+08:00
2026-09-14,S01,K07,0,0,Z1,0.0274553571,,,,0,,,,0,4.5333333333,2026-09-02T18:00:00+08:00
2026-09-14,S01,K08,0,0,Z1,0.0267857143,,,,0,,,,0,4.5333333333,2026-09-02T18:00:00+08:00
2026-09-14,S02,K01,0,0,Z1,0.0245535714,,,,0,,,,0,4.5333333333,2026-09-02T18:00:00+08:00
2026-09-14,S02,K02,0,0,Z1,0.0250000000,,,,0,,,,0,4.5333333333,2026-09-02T18:00:00+08:00
2026-09-14,S02,K03,0,0,Z1,0.0258928571,,,,0,,,,0,4.5333333333,2026-09-02T18:00:00+08:00
2026-09-14,S02,K04,0,0,Z1,0.0263392857,,,,0,,,,0,4.5333333333,2026-09-02T18:00:00+08:00
2026-09-14,S02,K05,0,0,Z1,0.0267857143,,,,0,,,,0,4.5333333333,2026-09-02T18:00:00+08:00
2026-09-14,S02,K06,0,0,Z1,0.0274553571,,,,0,,,,0,4.5333333333,2026-09-02T18:00:00+08:00
2026-09-14,S02,K07,0,0,Z1,0.0274553571,,,,0,,,,0,4.5333333333,2026-09-02T18:00:00+08:00
2026-09-14,S02,K08,0,0,Z1,0.0267857143,,,,0,,,,0,4.5333333333,2026-09-02T18:00:00+08:00
2026-09-14,S03,K01,0,0,Z1,0.0245535714,,,,0,,,,0,4.5333333333,2026-09-02T18:00:00+08:00
2026-09-14,S03,K02,0,0,Z1,0.0250000000,,,,0,,,,0,4.5333333333,2026-09-02T18:00:00+08:00
2026-09-14,S03,K03,0,0,Z1,0.0258928571,,,,0,,,,0,4.5333333333,2026-09-02T18:00:00+08:00
2026-09-14,S03,K04,0,0,Z1,0.0263392857,,,,0,,,,0,4.5333333333,2026-09-02T18:00:00+08:00
2026-09-14,S03,K05,0,0,Z1,0.0267857143,,,,0,,,,0,4.5333333333,2026-09-02T18:00:00+08:00
2026-09-14,S03,K06,0,0,Z1,0.0274553571,,,,0,,,,0,4.5333333333,2026-09-02T18:00:00+08:00
2026-09-14,S03,K07,0,0,Z1,0.0274553571,,,,0,,,,0,4.5333333333,2026-09-02T18:00:00+08:00
2026-09-14,S03,K08,0,0,Z1,0.0267857143,,,,0,,,,0,4.5333333333,2026-09-02T18:00:00+08:00
2026-09-14,S04,K01,0,0,Z1,0.0245535714,,,,0,,,,0,4.5333333333,2026-09-02T18:00:00+08:00
2026-09-14,S04,K02,0,0,Z1,0.0250000000,,,,0,,,,0,4.5333333333,2026-09-02T18:00:00+08:00
2026-09-14,S04,K03,0,0,Z1,0.0258928571,,,,0,,,,0,4.5333333333,2026-09-02T18:00:00+08:00
2026-09-14,S04,K04,0,0,Z1,0.0263392857,,,,0,,,,0,4.5333333333,2026-09-02T18:00:00+08:00
2026-09-14,S04,K05,0,0,Z1,0.0267857143,,,,0,,,,0,4.5333333333,2026-09-02T18:00:00+08:00
2026-09-14,S04,K06,0,0,Z1,0.0274553571,,,,0,,,,0,4.5333333333,2026-09-02T18:00:00+08:00
2026-09-14,S04,K07,0,0,Z1,0.0274553571,,,,0,,,,0,4.5333333333,2026-09-02T18:00:00+08:00
2026-09-14,S04,K08,0,0,Z1,0.0267857143,,,,0,,,,0,4.5333333333,2026-09-02T18:00:00+08:00
2026-09-14,S05,K01,0,0,Z2,0.0245535714,,,,0,,,,0,4.5333333333,2026-09-02T18:00:00+08:00
2026-09-14,S05,K02,0,0,Z2,0.0250000000,,,,0,,,,0,4.5333333333,2026-09-02T18:00:00+08:00
2026-09-14,S05,K03,0,0,Z2,0.0258928571,,,,0,,,,0,4.5333333333,2026-09-02T18:00:00+08:00
2026-09-14,S05,K04,0,0,Z2,0.0263392857,,,,0,,,,0,4.5333333333,2026-09-02T18:00:00+08:00
2026-09-14,S05,K05,0,0,Z2,0.0267857143,,,,0,,,,0,4.5333333333,2026-09-02T18:00:00+08:00
2026-09-14,S05,K06,0,0,Z2,0.0274553571,,,,0,,,,0,4.5333333333,2026-09-02T18:00:00+08:00
2026-09-14,S05,K07,0,0,Z2,0.0274553571,,,,0,,,,0,4.5333333333,2026-09-02T18:00:00+08:00
2026-09-14,S05,K08,0,0,Z2,0.0267857143,,,,0,,,,0,4.5333333333,2026-09-02T18:00:00+08:00
2026-09-14,S06,K01,0,0,Z2,0.0245535714,,,,0,,,,0,4.5333333333,2026-09-02T18:00:00+08:00
2026-09-14,S06,K02,0,0,Z2,0.0250000000,,,,0,,,,0,4.5333333333,2026-09-02T18:00:00+08:00
2026-09-14,S06,K03,0,0,Z2,0.0258928571,,,,0,,,,0,4.5333333333,2026-09-02T18:00:00+08:00
2026-09-14,S06,K04,0,0,Z2,0.0263392857,,,,0,,,,0,4.5333333333,2026-09-02T18:00:00+08:00
2026-09-14,S06,K05,0,0,Z2,0.0267857143,,,,0,,,,0,4.5333333333,2026-09-02T18:00:00+08:00
2026-09-14,S06,K06,0,0,Z2,0.0274553571,,,,0,,,,0,4.5333333333,2026-09-02T18:00:00+08:00
2026-09-14,S06,K07,0,0,Z2,0.0274553571,,,,0,,,,0,4.5333333333,2026-09-02T18:00:00+08:00
2026-09-14,S06,K08,0,0,Z2,0.0267857143,,,,0,,,,0,4.5333333333,2026-09-02T18:00:00+08:00
2026-09-14,S07,K01,0,0,Z2,0.0245535714,,,,0,,,,0,4.5333333333,2026-09-02T18:00:00+08:00
2026-09-14,S07,K02,0,0,Z2,0.0250000000,,,,0,,,,0,4.5333333333,2026-09-02T18:00:00+08:00
2026-09-14,S07,K03,0,0,Z2,0.0258928571,,,,0,,,,0,4.5333333333,2026-09-02T18:00:00+08:00
2026-09-14,S07,K04,0,0,Z2,0.0263392857,,,,0,,,,0,4.5333333333,2026-09-02T18:00:00+08:00
2026-09-14,S07,K05,0,0,Z2,0.0267857143,,,,0,,,,0,4.5333333333,2026-09-02T18:00:00+08:00
2026-09-14,S07,K06,0,0,Z2,0.0274553571,,,,0,,,,0,4.5333333333,2026-09-02T18:00:00+08:00
2026-09-14,S07,K07,0,0,Z2,0.0274553571,,,,0,,,,0,4.5333333333,2026-09-02T18:00:00+08:00
2026-09-14,S07,K08,0,0,Z2,0.0267857143,,,,0,,,,0,4.5333333333,2026-09-02T18:00:00+08:00
2026-09-14,S08,K01,0,0,Z2,0.0245535714,,,,0,,,,0,4.5333333333,2026-09-02T18:00:00+08:00
2026-09-14,S08,K02,0,0,Z2,0.0250000000,,,,0,,,,0,4.5333333333,2026-09-02T18:00:00+08:00
2026-09-14,S08,K03,0,0,Z2,0.0258928571,,,,0,,,,0,4.5333333333,2026-09-02T18:00:00+08:00
2026-09-14,S08,K04,0,0,Z2,0.0263392857,,,,0,,,,0,4.5333333333,2026-09-02T18:00:00+08:00
2026-09-14,S08,K05,0,0,Z2,0.0267857143,,,,0,,,,0,4.5333333333,2026-09-02T18:00:00+08:00
2026-09-14,S08,K06,0,0,Z2,0.0274553571,,,,0,,,,0,4.5333333333,2026-09-02T18:00:00+08:00
2026-09-14,S08,K07,0,0,Z2,0.0274553571,,,,0,,,,0,4.5333333333,2026-09-02T18:00:00+08:00
2026-09-14,S08,K08,0,0,Z2,0.0267857143,,,,0,,,,0,4.5333333333,2026-09-02T18:00:00+08:00
2026-09-14,S09,K01,0,0,Z3,0.0245535714,,,,0,,,,0,4.5333333333,2026-09-02T18:00:00+08:00
2026-09-14,S09,K02,0,0,Z3,0.0250000000,,,,0,,,,0,4.5333333333,2026-09-02T18:00:00+08:00
2026-09-14,S09,K03,0,0,Z3,0.0258928571,,,,0,,,,0,4.5333333333,2026-09-02T18:00:00+08:00
2026-09-14,S09,K04,0,0,Z3,0.0263392857,,,,0,,,,0,4.5333333333,2026-09-02T18:00:00+08:00
2026-09-14,S09,K05,0,0,Z3,0.0267857143,,,,0,,,,0,4.5333333333,2026-09-02T18:00:00+08:00
2026-09-14,S09,K06,0,0,Z3,0.0274553571,,,,0,,,,0,4.5333333333,2026-09-02T18:00:00+08:00
2026-09-14,S09,K07,0,0,Z3,0.0274553571,,,,0,,,,0,4.5333333333,2026-09-02T18:00:00+08:00
2026-09-14,S09,K08,0,0,Z3,0.0267857143,,,,0,,,,0,4.5333333333,2026-09-02T18:00:00+08:00
2026-09-14,S10,K01,0,0,Z3,0.0245535714,,,,0,,,,0,4.5333333333,2026-09-02T18:00:00+08:00
2026-09-14,S10,K02,0,0,Z3,0.0250000000,,,,0,,,,0,4.5333333333,2026-09-02T18:00:00+08:00
2026-09-14,S10,K03,0,0,Z3,0.0258928571,,,,0,,,,0,4.5333333333,2026-09-02T18:00:00+08:00
2026-09-14,S10,K04,0,0,Z3,0.0263392857,,,,0,,,,0,4.5333333333,2026-09-02T18:00:00+08:00
2026-09-14,S10,K05,0,0,Z3,0.0267857143,,,,0,,,,0,4.5333333333,2026-09-02T18:00:00+08:00
2026-09-14,S10,K06,0,0,Z3,0.0274553571,,,,0,,,,0,4.5333333333,2026-09-02T18:00:00+08:00
2026-09-14,S10,K07,0,0,Z3,0.0274553571,,,,0,,,,0,4.5333333333,2026-09-02T18:00:00+08:00
2026-09-14,S10,K08,0,0,Z3,0.0267857143,,,,0,,,,0,4.5333333333,2026-09-02T18:00:00+08:00
2026-09-14,S11,K01,0,0,Z3,0.0245535714,,,,0,,,,0,4.5333333333,2026-09-02T18:00:00+08:00
2026-09-14,S11,K02,0,0,Z3,0.0250000000,,,,0,,,,0,4.5333333333,2026-09-02T18:00:00+08:00
2026-09-14,S11,K03,0,0,Z3,0.0258928571,,,,0,,,,0,4.5333333333,2026-09-02T18:00:00+08:00
2026-09-14,S11,K04,0,0,Z3,0.0263392857,,,,0,,,,0,4.5333333333,2026-09-02T18:00:00+08:00
2026-09-14,S11,K05,0,0,Z3,0.0267857143,,,,0,,,,0,4.5333333333,2026-09-02T18:00:00+08:00
2026-09-14,S11,K06,0,0,Z3,0.0274553571,,,,0,,,,0,4.5333333333,2026-09-02T18:00:00+08:00
2026-09-14,S11,K07,0,0,Z3,0.0274553571,,,,0,,,,0,4.5333333333,2026-09-02T18:00:00+08:00
2026-09-14,S11,K08,0,0,Z3,0.0267857143,,,,0,,,,0,4.5333333333,2026-09-02T18:00:00+08:00
2026-09-14,S12,K01,0,0,Z3,0.0245535714,,,,0,,,,0,4.5333333333,2026-09-02T18:00:00+08:00
2026-09-14,S12,K02,0,0,Z3,0.0250000000,,,,0,,,,0,4.5333333333,2026-09-02T18:00:00+08:00
2026-09-14,S12,K03,0,0,Z3,0.0258928571,,,,0,,,,0,4.5333333333,2026-09-02T18:00:00+08:00
2026-09-14,S12,K04,0,0,Z3,0.0263392857,,,,0,,,,0,4.5333333333,2026-09-02T18:00:00+08:00
2026-09-14,S12,K05,0,0,Z3,0.0267857143,,,,0,,,,0,4.5333333333,2026-09-02T18:00:00+08:00
2026-09-14,S12,K06,0,0,Z3,0.0274553571,,,,0,,,,0,4.5333333333,2026-09-02T18:00:00+08:00
2026-09-14,S12,K07,0,0,Z3,0.0274553571,,,,0,,,,0,4.5333333333,2026-09-02T18:00:00+08:00
2026-09-14,S12,K08,0,0,Z3,0.0267857143,,,,0,,,,0,4.5333333333,2026-09-02T18:00:00+08:00
2026-09-15,S01,K01,1,0,Z1,0.0245535714,,,,0,,,,0,4.5666666667,2026-09-02T18:00:00+08:00
2026-09-15,S01,K02,1,0,Z1,0.0250000000,,,,0,,,,0,4.5666666667,2026-09-02T18:00:00+08:00
2026-09-15,S01,K03,1,0,Z1,0.0258928571,,,,0,,,,0,4.5666666667,2026-09-02T18:00:00+08:00
2026-09-15,S01,K04,1,0,Z1,0.0263392857,,,,0,,,,0,4.5666666667,2026-09-02T18:00:00+08:00
2026-09-15,S01,K05,1,0,Z1,0.0267857143,,,,0,,,,0,4.5666666667,2026-09-02T18:00:00+08:00
2026-09-15,S01,K06,1,0,Z1,0.0274553571,,,,0,,,,0,4.5666666667,2026-09-02T18:00:00+08:00
2026-09-15,S01,K07,1,0,Z1,0.0274553571,,,,0,,,,0,4.5666666667,2026-09-02T18:00:00+08:00
2026-09-15,S01,K08,1,0,Z1,0.0267857143,,,,0,,,,0,4.5666666667,2026-09-02T18:00:00+08:00
2026-09-15,S02,K01,1,0,Z1,0.0245535714,,,,0,,,,0,4.5666666667,2026-09-02T18:00:00+08:00
2026-09-15,S02,K02,1,0,Z1,0.0250000000,,,,0,,,,0,4.5666666667,2026-09-02T18:00:00+08:00
2026-09-15,S02,K03,1,0,Z1,0.0258928571,,,,0,,,,0,4.5666666667,2026-09-02T18:00:00+08:00
2026-09-15,S02,K04,1,0,Z1,0.0263392857,,,,0,,,,0,4.5666666667,2026-09-02T18:00:00+08:00
2026-09-15,S02,K05,1,0,Z1,0.0267857143,,,,0,,,,0,4.5666666667,2026-09-02T18:00:00+08:00
2026-09-15,S02,K06,1,0,Z1,0.0274553571,,,,0,,,,0,4.5666666667,2026-09-02T18:00:00+08:00
2026-09-15,S02,K07,1,0,Z1,0.0274553571,,,,0,,,,0,4.5666666667,2026-09-02T18:00:00+08:00
2026-09-15,S02,K08,1,0,Z1,0.0267857143,,,,0,,,,0,4.5666666667,2026-09-02T18:00:00+08:00
2026-09-15,S03,K01,1,0,Z1,0.0245535714,,,,0,,,,0,4.5666666667,2026-09-02T18:00:00+08:00
2026-09-15,S03,K02,1,0,Z1,0.0250000000,,,,0,,,,0,4.5666666667,2026-09-02T18:00:00+08:00
2026-09-15,S03,K03,1,0,Z1,0.0258928571,,,,0,,,,0,4.5666666667,2026-09-02T18:00:00+08:00
2026-09-15,S03,K04,1,0,Z1,0.0263392857,,,,0,,,,0,4.5666666667,2026-09-02T18:00:00+08:00
2026-09-15,S03,K05,1,0,Z1,0.0267857143,,,,0,,,,0,4.5666666667,2026-09-02T18:00:00+08:00
2026-09-15,S03,K06,1,0,Z1,0.0274553571,,,,0,,,,0,4.5666666667,2026-09-02T18:00:00+08:00
2026-09-15,S03,K07,1,0,Z1,0.0274553571,,,,0,,,,0,4.5666666667,2026-09-02T18:00:00+08:00
2026-09-15,S03,K08,1,0,Z1,0.0267857143,,,,0,,,,0,4.5666666667,2026-09-02T18:00:00+08:00
2026-09-15,S04,K01,1,0,Z1,0.0245535714,,,,0,,,,0,4.5666666667,2026-09-02T18:00:00+08:00
2026-09-15,S04,K02,1,0,Z1,0.0250000000,,,,0,,,,0,4.5666666667,2026-09-02T18:00:00+08:00
2026-09-15,S04,K03,1,0,Z1,0.0258928571,,,,0,,,,0,4.5666666667,2026-09-02T18:00:00+08:00
2026-09-15,S04,K04,1,0,Z1,0.0263392857,,,,0,,,,0,4.5666666667,2026-09-02T18:00:00+08:00
2026-09-15,S04,K05,1,0,Z1,0.0267857143,,,,0,,,,0,4.5666666667,2026-09-02T18:00:00+08:00
2026-09-15,S04,K06,1,0,Z1,0.0274553571,,,,0,,,,0,4.5666666667,2026-09-02T18:00:00+08:00
2026-09-15,S04,K07,1,0,Z1,0.0274553571,,,,0,,,,0,4.5666666667,2026-09-02T18:00:00+08:00
2026-09-15,S04,K08,1,0,Z1,0.0267857143,,,,0,,,,0,4.5666666667,2026-09-02T18:00:00+08:00
2026-09-15,S05,K01,1,0,Z2,0.0245535714,,,,0,,,,0,4.5666666667,2026-09-02T18:00:00+08:00
2026-09-15,S05,K02,1,0,Z2,0.0250000000,,,,0,,,,0,4.5666666667,2026-09-02T18:00:00+08:00
2026-09-15,S05,K03,1,0,Z2,0.0258928571,,,,0,,,,0,4.5666666667,2026-09-02T18:00:00+08:00
2026-09-15,S05,K04,1,0,Z2,0.0263392857,,,,0,,,,0,4.5666666667,2026-09-02T18:00:00+08:00
2026-09-15,S05,K05,1,0,Z2,0.0267857143,,,,0,,,,0,4.5666666667,2026-09-02T18:00:00+08:00
2026-09-15,S05,K06,1,0,Z2,0.0274553571,,,,0,,,,0,4.5666666667,2026-09-02T18:00:00+08:00
2026-09-15,S05,K07,1,0,Z2,0.0274553571,,,,0,,,,0,4.5666666667,2026-09-02T18:00:00+08:00
2026-09-15,S05,K08,1,0,Z2,0.0267857143,,,,0,,,,0,4.5666666667,2026-09-02T18:00:00+08:00
2026-09-15,S06,K01,1,0,Z2,0.0245535714,,,,0,,,,0,4.5666666667,2026-09-02T18:00:00+08:00
2026-09-15,S06,K02,1,0,Z2,0.0250000000,,,,0,,,,0,4.5666666667,2026-09-02T18:00:00+08:00
2026-09-15,S06,K03,1,0,Z2,0.0258928571,,,,0,,,,0,4.5666666667,2026-09-02T18:00:00+08:00
2026-09-15,S06,K04,1,0,Z2,0.0263392857,,,,0,,,,0,4.5666666667,2026-09-02T18:00:00+08:00
2026-09-15,S06,K05,1,0,Z2,0.0267857143,,,,0,,,,0,4.5666666667,2026-09-02T18:00:00+08:00
2026-09-15,S06,K06,1,0,Z2,0.0274553571,,,,0,,,,0,4.5666666667,2026-09-02T18:00:00+08:00
2026-09-15,S06,K07,1,0,Z2,0.0274553571,,,,0,,,,0,4.5666666667,2026-09-02T18:00:00+08:00
2026-09-15,S06,K08,1,0,Z2,0.0267857143,,,,0,,,,0,4.5666666667,2026-09-02T18:00:00+08:00
2026-09-15,S07,K01,1,0,Z2,0.0245535714,,,,0,,,,0,4.5666666667,2026-09-02T18:00:00+08:00
2026-09-15,S07,K02,1,0,Z2,0.0250000000,,,,0,,,,0,4.5666666667,2026-09-02T18:00:00+08:00
2026-09-15,S07,K03,1,0,Z2,0.0258928571,,,,0,,,,0,4.5666666667,2026-09-02T18:00:00+08:00
2026-09-15,S07,K04,1,0,Z2,0.0263392857,,,,0,,,,0,4.5666666667,2026-09-02T18:00:00+08:00
2026-09-15,S07,K05,1,0,Z2,0.0267857143,,,,0,,,,0,4.5666666667,2026-09-02T18:00:00+08:00
2026-09-15,S07,K06,1,0,Z2,0.0274553571,,,,0,,,,0,4.5666666667,2026-09-02T18:00:00+08:00
2026-09-15,S07,K07,1,0,Z2,0.0274553571,,,,0,,,,0,4.5666666667,2026-09-02T18:00:00+08:00
2026-09-15,S07,K08,1,0,Z2,0.0267857143,,,,0,,,,0,4.5666666667,2026-09-02T18:00:00+08:00
2026-09-15,S08,K01,1,0,Z2,0.0245535714,,,,0,,,,0,4.5666666667,2026-09-02T18:00:00+08:00
2026-09-15,S08,K02,1,0,Z2,0.0250000000,,,,0,,,,0,4.5666666667,2026-09-02T18:00:00+08:00
2026-09-15,S08,K03,1,0,Z2,0.0258928571,,,,0,,,,0,4.5666666667,2026-09-02T18:00:00+08:00
2026-09-15,S08,K04,1,0,Z2,0.0263392857,,,,0,,,,0,4.5666666667,2026-09-02T18:00:00+08:00
2026-09-15,S08,K05,1,0,Z2,0.0267857143,,,,0,,,,0,4.5666666667,2026-09-02T18:00:00+08:00
2026-09-15,S08,K06,1,0,Z2,0.0274553571,,,,0,,,,0,4.5666666667,2026-09-02T18:00:00+08:00
2026-09-15,S08,K07,1,0,Z2,0.0274553571,,,,0,,,,0,4.5666666667,2026-09-02T18:00:00+08:00
2026-09-15,S08,K08,1,0,Z2,0.0267857143,,,,0,,,,0,4.5666666667,2026-09-02T18:00:00+08:00
2026-09-15,S09,K01,1,0,Z3,0.0245535714,,,,0,,,,0,4.5666666667,2026-09-02T18:00:00+08:00
2026-09-15,S09,K02,1,0,Z3,0.0250000000,,,,0,,,,0,4.5666666667,2026-09-02T18:00:00+08:00
2026-09-15,S09,K03,1,0,Z3,0.0258928571,,,,0,,,,0,4.5666666667,2026-09-02T18:00:00+08:00
2026-09-15,S09,K04,1,0,Z3,0.0263392857,,,,0,,,,0,4.5666666667,2026-09-02T18:00:00+08:00
2026-09-15,S09,K05,1,0,Z3,0.0267857143,,,,0,,,,0,4.5666666667,2026-09-02T18:00:00+08:00
2026-09-15,S09,K06,1,0,Z3,0.0274553571,,,,0,,,,0,4.5666666667,2026-09-02T18:00:00+08:00
2026-09-15,S09,K07,1,0,Z3,0.0274553571,,,,0,,,,0,4.5666666667,2026-09-02T18:00:00+08:00
2026-09-15,S09,K08,1,0,Z3,0.0267857143,,,,0,,,,0,4.5666666667,2026-09-02T18:00:00+08:00
2026-09-15,S10,K01,1,0,Z3,0.0245535714,,,,0,,,,0,4.5666666667,2026-09-02T18:00:00+08:00
2026-09-15,S10,K02,1,0,Z3,0.0250000000,,,,0,,,,0,4.5666666667,2026-09-02T18:00:00+08:00
2026-09-15,S10,K03,1,0,Z3,0.0258928571,,,,0,,,,0,4.5666666667,2026-09-02T18:00:00+08:00
2026-09-15,S10,K04,1,0,Z3,0.0263392857,,,,0,,,,0,4.5666666667,2026-09-02T18:00:00+08:00
2026-09-15,S10,K05,1,0,Z3,0.0267857143,,,,0,,,,0,4.5666666667,2026-09-02T18:00:00+08:00
2026-09-15,S10,K06,1,0,Z3,0.0274553571,,,,0,,,,0,4.5666666667,2026-09-02T18:00:00+08:00
2026-09-15,S10,K07,1,0,Z3,0.0274553571,,,,0,,,,0,4.5666666667,2026-09-02T18:00:00+08:00
2026-09-15,S10,K08,1,0,Z3,0.0267857143,,,,0,,,,0,4.5666666667,2026-09-02T18:00:00+08:00
2026-09-15,S11,K01,1,0,Z3,0.0245535714,,,,0,,,,0,4.5666666667,2026-09-02T18:00:00+08:00
2026-09-15,S11,K02,1,0,Z3,0.0250000000,,,,0,,,,0,4.5666666667,2026-09-02T18:00:00+08:00
2026-09-15,S11,K03,1,0,Z3,0.0258928571,,,,0,,,,0,4.5666666667,2026-09-02T18:00:00+08:00
2026-09-15,S11,K04,1,0,Z3,0.0263392857,,,,0,,,,0,4.5666666667,2026-09-02T18:00:00+08:00
2026-09-15,S11,K05,1,0,Z3,0.0267857143,,,,0,,,,0,4.5666666667,2026-09-02T18:00:00+08:00
2026-09-15,S11,K06,1,0,Z3,0.0274553571,,,,0,,,,0,4.5666666667,2026-09-02T18:00:00+08:00
2026-09-15,S11,K07,1,0,Z3,0.0274553571,,,,0,,,,0,4.5666666667,2026-09-02T18:00:00+08:00
2026-09-15,S11,K08,1,0,Z3,0.0267857143,,,,0,,,,0,4.5666666667,2026-09-02T18:00:00+08:00
2026-09-15,S12,K01,1,0,Z3,0.0245535714,,,,0,,,,0,4.5666666667,2026-09-02T18:00:00+08:00
2026-09-15,S12,K02,1,0,Z3,0.0250000000,,,,0,,,,0,4.5666666667,2026-09-02T18:00:00+08:00
2026-09-15,S12,K03,1,0,Z3,0.0258928571,,,,0,,,,0,4.5666666667,2026-09-02T18:00:00+08:00
2026-09-15,S12,K04,1,0,Z3,0.0263392857,,,,0,,,,0,4.5666666667,2026-09-02T18:00:00+08:00
2026-09-15,S12,K05,1,0,Z3,0.0267857143,,,,0,,,,0,4.5666666667,2026-09-02T18:00:00+08:00
2026-09-15,S12,K06,1,0,Z3,0.0274553571,,,,0,,,,0,4.5666666667,2026-09-02T18:00:00+08:00
2026-09-15,S12,K07,1,0,Z3,0.0274553571,,,,0,,,,0,4.5666666667,2026-09-02T18:00:00+08:00
2026-09-15,S12,K08,1,0,Z3,0.0267857143,,,,0,,,,0,4.5666666667,2026-09-02T18:00:00+08:00
2026-09-16,S01,K01,2,0,Z1,0.0245535714,,,,0,,,,0,4.6000000000,2026-09-02T18:00:00+08:00
2026-09-16,S01,K02,2,0,Z1,0.0250000000,,,,0,,,,0,4.6000000000,2026-09-02T18:00:00+08:00
2026-09-16,S01,K03,2,0,Z1,0.0258928571,,,,0,,,,0,4.6000000000,2026-09-02T18:00:00+08:00
2026-09-16,S01,K04,2,0,Z1,0.0263392857,,,,0,,,,0,4.6000000000,2026-09-02T18:00:00+08:00
2026-09-16,S01,K05,2,0,Z1,0.0267857143,,,,0,,,,0,4.6000000000,2026-09-02T18:00:00+08:00
2026-09-16,S01,K06,2,0,Z1,0.0274553571,,,,0,,,,0,4.6000000000,2026-09-02T18:00:00+08:00
2026-09-16,S01,K07,2,0,Z1,0.0274553571,,,,0,,,,0,4.6000000000,2026-09-02T18:00:00+08:00
2026-09-16,S01,K08,2,0,Z1,0.0267857143,,,,0,,,,0,4.6000000000,2026-09-02T18:00:00+08:00
2026-09-16,S02,K01,2,0,Z1,0.0245535714,,,,0,,,,0,4.6000000000,2026-09-02T18:00:00+08:00
2026-09-16,S02,K02,2,0,Z1,0.0250000000,,,,0,,,,0,4.6000000000,2026-09-02T18:00:00+08:00
2026-09-16,S02,K03,2,0,Z1,0.0258928571,,,,0,,,,0,4.6000000000,2026-09-02T18:00:00+08:00
2026-09-16,S02,K04,2,0,Z1,0.0263392857,,,,0,,,,0,4.6000000000,2026-09-02T18:00:00+08:00
2026-09-16,S02,K05,2,0,Z1,0.0267857143,,,,0,,,,0,4.6000000000,2026-09-02T18:00:00+08:00
2026-09-16,S02,K06,2,0,Z1,0.0274553571,,,,0,,,,0,4.6000000000,2026-09-02T18:00:00+08:00
2026-09-16,S02,K07,2,0,Z1,0.0274553571,,,,0,,,,0,4.6000000000,2026-09-02T18:00:00+08:00
2026-09-16,S02,K08,2,0,Z1,0.0267857143,,,,0,,,,0,4.6000000000,2026-09-02T18:00:00+08:00
2026-09-16,S03,K01,2,0,Z1,0.0245535714,,,,0,,,,0,4.6000000000,2026-09-02T18:00:00+08:00
2026-09-16,S03,K02,2,0,Z1,0.0250000000,,,,0,,,,0,4.6000000000,2026-09-02T18:00:00+08:00
2026-09-16,S03,K03,2,0,Z1,0.0258928571,,,,0,,,,0,4.6000000000,2026-09-02T18:00:00+08:00
2026-09-16,S03,K04,2,0,Z1,0.0263392857,,,,0,,,,0,4.6000000000,2026-09-02T18:00:00+08:00
2026-09-16,S03,K05,2,0,Z1,0.0267857143,,,,0,,,,0,4.6000000000,2026-09-02T18:00:00+08:00
2026-09-16,S03,K06,2,0,Z1,0.0274553571,,,,0,,,,0,4.6000000000,2026-09-02T18:00:00+08:00
2026-09-16,S03,K07,2,0,Z1,0.0274553571,,,,0,,,,0,4.6000000000,2026-09-02T18:00:00+08:00
2026-09-16,S03,K08,2,0,Z1,0.0267857143,,,,0,,,,0,4.6000000000,2026-09-02T18:00:00+08:00
2026-09-16,S04,K01,2,0,Z1,0.0245535714,,,,0,,,,0,4.6000000000,2026-09-02T18:00:00+08:00
2026-09-16,S04,K02,2,0,Z1,0.0250000000,,,,0,,,,0,4.6000000000,2026-09-02T18:00:00+08:00
2026-09-16,S04,K03,2,0,Z1,0.0258928571,,,,0,,,,0,4.6000000000,2026-09-02T18:00:00+08:00
2026-09-16,S04,K04,2,0,Z1,0.0263392857,,,,0,,,,0,4.6000000000,2026-09-02T18:00:00+08:00
2026-09-16,S04,K05,2,0,Z1,0.0267857143,,,,0,,,,0,4.6000000000,2026-09-02T18:00:00+08:00
2026-09-16,S04,K06,2,0,Z1,0.0274553571,,,,0,,,,0,4.6000000000,2026-09-02T18:00:00+08:00
2026-09-16,S04,K07,2,0,Z1,0.0274553571,,,,0,,,,0,4.6000000000,2026-09-02T18:00:00+08:00
2026-09-16,S04,K08,2,0,Z1,0.0267857143,,,,0,,,,0,4.6000000000,2026-09-02T18:00:00+08:00
2026-09-16,S05,K01,2,0,Z2,0.0245535714,,,,0,,,,0,4.6000000000,2026-09-02T18:00:00+08:00
2026-09-16,S05,K02,2,0,Z2,0.0250000000,,,,0,,,,0,4.6000000000,2026-09-02T18:00:00+08:00
2026-09-16,S05,K03,2,0,Z2,0.0258928571,,,,0,,,,0,4.6000000000,2026-09-02T18:00:00+08:00
2026-09-16,S05,K04,2,0,Z2,0.0263392857,,,,0,,,,0,4.6000000000,2026-09-02T18:00:00+08:00
2026-09-16,S05,K05,2,0,Z2,0.0267857143,,,,0,,,,0,4.6000000000,2026-09-02T18:00:00+08:00
2026-09-16,S05,K06,2,0,Z2,0.0274553571,,,,0,,,,0,4.6000000000,2026-09-02T18:00:00+08:00
2026-09-16,S05,K07,2,0,Z2,0.0274553571,,,,0,,,,0,4.6000000000,2026-09-02T18:00:00+08:00
2026-09-16,S05,K08,2,0,Z2,0.0267857143,,,,0,,,,0,4.6000000000,2026-09-02T18:00:00+08:00
2026-09-16,S06,K01,2,0,Z2,0.0245535714,,,,0,,,,0,4.6000000000,2026-09-02T18:00:00+08:00
2026-09-16,S06,K02,2,0,Z2,0.0250000000,,,,0,,,,0,4.6000000000,2026-09-02T18:00:00+08:00
2026-09-16,S06,K03,2,0,Z2,0.0258928571,,,,0,,,,0,4.6000000000,2026-09-02T18:00:00+08:00
2026-09-16,S06,K04,2,0,Z2,0.0263392857,,,,0,,,,0,4.6000000000,2026-09-02T18:00:00+08:00
2026-09-16,S06,K05,2,0,Z2,0.0267857143,,,,0,,,,0,4.6000000000,2026-09-02T18:00:00+08:00
2026-09-16,S06,K06,2,0,Z2,0.0274553571,,,,0,,,,0,4.6000000000,2026-09-02T18:00:00+08:00
2026-09-16,S06,K07,2,0,Z2,0.0274553571,,,,0,,,,0,4.6000000000,2026-09-02T18:00:00+08:00
2026-09-16,S06,K08,2,0,Z2,0.0267857143,,,,0,,,,0,4.6000000000,2026-09-02T18:00:00+08:00
2026-09-16,S07,K01,2,0,Z2,0.0245535714,,,,0,,,,0,4.6000000000,2026-09-02T18:00:00+08:00
2026-09-16,S07,K02,2,0,Z2,0.0250000000,,,,0,,,,0,4.6000000000,2026-09-02T18:00:00+08:00
2026-09-16,S07,K03,2,0,Z2,0.0258928571,,,,0,,,,0,4.6000000000,2026-09-02T18:00:00+08:00
2026-09-16,S07,K04,2,0,Z2,0.0263392857,,,,0,,,,0,4.6000000000,2026-09-02T18:00:00+08:00
2026-09-16,S07,K05,2,0,Z2,0.0267857143,,,,0,,,,0,4.6000000000,2026-09-02T18:00:00+08:00
2026-09-16,S07,K06,2,0,Z2,0.0274553571,,,,0,,,,0,4.6000000000,2026-09-02T18:00:00+08:00
2026-09-16,S07,K07,2,0,Z2,0.0274553571,,,,0,,,,0,4.6000000000,2026-09-02T18:00:00+08:00
2026-09-16,S07,K08,2,0,Z2,0.0267857143,,,,0,,,,0,4.6000000000,2026-09-02T18:00:00+08:00
2026-09-16,S08,K01,2,0,Z2,0.0245535714,,,,0,,,,0,4.6000000000,2026-09-02T18:00:00+08:00
2026-09-16,S08,K02,2,0,Z2,0.0250000000,,,,0,,,,0,4.6000000000,2026-09-02T18:00:00+08:00
2026-09-16,S08,K03,2,0,Z2,0.0258928571,,,,0,,,,0,4.6000000000,2026-09-02T18:00:00+08:00
2026-09-16,S08,K04,2,0,Z2,0.0263392857,,,,0,,,,0,4.6000000000,2026-09-02T18:00:00+08:00
2026-09-16,S08,K05,2,0,Z2,0.0267857143,,,,0,,,,0,4.6000000000,2026-09-02T18:00:00+08:00
2026-09-16,S08,K06,2,0,Z2,0.0274553571,,,,0,,,,0,4.6000000000,2026-09-02T18:00:00+08:00
2026-09-16,S08,K07,2,0,Z2,0.0274553571,,,,0,,,,0,4.6000000000,2026-09-02T18:00:00+08:00
2026-09-16,S08,K08,2,0,Z2,0.0267857143,,,,0,,,,0,4.6000000000,2026-09-02T18:00:00+08:00
2026-09-16,S09,K01,2,0,Z3,0.0245535714,,,,0,,,,0,4.6000000000,2026-09-02T18:00:00+08:00
2026-09-16,S09,K02,2,0,Z3,0.0250000000,,,,0,,,,0,4.6000000000,2026-09-02T18:00:00+08:00
2026-09-16,S09,K03,2,0,Z3,0.0258928571,,,,0,,,,0,4.6000000000,2026-09-02T18:00:00+08:00
2026-09-16,S09,K04,2,0,Z3,0.0263392857,,,,0,,,,0,4.6000000000,2026-09-02T18:00:00+08:00
2026-09-16,S09,K05,2,0,Z3,0.0267857143,,,,0,,,,0,4.6000000000,2026-09-02T18:00:00+08:00
2026-09-16,S09,K06,2,0,Z3,0.0274553571,,,,0,,,,0,4.6000000000,2026-09-02T18:00:00+08:00
2026-09-16,S09,K07,2,0,Z3,0.0274553571,,,,0,,,,0,4.6000000000,2026-09-02T18:00:00+08:00
2026-09-16,S09,K08,2,0,Z3,0.0267857143,,,,0,,,,0,4.6000000000,2026-09-02T18:00:00+08:00
2026-09-16,S10,K01,2,0,Z3,0.0245535714,,,,0,,,,0,4.6000000000,2026-09-02T18:00:00+08:00
2026-09-16,S10,K02,2,0,Z3,0.0250000000,,,,0,,,,0,4.6000000000,2026-09-02T18:00:00+08:00
2026-09-16,S10,K03,2,0,Z3,0.0258928571,,,,0,,,,0,4.6000000000,2026-09-02T18:00:00+08:00
2026-09-16,S10,K04,2,0,Z3,0.0263392857,,,,0,,,,0,4.6000000000,2026-09-02T18:00:00+08:00
2026-09-16,S10,K05,2,0,Z3,0.0267857143,,,,0,,,,0,4.6000000000,2026-09-02T18:00:00+08:00
2026-09-16,S10,K06,2,0,Z3,0.0274553571,,,,0,,,,0,4.6000000000,2026-09-02T18:00:00+08:00
2026-09-16,S10,K07,2,0,Z3,0.0274553571,,,,0,,,,0,4.6000000000,2026-09-02T18:00:00+08:00
2026-09-16,S10,K08,2,0,Z3,0.0267857143,,,,0,,,,0,4.6000000000,2026-09-02T18:00:00+08:00
2026-09-16,S11,K01,2,0,Z3,0.0245535714,,,,0,,,,0,4.6000000000,2026-09-02T18:00:00+08:00
2026-09-16,S11,K02,2,0,Z3,0.0250000000,,,,0,,,,0,4.6000000000,2026-09-02T18:00:00+08:00
2026-09-16,S11,K03,2,0,Z3,0.0258928571,,,,0,,,,0,4.6000000000,2026-09-02T18:00:00+08:00
2026-09-16,S11,K04,2,0,Z3,0.0263392857,,,,0,,,,0,4.6000000000,2026-09-02T18:00:00+08:00
2026-09-16,S11,K05,2,0,Z3,0.0267857143,,,,0,,,,0,4.6000000000,2026-09-02T18:00:00+08:00
2026-09-16,S11,K06,2,0,Z3,0.0274553571,,,,0,,,,0,4.6000000000,2026-09-02T18:00:00+08:00
2026-09-16,S11,K07,2,0,Z3,0.0274553571,,,,0,,,,0,4.6000000000,2026-09-02T18:00:00+08:00
2026-09-16,S11,K08,2,0,Z3,0.0267857143,,,,0,,,,0,4.6000000000,2026-09-02T18:00:00+08:00
2026-09-16,S12,K01,2,0,Z3,0.0245535714,,,,0,,,,0,4.6000000000,2026-09-02T18:00:00+08:00
2026-09-16,S12,K02,2,0,Z3,0.0250000000,,,,0,,,,0,4.6000000000,2026-09-02T18:00:00+08:00
2026-09-16,S12,K03,2,0,Z3,0.0258928571,,,,0,,,,0,4.6000000000,2026-09-02T18:00:00+08:00
2026-09-16,S12,K04,2,0,Z3,0.0263392857,,,,0,,,,0,4.6000000000,2026-09-02T18:00:00+08:00
2026-09-16,S12,K05,2,0,Z3,0.0267857143,,,,0,,,,0,4.6000000000,2026-09-02T18:00:00+08:00
2026-09-16,S12,K06,2,0,Z3,0.0274553571,,,,0,,,,0,4.6000000000,2026-09-02T18:00:00+08:00
2026-09-16,S12,K07,2,0,Z3,0.0274553571,,,,0,,,,0,4.6000000000,2026-09-02T18:00:00+08:00
2026-09-16,S12,K08,2,0,Z3,0.0267857143,,,,0,,,,0,4.6000000000,2026-09-02T18:00:00+08:00
