service_date,store_id,item_id,announced_at,discount_fraction,raw_row,raw_hash
2026-05-13,S01,K01,2026-05-03 12:00:00+08:00,0.0000000000,1154,430fa27b23c2e71c71a4d5d1680f14c15d26ab546f6acec7b26cf7946455a99f
2026-05-13,S01,K02,2026-05-03 12:00:00+08:00,0.0000000000,1155,5e6d1540c75d6cf6374e60dc5cbe0c9879b57f0c15068a074a76fc4590c40bd3
2026-05-13,S01,K03,2026-05-03 12:00:00+08:00,0.1200000000,1156,856a51e8eb6e365edd4768d537d5fa407a06f5ca48ddf9e4d9dc33d8f91c1f0b
2026-05-13,S01,K04,2026-05-03 12:00:00+08:00,0.0000000000,1157,c028e5c28846692b991919288a38d6ecaa731cefd4bc3e447e866b5896e5bdbc
2026-05-13,S01,K05,2026-05-03 12:00:00+08:00,0.0000000000,1158,a3b3a1efa40d37a8eb2f5b4cf54554860e561db8a5b62eef1107ffc2e1237fd7
2026-05-13,S01,K06,2026-05-03 12:00:00+08:00,0.0000000000,1159,11db02e1cb9bc2cfbc3c7566524e289e508296f7f17f03a573c7c26f0b56063d
2026-05-13,S01,K07,2026-05-03 12:00:00+08:00,0.0000000000,1160,b46ddb28b8ba4974511cc7c90b2b82011bade5574fb371051f05fcfbf61908ce
2026-05-13,S01,K08,2026-05-03 12:00:00+08:00,0.0000000000,1161,ba5eabdff708f9581ab35527cc5c74807cd84e6f05536a7376b0ae8ba416b082
2026-05-13,S02,K01,2026-05-03 12:00:00+08:00,0.0000000000,1162,7b3e338a86ac450337f25b5549b9e9e25bcf742e2d6b9baa1423060797a646d5
2026-05-13,S02,K02,2026-05-03 12:00:00+08:00,0.0000000000,1163,fc113cf1a5ba2044e2da9b5128db652b753ac41f6824001b76704426c74beeab
2026-05-13,S02,K03,2026-05-03 12:00:00+08:00,0.1200000000,1164,58e99c6316b3b03cd677790f9b882fd4c3179b3b14e07d8a44908cff3044b181
2026-05-13,S02,K04,2026-05-03 12:00:00+08:00,0.0000000000,1165,0d2d31c2a378f9cf11d3aa7349ff78996867d222ed796f8ac4e719bb65a4a986
2026-05-13,S02,K05,2026-05-03 12:00:00+08:00,0.0000000000,1166,d612b2cd20ec89afd965568aa6aac761a83f699b9f881a3887e464acb0be5449
2026-05-13,S02,K06,2026-05-03 12:00:00+08:00,0.0000000000,1167,ffca048979e0fdde01d5d3f16cc520864cc5365a75fcca4c261d727b8cf13105
2026-05-13,S02,K07,2026-05-03 12:00:00+08:00,0.0000000000,1168,6bd816700cef9b973ab484a06c23170a7183e3c9881d6552a4ff684482dfccde
2026-05-13,S02,K08,2026-05-03 12:00:00+08:00,0.0000000000,1169,4c63d7d8ce2d24f5f05d0c0e661ce981f39246ff6b3125374c7b87f912bca7f3
2026-05-13,S03,K01,2026-05-03 12:00:00+08:00,0.0000000000,1170,ce1c97066f2734cb0177417f6082d0e2367b003abd617b404c832cf2f161f0d1
2026-05-13,S03,K02,2026-05-03 12:00:00+08:00,0.0000000000,1171,591b5c3c1564fe2dc2a8a7b3dafc0b13538f52ed665fff9313691d995ce60e07
2026-05-13,S03,K03,2026-05-03 12:00:00+08:00,0.1200000000,1172,61b8af86d0798adc00944fe36f6da0a98ddebbea48756bd4fac9ae50af4f0e98
2026-05-13,S03,K04,2026-05-03 12:00:00+08:00,0.0000000000,1173,1d9ee10ee024f247d9def2f3dce27cce4b1d66805c95a6740d5185907a8a5081
2026-05-13,S03,K05,2026-05-03 12:00:00+08:00,0.0000000000,1174,10edb32d5b1e6a785380fa8fe497012967f9a1251936bbcbfa97953f85513790
2026-05-13,S03,K06,2026-05-03 12:00:00+08:00,0.0000000000,1175,6b7dd6bca5bcf90cc31d67d9e63c0f96b3b6b227c1321023c4c57f0293b20be5
2026-05-13,S03,K07,2026-05-03 12:00:00+08:00,0.0000000000,1176,462ce2e55eec3041be35aef6137768d6e51c4ed368a93bb50531d5d8ef1cf3bd
2026-05-13,S03,K08,2026-05-03 12:00:00+08:00,0.1200000000,1177,b6113b1219677475edcfd0b916c67cb86216ea426a8ffb56aef92cc9a0a31745
2026-05-13,S04,K01,2026-05-03 12:00:00+08:00,0.0000000000,1178,1c4362096c2657f568a23bcc1c2866098f3d3f2e7f657f004ec34f1d7599b71c
2026-05-13,S04,K02,2026-05-03 12:00:00+08:00,0.1200000000,1179,8fb7e728a82134e4758e1b19529ad91bf1a1d5e100b778f97e9db3304861e9bc
2026-05-13,S04,K03,2026-05-03 12:00:00+08:00,0.0000000000,1180,149747d6565525c549c96a0d443bff9a5f7e557b6420d104565a710899695f38
2026-05-13,S04,K04,2026-05-03 12:00:00+08:00,0.0000000000,1181,e23ae45bd092178bdd59a2b942750d9c253aa8d5dcac4433cc67fcefac2b2c8a
2026-05-13,S04,K05,2026-05-03 12:00:00+08:00,0.0000000000,1182,0e6eab762fcdff2c12533ce012ea5de5bc52ecbe70bbf6567576a891d18ea998
2026-05-13,S04,K06,2026-05-03 12:00:00+08:00,0.0000000000,1183,2b10466787d8da4a069085490c30a75a71d9e90217ff99a88e138c5e693dfd5b
2026-05-13,S04,K07,2026-05-03 12:00:00+08:00,0.0000000000,1184,b34ad4b0f5102c65cd1004869e1ea00a9da932077cc44ddf46541f3b9a2de634
2026-05-13,S04,K08,2026-05-03 12:00:00+08:00,0.1200000000,1185,0f9e0502f2e86b66f2eba1019bef3e547c5b93554ab5d65789540552bf8e138b
2026-05-13,S05,K01,2026-05-03 12:00:00+08:00,0.0000000000,1186,f974ec0284bb6fbefa389c6ff41835d51b3f5d7cc36749a29c7a7ae3267deba2
2026-05-13,S05,K02,2026-05-03 12:00:00+08:00,0.1200000000,1187,507c68c035833b8fdb2c2cd03eb0cd6bace3b0ae8763ed44fa08891ca0f31ba0
2026-05-13,S05,K03,2026-05-03 12:00:00+08:00,0.0000000000,1188,3e4c103bf472599b6dbb239bc62cd26ef52b0aae2449a0ff04cb583cc385233a
2026-05-13,S05,K04,2026-05-03 12:00:00+08:00,0.0000000000,1189,1e73de77e20ccc2f6c9fdcf1cbcff55d515d7878fdf1b4f6ed1a87502d36b4de
2026-05-13,S05,K05,2026-05-03 12:00:00+08:00,0.0000000000,1190,c429bd71d1019ec3836854060ebdb635067dfc7ef03230e4370767567c06bf2f
2026-05-13,S05,K06,2026-05-03 12:00:00+08:00,0.0000000000,1191,3a0e1328ff26046fe3381a77d164defa7535d7d2a21e5c96c5decc1f5c61a64f
2026-05-13,S05,K07,2026-05-03 12:00:00+08:00,0.0000000000,1192,ee2eb31578eb9452b3fdccea2ab988aac7aa2937edac8b1a9294c4110e560a15
2026-05-13,S05,K08,2026-05-03 12:00:00+08:00,0.1200000000,1193,94299d5326fb7fd950664d91ec620f8049a4451b3514ecb045718b143433ecd6
2026-05-13,S06,K01,2026-05-03 12:00:00+08:00,0.1200000000,1194,598500f514dd3d4fc9a9cd3ce148816e5970461490523936b04b1a4860982afc
2026-05-13,S06,K02,2026-05-03 12:00:00+08:00,0.0000000000,1195,0e84976cc6ab0ef5205f23785ec320cce761742cd1ce8d0d9f0216fbbc2a5752
2026-05-13,S06,K03,2026-05-03 12:00:00+08:00,0.0000000000,1196,99e9a3216ea808aed30b01994d1224a2c6377f65f1b42cdbdfc4542e0564b919
2026-05-13,S06,K04,2026-05-03 12:00:00+08:00,0.0000000000,1197,e59f5fce2063beacd7ccf0821a0c8d5bcc71e8caf853f74f2f4e7f1f1ee25f12
2026-05-13,S06,K05,2026-05-03 12:00:00+08:00,0.0000000000,1198,d7da0683d590691be586ee2d40fbeac199eced71c695cb1f6b7e41738beff332
2026-05-13,S06,K06,2026-05-03 12:00:00+08:00,0.0000000000,1199,fb68b19401f52b00ee36879f56a006deacf756df5f397ee227b19ae8bb5de6c3
2026-05-13,S06,K07,2026-05-03 12:00:00+08:00,0.1200000000,1200,6c732ec897dc668c4e6ac58c7f369fb6bf14463dba756b27b99b05ee2b398511
2026-05-13,S06,K08,2026-05-03 12:00:00+08:00,0.0000000000,1201,11917cd6b4c21d8f532fd5b956a6da3b1e0dbef1321ee63227bb81fa0dc994da
2026-05-13,S07,K01,2026-05-03 12:00:00+08:00,0.1200000000,1202,3b74038619847522a4dad289bf6910407a58e79184b2c992f407dbf6173dfcd6
2026-05-13,S07,K02,2026-05-03 12:00:00+08:00,0.0000000000,1203,2d566672232ea0ed63a6b2483507c35c9947c6f3a874b7cad818859b0e4df403
2026-05-13,S07,K03,2026-05-03 12:00:00+08:00,0.0000000000,1204,a3e85ea704a0062b4549a89dba7b7be9664d66d3ca09896ed90116692f9f794b
2026-05-13,S07,K04,2026-05-03 12:00:00+08:00,0.0000000000,1205,754389428659e0ab7e2df9cbf6ddfdf89ee56ee68e45ad857648fb99fb7a02bc
2026-05-13,S07,K05,2026-05-03 12:00:00+08:00,0.0000000000,1206,5699aac672aa0718e515b1299427403daf8c21159883396b644e05329ff8a656
2026-05-13,S07,K06,2026-05-03 12:00:00+08:00,0.0000000000,1207,8b05062744ef3af95822c450bbce4ff45b59f69b55edbd6b9b831b1a7ed21aa4
2026-05-13,S07,K07,2026-05-03 12:00:00+08:00,0.1200000000,1208,4c71f8d11ddeb0a5c71bfed9f98f4390c5eb81e929d9e1dd5dc9cc09514a0d20
2026-05-13,S07,K08,2026-05-03 12:00:00+08:00,0.0000000000,1209,3de411e0e252bd948fe88f0b14992c034aa049528979504598790d8151bc3633
2026-05-13,S08,K01,2026-05-03 12:00:00+08:00,0.1200000000,1210,6c674c189a95553c42fdf1977549ee41cdf98ea8046b7129038658b634c42092
2026-05-13,S08,K02,2026-05-03 12:00:00+08:00,0.0000000000,1211,3dab7397129cbdcf36fdff776ca0c005e7976443b539ec7e24b484ba1a462f90
2026-05-13,S08,K03,2026-05-03 12:00:00+08:00,0.0000000000,1212,c9405133880012a86c9ee96f8c7f88f55ad4167faee9914af946aab1bafa68c8
2026-05-13,S08,K04,2026-05-03 12:00:00+08:00,0.0000000000,1213,4ab97a888436cbed3f1e1855dd586258b70af0a2acdab825de5f4619be43ae6e
2026-05-13,S08,K05,2026-05-03 12:00:00+08:00,0.0000000000,1214,9f6d6a4203d1ee95cb679db9c2caaf60b076e667156b9bc88d63cde9b4512360
2026-05-13,S08,K06,2026-05-03 12:00:00+08:00,0.1200000000,1215,6dd88f17be0a7decd2ac86217161d730b332cb9146748da3fabe1d3340c389d9
2026-05-13,S08,K07,2026-05-03 12:00:00+08:00,0.0000000000,1216,a0bb7807595cb02bd9b6f03373f5ab9cd0ae9b03866a644cae385079fb8cd1e2
2026-05-13,S08,K08,2026-05-03 12:00:00+08:00,0.0000000000,1217,a94544e78627da13183a7ce8598d43f970e698223fc9e360ad90bf2b25ab2a7d
2026-05-13,S09,K01,2026-05-03 12:00:00+08:00,0.0000000000,1218,d2c871849433e6be0264d2d8600e7d46a4d03c0d6e59357f3a5c88b4ef62a993
2026-05-13,S09,K02,2026-05-03 12:00:00+08:00,0.0000000000,1219,b71039030673aa606005ce2ce644db3943e3ba1f2fb93be3f7ad33eac86d9948
2026-05-13,S09,K03,2026-05-03 12:00:00+08:00,0.0000000000,1220,0d88c4f9a958b5b9bd3f2f109f203afdeb0b450ac2e81e5c4a4b90735fc20054
2026-05-13,S09,K04,2026-05-03 12:00:00+08:00,0.0000000000,1221,2ca9197981ae421672af61c9da1143e0991d10136fc7274eac518dce635d1473
2026-05-13,S09,K05,2026-05-03 12:00:00+08:00,0.0000000000,1222,3e33e9484ff25aae7441d3789875acbf1cb793f2e79eeac7b5d3c4b5e9c162d6
2026-05-13,S09,K06,2026-05-03 12:00:00+08:00,0.1200000000,1223,4d67f2478816aa42665925096b17fb63a8ac72f56606e86231c3b73fa27fb86a
2026-05-13,S09,K07,2026-05-03 12:00:00+08:00,0.0000000000,1224,67c69bc879c9e961f7c1abc1f28b94bd1ebb351db845dfe2bdee53f40026b10c
2026-05-13,S09,K08,2026-05-03 12:00:00+08:00,0.0000000000,1225,9a6a64dbfc903c4eb23bb1894f1722c748ad16ad8f9b281f4825d8eddf5db3ad
2026-05-13,S10,K01,2026-05-03 12:00:00+08:00,0.0000000000,1226,3ef5dcce7ee0c0ddabca10297c897d5a972f3f4123fdc08b519d8e28df5edfa6
2026-05-13,S10,K02,2026-05-03 12:00:00+08:00,0.0000000000,1227,e32d5422eea30d55b0c6bd9ce1b7afb3ee9c0859f4866f19351900566d843c9e
2026-05-13,S10,K03,2026-05-03 12:00:00+08:00,0.0000000000,1228,edaf1c0b8f7674aeca3183825e20eb1f26258447301e116c72d8a6fc56290ddd
2026-05-13,S10,K04,2026-05-03 12:00:00+08:00,0.0000000000,1229,7ec788bcdb2776ea9b3c62dece5dfd98427949848d617d1f1dbae360230a5bc3
2026-05-13,S10,K05,2026-05-03 12:00:00+08:00,0.0000000000,1230,18b9625c1486610a2c2e92cb05a3a9da3f552276457a06ea87f11ea16b23ee12
2026-05-13,S10,K06,2026-05-03 12:00:00+08:00,0.1200000000,1231,3d9e5874cb92e0c6b5ad7f6f484189dea746fbbc6333588c9262a31ef2ec6083
2026-05-13,S10,K07,2026-05-03 12:00:00+08:00,0.0000000000,1232,0fc9a6092192baa44300c41588670239a4ece13f8e04bae4805faf7932761da6
2026-05-13,S10,K08,2026-05-03 12:00:00+08:00,0.0000000000,1233,325393d90e09d2ba0bde085d1e3631bd4c90613fc728123a657ecab4ed0b9cdd
2026-05-13,S11,K01,2026-05-03 12:00:00+08:00,0.0000000000,1234,27ddaf407bf0b6618937d55f193db15f7cccb2fb3ec6edc3f9603b7a0a8fe59b
2026-05-13,S11,K02,2026-05-03 12:00:00+08:00,0.0000000000,1235,5f23d604d30140add80ec9bbf678f65013147e4565e1971fb95de58694244333
2026-05-13,S11,K03,2026-05-03 12:00:00+08:00,0.0000000000,1236,35c4bd4141273966bc71bcfab13ecca07f9236b9efe78757fe19c8d78aefe98c
2026-05-13,S11,K04,2026-05-03 12:00:00+08:00,0.0000000000,1237,11329fc42b4c14771aba992424fcebd4539503fa5a0b1e984fcdb3ffbbf52961
2026-05-13,S11,K05,2026-05-03 12:00:00+08:00,0.1200000000,1238,be0e690e4382bdbbfddf1b49f9ca166c5de7158c3009d0abeced2a84121788ee
2026-05-13,S11,K06,2026-05-03 12:00:00+08:00,0.0000000000,1239,e3714b8235538a144502c0fc58776151466ee593eb0b16ae413645a79a5afa63
2026-05-13,S11,K07,2026-05-03 12:00:00+08:00,0.0000000000,1240,c9b1adeff7ebc390242dcee9b61f7dd3307494b0a7e18a6778314d0401bcab7c
2026-05-13,S11,K08,2026-05-03 12:00:00+08:00,0.0000000000,1241,1a8ebaf48b326c1e612c7535d21a2524a3e438632fa6de36a8b8d258dcb5967d
2026-05-13,S12,K01,2026-05-03 12:00:00+08:00,0.0000000000,1242,8ab4caf88fab629b418786a6227914a665536fd48fecd501fb9c45fa39e2e390
2026-05-13,S12,K02,2026-05-03 12:00:00+08:00,0.0000000000,1243,a13a68fa1d923a97698b613d3f41b7ede9c33c4ad2a517c20bd985bfa7b37d58
2026-05-13,S12,K03,2026-05-03 12:00:00+08:00,0.0000000000,1244,7e9bedef5f3c39a5c209507a1282e79f5cafa3f75e5c7f4115436c323b9abafe
2026-05-13,S12,K04,2026-05-03 12:00:00+08:00,0.0000000000,1245,2add55b7f21e7635d7f7e3bfc864a2709a689c8ba5447f17c449772b66ad20f4
2026-05-13,S12,K05,2026-05-03 12:00:00+08:00,0.1200000000,1246,04be428181b861dfc83ea962e8a09dea9ee2d10794d4b75dcc7134e6f8735a05
2026-05-13,S12,K06,2026-05-03 12:00:00+08:00,0.0000000000,1247,384d2c998980bff81d2a71a636f92b9d0a24da5d5aafff3bba1661f34940ad48
2026-05-13,S12,K07,2026-05-03 12:00:00+08:00,0.0000000000,1248,6468437ad703a266c35a5142c18c82a34243d8560e8e3f6f4e44f87aed6d1aa3
2026-05-13,S12,K08,2026-05-03 12:00:00+08:00,0.0000000000,1249,2594ba432a2168fd95bc92bbc1791d14879775364b217d1f8e5a8dce5f37299a
2026-05-14,S01,K01,2026-05-04 12:00:00+08:00,0.0000000000,1250,d04d14f4367921b5e1e01b78a29f79a9713aef62928936a89dce412f62a03b6d
2026-05-14,S01,K02,2026-05-04 12:00:00+08:00,0.0000000000,1251,85b0a6c9d27b4bd09071cf6ec4f80796d90329af5246942eb7ac1cec9c9ad274
2026-05-14,S01,K03,2026-05-04 12:00:00+08:00,0.1200000000,1252,a7a58d0496d4360708b26cd1101504c5164670a8654b2188adc01f450ef043b0
2026-05-14,S01,K04,2026-05-04 12:00:00+08:00,0.0000000000,1253,167a4e1e22510042b627a981eb2c48f3d932c35f4af343ba4285704bb13ff729
2026-05-14,S01,K05,2026-05-04 12:00:00+08:00,0.0000000000,1254,7071ac0cfa2db65e8e3930034cbb100c0ae7687ae373c6d03e523b5a3b598bfa
2026-05-14,S01,K06,2026-05-04 12:00:00+08:00,0.0000000000,1255,172baf4e884b4f3ea408e0030380b0e6dda4f8e3fe815d57a7d268af560f1985
2026-05-14,S01,K07,2026-05-04 12:00:00+08:00,0.0000000000,1256,254c9824d567316c8ebb3f9fe059e3e7970f03a5170cfe519254abbec431fdf2
2026-05-14,S01,K08,2026-05-04 12:00:00+08:00,0.0000000000,1257,283f5d4b7a09086300ca9a127ad5fc61aa0014ec4952a9ab032425ad12f2c2a0
2026-05-14,S02,K01,2026-05-04 12:00:00+08:00,0.0000000000,1258,68a0f393b092cf700571f87f58022032088946584878f2b3e638aeaaf49ab25e
2026-05-14,S02,K02,2026-05-04 12:00:00+08:00,0.0000000000,1259,b4eb26f4615feee16f448a24b8070102b52a8ffd1cbbfb9d486416439736a942
2026-05-14,S02,K03,2026-05-04 12:00:00+08:00,0.1200000000,1260,28664d48d45d3df426d41ac236493980b1a0c015322fd9bae0129887c92ccd04
2026-05-14,S02,K04,2026-05-04 12:00:00+08:00,0.0000000000,1261,2d5bf28bbf33a9bbda2dadc1019e53b881a2a40753d60a68733f375b16900150
2026-05-14,S02,K05,2026-05-04 12:00:00+08:00,0.0000000000,1262,2aea706f9bfc1b67b4c7695bec22fb7192ffdfa1af4510eda5d2037011874b36
2026-05-14,S02,K06,2026-05-04 12:00:00+08:00,0.0000000000,1263,deeb1323db576159d330b9716e38ab02902939b70b29ef58bf0d4ffc3fa0fccb
2026-05-14,S02,K07,2026-05-04 12:00:00+08:00,0.0000000000,1264,98a3966ac626c8718e528cefd611dfa0901b02727a7c61261130b315f59769ec
2026-05-14,S02,K08,2026-05-04 12:00:00+08:00,0.0000000000,1265,0935f7c97485f51085e5017c6443dc2230c6671aed77374a08cf1e6b515fb977
2026-05-14,S03,K01,2026-05-04 12:00:00+08:00,0.0000000000,1266,545e6511af05e047b36c05d55a29e9f6177d1351c7b20fd7ef05f7674789719d
2026-05-14,S03,K02,2026-05-04 12:00:00+08:00,0.1200000000,1267,8936c5ef3a5090a28b2f2ed9f4881aca6daaa900b315e274957b8d4a745418d2
2026-05-14,S03,K03,2026-05-04 12:00:00+08:00,0.0000000000,1268,b3872e95a5b45083363a670d7c6366e345d8cacafeb3d79e9fdaa200a0c7acf7
2026-05-14,S03,K04,2026-05-04 12:00:00+08:00,0.0000000000,1269,21d6c3aec31182a3852d5ab42e6a8e1d1524af91ba9c78074dda8909cc8d2f35
2026-05-14,S03,K05,2026-05-04 12:00:00+08:00,0.0000000000,1270,af1c8d7cdb4dd1966e63c6eba945de03c4c4f980f5f971ce18ac6400cbcd00e7
2026-05-14,S03,K06,2026-05-04 12:00:00+08:00,0.0000000000,1271,2ea298162f4bc1ae21f3a7cd9f49a0ea17c1200a54ce5f138a6ccab0e54c60b5
2026-05-14,S03,K07,2026-05-04 12:00:00+08:00,0.0000000000,1272,9cdb4efb51b79c5ce09e25ef6595357925b69fa31f0eb8ef7312f27553fb5438
2026-05-14,S03,K08,2026-05-04 12:00:00+08:00,0.1200000000,1273,bbea7840df05ecf54fa5650a78984231e5f29f9a8f812e91a80f87f51d95771a
2026-05-14,S04,K01,2026-05-04 12:00:00+08:00,0.0000000000,1274,62682aad48ea123ea2ecb3c42404a78257b36014e0cc07c9c58770da74846db8
2026-05-14,S04,K02,2026-05-04 12:00:00+08:00,0.1200000000,1275,340673e9c565e18245a22d347ab33d35ee145f50ac793c4afc6aabb6e77a649e
2026-05-14,S04,K03,2026-05-04 12:00:00+08:00,0.0000000000,1276,52dcc1d5bafee592539d2c2ec456b73a4d73fe7a7b1c4383182fc6909bad10ee
2026-05-14,S04,K04,2026-05-04 12:00:00+08:00,0.0000000000,1277,915f1e118369ee3ef3a995c1e5ec84204d1158d64c37b77562036bc3a23d0778
2026-05-14,S04,K05,2026-05-04 12:00:00+08:00,0.0000000000,1278,76464ee688f4a584f7c8e3816dd15b8d8cfccf15e2d8026e886b5a4951c7684a
2026-05-14,S04,K06,2026-05-04 12:00:00+08:00,0.0000000000,1279,8ef8b9cb173e5d1be1c4ce8f40db5bc0261a47aa9c2357d14fe52d31ce45eedf
2026-05-14,S04,K07,2026-05-04 12:00:00+08:00,0.0000000000,1280,5bb7c80e75453d5902671aaa448fb694063d0f340767a8dd0a9eb646f1d232b6
2026-05-14,S04,K08,2026-05-04 12:00:00+08:00,0.1200000000,1281,9744fc1907a47ce17d1125d75d7ec9c3a8294e03228217ffea6208fe05da679e
2026-05-14,S05,K01,2026-05-04 12:00:00+08:00,0.0000000000,1282,56fb6b01a0923ca7c6b98117644232ff9853c838fa98e70118489c24a1e7921d
2026-05-14,S05,K02,2026-05-04 12:00:00+08:00,0.1200000000,1283,a8c9c8c881c7f09fbb3e17b2aab369df8b960ff0e70fe1cf6f847ed75353d981
2026-05-14,S05,K03,2026-05-04 12:00:00+08:00,0.0000000000,1284,e08eafb15d3976f28056258d7c3ff70bb716af4c81419ef0a532d21f81412a6d
2026-05-14,S05,K04,2026-05-04 12:00:00+08:00,0.0000000000,1285,19943ff80d9bcb362a0ad1486c7c352e8a1d5899e2d1ff3d89816c0f629e5eb6
2026-05-14,S05,K05,2026-05-04 12:00:00+08:00,0.0000000000,1286,9310024b2133936be0de44f52101b94999838da167919e350ffdf5d9518ef8b7
2026-05-14,S05,K06,2026-05-04 12:00:00+08:00,0.0000000000,1287,f8cb3c4de009aa49d9c60360a3c0c6f40cd6a349b14f4dfe1871e23beef6b14f
2026-05-14,S05,K07,2026-05-04 12:00:00+08:00,0.1200000000,1288,7423dfa8c1e65efd96357e1607c50a917e6d0a43773c7a6d03c6001d143b06be
2026-05-14,S05,K08,2026-05-04 12:00:00+08:00,0.0000000000,1289,f96b4f3d3edda7588b12c87c87fda982a1224bbf89656ac86b91890990b6ee09
2026-05-14,S06,K01,2026-05-04 12:00:00+08:00,0.1200000000,1290,77447fcb853a64104b0f1dc169f7b2bf471efab6763e54050dbab3f5e5b60d72
2026-05-14,S06,K02,2026-05-04 12:00:00+08:00,0.0000000000,1291,c613fa3f302bb1108d6ba34c5bef23679f1c3b81dc1658353184cfbd191b0f8e
2026-05-14,S06,K03,2026-05-04 12:00:00+08:00,0.0000000000,1292,bc3b48770b90cc9100a4091de6048240f5af017a6b4c8497a14c90cba02bb709
2026-05-14,S06,K04,2026-05-04 12:00:00+08:00,0.0000000000,1293,1b3f7c463b08369dbe384a9be2cd53359ce5c3f30b26798d6174f7d21b006469
2026-05-14,S06,K05,2026-05-04 12:00:00+08:00,0.0000000000,1294,8a784c147fbe432128e07131df0964df8e604917c40a6a190eadfa4da017ef06
2026-05-14,S06,K06,2026-05-04 12:00:00+08:00,0.0000000000,1295,2fa49232d74ed16e703bf5b35663b6c7a6883ac4bbd746145fdd2556830d29f6
2026-05-14,S06,K07,2026-05-04 12:00:00+08:00,0.1200000000,1296,f084ec58a5bb4c6a826e00d0744c0eb2b9d9ee09fb02f6452c49c87bbc0ab2eb
2026-05-14,S06,K08,2026-05-04 12:00:00+08:00,0.0000000000,1297,7fe30c1d62d5054a3e60b4f1704b575e126ae731a277e4849f45536396d74c5a
2026-05-14,S07,K01,2026-05-04 12:00:00+08:00,0.1200000000,1298,5f564392fd06884124e9594c1a34a177caf1cbbd42686e0a7f4bc048886b1c90
2026-05-14,S07,K02,2026-05-04 12:00:00+08:00,0.0000000000,1299,b1454c543742dfbc413879fe547c2ef20d6cfec60faf9fd0c383e80a57b7a0e1
2026-05-14,S07,K03,2026-05-04 12:00:00+08:00,0.0000000000,1300,1a766c909193d302b3ed402834620cb9eb6aa31b3b797daec6befda7b352e28f
2026-05-14,S07,K04,2026-05-04 12:00:00+08:00,0.0000000000,1301,bb5b53edafb6235ea381b4d36992e678dc08cf90ffa49ec7079cefd4372d0637
2026-05-14,S07,K05,2026-05-04 12:00:00+08:00,0.0000000000,1302,9233f39c8174ce6346f30ab0f243507318e3cd0523d160dee391e28c11321811
2026-05-14,S07,K06,2026-05-04 12:00:00+08:00,0.0000000000,1303,a51c27efe5e9644252a40307750d23532b5c863fd4952f20540b79abe8e3b987
2026-05-14,S07,K07,2026-05-04 12:00:00+08:00,0.1200000000,1304,4e44957028db30f40451e5fdc0581fb99a2d3e5c37ebfdcc8276c177efa20aab
2026-05-14,S07,K08,2026-05-04 12:00:00+08:00,0.0000000000,1305,2a934474f3a1e7b6fe9a30a6d87dd0422bbe0c85efcc92a6410071ac5f00c905
2026-05-14,S08,K01,2026-05-04 12:00:00+08:00,0.0000000000,1306,f768cbceba7c6cbeaab296ba37f23190e2b92580ff081ae97dbc0b036341369f
2026-05-14,S08,K02,2026-05-04 12:00:00+08:00,0.0000000000,1307,28f221c758c7d4409f994bebcdcefd9d4051d557f8c65c21b6a932dc4175e6b4
2026-05-14,S08,K03,2026-05-04 12:00:00+08:00,0.0000000000,1308,35aca0d038dec956e477a647de6ac9b0c6cf17827f65ea90505ba1ee78c514fa
2026-05-14,S08,K04,2026-05-04 12:00:00+08:00,0.0000000000,1309,93149cb3f5cd4da09857c3c519181d3c91dd5a8758e79a7e58b80700bb626710
2026-05-14,S08,K05,2026-05-04 12:00:00+08:00,0.0000000000,1310,361812f626260f9e340063e9aa44ed2e7b7cdbd34b3b07f71e31a153812a66c5
2026-05-14,S08,K06,2026-05-04 12:00:00+08:00,0.1200000000,1311,2b745d52c16c8e4042b66acea8512a7fa19e924d2db4cff663368f1e1c0993d3
2026-05-14,S08,K07,2026-05-04 12:00:00+08:00,0.0000000000,1312,1c834b702c9534c13f33f48a5a5c9a460beb805be73b75f7fffea2bff9f60193
2026-05-14,S08,K08,2026-05-04 12:00:00+08:00,0.0000000000,1313,1421e7e6adbec966166862e3d8bf98eb5222eba52786f4cca672c110584ba3ca
2026-05-14,S09,K01,2026-05-04 12:00:00+08:00,0.0000000000,1314,e7de458a6c5a2c779ac764024161f1572788b202ac49d37096466b2aa209b53e
2026-05-14,S09,K02,2026-05-04 12:00:00+08:00,0.0000000000,1315,8c92fbd5323e494015b6657550e76e1e7ecd7f95e0dcc6a0dbbab3963c2505cf
2026-05-14,S09,K03,2026-05-04 12:00:00+08:00,0.0000000000,1316,9eedc8219a6f642f4da175b71c931e623c1e451993e8cf93cd6e225a6cf2a515
2026-05-14,S09,K04,2026-05-04 12:00:00+08:00,0.0000000000,1317,2b517a2c0ae2e5802223507aeb00eb8f462004f6fd70239759ee6c41995fdc15
2026-05-14,S09,K05,2026-05-04 12:00:00+08:00,0.0000000000,1318,1a6b51ca06d90adcfb32858ee66e212b7f6deae9d8a4e2138c908a18f47efe79
2026-05-14,S09,K06,2026-05-04 12:00:00+08:00,0.1200000000,1319,b829f2f5699899384c2d9b94a901257ee77d30554f35651e79f6c08b7bd462fa
2026-05-14,S09,K07,2026-05-04 12:00:00+08:00,0.0000000000,1320,89a22bc205102759de99c0db7be6aa0b3d9e48fceffd08e8a0f824fbfa14512f
2026-05-14,S09,K08,2026-05-04 12:00:00+08:00,0.0000000000,1321,e639b4a3c88ae13b6ea1b5cad9bc0eb20b79ab9bdf500b35dc11070524836a31
2026-05-14,S10,K01,2026-05-04 12:00:00+08:00,0.0000000000,1322,021e724e5b55d319362125582b2385f7c4484a0fe99cef4bf0222b75dd5c6957
2026-05-14,S10,K02,2026-05-04 12:00:00+08:00,0.0000000000,1323,03ebc5fce91155b6fa992cca121b905124e5fb72d5086d544a15cac8331242bc
2026-05-14,S10,K03,2026-05-04 12:00:00+08:00,0.0000000000,1324,474e27dfeca2cd0f22f2a1db9e9823056bdbd5d8ab0ab655748c6bc60be41da1
2026-05-14,S10,K04,2026-05-04 12:00:00+08:00,0.0000000000,1325,be7fcd17eafc956023676907ac3bbcdf483e876c34867d721ad973dd72ce784f
2026-05-14,S10,K05,2026-05-04 12:00:00+08:00,0.1200000000,1326,176bad44e034f6631e32e5d5a8e17fb3f325e8d025c7600d8ddc609983e53390
2026-05-14,S10,K06,2026-05-04 12:00:00+08:00,0.0000000000,1327,359adf4942037171c8b902afe8671c7ade689da0481ad49b53b15b3e697b9770
2026-05-14,S10,K07,2026-05-04 12:00:00+08:00,0.0000000000,1328,e7bc97f999e6c46d1a3850d2ec9903034421b28baf8254dd137eb33142d646c1
2026-05-14,S10,K08,2026-05-04 12:00:00+08:00,0.0000000000,1329,6d2e33bc6cf7d4879f0fca0600e325afb7894baa94e9fdaf91573b515d08142d
2026-05-14,S11,K01,2026-05-04 12:00:00+08:00,0.0000000000,1330,1dbd9b74878e029d13137a4649943bd6de21bc150ce1bb5cc775ffce6325ace7
2026-05-14,S11,K02,2026-05-04 12:00:00+08:00,0.0000000000,1331,73f73bb45da20b92667aefc7c43d7c4d2b46d6477663c67e21eed5e506f4a414
2026-05-14,S11,K03,2026-05-04 12:00:00+08:00,0.0000000000,1332,ffec09c5cb014b8082c3b4a66b1d85a8248153beb03fca7918f5ca2ca629f9d8
2026-05-14,S11,K04,2026-05-04 12:00:00+08:00,0.0000000000,1333,d8ed6697cbcb83c07d09d6ced9828b1a3bd6eb1038f42c9a9a7184db3afe4ab0
2026-05-14,S11,K05,2026-05-04 12:00:00+08:00,0.1200000000,1334,da9c90615d21a15b3c249e1ac8fec8d0d2f44765623b704e2f04837275eed8df
2026-05-14,S11,K06,2026-05-04 12:00:00+08:00,0.0000000000,1335,36cb1c38070c0238ee4afbb68a101a7611ddb6e1597886a4bcd7d67f2b09d71b
2026-05-14,S11,K07,2026-05-04 12:00:00+08:00,0.0000000000,1336,3387153d69e9bda47dfa3809d73dcd5416d2c9aa00a911f5032cf302ba1596eb
2026-05-14,S11,K08,2026-05-04 12:00:00+08:00,0.0000000000,1337,a3ff8957b0bf76b5356e4938ea0b145303096b51690872860135584174285dcc
2026-05-14,S12,K01,2026-05-04 12:00:00+08:00,0.0000000000,1338,16a03961b12f8cc03a20e62c84dc37fe2a4013e5818caebac970691edcec3c15
2026-05-14,S12,K02,2026-05-04 12:00:00+08:00,0.0000000000,1339,838cc4818fec6e6242ea258dfa738595189120be71548f74bfe0e30fa4404c34
2026-05-14,S12,K03,2026-05-04 12:00:00+08:00,0.0000000000,1340,a50a7f42764d8a4ba4dcab58a91ebb11c31abba4b802a94beaf270d8dad840c4
2026-05-14,S12,K04,2026-05-04 12:00:00+08:00,0.0000000000,1341,87b838728dba2d3ef615309e6eb6689151381add01499c5ec124321202fc88d3
2026-05-14,S12,K05,2026-05-04 12:00:00+08:00,0.1200000000,1342,733c2e982c925a3b6f5d0942db19e104778b49854bc43d2f227b9481e63f7ea8
2026-05-14,S12,K06,2026-05-04 12:00:00+08:00,0.0000000000,1343,b6dd7c50aa18995e27964faa13a786edaed97dce7fd5e609e528740f13ffae02
2026-05-14,S12,K07,2026-05-04 12:00:00+08:00,0.0000000000,1344,e2083764f9bb54452404eb8cd6d7d4ee4a7edfdf54db2c79eaefb044d3dd76b2
2026-05-14,S12,K08,2026-05-04 12:00:00+08:00,0.0000000000,1345,271766310eff1f7c98b7c649e593b88d0fa82edcfe60dff96c1cd68fd16cefeb
2026-05-15,S01,K01,2026-05-05 12:00:00+08:00,0.0000000000,1346,4939dbc1fbcf9906bc01a9b2a2fd8d52ce408924209c13c93b8cf6f209d0b144
2026-05-15,S01,K02,2026-05-05 12:00:00+08:00,0.0000000000,1347,92b16c4d40693ab5b4418b7abde0939faad7743890233c98e9fd30884e528df8
2026-05-15,S01,K03,2026-05-05 12:00:00+08:00,0.1200000000,1348,807d2b9db73f34befa2bf84e9de0b6a9a2a911b5ce0a619f69de46e205f1f13a
2026-05-15,S01,K04,2026-05-05 12:00:00+08:00,0.0000000000,1349,905fafae0f497990e71a627a2adbf327bbf1de951c69a01f88daf164751ca273
2026-05-15,S01,K05,2026-05-05 12:00:00+08:00,0.0000000000,1350,c44274059804b43de844366773ae50b893cd56af095a73a99ab6abea55300a84
2026-05-15,S01,K06,2026-05-05 12:00:00+08:00,0.0000000000,1351,520f5348684d0e3fd98c1dba8d48dd08d23ed34332e76e899947a3afb0939ed1
2026-05-15,S01,K07,2026-05-05 12:00:00+08:00,0.0000000000,1352,4700b4ad4da757f1628a51780069531a0da930a304e4869fc791d8f63351d78d
2026-05-15,S01,K08,2026-05-05 12:00:00+08:00,0.0000000000,1353,d6f6b50b83b91f43cfd409da7d939d7265016206d0fedd0ca1f587f48515754c
2026-05-15,S02,K01,2026-05-05 12:00:00+08:00,0.0000000000,1354,b8e1c98d93865d5a22178122d7f01e6d99980fae25a41319474468be2c9fa0b2
2026-05-15,S02,K02,2026-05-05 12:00:00+08:00,0.0000000000,1355,e561bdf6748068d8882b79db3e7a781bd6d44072e6e82f9c2e3940478ce12491
2026-05-15,S02,K03,2026-05-05 12:00:00+08:00,0.1200000000,1356,40253979e5e6ef46b93eaec245f8ad920c4e52173b60204fa489170af824884c
2026-05-15,S02,K04,2026-05-05 12:00:00+08:00,0.0000000000,1357,6c8bc5932283f95f7b581247db3c0a1182ae0022042f00b1a041b02eceb0996c
2026-05-15,S02,K05,2026-05-05 12:00:00+08:00,0.0000000000,1358,a13356a2239101c58959431985fb476961248af26b7ce1f3b3061a0790f1fa6f
2026-05-15,S02,K06,2026-05-05 12:00:00+08:00,0.0000000000,1359,fc650997f862904031725fa7319e8c78cac84f16412121a651e410999d49e1b3
2026-05-15,S02,K07,2026-05-05 12:00:00+08:00,0.0000000000,1360,064e3c68686eb8f4bfaadc4d6cf1f36b7d91f0ca4313555983e518db7d29d80e
2026-05-15,S02,K08,2026-05-05 12:00:00+08:00,0.1200000000,1361,0d8ec83f1826437c6af4078050e6f7c07678a2ca371a78aa247d8f4a71531cf0
2026-05-15,S03,K01,2026-05-05 12:00:00+08:00,0.0000000000,1362,8e262a509dc34bef23e55e059dd82dc1dbcfe2b829a5283f57d38a026c9a59bb
2026-05-15,S03,K02,2026-05-05 12:00:00+08:00,0.1200000000,1363,d3e122aefdab563ebc70eeb45891fd31c64bc3153d93736fd74e96d72e09a982
2026-05-15,S03,K03,2026-05-05 12:00:00+08:00,0.0000000000,1364,7442f5488afb4669dfe3256a21387cfe317ed720af06a20eb097816c1835d080
2026-05-15,S03,K04,2026-05-05 12:00:00+08:00,0.0000000000,1365,2c36ca1f7ae9064ac71e761e7ee7095d9dc5ba33c36bf23d06af763c9e08f605
2026-05-15,S03,K05,2026-05-05 12:00:00+08:00,0.0000000000,1366,1923ff2109bb3bf016796aacd9e4cdfa8d3ddc34fa8c7c3f5937dea93e0a799c
2026-05-15,S03,K06,2026-05-05 12:00:00+08:00,0.0000000000,1367,10cd585f3e756affeaf8741c186cf0ffa81b9a2cc28f73880a5ca5b68a26c964
2026-05-15,S03,K07,2026-05-05 12:00:00+08:00,0.0000000000,1368,e7a3774285f66cdc5f1bb1ac837a573fbeacbc3dfa16077bb2463e84c63e3ed8
2026-05-15,S03,K08,2026-05-05 12:00:00+08:00,0.1200000000,1369,608d66b5ac038c400c7469aa03e8794c1dfb33fac8d343201763c3e435bf2061
2026-05-15,S04,K01,2026-05-05 12:00:00+08:00,0.0000000000,1370,5ca9ea738c343c77b42a6eca4c74a3d7da487bd20f967580281b8d228b7454cf
2026-05-15,S04,K02,2026-05-05 12:00:00+08:00,0.1200000000,1371,17dd68912dbd76a4d6b96aa5be3a8c41912cd87fbd3664853514e26c86d12e42
2026-05-15,S04,K03,2026-05-05 12:00:00+08:00,0.0000000000,1372,65983db66a7beb2ddd1467ef97b43e3d890d8362b6d977450291dc60bf00f09f
2026-05-15,S04,K04,2026-05-05 12:00:00+08:00,0.0000000000,1373,3e6a4d865ab744590f6adab74471dbf2796b4a675334a2d907d6c2069375f63a
2026-05-15,S04,K05,2026-05-05 12:00:00+08:00,0.0000000000,1374,edef69e64a4ad94da812aa1b7df03279522ab4103263667a29cefe58ce8c7b90
2026-05-15,S04,K06,2026-05-05 12:00:00+08:00,0.0000000000,1375,cfb69ad3bea6c6bd51e0c000df9a907c48b71a1a418b45dd6c845c70c0aaa912
2026-05-15,S04,K07,2026-05-05 12:00:00+08:00,0.0000000000,1376,436a73eb343bebbd5ebf66e66bda054b3f47c58276213548c369cd7d958932e5
2026-05-15,S04,K08,2026-05-05 12:00:00+08:00,0.1200000000,1377,a189fe1d6f48692b8dcae9ec7ca0b3b3d42a3c181050a85a18784a64108d2766
2026-05-15,S05,K01,2026-05-05 12:00:00+08:00,0.1200000000,1378,9a0fc1721011c96d6bd6fa8f290a1e005c44f36c475e1bff2c22f89e9a51fa2d
2026-05-15,S05,K02,2026-05-05 12:00:00+08:00,0.0000000000,1379,efd3d9193740e4f702ee150639a9eb9ba0e5caaab4b73b902e85f1f5b994ec86
2026-05-15,S05,K03,2026-05-05 12:00:00+08:00,0.0000000000,1380,48a06f87509205b818266e8ae472df8b5e44c35780b836d4fe2481e8f439e7c2
2026-05-15,S05,K04,2026-05-05 12:00:00+08:00,0.0000000000,1381,d0c68cde75bfc29e00eaa9641342b62a34e4a722fc851928fcc069118d8ee58f
2026-05-15,S05,K05,2026-05-05 12:00:00+08:00,0.0000000000,1382,d7c364044edf6048dc04358b5ef3f9528d41880353da89268af96a07b8d90fb8
2026-05-15,S05,K06,2026-05-05 12:00:00+08:00,0.0000000000,1383,514a9a9977567a16a2159707af2205d63f055c2a9d8b5926c702aa87023f7f9f
2026-05-15,S05,K07,2026-05-05 12:00:00+08:00,0.1200000000,1384,b7a764eb0393a8deaf0da767fca45a1488a663050fd40d8dbe9c034ee54022c4
2026-05-15,S05,K08,2026-05-05 12:00:00+08:00,0.0000000000,1385,08a13fb2a85483b4a294211dac14bd18f5a7bad7b565f3e13fcbfd3523911926
2026-05-15,S06,K01,2026-05-05 12:00:00+08:00,0.1200000000,1386,0795b233ca2173fae67a35ec20ddbae9f2505a74c67b2d462ead380db90fa285
2026-05-15,S06,K02,2026-05-05 12:00:00+08:00,0.0000000000,1387,72bb0398d2b0adac1ee0b0a8619de37441f03ad61217eb99a920255556490346
2026-05-15,S06,K03,2026-05-05 12:00:00+08:00,0.0000000000,1388,2d99b3683d23b2398135578f39e615ff06b6e6d22a9592e77037fa9b6eb2010e
2026-05-15,S06,K04,2026-05-05 12:00:00+08:00,0.0000000000,1389,2c6fe81d5280793a1fdf5a2a7873d683bf53d2f0ad117f3d0c9a139370820c3f
2026-05-15,S06,K05,2026-05-05 12:00:00+08:00,0.0000000000,1390,1f306c8f3d6f4b81a66f55e5b3c420528f538ace0f6d4bac44de1fbc174a474c
2026-05-15,S06,K06,2026-05-05 12:00:00+08:00,0.0000000000,1391,3a4c6f70c116a410cccb51b8825c3015b18905e056f5895e4f4965c6d6416e27
2026-05-15,S06,K07,2026-05-05 12:00:00+08:00,0.1200000000,1392,88a7dc31c5df8d049e3d0a2b3922a7dc65ff6cd56801091599b9e9f5013ee234
2026-05-15,S06,K08,2026-05-05 12:00:00+08:00,0.0000000000,1393,1bda26c010adbf46b8146ced9dd4ce0a7fdb55bba971da03111eb2a98167f308
2026-05-15,S07,K01,2026-05-05 12:00:00+08:00,0.1200000000,1394,a91675df532ddd7c58fe55303dd57954ce3da77b8d388d2d71364f15055b130e
2026-05-15,S07,K02,2026-05-05 12:00:00+08:00,0.0000000000,1395,b5deef017889aac7eb8675a5dd2a437bd22af6f0551004337096098745c48e54
2026-05-15,S07,K03,2026-05-05 12:00:00+08:00,0.0000000000,1396,c8c764c9f30e2eb903a225ad321fa781cec6cb995cc684c24a152ffdffad05ef
2026-05-15,S07,K04,2026-05-05 12:00:00+08:00,0.0000000000,1397,fa55914b98be7fe8c294977be14a34e4a344f6add3d471a47f60f856a5ac5aae
2026-05-15,S07,K05,2026-05-05 12:00:00+08:00,0.0000000000,1398,d01f71941d5b8dc63b1b56242a0cdda29ef1eedd2e14362b90864c497a5a17d9
2026-05-15,S07,K06,2026-05-05 12:00:00+08:00,0.1200000000,1399,16a1897fd649203cec40a368f75bc6c03ad32c881ab7bc8fedafcdf1f858d6c4
2026-05-15,S07,K07,2026-05-05 12:00:00+08:00,0.0000000000,1400,31318204b9f177fcdd65713ec53508fc15b353817d2e13a2a84ce4f8788e45f6
2026-05-15,S07,K08,2026-05-05 12:00:00+08:00,0.0000000000,1401,8daff0a805f47e8697769cb4b318613d65b4b4995511fd002229cf47c6e125b8
2026-05-15,S08,K01,2026-05-05 12:00:00+08:00,0.0000000000,1402,6156a44dee68427ee68a3933f19b83d9d494e7137cf65690ba03b81bb678b86e
2026-05-15,S08,K02,2026-05-05 12:00:00+08:00,0.0000000000,1403,92e83d9fb79b23224f9e3151fb05ee92b1266957099e1808813a94f2b7872689
2026-05-15,S08,K03,2026-05-05 12:00:00+08:00,0.0000000000,1404,563a10237f1f7244a47dd13c30aaa1f37fbf006666c837632fa49f7201cf79e5
2026-05-15,S08,K04,2026-05-05 12:00:00+08:00,0.0000000000,1405,8cf22d4976d6bac7d602ad87426ff6cfb9cdf399e12639844abf524f1d9d96b1
2026-05-15,S08,K05,2026-05-05 12:00:00+08:00,0.0000000000,1406,d87160d6e7d547033a7735dfb86d207f54d2f34a65ef60cfc8edee7c906ee62e
2026-05-15,S08,K06,2026-05-05 12:00:00+08:00,0.1200000000,1407,d6e719b5f154aaa462b5ddcfe58f979a39b7fd4602b6fa10f6d7377437b55ce8
2026-05-15,S08,K07,2026-05-05 12:00:00+08:00,0.0000000000,1408,c0ac45aa48d491282731db995e775591f048ae9a356ee65433918fa6be29c357
2026-05-15,S08,K08,2026-05-05 12:00:00+08:00,0.0000000000,1409,60d736e9c07714f539d670962f0a7820f70c1e4bc42fb205d6e8c349468c9341
2026-05-15,S09,K01,2026-05-05 12:00:00+08:00,0.0000000000,1410,0320b45067cc76982cf62e6987061aa4ed7dcd2b1d566e72ba20757cc4bbae12
2026-05-15,S09,K02,2026-05-05 12:00:00+08:00,0.0000000000,1411,3cfa1d218f0f9c298ac8088033a80485d5f7b35d02139ec9c13d31d6a05be7c4
2026-05-15,S09,K03,2026-05-05 12:00:00+08:00,0.0000000000,1412,c61ae2a8cda9cb686d361819150e8934d542e3467db016a2707a75189d45ba62
2026-05-15,S09,K04,2026-05-05 12:00:00+08:00,0.0000000000,1413,5c2f9121c642bd0e37c73dcb7aca9dffaea3ef281ea93a9e0b5b7746da268a39
2026-05-15,S09,K05,2026-05-05 12:00:00+08:00,0.0000000000,1414,5a2c7be40ddf5c9f5e3f4bd8c6ee7933d60282e2821c758a02368a85274515a9
2026-05-15,S09,K06,2026-05-05 12:00:00+08:00,0.1200000000,1415,4469dd490d09c006927c3c8c1f3ed954732e24959b503a7a6f6d9db9f3a7ab8f
2026-05-15,S09,K07,2026-05-05 12:00:00+08:00,0.0000000000,1416,78cb6051abf1e5ceb2be4aa46a4fa027a518788c72d95a125075a66e89698a2d
2026-05-15,S09,K08,2026-05-05 12:00:00+08:00,0.0000000000,1417,f0c721644c3721d53d5ea15427c81035dc85fd8c234c778dec32d778db6f1ca1
2026-05-15,S10,K01,2026-05-05 12:00:00+08:00,0.0000000000,1418,261c06c19015b09f1425f01694d84de7eef4e59ea05a0c52f133de97da80bd0f
2026-05-15,S10,K02,2026-05-05 12:00:00+08:00,0.0000000000,1419,06fa43f120eaefb06c3e83dfd93e0d8601ae3a94095eecc8bff6a3028737f68b
2026-05-15,S10,K03,2026-05-05 12:00:00+08:00,0.0000000000,1420,781d8aa92ddab53e5c26e06e141914ae8b48bbc6a2a54e04371a695e7b90fc81
2026-05-15,S10,K04,2026-05-05 12:00:00+08:00,0.0000000000,1421,099e77668ab3099114a52d32fe0afacb0adc5b157f83650fac6f1a0d4a0041a5
2026-05-15,S10,K05,2026-05-05 12:00:00+08:00,0.1200000000,1422,ad0d764aab234704904b207b35a92895cddada2860aedd92fd3c5926945628a7
2026-05-15,S10,K06,2026-05-05 12:00:00+08:00,0.0000000000,1423,afe83a32aa1db542e5435e24b7c5bcbd876914bb4a50d5d9286c477489a35e2b
2026-05-15,S10,K07,2026-05-05 12:00:00+08:00,0.0000000000,1424,6312d5e711023f235f692bb41e9f5ab7462831b2c034152731deef99bd44caba
2026-05-15,S10,K08,2026-05-05 12:00:00+08:00,0.0000000000,1425,bbc2407d5c2502a4f5e0cda0cf4103601291dbd0f49ffac68005b3f380bb006d
2026-05-15,S11,K01,2026-05-05 12:00:00+08:00,0.0000000000,1426,c082f9d0f7b56b9460239134a9ca46e9d6a7a8703f4015ffe542ecd99e30152c
2026-05-15,S11,K02,2026-05-05 12:00:00+08:00,0.0000000000,1427,32f72e7b05bdf68c63ab4893eef5883057908d29279f434b74498aabd944f0fc
2026-05-15,S11,K03,2026-05-05 12:00:00+08:00,0.0000000000,1428,7f07fb7965e7e5ebba5243f3891f2e2ca636d604b5d610128737a4396cced53d
2026-05-15,S11,K04,2026-05-05 12:00:00+08:00,0.0000000000,1429,98c23f63a834f625fb10e7a8a8b1f850039fa1b79ddaaba5eec874b2a9214f59
2026-05-15,S11,K05,2026-05-05 12:00:00+08:00,0.1200000000,1430,96fb915ef072d18ef189cc444308a32732ee1aac5e5ddbe0438c5dee91a2049b
2026-05-15,S11,K06,2026-05-05 12:00:00+08:00,0.0000000000,1431,07c9c7416ccfad8e4a0a94d90c0ee397488b543566d35d85265111016cf4743c
2026-05-15,S11,K07,2026-05-05 12:00:00+08:00,0.0000000000,1432,7250768a3316929fd2701ae0530b4052f5248a637d48692302e7dfd53cd6c157
2026-05-15,S11,K08,2026-05-05 12:00:00+08:00,0.0000000000,1433,923bf7e323d0b05898d83453789fa9ab0794c78eb8c87542373a51ae275a4026
2026-05-15,S12,K01,2026-05-05 12:00:00+08:00,0.0000000000,1434,1b44379c51e0252297f4cada0b87967e5919c4cd333f7702e40a039f9bf81011
2026-05-15,S12,K02,2026-05-05 12:00:00+08:00,0.0000000000,1435,b917879b53972abf19dda06ad7c6ea6358533fcc04a25b382a372bca4c971e43
2026-05-15,S12,K03,2026-05-05 12:00:00+08:00,0.0000000000,1436,014c1b668d30e6723c3e8c4c1638ed92f1566ca81bf65e6c2eeb3b6ae20c45d6
2026-05-15,S12,K04,2026-05-05 12:00:00+08:00,0.1200000000,1437,f2d60100cfd74ac3762aeaff98d2086adc430414f568392c06447d8d79eb140d
2026-05-15,S12,K05,2026-05-05 12:00:00+08:00,0.0000000000,1438,5ea781a45ef89d2fd17ba28be3a6665a4bbfcc6a0b1dcd377da25c6dae67ca69
2026-05-15,S12,K06,2026-05-05 12:00:00+08:00,0.0000000000,1439,94ef0c6f8bac204fb6e6166d86d3059f1e1c05533f43bd4812a7d3ed82317e33
2026-05-15,S12,K07,2026-05-05 12:00:00+08:00,0.0000000000,1440,206ce73c3e1ad71e3181dfe647a492e5c8b1d805ac8f0145ca27b8bba123adab
2026-05-15,S12,K08,2026-05-05 12:00:00+08:00,0.0000000000,1441,657f2c3dddcb3e7aba2e7616e77f09f2ae857d74a11f47e40667b2ca71668dec
2026-05-16,S01,K01,2026-05-06 12:00:00+08:00,0.0000000000,1442,3c8eee7dba46c33718b2d5a559811e832816a89f02b86d2501d50a6851ceba76
2026-05-16,S01,K02,2026-05-06 12:00:00+08:00,0.0000000000,1443,e3b4297d0c6e52e433877bde9f049f8a60a0a27968a4bd0b0113716db498d821
2026-05-16,S01,K03,2026-05-06 12:00:00+08:00,0.1200000000,1444,de754afd6d1a1134262b366f993a8acb9b92371951bb3a75f1be8b678f1f57cf
2026-05-16,S01,K04,2026-05-06 12:00:00+08:00,0.0000000000,1445,9332f11acb7abb08b8a56a887f322c4d0e317a6269e375468d40d3f17e70379b
2026-05-16,S01,K05,2026-05-06 12:00:00+08:00,0.0000000000,1446,c2b6f197bebdce2b2eb29b849a380e8e0e8630b5a511a321a8dc3886eb49285c
2026-05-16,S01,K06,2026-05-06 12:00:00+08:00,0.0000000000,1447,31d1ee6e49f4904cc9558d67008a11b043149d747d60472ccbfdfa7100c87303
2026-05-16,S01,K07,2026-05-06 12:00:00+08:00,0.0000000000,1448,602b286d3821875949882b5e96893f5cb7ef9d6acd98b4416d4e74fbc2d9a274
2026-05-16,S01,K08,2026-05-06 12:00:00+08:00,0.0000000000,1449,b817134149386d9c2197db0b4d890fba6bfcd766e8bb362957d11ed6d39dfa88
2026-05-16,S02,K01,2026-05-06 12:00:00+08:00,0.0000000000,1450,ee474d29cf58492d3fc85c186c56ab1dbf42d9efd894c781af976935f839da95
2026-05-16,S02,K02,2026-05-06 12:00:00+08:00,0.1200000000,1451,a5c61ba52b83c08af8e1ef1dd4f9a2d198237e9af70691e50905a05966e3a373
2026-05-16,S02,K03,2026-05-06 12:00:00+08:00,0.0000000000,1452,88004969eba45d5215badb50a75e3f5a75e2bdb84bbf068c28fb61189670d366
2026-05-16,S02,K04,2026-05-06 12:00:00+08:00,0.0000000000,1453,78413ca2faad386d243e6f6aa7e8a0bdae9feb1ef723bc25dda9fbd094f73c0b
2026-05-16,S02,K05,2026-05-06 12:00:00+08:00,0.0000000000,1454,5ab203a473f292e97a0ea13be0cf0cda23e06f153b24a1f5c2a6be55d2b969c3
2026-05-16,S02,K06,2026-05-06 12:00:00+08:00,0.0000000000,1455,129de15ce372b22816c765e21cdfa681a5dc269f965d2749165acf1c5c856146
2026-05-16,S02,K07,2026-05-06 12:00:00+08:00,0.0000000000,1456,4805aa10adad651dea7cfa04f6f9d5d6b8e39cc5a5dd0d32c9c86842a47a3418
2026-05-16,S02,K08,2026-05-06 12:00:00+08:00,0.1200000000,1457,7737d47bcfcdad1f63532c58ea1a20dff61121158671379fe82c530b2ff8420f
2026-05-16,S03,K01,2026-05-06 12:00:00+08:00,0.0000000000,1458,dfb546f1ac5494c9e1171cacda42b186ede82cd77b9610c6a54b0631746cbe91
2026-05-16,S03,K02,2026-05-06 12:00:00+08:00,0.1200000000,1459,c7650b852f82d5be5af956c2a9861c90969e312e7d0de7a7eb0ccc65add5bcef
2026-05-16,S03,K03,2026-05-06 12:00:00+08:00,0.0000000000,1460,e0ac65b5241d7d347fd80c42b5ef84e42f2ad8e6cc170d392dc9402717104c51
2026-05-16,S03,K04,2026-05-06 12:00:00+08:00,0.0000000000,1461,a114cac22fbdb8b374e44d92c1a25efe8559e541afc2d9278cd8b3fb14477493
2026-05-16,S03,K05,2026-05-06 12:00:00+08:00,0.0000000000,1462,eae6d1ec2d5c0eaa35141dae15fbeefb92fae6a9fee9645899e5b6f2e4b5c154
2026-05-16,S03,K06,2026-05-06 12:00:00+08:00,0.0000000000,1463,c17bce4a65314eeac78e3b72e1ec82873c94627ba29dfaed7987e1969ec17290
2026-05-16,S03,K07,2026-05-06 12:00:00+08:00,0.0000000000,1464,d6ec1e31157c137c802fb5444dfa8f7ac31de16a5bd23f1642a233301865c948
2026-05-16,S03,K08,2026-05-06 12:00:00+08:00,0.1200000000,1465,0fde3af8209c1f9d97123bcaad25525ee14b9ea8d4bcf0ba1c1a8595e33a4138
2026-05-16,S04,K01,2026-05-06 12:00:00+08:00,0.0000000000,1466,25a9902a9913f00e67e859e757e327967128ec16df0ceeac8fa65369a63a48ea
2026-05-16,S04,K02,2026-05-06 12:00:00+08:00,0.1200000000,1467,48310b8c35fbf313bd16249de8b312b23447dc65a8298ae11d1464d10c751557
2026-05-16,S04,K03,2026-05-06 12:00:00+08:00,0.0000000000,1468,51694fe7ad52add11c260e157a27d1181af42df4b4abdf993beae5fa3a9ce248
2026-05-16,S04,K04,2026-05-06 12:00:00+08:00,0.0000000000,1469,f5479d350f4570f0cd6405e6e6afc7cef0307a356de734c59fa1e8f365d35656
2026-05-16,S04,K05,2026-05-06 12:00:00+08:00,0.0000000000,1470,0000d12ae1ff31b680f85012f05604da851b2e1c9d608d49d30e695f1fd626f2
2026-05-16,S04,K06,2026-05-06 12:00:00+08:00,0.0000000000,1471,f1839f1a3b937721728f3d7123d31701a3ce6a71e2a63dd9bb045734949e2f88
2026-05-16,S04,K07,2026-05-06 12:00:00+08:00,0.1200000000,1472,8f4e0d18eb6e2392dbc9cd32f3c093ccd4f76539d7d70bc48eeae555f610a356
2026-05-16,S04,K08,2026-05-06 12:00:00+08:00,0.0000000000,1473,7dd24c349e278717f433ee4ae9353fc5fc14fe34abdcfb3824968ca7e2a3d276
2026-05-16,S05,K01,2026-05-06 12:00:00+08:00,0.1200000000,1474,bf69ea2257b089554eb587f477bf81c6797c52ef7ee93499256f19a705b595be
2026-05-16,S05,K02,2026-05-06 12:00:00+08:00,0.0000000000,1475,2feef9ffe35b1eb6bf1a0386ca81716606eb3eb213fceca20673a59c422694b9
2026-05-16,S05,K03,2026-05-06 12:00:00+08:00,0.0000000000,1476,4843bd09be77d48e04fd9b910eaf65c850c0654000f52ea50ee9640b145ddb43
2026-05-16,S05,K04,2026-05-06 12:00:00+08:00,0.0000000000,1477,b54a7422a69ba936357f49403733a5bf92bcfc04247e08901b708c2c2e68a3d5
2026-05-16,S05,K05,2026-05-06 12:00:00+08:00,0.0000000000,1478,9dae041f1425cb50f72e868db3e22dbfddc85912ace039a96da9189d8233fcda
2026-05-16,S05,K06,2026-05-06 12:00:00+08:00,0.0000000000,1479,d1cb4e476dc76fd471d735bf33cb651570e983601c2e30cbebc43e85a1e3333f
2026-05-16,S05,K07,2026-05-06 12:00:00+08:00,0.1200000000,1480,1fc6b5f6abcaac80197b3b4f0779f60c1527e570219130488bec8193a7d1219f
2026-05-16,S05,K08,2026-05-06 12:00:00+08:00,0.0000000000,1481,802ea8dd9737753493d05f19793b51975c48618d573255497dc72515ccf06301
2026-05-16,S06,K01,2026-05-06 12:00:00+08:00,0.1200000000,1482,2745ad9bcecf6a4faf2afe5fafffff8af694ff86c31626ae9a3bbf47deee885a
2026-05-16,S06,K02,2026-05-06 12:00:00+08:00,0.0000000000,1483,8fe1904156a17d85a2f2cf2c33fd02f64cd41a2862ed30419ef492f5df3536d5
2026-05-16,S06,K03,2026-05-06 12:00:00+08:00,0.0000000000,1484,92bc07ba63f400d12c2d7d6adf53747e5c60fb111e79555b41c7a56f1a0a8f0d
2026-05-16,S06,K04,2026-05-06 12:00:00+08:00,0.0000000000,1485,f879e09bda013a5938ff87ac86e31760a7194c3fcabf9426da1ac48ad3853ab9
2026-05-16,S06,K05,2026-05-06 12:00:00+08:00,0.0000000000,1486,193bf705db79d28cff2a3ea67d417f9d331a32b2dfabac6d630c9673170dcb21
2026-05-16,S06,K06,2026-05-06 12:00:00+08:00,0.0000000000,1487,81465c1a55e06c0353f62039e544b7fd1397098095ef23210a323a3cad2e6f9d
2026-05-16,S06,K07,2026-05-06 12:00:00+08:00,0.1200000000,1488,fad29c272fa9d9a463b1c856749033fabff233ef12f8c2e05f7234112705f486
2026-05-16,S06,K08,2026-05-06 12:00:00+08:00,0.0000000000,1489,01c5ed73200de5686e3895cb3dec650a898e7e18c496586d694dba03f4b4eddd
2026-05-16,S07,K01,2026-05-06 12:00:00+08:00,0.0000000000,1490,b5cd95c5e74a1498cc586f120b64d33ed15482ef9a3070123523a3b4cd82a83c
2026-05-16,S07,K02,2026-05-06 12:00:00+08:00,0.0000000000,1491,18452d3fb21db082fbd485eacb4f44556736b850ffde8e01f2dc6591e3e907cc
2026-05-16,S07,K03,2026-05-06 12:00:00+08:00,0.0000000000,1492,19e4790d95bfff4042eb5e15c04413ca65cf789e4b71311ec4f3411bcd40f678
2026-05-16,S07,K04,2026-05-06 12:00:00+08:00,0.0000000000,1493,5da79666f85033c3299376e3de5475f0c97444aead709c313d8d63abe3f9c1e3
2026-05-16,S07,K05,2026-05-06 12:00:00+08:00,0.0000000000,1494,f79135c4f199a3a067c06f8866ad5c61005f75517ee39348243a5b1d5a69dcdf
2026-05-16,S07,K06,2026-05-06 12:00:00+08:00,0.1200000000,1495,057139270f4af7ef74702b25f21df3ae76a19c13c3f2058a5fe0ffd3999cf779
2026-05-16,S07,K07,2026-05-06 12:00:00+08:00,0.0000000000,1496,42984ba870a98a9ac3c223b643002597247fde990fa656bea4364955af52fce5
2026-05-16,S07,K08,2026-05-06 12:00:00+08:00,0.0000000000,1497,b6a4e2112230cc8d8eabf816ed03bc566fe127c7c5754f5ec3875600bab2320f
2026-05-16,S08,K01,2026-05-06 12:00:00+08:00,0.0000000000,1498,28dfc2be634c6cbffaccfe0c16709f60effd3bcef089ccc82a6ecfa552c17ed0
2026-05-16,S08,K02,2026-05-06 12:00:00+08:00,0.0000000000,1499,e473c2ab21baae579f22417ba2175e1325c5c4303570ca109dc5dad93a9b0d8b
2026-05-16,S08,K03,2026-05-06 12:00:00+08:00,0.0000000000,1500,e2c1292232804898dab25cd98009943bc07963ae3c072f92b463bcdce45c3b37
2026-05-16,S08,K04,2026-05-06 12:00:00+08:00,0.0000000000,1501,d617c8474da42045295255e1092dbf30dfcad2e63996a7cdd5ba9f4c524a621e
2026-05-16,S08,K05,2026-05-06 12:00:00+08:00,0.0000000000,1502,39cb28a7ea07c2debf3c0b6dbc5bd3c41f2bbbb7abd270d0e314c82438a88a20
2026-05-16,S08,K06,2026-05-06 12:00:00+08:00,0.1200000000,1503,7dc10410e83535f5aee19bbe1ed95a77957ac297eb704cf65c06e0c3e7bf62f5
2026-05-16,S08,K07,2026-05-06 12:00:00+08:00,0.0000000000,1504,ce7deccfb2c573bed73964b01da27e8e57ba7c5703caacbd69c5157a0bb4ff7a
2026-05-16,S08,K08,2026-05-06 12:00:00+08:00,0.0000000000,1505,d0a5856c9d4da974e43ceb4fbf2fa69b0a42dcc4a0edd6b468ade36215fa3091
2026-05-16,S09,K01,2026-05-06 12:00:00+08:00,0.0000000000,1506,2233a5099388d492b4b61b4659b9f783c61532919c9418308b491b406e20d4c8
2026-05-16,S09,K02,2026-05-06 12:00:00+08:00,0.0000000000,1507,b09615f7b85587e570516d2cb5a510847063e4611803975f542b441f7fa4060b
2026-05-16,S09,K03,2026-05-06 12:00:00+08:00,0.0000000000,1508,3ee5f533f4baa6a04d9ccae70921eaa38e6c33d20956864db4295cb7ae928f18
2026-05-16,S09,K04,2026-05-06 12:00:00+08:00,0.0000000000,1509,772192abdea116edac5829de337a44663eb2ca6a1c800390a087900a7c558473
2026-05-16,S09,K05,2026-05-06 12:00:00+08:00,0.1200000000,1510,65f3606e9291aeede5f8ec2093350bdc0abd219343da7e4533fda33a951c8977
2026-05-16,S09,K06,2026-05-06 12:00:00+08:00,0.0000000000,1511,8740028e8f40aa2c04eb531ea0563be49be794edca845960f44232d88f17e23f
2026-05-16,S09,K07,2026-05-06 12:00:00+08:00,0.0000000000,1512,ab6f06cfbc613acb367cf28cfc54a63d6a3d8a5c126464b9ec9545e31bd5625a
2026-05-16,S09,K08,2026-05-06 12:00:00+08:00,0.0000000000,1513,4f97cf69e806354f0e85f037e12ef00c3cb51c79a5c101de7d54951db9fec1e7
2026-05-16,S10,K01,2026-05-06 12:00:00+08:00,0.0000000000,1514,f53df8916ea9c1cf6a5f8cb8c5fe7fb7dc027335d68737f14d13d479c67749e8
2026-05-16,S10,K02,2026-05-06 12:00:00+08:00,0.0000000000,1515,3bc416182a85e4cb7022932f397dff256ac9577d2f74d42fe6d876756af5f478
2026-05-16,S10,K03,2026-05-06 12:00:00+08:00,0.0000000000,1516,c50bba90f4f2978eb5c35c84c0371942cc088fb2224c01f1dcb24d9760172229
2026-05-16,S10,K04,2026-05-06 12:00:00+08:00,0.0000000000,1517,4a3df865cb40097d7b1ec8b2037fdc3a14d6e3e2d52667d984d7f195aa968493
2026-05-16,S10,K05,2026-05-06 12:00:00+08:00,0.1200000000,1518,f570e53ba90353f19acb0209ca0ec40a03d4aa97a61d92c1786a323150ed5e45
2026-05-16,S10,K06,2026-05-06 12:00:00+08:00,0.0000000000,1519,586fbabc8618dc60dfaf35bb2d6f5b42c4e6cfca092b5f01c3c33157d4b51fc9
2026-05-16,S10,K07,2026-05-06 12:00:00+08:00,0.0000000000,1520,fc695fb4c616d6e24d66f661b9c866f620ee8dac7f2c054b8dbb80213801d2e6
2026-05-16,S10,K08,2026-05-06 12:00:00+08:00,0.0000000000,1521,b5d3cbab935b8eb1448fccf158f79ebced58535038b6a87cc425ec85fc28db90
2026-05-16,S11,K01,2026-05-06 12:00:00+08:00,0.0000000000,1522,2c620c355653964d6a7b210ffa4980a709f49842d82728379f439dd08529473c
2026-05-16,S11,K02,2026-05-06 12:00:00+08:00,0.0000000000,1523,a1f1da46958981a3deac017cb5be00f699eea29a97656808d3f426cebd6ccad2
2026-05-16,S11,K03,2026-05-06 12:00:00+08:00,0.0000000000,1524,19e16f15e027e4df49d4db14cc7c8a5e6c2b4b7c5fa3fb605e0abdbbc8094731
2026-05-16,S11,K04,2026-05-06 12:00:00+08:00,0.0000000000,1525,b2cbdfe1dd23a7e08e27c51e06eaae988b0ff1aa7e6a0a5ef8479099cd815062
2026-05-16,S11,K05,2026-05-06 12:00:00+08:00,0.1200000000,1526,735b753ffbdd3d2e5ef8b68431443f29773ece46bf32d204150cf56415764be1
2026-05-16,S11,K06,2026-05-06 12:00:00+08:00,0.0000000000,1527,f3846640fbe973aae7be371384a6dac1f5cb6ac0c34df65ee8847b1de4fffa97
2026-05-16,S11,K07,2026-05-06 12:00:00+08:00,0.0000000000,1528,b7cc3dbb3462ba5cdd485b6cd1040ab426d28194717965e9747abbcf25059a98
2026-05-16,S11,K08,2026-05-06 12:00:00+08:00,0.0000000000,1529,5f2d316e1db085d2c374d56a2cdfb9a115b1f779fab40a47519d610bb1aa0fd3
2026-05-16,S12,K01,2026-05-06 12:00:00+08:00,0.0000000000,1530,8c75a2f029136f651f0bbf00b4850f1de08303a94b89b1cc8f77961c348127f2
2026-05-16,S12,K02,2026-05-06 12:00:00+08:00,0.0000000000,1531,55875c7a2c13b22a7328b4e00b8008fed783798a3ebba6f61ac718da7cb18a10
2026-05-16,S12,K03,2026-05-06 12:00:00+08:00,0.0000000000,1532,fdbbf7c9fea0da328735656cb1a7291b87af9a8e5d77647cf274a9e648d7b5fb
2026-05-16,S12,K04,2026-05-06 12:00:00+08:00,0.1200000000,1533,117fad337ab615cdbcefba53a9ad2d5146438fa9ebe27bde2450bef67d68a5a1
2026-05-16,S12,K05,2026-05-06 12:00:00+08:00,0.0000000000,1534,9c41bad6ef533bb15dbfe1c73198b942e51c26f32019c130e2118805bcd359b3
2026-05-16,S12,K06,2026-05-06 12:00:00+08:00,0.0000000000,1535,4c2608e5d5c35548cc024e5914f2d8e737b1e0869625e68caae19d9a67a8529b
2026-05-16,S12,K07,2026-05-06 12:00:00+08:00,0.0000000000,1536,e7686dd110e8a20bda6ab40526c2cfd2bb045a0093e527720831a4e93fbb581e
2026-05-16,S12,K08,2026-05-06 12:00:00+08:00,0.0000000000,1537,bbc7da6a6fb1660d13fb1348c7594e6c06285fcb854da37a90b885b3346ae996
2026-05-17,S01,K01,2026-05-07 12:00:00+08:00,0.0000000000,1538,585594ea1e395166185ec1c971673036ddfc53e2b1646b25efede4a6057a0c6c
2026-05-17,S01,K02,2026-05-07 12:00:00+08:00,0.0000000000,1539,aab4d4d10a725b33364ce10d99c7556e02293b2a6f532f19a20529a8456ca074
2026-05-17,S01,K03,2026-05-07 12:00:00+08:00,0.1200000000,1540,42043f42d7610bd8b615b2fd5061918dfc811d6fad85148a43a74053b4222f97
2026-05-17,S01,K04,2026-05-07 12:00:00+08:00,0.0000000000,1541,e5e14a0319d4de56c71c013a721c87572f32ee6bf4940480b6e53ebd9b0a3dd1
2026-05-17,S01,K05,2026-05-07 12:00:00+08:00,0.0000000000,1542,0fb46c3b0f7a390bedbf178191a1a6a595a3cfe47c0f88afd830cb6239c2351c
2026-05-17,S01,K06,2026-05-07 12:00:00+08:00,0.0000000000,1543,876acee859e25faa3ef6adca11cdd557d0d2a15a696fdfcf976ea25d927a1bbd
2026-05-17,S01,K07,2026-05-07 12:00:00+08:00,0.0000000000,1544,1683412e2efe1a73c46488575e4edbd51dc48b3191aa1f1b7a4d846c7d901fbd
2026-05-17,S01,K08,2026-05-07 12:00:00+08:00,0.1200000000,1545,ce998e32e7ec65d5da48477c66f0a7d3faa5a83062a0fb75bdcb038bbb7bf5f1
2026-05-17,S02,K01,2026-05-07 12:00:00+08:00,0.0000000000,1546,cee7fe1c5ebaced09e94846a783b9c2e8b435403f5aa306878b0833864bd6c3f
2026-05-17,S02,K02,2026-05-07 12:00:00+08:00,0.1200000000,1547,e6f1d36a38d760addc6426593b0f6b708e8e1cd38c8ef04fcee56a3fac342131
2026-05-17,S02,K03,2026-05-07 12:00:00+08:00,0.0000000000,1548,1ff14e7768fb80789bcd89cc27028f0936d25a638c2d1ef47741ad4fc02b07ee
2026-05-17,S02,K04,2026-05-07 12:00:00+08:00,0.0000000000,1549,3b47347a8ba952d58e89ab3dbe37df8872b36f645626265874ad3bae94f14a71
2026-05-17,S02,K05,2026-05-07 12:00:00+08:00,0.0000000000,1550,ae031079d88ca713051cab9808a4cb5b3d67a8012531192c326826476f0b8ee9
2026-05-17,S02,K06,2026-05-07 12:00:00+08:00,0.0000000000,1551,feef6bf15564f1b0142a7d69ae60d0953e94b26f33db2c66e2222fc9c7b53458
2026-05-17,S02,K07,2026-05-07 12:00:00+08:00,0.0000000000,1552,cbf44bf47de4fffce1351bf12ab84d83912811a740643cfdf006692a97ef8470
2026-05-17,S02,K08,2026-05-07 12:00:00+08:00,0.1200000000,1553,b8436b5b551e5b365de99d1b9a559df1ed14a979e645b3b5520f34650440a9de
2026-05-17,S03,K01,2026-05-07 12:00:00+08:00,0.0000000000,1554,af1fefe45f37c5b707dfd95bd621529c8faa674b2331c8622a02abb194bec78b
2026-05-17,S03,K02,2026-05-07 12:00:00+08:00,0.1200000000,1555,4b6465aaac24de3dda1aa14d2eddb521e1c1c83509fee22376bd24dcdd912ac9
2026-05-17,S03,K03,2026-05-07 12:00:00+08:00,0.0000000000,1556,80b9b2cef426a3e7a793878f04f1c650b1af84790559f37858521f497c329ff4
2026-05-17,S03,K04,2026-05-07 12:00:00+08:00,0.0000000000,1557,e636183dfc8276c7b0b68b221c73ddf63174373c2d2a1c1c27a5cd25fb721e8d
2026-05-17,S03,K05,2026-05-07 12:00:00+08:00,0.0000000000,1558,3a2b07953fd91c90faa06dca505bf2930a7368bc1b21d2571498c4f99bf83430
2026-05-17,S03,K06,2026-05-07 12:00:00+08:00,0.0000000000,1559,3a96f99e4555de3ba8f7b167cdaab6cd2da7b1fcb6843c928957156e0a50ce4a
2026-05-17,S03,K07,2026-05-07 12:00:00+08:00,0.0000000000,1560,a7dd1635d9de856f33c0e41b053a432313b28312cbb69c24c729ef3585570c6c
2026-05-17,S03,K08,2026-05-07 12:00:00+08:00,0.1200000000,1561,0618a9429d46738f329ee6df59b02dc07d69889ccbbf69721aef09b19fa8108c
2026-05-17,S04,K01,2026-05-07 12:00:00+08:00,0.1200000000,1562,873ba5f8910c77cccd02df4c14b999e4112e001582406248d7a6dc85fe2fff61
2026-05-17,S04,K02,2026-05-07 12:00:00+08:00,0.0000000000,1563,ae78e7a67ecc3e58210bc09ffb3c5af166dd62a89f0e44d76c242c032dbd910d
2026-05-17,S04,K03,2026-05-07 12:00:00+08:00,0.0000000000,1564,446d0e1407274498a17ffebaddd7140aa09ecd510c6e780eb9ee89498faea09b
2026-05-17,S04,K04,2026-05-07 12:00:00+08:00,0.0000000000,1565,abecfdb28b5ea1b20fbd9dfb9d79716cec47eec215a6ae995005321c7641f47a
2026-05-17,S04,K05,2026-05-07 12:00:00+08:00,0.0000000000,1566,3e84986c9b0d850f147910a4217e18389eb8f4ba8d4005357bfdf9b8744d6c47
2026-05-17,S04,K06,2026-05-07 12:00:00+08:00,0.0000000000,1567,b21e49b15b42441e2bb12c5fff5559bb705aa068f5907a6828d1586c5ed07c4a
2026-05-17,S04,K07,2026-05-07 12:00:00+08:00,0.1200000000,1568,5cd0dbcef4ee12f3711a27becf9658575685a8378c0379a440f887ea9c9a6d40
2026-05-17,S04,K08,2026-05-07 12:00:00+08:00,0.0000000000,1569,4da0dd7f3b015e6ca92cbe7ebd5d9a3bd32062c124bc5d4cc52c33d113fda498
2026-05-17,S05,K01,2026-05-07 12:00:00+08:00,0.1200000000,1570,e0c37fb8020f83dd3c8bbeec6a13cbedfb142b3ae91477788e39466ca329df35
2026-05-17,S05,K02,2026-05-07 12:00:00+08:00,0.0000000000,1571,4c6e194f1bfa81ce972a1a929f8f5cae9aa6a5c2092138c3c8bd9ba4cf955c52
2026-05-17,S05,K03,2026-05-07 12:00:00+08:00,0.0000000000,1572,d6c4cd2fcce47fa5b7db1e5be4b4e2e6be0acbe3c6ea0ca30601c4917f849c9d
2026-05-17,S05,K04,2026-05-07 12:00:00+08:00,0.0000000000,1573,ced0b386b08d65057c4c8ec8ea68edc37a7fac41e5ab1c67928c3295eb8f3bad
2026-05-17,S05,K05,2026-05-07 12:00:00+08:00,0.0000000000,1574,22a1c7452d38e0dadabe0ad838a71737d686c64db24459bfd10e1a9625bd2914
2026-05-17,S05,K06,2026-05-07 12:00:00+08:00,0.0000000000,1575,1f45c55ffae00a98f5af5ee21ff3390390838546ea61dc877ee44132d8b4980b
2026-05-17,S05,K07,2026-05-07 12:00:00+08:00,0.1200000000,1576,31b42f612c7695efea49293e31fc6b259a8575d754e4386711a13270a0bf4230
2026-05-17,S05,K08,2026-05-07 12:00:00+08:00,0.0000000000,1577,1f3ce8ba72fafd09b92293cb415cda7524fe1f9916ae4066220c964677625367
2026-05-17,S06,K01,2026-05-07 12:00:00+08:00,0.1200000000,1578,08499ebb18c0d3572a703bbd427206f647e22a0fecd149dad1d9ee9208e0df17
2026-05-17,S06,K02,2026-05-07 12:00:00+08:00,0.0000000000,1579,9a27e0d7d09fd9b53aebb245f45e45a3d805bb444d2fd2812f732dbdb68f48c6
2026-05-17,S06,K03,2026-05-07 12:00:00+08:00,0.0000000000,1580,c5dac522fa3045b62b5667437c84201f3ea02b94fba26fe38bbb706888d059b5
2026-05-17,S06,K04,2026-05-07 12:00:00+08:00,0.0000000000,1581,5b0ef25a961b1f90c14dd0e7844fb6e811feab517450bf10824bc4be3514e6d2
2026-05-17,S06,K05,2026-05-07 12:00:00+08:00,0.0000000000,1582,47a151bf337a2cffd15b159dcf8e328f23ec3826dc9877d98350550620bb8faa
2026-05-17,S06,K06,2026-05-07 12:00:00+08:00,0.1200000000,1583,c662f7f2ac7ee3162896a772d83bf8dce7b2a4f449bc2708d89f7cf508a60311
2026-05-17,S06,K07,2026-05-07 12:00:00+08:00,0.0000000000,1584,549e716476b6e1bbbdc4a8c83038e8c126bd732e4e293a22ea30e51f45a32def
2026-05-17,S06,K08,2026-05-07 12:00:00+08:00,0.0000000000,1585,51f33d70596c481b7c15d1d6bd0fb4bb19e6f4fba20ac641b3247608c991a3bc
2026-05-17,S07,K01,2026-05-07 12:00:00+08:00,0.0000000000,1586,1d40acc257e88e215fca03f22d62c6e5fcc3634165688f654af81191bb025444
2026-05-17,S07,K02,2026-05-07 12:00:00+08:00,0.0000000000,1587,3592f0cf68d307a0c33bb50f8581d8b486d9a5f8304e1db2ad7f108923389ec5
2026-05-17,S07,K03,2026-05-07 12:00:00+08:00,0.0000000000,1588,d89cf00606c037f8f31c8c374bb5822e25ed41e806dc1572fc90db03910d9c1a
2026-05-17,S07,K04,2026-05-07 12:00:00+08:00,0.0000000000,1589,a49c876c4b5b86e16668449efb3ca6d93569113127e482df9c90ad7a6268ae3e
2026-05-17,S07,K05,2026-05-07 12:00:00+08:00,0.0000000000,1590,25a61dc5de2935be44029609c3a11957f57c76b2d4e9ce684a4838cbdebe76b4
2026-05-17,S07,K06,2026-05-07 12:00:00+08:00,0.1200000000,1591,7f84741be42178d89035331ce32f4c19b37c20736f04643100428de478729cdd
2026-05-17,S07,K07,2026-05-07 12:00:00+08:00,0.0000000000,1592,b185cc634f10424f55346cfe1752cde92ea010957ffcb1a343770397dbe4a14d
2026-05-17,S07,K08,2026-05-07 12:00:00+08:00,0.0000000000,1593,1234a8db0044bc1177f2d0e0fa1c3c7aad8ea66f5259f20b60d129e996905546
2026-05-17,S08,K01,2026-05-07 12:00:00+08:00,0.0000000000,1594,e66fc67773f18b65b6a032d545b90360e0901027c4c198673488d39a090aec25
2026-05-17,S08,K02,2026-05-07 12:00:00+08:00,0.0000000000,1595,717db2559fb1546c9d6cf9ea011fc5bc4fdfbc934d5fc6a5cfab27f96460210e
2026-05-17,S08,K03,2026-05-07 12:00:00+08:00,0.0000000000,1596,3543c83b72a26d1e3634b60ea3ca3c96327bb412fafbd1072638dac34b662a67
2026-05-17,S08,K04,2026-05-07 12:00:00+08:00,0.0000000000,1597,d2642a43314c429391f6f3622d7013448ea7cc298c327101f328267d4e903663
2026-05-17,S08,K05,2026-05-07 12:00:00+08:00,0.0000000000,1598,e7708780e8d49dde35f11215f0c8158c13e7605c67f282fa3ce2949f816c4013
2026-05-17,S08,K06,2026-05-07 12:00:00+08:00,0.1200000000,1599,c61c1db641bdc2745d5f4f065fd5fd3263d91087cd889709fba5ce5fbecb3b8d
2026-05-17,S08,K07,2026-05-07 12:00:00+08:00,0.0000000000,1600,e5619a3ba26b1bf3f2eed8ea6b4b60d52c01a7cfc1dd8497ed521d6b8e64d12c
2026-05-17,S08,K08,2026-05-07 12:00:00+08:00,0.0000000000,1601,2655c7f5a4b2d32934ab61463f5cfe353181aed3db3953d102b09960f3c4afa1
2026-05-17,S09,K01,2026-05-07 12:00:00+08:00,0.0000000000,1602,d00d1bed4ff81e3605d217a3d4369efa0f549ffe1d4b43db776a9887a972d7ca
2026-05-17,S09,K02,2026-05-07 12:00:00+08:00,0.0000000000,1603,ce99825fba3b835763a0fcccc8a1149a2f6909d770d82e7442c9189815fc9ecb
2026-05-17,S09,K03,2026-05-07 12:00:00+08:00,0.0000000000,1604,4035b6dcaee784977ac23921a1e8c705d4a0c2463ed7a92ecb3fb9af09af79f5
2026-05-17,S09,K04,2026-05-07 12:00:00+08:00,0.0000000000,1605,8729318891f3894d62a54fd3cbe1e385e5323accc71867bf32fbf32eb6f0eeda
2026-05-17,S09,K05,2026-05-07 12:00:00+08:00,0.1200000000,1606,a18191600bb1ec9933563538c3026d37c8358f878885efbb84af755ed450051b
2026-05-17,S09,K06,2026-05-07 12:00:00+08:00,0.0000000000,1607,49bee12e47cd3f16bb2c37c4807848235166797f1f633f00b1bb00557894ad94
2026-05-17,S09,K07,2026-05-07 12:00:00+08:00,0.0000000000,1608,00dde9858070b16845c316bf569910803770d2de8a229ce1b5165e7928d6b945
2026-05-17,S09,K08,2026-05-07 12:00:00+08:00,0.0000000000,1609,0b123b5ab399617d7c63622837bc8b7a699e7d714ca4c3d90358bdd49da1971e
2026-05-17,S10,K01,2026-05-07 12:00:00+08:00,0.0000000000,1610,cf99b8c46121acab442254c6a062af4eb30236f7fa8c233e336dbfaeefee2544
2026-05-17,S10,K02,2026-05-07 12:00:00+08:00,0.0000000000,1611,4a25819db890a887f83d21ace27778c2cbc60425de31980c7687b7fc90da471d
2026-05-17,S10,K03,2026-05-07 12:00:00+08:00,0.0000000000,1612,a9660c3eb2c612ff39e2a1c04442e1c767607180cc0139d4296d6cca3bb4f28c
2026-05-17,S10,K04,2026-05-07 12:00:00+08:00,0.0000000000,1613,8796b9f615c7828d4998fa85fed30e239dcbc2e5dc37713b6e8d47c3d56c1e75
2026-05-17,S10,K05,2026-05-07 12:00:00+08:00,0.1200000000,1614,6307534813ffc112bbc1277c596186a07e54fa48e29ea4688f661351b78b5887
2026-05-17,S10,K06,2026-05-07 12:00:00+08:00,0.0000000000,1615,a9042e652c3590f3beb98deeeb0870b2ef98bfadbdab77fe9f62c9f185a293c3
2026-05-17,S10,K07,2026-05-07 12:00:00+08:00,0.0000000000,1616,6dcb985ff11f04f9ec85f5d0c0fa8bd94919542a945d9fcfeba344197f82b985
2026-05-17,S10,K08,2026-05-07 12:00:00+08:00,0.0000000000,1617,54edb524135f778e875db6d32adf530d197f30333a4124db9f66f00743095379
2026-05-17,S11,K01,2026-05-07 12:00:00+08:00,0.0000000000,1618,1616e8b9ef984a6c9dc48b76e05d17f320ccce64ab11034ee071670b304af321
2026-05-17,S11,K02,2026-05-07 12:00:00+08:00,0.0000000000,1619,7c1c1cb38ab32da1416056809677151e5638733b021ee6a95aa932742e107d20
2026-05-17,S11,K03,2026-05-07 12:00:00+08:00,0.0000000000,1620,ffa2b0db061c320bf9e2a5a85359287f08ae2d0434240b88e5adfe7fccc29aa9
2026-05-17,S11,K04,2026-05-07 12:00:00+08:00,0.1200000000,1621,aec51b621ae6eb123fda2c917eda3c6bc6f37950e782b81516677002279e3239
2026-05-17,S11,K05,2026-05-07 12:00:00+08:00,0.0000000000,1622,0e566fd9e936e46d65421daae0199c887820639e1d8794b14992af2d442886ca
2026-05-17,S11,K06,2026-05-07 12:00:00+08:00,0.0000000000,1623,1b17f0ad1aec6372b94850d132e35e17327b3df170363c38837b22ba8db5d819
2026-05-17,S11,K07,2026-05-07 12:00:00+08:00,0.0000000000,1624,f3727e5659a12649257d4e62b688981e96c3f9fd4c70af4f2b4305cd156afb85
2026-05-17,S11,K08,2026-05-07 12:00:00+08:00,0.0000000000,1625,8a8276836e19ebb4fc418d5589eccebb01dddac6ea7d8292f2d6e5cf5b272d1b
2026-05-17,S12,K01,2026-05-07 12:00:00+08:00,0.0000000000,1626,f9e3dfc4ecb974bafc130d8a542bdaca23e723d7bce0fef7938e5366be3c841b
2026-05-17,S12,K02,2026-05-07 12:00:00+08:00,0.0000000000,1627,3366339b3d8ae83ed66f7079afb44c1433026fe1630018c6e6544d89708aecba
2026-05-17,S12,K03,2026-05-07 12:00:00+08:00,0.0000000000,1628,f09b5deb9427d7027995ed07695accbba351b9c3e433d2cab91b0c0ba9ab9660
2026-05-17,S12,K04,2026-05-07 12:00:00+08:00,0.1200000000,1629,bcbd4fe37965cf27f48c8c814b90cf9dea6a69ecf351565be0ef2bd643cbf8a9
2026-05-17,S12,K05,2026-05-07 12:00:00+08:00,0.0000000000,1630,fafe7874647f59b24279b14a1b92a6cae23ca5f32004260108c60f9a83de0445
2026-05-17,S12,K06,2026-05-07 12:00:00+08:00,0.0000000000,1631,c88896dfb51c6d91ea647a9c4bfe379c772d52de1f863c4b9208b9b959696036
2026-05-17,S12,K07,2026-05-07 12:00:00+08:00,0.0000000000,1632,05302af952bf281acc3ee6a611ca2bed7e9b49245fd01f93ddbccb8071f27da3
2026-05-17,S12,K08,2026-05-07 12:00:00+08:00,0.0000000000,1633,475fda86026b1b52fb78cd852aa9b70296341b980de150f8ff8f7110b6d24eda
2026-05-18,S01,K01,2026-05-08 12:00:00+08:00,0.0000000000,1634,e35239778a7aeffa493848c74a043eb8a031d2f81e11796c0599c34df84c4afb
2026-05-18,S01,K02,2026-05-08 12:00:00+08:00,0.1200000000,1635,9d91861c5ddb1688cbb0930c847ec9f6f52ebb9e5e164bf41650fa6f40c12455
2026-05-18,S01,K03,2026-05-08 12:00:00+08:00,0.0000000000,1636,642896e3ff36eb807a394c9a0b9aa67d92ca28f02b509aea2c3532dccdc3765d
2026-05-18,S01,K04,2026-05-08 12:00:00+08:00,0.0000000000,1637,75e96ad874ed1898748bccbd4bbf5e62d1a4b7270b110e34f0522aeb7b290b6f
2026-05-18,S01,K05,2026-05-08 12:00:00+08:00,0.0000000000,1638,b503d8262ac4e65c41968c30edfb434f34870bb81dccd722313f80cb9c334e5e
2026-05-18,S01,K06,2026-05-08 12:00:00+08:00,0.0000000000,1639,d13a2b9b0e5689cef87bad8d942436279b698e26007fd2fc2561d15980d6582f
2026-05-18,S01,K07,2026-05-08 12:00:00+08:00,0.0000000000,1640,958fb626d2609204a14900ef883eb17b54b508878eb5ea19926f51ba923a852c
2026-05-18,S01,K08,2026-05-08 12:00:00+08:00,0.1200000000,1641,6347cf6099f6f6a7a56d265ab15d1caa940f7b45cebcd0b9a20405232960d097
2026-05-18,S02,K01,2026-05-08 12:00:00+08:00,0.0000000000,1642,8254d375ffb4d543f4046a8df23621c7305c836b898cb07dcf00be7179e784d1
2026-05-18,S02,K02,2026-05-08 12:00:00+08:00,0.1200000000,1643,e6004202e9ebc8e2b6eb61c89bfd50d3b8e795732a9d3cbfc985097fcbccd5e6
2026-05-18,S02,K03,2026-05-08 12:00:00+08:00,0.0000000000,1644,f8f1ddd193ec387859202427e83456a2785ec4736c3506682b4c457a256faacf
2026-05-18,S02,K04,2026-05-08 12:00:00+08:00,0.0000000000,1645,f53f92e4d87c2ff567c40a35bfb19b29269055bcd852578e796f649956ebab89
2026-05-18,S02,K05,2026-05-08 12:00:00+08:00,0.0000000000,1646,3374b253cdb98eca2183f9cc209c930927e2d4be9ad59fa7c42e1e2bed4e6621
2026-05-18,S02,K06,2026-05-08 12:00:00+08:00,0.0000000000,1647,b11b6f349ce3b8b43ff3e5bf8cd2675de2c7ffea357bfe21934c71b32e4118c5
2026-05-18,S02,K07,2026-05-08 12:00:00+08:00,0.0000000000,1648,a51f496e4ff3f72b7619631bd451241ce5b38c7e03741e9126f5ebea2a897d7e
2026-05-18,S02,K08,2026-05-08 12:00:00+08:00,0.1200000000,1649,1888882f79c38cfd6157a56fea094a2cdb725e7a666921ec54cdfed84a0cf8eb
2026-05-18,S03,K01,2026-05-08 12:00:00+08:00,0.0000000000,1650,5986385c2e7cfe2067121b40cecbb082b8567ae605f3da23d0d8c28780173d46
2026-05-18,S03,K02,2026-05-08 12:00:00+08:00,0.1200000000,1651,d0f8a44fa11db9c3f89886ab050ebfc577b2992cf4f22866af802ba14507e640
2026-05-18,S03,K03,2026-05-08 12:00:00+08:00,0.0000000000,1652,36282a32bc05a6e58aec0905fba89a59881f2a2414d71b0d9a30bfe3bd4f3394
2026-05-18,S03,K04,2026-05-08 12:00:00+08:00,0.0000000000,1653,4b5e3965b3fbe102a883d7657384f96dc2fb72a240d1a0c32564bdbae4d63e1a
2026-05-18,S03,K05,2026-05-08 12:00:00+08:00,0.0000000000,1654,39529ab45a829d7950127c7875e7f5c661ff052d7c331cf7a5bc72815bdd4b28
2026-05-18,S03,K06,2026-05-08 12:00:00+08:00,0.0000000000,1655,38f5a7816e18f8322e2f7a252ce1e5fbf4c86b4ac103172146e56ebfdfb56603
2026-05-18,S03,K07,2026-05-08 12:00:00+08:00,0.1200000000,1656,934dd7e7bd14a761b44116be927ad9dff5f4722f36f2e23d3b31531949451340
2026-05-18,S03,K08,2026-05-08 12:00:00+08:00,0.0000000000,1657,b2ff38398ea78cef5fcde877557d5d0eb23b4e347cd6fa1ec6af5875b4192d8b
2026-05-18,S04,K01,2026-05-08 12:00:00+08:00,0.1200000000,1658,9802e433ebf3831964ee5ac7b67417b56b004b862e5e3a3d511b3767450815ab
2026-05-18,S04,K02,2026-05-08 12:00:00+08:00,0.0000000000,1659,86248c3079bdbb0668b7302a87ddb76063df42cdbd085c0dcb6484dd2fa13bae
2026-05-18,S04,K03,2026-05-08 12:00:00+08:00,0.0000000000,1660,5873b2e0ec24546d455511796d074499622bd815350e69707ae2901df2b87020
2026-05-18,S04,K04,2026-05-08 12:00:00+08:00,0.0000000000,1661,51c5cc2bb7aa7b7ac35faece002a70ed1598cc293eeccaba36f054afcb4e4574
2026-05-18,S04,K05,2026-05-08 12:00:00+08:00,0.0000000000,1662,8fc78cd1998a7b825e3184a85ea65655e71d8728a2e0c2d90cecb993cc4fbe06
2026-05-18,S04,K06,2026-05-08 12:00:00+08:00,0.0000000000,1663,a379a6a1fc6b777b1eb3b643f460b71e238410708c37db74407c976cb95f67b2
2026-05-18,S04,K07,2026-05-08 12:00:00+08:00,0.1200000000,1664,f7526607b8d56d293de7537faf05e8e8ad03263fd1f8c360203dbd14af71c10e
2026-05-18,S04,K08,2026-05-08 12:00:00+08:00,0.0000000000,1665,c52847b5d8add62ec43248a72eee6371283d598e8a4c87636723765f5ee50285
2026-05-18,S05,K01,2026-05-08 12:00:00+08:00,0.1200000000,1666,6c44187870a305ee36f86732375cb9fd1e4e940d09a020f4b8723fed6e99d8dd
2026-05-18,S05,K02,2026-05-08 12:00:00+08:00,0.0000000000,1667,70c0e825e9e057109518415c3f67ff5732b04c636b335f0d1b8126426d4ed761
2026-05-18,S05,K03,2026-05-08 12:00:00+08:00,0.0000000000,1668,d68e12d2e8961383e7f91f7d0ad0265ddde07748c1b443416229670f2e14f796
2026-05-18,S05,K04,2026-05-08 12:00:00+08:00,0.0000000000,1669,685ed52d8dbcd4b6511ed5388d2f82e71e1c2f5db7eb321db0cececa4732220b
2026-05-18,S05,K05,2026-05-08 12:00:00+08:00,0.0000000000,1670,7253ac379935e94c9ec47b193313508b5954e33894c2de3e51df7c098144cc06
2026-05-18,S05,K06,2026-05-08 12:00:00+08:00,0.0000000000,1671,cd11c38546e55c9fb742e7c8941d2b0fea4e0621fed0a755031eb3bd34d30ec0
2026-05-18,S05,K07,2026-05-08 12:00:00+08:00,0.1200000000,1672,f92d4e26f873ec4429e008c07ea4f5bbb8e557cfdccd358195651a15789498c4
2026-05-18,S05,K08,2026-05-08 12:00:00+08:00,0.0000000000,1673,7b99ff03a1e52782d9ea1ab4f03710e62dbc1d22a90cd5fb3b22267f1c62b042
2026-05-18,S06,K01,2026-05-08 12:00:00+08:00,0.0000000000,1674,77b8f9a38ccbcd37e418446cc4190a5aa582c9f43668c87b16ccb34ad7c97bed
2026-05-18,S06,K02,2026-05-08 12:00:00+08:00,0.0000000000,1675,23340a99e6589c0d4ffb0eb78d52c6028946277e75eebb1634cff2434be04e30
2026-05-18,S06,K03,2026-05-08 12:00:00+08:00,0.0000000000,1676,0aaeaa3fab1e6c88d8b3a97a2adb2b35addb1c6b74e2961e35f276695b4d7289
2026-05-18,S06,K04,2026-05-08 12:00:00+08:00,0.0000000000,1677,0e4d85f66e398d0c4a4dfd2c1bb01d47cbca1e9f48d40c088a98db066dda35bd
2026-05-18,S06,K05,2026-05-08 12:00:00+08:00,0.0000000000,1678,8b5f988447e0d3e53b6adfe2544a887f8cfcaa80e57f0716344c0f8785c935db
2026-05-18,S06,K06,2026-05-08 12:00:00+08:00,0.1200000000,1679,cf18c06c2279b9e4eb435c97353d4e6259172ad4e585a2544c9fef40c9dd7102
2026-05-18,S06,K07,2026-05-08 12:00:00+08:00,0.0000000000,1680,8192cecf015d107a66f028695557f6155e0218272a79de90f3db4a7e47510858
2026-05-18,S06,K08,2026-05-08 12:00:00+08:00,0.0000000000,1681,676e8453cae25748911d18f7738687dc9c366a988f485426e41e4aa222a58314
2026-05-18,S07,K01,2026-05-08 12:00:00+08:00,0.0000000000,1682,44c9e70a982b1900d6e899aafcd46c8623a2cccf29f8c6b1780299cc304a8e27
2026-05-18,S07,K02,2026-05-08 12:00:00+08:00,0.0000000000,1683,f9931d0817987c90e1f52467bb536846d2b8102fce470aa43c80ac2747de1885
2026-05-18,S07,K03,2026-05-08 12:00:00+08:00,0.0000000000,1684,39f5c913d5d4a7f502eea69f0cd5718cd71bfa42adb4ddb2ccacd99791ad517e
2026-05-18,S07,K04,2026-05-08 12:00:00+08:00,0.0000000000,1685,1572bbee2b8b786fb6fb4fd09c1afbb3add477deec276ae0da58d4d5971718fb
2026-05-18,S07,K05,2026-05-08 12:00:00+08:00,0.0000000000,1686,b249568a506c1cd11958c1a80cd047b3b17f1dace5f5c9c4d862b5865696b9dd
2026-05-18,S07,K06,2026-05-08 12:00:00+08:00,0.1200000000,1687,a7d066c0c568377e82d082e5a79bf5c74777686daab5af0058a11535f985f4e4
2026-05-18,S07,K07,2026-05-08 12:00:00+08:00,0.0000000000,1688,d1095bedafb6d89e29087436542960419d804b0e645c457029fbc4e094bee102
2026-05-18,S07,K08,2026-05-08 12:00:00+08:00,0.0000000000,1689,87f19e13e0d78125d0f37c0a22ee9ddf4e65c001b874726de13b84739ee52bb0
2026-05-18,S08,K01,2026-05-08 12:00:00+08:00,0.0000000000,1690,4fab3a592a0bacf4c08dbb572668abe0c6f60ee7d9752ad4d7b49611e6e29ded
2026-05-18,S08,K02,2026-05-08 12:00:00+08:00,0.0000000000,1691,5568c9a718d45156416c9daebd52c2f8ca54eccf43c04a57a06e4df181e067d6
2026-05-18,S08,K03,2026-05-08 12:00:00+08:00,0.0000000000,1692,d85804c4f2558709cd85f44c65eb7a0bda4506d994618e85251f3d4ef4b83cad
2026-05-18,S08,K04,2026-05-08 12:00:00+08:00,0.0000000000,1693,9d5973f7791bf22975ad3ee924240fbba60987a5cc997781138b2052cd3f6f82
2026-05-18,S08,K05,2026-05-08 12:00:00+08:00,0.1200000000,1694,670292ab4905d3b2a5389f71f8f78d23f579b8107a96e1057b57b2c92f73d576
2026-05-18,S08,K06,2026-05-08 12:00:00+08:00,0.0000000000,1695,f3a28c832ccf0a457d6797d034c0fe079fb791717f8a0319e8d4278467c43531
2026-05-18,S08,K07,2026-05-08 12:00:00+08:00,0.0000000000,1696,454ffedfd77ecba0e181fcc5c6c557fa274d6f02d1e015afd1b4b1deac81cf76
2026-05-18,S08,K08,2026-05-08 12:00:00+08:00,0.0000000000,1697,ac1c8fd2026d9ce6274a7428b6dc93812b16c95fd9b041a456c76db0f2426ca0
2026-05-18,S09,K01,2026-05-08 12:00:00+08:00,0.0000000000,1698,3547d2608ad959ae47637d086c7addb963b200744a73308bf2a66e3cd8f13927
2026-05-18,S09,K02,2026-05-08 12:00:00+08:00,0.0000000000,1699,c810a336ef4ad749431433298da310424202a7f3ff6736eecac7af8f7df15d5a
2026-05-18,S09,K03,2026-05-08 12:00:00+08:00,0.0000000000,1700,fb978992a4d064b599f508f87f460a9ed52f4348121dc3da2270a38e50a12d45
2026-05-18,S09,K04,2026-05-08 12:00:00+08:00,0.0000000000,1701,993e3789f97b831b96b5462a287c4e9934496398d29b1c7ce5a43b398cde761c
2026-05-18,S09,K05,2026-05-08 12:00:00+08:00,0.1200000000,1702,54954616832953672a18cf06f15b3b2888d423c304fee91cb5ec64f07e630c10
2026-05-18,S09,K06,2026-05-08 12:00:00+08:00,0.0000000000,1703,38a076010b5fcb5d7caf5921c9d073ac26c85216f6e0a5055e972dfc3913c4f0
2026-05-18,S09,K07,2026-05-08 12:00:00+08:00,0.0000000000,1704,142d9ff0dd8bbf191ee4dd36167a3488c37f25de9f065f7676bd00f65c25bc55
2026-05-18,S09,K08,2026-05-08 12:00:00+08:00,0.0000000000,1705,bfda02c3d12819f62c8a131041d34bb824c2f002eb20cb7a1075a80473d13194
2026-05-18,S10,K01,2026-05-08 12:00:00+08:00,0.0000000000,1706,7c733eb712fc40b54cc9838813d3ec9a963a5feb2701b4f2925714472d10ce88
2026-05-18,S10,K02,2026-05-08 12:00:00+08:00,0.0000000000,1707,5d190dd76cac4d5f0555caf54ac9c690dae47478ee00ba0bd191782acf0775ee
2026-05-18,S10,K03,2026-05-08 12:00:00+08:00,0.0000000000,1708,60b51722897a4f8d99c22311897fe9e3a60dffaf09530667d7aff7356ee8f82a
2026-05-18,S10,K04,2026-05-08 12:00:00+08:00,0.0000000000,1709,5bbab33ee267d82f13d7e8d36c80a989ef76aff5debec48dce451066baf7536f
2026-05-18,S10,K05,2026-05-08 12:00:00+08:00,0.1200000000,1710,5a3c355a7bd55fc4f64ed13c08edd90636db64bedbef8a030e8b20c1434d2a42
2026-05-18,S10,K06,2026-05-08 12:00:00+08:00,0.0000000000,1711,c1310794e36fd4ee62c46332bd5ff459abc07eda9ca840d3534bee374b6c5c94
2026-05-18,S10,K07,2026-05-08 12:00:00+08:00,0.0000000000,1712,ae656c3e1d993d03bdb8500262c65a5a99e19fff48adaec5c6697bc5b8f529b9
2026-05-18,S10,K08,2026-05-08 12:00:00+08:00,0.0000000000,1713,31fa73df184d75fcd5d68d29954be65c9246634fdd47f6212a96492a971bace9
2026-05-18,S11,K01,2026-05-08 12:00:00+08:00,0.0000000000,1714,d42963246aeea7fc5052a6afaa9dfbe09ea014d1d0ae9ce1aa2db62b28c9771b
2026-05-18,S11,K02,2026-05-08 12:00:00+08:00,0.0000000000,1715,27f125bc0d0803f334d5d6971097de293f29f94b44cc54285c9f1e6890328d06
2026-05-18,S11,K03,2026-05-08 12:00:00+08:00,0.0000000000,1716,cfe5265c52182259281f3d4d7610dfb0ef86d346f90583edb2e9e9b318f80a81
2026-05-18,S11,K04,2026-05-08 12:00:00+08:00,0.1200000000,1717,8eba45706ca79e8817e863dd63e5c00e97db9ab4e64d7a57c0f3318514eaa487
2026-05-18,S11,K05,2026-05-08 12:00:00+08:00,0.0000000000,1718,68eab23f18565d5cd80c97a5eb38b3c5df6fca32ad5cc316fb0eeb3c43cef26c
2026-05-18,S11,K06,2026-05-08 12:00:00+08:00,0.0000000000,1719,0560c9b745475efb41d455d66832f4b3b3f46beba98c1a23f055630724f660aa
2026-05-18,S11,K07,2026-05-08 12:00:00+08:00,0.0000000000,1720,bf29f33cf62092163264e173f7667537e3e77455a10b9d282fc4c474c486efe6
2026-05-18,S11,K08,2026-05-08 12:00:00+08:00,0.0000000000,1721,ee6f8da13d1d9371d97970c4003059b9b34dc1e7ac2aca0cdd04f779a5840a7b
2026-05-18,S12,K01,2026-05-08 12:00:00+08:00,0.0000000000,1722,883c2bfc3af6879201fa22ff5bee3b5166357eef4052fe43481799d5a7f4c61d
2026-05-18,S12,K02,2026-05-08 12:00:00+08:00,0.0000000000,1723,e0e557da0aa470fa766dc378c1b950cd6c5c47a59ea69354bd9583cd0df537d1
2026-05-18,S12,K03,2026-05-08 12:00:00+08:00,0.0000000000,1724,35eb314223a6ff6c17c0ddb68d1eb92659c7e1fd00a8b5f5d78d2b8eeeb5bf83
2026-05-18,S12,K04,2026-05-08 12:00:00+08:00,0.1200000000,1725,ab90f6e85111d85a9bfe7f6f4150c0c9dc6bceff85aad9089a4ad43fff73499b
2026-05-18,S12,K05,2026-05-08 12:00:00+08:00,0.0000000000,1726,ee3538894fa6b308ad5ce134554cabf2fc74e1cf6910abe7ec6daf258f1276c9
2026-05-18,S12,K06,2026-05-08 12:00:00+08:00,0.0000000000,1727,e43d3040383a9f17ac376bf2ced913123b9552f01c6be6aa01dc4804fa8b2c84
2026-05-18,S12,K07,2026-05-08 12:00:00+08:00,0.0000000000,1728,406f60116dc203f4bd9916b9734ff38cd17db57cb936d6e0f36ac305a97c67fe
2026-05-18,S12,K08,2026-05-08 12:00:00+08:00,0.0000000000,1729,b852835c1dd6b318f84989b9c6f8cff0191d979c22ab0b1e308e6930c784f945
2026-05-19,S01,K01,2026-05-09 12:00:00+08:00,0.0000000000,1730,fb4433930b059a35a74e2268c55d5b7287db6dd15d31eff006148ce452af7b9c
2026-05-19,S01,K02,2026-05-09 12:00:00+08:00,0.1200000000,1731,5f67cd7bcaf8d9ac920a317be8f5e2655f84f9cc1ef204483c1dea6a01a4b9dc
2026-05-19,S01,K03,2026-05-09 12:00:00+08:00,0.0000000000,1732,8e5a6ff281fa6d0a364bef145fa3325f113203ddf1702c9a5c1d6694f1056944
2026-05-19,S01,K04,2026-05-09 12:00:00+08:00,0.0000000000,1733,2c79618ac12225122a9b4901d4f55c1a2cfd1e9fe66a5f25011a72521a2c2eef
2026-05-19,S01,K05,2026-05-09 12:00:00+08:00,0.0000000000,1734,75d276c2e2b7dea33aee9a81f21f52e2fb1b5876fb888af811faa50c083f2cc6
2026-05-19,S01,K06,2026-05-09 12:00:00+08:00,0.0000000000,1735,41266e7ed3660e776bc4e2336e22d6009d656ac6c710887f77af3cfcfb1c948e
2026-05-19,S01,K07,2026-05-09 12:00:00+08:00,0.0000000000,1736,bd49bd2186e1058b65cf4838860735997fb38a3cc8ca94d13db3be733be3196b
2026-05-19,S01,K08,2026-05-09 12:00:00+08:00,0.1200000000,1737,73cc9054522956286d3d606f6e68f16fa43534852d8f5d56de2113cda54bdc70
2026-05-19,S02,K01,2026-05-09 12:00:00+08:00,0.0000000000,1738,30bb23459f8581923c640c1505501f65ffa429e6d2da5a352192d6e9a8c41630
2026-05-19,S02,K02,2026-05-09 12:00:00+08:00,0.1200000000,1739,ee9d210a09f1b15580f5a927e69fcdc43eb7b2533b3b52d582aef6730fcb3ed9
2026-05-19,S02,K03,2026-05-09 12:00:00+08:00,0.0000000000,1740,d2a92a2683de3371d93aadb561e8c727c6524756882b7e7afcaca45625b4f915
2026-05-19,S02,K04,2026-05-09 12:00:00+08:00,0.0000000000,1741,f1ef5e0f1aa0357cbf9c23ced08bcc7afb6a90334e3253864fe6388e597c38cf
2026-05-19,S02,K05,2026-05-09 12:00:00+08:00,0.0000000000,1742,723f959fe622a9b7d32fc4aab90a57e1cdab767d575b49f99d9b4e054df5025a
2026-05-19,S02,K06,2026-05-09 12:00:00+08:00,0.0000000000,1743,47ad15b75846c860683764b721579c8c1be82551e35e9de03c3be0e4ef638123
2026-05-19,S02,K07,2026-05-09 12:00:00+08:00,0.0000000000,1744,1933c53fe5c7ce3d488c8f651e8579548c23875f254622dd6f2a75b49ea099cf
2026-05-19,S02,K08,2026-05-09 12:00:00+08:00,0.1200000000,1745,1bdb6a1a6f78dcb8779eebc07f56c7131f0a1fcf5ca3694bea28d55ff0881352
2026-05-19,S03,K01,2026-05-09 12:00:00+08:00,0.1200000000,1746,57fc3c60dc8cdb97858aaecbdb357859dd655e91b294379f609d537432c072f6
2026-05-19,S03,K02,2026-05-09 12:00:00+08:00,0.0000000000,1747,7d90da77acad042cafecc2e4d3ef49bf11653ccecd208fec11474f4753faab8c
2026-05-19,S03,K03,2026-05-09 12:00:00+08:00,0.0000000000,1748,9ebf8962046e2a244afd70caf047dbda5eae32fcb6fb8c8612d73252e578bd1e
2026-05-19,S03,K04,2026-05-09 12:00:00+08:00,0.0000000000,1749,894e76362dc8cfc6363343d7a83724b3b2228b1ceab14b875782c4f9a8d201e3
2026-05-19,S03,K05,2026-05-09 12:00:00+08:00,0.0000000000,1750,15067802fc83fee9a1f285537b1b2a85fa8641abfa6fe26e09ba3667975250de
2026-05-19,S03,K06,2026-05-09 12:00:00+08:00,0.0000000000,1751,7b80f95ace836f4b85e38a55e7c00e3ac260c024bc4e49b742c86c20b95e35e0
2026-05-19,S03,K07,2026-05-09 12:00:00+08:00,0.1200000000,1752,afb4e3c28836c9d29a8e7998ead0b38d233476522336614c437dd014668e30ed
2026-05-19,S03,K08,2026-05-09 12:00:00+08:00,0.0000000000,1753,6cb043de4bd3ce16a8dde7d73c701f9f58b0caf7e1e568af2dbbc9207f2704d8
2026-05-19,S04,K01,2026-05-09 12:00:00+08:00,0.1200000000,1754,5768d1484d1a0927c7c42e79ed344f9cbf7b257ee12a1595cb79ec11645d91e0
2026-05-19,S04,K02,2026-05-09 12:00:00+08:00,0.0000000000,1755,88759499a5e1070d874bf099b6a7b3b7f6d6bb077225beaa00bfd8aff80982ce
2026-05-19,S04,K03,2026-05-09 12:00:00+08:00,0.0000000000,1756,c48fc7e6ec7aa76b9a09c257213669b6f462e83690d6b4d73de34a0202ce345e
2026-05-19,S04,K04,2026-05-09 12:00:00+08:00,0.0000000000,1757,1779923f630030e4c64f71dbcd8bf75fb5a48f99a409b485827a618723816f31
2026-05-19,S04,K05,2026-05-09 12:00:00+08:00,0.0000000000,1758,aff93d899f752309ede61da0ee758e260045a91c1b8b2c8adff2b20aa49cc378
2026-05-19,S04,K06,2026-05-09 12:00:00+08:00,0.0000000000,1759,e77f45fb1603450c78d88abf417d66c671b014c76dda76e7941c5c433b911f24
2026-05-19,S04,K07,2026-05-09 12:00:00+08:00,0.1200000000,1760,7c74d62542aabf95ba36c672ef579e6454c7c1507428f8f6f9a0cb1786ea67d4
2026-05-19,S04,K08,2026-05-09 12:00:00+08:00,0.0000000000,1761,e5f7e84946aee9b2c4d9e1515861cc7180a2f1dcc936affa068d5736069edce1
2026-05-19,S05,K01,2026-05-09 12:00:00+08:00,0.1200000000,1762,e3a551d51e60a5630827b2b820f05cbc6cc5de3f11edf73c95f301f3a9a3bba4
2026-05-19,S05,K02,2026-05-09 12:00:00+08:00,0.0000000000,1763,5198355207a3e538c0bb081486f9a20e6aa28bd03d4772a3a4fcc0d0c338f044
2026-05-19,S05,K03,2026-05-09 12:00:00+08:00,0.0000000000,1764,fb565fb0f0ee55e45c01b979d568c90f83db41a45a7637ef77609f2def7b2e98
2026-05-19,S05,K04,2026-05-09 12:00:00+08:00,0.0000000000,1765,f2d7d16ca605cdb123827679ca00cd6039fc450a6ef45a724cde9e486d73513f
2026-05-19,S05,K05,2026-05-09 12:00:00+08:00,0.0000000000,1766,de9cbb6dc0a0ed451346c7e6d23d03c8ba1956359f167dc9a9e9174aa753f49a
2026-05-19,S05,K06,2026-05-09 12:00:00+08:00,0.1200000000,1767,a55760b1dfcc2e3833efae7e5f8751746cae0c637d8cd17f44b2eed1d0059ff0
2026-05-19,S05,K07,2026-05-09 12:00:00+08:00,0.0000000000,1768,83979d53771c2e42f7ad5e17a2a77951c895ec6cfb7280bf56a877ec02a865de
2026-05-19,S05,K08,2026-05-09 12:00:00+08:00,0.0000000000,1769,5c69d7568ee6db91f8c719fe08b37f6a550ca32467584f82bab722822dbf5038
2026-05-19,S06,K01,2026-05-09 12:00:00+08:00,0.0000000000,1770,5ad0f5ac22b29986c956895a0ab092e7c7644ec768588d5f6c68d55461232f04
2026-05-19,S06,K02,2026-05-09 12:00:00+08:00,0.0000000000,1771,5b475d5989561fd6f88407e14869a1493c8f108977f11d54083387c510670a24
2026-05-19,S06,K03,2026-05-09 12:00:00+08:00,0.0000000000,1772,cdeee69fdc3f8c094f6b2c73143124b239b0364376b9919dfa6fa8923289ac1d
2026-05-19,S06,K04,2026-05-09 12:00:00+08:00,0.0000000000,1773,6b8d3999aae2839d93780f98b35a7ff3b4d2ef4794a3b2ef7df82327a97083dc
2026-05-19,S06,K05,2026-05-09 12:00:00+08:00,0.0000000000,1774,5078172d613d7efee6be08af128b9628fb0a71039c14b55c7096173c1d6b406b
2026-05-19,S06,K06,2026-05-09 12:00:00+08:00,0.1200000000,1775,96401e33fb3c8b4d74541d6532314f561f5d4d1944071adbb0f65c7b1cdaa815
2026-05-19,S06,K07,2026-05-09 12:00:00+08:00,0.0000000000,1776,349878d0e47739b76ea353198b817c1b009703307910864a42d74eff493e7131
2026-05-19,S06,K08,2026-05-09 12:00:00+08:00,0.0000000000,1777,1062f7b8435d5b1087972936054c963acfc81f3a226fab8b7d1aaa9174614af4
2026-05-19,S07,K01,2026-05-09 12:00:00+08:00,0.0000000000,1778,f538b4ef1bd8a97fc33f9178b8f440f97f7fdd5f6055e2828a46db902a757aa9
2026-05-19,S07,K02,2026-05-09 12:00:00+08:00,0.0000000000,1779,2022540ede140589bc25d75f7180dab4f303461f4c7e258659fc6ed7461107eb
2026-05-19,S07,K03,2026-05-09 12:00:00+08:00,0.0000000000,1780,3a04f3759371df3abf9ba08acf206b3d07b1bd5fe71af9c1b2840bfd8c1fc21c
2026-05-19,S07,K04,2026-05-09 12:00:00+08:00,0.0000000000,1781,cde0299215754c88e5e5fe755e203c504c6e60124ef1a51f10780188ed2a0209
2026-05-19,S07,K05,2026-05-09 12:00:00+08:00,0.0000000000,1782,94c48b1c2ad4a7bc02273d6eb1b9933671da9ff0947f194bfd76091e0af1ba09
2026-05-19,S07,K06,2026-05-09 12:00:00+08:00,0.1200000000,1783,54bb134de50a39d76872c2704d55952e0371190195dceeb0ee5c8d384c08dbc0
2026-05-19,S07,K07,2026-05-09 12:00:00+08:00,0.0000000000,1784,df85a4a789e0ae20e6b4c6c628c59f2887901f9802b9eb8eceaf827f1878d25d
2026-05-19,S07,K08,2026-05-09 12:00:00+08:00,0.0000000000,1785,b093dabcc6a1b761c8f108a61771a20383db2d362b4b5d82293432b4e275a2ac
2026-05-19,S08,K01,2026-05-09 12:00:00+08:00,0.0000000000,1786,96254a223f98e3384a51b7411b8a94be620442a1be1dcd156b8a80e7c450afda
2026-05-19,S08,K02,2026-05-09 12:00:00+08:00,0.0000000000,1787,56e49824e36cd71072509c71ae98bacd7ce2de86660a9f82e76f9d6e099b5128
2026-05-19,S08,K03,2026-05-09 12:00:00+08:00,0.0000000000,1788,407818b070bcb68834c12b063da97330dace649ada38b80123daec00fb9571ac
2026-05-19,S08,K04,2026-05-09 12:00:00+08:00,0.0000000000,1789,22cb38e4f8cc1ef24b9d32d1b0f7cb7e13f5f5f73d5d9bd7ba52e6b1d5c2fc90
2026-05-19,S08,K05,2026-05-09 12:00:00+08:00,0.1200000000,1790,52eec3e9fcb328ede27c2fa9183e38e9cff3ea191c7a0dc57c3f3af866cb49a2
2026-05-19,S08,K06,2026-05-09 12:00:00+08:00,0.0000000000,1791,426bef93c4058b7a906f3435777be6610c6ba518d436979e75f31d12a538a5c8
2026-05-19,S08,K07,2026-05-09 12:00:00+08:00,0.0000000000,1792,a6089c06c6eae0c586826e39a7d390a00ed78ed95b66bd1da15a6d4448845e96
2026-05-19,S08,K08,2026-05-09 12:00:00+08:00,0.0000000000,1793,521d8f94d4d2ae485d552b97210b6a4afc704f1270ab883ada3bc0d0b11f9322
2026-05-19,S09,K01,2026-05-09 12:00:00+08:00,0.0000000000,1794,d8cc6135386401d37e67fa1f226af81e745ecc73ffa1f0552ff6ec1df9799ba9
2026-05-19,S09,K02,2026-05-09 12:00:00+08:00,0.0000000000,1795,cd78909e98201a2fe08581f8f6730e745945ed0e001bec4797b7a1d91c62c48d
2026-05-19,S09,K03,2026-05-09 12:00:00+08:00,0.0000000000,1796,381844f9ab4f16d53da26debca5b587011a49c6bb8ea6c2dd6e41cfb51a9a256
2026-05-19,S09,K04,2026-05-09 12:00:00+08:00,0.0000000000,1797,fbac47a49bacce95885e1d2f8ca4f5c618ea232fe64ca7e5af8d9b388030c4e0
2026-05-19,S09,K05,2026-05-09 12:00:00+08:00,0.1200000000,1798,a080df2777352e84f2304214e252abd5683c6f465d939bc3cd1df0cfa9bbe98f
2026-05-19,S09,K06,2026-05-09 12:00:00+08:00,0.0000000000,1799,98c9e413c4d5582a475448a7d29bcc8dffe36a990785ed1310806ff3d6f874bb
2026-05-19,S09,K07,2026-05-09 12:00:00+08:00,0.0000000000,1800,87c7d1ccc762e3758181d92f25c67b73802879e386b4ab311f7aa93656c57344
2026-05-19,S09,K08,2026-05-09 12:00:00+08:00,0.0000000000,1801,e24394237235e2ea1e1daba19b48a864204a6f68177e524691ecc26047ac1fbf
2026-05-19,S10,K01,2026-05-09 12:00:00+08:00,0.0000000000,1802,2560e31d19a22cbea2649e843849888786114b72ca2fcdd7d8645ca13f70b456
2026-05-19,S10,K02,2026-05-09 12:00:00+08:00,0.0000000000,1803,98b75c4d75e5ff8df27f11f3a667ec7ca62c4f36b968508290a0707fcac0527d
2026-05-19,S10,K03,2026-05-09 12:00:00+08:00,0.0000000000,1804,0100d06921f8c027c2f7623de35679699f37083078898d8f77132dab067509c5
2026-05-19,S10,K04,2026-05-09 12:00:00+08:00,0.1200000000,1805,5247b0e561304a35d830fb49e8b909713595727c40645b6578a66a8115ce4a14
2026-05-19,S10,K05,2026-05-09 12:00:00+08:00,0.0000000000,1806,0b71a51080d741ce9a2147abb5aae3ec872a886a1f13278889d046034763837c
2026-05-19,S10,K06,2026-05-09 12:00:00+08:00,0.0000000000,1807,abff6db3f242ba20962f47d8783158b09f8863430954ce1b8538ce0c451d717d
2026-05-19,S10,K07,2026-05-09 12:00:00+08:00,0.0000000000,1808,7c6de0335bb75436dccc117f493cda6a5db94cfe1c5a3229c56690593977e4ef
2026-05-19,S10,K08,2026-05-09 12:00:00+08:00,0.0000000000,1809,3745e49519b8058c9614ab7617609a09fd3e05ac4dea2b2a7b0c025f09080553
2026-05-19,S11,K01,2026-05-09 12:00:00+08:00,0.0000000000,1810,850ecf9aa91894faa4c8ef38dcc5975276e594d9ebf035bb7b69a34a98fb4bcc
2026-05-19,S11,K02,2026-05-09 12:00:00+08:00,0.0000000000,1811,6db7b911397943ee278781f608241f2cc686197dc9fb3aec5de0b6b61550ed94
2026-05-19,S11,K03,2026-05-09 12:00:00+08:00,0.0000000000,1812,f56685693d99f177a364ea1824f501ae63aa252f45058ba9eeccf2b9db654eb0
2026-05-19,S11,K04,2026-05-09 12:00:00+08:00,0.1200000000,1813,d5730667e8ba4efad08aa3d3e7e2d4b4f349d0ab8e652d02baf624be8f3734e2
2026-05-19,S11,K05,2026-05-09 12:00:00+08:00,0.0000000000,1814,222a350db90782ecff89265a6a8c4f5ba02c6eb8491a0d1114a38e361faa2d95
2026-05-19,S11,K06,2026-05-09 12:00:00+08:00,0.0000000000,1815,72856038bda3d2bbb047d37ff78f27187d215798acb5df33886b2dafdc848341
2026-05-19,S11,K07,2026-05-09 12:00:00+08:00,0.0000000000,1816,44850168441d41ff2b9c93bcb9e5487d14b067353c058a78c9ad9214c0aef5fa
2026-05-19,S11,K08,2026-05-09 12:00:00+08:00,0.0000000000,1817,100a4f85cb9dca6134b3d4a868b8f6e465b0312115a522f3e91ef230356f7a68
2026-05-19,S12,K01,2026-05-09 12:00:00+08:00,0.0000000000,1818,6ee17a46003bd76c8ec48716ee596445915a659b12a2e11c40d4d62a32689889
2026-05-19,S12,K02,2026-05-09 12:00:00+08:00,0.0000000000,1819,fd573ec6ce5987d81839f716f0c1aa58364515ae30380f960a85566b92bf58d8
2026-05-19,S12,K03,2026-05-09 12:00:00+08:00,0.0000000000,1820,cbbaa8fe28a2d2442b3b8148ef04fe66ca14f8f51052881f6bf705c8819ee0d2
2026-05-19,S12,K04,2026-05-09 12:00:00+08:00,0.1200000000,1821,38d392fc7dc61152fa8f7cc901897c16d235b95c38e8858ae6b6ec5c3ec12e09
2026-05-19,S12,K05,2026-05-09 12:00:00+08:00,0.0000000000,1822,ddab992e2e66c174f327822aa413f4b33bb0e8726e0033b7bc4c7d5da414ed76
2026-05-19,S12,K06,2026-05-09 12:00:00+08:00,0.0000000000,1823,7e571cac5e3e4563bf86dd7be5a53ff50858c641fe88ae4d5bf8665058d8c019
2026-05-19,S12,K07,2026-05-09 12:00:00+08:00,0.0000000000,1824,bb862bdfb9b2a60ac464325db96ba26eafc98c81d3d16f8e26a98a1639de1d4f
2026-05-19,S12,K08,2026-05-09 12:00:00+08:00,0.0000000000,1825,598d3951ff47ce4f9745c969d6e543d1c2b10571964549057e4f77b3408e9721
2026-05-20,S01,K01,2026-05-10 12:00:00+08:00,0.0000000000,1826,aa59d06bc8fb6013474c3827665ed66a845d312b4abeced24c7ce27a43be83cd
2026-05-20,S01,K02,2026-05-10 12:00:00+08:00,0.1200000000,1827,e8e8bdaeaf63ccd8529db1749f15b9640490490958bb53bb2caab2689a5e5f43
2026-05-20,S01,K03,2026-05-10 12:00:00+08:00,0.0000000000,1828,6dba820656f18144d4c9b745438bb6ce366abf9b8fe2ed9c39ab8f53792f5dea
2026-05-20,S01,K04,2026-05-10 12:00:00+08:00,0.0000000000,1829,2665a3a6ce3ad6bc089647ecfe81c120e0de32f9ad32e0bd1682ed2200dfaec6
2026-05-20,S01,K05,2026-05-10 12:00:00+08:00,0.0000000000,1830,71583289abc4a147d1dc8a0f36e02e17d16d78aaab24f18753567b6dcad3a785
2026-05-20,S01,K06,2026-05-10 12:00:00+08:00,0.0000000000,1831,a6632e7a74855dbfb613aae018118a9e95c92a07ee995902cd42e8aa33d2c2c6
2026-05-20,S01,K07,2026-05-10 12:00:00+08:00,0.0000000000,1832,fdea9f4ec23e253e5f49ec30e8ed1355526fbd8c96c32828d8db228425110808
2026-05-20,S01,K08,2026-05-10 12:00:00+08:00,0.1200000000,1833,d98f5180cb55b9efd15fea873ee7e08384b6a77c168b5a4b614c13a768aef055
2026-05-20,S02,K01,2026-05-10 12:00:00+08:00,0.0000000000,1834,e85a6ed06a4a5bc0d44d4db31366e8f5c1a3821d47646668ff86637f272fc5d0
2026-05-20,S02,K02,2026-05-10 12:00:00+08:00,0.1200000000,1835,cd759fb6ab61167605a17d0a62092b288ee2b847ab23f9ce8258a5f590021b0e
2026-05-20,S02,K03,2026-05-10 12:00:00+08:00,0.0000000000,1836,0415cad13733f18c3241904b6ac08de929ad35455048434439fd8d0dc77384e4
2026-05-20,S02,K04,2026-05-10 12:00:00+08:00,0.0000000000,1837,a370a7500c64d5031a29f2d3402714cb9f25e776146773ef830a6aee29a71947
2026-05-20,S02,K05,2026-05-10 12:00:00+08:00,0.0000000000,1838,6d9de6c460d1e27cefef3776a1d5898325c70d3420a22d714153933846b5141d
2026-05-20,S02,K06,2026-05-10 12:00:00+08:00,0.0000000000,1839,26cb3bfcd41912abd8376696fcf4c87f692280e15eecf742e3995ca5d73e7e0b
2026-05-20,S02,K07,2026-05-10 12:00:00+08:00,0.1200000000,1840,af1c2cb131d94ddb84f6bf7da09c9e64fce5109635647a086e8818677f023577
2026-05-20,S02,K08,2026-05-10 12:00:00+08:00,0.0000000000,1841,32c554edb2697990ae08ee928fae40bb17f8803ccd584a871f7dee3c9af25f23
2026-05-20,S03,K01,2026-05-10 12:00:00+08:00,0.1200000000,1842,e52e67c795f81054a7520a098ab84367f66e73980ae42194e49b66f3109cacda
2026-05-20,S03,K02,2026-05-10 12:00:00+08:00,0.0000000000,1843,c4753b440c58cb56c21ccc9051cdddc69ff2358cd1a85c2a314f0d815f37a855
2026-05-20,S03,K03,2026-05-10 12:00:00+08:00,0.0000000000,1844,8f360f189326b8ee6bb5e55eddb0e20aabb45e6cf5bc4132e5d93c247e87a314
2026-05-20,S03,K04,2026-05-10 12:00:00+08:00,0.0000000000,1845,0d0d7c8cbc3fcaeac79e396503157beab3947a23219b7d467811f92d7b2af431
2026-05-20,S03,K05,2026-05-10 12:00:00+08:00,0.0000000000,1846,a741624f35459c393484d597cbc2fe82d7504f4bca462312b95f917e1552c881
2026-05-20,S03,K06,2026-05-10 12:00:00+08:00,0.0000000000,1847,788d7d82b940c91d388e84fc1764de1b777d05963cc0ef4a99ba76417c0ff398
2026-05-20,S03,K07,2026-05-10 12:00:00+08:00,0.1200000000,1848,432d1225d7c96fe7b3916f42abb57c5338a96944926c32e2cc98f43a9870a202
2026-05-20,S03,K08,2026-05-10 12:00:00+08:00,0.0000000000,1849,1a1bed620260a503e0bd18f9fe45075652093a6a3deae5946dc42dbdc0882b3a
2026-05-20,S04,K01,2026-05-10 12:00:00+08:00,0.1200000000,1850,49092c2ec907c89293d4ff66c3b2c3e63df885daee5cb7981eb92bb08c1182ea
2026-05-20,S04,K02,2026-05-10 12:00:00+08:00,0.0000000000,1851,0bf80e623817451402cde3514fbb37498847c6ed7d52cdad1f68aae0e7e0802f
2026-05-20,S04,K03,2026-05-10 12:00:00+08:00,0.0000000000,1852,89ccc65bde55223261c615497f999891a481636747e5ac255fae8d57f68a8d02
2026-05-20,S04,K04,2026-05-10 12:00:00+08:00,0.0000000000,1853,770a4ba41e35290d173d3859f50d06299304554d429f99718a24ebe1426d66b3
2026-05-20,S04,K05,2026-05-10 12:00:00+08:00,0.0000000000,1854,75c762423403b633fada577abcd33ce1246aaa91d67890eb42f7addcfffd6812
2026-05-20,S04,K06,2026-05-10 12:00:00+08:00,0.0000000000,1855,f76748ad2b14c0ff5fb6002d38d378b2ce41ee90a6901348822e83627e62f693
2026-05-20,S04,K07,2026-05-10 12:00:00+08:00,0.1200000000,1856,5e185df227e300321242a52edd9705e88c14b2c6921134539242bc9105121488
2026-05-20,S04,K08,2026-05-10 12:00:00+08:00,0.0000000000,1857,baba4798445851fc88b4ef326a7131e7ae3c88bd2473f4767819d91956184e78
2026-05-20,S05,K01,2026-05-10 12:00:00+08:00,0.0000000000,1858,747bdd905be30f0ea666760e4e0a7adf7305e1be82954c803a21620727c71227
2026-05-20,S05,K02,2026-05-10 12:00:00+08:00,0.0000000000,1859,231c4fc25f501beec187d58bd9b898632cf1f52edcc204e6ee2b168a4e0c9c81
2026-05-20,S05,K03,2026-05-10 12:00:00+08:00,0.0000000000,1860,c9bf877b0cffd92ae79b759f06e53b82a07a029075b99b73a0d4faa2fc4043ab
2026-05-20,S05,K04,2026-05-10 12:00:00+08:00,0.0000000000,1861,32630cec748d94d20a9c11a49ef5ad9381032beed6a3a1105049ff90163dba3f
2026-05-20,S05,K05,2026-05-10 12:00:00+08:00,0.0000000000,1862,5e0b329e58ebd0f66326f37b12d0c5525c4226f00b7cf399d9f720e6a7a37033
2026-05-20,S05,K06,2026-05-10 12:00:00+08:00,0.1200000000,1863,f37287447286163e73e335c8d0946cf2c32ec0362156b82680680d46478d95e4
2026-05-20,S05,K07,2026-05-10 12:00:00+08:00,0.0000000000,1864,81b89d472489c35a2489695cb58614d1dbfd155bb855e61914b8c7f4673bb621
2026-05-20,S05,K08,2026-05-10 12:00:00+08:00,0.0000000000,1865,1f14a92a7a61c0726977575b1d8c14ac480264d670762945707f164c4e697778
2026-05-20,S06,K01,2026-05-10 12:00:00+08:00,0.0000000000,1866,469a8ceb5dc68d40cedb2c5f3e471c6d1d95a8167a751bf2cf8631ba43fe8420
2026-05-20,S06,K02,2026-05-10 12:00:00+08:00,0.0000000000,1867,156285e78df75cf6c0a04ccecc845e73144ae8027fdfe69132e221e5853f8815
2026-05-20,S06,K03,2026-05-10 12:00:00+08:00,0.0000000000,1868,211294a928e788475ae931cd1a8061845653244c74b4d5369e5f6c39a0c82937
2026-05-20,S06,K04,2026-05-10 12:00:00+08:00,0.0000000000,1869,8638ccc08a2b9eb3b3f46c4a2c0da213fcea84e3a3681aa5d36e1942a389c962
2026-05-20,S06,K05,2026-05-10 12:00:00+08:00,0.0000000000,1870,d7ef407ee82f9382357a72af217df232cfdc7088d65becd2913a5c8ee007654d
2026-05-20,S06,K06,2026-05-10 12:00:00+08:00,0.1200000000,1871,631c34479a2896f7e2b0ec180ff1b8abad1b497602110ac13c6feefd9714d124
2026-05-20,S06,K07,2026-05-10 12:00:00+08:00,0.0000000000,1872,794b915ac121a69233490970750b2b343544165241c42faea3922fd8aa3b1ffb
2026-05-20,S06,K08,2026-05-10 12:00:00+08:00,0.0000000000,1873,eee9b5d092fca9eb30a7563ebba745171fbedd9cecb9fb481f453a3e5bd69a7c
2026-05-20,S07,K01,2026-05-10 12:00:00+08:00,0.0000000000,1874,bd05b505330a3f9d21f350d9c4ea8d4700888e529f450fef96dd4b0bb26cc66b
2026-05-20,S07,K02,2026-05-10 12:00:00+08:00,0.0000000000,1875,c5d63c416c2d1402f6fff866143ad2b5bd20584d43dd5af060989ebdc3f34545
2026-05-20,S07,K03,2026-05-10 12:00:00+08:00,0.0000000000,1876,edf4f2414ff4bb802f86992440d05b215a2ec1f135da92735763c0f78761876b
2026-05-20,S07,K04,2026-05-10 12:00:00+08:00,0.0000000000,1877,782f400cb53e0f455b442d843e09b05a044178c1625ce44eae10d7ef9f802a4d
2026-05-20,S07,K05,2026-05-10 12:00:00+08:00,0.1200000000,1878,4e7bf9593f50a84c66b2a961c57e78c8b5853480468dcd79090807f871ee0c9a
2026-05-20,S07,K06,2026-05-10 12:00:00+08:00,0.0000000000,1879,6509b2e61431ac9399b3b9a152b7aa493d405aa9a774c8d2b98c933f80578ee7
2026-05-20,S07,K07,2026-05-10 12:00:00+08:00,0.0000000000,1880,94bdb4fab8d5f92c39f5a9174e1deabb78e7852cd3291bf61ea4f218c8187157
2026-05-20,S07,K08,2026-05-10 12:00:00+08:00,0.0000000000,1881,f82c1960d9a44e94e61dc8223234459d9d8b1bb6942488251c186e255476fcc5
2026-05-20,S08,K01,2026-05-10 12:00:00+08:00,0.0000000000,1882,13f21cdf058005f37775585169eeac5a857af14a72c65bca1df066c611fa9929
2026-05-20,S08,K02,2026-05-10 12:00:00+08:00,0.0000000000,1883,e9e678245798bb46f5dffc48617e1d8780f0d39a8a8578c80f3cabcf7caaad72
2026-05-20,S08,K03,2026-05-10 12:00:00+08:00,0.0000000000,1884,662285200189fc3e9421caaa0f06500a51f0b681f4c457febb3353160c5bda21
2026-05-20,S08,K04,2026-05-10 12:00:00+08:00,0.0000000000,1885,6af283e8a0b0d2e756f03415d210362c8e1174570e1df256372c4509b0756f28
2026-05-20,S08,K05,2026-05-10 12:00:00+08:00,0.1200000000,1886,0af464cdfcb217d74011a801a6ea7807e717ace6efa719e92c5b2eca11051493
2026-05-20,S08,K06,2026-05-10 12:00:00+08:00,0.0000000000,1887,660f92e231d7cbc0f5b33ba388a5f31d34647ea49a5238adbe0b28244ce61752
2026-05-20,S08,K07,2026-05-10 12:00:00+08:00,0.0000000000,1888,0a0b13c45c71116d7ca56d0752c9dad1f2243f38a8febc1c81dfe561e6e6fc3e
2026-05-20,S08,K08,2026-05-10 12:00:00+08:00,0.0000000000,1889,fd1278bbc8423be140e4575322bd7ace8c216e3121f6ba853ce395da5aca99dc
2026-05-20,S09,K01,2026-05-10 12:00:00+08:00,0.0000000000,1890,0792b1b787f19c95c9dfafc93dcc0bbd74cd6fe33d1d06881b7c3649567bdf69
2026-05-20,S09,K02,2026-05-10 12:00:00+08:00,0.0000000000,1891,e5c0923f5dd6d0671b39cfcb1fe7565d10cda7a8ac24d62e3d81d05505d78b6f
2026-05-20,S09,K03,2026-05-10 12:00:00+08:00,0.0000000000,1892,2900450875581a1edb9d978f093e1484d506e835d9cc112bea367b0bb97e9113
2026-05-20,S09,K04,2026-05-10 12:00:00+08:00,0.0000000000,1893,6c5abe16f865098b1f2c34e39203478120296fe57f9bea8ce47e592d818a4d45
2026-05-20,S09,K05,2026-05-10 12:00:00+08:00,0.1200000000,1894,015f97b78a11fffee4e936882d86c0014b3473f394ea28369009d507ab332649
2026-05-20,S09,K06,2026-05-10 12:00:00+08:00,0.0000000000,1895,dc66b5935bcabec13d179924b97509d19c1c71b1fe3d222fbfaee9c82b1e3f7c
2026-05-20,S09,K07,2026-05-10 12:00:00+08:00,0.0000000000,1896,a71e7a52f8d789aa461c33edbd606ff42daa5db3c1dc28b4545685d6dc46b959
2026-05-20,S09,K08,2026-05-10 12:00:00+08:00,0.0000000000,1897,bb4b0747bff5de51db85cb53fc62b471e8400d43c55bd208dd44266fe8fc3d83
2026-05-20,S10,K01,2026-05-10 12:00:00+08:00,0.0000000000,1898,ff85f7d41075bc3196401b1a47d87842b625ad900f59de3bd17f8b2c0674d737
2026-05-20,S10,K02,2026-05-10 12:00:00+08:00,0.0000000000,1899,67de29bd99a0a20e7a3d9d2d0ca1b4e14c8134b3eeb5bda29e072efeaf987fea
2026-05-20,S10,K03,2026-05-10 12:00:00+08:00,0.0000000000,1900,65057b6ffc504ddc37dccb55922324121e42fb5491069c85edb140ce960ab8a4
2026-05-20,S10,K04,2026-05-10 12:00:00+08:00,0.1200000000,1901,196672071c3f94d306ac93ed0ba9b23d5222ec4b7d1df5bf595a79427194f07a
2026-05-20,S10,K05,2026-05-10 12:00:00+08:00,0.0000000000,1902,949c3d4d7d90fb6a0ba435b87fd1198b8a497db2910182f3b80818a3ce990f3b
2026-05-20,S10,K06,2026-05-10 12:00:00+08:00,0.0000000000,1903,43512e0cca1767b2984fda1a9a5f63581c11348ce85c12c9827db8e00d68f561
2026-05-20,S10,K07,2026-05-10 12:00:00+08:00,0.0000000000,1904,09465331e64037cfc127db1df124f184da2d55ed5b1af0f4f539e08e7df3d2b5
2026-05-20,S10,K08,2026-05-10 12:00:00+08:00,0.0000000000,1905,635ac1445ccca9429fb5ecb69b109529a08e889dfedfe333d208200a0b3bc1f2
2026-05-20,S11,K01,2026-05-10 12:00:00+08:00,0.0000000000,1906,75c6b6ed9c980e31e16117a3aff2ff67ba47f2363570ed016695a447d0b96784
2026-05-20,S11,K02,2026-05-10 12:00:00+08:00,0.0000000000,1907,06a35de31014ca1a7fa801ef117686a617a0358775b5fb1ca3dffbeb7e93a890
2026-05-20,S11,K03,2026-05-10 12:00:00+08:00,0.0000000000,1908,8ded605269f2feb2bd6a1714713ef4e14fabdadfb8796a04c46f174b30e079ac
2026-05-20,S11,K04,2026-05-10 12:00:00+08:00,0.1200000000,1909,e1c84130efa9bd5f2ef75dc415e18cc85a46789a74d5581a4070d5e61ce7d455
2026-05-20,S11,K05,2026-05-10 12:00:00+08:00,0.0000000000,1910,6d1e576eb7f1eef513c49ef6d92f6b490423c0a8e31dede9abde6b3166fceb42
2026-05-20,S11,K06,2026-05-10 12:00:00+08:00,0.0000000000,1911,cd812e0ab893f8ac697163af7c34ccb4b21d7c634a6165d506b9e5c229fc2036
2026-05-20,S11,K07,2026-05-10 12:00:00+08:00,0.0000000000,1912,60fcf600d88df290691160e3f15f8158f4310a935912247b48cd7adca27f55dc
2026-05-20,S11,K08,2026-05-10 12:00:00+08:00,0.0000000000,1913,ff3aa22ef22a9f374e8837fdf9fe3e321bb2d850589c14530b9d5a6d1e8242d5
2026-05-20,S12,K01,2026-05-10 12:00:00+08:00,0.0000000000,1914,3f86ae9065ebfc73a0cae9f0fbd5cab5123875f8f7111ef2af16669f301b7794
2026-05-20,S12,K02,2026-05-10 12:00:00+08:00,0.0000000000,1915,885f1b173a54327fdc08610f8ab85201fb957027c1cb596fe7315f0c2159348c
2026-05-20,S12,K03,2026-05-10 12:00:00+08:00,0.1200000000,1916,5b2462c2e02605bac7d059850d208d937eaf0ffbff8d5ae5cde8672d0cf6b0a2
2026-05-20,S12,K04,2026-05-10 12:00:00+08:00,0.0000000000,1917,c58aafef1c69ced2f3142a4764aeec58430877b31b7df283652eb7bf6f3eea59
2026-05-20,S12,K05,2026-05-10 12:00:00+08:00,0.0000000000,1918,9546de0c7d23fa298ade399a3436b14d0d7c855ab3639c5b4adf062f63b40f3c
2026-05-20,S12,K06,2026-05-10 12:00:00+08:00,0.0000000000,1919,6190e93d65e590bae209004ce67eeeb33c42df6aa678878efca55adf1132e3fc
2026-05-20,S12,K07,2026-05-10 12:00:00+08:00,0.0000000000,1920,b816bb5c1fb884c2676e59604029f06686d7d87119cc524200b87bee4ebda290
2026-05-20,S12,K08,2026-05-10 12:00:00+08:00,0.0000000000,1921,414256c2cef9058a4c5352d4c45ef3265768b6527f2547ebf020c2df877a253f
2026-05-21,S01,K01,2026-05-11 12:00:00+08:00,0.0000000000,1922,543f10188aad16f9d68f528a822f3353ae2a11bc6140d863411ecac707626b29
2026-05-21,S01,K02,2026-05-11 12:00:00+08:00,0.1200000000,1923,88e9e0c035be94795f66b6924ca826bd5de0231f60895677e04ae1dd71db2e8f
2026-05-21,S01,K03,2026-05-11 12:00:00+08:00,0.0000000000,1924,cff418d0e3632b13b19b110413f93585983b438a028b0cbc73292a9d22e1f94a
2026-05-21,S01,K04,2026-05-11 12:00:00+08:00,0.0000000000,1925,3cb8c957ede2853a28d8f05d529898f9b265bb861b855c09c5bd2a14d0e7ebe5
2026-05-21,S01,K05,2026-05-11 12:00:00+08:00,0.0000000000,1926,56f28b40db022baa8c30973cbc10b5b648738191e0ef5f4b5272af60e6b9c8be
2026-05-21,S01,K06,2026-05-11 12:00:00+08:00,0.0000000000,1927,b3f935a64a7cab91e3c14ca5eacfb8a893a9a6635641416a158b42eeae44f539
2026-05-21,S01,K07,2026-05-11 12:00:00+08:00,0.0000000000,1928,082348db1a06d1ad73dcb9a4ddfe0882d647a2bbeb0e927d9781b1c9453d2477
2026-05-21,S01,K08,2026-05-11 12:00:00+08:00,0.1200000000,1929,11348c4329168947fbbd50c1d172063fcb0f2a3f919e38f38dacad020045b434
2026-05-21,S02,K01,2026-05-11 12:00:00+08:00,0.1200000000,1930,a833e3f2d64292cf89925e3e7d5ba460d9e5ddbce5f128083be5377294cd5a2d
2026-05-21,S02,K02,2026-05-11 12:00:00+08:00,0.0000000000,1931,5391d5dc19bb9ce19d002b22269bd96a64a9309df05e2f812e5fc7ca4a6e5144
2026-05-21,S02,K03,2026-05-11 12:00:00+08:00,0.0000000000,1932,68f0dd2c8d38983f9a2e1e8a6642b2406b3e58ac50951106c6d27dbff04a66a4
2026-05-21,S02,K04,2026-05-11 12:00:00+08:00,0.0000000000,1933,865b0ab503e1801add8f0ba9ced5eff32c9b0e3a91e0b0c12b854679fe30158f
2026-05-21,S02,K05,2026-05-11 12:00:00+08:00,0.0000000000,1934,602780fb0312a09a01d587f7374feda7baa6699b68c8cabc39cfa8e6ccf134a8
2026-05-21,S02,K06,2026-05-11 12:00:00+08:00,0.0000000000,1935,14ec70f63972dae91d83e4aa36e1383eb867c5d3c07521d2d1463094cb278ff4
2026-05-21,S02,K07,2026-05-11 12:00:00+08:00,0.1200000000,1936,b62c10c7b4bc2ef68955d36fc4284cc60afe9c609d7222f7c126f45484cb1662
2026-05-21,S02,K08,2026-05-11 12:00:00+08:00,0.0000000000,1937,996c88ce166d2dc85ddc0b703c4d4d7d88bfac530023a2e25e2478104d4261a4
2026-05-21,S03,K01,2026-05-11 12:00:00+08:00,0.1200000000,1938,7d73371b3476cf92926b7db3f1adb0bb10403390ec2c6a8aef2a98b0d3cc0faf
2026-05-21,S03,K02,2026-05-11 12:00:00+08:00,0.0000000000,1939,495058454dbc78cca1096969035426e4e8c0be0962e6f0ef9f38bdf9a0ea5e79
2026-05-21,S03,K03,2026-05-11 12:00:00+08:00,0.0000000000,1940,a097553166040d513a80afec1ccb840c7b34f7c776a5d6a54e359c41271a0075
2026-05-21,S03,K04,2026-05-11 12:00:00+08:00,0.0000000000,1941,1197565b48f91f9f7c8359c1f3fb6ad753036045a11d7ce366fe876f78193ad5
2026-05-21,S03,K05,2026-05-11 12:00:00+08:00,0.0000000000,1942,4694a1d301c0e665ee69245cec51a6e74def438357a87baa144404f0bb9acb98
2026-05-21,S03,K06,2026-05-11 12:00:00+08:00,0.0000000000,1943,8be96f275b00cf16aac38626905f47b7a80f60e6143f581242d1f6b92ade53ce
2026-05-21,S03,K07,2026-05-11 12:00:00+08:00,0.1200000000,1944,2efc01f508c229fd603807eb7b481f15f5301dbf1f1681abb75549b8e847aaea
2026-05-21,S03,K08,2026-05-11 12:00:00+08:00,0.0000000000,1945,8c9593857e807b244310aa7268414a34ffcd92ae504b48bcff1ab51f00822df5
2026-05-21,S04,K01,2026-05-11 12:00:00+08:00,0.1200000000,1946,3a9a603d7e32b369acbeb0e6f75b9bddab1b2ac9184675329308fe34370c4897
2026-05-21,S04,K02,2026-05-11 12:00:00+08:00,0.0000000000,1947,6d900dfa625effe3b8115ed1aca3bb08f72c0487114ce87add1b99ba1308647a
2026-05-21,S04,K03,2026-05-11 12:00:00+08:00,0.0000000000,1948,ae97369cda55362c473cab34a49ebe22ca5d03696b9cab3d1f9aef0e0baee193
2026-05-21,S04,K04,2026-05-11 12:00:00+08:00,0.0000000000,1949,76d89189227267628330b00e65a2e27e9b6c2d325d1f15362d1fa6f072109878
2026-05-21,S04,K05,2026-05-11 12:00:00+08:00,0.0000000000,1950,314185af22574f5a97d23186d385d1bdfae28f051f37ebde15995af9e9a5dad0
2026-05-21,S04,K06,2026-05-11 12:00:00+08:00,0.1200000000,1951,7c9a0a6b4d1ccb0935bacd6a68d1b2294731f1cc6d833b4ae0f48a0c38f5cb48
2026-05-21,S04,K07,2026-05-11 12:00:00+08:00,0.0000000000,1952,9bd0e04dce36dcf16bac4f8b94dd47e97018f20fd487f68deb08292b8df32588
2026-05-21,S04,K08,2026-05-11 12:00:00+08:00,0.0000000000,1953,5de59042dffe26533499a422401f2cee664b45085f5853ade4dae98bf12e0be4
2026-05-21,S05,K01,2026-05-11 12:00:00+08:00,0.0000000000,1954,751fcf15178e428f94bc4004e9eece4739b2fe3352038a23908d94627e850dc5
2026-05-21,S05,K02,2026-05-11 12:00:00+08:00,0.0000000000,1955,8ce9e358a4ee9821396672063bd8a64d5debefda2830995df313d1c3a1d15e24
2026-05-21,S05,K03,2026-05-11 12:00:00+08:00,0.0000000000,1956,f52829d224295044a84ae2a948518944a2f9189cffcccd7fd9948dfa5887212e
2026-05-21,S05,K04,2026-05-11 12:00:00+08:00,0.0000000000,1957,6d30b7e5ab2896a152d6cb3f391302b4b1b08eb55bda2750f007a2afe0ad95de
2026-05-21,S05,K05,2026-05-11 12:00:00+08:00,0.0000000000,1958,9e967fc1376420c32b465543a0ef55dd39189b065dec42a6d92b9ccbfa0b78a6
2026-05-21,S05,K06,2026-05-11 12:00:00+08:00,0.1200000000,1959,6b10ec3ea3402d60244b321484553b90de049880db966f9e9d18eae3ee99f465
2026-05-21,S05,K07,2026-05-11 12:00:00+08:00,0.0000000000,1960,26c76219c576ea063c3080b57ffe133b5fc0c6cd84db406de24446a5344a8fb2
2026-05-21,S05,K08,2026-05-11 12:00:00+08:00,0.0000000000,1961,f8b0dfdb3cab536146f0ca5f59d683dd2497cb7687b593897f084c8b172e8f8b
2026-05-21,S06,K01,2026-05-11 12:00:00+08:00,0.0000000000,1962,c6b42128827ccc5351d60e5c116dc016861a075f94019d613971a2054461a0f4
2026-05-21,S06,K02,2026-05-11 12:00:00+08:00,0.0000000000,1963,40dc3aa288e1db08fcf7bf806283e88b1086fad393f585c200a27a3cfe9a0d75
2026-05-21,S06,K03,2026-05-11 12:00:00+08:00,0.0000000000,1964,a12be901edacd6cc28e9ff8e809bf61d7cb0873475344a7cd5ef2121db19aa17
2026-05-21,S06,K04,2026-05-11 12:00:00+08:00,0.0000000000,1965,f3220c75f714d0f381397bfe07c2cc8f5de4e28568af25fafa0317d9731a7222
2026-05-21,S06,K05,2026-05-11 12:00:00+08:00,0.0000000000,1966,4d3d090749fac9f939a8bd0df697f8654044d655f2b227278ee3a68fb5a6f1c5
2026-05-21,S06,K06,2026-05-11 12:00:00+08:00,0.1200000000,1967,e75d747db74e86dff6da58d9f328f18a28b91032387a2a5db5766cdc124b41d4
2026-05-21,S06,K07,2026-05-11 12:00:00+08:00,0.0000000000,1968,130a3bb4e14ee2608330582438e3488a5a4c0fad275ea0bec6e346d4eb588192
2026-05-21,S06,K08,2026-05-11 12:00:00+08:00,0.0000000000,1969,844069667688ecc0f7bf2b6aa012cb89bf07e1a0d25d472b9c41b8e9a195b7ee
2026-05-21,S07,K01,2026-05-11 12:00:00+08:00,0.0000000000,1970,3b8a9232194d15cbaa16e1bf77fb4307738d828f0131ad3fc99887c622e112b4
2026-05-21,S07,K02,2026-05-11 12:00:00+08:00,0.0000000000,1971,a789ed15b5683d2bad3ff9a8cfbf3d7382c1212495226509c2fe068ada3f090e
2026-05-21,S07,K03,2026-05-11 12:00:00+08:00,0.0000000000,1972,8543eb8b5171fe663c3d43292ae94cf6de5f4ec5fcdaab3386cdd068834502b2
2026-05-21,S07,K04,2026-05-11 12:00:00+08:00,0.0000000000,1973,f6b0adfcb0670bbf0230c4fe6b9481a437c65356279ce87521850b4e1d641d81
2026-05-21,S07,K05,2026-05-11 12:00:00+08:00,0.1200000000,1974,41b7d38e9846d696c711721211d74f7e564f90d650eb6b5ee4e7595cf99834b0
2026-05-21,S07,K06,2026-05-11 12:00:00+08:00,0.0000000000,1975,5558aadac1fc3a3dea3742d5daffec23408e79ae2de79b315f23775aa7e06987
2026-05-21,S07,K07,2026-05-11 12:00:00+08:00,0.0000000000,1976,f3a087d84de5a192855d28680c7e7e8c8901ea279df7ba1d00b80afac277222c
2026-05-21,S07,K08,2026-05-11 12:00:00+08:00,0.0000000000,1977,e2e011c491a6197f2acc759ee00c44a805b6b7ab43795b6bed357db7cbc0dcbe
2026-05-21,S08,K01,2026-05-11 12:00:00+08:00,0.0000000000,1978,ecd838899804df7229d20909079fe4a4aee61d6be7a778d1cdda69f31d0befe8
2026-05-21,S08,K02,2026-05-11 12:00:00+08:00,0.0000000000,1979,24eb4d3eef83ef8369402a3064ea0131a67476cdfdf94980115f23a1c85e5564
2026-05-21,S08,K03,2026-05-11 12:00:00+08:00,0.0000000000,1980,66252cd081deb84ac1cb21905d2b66f1d23b1bbc0f2df84eedd06e45f0ce0d13
2026-05-21,S08,K04,2026-05-11 12:00:00+08:00,0.0000000000,1981,4eeb4421b2290d47350b96424ab800b972e7876bb1596251bff167e0c8529eca
2026-05-21,S08,K05,2026-05-11 12:00:00+08:00,0.1200000000,1982,1f9df5095242805b707d97466a09559ff0abc9d76360b041fc6e2ab8d083fc46
2026-05-21,S08,K06,2026-05-11 12:00:00+08:00,0.0000000000,1983,e65db5241702c09a75ef64080810b25bc5edc5417fd5456bd9bed06b39b0c10e
2026-05-21,S08,K07,2026-05-11 12:00:00+08:00,0.0000000000,1984,57654e0767d846a04714ff5ee624857e66fc521c0f586b5fb3a53b3ec84032d3
2026-05-21,S08,K08,2026-05-11 12:00:00+08:00,0.0000000000,1985,0721b2ddead56387c3e85e99384c717aafb46c356701c7f3cfa2d1dbbdf6c20b
2026-05-21,S09,K01,2026-05-11 12:00:00+08:00,0.0000000000,1986,593415eb242ce765f9f5d42d875f0afd50d3a37ed876abfb9360ef8e06010e9f
2026-05-21,S09,K02,2026-05-11 12:00:00+08:00,0.0000000000,1987,5b1aebecfa1e76a6e49fdf689cc89867bcceef5bcfe6328a2773d72028bc52eb
2026-05-21,S09,K03,2026-05-11 12:00:00+08:00,0.0000000000,1988,dc9c8907e34496858e65ce48a9841fc15c161dc9aff257e3026da6ba0653a5ae
2026-05-21,S09,K04,2026-05-11 12:00:00+08:00,0.1200000000,1989,1221a81872922a8b7033fef61471866a3814269f518e8ddf6675f7c09a2747f1
2026-05-21,S09,K05,2026-05-11 12:00:00+08:00,0.0000000000,1990,0327944b5bce24b0aba42c82ab57a81f161fd61bab5e5dce38a03dbd3fb9e1e4
2026-05-21,S09,K06,2026-05-11 12:00:00+08:00,0.0000000000,1991,4c6f63e52185a7c56f6a8b67b5ce877695dfdde6a7547ab986981e4df9482da8
2026-05-21,S09,K07,2026-05-11 12:00:00+08:00,0.0000000000,1992,9fe7080869ce2acaf65c67cfbb60ba0416601b1e2f896ab7dae69bb952454849
2026-05-21,S09,K08,2026-05-11 12:00:00+08:00,0.0000000000,1993,389d58a870c90dcfa685eba2cbd458b43ec700dc12924bc2e9a6f58601c39ace
2026-05-21,S10,K01,2026-05-11 12:00:00+08:00,0.0000000000,1994,b5d2e46a731e30e3d1b65d02d446f1b4449f0f135c63dee58cce84cb62721319
2026-05-21,S10,K02,2026-05-11 12:00:00+08:00,0.0000000000,1995,739b5e6c13423e0dd152081b71c1b97045759b364eb57837c78e107b62720a95
2026-05-21,S10,K03,2026-05-11 12:00:00+08:00,0.0000000000,1996,bd9cfd10b7989b6b1eb37869dac400918d6d095b523fec63b32979544abe330e
2026-05-21,S10,K04,2026-05-11 12:00:00+08:00,0.1200000000,1997,f4baa8339bc69307d65ac9ef038497fe231d6f22d2e7641af555f8cebec2ccf6
2026-05-21,S10,K05,2026-05-11 12:00:00+08:00,0.0000000000,1998,4ce0a2131fceef98cd36979a986fd682da5b363f0fd9089b4527caa2f7cf88a1
2026-05-21,S10,K06,2026-05-11 12:00:00+08:00,0.0000000000,1999,fb369df6c35887a8cc687f63213624e05476ba68f770d6a872757943adad27bd
2026-05-21,S10,K07,2026-05-11 12:00:00+08:00,0.0000000000,2000,e6048e7f5171a81ca58da337eb074f2b1eec53d0c1ff852eace40f9f286399d9
2026-05-21,S10,K08,2026-05-11 12:00:00+08:00,0.0000000000,2001,e29f7fda2d87b173fb7a6e7b8e70fc099070f69988d5c758ee2d2e8afed3ead2
2026-05-21,S11,K01,2026-05-11 12:00:00+08:00,0.0000000000,2002,31aee72a52392b4d126e08525527e7962ebb17aa0ad6ba65557e2e8d23a3e113
2026-05-21,S11,K02,2026-05-11 12:00:00+08:00,0.0000000000,2003,85a603a79fe80570ede3834ff47cfe2dd72ee6d07e9e21be1ac59f63671e4ea4
2026-05-21,S11,K03,2026-05-11 12:00:00+08:00,0.0000000000,2004,43d796c3118ce732733ec920c0e02d5449053f550e409e3a51b472a5d8898dfd
2026-05-21,S11,K04,2026-05-11 12:00:00+08:00,0.1200000000,2005,ca8ed3b01c018bc3a3ee581efed5bea8486e50551b5b66cfcfed7a16bdcba82d
2026-05-21,S11,K05,2026-05-11 12:00:00+08:00,0.0000000000,2006,8d3f3cf18c0fb0d4af6961e718a689f1e8cddf2bfd74e15036655bfb28651074
2026-05-21,S11,K06,2026-05-11 12:00:00+08:00,0.0000000000,2007,795a3df15e9baf85e5db3d78102813a861b562b7f1bf52767f2752212fc66932
2026-05-21,S11,K07,2026-05-11 12:00:00+08:00,0.0000000000,2008,1d182984e919c5dfbb8d275c06674f94deecb226d5ec8e5561e1ba7a05f721fa
2026-05-21,S11,K08,2026-05-11 12:00:00+08:00,0.0000000000,2009,89f23a4723b4cb87b7591a1d7c1dc6d43e619a3058afa83a8e0f785d1f6c2f3f
2026-05-21,S12,K01,2026-05-11 12:00:00+08:00,0.0000000000,2010,eb47466314c06bd908aa9ad4cfb562cf5cb3dc468eb5fa2c02dba664d4d0802f
2026-05-21,S12,K02,2026-05-11 12:00:00+08:00,0.0000000000,2011,a3364276f4d796a10e8723097ec57a2bde2990d0677bde074e4a6070ef38f6db
2026-05-21,S12,K03,2026-05-11 12:00:00+08:00,0.1200000000,2012,45a05cda1e328a9a5f3076a609d60c997f2d6db4c02905b7b829eac29d0d282a
2026-05-21,S12,K04,2026-05-11 12:00:00+08:00,0.0000000000,2013,2e52e23e8583a94e0a6ad8f70bb52f245a987a765cb1a4300cf818465a70f106
2026-05-21,S12,K05,2026-05-11 12:00:00+08:00,0.0000000000,2014,da3dd21670fd61801055d756a6a237719fbede9a9e7625faa5a09bbba674d8e5
2026-05-21,S12,K06,2026-05-11 12:00:00+08:00,0.0000000000,2015,5fcb3cc7b8fdc401c6de7e22614c1f220e3a56f4cbce431f66c1910b4c7b1c44
2026-05-21,S12,K07,2026-05-11 12:00:00+08:00,0.0000000000,2016,5d16a76dcf72a33836354e0f624f1a7c57ac8b58ad1a00130df8f87f457c7d39
2026-05-21,S12,K08,2026-05-11 12:00:00+08:00,0.0000000000,2017,55cddbe70b1caf1d8cc6d51affb48ffd592a9c445835822fc1ccc3a44156d3cd
2026-05-22,S01,K01,2026-05-12 12:00:00+08:00,0.0000000000,2018,f240e11a425ad59b7175a3b144aad85c5bdb1345381c4a3d872a7090e0b2c0fb
2026-05-22,S01,K02,2026-05-12 12:00:00+08:00,0.1200000000,2019,9eb252d1c47fb43c7a6ea56ae9d1c779c981549bdbbd584962a5e6428b85270e
2026-05-22,S01,K03,2026-05-12 12:00:00+08:00,0.0000000000,2020,e15c2af2f2196c4bec101bb233d73f773867493fdf9a3fb67bd818f16e502fa0
2026-05-22,S01,K04,2026-05-12 12:00:00+08:00,0.0000000000,2021,aed4c07e3a6f78dd654f5be96eaab9fc5a838625c9b66e15aad206e69bc6fe2b
2026-05-22,S01,K05,2026-05-12 12:00:00+08:00,0.0000000000,2022,59f1660a5d82c4c15c93a1b0b616a423c46201e38a97cb329519962cda132b53
2026-05-22,S01,K06,2026-05-12 12:00:00+08:00,0.0000000000,2023,7d86de3bca06f5c295e98b48a2a9e97278c1a27f58587692b731f05e279ee0bc
2026-05-22,S01,K07,2026-05-12 12:00:00+08:00,0.1200000000,2024,7ce259d1db0443f796d17c062dddec81d6129370d30ea87a7913136d0ef65576
2026-05-22,S01,K08,2026-05-12 12:00:00+08:00,0.0000000000,2025,613f6c5c096405020afb41c2ee2d7421638a63c9e020ebe46d3abf0100f35310
2026-05-22,S02,K01,2026-05-12 12:00:00+08:00,0.1200000000,2026,87847b755e42b1604d40f4a7de6fd6e351ab6c44a41e2a7a049124252ce97709
2026-05-22,S02,K02,2026-05-12 12:00:00+08:00,0.0000000000,2027,0e0a9a2aaa949b2b2ad827721ea1dd292c5f754330638fba861f45d1c16ab622
2026-05-22,S02,K03,2026-05-12 12:00:00+08:00,0.0000000000,2028,a80f30e795788d919aad0627f4c2f26780bef7c8dc517c56b84c8b9043c3f979
2026-05-22,S02,K04,2026-05-12 12:00:00+08:00,0.0000000000,2029,7c283a67d311c6d27f9dd16343cce1eb6cec600dd0de6766457b1fd24d0f070f
2026-05-22,S02,K05,2026-05-12 12:00:00+08:00,0.0000000000,2030,73e0a4dda8040ffa5750aacf3700f43e41d3d71ccf92662e61fc31ed461ed99d
2026-05-22,S02,K06,2026-05-12 12:00:00+08:00,0.0000000000,2031,b990ff0c8a8db61bc9fdd02848bf6bd4cf1f59c08da91688a8a7d98f47faf01a
2026-05-22,S02,K07,2026-05-12 12:00:00+08:00,0.1200000000,2032,effc8e2565bc86936c8cf05382faa9506aa4e5794445b5c62bf19c1508938e79
2026-05-22,S02,K08,2026-05-12 12:00:00+08:00,0.0000000000,2033,bd098a4d3cb79f66bb4ced6c2193649546d9e222de9b234905c1caaf864465d4
2026-05-22,S03,K01,2026-05-12 12:00:00+08:00,0.1200000000,2034,77db1eeb9eaff6862ab1898de7ee2960334a58a129f8b007042094d04e3dae5a
2026-05-22,S03,K02,2026-05-12 12:00:00+08:00,0.0000000000,2035,a211222d9cb0ab84fe0340ac38eca633f46f2da28a941157b02338cb2aee0d8a
2026-05-22,S03,K03,2026-05-12 12:00:00+08:00,0.0000000000,2036,4c4f898482b7707648ab286f6639bfae48532d6836912d5e00fd6694d36eab7b
2026-05-22,S03,K04,2026-05-12 12:00:00+08:00,0.0000000000,2037,11c31a85e89035d893a5c1f77dc28dcb144a6db626e1846bba8d43dddfc16d9f
2026-05-22,S03,K05,2026-05-12 12:00:00+08:00,0.0000000000,2038,28ab23f6397bc2e3195049fa07e39e11b7fb65b2dfd738e14f957957875c007c
2026-05-22,S03,K06,2026-05-12 12:00:00+08:00,0.0000000000,2039,85970f6688864a5c9a65023632e79c68f4327cbc9bd63a2dad31f33c5be544a6
2026-05-22,S03,K07,2026-05-12 12:00:00+08:00,0.1200000000,2040,63706fee24038049bc2ac769fba0c66e9c4f6b88e896c54de8093eb42686d44d
2026-05-22,S03,K08,2026-05-12 12:00:00+08:00,0.0000000000,2041,18c2164afa47ead5fc5fec948ff5afe037b993376eac662dd5acd2e3c0cac743
2026-05-22,S04,K01,2026-05-12 12:00:00+08:00,0.0000000000,2042,8e120eedc5d36a4ed11df3bce4f08aed75fccbbab0550beedebdff45f2bd24c1
2026-05-22,S04,K02,2026-05-12 12:00:00+08:00,0.0000000000,2043,9f3761ccf121e9062b2226ccc08772f34ed38f07ddc21127feab821a3b5d8f4f
2026-05-22,S04,K03,2026-05-12 12:00:00+08:00,0.0000000000,2044,35240200ff9ac4b8a2e05f9e24cd9ff63043ab4ad42f48dd845d584f86c13953
2026-05-22,S04,K04,2026-05-12 12:00:00+08:00,0.0000000000,2045,63006e9a65a7df41eab305baa0f1b843c5b0fe2449fcdf1ee6d6315c3009dd76
2026-05-22,S04,K05,2026-05-12 12:00:00+08:00,0.0000000000,2046,055ba0807a9b917dc2ee5a3ed7294ff109f25276c4a8e9d58e2fd32c7003c09e
2026-05-22,S04,K06,2026-05-12 12:00:00+08:00,0.1200000000,2047,ef43690c4bb02c3c9b552570f08fbea3f8a8002d1553af393d5ae392c46975e6
2026-05-22,S04,K07,2026-05-12 12:00:00+08:00,0.0000000000,2048,8f8fa836cf82b293358e12bdd0e5fa69b52d250fc75a731c71ce1144c2b1b35d
2026-05-22,S04,K08,2026-05-12 12:00:00+08:00,0.0000000000,2049,638e76d6ac4f05148f03f0408dc8ef5b338904d21784197a1ec5d72d05385595
2026-05-22,S05,K01,2026-05-12 12:00:00+08:00,0.0000000000,2050,7514161bdc0911f0de03d5ba5ea997adc680c25efcee6506f4cf76664cb39c95
2026-05-22,S05,K02,2026-05-12 12:00:00+08:00,0.0000000000,2051,00152a962b62add21bc9cd9cfc7f70e843337ce89ee9586e512cf8a8108a6edf
2026-05-22,S05,K03,2026-05-12 12:00:00+08:00,0.0000000000,2052,ac8fc50041b1bc82820cddfcd46c4e4998ec9392ef100f6472ada44a6a45657c
2026-05-22,S05,K04,2026-05-12 12:00:00+08:00,0.0000000000,2053,51e0b3b1b6e501a9e8c87810abd69363681682397378fbc33af4288540dae87e
2026-05-22,S05,K05,2026-05-12 12:00:00+08:00,0.0000000000,2054,7d1d601385dec354dfd09c32c64aed10d86db5cdf9b086763257c7af04da7dd8
2026-05-22,S05,K06,2026-05-12 12:00:00+08:00,0.1200000000,2055,c5a12dff65239e7fcc75515fb0a2c5b7eb495e7f762b92b0d18ed920aec44c3c
2026-05-22,S05,K07,2026-05-12 12:00:00+08:00,0.0000000000,2056,ac1eb8391ec1dd2d40c67f682d7829ef41a78a209d4fd5a6d3c6d47e93655f39
2026-05-22,S05,K08,2026-05-12 12:00:00+08:00,0.0000000000,2057,fc64827a1281fe11978e1773aab1aaf39b0c9411488e7a620f19bd3f9986db2a
2026-05-22,S06,K01,2026-05-12 12:00:00+08:00,0.0000000000,2058,425c00373f849d17bb010ff53d1f3cfc057922bcdabf8ec723e17055b31751bf
2026-05-22,S06,K02,2026-05-12 12:00:00+08:00,0.0000000000,2059,964c5202ff008ea2ea74dd6f81f178b215a42b325d875350435df275871c6171
2026-05-22,S06,K03,2026-05-12 12:00:00+08:00,0.0000000000,2060,52973300e5babb87d150afc36a30e1deeaef8679bbc4151e76679b111a54885e
2026-05-22,S06,K04,2026-05-12 12:00:00+08:00,0.0000000000,2061,a112305d65d149c94be5da2ee66decfcb108110e46d19bdc9cf49718fc612066
2026-05-22,S06,K05,2026-05-12 12:00:00+08:00,0.1200000000,2062,9d643a097c6a059e39153437e14299ef244ea738e0963fb87a41153a709be579
2026-05-22,S06,K06,2026-05-12 12:00:00+08:00,0.0000000000,2063,1f0bc528d0a54c2e631c30a9f18c5a5f5ae584f7e0766c407484166e762ea21e
2026-05-22,S06,K07,2026-05-12 12:00:00+08:00,0.0000000000,2064,51b2ded64212732f3af85c7dc1eff8754e09ad8dcbffb57c63f74c7749f537c9
2026-05-22,S06,K08,2026-05-12 12:00:00+08:00,0.0000000000,2065,90caec2cc5db6b8eaf0b208947419b88871009f51c1c126ee6567c41197a4617
2026-05-22,S07,K01,2026-05-12 12:00:00+08:00,0.0000000000,2066,52265898ef2783104884be678690c8441b58a93c92268663e2b0fd16e673cbf3
2026-05-22,S07,K02,2026-05-12 12:00:00+08:00,0.0000000000,2067,fd9fca980fa8a23370a4e30a34ec0abb5c9e9c9eea2e49c228b7004d88b34a8a
2026-05-22,S07,K03,2026-05-12 12:00:00+08:00,0.0000000000,2068,441f711f6566af4d36fcf92eecf29c87590f8ccbc7f05a53be24039593e7bdb8
2026-05-22,S07,K04,2026-05-12 12:00:00+08:00,0.0000000000,2069,48c19dac31f1e45046cafee2dad78ac9c6a91bddfb2025effc9206bc76d5cd85
2026-05-22,S07,K05,2026-05-12 12:00:00+08:00,0.1200000000,2070,e1fda96b0f64bd8790cc0f4352fb63a2dd0eff2fe2b6cf6b7514a682a4d99908
2026-05-22,S07,K06,2026-05-12 12:00:00+08:00,0.0000000000,2071,5887b3681463bcedf97a7f175a3620ebfdb436c59e06e1a9e581751323b53fae
2026-05-22,S07,K07,2026-05-12 12:00:00+08:00,0.0000000000,2072,6f0dfff04cacbb4f7667a7fe33ada19008114d8ab0df2f22c184b3e65cb24583
2026-05-22,S07,K08,2026-05-12 12:00:00+08:00,0.0000000000,2073,a83e87dd615e1d555f6a60b17c703d4e408068f1c4456f702c83d08395670a03
2026-05-22,S08,K01,2026-05-12 12:00:00+08:00,0.0000000000,2074,9870e0e21fc621b7a062e9d82310ddff28cd853354004fe3aa24ecc2e65e0ecc
2026-05-22,S08,K02,2026-05-12 12:00:00+08:00,0.0000000000,2075,933698cfb797684159ec6237486bbe3421d864409738015924cd07f944dbf17a
2026-05-22,S08,K03,2026-05-12 12:00:00+08:00,0.0000000000,2076,8d1942286a194e4225bac3cab90a2f9fb998c54e8e55e059d29e24b75c8263d3
2026-05-22,S08,K04,2026-05-12 12:00:00+08:00,0.0000000000,2077,010942a287c9c025f4e52ba8640551b78759edd3a329934a6cb6de33e5b10479
2026-05-22,S08,K05,2026-05-12 12:00:00+08:00,0.1200000000,2078,4ebfdf576587bd4ce574e83be2dff61e65155fcde6f1df16abceea81e6bd8387
2026-05-22,S08,K06,2026-05-12 12:00:00+08:00,0.0000000000,2079,afb3eca2093f6f37cbbb6dcc0c2d7dee866caf926a92d199bda36ab4cea15c4b
2026-05-22,S08,K07,2026-05-12 12:00:00+08:00,0.0000000000,2080,44d5eab0c97a363115fa14e82ddb2736b501bc70ecfb3984ba88a78bd36f788b
2026-05-22,S08,K08,2026-05-12 12:00:00+08:00,0.0000000000,2081,f385e6a6763f3492e726ef8949238d6291b2d49e64b4f507dc3f4e7074a979b8
2026-05-22,S09,K01,2026-05-12 12:00:00+08:00,0.0000000000,2082,bc0816c7a1cda59015753d342070b5a9fe46beea1e8ffa3bec926b69d36b9b83
2026-05-22,S09,K02,2026-05-12 12:00:00+08:00,0.0000000000,2083,6f24cb3e78ca2f31dad36b42c5b037dbabdd82deff3bad10caa22c441dedc79a
2026-05-22,S09,K03,2026-05-12 12:00:00+08:00,0.0000000000,2084,be03a408c0616f7aa4e5efc014e4389d2833138dce7051f030d1822e7ae068f4
2026-05-22,S09,K04,2026-05-12 12:00:00+08:00,0.1200000000,2085,98c2a9c4ec2eb379388f0f3d6826bfba98d4a2b3bfb919c3e993d0091655b08e
2026-05-22,S09,K05,2026-05-12 12:00:00+08:00,0.0000000000,2086,cd415ed9b10c994a1140949baf978f9b7da10168024f2fa09c3901b55b80858e
2026-05-22,S09,K06,2026-05-12 12:00:00+08:00,0.0000000000,2087,ab6052d83fb068bf76400b3a6aa03b431bc825931ca8a27bd63c1c8a9106ec09
2026-05-22,S09,K07,2026-05-12 12:00:00+08:00,0.0000000000,2088,fd85fd0df06b96b8029fd7efd9e67f6e93044d1e178b715fb57b228d376a0f29
2026-05-22,S09,K08,2026-05-12 12:00:00+08:00,0.0000000000,2089,18b9c470a65e81ff10ee9a8d7cf751ab7b450666fb2ec7088a30c34227614964
2026-05-22,S10,K01,2026-05-12 12:00:00+08:00,0.0000000000,2090,3deb2e95750d2f381fb1f6d47f707c3c5edae7fd5b47de622223bd60703b69fc
2026-05-22,S10,K02,2026-05-12 12:00:00+08:00,0.0000000000,2091,addb643c764e1edfbd1be48194971471815509e923a7e69b6dbfdc32f7dd7f57
2026-05-22,S10,K03,2026-05-12 12:00:00+08:00,0.0000000000,2092,884cf751e527707e2a32ba897dbdc1d1e6e02b03951dd8d0e91ff70651320711
2026-05-22,S10,K04,2026-05-12 12:00:00+08:00,0.1200000000,2093,bade9198aaa6309d3b23440e5de63e469a2daea6aa7e4e6d6860ee2872b2495e
2026-05-22,S10,K05,2026-05-12 12:00:00+08:00,0.0000000000,2094,b8d1fdf14452380f08356318720be36950648dc72447924dd0feefe8aad9ee9a
2026-05-22,S10,K06,2026-05-12 12:00:00+08:00,0.0000000000,2095,594ef33c9388af77442dd61dfe5664afe5f63c30fa4a9d883dd517166a37ae70
2026-05-22,S10,K07,2026-05-12 12:00:00+08:00,0.0000000000,2096,a834a26059cd9c6b83f13d291c56a2bf8439c22899dc8735f83032b764fe3f93
2026-05-22,S10,K08,2026-05-12 12:00:00+08:00,0.0000000000,2097,5c00dfca7093886c7b09bbc3a918f4a7a1a4a73ff6cb0194795a2cfb8f6e7397
2026-05-22,S11,K01,2026-05-12 12:00:00+08:00,0.0000000000,2098,613bb04642a482888a15c3b1fbd35c3bbfcc2f4dcede0a28e04259c38473cf2a
2026-05-22,S11,K02,2026-05-12 12:00:00+08:00,0.0000000000,2099,d85dd4ef9968e6327764c079e2fa41da89310fb1d9dfa363b6b8849a930fa1bf
2026-05-22,S11,K03,2026-05-12 12:00:00+08:00,0.1200000000,2100,e699b79b711c309c362584e02e46f704fe5c96cae26e9cecdea735b5376276c5
2026-05-22,S11,K04,2026-05-12 12:00:00+08:00,0.0000000000,2101,52221458ef3cf2ef2644079a440ffa7a481a313a2e63e0bcfbc01724f64b7882
2026-05-22,S11,K05,2026-05-12 12:00:00+08:00,0.0000000000,2102,09aaea17f111c340eac581158485fd665359b17d07ef0e641d177f74331c9974
2026-05-22,S11,K06,2026-05-12 12:00:00+08:00,0.0000000000,2103,395272fd74e9d803678b09847542269de0528eb28a12ecfadccdf418e1c80e6c
2026-05-22,S11,K07,2026-05-12 12:00:00+08:00,0.0000000000,2104,ae762e3d70e981de7046b5a81741b73c36c6efe34b7e579fb17a844f2ba96f8a
2026-05-22,S11,K08,2026-05-12 12:00:00+08:00,0.0000000000,2105,701b4f533559ac5ac9149a52b8b52ae4a9e62b5bff6c219bf0fa16e8e71a1fe8
2026-05-22,S12,K01,2026-05-12 12:00:00+08:00,0.0000000000,2106,d7dd3c46e4932350c1c0359b12fb2ee90566e58800ed94574532db0c5ebdca93
2026-05-22,S12,K02,2026-05-12 12:00:00+08:00,0.0000000000,2107,7c82a14565bbe8e3b4d36d7e8f2d9ae964bc3b8bc96bf4d813c827772a549e45
2026-05-22,S12,K03,2026-05-12 12:00:00+08:00,0.1200000000,2108,498494758312e8f2fa3cd6a65e4f3126e8b68150553793727e55b1153def6461
2026-05-22,S12,K04,2026-05-12 12:00:00+08:00,0.0000000000,2109,c46e1fe739c4d3faa1af0bf91c463d19a44216f9f5175c7b592c49056058b108
2026-05-22,S12,K05,2026-05-12 12:00:00+08:00,0.0000000000,2110,94a6e53b96bc9a5a52c1bb91006f479a37b543ef66e6e21a9444fc2f45a583c5
2026-05-22,S12,K06,2026-05-12 12:00:00+08:00,0.0000000000,2111,056341f95de7cf6549330fa4d04f6ac271d930b7b4cf0202b5626c1519718c51
2026-05-22,S12,K07,2026-05-12 12:00:00+08:00,0.0000000000,2112,e4045853f679d7abf044f52606114f475be8532a26979b42f8f9f098a6c16d48
2026-05-22,S12,K08,2026-05-12 12:00:00+08:00,0.0000000000,2113,6c0c0801bc777fd5b73e25752f1f03b0634e5943a751df0bc6892c4ecb0338c5
2026-05-23,S01,K01,2026-05-13 12:00:00+08:00,0.1200000000,2114,ef012f3f8d9e5a17b86f35e9849ed528919fa61b5582677bb46775b40275bc57
2026-05-23,S01,K02,2026-05-13 12:00:00+08:00,0.0000000000,2115,bb1e73daec25df8bb94ca9d9f7c1f3d8ee76edf0088438b1966bfa2c451b11aa
2026-05-23,S01,K03,2026-05-13 12:00:00+08:00,0.0000000000,2116,8b9e9e0378224fa6e1521cc5e94043c32eebeafe4d1a18cf51ec9405974a4966
2026-05-23,S01,K04,2026-05-13 12:00:00+08:00,0.0000000000,2117,78e30e851ce332db9bc6c68bd2a2d27a3ccf34786baef0771f1ceea9605ab3dc
2026-05-23,S01,K05,2026-05-13 12:00:00+08:00,0.0000000000,2118,457302e302e5c8cc843930db96555378ec00fb22c4590d2c4b8f5c686da5c814
2026-05-23,S01,K06,2026-05-13 12:00:00+08:00,0.0000000000,2119,4ad93fb383b5872d3164c5706c33a959dc4296b43edc5d063553334f5ce30b3a
2026-05-23,S01,K07,2026-05-13 12:00:00+08:00,0.1200000000,2120,9969cca962e022d327b133f4d7d3659a42c558d1a677ec7dd6ca8e6d83214a3d
2026-05-23,S01,K08,2026-05-13 12:00:00+08:00,0.0000000000,2121,bcc2cdf8a1779ec7045bd9e791767df062eba1ba9cb384aa6311af9f7f09dac7
2026-05-23,S02,K01,2026-05-13 12:00:00+08:00,0.1200000000,2122,3fd05ce860cbff43f9a84aa8f1060477bd1219a03f1b92f809e321c28d2c18c5
2026-05-23,S02,K02,2026-05-13 12:00:00+08:00,0.0000000000,2123,c0c0eaee918666366761d3abd7557414e93a6cba5026597dead9e4d8f862bd1b
2026-05-23,S02,K03,2026-05-13 12:00:00+08:00,0.0000000000,2124,28144df732cd79c635e283191f944014c92a7be06b7a895a71a6f799c08233dc
2026-05-23,S02,K04,2026-05-13 12:00:00+08:00,0.0000000000,2125,aca1254d44dcb0724950d4e3267e712ad96a18ec9d9d376a8b244922cfb5bff8
2026-05-23,S02,K05,2026-05-13 12:00:00+08:00,0.0000000000,2126,b6d2054c846dece5306f8891319d333b28f3d8af2509130f07a27c61fc5fd153
2026-05-23,S02,K06,2026-05-13 12:00:00+08:00,0.0000000000,2127,93501118b8564562eb87fa05bb0612f73ba9deaa4a79c51a091e11e7e7b1763c
2026-05-23,S02,K07,2026-05-13 12:00:00+08:00,0.1200000000,2128,3b0feefe99fecbda7aa2261b1b5e9080abc85608eb80949e4451dbd6d3f3842e
2026-05-23,S02,K08,2026-05-13 12:00:00+08:00,0.0000000000,2129,a9a563b289393514875e560e36627e0da2ce1b968ad2cc07b706cfd8b5db3316
2026-05-23,S03,K01,2026-05-13 12:00:00+08:00,0.1200000000,2130,d82b10a826c800154f2ec19bd46880d5e2d4167e5a8de150ec0ecdaad9b1bac6
2026-05-23,S03,K02,2026-05-13 12:00:00+08:00,0.0000000000,2131,23c63726a74dcd64f32a5402b4e52e87aa9509c538a18c7d7b146de9066a919e
2026-05-23,S03,K03,2026-05-13 12:00:00+08:00,0.0000000000,2132,9679c71d544f3ccbd008b84939a768695642733469d4a7e01176b435b5dc75eb
2026-05-23,S03,K04,2026-05-13 12:00:00+08:00,0.0000000000,2133,183097bcd88f61609745310552c4ab217f746e973411aa3c50895d3f63bc404e
2026-05-23,S03,K05,2026-05-13 12:00:00+08:00,0.0000000000,2134,e146995dd47f7a8dd98c0ed40e0c0bdbe893f3d95c33e3cc28196155c9a449ff
2026-05-23,S03,K06,2026-05-13 12:00:00+08:00,0.1200000000,2135,80dc1d3903c0513b03decc0aedafbf459cff2cb164e2fc71f56691782069b6c1
2026-05-23,S03,K07,2026-05-13 12:00:00+08:00,0.0000000000,2136,65cbe2d78a2ed8cd7bd7dc0c3b256c11052e52f005a1245b5ab6a0c3285b4db3
2026-05-23,S03,K08,2026-05-13 12:00:00+08:00,0.0000000000,2137,b49dd178c466fbf86e9c069c98016565561d4f62edfac6600b1ad3176d3b1016
2026-05-23,S04,K01,2026-05-13 12:00:00+08:00,0.0000000000,2138,79ba56755ae156fce518139905ec4558aeaeaab98c9d011ec2e08557932309f6
2026-05-23,S04,K02,2026-05-13 12:00:00+08:00,0.0000000000,2139,9407a69b253464ad44b44164159254221bd708e5d5cdefa9822a66de2421259e
2026-05-23,S04,K03,2026-05-13 12:00:00+08:00,0.0000000000,2140,6bbef9eb01ae44d0508a77f908e9c5ccfeeaaceeb54589e1acb4afe5d8043e3c
2026-05-23,S04,K04,2026-05-13 12:00:00+08:00,0.0000000000,2141,3c3dfbdd5c5b0ea32af8e62dac332a119ee418d4ef19276b1be5c3353018f4f8
2026-05-23,S04,K05,2026-05-13 12:00:00+08:00,0.0000000000,2142,04e93862b051d2516e261d21f173b6ef075ba3b8e7c3b15ca5e59ef81648235d
2026-05-23,S04,K06,2026-05-13 12:00:00+08:00,0.1200000000,2143,1d1dd81844c0b39f00c944c23599e3b5a1309f383d94dd7b82fb81a3501ecd05
2026-05-23,S04,K07,2026-05-13 12:00:00+08:00,0.0000000000,2144,2bbb019794bd8a0fc3fd41d3ba81fe1031b5cec7a3c1c5816e7603d4f97eecf8
2026-05-23,S04,K08,2026-05-13 12:00:00+08:00,0.0000000000,2145,534c2f1f028d962bd5a53d3e2a5539e43789ef7d4f1391bd2ec6cc4d50e0fec4
2026-05-23,S05,K01,2026-05-13 12:00:00+08:00,0.0000000000,2146,ef146d94f1a53ffaa6319781e172cd861246771049b51f75ef469a8696fe2d1d
2026-05-23,S05,K02,2026-05-13 12:00:00+08:00,0.0000000000,2147,221d8ad9d3b7af5ef664b7560ed4318fabb4a3d694801baa403a95142408fe5c
2026-05-23,S05,K03,2026-05-13 12:00:00+08:00,0.0000000000,2148,2505fbf3c6387f1f7638160d122f5463fa606766260ea6deca1ec96bb90ca5e0
2026-05-23,S05,K04,2026-05-13 12:00:00+08:00,0.0000000000,2149,d55e487c0bafbf117d9b20baf53c6fcf0ce3d6fa70b7c4bee757e78e60713bd1
2026-05-23,S05,K05,2026-05-13 12:00:00+08:00,0.0000000000,2150,2c92f3413233fe30231b537222d4b72752bca0a81fc97bf73604552423ed8572
2026-05-23,S05,K06,2026-05-13 12:00:00+08:00,0.1200000000,2151,c63b357d781abe9bba7c8240230fd5c43997642b89f7d021af242505b74226ce
2026-05-23,S05,K07,2026-05-13 12:00:00+08:00,0.0000000000,2152,e6abef98ab8414bc57ab3033b8c2f55278a52410e36ce161517fd4b4a9f182c9
2026-05-23,S05,K08,2026-05-13 12:00:00+08:00,0.0000000000,2153,6d9dfb7d1e6acf31055aaae2f931cbe53a431dc1d335b7063b9078024bceedbc
2026-05-23,S06,K01,2026-05-13 12:00:00+08:00,0.0000000000,2154,ef647043f9b205f997417bf41129b700d05138db4d4542833b4fb038cb298e7f
2026-05-23,S06,K02,2026-05-13 12:00:00+08:00,0.0000000000,2155,b945775b0e8f4a360cf3882edde83ea97b9a0ba7bdb69913955c7c0c712c4e5f
2026-05-23,S06,K03,2026-05-13 12:00:00+08:00,0.0000000000,2156,96fd7761ebbe429d9d6337391fea84a7b6e5dcff6f33ea1d79419ff20fb9c314
2026-05-23,S06,K04,2026-05-13 12:00:00+08:00,0.0000000000,2157,d090a86a680628d1eca67bc9094bcf69fd261c43d69e67d23ebb1a92ef6c3e0b
2026-05-23,S06,K05,2026-05-13 12:00:00+08:00,0.1200000000,2158,f99d8afccb929810028446769b8c9be9e2d98371d4bfc5acd0ebcf0fc6d26ec0
2026-05-23,S06,K06,2026-05-13 12:00:00+08:00,0.0000000000,2159,cb3295d818e430614bfb6c832ce864c4141878a0d92071e66c467fc207c68c93
2026-05-23,S06,K07,2026-05-13 12:00:00+08:00,0.0000000000,2160,4c5641902934f35af7a02c12fce35d6123c5e016a38ee147a78d05d708b26f0c
2026-05-23,S06,K08,2026-05-13 12:00:00+08:00,0.0000000000,2161,c8ea9a37f253801d4c41ac1989a6f5960d39ab0793ea6fad5c9848f6be464f0e
2026-05-23,S07,K01,2026-05-13 12:00:00+08:00,0.0000000000,2162,c44844685dba09ff14d4dd2160f86f767bbe1240fb53cb217e2aeda6d54c5cbd
2026-05-23,S07,K02,2026-05-13 12:00:00+08:00,0.0000000000,2163,5f83d2d1176249cbc4f01e5c476bd4190aac7bf4d0166abc6b4ebe42df1f5850
2026-05-23,S07,K03,2026-05-13 12:00:00+08:00,0.0000000000,2164,6b15741d49316641efbc910c082e1008b801f57724e6cd677a3a2105e831a051
2026-05-23,S07,K04,2026-05-13 12:00:00+08:00,0.0000000000,2165,67f24ca499729dde0ecdc8d10db44ef86ac3b8a164bd5387fe6459d46e7104f5
2026-05-23,S07,K05,2026-05-13 12:00:00+08:00,0.1200000000,2166,cfee8ae64f089c6c971f2dbc62e864445b509271a3a22770a257cec2255f4432
2026-05-23,S07,K06,2026-05-13 12:00:00+08:00,0.0000000000,2167,eb0cc5ebdcc3ebbee3e0e289016f898eb86d72ab8e0277057016cc435a6e7ced
2026-05-23,S07,K07,2026-05-13 12:00:00+08:00,0.0000000000,2168,59f6d0577b9b166e54eb79508fc425c3349b92d5254d99b858d911034e8c6c4b
2026-05-23,S07,K08,2026-05-13 12:00:00+08:00,0.0000000000,2169,11e7a5b8f8697ce355f920b456e0110321c820eaf407f0c40ffe37319c6521d4
2026-05-23,S08,K01,2026-05-13 12:00:00+08:00,0.0000000000,2170,672ca980c7d40c455ade169dd17c818ed3d95d30bf4c0494febe38c8ef32b136
2026-05-23,S08,K02,2026-05-13 12:00:00+08:00,0.0000000000,2171,81755e30f5a7b84846a8365ccee8e0ee0c44a7069e143a78c46e3b41226d8ab0
2026-05-23,S08,K03,2026-05-13 12:00:00+08:00,0.0000000000,2172,9b706daaf46c35a982323d570bfc29f0c50072023148030a2a99165a739186ba
2026-05-23,S08,K04,2026-05-13 12:00:00+08:00,0.1200000000,2173,9972d083e84872f4eb527bd450236230e94edefda94976c2d8c109dc3474f816
2026-05-23,S08,K05,2026-05-13 12:00:00+08:00,0.0000000000,2174,7d1a5322d9f6ea487e024825f41839e0d227df73cf04ec22e82bcd251c1d5829
2026-05-23,S08,K06,2026-05-13 12:00:00+08:00,0.0000000000,2175,983dd7fa17d622e891c1ef99167c12767ab7d2b72c33b77d40f6a6643cf4d060
2026-05-23,S08,K07,2026-05-13 12:00:00+08:00,0.0000000000,2176,520876b553d86f14567101979721b0d0bd6830e5df8c3137ede915173fc39c2d
2026-05-23,S08,K08,2026-05-13 12:00:00+08:00,0.0000000000,2177,be20a8a15c283228047e12a038280104f0f82c6fa3606c7d92d153792e370f34
2026-05-23,S09,K01,2026-05-13 12:00:00+08:00,0.0000000000,2178,9a87646350f0e6ee68c158ef52b9d0699b52c2d4808b08fcf0aafe45da6fdcd7
2026-05-23,S09,K02,2026-05-13 12:00:00+08:00,0.0000000000,2179,abc7427670b1b36f96f80d8b2467018d6db0f880b40fa06832d5417342bf8fbd
2026-05-23,S09,K03,2026-05-13 12:00:00+08:00,0.0000000000,2180,f38cbfd2800206b184a7de98ca3c93101fb0e7b4c5819566d2f8bdeacacb7319
2026-05-23,S09,K04,2026-05-13 12:00:00+08:00,0.1200000000,2181,2f1e2dd90d849b01256629578ea9ea59826dc7bc3b3a5158c3c41b426f57eb4a
2026-05-23,S09,K05,2026-05-13 12:00:00+08:00,0.0000000000,2182,42870bb6a907d1ebf085fe2f193a62a8bb49383e0582c7395b0e0a0b5f01bbe1
2026-05-23,S09,K06,2026-05-13 12:00:00+08:00,0.0000000000,2183,c4d427c10dec3d08f29de912fd6783143e79c100d2dbd89c358fbba98b33790d
2026-05-23,S09,K07,2026-05-13 12:00:00+08:00,0.0000000000,2184,1e8628d3224261654bb3edd7f9392ef0d30cc984dc0680e1c8bff30786173775
2026-05-23,S09,K08,2026-05-13 12:00:00+08:00,0.0000000000,2185,9b4790f2d74f1b0a16ad8fb9c37d032fa2393548e8f7c8e0ed6b8a772ebeee35
2026-05-23,S10,K01,2026-05-13 12:00:00+08:00,0.0000000000,2186,1708177e343919130d51f604f516bad98f22d4df2f4302294c887ef1e8a15c60
2026-05-23,S10,K02,2026-05-13 12:00:00+08:00,0.0000000000,2187,83f6c27f31ac3ef9a48cecea0b23fb460dac02829389bcc5f521c9db20414c43
2026-05-23,S10,K03,2026-05-13 12:00:00+08:00,0.0000000000,2188,1b52591383ab204349e71c4a2e33af5e7a383e30d252bf2b5e9c1cc9aed46f3f
2026-05-23,S10,K04,2026-05-13 12:00:00+08:00,0.1200000000,2189,f01ab2c3c34b2bce8da0ac161542647e65b6b09fcd435285295e851299779503
2026-05-23,S10,K05,2026-05-13 12:00:00+08:00,0.0000000000,2190,4607a84410a056535183a414933188126201291ecfbe8c41fcc61361af48093f
2026-05-23,S10,K06,2026-05-13 12:00:00+08:00,0.0000000000,2191,5a0b742e9528c697e25ba6596dfc571d1200d5ec0c35b7f26d55f22af3adc527
2026-05-23,S10,K07,2026-05-13 12:00:00+08:00,0.0000000000,2192,e8926cc3e72dcbab2875b7c920f166fd12c85beb3f336f0b2e41ac9ccebf7f3a
2026-05-23,S10,K08,2026-05-13 12:00:00+08:00,0.0000000000,2193,35ab4908218ee329ed92fc648b2e4efe3c7d83ef8cf8502bcd99f79611bb0f5c
2026-05-23,S11,K01,2026-05-13 12:00:00+08:00,0.0000000000,2194,70e23f52edfb13623f3e66b6ae4bf2e3f0773370059103a225982ed52f256fd5
2026-05-23,S11,K02,2026-05-13 12:00:00+08:00,0.0000000000,2195,9d9cc666623098f4f04345a6dc2c8acf83e79d370b5df5ab041218ab87238f49
2026-05-23,S11,K03,2026-05-13 12:00:00+08:00,0.1200000000,2196,6cff492e127159edee919239228ddd333577c1088d9f880b412b9e71b4e5b79d
2026-05-23,S11,K04,2026-05-13 12:00:00+08:00,0.0000000000,2197,537eb0e6a89d94fe21ca9298c53b5505071662f2c89841c77c3f59a536121780
2026-05-23,S11,K05,2026-05-13 12:00:00+08:00,0.0000000000,2198,e7da021bc619b3779af779bd480e06b4364b67e1702e0f4ad88ed1093bb0830f
2026-05-23,S11,K06,2026-05-13 12:00:00+08:00,0.0000000000,2199,7922efe0f5e1439cbc7f1219094e49a05231d0ce40af1b2774e776b31f7fb861
2026-05-23,S11,K07,2026-05-13 12:00:00+08:00,0.0000000000,2200,96b5e9ace0855a7a52d8392c66dfb218fa4890605418ac1c3eb971cf36c74c4b
2026-05-23,S11,K08,2026-05-13 12:00:00+08:00,0.0000000000,2201,ac06b0b4e8c07fb0ca0778ab70100d060d23999b0d3980e56b243864bb4630e3
2026-05-23,S12,K01,2026-05-13 12:00:00+08:00,0.0000000000,2202,37221d5834703a30a41789044430cd4054bad6fc62ef394f83ee4baf5d6f0c8c
2026-05-23,S12,K02,2026-05-13 12:00:00+08:00,0.0000000000,2203,a066993d4e064091493d8aa87f7fafe733d7d49903cf75f1498ced3e1ddde346
2026-05-23,S12,K03,2026-05-13 12:00:00+08:00,0.1200000000,2204,f611cd7c14c2ce2ed12b1f663d1324613d7a50372d605c7b579d0a3e246f8351
2026-05-23,S12,K04,2026-05-13 12:00:00+08:00,0.0000000000,2205,415e7cd620b491a7e5301148dd0d3c87377adf881d08c5a9b0b32e97750dc7e8
2026-05-23,S12,K05,2026-05-13 12:00:00+08:00,0.0000000000,2206,5aa826e29336812d4e8497c2f161e3104e153d96b050eaf44620ff7363287976
2026-05-23,S12,K06,2026-05-13 12:00:00+08:00,0.0000000000,2207,9d8baaa8351b633991bfb3525e6edb09cd829c1e5882cdb72d41ed77039892e3
2026-05-23,S12,K07,2026-05-13 12:00:00+08:00,0.0000000000,2208,3edaba0b09928533b281f2023c4c1946ed75dad309c399befe500ea7645437c0
2026-05-23,S12,K08,2026-05-13 12:00:00+08:00,0.0000000000,2209,916973a219d1d7efc69203f1693a25c8558a698536a43df71a6ccb38a3c9ebb4
2026-05-24,S01,K01,2026-05-14 12:00:00+08:00,0.1200000000,2210,e06b13af22622a9e526b46691c163de86dc8a25791102c65f20ea31219853d97
2026-05-24,S01,K02,2026-05-14 12:00:00+08:00,0.0000000000,2211,66936bf75c61e24bf80559430be5fabab091e9719d059b1a2d36c845c5875dc1
2026-05-24,S01,K03,2026-05-14 12:00:00+08:00,0.0000000000,2212,c2ae21b90f17cc9b51c63b08cf13604dea6a2260b573ff19dce9de5ab5865b73
2026-05-24,S01,K04,2026-05-14 12:00:00+08:00,0.0000000000,2213,04451a80349a2791bde3a20478bef4ef9824e117e8c96d8b33854a436fb043c6
2026-05-24,S01,K05,2026-05-14 12:00:00+08:00,0.0000000000,2214,88fa6967937ff007c2cacab8f49a8841c0e128fb09f4534893be533a23a8e744
2026-05-24,S01,K06,2026-05-14 12:00:00+08:00,0.0000000000,2215,6a9838f7a90788ec25af13d898b127aa0e5768186f23155c89a2b461fbb4e68e
2026-05-24,S01,K07,2026-05-14 12:00:00+08:00,0.1200000000,2216,76bece0eb2d63becd73aa7f49fb22e607b0d89f8807a5e48e93c5883288eb68e
2026-05-24,S01,K08,2026-05-14 12:00:00+08:00,0.0000000000,2217,c3160589a21adee469bd7807aa16ffd29fc5fe61911d576c57bb27c529b8ac75
2026-05-24,S02,K01,2026-05-14 12:00:00+08:00,0.1200000000,2218,dfb029f01cbb3505e432445cd1c2c00468e5ad6d7e2d7d9b55bc946ea31f609c
2026-05-24,S02,K02,2026-05-14 12:00:00+08:00,0.0000000000,2219,c56af1c7ba3e0b98e9d8137751b050f247bda1971720b8fe58463f5cb049ad5c
2026-05-24,S02,K03,2026-05-14 12:00:00+08:00,0.0000000000,2220,5298167ec27d3b02a7e9a466b1055fbbc3c6fb8801aac7d0af505faa9007fc05
2026-05-24,S02,K04,2026-05-14 12:00:00+08:00,0.0000000000,2221,866420cd1675539d2d3779fdb5aac9141ed2de7f6fae45de9d1d66ca874b97cf
2026-05-24,S02,K05,2026-05-14 12:00:00+08:00,0.0000000000,2222,cd6c43bc620c59a066c320542b02ef7cdb3812766d92f0a5f7ee07b97b8f5ecf
2026-05-24,S02,K06,2026-05-14 12:00:00+08:00,0.0000000000,2223,49c0930db9eac2788332855025e52c30a53015b1d423f1ad1990d6fe269969eb
2026-05-24,S02,K07,2026-05-14 12:00:00+08:00,0.1200000000,2224,cdd130a687f5b6d4905c4787b0ddbfe7d588b6f1c218767e4a30683b1b3c25da
2026-05-24,S02,K08,2026-05-14 12:00:00+08:00,0.0000000000,2225,83beb6431dae2d8a350a301cd36083462b8bf9ba5e2ea2b9b8721699c5d5fe53
2026-05-24,S03,K01,2026-05-14 12:00:00+08:00,0.0000000000,2226,5312579bb28977bd4b4fb0a45f17437e43604c2b074199b3d8903d153c0ce4c0
2026-05-24,S03,K02,2026-05-14 12:00:00+08:00,0.0000000000,2227,9fbf6449d22cb7502d14e68b79fc6555c37da03eea363972893385565a847606
2026-05-24,S03,K03,2026-05-14 12:00:00+08:00,0.0000000000,2228,5895e05d8ed4121e566b518601ac8b114e3a1019a5c1f249ba6d7da59052efec
2026-05-24,S03,K04,2026-05-14 12:00:00+08:00,0.0000000000,2229,7e0e4ff0822ab5ffe719c5f5cb47ea20b44437ca87400a8843a36da51ebd4f26
2026-05-24,S03,K05,2026-05-14 12:00:00+08:00,0.0000000000,2230,0aa74f1c9876115346300ec0c77823d34e08e90a75c2811fbd8cd27c9c620a1a
2026-05-24,S03,K06,2026-05-14 12:00:00+08:00,0.1200000000,2231,3b16106412ade579ad1880de703e4e6144c17360f5a79222e58b205a429f6b2f
2026-05-24,S03,K07,2026-05-14 12:00:00+08:00,0.0000000000,2232,f55bbc18bcbacf8c175fe4fcdac03d1440e0e9f5657e0492607d564eada71276
2026-05-24,S03,K08,2026-05-14 12:00:00+08:00,0.0000000000,2233,3399e5a43fde9e2900bda83590e755228239cf1d34e2141c2cbe4f4798ba8f00
2026-05-24,S04,K01,2026-05-14 12:00:00+08:00,0.0000000000,2234,b62fb1f4da1544659d397822bf99334f21091300da855bba54b28de451305e46
2026-05-24,S04,K02,2026-05-14 12:00:00+08:00,0.0000000000,2235,714731aabcd85fd60f9fef400aa7ecc16faa385a29804abe5b62d7ba1e6c16a3
2026-05-24,S04,K03,2026-05-14 12:00:00+08:00,0.0000000000,2236,9a5f87b7d54d06f7e5940773d23b4d875e969da1472143c9679c27154478e332
2026-05-24,S04,K04,2026-05-14 12:00:00+08:00,0.0000000000,2237,666b4e2ea5e228b00cf8853952561af213ca50b590486cd39c01979e0e59adfa
2026-05-24,S04,K05,2026-05-14 12:00:00+08:00,0.0000000000,2238,cd38b0706c8e0b0217a8399acb23f01b83cf53da23f49433b1e67567f1772da3
2026-05-24,S04,K06,2026-05-14 12:00:00+08:00,0.1200000000,2239,d4f3ce91a07cabb421cae680b7e8929999bdbbd459863d0579181a85b05a188c
2026-05-24,S04,K07,2026-05-14 12:00:00+08:00,0.0000000000,2240,8398135abf52bfcc7450834fe508067f1f8180f8a5f0c005f061bc1ba610621d
2026-05-24,S04,K08,2026-05-14 12:00:00+08:00,0.0000000000,2241,fae54a0b57e009c415817295d1e1a980a15f7fdb361b1edd697dafc5e13d1873
2026-05-24,S05,K01,2026-05-14 12:00:00+08:00,0.0000000000,2242,f284a75b2e8181fc97084228f712e330a04a90643bd98650ed4740b15b2e8e10
2026-05-24,S05,K02,2026-05-14 12:00:00+08:00,0.0000000000,2243,46948ad9d9cf66d24af1b81b872ed1b5d9300e7da6868933d34f4aff49b9222e
2026-05-24,S05,K03,2026-05-14 12:00:00+08:00,0.0000000000,2244,224d232ed830c80cb6e3ded2f450404c7cb691c12329257c2883d4cc8d892f6c
2026-05-24,S05,K04,2026-05-14 12:00:00+08:00,0.0000000000,2245,645aa4cfdcae9b52827fc39b9b0697941c86fa3effa79eb4f5a03994cc0c372e
2026-05-24,S05,K05,2026-05-14 12:00:00+08:00,0.1200000000,2246,a37076ea0689feb087bf2564c22c9ca72e46396a418596db54af01ccc001bd97
2026-05-24,S05,K06,2026-05-14 12:00:00+08:00,0.0000000000,2247,99a0b38987b0aa147a3879f949839ef1214fb40cc170e5fcb2e7c13cfcb5a93f
2026-05-24,S05,K07,2026-05-14 12:00:00+08:00,0.0000000000,2248,0f99f4e3c47105de50ec7e231114bc78dea75cd0e38df8688a5c0ebcc9fa2bea
2026-05-24,S05,K08,2026-05-14 12:00:00+08:00,0.0000000000,2249,c1467787827e012897172c71b269f04e49a3c07226d8f536e441415bcdfc9ede
2026-05-24,S06,K01,2026-05-14 12:00:00+08:00,0.0000000000,2250,3e5eba7fff7e9311e801dfc997fe7d65ea7848ade465db84627cb0c5ebc3cf5b
2026-05-24,S06,K02,2026-05-14 12:00:00+08:00,0.0000000000,2251,ecf759b486f2325b41ad251f64c2c755f8d9fa335a15b50518e0719132571d90
2026-05-24,S06,K03,2026-05-14 12:00:00+08:00,0.0000000000,2252,49ba451d21fb3c3d76fcec03e9ea8ffd452e5907d2495b3f8cac66b7d8407dde
2026-05-24,S06,K04,2026-05-14 12:00:00+08:00,0.0000000000,2253,f30a78f456d76c6aae56afb28915150f79154396576174f59b1f998d3f6bba3d
2026-05-24,S06,K05,2026-05-14 12:00:00+08:00,0.1200000000,2254,4130f7143902f9e7b8ed5b85ffa8553a85758cfa0c0cf01e40220a5c26cb84ab
2026-05-24,S06,K06,2026-05-14 12:00:00+08:00,0.0000000000,2255,93a6279fccb88593315553c816c99a9d04c85d30aa50e096f11c89d9b1987ab8
2026-05-24,S06,K07,2026-05-14 12:00:00+08:00,0.0000000000,2256,3843ea680b54c12725f16cabf0315636137032dad13317e3d35c3ef6366c55c7
2026-05-24,S06,K08,2026-05-14 12:00:00+08:00,0.0000000000,2257,a5108511d4a0934806258b6b34deb23eaf68eca894008937b77a0baccefa606f
2026-05-24,S07,K01,2026-05-14 12:00:00+08:00,0.0000000000,2258,7e2d42fca2c705be5debcce0988051e5cd959d5505d5b3c5466ca2352b3a5576
2026-05-24,S07,K02,2026-05-14 12:00:00+08:00,0.0000000000,2259,7bd5598d97313dd509aa0168359e1017890aeba0f429cba607dede6f269de44f
2026-05-24,S07,K03,2026-05-14 12:00:00+08:00,0.0000000000,2260,88bbba46f3f9395713d8c6797677d4d87c3938966a4c5d649691a9704f1bdb8c
2026-05-24,S07,K04,2026-05-14 12:00:00+08:00,0.0000000000,2261,e524d5cbe03f2a727a4beff26df01394da91ec980997673ab1d7fc37ecc77e9c
2026-05-24,S07,K05,2026-05-14 12:00:00+08:00,0.1200000000,2262,7c1a7ea2b52c97517da5ea1c32a30f17aebb39d93afd31a43d0882fc7742cd1c
2026-05-24,S07,K06,2026-05-14 12:00:00+08:00,0.0000000000,2263,58193bbff65deefb6dcf5bd2bb4e991546dcbdbea92eaa11aa875a5129db1c8d
2026-05-24,S07,K07,2026-05-14 12:00:00+08:00,0.0000000000,2264,5d3ceca9249093d1685190439cd15c73f18a29b2c6f5e08b439e01aa903118d4
2026-05-24,S07,K08,2026-05-14 12:00:00+08:00,0.0000000000,2265,1f71ebcb3594e6a636049e49e9e751faa71386411bb43ff68b6f3daa219930b7
2026-05-24,S08,K01,2026-05-14 12:00:00+08:00,0.0000000000,2266,6b5a82f57bdc40a2393d68a215bae153af41769f04ffeae1a1aa9d070ada8eb7
2026-05-24,S08,K02,2026-05-14 12:00:00+08:00,0.0000000000,2267,251fed4058a1c2288ff2eed0d683cde59a5e5819066f9c271eaeb502fe08a279
2026-05-24,S08,K03,2026-05-14 12:00:00+08:00,0.0000000000,2268,103af1442242768c6b83c737e8d112ad5969e3e6da74ea02b8bc6767cf27b432
2026-05-24,S08,K04,2026-05-14 12:00:00+08:00,0.1200000000,2269,4a2a5db3e08ae9e42bde5a3ffe2132aefb36d7fcdb73d3556143c22e97e8f7d5
2026-05-24,S08,K05,2026-05-14 12:00:00+08:00,0.0000000000,2270,0e77f89f10d72a4c9bd080fbd50cc97fb3e8ea1d5bcfca0e1dcd5439adb8c58b
2026-05-24,S08,K06,2026-05-14 12:00:00+08:00,0.0000000000,2271,c16d12df88ee372803b089595fbb58a2bbc652eecd731afad9465e852255ded2
2026-05-24,S08,K07,2026-05-14 12:00:00+08:00,0.0000000000,2272,beb451a2a1825dfcc239473034b57e76d593efc1166df3f0ac71ef41fceab500
2026-05-24,S08,K08,2026-05-14 12:00:00+08:00,0.0000000000,2273,382ff9e9528dd20020029dbe5e9505b3c4761e45f57ed81da8bf5219bd75cebc
2026-05-24,S09,K01,2026-05-14 12:00:00+08:00,0.0000000000,2274,0c2e90162741c5817a423a56a551ca9ba61f2a8e33c46830a1ca6865bfeebed5
2026-05-24,S09,K02,2026-05-14 12:00:00+08:00,0.0000000000,2275,46e1899c9b557e973d9c0fe7951b3edb1a0897686ae1592b43b2d5766d79f422
2026-05-24,S09,K03,2026-05-14 12:00:00+08:00,0.0000000000,2276,6d6ae4db36c9c7fffd4770e9661b71372505fe1d0f7928cbab0fc877c36f662c
2026-05-24,S09,K04,2026-05-14 12:00:00+08:00,0.1200000000,2277,2c08726fe3d61ffc08eeba8ffd2f692fc10ff76e95d206d16b2b5cae4e7ec429
2026-05-24,S09,K05,2026-05-14 12:00:00+08:00,0.0000000000,2278,3c2255ddbe7aa961231ccab106660bf98ae42f2c21bdbf9d41b006dc5f1082f4
2026-05-24,S09,K06,2026-05-14 12:00:00+08:00,0.0000000000,2279,b8206eca659ed23e98b5615f4df54bd03451f974c5012009dfe6e272c2ff1d88
2026-05-24,S09,K07,2026-05-14 12:00:00+08:00,0.0000000000,2280,3ca242266166b66af09c632f4f3f54716f0374706d9dc40bc7de5e6761c930e4
2026-05-24,S09,K08,2026-05-14 12:00:00+08:00,0.0000000000,2281,08a8620e64408d000ab83462714565b2a1199cae7dea06430877418bf2ef3dd0
2026-05-24,S10,K01,2026-05-14 12:00:00+08:00,0.0000000000,2282,cf3857c7ec89ad77c08b1ad11ac508dd04bff04ca1510531a451c9247fa8f04d
2026-05-24,S10,K02,2026-05-14 12:00:00+08:00,0.0000000000,2283,b37fff9bcfddf4891119571b29c399aa13a15bd3912aaf083ef716ed85a291e9
2026-05-24,S10,K03,2026-05-14 12:00:00+08:00,0.1200000000,2284,48cc00c88321b6ed16af346897bc027472cd53d25e040c687cd9f3f788a5071c
2026-05-24,S10,K04,2026-05-14 12:00:00+08:00,0.0000000000,2285,5f05ebdafa32c750719ef6462f9d3b2637551003e48b259ae76acdd8b8a70a54
2026-05-24,S10,K05,2026-05-14 12:00:00+08:00,0.0000000000,2286,675af84ce448c3dda409fa97ba3ffb406e8007abf7cf7e636db030cdf3d2e415
2026-05-24,S10,K06,2026-05-14 12:00:00+08:00,0.0000000000,2287,946836b770d41b7025ca7398b0381ff1be9fd462b7daa104cf49d35b780f027d
2026-05-24,S10,K07,2026-05-14 12:00:00+08:00,0.0000000000,2288,1d223ad27e5ba8916ee219b0be65b2253558f9f3dbe613e8109959aa6cbfead2
2026-05-24,S10,K08,2026-05-14 12:00:00+08:00,0.0000000000,2289,5e62d17bb406b31efeaf5e35a47abeba09aa1e8e18bb66fc4dad57d1a58c1578
2026-05-24,S11,K01,2026-05-14 12:00:00+08:00,0.0000000000,2290,cf022f33c7b1fe9064406955159b5702fa42537b6dc778da2ba577de48ab8777
2026-05-24,S11,K02,2026-05-14 12:00:00+08:00,0.0000000000,2291,d0a4e18c280290aceffa291113f6f17f704cf64903491361960c595d0398328f
2026-05-24,S11,K03,2026-05-14 12:00:00+08:00,0.1200000000,2292,f56443e99860594a61d903e97e8e3876b608a5a62fa895e51e62be139e8a70e1
2026-05-24,S11,K04,2026-05-14 12:00:00+08:00,0.0000000000,2293,8ec064e902bcf2ca6fc481a185d2b55b8234b977293e036f02df0df308b67c86
2026-05-24,S11,K05,2026-05-14 12:00:00+08:00,0.0000000000,2294,33fee8820745683f655ca65cfaf67f7eb7d7b681fd41b8a425b471856c1bbb29
2026-05-24,S11,K06,2026-05-14 12:00:00+08:00,0.0000000000,2295,fa1e84d3a92ac67ec23b9bfdecb6306795b3e2f6be774d9c17d62f4f2951a563
2026-05-24,S11,K07,2026-05-14 12:00:00+08:00,0.0000000000,2296,9d3c684b1b005bc9c97fecd963b3d98f6c31e860fadf73d6ba3e28972caa09c2
2026-05-24,S11,K08,2026-05-14 12:00:00+08:00,0.0000000000,2297,484afb54bc9e27f85bea5cc5029b8f021d2235d336e506c4f1fb6535a5709ba7
2026-05-24,S12,K01,2026-05-14 12:00:00+08:00,0.0000000000,2298,3bf6b4cb644bf73604b24dbdb66e9d5b8cae853ccc168db017466f5b68316f4e
2026-05-24,S12,K02,2026-05-14 12:00:00+08:00,0.0000000000,2299,6695d47d5b81bc8b61de60f1044d79a67ad2f022c2febb5e18d109f44f2c960e
2026-05-24,S12,K03,2026-05-14 12:00:00+08:00,0.1200000000,2300,a5787bc9f94352b3000318ac68a2ecc223675232a74a2bf6e0408afd5a2dc51c
2026-05-24,S12,K04,2026-05-14 12:00:00+08:00,0.0000000000,2301,5865c52c799e98d5e7d97f5b2eaff5fc7eadf5501f4eed3ab1e20ecc2d9d008b
2026-05-24,S12,K05,2026-05-14 12:00:00+08:00,0.0000000000,2302,edf0423a0306baa99b53e57f69bc5c3c07f18951adaa694d49f0df46c15ef35b
2026-05-24,S12,K06,2026-05-14 12:00:00+08:00,0.0000000000,2303,8aafe4153787290170d74f3205dff4ce7bff2e6a86f54c77a5d4b6b77d6e376c
2026-05-24,S12,K07,2026-05-14 12:00:00+08:00,0.0000000000,2304,01c2c3cfd642c7516aa2a609e8acd77e68a24404c5c1997b34371742c324ee38
2026-05-24,S12,K08,2026-05-14 12:00:00+08:00,0.1200000000,2305,80ee015cfbf4aedc5f0e3cc3a6e39d0219ecb322fdb6eeb8713fac91d3935342
2026-05-25,S01,K01,2026-05-15 12:00:00+08:00,0.1200000000,2306,7b2eb4f976557ba0113ecd0da987f87e25adcba63fb312f816f93ecd1bc98959
2026-05-25,S01,K02,2026-05-15 12:00:00+08:00,0.0000000000,2307,7b0fae0c42b8534143d40ba13c99880e435ec7bbbfec67f959ad39ef160b0c3b
2026-05-25,S01,K03,2026-05-15 12:00:00+08:00,0.0000000000,2308,a03b70b4149f84d258c3bef4c7a09fd62f9a6b77658345d77ac01eb287aeedbb
2026-05-25,S01,K04,2026-05-15 12:00:00+08:00,0.0000000000,2309,5cafb6a7396abeaec189a872c2abf1817196c77a3e4c2cd566fe43efd6a02091
2026-05-25,S01,K05,2026-05-15 12:00:00+08:00,0.0000000000,2310,431a0bad1b640277f9d90bc2ff90bcf81c5fcb3f700aaaa5b7b4ef78a5261447
2026-05-25,S01,K06,2026-05-15 12:00:00+08:00,0.0000000000,2311,f75f37b873bb37aee7f2cdf1d5711578bcc00c39b83867168b4784046d84d370
2026-05-25,S01,K07,2026-05-15 12:00:00+08:00,0.1200000000,2312,ad4494c477afdbe453374d6b1e59f9d1f624ea92967609e07bf2618ddb825b72
2026-05-25,S01,K08,2026-05-15 12:00:00+08:00,0.0000000000,2313,f7b955073cb9a8422d0332d55e9f37d21c48a26a1283d6f97f4ec709a890f769
2026-05-25,S02,K01,2026-05-15 12:00:00+08:00,0.1200000000,2314,55280cc4e8e2ea48222cab0a857ff5936a3a3195a1005f6bb3f04ce4d6f314c8
2026-05-25,S02,K02,2026-05-15 12:00:00+08:00,0.0000000000,2315,2c8ff08c525fcf5486ef5376607d527ec4590c41896df4ccc4e6d524a7c8372b
2026-05-25,S02,K03,2026-05-15 12:00:00+08:00,0.0000000000,2316,3052a84fdd0a4336f149a827d5687f75e2dbb7b697556d30e1e0df654d493faa
2026-05-25,S02,K04,2026-05-15 12:00:00+08:00,0.0000000000,2317,27789d25c9c1a96ab181463867dad7314d718bbf7b0703b0b50eb9a56544e53a
2026-05-25,S02,K05,2026-05-15 12:00:00+08:00,0.0000000000,2318,e118358be52c9563439354bb4b5ad6cfbaaa4b024a473b69c85bbb0e5c9b9a6b
2026-05-25,S02,K06,2026-05-15 12:00:00+08:00,0.1200000000,2319,b8a18fb3e8fd7cc3f617cf189b2a3323dd24d6e45c126f5980fa68769700ccc1
2026-05-25,S02,K07,2026-05-15 12:00:00+08:00,0.0000000000,2320,be80d1d0dfbf8db5fe5dd419073c7837f4113c23a9d2b1a2d87110fba6ed97ff
2026-05-25,S02,K08,2026-05-15 12:00:00+08:00,0.0000000000,2321,5c6e43d1fb7af385b373e4215b81ad27b7208ac6de7d97253b4ad8e229482687
2026-05-25,S03,K01,2026-05-15 12:00:00+08:00,0.0000000000,2322,9833365b35d8ca6223ed66c20ae66f17fee4d169a71e23ed8f604bd2a24f6257
2026-05-25,S03,K02,2026-05-15 12:00:00+08:00,0.0000000000,2323,efccef39526b8bb69694f6f149355ccb3c87c251d3496c04d69a12549e9f514b
2026-05-25,S03,K03,2026-05-15 12:00:00+08:00,0.0000000000,2324,7ce4063ee995e33afe8f74ee3762896dcc163fcba4f0ad6766ab6d0a6aa69c89
2026-05-25,S03,K04,2026-05-15 12:00:00+08:00,0.0000000000,2325,5d94dd3ae229448e6bf6dd44487d317638883e13904b315766804dd3120d3663
2026-05-25,S03,K05,2026-05-15 12:00:00+08:00,0.0000000000,2326,85520619864543cb236d3b82126c1c1a3c0bbed80b2a209605ca4b6e437d0e44
2026-05-25,S03,K06,2026-05-15 12:00:00+08:00,0.1200000000,2327,0cf073b662b0c64c25acaa5f306e742beca65a7b392c98d5d4b87c28f951e7ad
2026-05-25,S03,K07,2026-05-15 12:00:00+08:00,0.0000000000,2328,3490c75d752672e8554c6ef614ffc0c3bcffc17ffff25a021cad86ea49cf380b
2026-05-25,S03,K08,2026-05-15 12:00:00+08:00,0.0000000000,2329,3f468ddc0f19351f0a2a8336051f7f971dc6be587171a4dc267e5825ec029143
2026-05-25,S04,K01,2026-05-15 12:00:00+08:00,0.0000000000,2330,a4c3b70a322d21cd8108f2b65db3b2b99ceff4783c09f8d855bfcbbd3ce22fe8
2026-05-25,S04,K02,2026-05-15 12:00:00+08:00,0.0000000000,2331,75488d1a2470366371132ce4af5d8eb7ed77a2a58f796626683c17240d71d771
2026-05-25,S04,K03,2026-05-15 12:00:00+08:00,0.0000000000,2332,78c8a4e1b0bd3ec77cb825a22d7c9c61b813f84bef287eb67a9f9fa0d0182079
2026-05-25,S04,K04,2026-05-15 12:00:00+08:00,0.0000000000,2333,ef25d2cfd4aba5822bbb199026dfc1e2f5a828f220f54067eac6b06264b712f1
2026-05-25,S04,K05,2026-05-15 12:00:00+08:00,0.0000000000,2334,c609be019454feacb4e454ea859aa50ee3796b60c03df03f9636f3ac9e4ddeee
2026-05-25,S04,K06,2026-05-15 12:00:00+08:00,0.1200000000,2335,6ab8cc6701ec751696e0da75e1e7fc06111dcfc0158cea47b2aab88839964be0
2026-05-25,S04,K07,2026-05-15 12:00:00+08:00,0.0000000000,2336,39e26c0b1ad96801dc934550eabad69a1fe6f4e01a25338b82e2a068ccdb0ceb
2026-05-25,S04,K08,2026-05-15 12:00:00+08:00,0.0000000000,2337,a1814c30806ee22d76d61b78a460db2072c9a83bd0ef7490531a8033c8696f90
2026-05-25,S05,K01,2026-05-15 12:00:00+08:00,0.0000000000,2338,ef2d723b9dfb8df02dfb30017260b690c84f43a87a7f92ddb9596e456f10a320
2026-05-25,S05,K02,2026-05-15 12:00:00+08:00,0.0000000000,2339,94666cd2535d5ad6f18fa01ce7d1a3bc7349e5cd295f1d037dae41a8ce979a1d
2026-05-25,S05,K03,2026-05-15 12:00:00+08:00,0.0000000000,2340,bf4497aa731a2dfb6fc377a15aeb10ce8370a23d8d24c7ea67f8ae2883997fc6
2026-05-25,S05,K04,2026-05-15 12:00:00+08:00,0.0000000000,2341,fcea91d5148bad6bd7231847f67795488393579f5ec92e8e37a31cdecdc632c7
2026-05-25,S05,K05,2026-05-15 12:00:00+08:00,0.1200000000,2342,40fe458f814ea865b66108ad7bd23b57893f484b0d13498f72e98e52df0a290b
2026-05-25,S05,K06,2026-05-15 12:00:00+08:00,0.0000000000,2343,665f73f2b216a38d6a147ccb779de47249885723183b365ce90bb4990b896433
2026-05-25,S05,K07,2026-05-15 12:00:00+08:00,0.0000000000,2344,581181f728338317aee8873ff6db080151d83f15dda823ca5a338a365dc97351
2026-05-25,S05,K08,2026-05-15 12:00:00+08:00,0.0000000000,2345,94f888e1308f49f944c21664fe11f24c1af0298d95ccee676f67a5d8923d8c19
2026-05-25,S06,K01,2026-05-15 12:00:00+08:00,0.0000000000,2346,63fccb00c6adcbbb91710b6b9b8da95bdbc4ce92796b4360fbdbd5d9e6e06473
2026-05-25,S06,K02,2026-05-15 12:00:00+08:00,0.0000000000,2347,69a436c1eea361b2dabf6f0c726a18da589c8509d2bca6e63205b26fe7bc0f4b
2026-05-25,S06,K03,2026-05-15 12:00:00+08:00,0.0000000000,2348,cc92bb9f0082d4edf6e1b7579b5501a846929bf01dee332958e502682d9b77f8
2026-05-25,S06,K04,2026-05-15 12:00:00+08:00,0.0000000000,2349,e9872355c9ff7cd958328721fe391333afd5e169b6cb247f51003e07097f9d9a
2026-05-25,S06,K05,2026-05-15 12:00:00+08:00,0.1200000000,2350,c4d4479beaa97f6ca10f79114b9c1c425992589144433a7cf28bb69789b9b403
2026-05-25,S06,K06,2026-05-15 12:00:00+08:00,0.0000000000,2351,8b1143dfe36fa69aedda9173d9b2f1a4d8b6faffca95c1c7292c71be9a0b9b7c
2026-05-25,S06,K07,2026-05-15 12:00:00+08:00,0.0000000000,2352,1e6c8c9b566e5e6ee4135db6e503c3812366be952b1f46223065e5b1927d0ebc
2026-05-25,S06,K08,2026-05-15 12:00:00+08:00,0.0000000000,2353,51354a704b14f1c3342f29eba463e7b5c8d2ef68ca2f4d772cc4657b16c9a041
2026-05-25,S07,K01,2026-05-15 12:00:00+08:00,0.0000000000,2354,b38c71b5015981706b08dccd0b3702018267ede1c5a3f6e631715448dd2bcf7b
2026-05-25,S07,K02,2026-05-15 12:00:00+08:00,0.0000000000,2355,98084618bed3b9bbbdce91fb4daff434309263a147d4e2d7dcfd22f28c6c4eb7
2026-05-25,S07,K03,2026-05-15 12:00:00+08:00,0.0000000000,2356,9deec815d8ba220cf6bbf54059f276c381b356fdca4d7e46647c5b3590d353b4
2026-05-25,S07,K04,2026-05-15 12:00:00+08:00,0.1200000000,2357,e2d4777e11509ae022f93079b249eab3b37f309dfba301720e2b3fa83689e1a7
2026-05-25,S07,K05,2026-05-15 12:00:00+08:00,0.0000000000,2358,d1e63523c3662f7755dd083b4270659e47af5e4098cfcaa301b4a5108a5d07c0
2026-05-25,S07,K06,2026-05-15 12:00:00+08:00,0.0000000000,2359,19a62f0d0ae81b60957067d85b0728b5bc7b337e94d68f5f9601ebd109678801
2026-05-25,S07,K07,2026-05-15 12:00:00+08:00,0.0000000000,2360,f4f39985e6b57443c0bc43439f010a65f218d2d6d5b7b8fd5fb0e11be82d2ae3
2026-05-25,S07,K08,2026-05-15 12:00:00+08:00,0.0000000000,2361,6e01537fdce674f8cfd64242ed62eddba128df46ef788bec463cb60aa9614336
2026-05-25,S08,K01,2026-05-15 12:00:00+08:00,0.0000000000,2362,38a463aeed7028474dc3295fe94022f6ef48de8a713b98f441f8b8dc8149f1c9
2026-05-25,S08,K02,2026-05-15 12:00:00+08:00,0.0000000000,2363,1cb65efd24214f1c9aeed02d27cde8c36ae568d3fa8df46cb5f0fef712cd97ee
2026-05-25,S08,K03,2026-05-15 12:00:00+08:00,0.0000000000,2364,a509d4868fd33d8abdf0262314e4c8a781dad8b2e685898ea580c362a5eb119f
2026-05-25,S08,K04,2026-05-15 12:00:00+08:00,0.1200000000,2365,4310bb72c9b9f392cb372ea64dc41a4fe0c72f54f20df6b5fa4d7042065b85ae
2026-05-25,S08,K05,2026-05-15 12:00:00+08:00,0.0000000000,2366,6c56febcab046dca49a95e25a6bd1add3be85a7dd9764c95fc8bffa7238524e3
2026-05-25,S08,K06,2026-05-15 12:00:00+08:00,0.0000000000,2367,b1e1bd647ab928f6726275b0aac5fa497f88f9c6f9e7aacf91dfb8ed00ec33e2
2026-05-25,S08,K07,2026-05-15 12:00:00+08:00,0.0000000000,2368,99948e62db063ff786fb8baf061d058aba28fa3ca58f719da2bbb296bbd37dff
2026-05-25,S08,K08,2026-05-15 12:00:00+08:00,0.0000000000,2369,ef532b94a8aad0491c1a31a392d93514ec9e26850e6f53eb4ccaf8d23804a26d
2026-05-25,S09,K01,2026-05-15 12:00:00+08:00,0.0000000000,2370,dbd8216c2a0da08d6ea1b11bd6cf2f80ad3bcbb8232f570156ad9b035fee372f
2026-05-25,S09,K02,2026-05-15 12:00:00+08:00,0.0000000000,2371,ac4e59728ab1891de9c76c5abab460a2f0d05a37e0df54b54d6c78c9a1bb0f7e
2026-05-25,S09,K03,2026-05-15 12:00:00+08:00,0.0000000000,2372,f769e0beaf0ee8ab1d597ef0897415324ea0eef4d448c011c4cb3b4ca107e731
2026-05-25,S09,K04,2026-05-15 12:00:00+08:00,0.1200000000,2373,fbd819e5c307011b99d46e5d556663a3043772af156a4858a73583de8abe30c0
2026-05-25,S09,K05,2026-05-15 12:00:00+08:00,0.0000000000,2374,96aec774db292bb4ef71a5c7cc0cdfa087760d5948aa269cb7ec8dada2e2226a
2026-05-25,S09,K06,2026-05-15 12:00:00+08:00,0.0000000000,2375,14073ea70c8d6d4abb301c639177b00a1ec25b4aa24db0bb6710b2994bff6cd9
2026-05-25,S09,K07,2026-05-15 12:00:00+08:00,0.0000000000,2376,a8b318418097fe6b2d5b6915d21284ce1dafc981ac38496fdabb29f6e95abbd8
2026-05-25,S09,K08,2026-05-15 12:00:00+08:00,0.0000000000,2377,5180783811c74a8439a773ee7b5ff6cf417e64fc141ba2fc4136032e76dbcf43
2026-05-25,S10,K01,2026-05-15 12:00:00+08:00,0.0000000000,2378,628a81bd76be9cefa8fb9395e3021fa054b9c9e9a11ef4adac44a62660ab86fa
2026-05-25,S10,K02,2026-05-15 12:00:00+08:00,0.0000000000,2379,401be1002a81ef34185d185bbe10854f8fc8ef11dc383d0fa74549d12bbbadbd
2026-05-25,S10,K03,2026-05-15 12:00:00+08:00,0.1200000000,2380,a563cb12da284a09bfa3c7fa6c05fbe44dfdb54f0f66e9839b2bffd6d522e99a
2026-05-25,S10,K04,2026-05-15 12:00:00+08:00,0.0000000000,2381,8c9dca9a6b8e0ca333ddb7718abaff928c4426ce0a514089c9c0f97b1b4bee84
2026-05-25,S10,K05,2026-05-15 12:00:00+08:00,0.0000000000,2382,c24f070d329e8a3ede5abffd84f5a321385cf269bd7965b93205f0626c0b983f
2026-05-25,S10,K06,2026-05-15 12:00:00+08:00,0.0000000000,2383,6523ae85fe1aa75f440d61a3c1d089292785c3c3f1dce409a74dc096f0da78ed
2026-05-25,S10,K07,2026-05-15 12:00:00+08:00,0.0000000000,2384,c275f06c092470b4530e174ef0bf2c683aa04bf70115c005922bc6effdb7a229
2026-05-25,S10,K08,2026-05-15 12:00:00+08:00,0.0000000000,2385,f8bd2147d5411c844d83d9c641060e52070da2e699c9c81920d02934b332d089
2026-05-25,S11,K01,2026-05-15 12:00:00+08:00,0.0000000000,2386,fb0e4f15791a5f8ce29aaed37543cb7994cc2275c9f254e682038f63ba58c2c6
2026-05-25,S11,K02,2026-05-15 12:00:00+08:00,0.0000000000,2387,4c3c809b2d32b4aad2248151ccc49d7c84ae36f6fee27bccb574f6eb4b542504
2026-05-25,S11,K03,2026-05-15 12:00:00+08:00,0.1200000000,2388,88809020a3e42e04289880f4a9a2ea704a63e840e0df96fdaa0413a147e90999
2026-05-25,S11,K04,2026-05-15 12:00:00+08:00,0.0000000000,2389,a638c468ebe0c9d70f0d9e0b1cf970b4180153e0c169461c0544b7004425e82a
2026-05-25,S11,K05,2026-05-15 12:00:00+08:00,0.0000000000,2390,bc102ac4f0384621a981717925236cf22bd666328d1abf7e1ea669bd6d1150c4
2026-05-25,S11,K06,2026-05-15 12:00:00+08:00,0.0000000000,2391,ec09429f9766fd487f9b7eab41404ea1caaf07e647bc7d4ca5d27ac27719f439
2026-05-25,S11,K07,2026-05-15 12:00:00+08:00,0.0000000000,2392,3f5f53e5d13fda9c84ea3d26fe019b1d46a4082033bb7d32f3ed42e7bf87a32d
2026-05-25,S11,K08,2026-05-15 12:00:00+08:00,0.0000000000,2393,98ea0a2d91ad9ae5eec1c82fd4d5c11eec92aba17e2735d2dec908612f276458
2026-05-25,S12,K01,2026-05-15 12:00:00+08:00,0.0000000000,2394,73c728a94e9a38016f48c574e37e0d0f63e1f2c50390732fe1cf11eee3c55e46
2026-05-25,S12,K02,2026-05-15 12:00:00+08:00,0.1200000000,2395,0814d93c745c666e44715c371f5b53d29574b095bfedbe10ff3f9632603b8325
2026-05-25,S12,K03,2026-05-15 12:00:00+08:00,0.0000000000,2396,b84a12e20e36d299ded7d2c2760ec277cb6841aff40f061251850a89e532fec8
2026-05-25,S12,K04,2026-05-15 12:00:00+08:00,0.0000000000,2397,a14fabf31c48d1de8f6e1448d4cd7eb089869419a3cdd0e318f6daab3455c9e0
2026-05-25,S12,K05,2026-05-15 12:00:00+08:00,0.0000000000,2398,365e9dd5fb4e79697440e19ff52997c429d48f990618c13e2c21cc144b8d2dbf
2026-05-25,S12,K06,2026-05-15 12:00:00+08:00,0.0000000000,2399,649f3b2dcc02e627dc3a0c6ddf3148e6a2b4add497b6df925494c8cc3e33717f
2026-05-25,S12,K07,2026-05-15 12:00:00+08:00,0.0000000000,2400,42d0c3d10555c11278ff092032acc21b95d3c6aec7539b50388fdc38e8d5e319
2026-05-25,S12,K08,2026-05-15 12:00:00+08:00,0.1200000000,2401,150a323184525fd670f7997d7a4b51f27b155c9516a2049daac8c29bd55a9d08
2026-05-26,S01,K01,2026-05-16 12:00:00+08:00,0.1200000000,2402,950d7165621b5fcac32bba6cfb4aab3708d7f3b29bd64712b13caf0932d20aea
2026-05-26,S01,K02,2026-05-16 12:00:00+08:00,0.0000000000,2403,bb266d0d32e595c8e8b106033ac2ab4b4e01dfd7e03c7c962aecaab35031d3d7
2026-05-26,S01,K03,2026-05-16 12:00:00+08:00,0.0000000000,2404,c7d71e115b75650434c034e8fafa7f303e37a9efa7c49f9d9b02e4b465923505
2026-05-26,S01,K04,2026-05-16 12:00:00+08:00,0.0000000000,2405,c8af54aeb3013e75e71bad77b18dce339d7c94bb3c34cbdfc80bf4bc563c99f0
2026-05-26,S01,K05,2026-05-16 12:00:00+08:00,0.0000000000,2406,dae9fdc639bf842243d190169488e32c44515b640b65e4266a1c91938163f2dd
2026-05-26,S01,K06,2026-05-16 12:00:00+08:00,0.0000000000,2407,124ac993608ea38e1e5e36982fa1ea10a729d4e2faed3607b5a8ae59dea3c0cf
2026-05-26,S01,K07,2026-05-16 12:00:00+08:00,0.1200000000,2408,66c8f3163deec3c9bfda3f1d2dbf9ee11990449301af6372be2c9445b5b58afc
2026-05-26,S01,K08,2026-05-16 12:00:00+08:00,0.0000000000,2409,3a70b4f26eb31d320134b9d154d937dd12a0010134b69d016848d5f50616af18
2026-05-26,S02,K01,2026-05-16 12:00:00+08:00,0.0000000000,2410,dbfe9275792d73d588ef291e52924e7bcd922efeae56e101828aaece8a847e49
2026-05-26,S02,K02,2026-05-16 12:00:00+08:00,0.0000000000,2411,632d894b2ff1c78ca79957d5509bb7ed5475f35ac2829d1b74845c3a2f8fdf4a
2026-05-26,S02,K03,2026-05-16 12:00:00+08:00,0.0000000000,2412,6e15bc3ebb8e54d38f07b3d715541859bf2c343670b14d263ce6ce6b31bbab43
2026-05-26,S02,K04,2026-05-16 12:00:00+08:00,0.0000000000,2413,8666550a077c4e927f942173c4d58b1f3aba48006b24985af960d99b01a90701
2026-05-26,S02,K05,2026-05-16 12:00:00+08:00,0.0000000000,2414,2dc1faa8b93413a1f0124eda83cf3af9cbda5d7e5a9c7436b8f5e4d450e1c32d
2026-05-26,S02,K06,2026-05-16 12:00:00+08:00,0.1200000000,2415,b3768b59e2b375f42294da8ca07d23d8154e88b382e8a55f11f51fd7a2516aba
2026-05-26,S02,K07,2026-05-16 12:00:00+08:00,0.0000000000,2416,7c8ed3156611ceb0638cfef5a2d3ba0a2f0b353291cf93d3b54a7161d7a1fc91
2026-05-26,S02,K08,2026-05-16 12:00:00+08:00,0.0000000000,2417,6abda25dee110fda6d636980ce5c0b68436bdfef76b1d50380d452451b85d2b2
2026-05-26,S03,K01,2026-05-16 12:00:00+08:00,0.0000000000,2418,e64e48765b60f2e14647fb0444ef3e58927ab7396fb09dd672c6868faf239c31
2026-05-26,S03,K02,2026-05-16 12:00:00+08:00,0.0000000000,2419,487fbd047a6cb1eef259d84b28c2c2424d174b703cd6c6f700ed779c24074736
2026-05-26,S03,K03,2026-05-16 12:00:00+08:00,0.0000000000,2420,ce4d735665a217249117406ffd022b7a6f60ae88f2427879628fa5bc7a8c74ec
2026-05-26,S03,K04,2026-05-16 12:00:00+08:00,0.0000000000,2421,2cabe5d04695ad64354139a2e13a6020925e6270fd6fdb86b51566e43dcec6ed
2026-05-26,S03,K05,2026-05-16 12:00:00+08:00,0.0000000000,2422,631347cb944182688f266f5df560ac904d1e889ed8afbe882dc4439b694064c0
2026-05-26,S03,K06,2026-05-16 12:00:00+08:00,0.1200000000,2423,8fd1444bfb396655594236d746f006a7443a90c403356d20bf8ad2501449b0ad
2026-05-26,S03,K07,2026-05-16 12:00:00+08:00,0.0000000000,2424,b467be9510af046f89ec081604d1d6f3a7ea7920a7f8333065b395d6602895bd
2026-05-26,S03,K08,2026-05-16 12:00:00+08:00,0.0000000000,2425,563b13bb56b4e3f7ea913b97fe8450c899ae17bcc8b4492b73921f96a79798f1
2026-05-26,S04,K01,2026-05-16 12:00:00+08:00,0.0000000000,2426,78905c3dc08a964533daea7621946184a11a40c0139141e2c438a02716566947
2026-05-26,S04,K02,2026-05-16 12:00:00+08:00,0.0000000000,2427,1117c7a05e43bbe156913ec7992e7cc7a8eda5dffc6138ed23906624e5bf641c
2026-05-26,S04,K03,2026-05-16 12:00:00+08:00,0.0000000000,2428,014a381d6455da3ff63cf54a14cbab28722499ca19fe46c4b304820ec5322a80
2026-05-26,S04,K04,2026-05-16 12:00:00+08:00,0.0000000000,2429,2755b73ef7c4d51177fd09cbd40ee4fb6430bd6f83bb1c98f18ab6eb1ad7c7e3
2026-05-26,S04,K05,2026-05-16 12:00:00+08:00,0.1200000000,2430,915671be0e983436ec30cb3ef22bb2e8ce13cd08f0cff605ec8feda37adc76a0
2026-05-26,S04,K06,2026-05-16 12:00:00+08:00,0.0000000000,2431,8a1835638696883fb1e743d0a5ac899e55e1419a0c871bc6f07737eb108282ba
2026-05-26,S04,K07,2026-05-16 12:00:00+08:00,0.0000000000,2432,c8c6a7880ea68555061ab7a799f221413afe24b13d0d13f29228a0cac53262c7
2026-05-26,S04,K08,2026-05-16 12:00:00+08:00,0.0000000000,2433,184e96e3abc3904403297ab7fc894d388b60e5e25be9169daeceb22cd264a97a
2026-05-26,S05,K01,2026-05-16 12:00:00+08:00,0.0000000000,2434,978e2289842c80fae0dcbbced562e1eb4f0c2eed5f22aceb007a101fd1a8859c
2026-05-26,S05,K02,2026-05-16 12:00:00+08:00,0.0000000000,2435,499e9c01a9814ee96aadbcd767b2772e5e5546f7ba30c780fae74ebff0a6bc00
2026-05-26,S05,K03,2026-05-16 12:00:00+08:00,0.0000000000,2436,9fdda8e32d3baaab87acfff6dee38012debcb75f2a9a883c43954f553410e13f
2026-05-26,S05,K04,2026-05-16 12:00:00+08:00,0.0000000000,2437,80f3be38611d27be62e8a2fcee932fc1c9a0ad827b1b143726856209b403c47f
2026-05-26,S05,K05,2026-05-16 12:00:00+08:00,0.1200000000,2438,5cf41a99d52478f949061f28ab437064670a26ca9e8b27c2cbdf628dabdf9d5a
2026-05-26,S05,K06,2026-05-16 12:00:00+08:00,0.0000000000,2439,2ca598c434ef3edaa118deb7db258eee55133a73dbfe9442687255eab5a32c42
2026-05-26,S05,K07,2026-05-16 12:00:00+08:00,0.0000000000,2440,0b390fca69dc15c9c64abc5209ad7fc2ae2dc28e0040a66e80cb1b7fd09c7cfd
2026-05-26,S05,K08,2026-05-16 12:00:00+08:00,0.0000000000,2441,02e3c496dace67fbb250be3e0757c08804458eb1ace1dd53f7b1fb8a6a9ebf76
2026-05-26,S06,K01,2026-05-16 12:00:00+08:00,0.0000000000,2442,b37954261912cc433d685d0b09a56cf9d6fc6e759f1cf56178ffd1bfb46aac39
2026-05-26,S06,K02,2026-05-16 12:00:00+08:00,0.0000000000,2443,158c038f6b7df793c6e93ceb7bf44189449fd40edf7f295d371136bf56c51901
2026-05-26,S06,K03,2026-05-16 12:00:00+08:00,0.0000000000,2444,4fd90a26ea8c5c8bc89d9c3d2a9136d17946e59965c77740c7a44fcc33c75751
2026-05-26,S06,K04,2026-05-16 12:00:00+08:00,0.0000000000,2445,234e3603d473648c31e96338e3fa9a06f9faac763a7142963e5daafcdd861e88
2026-05-26,S06,K05,2026-05-16 12:00:00+08:00,0.1200000000,2446,09099405cd8d229101c3878f11808cdef41ae29f1e9857838d23fb9fac5d8bfd
2026-05-26,S06,K06,2026-05-16 12:00:00+08:00,0.0000000000,2447,e06cebeb5dc74da64e1fe491ae628b6121f6d1ec3f4b100a0a468a007e0de4ed
2026-05-26,S06,K07,2026-05-16 12:00:00+08:00,0.0000000000,2448,0f50faab1936548bc62225fc980e81468e37b77019715a4bd33253f40616544a
2026-05-26,S06,K08,2026-05-16 12:00:00+08:00,0.0000000000,2449,79145bab61e7c223c8688f8f0680bfa0361a290613abe4f1fd528e7fd33f0f41
2026-05-26,S07,K01,2026-05-16 12:00:00+08:00,0.0000000000,2450,28439a8844c8f8ad4fc276d20788b1c0cad2a7a47225f154d270748f50df834f
2026-05-26,S07,K02,2026-05-16 12:00:00+08:00,0.0000000000,2451,6d5afb7337a19e9b67438dd5bb6a198d8a56eeb3f6a411486ace9903237040fd
2026-05-26,S07,K03,2026-05-16 12:00:00+08:00,0.0000000000,2452,603dd613045dc353e25e67070dbd31c942fdaf2463572b06972d1655334b0d56
2026-05-26,S07,K04,2026-05-16 12:00:00+08:00,0.1200000000,2453,a94bd8023a180c30f7884be4fe113c473643d378049bc804351b07e8aea72203
2026-05-26,S07,K05,2026-05-16 12:00:00+08:00,0.0000000000,2454,d5f54c6f842c116f7ccf9d1ce69181f83e9f6ac674c7e33c69634bc6b8abe3ae
2026-05-26,S07,K06,2026-05-16 12:00:00+08:00,0.0000000000,2455,fe7e70d3e55bdace49e3359ddaff73b7b1a4c851c567ec6e18f8445cd3d56b0c
2026-05-26,S07,K07,2026-05-16 12:00:00+08:00,0.0000000000,2456,23138cc8e7d90c8df35038a131178f2778ec05bac56d3d87ae4726ea6f1cbc22
2026-05-26,S07,K08,2026-05-16 12:00:00+08:00,0.0000000000,2457,8aa490eafe70497745e18cadc3c40c36a03b33cb78fe1bddf6faa7f087b45dd3
2026-05-26,S08,K01,2026-05-16 12:00:00+08:00,0.0000000000,2458,186976f64e3530d0078b2827724388afd0a992230711453be81d6398c81c0d9a
2026-05-26,S08,K02,2026-05-16 12:00:00+08:00,0.0000000000,2459,dafd7d7a51d087be3352038d5817b2d3a9829b6603b328a6ced44dba916d4768
2026-05-26,S08,K03,2026-05-16 12:00:00+08:00,0.0000000000,2460,8245da08b4d00ac6d5ca3addfc9a7efe9fbde21e8399a89475c6afbf66a5a042
2026-05-26,S08,K04,2026-05-16 12:00:00+08:00,0.1200000000,2461,09fa0f8477bc5fedd1eec2c551bfec9ee7af7ae05e556c8dd881a782be109746
2026-05-26,S08,K05,2026-05-16 12:00:00+08:00,0.0000000000,2462,de84f3d31b08a3e45956ab05885ea9c7d85d3b0ed4c548bc3c710d8a0043554b
2026-05-26,S08,K06,2026-05-16 12:00:00+08:00,0.0000000000,2463,48cb9991496ec4675039203afeeac9abde79077a3c873d70efef61c8ce70d28b
2026-05-26,S08,K07,2026-05-16 12:00:00+08:00,0.0000000000,2464,f92af57dc79b368b38bc76fdfd5c9ba252c0dda7d728fbfa6262bc5ed07e04e9
2026-05-26,S08,K08,2026-05-16 12:00:00+08:00,0.0000000000,2465,73c85b34ab7b9d506e6a85fbaec486bc313f2f18df45637b450d1c7c9739430b
2026-05-26,S09,K01,2026-05-16 12:00:00+08:00,0.0000000000,2466,73331c7a20cbea518d39f563f9559d4036b9c7e90cacd657eb3ea567c1c1d5ad
2026-05-26,S09,K02,2026-05-16 12:00:00+08:00,0.0000000000,2467,b86f61969c0cb2f9fdd0b497461f3a0415739ef31ad2f3c3a4c5d15aecd8672a
2026-05-26,S09,K03,2026-05-16 12:00:00+08:00,0.1200000000,2468,ea942468e39d37659596f3fbbcf4f2fd079b2efbfe4f4e9e019727221a4312c1
2026-05-26,S09,K04,2026-05-16 12:00:00+08:00,0.0000000000,2469,6c09fe6a0e73061a6bd3a46ab50f18887a2414a42fc5c99a094bdd5928e4bd31
2026-05-26,S09,K05,2026-05-16 12:00:00+08:00,0.0000000000,2470,e74c9006641298373a3daa8cc09960714ecbdd8738cd1e2897d039c1c532da7f
2026-05-26,S09,K06,2026-05-16 12:00:00+08:00,0.0000000000,2471,b1a85aab0ed02bba2c099b9cae788b7cd8f38fa8fec8713570991fe6110506d2
2026-05-26,S09,K07,2026-05-16 12:00:00+08:00,0.0000000000,2472,45e767b8d1fd2e72ea6179eacdb1eefaaf4f517430007eae9c9ffe5630ecfdff
2026-05-26,S09,K08,2026-05-16 12:00:00+08:00,0.0000000000,2473,96c412630786c4ccca2697b49656e2a3338695a4a061ec413dfc0346733793e4
2026-05-26,S10,K01,2026-05-16 12:00:00+08:00,0.0000000000,2474,8b3173c49ffd87e96350d9a53115a7ac91fdd2ac477062c2b2be508aec0a0ac9
2026-05-26,S10,K02,2026-05-16 12:00:00+08:00,0.0000000000,2475,1d27a0019fd2da565072529f4ef460c215ed3969b991d3d42d82d9529d3e55ac
2026-05-26,S10,K03,2026-05-16 12:00:00+08:00,0.1200000000,2476,bf23899bd17bf4a0abb63c953081d0544b6636cb89362e218c796284006949a9
2026-05-26,S10,K04,2026-05-16 12:00:00+08:00,0.0000000000,2477,20f50c840c75bb645585b9be6dc56a807f2fc97f002c64a782c380ed2425073c
2026-05-26,S10,K05,2026-05-16 12:00:00+08:00,0.0000000000,2478,f8ba23ea213bd10e0b4c766d65593ccec9a31263d104561df6ee3891f7c1905f
2026-05-26,S10,K06,2026-05-16 12:00:00+08:00,0.0000000000,2479,7bc87633d494ec9e47f65fc4f470e339a99d3ed49cb55f605d279f1fc63b9151
2026-05-26,S10,K07,2026-05-16 12:00:00+08:00,0.0000000000,2480,a889225bc826abe86b2da88143d8471107de9f632edf5ee45fd372d36b01ac80
2026-05-26,S10,K08,2026-05-16 12:00:00+08:00,0.0000000000,2481,caf625c88ebb489dc43efbfd32056fec9e1f9ff3d22d96032a6ba02770dcf094
2026-05-26,S11,K01,2026-05-16 12:00:00+08:00,0.0000000000,2482,2577f39b0ce9558e09813c00b6611c3704ebf98ea6ac2efecf30289613632a2b
2026-05-26,S11,K02,2026-05-16 12:00:00+08:00,0.0000000000,2483,dce31809d2a84520ad756476abef2de31b2abe986790b97ea272f834d998a0d1
2026-05-26,S11,K03,2026-05-16 12:00:00+08:00,0.1200000000,2484,1d822b15b903f16770516eb08cc3757f0c3b5290fa4ab770cc16156ad3aa053f
2026-05-26,S11,K04,2026-05-16 12:00:00+08:00,0.0000000000,2485,7dbce3b43c95e1d8fb66542d9724aca77afc0a8404c37a71d11a631eaa68eff7
2026-05-26,S11,K05,2026-05-16 12:00:00+08:00,0.0000000000,2486,6ffe443cf0f6133599eb8d1fc8f2c42b605ea855cfdc167172b53a2688630cae
2026-05-26,S11,K06,2026-05-16 12:00:00+08:00,0.0000000000,2487,9dd2d2c21a8924f11f49caee4786774855f472f2f0f94248eac781c887f35485
2026-05-26,S11,K07,2026-05-16 12:00:00+08:00,0.0000000000,2488,3b03833632836d7dc225ce5cbbf3ece7a099de48332c5af7012e875bbfd3db4a
2026-05-26,S11,K08,2026-05-16 12:00:00+08:00,0.1200000000,2489,e23916049227c11d56aa9312d81563932407c0a4bca6d557587d853a5fe58737
2026-05-26,S12,K01,2026-05-16 12:00:00+08:00,0.0000000000,2490,36084089d28de8b4a6f420cbd3dcc6815e6ab76a873a09e0cc407fb71490bdc9
2026-05-26,S12,K02,2026-05-16 12:00:00+08:00,0.1200000000,2491,38a8546de039e0918a97c47fd0aea2a0161a79c91a574f33396794ad2d054543
2026-05-26,S12,K03,2026-05-16 12:00:00+08:00,0.0000000000,2492,d7fdaf68fd3f1cb82b96aff26ac4b8f3adc0b7c337b8cafb12b157508b821d1d
2026-05-26,S12,K04,2026-05-16 12:00:00+08:00,0.0000000000,2493,4d669f08271c09ac8fb237f65561c81461a75e49815d8e237a5a6304d8e6ac15
2026-05-26,S12,K05,2026-05-16 12:00:00+08:00,0.0000000000,2494,a715f8d1a28ac40cf650fe39fe365530c9e8548555b243a2084d2db757142e23
2026-05-26,S12,K06,2026-05-16 12:00:00+08:00,0.0000000000,2495,7823562d84560e4f2953d6ca4353178aaf2833c9d05648cdc3fe6606c17af04f
2026-05-26,S12,K07,2026-05-16 12:00:00+08:00,0.0000000000,2496,8963b0cb4ad7cd3f31901df5deb216fdc4e10829f85e90eacb32ac4a903b8098
2026-05-26,S12,K08,2026-05-16 12:00:00+08:00,0.1200000000,2497,598053e7da1f65d7ce024d54a229667b4cc2b0dcb47f16a7913c672bb6b32f3d
2026-05-27,S01,K01,2026-05-17 12:00:00+08:00,0.1200000000,2498,90077d4ddf3cc242be767d15c15bf470ebe58d36aaca98be5ba005a2589ef683
2026-05-27,S01,K02,2026-05-17 12:00:00+08:00,0.0000000000,2499,33a4284fddf27687e1da23c7d17658c855af4a23c822e711a711867668b7a5c2
2026-05-27,S01,K03,2026-05-17 12:00:00+08:00,0.0000000000,2500,34353859e295e2845f954a601c9149aeaa197cbecc74ba55c6fc7c82adc2eb36
2026-05-27,S01,K04,2026-05-17 12:00:00+08:00,0.0000000000,2501,533d7d338a71ef82130534a5f8bfa2c210bdd141960cb481bc97c3b2d8274f35
2026-05-27,S01,K05,2026-05-17 12:00:00+08:00,0.0000000000,2502,5ed7d43538f6d7ffab1b360e469f9059b79d778c4c07c229b6618dbc6e49ae52
2026-05-27,S01,K06,2026-05-17 12:00:00+08:00,0.1200000000,2503,6934287ca3e5c02be9fab3286d53f610d5cb873910930e09988a70e07b5340ce
2026-05-27,S01,K07,2026-05-17 12:00:00+08:00,0.0000000000,2504,26d314b949b5f02f74da8e2019725b07ccc422f594add20fb3b67691e6474836
2026-05-27,S01,K08,2026-05-17 12:00:00+08:00,0.0000000000,2505,4224200604705bf11a1dabf2fb63936c8b9d0dd67e7034494e76864f84857df6
2026-05-27,S02,K01,2026-05-17 12:00:00+08:00,0.0000000000,2506,3e768113309756c39e28bfd9e2ca228220a312d071fe73d183b49e7f3424a020
2026-05-27,S02,K02,2026-05-17 12:00:00+08:00,0.0000000000,2507,d7f81fba2cfe161375506f8ee74f98815655136216ab681b6329766ed0f22001
2026-05-27,S02,K03,2026-05-17 12:00:00+08:00,0.0000000000,2508,c25ca0ba5f1e517e4382b10d8326c8ab272392f4fc2511aa6950ce74d55be3c1
2026-05-27,S02,K04,2026-05-17 12:00:00+08:00,0.0000000000,2509,dc5b2241d9e33a7294597c3df2aeb376e611389a552663f615dd701ceb3593cc
2026-05-27,S02,K05,2026-05-17 12:00:00+08:00,0.0000000000,2510,fa0ef571d0273f151169338e9abaef13970297ccaddd32c1031853116488f814
2026-05-27,S02,K06,2026-05-17 12:00:00+08:00,0.1200000000,2511,13b887ffc91854e424855ff0f66a640caef361696261e158e280364c6122eab7
2026-05-27,S02,K07,2026-05-17 12:00:00+08:00,0.0000000000,2512,2551aa1ee673f07e6279169efcfd02eaf073a5870ed3789aea3e90b633d12eab
2026-05-27,S02,K08,2026-05-17 12:00:00+08:00,0.0000000000,2513,59a45317253499a374c5b6659c4e0340d617a3c6070ab5ec163808dccba0986e
2026-05-27,S03,K01,2026-05-17 12:00:00+08:00,0.0000000000,2514,c055a55ed5912a8fcce857682cd342646ac2d64fe3d12ac8bdc79d487ec6cf7c
2026-05-27,S03,K02,2026-05-17 12:00:00+08:00,0.0000000000,2515,839027dfb33fa555ee4db414915fa8f879ba80abf78a4a599ded0b7ebd8787ed
2026-05-27,S03,K03,2026-05-17 12:00:00+08:00,0.0000000000,2516,5069e81681d5353d77d4f0054523d8320f3fe0a5f169df80ac910bf98e81df9a
2026-05-27,S03,K04,2026-05-17 12:00:00+08:00,0.0000000000,2517,f333db32a3fa047eae8e7fc841da716011f36b061e2732b5495f725821ef9b77
2026-05-27,S03,K05,2026-05-17 12:00:00+08:00,0.0000000000,2518,5572b4727c7bc27c0645b5b42c8b6b41922bf8abd10a6be5243301fc5914bdf5
2026-05-27,S03,K06,2026-05-17 12:00:00+08:00,0.1200000000,2519,3ecaea21bbf85f9c525e6c3e85ba26543cc4cdb1728b7d389c02ac52efdc9122
2026-05-27,S03,K07,2026-05-17 12:00:00+08:00,0.0000000000,2520,e4576de6f1ef8903131b439c029b9f1a566ba5acbdaef74a4f785fc63113edb1
2026-05-27,S03,K08,2026-05-17 12:00:00+08:00,0.0000000000,2521,652ac493b103909fc77211ce403a6d44a422f8329a4036072b624b5bc9aefce3
2026-05-27,S04,K01,2026-05-17 12:00:00+08:00,0.0000000000,2522,86d4f8e4de63c8bc3efe1b3f3b2ba66b7b1b52b4815fd5e3f3c71f350278616a
2026-05-27,S04,K02,2026-05-17 12:00:00+08:00,0.0000000000,2523,5ed4119b3473d0e87add25592f5612df6bc025cef398379d1c6d57565c704b53
2026-05-27,S04,K03,2026-05-17 12:00:00+08:00,0.0000000000,2524,c67e2f592c5e58278aeb4d136c1048c8bb483b28567ea7406c46cf6b3c848552
2026-05-27,S04,K04,2026-05-17 12:00:00+08:00,0.0000000000,2525,57d0fe128c04d0da7f2cc201e224800c3aef5ebc179f40b600565a66b910c6e2
2026-05-27,S04,K05,2026-05-17 12:00:00+08:00,0.1200000000,2526,8adbdcaa12ba2ad260125d534409402fa0f9b927208b653558570d34d9186be5
2026-05-27,S04,K06,2026-05-17 12:00:00+08:00,0.0000000000,2527,92524cfccde1929bfdfff4bb45f81d0189c3e0e50193035be489730bacffafca
2026-05-27,S04,K07,2026-05-17 12:00:00+08:00,0.0000000000,2528,7f2ee86ad5e74bbc0a48e24b55c4eba4d6e04dbc5ebbd135fed023a71a18f6dd
2026-05-27,S04,K08,2026-05-17 12:00:00+08:00,0.0000000000,2529,d51cd777eb5ed2b99f6ef068280387c8417580b8b7e0469b340f8a792f8860bc
2026-05-27,S05,K01,2026-05-17 12:00:00+08:00,0.0000000000,2530,51b0805175dc324f5122c69f8666caf1ce05a69d02ec7203db7b4d874c7e4f03
2026-05-27,S05,K02,2026-05-17 12:00:00+08:00,0.0000000000,2531,b2c5c124111b4b1783be2db1795cfd0168aea599ab061d1c71b423ecf9837023
2026-05-27,S05,K03,2026-05-17 12:00:00+08:00,0.0000000000,2532,a7ea40c21575d7bbc9e4c137195d7d9d701473666399d4bb26ea92073685aba8
2026-05-27,S05,K04,2026-05-17 12:00:00+08:00,0.0000000000,2533,d4f2d8a8a4511ad63907a0b447e261b877b0c039e0509c6767e837c21f53d32a
2026-05-27,S05,K05,2026-05-17 12:00:00+08:00,0.1200000000,2534,1659e3fd3654a7240c94c3a9420d27b37619ab0a0d84945000e06ca8f8dd53fe
2026-05-27,S05,K06,2026-05-17 12:00:00+08:00,0.0000000000,2535,a5dc39936021fda3b43fd55e53f07a7723ed7d95e77b1838d13f82005fd5eb97
2026-05-27,S05,K07,2026-05-17 12:00:00+08:00,0.0000000000,2536,6a71587c4fcc7e86c28d03f511ee9f87b0f1b8ed240225f17fc3f24d6eed7846
2026-05-27,S05,K08,2026-05-17 12:00:00+08:00,0.0000000000,2537,a17ad0b910c3a5e27ab83d9fe7540f85fa610200c282bdb97e2e07d655470a99
2026-05-27,S06,K01,2026-05-17 12:00:00+08:00,0.0000000000,2538,28b22c3734d42f313b4c285ca9f4ab3caf360fbd1968e9663e20adde04c65e82
2026-05-27,S06,K02,2026-05-17 12:00:00+08:00,0.0000000000,2539,5c87dfbb001e8b0e1837ede2586f48efb72e1cb69ee0201124def791f93a8777
2026-05-27,S06,K03,2026-05-17 12:00:00+08:00,0.0000000000,2540,e1517a3608223505c83cb29d26117175809fd6de1578e45ea753aa19eea42c31
2026-05-27,S06,K04,2026-05-17 12:00:00+08:00,0.1200000000,2541,77cdd538e56c4fa0b773b1658111472d36327f1781edb417daddbe6d8c3460b0
2026-05-27,S06,K05,2026-05-17 12:00:00+08:00,0.0000000000,2542,341c6f6af259c19580d4625c46634a4ea318c38716dbdfae61af21f0f4b70748
2026-05-27,S06,K06,2026-05-17 12:00:00+08:00,0.0000000000,2543,a39d4c486ac73b445478658c47dc1003b32398b88f87b7dc1a3602d53b5d9118
2026-05-27,S06,K07,2026-05-17 12:00:00+08:00,0.0000000000,2544,444de1cbf03fd8bdf679dc481b5d79fd52a7c6b8a191559539ebd8fcf7f23486
2026-05-27,S06,K08,2026-05-17 12:00:00+08:00,0.0000000000,2545,95249b712c0f548886f873a4df8127ce4a15481009edc7cfb3065f43bb54bfcb
2026-05-27,S07,K01,2026-05-17 12:00:00+08:00,0.0000000000,2546,afbc834b9810ec7586b8f20a62ca378b72fa5173546d5e3cbac304fbc3dd680d
2026-05-27,S07,K02,2026-05-17 12:00:00+08:00,0.0000000000,2547,9fe84a3cbeefc9616eb02aab46c455eb0a1f75c7242d111f50813fe575218db9
2026-05-27,S07,K03,2026-05-17 12:00:00+08:00,0.0000000000,2548,c61dc2bcc1f4a2a80cc723a4b2d0a39741a038b7bb50c60bb349816b85acaca9
2026-05-27,S07,K04,2026-05-17 12:00:00+08:00,0.1200000000,2549,1bf4ff4d7fb9d7cc8ab907a129db4183f77f92ee4ebd4dc937142321c3261bd6
2026-05-27,S07,K05,2026-05-17 12:00:00+08:00,0.0000000000,2550,5aaefe9a5d39610b2153c21ecb91d8669a4fe52413f7252d38b1f11e7297eb4b
2026-05-27,S07,K06,2026-05-17 12:00:00+08:00,0.0000000000,2551,c78496d5f1176d77ff93c28f8f966e8cdf31ead977662ec7dfe7f0b55bb13528
2026-05-27,S07,K07,2026-05-17 12:00:00+08:00,0.0000000000,2552,efde9daef9e1f157bbba6e35c8729ba25d22cc041559b80181add08af74828a4
2026-05-27,S07,K08,2026-05-17 12:00:00+08:00,0.0000000000,2553,2628305502b2a66536e2b3fc1fcb9f119ed020be88fd5a27f95c01d26276d229
2026-05-27,S08,K01,2026-05-17 12:00:00+08:00,0.0000000000,2554,2888fe785a5b8921967dd7108a4868ffa16d90ef4ae264f726d172fb1d25e1e5
2026-05-27,S08,K02,2026-05-17 12:00:00+08:00,0.0000000000,2555,11617525d05ec25a689e1722b40b22e2843f895933498b11ed01d6166efa6e89
2026-05-27,S08,K03,2026-05-17 12:00:00+08:00,0.0000000000,2556,98f57ea9e3b607f1b10bffbf78cd68c0b845654fade1c3804d40a8f6112c2f43
2026-05-27,S08,K04,2026-05-17 12:00:00+08:00,0.1200000000,2557,d59394a0016ae19facdb1c3b8a68d177223ad32566d75bd1eb0ae2bee0f97995
2026-05-27,S08,K05,2026-05-17 12:00:00+08:00,0.0000000000,2558,0c92580a2eedfa40941832e14ae618d4e775d6be686d37978f26b06fd6f37a5d
2026-05-27,S08,K06,2026-05-17 12:00:00+08:00,0.0000000000,2559,50c2f7ead2be550a6cc046c31dd64082aca935dc25205f9c62ebd13860142889
2026-05-27,S08,K07,2026-05-17 12:00:00+08:00,0.0000000000,2560,aa297410e0112af34a0844b13fa1b0dc2c7ac350a1d5b30e67c912f5427443ae
2026-05-27,S08,K08,2026-05-17 12:00:00+08:00,0.0000000000,2561,ec06c187206c7b9578c1578dea093a5e12443623c2677b41ccd9f2d54eaa35b5
2026-05-27,S09,K01,2026-05-17 12:00:00+08:00,0.0000000000,2562,605f41845c9c539fe02b2781832e44ef63f33d17795a77b3b01d0992959d2d02
2026-05-27,S09,K02,2026-05-17 12:00:00+08:00,0.0000000000,2563,acfef032f2e9b7c29a155522fae923143d16e10076f1a6c8b1f805e1e70230c4
2026-05-27,S09,K03,2026-05-17 12:00:00+08:00,0.1200000000,2564,421b8c0ce5c85133da4d3056f2e4a415dec1fd0a90dbd90bd893f0d0d7c72faf
2026-05-27,S09,K04,2026-05-17 12:00:00+08:00,0.0000000000,2565,b5b38fa262f1744bba159f6e36ce9dccc8de59f7d3f831442fde5f9fb9562915
2026-05-27,S09,K05,2026-05-17 12:00:00+08:00,0.0000000000,2566,3237102d7507615dfeda7f4c9cb910c147100b511b47998770715bbe7a19f902
2026-05-27,S09,K06,2026-05-17 12:00:00+08:00,0.0000000000,2567,438aa1242d6bcd8951fd17a0cde1f1349846a3ca474c18e1453ae037d6d4c9d6
2026-05-27,S09,K07,2026-05-17 12:00:00+08:00,0.0000000000,2568,08fe6df2c9a11141180b6b30b666d487af2ec289d0649e554c21f1511dc29047
2026-05-27,S09,K08,2026-05-17 12:00:00+08:00,0.0000000000,2569,9d5dfe620dc335accd60b6236fe0e500e5338f846fc5b95142710f93e827fd00
2026-05-27,S10,K01,2026-05-17 12:00:00+08:00,0.0000000000,2570,feb4567d155124a2c29dccaed3eac0ddeb65e7a1bcf59cd987c90659072fd568
2026-05-27,S10,K02,2026-05-17 12:00:00+08:00,0.0000000000,2571,c75354f66f21129e3be28684fb1692dda7fbd1c1087875d2988f34bc452756f1
2026-05-27,S10,K03,2026-05-17 12:00:00+08:00,0.1200000000,2572,19a21722891b00c6aea67afbbc4e98f6f3dfb7414011049bd848d614c9262db5
2026-05-27,S10,K04,2026-05-17 12:00:00+08:00,0.0000000000,2573,221de23c98e470b64b866771cd1454a7796846633d868ea21719eabdf24aa3c5
2026-05-27,S10,K05,2026-05-17 12:00:00+08:00,0.0000000000,2574,36fd6754434805c33eb490f8b5816db11f95e5c8fd7d29384f1dd6818e875ff2
2026-05-27,S10,K06,2026-05-17 12:00:00+08:00,0.0000000000,2575,a14298577a1097aecb1f91b672a30a6d7bc1b1393e5e9316f21e17b2797fc53b
2026-05-27,S10,K07,2026-05-17 12:00:00+08:00,0.0000000000,2576,cf6a5c01951b3a1e91784d6aabd66d9d51836144e732f80db75a112e213c6f62
2026-05-27,S10,K08,2026-05-17 12:00:00+08:00,0.0000000000,2577,6e81dae07f24cdf1f999cda9ee5849a9f28a93cc202969074a7044a5dd27cd75
2026-05-27,S11,K01,2026-05-17 12:00:00+08:00,0.0000000000,2578,8b0aa1c09b834e07eca393c23d4de3e29f555a7aac1506536a0caa8aa7f7adee
2026-05-27,S11,K02,2026-05-17 12:00:00+08:00,0.1200000000,2579,b7756bfb957f8b40fb67d8eca71bf895559be81f809542eec6a9821902f7b589
2026-05-27,S11,K03,2026-05-17 12:00:00+08:00,0.0000000000,2580,a27ac8b1dda0e6b3a8a83afd070fefb6bed4a359807eacff47242aa069614655
2026-05-27,S11,K04,2026-05-17 12:00:00+08:00,0.0000000000,2581,3649264af5640b1d8d5da802c1f48c9071eca6a864d8c637b5f3741c9bdf33f2
2026-05-27,S11,K05,2026-05-17 12:00:00+08:00,0.0000000000,2582,c8cbbcd348492ad8764df5ed3ca09b64e7aaf61f2e02b73db300a636e7b4d2b4
2026-05-27,S11,K06,2026-05-17 12:00:00+08:00,0.0000000000,2583,1dea10e935162bb08fb8df1846b7facb0e165b626b1ec7573d7c7fa5997ae38a
2026-05-27,S11,K07,2026-05-17 12:00:00+08:00,0.0000000000,2584,df4f5dc2791110a6ba0a7c011dfb2550fc5cb26c737c89cf339c690bc4f46d0e
2026-05-27,S11,K08,2026-05-17 12:00:00+08:00,0.1200000000,2585,4f459a818e0d3a9bd8d24c77c985ad072623e3b56178af86aefed71613227ed3
2026-05-27,S12,K01,2026-05-17 12:00:00+08:00,0.0000000000,2586,0840cfa3799b6e5f7dddd55c63a9601398e0c04b44cfa623d95409473060cd91
2026-05-27,S12,K02,2026-05-17 12:00:00+08:00,0.1200000000,2587,a1c03458cabf68796a2444d58b2b8eeba066378aaaaf1bd3f2eb7db3e6d89b10
2026-05-27,S12,K03,2026-05-17 12:00:00+08:00,0.0000000000,2588,b92bce5e0f9fe0742da897921c30d76b720f1339f77d304739fc8e713aef9a47
2026-05-27,S12,K04,2026-05-17 12:00:00+08:00,0.0000000000,2589,dba9e8101358dde219dff3aef08046e35373f024caa114d16fe4bfd1172a83cc
2026-05-27,S12,K05,2026-05-17 12:00:00+08:00,0.0000000000,2590,0485a89a20ca6de65f7675ffd5f5fab02368c796e695f746da4d60cabea0c6ee
2026-05-27,S12,K06,2026-05-17 12:00:00+08:00,0.0000000000,2591,45c79a904b6e8896e4b4d2ae125149ee47c9bdc7374d3d436ee37b2dfdedfdfa
2026-05-27,S12,K07,2026-05-17 12:00:00+08:00,0.0000000000,2592,7486deed5741b64a9df67b161da3bc39f4b74139c86dc28309a2fc6c774f6ad1
2026-05-27,S12,K08,2026-05-17 12:00:00+08:00,0.1200000000,2593,2422315dc72db26beceff5cfee3d7ce62b97efcd19f58966a5d10c7539471b26
2026-05-28,S01,K01,2026-05-18 12:00:00+08:00,0.0000000000,2594,fa1a7c176a0e688b65a1176ea5a521e51b31527136fffc74b331b9764a480187
2026-05-28,S01,K02,2026-05-18 12:00:00+08:00,0.0000000000,2595,a090ad3022955f7bd8348e66171cc217e0db61bcf3f8ec3ca354e9acfbd2cd86
2026-05-28,S01,K03,2026-05-18 12:00:00+08:00,0.0000000000,2596,cdd4debb8ccf517d7629b7208b482f650e986cdaa3425c26d42d7bf97d79b669
2026-05-28,S01,K04,2026-05-18 12:00:00+08:00,0.0000000000,2597,52f1d649fd8c8756056f9525ae5815971a16d3302c08a8a6e85927b42560c47e
2026-05-28,S01,K05,2026-05-18 12:00:00+08:00,0.0000000000,2598,00b12bc91ea3c50104a5e7a1d3d6bb47a17af5dbb7d950b1209c7c11ac9e9563
2026-05-28,S01,K06,2026-05-18 12:00:00+08:00,0.1200000000,2599,4ebe3408cc8aa0cc283bb69c72d06b4bbf2dfa95b3f6690ab82be72cf4621239
2026-05-28,S01,K07,2026-05-18 12:00:00+08:00,0.0000000000,2600,623dda3292903dcad51e26de9620ba65b0ac71f06b82dfadb663db805b753043
2026-05-28,S01,K08,2026-05-18 12:00:00+08:00,0.0000000000,2601,a21413c6e4de1aed2496d56808859fad1bf210ffc06d89cb6ccb31206250397f
2026-05-28,S02,K01,2026-05-18 12:00:00+08:00,0.0000000000,2602,80cd153d97dc2c1813e132196e2a64d90bcc22733ad686a6f3d3c31eb6dcf675
2026-05-28,S02,K02,2026-05-18 12:00:00+08:00,0.0000000000,2603,974c3162a5650d9d6c066cc9cabd512fbf22ef6360e6e6eb08ee64b0b97fb4e0
2026-05-28,S02,K03,2026-05-18 12:00:00+08:00,0.0000000000,2604,b4a0560857e532bec4f4772b6c23771310b05de35bb5657037cabf003678ef12
2026-05-28,S02,K04,2026-05-18 12:00:00+08:00,0.0000000000,2605,9d110f356c1f111c18b6d3dbd2599197824c6b9b8d36fdc5e2832cd64ab81d1b
2026-05-28,S02,K05,2026-05-18 12:00:00+08:00,0.0000000000,2606,bc7cca34937275ef87059cfae95a959d5e36f2e36bc802754693986d89b73e89
2026-05-28,S02,K06,2026-05-18 12:00:00+08:00,0.1200000000,2607,cbc0cc01ce1d639e2530d74cb7f98a815175aa47fae9c5a452813086f58f09e9
2026-05-28,S02,K07,2026-05-18 12:00:00+08:00,0.0000000000,2608,0c399ac4eaaa0aada13a0fbeba65f8edca7c1adbf38a63bc9d29df13b5af6348
2026-05-28,S02,K08,2026-05-18 12:00:00+08:00,0.0000000000,2609,7c550a86910dcf2ed64ebd18173c3673e202f84f6cce0ef3cda90c19839519cf
2026-05-28,S03,K01,2026-05-18 12:00:00+08:00,0.0000000000,2610,2b987f84dcb95831d2efe260d8f63bcaeaafeb42de05828e0f24a6b8295e4548
2026-05-28,S03,K02,2026-05-18 12:00:00+08:00,0.0000000000,2611,dd744696a87c4361eabc60f6a74e023eed4e3fff9b5ab76af3e42b398eeb2701
2026-05-28,S03,K03,2026-05-18 12:00:00+08:00,0.0000000000,2612,e5e9579d68dd8211f068c96f81400d1f4e5d047028ee6109bc8f693c4ed244c6
2026-05-28,S03,K04,2026-05-18 12:00:00+08:00,0.0000000000,2613,02c6c006d066488b7e4efecc27ebeb2636412e6f865bfd27c49c754c0bc5b713
2026-05-28,S03,K05,2026-05-18 12:00:00+08:00,0.1200000000,2614,8122326cea1be480c505ec75f3ddc151c0365a705d98840e31c34776a997ccc2
2026-05-28,S03,K06,2026-05-18 12:00:00+08:00,0.0000000000,2615,17b7cdd8908769a7a46ee215ea3f66dbbfeb6fde7eab088e36bbb99d1935903e
2026-05-28,S03,K07,2026-05-18 12:00:00+08:00,0.0000000000,2616,0e59e7c9898e68e9a5a918929fd0e848e10876e60ef39d9beeda72206d3906d6
2026-05-28,S03,K08,2026-05-18 12:00:00+08:00,0.0000000000,2617,33f1ec7d2e33d963f25e2b04f319f560219b87616582a709f2e2b7286843a703
2026-05-28,S04,K01,2026-05-18 12:00:00+08:00,0.0000000000,2618,8fadb41bda92014d4822da01ae6b036f7269828420fb9c5a97dbcc08d710e8c7
2026-05-28,S04,K02,2026-05-18 12:00:00+08:00,0.0000000000,2619,426f2334f13680c6ee5bcc03a0c382c1572725170f9afafbcf7b0ee8782d2b22
2026-05-28,S04,K03,2026-05-18 12:00:00+08:00,0.0000000000,2620,1736f78467dd18e7143ad29af0093bc376003b8ccd00b4bd6ed8722ca170aa2d
2026-05-28,S04,K04,2026-05-18 12:00:00+08:00,0.0000000000,2621,cb4b93f251a1650a46a6447c27e7aa5857dced1432c2a700dcd32464a4701f51
2026-05-28,S04,K05,2026-05-18 12:00:00+08:00,0.1200000000,2622,bb414d6f3c3e2fa65ac5ae63792451e42224f3ff58fb11c2697a84fb42cff164
2026-05-28,S04,K06,2026-05-18 12:00:00+08:00,0.0000000000,2623,f7cbbd9dbf1c76c017f6e9da97993664517a2876cfc26f7053081e74b10df7f1
2026-05-28,S04,K07,2026-05-18 12:00:00+08:00,0.0000000000,2624,d17d10cc2a48e3bec24b93920dfd6de0511fc9ced6b98ea2f7088a8649dc7f06
2026-05-28,S04,K08,2026-05-18 12:00:00+08:00,0.0000000000,2625,9ad5ba6845d82bf69a24f8477c9f1247c594be4567de370b851b6f9d5c692f96
2026-05-28,S05,K01,2026-05-18 12:00:00+08:00,0.0000000000,2626,b8457047dbd6d0e0f6a1168d23be830ab13cc3b67048948044b65d95bb3a081f
2026-05-28,S05,K02,2026-05-18 12:00:00+08:00,0.0000000000,2627,a6c5feb96e5214c328f5b100b03f2603e9c701f32999159df77433d0eec0317b
2026-05-28,S05,K03,2026-05-18 12:00:00+08:00,0.0000000000,2628,bfc3ed1e5c655e60065ba9d6bb3e535549c30b0d111b9402aa8171d512a363b2
2026-05-28,S05,K04,2026-05-18 12:00:00+08:00,0.0000000000,2629,eb018661d701031b1bbde7e284dd0eb06d7bd8effe3f2bf3c0ada9896e4f97f5
2026-05-28,S05,K05,2026-05-18 12:00:00+08:00,0.1200000000,2630,883b30f54e931f3a4a56ae89cbfb328fb11bdfef6014c9f8ce46bc19a0d5cc82
2026-05-28,S05,K06,2026-05-18 12:00:00+08:00,0.0000000000,2631,2c392b8bd22ffcd99b37cf783f141ca16bade02789e1225d66acbf28f50b19b6
2026-05-28,S05,K07,2026-05-18 12:00:00+08:00,0.0000000000,2632,bb65c1ceecd629fafdac3507e4a39454159f5614088f9d4f8c5a530200ebc76d
2026-05-28,S05,K08,2026-05-18 12:00:00+08:00,0.0000000000,2633,1743e521f3d6f821a79d164b5d7fd38b47d9ac9683ab4ad258e863dca364e322
2026-05-28,S06,K01,2026-05-18 12:00:00+08:00,0.0000000000,2634,2850bea65d893749017ef0df32f1c1f4d22b4f3384593cceb9b131b68a896c97
2026-05-28,S06,K02,2026-05-18 12:00:00+08:00,0.0000000000,2635,777026f3de37a83dc5ee7f09bffdc1d25cbe7c3f9cb8522b3f2396016dc9da2f
2026-05-28,S06,K03,2026-05-18 12:00:00+08:00,0.0000000000,2636,e5dbfdb10dc10aab92f58d3a289f0e3931a67aa99b60181ccd7d891b0fc8233d
2026-05-28,S06,K04,2026-05-18 12:00:00+08:00,0.1200000000,2637,96f5b868a8dc74677762e65241e56e3a5cec460917d2b73c5e23f08909a42d04
2026-05-28,S06,K05,2026-05-18 12:00:00+08:00,0.0000000000,2638,b9334a1f9cadac0a541fc989e09bcd7b6600cfcdd00d6c878a61fd40c8aadda8
2026-05-28,S06,K06,2026-05-18 12:00:00+08:00,0.0000000000,2639,b2a9c9d49631f4e5a1a991bf4a2411fb5d46c6165dc4e3fc736b4b0f0b24571d
2026-05-28,S06,K07,2026-05-18 12:00:00+08:00,0.0000000000,2640,296f94905e8301a279c87de25d5c134c149cf300b84d3d01da322cc86d193434
2026-05-28,S06,K08,2026-05-18 12:00:00+08:00,0.0000000000,2641,f9f76599d6c9a0481c1f20bc732807e2f5cbbdf40f942421b7a007c589d573eb
2026-05-28,S07,K01,2026-05-18 12:00:00+08:00,0.0000000000,2642,db40a95ae48016573a9f59e57674578f3afcea036e395a8f30241f08b4ebefb2
2026-05-28,S07,K02,2026-05-18 12:00:00+08:00,0.0000000000,2643,72ae3e51d3a66b454fc5b978852eaeb8cc33ee5cc9ad076cfa1a2aa7fb8da4e5
2026-05-28,S07,K03,2026-05-18 12:00:00+08:00,0.0000000000,2644,c9b2db7ce805871e026525f320ce26337cf0621ad8777e7025662d702df7068d
2026-05-28,S07,K04,2026-05-18 12:00:00+08:00,0.1200000000,2645,16a763a1780a0b8284b43c02f1ed7f1fb9da6a2c51edd527701bb2ecaec87d57
2026-05-28,S07,K05,2026-05-18 12:00:00+08:00,0.0000000000,2646,f55ab9994b73dd2c72663eb2d0a3ebddd757c122fc1d787f7b62832d05e08c24
2026-05-28,S07,K06,2026-05-18 12:00:00+08:00,0.0000000000,2647,008a4ee7106f2cb3267549fd5cb4e3b234a613daf82a3375ac282b6e12cefa06
2026-05-28,S07,K07,2026-05-18 12:00:00+08:00,0.0000000000,2648,35ade9e05dbb5b29daf6937d3f0083b3d9a95fdba040c6223351600e71045111
2026-05-28,S07,K08,2026-05-18 12:00:00+08:00,0.0000000000,2649,fa6c9987f4fc57b761320cd7a52fb07a086708135277a26e16049c440fe7f42e
2026-05-28,S08,K01,2026-05-18 12:00:00+08:00,0.0000000000,2650,eec8edc679601f62e95b475d1a92e5f2301d7d1b450934bea17849672ecc7900
2026-05-28,S08,K02,2026-05-18 12:00:00+08:00,0.0000000000,2651,86fc738b8710cacc2a850c4df60198fb82c29279bc9bcf5f9a7a6851e531ab9c
2026-05-28,S08,K03,2026-05-18 12:00:00+08:00,0.1200000000,2652,00c8ad7caaed761155e42708ba79729b32bb6b5816712799b003a32e8364ca3a
2026-05-28,S08,K04,2026-05-18 12:00:00+08:00,0.0000000000,2653,680f1a87e83e5a9fa184abdc604ff2892e061f6c7628e82330d4bd6e3c4e0ed2
2026-05-28,S08,K05,2026-05-18 12:00:00+08:00,0.0000000000,2654,05bb9ec7a09eac020a398e229234e4f3a200cae2e248e24e79ce6e77cc79ac87
2026-05-28,S08,K06,2026-05-18 12:00:00+08:00,0.0000000000,2655,8a4b09c3de74979d0f47cbcc2d55277ff129ab39218792ee9ea1a66c0aba79f1
2026-05-28,S08,K07,2026-05-18 12:00:00+08:00,0.0000000000,2656,e240ffc9f1b95945989d141c045168fdbd2897e1771c51cb8a5e7d0f35e273ba
2026-05-28,S08,K08,2026-05-18 12:00:00+08:00,0.0000000000,2657,4aec48a5ceeb0fd3a1665e0e4729fc0609577942b9db2d671167fa3ac6f52b3d
2026-05-28,S09,K01,2026-05-18 12:00:00+08:00,0.0000000000,2658,467363b25fd8b0a9c5ded4082ba956b616c845c1ea8fd769209542e01fbfe44f
2026-05-28,S09,K02,2026-05-18 12:00:00+08:00,0.0000000000,2659,4133f177dab2fcc594786250c650682788f47af7b030a8ec324472f29c7ff5d8
2026-05-28,S09,K03,2026-05-18 12:00:00+08:00,0.1200000000,2660,bf2ed0ad0250ee79d4d3d6587168d7a0b0f6fdb4673d3e5e234f42e6d91aeee0
2026-05-28,S09,K04,2026-05-18 12:00:00+08:00,0.0000000000,2661,5baf327e5771fe983e2c39abe3854b6c19f05f89e1856e7bab260c43437444d9
2026-05-28,S09,K05,2026-05-18 12:00:00+08:00,0.0000000000,2662,2a2f5dbcbf9b1fb13c051cb2b9eafd0a15f47c3c7762c4b7b5afa279b808f1c2
2026-05-28,S09,K06,2026-05-18 12:00:00+08:00,0.0000000000,2663,0788649942ee821c42ea9a0c8a597ad744f142c2f467374106b134bf70ff3a36
2026-05-28,S09,K07,2026-05-18 12:00:00+08:00,0.0000000000,2664,9c3a7db6d6cddeda37ed132a31dad23f951bd6688c6a3a9450bb4e871edf1f15
2026-05-28,S09,K08,2026-05-18 12:00:00+08:00,0.0000000000,2665,24951a072aca5c3aba8bb8bd2d749c301b7fe8856055d2be5314f4e26e7bb117
2026-05-28,S10,K01,2026-05-18 12:00:00+08:00,0.0000000000,2666,9c7bfb2981c9d7e04564480b6e1f140cef81fd93f168332133ed002660d48b88
2026-05-28,S10,K02,2026-05-18 12:00:00+08:00,0.0000000000,2667,e6b09030cfbed2a1ef5be25b5cf6fbf1af6767b4c9d5a44f23b9446949886df1
2026-05-28,S10,K03,2026-05-18 12:00:00+08:00,0.1200000000,2668,dab7a8c7bc55ab29773a068bd2fdd81f8533ec8c68229164f94a012be8174822
2026-05-28,S10,K04,2026-05-18 12:00:00+08:00,0.0000000000,2669,41fb48f3dab6995163c1d1b29b76edfb5eb073a85cb3b210e0d745b500643568
2026-05-28,S10,K05,2026-05-18 12:00:00+08:00,0.0000000000,2670,634c148e64b041d3ce32ca47a2ac1ffc039c6acbc219a8a7b632edcbe562c0f4
2026-05-28,S10,K06,2026-05-18 12:00:00+08:00,0.0000000000,2671,cf50025af352383c22e082c073c1a15eb05fd104a3389df2af5ca99094233d0d
2026-05-28,S10,K07,2026-05-18 12:00:00+08:00,0.0000000000,2672,4e714013bef9b9cebd42c30363bdf008ff637cd8f38639197831535e1d82e5ab
2026-05-28,S10,K08,2026-05-18 12:00:00+08:00,0.1200000000,2673,8d6ea560f0c5cada8509147d79aad2fa1c3af2ebdf6cb1eae4ef65b9e2a30bfb
2026-05-28,S11,K01,2026-05-18 12:00:00+08:00,0.0000000000,2674,05961f362d5e16e7a4d958e47e8a9a6b9ac6fb8ee8bdb2bc0df6ef801e66d537
2026-05-28,S11,K02,2026-05-18 12:00:00+08:00,0.1200000000,2675,59e7135bd6d82da83a3bc5b12665a2508234934cc3b7650701ee77a6b03966e8
2026-05-28,S11,K03,2026-05-18 12:00:00+08:00,0.0000000000,2676,094d2c7b65598689937b158f830b7a0bd4fa7505d76a7eadcd424fce36cb4ee6
2026-05-28,S11,K04,2026-05-18 12:00:00+08:00,0.0000000000,2677,982af24d0f5a4d3de5913d8a4e4ba8d1df3687ecf77f60aa32e4cfdd0a5ebb1f
2026-05-28,S11,K05,2026-05-18 12:00:00+08:00,0.0000000000,2678,c41d57910234ba5ff9e1d4db4b480c285566c17868f786a5675144f5f3d75fec
2026-05-28,S11,K06,2026-05-18 12:00:00+08:00,0.0000000000,2679,98c7c075dff844e39ebfc31f9cdca28f1d2f1172bdf44ce48587b3a9081ab59d
2026-05-28,S11,K07,2026-05-18 12:00:00+08:00,0.0000000000,2680,5d3621b8688e2561dd56e81bfe2acaed5f3b99d1af3a86cd1d9b58ebd5d7644d
2026-05-28,S11,K08,2026-05-18 12:00:00+08:00,0.1200000000,2681,bd7769e33cdaef7cc23259bc50781b8e208b6806939343035194547a3e71342e
2026-05-28,S12,K01,2026-05-18 12:00:00+08:00,0.0000000000,2682,31e0c459f927703c068153c7e5a6db203c3796460299839fb8a644ebe3162740
2026-05-28,S12,K02,2026-05-18 12:00:00+08:00,0.1200000000,2683,f61b7693c47998f7608f3e1212327d27209cda5a4371f32be23558ff657b6ffd
2026-05-28,S12,K03,2026-05-18 12:00:00+08:00,0.0000000000,2684,bb5cdd19b8648e65863112dd8d03d72d97e769247b5fa16e3f84b45a6f749da8
2026-05-28,S12,K04,2026-05-18 12:00:00+08:00,0.0000000000,2685,79e90be9dd7104bbfe609f506942301f7a4bf83cad60f3eb277e3c5e4eedc05a
2026-05-28,S12,K05,2026-05-18 12:00:00+08:00,0.0000000000,2686,6ad3def160e64cf85c86a82545f68875ddc96ca69b1395c962cc66e72abe67d2
2026-05-28,S12,K06,2026-05-18 12:00:00+08:00,0.0000000000,2687,ba54d74994caf1b74e1c29acb470961e7e7eb8f0002b633b487a8437b00b3fe6
2026-05-28,S12,K07,2026-05-18 12:00:00+08:00,0.0000000000,2688,617471b9be25dd3b0facf7f1702d305c052daf2a01eb27902f64c1fd6fc692b9
2026-05-28,S12,K08,2026-05-18 12:00:00+08:00,0.1200000000,2689,5899a4d82fae4183d47b3016087f1c92bf6bcf8169f599da54d07e3e0ad1c035
2026-05-29,S01,K01,2026-05-19 12:00:00+08:00,0.0000000000,2690,5ddbb763b3b46d43b585db328ff3b0dc901fb9e8a354e37041d0ea68ce1d2dc8
2026-05-29,S01,K02,2026-05-19 12:00:00+08:00,0.0000000000,2691,6ade6cf66a0654e775c3285e976f7cb7ba2c340fe8b76af1f8b4387316392de3
2026-05-29,S01,K03,2026-05-19 12:00:00+08:00,0.0000000000,2692,412e0f1d09f32864b2e57c4273f7be43ccbacbae91a7a5be6afc69c2b578da77
2026-05-29,S01,K04,2026-05-19 12:00:00+08:00,0.0000000000,2693,16214ca01eb92d97fc312905a900c9b6760afe9c0d24cd3340ebf878f58bc099
2026-05-29,S01,K05,2026-05-19 12:00:00+08:00,0.0000000000,2694,e74902164df260fbf2b0b09dbe68e94182e1d27df4b35f6e401e083cf338d6c5
2026-05-29,S01,K06,2026-05-19 12:00:00+08:00,0.1200000000,2695,171113326f8053cdc8a14cfd34009f4821a6d898df466db58fbf136d5503d3b4
2026-05-29,S01,K07,2026-05-19 12:00:00+08:00,0.0000000000,2696,92469d4d89958a0efbedd49fd20c2ed0555af6005c0cc54d5cf25e80536e37ad
2026-05-29,S01,K08,2026-05-19 12:00:00+08:00,0.0000000000,2697,e820ccde183e5c8a7e58400a03040d9421ad73375fc47f43163e95c9fba5f8ac
2026-05-29,S02,K01,2026-05-19 12:00:00+08:00,0.0000000000,2698,f9699886b68196d8a1a6a099fbe56baadf9f910b11888b2d1553c0944949c536
2026-05-29,S02,K02,2026-05-19 12:00:00+08:00,0.0000000000,2699,3d5ccf19d0688906ea991659b82dab44a015d3e806c3385ebd44d46e235f5770
2026-05-29,S02,K03,2026-05-19 12:00:00+08:00,0.0000000000,2700,00da7050305cdca4469f648a33061c3633d8e60d21f319b2100e68a97ec3153b
2026-05-29,S02,K04,2026-05-19 12:00:00+08:00,0.0000000000,2701,78f15c7ee2f9d044af73ce6925b4887daa8ef954d58a1070db277b64857d520b
2026-05-29,S02,K05,2026-05-19 12:00:00+08:00,0.0000000000,2702,4822d044f5a52281f4efbbea5ab444387a51f475a093d044e17acbd893b7636e
2026-05-29,S02,K06,2026-05-19 12:00:00+08:00,0.1200000000,2703,38c3bd45788f505308dd20940b9f5f1c4f2135f5717a1f2f6a8f7d782365d1ba
2026-05-29,S02,K07,2026-05-19 12:00:00+08:00,0.0000000000,2704,821b261cb67cf661fcf826d09d64b44f4acf4b96916e9ca8d53059c40040dd1f
2026-05-29,S02,K08,2026-05-19 12:00:00+08:00,0.0000000000,2705,32ca8b02b4d36f42cf40b864d1f889386bac0d0d5c35cfec6a927a01e3c75b63
2026-05-29,S03,K01,2026-05-19 12:00:00+08:00,0.0000000000,2706,a5ddf6011af539801f6f13af7c18049446bcdb4c5c067d7e66ba24baafed7ea8
2026-05-29,S03,K02,2026-05-19 12:00:00+08:00,0.0000000000,2707,a64b61eaba31d987374aa2efb8aa40404b6e5353cba9a4ebc1972c167a62f542
2026-05-29,S03,K03,2026-05-19 12:00:00+08:00,0.0000000000,2708,9b5a209faa9ef5c51ad39e6618d5dd76e4682e3bc3bd306af8b7e9b1bce8a228
2026-05-29,S03,K04,2026-05-19 12:00:00+08:00,0.0000000000,2709,12d66d4423490144324d596ba5be5d895563c528092345840074cbe805fba36c
2026-05-29,S03,K05,2026-05-19 12:00:00+08:00,0.1200000000,2710,f11c3175ad6ba0c9bd26734674e3fdc93ce7b03f132b9edd02db00188b349c63
2026-05-29,S03,K06,2026-05-19 12:00:00+08:00,0.0000000000,2711,7316bd37bf3600a5b70919fa8e6bc218998a73593d1e90f9962f93eb0b725f85
2026-05-29,S03,K07,2026-05-19 12:00:00+08:00,0.0000000000,2712,74067fe0dfe63245cc6159dc4a9e9cd077c4374565505a54c0c85efb43f121b2
2026-05-29,S03,K08,2026-05-19 12:00:00+08:00,0.0000000000,2713,495957845a9bdb28d4415aee0f7acf16e61301c9c650a025ed7504387ef891f3
2026-05-29,S04,K01,2026-05-19 12:00:00+08:00,0.0000000000,2714,2b8e554901ea47785ac7149fe53602c4e428289cd88384ae7f10e72b8e4c4ad3
2026-05-29,S04,K02,2026-05-19 12:00:00+08:00,0.0000000000,2715,3c55f1c35d36b5aefaa00f1843de4d794639aa3eb45b599bcc7880789a5f8e32
2026-05-29,S04,K03,2026-05-19 12:00:00+08:00,0.0000000000,2716,269f1e655adcda10fc547f89c13b66cc2a15e2de012e8d0c164686a119cfbb72
2026-05-29,S04,K04,2026-05-19 12:00:00+08:00,0.0000000000,2717,3666f7a96cb6de572ccb237f3da886bbdf94d1dae1f0a0588ef127b9ee9b01a1
2026-05-29,S04,K05,2026-05-19 12:00:00+08:00,0.1200000000,2718,7a70c92b8be6954c601909efa588ca92bc43a0614954f627189b65489a307835
2026-05-29,S04,K06,2026-05-19 12:00:00+08:00,0.0000000000,2719,48fc19be89f24b36f39ed53d4c1621f79c5e90423336ebabc440c121ca560289
2026-05-29,S04,K07,2026-05-19 12:00:00+08:00,0.0000000000,2720,2c23320dcb447caf12464d5822c21c80999440fd2fcd5601a805c5536736b65a
2026-05-29,S04,K08,2026-05-19 12:00:00+08:00,0.0000000000,2721,5acee7c17a912460ed68b0cbdd6cc5e8ee480bce12d9f5246db13423f32a40f0
2026-05-29,S05,K01,2026-05-19 12:00:00+08:00,0.0000000000,2722,dad0d614048aae8d916cce26621a8e7babf3306cf4472c66645ade64a68f3426
2026-05-29,S05,K02,2026-05-19 12:00:00+08:00,0.0000000000,2723,d8bccec190515339b92dda5223d51b3da902f25337f369483655bf053c9638f6
2026-05-29,S05,K03,2026-05-19 12:00:00+08:00,0.0000000000,2724,c7b44d3a8c3012aa2e4504d27941f5e3bc06108b920c87c73d430d304af20367
2026-05-29,S05,K04,2026-05-19 12:00:00+08:00,0.1200000000,2725,897998c5aedbf1cfc598c616ac5459ad21ac0f165796879f51884a64f109e9ce
2026-05-29,S05,K05,2026-05-19 12:00:00+08:00,0.0000000000,2726,ae0962ff0f7aaab8735049c1aa2d64a623eceffb8994d5a775a0eb97b3001924
2026-05-29,S05,K06,2026-05-19 12:00:00+08:00,0.0000000000,2727,0a60205c730cbbe11648e9494ebb10abc2ada2f2f6e560fbd105ead7018b2bc7
2026-05-29,S05,K07,2026-05-19 12:00:00+08:00,0.0000000000,2728,51d6d26348c0058828edc2c974b8aaa91425f7c699fdbe036b49f0e0dfbdbd6f
2026-05-29,S05,K08,2026-05-19 12:00:00+08:00,0.0000000000,2729,925a6fb5c9d3ed2f6db2bd3d7632a5b926c941646dad09f8786d804b872cec0a
2026-05-29,S06,K01,2026-05-19 12:00:00+08:00,0.0000000000,2730,c26392ec6f10f8233aa3ca4aa113af3b65609cce75883cf99f6b4b247854aadc
2026-05-29,S06,K02,2026-05-19 12:00:00+08:00,0.0000000000,2731,9f7ef045934acb7faf84d0fa952090d23890bb8ed9cc596a054f22f0c65dcd7f
2026-05-29,S06,K03,2026-05-19 12:00:00+08:00,0.0000000000,2732,563a38fdf69e452d43a27ba40ec878d4d15b0b364d98cc328de1a61b29fd812c
2026-05-29,S06,K04,2026-05-19 12:00:00+08:00,0.1200000000,2733,eef47efe8831483eba41544e3498bbfca48cb0e07f826cb2a4183e3f6a1d7cdd
2026-05-29,S06,K05,2026-05-19 12:00:00+08:00,0.0000000000,2734,0fec5911bf94007feadd21261291da6f881ccaabe2ca5d6e2b24d3efe5b4ab9c
2026-05-29,S06,K06,2026-05-19 12:00:00+08:00,0.0000000000,2735,34e7ca73a9814f5eb512987b9bdf95dfa57465f4b413e888fc2f618afae75371
2026-05-29,S06,K07,2026-05-19 12:00:00+08:00,0.0000000000,2736,a9aaebbc69370ba4ac6694e1ee7fbd606c28b56040c9c42ac519f75548bec7d8
2026-05-29,S06,K08,2026-05-19 12:00:00+08:00,0.0000000000,2737,0927f8a0a23637db3e60e336c1b1b8e13f305e3c5cd590cfa63c83680d190f63
2026-05-29,S07,K01,2026-05-19 12:00:00+08:00,0.0000000000,2738,9f91a098505579c196e01989d9b646f43fcacb9bd25472059ea076ef838d9fc3
2026-05-29,S07,K02,2026-05-19 12:00:00+08:00,0.0000000000,2739,f7033f2a43b4814b87ee73054898fc8c872762024934a44f10c709dbf7929ff2
2026-05-29,S07,K03,2026-05-19 12:00:00+08:00,0.0000000000,2740,970d5d123b95c1bc9f23ceb8dc5767333464338cbf93470b1ccddd97012f69cb
2026-05-29,S07,K04,2026-05-19 12:00:00+08:00,0.1200000000,2741,2395f7ce3d265fc10102592fa5a9d6420e5ba7fff8c3c6467e89918925941c1b
2026-05-29,S07,K05,2026-05-19 12:00:00+08:00,0.0000000000,2742,dad65cb14b94b0569a2ad562bb233c0fafe0fdcf7a765e8e6dd2000328209d4f
2026-05-29,S07,K06,2026-05-19 12:00:00+08:00,0.0000000000,2743,db3f7ea52e7eff33e6bc64ff1cc4fb1d52ee8da4851193ffbd7daac72b9a7a55
2026-05-29,S07,K07,2026-05-19 12:00:00+08:00,0.0000000000,2744,12b996c6a595caa881ff4f2b69a583d5cdf11b6a87674dd584255fcb60165bd8
2026-05-29,S07,K08,2026-05-19 12:00:00+08:00,0.0000000000,2745,b46d07a41f3b715b0781d4c91aeda514a0f83cdceb82e92ddf528bbc7f6475b5
2026-05-29,S08,K01,2026-05-19 12:00:00+08:00,0.0000000000,2746,8a2f6ff699d9dc91c0712a8d81583482761519fb60667e80d29bb03a68a08665
2026-05-29,S08,K02,2026-05-19 12:00:00+08:00,0.0000000000,2747,f24289fd481e45239fd04f3763bac243793730c893ec0f0ba784b8ae6dc8eaf3
2026-05-29,S08,K03,2026-05-19 12:00:00+08:00,0.1200000000,2748,055b12516d706ba57144453724d0bb63260bae5b603c0dca6fc27b284181b55d
2026-05-29,S08,K04,2026-05-19 12:00:00+08:00,0.0000000000,2749,1da552244d93c4ece1b41c3a2c7c73c39032e58bcf6f91ca6eb57b93b2168d59
2026-05-29,S08,K05,2026-05-19 12:00:00+08:00,0.0000000000,2750,6584715bd92408a2bfc31912711874175250fd90e022252baff367e8be9886ee
2026-05-29,S08,K06,2026-05-19 12:00:00+08:00,0.0000000000,2751,d311c0f4386a3b6a1a485211176018b5bf58ad0c0265a2323ae33aa9f3254fed
2026-05-29,S08,K07,2026-05-19 12:00:00+08:00,0.0000000000,2752,fa82a1c376a35fbd37688666b874386168f0bcd96f73bb542b97ac34666f761a
2026-05-29,S08,K08,2026-05-19 12:00:00+08:00,0.0000000000,2753,0339fdedba33db00b9632bb236269bace1236d5668a748d0c1ddb9f633e19a02
2026-05-29,S09,K01,2026-05-19 12:00:00+08:00,0.0000000000,2754,c0dcb0578c04c9218a251e2000534bebfc984812ae3d70694a4b61d824c077ba
2026-05-29,S09,K02,2026-05-19 12:00:00+08:00,0.0000000000,2755,6d9f19785184cd8cd9a4fc109906f7bf081bb9e7ce1ac9a40b24357db89a9743
2026-05-29,S09,K03,2026-05-19 12:00:00+08:00,0.1200000000,2756,2142615735c54fefbf4516c9accafe1c8a5487dc676025573f49e2adfee07650
2026-05-29,S09,K04,2026-05-19 12:00:00+08:00,0.0000000000,2757,58da9d8afa066237c6214b9d81193b98aef1f43fa789d43b305bf3ebcf8e7b32
2026-05-29,S09,K05,2026-05-19 12:00:00+08:00,0.0000000000,2758,cc4c6a0b2465bed35d81e08b882d5a4c6a91699a709830bfddbbfa9ae1ecc2f8
2026-05-29,S09,K06,2026-05-19 12:00:00+08:00,0.0000000000,2759,18e28a42506d1d170546aef5cf78879694c565a7b8bdfd2503bc6ea989163683
2026-05-29,S09,K07,2026-05-19 12:00:00+08:00,0.0000000000,2760,0657c42273c317eafb9a47ffe4c1d415c91323a629c6852304498c4bdaddbf49
2026-05-29,S09,K08,2026-05-19 12:00:00+08:00,0.0000000000,2761,ca83179224a87df9d5609880532724f3b66e3bfd0d1c9c38fbf11cdcd259c212
2026-05-29,S10,K01,2026-05-19 12:00:00+08:00,0.0000000000,2762,98b6e433ba88939c3cf41b80c4cae265d390efa706a9ac1c1ece437d3677e47d
2026-05-29,S10,K02,2026-05-19 12:00:00+08:00,0.1200000000,2763,23dfd7e2b11ce38780c383471cec81d97323e63ef6309f296614a331fa9b014a
2026-05-29,S10,K03,2026-05-19 12:00:00+08:00,0.0000000000,2764,e4d1acbf06ab34dc588011a547fd00148e8158dc5f073302da66a7fecbe04b73
2026-05-29,S10,K04,2026-05-19 12:00:00+08:00,0.0000000000,2765,eec681401aa74dd56798d756940233727f15624dab3db3af040f2d324181f75d
2026-05-29,S10,K05,2026-05-19 12:00:00+08:00,0.0000000000,2766,570eb9394729950d09d6b27e05c98a1db8c4dfe373132f561cf0635b3e161a54
2026-05-29,S10,K06,2026-05-19 12:00:00+08:00,0.0000000000,2767,a8cb0b8e2ae9875f48b629f67acd8c9a74aa5d917e07a352335b96596107287e
2026-05-29,S10,K07,2026-05-19 12:00:00+08:00,0.0000000000,2768,4c5459b579f4cf2027c664207e0297d11d2865aee746455650109c95709851d8
2026-05-29,S10,K08,2026-05-19 12:00:00+08:00,0.1200000000,2769,953aeb8b97272725630bd339eb2778bc614e27b134bb40b7f489766420450371
2026-05-29,S11,K01,2026-05-19 12:00:00+08:00,0.0000000000,2770,19d4857c937a8b35def73eeef61e40e3bdf6349180f6b51b82f5242b8e7066dd
2026-05-29,S11,K02,2026-05-19 12:00:00+08:00,0.1200000000,2771,51780adfac2828648445c3bb3c59c928de7e9096ccbb2bf83851a6a072161058
2026-05-29,S11,K03,2026-05-19 12:00:00+08:00,0.0000000000,2772,af8f3d1a9b2d35fcc26d34d43f0181e60e9a4c06558ccc7b9281af97a5b65e69
2026-05-29,S11,K04,2026-05-19 12:00:00+08:00,0.0000000000,2773,867d8435c3a0504f14f4423616e222c755497585ce9138bce2bee7ef1427b21e
2026-05-29,S11,K05,2026-05-19 12:00:00+08:00,0.0000000000,2774,33a7fc6dcd67b29aa7c2eb6ec43c863899e1ee09503d79191e0655f312e3c215
2026-05-29,S11,K06,2026-05-19 12:00:00+08:00,0.0000000000,2775,7a299f0f85a6baaac907199c475d9afad26472fee7e78a6fc37164168b60e469
2026-05-29,S11,K07,2026-05-19 12:00:00+08:00,0.0000000000,2776,fcf7f3eb57a30640331a7409d611eba9cbd5b3c6f45dc2eae08550bad3d2a298
2026-05-29,S11,K08,2026-05-19 12:00:00+08:00,0.1200000000,2777,dd9fd5f1663db1e20f6a62d56b4ef5f61c38222d30516dcb83f229a73397a126
2026-05-29,S12,K01,2026-05-19 12:00:00+08:00,0.0000000000,2778,04a4f0124f479bc1f5db949c21fe1d9069cf9f7417574c736d8be93445b71b0c
2026-05-29,S12,K02,2026-05-19 12:00:00+08:00,0.1200000000,2779,b882e5c648006a67228691467f4d679490a813dd5c855b591b82a1a3c4bca6e0
2026-05-29,S12,K03,2026-05-19 12:00:00+08:00,0.0000000000,2780,cf50c7e195d568969cb9db4a4dc4f601f20346727732e9d8ee27aee3e45c46a5
2026-05-29,S12,K04,2026-05-19 12:00:00+08:00,0.0000000000,2781,87d8cccaaaad4a6680457895e9bd60e46a966634c698cd16af1c4c42e9b4d770
2026-05-29,S12,K05,2026-05-19 12:00:00+08:00,0.0000000000,2782,8cb1ac2c34f7e4d8ddb8bea23c5530da81df8142a19cfad04cd5fccc174f6215
2026-05-29,S12,K06,2026-05-19 12:00:00+08:00,0.0000000000,2783,07cccf748d1cc51bb232b8460e3bed11cbb55c13b8c19d1ce2017979c08f3dd5
2026-05-29,S12,K07,2026-05-19 12:00:00+08:00,0.1200000000,2784,b2ae025836f705d3d19730528d81a8a9086cb8b8a431f86e2bfbf0ce70a51603
2026-05-29,S12,K08,2026-05-19 12:00:00+08:00,0.0000000000,2785,c316be812df03eff7b686d32880c8953c560c9268520b53ee3081321a69663e8
2026-05-30,S01,K01,2026-05-20 12:00:00+08:00,0.0000000000,2786,12ce1c72a7517cd095e6c9ee32b2a56130d82ecb454191ffb00b28c5e08ca084
2026-05-30,S01,K02,2026-05-20 12:00:00+08:00,0.0000000000,2787,23549167e256138e52cbe6d37cf3f7521299c25f6c67391a199b0fa3affe2f76
2026-05-30,S01,K03,2026-05-20 12:00:00+08:00,0.0000000000,2788,e5ec38e1352e7bb9c68c8318d3d030020c2f442d97e7b9a194e8c5be765b6e92
2026-05-30,S01,K04,2026-05-20 12:00:00+08:00,0.0000000000,2789,c31f296c8d0eef696d1f5a1aa9b164640b24a8e0d963abae2f95c622e77f536b
2026-05-30,S01,K05,2026-05-20 12:00:00+08:00,0.0000000000,2790,5e149cf100b69e7eb3ff400f7d066234e7de8d1e32ea6ccf780f3f3403d3609c
2026-05-30,S01,K06,2026-05-20 12:00:00+08:00,0.1200000000,2791,e149f408923937c1d7dd5b861e4aba9bda5b391f44227c8fcd8a935a7080ddb6
2026-05-30,S01,K07,2026-05-20 12:00:00+08:00,0.0000000000,2792,8b0a38752f33ab93a6aefa3fe5747afb6c4c50c0e312f66a0fcf646c2161e07c
2026-05-30,S01,K08,2026-05-20 12:00:00+08:00,0.0000000000,2793,f6f7917a96f199949fdf9e7a7ff6edefe4c39a48b1cf7e247b05b8ce0fe5a0b7
2026-05-30,S02,K01,2026-05-20 12:00:00+08:00,0.0000000000,2794,ded530bc7cfc9d3f5f6da9968f687fabc854beb7211fed046d438e01bcaa8e34
2026-05-30,S02,K02,2026-05-20 12:00:00+08:00,0.0000000000,2795,08f2ec5984ebc8c12fa1f56710580a10325158f0f29f8eb40baf04d057d7fe27
2026-05-30,S02,K03,2026-05-20 12:00:00+08:00,0.0000000000,2796,996439aa33c76c256475d698c804bf5af169a763b2e3ee3d2f08643e4a7d0c3f
2026-05-30,S02,K04,2026-05-20 12:00:00+08:00,0.0000000000,2797,57e858601d8b3644d873b0942763e99329e83e688b50b5bcdeb6cc98fa7c35d7
2026-05-30,S02,K05,2026-05-20 12:00:00+08:00,0.1200000000,2798,6b5b4d478249d9db4e01cae7dba2b80a153f9cbedb9261bcdd2b4bc033f4daa8
2026-05-30,S02,K06,2026-05-20 12:00:00+08:00,0.0000000000,2799,152f9ec47aed696302a45ab84bfbf41e4cb47028cf957b0a5481bcaf59a66c7a
2026-05-30,S02,K07,2026-05-20 12:00:00+08:00,0.0000000000,2800,431cba624e405660814e66011d4e2590c38c3e14976c7d2f668af0a87f58f04e
2026-05-30,S02,K08,2026-05-20 12:00:00+08:00,0.0000000000,2801,147be3f094719136345682aa4829c0191a18f339a061aace6988bc1a38d36bd6
2026-05-30,S03,K01,2026-05-20 12:00:00+08:00,0.0000000000,2802,73dff6b718778f1d823f474ee30fc45867ee518f8378d92437044ec785d0343a
2026-05-30,S03,K02,2026-05-20 12:00:00+08:00,0.0000000000,2803,308235de06b3e913c1dbaea45a0f0d195ebdcafa69ce46557b63aed2a82b2818
2026-05-30,S03,K03,2026-05-20 12:00:00+08:00,0.0000000000,2804,4b7932426c1dc0abcf88f41f288fc4166a79ce77ef8d71abfd6a390d12c91d31
2026-05-30,S03,K04,2026-05-20 12:00:00+08:00,0.0000000000,2805,6b268436d2ce2f3d43c16327797a2f7242d1f1c307d7cb92aaff1f88bccaf727
2026-05-30,S03,K05,2026-05-20 12:00:00+08:00,0.1200000000,2806,47b8a99966d6c58453909ac9740ee7053f7d8e719de93cef379ec1d3923f5751
2026-05-30,S03,K06,2026-05-20 12:00:00+08:00,0.0000000000,2807,26fa9f6aa48d89bad0ab00efcf6709ebd073a366e55d6121d6bcd5a23abedc95
2026-05-30,S03,K07,2026-05-20 12:00:00+08:00,0.0000000000,2808,a5ace8e77f8a5f813ac53af5adee8a2de60f2e751e5b06ad48328ef7530baa71
2026-05-30,S03,K08,2026-05-20 12:00:00+08:00,0.0000000000,2809,e29ecc85599c47abc71d58f1cd6fc82128c71d1f683cb7237a30b2d528e85dc4
2026-05-30,S04,K01,2026-05-20 12:00:00+08:00,0.0000000000,2810,ca5646e62e059ad8d9b5d5ebb90bcc2e16bcee51d8356c2d7927b5df2a048890
2026-05-30,S04,K02,2026-05-20 12:00:00+08:00,0.0000000000,2811,b3cee31b05c5e3eaa7c9bcf5b7570ec70caabce21589d119d18a3da095ae2c5d
2026-05-30,S04,K03,2026-05-20 12:00:00+08:00,0.0000000000,2812,eb5386a8fc273c0cf093ba25a22545d0af76feccd0268b7430b4bd9414dff0df
2026-05-30,S04,K04,2026-05-20 12:00:00+08:00,0.0000000000,2813,acb463509d633c70c8b78a70e680fc44181e9114061c320d1eadd58ddd6b6b0a
2026-05-30,S04,K05,2026-05-20 12:00:00+08:00,0.1200000000,2814,4e61dd6dfa58e79a4a479a6d2a31111416a3779527cbef668ca3a41c60371820
2026-05-30,S04,K06,2026-05-20 12:00:00+08:00,0.0000000000,2815,f5846c2bfd2cb16843b9f7605cad293db0bd11df392d238b4e16deb1094231b2
2026-05-30,S04,K07,2026-05-20 12:00:00+08:00,0.0000000000,2816,e506302fa7a22ac13d77ff9804e6cd8e6a2acb60cd362dc870dbbeee3f834654
2026-05-30,S04,K08,2026-05-20 12:00:00+08:00,0.0000000000,2817,affeb180ac7350630fc1a5e793e9f4f7884e311928f2163eb99287c20792934f
2026-05-30,S05,K01,2026-05-20 12:00:00+08:00,0.0000000000,2818,0c20113a7888afdab94448adbe48e1c2fbd2b721e6370a9d91e97e1f2d9fefc6
2026-05-30,S05,K02,2026-05-20 12:00:00+08:00,0.0000000000,2819,7c2afe3ed5f4c9855592e2d5c56633628b84c37e86bde693e90933c823e2f4cc
2026-05-30,S05,K03,2026-05-20 12:00:00+08:00,0.0000000000,2820,066e03d43845767f8124f687ba9ac9b09b05649dec04807a58985cbdc7b393c4
2026-05-30,S05,K04,2026-05-20 12:00:00+08:00,0.1200000000,2821,178d61239dbff659943b6e032c085376ebcf3dae76390ca6562b14bbd6036ce4
2026-05-30,S05,K05,2026-05-20 12:00:00+08:00,0.0000000000,2822,6f0eefac5f2d15e16850669b5a49b806a81017bdf2c18395c90c50d57bf828d4
2026-05-30,S05,K06,2026-05-20 12:00:00+08:00,0.0000000000,2823,f3bc99126f14569523ea4745b8254cebd35fedc07fab85890bd81d01dc9c2862
2026-05-30,S05,K07,2026-05-20 12:00:00+08:00,0.0000000000,2824,ae03bb734e387ddec337114c9b14a50f1099988b1c1e45cf80a7e9569c91a697
2026-05-30,S05,K08,2026-05-20 12:00:00+08:00,0.0000000000,2825,b90204a680a9d5903b372c13557d3656b00f4ec5573f0bac608a661375f88f6f
2026-05-30,S06,K01,2026-05-20 12:00:00+08:00,0.0000000000,2826,83f407325cba61f2a6e823b65724280168cb0db464ede56ccb1208ee074e3569
2026-05-30,S06,K02,2026-05-20 12:00:00+08:00,0.0000000000,2827,a168471fec9a66ca533be640e841e470f23aede26d0c8ab6a1fcfb529e08fe2c
2026-05-30,S06,K03,2026-05-20 12:00:00+08:00,0.0000000000,2828,48c85361caecf1cd303154a48fe172aa42a39d51d0ba03d088104fca26b72910
2026-05-30,S06,K04,2026-05-20 12:00:00+08:00,0.1200000000,2829,21b538ccc6c23a9daf45ccdc315b042be7a9e8eebec4ed76046404125cedca23
2026-05-30,S06,K05,2026-05-20 12:00:00+08:00,0.0000000000,2830,2cc7809cf6c1cacbdda6316df2954578952fb2cb925c2270657ca5275e4d12ae
2026-05-30,S06,K06,2026-05-20 12:00:00+08:00,0.0000000000,2831,c8cdd7cb0adc3abd65eca271156a42d587c3315f91e7f2c58108a06fe702583e
2026-05-30,S06,K07,2026-05-20 12:00:00+08:00,0.0000000000,2832,8dd2ce7381df4325f6a79fc39f3c92ed075475f88e33461f3299eb91c4a56266
2026-05-30,S06,K08,2026-05-20 12:00:00+08:00,0.0000000000,2833,7d71b4f7aa1b7fc6ba94698601b74b5c33746f78232c79d146ac6c92c5465fbd
2026-05-30,S07,K01,2026-05-20 12:00:00+08:00,0.0000000000,2834,a6a930f900fa4181803281dc7628ac8f1e040f9e4070db3d47c05665610fde91
2026-05-30,S07,K02,2026-05-20 12:00:00+08:00,0.0000000000,2835,71fa45dcb93f9f1468d439f9cb14df9f84d386480a3689981c03999e1ef0e7a0
2026-05-30,S07,K03,2026-05-20 12:00:00+08:00,0.1200000000,2836,1791d2757de1b2197bbd47c99030185fb3d9179dec8e141c33aaeb38cea3716d
2026-05-30,S07,K04,2026-05-20 12:00:00+08:00,0.0000000000,2837,a752e7fc60d31deac35e2511b8099876fb37cd162d1967b5f8f1c0e62576bae7
2026-05-30,S07,K05,2026-05-20 12:00:00+08:00,0.0000000000,2838,b6287bc5ec91902c9557b47591dce52a6852cec978b46a5b5f16dfb4bf8dfb1b
2026-05-30,S07,K06,2026-05-20 12:00:00+08:00,0.0000000000,2839,1a2c182f56dbe1ea978f8a33cc1ce7402bb424498273ca8dfbb696ee145d484c
2026-05-30,S07,K07,2026-05-20 12:00:00+08:00,0.0000000000,2840,c52b42e4b9aa2826aecdccf3925547e96c586134a201648f9f37ba9490d3f155
2026-05-30,S07,K08,2026-05-20 12:00:00+08:00,0.0000000000,2841,24c03082527e167458b79ef4aed66a75b1937c2631f03c33345a3460c6aa4ab1
2026-05-30,S08,K01,2026-05-20 12:00:00+08:00,0.0000000000,2842,bcb630241b80f762d8cea00fc6404d22ca2bfb249cabf3f2b710204923e4f0d2
2026-05-30,S08,K02,2026-05-20 12:00:00+08:00,0.0000000000,2843,815fb8190cc067594d5d1149c50e25bf7d00a37e3eb61ffd90c0bb74785921c1
2026-05-30,S08,K03,2026-05-20 12:00:00+08:00,0.1200000000,2844,70ffd9c556604505f8c14dc31f0ae71b4ccb8119a786c8da167c5833d376ac57
2026-05-30,S08,K04,2026-05-20 12:00:00+08:00,0.0000000000,2845,c8739043732095f121389984e65809985ca1e5d188d18a9d6c2fd38f2a5a0799
2026-05-30,S08,K05,2026-05-20 12:00:00+08:00,0.0000000000,2846,bf1551b0cce57a56c24567b70aeaa74c0d38ba1efffac7952cbceca998bb200f
2026-05-30,S08,K06,2026-05-20 12:00:00+08:00,0.0000000000,2847,18f58649f6662c762f9b8536d2d5fb4b8441703c73ff6b7ee43f839741686161
2026-05-30,S08,K07,2026-05-20 12:00:00+08:00,0.0000000000,2848,57aeb9d4a85a05f084e1eb225957d257c92691d20a7f12f150e9c35be76a716c
2026-05-30,S08,K08,2026-05-20 12:00:00+08:00,0.0000000000,2849,9b57216e115654f938a79b5f3ee741b0961f04461fcd8283a1d5808ea09c3b9d
2026-05-30,S09,K01,2026-05-20 12:00:00+08:00,0.0000000000,2850,0954fa80b05bd795efd66c013b469ad16d5c60b998be2a2e427c117ae1e46d45
2026-05-30,S09,K02,2026-05-20 12:00:00+08:00,0.0000000000,2851,256f23dd72f9898844645304c04826b540db98c6f647df3b9b662d8713b984d0
2026-05-30,S09,K03,2026-05-20 12:00:00+08:00,0.1200000000,2852,01917051e20aeb9912cdbc5dab18e2e5b43acfd67f6430ebef062498c5bd5d7c
2026-05-30,S09,K04,2026-05-20 12:00:00+08:00,0.0000000000,2853,7b29baf6e9e2246a391119e02d0e78fefb5a3ca36f1a7583657d63dc31536949
2026-05-30,S09,K05,2026-05-20 12:00:00+08:00,0.0000000000,2854,a3941d25f4facfdd2cc049a5fdcd30bd806ffbb2d2efa43ba7ecb749222405dc
2026-05-30,S09,K06,2026-05-20 12:00:00+08:00,0.0000000000,2855,e1fbcd437bcf8f99f2536088174112b5279078e6be83ea4e69de05e651e5ed29
2026-05-30,S09,K07,2026-05-20 12:00:00+08:00,0.0000000000,2856,828bc86d2537561187ea0d69cf6536d9c4e44a0dbf0da5b7b02c520342a2270d
2026-05-30,S09,K08,2026-05-20 12:00:00+08:00,0.1200000000,2857,19a6368070adfecdb366826f7c5ace091f72976c6724f71b20a24ae267a8fc58
2026-05-30,S10,K01,2026-05-20 12:00:00+08:00,0.0000000000,2858,b4e904296fb516a0fae174a0f98ccd7c7c106f8506993903398a18160f780f23
2026-05-30,S10,K02,2026-05-20 12:00:00+08:00,0.1200000000,2859,a0b0dbcd8f3a7c1e358e22732d4bd95582c33787c22ad72fa6cb68d85c532bee
2026-05-30,S10,K03,2026-05-20 12:00:00+08:00,0.0000000000,2860,96d1cff646c15ad7fa900db7a63849ef562ae8696e775407b5755f2f732c1ddd
2026-05-30,S10,K04,2026-05-20 12:00:00+08:00,0.0000000000,2861,1230070892052898c2d45da26d1303ba8f579ef3cc8961f57be8e867af130074
2026-05-30,S10,K05,2026-05-20 12:00:00+08:00,0.0000000000,2862,8022b3756f9ae9b1994b86ab4a85c3439fc21414e02f7f572fe4e5880f97f6cb
2026-05-30,S10,K06,2026-05-20 12:00:00+08:00,0.0000000000,2863,e1ffc91d73d34a2d8a73a0171dec96cc16881853039086b4b9a0a31a73cd90cc
2026-05-30,S10,K07,2026-05-20 12:00:00+08:00,0.0000000000,2864,61dfbfc3829bc325726089ee35051e50ffb97ded4017fca08c26a1db2f59f257
2026-05-30,S10,K08,2026-05-20 12:00:00+08:00,0.1200000000,2865,55d453f274dd55f3bad9aacf2c2396289310984a7600bbd65bdc311394282f8e
2026-05-30,S11,K01,2026-05-20 12:00:00+08:00,0.0000000000,2866,e4d3de1ce403b03a488d7fff5e11ba13d8bd50cfdc9bb1f3d5c6f78f73ab9d00
2026-05-30,S11,K02,2026-05-20 12:00:00+08:00,0.1200000000,2867,ddc15f6b582baf60b2cfe3d52f4b5195592bedff3c4727c65d2de151c340d1a3
2026-05-30,S11,K03,2026-05-20 12:00:00+08:00,0.0000000000,2868,7ab6a3c1e5a2ba1051facd8a8f380ea3c12bfb255226d2af77b731c7f43acc22
2026-05-30,S11,K04,2026-05-20 12:00:00+08:00,0.0000000000,2869,619bda1d97381068373375da0cc6572773aef38b61c2b99d5e492b80518c5f07
2026-05-30,S11,K05,2026-05-20 12:00:00+08:00,0.0000000000,2870,6393c26603bc02b0f43be7109d6fb27b1fbb83829e0c633993bb18c516c6390e
2026-05-30,S11,K06,2026-05-20 12:00:00+08:00,0.0000000000,2871,8f8abfc4ab60bf3f28ee347dfa475d50439fcb53db8334b568104c6ca31b8ce3
2026-05-30,S11,K07,2026-05-20 12:00:00+08:00,0.0000000000,2872,2ad7aef2ed7c2a9f51d26e0a567ad71be87ad92d3985cd55a42118978b6d636e
2026-05-30,S11,K08,2026-05-20 12:00:00+08:00,0.1200000000,2873,49ea8fd77cc53eb01c23e46d5fea056a99672871599b4730776d2ea0c93cd410
2026-05-30,S12,K01,2026-05-20 12:00:00+08:00,0.1200000000,2874,7f0fca31d8ce9369dcef3efa53845452c4eeba4b724231b235384df72c8d2626
2026-05-30,S12,K02,2026-05-20 12:00:00+08:00,0.0000000000,2875,5de571ebb43684bc92262b815db08d9331b08a8844378019cf1410f12a0b10ac
2026-05-30,S12,K03,2026-05-20 12:00:00+08:00,0.0000000000,2876,5e21be60fac31a23a9b74c63ac335f9d79080ff890caeb0521aa1cd691c5d4fb
2026-05-30,S12,K04,2026-05-20 12:00:00+08:00,0.0000000000,2877,641e8c6ebf21c5ba6b93f37e4a6431f1ad2162dfd7fca905159e70bee4944938
2026-05-30,S12,K05,2026-05-20 12:00:00+08:00,0.0000000000,2878,9db24a692971b10688741de58f6e3969a09050637d41437e386bbe779d3505c6
2026-05-30,S12,K06,2026-05-20 12:00:00+08:00,0.0000000000,2879,5838d1d010c49f4132be80cb552b8b075e8390303b0ec73b5c0891a7b7292fe5
2026-05-30,S12,K07,2026-05-20 12:00:00+08:00,0.1200000000,2880,c3bb1d9638ce5d1230f0a46c64c834b7684f48625072a9a344c91260fccec8fa
2026-05-30,S12,K08,2026-05-20 12:00:00+08:00,0.0000000000,2881,c647eba242815ceb954ea1daeed6adf8852d22a05ce94fc962170fc99c3fd23e
2026-05-31,S01,K01,2026-05-21 12:00:00+08:00,0.0000000000,2882,df0760737a4931f07707bdde19ff28ac1c12c3bdbf583507c89baabfb291d8d9
2026-05-31,S01,K02,2026-05-21 12:00:00+08:00,0.0000000000,2883,590b93698e1198aa0db1fc537928e03ada938bbdcfaaca7a080f93b3620d8d4c
2026-05-31,S01,K03,2026-05-21 12:00:00+08:00,0.0000000000,2884,bf8a42c78c5cee1d599324a4c1d4e7e6ed00fce4a1d8b7e84819d90dce6f40ff
2026-05-31,S01,K04,2026-05-21 12:00:00+08:00,0.0000000000,2885,be2906e5696b8fe7be94ad14b959a86ed01ae807265d907588b8d4e22fbef659
2026-05-31,S01,K05,2026-05-21 12:00:00+08:00,0.0000000000,2886,f1174ed1313f45fd87c6c5b7c139586540c93c11049c3236581e7db43208962d
2026-05-31,S01,K06,2026-05-21 12:00:00+08:00,0.1200000000,2887,efa8fe9b62f9c2d68b5de4e14568f129e056db58147c5b5ff414556daddb1a69
2026-05-31,S01,K07,2026-05-21 12:00:00+08:00,0.0000000000,2888,800e3f682e734697e31a45657909f76f65ba847d3a3770b95e1ee0cfa8adee6d
2026-05-31,S01,K08,2026-05-21 12:00:00+08:00,0.0000000000,2889,69995ebbdf7fb82800dd454220f087d39d84d17169f17aa196eb62b4d8824368
2026-05-31,S02,K01,2026-05-21 12:00:00+08:00,0.0000000000,2890,de5e9ef92959ea743133fb2f32ba752cadad5fe18e07c77ce07f729565934928
2026-05-31,S02,K02,2026-05-21 12:00:00+08:00,0.0000000000,2891,d5bf441087d07d31668b201f9fee3ccc01d46b3aced97541531ea9adbba61ac9
2026-05-31,S02,K03,2026-05-21 12:00:00+08:00,0.0000000000,2892,dfff96178831adc565b18cd9f4e019ed426714219588749cf6e3a8e43b32a203
2026-05-31,S02,K04,2026-05-21 12:00:00+08:00,0.0000000000,2893,8390bd13f07fb9b4acdbd593cb6a375149d4e61d612e582c4a9077b97c575989
2026-05-31,S02,K05,2026-05-21 12:00:00+08:00,0.1200000000,2894,743e9acbe6c5e3e3d70723a401d7bb1e5a79da3e7e1a025d58d98bdf29486b26
2026-05-31,S02,K06,2026-05-21 12:00:00+08:00,0.0000000000,2895,c67e5288ce87bc9ad476d5c8a3c76c48cfd097fccb0b20ff133644a12001bbd5
2026-05-31,S02,K07,2026-05-21 12:00:00+08:00,0.0000000000,2896,43c2c79acb68876e8a47effa03561f7d4daadc21afaf837811829635048f0660
2026-05-31,S02,K08,2026-05-21 12:00:00+08:00,0.0000000000,2897,0828a86f2fc469b4906295b25e7a7c929a0246ef38bbdea16c0611eb0fac57ad
2026-05-31,S03,K01,2026-05-21 12:00:00+08:00,0.0000000000,2898,be00933f34e223360c2ed2dc790acff987b0919cb9f7590778a362abd476c83e
2026-05-31,S03,K02,2026-05-21 12:00:00+08:00,0.0000000000,2899,5a2e15763367f683d8353804c54354f31700d24c778550ee5c47c25d1f22dceb
2026-05-31,S03,K03,2026-05-21 12:00:00+08:00,0.0000000000,2900,cdcf39c868233cef1ad531b3f6c2a0af9d57b9ad63eaad78b77704a739fc50cf
2026-05-31,S03,K04,2026-05-21 12:00:00+08:00,0.0000000000,2901,6ef1830a8be62105a4a285b1915448fedd853e1c78c3dd777ccff97a3be27f98
2026-05-31,S03,K05,2026-05-21 12:00:00+08:00,0.1200000000,2902,6f7a31d777f54c446afebc3aaedbecbdc7f52eb27d696cba92e3eb569c308283
2026-05-31,S03,K06,2026-05-21 12:00:00+08:00,0.0000000000,2903,ac63d79342fc1c6f344c49715cdb4fd573ceac625b441bc288c25a6019a447a2
2026-05-31,S03,K07,2026-05-21 12:00:00+08:00,0.0000000000,2904,3deb6f4c2ab5bc5c0c5e71efb440e16f379a999c775f4fff2f6b12a56e03f314
2026-05-31,S03,K08,2026-05-21 12:00:00+08:00,0.0000000000,2905,4053ca01e0be895eccfc9e98071130973e61cd4a871df0adbd2f89c1967b3c9e
2026-05-31,S04,K01,2026-05-21 12:00:00+08:00,0.0000000000,2906,d113f5d91dc51dc6af07f99bf8d86d56d13f665d6a33f618e1e72c3fa3ce9b34
2026-05-31,S04,K02,2026-05-21 12:00:00+08:00,0.0000000000,2907,4af27658d228994de4e5828ef14dc378c2b283657453d3246ad4aaf748752e8f
2026-05-31,S04,K03,2026-05-21 12:00:00+08:00,0.0000000000,2908,38fdc1df2f6b1a03e052552083c2af80167a94a42529c2afeb6bd0aa6f0b5a30
2026-05-31,S04,K04,2026-05-21 12:00:00+08:00,0.1200000000,2909,d0d13e27b8a1dde9e3d9006c855a9caf52fba1521f02e079234460a34a8d8670
2026-05-31,S04,K05,2026-05-21 12:00:00+08:00,0.0000000000,2910,066ea4fca5907df5485c6b172502446d1d8ed04e2748dfe9d6f5034b86a36c2c
2026-05-31,S04,K06,2026-05-21 12:00:00+08:00,0.0000000000,2911,fea84308383c73a7493b9f64f97465e0abee67cdae0b5760d600c0314f89e35b
2026-05-31,S04,K07,2026-05-21 12:00:00+08:00,0.0000000000,2912,120e0426cd3344653ff5fc504b14c873089c027f40578bb67349ba7149eb12c3
2026-05-31,S04,K08,2026-05-21 12:00:00+08:00,0.0000000000,2913,950321a75b61c6e153ef9b6ce66e5c4e0c2670bc4b0314ecce2cab8430700ead
2026-05-31,S05,K01,2026-05-21 12:00:00+08:00,0.0000000000,2914,f04f33437f9b366239c1b15f333ebfeabd64aefc0b49ca5112f6f80b1896d56c
2026-05-31,S05,K02,2026-05-21 12:00:00+08:00,0.0000000000,2915,987a42ebefc248fad34a03de87a15c74d769d96a53c7c38c1b1b8976618980a0
2026-05-31,S05,K03,2026-05-21 12:00:00+08:00,0.0000000000,2916,dcd9a445bf942d0eb4a25099760b6d9aad03c8f5f274ccb55bd3e4ebc149f532
2026-05-31,S05,K04,2026-05-21 12:00:00+08:00,0.1200000000,2917,93223d7d383eb1113f80a20cf47ba4a8b4883feeaf7db22afcaf34029afdb7d5
2026-05-31,S05,K05,2026-05-21 12:00:00+08:00,0.0000000000,2918,31f2b47d1de38e1995d5b7610abcade05f84b7d010d22db9239579c6539d8521
2026-05-31,S05,K06,2026-05-21 12:00:00+08:00,0.0000000000,2919,1e7d909a3abf97d8d0fec012079989d8998cdcafb9727d1570b53b25779e67c7
2026-05-31,S05,K07,2026-05-21 12:00:00+08:00,0.0000000000,2920,492cff5ed8ec27aad7a8fd648962b1c680d3d1887a84bdd193672abf4f857577
2026-05-31,S05,K08,2026-05-21 12:00:00+08:00,0.0000000000,2921,e4e1cec996d047b8cbd9ae0e4a204c08987d251d9795de3a550450fb7542184c
2026-05-31,S06,K01,2026-05-21 12:00:00+08:00,0.0000000000,2922,4cf8a6978eb147ab21414f53d08586e95e3f425e5432bcb7b9b8608f75ed49a0
2026-05-31,S06,K02,2026-05-21 12:00:00+08:00,0.0000000000,2923,7fff46da437b378f3d42bfdf0f7c8307a43870b0258b8abca5244dbc9857168c
2026-05-31,S06,K03,2026-05-21 12:00:00+08:00,0.0000000000,2924,551353e8974a02de532ed9d7f3992bf7d55058e41f4a73f254db6544ae63b8f3
2026-05-31,S06,K04,2026-05-21 12:00:00+08:00,0.1200000000,2925,ddf21881237b3ac9c0af2067a9abf68dc926344f8167a88e2d83a24350d0cb07
2026-05-31,S06,K05,2026-05-21 12:00:00+08:00,0.0000000000,2926,442dddbed1a44e11b19c022f4431cb0868fcabb10566f2d81c0b6b9abe23dd65
2026-05-31,S06,K06,2026-05-21 12:00:00+08:00,0.0000000000,2927,aaf83a01bbb92ddedf7421b36634e8dfd7d116690583e47e4c603f11eb6fef50
2026-05-31,S06,K07,2026-05-21 12:00:00+08:00,0.0000000000,2928,d9774256c8a90e5a5b5defdb8928cafc5b685af209fe78bbca4a2693b322d0d9
2026-05-31,S06,K08,2026-05-21 12:00:00+08:00,0.0000000000,2929,52e2c43ab15baa2a8328e899a838b5858b887d09b3ce7d18f9b51ad9ed3f6c3e
2026-05-31,S07,K01,2026-05-21 12:00:00+08:00,0.0000000000,2930,e33cfe0f41d081b6158014e36526264cf7fb660b9be5f3ece11f87dd3c361820
2026-05-31,S07,K02,2026-05-21 12:00:00+08:00,0.0000000000,2931,eea38ce6bbdd2b6b85d93e2f6142c28c63a6635e16a77c6e4b1d72a94518797b
2026-05-31,S07,K03,2026-05-21 12:00:00+08:00,0.1200000000,2932,775c0b334b0a7eb418a7cfe6f0b1cdfd50f56b0052770ee8ddcc7b608db5c482
2026-05-31,S07,K04,2026-05-21 12:00:00+08:00,0.0000000000,2933,f51a7014be55bceb3d9a15b867c5b016da0abf03b85ccc2a574ce9d42ba14526
2026-05-31,S07,K05,2026-05-21 12:00:00+08:00,0.0000000000,2934,b2bad854473dd17365d0daa1be7a6db2df101d4a029d4e5557b8278569c6c1d7
2026-05-31,S07,K06,2026-05-21 12:00:00+08:00,0.0000000000,2935,a6a5d80eae1a781e91fd83f675e769efa4811b5986a52de2b961d2c63cf3742a
2026-05-31,S07,K07,2026-05-21 12:00:00+08:00,0.0000000000,2936,f4f4828da9de3f82e0296bdceb33792cd4b0b603f7412c6f9a90850be1886f80
2026-05-31,S07,K08,2026-05-21 12:00:00+08:00,0.0000000000,2937,284fcfc390ed0e8902d1cef65f5cb0d095a5be3577184e74c2071ea222e36924
2026-05-31,S08,K01,2026-05-21 12:00:00+08:00,0.0000000000,2938,0718b2c1a70048cdd76b1759adda69acb2ba422108b9bb61f41eaf21cabe9194
2026-05-31,S08,K02,2026-05-21 12:00:00+08:00,0.0000000000,2939,803013d615c72e64e6d06b5bb5604df4d91b8941c9337cc55b9255438dceebb3
2026-05-31,S08,K03,2026-05-21 12:00:00+08:00,0.1200000000,2940,7237e20b85b223d734d1604441a505412fa999df8fa1f6c71d642f1015b61023
2026-05-31,S08,K04,2026-05-21 12:00:00+08:00,0.0000000000,2941,5797c74d9117fff6ea9f7daf1caa8dff16050b397a618231bb789207ced7b2eb
2026-05-31,S08,K05,2026-05-21 12:00:00+08:00,0.0000000000,2942,5f0ce9a2c9b37c544333db70cb70ab1fe3a223809d980fcde86c1613cbfc1740
2026-05-31,S08,K06,2026-05-21 12:00:00+08:00,0.0000000000,2943,e71282b6ee432ad253fd452f0f223c6c2d96fdf51d11da83892fba26ecbc5d14
2026-05-31,S08,K07,2026-05-21 12:00:00+08:00,0.0000000000,2944,b39b0d3224f5b443d4a4e7068869135ee322e0715a948549f9b24f4aa49ccbe9
2026-05-31,S08,K08,2026-05-21 12:00:00+08:00,0.0000000000,2945,2d311d09b99e4ac13daa9ec6d1ffba887ed773319b074363471a198e9896ae64
2026-05-31,S09,K01,2026-05-21 12:00:00+08:00,0.0000000000,2946,ffc3a17559211317eed1ab3cd89a9796f925f41a7c367a45547af5e205c16c10
2026-05-31,S09,K02,2026-05-21 12:00:00+08:00,0.1200000000,2947,6478a2a842f3ae82b6c4df0e99c1825b42ec6cfb90202fe65370b3f556d019f4
2026-05-31,S09,K03,2026-05-21 12:00:00+08:00,0.0000000000,2948,c3b9a381129a5a44d312efc635087dab947d47fad5217a24b1052bf8700b7744
2026-05-31,S09,K04,2026-05-21 12:00:00+08:00,0.0000000000,2949,c79ba6fc5b1c5d0efb7555cf24cac48152d715a85a8b94ae2eeb1d10514bf63f
2026-05-31,S09,K05,2026-05-21 12:00:00+08:00,0.0000000000,2950,56e5f981f626f7f9da4db9254b92cd559494c875768feeae506274b2d251fb9f
2026-05-31,S09,K06,2026-05-21 12:00:00+08:00,0.0000000000,2951,3d6be10aa8e5f0e1b2c675f078319c061e4f44c51adf390dba6a46f2c44f2058
2026-05-31,S09,K07,2026-05-21 12:00:00+08:00,0.0000000000,2952,308f9154f68ce763f2e7a5ea1ea72afd4371ff278fbc170da14e546fcad62b2e
2026-05-31,S09,K08,2026-05-21 12:00:00+08:00,0.1200000000,2953,5f0b5cdd462159f6070f8bd93c21c26886698d48a1730e0fe2573461b2141568
2026-05-31,S10,K01,2026-05-21 12:00:00+08:00,0.0000000000,2954,8e908e79029cbe53d0ff119a6847df7522bbc3979966992c31674d454cb78a91
2026-05-31,S10,K02,2026-05-21 12:00:00+08:00,0.1200000000,2955,9fe2402b3198b0319bb86a272fcd54e298da660a21b79ce3e887cd380598e226
2026-05-31,S10,K03,2026-05-21 12:00:00+08:00,0.0000000000,2956,e932e4ebcc8ee885082e8278b7155383592dae6a2ea9a3003ba184f86ac99435
2026-05-31,S10,K04,2026-05-21 12:00:00+08:00,0.0000000000,2957,3c98d44069745d23e8a263f4ce16c43068811314d10cd628262272c83267d8f7
2026-05-31,S10,K05,2026-05-21 12:00:00+08:00,0.0000000000,2958,dac6c17250df730ecec4cf1b88f75e07f92a390f932a5b78555ff5a80970a99d
2026-05-31,S10,K06,2026-05-21 12:00:00+08:00,0.0000000000,2959,1363c10d259c11320288d3a7fa34f152b49a0fd0ea2ca762de9c84cfb5c8035b
2026-05-31,S10,K07,2026-05-21 12:00:00+08:00,0.0000000000,2960,f64a478a5a4ca6a55e1c56be68e68cdb4d509dc5ef5f5c8d7e52dd9b39e71ec0
2026-05-31,S10,K08,2026-05-21 12:00:00+08:00,0.1200000000,2961,9f4ffceafcdb2c16b9885ebb3246f6bde7dd43c5f33bce2585b7880e06854ed8
2026-05-31,S11,K01,2026-05-21 12:00:00+08:00,0.0000000000,2962,203a52c31a3f5ea1edd61427de4039c274c8d4715cc2f0ec5deb544e0e57190a
2026-05-31,S11,K02,2026-05-21 12:00:00+08:00,0.1200000000,2963,b3e8d8b598a55b110911d05ac83a000ca6816b509ab2e67cf59916dec2e76dcf
2026-05-31,S11,K03,2026-05-21 12:00:00+08:00,0.0000000000,2964,e079ae4454972cf6c3841814c9a567679995b876d2863eaf86c530308499beaa
2026-05-31,S11,K04,2026-05-21 12:00:00+08:00,0.0000000000,2965,f556457faf826a38ebb3cfa3978f5a47170efaf72889c18028231c745841253d
2026-05-31,S11,K05,2026-05-21 12:00:00+08:00,0.0000000000,2966,63d68471fa32365dbef45073008b8eb0b6e93e1627acf1b9e53cb71b271ab449
2026-05-31,S11,K06,2026-05-21 12:00:00+08:00,0.0000000000,2967,208ece2d52b93921b75274ccd64efe87fecdef84ffe23b4dbc718d983a059b67
2026-05-31,S11,K07,2026-05-21 12:00:00+08:00,0.1200000000,2968,c5d13f229df98dc9688ba8700645e69fe69dcc225662b5de65c6c6ba158d2368
2026-05-31,S11,K08,2026-05-21 12:00:00+08:00,0.0000000000,2969,c0dd2086dae9f5aa8c7a2191e82f7db997e1853dcf667ad7a5c8cd3f913f7684
2026-05-31,S12,K01,2026-05-21 12:00:00+08:00,0.1200000000,2970,826fac20e87c325621e87b0cbf6025d80b4ac024e641e6ae45b2ae066764e0e5
2026-05-31,S12,K02,2026-05-21 12:00:00+08:00,0.0000000000,2971,564677fc408f5ac896250b1203fbb7da1576a3a4dfadfffb1b1976a0fe419240
2026-05-31,S12,K03,2026-05-21 12:00:00+08:00,0.0000000000,2972,36e328979ddb8ee3bdaab317e9e71d1cc6d95ccd428987c085fb8b995a15afc2
2026-05-31,S12,K04,2026-05-21 12:00:00+08:00,0.0000000000,2973,c9e0d325ad7ce0c4866bf0d882897ab2c5948f473c831b92f94bddf07b2aa0a4
2026-05-31,S12,K05,2026-05-21 12:00:00+08:00,0.0000000000,2974,88700e3e3cb232fc22729f1c4ea1d9a4a46d7ba5807431d17905d083921a89f4
2026-05-31,S12,K06,2026-05-21 12:00:00+08:00,0.0000000000,2975,8bf6df3be0d4bf3312c22a59c8ad4f8f16614e9e363ea1a7265372bffe6d7ce7
2026-05-31,S12,K07,2026-05-21 12:00:00+08:00,0.1200000000,2976,2d2fafd97534a6a2367582212698382f1c094468d90ad9ba51265a46412f04dc
2026-05-31,S12,K08,2026-05-21 12:00:00+08:00,0.0000000000,2977,b119aac306a61bea84530daf450ab809067208cb240f8736940b557a1e8fa725
2026-06-01,S01,K01,2026-05-22 12:00:00+08:00,0.0000000000,2978,879db5ab80ccecd9acd6443547f14b2695a8e3f576f9619fabd7ccac744d7ed5
2026-06-01,S01,K02,2026-05-22 12:00:00+08:00,0.0000000000,2979,01e6297eaa2587f22a89245a81f4b87585a36f81818e6acc7022c396319afc9e
2026-06-01,S01,K03,2026-05-22 12:00:00+08:00,0.0000000000,2980,929c86bdf7a8c760dd010f3d6d16844c0b0b47f4aaf809413ef16bac03d72827
2026-06-01,S01,K04,2026-05-22 12:00:00+08:00,0.0000000000,2981,62d268fee2e98d1ce763aa87b42c0c179773c9f052d832cac9189e4e86044bda
2026-06-01,S01,K05,2026-05-22 12:00:00+08:00,0.1200000000,2982,37457f220ca327bf4c9ef458548e0bc6482ae302e980f06ed0ec61d914ee38d5
2026-06-01,S01,K06,2026-05-22 12:00:00+08:00,0.0000000000,2983,fd1f2985f0f5ce9eedf69acd79f8c5da48d835edfb3b3506b3bef9df21cc9866
2026-06-01,S01,K07,2026-05-22 12:00:00+08:00,0.0000000000,2984,90d628c0bfc482454643458f71b73538971f218cdcd6700a532664958043effa
2026-06-01,S01,K08,2026-05-22 12:00:00+08:00,0.0000000000,2985,618fe97c44828e2e0b5dbc0a49e32446c5349ec608d5f6ee67b057ad1c2a423a
2026-06-01,S02,K01,2026-05-22 12:00:00+08:00,0.0000000000,2986,66bef95a82bb92a2c6117a92a4a5a322251ff7380e9b351aeb747d4f0addd1e9
2026-06-01,S02,K02,2026-05-22 12:00:00+08:00,0.0000000000,2987,02575ed1f38a269475fa42bb058128c4c44916bf0b1d8347ead90a05218e0938
2026-06-01,S02,K03,2026-05-22 12:00:00+08:00,0.0000000000,2988,0f619fbd9ea826eded3f6d154ba7de4ecb3272ed5a2b45f9a8ed843865b4965e
2026-06-01,S02,K04,2026-05-22 12:00:00+08:00,0.0000000000,2989,3a92c0ef9de680760912c36e8726ae45477b3257eaeb937c5a2cb05a8ec205e9
2026-06-01,S02,K05,2026-05-22 12:00:00+08:00,0.1200000000,2990,fdf5a727df344ed0b0e1812643c6916b5223ca3ed2eed494504333da98360192
2026-06-01,S02,K06,2026-05-22 12:00:00+08:00,0.0000000000,2991,1cc7a5f9d3392d65f42e1cb3d5657c1574e11591e29da938fd5485d894c75aab
2026-06-01,S02,K07,2026-05-22 12:00:00+08:00,0.0000000000,2992,a6b414c2d3c6cf4f3f52468007307807a778c5255929bb0e6689c6b251334a73
2026-06-01,S02,K08,2026-05-22 12:00:00+08:00,0.0000000000,2993,520a1423c420c91010c1f353d9e91e3c225787446bddc448f66de2ad18736056
2026-06-01,S03,K01,2026-05-22 12:00:00+08:00,0.0000000000,2994,b955eb81627566f0d4256b50d4e3e61ba83b13ff246056fdfc2005198ceb7154
2026-06-01,S03,K02,2026-05-22 12:00:00+08:00,0.0000000000,2995,526db4224437214124ca9e05988285444009f51e346c15d2b5d51cdb570fb7df
2026-06-01,S03,K03,2026-05-22 12:00:00+08:00,0.0000000000,2996,90433d103cd59a0ea1d5011f5e455ce42781a889bb813f0acc023bfcf53776cf
2026-06-01,S03,K04,2026-05-22 12:00:00+08:00,0.0000000000,2997,9edc39a0b7d9a3f6f7dd2952acc29b80486c8aeef8f2a16262bfa5740861a0df
2026-06-01,S03,K05,2026-05-22 12:00:00+08:00,0.1200000000,2998,633c7bf8bb082c4a2ccb2065cbc259e596de0acb422991200b047341c7a33c48
2026-06-01,S03,K06,2026-05-22 12:00:00+08:00,0.0000000000,2999,0d8469ef388c3bc0b79a4b7c37d6cb5da743c853350246c79ac09cbf274a668e
2026-06-01,S03,K07,2026-05-22 12:00:00+08:00,0.0000000000,3000,1a6cddb0f5d89087677218b0ff9d58ed284bf940a68af15c43a3f13287212323
2026-06-01,S03,K08,2026-05-22 12:00:00+08:00,0.0000000000,3001,763e9ffd977113e4db3c016cf6fe41f97b653159c75f3e2a236e1adecd4ba12f
2026-06-01,S04,K01,2026-05-22 12:00:00+08:00,0.0000000000,3002,82b4270d2d497287bdfd3e7517e5605878d29a87dddcd742e4905332465d624a
2026-06-01,S04,K02,2026-05-22 12:00:00+08:00,0.0000000000,3003,e805a5f79a5cec0e9af68f6cb58b102e7efc6bd258bc89717e2c34d17362e92d
2026-06-01,S04,K03,2026-05-22 12:00:00+08:00,0.0000000000,3004,79f27702852ace494b8a788b7f44bd75b15ae7bce0c90cf6ab53dde4903ff79d
2026-06-01,S04,K04,2026-05-22 12:00:00+08:00,0.1200000000,3005,8e81349b3b0c07f8113eb32b3a8c19f3512d59f83e80c98a62367abaac5aba7b
2026-06-01,S04,K05,2026-05-22 12:00:00+08:00,0.0000000000,3006,f087639a16206b412289e6d2d7deedf51331136d8f9ae76518d62a2b32fcb933
2026-06-01,S04,K06,2026-05-22 12:00:00+08:00,0.0000000000,3007,8289ec3a25fd54c145685c07cf6896d59117f7ac2f3ab40853ce103ed0b776bd
2026-06-01,S04,K07,2026-05-22 12:00:00+08:00,0.0000000000,3008,7ede78eec714693f766befdbbe38832392bfd48640d6b2c69724f9d67b13a9da
2026-06-01,S04,K08,2026-05-22 12:00:00+08:00,0.0000000000,3009,81f7d20a69903df94903767bf2c4dae6a15368e425f567a7589ded2fbff97f44
2026-06-01,S05,K01,2026-05-22 12:00:00+08:00,0.0000000000,3010,3848b644ffa16e53a714107f3b74b0174f4ef2a68afb8ed5f1412a54c7588938
2026-06-01,S05,K02,2026-05-22 12:00:00+08:00,0.0000000000,3011,6ec02fdf83350961645687a794694a65f3ef1f0d29e95d10e8b280cf397d18a7
2026-06-01,S05,K03,2026-05-22 12:00:00+08:00,0.0000000000,3012,45d5c08cb066dbc64374a567c6fc5d402027e7226ac13d6fc91dbc71c6e76c06
2026-06-01,S05,K04,2026-05-22 12:00:00+08:00,0.1200000000,3013,0ce640892bf5c5ca1c2fda77758cd713514758155ea56963fbd964f5b6a96c3e
2026-06-01,S05,K05,2026-05-22 12:00:00+08:00,0.0000000000,3014,833f6524834aff1b20d0998bba29dc8f15b4bfacc43b047beb337efa79559c6c
2026-06-01,S05,K06,2026-05-22 12:00:00+08:00,0.0000000000,3015,93519c805b55a44094f9af8fa4ce0f93f83d7f8c22f7c80efd4135e646b6f63b
2026-06-01,S05,K07,2026-05-22 12:00:00+08:00,0.0000000000,3016,5690f1b1dfb938fbf9e8c8c39f6fca58d460463ce7be62b3ce5e4db4296d4543
2026-06-01,S05,K08,2026-05-22 12:00:00+08:00,0.0000000000,3017,beb2516d13a611f64b04691a5ee9655fddc329868ebf89301167e49b62af577a
2026-06-01,S06,K01,2026-05-22 12:00:00+08:00,0.0000000000,3018,4739f730a9dc467cbc192c4e898ce63cef599b7720845d69c1ad90fd2b8e4168
2026-06-01,S06,K02,2026-05-22 12:00:00+08:00,0.0000000000,3019,86e0fe66238119183473af6023c64329f3c3b1ae7d2a28c580ff1f4b69ccf823
2026-06-01,S06,K03,2026-05-22 12:00:00+08:00,0.1200000000,3020,1fc9c560d4682e7f5d8646f3e559c881fe1df9b1870c1724f09875f55195dbed
2026-06-01,S06,K04,2026-05-22 12:00:00+08:00,0.0000000000,3021,07080d2d2123202adb6a9bccfb5d624fd2b167944a789adfacd94ecef61b3407
2026-06-01,S06,K05,2026-05-22 12:00:00+08:00,0.0000000000,3022,a2936b33d2d3016bea529312ad071e4104b552ef08d6ebc9973b034b6412e044
2026-06-01,S06,K06,2026-05-22 12:00:00+08:00,0.0000000000,3023,3724ac9cebfffe8525d9347832e0530ecd94b6ce53d71ac27d1c99282959ab95
2026-06-01,S06,K07,2026-05-22 12:00:00+08:00,0.0000000000,3024,19278e1cb6ffdda94103bedc76e9e171d6c2152147f27b66064a91b41716ae3c
2026-06-01,S06,K08,2026-05-22 12:00:00+08:00,0.0000000000,3025,0dd8c8d310d727a6d0648c663468180815be0fa488686fa18c7ec7c8ce564365
2026-06-01,S07,K01,2026-05-22 12:00:00+08:00,0.0000000000,3026,86c54e26a01ad9d01a01de90afebc4fc3f784f9a68e931f8445f302158d2992c
2026-06-01,S07,K02,2026-05-22 12:00:00+08:00,0.0000000000,3027,f71f5d456bc5b5ebb81ca11c6901500c2b8d387c9ec87622e4f090e868a509a3
2026-06-01,S07,K03,2026-05-22 12:00:00+08:00,0.1200000000,3028,0d37a42f790e5ab31e7895ef6be471c08d2bb79614e3251db4e354987e1594ef
2026-06-01,S07,K04,2026-05-22 12:00:00+08:00,0.0000000000,3029,c66824f0dc3a1fb377edd2d3e3136df05e422b80f954c787d805575267c7460b
2026-06-01,S07,K05,2026-05-22 12:00:00+08:00,0.0000000000,3030,557f4ae1b283eda28d8e39d3b05d78a9171f87aec737f23a360a6faf4019103b
2026-06-01,S07,K06,2026-05-22 12:00:00+08:00,0.0000000000,3031,7de52dc00e5d34ef013299963d62451ebf491c4125104e9b433a6cdd8131b063
2026-06-01,S07,K07,2026-05-22 12:00:00+08:00,0.0000000000,3032,efecf5072269c6876bdee49d3f2030e027bd416ae440db6d210d1a54d3f108c1
2026-06-01,S07,K08,2026-05-22 12:00:00+08:00,0.0000000000,3033,5a39cbf22a1781359b736c3b38599ce3ec6bbf9bdfa8a727e3fed2c6e33d574d
2026-06-01,S08,K01,2026-05-22 12:00:00+08:00,0.0000000000,3034,f90d9dce85ddb2d8170c1852576f7de1aa45746f5e6c2638a1a727d9ffe32175
2026-06-01,S08,K02,2026-05-22 12:00:00+08:00,0.0000000000,3035,924ba8fb729e7946b1b409aafe3e7d4c3b86c234eb848692b247030c24800494
2026-06-01,S08,K03,2026-05-22 12:00:00+08:00,0.1200000000,3036,8783d3d3a6a638996ea777ef598a21b755e5062667ac69321f4c3982281999bb
2026-06-01,S08,K04,2026-05-22 12:00:00+08:00,0.0000000000,3037,9ff408b0e8f0e9a72c1cba405ec2640635c19f52e8e0852c02f79a3507a4f6d0
2026-06-01,S08,K05,2026-05-22 12:00:00+08:00,0.0000000000,3038,87a40039007dc2a8ed1f423a7b3fa2334839754a9f678e0b15eec7a2bc85bf1e
2026-06-01,S08,K06,2026-05-22 12:00:00+08:00,0.0000000000,3039,2a954597e455b138b77e9450a5d3eeacfc99d8c98e14e66cd19ae9c777c95059
2026-06-01,S08,K07,2026-05-22 12:00:00+08:00,0.0000000000,3040,35205164f3cecdee1483278f007a48aa32a52955f7f7f184ad4c53ea6eea99d2
2026-06-01,S08,K08,2026-05-22 12:00:00+08:00,0.1200000000,3041,a879993a0cbf57f79413419fc9a938ad640091d666de1734218421030f9107d6
2026-06-01,S09,K01,2026-05-22 12:00:00+08:00,0.0000000000,3042,13288621753f8d09cf6b400dac374538fd1c3ca236c96f4688d1f6da2521942a
2026-06-01,S09,K02,2026-05-22 12:00:00+08:00,0.1200000000,3043,7652026e2fcb56d9a81f363ba9fe366d191d0ddc64632091e36ecb8bf887ece9
2026-06-01,S09,K03,2026-05-22 12:00:00+08:00,0.0000000000,3044,5626c5ada76624fd08ebe1335df74770abeb920c1b2a8afc9c649be3a88e05a4
2026-06-01,S09,K04,2026-05-22 12:00:00+08:00,0.0000000000,3045,25cd28cfeabd6b7e9a05c46229497058fe583bc3721917b8c16d65279bdbc5ff
2026-06-01,S09,K05,2026-05-22 12:00:00+08:00,0.0000000000,3046,946f74aafaf884c38459260e0aab207386dcd3d0be31e9101a3e7cab2ad461fc
2026-06-01,S09,K06,2026-05-22 12:00:00+08:00,0.0000000000,3047,fb962a11bb9145f99bc5750e6c38c6450e260176f81503c3c1062e3c240b0c1a
2026-06-01,S09,K07,2026-05-22 12:00:00+08:00,0.0000000000,3048,cd7266e1fa57767d1da740cf8d8a4269afab3e9cdc81f3c86bac54e1fe014f28
2026-06-01,S09,K08,2026-05-22 12:00:00+08:00,0.1200000000,3049,5b146f80da4cc463062fa3a3b017f3f5226daee4a1de087a30188534989c735c
2026-06-01,S10,K01,2026-05-22 12:00:00+08:00,0.0000000000,3050,45614ae4461e4584c0861a8b0b5c2d4b5bba2705117d4ab71958c5e6dc0d0697
2026-06-01,S10,K02,2026-05-22 12:00:00+08:00,0.1200000000,3051,ad1bc4b7ac8b7af03c935a2e99d91cb1278cdf1d45b5c2174a15fb26f49e71ae
2026-06-01,S10,K03,2026-05-22 12:00:00+08:00,0.0000000000,3052,11014a31ebdf6855918037ffd39204e121213000f3567313d3f5ed58f7a6662a
2026-06-01,S10,K04,2026-05-22 12:00:00+08:00,0.0000000000,3053,be0aef8a4ee3aebcd0a47dcbb2dd45a7abf27ef6ca9f41bcc8813f8d0fcaa800
2026-06-01,S10,K05,2026-05-22 12:00:00+08:00,0.0000000000,3054,5b8d4d1bfd83546ea5eb665aa5dd506a827b9ff3da1a5ca6e536824a8d54b25f
2026-06-01,S10,K06,2026-05-22 12:00:00+08:00,0.0000000000,3055,e1fee776d20f734baaa840a53ec330f4227a114af187a07b6ef0256b61efbc1c
2026-06-01,S10,K07,2026-05-22 12:00:00+08:00,0.0000000000,3056,8633579df233587013b6e8b5e05bdeeca62737d7ecadeeb27b3b43ec902c7a5a
2026-06-01,S10,K08,2026-05-22 12:00:00+08:00,0.1200000000,3057,d844f29fbf85a64c36ca22e87ddfa76bc67fdfe2691924f9219f6d73679651aa
2026-06-01,S11,K01,2026-05-22 12:00:00+08:00,0.1200000000,3058,fe1c547af8480ae8b0a672e209b596d3b939efd3277ac31a010b717bde4ee670
2026-06-01,S11,K02,2026-05-22 12:00:00+08:00,0.0000000000,3059,e53d486140c776a8344df68a706e04d3380a1f59baf61e88033787af50332428
2026-06-01,S11,K03,2026-05-22 12:00:00+08:00,0.0000000000,3060,cd8cdd8dc555b895acb92901a19755296be70a9f6dcbd2df82a6f84798599456
2026-06-01,S11,K04,2026-05-22 12:00:00+08:00,0.0000000000,3061,a5362aa920e1ea3183ec9df753f0552122a1d2b6c17128ac0a78f83a60929908
2026-06-01,S11,K05,2026-05-22 12:00:00+08:00,0.0000000000,3062,8573c2b8b6ea5d93e45cf9d193e909d5b9bca024681441cd21e6ef1e9e2be70c
2026-06-01,S11,K06,2026-05-22 12:00:00+08:00,0.0000000000,3063,8ad8701551325266379ca8c64fa5ed8a0f737f73721e48c2f452100000d79fa5
2026-06-01,S11,K07,2026-05-22 12:00:00+08:00,0.1200000000,3064,b3f31ec2901b1850e0c9aea8e73b2889221c468f209175e5e8f2c616f5281ed9
2026-06-01,S11,K08,2026-05-22 12:00:00+08:00,0.0000000000,3065,6882be134c958064dbf431d8d1936d19027d01756f8c92fe617f3cc2a9b88dfb
2026-06-01,S12,K01,2026-05-22 12:00:00+08:00,0.1200000000,3066,2869775435547f353f0d94975e7d72b65b8adf8c2dc6d1a3812f5fe2466eada5
2026-06-01,S12,K02,2026-05-22 12:00:00+08:00,0.0000000000,3067,539170607944c54bc2b048ad0e33a4888e594591bdf29fae70b6f46aaebc98ab
2026-06-01,S12,K03,2026-05-22 12:00:00+08:00,0.0000000000,3068,f3b355ddac07ed8ff1c40ac1732dbd330a6f5307375c3d7559f39ecf7bf6a9c4
2026-06-01,S12,K04,2026-05-22 12:00:00+08:00,0.0000000000,3069,eec76a91b89f4050b0950830b7b1f7bca5260bfdd07c27912b0c5034130d99eb
2026-06-01,S12,K05,2026-05-22 12:00:00+08:00,0.0000000000,3070,a4671a4c063332894c6e0b3619abdac984462a0746a579130fa28620d71e804a
2026-06-01,S12,K06,2026-05-22 12:00:00+08:00,0.0000000000,3071,c07b40c0144ac3e80464b0ade25e553aeded5ebe9469289bebd6e57f33edbc34
2026-06-01,S12,K07,2026-05-22 12:00:00+08:00,0.1200000000,3072,7daa91ea050998c0570fc0967c3c8032f0b0cb441984ece1614880be3211669f
2026-06-01,S12,K08,2026-05-22 12:00:00+08:00,0.0000000000,3073,8ee489c93cf9791735c48438874152d4d40d68fbc67b89a3ceeaa003d4064224
2026-06-02,S01,K01,2026-05-23 12:00:00+08:00,0.0000000000,3074,0f00bfdc571db1a34518a1c68822fb170bd88abe0a5034a9f856f4c0a6b50d72
2026-06-02,S01,K02,2026-05-23 12:00:00+08:00,0.0000000000,3075,ae31a0c8676ef987857d266a884994d6ea02b979740b06310455eb89d99b8551
2026-06-02,S01,K03,2026-05-23 12:00:00+08:00,0.0000000000,3076,e82792035a970325de3a89ec36168bc8c79bbc79e383e12d9ae4421939f8f800
2026-06-02,S01,K04,2026-05-23 12:00:00+08:00,0.0000000000,3077,e2d16011b40dfd08961ecdd3f9bf97a44a7ebe0368f32808d95683e1881d7ac4
2026-06-02,S01,K05,2026-05-23 12:00:00+08:00,0.1200000000,3078,03c9ffab90b309a8643f684bcfa7af275c64abcfcd69e790e4b01b343f5b1fee
2026-06-02,S01,K06,2026-05-23 12:00:00+08:00,0.0000000000,3079,c4a1fd7015542ae28c4763f684a7e0257723da1da5beea15ab680866142da27a
2026-06-02,S01,K07,2026-05-23 12:00:00+08:00,0.0000000000,3080,45692271bd3af49b36a4b326868fa44de47e54bc52413c2acb79b6df29142389
2026-06-02,S01,K08,2026-05-23 12:00:00+08:00,0.0000000000,3081,6c925b47dcdf620b09f4d525f39d9773661fe9dd6d276f1fc1466b8d6dc4b791
2026-06-02,S02,K01,2026-05-23 12:00:00+08:00,0.0000000000,3082,92fe07ab23beb03182bcbd51aa3037c3a682e993ba7bd332f489d57d4baafbf7
2026-06-02,S02,K02,2026-05-23 12:00:00+08:00,0.0000000000,3083,711d61d05acfd53a042b839c564ff98790667938cfaa96e8448cb396c510e229
2026-06-02,S02,K03,2026-05-23 12:00:00+08:00,0.0000000000,3084,682c0f6881ceb480374cebd08eee6246bfa57472c451e5ef3711bec45a9b968c
2026-06-02,S02,K04,2026-05-23 12:00:00+08:00,0.0000000000,3085,50911915f5dc3566aa0749a2f567a544649b8c89c67c5115462bb0b1e2057a53
2026-06-02,S02,K05,2026-05-23 12:00:00+08:00,0.1200000000,3086,277a9815b26f0f36de700aa5e3a3bdd1b8dc5572bb5be710f3ede74f3d8e5d96
2026-06-02,S02,K06,2026-05-23 12:00:00+08:00,0.0000000000,3087,21ffbaeb273f92c950fe02c01891948452e66014a7d858bdb6732d4de9d6003c
2026-06-02,S02,K07,2026-05-23 12:00:00+08:00,0.0000000000,3088,46a9d4a68d8eefe01eb38c926f788e0bdf90f69fd7063d7c1a027e25596e9580
2026-06-02,S02,K08,2026-05-23 12:00:00+08:00,0.0000000000,3089,1e19dcf9411da8d9b4839978b2a0b0e0fb92250d3c90dec3368f35aabdb5da4e
2026-06-02,S03,K01,2026-05-23 12:00:00+08:00,0.0000000000,3090,d02211425dafa286d64c66c7da844f60bb4f2c5437a140c09852091fe3fae11e
2026-06-02,S03,K02,2026-05-23 12:00:00+08:00,0.0000000000,3091,e288e04b70fdc1714392f6f4a1a9fa01d346443653cd1c378034f9eac28c3f4f
2026-06-02,S03,K03,2026-05-23 12:00:00+08:00,0.0000000000,3092,c71d84745f4ccd52943d1521b5cec55340151250c707553b406a63667761b35f
2026-06-02,S03,K04,2026-05-23 12:00:00+08:00,0.1200000000,3093,c989e479801757497be1236ac937e6ee2ca8b524c0e5cc6c4b4728ea6852777e
2026-06-02,S03,K05,2026-05-23 12:00:00+08:00,0.0000000000,3094,e5ce993f6d7ca2a9f4d0c8c69a05e77074199df0de48ac0a1ec1471d3cc9ac6e
2026-06-02,S03,K06,2026-05-23 12:00:00+08:00,0.0000000000,3095,40bdcd8d1fed324c9185e51e62a0f17b81df1397e8e213e5de5e7a18462e382b
2026-06-02,S03,K07,2026-05-23 12:00:00+08:00,0.0000000000,3096,b8b5218a8faeaf5ec046676ac47b1bb02666e7767f46719d7b38b725973b3575
2026-06-02,S03,K08,2026-05-23 12:00:00+08:00,0.0000000000,3097,5aea1c0108d82a69e6c880159b35f814d1135dad568e367af95abecbfbd0b076
2026-06-02,S04,K01,2026-05-23 12:00:00+08:00,0.0000000000,3098,09e91a94ae6369681eb937470eef6564d8b5716dfaac2ec05e0722815f0878f8
2026-06-02,S04,K02,2026-05-23 12:00:00+08:00,0.0000000000,3099,1821a7a30aadf475904a68f61486e529027cd7299d1a7291298cd8c58908d598
2026-06-02,S04,K03,2026-05-23 12:00:00+08:00,0.0000000000,3100,47d1ff6683be37bdb38e32ab34765f6b32dbd9e1f270c54189648d33a1df9258
2026-06-02,S04,K04,2026-05-23 12:00:00+08:00,0.1200000000,3101,005902a16b43bcb5645b31e33391e4ad98ffed96a0bbde02582f2cf29224ee2e
2026-06-02,S04,K05,2026-05-23 12:00:00+08:00,0.0000000000,3102,76177dbf5b8cd35fcc7125498e5bee8eaafc8acf7f756113299ddf2ef7da3ba6
2026-06-02,S04,K06,2026-05-23 12:00:00+08:00,0.0000000000,3103,1e8db8f4446ce106df18d71c4880ba660ab0cf7b115c94eb6e772d898e46fdb0
2026-06-02,S04,K07,2026-05-23 12:00:00+08:00,0.0000000000,3104,fda569540684255e07fed430725696faaae44f7cac2fe3792bbc75d9ac3cdaf7
2026-06-02,S04,K08,2026-05-23 12:00:00+08:00,0.0000000000,3105,91dcadfa34be082d8cab473a2352cf7704778b8d39c1d91856ef2147f345897f
2026-06-02,S05,K01,2026-05-23 12:00:00+08:00,0.0000000000,3106,a387ae70b164f1d07d08638d5911eaa5c9bd56f1b49fbc94d5d1b98592979207
2026-06-02,S05,K02,2026-05-23 12:00:00+08:00,0.0000000000,3107,61a3b8dd328d16e7fd756bcf524095ee34f041756033327367b4403e6a51e4f6
2026-06-02,S05,K03,2026-05-23 12:00:00+08:00,0.0000000000,3108,509cae91735c464b491137790d0d1796bbf42d5b0006720cc17687208b53de9e
2026-06-02,S05,K04,2026-05-23 12:00:00+08:00,0.1200000000,3109,4ce141d49172ee0ca994c9272e6b9b6e6695beb88dee52707e8594fbdaef144d
2026-06-02,S05,K05,2026-05-23 12:00:00+08:00,0.0000000000,3110,9c02684082090ca457410d7ebc4c3b0f8e1d871fe1e0cd19ac55922dcde0e384
2026-06-02,S05,K06,2026-05-23 12:00:00+08:00,0.0000000000,3111,4ba4b41f50bca48cf3bf0227afbc900afd30a503b05bd9812140bfd727378583
2026-06-02,S05,K07,2026-05-23 12:00:00+08:00,0.0000000000,3112,a82d978029fd038c0449401f5a5095403aa552bf5ab6a903464dd62ed550802c
2026-06-02,S05,K08,2026-05-23 12:00:00+08:00,0.0000000000,3113,f7bbcc115314c2004d69c9b03e6639247b5a7597569c6c8cafb595f02fc9bf63
2026-06-02,S06,K01,2026-05-23 12:00:00+08:00,0.0000000000,3114,6847e6db88553a4af4c14bbfec2bd1c6a8d1360f22ecce8c81eef0d17531d3a3
2026-06-02,S06,K02,2026-05-23 12:00:00+08:00,0.0000000000,3115,c520d8becaa5f811bd58e45627b16388e102b3b6ee7311c63f4a2c6b7c27b4c5
2026-06-02,S06,K03,2026-05-23 12:00:00+08:00,0.1200000000,3116,fffbf85b5041db48fa67c466a2e7f52eb37980b84bde18cf23e8ce2b27dd9afc
2026-06-02,S06,K04,2026-05-23 12:00:00+08:00,0.0000000000,3117,eac2ed4ab571e39a79d7e5b69a7bd415a78af6840900ed8324c0edfc2bca9027
2026-06-02,S06,K05,2026-05-23 12:00:00+08:00,0.0000000000,3118,a6aeba9bfbb8327553ded5a35037f763d443b4d2f84d316c6874113df467b270
2026-06-02,S06,K06,2026-05-23 12:00:00+08:00,0.0000000000,3119,57b53e3c17007a9798fdc20bbfdfbac5ea771b83bb2a05f344d4b31204ee5208
2026-06-02,S06,K07,2026-05-23 12:00:00+08:00,0.0000000000,3120,cb12ce2bfc3854a2a77d1d520c32bf031e6f7124a86b055625d1f0ac067ebe98
2026-06-02,S06,K08,2026-05-23 12:00:00+08:00,0.0000000000,3121,c36fd5f497dc84b7eced241bedfedc963341b8304afb3a8bc5e430fdf4875c9a
2026-06-02,S07,K01,2026-05-23 12:00:00+08:00,0.0000000000,3122,cfbd7b192313d518e34f527be9b1889cbf73600a6e4f8240dada4e938149b4d6
2026-06-02,S07,K02,2026-05-23 12:00:00+08:00,0.0000000000,3123,37d259a7977b490c6a145223fafb324d4d11699e5132975fc1a35bc72d8dbcde
2026-06-02,S07,K03,2026-05-23 12:00:00+08:00,0.1200000000,3124,ac6176cc571ecdbbcfc9d456a8c7050de2ffe1f82c891e56581d85061761794e
2026-06-02,S07,K04,2026-05-23 12:00:00+08:00,0.0000000000,3125,596364ce1a2e8d8db9fbde53635eb5b1976fdc37129ea9cc809296cbea7318f5
2026-06-02,S07,K05,2026-05-23 12:00:00+08:00,0.0000000000,3126,dd33969ed5c42b59fff252b323d1ce479044897e708bd294e1bb3adb168f1e2b
2026-06-02,S07,K06,2026-05-23 12:00:00+08:00,0.0000000000,3127,4de9b21fb7ce6c5b3b79c9d0f1ab65feaa95311421f10056d20d1a5f062863ff
2026-06-02,S07,K07,2026-05-23 12:00:00+08:00,0.0000000000,3128,834bab3589d944997b3b3475cbe9a4997c950c1bdd74072d07026dd5c358d6d4
2026-06-02,S07,K08,2026-05-23 12:00:00+08:00,0.0000000000,3129,e8a122cd4c9e7381017823460f7092caa3e369bac2b771885f07bba665805f3b
2026-06-02,S08,K01,2026-05-23 12:00:00+08:00,0.0000000000,3130,a179730d8aad05033289edc98da32f78d98462d0c5a1dc61b4bab2cca40fd242
2026-06-02,S08,K02,2026-05-23 12:00:00+08:00,0.1200000000,3131,fd4c0ba351993d446cf90139361e9e8608127fd00d387f0362ca816cf6b44a44
2026-06-02,S08,K03,2026-05-23 12:00:00+08:00,0.0000000000,3132,1c9f2b54242944f241b6477cd14652ad554b114060b051e92badb1427f3d7567
2026-06-02,S08,K04,2026-05-23 12:00:00+08:00,0.0000000000,3133,366c00ee102925ad48fd98cc2ee229da38cf135b22e7e35214c06d012ae979db
2026-06-02,S08,K05,2026-05-23 12:00:00+08:00,0.0000000000,3134,c95b9285a344532886c1340ab5264b30a9f762c33fe7b6d6b8ae905914114545
2026-06-02,S08,K06,2026-05-23 12:00:00+08:00,0.0000000000,3135,bd1764fae9e57dacc1593c22e09a92b6c2436b685f095ceb34bed876bc920bda
2026-06-02,S08,K07,2026-05-23 12:00:00+08:00,0.0000000000,3136,8d24b429f18ef156ea3918a8d2d7736baae499c23b745b2f4bd7fa3638b46575
2026-06-02,S08,K08,2026-05-23 12:00:00+08:00,0.1200000000,3137,02b07614b0dda5cf53a6d897cb6e9dd557e1525506feb2442e947301d5aacdd6
2026-06-02,S09,K01,2026-05-23 12:00:00+08:00,0.0000000000,3138,2f14a1c17b75c1257f9a6c9238bf521b3a4b684b577ea2299424c65acc7e502e
2026-06-02,S09,K02,2026-05-23 12:00:00+08:00,0.1200000000,3139,dad9377c9cac1813ced9fdc40a60048894dd622d706ab5cbd22b6d21c7df2ad7
2026-06-02,S09,K03,2026-05-23 12:00:00+08:00,0.0000000000,3140,c711c439444d747a1ef10d4eb153a7d9ef9d56e80d9b8923402ecf1a6a439a51
2026-06-02,S09,K04,2026-05-23 12:00:00+08:00,0.0000000000,3141,7b203cad07d80989b88fa4628b8d63dc41d2170a988d81b9a6d65a8ddf6f4dc5
2026-06-02,S09,K05,2026-05-23 12:00:00+08:00,0.0000000000,3142,4751810be4153a3b9ecfaefe4ac83253a5e139423e1a924a40fcd7524bc2f357
2026-06-02,S09,K06,2026-05-23 12:00:00+08:00,0.0000000000,3143,ddf8d2c7c3e061db40f374e7fb493c1ff292ba05a5c7fc03d53b8d32efb43bd3
2026-06-02,S09,K07,2026-05-23 12:00:00+08:00,0.0000000000,3144,f5fa6d1d4d085ebc3bbb51357823952233a6d8d62d24b197cd685ee87c79f772
2026-06-02,S09,K08,2026-05-23 12:00:00+08:00,0.1200000000,3145,1921c7d6b0e69fd39ef5832b6c0ca9853604a521293a6ce1aa3ed4ec200a562a
2026-06-02,S10,K01,2026-05-23 12:00:00+08:00,0.0000000000,3146,d9ca1c9cdc1efc50dddff1f08b23a822f2463b1a0d56e0387e5ca9931e7d2668
2026-06-02,S10,K02,2026-05-23 12:00:00+08:00,0.1200000000,3147,15e9e92f249345e0b9b5dad008ed89d72931d0615874e39e59c3a954f9d24157
2026-06-02,S10,K03,2026-05-23 12:00:00+08:00,0.0000000000,3148,fabfc0c48e4a5583ed69fd3965470ebed6844596b2aec20555ebe07d4bed021c
2026-06-02,S10,K04,2026-05-23 12:00:00+08:00,0.0000000000,3149,979cbb49b55e8bfd44b16c8a86a306f4ab0bf1266012faae360f70ac86facd36
2026-06-02,S10,K05,2026-05-23 12:00:00+08:00,0.0000000000,3150,c4631bab9c0fe2404d926d87de0334f5b2c4eaab75de94782f53d0239e5d37ef
2026-06-02,S10,K06,2026-05-23 12:00:00+08:00,0.0000000000,3151,dfc7d4822dc34a317b9b7b2c320101b45d1a05af002d2436559f23428b5ee49b
2026-06-02,S10,K07,2026-05-23 12:00:00+08:00,0.1200000000,3152,e7eeee404f9381af42c322b729eb717f5bb4e9ce7f4eaea58ccd6baa59c0fc4a
2026-06-02,S10,K08,2026-05-23 12:00:00+08:00,0.0000000000,3153,6b18cc61289d185f1b30fb3f00b732df1388d3d480424d9f5cb3e87360c78834
2026-06-02,S11,K01,2026-05-23 12:00:00+08:00,0.1200000000,3154,224a5d1177050647bd821a4c69d3cdf50e5e84357e4083b3fc26c6b07785158c
2026-06-02,S11,K02,2026-05-23 12:00:00+08:00,0.0000000000,3155,f049c2befa49d724b72966e71e93e06f57ac917def9cdcf403471431db47963a
2026-06-02,S11,K03,2026-05-23 12:00:00+08:00,0.0000000000,3156,1e123b813e62f579acec08b0c4f7187815c815668cbb1f7e6f3f6841c7c1e6cb
2026-06-02,S11,K04,2026-05-23 12:00:00+08:00,0.0000000000,3157,f770d9a0a2a4f09d567ebbde8d5c323227797925cf1187e4edec8a97b3e4f882
2026-06-02,S11,K05,2026-05-23 12:00:00+08:00,0.0000000000,3158,17cefe446fb137feeb76bf8c2d48771505c12a45e4a11d491e48969de40720dc
2026-06-02,S11,K06,2026-05-23 12:00:00+08:00,0.0000000000,3159,7c43c5b9599ccc7bf55170492acec452f2cc38135f81e21ed739baf835dbe7d9
2026-06-02,S11,K07,2026-05-23 12:00:00+08:00,0.1200000000,3160,655395b91478865775bb999d67987788b16776ba4f6d8e8cf085ddee5b3654b0
2026-06-02,S11,K08,2026-05-23 12:00:00+08:00,0.0000000000,3161,bc2f969c862aa587dba0b0dfda0e55b54da8ac2853cfb7078b642f605f57bb76
2026-06-02,S12,K01,2026-05-23 12:00:00+08:00,0.1200000000,3162,84f74c8b21baa4884431f65e9a2320689c0cb9ea2fd63f5b06f58544be985688
2026-06-02,S12,K02,2026-05-23 12:00:00+08:00,0.0000000000,3163,470c29fbad31c4f2aef4aabaa87462b503c3cdb00653c71bfee615e263e55527
2026-06-02,S12,K03,2026-05-23 12:00:00+08:00,0.0000000000,3164,f82de37865246e266a236e9250545dc041f54f6c021e274c6663240807313c81
2026-06-02,S12,K04,2026-05-23 12:00:00+08:00,0.0000000000,3165,118ac6d278179ea99c76274d12a845aab72579e975d383d4d1dd0926e127c4ec
2026-06-02,S12,K05,2026-05-23 12:00:00+08:00,0.0000000000,3166,a0476b51bea66b1f659fa298e7f35c06fe80ff290505ef304d7328f4880e9ba8
2026-06-02,S12,K06,2026-05-23 12:00:00+08:00,0.0000000000,3167,00e1c7e95ad35dd95d9231b036aa6c4a026e2729c4dd74884defac3f0481d939
2026-06-02,S12,K07,2026-05-23 12:00:00+08:00,0.1200000000,3168,08d7e25de070aef210391a436b4c6cc89927ceb60a4f6d45c3ac3a636d521eb8
2026-06-02,S12,K08,2026-05-23 12:00:00+08:00,0.0000000000,3169,12a2710509cbdf911bdcec3b5b62ddcda5c482b2d6fa7faa1d1e0ab5cf596014
2026-06-03,S01,K01,2026-05-24 12:00:00+08:00,0.0000000000,3170,a9c782f466aee23de7cfd24d950b0690c4bccde27342c319a45a2bb2856ff9d6
2026-06-03,S01,K02,2026-05-24 12:00:00+08:00,0.0000000000,3171,63c02f6f3f312b1be390aa2c436442059ed7e77a777f46a841b61480bb37bcb3
2026-06-03,S01,K03,2026-05-24 12:00:00+08:00,0.0000000000,3172,c42fedb71d93df4f66fa58e863eb644c2d9bba2486def94c08ad169078505f42
2026-06-03,S01,K04,2026-05-24 12:00:00+08:00,0.0000000000,3173,af5d400cec18a88dfc8b5fb26d2682854a1089891cc06c34846b0ebd79087c14
2026-06-03,S01,K05,2026-05-24 12:00:00+08:00,0.1200000000,3174,ad90c21ba07cd11f2f18b04b47d8b1676655dbccfc94619f5146ed4a3ec321cf
2026-06-03,S01,K06,2026-05-24 12:00:00+08:00,0.0000000000,3175,c827366440d2d1c82a4d182fadc63c8859c1754f9bf0a1321f6c2a1a591d92f8
2026-06-03,S01,K07,2026-05-24 12:00:00+08:00,0.0000000000,3176,b0fb6d74ff8d1f7607fc63d6d232596b651447b5c81a54e92f6acc61bf572084
2026-06-03,S01,K08,2026-05-24 12:00:00+08:00,0.0000000000,3177,c0c498606a170e6f3ca72ea7838e626ee378d59b6fc70506241238a4dcb1c6af
2026-06-03,S02,K01,2026-05-24 12:00:00+08:00,0.0000000000,3178,f2c253a68f0f73176300c3e8daa6bfc0aba2bf61556edc47da18f1f9e4f39840
2026-06-03,S02,K02,2026-05-24 12:00:00+08:00,0.0000000000,3179,0933a4c551a47097dd20d64cd878ec82226493e0baecdf53ef8c3f592e6fb968
2026-06-03,S02,K03,2026-05-24 12:00:00+08:00,0.0000000000,3180,e56ae36363b052d09013e6248c29390874c0f6049f2cf5d8546859ebb00d3965
2026-06-03,S02,K04,2026-05-24 12:00:00+08:00,0.0000000000,3181,d461fcf0b815a10c2665c1e2985e19a44daa1d234269d8fa2887ebaf0e453183
2026-06-03,S02,K05,2026-05-24 12:00:00+08:00,0.1200000000,3182,268bf1f760f60e3da4c6ebfc542c1c1a3407b80de8af00b8725d8b71f56afe62
2026-06-03,S02,K06,2026-05-24 12:00:00+08:00,0.0000000000,3183,112ba84aac3f4ce3b5cdb295868d3bf31bc62e4963b8580fb309aad022a0051d
2026-06-03,S02,K07,2026-05-24 12:00:00+08:00,0.0000000000,3184,3c2da1c3d90c7a512818d09ca119dd6334c55737d9abd0c842e32466a02d2a60
2026-06-03,S02,K08,2026-05-24 12:00:00+08:00,0.0000000000,3185,ff1bf0fc09b1080c289d90e9b5d480ef634110892996a9ab425b306189deb25e
2026-06-03,S03,K01,2026-05-24 12:00:00+08:00,0.0000000000,3186,67e577f2bb0beb67114d3f6ac9ff7de0483a03c906356bc1b529befd0efd4363
2026-06-03,S03,K02,2026-05-24 12:00:00+08:00,0.0000000000,3187,7083558b1947ded84625edb2f5a5f5c49a8f5824f2b0c27b189f7c476cf8ce1b
2026-06-03,S03,K03,2026-05-24 12:00:00+08:00,0.0000000000,3188,cc22ae5416e85f970a8bcf9e5d6255482fdec323d2aba102935990e72e2ab758
2026-06-03,S03,K04,2026-05-24 12:00:00+08:00,0.1200000000,3189,3d6a3d2c8164b92a1d26fa3606f77a8f4344c8c407385f8bfe9e62d5dc351b6f
2026-06-03,S03,K05,2026-05-24 12:00:00+08:00,0.0000000000,3190,5492f3d28f4fb9827830fcf70e9e6dbf704769e32e56431138fc8f3fcaaf6884
2026-06-03,S03,K06,2026-05-24 12:00:00+08:00,0.0000000000,3191,9a5bb90ebedc299b1ec0444bdfa102dda5fa8a895863cc6cdec6b9937f87f76b
2026-06-03,S03,K07,2026-05-24 12:00:00+08:00,0.0000000000,3192,7e9d21d33fde202d008cd3423b33df3364a843043e724cd7b97866771fa29682
2026-06-03,S03,K08,2026-05-24 12:00:00+08:00,0.0000000000,3193,f9f16634d3f7a48d31a5aada74f3757ac0480f5edd5f95864cc8717a4ced1753
2026-06-03,S04,K01,2026-05-24 12:00:00+08:00,0.0000000000,3194,bfd6985e8c67a48cb31f24815092951cfe7455064fafda1a4631cd30073cda3a
2026-06-03,S04,K02,2026-05-24 12:00:00+08:00,0.0000000000,3195,0d23242412201ae9902068806c883e0d8b18635c8e05a73ee0e77b5a15bd8eca
2026-06-03,S04,K03,2026-05-24 12:00:00+08:00,0.0000000000,3196,45d566e212fc8cabf64789ee98d5cfecf59bd88648b129e55cbef80b9ef2a067
2026-06-03,S04,K04,2026-05-24 12:00:00+08:00,0.1200000000,3197,cb162443e9a309bb34d509020c87fb2bb566688ed9d14f347be1b6379cc999a7
2026-06-03,S04,K05,2026-05-24 12:00:00+08:00,0.0000000000,3198,a33d3d56e6409d516276fce0f46a0882a16ac5588d4d3e64f6a4e6e6bb2531aa
2026-06-03,S04,K06,2026-05-24 12:00:00+08:00,0.0000000000,3199,2800241ee2d32c9c2cc12b5c25a96fe92f7d33a4d9cd934660051403bfd1a0dd
2026-06-03,S04,K07,2026-05-24 12:00:00+08:00,0.0000000000,3200,51596580cec4eaa0f4bf16d3ce4af35f99c8a9377a60a7e7c4a97151f6c12675
2026-06-03,S04,K08,2026-05-24 12:00:00+08:00,0.0000000000,3201,1141dd6ca4e95ec3acf267b9256ad98392dd31a2d9c291100907171a788a6076
2026-06-03,S05,K01,2026-05-24 12:00:00+08:00,0.0000000000,3202,f357fd2897705b0d0fd4d38c4bb6550602bff2df28417bcb95158ac84de6567a
2026-06-03,S05,K02,2026-05-24 12:00:00+08:00,0.0000000000,3203,38ac6fb68f0901f711e76dddb86bbc2fe793719acf82faf9f154b4ac8ae1f0a0
2026-06-03,S05,K03,2026-05-24 12:00:00+08:00,0.1200000000,3204,16d37def58429e39f7768437e57778bc184239316d45cb9bcafc184d7b11c1c3
2026-06-03,S05,K04,2026-05-24 12:00:00+08:00,0.0000000000,3205,fca3cb2584cdb6e750ea5740b8a803ca5ae1dec5439212ddddaa4f3cb56ec699
2026-06-03,S05,K05,2026-05-24 12:00:00+08:00,0.0000000000,3206,ca19a5313a1cf5f251d405de30cee3d279abee5dca66117c8243ddf7958ab208
2026-06-03,S05,K06,2026-05-24 12:00:00+08:00,0.0000000000,3207,975e821af53ef4f51fcca5bdc38b9e2e58354506ec4f2c7f124a202086a74d90
2026-06-03,S05,K07,2026-05-24 12:00:00+08:00,0.0000000000,3208,442aea86c61be2651de6a3a7c9db01dcd27529b1ecf73e69f4fba33e324080f5
2026-06-03,S05,K08,2026-05-24 12:00:00+08:00,0.0000000000,3209,a94f16ddd91337fc7f823763bb70a4d76cb4603739c8612a19e871038af2c3fe
2026-06-03,S06,K01,2026-05-24 12:00:00+08:00,0.0000000000,3210,7815468df41bbd893034818e10338a38cf3b49341ea6f0aeabde376b1f9363c6
2026-06-03,S06,K02,2026-05-24 12:00:00+08:00,0.0000000000,3211,6a5712fb1077712ba5d52f219414f7910bae66d95fa189f765952e23c8e1b0cd
2026-06-03,S06,K03,2026-05-24 12:00:00+08:00,0.1200000000,3212,fccc105aa218be06568a5233c601cb32927bca577dd94e6397e914599a61e36c
2026-06-03,S06,K04,2026-05-24 12:00:00+08:00,0.0000000000,3213,27130c757793a64acfe692bbbcecfafd28d25e071b0db6eacf4b8d928f3dfbed
2026-06-03,S06,K05,2026-05-24 12:00:00+08:00,0.0000000000,3214,4b8877f7fc1a21a9351e18afe9c542f0cf8b0007e8614316e06844ea34d4501b
2026-06-03,S06,K06,2026-05-24 12:00:00+08:00,0.0000000000,3215,cfdc67b80ef77e435e29a08d70faffe613b4ecebfc05c5842e589947ff017b9e
2026-06-03,S06,K07,2026-05-24 12:00:00+08:00,0.0000000000,3216,c0ef50d73dd9e96e2c3c98627f611c982acc570b6fcb620265594e40fd228517
2026-06-03,S06,K08,2026-05-24 12:00:00+08:00,0.0000000000,3217,2396f79d995fb180a9f31a84a7fcb24b3fed14d119de20c36677b00707e8bff9
2026-06-03,S07,K01,2026-05-24 12:00:00+08:00,0.0000000000,3218,424961502efa70009ed12c017d8ee1f3f008341073f0a9e05a37611a294eb655
2026-06-03,S07,K02,2026-05-24 12:00:00+08:00,0.0000000000,3219,57d63170cfad420b9b33bf4d79cc6853614ccefebfca4107e72be11ec72ddc58
2026-06-03,S07,K03,2026-05-24 12:00:00+08:00,0.1200000000,3220,910b057a739a42e44f6172b5861dad5edd8fc5c3f2832e4a6084b627b8565769
2026-06-03,S07,K04,2026-05-24 12:00:00+08:00,0.0000000000,3221,570633a558a30087a5517077fdd0ca9b13535b72ff990793af101081b4af1ac8
2026-06-03,S07,K05,2026-05-24 12:00:00+08:00,0.0000000000,3222,58cfb5a9c4bd6062976ef6e656516b431681a97c102591a8d381e4f51e42b0aa
2026-06-03,S07,K06,2026-05-24 12:00:00+08:00,0.0000000000,3223,581b02987a939ec1745c3c65bcee65719f5766e1f5ef50c8b0ae21374597a863
2026-06-03,S07,K07,2026-05-24 12:00:00+08:00,0.0000000000,3224,71b700789f132432e09d2ee6a484ad7a79199acb3f2c27aaebf844102ec24a04
2026-06-03,S07,K08,2026-05-24 12:00:00+08:00,0.1200000000,3225,c1f3ec0836b3ecf9be33d3645cad4728bbd186c4aacf4e3f4b4f9574b444e623
2026-06-03,S08,K01,2026-05-24 12:00:00+08:00,0.0000000000,3226,fc27d9139955e784a9c264edf652cf6d7114a95dfb0c2d05a73b222b5b75c72e
2026-06-03,S08,K02,2026-05-24 12:00:00+08:00,0.1200000000,3227,c25828eb72729c006a79631de3450367f961d14e1d2590381472c822eeb3fe45
2026-06-03,S08,K03,2026-05-24 12:00:00+08:00,0.0000000000,3228,e4b54a293146644b2074bc170d546d3519aa134db405172f255e24fdfd0e30bf
2026-06-03,S08,K04,2026-05-24 12:00:00+08:00,0.0000000000,3229,dd43eed753ae5108e7915e45757b0d438323f06e1237ad20d46b40928061f44e
2026-06-03,S08,K05,2026-05-24 12:00:00+08:00,0.0000000000,3230,9ca7fdf63dc97bb164f8ca040c6d7aca98f0917b2d2c852caa93137b917b6d94
2026-06-03,S08,K06,2026-05-24 12:00:00+08:00,0.0000000000,3231,7af02d134ce4efb79a3fb2389e211ee831146a3fa8ddaa3bbaaf154598a48fc0
2026-06-03,S08,K07,2026-05-24 12:00:00+08:00,0.0000000000,3232,362da2a6a8122758ad249de6d630a46cbb3be56dcb072153becec06f893a2449
2026-06-03,S08,K08,2026-05-24 12:00:00+08:00,0.1200000000,3233,b096ddb8a1a5b4f8872abe78b5d72bf1ab53802376414f1850d74e331bcbecd8
2026-06-03,S09,K01,2026-05-24 12:00:00+08:00,0.0000000000,3234,f4d18511a38d3ea40daa7d7be9dcd2096e1058b7a5087ae0dff4f33923eaaba7
2026-06-03,S09,K02,2026-05-24 12:00:00+08:00,0.1200000000,3235,69ee02a8dea1d8599d7e554acc1c73e73174e720f5e2dfedef01e5b558c684f6
2026-06-03,S09,K03,2026-05-24 12:00:00+08:00,0.0000000000,3236,4c1a6d9efd84e744983cc098f98962c64912e0606b54eb686192c446dff994c6
2026-06-03,S09,K04,2026-05-24 12:00:00+08:00,0.0000000000,3237,877df4b36336446e0b75543b62d30f6cacff20ccecbe5a44f04a09688f8e838f
2026-06-03,S09,K05,2026-05-24 12:00:00+08:00,0.0000000000,3238,bf815e68220935dc38576b1f4ea0b26a3aa864a466f0ef5857c0be58c9d8baea
2026-06-03,S09,K06,2026-05-24 12:00:00+08:00,0.0000000000,3239,e6bdbf8eaef650284f326e54ece9235255699516fa6ad8a7e0fcebdcd136e076
2026-06-03,S09,K07,2026-05-24 12:00:00+08:00,0.0000000000,3240,5859f22f3978c4b54c6cc1347c7ecfb722bc94d65aa2f1a8d949095f002f6778
2026-06-03,S09,K08,2026-05-24 12:00:00+08:00,0.1200000000,3241,5fc5164fd180936aed1e9a0c6d6942eb2d262cdfa19aab0609a291f2cf23c878
2026-06-03,S10,K01,2026-05-24 12:00:00+08:00,0.1200000000,3242,7d60ff7e276256a8c552dbaa1660c22111ee5b290c1e1e9224fabd11466624a3
2026-06-03,S10,K02,2026-05-24 12:00:00+08:00,0.0000000000,3243,cdfd80fa576f956f7837c746264c8a4ba828f2bfc0744f5aaef70d35f05ea85e
2026-06-03,S10,K03,2026-05-24 12:00:00+08:00,0.0000000000,3244,a1c39b0e7699a53f12b291454cb05603e9b6fde3ba4bd3d20249fe98bd2c2b0b
2026-06-03,S10,K04,2026-05-24 12:00:00+08:00,0.0000000000,3245,ef86279348eacb77bdd05e6fcf3b469a6343748ddaa3501e20e16a2ee0441909
2026-06-03,S10,K05,2026-05-24 12:00:00+08:00,0.0000000000,3246,8f7f455012ef78eb47f4de13797e6bcbf28c527bbec0d05d7bfb47868bb31481
2026-06-03,S10,K06,2026-05-24 12:00:00+08:00,0.0000000000,3247,b6001803d9dbf7b1d66a0586c6c735231bd7d32f67d33de5f2a626bda1f9e610
2026-06-03,S10,K07,2026-05-24 12:00:00+08:00,0.1200000000,3248,b2c36fb828b996914e4c24bfc822a9c81ff2716b2952fabfd2351b3296a5915c
2026-06-03,S10,K08,2026-05-24 12:00:00+08:00,0.0000000000,3249,e8a6834d9c0844240e95e4bb4ce5b76d4fa15ea6ccf9e5c23790a5cd5b248cd4
2026-06-03,S11,K01,2026-05-24 12:00:00+08:00,0.1200000000,3250,9682afd3e2274896ec2cecefbcff9806382b295a6fbbdbc16cfdefc6764ac813
2026-06-03,S11,K02,2026-05-24 12:00:00+08:00,0.0000000000,3251,58ffc58154c39128980ea081220cb80232937e6b36cd5a53e5b5d507a42969c3
2026-06-03,S11,K03,2026-05-24 12:00:00+08:00,0.0000000000,3252,4c2869f2f34836d9aaf0a48d123cfc56d0bd42ad5c2712e42a3dcd594f43f0dd
2026-06-03,S11,K04,2026-05-24 12:00:00+08:00,0.0000000000,3253,aa22fa807491c06c7be00959ee7ab82dd5642d711a8fc4e57e06dc4e992d56cd
2026-06-03,S11,K05,2026-05-24 12:00:00+08:00,0.0000000000,3254,b5424bfb02328bd92acf7090ebb16d71356de1821ab68b142da9dc5d063f95ab
2026-06-03,S11,K06,2026-05-24 12:00:00+08:00,0.0000000000,3255,e251868802e452978ad39c4075abd88c1360c015ed86464f451b7411bb189c5b
2026-06-03,S11,K07,2026-05-24 12:00:00+08:00,0.1200000000,3256,34a13919370d05b0cd231b78c619df539644faa259856f6e06fba9330ebba1e2
2026-06-03,S11,K08,2026-05-24 12:00:00+08:00,0.0000000000,3257,52cb0ed63738500a23c6779e414fe4a0729ddff1008996f5552e7a42b142bacf
2026-06-03,S12,K01,2026-05-24 12:00:00+08:00,0.1200000000,3258,4387dc21f4d32e9f0e396f19e60da679f84c2ab4b653bbd005461e63c1145d4e
2026-06-03,S12,K02,2026-05-24 12:00:00+08:00,0.0000000000,3259,a4e9a30b073e09ab11152170cdc1df007f4492a1ecf1d85107df53febe596266
2026-06-03,S12,K03,2026-05-24 12:00:00+08:00,0.0000000000,3260,0132c9a74ba3a07f600c0273602fd7765f5c3f14a7e0a05dd02100726e4259e9
2026-06-03,S12,K04,2026-05-24 12:00:00+08:00,0.0000000000,3261,3b6ca8e78e011830b26e8dbf01dd7bbd765d7ff827df53fe962291406e780f7b
2026-06-03,S12,K05,2026-05-24 12:00:00+08:00,0.0000000000,3262,369494abc63dbd01ac88b4692b3936e91044635ed842180c6f4c9d87d7dd8811
2026-06-03,S12,K06,2026-05-24 12:00:00+08:00,0.1200000000,3263,b99e986c52b8dc92cfababf9e564aac2f1419f5032807aade3ac063747df2527
2026-06-03,S12,K07,2026-05-24 12:00:00+08:00,0.0000000000,3264,70cca06d33f8d9ae13b0d98c0d8cba2f3540206e3712660139f3bb79512ea147
2026-06-03,S12,K08,2026-05-24 12:00:00+08:00,0.0000000000,3265,29e2e01d1ffac3307099c51ec14558f585a1947ecb09c33cac1f6a7b2d70888b
2026-06-04,S01,K01,2026-05-25 12:00:00+08:00,0.0000000000,3266,191dc062b8a7fab9518ea79ebe2637d5c86596e53cb632b190def42b83b55677
2026-06-04,S01,K02,2026-05-25 12:00:00+08:00,0.0000000000,3267,811f134f4a5282cc6745df311194172fa092965ef7b43285aa83878c283ec6c5
2026-06-04,S01,K03,2026-05-25 12:00:00+08:00,0.0000000000,3268,cb2957982b7a422b9995a124d570c78300304d8e94ab19886df4838921cabd43
2026-06-04,S01,K04,2026-05-25 12:00:00+08:00,0.0000000000,3269,387d333fb8bf5f6ebf73510b79c4af20a0d07df7934067ccdbc2f0fe5ba44498
2026-06-04,S01,K05,2026-05-25 12:00:00+08:00,0.1200000000,3270,342e22ba40ac2d91b32841aca9d28b5bcb06150822c9b6900c450fcdb2b16c6c
2026-06-04,S01,K06,2026-05-25 12:00:00+08:00,0.0000000000,3271,8b23db69cd263acca3b0b2c46da5ca8bcfb69b29a1a791281865c5cff2423f29
2026-06-04,S01,K07,2026-05-25 12:00:00+08:00,0.0000000000,3272,d258d752452f055eeb12da9aaaeeddc68254b19937ec2c05eb5e504b5156e768
2026-06-04,S01,K08,2026-05-25 12:00:00+08:00,0.0000000000,3273,147b71f3dc08d1b61c7563ae394691172bd3646a4372246d26f4df8e50bbc3b0
2026-06-04,S02,K01,2026-05-25 12:00:00+08:00,0.0000000000,3274,b949bc83ad6af7d8398ba3a6bbca637819d7802cae78efe90416ba1e62def0bb
2026-06-04,S02,K02,2026-05-25 12:00:00+08:00,0.0000000000,3275,014dd8b9d9fa4504269c03b377a6544d8f53cc2967a18d62f8c1a6cefdc80f0d
2026-06-04,S02,K03,2026-05-25 12:00:00+08:00,0.0000000000,3276,6bc5c6b0fcc36e52e9b5f3b99011981dd8ec4b158b926bd5222e5b25c93959c1
2026-06-04,S02,K04,2026-05-25 12:00:00+08:00,0.1200000000,3277,bf7b3628dca6b3fc11f519aa9ffe9fb1c5aca8c9164233d71f75065e3669968c
2026-06-04,S02,K05,2026-05-25 12:00:00+08:00,0.0000000000,3278,7cba7aee08c7349700f05b82c122dcbea8e99a45d27db0c15a774fa0fbdfa59a
2026-06-04,S02,K06,2026-05-25 12:00:00+08:00,0.0000000000,3279,6e397ea9d1408364197a48d18a11b5db2a211f63511a48f3e149f5fd074355fe
2026-06-04,S02,K07,2026-05-25 12:00:00+08:00,0.0000000000,3280,1660feecfd64092023a825d1dde3ecb5f95fd80d53819e153629c4ce58b3760b
2026-06-04,S02,K08,2026-05-25 12:00:00+08:00,0.0000000000,3281,e1c70c67a66565258bc4b911e0181ef8c2000132db3a09a23cc360ac0246e0c9
2026-06-04,S03,K01,2026-05-25 12:00:00+08:00,0.0000000000,3282,ef5e0310125fd34b76da2776cc48d7bb6cb8b06a170b48f83abe0081abe5c836
2026-06-04,S03,K02,2026-05-25 12:00:00+08:00,0.0000000000,3283,7f791df3d4163c5ff85bb31f76cceef5611c945d8dfe8dbca1ae54a7236939ef
2026-06-04,S03,K03,2026-05-25 12:00:00+08:00,0.0000000000,3284,ae59c6e17a293cc701143bd9deb40378329da3899e3dff973debbde5cc96bb3b
2026-06-04,S03,K04,2026-05-25 12:00:00+08:00,0.1200000000,3285,4c8216eacbe39531f8df21ca1e7162924d59fa6013ddaaf84dd7646a70203d60
2026-06-04,S03,K05,2026-05-25 12:00:00+08:00,0.0000000000,3286,a39715d59c34b29c6e75c80c8620c31de5eaf03bf14f7b4757a2b566bde82e0c
2026-06-04,S03,K06,2026-05-25 12:00:00+08:00,0.0000000000,3287,9c731791ef73b2af5b2e451520dc3d091069b1c0fe085a0c58b7ec46da82f1b2
2026-06-04,S03,K07,2026-05-25 12:00:00+08:00,0.0000000000,3288,4651d42578566152f43f627d74c626d100c5ac9fb21e2457e6be1df572a77b92
2026-06-04,S03,K08,2026-05-25 12:00:00+08:00,0.0000000000,3289,ea0da62e91dafd6ba42cb266eb17f4f4e4aa53ab4462f8d7de9be4a77dc60ad3
2026-06-04,S04,K01,2026-05-25 12:00:00+08:00,0.0000000000,3290,05c78a3554cb80c4bdbe9037e8e60e7db2d7ec876164f6b2809435ebcad62b3a
2026-06-04,S04,K02,2026-05-25 12:00:00+08:00,0.0000000000,3291,585009ed4526eb1230bef894a5f4453bdb094627e2b85b1d9856913d8199688b
2026-06-04,S04,K03,2026-05-25 12:00:00+08:00,0.0000000000,3292,6166caafbc2bbb24a8c1601162adce11fede06be872d76e2ba191d893217c0f8
2026-06-04,S04,K04,2026-05-25 12:00:00+08:00,0.1200000000,3293,4ebcaaf761221c405d59b675f959694caeb44abadd253c24913b2916ede5b1a6
2026-06-04,S04,K05,2026-05-25 12:00:00+08:00,0.0000000000,3294,ebf41e7c6e2e0e392db4f7f68ff6f298f8f579c2662feefa64d168d9e929f6e1
2026-06-04,S04,K06,2026-05-25 12:00:00+08:00,0.0000000000,3295,a003231366ed66c3964ea9e93aeb32e631995ee99fdca88cce08dae862a358bd
2026-06-04,S04,K07,2026-05-25 12:00:00+08:00,0.0000000000,3296,ae63856c08d95f1ba54ca39bbf4b6325676931f9e7c9245f456477b02598fe31
2026-06-04,S04,K08,2026-05-25 12:00:00+08:00,0.0000000000,3297,c587bc38e8956bda61a7198ab0ed5f57217134d15657237518aef95705c1c604
2026-06-04,S05,K01,2026-05-25 12:00:00+08:00,0.0000000000,3298,3760d489a4e0656dfdf3cb9b2e122bc96df122aa4f0891c1893b28348d5d4d01
2026-06-04,S05,K02,2026-05-25 12:00:00+08:00,0.0000000000,3299,f13d149546a81bcfcc90a1202253acbac4245ad65654c5197ca4041eb34c4723
2026-06-04,S05,K03,2026-05-25 12:00:00+08:00,0.1200000000,3300,9cb869fe61119dc7bdd5ef7d5387ccc74e8b3f13033758eabf345fa9b152dad5
2026-06-04,S05,K04,2026-05-25 12:00:00+08:00,0.0000000000,3301,06d28beb8f9dc61fb6190f66728264eb1dce9e15c79403d42da241438755d1e4
2026-06-04,S05,K05,2026-05-25 12:00:00+08:00,0.0000000000,3302,4cfe4d03ee2817871dfd2f0bc52da44e3951c3c9cfaeaa65959a0aa5d929f64c
2026-06-04,S05,K06,2026-05-25 12:00:00+08:00,0.0000000000,3303,88ccfcb8855afb8c23d5e0a018c69ced3419e6c3bf8a4fc7d20882874874c09d
2026-06-04,S05,K07,2026-05-25 12:00:00+08:00,0.0000000000,3304,8021d48f76c65c84df4735dd2e98531a6d7f154c3dc39c47a8296d2763de37b6
2026-06-04,S05,K08,2026-05-25 12:00:00+08:00,0.0000000000,3305,1dae9689b332eb406e5939793c431e285d639a50cd9510b539ddefd5eb9f1a9b
2026-06-04,S06,K01,2026-05-25 12:00:00+08:00,0.0000000000,3306,53bff03873962a15d2b68257f47ce5a1525fda63ab29893eacab2083b7728ef8
2026-06-04,S06,K02,2026-05-25 12:00:00+08:00,0.0000000000,3307,2c24df2a984e2b85569e7fd62a0298e432a58a67a7353da785e19d42f057b9ab
2026-06-04,S06,K03,2026-05-25 12:00:00+08:00,0.1200000000,3308,7a067cc52eed2b78b0d825a67d78913dcd1d5270ea0d2e80d8ec5c737478e2de
2026-06-04,S06,K04,2026-05-25 12:00:00+08:00,0.0000000000,3309,d68d1fabcf9063ad72aea82820eb8ce9a3b9df8f36cbda56b496355edb48b0c5
2026-06-04,S06,K05,2026-05-25 12:00:00+08:00,0.0000000000,3310,21cd498d3ed1020405a9075155393212dc64752cdf65e1b38e412b8caa3d5358
2026-06-04,S06,K06,2026-05-25 12:00:00+08:00,0.0000000000,3311,91a8e7e49c3ee214db24667387d2e89a6e2dc546792aa515a2716647e6e392b1
2026-06-04,S06,K07,2026-05-25 12:00:00+08:00,0.0000000000,3312,0268453ce4ab2ec4526134942c26c2563ce5d6a1a08530c87e3e4b11aecebf6e
2026-06-04,S06,K08,2026-05-25 12:00:00+08:00,0.0000000000,3313,b3e97365cfa2d4ddf6153150c8335a64b45d85176fd7ed0cc945560f72ab4766
2026-06-04,S07,K01,2026-05-25 12:00:00+08:00,0.0000000000,3314,288a558b92a64067bc0c9b0f788e83a209baad7308644e8b458a9f4121532308
2026-06-04,S07,K02,2026-05-25 12:00:00+08:00,0.1200000000,3315,b6e8bcd40fedac4f6f07f718904d66e478df4ae1ab6ea36fcc66e346aba945fb
2026-06-04,S07,K03,2026-05-25 12:00:00+08:00,0.0000000000,3316,a84b6dcb93f256c53e98b585a05279a05db800e71afec9e24ceb48b5f0cf26c6
2026-06-04,S07,K04,2026-05-25 12:00:00+08:00,0.0000000000,3317,47f0f552c05797a41e30f01c2fd22577388314f21ae1bad7a36e4b717222b02c
2026-06-04,S07,K05,2026-05-25 12:00:00+08:00,0.0000000000,3318,a2c46e81b162001f773a4bc8e13a4df3958df77868f6ddc1ee9e121af4a6802f
2026-06-04,S07,K06,2026-05-25 12:00:00+08:00,0.0000000000,3319,af54e0a3ac55f5bd9e62aad8fbaa891ac3c90cc9578053296e51a3bd312603cd
2026-06-04,S07,K07,2026-05-25 12:00:00+08:00,0.0000000000,3320,47d895260d1e18b9a6c575d99120f12a572ed23c577af9891c362e4eb0c553ce
2026-06-04,S07,K08,2026-05-25 12:00:00+08:00,0.1200000000,3321,d9bed98ae9c4246ca846135a8ebc0b002dedb92ebc9e29f704758dd88012df96
2026-06-04,S08,K01,2026-05-25 12:00:00+08:00,0.0000000000,3322,7bcce62b645073056f6a9e01ec767ae937daea785ce701e14aa0733c7db13b21
2026-06-04,S08,K02,2026-05-25 12:00:00+08:00,0.1200000000,3323,fdf3b9bcf3db6c5dd61cc363f5f6df317db6df43c49ba893ba6f61fd9919399e
2026-06-04,S08,K03,2026-05-25 12:00:00+08:00,0.0000000000,3324,10aae801b375e58e5d19b42a8b4965e39b85c0576fc9b18a4571a8ca34dd0f22
2026-06-04,S08,K04,2026-05-25 12:00:00+08:00,0.0000000000,3325,52bbdd16fa2fef58debb01fa2584dce04d345d0d9a3423e5cadf1ad13a75d3f5
2026-06-04,S08,K05,2026-05-25 12:00:00+08:00,0.0000000000,3326,d2d0c3f2e59c823131a21321bff505a2755c6345d6b410771e25c7a2787cf421
2026-06-04,S08,K06,2026-05-25 12:00:00+08:00,0.0000000000,3327,1bc85289efb7d9c712c72b180736135c085ebbe7af783264164b60fdfcbc70ac
2026-06-04,S08,K07,2026-05-25 12:00:00+08:00,0.0000000000,3328,1fc266161eb657649de451aeccd51776f36ccead384e9af07a2e187fec5c8f42
2026-06-04,S08,K08,2026-05-25 12:00:00+08:00,0.1200000000,3329,785a91e9fcf8627725096c9342ae9e14bde51ebf0a36bfe53fd24903edf20343
2026-06-04,S09,K01,2026-05-25 12:00:00+08:00,0.0000000000,3330,e4a43a9845a253d24aba60de12b90d39e3b6e40432dce3ce264c3aee989970c3
2026-06-04,S09,K02,2026-05-25 12:00:00+08:00,0.1200000000,3331,0d544fed12386d6a1da9461f9972a2ec43ccd2bcdfd00b30994421fd126d08c0
2026-06-04,S09,K03,2026-05-25 12:00:00+08:00,0.0000000000,3332,da8501b3db60fac7e74a8b1ae41152ea26b741326aa643cac429d539d1194963
2026-06-04,S09,K04,2026-05-25 12:00:00+08:00,0.0000000000,3333,0e07a2991edc64744a8f71afc72ba9d05858470ada6070920e761fcf58865a8f
2026-06-04,S09,K05,2026-05-25 12:00:00+08:00,0.0000000000,3334,46f95db7a9c3be951d57690490d15af49d94e46f19e06b8e524c2ffa31824832
2026-06-04,S09,K06,2026-05-25 12:00:00+08:00,0.0000000000,3335,903c243e75e9c6799256ef93b65b6db19c0c6ab0213f1cf39feefc4f2fe012fa
2026-06-04,S09,K07,2026-05-25 12:00:00+08:00,0.1200000000,3336,0009ee57a013ca9c7d791ad253330f760f76017b936762d582a4c56886376093
2026-06-04,S09,K08,2026-05-25 12:00:00+08:00,0.0000000000,3337,48d679b2cef96bd900a71260a99ae14aa1e172f29e5140bc490b23fc17d5f398
2026-06-04,S10,K01,2026-05-25 12:00:00+08:00,0.1200000000,3338,12178135e0a13cbe643bfb2016870b03c9883208c8898e66671e27fc9a5a908a
2026-06-04,S10,K02,2026-05-25 12:00:00+08:00,0.0000000000,3339,baf2dc68ed8a46ce0a3bd983ceb7b3a452e5a9ad8d82c66270ee606d56d1b5cc
2026-06-04,S10,K03,2026-05-25 12:00:00+08:00,0.0000000000,3340,4d439faac4fe881046264fcf5496f2aed42d363dde04067ab2b4d438a831e8cb
2026-06-04,S10,K04,2026-05-25 12:00:00+08:00,0.0000000000,3341,8c39e7afa45bee28542f4eb728f198a9e23cb0f084367371af935e73989b60c0
2026-06-04,S10,K05,2026-05-25 12:00:00+08:00,0.0000000000,3342,065a5ec4e484b1d81ec3dc7a2848b15e2f95b20d0066d7b1f7b1f035376a0fcc
2026-06-04,S10,K06,2026-05-25 12:00:00+08:00,0.0000000000,3343,674e7a52b58cb95d72e7a45fedb8721ab11eb09206a39224b2fb5b6f7fb3446d
2026-06-04,S10,K07,2026-05-25 12:00:00+08:00,0.1200000000,3344,d87453fb0d654e608e269a741b77f0f67a44d0ec7e3dc0133a1d50a847d02016
2026-06-04,S10,K08,2026-05-25 12:00:00+08:00,0.0000000000,3345,09de634fe2249b4a9f8a7d42b532826cd468f1252a6c3f518eba0ff1ae845401
2026-06-04,S11,K01,2026-05-25 12:00:00+08:00,0.1200000000,3346,294e3106f635c0adf3ef583e8f1b973bcec6f932f6c84e38a7d8c659d1db17cd
2026-06-04,S11,K02,2026-05-25 12:00:00+08:00,0.0000000000,3347,264d0997bb511a0ebe2b73aabf5a2f8e025f50e3d71fa3567a4a47f688a89322
2026-06-04,S11,K03,2026-05-25 12:00:00+08:00,0.0000000000,3348,29e6ca1fc12fffa16fcfd632c1f0567765782eede6c4c455f91e899da4613b47
2026-06-04,S11,K04,2026-05-25 12:00:00+08:00,0.0000000000,3349,57e2d8fb0de06aff0afdefc1f4e8efc6f43449d545193b3d4ac9e85c31df5f7e
2026-06-04,S11,K05,2026-05-25 12:00:00+08:00,0.0000000000,3350,fe42aa5161ebce73ff8394393e8731b5c3caa84eb3b83e641902e0dc6088a307
2026-06-04,S11,K06,2026-05-25 12:00:00+08:00,0.0000000000,3351,f1391e6f06c877fe43c9d69817957edb047c9e8cc87516f4674eca11bacd30b2
2026-06-04,S11,K07,2026-05-25 12:00:00+08:00,0.1200000000,3352,498aeb2a7d042dc016ac48b67a339751d33f19240e8b69cb00ce74b2e6b76a3c
2026-06-04,S11,K08,2026-05-25 12:00:00+08:00,0.0000000000,3353,ea0f0113b0b152e3e42a494f7f4bc3bde21ff1f9ab0d2cbeaacd7de31eb629e1
2026-06-04,S12,K01,2026-05-25 12:00:00+08:00,0.0000000000,3354,518a1658c6c260ffb65c3d3d4f807e549936a2590395d167497f1c3aa097cb06
2026-06-04,S12,K02,2026-05-25 12:00:00+08:00,0.0000000000,3355,1ac8b803f590b0ba567d6d34ca19f94ac966f66d3ffd4c2d86566c573e93182f
2026-06-04,S12,K03,2026-05-25 12:00:00+08:00,0.0000000000,3356,49d5aa2da0ddeadd047d6fc2bf12935c84c1c4d6f3e69f5fd0e3d440aea9fc21
2026-06-04,S12,K04,2026-05-25 12:00:00+08:00,0.0000000000,3357,e3c7553adbe842769f64f22835217771b81f914ceb295de821401ad6fda570cc
2026-06-04,S12,K05,2026-05-25 12:00:00+08:00,0.0000000000,3358,7fc45315a5ebb9a952bfacd5543982e55035c39f9ccd543e470454339b4b7e9c
2026-06-04,S12,K06,2026-05-25 12:00:00+08:00,0.1200000000,3359,8b22838c09917157bb257374de53cb15f3d7cf9d5dc137e98345acea3480e850
2026-06-04,S12,K07,2026-05-25 12:00:00+08:00,0.0000000000,3360,7489d1c065566d19dcfbc55aabab37901c638ee834e0839c8f7f45d80193ff1b
2026-06-04,S12,K08,2026-05-25 12:00:00+08:00,0.0000000000,3361,3361fb763e4c157314c0675dfb394818ef3d313aace38bf040c2b54be3e1d30c
2026-06-05,S01,K01,2026-05-26 12:00:00+08:00,0.0000000000,3362,5c990270d6b9a79ec71c970c945c4195939f7d51a9f7cdd58040b45018d3dbfa
2026-06-05,S01,K02,2026-05-26 12:00:00+08:00,0.0000000000,3363,5fa507ef8c9b118681207a4874082a0dd49ef343235f2bcb9d2a5a186cba3cc5
2026-06-05,S01,K03,2026-05-26 12:00:00+08:00,0.0000000000,3364,bdfafb8b09ecdcde2e736184ff82a490e2809195dfdd92e8fdc7e3cefcddf55f
2026-06-05,S01,K04,2026-05-26 12:00:00+08:00,0.0000000000,3365,caf749478f18170b280d24d2e9c8bd19479dfae54f443147b949aeeeb958cccf
2026-06-05,S01,K05,2026-05-26 12:00:00+08:00,0.1200000000,3366,e18ae283eb2893eed3eb9f934d1314594ef4e8f288c7ea149b0cdcfbb5809aac
2026-06-05,S01,K06,2026-05-26 12:00:00+08:00,0.0000000000,3367,7799193693a66a6b59612aadf9b59ecfafbfe7a9d1cacf40e5d36bb6a7b1cdf6
2026-06-05,S01,K07,2026-05-26 12:00:00+08:00,0.0000000000,3368,9cdf0149c2da564676fa789894e7e751c3f188e9cbab9294a0535aad838d8815
2026-06-05,S01,K08,2026-05-26 12:00:00+08:00,0.0000000000,3369,8ee4078296287e1906132f9c1186290de363a5cdf41ab9478ae12f8bed6e94cf
2026-06-05,S02,K01,2026-05-26 12:00:00+08:00,0.0000000000,3370,c92df3a3a6ae8ab68cb25dd387f027c934ef4c5bdcd53d861a11f50ef1e8536e
2026-06-05,S02,K02,2026-05-26 12:00:00+08:00,0.0000000000,3371,1857a8d16a6f5aa9b97f5a41bbd72d372bffcbfe003475776c787b65775c0da2
2026-06-05,S02,K03,2026-05-26 12:00:00+08:00,0.0000000000,3372,c608030b07c4e3146f43f553c287b7d920349aea76dc874565e0572529340166
2026-06-05,S02,K04,2026-05-26 12:00:00+08:00,0.1200000000,3373,0262526e9f559f9177c4e9e8f3d62694fea40954edab8451928461577b76c0e4
2026-06-05,S02,K05,2026-05-26 12:00:00+08:00,0.0000000000,3374,25da554d053e129a2e94d2d92dec1672883fe813b3e0b960e515a4322d8ce7a9
2026-06-05,S02,K06,2026-05-26 12:00:00+08:00,0.0000000000,3375,442cda1fee18101438498157c2ab3fdd9cdf09b53c36eeb8d75beb75f91dc863
2026-06-05,S02,K07,2026-05-26 12:00:00+08:00,0.0000000000,3376,d682a8c9a6905ee513a07fd92457aedd62593dc6450193da4859c65b3d790e93
2026-06-05,S02,K08,2026-05-26 12:00:00+08:00,0.0000000000,3377,ed2a6edf9ce91d1fd46c4f16429f1799127747efda9dd12491372b1079be219e
2026-06-05,S03,K01,2026-05-26 12:00:00+08:00,0.0000000000,3378,b459c469d133afd983f76699b2532c6f903e0a56c92dfd6c0ce568a3d379c22d
2026-06-05,S03,K02,2026-05-26 12:00:00+08:00,0.0000000000,3379,b378502e659d4e221c0d760de61e4d02d5ec170d740a3bbf22e88516087f43fc
2026-06-05,S03,K03,2026-05-26 12:00:00+08:00,0.0000000000,3380,30d8f71a2d7e615b87ca8dcb9a1c1d0748f3c205be35023f1bfc845dc6fabd1d
2026-06-05,S03,K04,2026-05-26 12:00:00+08:00,0.1200000000,3381,70a0c70de32c358ed2fafb6dfd27a95bf719574627ebcbb9d8d508408822fd0c
2026-06-05,S03,K05,2026-05-26 12:00:00+08:00,0.0000000000,3382,4af8bc69f306f37c8b95de44969ff9128650a806c7bbf49ff4453c2edd6bbba6
2026-06-05,S03,K06,2026-05-26 12:00:00+08:00,0.0000000000,3383,0edff904a019e0c5e6ccc10db10bbaca1ae137de8fa4c28f1e6e391428a11456
2026-06-05,S03,K07,2026-05-26 12:00:00+08:00,0.0000000000,3384,a40d3ab0c994752ed528a422b84fb38d314a4dd277aa832c6d8de4c8dca20308
2026-06-05,S03,K08,2026-05-26 12:00:00+08:00,0.0000000000,3385,69105951cccdfa04b570f5864855ba08b5117c746401b29b0d2ad3fc4f823ff1
2026-06-05,S04,K01,2026-05-26 12:00:00+08:00,0.0000000000,3386,3a378c3c17c35cd1a8db0dd4bac7a4045e4feee0fd397de9038d76d804354705
2026-06-05,S04,K02,2026-05-26 12:00:00+08:00,0.0000000000,3387,71ab7f1545fcb6b236254a6bce805205c8eb8d67add47dd15bc56dede1ee8704
2026-06-05,S04,K03,2026-05-26 12:00:00+08:00,0.1200000000,3388,ff57a23f4d8d50a8739d623b960cb766afd15257952cc6b3016c7de309f181e3
2026-06-05,S04,K04,2026-05-26 12:00:00+08:00,0.0000000000,3389,31c5cdb447949730edb78019227d362f556e727abe1a604673a44e6b0158f11b
2026-06-05,S04,K05,2026-05-26 12:00:00+08:00,0.0000000000,3390,b6775b96af380cf8ad1edcfa7dd954a70b751f2dbfef6f44b94108b1654c0e4b
2026-06-05,S04,K06,2026-05-26 12:00:00+08:00,0.0000000000,3391,67459c48e16d2443caf74d5b636ca2acfd886789f36e3b26a261ad2fc37ae277
2026-06-05,S04,K07,2026-05-26 12:00:00+08:00,0.0000000000,3392,92c77323c0756309698866b4a033a72166f433cbc28ab3c9a2b6fd282bcc3981
2026-06-05,S04,K08,2026-05-26 12:00:00+08:00,0.0000000000,3393,7b3e9c07e31a3e87dbc503cd17c33d35873014b8c00b62c36dc3cf8f746fb624
2026-06-05,S05,K01,2026-05-26 12:00:00+08:00,0.0000000000,3394,95ba22fea9b935417e06c0341005f2e03b17d04380852fea457b83cae8996473
2026-06-05,S05,K02,2026-05-26 12:00:00+08:00,0.0000000000,3395,24226c05a2051e9adf19447f2c58fab01c3f829706f500fc31080386bb6b8bb7
2026-06-05,S05,K03,2026-05-26 12:00:00+08:00,0.1200000000,3396,5661f9bbed228c6b6febd4778e5b47d936dc9a2dc4a56047dff0726ac4e16ca2
2026-06-05,S05,K04,2026-05-26 12:00:00+08:00,0.0000000000,3397,95421b65bb1da3e6a1a81e3c9365413e0e37dda03a84382f3bc39e31db4944bf
2026-06-05,S05,K05,2026-05-26 12:00:00+08:00,0.0000000000,3398,a093870c47c4e418c30bb22b5993be103b4b14f3c85d8670ae43fedd477139a8
2026-06-05,S05,K06,2026-05-26 12:00:00+08:00,0.0000000000,3399,d42e9effb68bc1d05d8705b05113f5c1bafd1d6419df15424e97a70b884e10e7
2026-06-05,S05,K07,2026-05-26 12:00:00+08:00,0.0000000000,3400,4912fa2aaf4c046343f14101efcbdcde4d84592ca0f7c5068fb8e27670205223
2026-06-05,S05,K08,2026-05-26 12:00:00+08:00,0.0000000000,3401,752b7dbeed43769f6d8eec13023dd34774bff4e1a61796e81e1313cf679c060b
2026-06-05,S06,K01,2026-05-26 12:00:00+08:00,0.0000000000,3402,84dfb84bd3b4028b93859114fe2f0d7d4973e0a506a8a9591faafc79f206f8bc
2026-06-05,S06,K02,2026-05-26 12:00:00+08:00,0.0000000000,3403,e8665ee768a67bddd591480227186d4fa4957a2d767121e80e3a02b037bdca75
2026-06-05,S06,K03,2026-05-26 12:00:00+08:00,0.1200000000,3404,9d19abe61d7aff61207cf27d672724b36128e455638d079e44e88cc0198e4717
2026-06-05,S06,K04,2026-05-26 12:00:00+08:00,0.0000000000,3405,db8d872083c88d717d0bc9c7df2e112ee8be4c4b73a840e6494aad0b404fe11d
2026-06-05,S06,K05,2026-05-26 12:00:00+08:00,0.0000000000,3406,eea71144d3e90e586fb4420ec1b33841bdd1f2f7da48cf3451e58475c36b077e
2026-06-05,S06,K06,2026-05-26 12:00:00+08:00,0.0000000000,3407,e2452456e199b4d47959d28b6b36dbe9db541046d004fb6df6d53fcd3b4dbfaf
2026-06-05,S06,K07,2026-05-26 12:00:00+08:00,0.0000000000,3408,3652b03d7da298658d17353e3241b78913f4afb14b8834915011690c5a54d5d8
2026-06-05,S06,K08,2026-05-26 12:00:00+08:00,0.1200000000,3409,244d4eeb0f44d19dc36fdf0bf21f188356edc994aad01812a5f42b24b1af7c5f
2026-06-05,S07,K01,2026-05-26 12:00:00+08:00,0.0000000000,3410,e53f2a95fef5da260c2ad00ebf1c35b209d049a74e83effb69f2555e73352c19
2026-06-05,S07,K02,2026-05-26 12:00:00+08:00,0.1200000000,3411,9103a4c73a8f3a92a2d54556bdb752925f6d1e43aef0f212e98bdeb42b3163f5
2026-06-05,S07,K03,2026-05-26 12:00:00+08:00,0.0000000000,3412,dd2d5d683afbb57bf5f19c7ad68005929f733186b0f28104d73a937ebed67ea8
2026-06-05,S07,K04,2026-05-26 12:00:00+08:00,0.0000000000,3413,87f2141417ffcffb430e7c1a2199f7bc644fb13d758e935c53879ea37f1e7a1d
2026-06-05,S07,K05,2026-05-26 12:00:00+08:00,0.0000000000,3414,2f495e357b2f16777df4edd72745d07fd3f47e151405183f2431671727599668
2026-06-05,S07,K06,2026-05-26 12:00:00+08:00,0.0000000000,3415,d51f823b03d95827e200c155dd850ee0ac06b03cb74eac1a8f43974a6e5b308e
2026-06-05,S07,K07,2026-05-26 12:00:00+08:00,0.0000000000,3416,946734ba012fbc1ce22d3adc650895ac415ebb235b2d45b157186f26f77c667c
2026-06-05,S07,K08,2026-05-26 12:00:00+08:00,0.1200000000,3417,208dbb55c0a9a753a3fd7711ff39ad155c927e2971bc72161022fd8df0ef7731
2026-06-05,S08,K01,2026-05-26 12:00:00+08:00,0.0000000000,3418,8838249c5ccebd3c561e4d34828f98b5dab1711ddf8ff70d8429dcce016a8a09
2026-06-05,S08,K02,2026-05-26 12:00:00+08:00,0.1200000000,3419,c8a7d5e3c4d3c5f5870b5bccffa3dfbab57e3a17b924f8040283590327f59b99
2026-06-05,S08,K03,2026-05-26 12:00:00+08:00,0.0000000000,3420,81a5799474dbca26ee5d6d53a2621cc089ab81dddf16e042f538bbdbec904d11
2026-06-05,S08,K04,2026-05-26 12:00:00+08:00,0.0000000000,3421,f2a1271538bedcbace3085b2427790d233181186a91a876b2ca36659a0d720e3
2026-06-05,S08,K05,2026-05-26 12:00:00+08:00,0.0000000000,3422,8bb143218b0b89d8101a2ff15cb86ba3148770c6f7c224fed0d3cf29fbf036d8
2026-06-05,S08,K06,2026-05-26 12:00:00+08:00,0.0000000000,3423,4069525d5cd6ffd002801c3c50a44f8902b8e7a102bfc661cc16d01a33f0bb7f
2026-06-05,S08,K07,2026-05-26 12:00:00+08:00,0.0000000000,3424,7558454b534fbc29665330272bacc7fdaa55d8b0f5c55dce5f5bf82f4438866b
2026-06-05,S08,K08,2026-05-26 12:00:00+08:00,0.1200000000,3425,30331c9fbc557b3e6044eed7cf4b3d05567a39a1b0c2d2c4cada54254695cffd
2026-06-05,S09,K01,2026-05-26 12:00:00+08:00,0.1200000000,3426,85a8823aa56f5dc2e40db947d70c4934cf70b5481692d9091d502630b0fbb2ba
2026-06-05,S09,K02,2026-05-26 12:00:00+08:00,0.0000000000,3427,51e75174fe37505ef6a975bbdec4255019df749d282c3a5e37d52f35dc728eaa
2026-06-05,S09,K03,2026-05-26 12:00:00+08:00,0.0000000000,3428,7f61272515b99f280438768be8d9dc4cf0a5b701cb4f372ff5ec9098d125393e
2026-06-05,S09,K04,2026-05-26 12:00:00+08:00,0.0000000000,3429,212d417b63d4995cbd3b89d8aa58ce2a587af374578898f219eab885b2b85224
2026-06-05,S09,K05,2026-05-26 12:00:00+08:00,0.0000000000,3430,99593c0543bb2abe99a49ba02ae9a2438bb3f2f79c97b616c600f1ee8abafe06
2026-06-05,S09,K06,2026-05-26 12:00:00+08:00,0.0000000000,3431,beac6e72321c7262249fe25e0fdd0c3c004b52bc7e29dc2794a611a41417c7fb
2026-06-05,S09,K07,2026-05-26 12:00:00+08:00,0.1200000000,3432,8ee614b78634bbf106391cac6c54293f9fbdb827ab26c7a1272f9c6d4843600d
2026-06-05,S09,K08,2026-05-26 12:00:00+08:00,0.0000000000,3433,0fecc02a81b143a1337456e2156f7d7c43a0ca58e241b06042cee99657867ece
2026-06-05,S10,K01,2026-05-26 12:00:00+08:00,0.1200000000,3434,f830350ae2656fcf77770bc15633cfd6cc9dccca0f77c4293b12bdcf04390f45
2026-06-05,S10,K02,2026-05-26 12:00:00+08:00,0.0000000000,3435,098155398a87e5ee06cea7aafabb75f7ba599d980733fdb2687b2325c122739c
2026-06-05,S10,K03,2026-05-26 12:00:00+08:00,0.0000000000,3436,b68503c7c39e4783ed5d4cc46f5e64992c40f500116746e4ed8389051f5102a1
2026-06-05,S10,K04,2026-05-26 12:00:00+08:00,0.0000000000,3437,b94b2e492d2e58a294806b1b82ed878f1956671bfa19dc5e2df5f9118595e4f1
2026-06-05,S10,K05,2026-05-26 12:00:00+08:00,0.0000000000,3438,4d636965b9a1fef072431fa2686641943f32d0c67ed19a305a98688f6348b41d
2026-06-05,S10,K06,2026-05-26 12:00:00+08:00,0.0000000000,3439,2417c385cf25a913d5cbda488d4ba15f50bc83e223d81790657671561e7d6f8b
2026-06-05,S10,K07,2026-05-26 12:00:00+08:00,0.1200000000,3440,2b9bc986c8fbc6e5706c4834cda3715af7cd5b868c94bd7c8685343c695dd827
2026-06-05,S10,K08,2026-05-26 12:00:00+08:00,0.0000000000,3441,ca3fd99aa99e5d021b6a1160aa417432f6acd659457333735565d0a6b83c76d1
2026-06-05,S11,K01,2026-05-26 12:00:00+08:00,0.1200000000,3442,fc77d3350e604f5c06856ca1f8cb25cccd1b805afb7b6b76e8195a57df13b03e
2026-06-05,S11,K02,2026-05-26 12:00:00+08:00,0.0000000000,3443,3dbc4f05c237e6f60b43f7c07232eb7cd2cdc7ab54fad1bd90d222f7ee43ff9a
2026-06-05,S11,K03,2026-05-26 12:00:00+08:00,0.0000000000,3444,24b5e129ec79435f6dd62fbad5495b6386620537360c97f78a2d6315e00657eb
2026-06-05,S11,K04,2026-05-26 12:00:00+08:00,0.0000000000,3445,306c200fdb47260ad060b305b6c538fb4c21017cdf99d637a114c6d602d1901e
2026-06-05,S11,K05,2026-05-26 12:00:00+08:00,0.0000000000,3446,d1f24c7d58cece948613f62d9598d07abdaddb728308103088f79559579dc3ee
2026-06-05,S11,K06,2026-05-26 12:00:00+08:00,0.1200000000,3447,02dea2e2bf3ea25d471dff8b0d75cd2a49fb84d0a2f7eb709228fa57280fc526
2026-06-05,S11,K07,2026-05-26 12:00:00+08:00,0.0000000000,3448,8647929efcee90a684933936b34bddc58165dd9a69782302957bf2d45d93ed0f
2026-06-05,S11,K08,2026-05-26 12:00:00+08:00,0.0000000000,3449,f0ca0138dff98529a2aaa799da26cf87ecbd54ca197fbaa6cd572283d0774f04
2026-06-05,S12,K01,2026-05-26 12:00:00+08:00,0.0000000000,3450,54a4a671f17f76acc5d2356e10261391db2eb09da9f2a78bcd26909959e4614a
2026-06-05,S12,K02,2026-05-26 12:00:00+08:00,0.0000000000,3451,0172447583d3db46e5f19871dda877d674701e168a6fa83fd5a612859fee2859
2026-06-05,S12,K03,2026-05-26 12:00:00+08:00,0.0000000000,3452,4c0eee11b47330185373ed5c07df8fc917ea58345636421fa3744d626ed68881
2026-06-05,S12,K04,2026-05-26 12:00:00+08:00,0.0000000000,3453,d8de7b52c138103719b29c7868312a4e59af30f497bb92584b4ea7e585cdbf0a
2026-06-05,S12,K05,2026-05-26 12:00:00+08:00,0.0000000000,3454,d051cd581449d9963442f18039b6025c19d7ec3cc492eaeeafd01730db654e3b
2026-06-05,S12,K06,2026-05-26 12:00:00+08:00,0.1200000000,3455,52b9d2e7c0a0072338a6fa038bddbfa493b7f934ca959ba034b780684dc5b97f
2026-06-05,S12,K07,2026-05-26 12:00:00+08:00,0.0000000000,3456,000ead4b627cd7a24768710267fc40bb40840df15d1e137c90c934e8c97b77cb
2026-06-05,S12,K08,2026-05-26 12:00:00+08:00,0.0000000000,3457,ee0e321d8f1991158795a716bc635da87c2e7201fdb382eeba334e907704256b
2026-06-06,S01,K01,2026-05-27 12:00:00+08:00,0.0000000000,3458,7fa29f0aa1319bab5bcbfcf41461f81355a55b6d37bb72936c70c2f3ca1a2d08
2026-06-06,S01,K02,2026-05-27 12:00:00+08:00,0.0000000000,3459,8966d042a09229764a7d774552f0af8c20f4de369d4d22d8470b23351ae074ae
2026-06-06,S01,K03,2026-05-27 12:00:00+08:00,0.0000000000,3460,2c89dbb7f3a4d3a3bc28f018c1903dbae5cc282cbcc2ba1e78d596b1f801ecb3
2026-06-06,S01,K04,2026-05-27 12:00:00+08:00,0.1200000000,3461,f6c8ad08af55ff0728afef40975cea87576f144f865bc6f3504986fc7e35448c
2026-06-06,S01,K05,2026-05-27 12:00:00+08:00,0.0000000000,3462,b2627ae5c01c56085a7bb61a210ed718512885753240a61a9a56800a912c3649
2026-06-06,S01,K06,2026-05-27 12:00:00+08:00,0.0000000000,3463,00b49b2275f05b8edc1dfcc6bea81aa6adb080eeb64a8bf9b7bed29d351647fb
2026-06-06,S01,K07,2026-05-27 12:00:00+08:00,0.0000000000,3464,dc277d38a1c63dac3674dfea76ad51fcdc7e9c771ff6b6751f35ec4f56198c7d
2026-06-06,S01,K08,2026-05-27 12:00:00+08:00,0.0000000000,3465,67d9f17db88e9c37c568efd4c634e0f0d1afe1ccffdd894d7af57f024f764ec5
2026-06-06,S02,K01,2026-05-27 12:00:00+08:00,0.0000000000,3466,945700c43e0a2967e457ee4136dc123a5e32412308562f69c4ef67757f76eae2
2026-06-06,S02,K02,2026-05-27 12:00:00+08:00,0.0000000000,3467,57d4539bf053349c8bb3cb1022ba2e346c3d8f06519e74b4ee1b670a370d8b62
2026-06-06,S02,K03,2026-05-27 12:00:00+08:00,0.0000000000,3468,3c643ca36cbce959109e3f52627010ca0b8510ad0420c82a3204586259e56700
2026-06-06,S02,K04,2026-05-27 12:00:00+08:00,0.1200000000,3469,ed676387e432eab89067f6ca7711905526856e7f14becc7b2573bfd51dbbbb19
2026-06-06,S02,K05,2026-05-27 12:00:00+08:00,0.0000000000,3470,7aa7fea00380e7f2d290f941f9a85ce2acb158d5374706229add6e0214ef4074
2026-06-06,S02,K06,2026-05-27 12:00:00+08:00,0.0000000000,3471,bac5c2c8f681d474773602014702e1119e59efadc2504f6b26aa5811d4f8e1fe
2026-06-06,S02,K07,2026-05-27 12:00:00+08:00,0.0000000000,3472,c415b7065bfc77e27567ad379b0b45a8b27d3bd8c8420757bd67372f957d741d
2026-06-06,S02,K08,2026-05-27 12:00:00+08:00,0.0000000000,3473,4912a507dfe3f522056284d77e9ab63abf70c396377b3456ba24d9ba8cbf602e
2026-06-06,S03,K01,2026-05-27 12:00:00+08:00,0.0000000000,3474,a8960c0d718d383986f878ff77ad7995397db62de6db5c5b755cc341fa1f022b
2026-06-06,S03,K02,2026-05-27 12:00:00+08:00,0.0000000000,3475,8ec40251897707530b622dd7df5a173073cd5e8a27f133ccacab5968c4d9dd8a
2026-06-06,S03,K03,2026-05-27 12:00:00+08:00,0.0000000000,3476,5069076d3c621f72d3047a948dd69b091881d74e14fc3d614f5691c2f93ff7df
2026-06-06,S03,K04,2026-05-27 12:00:00+08:00,0.1200000000,3477,8748936376e08c4792e87d7499939d279cb6f4dac05cc984544cd6a878f7b3aa
2026-06-06,S03,K05,2026-05-27 12:00:00+08:00,0.0000000000,3478,a3bc7289f7dfbd11148a7e237874a9950c7eb250914f729842726a02d80e7f88
2026-06-06,S03,K06,2026-05-27 12:00:00+08:00,0.0000000000,3479,d5516e344c8a0797899d874b45cdd280b493e36691d259b0d9187159f37cf404
2026-06-06,S03,K07,2026-05-27 12:00:00+08:00,0.0000000000,3480,5be94fef291ffcfdaee5abb07e7afe94db94a681b76e3ae100c9b2f0287bb4b2
2026-06-06,S03,K08,2026-05-27 12:00:00+08:00,0.0000000000,3481,07c088d33b77bef9d4829f54b54f021c86b451abbe5e57d45b29fe0b2f49b184
2026-06-06,S04,K01,2026-05-27 12:00:00+08:00,0.0000000000,3482,eb3e8d60e12a276f8c2a023983fb41b59c54ff9f668bf84e387a7e3b7a2d2d9c
2026-06-06,S04,K02,2026-05-27 12:00:00+08:00,0.0000000000,3483,ac3a5c0fc7039371e356886dee3c9846837544dab267d4ebe95306588187fbff
2026-06-06,S04,K03,2026-05-27 12:00:00+08:00,0.1200000000,3484,68ecb9a7d835090f6806bc2e7a06f4802818838d86d576f5213f7ac18bd42f03
2026-06-06,S04,K04,2026-05-27 12:00:00+08:00,0.0000000000,3485,66f0a847b5aab4ad4eb187c59ed3e49da7e5f1b08cbefcb666f580a30f27ca1d
2026-06-06,S04,K05,2026-05-27 12:00:00+08:00,0.0000000000,3486,1edde5333d1c8bbe4cf29bb07b93133f199a98e05ad5806fe55554f561967da7
2026-06-06,S04,K06,2026-05-27 12:00:00+08:00,0.0000000000,3487,ff7fe9c2b8049509eb4559989d3c5b056e12fcd9d9bb715a61d51cfd62c63da3
2026-06-06,S04,K07,2026-05-27 12:00:00+08:00,0.0000000000,3488,f3f90fa18faeaa14273893e239f09edce87fe08a35974bd76c72eb1dbfe92f45
2026-06-06,S04,K08,2026-05-27 12:00:00+08:00,0.0000000000,3489,77242d6cb7a1f70fa19069166a723da18310d3794264ca3b299121167fee2be5
2026-06-06,S05,K01,2026-05-27 12:00:00+08:00,0.0000000000,3490,32344484fa36ca72d14e0ce5a5735ea86b39b57871b2d69bf8ab77541ad4670b
2026-06-06,S05,K02,2026-05-27 12:00:00+08:00,0.0000000000,3491,c2d70be66a79bdfd5a93b099849f0d0c044b9ba67e808dee6aa69997a7c78379
2026-06-06,S05,K03,2026-05-27 12:00:00+08:00,0.1200000000,3492,562c898f8312def73d5999983682cb42ae0265abd71155a1cdc518a9b70656f0
2026-06-06,S05,K04,2026-05-27 12:00:00+08:00,0.0000000000,3493,db5ac986340d71210d01f030cd3beb6b6e79a53b43ce21253360a7de1f0b1af5
2026-06-06,S05,K05,2026-05-27 12:00:00+08:00,0.0000000000,3494,ebc6446bce4cc918158acdea17aa0f898c7bfc87b677f1b5616a287dcb4363fb
2026-06-06,S05,K06,2026-05-27 12:00:00+08:00,0.0000000000,3495,b190d7688874b27d499928fa9fde1d26a966a3888c0c07f9b0e0a21ca9c2aa2d
2026-06-06,S05,K07,2026-05-27 12:00:00+08:00,0.0000000000,3496,eae06f23e73b9cb2bdd1e4834804d21ace5436996cf60c03100c3d7ceafb845a
2026-06-06,S05,K08,2026-05-27 12:00:00+08:00,0.0000000000,3497,82018175fe19b68f652728f10c633c3979989ef3ae69f52a84947466588bee5a
2026-06-06,S06,K01,2026-05-27 12:00:00+08:00,0.0000000000,3498,988134f7f09fcc5ec57dcf4c75c0a25e84ab4a18d91974630eeac6a2951612ca
2026-06-06,S06,K02,2026-05-27 12:00:00+08:00,0.1200000000,3499,f5b8e5f02386fecd87c858cf084d8a5a7424acebcf8f18ff771e7878e04e32f2
2026-06-06,S06,K03,2026-05-27 12:00:00+08:00,0.0000000000,3500,50ca396425c5ff0109a0f8f722a27d21c1d475a9dda817c6536922162310b5e5
2026-06-06,S06,K04,2026-05-27 12:00:00+08:00,0.0000000000,3501,24a2ad9310a511c5a615b0e2d83d2360d2fdd64e4c05f2aae523f52977e0ace9
2026-06-06,S06,K05,2026-05-27 12:00:00+08:00,0.0000000000,3502,765529e000abd83a90498ce288f6915f5352d4773c88c37889d32e6d3a160434
2026-06-06,S06,K06,2026-05-27 12:00:00+08:00,0.0000000000,3503,ede285f771133edfebf3a6c0d41ab24e517d744aea28071e84b2f5a932bef6f0
2026-06-06,S06,K07,2026-05-27 12:00:00+08:00,0.0000000000,3504,8f3ad30db6b8e03a5d49c8e1e05ac495b83f01a1ef9d6f6a45f6645facfd42df
2026-06-06,S06,K08,2026-05-27 12:00:00+08:00,0.1200000000,3505,d76fe00b07bbe95dc82177c2c4070f1f38f4db8070f040fba0df673698c113a7
2026-06-06,S07,K01,2026-05-27 12:00:00+08:00,0.0000000000,3506,c0f21ad2bb2f95b1cb99458ed23a815b0aba8bd390fb4499ef18d3ed4926ceb1
2026-06-06,S07,K02,2026-05-27 12:00:00+08:00,0.1200000000,3507,3882955183b8dfbdd06a98c9507f8bad3d0a018350e08e42b21bba559c67d94f
2026-06-06,S07,K03,2026-05-27 12:00:00+08:00,0.0000000000,3508,5c78df5ef50ce0a39a276f8c8ec03ab1360bd7be3f0bfb68c6e114df95e3b9e7
2026-06-06,S07,K04,2026-05-27 12:00:00+08:00,0.0000000000,3509,9d101f840dbed622a1cbb3c57582cb76c87063facdf497fb4080f5cfbc102180
2026-06-06,S07,K05,2026-05-27 12:00:00+08:00,0.0000000000,3510,f5081dbfb49f3b02db55d2f05cc804694cfe6b8d5d1ca3b1b4c021b2e9965b48
2026-06-06,S07,K06,2026-05-27 12:00:00+08:00,0.0000000000,3511,26fa2e3cac03a36b504a8be390e810f611adaa53476cff003ee57beae8b5e870
2026-06-06,S07,K07,2026-05-27 12:00:00+08:00,0.0000000000,3512,a200262f114e0368606674e809b26891a462f5557926b54fa6117477581df422
2026-06-06,S07,K08,2026-05-27 12:00:00+08:00,0.1200000000,3513,47cb5375831638a7234a35f25603788444f6d5de029f49412323df43dd1ab365
2026-06-06,S08,K01,2026-05-27 12:00:00+08:00,0.0000000000,3514,c31615bb512f122e31a880f7608c0fa8596fe070c279d6aba516863f65f33a8a
2026-06-06,S08,K02,2026-05-27 12:00:00+08:00,0.1200000000,3515,e2ed3f8fe1fa4ae7b3c12ddb257fa0ed4c4c6fae2e2da24a973267b1400044af
2026-06-06,S08,K03,2026-05-27 12:00:00+08:00,0.0000000000,3516,ceea6b3a03a71eff1cc3bf05d9fe51dc6f11ed6f7998d9202d1927a34f4f25c3
2026-06-06,S08,K04,2026-05-27 12:00:00+08:00,0.0000000000,3517,3c674cd904548220fa1ca97af72c665585d30696b51496d00c37453678776885
2026-06-06,S08,K05,2026-05-27 12:00:00+08:00,0.0000000000,3518,bc7d555f0320b4f5ab9a624792098103d9f4b87350c12c4af0f759e5bc502f97
2026-06-06,S08,K06,2026-05-27 12:00:00+08:00,0.0000000000,3519,d8d7e90a826c9a1bd34f465414d96c667ed6e92596ab4da2e5424b05cdf88b66
2026-06-06,S08,K07,2026-05-27 12:00:00+08:00,0.1200000000,3520,6e4ff9cd44f1c82d56038f51cbb078dc0880695232116c1d8ad01c5f5444225d
2026-06-06,S08,K08,2026-05-27 12:00:00+08:00,0.0000000000,3521,6ab21e6d5c2f3f296303ef34b2c49bf8b9a571ea72e6fa73f5f634acef20e822
2026-06-06,S09,K01,2026-05-27 12:00:00+08:00,0.1200000000,3522,292f961583514061cfb904365fff85e5f875322fdce20ba427470e1202d00428
2026-06-06,S09,K02,2026-05-27 12:00:00+08:00,0.0000000000,3523,b02ea16510845b86307784229df8c455979bb158c9aa88c0344d633fcabd0db2
2026-06-06,S09,K03,2026-05-27 12:00:00+08:00,0.0000000000,3524,52dbcedaa3da30085f5c57c95a3e9095b1b84fa6b46d04ec4077d1b292fec19a
2026-06-06,S09,K04,2026-05-27 12:00:00+08:00,0.0000000000,3525,c72c420b87e968e10a78695eef990cf1507bb4d7b4a136d1127dbc0240804a9f
2026-06-06,S09,K05,2026-05-27 12:00:00+08:00,0.0000000000,3526,3ab673465b44554c15c0ecf5cf4d9f71c17c3d5a7f71f7669880b19f0e838873
2026-06-06,S09,K06,2026-05-27 12:00:00+08:00,0.0000000000,3527,bb16217cfbc1f77af0bdf53725b7d093eebbe6af47a34fd8dbb9df6639cd6f16
2026-06-06,S09,K07,2026-05-27 12:00:00+08:00,0.1200000000,3528,0bbac3ad018d331da2815adb389bd5057b43b32c6e6449d2f531d96c184f0163
2026-06-06,S09,K08,2026-05-27 12:00:00+08:00,0.0000000000,3529,525c86ab23b4a8af70b6c1c26424a758e939f5255b00cd67a8bc8b0b0a2710b8
2026-06-06,S10,K01,2026-05-27 12:00:00+08:00,0.1200000000,3530,758e474a3a3e59218015f7ee250755388c5c192400a52997da39c2bc160e9fb9
2026-06-06,S10,K02,2026-05-27 12:00:00+08:00,0.0000000000,3531,743b587c894662dda5887c92bfc59ed0ad9773272a73de4b86c62e38cb228e62
2026-06-06,S10,K03,2026-05-27 12:00:00+08:00,0.0000000000,3532,475fece948abb74fe2f25ff1ad7d2634962033cf20b3facd4625f8d5aab412c0
2026-06-06,S10,K04,2026-05-27 12:00:00+08:00,0.0000000000,3533,9969b32d0fb5589854e17a292ec922ff5d3c7fb247a6b52e0a9c6d61b552ee12
2026-06-06,S10,K05,2026-05-27 12:00:00+08:00,0.0000000000,3534,0dff3e35a258868d5c80b0f753717b7bd7413c3ff3271ad3b74b33f1c5f0f586
2026-06-06,S10,K06,2026-05-27 12:00:00+08:00,0.0000000000,3535,15c39e3cf1ffbeb006bc087254987d38769f3543e6ed3036b941bc4304db2b73
2026-06-06,S10,K07,2026-05-27 12:00:00+08:00,0.1200000000,3536,b0c1e2eee5f1ec307ac0276296152af3fe971354659becd9a587452dbbf741b8
2026-06-06,S10,K08,2026-05-27 12:00:00+08:00,0.0000000000,3537,ce0e6c9a8065dba066e8bddd796db5e96dae9b787ce0e0d1a86f12d2fa2a71f7
2026-06-06,S11,K01,2026-05-27 12:00:00+08:00,0.0000000000,3538,d33c8b6a574852a26b23b1ba5a6376011b01985f7b708981a92682dbe434aeca
2026-06-06,S11,K02,2026-05-27 12:00:00+08:00,0.0000000000,3539,83efab9ba480f2353ab52581bd30078ad15d21b1ec0c9aff978894ecf79bb57e
2026-06-06,S11,K03,2026-05-27 12:00:00+08:00,0.0000000000,3540,4b12b62117b6d2c6dfa9b0f9f1d7d947e0f855766dfecfc7d6beb20b1817725f
2026-06-06,S11,K04,2026-05-27 12:00:00+08:00,0.0000000000,3541,e001028d59833f7eb3e05b913665331744dd0023418ef9e0a581a4e10d6a64e1
2026-06-06,S11,K05,2026-05-27 12:00:00+08:00,0.0000000000,3542,6202c40f7820d65838065862b23829f7e11e3bc85c81529e99c7e82ff71b9291
2026-06-06,S11,K06,2026-05-27 12:00:00+08:00,0.1200000000,3543,c0cd7704e56b27cc00ece7c7069a86a7f352ebbf61c37a4cf2fd60aa3d48dff1
2026-06-06,S11,K07,2026-05-27 12:00:00+08:00,0.0000000000,3544,f16c33cab2e3391e32b262272c0342212fbc8377a1942a7e78dc8570fb1aa47e
2026-06-06,S11,K08,2026-05-27 12:00:00+08:00,0.0000000000,3545,2d7f2c30830db5c5342cf5224849f00812f2ac93cb1ebb75a7c203d28c1cce48
2026-06-06,S12,K01,2026-05-27 12:00:00+08:00,0.0000000000,3546,869510065026c6753cbe34a4585392008a7ef10d97e1087e13fa238e506e5db5
2026-06-06,S12,K02,2026-05-27 12:00:00+08:00,0.0000000000,3547,3403ff706a30bc383e33be1db5e6c1ec4330fd18cf3169e52aed72a226f260c3
2026-06-06,S12,K03,2026-05-27 12:00:00+08:00,0.0000000000,3548,8f39c695bb673605393b04ec12898147b8b982c565fb0676be69f0edc68f4648
2026-06-06,S12,K04,2026-05-27 12:00:00+08:00,0.0000000000,3549,6fa3d551bcc0f0419428ec0f0084bb0bae50a0e89ba029ca4397cf20e46295d7
2026-06-06,S12,K05,2026-05-27 12:00:00+08:00,0.0000000000,3550,96ba93556a88f5837c3266f3ec08f2ec12c09c576f26eb2c864cdba017e053b4
2026-06-06,S12,K06,2026-05-27 12:00:00+08:00,0.1200000000,3551,7bc23ec4620fe04216af9fa6ff42eb25a98d6d60e01a85ba9eb22259c284506c
2026-06-06,S12,K07,2026-05-27 12:00:00+08:00,0.0000000000,3552,d6cdd45a93b20793d8e914d9cbb19c254e3054adc4b9b8d68981f761fe3159a7
2026-06-06,S12,K08,2026-05-27 12:00:00+08:00,0.0000000000,3553,869c72f4ac48790b9663c5fe860ebede2afc3891896eda7df8d2fc703629a6fd
2026-06-07,S01,K01,2026-05-28 12:00:00+08:00,0.0000000000,3554,eb6fa56c27a5d56b28c1effbcd36e0c01b7edad023a9f0ddde9f0645b6b46392
2026-06-07,S01,K02,2026-05-28 12:00:00+08:00,0.0000000000,3555,c45cba96bd71e78f3cc62836aa3778ad165570213a019019a2f3c42af3fcc782
2026-06-07,S01,K03,2026-05-28 12:00:00+08:00,0.0000000000,3556,1fa3667db14967d3fdff6a201facf5b30d5b094a022afab8889e18ad249200b7
2026-06-07,S01,K04,2026-05-28 12:00:00+08:00,0.1200000000,3557,0c61583182f370be7f70c05ea1d7f055827b1863fa564c11e4b54b121f92c215
2026-06-07,S01,K05,2026-05-28 12:00:00+08:00,0.0000000000,3558,a88afb81381274af7e26e8c99271250836e76377efa540ad74df70e28aa51a6e
2026-06-07,S01,K06,2026-05-28 12:00:00+08:00,0.0000000000,3559,df93915fffd8a9b90c309b9c97188e9bc98ef770dd918bdf892da0391f3f9c4f
2026-06-07,S01,K07,2026-05-28 12:00:00+08:00,0.0000000000,3560,e432b7eb2c0832ed229fd3df4e5c097262c92ca9370689ff2ee17e9c949e2f67
2026-06-07,S01,K08,2026-05-28 12:00:00+08:00,0.0000000000,3561,a53ce8cc207ae1d939a23e5ccf02a505304fda750bb4c9de12eb76e9a3a7d3a5
2026-06-07,S02,K01,2026-05-28 12:00:00+08:00,0.0000000000,3562,73bc5a72bbee391c0806c80dc15b95b03374a1fec5df4fabcbce08875180143a
2026-06-07,S02,K02,2026-05-28 12:00:00+08:00,0.0000000000,3563,b6d31d8f92be347375c3f645fb075a07951a51529fadecd2201096157ac36fd0
2026-06-07,S02,K03,2026-05-28 12:00:00+08:00,0.0000000000,3564,24c1e869393642362f59a69d8a9edd1c2d6e21ca45808b0707071725102a7526
2026-06-07,S02,K04,2026-05-28 12:00:00+08:00,0.1200000000,3565,d872cda6f0f1c3ccb3874135696f9d59f681f74226b7ce2d5df022b42e4e8431
2026-06-07,S02,K05,2026-05-28 12:00:00+08:00,0.0000000000,3566,2cffe61668563b31d447acf4cb753f00f264196440417e193a07327f5eb74063
2026-06-07,S02,K06,2026-05-28 12:00:00+08:00,0.0000000000,3567,2a75b6aa66c667a88853a99ddb3ca28b296a4524a9710261477c408c05d0b776
2026-06-07,S02,K07,2026-05-28 12:00:00+08:00,0.0000000000,3568,387a46b49f86bd7c4a1e5b84cd579b389bcbbb01a7a5d6690e6d9c3a60a8d5ba
2026-06-07,S02,K08,2026-05-28 12:00:00+08:00,0.0000000000,3569,a2dd6128aa987097425d1d7c75ef80fbea611f8133e56ff042db4419be16ccec
2026-06-07,S03,K01,2026-05-28 12:00:00+08:00,0.0000000000,3570,e31dfe4f68fa56dae1c8dcb76e2e576a429baa68fdeff356cff1d5da1dec8457
2026-06-07,S03,K02,2026-05-28 12:00:00+08:00,0.0000000000,3571,5a46813333c3ad925c943585ef5c06dfec59da536a66cf7c5c3b13ba9fbf1836
2026-06-07,S03,K03,2026-05-28 12:00:00+08:00,0.1200000000,3572,24a05e6ddd3ffa37ff6a1982bc1e6a9c20e38de0c64e53ee02dbaee229a5e516
2026-06-07,S03,K04,2026-05-28 12:00:00+08:00,0.0000000000,3573,c813f835d4834ca9aa0dcc92b96f636c4d8614a31f5395e041b30c41742e14f3
2026-06-07,S03,K05,2026-05-28 12:00:00+08:00,0.0000000000,3574,7856405a3909c046f958637c039e733bb5c3c2a512342ad5b83245416f404b3d
2026-06-07,S03,K06,2026-05-28 12:00:00+08:00,0.0000000000,3575,5e6221e427e86632a6f9cc5973b3c3423992c39f781d34d46120f5e4f30dec47
2026-06-07,S03,K07,2026-05-28 12:00:00+08:00,0.0000000000,3576,18ecc6505867c6f0108ea1041d0699e3f50c6321d19d8446a9b63b453fbf3dee
2026-06-07,S03,K08,2026-05-28 12:00:00+08:00,0.0000000000,3577,b6bb6817d334c005e1a2b1c40711f45af156b0f8818fb991b8c8a2b399e566d2
2026-06-07,S04,K01,2026-05-28 12:00:00+08:00,0.0000000000,3578,051ce425929e5e5c6efc2ece79275e684bd3c190cd634a6f8a7d8a57b026486f
2026-06-07,S04,K02,2026-05-28 12:00:00+08:00,0.0000000000,3579,cc4c9466fe28ed9a5b52bc6987e73c57185e3137554181a41f2b2231e1a0e8b9
2026-06-07,S04,K03,2026-05-28 12:00:00+08:00,0.1200000000,3580,a7eb5e21f19b3e09d8a61ad2151cae311852f841f110104d9b8ec4b93cb196e9
2026-06-07,S04,K04,2026-05-28 12:00:00+08:00,0.0000000000,3581,8220eba2fdece03d48dbe4da49fef8c457b4682fdf5dd878fe6d3b48935eac83
2026-06-07,S04,K05,2026-05-28 12:00:00+08:00,0.0000000000,3582,a6835540cfb53732afcb9ff1a97151a2403cf099a813322443e5aaf67cbdafef
2026-06-07,S04,K06,2026-05-28 12:00:00+08:00,0.0000000000,3583,58da2cb62809cca6e93a4f14f8ad600e0c11a061d6eaa09567af9db858d5e593
2026-06-07,S04,K07,2026-05-28 12:00:00+08:00,0.0000000000,3584,f572efc7ab71a5e55136259c0948aa4dd7bda081bade00ccbb17ef929d4df4a3
2026-06-07,S04,K08,2026-05-28 12:00:00+08:00,0.0000000000,3585,65b8a72311f4fb88bb9e4efdad2154e365f005320a436f397d81e505fdffc22c
2026-06-07,S05,K01,2026-05-28 12:00:00+08:00,0.0000000000,3586,09b622bcb93bba31d2dc2faec578d3b3715982a624a3f9d3fba3a6fb2d00f4ce
2026-06-07,S05,K02,2026-05-28 12:00:00+08:00,0.0000000000,3587,9ea627787c10400ea0018d4fe3740ee853451ca06fd6eecd82c3d0deecee4a82
2026-06-07,S05,K03,2026-05-28 12:00:00+08:00,0.1200000000,3588,a2e442011b95e977bfe48c3f20f73fa4568445c223c73262c858488a929942f4
2026-06-07,S05,K04,2026-05-28 12:00:00+08:00,0.0000000000,3589,c1d098045b4eda34cbc3644411e16d7c63b6a4ba7bc457ac7c283ca46e2946b3
2026-06-07,S05,K05,2026-05-28 12:00:00+08:00,0.0000000000,3590,b39a30a105f7bf93a9e11ce16b698ea3926768d484a17f7eb23241ea9f4eb0d1
2026-06-07,S05,K06,2026-05-28 12:00:00+08:00,0.0000000000,3591,109098566d79f56260e4d59d83b1d72f4e3de1103d01104a09d9888b36e94c13
2026-06-07,S05,K07,2026-05-28 12:00:00+08:00,0.0000000000,3592,9a1fda401a4593bad976dff73655db62e11456e6868ee3677424726970d8577d
2026-06-07,S05,K08,2026-05-28 12:00:00+08:00,0.1200000000,3593,6f7d911c52f26bf0d743e9760ea11a8f05255c35ca3aabdd265478ad02aabbbf
2026-06-07,S06,K01,2026-05-28 12:00:00+08:00,0.0000000000,3594,50f9219d131cda7bf1833f129643a90802dff55821b31a4e0cc561e82d832230
2026-06-07,S06,K02,2026-05-28 12:00:00+08:00,0.1200000000,3595,7723d4e2a21fb1c5e00cb47576acab8a8ecc7225615d141ea5e4cdd2e284711d
2026-06-07,S06,K03,2026-05-28 12:00:00+08:00,0.0000000000,3596,8d4b8910c4965d4218a25efb641805c37e9e0caa10165fb99f7d1e23fafd6d46
2026-06-07,S06,K04,2026-05-28 12:00:00+08:00,0.0000000000,3597,60919e373401ee9fd81c501123ba78aad3a7bbc4b079ad916d08a666f2f95b09
2026-06-07,S06,K05,2026-05-28 12:00:00+08:00,0.0000000000,3598,3bb4822b64ca62a6e647dbd2066d29238d564ebbc8f204133aa8f1270973fe09
2026-06-07,S06,K06,2026-05-28 12:00:00+08:00,0.0000000000,3599,d65591316d6e0f917c5620d7e5411852f2db0c22262fa06e4c2d00575593e7d6
2026-06-07,S06,K07,2026-05-28 12:00:00+08:00,0.0000000000,3600,d819f9b228651ffe023fc3ded56732ab5f1299dadff94a7c5decf3fb19123614
2026-06-07,S06,K08,2026-05-28 12:00:00+08:00,0.1200000000,3601,3e120cda9c8f193949a5d65e57ae2028596471ec44912d44b490b8489b5c902f
2026-06-07,S07,K01,2026-05-28 12:00:00+08:00,0.0000000000,3602,6dcb0eb99c71e6376ab82615ae76449954ebf12fc50d665ef61631c412e6a28a
2026-06-07,S07,K02,2026-05-28 12:00:00+08:00,0.1200000000,3603,4a0527429a3c8f38714a94d348cd0c862b71142014efa192fc5403a4b50ce328
2026-06-07,S07,K03,2026-05-28 12:00:00+08:00,0.0000000000,3604,22896df4218323902b18517119da1f966793c6cdfe2d8322fb2f2c1d63e520aa
2026-06-07,S07,K04,2026-05-28 12:00:00+08:00,0.0000000000,3605,93f74b11e2722cb45cfbf7120b6e3cb7b326db90f4a7af232299b2e6efa0dea4
2026-06-07,S07,K05,2026-05-28 12:00:00+08:00,0.0000000000,3606,bab8a3807e36e80289824ce0c1e845016ce264a286884ee7a7cf041f55f01859
2026-06-07,S07,K06,2026-05-28 12:00:00+08:00,0.0000000000,3607,5aeea6b4ef7344c29929e2f6a293f09f435581ba5fef1b00f46dade06089c8da
2026-06-07,S07,K07,2026-05-28 12:00:00+08:00,0.0000000000,3608,e9c1e20a690707fc4bf24d904ac5ada9a2d039d40d21f3718ced3ce8bb37d0e9
2026-06-07,S07,K08,2026-05-28 12:00:00+08:00,0.1200000000,3609,ef33078020f93291321469e27fafc3d4c5d7ad9cb412a21ebe9aed1fc6ed1330
2026-06-07,S08,K01,2026-05-28 12:00:00+08:00,0.1200000000,3610,d88f4a7a2dc457329dd34416850c9b01901bf11bd2c8ee4ad2dd5394b3b1cb93
2026-06-07,S08,K02,2026-05-28 12:00:00+08:00,0.0000000000,3611,5579d55aed3c1be1856b9da75cf1dc759c8ac1122f9f4843f9599b89787c6b73
2026-06-07,S08,K03,2026-05-28 12:00:00+08:00,0.0000000000,3612,3b2c81517ca1adf74badb9860443d0522f91ba58699e12ed1970db63104c5370
2026-06-07,S08,K04,2026-05-28 12:00:00+08:00,0.0000000000,3613,83451e9da2810b52bb6f0860c2673487f0d0c6e24a95c78c49126bc8dabd0f6e
2026-06-07,S08,K05,2026-05-28 12:00:00+08:00,0.0000000000,3614,77392606982602d2bbbf68b383e52304f31ab558712b3722ccfa7231940143eb
2026-06-07,S08,K06,2026-05-28 12:00:00+08:00,0.0000000000,3615,a2ed62280afc2d8095bcc157305a1f3ed81fa1e24f6e6b02779b422a27150098
2026-06-07,S08,K07,2026-05-28 12:00:00+08:00,0.1200000000,3616,31af43c696bfee7f6ebdc36a938154e043ac77471b4183c2749e82fcf6107ee7
2026-06-07,S08,K08,2026-05-28 12:00:00+08:00,0.0000000000,3617,3d092a4a2a9943020b5a490b701f443d52e8bf148c3ebe2bb33fd35f5d8d019d
2026-06-07,S09,K01,2026-05-28 12:00:00+08:00,0.1200000000,3618,812e61e01db6cba1824f83d90f1f473cbb17c1b15547c4f79022bf46b55e1596
2026-06-07,S09,K02,2026-05-28 12:00:00+08:00,0.0000000000,3619,0656387be08d11f258f8d7c5962f1a65d4a1fd61c46827663c08a0ea52d9f30c
2026-06-07,S09,K03,2026-05-28 12:00:00+08:00,0.0000000000,3620,b814dcabe6f5817e09c909818abdc6301a5265cfc3a54773a49394eb0586f67d
2026-06-07,S09,K04,2026-05-28 12:00:00+08:00,0.0000000000,3621,7e9c15574e9ce183237b568c0918a9c6e3b4b8d6585391a1d7532c70129b7b16
2026-06-07,S09,K05,2026-05-28 12:00:00+08:00,0.0000000000,3622,bc93ce5896d38608facaf1507f29073d10de1b873067e4f2cbba01c020d320f8
2026-06-07,S09,K06,2026-05-28 12:00:00+08:00,0.0000000000,3623,9bd0f468a05b668b16806faf4e8116d3f690fd59fe9aef6ef8cdc401645c700e
2026-06-07,S09,K07,2026-05-28 12:00:00+08:00,0.1200000000,3624,397c5c46c0c700fef90ac97bcfea4851b62d8ce6a374de7b7a649baa2c68ba27
2026-06-07,S09,K08,2026-05-28 12:00:00+08:00,0.0000000000,3625,510223151f491b978547710b0e1a35cf549c87da356f008682754a1ff18f9dd4
2026-06-07,S10,K01,2026-05-28 12:00:00+08:00,0.1200000000,3626,7c305ea83353e07a6d839c2f1cbf1049f66a46aecbd8f5345b714aa386e7b3fb
2026-06-07,S10,K02,2026-05-28 12:00:00+08:00,0.0000000000,3627,1cac6a32ddcf5dde2ab844499cb8f41ff8ecdbcaffdd94a7f9db1aab0c27d502
2026-06-07,S10,K03,2026-05-28 12:00:00+08:00,0.0000000000,3628,6579f77f113692c2937e6ce8d0bd9812ef9a08e6ef25397d47fc0d08c0c65289
2026-06-07,S10,K04,2026-05-28 12:00:00+08:00,0.0000000000,3629,6ded3fd9efbb39992da17c8599564b94dfdb621fb9981f836b2bba847bad01fc
2026-06-07,S10,K05,2026-05-28 12:00:00+08:00,0.0000000000,3630,2986e97bd8c845a82318072a4efb16864a63462d9cea1d96a95f2bff7d61a1e2
2026-06-07,S10,K06,2026-05-28 12:00:00+08:00,0.1200000000,3631,4cadfff00be302b7b19897509c6dd776a3381e198792325adda8c0166b563f33
2026-06-07,S10,K07,2026-05-28 12:00:00+08:00,0.0000000000,3632,45473381a0d85fef5fd78e476a192f174d53877438117bc9da7c2a7aa01d3f07
2026-06-07,S10,K08,2026-05-28 12:00:00+08:00,0.0000000000,3633,1986ffa5dfa5e027d9ba135d23b4161ad22a3ee7b0314ce704d5a724d0ecf722
2026-06-07,S11,K01,2026-05-28 12:00:00+08:00,0.0000000000,3634,ab8456d3bf4f49baa9f30a75dee722c0c3b70faf65b21db8c8ce4898513b939d
2026-06-07,S11,K02,2026-05-28 12:00:00+08:00,0.0000000000,3635,71f27955715bf84fee878ab787e9ad7add84e91972888d3c4416170f39d9a659
2026-06-07,S11,K03,2026-05-28 12:00:00+08:00,0.0000000000,3636,837fbde950f38ece147f67f63ee79087f6bfdf40a7775c63b3ae48d99da7f950
2026-06-07,S11,K04,2026-05-28 12:00:00+08:00,0.0000000000,3637,c81d234b9b05049a753d45ba74b39188771c76d7b32c6c88fc17c964227c68d4
2026-06-07,S11,K05,2026-05-28 12:00:00+08:00,0.0000000000,3638,4c1b368be778a2d20d45f4a8f723c6973227f34e8b68fbbfd2b11c728679bfe1
2026-06-07,S11,K06,2026-05-28 12:00:00+08:00,0.1200000000,3639,72ba6cbd164d02c26ecdcde4944449472c82ed2f9a4a39f2d56a7956d4f5a655
2026-06-07,S11,K07,2026-05-28 12:00:00+08:00,0.0000000000,3640,7334c665e2387c8b12a9cdb256f6d62d826b385e49938c250fbea2f18747aae0
2026-06-07,S11,K08,2026-05-28 12:00:00+08:00,0.0000000000,3641,e8741cbbd390ba978d5ad71fe0daf1d7078012bdf371e5d08314ca334b92efa1
2026-06-07,S12,K01,2026-05-28 12:00:00+08:00,0.0000000000,3642,dbd03740ef4d564e57cd5e3470d32b8382110be2ac3cbea0887c877dce6ef2fd
2026-06-07,S12,K02,2026-05-28 12:00:00+08:00,0.0000000000,3643,9888d4ef47187df5c8a3b062991e7ef448aec483dc9248c112760ddf7590613b
2026-06-07,S12,K03,2026-05-28 12:00:00+08:00,0.0000000000,3644,590bb78e1ac32f6d729433a81962d76f64f24953c91c5e0424853d31a5e49dd3
2026-06-07,S12,K04,2026-05-28 12:00:00+08:00,0.0000000000,3645,68e0244195e7be5f76a2e3dbfb53c93a7b78f221f4c0530736b467423d716c12
2026-06-07,S12,K05,2026-05-28 12:00:00+08:00,0.0000000000,3646,98d668c0a237cca361d5986b95409a7d24633f17a11ec062ef4a56ddec97b665
2026-06-07,S12,K06,2026-05-28 12:00:00+08:00,0.1200000000,3647,550f5a910cbdd46a67a3711ec29886500ba61049aea061001a28f065b4b775e7
2026-06-07,S12,K07,2026-05-28 12:00:00+08:00,0.0000000000,3648,6bfaf8696c8ed5040e40554a3bf8228d40f0acedf27cede7a191634f87099198
2026-06-07,S12,K08,2026-05-28 12:00:00+08:00,0.0000000000,3649,32e877e6ba592d6665d78286f19d9759586006384b2e1e480d530ae22e21ad04
2026-06-08,S01,K01,2026-05-29 12:00:00+08:00,0.0000000000,3650,553ca1030cc1e06a0b3509b25b2c43ef14ff30cf0f4913b6d0395fedeb9d9c3c
2026-06-08,S01,K02,2026-05-29 12:00:00+08:00,0.0000000000,3651,8aa7393047ac8d10b66a13b0f15ee0affe7d8b43b4b0aabeed1ebc58c329791d
2026-06-08,S01,K03,2026-05-29 12:00:00+08:00,0.0000000000,3652,a035d7941e40721af99fc3f975e90c36f97827d0ba3a81826e4b9bf3744a6a61
2026-06-08,S01,K04,2026-05-29 12:00:00+08:00,0.1200000000,3653,8d79835db7c421e394d0d9858d13b972bbc1cb0a0813e7255a658246d92b2729
2026-06-08,S01,K05,2026-05-29 12:00:00+08:00,0.0000000000,3654,85b713360823a299c5076d0a9edfbad64f6da85f128ead7158b9896a3af7865c
2026-06-08,S01,K06,2026-05-29 12:00:00+08:00,0.0000000000,3655,ec049a29d474298c1ba4a0c35ccd44900d853747a9c7017635cb128cccf608b6
2026-06-08,S01,K07,2026-05-29 12:00:00+08:00,0.0000000000,3656,40c7b369127cf0e759f84b44ee71bf170b4bada05f4e0da3b02c2d6816f4164d
2026-06-08,S01,K08,2026-05-29 12:00:00+08:00,0.0000000000,3657,8689f5dba95a11b82650c8b3c79d4e44ef67889cdea1e43e28b5352ec9479afa
2026-06-08,S02,K01,2026-05-29 12:00:00+08:00,0.0000000000,3658,b0a4dc42da5e3b32137084f58b228ff235440a297c3f17c10418d6716d1aa845
2026-06-08,S02,K02,2026-05-29 12:00:00+08:00,0.0000000000,3659,06ede569e1289ce07631ec865c4aca143af7872abe8ffe16e67ce7362777c456
2026-06-08,S02,K03,2026-05-29 12:00:00+08:00,0.0000000000,3660,1832002e4a229a72bfc94d3af317c1e27459971fbf06ad817f41f2fe9f3f76e9
2026-06-08,S02,K04,2026-05-29 12:00:00+08:00,0.1200000000,3661,6a5b612fd7d98a05523e16412177c6251f9b4f212c3c41ec64588fdbfa51eed6
2026-06-08,S02,K05,2026-05-29 12:00:00+08:00,0.0000000000,3662,e5579713b85b57c5b9fcf840ef6310aeac211e714e1fc89aaffcde5f98342fc5
2026-06-08,S02,K06,2026-05-29 12:00:00+08:00,0.0000000000,3663,a257b222385d35d87d14d1ba41dfa485b66bf607982cc74892362bb1c4eb57d2
2026-06-08,S02,K07,2026-05-29 12:00:00+08:00,0.0000000000,3664,46b00eec9630faf2573be240c7a5810cc8f8338cf893af500f2b31d7def6208f
2026-06-08,S02,K08,2026-05-29 12:00:00+08:00,0.0000000000,3665,debc36b76d3028242961c2136118a021f64d2a1bd36052b9579c68a2ad6a3997
2026-06-08,S03,K01,2026-05-29 12:00:00+08:00,0.0000000000,3666,955ec9ac5ccda38666839da9faed6e9b954e27a77a543740f7eea518a74a44ca
2026-06-08,S03,K02,2026-05-29 12:00:00+08:00,0.0000000000,3667,9e79a3e3f3b9aa8086d530bb805c8ea576205adc11d5973ddd7266293b12da5e
2026-06-08,S03,K03,2026-05-29 12:00:00+08:00,0.1200000000,3668,e52d07b46e082827b64fb5c858644703a81880a43300c2d3d6b51b7775103b1d
2026-06-08,S03,K04,2026-05-29 12:00:00+08:00,0.0000000000,3669,0514271cf16e6509ddaaa78e193fca3a4640fd6b7b64c1e72ab253d00b2f3090
2026-06-08,S03,K05,2026-05-29 12:00:00+08:00,0.0000000000,3670,f2c4219c57373499a1e80d798fdf83dce480533e066562fbdf39424deef5c48c
2026-06-08,S03,K06,2026-05-29 12:00:00+08:00,0.0000000000,3671,fc3bcf12d57a4d3f1e65e8bf1227632e4ec3c90ac4af7976049910a57e35b3c7
2026-06-08,S03,K07,2026-05-29 12:00:00+08:00,0.0000000000,3672,faa94c5a2b9435e55ef78e866ab21710d6e23914e252930d7beca57021264542
2026-06-08,S03,K08,2026-05-29 12:00:00+08:00,0.0000000000,3673,66ce192d2f323c74501819ecf5888875901b6fe4ab5d75127680d494d6dddcc1
2026-06-08,S04,K01,2026-05-29 12:00:00+08:00,0.0000000000,3674,08c3a1db743e5b37f7d1e7a57c971ba46277007e09bfd3099d043fd8ad1aff10
2026-06-08,S04,K02,2026-05-29 12:00:00+08:00,0.0000000000,3675,0f864220ef4b1ba299f5bbafd4ce510df00c0861b9c25539315b75e80be0f60f
2026-06-08,S04,K03,2026-05-29 12:00:00+08:00,0.1200000000,3676,428b9b42b66803c9c53dd865ec8215b3ba440ccb14ed1cda02a77c1419c749c3
2026-06-08,S04,K04,2026-05-29 12:00:00+08:00,0.0000000000,3677,3b00f86fed56103c94fb7309843c6c58df1b11b415579d9b7835b5a5956ffc5f
2026-06-08,S04,K05,2026-05-29 12:00:00+08:00,0.0000000000,3678,ba2b33c16934b4e0506d72e2b250f98dc5bf5f7e95fd516f88e0d24f0bb41af0
2026-06-08,S04,K06,2026-05-29 12:00:00+08:00,0.0000000000,3679,87c13ec585dadfb033e87aaaa4a7640487ff53ca73661ddf65edc86d60af996b
2026-06-08,S04,K07,2026-05-29 12:00:00+08:00,0.0000000000,3680,8290c02b243a71260f080731eb6ea3c8f06661853a3b68075928b4efa743acfd
2026-06-08,S04,K08,2026-05-29 12:00:00+08:00,0.0000000000,3681,09a2b5673ff560d27776cd3cedd7497e16752a02cbf2258e7d42c8ec80661518
2026-06-08,S05,K01,2026-05-29 12:00:00+08:00,0.0000000000,3682,382d16452e526c713cf3bc074d03dbd0b0baa39acff589619afd9c0ac27b0999
2026-06-08,S05,K02,2026-05-29 12:00:00+08:00,0.1200000000,3683,2cb33e55d0ea9ecaa5b7ff8e484c89cd947e7455d84951dec964077b30f547a3
2026-06-08,S05,K03,2026-05-29 12:00:00+08:00,0.0000000000,3684,a8469f13e926ba6411aa32236e0b2541f98c8bf23315c58efd261fc737adfb6e
2026-06-08,S05,K04,2026-05-29 12:00:00+08:00,0.0000000000,3685,c05701be4fea835f91a88f81220b0e62129b59a2bb3c74a64476de68cdf51887
2026-06-08,S05,K05,2026-05-29 12:00:00+08:00,0.0000000000,3686,f9ed87213641f2de94c3ab397ca69a07ffc456872f3f557cb096317a27f4e0bc
2026-06-08,S05,K06,2026-05-29 12:00:00+08:00,0.0000000000,3687,c6c8b765d648513217e48785e612995a80a355cfc7adfcd9d24c513860754e2e
2026-06-08,S05,K07,2026-05-29 12:00:00+08:00,0.0000000000,3688,b71d7b1bf79df07eb9413ce6420e4a398b58e2961e73a5dcf04c87cc4d1be400
2026-06-08,S05,K08,2026-05-29 12:00:00+08:00,0.1200000000,3689,2fdc2f7b2546217c8351c2d84fb621262337fe55b7cf637d866438a9eb0677c3
2026-06-08,S06,K01,2026-05-29 12:00:00+08:00,0.0000000000,3690,5e122d422245f17d5d94f394a7aeea816984e57b5b11f0bf025f922f019898c2
2026-06-08,S06,K02,2026-05-29 12:00:00+08:00,0.1200000000,3691,863d5a64960ce934ac955e44e54221de78c8f7b6fed997c4a30fa0add8d0c198
2026-06-08,S06,K03,2026-05-29 12:00:00+08:00,0.0000000000,3692,c84a59e569506445c7c252302b5eb25a875c68413cfb3d53cec5bdcfa2274b6b
2026-06-08,S06,K04,2026-05-29 12:00:00+08:00,0.0000000000,3693,e48d13836eb97e4ff8bf8f2a13f0cd266cd136c80227831298c5552950a329b5
2026-06-08,S06,K05,2026-05-29 12:00:00+08:00,0.0000000000,3694,2ccbe5b570b468fc34f49f5a9fafd0b916a8486405dc73a0e0be0e324f284009
2026-06-08,S06,K06,2026-05-29 12:00:00+08:00,0.0000000000,3695,6fed920fdd4cf0956982639cae1457e80a173e2d7eb3331eb063377947c3e047
2026-06-08,S06,K07,2026-05-29 12:00:00+08:00,0.0000000000,3696,22ae602a203201318ac4a2b37145b88b1cc8ba4f8cf537ed066f9f2e6ba13821
2026-06-08,S06,K08,2026-05-29 12:00:00+08:00,0.1200000000,3697,1b81702d0725bdead4870a946d4cabca8375856b06fc7015c982bf420fe167ab
2026-06-08,S07,K01,2026-05-29 12:00:00+08:00,0.0000000000,3698,6992b2ffbf2c34864c0b97c3227ffc2fcad749f5cb23db2221927de20250a18a
2026-06-08,S07,K02,2026-05-29 12:00:00+08:00,0.1200000000,3699,d05e47ba83fba72397e75dc345692a6e6d039358ad3cbc63485e31dd58408f5c
2026-06-08,S07,K03,2026-05-29 12:00:00+08:00,0.0000000000,3700,25af10e107c587258c226723cc3c92a0a008d88c45690dcfe5fe716bcb6e4aa7
2026-06-08,S07,K04,2026-05-29 12:00:00+08:00,0.0000000000,3701,3c667a00d4d856ab923f30a1e3613162080ca57ba1fa1a5a987faec685e4d85e
2026-06-08,S07,K05,2026-05-29 12:00:00+08:00,0.0000000000,3702,6faa862a516c64e5a2815893ade92d1d705086c1053faa86639f7e107266a31e
2026-06-08,S07,K06,2026-05-29 12:00:00+08:00,0.0000000000,3703,8a8514d9a565792d4799d4e10dafcdeb72456947fad3da33de78a0dd29ec18fe
2026-06-08,S07,K07,2026-05-29 12:00:00+08:00,0.1200000000,3704,eda6737005a1de7bce739ceeb1cf745202a698c466f120bef075810a03c2c424
2026-06-08,S07,K08,2026-05-29 12:00:00+08:00,0.0000000000,3705,dc25d5b957504164a531082c241f18ea95fc2302306b237e539be3d354a502c7
2026-06-08,S08,K01,2026-05-29 12:00:00+08:00,0.1200000000,3706,d138f633ec36cede4510d3ac6553b206d24296c4163da6f95b8c40d60f6db7e5
2026-06-08,S08,K02,2026-05-29 12:00:00+08:00,0.0000000000,3707,7e6e2d2010b6ca00a372414b01ee128cd76d5a84c441bc2cff79148000d8337e
2026-06-08,S08,K03,2026-05-29 12:00:00+08:00,0.0000000000,3708,45fc585243216616f8cfe47e7d00b1d61215e0b864c9c022203260dc71b02a2a
2026-06-08,S08,K04,2026-05-29 12:00:00+08:00,0.0000000000,3709,9779b649c51651358c73c3c2c5657b3a6e678b1fe5d8b7953628d1e512e7047c
2026-06-08,S08,K05,2026-05-29 12:00:00+08:00,0.0000000000,3710,199c2cf9106bcdbb6daf458fcd573f90c933b79433c7fe250f12aebc1f366164
2026-06-08,S08,K06,2026-05-29 12:00:00+08:00,0.0000000000,3711,c08b2095e734b5dcaf01de153e1079fed280843d0f5cd302c9536550cf81b184
2026-06-08,S08,K07,2026-05-29 12:00:00+08:00,0.1200000000,3712,030761e59ca3a70b04d8d24a190f571358608895f36d3d420fa9568fcf8bfd00
2026-06-08,S08,K08,2026-05-29 12:00:00+08:00,0.0000000000,3713,2ccca1fedd7eee659ff5aa7b2acf58a44032131a29bc1a827a48ddc462eb0f5a
2026-06-08,S09,K01,2026-05-29 12:00:00+08:00,0.1200000000,3714,6661f93058cd5acdbb6196b88d8c9fe3e189c14b12f99392eaf8cf4476beda5c
2026-06-08,S09,K02,2026-05-29 12:00:00+08:00,0.0000000000,3715,b84384032f109232c7c4f44dbf43a55cd1954bdf26d528bc69c725b867203f31
2026-06-08,S09,K03,2026-05-29 12:00:00+08:00,0.0000000000,3716,66e9f197f7f619a749555bc8c08c59995119cf5138f67146354eaa731f1a256a
2026-06-08,S09,K04,2026-05-29 12:00:00+08:00,0.0000000000,3717,e55650a7c187fae8a703b2dc8646a93d3f95d4084be58cb0e160e43d753f328a
2026-06-08,S09,K05,2026-05-29 12:00:00+08:00,0.0000000000,3718,cc4e6351df36894165494e9139a796ca42d5a9c2d3ac002686d2788fabac2cb3
2026-06-08,S09,K06,2026-05-29 12:00:00+08:00,0.0000000000,3719,54cbee22fa0a0b29d0a5a697e3e6b991dbf8c9d589c6584431ea625eb2b0b24a
2026-06-08,S09,K07,2026-05-29 12:00:00+08:00,0.1200000000,3720,47b24b430c287ed3ae06e4f46c5725b68e6ef93a34e4022ac386fcae121725fb
2026-06-08,S09,K08,2026-05-29 12:00:00+08:00,0.0000000000,3721,d3e9b2f0f30afc5b0fde7b3c4adfb13e53c7399dd09a2981dbda04468704420f
2026-06-08,S10,K01,2026-05-29 12:00:00+08:00,0.0000000000,3722,d095e8c4d1ec7ca26af569d3dd90fdda8b04c8fc7c6483161791ecd84d04d15e
2026-06-08,S10,K02,2026-05-29 12:00:00+08:00,0.0000000000,3723,7bce9fecae16960b7236fd4e7a273a02436dac5f7919dec821db4b915e44df40
2026-06-08,S10,K03,2026-05-29 12:00:00+08:00,0.0000000000,3724,dd23acb394157380759191e92207a392effa31373074b9fd4f28b866a12997d8
2026-06-08,S10,K04,2026-05-29 12:00:00+08:00,0.0000000000,3725,c4a84fd8748e1958837f29b724a309ca4ebbd08ced7404fe5bacb028265f6552
2026-06-08,S10,K05,2026-05-29 12:00:00+08:00,0.0000000000,3726,8b8f23860bbd165d6f30565c6e4c29debb070a57c2bc24c44eb529fc7a124191
2026-06-08,S10,K06,2026-05-29 12:00:00+08:00,0.1200000000,3727,e4bbc2fd7c32b5f21171f622ac43cfbf1c29a0ac95b25de78b6a7ddf3f15f874
2026-06-08,S10,K07,2026-05-29 12:00:00+08:00,0.0000000000,3728,4afaf9fad016d9bce45344755280db281e82e27d23d89ab4fa6ebdb34a05b145
2026-06-08,S10,K08,2026-05-29 12:00:00+08:00,0.0000000000,3729,b3c5b03e11a6417910f09d609abdd80285dd0a297f24fe1fe22ee20f4517ea6f
2026-06-08,S11,K01,2026-05-29 12:00:00+08:00,0.0000000000,3730,3731360d878c38bdc9afe6c670a4bdcb1b8bc360592a98a119122ddaa29a57c1
2026-06-08,S11,K02,2026-05-29 12:00:00+08:00,0.0000000000,3731,58be3067bbf0658f5acd113a4839601e1eb24b0d48576e2544fff6bd53cbc0a0
2026-06-08,S11,K03,2026-05-29 12:00:00+08:00,0.0000000000,3732,f70d14f27d0ddab849cdad64b509f3ac76f65bfb9d6594bb07b2514da29697a9
2026-06-08,S11,K04,2026-05-29 12:00:00+08:00,0.0000000000,3733,5c2310055b4d1fa31643629ca7c7cd1bd17aba887e19afcf7e122a21eb5d3718
2026-06-08,S11,K05,2026-05-29 12:00:00+08:00,0.0000000000,3734,701c650b3b574c975da977b0441c8fb6f394bec3fdb8daf103e089d123a7b36d
2026-06-08,S11,K06,2026-05-29 12:00:00+08:00,0.1200000000,3735,9e4995072972c9bb72575289d8fd95f2c448e7f5bbbf6504dadca220bcc880ca
2026-06-08,S11,K07,2026-05-29 12:00:00+08:00,0.0000000000,3736,fd86da60eb3494217a57ac525a06e215938201cdf4253da51b1906aab116c829
2026-06-08,S11,K08,2026-05-29 12:00:00+08:00,0.0000000000,3737,1c290c4b7ee9ed846118afd1745a24ad50ff169b788bc268e158af141d6017f5
2026-06-08,S12,K01,2026-05-29 12:00:00+08:00,0.0000000000,3738,943a5a9cb523fcd991b3403f760b271df04f50a459d5a4e9005892558975ae64
2026-06-08,S12,K02,2026-05-29 12:00:00+08:00,0.0000000000,3739,357bbf4c9d0f4eb1e13899e1d17b61caab680e8176a3b61f53b39096dc756fa8
2026-06-08,S12,K03,2026-05-29 12:00:00+08:00,0.0000000000,3740,8bed8ecf749cf32d51319ef8fe79493e38a9f88eb7ca50d9fe2b629cb434c736
2026-06-08,S12,K04,2026-05-29 12:00:00+08:00,0.0000000000,3741,31311613b8775f335a0ff939aa23dc6775b9b14d3b6eab1f5277c301e1bfb7f3
2026-06-08,S12,K05,2026-05-29 12:00:00+08:00,0.1200000000,3742,0168bb5c9e57eaef5c25bac8e9a4186dd9fba3e44d7e1e644abec924fd77d37c
2026-06-08,S12,K06,2026-05-29 12:00:00+08:00,0.0000000000,3743,84908e13f84e09bfda2ac1e16393c969db8e25d11da5fc2c8a256e9c8864fffa
2026-06-08,S12,K07,2026-05-29 12:00:00+08:00,0.0000000000,3744,8509ddb25ee6e2c67c3b1a5ab697de9af3a96f1b496307e7882fa59e0486b0b3
2026-06-08,S12,K08,2026-05-29 12:00:00+08:00,0.0000000000,3745,5a4eaa4788a7e9deeeecf529fe9ba3255ec23530aa8adc03796dcacf3a2cbf41
2026-06-09,S01,K01,2026-05-30 12:00:00+08:00,0.0000000000,3746,65622c5ea62b34e78184a09cd39feacd718bab6de0d3c3b71215f4bf4c1e85ae
2026-06-09,S01,K02,2026-05-30 12:00:00+08:00,0.0000000000,3747,1ca762c437a52503196958be49d484273317ae4f13bfe4e7df78343aa307f72f
2026-06-09,S01,K03,2026-05-30 12:00:00+08:00,0.0000000000,3748,7b57b9882b6d2e51e1438f8d106b93ac07971f2e55a5f416f38fc36446f8e96c
2026-06-09,S01,K04,2026-05-30 12:00:00+08:00,0.1200000000,3749,b985d398831542cf82f1f06d48562f803c99040e8c447a297688cc85ba318cc2
2026-06-09,S01,K05,2026-05-30 12:00:00+08:00,0.0000000000,3750,e9a4f30bb795eb9de0185f6dc94e9518427775c75d0cc76a7f2cdb9745b7cc58
2026-06-09,S01,K06,2026-05-30 12:00:00+08:00,0.0000000000,3751,1647dbe29b0a6790c694a8388368219c294acaa71af510d5e3bcd7f42cec9d18
2026-06-09,S01,K07,2026-05-30 12:00:00+08:00,0.0000000000,3752,73ff7a858c2623c804660a1d6c4e9703c1c9436fec2ae9d0e50d84d65fa50643
2026-06-09,S01,K08,2026-05-30 12:00:00+08:00,0.0000000000,3753,603a63ac6311b5c2024091744b3910d76d8a90924a19d10d27a842adea2dc80f
2026-06-09,S02,K01,2026-05-30 12:00:00+08:00,0.0000000000,3754,2113d41a7cfc3a34a25275d7656e8bd157725d34f698ff47d59af4c1a27ec6b5
2026-06-09,S02,K02,2026-05-30 12:00:00+08:00,0.0000000000,3755,161646293681c624122d2b93289dfc38819ef1608b6040946734d4e7058c511c
2026-06-09,S02,K03,2026-05-30 12:00:00+08:00,0.1200000000,3756,1bdbd1749b6754932586a63521879ac783871a41e6ec3563da3e75fe2ab84717
2026-06-09,S02,K04,2026-05-30 12:00:00+08:00,0.0000000000,3757,08afe9aa63ca222881bab879915bdd67da45a016a92590b9595be879d6b1a2d7
2026-06-09,S02,K05,2026-05-30 12:00:00+08:00,0.0000000000,3758,5da8828e0657d9abd855e103efdd18b2ca60180376456e8ffe8f4775fd8c283e
2026-06-09,S02,K06,2026-05-30 12:00:00+08:00,0.0000000000,3759,0f6861bb849a37a64334f91c1f95d43ba72e1794d5214cfd1df3c30f5dc1e957
2026-06-09,S02,K07,2026-05-30 12:00:00+08:00,0.0000000000,3760,79eb903917e78504c0785a91308ba4191f9216fe7d6fe84e556575810c8e78d4
2026-06-09,S02,K08,2026-05-30 12:00:00+08:00,0.0000000000,3761,673044bd2c4fe3faa74a91fd1df326c84a27579c6ebbe380283f75954977e166
2026-06-09,S03,K01,2026-05-30 12:00:00+08:00,0.0000000000,3762,2617e15ac616105bf549acad37bc8ee98211f84edf69d001e8105b99a06020a6
2026-06-09,S03,K02,2026-05-30 12:00:00+08:00,0.0000000000,3763,e6e7e4c3d32253c61bbaf5fb6e2e55e3cd4301cfd48781fea912c3f5db2df8f0
2026-06-09,S03,K03,2026-05-30 12:00:00+08:00,0.1200000000,3764,281d4fbb80548446985170cd2e28034b7375a8d8b4f80eefa7665734f30412b2
2026-06-09,S03,K04,2026-05-30 12:00:00+08:00,0.0000000000,3765,925e7a3dec0614a3f51ab0fca89ebd05e81c1b021b2c4d14f6fab25e3f0c67f1
2026-06-09,S03,K05,2026-05-30 12:00:00+08:00,0.0000000000,3766,0868546d089a6d57c5fd9d0fb08e7ca016a574c36deb4182030c0d6c566f05b5
2026-06-09,S03,K06,2026-05-30 12:00:00+08:00,0.0000000000,3767,853fd09f41a46a64daa8ed7b5160008990adec7a8b07237fd1c1e9c34a527e8f
2026-06-09,S03,K07,2026-05-30 12:00:00+08:00,0.0000000000,3768,48d93f982447fa84ea9ac8ef77f471852b3a90e8c6f0bd147cac2b5411a22275
2026-06-09,S03,K08,2026-05-30 12:00:00+08:00,0.0000000000,3769,ba4c3141852aadb613ad260ddaccda7838aa33f2c9b977155d752903c0925901
2026-06-09,S04,K01,2026-05-30 12:00:00+08:00,0.0000000000,3770,2bc8eaae6c36c0d5b87fe66b382ea4d7cc5a315982281d9386d88d927a220cb2
2026-06-09,S04,K02,2026-05-30 12:00:00+08:00,0.0000000000,3771,2043c1956b12f34cd65143ae88eed356984034e640066272960cb9562306e9d0
2026-06-09,S04,K03,2026-05-30 12:00:00+08:00,0.1200000000,3772,544f902dfc1a30bcee3631bcbd53da1b95dc8294f2de51cb0adf18378e80c623
2026-06-09,S04,K04,2026-05-30 12:00:00+08:00,0.0000000000,3773,236c05d091aca065b88124d014f6195354879823c79344039f4b55d0fd80772c
2026-06-09,S04,K05,2026-05-30 12:00:00+08:00,0.0000000000,3774,fd56d04aec541c28e10894b5553d7eddab2f72641ab9d0d849ffa27cb75d6d3c
2026-06-09,S04,K06,2026-05-30 12:00:00+08:00,0.0000000000,3775,a220e4fb246a265ed6ccca19f8db8034b00301f4d0db49280bb83a46808b4b2d
2026-06-09,S04,K07,2026-05-30 12:00:00+08:00,0.0000000000,3776,f33783ff4ab52807ae62da9d0dc364cabcdaf2b47e023f3c913fc78b945d80a9
2026-06-09,S04,K08,2026-05-30 12:00:00+08:00,0.1200000000,3777,047f5b622b6f92832fec095b9710a5a2c311c7aa8396a5ec9a6a89a4d0451dd9
2026-06-09,S05,K01,2026-05-30 12:00:00+08:00,0.0000000000,3778,77a5d66f6a742a217f3497a70a9e844e7c8e958e0477a615337c54964c07d573
2026-06-09,S05,K02,2026-05-30 12:00:00+08:00,0.1200000000,3779,ea908fa4b4d4e42a84a1c240226104de6878e3349480eeb6f27f587ec9d59432
2026-06-09,S05,K03,2026-05-30 12:00:00+08:00,0.0000000000,3780,a54c68f9ba178c1eee67e673d01a9d931289b87970a6684dd5e9a037338ba6a1
2026-06-09,S05,K04,2026-05-30 12:00:00+08:00,0.0000000000,3781,28a0f254966fa649e00107cafbfa210397113948d69c8efba5e0f077ace94ab6
2026-06-09,S05,K05,2026-05-30 12:00:00+08:00,0.0000000000,3782,01f8701b10c2b7b93f7f6f191629aec4c08ec3011d182d7c882133fff01c9c09
2026-06-09,S05,K06,2026-05-30 12:00:00+08:00,0.0000000000,3783,4236475537535743478a8e24de637cf03c3c6a109a541e06ac96e3a2d71e44d5
2026-06-09,S05,K07,2026-05-30 12:00:00+08:00,0.0000000000,3784,a1dacec2611477a158a9ed15462537a67d6120589bc9ffc7a3d013f8aad81af9
2026-06-09,S05,K08,2026-05-30 12:00:00+08:00,0.1200000000,3785,2542fd2b82fa8b6b9ae64571e920bcfd037240b5dbad3804eeb174d2f5dcf149
2026-06-09,S06,K01,2026-05-30 12:00:00+08:00,0.0000000000,3786,5210e386fb6f9455d9fa838d36f356dfc6cf21ee3b3ae41ad1f7f83b2af24c43
2026-06-09,S06,K02,2026-05-30 12:00:00+08:00,0.1200000000,3787,076123218d37cac3f0610af9e8039a899addbdf8afaa97af75dc4e7ac5f3be2d
2026-06-09,S06,K03,2026-05-30 12:00:00+08:00,0.0000000000,3788,761c94f5083086212e84be9bdc27602d7f4cde888f3190bd180ac5e31ab2d36a
2026-06-09,S06,K04,2026-05-30 12:00:00+08:00,0.0000000000,3789,b1b8a98ae69c210477da0fb591468839545409b9c74609e8a040addb82461b2d
2026-06-09,S06,K05,2026-05-30 12:00:00+08:00,0.0000000000,3790,035d2d09eb3f668883ac14f6fdc0e06db92ad80c50e1b181b1d6b4aebe99c9f2
2026-06-09,S06,K06,2026-05-30 12:00:00+08:00,0.0000000000,3791,1527455d5491cc6cda64de3d4998f752d2511a7d76256f5343f2e781a132496a
2026-06-09,S06,K07,2026-05-30 12:00:00+08:00,0.0000000000,3792,9935deab4eb4ab26a20391cfd20ae8146d0c1211083b1f18fdaae2ed90aa7fdd
2026-06-09,S06,K08,2026-05-30 12:00:00+08:00,0.1200000000,3793,adcec7f7a8dbdedd87bdaeb6662ae00ebedbb7d38750b7d3b454f1cd623140ee
2026-06-09,S07,K01,2026-05-30 12:00:00+08:00,0.1200000000,3794,9ede6023cffc5b47eec9cca4d1230215803e04405b402904ef7e7b7438eae892
2026-06-09,S07,K02,2026-05-30 12:00:00+08:00,0.0000000000,3795,8adf42ec7b112d5cb6ee3f46e0933f3619ffefe7d06f1c241cea8815e3156d6c
2026-06-09,S07,K03,2026-05-30 12:00:00+08:00,0.0000000000,3796,763e4e453ad80e96aa88e9bcdb4e3900ae8f1610cf000e6afb8c8572a20ce594
2026-06-09,S07,K04,2026-05-30 12:00:00+08:00,0.0000000000,3797,fdee506875cc76c62909335c08c13ddcd743367883016dd15398bebe1fdd42ee
2026-06-09,S07,K05,2026-05-30 12:00:00+08:00,0.0000000000,3798,dc26a869ecb9eb665d7b0864b6b9ab8659e6375e811a5d66834e552284e63429
2026-06-09,S07,K06,2026-05-30 12:00:00+08:00,0.0000000000,3799,ccad3d68442425ba812d6d264f85471447e80f0bfbc9bdeb466f23825d29518b
2026-06-09,S07,K07,2026-05-30 12:00:00+08:00,0.1200000000,3800,745fa4df20edd5eda700a9f6ac378e3e34976d5bd3362aacc357ffa35c454b4e
2026-06-09,S07,K08,2026-05-30 12:00:00+08:00,0.0000000000,3801,ec5a71ea754996abf5f5f56b653b47035c13d546be9b09fcd459e5885faf79cf
2026-06-09,S08,K01,2026-05-30 12:00:00+08:00,0.1200000000,3802,41286413bd40baefaddd7c19df8253b00a2f804f6b86ed47c5ab0f6d03165540
2026-06-09,S08,K02,2026-05-30 12:00:00+08:00,0.0000000000,3803,e539b15ce5f5af6376761d667f46f27983f59dd3ab30f641334358a6f7ea3fba
2026-06-09,S08,K03,2026-05-30 12:00:00+08:00,0.0000000000,3804,f1a237e174b62c18c21323cc0dc01bd6e222c4e544fed90f7419e363c3c1dddd
2026-06-09,S08,K04,2026-05-30 12:00:00+08:00,0.0000000000,3805,38cec3c1df8851ac2300b7bd809083ae064a0a68d9c857a9b34a5a4e394c7a1f
2026-06-09,S08,K05,2026-05-30 12:00:00+08:00,0.0000000000,3806,17ad0c04d2ca012fe033c2a42f95632f1733b74bc69b6442edbf6ab1d8f57400
2026-06-09,S08,K06,2026-05-30 12:00:00+08:00,0.0000000000,3807,6f6655b31cc6d35bd4ebf927386fe51c97a693cbdc0409331148888dde6eded9
2026-06-09,S08,K07,2026-05-30 12:00:00+08:00,0.1200000000,3808,3bfd2e282a0d672d12710886b2229601b106fb85f74ee11762e40ea835149a54
2026-06-09,S08,K08,2026-05-30 12:00:00+08:00,0.0000000000,3809,770e5d70cc53893af79eb6558982a9abdbc0f2ae7b248814a7ca69020e0f2a28
2026-06-09,S09,K01,2026-05-30 12:00:00+08:00,0.1200000000,3810,6e4040f7e4e15fb194226fec09106097a32f52200376c85c40fb3d175b55c451
2026-06-09,S09,K02,2026-05-30 12:00:00+08:00,0.0000000000,3811,4280637ebdc6082779f7369a62133f1d2ebeac8b86d08a5779d6222018257df6
2026-06-09,S09,K03,2026-05-30 12:00:00+08:00,0.0000000000,3812,4900a6de4e70da9f768676d50abc235667a1499dda104fbee57f9587111c1e70
2026-06-09,S09,K04,2026-05-30 12:00:00+08:00,0.0000000000,3813,0a7c2a111f6218fb507f189b6592effc98d86e69276b72a9226489e7f3c1e721
2026-06-09,S09,K05,2026-05-30 12:00:00+08:00,0.0000000000,3814,f00d39e0409e0af4944e963ccccf3dfc9c106b77595d032640373f569f93bac6
2026-06-09,S09,K06,2026-05-30 12:00:00+08:00,0.1200000000,3815,6d40b3bb1c3f4657b84174aced76df4741c6edd2cdb54bfd67d5170e739eef44
2026-06-09,S09,K07,2026-05-30 12:00:00+08:00,0.0000000000,3816,0de4304b2f2bb779a9105ecb39db3e921b53abd109f083e6d64b4a520d319aaf
2026-06-09,S09,K08,2026-05-30 12:00:00+08:00,0.0000000000,3817,361f3ce74a8f361ec15e9c44aad828ebc70a4a4bb51fa5f095c25b1d9f2a9c5c
2026-06-09,S10,K01,2026-05-30 12:00:00+08:00,0.0000000000,3818,022cc94d68a2d4119283c17c0e468591cc6c187705097e95bb67e08f155c321f
2026-06-09,S10,K02,2026-05-30 12:00:00+08:00,0.0000000000,3819,454d542aeb1a0555bfe5262b702c0a388cfa056f3b5f8f038b44b9104b2e3383
2026-06-09,S10,K03,2026-05-30 12:00:00+08:00,0.0000000000,3820,4d6b08e1e54bdd1671d91d0cdbba8995de412533c9180e53898a396a72689059
2026-06-09,S10,K04,2026-05-30 12:00:00+08:00,0.0000000000,3821,605964d2bbdec157e986bb6935a44e4bc16fc253edb63f014d390ad44dd5836d
2026-06-09,S10,K05,2026-05-30 12:00:00+08:00,0.0000000000,3822,8165086eb5e373c95503e9782f63e757022a05eb8a2f3e0cae7661bd70ed9d3a
2026-06-09,S10,K06,2026-05-30 12:00:00+08:00,0.1200000000,3823,ee2b8509df05d83bbc6e52fbab1ddfe777fd701c980b42c0a103d96f8e08c061
2026-06-09,S10,K07,2026-05-30 12:00:00+08:00,0.0000000000,3824,ece23bde8f8d6851a016808358d110425f3be010093bc337312def89413b8e0c
2026-06-09,S10,K08,2026-05-30 12:00:00+08:00,0.0000000000,3825,b78e1157b3c2a90a132b06974c9f2ac5e332dc9e8d17d16c3c97ee16a3ad3b14
2026-06-09,S11,K01,2026-05-30 12:00:00+08:00,0.0000000000,3826,2c239a22e862fc1e07477a8e50a559ac0c0f34d37b0dc7f392aa349c2f9eccbd
2026-06-09,S11,K02,2026-05-30 12:00:00+08:00,0.0000000000,3827,735afe7b104817ceb91d184d53e7996a155783f82486e2f9c29e9bb2bf8a54fa
2026-06-09,S11,K03,2026-05-30 12:00:00+08:00,0.0000000000,3828,48ebdf0791aab566e4e1c73eafb825a02a779af210c4a87a5b6b5dd79f928cbd
2026-06-09,S11,K04,2026-05-30 12:00:00+08:00,0.0000000000,3829,bf00c7c37f5b57ee083bbecb6760f6a02daede586b51b1d21a73e488619fe786
2026-06-09,S11,K05,2026-05-30 12:00:00+08:00,0.0000000000,3830,95b629772175a7cb617929f3d0dc65ca651b57fd85af972d89f34012b0631e39
2026-06-09,S11,K06,2026-05-30 12:00:00+08:00,0.1200000000,3831,d30df9fe0a46c19650db87e32106440227e58e7ed7e389f1c8d0e11b6431faee
2026-06-09,S11,K07,2026-05-30 12:00:00+08:00,0.0000000000,3832,5c87fa43c176f3ccf59a58bf13b808d94db2bec051b160472465077014d730f3
2026-06-09,S11,K08,2026-05-30 12:00:00+08:00,0.0000000000,3833,817df7d7faba701f263bc82d2fb0a7850d51bbb598c625ea79665f3813f2e56c
2026-06-09,S12,K01,2026-05-30 12:00:00+08:00,0.0000000000,3834,f8941225841af714815f7f01b6131e7f3153e111812dc89664b0a8c819b151e5
2026-06-09,S12,K02,2026-05-30 12:00:00+08:00,0.0000000000,3835,d05cc9fc33f1be66bfabef2bba58ed96a5880a9d6e834aaf74cd1a5469295c75
2026-06-09,S12,K03,2026-05-30 12:00:00+08:00,0.0000000000,3836,e76e72f5d40a620932dc85cc5cb909aa2acd5863848fa2706e813e3eaf5bfcc1
2026-06-09,S12,K04,2026-05-30 12:00:00+08:00,0.0000000000,3837,0e5f8896188cd62048d220c64dee6032c41d910040d56cd8315942d1cd6b52c6
2026-06-09,S12,K05,2026-05-30 12:00:00+08:00,0.1200000000,3838,a71bc4b1311a088a0c89a07b6ec1d2c18c3824f4c3f5690cba300aff195e55e9
2026-06-09,S12,K06,2026-05-30 12:00:00+08:00,0.0000000000,3839,979308065ab873c9c8d60b098180a18cc216d8e30f9c3c967a79e0cf50a407e9
2026-06-09,S12,K07,2026-05-30 12:00:00+08:00,0.0000000000,3840,43386b2999f949d5ee3ea69256713336f9905c62a3d9706d1ac72e3692737fbc
2026-06-09,S12,K08,2026-05-30 12:00:00+08:00,0.0000000000,3841,8bb7493be725af486112b0ba0c7ac22b1565dccae47fd0d145afb2c87570e6cb
2026-06-10,S01,K01,2026-05-31 12:00:00+08:00,0.0000000000,3842,d7fec222a83fc43367862461656c861a4bf018ecb13ec69aeac627bdf9a33c0d
2026-06-10,S01,K02,2026-05-31 12:00:00+08:00,0.0000000000,3843,ee61f5862a569c801788190454623fc2d2c8d6d639575b3b59bde36526aaa4af
2026-06-10,S01,K03,2026-05-31 12:00:00+08:00,0.0000000000,3844,ec23b71c1bde6f499677f941470d1e1239ca8bda8d4d7c6461db56c0bb71bf88
2026-06-10,S01,K04,2026-05-31 12:00:00+08:00,0.1200000000,3845,e6b6154d559eda1edeb69f1a002a9b6264f39e8966c8556da54b8e45ad41c48a
2026-06-10,S01,K05,2026-05-31 12:00:00+08:00,0.0000000000,3846,6e1a329c40bf9e80ded5fcf13279f3115a4846d9231bf93acf9b48044f878f5e
2026-06-10,S01,K06,2026-05-31 12:00:00+08:00,0.0000000000,3847,14e29ed480940e1ac03fbbbdab10dbb36c26d6e0acaa1b6450d1bcd97201e3e4
2026-06-10,S01,K07,2026-05-31 12:00:00+08:00,0.0000000000,3848,2abee7531edd02cbb41249a0ceecbc276892cc4a89fe27fbf834230151ac295d
2026-06-10,S01,K08,2026-05-31 12:00:00+08:00,0.0000000000,3849,fc41669557ec998ee0a8d7112dee5e559bc93f835e736d745d0336acee25e182
2026-06-10,S02,K01,2026-05-31 12:00:00+08:00,0.0000000000,3850,1e0131e1fedfa1f337f4d5eb7a75f73e11cdb88190bd42b3fe11c56a9a32308d
2026-06-10,S02,K02,2026-05-31 12:00:00+08:00,0.0000000000,3851,187f3965c89e7f2173a63f5a24f9d4de214404c16758c44f3f20794569df2213
2026-06-10,S02,K03,2026-05-31 12:00:00+08:00,0.1200000000,3852,281228cbd008478383a5712dfea1183cffbcd33528f6ede90d0484d97eceea96
2026-06-10,S02,K04,2026-05-31 12:00:00+08:00,0.0000000000,3853,ddbc6657a684454cd3577ce5f9427c7ed5f93b6ea37c71fd764dc97fdcb1d5b4
2026-06-10,S02,K05,2026-05-31 12:00:00+08:00,0.0000000000,3854,2c5f38bfe0517fde35bf6e20643a2b5f8c2a477be87ec9b185b76acd6bd2a9dc
2026-06-10,S02,K06,2026-05-31 12:00:00+08:00,0.0000000000,3855,5976ac6107a0474b55a3a9830e96a64b20e149e3db8abe9538aee03d8fbe9697
2026-06-10,S02,K07,2026-05-31 12:00:00+08:00,0.0000000000,3856,e2ca3f04a232eef08bcfbc9280405b2af32f2cffd3d885db8674a94b49e221b4
2026-06-10,S02,K08,2026-05-31 12:00:00+08:00,0.0000000000,3857,954e642c16dcb7fe6030e540a21879934937d0103bc071d5e41f8b4642cdafb3
2026-06-10,S03,K01,2026-05-31 12:00:00+08:00,0.0000000000,3858,a732db0a07a08e26c7f4170712638bb14bac1681e7a2cefe4b37ba20c8d0642d
2026-06-10,S03,K02,2026-05-31 12:00:00+08:00,0.0000000000,3859,0391e85eda67ba9d8561654aa15917435c118826bc4fcffae74512c47b16bf63
2026-06-10,S03,K03,2026-05-31 12:00:00+08:00,0.1200000000,3860,386749d3ebed6154ed8810fbff6bf4c88d67d95f31d1363051c3a72f1a7788d8
2026-06-10,S03,K04,2026-05-31 12:00:00+08:00,0.0000000000,3861,ad17d189226ad9be607c373cfc75e5bf054bef538a23dc6585407f11c16ef349
2026-06-10,S03,K05,2026-05-31 12:00:00+08:00,0.0000000000,3862,472f4853f5f0954d78b836a9b7aac5ba9236463046a61c6a6a8ad36b7b795432
2026-06-10,S03,K06,2026-05-31 12:00:00+08:00,0.0000000000,3863,5e27d073047401848d62d69dbc774f1b1942e0415d3c3b723bbe3b5308f8226c
2026-06-10,S03,K07,2026-05-31 12:00:00+08:00,0.0000000000,3864,f6bc1efd7619a2cc491b6e93de6d9ea70d55a6befbe74a07813cab3642af4391
2026-06-10,S03,K08,2026-05-31 12:00:00+08:00,0.0000000000,3865,7addb13ffba4f5ed4fbc94724822e6a766bc8b64807423198425039e97cddac5
2026-06-10,S04,K01,2026-05-31 12:00:00+08:00,0.0000000000,3866,fd151f4b7a087ce076d6ce5df6f254fed374f9ae6973c023e6bd2965854d81c6
2026-06-10,S04,K02,2026-05-31 12:00:00+08:00,0.1200000000,3867,5cef76b9880b9d61a6ff05e75b1a8bddf2416293cce3b4d18aca4d7d57685499
2026-06-10,S04,K03,2026-05-31 12:00:00+08:00,0.0000000000,3868,8d990a2fa86f01d47ad524c08827e1052e950f40e5731c953f205c9977209b24
2026-06-10,S04,K04,2026-05-31 12:00:00+08:00,0.0000000000,3869,4600df5102102fdd92dde2a01f5e4aa35f107f6bad3f6ba0f8467da53e575ba6
2026-06-10,S04,K05,2026-05-31 12:00:00+08:00,0.0000000000,3870,9baa9154364b1f93b57bd4fe921e2e2cd935cac4ba8863db0dc15e2d8b5e2a62
2026-06-10,S04,K06,2026-05-31 12:00:00+08:00,0.0000000000,3871,ad71995f29e99af3113f6afcb1e26127be2dde486c59a2821635dc463e162007
2026-06-10,S04,K07,2026-05-31 12:00:00+08:00,0.0000000000,3872,d26d8cca0ffe094f1b1394f42ade3f9aedca54825c06e781f505668722d54eba
2026-06-10,S04,K08,2026-05-31 12:00:00+08:00,0.1200000000,3873,0459a1e465ed995d571749ddc52c9a9fbd98afefce8bfdef7377f04ff49746df
2026-06-10,S05,K01,2026-05-31 12:00:00+08:00,0.0000000000,3874,f4884e784f8eb88eb6f7e3fa3387d1effa86a72fb16cccb8519d433ffb317e2b
2026-06-10,S05,K02,2026-05-31 12:00:00+08:00,0.1200000000,3875,45daf8053f21b0969e80765400bf7b5dd2f16785390c961c04ae5c062e630b13
2026-06-10,S05,K03,2026-05-31 12:00:00+08:00,0.0000000000,3876,93683ce3d0e63d522c062676e77078cd41c617021555c8d9a479ef35c5449b3b
2026-06-10,S05,K04,2026-05-31 12:00:00+08:00,0.0000000000,3877,52b29840def78914efe2364967d15adc3363bb3578b42208d9e8d1405df4b3c4
2026-06-10,S05,K05,2026-05-31 12:00:00+08:00,0.0000000000,3878,089f6c38c70e091fb745fadec0aeb27e6cf7586ef3d5fb96a4bcbf4d5197f928
2026-06-10,S05,K06,2026-05-31 12:00:00+08:00,0.0000000000,3879,196b0fe195e7a23273f4a70dd54dce5fbe050b7f4e089bc2eedc00c74234ca5c
2026-06-10,S05,K07,2026-05-31 12:00:00+08:00,0.0000000000,3880,c2aded2a6525fd9dfdf37ae614e7a5e114d9fdf61e1b1962057d27c2cd9cc4a4
2026-06-10,S05,K08,2026-05-31 12:00:00+08:00,0.1200000000,3881,4adc1378411fc9d4ff126aced2b8acfb2ac5316a2e1f9a03fb85b7bd48ee1d7f
2026-06-10,S06,K01,2026-05-31 12:00:00+08:00,0.0000000000,3882,a200f67093b25c3be6836dba73c53c869842be846cd92f834b0995ef88a2e745
2026-06-10,S06,K02,2026-05-31 12:00:00+08:00,0.1200000000,3883,96a3859f38b901b8da70e3ec65bf0b52a983bb24a749e3a866a41d68e35ceab9
2026-06-10,S06,K03,2026-05-31 12:00:00+08:00,0.0000000000,3884,01b35c72430d4525568b907a6eae2d97c4aaa0cbcfeff00180092c7e40999ec9
2026-06-10,S06,K04,2026-05-31 12:00:00+08:00,0.0000000000,3885,0af37f37b3a8e6b02b758793db1048d076ff93dfe0eabef2c984e92966ca2e3b
2026-06-10,S06,K05,2026-05-31 12:00:00+08:00,0.0000000000,3886,e4ec3e57d435f3de5792fe25b9ea97f97c206a987b989b9918f7947b6348ac52
2026-06-10,S06,K06,2026-05-31 12:00:00+08:00,0.0000000000,3887,16b01e3f6d5a4245e77b448cc5da04ff874909948728ca31b508adeb2ba77b79
2026-06-10,S06,K07,2026-05-31 12:00:00+08:00,0.1200000000,3888,7a4cd8bde840500529372078a880a894d0bcd80b39fe860dc8affd715c8b8211
2026-06-10,S06,K08,2026-05-31 12:00:00+08:00,0.0000000000,3889,357e9a30af8fdc9d1ae8e33b72ebe731b5af153d9bc6b947ef5e79ff88c5b5ec
2026-06-10,S07,K01,2026-05-31 12:00:00+08:00,0.1200000000,3890,aba7fca7fda4a68fc4d52338b069d79475c6f71148b87226455ca730f35b4d6e
2026-06-10,S07,K02,2026-05-31 12:00:00+08:00,0.0000000000,3891,723fbc596dfcc97ffac108c2e71ac0a914d29a267ef3b1cffd044ed4377dfaeb
2026-06-10,S07,K03,2026-05-31 12:00:00+08:00,0.0000000000,3892,31ea2bc4dde198723eccc3f8a0d2df142fb107a5ad957eda506b5529e8d3d08f
2026-06-10,S07,K04,2026-05-31 12:00:00+08:00,0.0000000000,3893,7f551ea8e2c0c9441e3d3eee83ba474385ff1c21fc028b21ca5bda3acb70d38c
2026-06-10,S07,K05,2026-05-31 12:00:00+08:00,0.0000000000,3894,befd84e33b675a5ad64917b561a32b6475fd9f94bb3d0ad3006fc1251b47f858
2026-06-10,S07,K06,2026-05-31 12:00:00+08:00,0.0000000000,3895,f4ea015f2f7a5d2c9f2b4f9de180dc361bb30815fb78e08cb0636b80def864d9
2026-06-10,S07,K07,2026-05-31 12:00:00+08:00,0.1200000000,3896,5edaa7a951825a7dc9011f50733e076c464504bbd3a3353fc199848e4fa3f86e
2026-06-10,S07,K08,2026-05-31 12:00:00+08:00,0.0000000000,3897,028ad2f4c84900988bfa1b67080e352bcf21280899e180cf09dc3e3451fa2730
2026-06-10,S08,K01,2026-05-31 12:00:00+08:00,0.1200000000,3898,73073bb8e5e9e13fd9f2f0e80235b3161cd9a0c694f3c324ebb74f4bd4642cfe
2026-06-10,S08,K02,2026-05-31 12:00:00+08:00,0.0000000000,3899,b1a2547ad76f5e834973716824ff0927d271ecc8e5ba723c49c15a6199f16a48
2026-06-10,S08,K03,2026-05-31 12:00:00+08:00,0.0000000000,3900,ffcea4245db69349daa5092b9a1136a18caad777b95167211cbf01dd6d2f044f
2026-06-10,S08,K04,2026-05-31 12:00:00+08:00,0.0000000000,3901,17c89fe77e9cbe0adcef2c8cefd952d21f05070eb9701e74df61075dda41741a
2026-06-10,S08,K05,2026-05-31 12:00:00+08:00,0.0000000000,3902,611d77d5c34034c0d915aa3be65e4ad3fbb574ff7b0a527fcfbb13d1f8fb854a
2026-06-10,S08,K06,2026-05-31 12:00:00+08:00,0.0000000000,3903,22ff5070d36a61d205e05b53f80b0a253b0e0603a9b460f57a6643a87330bcd4
2026-06-10,S08,K07,2026-05-31 12:00:00+08:00,0.1200000000,3904,c85c06b40eb227952d5a9527f6565357733be0456655c36d25c337c86ebe0fbb
2026-06-10,S08,K08,2026-05-31 12:00:00+08:00,0.0000000000,3905,24704af4331dcee9a66fedee64c99a2b7d6d749da1ad5a7f429f83b1568d11ac
2026-06-10,S09,K01,2026-05-31 12:00:00+08:00,0.0000000000,3906,10f4261efcbf48019beeb2c03089159057d651315d6376aa4a74c30fee30a6cb
2026-06-10,S09,K02,2026-05-31 12:00:00+08:00,0.0000000000,3907,3fcd7c707826c62b2bd0266a3890f6c3bf24910cd612f0f0f91b0435e46681e5
2026-06-10,S09,K03,2026-05-31 12:00:00+08:00,0.0000000000,3908,ade9c02bb0d8d61341271ea8590aa46e400eaba27fcc373f6b0dc61eacf6184e
2026-06-10,S09,K04,2026-05-31 12:00:00+08:00,0.0000000000,3909,f797adbc3384858e73fa8efe4d5883c93f22c49106b3de08f9dd20d61524efec
2026-06-10,S09,K05,2026-05-31 12:00:00+08:00,0.0000000000,3910,8180e7402823e9dbe0500430db013ef1c68dbd6f150db2cf251e742b04d3eb78
2026-06-10,S09,K06,2026-05-31 12:00:00+08:00,0.1200000000,3911,4bef4489f05ce65456efe696a8c079fe9a13962137e093f7696ff11ae44885d1
2026-06-10,S09,K07,2026-05-31 12:00:00+08:00,0.0000000000,3912,2d1796a92ae5a18b686f39e33648527a4cd68645c84248d63bd9e93189f1f36a
2026-06-10,S09,K08,2026-05-31 12:00:00+08:00,0.0000000000,3913,86ea34308e106c717201ea4b3e06f88c8f4cb2198ea2469a02229115ed13db6e
2026-06-10,S10,K01,2026-05-31 12:00:00+08:00,0.0000000000,3914,99a5b34b03cdabce889d7d73ba487f4fdfb8f063e29679e78c87194fee0d3cf3
2026-06-10,S10,K02,2026-05-31 12:00:00+08:00,0.0000000000,3915,ee37fa89e4df053f43a672c583cdc7f24b2bbb6f107c8030ba297c23bb45c382
2026-06-10,S10,K03,2026-05-31 12:00:00+08:00,0.0000000000,3916,817cac09daaab5cdd167278608358063c5b00c4ff78685a6f5f8e2dfa9f77b3b
2026-06-10,S10,K04,2026-05-31 12:00:00+08:00,0.0000000000,3917,1718c8d4dcc6e5ba743db7400688b78a22fb5b65fd66d4a07a0fbd627de862ea
2026-06-10,S10,K05,2026-05-31 12:00:00+08:00,0.0000000000,3918,b993a40e6e2022945624174dca9cee8410a2300c28b825ed3273875a66a62510
2026-06-10,S10,K06,2026-05-31 12:00:00+08:00,0.1200000000,3919,8c20f76c00def8b3657efda9aa9a242a6a46afa51f838685313807ed25e4f495
2026-06-10,S10,K07,2026-05-31 12:00:00+08:00,0.0000000000,3920,83c864b2b2f9ed5c95da079d13d80ec33ff2c0f5d8f059650060e74be08a4db8
2026-06-10,S10,K08,2026-05-31 12:00:00+08:00,0.0000000000,3921,7b4ab4e34e45f49dabe2cca03b4cf571bb380ee1e2e1276a29c7ab70fef5c4bf
2026-06-10,S11,K01,2026-05-31 12:00:00+08:00,0.0000000000,3922,4acd854062b9b98e515b45f063ee4624aed0fa7f50631d043f02547f367addb7
2026-06-10,S11,K02,2026-05-31 12:00:00+08:00,0.0000000000,3923,9fca6e1e6154cbf41011c979af53b6e34bfc767621b91adfca1d21c4f679ca6c
2026-06-10,S11,K03,2026-05-31 12:00:00+08:00,0.0000000000,3924,5b1ecb7e0d25608bbc6190523cc5edbbc1a88534a326b448301b788c83c5fe03
2026-06-10,S11,K04,2026-05-31 12:00:00+08:00,0.0000000000,3925,2730c669ba83bc3258243407db199f5033e9fa99f4a35fec1f491792e2cf28c3
2026-06-10,S11,K05,2026-05-31 12:00:00+08:00,0.1200000000,3926,fe2a71819023b94f80039209060285ff860152624aa2ffab35f84dc09eec102d
2026-06-10,S11,K06,2026-05-31 12:00:00+08:00,0.0000000000,3927,75177ec5463aefe93f1b755871823f64b8f62cddd651e89a6079543f4b7f3466
2026-06-10,S11,K07,2026-05-31 12:00:00+08:00,0.0000000000,3928,5384a4f48a20361c2896b13324daac19a0699c79120fadc76776ec80422de119
2026-06-10,S11,K08,2026-05-31 12:00:00+08:00,0.0000000000,3929,c7bbee6790d48d643efc9af1dac7935899e5f7334d62d653b0f0402196ecf1cf
2026-06-10,S12,K01,2026-05-31 12:00:00+08:00,0.0000000000,3930,bbfc7a4a1bc82caf3f3889c14ebabed839423f1388187c08b281175b301e6123
2026-06-10,S12,K02,2026-05-31 12:00:00+08:00,0.0000000000,3931,53a363724d25cb9900eca542068c6fa585d05761e0c8fb32b9dd7cde6712958b
2026-06-10,S12,K03,2026-05-31 12:00:00+08:00,0.0000000000,3932,4ba4b3175cdcca779cfb13e7bcfc18b147cae900a23d3577304abda23f1c40d6
2026-06-10,S12,K04,2026-05-31 12:00:00+08:00,0.0000000000,3933,1a21580a0db821264a2e6971c0a4f09f7036470c8edd0f081868dd2781d795db
2026-06-10,S12,K05,2026-05-31 12:00:00+08:00,0.1200000000,3934,cb8004d1f38614fb79623a8e36a7232515d3212ad404cc26a4637e3f70380cb6
2026-06-10,S12,K06,2026-05-31 12:00:00+08:00,0.0000000000,3935,46123deb5cece9362a66f898f484a83fa45dd055bac7396024b54969ebf455eb
2026-06-10,S12,K07,2026-05-31 12:00:00+08:00,0.0000000000,3936,35e25c74b8452dd08ca62cfe03bb4dcab5ded671a2509f7769aba62cf48b9adb
2026-06-10,S12,K08,2026-05-31 12:00:00+08:00,0.0000000000,3937,2f5f6a7d0ca66a0767fb4b3f3e0bfbe7883b6f7e76e8401d545e7df09bfb1985
2026-06-11,S01,K01,2026-06-01 12:00:00+08:00,0.0000000000,3938,a5d5077cd0447aeffbe5cf09a9dec0e84e41258aee9886034a72f87060017999
2026-06-11,S01,K02,2026-06-01 12:00:00+08:00,0.0000000000,3939,d3ca334cdf41dd37d5d8c0d7bd47287f318b4e03061f24d94933eef0c54df65e
2026-06-11,S01,K03,2026-06-01 12:00:00+08:00,0.1200000000,3940,accb6cf6f5a7f9129a260e546c22781d34bdac1d035926d5c8920e3b34f81394
2026-06-11,S01,K04,2026-06-01 12:00:00+08:00,0.0000000000,3941,3ddaad092100076ddd728438551b70ee1b25b2f503b0c48e46ec7fac76a60484
2026-06-11,S01,K05,2026-06-01 12:00:00+08:00,0.0000000000,3942,556e730a380c450a6b4fb528a8bd5dae240b69d3be60e1bd0684ab2796de6952
2026-06-11,S01,K06,2026-06-01 12:00:00+08:00,0.0000000000,3943,ecc25755af6ad9dfafa5264758249cacec42977424defbde2ee52fc5dab7c60f
2026-06-11,S01,K07,2026-06-01 12:00:00+08:00,0.0000000000,3944,47c4c26f82db10736c9afbfdca69e89207570dd0ccf92d306f7fe85e968c0e5a
2026-06-11,S01,K08,2026-06-01 12:00:00+08:00,0.0000000000,3945,d05aa60049cc7197b2c25e12e20e2f8d2e79f22f954b5fd7d023cea408384989
2026-06-11,S02,K01,2026-06-01 12:00:00+08:00,0.0000000000,3946,8299b07c7bc7db1258a20051e337face7079269b4af54f8f2ffcd169186ad022
2026-06-11,S02,K02,2026-06-01 12:00:00+08:00,0.0000000000,3947,56cf14babf89f35ec6ae53665eb1aeea4e3bcc73b226fda7ae6053d3843d82a3
2026-06-11,S02,K03,2026-06-01 12:00:00+08:00,0.1200000000,3948,bff08ead283b36d33ebc64d8c09ae30ecdef810bcb522b80f99144a9bfaa3b19
2026-06-11,S02,K04,2026-06-01 12:00:00+08:00,0.0000000000,3949,9e0a9489692f245595d02b61204185f863996000c9a1efa46b9c1c7d89957ee9
2026-06-11,S02,K05,2026-06-01 12:00:00+08:00,0.0000000000,3950,fe6abd37cad70721c4c71efbb8c15257d9a2e53e31423b07ec723dc280b9191e
2026-06-11,S02,K06,2026-06-01 12:00:00+08:00,0.0000000000,3951,b0cc604cb95a5ca8dd823c7cbb74f3533ddd571da20c16bde927fd328cbf8890
2026-06-11,S02,K07,2026-06-01 12:00:00+08:00,0.0000000000,3952,108b48fa741d03f6b1ac353a68b94da936ab54caa4c73299b4e12cab3b82b9cf
2026-06-11,S02,K08,2026-06-01 12:00:00+08:00,0.0000000000,3953,8c304c16782b18dd423b0c3454a1e656814f2cdd1880e1602ea3f129f61d5e93
2026-06-11,S03,K01,2026-06-01 12:00:00+08:00,0.0000000000,3954,49b07870f7f4012a4ac325f84a8c74e4d9549e681f5f71f976508f5b3f17b1fb
2026-06-11,S03,K02,2026-06-01 12:00:00+08:00,0.0000000000,3955,e6da2f4436f3df10beeee5b2a952ada40bda0227ae8bd6d98655f07996c2e4b3
2026-06-11,S03,K03,2026-06-01 12:00:00+08:00,0.1200000000,3956,74ba96c274e6efe5a81ca54ceed7cc610fcb4f7cb041d98534fe4d757c9d3167
2026-06-11,S03,K04,2026-06-01 12:00:00+08:00,0.0000000000,3957,12454313ebb978dee76cbe7682d1c2161851a6932b359eb921362d4e124fbf88
2026-06-11,S03,K05,2026-06-01 12:00:00+08:00,0.0000000000,3958,e132647feb297c5c5a239ff9db41faa01697bb07f35692a72f6fcd8ecda80a48
2026-06-11,S03,K06,2026-06-01 12:00:00+08:00,0.0000000000,3959,1a3af93212c7d50a4a2662d03c76987a021f1eb45a7aa760ec5e291652a701ef
2026-06-11,S03,K07,2026-06-01 12:00:00+08:00,0.0000000000,3960,36b88b4cb63756d1a39e68af30ad929a94851b4ed7b5e771f73176527dad649d
2026-06-11,S03,K08,2026-06-01 12:00:00+08:00,0.1200000000,3961,5b5cb6fdbd3bbad8008a52d6e4c75703a5a8d9818bad8428515d304290ae92df
2026-06-11,S04,K01,2026-06-01 12:00:00+08:00,0.0000000000,3962,e15c9216dd06dec9eb9e900979a3480fa22b004b5946bfedc6888a4b9832e11b
2026-06-11,S04,K02,2026-06-01 12:00:00+08:00,0.1200000000,3963,9997efbd32f0144eafe6596a445d8225554793ae3b915ded8030173d8ea7de34
2026-06-11,S04,K03,2026-06-01 12:00:00+08:00,0.0000000000,3964,32ba048d6203f50f085b166a6a4c8ff2edda6d8bad918f1a80398ab3a16f3972
2026-06-11,S04,K04,2026-06-01 12:00:00+08:00,0.0000000000,3965,0640c58f131a4ba431a325ba8ab485882fd05c8b292e6cb5018f819069be4ed4
2026-06-11,S04,K05,2026-06-01 12:00:00+08:00,0.0000000000,3966,7bd52426157702fe65b8dd719b0e75d834ce01319ea5208dfe020a9049f82b28
2026-06-11,S04,K06,2026-06-01 12:00:00+08:00,0.0000000000,3967,e7504eb152ca5bf56f1b629f53a8502005877108d3b5354acc2ae12cde7b9490
2026-06-11,S04,K07,2026-06-01 12:00:00+08:00,0.0000000000,3968,13b72cca0e01ed1798e53fcee543cbb094ceefbe54ad48f7bea0d9881601e8c7
2026-06-11,S04,K08,2026-06-01 12:00:00+08:00,0.1200000000,3969,dac9c52c2b1216d300f379cf6429f75ec06d541a8d00498128fac472b55749fe
2026-06-11,S05,K01,2026-06-01 12:00:00+08:00,0.0000000000,3970,53acc85c2969932dce642cd6507207dbe15c5755b515a193b3b254ed59fcc12f
2026-06-11,S05,K02,2026-06-01 12:00:00+08:00,0.1200000000,3971,17421f680e0f61b11b6439bbd8dc160063bce670d0557f64b8833b7d0fd8c38e
2026-06-11,S05,K03,2026-06-01 12:00:00+08:00,0.0000000000,3972,f91eaab1775b941c69b4117a04fdd6d8fe2d7cd13bbd8763e48e063a3f4e87e7
2026-06-11,S05,K04,2026-06-01 12:00:00+08:00,0.0000000000,3973,1f1b5406ea8582cb17358b87f5683f00d3b79da03ae982d3be5769ae441066db
2026-06-11,S05,K05,2026-06-01 12:00:00+08:00,0.0000000000,3974,6e4863353c9b9e5fa2d97bde04341ff4578850046dd49c74439edc02b2f2a814
2026-06-11,S05,K06,2026-06-01 12:00:00+08:00,0.0000000000,3975,0a12428f362e8cce7703952171ffe3094c0effe0ae4a8358b581bfadf18ce37f
2026-06-11,S05,K07,2026-06-01 12:00:00+08:00,0.0000000000,3976,0cf4fd1cf50e2232854381ab858c8b574560c0ce586b82b8d5132657822506c3
2026-06-11,S05,K08,2026-06-01 12:00:00+08:00,0.1200000000,3977,e2b6a7c1234004a592a567d2a8ae7f16793454097d5e895550cc5718986069d0
2026-06-11,S06,K01,2026-06-01 12:00:00+08:00,0.1200000000,3978,89c5e00c0912a44603a29021e74e07d2972cf1da8d2714f4d715492f8b111fc6
2026-06-11,S06,K02,2026-06-01 12:00:00+08:00,0.0000000000,3979,a80c9edff96102c9b50f86a286860955a5cb257a1994d0d57bb856b2162a820c
2026-06-11,S06,K03,2026-06-01 12:00:00+08:00,0.0000000000,3980,679c4424a5dfccc3674eceba1a485c87f356338c1d1d85c19878c801a35ec1d6
2026-06-11,S06,K04,2026-06-01 12:00:00+08:00,0.0000000000,3981,e0690d13f9598928efecd852dab30ff606d8bbab98a4b1673c3babfceb13173a
2026-06-11,S06,K05,2026-06-01 12:00:00+08:00,0.0000000000,3982,fbeed0532e6764c27e904a7775071f5d2b9c8ce17063f851a6b57df3b0b6364a
2026-06-11,S06,K06,2026-06-01 12:00:00+08:00,0.0000000000,3983,340766a60b7aac7683c00ec383b82064c9ca2bd18406f3e23b6b0e6e10645d67
2026-06-11,S06,K07,2026-06-01 12:00:00+08:00,0.1200000000,3984,dcc0763c1e8508295ca76a52837f8dea49683a23490fb76566b22b1024c4bafc
2026-06-11,S06,K08,2026-06-01 12:00:00+08:00,0.0000000000,3985,7afe99ba20d03160274967ace931dbd8a0bb48de4de2f51dea5379209818bcb9
2026-06-11,S07,K01,2026-06-01 12:00:00+08:00,0.1200000000,3986,8c484c5210791b2329da921dd106d81d8797ffc9471a389bfee89306e7b411b3
2026-06-11,S07,K02,2026-06-01 12:00:00+08:00,0.0000000000,3987,d955e02ead7b54d0e9a379e2e3d98d68a36a1f22004242ac65e950cd33e667c6
2026-06-11,S07,K03,2026-06-01 12:00:00+08:00,0.0000000000,3988,744860016e60ae5bb0e515f18469f3e71bdb65eefd8becf2b476fd7df2c0e875
2026-06-11,S07,K04,2026-06-01 12:00:00+08:00,0.0000000000,3989,3782fc51ac574638f3961063867b0b0dad7c54732ce6789b0ac796279b6163bd
2026-06-11,S07,K05,2026-06-01 12:00:00+08:00,0.0000000000,3990,3fffff9d0c15d6f7fdf3661f796b099623bfb26ed51e0b4f6c7fcadea6ec6f17
2026-06-11,S07,K06,2026-06-01 12:00:00+08:00,0.0000000000,3991,adcfca0747d6d9e6b62f24d06f7ad166eade12dbef3d66340fbc57cdb29f715e
2026-06-11,S07,K07,2026-06-01 12:00:00+08:00,0.1200000000,3992,19dd8920f2c10d61a5c26b5003580313f92eea68f63f42158ec749082f90ec4d
2026-06-11,S07,K08,2026-06-01 12:00:00+08:00,0.0000000000,3993,84c6cfc12806f7c12e59cb0d56bd4accf855b87439048b49c21c09258872f0c5
2026-06-11,S08,K01,2026-06-01 12:00:00+08:00,0.1200000000,3994,f42ae2b4fae5b2060e502f2923188131c1b06c435d661ce7ad75c11d20472062
2026-06-11,S08,K02,2026-06-01 12:00:00+08:00,0.0000000000,3995,7f5dea5d75759e96ad61895989331df07a259c58aadc7e7d5f3a798623c07213
2026-06-11,S08,K03,2026-06-01 12:00:00+08:00,0.0000000000,3996,09e297a45cd472548b72a8bc1ee40bffcc80f9ee891b6e63195b48cf29972231
2026-06-11,S08,K04,2026-06-01 12:00:00+08:00,0.0000000000,3997,26ffd9bcef2a66619d76096e4244dd4295fe0257fcaa753f9b7a97e450bfcec0
2026-06-11,S08,K05,2026-06-01 12:00:00+08:00,0.0000000000,3998,991d7a4e1540dd0f9d5085ce8f0ec0badff77431495850ef76870b2504ae0bd6
2026-06-11,S08,K06,2026-06-01 12:00:00+08:00,0.1200000000,3999,0772c807ecfd88cf59c7b0feae1978b0b1cd9ad904a33a58ed89c8f5dce07b36
2026-06-11,S08,K07,2026-06-01 12:00:00+08:00,0.0000000000,4000,76854ddd99b5a9abaf4c42070cb73529da999b9e33f750ec3002214c807e8f2e
2026-06-11,S08,K08,2026-06-01 12:00:00+08:00,0.0000000000,4001,b03a7e2ae3bbb1571f7ea1b1f3a5e22be9570ecb93575c7fff7289c2d7f55f30
2026-06-11,S09,K01,2026-06-01 12:00:00+08:00,0.0000000000,4002,01ab0f25d209360dc29902eaa1e868a18549a39bdc176d3d9e322c3565c0fb2e
2026-06-11,S09,K02,2026-06-01 12:00:00+08:00,0.0000000000,4003,a4eed8b1f0119cd13eba6c5a8345551734bd7d2ea54fd47dc585ee2330237ff6
2026-06-11,S09,K03,2026-06-01 12:00:00+08:00,0.0000000000,4004,53b3b31515a838418e087ad694d2a1481663b4c0fbef27f1f5849eb696a9efff
2026-06-11,S09,K04,2026-06-01 12:00:00+08:00,0.0000000000,4005,d9032bb196a33bb453f08e3967c5cb168a8d419cd4430c2a03daca9f6838f6df
2026-06-11,S09,K05,2026-06-01 12:00:00+08:00,0.0000000000,4006,77ebf9419caa4c47d38d56f85e632e3d331c63c67ceb8b63f04a646bdc9fc1ac
2026-06-11,S09,K06,2026-06-01 12:00:00+08:00,0.1200000000,4007,b4499cd4a853f85889f9897eb501b5312c7b2a169307f21adebd7e6d48ffd329
2026-06-11,S09,K07,2026-06-01 12:00:00+08:00,0.0000000000,4008,a2f752769625fad5bd3463a2d693f003649e0284ae326e026dd03d697a55b2ec
2026-06-11,S09,K08,2026-06-01 12:00:00+08:00,0.0000000000,4009,9265d2bd140517142ea3c95d0057bfba6613429f243f9c910a5dcc86d26b2f3c
2026-06-11,S10,K01,2026-06-01 12:00:00+08:00,0.0000000000,4010,2a027e96c513b99e2a8e5fba31ad3d570a293c3d634fb5e32e74dd42108c3d7c
2026-06-11,S10,K02,2026-06-01 12:00:00+08:00,0.0000000000,4011,f9dbdb70f68c7cdea2bbcc7dc7858d233a9fc3ed8bbdfec187d89603e1d97deb
2026-06-11,S10,K03,2026-06-01 12:00:00+08:00,0.0000000000,4012,871795b8127f4bbb15a9adb52566d9dc04108d7317e0b2773a366ec0898906c3
2026-06-11,S10,K04,2026-06-01 12:00:00+08:00,0.0000000000,4013,9c272b5604d696e83f0ea7b2328133fe50a436e3e9452bc48e06b51f2d58b4ad
2026-06-11,S10,K05,2026-06-01 12:00:00+08:00,0.0000000000,4014,85eb4d095d136649286d878a519bf362b6c29b7e891541e0f5ed350b0d3d4624
2026-06-11,S10,K06,2026-06-01 12:00:00+08:00,0.1200000000,4015,3e78b166cc7e31a61a83a3f2d989fecf06016807297f7394ab1eefd98b4471a4
2026-06-11,S10,K07,2026-06-01 12:00:00+08:00,0.0000000000,4016,c72d1cba0ecb42bb3f98224dba0cb764e5fabb297abf3008f07cc7a0af9543a8
2026-06-11,S10,K08,2026-06-01 12:00:00+08:00,0.0000000000,4017,9f3b7571c871e859ee1b15565a53d3f9d1d7cd3702c3bbd96051c807cc90a3dd
2026-06-11,S11,K01,2026-06-01 12:00:00+08:00,0.0000000000,4018,1265af854443610165b889dddd740a3c7ac60a2376fdba3a2fefed7a06225ca3
2026-06-11,S11,K02,2026-06-01 12:00:00+08:00,0.0000000000,4019,dc7e47136e6682fe3ac79027e3315343be6a266f5a9eae19c7ff9df23b9aa761
2026-06-11,S11,K03,2026-06-01 12:00:00+08:00,0.0000000000,4020,cacd0f04be89b5def6363afd63fa03490258edff4fcb1776126808a80cbe73b2
2026-06-11,S11,K04,2026-06-01 12:00:00+08:00,0.0000000000,4021,57aa06ff9a7bc5650d3baf3fda9b34b779583165902d4edbf4c98afe240e35f1
2026-06-11,S11,K05,2026-06-01 12:00:00+08:00,0.1200000000,4022,0c7d8c3a40af8b7b2877333c2223897461ceb0baca92607e1543a0c71ea454fe
2026-06-11,S11,K06,2026-06-01 12:00:00+08:00,0.0000000000,4023,8b3c805eeb1158465d69af743f8db34174d3357913a37da34d8d5fa3331fb606
2026-06-11,S11,K07,2026-06-01 12:00:00+08:00,0.0000000000,4024,26d1ce933fc7a7505d5f6ad5d0d48fb681401559576949691e1cbe6a2d678d3d
2026-06-11,S11,K08,2026-06-01 12:00:00+08:00,0.0000000000,4025,1ba02e849545071368241cf42a0b8b0ce452b5615d50ecadf2c9d29490a70dc1
2026-06-11,S12,K01,2026-06-01 12:00:00+08:00,0.0000000000,4026,9ded9143764d879b2e0f95c1458313ec53b990abd1cf34e07ab759327ee944af
2026-06-11,S12,K02,2026-06-01 12:00:00+08:00,0.0000000000,4027,3f5d85824527a3e30e5abca48a595edf16f754de8d0f880c73ccfb6359c82687
2026-06-11,S12,K03,2026-06-01 12:00:00+08:00,0.0000000000,4028,f3f2874116fbf4de33b4ad7f866482c84993570d7edb3c88b6f89c559a431aad
2026-06-11,S12,K04,2026-06-01 12:00:00+08:00,0.0000000000,4029,b3fdd4ca15a7a38a092517b50f421bc1534e43a5f4feb400e0ab90241ee156a4
2026-06-11,S12,K05,2026-06-01 12:00:00+08:00,0.1200000000,4030,b60acfd632b2f8aef8721dc3018d61358d384e17d6b479eded0e7723852da4ac
2026-06-11,S12,K06,2026-06-01 12:00:00+08:00,0.0000000000,4031,69e4cf2a98084df0a17a05d80626e6407bd49a05d917e6665c4b2fefbdd8dacc
2026-06-11,S12,K07,2026-06-01 12:00:00+08:00,0.0000000000,4032,dbc2a5f7d7f8a077846115d200ca02a9aa9d8f5038ef89a93fbbed5f735e5001
2026-06-11,S12,K08,2026-06-01 12:00:00+08:00,0.0000000000,4033,e76e8e81875cfba9f5b1dd67edbbff4c25ccdd57486de22935f9d21798837ff2
2026-06-12,S01,K01,2026-06-02 12:00:00+08:00,0.0000000000,4034,69108834ad3681d02b4e3267a666a4426b5173a091b3ba3396f657287de8c9b2
2026-06-12,S01,K02,2026-06-02 12:00:00+08:00,0.0000000000,4035,d5ea98dbbe21908ec2a5aeb382ea78620725f29477358477bc1668b68d7f2024
2026-06-12,S01,K03,2026-06-02 12:00:00+08:00,0.1200000000,4036,ab53f5acbc58d3d99c4c031784d2a0098607d7c31f27bd0291d79c7e2a1d1e93
2026-06-12,S01,K04,2026-06-02 12:00:00+08:00,0.0000000000,4037,7fdb3b0cc22a5d349bfc1bb3774e256518b37a1c7980547a738fbcfff266dabc
2026-06-12,S01,K05,2026-06-02 12:00:00+08:00,0.0000000000,4038,3e1ca65cd910b7815f9d5c0dd9084e401c9d3253bad4f86fdd150d28112ad6db
2026-06-12,S01,K06,2026-06-02 12:00:00+08:00,0.0000000000,4039,90f6d70a7ef863afe8c93b47f4efd57ba59c31836b243957d9b5c4c506611910
2026-06-12,S01,K07,2026-06-02 12:00:00+08:00,0.0000000000,4040,fe90da886b3ef33b51fd8ff6abb081b6c268cbb4ffaa571b1a55bbdcfb2bf72b
2026-06-12,S01,K08,2026-06-02 12:00:00+08:00,0.0000000000,4041,eaee48dc914891a4eea10f7e876005c002d22360c88a7da47676b007c3764cd0
2026-06-12,S02,K01,2026-06-02 12:00:00+08:00,0.0000000000,4042,46f9493d5ad63183dc303c0efc4c2c532fc54cf05598d339a1235c7147a1736a
2026-06-12,S02,K02,2026-06-02 12:00:00+08:00,0.0000000000,4043,cab0d875bbcb22c454a3eceb244d1cea7a507bc0eef96b92300cad6178e54dc6
2026-06-12,S02,K03,2026-06-02 12:00:00+08:00,0.1200000000,4044,3b3d6bcea89e6091938aa2847e92e7b5f38ae0e037f2ae6b1a861237b60ca794
2026-06-12,S02,K04,2026-06-02 12:00:00+08:00,0.0000000000,4045,bd7ea8dc8d073333a43f2fbe53da526a8d546eb331bcd3ee0186006b496d79c7
2026-06-12,S02,K05,2026-06-02 12:00:00+08:00,0.0000000000,4046,1e7749f2123aac2b4d0387e5f507cb82fcbcff3440d15c19e2b1355930c7698d
2026-06-12,S02,K06,2026-06-02 12:00:00+08:00,0.0000000000,4047,d6b2e8cfad1cc8ba34b57f3b1cce6d775ad8e440591b51e213c4e73ff6af52d2
2026-06-12,S02,K07,2026-06-02 12:00:00+08:00,0.0000000000,4048,52adf100ecca412d7e00a491eeeb60440b3e7316679302e3c30052e3e646c242
2026-06-12,S02,K08,2026-06-02 12:00:00+08:00,0.0000000000,4049,49311d945b49a21d223b48f8493dcbb4e535791c07c6cb5ce80dd532c23999ae
2026-06-12,S03,K01,2026-06-02 12:00:00+08:00,0.0000000000,4050,8a297eea3c90d33fcd2a52edc7511e658a8548b64865893f91431e29e3a9eee8
2026-06-12,S03,K02,2026-06-02 12:00:00+08:00,0.1200000000,4051,668b6fe39451d141f052ec13020a05d337dcc0a8fd29f64a2e5477b3fc244ca3
2026-06-12,S03,K03,2026-06-02 12:00:00+08:00,0.0000000000,4052,7a95ab2064159956b3e287c3d274d65a8eb2d54f45d9a65bb7fb3c2a9b34af42
2026-06-12,S03,K04,2026-06-02 12:00:00+08:00,0.0000000000,4053,4fa21dd7a7ad18c8175029f92711033ec323aa3ccd8d8fb6570bb54e8e00c90b
2026-06-12,S03,K05,2026-06-02 12:00:00+08:00,0.0000000000,4054,3b123a94e60f2b2d51e7877baa43942e1ce53df912ec13a8552a19fe1dbd9fc4
2026-06-12,S03,K06,2026-06-02 12:00:00+08:00,0.0000000000,4055,1605f3b0691ce22781c9d52166c1910a50e54ffd60ae35da29b614f80bb14f02
2026-06-12,S03,K07,2026-06-02 12:00:00+08:00,0.0000000000,4056,e204b55db8dd6ebcb384802da121cfb928e77e7895ae3457b0de5f1af7ad42c1
2026-06-12,S03,K08,2026-06-02 12:00:00+08:00,0.1200000000,4057,2608f96d61e56e8bd68d357f9bc99429da408ce067ec0d69920264e62d2e1ee5
2026-06-12,S04,K01,2026-06-02 12:00:00+08:00,0.0000000000,4058,b85dafe1db461b88f5d64e30095e2e32b1da9e9ddac87a20e2f7d306c4eed8e7
2026-06-12,S04,K02,2026-06-02 12:00:00+08:00,0.1200000000,4059,e7e4a4eacac04334bbb6781324321b4edd107e70b9213f4ef202d0e1b27d2568
2026-06-12,S04,K03,2026-06-02 12:00:00+08:00,0.0000000000,4060,5d2cf4741c2b1ea1cd3c65044b2845ff4de242eb983be2f736376e7a941be337
2026-06-12,S04,K04,2026-06-02 12:00:00+08:00,0.0000000000,4061,10b17762ff563a9828eb14af266b8e9f80c761e937cde8ed19906bd6182f22a8
2026-06-12,S04,K05,2026-06-02 12:00:00+08:00,0.0000000000,4062,22434803a606e74c8b375d26ff1466487faf525c2ff1cd4cf7378e728f16c672
2026-06-12,S04,K06,2026-06-02 12:00:00+08:00,0.0000000000,4063,15ee7f7002635b8e4d1e863d2295541770efc0b0f8ce66c6636acc15487ca7e5
2026-06-12,S04,K07,2026-06-02 12:00:00+08:00,0.0000000000,4064,11a7eb565394d7273a63dbd0e4d1b975fed42f0379a16eab047ea612c06c57ca
2026-06-12,S04,K08,2026-06-02 12:00:00+08:00,0.1200000000,4065,3558d5eed0050aea0f45dc36ede10b72088600981a7f209559bc1361c8e79588
2026-06-12,S05,K01,2026-06-02 12:00:00+08:00,0.0000000000,4066,1c5d11590c2b5bec8901c1cc867536e476b4b2e5892d81df60a84b277a7b08cb
2026-06-12,S05,K02,2026-06-02 12:00:00+08:00,0.1200000000,4067,60c749ade2811d5dca6dbd2e5ec015023b352abed5d4fd4b9bb51954779f4d01
2026-06-12,S05,K03,2026-06-02 12:00:00+08:00,0.0000000000,4068,9737246b451d7975adbba50291e9e5731b69a3593c0f1dba8fce33e106a93b1a
2026-06-12,S05,K04,2026-06-02 12:00:00+08:00,0.0000000000,4069,8ac6ede6dfca26a59eb2f1d7dff1d2b0935d451422c0cab4a59a06785c8b56fb
2026-06-12,S05,K05,2026-06-02 12:00:00+08:00,0.0000000000,4070,8eb2161fbfc84b61d9fefa0894f9f50df2fe4270702999ec95123a426e17bc1c
2026-06-12,S05,K06,2026-06-02 12:00:00+08:00,0.0000000000,4071,c7264c0becde5f2dd6082eca667599d840f8bf4c4975f45759df2608146a1628
2026-06-12,S05,K07,2026-06-02 12:00:00+08:00,0.1200000000,4072,ff5374dfde830f2e46cd717dd39575b015c0e6d2f8fa5b989fc5d40bc0644d2a
2026-06-12,S05,K08,2026-06-02 12:00:00+08:00,0.0000000000,4073,4e0ef1cbb9a621d066b2f03c4abc1ad709ef7c89dcc6c3674908d0c362535839
2026-06-12,S06,K01,2026-06-02 12:00:00+08:00,0.1200000000,4074,d84f2321d961ecf7b500d3ad990a3a52b235356cb29b9f29d47e33b95cd84c1f
2026-06-12,S06,K02,2026-06-02 12:00:00+08:00,0.0000000000,4075,1d8beb68ce394ea55c7b55e05408fdf84f8138f7a40a39b91e307e96e94df2bb
2026-06-12,S06,K03,2026-06-02 12:00:00+08:00,0.0000000000,4076,1a13e53800af34743efbcda6a816447010519395ec1a270d4de8600ab8ac8845
2026-06-12,S06,K04,2026-06-02 12:00:00+08:00,0.0000000000,4077,439f7671c0864c2ede7d451629cd46fba29f94c19fe167c099f74c7655e09290
2026-06-12,S06,K05,2026-06-02 12:00:00+08:00,0.0000000000,4078,e57531ced24c207233f3940c10565076882c9408d93485910000cd6957f9ac00
2026-06-12,S06,K06,2026-06-02 12:00:00+08:00,0.0000000000,4079,be06205cce670cc0c5cf4f69be885a1a8cb82756191a286c346900782d870009
2026-06-12,S06,K07,2026-06-02 12:00:00+08:00,0.1200000000,4080,c7a7e207baea6e8464813488f904834ace8237f420b71aad2d38a8484dd2f299
2026-06-12,S06,K08,2026-06-02 12:00:00+08:00,0.0000000000,4081,be3f1806889412dfdfe3270eacb574a3054a70088c4ded892138851a8f3dc356
2026-06-12,S07,K01,2026-06-02 12:00:00+08:00,0.1200000000,4082,e7db40ea76dd819f1b4c7b2b6a6cc5b65e0372183dfecfab1995f2656149efd4
2026-06-12,S07,K02,2026-06-02 12:00:00+08:00,0.0000000000,4083,724c6770b1328b4b6624898e1300d5830caed1d850b9050474c7830061656c8a
2026-06-12,S07,K03,2026-06-02 12:00:00+08:00,0.0000000000,4084,994a93952fa421b75df90f19671815aff2357ec462fe586c3f74b006c287a73f
2026-06-12,S07,K04,2026-06-02 12:00:00+08:00,0.0000000000,4085,aca77a91663c49358298a3275f9baa17487bc30d662c2c78c581aff3abf8dd58
2026-06-12,S07,K05,2026-06-02 12:00:00+08:00,0.0000000000,4086,f77e6dcba8b1132e35a630c1d5251e13e3646831e4e0dfd6cad1ca0415097453
2026-06-12,S07,K06,2026-06-02 12:00:00+08:00,0.0000000000,4087,872011b0c9d75019a23613610c9d251ae420551eb940f24df7f600477b7e5d76
2026-06-12,S07,K07,2026-06-02 12:00:00+08:00,0.1200000000,4088,6026c97a4bf8f77be05c1b96d0c39562affcf43b70921769ecb4f6640c57ff75
2026-06-12,S07,K08,2026-06-02 12:00:00+08:00,0.0000000000,4089,aeac6ce8e412819bd6e7d409dccfab9bed13da34115266a11cd756fddf4f3a67
2026-06-12,S08,K01,2026-06-02 12:00:00+08:00,0.0000000000,4090,864a38798c1b10faf5367772e404c660992f8a9ff5b99bdd653e154ddea92c6e
2026-06-12,S08,K02,2026-06-02 12:00:00+08:00,0.0000000000,4091,519b15108cfd9a459e4e5dd727806ea0496ed4ddc9e3fe5785eb65fd4a1ee15c
2026-06-12,S08,K03,2026-06-02 12:00:00+08:00,0.0000000000,4092,bf28916b41499e9f18f2bb98f8c1086343cd905a1414910a78d55373183356c1
2026-06-12,S08,K04,2026-06-02 12:00:00+08:00,0.0000000000,4093,5cecda5d55bc6ee2742c40851c0bfb04f66e5dee445920ce1b97e7cd49d374f9
2026-06-12,S08,K05,2026-06-02 12:00:00+08:00,0.0000000000,4094,70d7d48a1e2f31bef1d16548a155dbe3c372dac050bc881375b479c09764fcc2
2026-06-12,S08,K06,2026-06-02 12:00:00+08:00,0.1200000000,4095,8f29596263d64a1293626bcf04fb187e5bdcdf0435ba9c24052e2401a4291b3e
2026-06-12,S08,K07,2026-06-02 12:00:00+08:00,0.0000000000,4096,ba6e0e1af4681b046a289f7a4c926e486b0266da81f56ca6b43e9534b62a31d7
2026-06-12,S08,K08,2026-06-02 12:00:00+08:00,0.0000000000,4097,2b7ba3ae7ff7bbecc546e83e110bb7b8ed049a278fb1aac49445e3d5023ff562
2026-06-12,S09,K01,2026-06-02 12:00:00+08:00,0.0000000000,4098,8b754a98266a8e101408866dc237d88ded172358cdaad5c59e44d4eee967acec
2026-06-12,S09,K02,2026-06-02 12:00:00+08:00,0.0000000000,4099,badd11037e8677c4ae3ef283dcbdca6241fb551402de50291b9dfdec8091150a
2026-06-12,S09,K03,2026-06-02 12:00:00+08:00,0.0000000000,4100,cdd8342d30bd872699f8cd22bbf901a7167972de74e5eecc8bbb7ceedeada6ca
2026-06-12,S09,K04,2026-06-02 12:00:00+08:00,0.0000000000,4101,4abe6efccd325d02b50e6e8236ce9efd765da6bf0868f5af6c3fae3d824ab1be
2026-06-12,S09,K05,2026-06-02 12:00:00+08:00,0.0000000000,4102,a31f7c20e7213a960b8fefda422ccd566a3a44657cc30c0437fc9eadf496117c
2026-06-12,S09,K06,2026-06-02 12:00:00+08:00,0.1200000000,4103,9d8105ad255328be79ef04cf16f08699edaab331c5e802437ef5aa3816a505d5
2026-06-12,S09,K07,2026-06-02 12:00:00+08:00,0.0000000000,4104,bb93c7f97e325dc100af80e8f15e961b2d8eb242731a04b4ed6cf298804bdcca
2026-06-12,S09,K08,2026-06-02 12:00:00+08:00,0.0000000000,4105,91a4bc22be57fc81e7b9f34ffaf4eff34ee4bec61fdac0e85c3c34b53c617749
2026-06-12,S10,K01,2026-06-02 12:00:00+08:00,0.0000000000,4106,98ac90de7b0baa108f86c32de55c772975fa2a6cdeec7a13c8b270ddfa28b520
2026-06-12,S10,K02,2026-06-02 12:00:00+08:00,0.0000000000,4107,27e5b5e36a27b5f73c6e41279c0312e97fb34e47cf70d1701ceb410d1ae44570
2026-06-12,S10,K03,2026-06-02 12:00:00+08:00,0.0000000000,4108,84afde5b1a20e490057b00dce58955f437b282b2b1b2eda2a7c982d12066aa37
2026-06-12,S10,K04,2026-06-02 12:00:00+08:00,0.0000000000,4109,e781ebcc66fe3271c3b8db734fec876d605edb11ebf6062f3eec7e7f17b4c8c2
2026-06-12,S10,K05,2026-06-02 12:00:00+08:00,0.1200000000,4110,f117b895dbdbaa8d42dbb55f103a65d2727c5ab97ff9214e339307bf305b7256
2026-06-12,S10,K06,2026-06-02 12:00:00+08:00,0.0000000000,4111,6bd26b9fa0ccf79aadca2c00cddf33f75f77f2d29e59c9dc3233efecb6a5c595
2026-06-12,S10,K07,2026-06-02 12:00:00+08:00,0.0000000000,4112,5d500abc1f7070a8af5212466cc54a0a4cf34da6392d17d0cda9b96e01eff642
2026-06-12,S10,K08,2026-06-02 12:00:00+08:00,0.0000000000,4113,de7835643ecd4b0e569291514d9a5b973b8b2c22779ec91c084fc73a7f895132
2026-06-12,S11,K01,2026-06-02 12:00:00+08:00,0.0000000000,4114,7d06db40b5f098b07d84938584f0072e3d227e48f404abf266d96850fcf1278a
2026-06-12,S11,K02,2026-06-02 12:00:00+08:00,0.0000000000,4115,566a9826b4ebf1ab3eb29c40c76d2791ef272ed7fa87382f40ebeff6c8e85ef7
2026-06-12,S11,K03,2026-06-02 12:00:00+08:00,0.0000000000,4116,10352a6bb1310bafbe8af074be807354e58dbb7a078394aec992e6968903becc
2026-06-12,S11,K04,2026-06-02 12:00:00+08:00,0.0000000000,4117,500c59a8d7ef104b790a0cbdfc964a7c43489d3638e50eb390b34148012393e7
2026-06-12,S11,K05,2026-06-02 12:00:00+08:00,0.1200000000,4118,86becccd5f48ae9e73e225a92546ba6aed5c8324d6781cb2c94391fdda3f32d9
2026-06-12,S11,K06,2026-06-02 12:00:00+08:00,0.0000000000,4119,163b911f40f223f85ddc68e773b7d5d594ac5466fbc441c333e81db822c05ceb
2026-06-12,S11,K07,2026-06-02 12:00:00+08:00,0.0000000000,4120,2b198f42599a835da450d4b9abcee70362488b8b470ca95b9dfac1ed9f0e22b4
2026-06-12,S11,K08,2026-06-02 12:00:00+08:00,0.0000000000,4121,f2aab224ef26909b0fc2ae9f948f6f6032104542f89b9ba49e27c16f30595d2b
2026-06-12,S12,K01,2026-06-02 12:00:00+08:00,0.0000000000,4122,1c8982db1adb86f534a180cc91f3e64b6e9580346c1455ba78430fc1ddcedab5
2026-06-12,S12,K02,2026-06-02 12:00:00+08:00,0.0000000000,4123,898d3cb974cec9436493d6ab1e0403de66acb9656cebc8558024d74bc1494604
2026-06-12,S12,K03,2026-06-02 12:00:00+08:00,0.0000000000,4124,d8a771d5ceba177b6a870cbe4f5a952c53da8a481e1adac997fdcdb29adc48b5
2026-06-12,S12,K04,2026-06-02 12:00:00+08:00,0.0000000000,4125,c56e37c13244bcbe825410e80771dab6435bd6faf82a9fb65bb414b2564e014d
2026-06-12,S12,K05,2026-06-02 12:00:00+08:00,0.1200000000,4126,cfcacc4e0f1eb08815aab05224bf847326f8cc691d1c5f759fe843138dac6e56
2026-06-12,S12,K06,2026-06-02 12:00:00+08:00,0.0000000000,4127,2e9a91c7b302d5caa5b7657ee9183d67c0bc3e4865747f81f008058ccfc838bd
2026-06-12,S12,K07,2026-06-02 12:00:00+08:00,0.0000000000,4128,2aacc73f8a878a954cef32b71ec93997c2cd3711e75cd9e156d845f438783fda
2026-06-12,S12,K08,2026-06-02 12:00:00+08:00,0.0000000000,4129,34db0ceb9e53bee8dd6f52696bdd694a74ec7a136eed8e6f1fbd8994b7233dcb
2026-06-13,S01,K01,2026-06-03 12:00:00+08:00,0.0000000000,4130,b89a17a43f15f70519ff98055ae45171705fc8ab65eefc2ac21999c86e8f4be6
2026-06-13,S01,K02,2026-06-03 12:00:00+08:00,0.0000000000,4131,ac3586631c49cbbd5ff33e2e7fb47968b8e828b68affc4ca9dca2934af06629a
2026-06-13,S01,K03,2026-06-03 12:00:00+08:00,0.1200000000,4132,936966bc7a71811b830f9ad0a57f612cda84e6a2d4aae69b5479c2984de9fe01
2026-06-13,S01,K04,2026-06-03 12:00:00+08:00,0.0000000000,4133,02cebae9907c8f8559aa4c738ff75dcaf79382eb64727683921ca3a351af7b92
2026-06-13,S01,K05,2026-06-03 12:00:00+08:00,0.0000000000,4134,2a10194a945a2aae590c2c1fd480047e898a54d91109bb52c6a64efbb0aa621d
2026-06-13,S01,K06,2026-06-03 12:00:00+08:00,0.0000000000,4135,cdd6a6aabf898ef638ee3bdd9ea7c95de82e1e3901bbd9c2a85dd2778c414332
2026-06-13,S01,K07,2026-06-03 12:00:00+08:00,0.0000000000,4136,9debd22aa325b56e75b20d320953260fa80569e562d2c665a242603faa227225
2026-06-13,S01,K08,2026-06-03 12:00:00+08:00,0.0000000000,4137,edbe5ac0c0d59851914b8e15d5e360557e6f56c9faeaa156a5ab7c6a01267668
2026-06-13,S02,K01,2026-06-03 12:00:00+08:00,0.0000000000,4138,5d054a0dd214748460528ef5d61a545e591275e467581f4c40dc8c9f373b859f
2026-06-13,S02,K02,2026-06-03 12:00:00+08:00,0.0000000000,4139,8b0fdc6889f8d8850f04fe3e48215a2f1e5d5cb50da4e71fa1ca7910e61b067c
2026-06-13,S02,K03,2026-06-03 12:00:00+08:00,0.1200000000,4140,7271d4ed64713d2c504dd966ffb48fe648e1d78f086240fbe9b5c767dfe7a7c6
2026-06-13,S02,K04,2026-06-03 12:00:00+08:00,0.0000000000,4141,bfc780d15e006b0a5eabad37539ebdd12984222a496d09ac5249088e988ce351
2026-06-13,S02,K05,2026-06-03 12:00:00+08:00,0.0000000000,4142,98e59dbe36a9c3fea3df547b34869b2595d630f2c2902a9ac01baa4ac75008cc
2026-06-13,S02,K06,2026-06-03 12:00:00+08:00,0.0000000000,4143,8c87dbb306d50d2ba37c0930bdfe9065057a155625745cea2750d7c0a055e3b2
2026-06-13,S02,K07,2026-06-03 12:00:00+08:00,0.0000000000,4144,31d203c03547a551e7a2da2923a4e8fef2e2512c5b865cb7124f5a5983f7020a
2026-06-13,S02,K08,2026-06-03 12:00:00+08:00,0.1200000000,4145,6b201a532778450b3091030c4070c7b3356cfff493b6ab76c8575478ea2d4915
2026-06-13,S03,K01,2026-06-03 12:00:00+08:00,0.0000000000,4146,8dddbb6432443e919c31f507ed06d405da1d392dffa211823f95b5d2817e7251
2026-06-13,S03,K02,2026-06-03 12:00:00+08:00,0.1200000000,4147,ff2546bdf9aff07bbc3157b1be2cded2a0da59ae53235036275ace823c343c1b
2026-06-13,S03,K03,2026-06-03 12:00:00+08:00,0.0000000000,4148,21df7292c3db2b07452fed89154d51319da4b723b2758a5a5fae09de3486a6cc
2026-06-13,S03,K04,2026-06-03 12:00:00+08:00,0.0000000000,4149,5197491315c57675b10f8dd83120e58fa5097759dd0b83df57f5af58e32e2ba5
2026-06-13,S03,K05,2026-06-03 12:00:00+08:00,0.0000000000,4150,e467c7ce2b1bd2bb9b64036c9faba155a8b9b804457e99bf4f418e3ff342fda1
2026-06-13,S03,K06,2026-06-03 12:00:00+08:00,0.0000000000,4151,f6877c8f66511c3cc3a3e272bf51c6bbb8c06defc1002801cbde9bc2673205dc
2026-06-13,S03,K07,2026-06-03 12:00:00+08:00,0.0000000000,4152,0623405165277a82ee3c768270caa02e25160e8b7795e9965114c721cdf5ad27
2026-06-13,S03,K08,2026-06-03 12:00:00+08:00,0.1200000000,4153,da42d01e636867b167ea5af56ac5d3f6766e949bad2179e6c8b9ce92e4ff9d72
2026-06-13,S04,K01,2026-06-03 12:00:00+08:00,0.0000000000,4154,76c1ec313ccd1a67856e9a91fe3280bba091c6aed6a3916a82fa421689cff101
2026-06-13,S04,K02,2026-06-03 12:00:00+08:00,0.1200000000,4155,de78ddc39bd353a67b75f5bd8a2bbf7eaf0b7b6f2f6fbf32573d78e2181470dc
2026-06-13,S04,K03,2026-06-03 12:00:00+08:00,0.0000000000,4156,0e2d991fc8be4b44022a81b9692485bd7487a85f85f34ce959dc068cb1b5f67c
2026-06-13,S04,K04,2026-06-03 12:00:00+08:00,0.0000000000,4157,39c35bc2d00a716ee916e424c0b93bf5cc7734f69be3ca68635586738cb6b083
2026-06-13,S04,K05,2026-06-03 12:00:00+08:00,0.0000000000,4158,b04f0868c63b5cded348d0bfd3e6629f78ba8f8f51ab5357d8169062044e90b3
2026-06-13,S04,K06,2026-06-03 12:00:00+08:00,0.0000000000,4159,8437eb4e9ac0c3fb3f4d3f9efefdd99735e73b73274f5495e09aef15c65e1848
2026-06-13,S04,K07,2026-06-03 12:00:00+08:00,0.0000000000,4160,ae4ab274684ebca5c2f72e2e498b1dc56e48d8ed2b024058735541e3596790be
2026-06-13,S04,K08,2026-06-03 12:00:00+08:00,0.1200000000,4161,05fe24b88412707d4804ac1f5f4e71684354a37d9f908da5858e27628330d0bc
2026-06-13,S05,K01,2026-06-03 12:00:00+08:00,0.1200000000,4162,fd8c7cf9a23509cb3cade5747e4a99b32a7df51bfd58bb73ff4dc36b32b81016
2026-06-13,S05,K02,2026-06-03 12:00:00+08:00,0.0000000000,4163,da71e73c3db5a0623a8becfded4a4c908408c1b13b2f234a589ccb8b33177022
2026-06-13,S05,K03,2026-06-03 12:00:00+08:00,0.0000000000,4164,25d3f7c77c0a4d03173ea25b90ec540e1022d8b60afe5707cf5592d99e742fd9
2026-06-13,S05,K04,2026-06-03 12:00:00+08:00,0.0000000000,4165,ad9b1adc750088f306b5d75c941231372d1307d8a2b8aeefabf7b5c7624b93aa
2026-06-13,S05,K05,2026-06-03 12:00:00+08:00,0.0000000000,4166,ec945bac3004f937d4e418c6032e442b1374acab7bfa8e00c9086c5c14eeea09
2026-06-13,S05,K06,2026-06-03 12:00:00+08:00,0.0000000000,4167,0ae82d1286d3cec0dab09cd62fe568fdc71be591dafdcd81562307bbf49a4692
2026-06-13,S05,K07,2026-06-03 12:00:00+08:00,0.1200000000,4168,808b40fa872d7a334073c79b039c1a24449fac6a731b99a3e6ec44cdeed16a0f
2026-06-13,S05,K08,2026-06-03 12:00:00+08:00,0.0000000000,4169,e7e01b133c5ac0559ea976754cbf97b4b2a8c3e7ecc44bfc157a419c666c8cb5
2026-06-13,S06,K01,2026-06-03 12:00:00+08:00,0.1200000000,4170,73c6fad3e3a679b59b2a102acfa3c08e07a083bd9409813f8259972cbf4efdf7
2026-06-13,S06,K02,2026-06-03 12:00:00+08:00,0.0000000000,4171,a0bfc24c06dc35bfef653a3eff08a2485c532ac67787b91407770fd23fc8137b
2026-06-13,S06,K03,2026-06-03 12:00:00+08:00,0.0000000000,4172,d6d1e839a9c88a6274828faa549fab63a54a4188341155e3c38be9e342064c5d
2026-06-13,S06,K04,2026-06-03 12:00:00+08:00,0.0000000000,4173,f729c872e2bd6b9b916acd0111b6c6185b0f0190c2257a347f0c0d8a88e66a0a
2026-06-13,S06,K05,2026-06-03 12:00:00+08:00,0.0000000000,4174,fab41360db312c50c6dabf2c0ad6814175de43cd35fab28e84ef30afb24bff92
2026-06-13,S06,K06,2026-06-03 12:00:00+08:00,0.0000000000,4175,3cf3b8716694d1c3746f0c79979a1c21318c2bc5592ec9b6ec90f15a5ca234c1
2026-06-13,S06,K07,2026-06-03 12:00:00+08:00,0.1200000000,4176,39d6c6c42ebfca3807c65cdf30eb062fead02dd86b69e002db7ced00f5fb6422
2026-06-13,S06,K08,2026-06-03 12:00:00+08:00,0.0000000000,4177,9fe300c4c8793d1f389f85048fa7a9e644a1af8e8c70c04c0446796e1776c3bc
2026-06-13,S07,K01,2026-06-03 12:00:00+08:00,0.1200000000,4178,eaa7c6cfc4b7eb1286298193940b51b5a284802f9d369628efe3af81056d62d5
2026-06-13,S07,K02,2026-06-03 12:00:00+08:00,0.0000000000,4179,81af5accff76fdc5e4a50373ec6e21eb429dbdc2e56788d4187efb7982435f79
2026-06-13,S07,K03,2026-06-03 12:00:00+08:00,0.0000000000,4180,82d71ffb041dd2f337c0e0427e4c9cc8ed58e44d31bebda4a2a3d48dfca3056b
2026-06-13,S07,K04,2026-06-03 12:00:00+08:00,0.0000000000,4181,eb6dff9d277ac496b87801d589d3c1609aa593fe1bdcaad9c7243ce7bfb2f82d
2026-06-13,S07,K05,2026-06-03 12:00:00+08:00,0.0000000000,4182,7d14eb7cbd907eaac878a4284ae4df5638b397507f3a15774b4c65d6e7d55c86
2026-06-13,S07,K06,2026-06-03 12:00:00+08:00,0.1200000000,4183,3b277c19b096edb9d06b960d122ab0c6b796b1e7e2d56bc923e112608d75e615
2026-06-13,S07,K07,2026-06-03 12:00:00+08:00,0.0000000000,4184,da24f0723bf681ecbfc95a1a9afcc9df02bfb1f1346ada7b49322d250b27c14b
2026-06-13,S07,K08,2026-06-03 12:00:00+08:00,0.0000000000,4185,d31699178ad09cbf84a61fbdaa5a3c9a5f552873941cff20628fd594bb1585af
2026-06-13,S08,K01,2026-06-03 12:00:00+08:00,0.0000000000,4186,2cfb5830f7af9628f0ca0277c2e7d98e8abdf8350c4b5f215b5facae7f3874d0
2026-06-13,S08,K02,2026-06-03 12:00:00+08:00,0.0000000000,4187,9ee9cca1b423fb98fc29fb5c56bdf1f119945a888ff479dcb85b45ee6c2805f5
2026-06-13,S08,K03,2026-06-03 12:00:00+08:00,0.0000000000,4188,11f3c065aa76ae25eda82384de0166cb4c8ef17abfc9396de7ae34a9de330021
2026-06-13,S08,K04,2026-06-03 12:00:00+08:00,0.0000000000,4189,76e970155d1035a5ca4385983aecbfcdea7783d5ee7c80d0a15415e210a39ea0
2026-06-13,S08,K05,2026-06-03 12:00:00+08:00,0.0000000000,4190,008e2af1c1c9b962821fa11a6ab73e1df90b35105b19caeaf292e3ccc903d05b
2026-06-13,S08,K06,2026-06-03 12:00:00+08:00,0.1200000000,4191,0c16765418c2a5073e91001096322398a4207a548e312ba4cfca22e60247c48a
2026-06-13,S08,K07,2026-06-03 12:00:00+08:00,0.0000000000,4192,8885b9dfdc605f1d64746c8d403a34c3d5d23e193ab223480976c8acd87e4852
2026-06-13,S08,K08,2026-06-03 12:00:00+08:00,0.0000000000,4193,e9888cddba44fe59c47658883c609d8b62acfb3c3cc4a0a18123a5aec0ca3e70
2026-06-13,S09,K01,2026-06-03 12:00:00+08:00,0.0000000000,4194,44605284718aad099bcb3698335a1d7024fc4c38f241b3734a01b67efd631446
2026-06-13,S09,K02,2026-06-03 12:00:00+08:00,0.0000000000,4195,6a07a846aae7a8c89f00bf3112444621fdd3a7032908394c45cf89427a26fb66
2026-06-13,S09,K03,2026-06-03 12:00:00+08:00,0.0000000000,4196,ebe6d72d032c159833e175528fa2e4e6ef70b6825be117302fd1e353253c65a1
2026-06-13,S09,K04,2026-06-03 12:00:00+08:00,0.0000000000,4197,39a19c2cfb9fb7efc723478df9786e3527b0470c30d6369714a1d0e1450e59c5
2026-06-13,S09,K05,2026-06-03 12:00:00+08:00,0.0000000000,4198,b4218c0b907f821d07cb7dfd0d9298def70454475999dcf7758892963c67e46e
2026-06-13,S09,K06,2026-06-03 12:00:00+08:00,0.1200000000,4199,5d71c1d2c451d572de626ade4df312bfc0090573099e537e892cea72fd47be1c
2026-06-13,S09,K07,2026-06-03 12:00:00+08:00,0.0000000000,4200,89b5c135dab3317102a6c51704736364619d73e035b40b59c7fe94f65184d587
2026-06-13,S09,K08,2026-06-03 12:00:00+08:00,0.0000000000,4201,ba73632ebee503cbfa491ea910ea889ad7f7c2edc81b11419ed7a56bb2800a85
2026-06-13,S10,K01,2026-06-03 12:00:00+08:00,0.0000000000,4202,f366210eaaeccfe20259a4682674e9532da31fa84d88f122e99a7b55024a82a0
2026-06-13,S10,K02,2026-06-03 12:00:00+08:00,0.0000000000,4203,540b646a864a62618bfee89166c5a558d7a2cbe139da9cae5c20193ef0353501
2026-06-13,S10,K03,2026-06-03 12:00:00+08:00,0.0000000000,4204,1a538dd1c083d96ddfed91ad69f9edd16cff304757c19c698125e17f1444773b
2026-06-13,S10,K04,2026-06-03 12:00:00+08:00,0.0000000000,4205,c823551f8e40d83da05cd9455700f0037d0a40542d17f9294164939a81be38e7
2026-06-13,S10,K05,2026-06-03 12:00:00+08:00,0.1200000000,4206,3fa522d75fbf8376a609883bdf8ed73973c85507790c97011eb29b1247f531d2
2026-06-13,S10,K06,2026-06-03 12:00:00+08:00,0.0000000000,4207,be8b2970091ceed74f8a765b5edcb5d64d5af3fe83a71f4fd86cb45d19637bc3
2026-06-13,S10,K07,2026-06-03 12:00:00+08:00,0.0000000000,4208,d77e630912db097b207e65066bb03771e9eb17a2a580bd575ee486f7ce904f32
2026-06-13,S10,K08,2026-06-03 12:00:00+08:00,0.0000000000,4209,49aa9f5fc491197545dad0566582daea216de30520779d351418d1d0a523368f
2026-06-13,S11,K01,2026-06-03 12:00:00+08:00,0.0000000000,4210,2647f9baf50d1a4fc5c488f05b3d8f3015288b8485bf8b027142a21910e07049
2026-06-13,S11,K02,2026-06-03 12:00:00+08:00,0.0000000000,4211,143f82cfc5a0193b1c17081bf8d31845cd22b0a1d1cfd7bb617f61fdb4fd4ccd
2026-06-13,S11,K03,2026-06-03 12:00:00+08:00,0.0000000000,4212,8ef74f9722b878400c80c7c15cb68220e29cc528af90f3605b63ab0d5306f733
2026-06-13,S11,K04,2026-06-03 12:00:00+08:00,0.0000000000,4213,34ef49ad83dffa21010f60653a778068c800d918bbcff18fdc2035a9bb022af1
2026-06-13,S11,K05,2026-06-03 12:00:00+08:00,0.1200000000,4214,51f2b67043eedf04908551ff862de20678db998a196f0df9bfac604eda335242
2026-06-13,S11,K06,2026-06-03 12:00:00+08:00,0.0000000000,4215,c1601c7ef33c78c2d24c446e3eb7d4f06df77d8ff56315e135815092f0dc0874
2026-06-13,S11,K07,2026-06-03 12:00:00+08:00,0.0000000000,4216,eea094eb5bce5fc34ab56473d07f23b05535654f4ea3b1660cec563f25629b1e
2026-06-13,S11,K08,2026-06-03 12:00:00+08:00,0.0000000000,4217,3e18ad25580facbd145981e33465de4f32d8f65c51e23af7428e827f21fc6581
2026-06-13,S12,K01,2026-06-03 12:00:00+08:00,0.0000000000,4218,dce9823b35950a6b522d71eaa8be811d3e6f1286ed44036cc73d6ff03a7959aa
2026-06-13,S12,K02,2026-06-03 12:00:00+08:00,0.0000000000,4219,9716746a0ab6d978a60051ae881f80e07073b0119fbb39eb6bf3a6d32e44bdd0
2026-06-13,S12,K03,2026-06-03 12:00:00+08:00,0.0000000000,4220,a6a55eb7b5b706e3e60a62263dcc5ee74edaada1a90161aed23398e3b7fc5fc7
2026-06-13,S12,K04,2026-06-03 12:00:00+08:00,0.1200000000,4221,7242786dcdd0dd2d5d5f098ee682d80b3e880af3c15944e43117eab36474262e
2026-06-13,S12,K05,2026-06-03 12:00:00+08:00,0.0000000000,4222,1810f89fd2f1e038e572663413361cff95c4763ab639b55df67132b12d6377cb
2026-06-13,S12,K06,2026-06-03 12:00:00+08:00,0.0000000000,4223,5b35a1d221d52211db13a0ecf1ac4431762596f5709a502227db8748e28b62ca
2026-06-13,S12,K07,2026-06-03 12:00:00+08:00,0.0000000000,4224,ec8d102d4a723443e9ab5b71e518e47254be3d3bd2f1b30023a21503967265bf
2026-06-13,S12,K08,2026-06-03 12:00:00+08:00,0.0000000000,4225,603a2fa76f86df481e3da236ff5fb853d82acc06e3299c617972fb0441ae3511
2026-06-14,S01,K01,2026-06-04 12:00:00+08:00,0.0000000000,4226,f175592da497083a4f7d95cebc418dca429ff57c2050257826300d9b75f123c2
2026-06-14,S01,K02,2026-06-04 12:00:00+08:00,0.0000000000,4227,1797d9ad23dcea2c2baefd8f3a34b92b2c7cd6c9f0c8d995b492299f14f3593c
2026-06-14,S01,K03,2026-06-04 12:00:00+08:00,0.1200000000,4228,d8e0807c1f3876721e2c199dff0114e16bd63d3e6a3c570cd4f5037d4af4132d
2026-06-14,S01,K04,2026-06-04 12:00:00+08:00,0.0000000000,4229,32fbaa0728b8057c11160d30e4b4cd0433dacf615d58f4db8d4e5c13bbff7e17
2026-06-14,S01,K05,2026-06-04 12:00:00+08:00,0.0000000000,4230,074f3efe0150565cf312729909b2d2109abb0983df5a8657ff06b276da5a0921
2026-06-14,S01,K06,2026-06-04 12:00:00+08:00,0.0000000000,4231,06c03df97823935634bfe8f9eb9fee069e4781b24ff9b8e32a98c4bd10cc49b0
2026-06-14,S01,K07,2026-06-04 12:00:00+08:00,0.0000000000,4232,7a272a872806822b33976f6b87efc0a34c47e558991dc0924a1d761686023647
2026-06-14,S01,K08,2026-06-04 12:00:00+08:00,0.0000000000,4233,53ccfb483a1b42a5dbf2fb40e198d9c75d8473c1a07e4f3efdf1c95f4f114385
2026-06-14,S02,K01,2026-06-04 12:00:00+08:00,0.0000000000,4234,2477a210202fa7ad7e7fb93fae0195cbdd018b8ee16fa4a371c400b58a08ebb7
2026-06-14,S02,K02,2026-06-04 12:00:00+08:00,0.1200000000,4235,024d6008e5780541552cd74de6ce26e7b1dc305ce598aa052d35830c7532cfc4
2026-06-14,S02,K03,2026-06-04 12:00:00+08:00,0.0000000000,4236,06a92c8be13bb4567aa49fd01d0e74058c7af37a3521d3571a20fb5c125ff8bd
2026-06-14,S02,K04,2026-06-04 12:00:00+08:00,0.0000000000,4237,e5871f9207f92d504d8916dc4990c04d7f86dddc2c060f909e90ba8fe455f968
2026-06-14,S02,K05,2026-06-04 12:00:00+08:00,0.0000000000,4238,9dc5cdec0449785c8b2ca9b8502b2fb1af60a5fc86e95932431261247282840a
2026-06-14,S02,K06,2026-06-04 12:00:00+08:00,0.0000000000,4239,28994d9bf76ab4098b4fa7c46c572e3e28a2927dcc73fbcc82799244bad13f6d
2026-06-14,S02,K07,2026-06-04 12:00:00+08:00,0.0000000000,4240,c71dcbb1cd98d9e34c04a1a6d1041d96d2e8d293979203dfdb5651ba8db17381
2026-06-14,S02,K08,2026-06-04 12:00:00+08:00,0.1200000000,4241,d133d97d768ec4964c6453b23a64906f74e23140d71d877a274a5ef7a0c6c8b3
2026-06-14,S03,K01,2026-06-04 12:00:00+08:00,0.0000000000,4242,6586bb6459af475539293e9c4eb7fdb82f60c9ea5c64dd775fbc93c06c978913
2026-06-14,S03,K02,2026-06-04 12:00:00+08:00,0.1200000000,4243,94645314afc9c0024de6a9cdefc1cbe7ceeb4a1fb1faed7280fd789c3f149a5e
2026-06-14,S03,K03,2026-06-04 12:00:00+08:00,0.0000000000,4244,7686296e9f5d9c46ac796fbc7880aa7a0de048f59e08210e723539a194565d1d
2026-06-14,S03,K04,2026-06-04 12:00:00+08:00,0.0000000000,4245,7607e46dce7b3a1ce3066e714ab1acc9067a029327adb266b87b55b42c41e789
2026-06-14,S03,K05,2026-06-04 12:00:00+08:00,0.0000000000,4246,1786379682773df825eec22bb04a0f5e531a81f20473456b431043c6a8773a55
2026-06-14,S03,K06,2026-06-04 12:00:00+08:00,0.0000000000,4247,0c94970f684f22ecedfe5ea074c0b16a84b80e4ee0e28baa101a2b3fe07be9dd
2026-06-14,S03,K07,2026-06-04 12:00:00+08:00,0.0000000000,4248,780b1d0e1cc17aabb20017c119038ba723706fea8ce9b06ba0daf1beb6534409
2026-06-14,S03,K08,2026-06-04 12:00:00+08:00,0.1200000000,4249,1149b9ac01c338d6099c51c136de8204d590b6c503a2797d657ca98ddaa43410
2026-06-14,S04,K01,2026-06-04 12:00:00+08:00,0.0000000000,4250,2aa1f1b071d9190d96963175f1b9db3777f7c723ccb054f35342b0a73dd13dab
2026-06-14,S04,K02,2026-06-04 12:00:00+08:00,0.1200000000,4251,bd4dc921b7885821c56744d878268b7dd0731c267ff4688e49e92f06ac0d70dd
2026-06-14,S04,K03,2026-06-04 12:00:00+08:00,0.0000000000,4252,e2b007b692547f09de2ef50ed69162e7c4f153cca31d56cf46524083929fbdf5
2026-06-14,S04,K04,2026-06-04 12:00:00+08:00,0.0000000000,4253,6573c615011fcabeab843d08bf2a20bc5ed0ec7a21a6e8f9bf950782eb255874
2026-06-14,S04,K05,2026-06-04 12:00:00+08:00,0.0000000000,4254,4b1f2410c08e5de945b2b1e725825171bc9c7f4ed231495a97fb03c6797f35a0
2026-06-14,S04,K06,2026-06-04 12:00:00+08:00,0.0000000000,4255,2b2a78cec02308fe78f1c2057333a31130adbd6a8301af1bafa58cfe6ba6deed
2026-06-14,S04,K07,2026-06-04 12:00:00+08:00,0.1200000000,4256,8809d28c570d526874279de0043814adafc9ed3ba2f23a427d7d86f422415a96
2026-06-14,S04,K08,2026-06-04 12:00:00+08:00,0.0000000000,4257,cc704840b41e57691c20448ecc31d8364cd14f804a023b37b903d031fcff6927
2026-06-14,S05,K01,2026-06-04 12:00:00+08:00,0.1200000000,4258,ecc07bb13de3558c56ba1d9d1ba22d83347fa5d4b4e05a520d5e40f9128eacbb
2026-06-14,S05,K02,2026-06-04 12:00:00+08:00,0.0000000000,4259,5348392724a5451327c297222e7a557110dfb1d3df775327a98426a8d875a036
2026-06-14,S05,K03,2026-06-04 12:00:00+08:00,0.0000000000,4260,2a72b7c6a505e1c7c4b7d4cbae1309c4c074540963968e0885cd2f22b5d2a33b
2026-06-14,S05,K04,2026-06-04 12:00:00+08:00,0.0000000000,4261,f3cb8ad9e66722c9113cf47beb55c68d4189efe58848f1f4bbfc9172cc63bf0e
2026-06-14,S05,K05,2026-06-04 12:00:00+08:00,0.0000000000,4262,997efea3267bfa8e72e984a100f006ffe3d3d4b2225c61e63762128fe39faff8
2026-06-14,S05,K06,2026-06-04 12:00:00+08:00,0.0000000000,4263,e60b0f18b0f90455e8e3a1f0f229734705643b6ed0671af30a0733ef0ad7c42c
2026-06-14,S05,K07,2026-06-04 12:00:00+08:00,0.1200000000,4264,931076079904f8019dd4beed2a8a5529d75e67746558bf4c60b63cb52755f2e5
2026-06-14,S05,K08,2026-06-04 12:00:00+08:00,0.0000000000,4265,964a00f980f11bc73d04dc2921719ed15f4c35c07d44243efb5ecb43d7e61571
2026-06-14,S06,K01,2026-06-04 12:00:00+08:00,0.1200000000,4266,db8de84debdcda89c24bb05c16ae0c7f5640249bf7d84a0a8cfea749505d9b2a
2026-06-14,S06,K02,2026-06-04 12:00:00+08:00,0.0000000000,4267,8dc007f9f193cd98f2e08b89a32243a216a2c72d3ece13fa5b8b9a698bdf1d67
2026-06-14,S06,K03,2026-06-04 12:00:00+08:00,0.0000000000,4268,c00104576bf2856dd68317000de49308af0f9fa4e670f5088c1a254b6af6e443
2026-06-14,S06,K04,2026-06-04 12:00:00+08:00,0.0000000000,4269,ed4ce2c93f9f8f59a00ac455c880956bda39098f4c8fe62e2ae23189a5289c54
2026-06-14,S06,K05,2026-06-04 12:00:00+08:00,0.0000000000,4270,4744b4c02eb5ec4a9f5bdfa3eb64e2d0926eb9eba75e61b6bcace3f2d1a29d47
2026-06-14,S06,K06,2026-06-04 12:00:00+08:00,0.0000000000,4271,22d18e8ddcafc291b942d2169b1acbafd3d25f7d9f95c036395c346f046b3496
2026-06-14,S06,K07,2026-06-04 12:00:00+08:00,0.1200000000,4272,b6baae478ade06f54b633d5bf314ab773f99c9f13a9bd9a706ae6ce57c818076
2026-06-14,S06,K08,2026-06-04 12:00:00+08:00,0.0000000000,4273,17ca3614f77a0ce60ad88fc2cc0ca1d24b54d0e56c448ca5ef1357e1eeea3cad
2026-06-14,S07,K01,2026-06-04 12:00:00+08:00,0.0000000000,4274,3f6923a9525134c182c65943d375b543728556624f1d5e4d133bcbc58cf68a36
2026-06-14,S07,K02,2026-06-04 12:00:00+08:00,0.0000000000,4275,f1b80334da9448f8413df94f48db15b13186256f3667c392540ab4e91dc5a352
2026-06-14,S07,K03,2026-06-04 12:00:00+08:00,0.0000000000,4276,6c30f5e4b1ca9de63cde736887da340ec1fb52d6345f6d5e8f05ee0bd2d8186a
2026-06-14,S07,K04,2026-06-04 12:00:00+08:00,0.0000000000,4277,437e5f6e2225269ef4e6ea93d8b0f0a31536a12373e403ce85bdc18018da6191
2026-06-14,S07,K05,2026-06-04 12:00:00+08:00,0.0000000000,4278,c3ea7e6abdb73ff7dae23b165fe1061d6890571597e8c5811c4cf27cdc084c2a
2026-06-14,S07,K06,2026-06-04 12:00:00+08:00,0.1200000000,4279,5134a3504af91da157bd25fb6a4e5201e91ffff40909297a00ec986b67a47fb4
2026-06-14,S07,K07,2026-06-04 12:00:00+08:00,0.0000000000,4280,d0604dab3c1068a0bf0fab0c5c0f7a283675c1848055957b083ece534c67d5e4
2026-06-14,S07,K08,2026-06-04 12:00:00+08:00,0.0000000000,4281,454879eb0c0c12f886be932517e1a06e259e6233efed1c31600da15732b6e255
2026-06-14,S08,K01,2026-06-04 12:00:00+08:00,0.0000000000,4282,71e20bfafa13fa5fe3c26387c09b27bc11996a02a3dae614886749d228da671b
2026-06-14,S08,K02,2026-06-04 12:00:00+08:00,0.0000000000,4283,f3ec2d24a93a791a6f7e9ff49a3370c9c09abf9e5a123b435fdff9366f15028f
2026-06-14,S08,K03,2026-06-04 12:00:00+08:00,0.0000000000,4284,8c7b9170006a45c20958f3727d83e9def903f7b2b17dde226648039e464fd92e
2026-06-14,S08,K04,2026-06-04 12:00:00+08:00,0.0000000000,4285,b9f3fd8b67a0b0863b9c2a9cd1b480cc3e1b78ebcd4f26b230d06f866aeacdfb
2026-06-14,S08,K05,2026-06-04 12:00:00+08:00,0.0000000000,4286,9203a3bfdf837d156c6c10b5f73305bf8046fb3f307b7f255b5c8497d27c297b
2026-06-14,S08,K06,2026-06-04 12:00:00+08:00,0.1200000000,4287,a1470b1b30379b904d37bdcc4625070b3b25f0c2ec110822c69f2dee42f1da86
2026-06-14,S08,K07,2026-06-04 12:00:00+08:00,0.0000000000,4288,d14b84e40a5553cefd98fd2f828cb23d8e81d28fcca5440af2469a628651042f
2026-06-14,S08,K08,2026-06-04 12:00:00+08:00,0.0000000000,4289,c06bb1d4cf3960c1be775c62b9a34cc809a8c3174853eda56aeffa8dc08588e8
2026-06-14,S09,K01,2026-06-04 12:00:00+08:00,0.0000000000,4290,63037fad073b896dd3d878007e932aabb25d545559c77d05340c67d71ed7d444
2026-06-14,S09,K02,2026-06-04 12:00:00+08:00,0.0000000000,4291,bb4c188a12bb7fa339436347129d0ed52a847a257cffcbb4cd56d2ec6255bc98
2026-06-14,S09,K03,2026-06-04 12:00:00+08:00,0.0000000000,4292,6348e7dbe015e29e04ac9c9384362e2a4541905580793df6ecfd025d28fae568
2026-06-14,S09,K04,2026-06-04 12:00:00+08:00,0.0000000000,4293,15df31c7a7222c55164aadc00bb52120f11e59ea5c6daf4e6be1f0a47da36f29
2026-06-14,S09,K05,2026-06-04 12:00:00+08:00,0.1200000000,4294,465c99a87238e6ca7a968439a5b33f3cb88e0fb29a45af40b2140d5ef03f2013
2026-06-14,S09,K06,2026-06-04 12:00:00+08:00,0.0000000000,4295,4e9fd657551b30b1b1a4b2f7c3e908f6556f2818c4fed740f66e9893943e5e47
2026-06-14,S09,K07,2026-06-04 12:00:00+08:00,0.0000000000,4296,d1e8d7902d8813cbe22e0b1193110d80880c45bd88fe3eb9add65482fdabeb81
2026-06-14,S09,K08,2026-06-04 12:00:00+08:00,0.0000000000,4297,bdca1ffba57cabe7667885dc83072e2f9cdbcad97e77fa10f8c81b358f55ee3b
2026-06-14,S10,K01,2026-06-04 12:00:00+08:00,0.0000000000,4298,2806f7e6f75f6666abd1c5d0982466ade93ff8fd17d582e97f4ea4cc83205dc2
2026-06-14,S10,K02,2026-06-04 12:00:00+08:00,0.0000000000,4299,69f2590645fc6acc4a66e7613a479421843dcd0498538b5b9206683293e51574
2026-06-14,S10,K03,2026-06-04 12:00:00+08:00,0.0000000000,4300,76af9a1c6c6e805e95ac87f86ec0ea22512ac94137529ba1e873f104453f13ea
2026-06-14,S10,K04,2026-06-04 12:00:00+08:00,0.0000000000,4301,e126c9a002cc08b059d84d74b0aec4147bd2a3e76436b7de7359a46d88e1a15d
2026-06-14,S10,K05,2026-06-04 12:00:00+08:00,0.1200000000,4302,eff1dede52253cdd8a36fbf16230384316f0fbb8e5ced214942739f008edd6dd
2026-06-14,S10,K06,2026-06-04 12:00:00+08:00,0.0000000000,4303,5a6fdfa39126b7022ae2faf67d6ba025e4a2dcef6a355bb65f480de56605f86c
2026-06-14,S10,K07,2026-06-04 12:00:00+08:00,0.0000000000,4304,f5fe9a041c633b1b7e82d20d133fda006f518c944791863ca01ea44e2325b62e
2026-06-14,S10,K08,2026-06-04 12:00:00+08:00,0.0000000000,4305,8a2abbc28e3bd59d98508ea93b32a0dfb34461d29657f9ddfa7de0de357b017a
2026-06-14,S11,K01,2026-06-04 12:00:00+08:00,0.0000000000,4306,379817c0c2aa9a0219dcdf9acc9111500532c5c5776cd21e29ed8ac0ceb3405b
2026-06-14,S11,K02,2026-06-04 12:00:00+08:00,0.0000000000,4307,8f9b11ceefb289435555af9a1dfc552ef228fa5c3d2687308050fde2d54fdd96
2026-06-14,S11,K03,2026-06-04 12:00:00+08:00,0.0000000000,4308,4a4b8b56e0055a55aaaeb9017ce34b48cb46887af999aa9fcd6cfb5abae5bf12
2026-06-14,S11,K04,2026-06-04 12:00:00+08:00,0.0000000000,4309,eafa9139100671fd3ec8cfdefce692cfa182b1bd824ad2da96ce164c340446f6
2026-06-14,S11,K05,2026-06-04 12:00:00+08:00,0.1200000000,4310,b2c4f5767730a9800eee28088762a9339ac6b7b3a23ef64e5b78f18b2a7950ae
2026-06-14,S11,K06,2026-06-04 12:00:00+08:00,0.0000000000,4311,251adc626108ee86ebc380b94268b2dfdc13b817ea582b452ed4a6d8fd30c327
2026-06-14,S11,K07,2026-06-04 12:00:00+08:00,0.0000000000,4312,edf7bdd83e78d8120eabf41fe9f412ccfcdadc1a224c5d64956ef2ddf988a8d2
2026-06-14,S11,K08,2026-06-04 12:00:00+08:00,0.0000000000,4313,553f14e25ed087f0bf9d1a56b4b13ad1cfc147bdec2ae2751e896a7ab7e05397
2026-06-14,S12,K01,2026-06-04 12:00:00+08:00,0.0000000000,4314,6a85d5f8e6968c9965bb60a305486aea7a09d5a481ad901319a3a099f098face
2026-06-14,S12,K02,2026-06-04 12:00:00+08:00,0.0000000000,4315,2c81f4fbe111313189d5adebc2cb0f10c1444c32bd7ca4e3a0d69bd79d5dc2a9
2026-06-14,S12,K03,2026-06-04 12:00:00+08:00,0.0000000000,4316,fad580b23664f473b100cc923b873eb34c2e0bc8475f9d8d9581c9ec66fb82ad
2026-06-14,S12,K04,2026-06-04 12:00:00+08:00,0.1200000000,4317,0c112c13ba147519a51dc05c6b839bce3588feca96950f17131b8068588b8d58
2026-06-14,S12,K05,2026-06-04 12:00:00+08:00,0.0000000000,4318,98047c787daa51742a079011f2b646a22a243025c69dfc5835ea32fbf7609c76
2026-06-14,S12,K06,2026-06-04 12:00:00+08:00,0.0000000000,4319,d016d2e1585e9b77a698829dbd1bbbb6cd58102f1fb6a813398f0897dc9fdb32
2026-06-14,S12,K07,2026-06-04 12:00:00+08:00,0.0000000000,4320,6f7598ef87557c8e746e268419ab5f3b464daaae85d96d91a877d91629bf7d05
2026-06-14,S12,K08,2026-06-04 12:00:00+08:00,0.0000000000,4321,1a6322037fa695797ddb352723b7f0f4cc26ec0d0075c74edf4509074aacf2fe
2026-06-15,S01,K01,2026-06-05 12:00:00+08:00,0.0000000000,4322,5700a9742ed6a022fbb804902384d2ee32da7805117b5aef0f2a7b4d6329f8e5
2026-06-15,S01,K02,2026-06-05 12:00:00+08:00,0.0000000000,4323,c60825d5238ffe21f391b34b30533e4f3a31734a0fb934668958a4297e786c16
2026-06-15,S01,K03,2026-06-05 12:00:00+08:00,0.1200000000,4324,4cfb122f15a9c0da261d58bb5b38d3c31f2e839fcb34bd5d5cae263021e83299
2026-06-15,S01,K04,2026-06-05 12:00:00+08:00,0.0000000000,4325,fa709dbed5af8e12891d95391702aabc4365d7d48f3b4000632019844c524aec
2026-06-15,S01,K05,2026-06-05 12:00:00+08:00,0.0000000000,4326,be7dbda928f16cbe173f358bc220043750c356a99054f823a3133f3deee07859
2026-06-15,S01,K06,2026-06-05 12:00:00+08:00,0.0000000000,4327,3773a674e0f4de6918baac9e7d9c1ab1c6a213d58245aeeea50551d8cc490ae9
2026-06-15,S01,K07,2026-06-05 12:00:00+08:00,0.0000000000,4328,9493ece4c6467207786ac66b16c0fc99623fc0b07681613ce33629d89d3ac294
2026-06-15,S01,K08,2026-06-05 12:00:00+08:00,0.1200000000,4329,27ff73cb26d85aff4fccf15e5227fed15387f79f4fe517aa3c8dea3dd24f5e0c
2026-06-15,S02,K01,2026-06-05 12:00:00+08:00,0.0000000000,4330,f909e385800dd9cb7de92a19ee23346f1825b09cbeeed42aeb9130c465fc3ab1
2026-06-15,S02,K02,2026-06-05 12:00:00+08:00,0.1200000000,4331,01f1a014346db25d828b120b95c187e6bc29500a4c9ce076c9d48bb64ba1053a
2026-06-15,S02,K03,2026-06-05 12:00:00+08:00,0.0000000000,4332,c82deed530a1fd10c80093a6e2d303d4e5d8de4b9ba8788a6ab4439d74dbedd9
2026-06-15,S02,K04,2026-06-05 12:00:00+08:00,0.0000000000,4333,6fabd492ec60253832346f3bfc160dfd25f9d42a616b45b981916a1ee9e7b87a
2026-06-15,S02,K05,2026-06-05 12:00:00+08:00,0.0000000000,4334,fa11ecdbe7766a8425b526eb0e04c2b7e8f91e83229b9313f2fe3a2ef3b70e6b
2026-06-15,S02,K06,2026-06-05 12:00:00+08:00,0.0000000000,4335,0a577b12f7eb94031b356f14989d85136331c65d954a171a7bacaa5bcb36997b
2026-06-15,S02,K07,2026-06-05 12:00:00+08:00,0.0000000000,4336,0c61ada82e12d69af6198c1c31db0ae68c622876df611fb6c9100c1dccdc6884
2026-06-15,S02,K08,2026-06-05 12:00:00+08:00,0.1200000000,4337,6e1625692794601ab148bf79c30095b0f5027771e479d0871b50221974316123
2026-06-15,S03,K01,2026-06-05 12:00:00+08:00,0.0000000000,4338,c4d4de6d82eb1113d750eae0208c7cb471211e866b11217e6e0454f2c2ae48c6
2026-06-15,S03,K02,2026-06-05 12:00:00+08:00,0.1200000000,4339,f3795711bbdf88a70d7f9f0b80100779fd5cc75e2c1736e86bbee8528d69f8f6
2026-06-15,S03,K03,2026-06-05 12:00:00+08:00,0.0000000000,4340,08e83a08b92b46865598c3f3051c7de18efd7304e6044d3344685d5e3e752215
2026-06-15,S03,K04,2026-06-05 12:00:00+08:00,0.0000000000,4341,8c554fa142c270af36477481445391fc81a7235e10a6f901b0595ee549a39c74
2026-06-15,S03,K05,2026-06-05 12:00:00+08:00,0.0000000000,4342,04d38ec0c9c294a0f9686c83b867410246b90d3841e56fb57d0ab6cc01469ddb
2026-06-15,S03,K06,2026-06-05 12:00:00+08:00,0.0000000000,4343,3c365698237cca2fca88c49e5c0b222cf658a3b23f226667f5d0e56ae0bef074
2026-06-15,S03,K07,2026-06-05 12:00:00+08:00,0.0000000000,4344,caca1924fd04197d2cf2a40180a860a2ab890b04406070062c6f7f51726d60e2
2026-06-15,S03,K08,2026-06-05 12:00:00+08:00,0.1200000000,4345,c08324268e31d38b658234765dd3d33f6226ff4c0b785ae27ddc1697ec4b537e
2026-06-15,S04,K01,2026-06-05 12:00:00+08:00,0.1200000000,4346,dd1f95f436a8da9114d7fa9161866ae21c4704dfed13adb78749a0e5b5a67cc3
2026-06-15,S04,K02,2026-06-05 12:00:00+08:00,0.0000000000,4347,61403f633637961a146b447577c80014eb07dce33ea43b08e3720d79abafc6e3
2026-06-15,S04,K03,2026-06-05 12:00:00+08:00,0.0000000000,4348,bea3e8133d94b0deaa7fe8f88f43555a5260bb1b9c1f5d7d11b0719d28bd5847
2026-06-15,S04,K04,2026-06-05 12:00:00+08:00,0.0000000000,4349,653ef6062a6502d462ed34bc5c764f45faab5bda1ac589680274d6fe4852f5c7
2026-06-15,S04,K05,2026-06-05 12:00:00+08:00,0.0000000000,4350,6116642641d72b1a9f40489ab89a060ff1d57be66a856343175e029d1c9ff71c
2026-06-15,S04,K06,2026-06-05 12:00:00+08:00,0.0000000000,4351,6a9247140fcc392e0267b0664ebcec2cbe475672ff7701395c8815fd0b642e39
2026-06-15,S04,K07,2026-06-05 12:00:00+08:00,0.1200000000,4352,6d62dc14bfc0e220a65125e3a13b97ca80c00e428996304de9282046da25bfe0
2026-06-15,S04,K08,2026-06-05 12:00:00+08:00,0.0000000000,4353,cacdc3344c118095588f054ee716b351c12063e484d4b9adb39089c2ffdf75c6
2026-06-15,S05,K01,2026-06-05 12:00:00+08:00,0.1200000000,4354,3836c58978b87ff7a09381cae043a1ebf40fe0d418dd4b2db38f439a52f6434e
2026-06-15,S05,K02,2026-06-05 12:00:00+08:00,0.0000000000,4355,9389ecfd350f7fd2b6f7e476ef419330c9bd5ef08c4274d100515751b8f65b31
2026-06-15,S05,K03,2026-06-05 12:00:00+08:00,0.0000000000,4356,b9a03e78715ac28093dd0cfc400bf23c2ed08246b82762aac11b0bcea2b83459
2026-06-15,S05,K04,2026-06-05 12:00:00+08:00,0.0000000000,4357,fd732d58ac0c8b42e51a0eec00692c8655dc3ca530e111209204d3e96ac822fa
2026-06-15,S05,K05,2026-06-05 12:00:00+08:00,0.0000000000,4358,89239d2d608093a5b4639c0574b38241d281b3c03010526d37994fafa3613380
2026-06-15,S05,K06,2026-06-05 12:00:00+08:00,0.0000000000,4359,358a86d3e650047a8b36cf026b45bb3c7b11af3511900bf78f483016bf8acee4
2026-06-15,S05,K07,2026-06-05 12:00:00+08:00,0.1200000000,4360,4bb180f6d112de58267ea7a2146ded974c06011fa6652eb59462a6a6b302c50f
2026-06-15,S05,K08,2026-06-05 12:00:00+08:00,0.0000000000,4361,4915175941913c0e8886813639616aaa874649cf293a5e5f004ed3b86b7d84de
2026-06-15,S06,K01,2026-06-05 12:00:00+08:00,0.1200000000,4362,a5eb5136894d4480db4af7438b149200ef119d2a32d3df9468175d698233ac55
2026-06-15,S06,K02,2026-06-05 12:00:00+08:00,0.0000000000,4363,9e1113b283effa7ca133278e87643bef42336432f188865e7ecc3304931d8fda
2026-06-15,S06,K03,2026-06-05 12:00:00+08:00,0.0000000000,4364,0489f398ac8337bd8a1140f9956e2552bc1c8d598b755ca7184a10c74faee623
2026-06-15,S06,K04,2026-06-05 12:00:00+08:00,0.0000000000,4365,04601d5743188511c68b3bbc8115edfb896e2b2af9624665fcea9f67aa346c71
2026-06-15,S06,K05,2026-06-05 12:00:00+08:00,0.0000000000,4366,9b422a153246de57110efb0cb08a975ccd0d2fe7d7fffe84ac4babf96c541bd6
2026-06-15,S06,K06,2026-06-05 12:00:00+08:00,0.1200000000,4367,9084f8aa4b8d235e8440349fefe51b1904f11f33326a2e8804cccbaf5f97b355
2026-06-15,S06,K07,2026-06-05 12:00:00+08:00,0.0000000000,4368,1d7140ed09bc97d1f119f6224d8a6f268653df9737d540e69dfdfc2e3d8b50dc
2026-06-15,S06,K08,2026-06-05 12:00:00+08:00,0.0000000000,4369,71874c2178865db6d95f0cda170425c7d938680c214bde2c2921cb1a9983e3ce
2026-06-15,S07,K01,2026-06-05 12:00:00+08:00,0.0000000000,4370,1841f382ff355e4b5f4281415bb4fe6fabdce48349ad6b7245aa0741ed60506d
2026-06-15,S07,K02,2026-06-05 12:00:00+08:00,0.0000000000,4371,931b6c67ad691db93f2120fe7733bf57ce2bcd80498e5e485aea22e51023e2c4
2026-06-15,S07,K03,2026-06-05 12:00:00+08:00,0.0000000000,4372,4c7f381dbbe94c5421547d28f95be59b29df4b2b85ed0a9731f29e90cf736de3
2026-06-15,S07,K04,2026-06-05 12:00:00+08:00,0.0000000000,4373,17f9025010ce7616b710ece73f69c720a116abcbafab158f0021fbdc55ddcc19
2026-06-15,S07,K05,2026-06-05 12:00:00+08:00,0.0000000000,4374,e2c9b203c0a1847821f492d1e08b05dd84384c39342e95940f175f56ede34a05
2026-06-15,S07,K06,2026-06-05 12:00:00+08:00,0.1200000000,4375,9c00cd56d816c0b40eacdf59375ef6759ab2afea2ee6ab1936d7a69d84fd1c79
2026-06-15,S07,K07,2026-06-05 12:00:00+08:00,0.0000000000,4376,ac6e9243168d6997cfc24b899e45c96da7f4908bf571b53bf1440548c66af49d
2026-06-15,S07,K08,2026-06-05 12:00:00+08:00,0.0000000000,4377,b4c79961278fad9694a3f905c27185c9b83e7a5662e19270c2e2799f71ffe003
2026-06-15,S08,K01,2026-06-05 12:00:00+08:00,0.0000000000,4378,9f96fb0af7ebb163d9c9d811d12c6f31a4f2a4cf6d7f013affac9962b9116500
2026-06-15,S08,K02,2026-06-05 12:00:00+08:00,0.0000000000,4379,1987736e638b72b0033706a376027ec17f61d789ecfa291cff1467e1b414d25d
2026-06-15,S08,K03,2026-06-05 12:00:00+08:00,0.0000000000,4380,3e28d1a196d6c6f1a2bca299319e0bd24e59f0e41f45e1f73d35b9e636948df1
2026-06-15,S08,K04,2026-06-05 12:00:00+08:00,0.0000000000,4381,8e062dac8a220494ec8374052e0c5ecc36bba5922501f74e6d8c1ac361b7339c
2026-06-15,S08,K05,2026-06-05 12:00:00+08:00,0.0000000000,4382,0a0687e858701d7ec0a498ef595235f3098f091743e5720ccc81ef1bae2b3145
2026-06-15,S08,K06,2026-06-05 12:00:00+08:00,0.1200000000,4383,d333b39aca9c819a034aff557312476898c6f91dc1db8b8aa3131bec30e41a4b
2026-06-15,S08,K07,2026-06-05 12:00:00+08:00,0.0000000000,4384,70257dd62ce290746576d74444b8dedc14a9fe186c0cdfb7403314a20a9451a6
2026-06-15,S08,K08,2026-06-05 12:00:00+08:00,0.0000000000,4385,b3ca390055ee09c221b2ce325477c803f599494dce9bb89d65a0b4834df448fb
2026-06-15,S09,K01,2026-06-05 12:00:00+08:00,0.0000000000,4386,a713a796e1ffc249f11dfb0e3458184ec63a61f97e9b2534b5af81754fd5b2e6
2026-06-15,S09,K02,2026-06-05 12:00:00+08:00,0.0000000000,4387,b071a92ceefd3b150f30f0bbd30db4e655e953d9691a466686b4354acbaf7b03
2026-06-15,S09,K03,2026-06-05 12:00:00+08:00,0.0000000000,4388,b3e23f9585f882bba7a1f19363557a0887f5320328118b3b03ab4e4bdecd7152
2026-06-15,S09,K04,2026-06-05 12:00:00+08:00,0.0000000000,4389,38b450b02e22536c7423ee734a248a96b14eda0ae8b6474262cd8991f53209b1
2026-06-15,S09,K05,2026-06-05 12:00:00+08:00,0.1200000000,4390,6591e111cd102a6f8d544ae1e1172cbc01bdeda1ad2d2d166abf5fe13d958fdb
2026-06-15,S09,K06,2026-06-05 12:00:00+08:00,0.0000000000,4391,3fe5b670792fa2c126a1ce4dd4137849a7343e1901ef0babf4de54e4529ff4e7
2026-06-15,S09,K07,2026-06-05 12:00:00+08:00,0.0000000000,4392,aec65dfd1a13b85b3698636394834480b578f2e25aa1292c1ccae587e09f6595
2026-06-15,S09,K08,2026-06-05 12:00:00+08:00,0.0000000000,4393,4e28b7fad98b3451c94f66496f75d68837b100300bdc7d41286aae093e5b301a
2026-06-15,S10,K01,2026-06-05 12:00:00+08:00,0.0000000000,4394,14419c46ea6a1c942766e72196202213c590ad3befef914b12fae3ab10b2eb75
2026-06-15,S10,K02,2026-06-05 12:00:00+08:00,0.0000000000,4395,d9cbd222f9f35fefdd8613d383c28c464b3b362505e3552b28ad15f6fb665833
2026-06-15,S10,K03,2026-06-05 12:00:00+08:00,0.0000000000,4396,f2257580ed49192140c40fb916125fdca4aa51dd512c6c594e5c8b191cc42805
2026-06-15,S10,K04,2026-06-05 12:00:00+08:00,0.0000000000,4397,5d81f346e93046d71f1d87fc7a339f4f1680fc15095fc8b0757c9604b6451969
2026-06-15,S10,K05,2026-06-05 12:00:00+08:00,0.1200000000,4398,3be7c103f6bc99a6990f5a3f2a2420fbe8461153083861e4e81a8e354afc0ac9
2026-06-15,S10,K06,2026-06-05 12:00:00+08:00,0.0000000000,4399,8d6fc284fe529b5035d08e041dd8714eaf8219dbe7bb5f369c6ed98b95027b06
2026-06-15,S10,K07,2026-06-05 12:00:00+08:00,0.0000000000,4400,638f0bf5c7a8dfc42aa5ebbe7d1ec35aa3b440180261160edc227b6da542c048
2026-06-15,S10,K08,2026-06-05 12:00:00+08:00,0.0000000000,4401,2a4bd7577e1eeebf49cbaab27cc0e63e07b89c8e4071ac00a7482cd85d18b3e3
2026-06-15,S11,K01,2026-06-05 12:00:00+08:00,0.0000000000,4402,d304b23d71200737bcd0d433e764b149b765aea97fd019a6ac6e5deee299736d
2026-06-15,S11,K02,2026-06-05 12:00:00+08:00,0.0000000000,4403,a6203d0a51e43b85ab30cbd1041e65bca3cd8780e03350d25871f3d7a6458c99
2026-06-15,S11,K03,2026-06-05 12:00:00+08:00,0.0000000000,4404,18be4df6ae4e79b9d48563ce73194fc76b88a5cc294e46db4ffd21287bffbf75
2026-06-15,S11,K04,2026-06-05 12:00:00+08:00,0.1200000000,4405,ae60dc77f56426e96fcdcb1b30ec73e1958aaa1718cf518bcb95b80de55add7e
2026-06-15,S11,K05,2026-06-05 12:00:00+08:00,0.0000000000,4406,c4f121cd0a98b91923ca1553db2c1044880067fdea6312af2f3562b66b05569d
2026-06-15,S11,K06,2026-06-05 12:00:00+08:00,0.0000000000,4407,f2fee202189c77f35746cedee114c590a4339a5f98782e50398372780d32284c
2026-06-15,S11,K07,2026-06-05 12:00:00+08:00,0.0000000000,4408,7f7f284ef6f9f6665dea691e4a0b5c3dd5a065a79824e960f408d5b3a0a4ce3a
2026-06-15,S11,K08,2026-06-05 12:00:00+08:00,0.0000000000,4409,6da6d9d52c0162dba55cd7caaca8b30e2453cbae0508e05b152b6a7229fd71d4
2026-06-15,S12,K01,2026-06-05 12:00:00+08:00,0.0000000000,4410,e606ffc6bad7aaa1cb0e2f4b0343566cbd485f4f409041fa3f6ec8279d555837
2026-06-15,S12,K02,2026-06-05 12:00:00+08:00,0.0000000000,4411,95bbc44a09988edfc983fb8c200bacfe108af003d8d8075a7adf2676181f33cd
2026-06-15,S12,K03,2026-06-05 12:00:00+08:00,0.0000000000,4412,18933c5cfec76caa5351b2bf3066998ac5f041fa852d3e6fc253539c84fad285
2026-06-15,S12,K04,2026-06-05 12:00:00+08:00,0.1200000000,4413,02a13619348a767784366f5d92a2a11886ae041781cb04cc7f67f777758035bb
2026-06-15,S12,K05,2026-06-05 12:00:00+08:00,0.0000000000,4414,e87ffb29ce8726fcc457a95e8ac76effb3e32d0053a250a5c806add1b9bdce27
2026-06-15,S12,K06,2026-06-05 12:00:00+08:00,0.0000000000,4415,0bbadb16b57c524f02d431451557839c0d4894893a227391ec48ac7b0137a59b
2026-06-15,S12,K07,2026-06-05 12:00:00+08:00,0.0000000000,4416,b864a4d435a005bbdb675ab6eaf4aeeee7d4aca5668069fdd9c321500e621053
2026-06-15,S12,K08,2026-06-05 12:00:00+08:00,0.0000000000,4417,7cacb748ff16089dda122dfc18ff3f9844fef0ec476155ada4f1f3d3d52809c0
2026-06-16,S01,K01,2026-06-06 12:00:00+08:00,0.0000000000,4418,e853bf4315f2108d416982c6f550db022d376af7de7114986330d2fbe6ff5611
2026-06-16,S01,K02,2026-06-06 12:00:00+08:00,0.1200000000,4419,4d3f9ac68bfb50d9e90fd9a7e5d57b7ac4476abea395f7673df368ffb1d73ce5
2026-06-16,S01,K03,2026-06-06 12:00:00+08:00,0.0000000000,4420,20c8507c53282ed53d9694e2a1138841e2701cb0b77509cefc07c2cc6b2c5da8
2026-06-16,S01,K04,2026-06-06 12:00:00+08:00,0.0000000000,4421,40337d678ed18fb203de80e03594b6e2a84d967ef48b099d873d66e45e046bca
2026-06-16,S01,K05,2026-06-06 12:00:00+08:00,0.0000000000,4422,e969dcf301eb5910606af0ba4cf8a40db39617b69ff7697522969c9da3f06730
2026-06-16,S01,K06,2026-06-06 12:00:00+08:00,0.0000000000,4423,b4a56d3edcf5bb2bf467d4f4631ac0535a226c06d8d4e410402c0edb22d016de
2026-06-16,S01,K07,2026-06-06 12:00:00+08:00,0.0000000000,4424,8b172502ff3b3d1ceb95645f826e94630a12598958f500ba2c12c76a5a40ae5d
2026-06-16,S01,K08,2026-06-06 12:00:00+08:00,0.1200000000,4425,0833d08d0c16f5a3f85747eddc14155ba1eaee90dc09c491b35d46b84b377173
2026-06-16,S02,K01,2026-06-06 12:00:00+08:00,0.0000000000,4426,aa57efdf0c9777df54edb1b7f1b7972905ea82225c2ed8df49d7d7d3b8be382b
2026-06-16,S02,K02,2026-06-06 12:00:00+08:00,0.1200000000,4427,094e2e78b9eb4b0785f9c89b5f5769302292d34b27ece3aec29649c4e85e1bc9
2026-06-16,S02,K03,2026-06-06 12:00:00+08:00,0.0000000000,4428,ebe21d670dbe76210f31ab96f1d7e7ac1d0e8e5b63372271d4b4ee68893e8f10
2026-06-16,S02,K04,2026-06-06 12:00:00+08:00,0.0000000000,4429,860dbd2b6af2848611c4b7b6d90f3cfd98482b3b211ca231a541fb05e1b28569
2026-06-16,S02,K05,2026-06-06 12:00:00+08:00,0.0000000000,4430,c9c1a63a9fb4cef4b1c5aa70fc35c1ac6c4b5139ceafbe6f00d71a07b7bffd92
2026-06-16,S02,K06,2026-06-06 12:00:00+08:00,0.0000000000,4431,449dd97267e7fdcc3c2061d88aa5244095fa801ae45786193933919cf1854fff
2026-06-16,S02,K07,2026-06-06 12:00:00+08:00,0.0000000000,4432,6662b3aaf66384d343c07953ce906cf102b01e8c4e2399c8cab4d49ddabbdaea
2026-06-16,S02,K08,2026-06-06 12:00:00+08:00,0.1200000000,4433,35446767a3af304c986f5a5816f404708f7130c73336d98e96be4f7e7e4d678e
2026-06-16,S03,K01,2026-06-06 12:00:00+08:00,0.0000000000,4434,de5973411e0d68c9f320f0813f56f4bf01ad604dbea931b273ad5a3d0e6b0eb8
2026-06-16,S03,K02,2026-06-06 12:00:00+08:00,0.1200000000,4435,5b26970558f2d91734b8784630cfadee7307aaa4145b35f711964755668d3e6d
2026-06-16,S03,K03,2026-06-06 12:00:00+08:00,0.0000000000,4436,82e4c26250205777f9cabf60d06cc73e8d4a4f186c6358fccfee527b1cedcc7a
2026-06-16,S03,K04,2026-06-06 12:00:00+08:00,0.0000000000,4437,9d08fd0772b8713a6762d9d567a5257a8c55e15ca3717719add9dd193248e935
2026-06-16,S03,K05,2026-06-06 12:00:00+08:00,0.0000000000,4438,a63e9fa6869f97ad6d7c878e3c0899ed75d844fb9c75c1d04645e0fce3e77670
2026-06-16,S03,K06,2026-06-06 12:00:00+08:00,0.0000000000,4439,e6b28a6b41a494176e594c464e1bc4cffa3f57304dea055aad14cf6018a565df
2026-06-16,S03,K07,2026-06-06 12:00:00+08:00,0.1200000000,4440,2a127cf78d278946979845edef8d696e0033a1c0064425510dd955834c086357
2026-06-16,S03,K08,2026-06-06 12:00:00+08:00,0.0000000000,4441,3d5619bc9cdcc1d54553529c22733dde7e4227d8da85a4f77eb5bf4c27d25bae
2026-06-16,S04,K01,2026-06-06 12:00:00+08:00,0.1200000000,4442,8ca4052b109356a94574dc636183c2d4f50036e92d0e9300681739fe69a50ef4
2026-06-16,S04,K02,2026-06-06 12:00:00+08:00,0.0000000000,4443,292e44466d1a5a8c3a86f2f6ac9e427ffbf49f8d5976fd2cfb8d17ad23c31add
2026-06-16,S04,K03,2026-06-06 12:00:00+08:00,0.0000000000,4444,b4ebd86a4c0053a250b97f7607206f7cc9006151da78161cfb5f0e4ecae1319b
2026-06-16,S04,K04,2026-06-06 12:00:00+08:00,0.0000000000,4445,fde9260075e933b474972527273fcff8de5bf1d9906a71e4dc8f776b595ee2cf
2026-06-16,S04,K05,2026-06-06 12:00:00+08:00,0.0000000000,4446,aaa90cb4fc8d27152a77e0ec9dcac523cbc23082cac56567059ce1c9a186be81
2026-06-16,S04,K06,2026-06-06 12:00:00+08:00,0.0000000000,4447,4563cacb13cbd3860850d504760162db141a75ac60ec895304700b3e0e9a9baf
2026-06-16,S04,K07,2026-06-06 12:00:00+08:00,0.1200000000,4448,f2b5c84c1d8ce181c109b33af84ce3e0822e7b9541a9659c66e9474b5b809014
2026-06-16,S04,K08,2026-06-06 12:00:00+08:00,0.0000000000,4449,97220c0f306f5516828321ff311f90272ddc4f726c1b96af27357099445e4626
2026-06-16,S05,K01,2026-06-06 12:00:00+08:00,0.1200000000,4450,973d4a3028042a4fa58ced827701db9b1636bd1b619b269e2aca308b3806e678
2026-06-16,S05,K02,2026-06-06 12:00:00+08:00,0.0000000000,4451,791635e1c8892eacc955c765d43654d16e11e18144073412bfd088e845092bca
2026-06-16,S05,K03,2026-06-06 12:00:00+08:00,0.0000000000,4452,cf3970570952cbf552f6bf2d9a334fa91d54d25ecafcfd7537d1fe18efc760ed
2026-06-16,S05,K04,2026-06-06 12:00:00+08:00,0.0000000000,4453,a1c80a2edd5ab8b12ef99b61408c0a0b78bc4d8fffde0947998fbf6d698633e5
2026-06-16,S05,K05,2026-06-06 12:00:00+08:00,0.0000000000,4454,6b5ac6de8db381fb115cdfc5404ff18a1e4d9607d66acc767893ae3f4c81ffe9
2026-06-16,S05,K06,2026-06-06 12:00:00+08:00,0.0000000000,4455,b5b86950e3e3dd0a70d67e2cbd30f099859791c658d277f4be28be2c15445d4f
2026-06-16,S05,K07,2026-06-06 12:00:00+08:00,0.1200000000,4456,655181a78bec622d03cbbd248e510ca7246c335fac431ea7b20ef2bd09296e62
2026-06-16,S05,K08,2026-06-06 12:00:00+08:00,0.0000000000,4457,c612ea95a35ceb81098b5ac36aae95a90c4a949df371466991028a1a90d8f665
2026-06-16,S06,K01,2026-06-06 12:00:00+08:00,0.0000000000,4458,fd8bfe919ae1350c95692dee0b2f1b307de7ef71e54d553446061a9faaab9c8b
2026-06-16,S06,K02,2026-06-06 12:00:00+08:00,0.0000000000,4459,e0aa0376998f576678fb047b33a9567ccccfddf515cd2e03a9c637a97a339e12
2026-06-16,S06,K03,2026-06-06 12:00:00+08:00,0.0000000000,4460,aea37117b6355ad3aa51869da1a6baf8143992dab1061049e61ace461698ab4e
2026-06-16,S06,K04,2026-06-06 12:00:00+08:00,0.0000000000,4461,8dbbc5da033f4641990a8f5711d565bca1adb83dbbdfefc6fef164cb871e4673
2026-06-16,S06,K05,2026-06-06 12:00:00+08:00,0.0000000000,4462,790d4f599728d1d9816f6dc79771ede5ed63e96b6a5a10c932d0cd38d9d56c8e
2026-06-16,S06,K06,2026-06-06 12:00:00+08:00,0.1200000000,4463,f51089b609db22bcd6ded5ed5c7504196da80ddab2b05c7b311153e23f5da57e
2026-06-16,S06,K07,2026-06-06 12:00:00+08:00,0.0000000000,4464,30252c8f9e096b527c155f47f7c55212d833524297b5e7dcd3b53e98c77ec101
2026-06-16,S06,K08,2026-06-06 12:00:00+08:00,0.0000000000,4465,c733db0edfb3a097363c191e66e6de2d169d60b9f5a05f174ffdef947571fa2a
2026-06-16,S07,K01,2026-06-06 12:00:00+08:00,0.0000000000,4466,a834c7d8ddc297aec68f276b11aa32a2890df04cf66ad36d898891b6f1b9522b
2026-06-16,S07,K02,2026-06-06 12:00:00+08:00,0.0000000000,4467,bc858cf56a00f23c880224f672c8e58d6fa9989e822faed8162a575d2132324c
2026-06-16,S07,K03,2026-06-06 12:00:00+08:00,0.0000000000,4468,2b58001eeb91c4d6cdf89e82f6aa7b76b5f18ccd89f1178af5d49e3db1c7f5ca
2026-06-16,S07,K04,2026-06-06 12:00:00+08:00,0.0000000000,4469,932838479df864a7a40eefe549244688631275906b7c3b7c9baa1bfd16277372
2026-06-16,S07,K05,2026-06-06 12:00:00+08:00,0.0000000000,4470,ff032229a75741b3f1c0613f4172ea0648b60397fcd46ae59efe1e8f6f477920
2026-06-16,S07,K06,2026-06-06 12:00:00+08:00,0.1200000000,4471,2f2f0fc5bd61d178cb3b04c9c6da6473e3925d8effea2423ae45a8500bf90c50
2026-06-16,S07,K07,2026-06-06 12:00:00+08:00,0.0000000000,4472,ffbc5bbdb1fcfbf9b98315ddc95007117af32bf8739b5ec11e7f31177171c1f0
2026-06-16,S07,K08,2026-06-06 12:00:00+08:00,0.0000000000,4473,c64234cac4e4d99f87db5c127d4c94069b3c88ae63f9f659afde08b58c803acd
2026-06-16,S08,K01,2026-06-06 12:00:00+08:00,0.0000000000,4474,e1a107e327b339e827b7151feef640b3bd39b24bdd0cad60da0c2cd3f8321c3a
2026-06-16,S08,K02,2026-06-06 12:00:00+08:00,0.0000000000,4475,2b33e247c4fc185a8a735fe0b6c001390f6a315aaad6a91c9c08e40f8ca796e2
2026-06-16,S08,K03,2026-06-06 12:00:00+08:00,0.0000000000,4476,2ffcd040c5c75f952f7ccf78fa864c0e180c7462365d2621fd94632e8b9eea80
2026-06-16,S08,K04,2026-06-06 12:00:00+08:00,0.0000000000,4477,022648eeadfe3208ace36da4a86b077cda6608078a8d15ad3895f660464819ac
2026-06-16,S08,K05,2026-06-06 12:00:00+08:00,0.1200000000,4478,9cf200be62cde27ff648a078257bf646822eb3641fbeabae14760b0244232adc
2026-06-16,S08,K06,2026-06-06 12:00:00+08:00,0.0000000000,4479,6519468a006537b4eca070b3f9290badcafa97030e865b603ae070a09548eb09
2026-06-16,S08,K07,2026-06-06 12:00:00+08:00,0.0000000000,4480,8fadd22bd4f33442ae0f84261bae040d3a5b86798cb2d6ed81f6861c89f329c0
2026-06-16,S08,K08,2026-06-06 12:00:00+08:00,0.0000000000,4481,df29b35c120c011d54b25a7dbc947e72a221c1ef290b5b5cdceafd9970b94cb6
2026-06-16,S09,K01,2026-06-06 12:00:00+08:00,0.0000000000,4482,f09fa7497da676c71c33d858b121b6181d552de047b260cba2c7bdd05660f59d
2026-06-16,S09,K02,2026-06-06 12:00:00+08:00,0.0000000000,4483,9daed5884510c19d2543dd3df2f30992421b309a4df2eebe0aa8ff05c982b81e
2026-06-16,S09,K03,2026-06-06 12:00:00+08:00,0.0000000000,4484,b56ac3476b7806c0c75507fad1cf7f8ba7426e87790951782b4e089cfc206c58
2026-06-16,S09,K04,2026-06-06 12:00:00+08:00,0.0000000000,4485,6607f6e196f57d0bacc986366aff1a69c39135270aff96ef04a9db7896d8e096
2026-06-16,S09,K05,2026-06-06 12:00:00+08:00,0.1200000000,4486,d45f66ccb323638985e05e6a819da00781e0873320313b123832907d1d6731e1
2026-06-16,S09,K06,2026-06-06 12:00:00+08:00,0.0000000000,4487,535c50ea8b1a6ddf9adc9d5d7e00dc868f7615283aa28696e427fb665d00fcb8
2026-06-16,S09,K07,2026-06-06 12:00:00+08:00,0.0000000000,4488,7d01fe203debc7ca47bcee9d8630ea9b1e6db7a83bb5596732e0d987fd6684c0
2026-06-16,S09,K08,2026-06-06 12:00:00+08:00,0.0000000000,4489,be56048170028c8433d2546e4de49c7a2a7d76c90a94eeb0c4135a3f04f5104f
2026-06-16,S10,K01,2026-06-06 12:00:00+08:00,0.0000000000,4490,2c6cf4cf963d5fb5e1f079b0f83df65487cbb289fa04c4ca35b2257228a60de5
2026-06-16,S10,K02,2026-06-06 12:00:00+08:00,0.0000000000,4491,bb2a01b021cf7c7645e9fde557cc3881238d9d2b13be0860e01082ccdf62248a
2026-06-16,S10,K03,2026-06-06 12:00:00+08:00,0.0000000000,4492,6bfb5f34a34a653c054775fbd258603139b8a32909f1e251e635abf3c9b8c001
2026-06-16,S10,K04,2026-06-06 12:00:00+08:00,0.0000000000,4493,685f089b7da00805729fc395e0ade16126c6f35e74111b3e6daa9af62492657d
2026-06-16,S10,K05,2026-06-06 12:00:00+08:00,0.1200000000,4494,ef89f11d4ca94abc11b427e6fc4e579c404906211f05a0bb683e13bd7ee5ded3
2026-06-16,S10,K06,2026-06-06 12:00:00+08:00,0.0000000000,4495,e4c414ea7167875d099a18215d544fae2b81b367316842f92f26f04142738958
2026-06-16,S10,K07,2026-06-06 12:00:00+08:00,0.0000000000,4496,277637f8bdde34eac69aaf5de9658c6e47c79105246bb08f60dca1fc5919b613
2026-06-16,S10,K08,2026-06-06 12:00:00+08:00,0.0000000000,4497,7c7797fa28db9574135c9b00534aa00a5027de6d40c3cf9a35d65e2aed2c80b5
2026-06-16,S11,K01,2026-06-06 12:00:00+08:00,0.0000000000,4498,2557eb430c5d192f8a355bce94e9c314fdb8ce2cbcf50aa86e3a002af427963c
2026-06-16,S11,K02,2026-06-06 12:00:00+08:00,0.0000000000,4499,3e933a82160ae295b304d8fd2df533da3e53cc4c7faeee710dd6b2b49b6da399
2026-06-16,S11,K03,2026-06-06 12:00:00+08:00,0.0000000000,4500,1546661d7cfdbb7158c053a47f0f0e40c8b5978bef5feb8d4ab3032b6ee9c936
2026-06-16,S11,K04,2026-06-06 12:00:00+08:00,0.1200000000,4501,a1231ba1289162ead2d1c77a476c7b12d83334b7bd24515b18c19f5e7e5e4733
2026-06-16,S11,K05,2026-06-06 12:00:00+08:00,0.0000000000,4502,52b09d41031ee684e41830461e16288cfd7409904d7b9ebf2d8e6796cf487d0a
2026-06-16,S11,K06,2026-06-06 12:00:00+08:00,0.0000000000,4503,0068a3573282ab6b614ab69b22831d6289b54788580fa9697e1b50b33e351fb4
2026-06-16,S11,K07,2026-06-06 12:00:00+08:00,0.0000000000,4504,fb8560d66d97489bc5338ba6eaa692690629718c70338e9f0a0f922d869fa155
2026-06-16,S11,K08,2026-06-06 12:00:00+08:00,0.0000000000,4505,d9492773fa72efc9cff00b6bcdb42ca23b9f9741ca937618914b74035deef338
2026-06-16,S12,K01,2026-06-06 12:00:00+08:00,0.0000000000,4506,d72954adf53e9cd08ce5ac6d6dc47f1f7287064ce42d17ab238603c1078da5f9
2026-06-16,S12,K02,2026-06-06 12:00:00+08:00,0.0000000000,4507,5b4065113cdd1bbb261d6cc1302a4f0316e00163072f7fe3c7462d8831b13e9d
2026-06-16,S12,K03,2026-06-06 12:00:00+08:00,0.0000000000,4508,06155cef8dc6742ed633aaf4b638316fa2d83b5a1f56a30471815a4381f93cbc
2026-06-16,S12,K04,2026-06-06 12:00:00+08:00,0.1200000000,4509,2e2d5c9f7254022da5f1b66ddfd677bc8adfdd9ea27e29380d978f498ff49b51
2026-06-16,S12,K05,2026-06-06 12:00:00+08:00,0.0000000000,4510,662043a4f9dfc9da3f780ec82da6a794199e6b3841a2797cbdd0a22562001c41
2026-06-16,S12,K06,2026-06-06 12:00:00+08:00,0.0000000000,4511,a4ec2735b0ad7743673c8c17683a474262d3a77ec55377803072ea825c37e953
2026-06-16,S12,K07,2026-06-06 12:00:00+08:00,0.0000000000,4512,d099a54f074ce883f11d0edf31aa162eeda0ee5b80c8e0f7f8e59763917c980d
2026-06-16,S12,K08,2026-06-06 12:00:00+08:00,0.0000000000,4513,ed5d7d233a5030ff2be0345bf7788513b0e4bfd3c80ca3098306ec37b0634cd7
2026-06-17,S01,K01,2026-06-07 12:00:00+08:00,0.0000000000,4514,8530fc97aac4391d008c358d49a935667595e54da1d42fe8893ea80f963d5d91
2026-06-17,S01,K02,2026-06-07 12:00:00+08:00,0.1200000000,4515,50d0c8bd9f65f31a4b8cf1dcfeee81e7cabed9682268c79f4dcac81fb419edbe
2026-06-17,S01,K03,2026-06-07 12:00:00+08:00,0.0000000000,4516,ca5f210deaf352aafedef2a7446145c8882ae54a5f8581d7259acdcd0163f13a
2026-06-17,S01,K04,2026-06-07 12:00:00+08:00,0.0000000000,4517,af7e34259eb18ab870a24decf88996e2dba096af4ab3c2babcb567fbd3b34162
2026-06-17,S01,K05,2026-06-07 12:00:00+08:00,0.0000000000,4518,361b67c925ae2765f6827ddc1d6ec58b12f033ba2a4e12fb2fb82bc8bc56d861
2026-06-17,S01,K06,2026-06-07 12:00:00+08:00,0.0000000000,4519,f16ec0efd205b5d973d72f94ee81fbe98f118a91679435a8bb3e276fef85e706
2026-06-17,S01,K07,2026-06-07 12:00:00+08:00,0.0000000000,4520,a65ab15eaccb5258c68c7ded802b45579bc52ad499d855909d2dff51180747f9
2026-06-17,S01,K08,2026-06-07 12:00:00+08:00,0.1200000000,4521,8c7031b853c2f4e540c15aaff044a5bd230673922d9c7193ccbdeb4aa767076a
2026-06-17,S02,K01,2026-06-07 12:00:00+08:00,0.0000000000,4522,9bec70b796360b025cc7a6628a9b6e620d72f30e36fb62caee99e1db785ac2a3
2026-06-17,S02,K02,2026-06-07 12:00:00+08:00,0.1200000000,4523,1584456ee3125bfe836764f9cf300e5eab75e80c26ab9a758b46ef7fe14f2cd7
2026-06-17,S02,K03,2026-06-07 12:00:00+08:00,0.0000000000,4524,13149e338a455f4dfb013f5e07369d0b94faa7bc817eb85355cbe406a81388c6
2026-06-17,S02,K04,2026-06-07 12:00:00+08:00,0.0000000000,4525,e72565ce9a8106771d1ec29d0d4a53fbadd72db2486afc0e9ec8ad8f25d613be
2026-06-17,S02,K05,2026-06-07 12:00:00+08:00,0.0000000000,4526,0ebf85b6ae56f4b8511c7394e3cc07dd89942143128390a0a6fc76eab2ab4881
2026-06-17,S02,K06,2026-06-07 12:00:00+08:00,0.0000000000,4527,cc10c3eb0465f984b2b43b25b75fab811f5a3d20d7e260cf6850bf98a25099f6
2026-06-17,S02,K07,2026-06-07 12:00:00+08:00,0.0000000000,4528,cb1390705079e4b342c027c074fe6a35c0e8bf0ead9ecc70d866da3ebdac197d
2026-06-17,S02,K08,2026-06-07 12:00:00+08:00,0.1200000000,4529,882bafc9c7565b588739d75b9001ac0a932cacbc7d6924b790907ebb7e4c441a
2026-06-17,S03,K01,2026-06-07 12:00:00+08:00,0.1200000000,4530,c5337cadf37bb2e40090617890ba5c1c01e08a092e05d06aae05d24411385eb4
2026-06-17,S03,K02,2026-06-07 12:00:00+08:00,0.0000000000,4531,dbe5496cd596e21cb5d80f02ea00662f3e724caf3db680a984a179d2b9d01ba5
2026-06-17,S03,K03,2026-06-07 12:00:00+08:00,0.0000000000,4532,956e9077f6bbaf629d5fdc99a802921d01c7153012d36d4e71e89f64f52bb024
2026-06-17,S03,K04,2026-06-07 12:00:00+08:00,0.0000000000,4533,7079b86fbdaa2f569e1f88c99da575aee7b83086618229098edd63d7be4f992c
2026-06-17,S03,K05,2026-06-07 12:00:00+08:00,0.0000000000,4534,ddeb77cb02bc56a41e9746e1b2f9d37fe90eb492212138731abfd9ba094cea50
2026-06-17,S03,K06,2026-06-07 12:00:00+08:00,0.0000000000,4535,5883154b8825ea05b58d108f7e26f48011e611b6cc2c9ac68efe5be0056ffd45
2026-06-17,S03,K07,2026-06-07 12:00:00+08:00,0.1200000000,4536,dc8906596cf4f36fa0a5d3e280b79821482322465c87d8ec5c1a3bf25c25fbfc
2026-06-17,S03,K08,2026-06-07 12:00:00+08:00,0.0000000000,4537,35f6be369d9c9a47e39935b152b901fe57e3a0267c7b04dc924acbc123872513
2026-06-17,S04,K01,2026-06-07 12:00:00+08:00,0.1200000000,4538,410bbcf895457dc239b61260bbe3c6724845d9826b7ca3072c99a8b8227fbe96
2026-06-17,S04,K02,2026-06-07 12:00:00+08:00,0.0000000000,4539,61987dceb5eb721a7089de5940b72cc1cabad1714633a4b553522b4fd0ddc468
2026-06-17,S04,K03,2026-06-07 12:00:00+08:00,0.0000000000,4540,b993803120123cd128230aa11bb323e66552559177179fe17e1c5ee9cfda5284
2026-06-17,S04,K04,2026-06-07 12:00:00+08:00,0.0000000000,4541,02b849f42bc7354a18b8ed8b52175869f6b62a0236ed12dbfbf940478a82b53f
2026-06-17,S04,K05,2026-06-07 12:00:00+08:00,0.0000000000,4542,5c873ff9ff74c880714b7d1c5f754c2a0e79493252a4c2679f9cbde61141dc3d
2026-06-17,S04,K06,2026-06-07 12:00:00+08:00,0.0000000000,4543,95047a38c108b7ff94b751b82080bdd000eed1f174df3d3b671c2c9df98e8d54
2026-06-17,S04,K07,2026-06-07 12:00:00+08:00,0.1200000000,4544,a8b7bef1398830480b6ea2716a0dbf8a1b3d06a62bc0ff291af86772cbb93128
2026-06-17,S04,K08,2026-06-07 12:00:00+08:00,0.0000000000,4545,6139375e9bf467d207c8fbb654f75f500745a21b7804852e77e3c6ad0a87f81f
2026-06-17,S05,K01,2026-06-07 12:00:00+08:00,0.1200000000,4546,5169ae5e99bd01defc9bbefdc6df930ca77a5b4a7beadafcad3d74545cb76ceb
2026-06-17,S05,K02,2026-06-07 12:00:00+08:00,0.0000000000,4547,e8cfab0db26c0776fb39b99badda6a88ec1da966b8baea5fdf28908c9f8812f1
2026-06-17,S05,K03,2026-06-07 12:00:00+08:00,0.0000000000,4548,2b7a74dbe30a4def59501cc18608b1a116c353ef9da3f42c3dd9cd29c4213ef2
2026-06-17,S05,K04,2026-06-07 12:00:00+08:00,0.0000000000,4549,776d17dd34c21431772919eab46f8c8ef57b1dfaaee943d51368ef7f9ee7bd37
2026-06-17,S05,K05,2026-06-07 12:00:00+08:00,0.0000000000,4550,f901ac63750186a34552f5fae8ab0a23ccb7bd394f051cfce5d55a89d9f442a4
2026-06-17,S05,K06,2026-06-07 12:00:00+08:00,0.1200000000,4551,6bf53271d8c8f811a660601effab312b4dc42530abbcd365fc16b05e8a84b30a
2026-06-17,S05,K07,2026-06-07 12:00:00+08:00,0.0000000000,4552,c19098252d172c223351586023a95b0ed67e02a336a316ba06464efd33d05ca4
2026-06-17,S05,K08,2026-06-07 12:00:00+08:00,0.0000000000,4553,0b4f5358fdded840a7b86bf78dd5cb9630227668c1d9f8ca7a348ef2b2d10400
2026-06-17,S06,K01,2026-06-07 12:00:00+08:00,0.0000000000,4554,eff65095421b302811b1611a2336bd6a2b048f8542c2f3a34d4854aa01cfc94b
2026-06-17,S06,K02,2026-06-07 12:00:00+08:00,0.0000000000,4555,1e5247dbb48af555d1894164c4790329e07b4f1e5fc8979a26d1964b0283cd80
2026-06-17,S06,K03,2026-06-07 12:00:00+08:00,0.0000000000,4556,88df3b0d01179a3aae4cb9d33558f260952a009cde14df18d8a19a8609934267
2026-06-17,S06,K04,2026-06-07 12:00:00+08:00,0.0000000000,4557,09cdb7bc40f879c5d87b7493c7472436d092eac7f32be32016f5b52fefffc834
2026-06-17,S06,K05,2026-06-07 12:00:00+08:00,0.0000000000,4558,1c60987f0232cdcda7a5a4e9ae44cf314f7059df6f3078abab1d67e3dc926c23
2026-06-17,S06,K06,2026-06-07 12:00:00+08:00,0.1200000000,4559,f2d81ad0f61e88d2a09686650c36dc0d93605cab06506c2937844c506462d0fa
2026-06-17,S06,K07,2026-06-07 12:00:00+08:00,0.0000000000,4560,c40b9e0c50ad8c03f9f1df614c21205fa1db3684ee8e9464d53b1ff32d6d6dcc
2026-06-17,S06,K08,2026-06-07 12:00:00+08:00,0.0000000000,4561,7bb078d0f99520e1e20800a72b24e475607a7706bce761eb52dc88fcfde727db
2026-06-17,S07,K01,2026-06-07 12:00:00+08:00,0.0000000000,4562,e5a0e0627df5c5de9a74db03d806266db150d9e1c11aabb5f28651ab3c7b4a14
2026-06-17,S07,K02,2026-06-07 12:00:00+08:00,0.0000000000,4563,af58c1b3a3bc2b3a0661d5fe8c0c114a045dcec513f9bff5951375254520f358
2026-06-17,S07,K03,2026-06-07 12:00:00+08:00,0.0000000000,4564,0d79d00a34a3bd1a3f944531217a3c6183bb108d5ede2693a51b2b62ee498fc8
2026-06-17,S07,K04,2026-06-07 12:00:00+08:00,0.0000000000,4565,8d3ff6a8ac9e09f32ad17820fa4002813315669a5747527dc3c821e634327e90
2026-06-17,S07,K05,2026-06-07 12:00:00+08:00,0.0000000000,4566,10bf2ac83f3d28cc6f797b77b7ecb36b7041f9a2ad7f5efcf95d9a2cf566709b
2026-06-17,S07,K06,2026-06-07 12:00:00+08:00,0.1200000000,4567,253c3cfb30f01fc3ad3a900284e5fccfebab8f52eb78fafe9a204e3b92fe9fd9
2026-06-17,S07,K07,2026-06-07 12:00:00+08:00,0.0000000000,4568,33bb94c209effdc90e3ffd9340ea674944f9897947d4e7ff755fd352b653da6a
2026-06-17,S07,K08,2026-06-07 12:00:00+08:00,0.0000000000,4569,a76cbf6cded4405be24965e178681a8b45e498738747947c5228634152fe095d
2026-06-17,S08,K01,2026-06-07 12:00:00+08:00,0.0000000000,4570,04094c91c9732df4a85a51b26e82fe3d240d7ed89064544a5ca789d20b4e1e1e
2026-06-17,S08,K02,2026-06-07 12:00:00+08:00,0.0000000000,4571,56c76b40f3f7c0ef03fd3ad291370fc625d76b9e8e6579775b89a815b7ce6a50
2026-06-17,S08,K03,2026-06-07 12:00:00+08:00,0.0000000000,4572,7ce131858210ce2a1e2cb485731061144a96eb875b26300b2e2b4cc72ba41d56
2026-06-17,S08,K04,2026-06-07 12:00:00+08:00,0.0000000000,4573,6206c84fe1961fd24bba6ee1b5e380bf443b7a41800924dca308c5bfdd71cb8e
2026-06-17,S08,K05,2026-06-07 12:00:00+08:00,0.1200000000,4574,8a29a74958add3ba74725ae8071dd869d19be928402736a84b577a845035c8c0
2026-06-17,S08,K06,2026-06-07 12:00:00+08:00,0.0000000000,4575,562adca24535534d14592da14621a3334af1e1e8e6c7363a9ff65d413ad14811
2026-06-17,S08,K07,2026-06-07 12:00:00+08:00,0.0000000000,4576,645fd2374cc4c5b55652d0abcffb117068a5ef42873981efe4e8af18fb6b22a4
2026-06-17,S08,K08,2026-06-07 12:00:00+08:00,0.0000000000,4577,2ee909bfc88472d9fe0c5ec82324bebd090e9718f69f69cb93da529dbaf7e230
2026-06-17,S09,K01,2026-06-07 12:00:00+08:00,0.0000000000,4578,cc38b3dbe74737c8941beb08e43cb1d811949a90eb12fd9ffd51d81a45cc548b
2026-06-17,S09,K02,2026-06-07 12:00:00+08:00,0.0000000000,4579,5f86b13e58b860484d25388b20292c4ba9f265ece6509b8be97397dfe2571d07
2026-06-17,S09,K03,2026-06-07 12:00:00+08:00,0.0000000000,4580,a53ebb8bd8cc6c1cdbebf5835a961d25dec3939558dc03db12a6c4c2c51c1fd4
2026-06-17,S09,K04,2026-06-07 12:00:00+08:00,0.0000000000,4581,546120c121e136b024683d00bae3c037672f6043205da50d4d39bb07539238eb
2026-06-17,S09,K05,2026-06-07 12:00:00+08:00,0.1200000000,4582,df9255b21ba3053f39ffeecc1d52e117fe87bb1c6bb4e11c48f58ba04698ea9e
2026-06-17,S09,K06,2026-06-07 12:00:00+08:00,0.0000000000,4583,b5fa0877a14b46bc8c8be67532c345f75d40623d083d40038ad5d4462f54fb0f
2026-06-17,S09,K07,2026-06-07 12:00:00+08:00,0.0000000000,4584,4697e85c3de4c47923eb54101e0d748baeb41872389247292ecfef20ec280ec3
2026-06-17,S09,K08,2026-06-07 12:00:00+08:00,0.0000000000,4585,2b76291e30534d7a8593bac30fbdff42146cc2b62b017d8db343ef816b015c53
2026-06-17,S10,K01,2026-06-07 12:00:00+08:00,0.0000000000,4586,a4064774dda8b35f9e8cee4e3def2cdadca16999a79aa18a93a37d7ef293394d
2026-06-17,S10,K02,2026-06-07 12:00:00+08:00,0.0000000000,4587,2aca28b72f6f4cb0e89eb8dfde31edb76348779ea7e68300c7eb951aa48af3a7
2026-06-17,S10,K03,2026-06-07 12:00:00+08:00,0.0000000000,4588,3e2667f5d2cd95d48263b921aa4dc4c040274796a09bb4b4537131b51e609ed7
2026-06-17,S10,K04,2026-06-07 12:00:00+08:00,0.1200000000,4589,bb00b0a9bb6356307d65c151d2a134d74ceb224de9560b6e2dd3f5005e106338
2026-06-17,S10,K05,2026-06-07 12:00:00+08:00,0.0000000000,4590,d370ece88c9ab022ab9a40b24bb8366666617a9d5eb5b56933dd300dc114b23e
2026-06-17,S10,K06,2026-06-07 12:00:00+08:00,0.0000000000,4591,87bfe0749d091a9a73bc3639f073a59df6fe8bac2fd5bd4fb68c52cde6d07d55
2026-06-17,S10,K07,2026-06-07 12:00:00+08:00,0.0000000000,4592,0727586043c9bf89ea98b17c2e07f383fb08b97da33e4d3d5fd5119d2d7aa2f1
2026-06-17,S10,K08,2026-06-07 12:00:00+08:00,0.0000000000,4593,b198ec448adcccd2b37595212da5e2a757be6fc3aa45deffc1526c4a059bb38e
2026-06-17,S11,K01,2026-06-07 12:00:00+08:00,0.0000000000,4594,e131325191c1197c4eadbce6a4a3c4814f63a105ade42473f11fb46c48a3b3ff
2026-06-17,S11,K02,2026-06-07 12:00:00+08:00,0.0000000000,4595,5150d0c5174e0e51c7d41ef10328f9430601103be83cc77978a4f3c454a08825
2026-06-17,S11,K03,2026-06-07 12:00:00+08:00,0.0000000000,4596,27aa4d4547489999905c44e0d7db4f0f1955b4d1c101338820333164a636899d
2026-06-17,S11,K04,2026-06-07 12:00:00+08:00,0.1200000000,4597,be056de2576d43e21dea8bb3994ba0563430d1b4630540753ca1b52059bceadd
2026-06-17,S11,K05,2026-06-07 12:00:00+08:00,0.0000000000,4598,b8d61650fbb0490e919784b98e02b219652302fe522c3e5e857d4a0ee74dba6e
2026-06-17,S11,K06,2026-06-07 12:00:00+08:00,0.0000000000,4599,c337dac4b1700566bb1db2015a1af8583d5f4202bf073cff0f4a9f95057c5b13
2026-06-17,S11,K07,2026-06-07 12:00:00+08:00,0.0000000000,4600,139f4678d4e7f4cd2d37d89a9d07e34a333f392d267ac12e51b80e30d31db297
2026-06-17,S11,K08,2026-06-07 12:00:00+08:00,0.0000000000,4601,3d1f39b05f9f4a1183f14198289abbfbc58098be19ae0b61ed7725bdca349fd9
2026-06-17,S12,K01,2026-06-07 12:00:00+08:00,0.0000000000,4602,1a8f6ae72388ccd42b78306fa3eda165209a1d1d485b0f1ab0da38df6cdcd120
2026-06-17,S12,K02,2026-06-07 12:00:00+08:00,0.0000000000,4603,44b32690919e88c257acb95e5d9e9c312479afbe8fa7635872d4a37149435e3b
2026-06-17,S12,K03,2026-06-07 12:00:00+08:00,0.0000000000,4604,b1ba1fda63c06de740d562826fa92f0213275f8f389449ffa10dfd0164e8f4df
2026-06-17,S12,K04,2026-06-07 12:00:00+08:00,0.1200000000,4605,cfc95d0e62c10460d838ffa20d7e8b868d4a461ce83627819b613711731bac92
2026-06-17,S12,K05,2026-06-07 12:00:00+08:00,0.0000000000,4606,4606607bcec6e3fc49d010ae107381f287e5f2b6dc6547257318c73b0d6b950c
2026-06-17,S12,K06,2026-06-07 12:00:00+08:00,0.0000000000,4607,678e037ec229d2ad07fc3a9ed67860172ec85708e7d86ce163a37fba7a6f92fb
2026-06-17,S12,K07,2026-06-07 12:00:00+08:00,0.0000000000,4608,58e27a2b3c3ddbff589857e0160f327bfbba5100edbde8b92859aa578ffbc28c
2026-06-17,S12,K08,2026-06-07 12:00:00+08:00,0.0000000000,4609,d6e43311889e159a557e1a6bc65cbe8749c966b2e53c2954ad03355b6942be7a
2026-06-18,S01,K01,2026-06-08 12:00:00+08:00,0.0000000000,4610,ca98537edcbb13ef0551563cf674506353be4191aa928dcccbd8fb841261d3f0
2026-06-18,S01,K02,2026-06-08 12:00:00+08:00,0.1200000000,4611,1f5a8088a1af5520a216aa65f77f03685ccd2e3087715684920ac1aa225d4374
2026-06-18,S01,K03,2026-06-08 12:00:00+08:00,0.0000000000,4612,3d442d4c87ee68db1b336b13952686d4b60ebaaae0485024971dcb673c4d2f97
2026-06-18,S01,K04,2026-06-08 12:00:00+08:00,0.0000000000,4613,7655cfb0f4d17c2de8e2bab31ce3b91bbd26b3c42fda078e6a525b93f073fff4
2026-06-18,S01,K05,2026-06-08 12:00:00+08:00,0.0000000000,4614,d88af66f0db3cec914f4d4516a3d4afec78c3fc19f68d70893693063283b83a0
2026-06-18,S01,K06,2026-06-08 12:00:00+08:00,0.0000000000,4615,b6812dc8e4ec4693622ba5884d065f57c0745c83ffde86f0bb98f0f81306d7c5
2026-06-18,S01,K07,2026-06-08 12:00:00+08:00,0.0000000000,4616,65f3a1409ac05dea557d4c7f565ff76e9e2302e006f65395bf9539d7fd79bde2
2026-06-18,S01,K08,2026-06-08 12:00:00+08:00,0.1200000000,4617,41222c412959077342148c840c03888ff958eca15a71190327625167df75f15a
2026-06-18,S02,K01,2026-06-08 12:00:00+08:00,0.0000000000,4618,d8df927e06c868ed91f8686f01daed536876128bea44d3e82dbcc59fd09b90ef
2026-06-18,S02,K02,2026-06-08 12:00:00+08:00,0.1200000000,4619,6983a43f76a9b9ce347bcc608bd4d92c34a5e578a89fda13548a9f005c8b7939
2026-06-18,S02,K03,2026-06-08 12:00:00+08:00,0.0000000000,4620,47f13008791f9a72ce056ee5129b290399b4398762fa2f888df6746b0fa1852a
2026-06-18,S02,K04,2026-06-08 12:00:00+08:00,0.0000000000,4621,246e519e23916842053ba3d9e492609b02187e04a1e29fd49602741df56360aa
2026-06-18,S02,K05,2026-06-08 12:00:00+08:00,0.0000000000,4622,ff5ac62a18ceda381f96f88e9de1d65edc029c8f3c82e7f409691467fa626360
2026-06-18,S02,K06,2026-06-08 12:00:00+08:00,0.0000000000,4623,a4be010b0d4128b367f10f068d65716d708a170d92e63dabb242cbd5f53e50cd
2026-06-18,S02,K07,2026-06-08 12:00:00+08:00,0.1200000000,4624,363a6dd116badd2ae7b91e0cd1ddb57b647069b7866b3d8f0fc6ae8944ec5c1f
2026-06-18,S02,K08,2026-06-08 12:00:00+08:00,0.0000000000,4625,6af7976fbf594161f46c65175b868a0f84b4f57bc34c5072ea0602f53394124a
2026-06-18,S03,K01,2026-06-08 12:00:00+08:00,0.1200000000,4626,57b6c460cc6a205101d13a4d86a66169d867c95d4a242f1200f3ec033db3aa78
2026-06-18,S03,K02,2026-06-08 12:00:00+08:00,0.0000000000,4627,7f21feb1b5dc4f75232cfaaeb45d886f1db2e38f824db12b79d3e9a7d5d369d2
2026-06-18,S03,K03,2026-06-08 12:00:00+08:00,0.0000000000,4628,6669aa9cd0f55e256b8f8abadbca407953b1663014dc7c8a64075cd43deccfa8
2026-06-18,S03,K04,2026-06-08 12:00:00+08:00,0.0000000000,4629,4997e61a301ed2e2ec2d3ed9b2f068df08e64af3237a1093556593253467a84a
2026-06-18,S03,K05,2026-06-08 12:00:00+08:00,0.0000000000,4630,bc4cca59d6b2a9eaac93d3178b5ff309f032657f4d892d3647423c9dcec5e60f
2026-06-18,S03,K06,2026-06-08 12:00:00+08:00,0.0000000000,4631,ba538e8be4cc08f6227010e9b865e110bbc9bf92a1d987e58d5c208d6d93caeb
2026-06-18,S03,K07,2026-06-08 12:00:00+08:00,0.1200000000,4632,597825c6c915911c22f658d5bdc0092949d3f4415f217ad2df97b15e6341050a
2026-06-18,S03,K08,2026-06-08 12:00:00+08:00,0.0000000000,4633,2cb2766827fa1ccdbcaae595dd3b34456250ab9be9cb07b106e9ec929f35f476
2026-06-18,S04,K01,2026-06-08 12:00:00+08:00,0.1200000000,4634,7be06abf6ea4519587acf792a0c5615a27c2f3450148cba934d04c322f85dd21
2026-06-18,S04,K02,2026-06-08 12:00:00+08:00,0.0000000000,4635,5f8060502e5f939d64183d5f62d9455fc8b4f019838dca496eb78e3142689e1c
2026-06-18,S04,K03,2026-06-08 12:00:00+08:00,0.0000000000,4636,8ec699d59df9407d3e9d08870c944c8329da8415e53588e7c1725db4b8782ab1
2026-06-18,S04,K04,2026-06-08 12:00:00+08:00,0.0000000000,4637,aaf491a2b143e6054c55dc315eafcd6cb92fb1ac787e7bf360f1f5a9dbdfce3e
2026-06-18,S04,K05,2026-06-08 12:00:00+08:00,0.0000000000,4638,f1320b9b14332222d8bf37d9e10a0b0dd637b13c4c38d2cf399e1034628e9218
2026-06-18,S04,K06,2026-06-08 12:00:00+08:00,0.0000000000,4639,26560bd28ea456fcb78a64f593f60c50d83230f5342e22cad8ca0d0602998982
2026-06-18,S04,K07,2026-06-08 12:00:00+08:00,0.1200000000,4640,26069db07946c1d0c8e7b0dc0d6e37cb912ba7c4af93d64ac647fd670722d254
2026-06-18,S04,K08,2026-06-08 12:00:00+08:00,0.0000000000,4641,5b8d25073445527e8bd92a79166d8a16cb2a817a5be132ecdc388c2ec3ecb22d
2026-06-18,S05,K01,2026-06-08 12:00:00+08:00,0.0000000000,4642,83991826d49af944b143dc5c0f851828c6f9639a12f91197aada36b8de0cd31c
2026-06-18,S05,K02,2026-06-08 12:00:00+08:00,0.0000000000,4643,11acdca357b6e4fb509b1016b83c1871d49e3998b196b95dff761688096fda19
2026-06-18,S05,K03,2026-06-08 12:00:00+08:00,0.0000000000,4644,337761ff84ee28e7973b69bfbd6d7fd6d1358796e15c4e191d589e8f6503310d
2026-06-18,S05,K04,2026-06-08 12:00:00+08:00,0.0000000000,4645,ef138e9309f3a630704bdef2daeef544c33b32b31e9b83002bf6d44bda996c89
2026-06-18,S05,K05,2026-06-08 12:00:00+08:00,0.0000000000,4646,6ce77aa95357901d4eb93389b22b5d44cacc6988628993528ce4b2d055ee3ed2
2026-06-18,S05,K06,2026-06-08 12:00:00+08:00,0.1200000000,4647,abb082ebec7e4a0e8ea81a1db669a6c8903ea56b990a77ed87cb865e8bd47ac8
2026-06-18,S05,K07,2026-06-08 12:00:00+08:00,0.0000000000,4648,e4c61bac7aa46c5eaaa710e05ec9bad6adc1ffa7443ff0b9e97bfea0e742a745
2026-06-18,S05,K08,2026-06-08 12:00:00+08:00,0.0000000000,4649,94d60cc10b25709010d6768e9f61a11eda65fcbb40f39580799fd1f09d3037f2
2026-06-18,S06,K01,2026-06-08 12:00:00+08:00,0.0000000000,4650,d606e85e61f9a282a5322869235496eb605ceb60f4ab62dfad4e422018132728
2026-06-18,S06,K02,2026-06-08 12:00:00+08:00,0.0000000000,4651,e91656214c28fe09b680d848fcecb379893080c5233acab15f14379d71b612b5
2026-06-18,S06,K03,2026-06-08 12:00:00+08:00,0.0000000000,4652,92163f592424bce459adb7f95dc7ff044725a53972060cd53561f98bc23e88ec
2026-06-18,S06,K04,2026-06-08 12:00:00+08:00,0.0000000000,4653,ff3abc03638d8277fb9b8366e8808ba2a835ab8e94d1062eb6ffe6582d707876
2026-06-18,S06,K05,2026-06-08 12:00:00+08:00,0.0000000000,4654,250db11842c6464f58745442484269975b1107ea4ccb23810939cbb340cc6a44
2026-06-18,S06,K06,2026-06-08 12:00:00+08:00,0.1200000000,4655,8adcf39bba522ece4c5cfed8dd8f138516039a0a0190d29fc23f85db56abbf1f
2026-06-18,S06,K07,2026-06-08 12:00:00+08:00,0.0000000000,4656,121239c0fa1e1b476145c615c348bdafad5489c08d26eeeb350914864eb0f3ba
2026-06-18,S06,K08,2026-06-08 12:00:00+08:00,0.0000000000,4657,a43f0ce000ed15ae6d5213ebe6227a007d8b486538c7f8c7c4c25496a20b1559
2026-06-18,S07,K01,2026-06-08 12:00:00+08:00,0.0000000000,4658,14f0cc1e36ba78972749c002994f916ac5f463aa68f70df0d5b68e80f7c326ce
2026-06-18,S07,K02,2026-06-08 12:00:00+08:00,0.0000000000,4659,a818f956529eb9fc7b4c327caa295de9d361b4ddfc1c4d8dd9793638fe5f6079
2026-06-18,S07,K03,2026-06-08 12:00:00+08:00,0.0000000000,4660,6a462da175af50c265fc700be179bfac8f5eec0ce761e7c4d4fc82a895da125c
2026-06-18,S07,K04,2026-06-08 12:00:00+08:00,0.0000000000,4661,32e7600299dcbf373d347547805c7f42b357141d25f7adbd3a5f6e4271cf16cc
2026-06-18,S07,K05,2026-06-08 12:00:00+08:00,0.1200000000,4662,4cf73a9b898f50599144a6731b2b46b0006edb4d19dc67023a595c3ff4137b64
2026-06-18,S07,K06,2026-06-08 12:00:00+08:00,0.0000000000,4663,3a7075e65bb31d6645af7cddf4355f53ea6ad85b17f639986e5f54c71d6db66c
2026-06-18,S07,K07,2026-06-08 12:00:00+08:00,0.0000000000,4664,77911419a0b9e896b3fbcb41448a6a2802c0c927c9f572e86b701d11a82b006e
2026-06-18,S07,K08,2026-06-08 12:00:00+08:00,0.0000000000,4665,bc70c355181c878f1b923a82c2dd5cabfba00d5eecee7012f3f96e70a26db9c8
2026-06-18,S08,K01,2026-06-08 12:00:00+08:00,0.0000000000,4666,37623dfa58afff2ea786e1de4c9305c9cac62e71c41f397a7cc9c6d4a21e1cf6
2026-06-18,S08,K02,2026-06-08 12:00:00+08:00,0.0000000000,4667,0ad64a5dc8aadc647b8b56466bdaf5d08b380afe47ae28e505e786dfb947cf9d
2026-06-18,S08,K03,2026-06-08 12:00:00+08:00,0.0000000000,4668,3b7acbdc9eb1137bd9cb4cf818809788d052a03186034e6d319acf902956ce6e
2026-06-18,S08,K04,2026-06-08 12:00:00+08:00,0.0000000000,4669,221969f5a7a709b838834fda321310c140e2dfec872b61b00074dabd7e00c717
2026-06-18,S08,K05,2026-06-08 12:00:00+08:00,0.1200000000,4670,61582d9ee863754980ff451cbc3d643eb82018ce276ff4ab71326ab076e454bd
2026-06-18,S08,K06,2026-06-08 12:00:00+08:00,0.0000000000,4671,f656e4cd27aadb1c8fdd1ed78326fb652f8611c29156f211d13afc7dd638d05f
2026-06-18,S08,K07,2026-06-08 12:00:00+08:00,0.0000000000,4672,1050ecf5d092f7657e95acf6df386da35b81a72fc130d46430eae6307cf4fad9
2026-06-18,S08,K08,2026-06-08 12:00:00+08:00,0.0000000000,4673,af4ac7c91accfa9fbef9fe97852f4f111c1029528d48ec903f69d283c161bfd6
2026-06-18,S09,K01,2026-06-08 12:00:00+08:00,0.0000000000,4674,2a92fe3903eded0e0521f8e63faaee32fde14bdf42e2c739da4510ba3cbdab7b
2026-06-18,S09,K02,2026-06-08 12:00:00+08:00,0.0000000000,4675,cd647fd0a6cb1f64a2e3b61461b231de6a31548dbbc64288a36f1c69aae39f1a
2026-06-18,S09,K03,2026-06-08 12:00:00+08:00,0.0000000000,4676,fac998e4208f7592fa275579bd810a8a751f8949452834c89b7c5f60ce3e94fa
2026-06-18,S09,K04,2026-06-08 12:00:00+08:00,0.0000000000,4677,9346ed4c6a518a421655570027caa11ed2d6c72d2a0ae6931f7282965a1db47d
2026-06-18,S09,K05,2026-06-08 12:00:00+08:00,0.1200000000,4678,23f75338bdd031a630db78412d62179454b1b652b7421adaa8c9959d3facf217
2026-06-18,S09,K06,2026-06-08 12:00:00+08:00,0.0000000000,4679,0cd8f011c3cc3f9549fea598781c0e95e4de22caceb2350f231d02de8f9b45f1
2026-06-18,S09,K07,2026-06-08 12:00:00+08:00,0.0000000000,4680,d4429a462b829e8f50cc5fbaf19a493bb52e2a08e30c77ac0a8fd03f46d21168
2026-06-18,S09,K08,2026-06-08 12:00:00+08:00,0.0000000000,4681,2989b923183aa79f33175d604fb805a977f8de5f44169af5c25c527b3effe633
2026-06-18,S10,K01,2026-06-08 12:00:00+08:00,0.0000000000,4682,f714ae7971e630bae1f6d1dbaad291972081c3de73d861877a0e8776bdde2d34
2026-06-18,S10,K02,2026-06-08 12:00:00+08:00,0.0000000000,4683,d164415dfe3edcfd94c138e299f5639354d9ea812e2950e9f3ea5e68a61bd4b0
2026-06-18,S10,K03,2026-06-08 12:00:00+08:00,0.0000000000,4684,d25161b32ea8a1adaa467f254f52984d5ef95a629fff4425785d947955afff94
2026-06-18,S10,K04,2026-06-08 12:00:00+08:00,0.1200000000,4685,cfd119d2c018c038510cf909e5c5d0302ecce7a8a3222e1f63b13f94c4667d4d
2026-06-18,S10,K05,2026-06-08 12:00:00+08:00,0.0000000000,4686,658384b0a160738a586189eb1450ec79526b87189e86094d83494b52c1ef61fb
2026-06-18,S10,K06,2026-06-08 12:00:00+08:00,0.0000000000,4687,eb5b65e0f5776b05b5d55522100bdf9e92465939f75fe5b426e75d0699f555f3
2026-06-18,S10,K07,2026-06-08 12:00:00+08:00,0.0000000000,4688,8284c48baa231fa4de449facf56a486e84786ec8fa9e8520d8eb52dd10989b31
2026-06-18,S10,K08,2026-06-08 12:00:00+08:00,0.0000000000,4689,465cd0ae6552f76f7e9a659b87417044b9bbc8b049a4374718f2c3ba4bbd278b
2026-06-18,S11,K01,2026-06-08 12:00:00+08:00,0.0000000000,4690,9b70c80e98ad884134e87b0196a8e9ea33051bc3cf282f15ec9927ca6ed12e7f
2026-06-18,S11,K02,2026-06-08 12:00:00+08:00,0.0000000000,4691,a025cb843fc0a4c04e4fd282e901f5501321df2a67b9842f2ddfede2c26a28e4
2026-06-18,S11,K03,2026-06-08 12:00:00+08:00,0.0000000000,4692,d4cee96bd877d0c5093f8cad2f9fa4c6128eac65622ec685b1b94d8086290c13
2026-06-18,S11,K04,2026-06-08 12:00:00+08:00,0.1200000000,4693,4a15268703babe39bb535b98376714e4e44b207cd719a1f6d01e3a018484b2c2
2026-06-18,S11,K05,2026-06-08 12:00:00+08:00,0.0000000000,4694,24a0b5e0f7fa112885b2775913a3a9da1aa853aa2aba4858fb96c9a6c18ec0ce
2026-06-18,S11,K06,2026-06-08 12:00:00+08:00,0.0000000000,4695,ad37c41425dc285bc066c8ace673ffec2dfaf89062757553ef2b549270c323dd
2026-06-18,S11,K07,2026-06-08 12:00:00+08:00,0.0000000000,4696,64f676d2d7a7af9d5bfea1c3726a8e0332e0f5433c9e57bca125213e3322cdd7
2026-06-18,S11,K08,2026-06-08 12:00:00+08:00,0.0000000000,4697,7bd41094f96de34c6d91a1440aaae63b96f23ee198201bc8a0b05cb5e08f5103
2026-06-18,S12,K01,2026-06-08 12:00:00+08:00,0.0000000000,4698,acb4be7df5bfb69f7c19578b60e7fc872c239996740109ea45193ca805fe3813
2026-06-18,S12,K02,2026-06-08 12:00:00+08:00,0.0000000000,4699,459e3ac299ede6523369fbd3207d1d167359942f7c56b5e8b22497cd9a7dfdaf
2026-06-18,S12,K03,2026-06-08 12:00:00+08:00,0.1200000000,4700,778b1f8f14a18a4f9a8f51d5ef5118a8023e0c0473947068c772695e60291d86
2026-06-18,S12,K04,2026-06-08 12:00:00+08:00,0.0000000000,4701,dff524c429c0500b8de40d93780ae3f50d3d18784ae22539fa4f6ab3c9eafc56
2026-06-18,S12,K05,2026-06-08 12:00:00+08:00,0.0000000000,4702,c72bfaa82e0180903fd1ddc6a43fadb82c4349d7d40c4b9af93a3ccd5ca73404
2026-06-18,S12,K06,2026-06-08 12:00:00+08:00,0.0000000000,4703,0b43644b68e6d7cde5d773c50ca9d272e84e7ea714473ad85b0d27fe2928ae15
2026-06-18,S12,K07,2026-06-08 12:00:00+08:00,0.0000000000,4704,3839be1d28eba23012374321a6f33775ddb146b58388d440b8bfed16999d5125
2026-06-18,S12,K08,2026-06-08 12:00:00+08:00,0.0000000000,4705,19e8d3ca60c33f2bce7fca5a7c6083bf01ea989f51c14d1c72163db50d2917ad
2026-06-19,S01,K01,2026-06-09 12:00:00+08:00,0.0000000000,4706,72945b7183b50718a8820e4f5be512db45098b2719d230fbaa4da79992264a4e
2026-06-19,S01,K02,2026-06-09 12:00:00+08:00,0.1200000000,4707,619ea2e164aaf5ac1d6357b2552269eb01e4742fa407e624cde6275dbc8d6157
2026-06-19,S01,K03,2026-06-09 12:00:00+08:00,0.0000000000,4708,a6e18bf507012df484e1a50616b2d1638757f105d85ef82a4d89d41662c6e98c
2026-06-19,S01,K04,2026-06-09 12:00:00+08:00,0.0000000000,4709,9c86ed5821ec46e82c0359726ff4271a2b2a2c7b8c99b48e22d849242de25f8a
2026-06-19,S01,K05,2026-06-09 12:00:00+08:00,0.0000000000,4710,2800a2651bba0fab4a75cf944defa40ad283b7864421890549f9cc1b698ee377
2026-06-19,S01,K06,2026-06-09 12:00:00+08:00,0.0000000000,4711,4bad1488e6bd7617cbd4cff8be5cdf517be1722468b710e07b485343ba22fe8d
2026-06-19,S01,K07,2026-06-09 12:00:00+08:00,0.0000000000,4712,16d59e02e8aa516260a05060461caf86260dfa2b985edc533a5e489c9802cb35
2026-06-19,S01,K08,2026-06-09 12:00:00+08:00,0.1200000000,4713,68e3f131bd8ed46b88099fd3711089d8026726239083133a872b98413ac7514f
2026-06-19,S02,K01,2026-06-09 12:00:00+08:00,0.1200000000,4714,3627410f657a007bdaa194bbb15b9791aa8b3ef52a949e7b424fe91feefe4c1e
2026-06-19,S02,K02,2026-06-09 12:00:00+08:00,0.0000000000,4715,6955f0558192e734217a1edd5c863046d6702e5059a08ac9691ff7044944b61b
2026-06-19,S02,K03,2026-06-09 12:00:00+08:00,0.0000000000,4716,c6722800e874ace0ab14a3b4a5c79828de727d721363ac12424e033431c17c90
2026-06-19,S02,K04,2026-06-09 12:00:00+08:00,0.0000000000,4717,3f97c65ef076331148f06924bd2f0b01cc2353548fa4db562832500a3211fc57
2026-06-19,S02,K05,2026-06-09 12:00:00+08:00,0.0000000000,4718,b9d17d00b4e70acd0f557d9cc735e8f7c6e5d57bf86fe184498a76c3b5eaf769
2026-06-19,S02,K06,2026-06-09 12:00:00+08:00,0.0000000000,4719,55a20793fdb9607c2be9395ae58aa553ba0c55000e0ba00de9e6df8b0e730ac9
2026-06-19,S02,K07,2026-06-09 12:00:00+08:00,0.1200000000,4720,e28266cd150c1fa8c7660d23355605ce34ee08281dc7f514249107f059747502
2026-06-19,S02,K08,2026-06-09 12:00:00+08:00,0.0000000000,4721,888c856a0ce47cb553a53b227d75dfdcbffd8f71f0e7c1eddd152d833aff0fce
2026-06-19,S03,K01,2026-06-09 12:00:00+08:00,0.1200000000,4722,a0022841b109a76545448ce79d2e795270e165306c8dc15153f5ec0006a22825
2026-06-19,S03,K02,2026-06-09 12:00:00+08:00,0.0000000000,4723,840440851aced35020e99cf7af57b9b6047e84324595a971af5917b9e7bf4954
2026-06-19,S03,K03,2026-06-09 12:00:00+08:00,0.0000000000,4724,1c4857f5e2300b67a56bdd9cd48149f0bcc2bb18554a7ee76c2b8c905ad165ae
2026-06-19,S03,K04,2026-06-09 12:00:00+08:00,0.0000000000,4725,897f48305ee0910a6f689304f87ed28c211b0ef3730f89c58768ef12ed48127d
2026-06-19,S03,K05,2026-06-09 12:00:00+08:00,0.0000000000,4726,1015b3c274c547c08acea079aec27ce851c5a256b737ca70324b916640c12aa1
2026-06-19,S03,K06,2026-06-09 12:00:00+08:00,0.0000000000,4727,1c47c3b4162c4c3828c73002897b1318533531313869b755c25969a91c59c58e
2026-06-19,S03,K07,2026-06-09 12:00:00+08:00,0.1200000000,4728,75bd6494a36fb8840b823dc542b87be6734bb69a8f779285e0c6d011689c44f2
2026-06-19,S03,K08,2026-06-09 12:00:00+08:00,0.0000000000,4729,1144546586b36cd8a290a904b7c6ed969d65fa432819d57c4e71841c86e431c0
2026-06-19,S04,K01,2026-06-09 12:00:00+08:00,0.1200000000,4730,6d1c5308d4b6809f2aa848d54416ee044629d60ab025ac511dc00b875b5ddbde
2026-06-19,S04,K02,2026-06-09 12:00:00+08:00,0.0000000000,4731,dac4625a6e2369fb336d8f2c98778c17c8bf5c5da4d980016ea27a2814d8da4e
2026-06-19,S04,K03,2026-06-09 12:00:00+08:00,0.0000000000,4732,5900432573fee17ba4dcd4b6ea8d58f73d27b0eaba7f113941bf235d9ce82165
2026-06-19,S04,K04,2026-06-09 12:00:00+08:00,0.0000000000,4733,971ccfdb907855f9adda331f6dbe90ed12366cf50352f986987e88ef053e1d36
2026-06-19,S04,K05,2026-06-09 12:00:00+08:00,0.0000000000,4734,3b34d5026b64a6a0b736c9c0a1fc505c146dcd1547c760cef2cf16c5aa847df6
2026-06-19,S04,K06,2026-06-09 12:00:00+08:00,0.1200000000,4735,70e5fda1d765d698cfa4c3a66b90c069a062c93339f208b75f267ade5164abac
2026-06-19,S04,K07,2026-06-09 12:00:00+08:00,0.0000000000,4736,cb1427c010a96b616c61a0a7f730274d416775d848e4589585207be909ed82dd
2026-06-19,S04,K08,2026-06-09 12:00:00+08:00,0.0000000000,4737,55a26145ca957825d02ac41ed9cfb6e38083f69a808314f34143d026e12ed8d9
2026-06-19,S05,K01,2026-06-09 12:00:00+08:00,0.0000000000,4738,2de87c4f703ae0b466647ffaf2bdb60c7aa2aa00c8a74ea2393e42ac742bf6a2
2026-06-19,S05,K02,2026-06-09 12:00:00+08:00,0.0000000000,4739,8c5b618c227f8158f138fc760e28dce98698c8b45286580e40601091f469c07c
2026-06-19,S05,K03,2026-06-09 12:00:00+08:00,0.0000000000,4740,26bb699f0f2d9f81d741fbd66f3d1a8468e6ab723fac5724fd7951db5fc00aa9
2026-06-19,S05,K04,2026-06-09 12:00:00+08:00,0.0000000000,4741,60cff37c908635290c2d03f55b39e743e241aeec2a13b786b034d2b9e31887f2
2026-06-19,S05,K05,2026-06-09 12:00:00+08:00,0.0000000000,4742,bce9300c3fc7215f76819af7a1b82e46b6af3292ec8061331322bc680a5e08bd
2026-06-19,S05,K06,2026-06-09 12:00:00+08:00,0.1200000000,4743,04ae857bb51ea088ee954633e8beb2b8b2913e6c9923365e20ce39a6a7b36f96
2026-06-19,S05,K07,2026-06-09 12:00:00+08:00,0.0000000000,4744,867d7336d2f0170a02c08cd487c700be08d9c954114f62fa3e4bd9b88534b349
2026-06-19,S05,K08,2026-06-09 12:00:00+08:00,0.0000000000,4745,0358a9abafec297bd6d07770da06f27df6dd72d26d934e7c92f87a86a5de7600
2026-06-19,S06,K01,2026-06-09 12:00:00+08:00,0.0000000000,4746,957303ad499b8c43e197bdb3896994d8228ca0f8658be7fdf31f487e68e97d1e
2026-06-19,S06,K02,2026-06-09 12:00:00+08:00,0.0000000000,4747,4311305ff70629547e2bf5868f7bd1ee904242247a1f7b1cb7d880d685b6894a
2026-06-19,S06,K03,2026-06-09 12:00:00+08:00,0.0000000000,4748,671f9fe21fb70d425c1aa3acdfb93c93e0a172a53d4233af17ac503a9c3f39bd
2026-06-19,S06,K04,2026-06-09 12:00:00+08:00,0.0000000000,4749,81300db2e1fc264964b3a22b9ad44b7cee8dfd1d39cfa7467813761b1a245aa8
2026-06-19,S06,K05,2026-06-09 12:00:00+08:00,0.0000000000,4750,d3ae00e9714628759b690da3cf2252d3617620da8d564f0f5c157d9cfef5aeb7
2026-06-19,S06,K06,2026-06-09 12:00:00+08:00,0.1200000000,4751,7245fd0ea61d40c73c8c7f20e3376a6fb26c90cc664141f95bf9d8bfbb85c42e
2026-06-19,S06,K07,2026-06-09 12:00:00+08:00,0.0000000000,4752,3538ff9e18ad74d17e56c15c804c389c0a86b82930c68ae71b0a196bffc56e23
2026-06-19,S06,K08,2026-06-09 12:00:00+08:00,0.0000000000,4753,742be31c4eb5eb097db5a0ea3da3f7df41084da3fc161aa65c3b4aa450658252
2026-06-19,S07,K01,2026-06-09 12:00:00+08:00,0.0000000000,4754,322c5780ea5c46d322cce860be8c040edb7c1cc6e92137b740b7c5abd4da1fe0
2026-06-19,S07,K02,2026-06-09 12:00:00+08:00,0.0000000000,4755,720f638ad905b3a441c35a8caa1bd6c08854765b52dd4c4cfa957a4efa9eea97
2026-06-19,S07,K03,2026-06-09 12:00:00+08:00,0.0000000000,4756,994dfc257d1c683f946846fb0e2b5ad6b954996f0d2503529a3c47c7a39c96bc
2026-06-19,S07,K04,2026-06-09 12:00:00+08:00,0.0000000000,4757,9e5240b1cf737919a8a72917140ab6ad5061260a846b3db56e4c4127e359e87b
2026-06-19,S07,K05,2026-06-09 12:00:00+08:00,0.1200000000,4758,e58ddb3eccd821453ea88d75978ef7b4d978d31855bb18eb0083879fbeb9e24a
2026-06-19,S07,K06,2026-06-09 12:00:00+08:00,0.0000000000,4759,fa478044e0118b0cfad963a9d7de0071f299c5769e867707bce764a00c9cd164
2026-06-19,S07,K07,2026-06-09 12:00:00+08:00,0.0000000000,4760,628e463e27e3121c45dc5fc7cf3b4dbbe24872d7bb854f26c130ca5584e59e77
2026-06-19,S07,K08,2026-06-09 12:00:00+08:00,0.0000000000,4761,25de726e6b25963969bc71fa1beb374ff078cf0fc22d4335629287dfc3d83278
2026-06-19,S08,K01,2026-06-09 12:00:00+08:00,0.0000000000,4762,301702b47911171eeb4434566a8081824f9322dcd0f2066f570a1f5b8cff8747
2026-06-19,S08,K02,2026-06-09 12:00:00+08:00,0.0000000000,4763,37b3539bb95eefac7d6f4b106f9ea96b483e7592797734e832751f21c814190c
2026-06-19,S08,K03,2026-06-09 12:00:00+08:00,0.0000000000,4764,8a6e17a87fe756a2f97d74be9261685f84a19ff56cf7d57b6720a329db52387f
2026-06-19,S08,K04,2026-06-09 12:00:00+08:00,0.0000000000,4765,bc7c7e5688b1f4ffe6eced481817da7269a52413cff8c4e8088ffe25d17b8b5d
2026-06-19,S08,K05,2026-06-09 12:00:00+08:00,0.1200000000,4766,c832109c0aabc1c3264797bf200de1bd55a66f5281bd6a92413698187bba3424
2026-06-19,S08,K06,2026-06-09 12:00:00+08:00,0.0000000000,4767,f51ed3588bc9df59883e283fca96c8e636944f87f5b66c79bd6d40e31a869b00
2026-06-19,S08,K07,2026-06-09 12:00:00+08:00,0.0000000000,4768,fbf4577caa24d98b31147da8c26d1f514f3242a767b1f25a43d40c36e7a1d0f7
2026-06-19,S08,K08,2026-06-09 12:00:00+08:00,0.0000000000,4769,7900be9df8a13d674ae45390dab4dcf176386c85479cff170bcb47122424bd99
2026-06-19,S09,K01,2026-06-09 12:00:00+08:00,0.0000000000,4770,f9e404958a3c5dd2f0c09f5368f7fb439b87d0d2e987a387efbb8382ab3548e6
2026-06-19,S09,K02,2026-06-09 12:00:00+08:00,0.0000000000,4771,471044492c8cc7f692bbad96e854fc676251523f6b7c0dadd148642a985c36dc
2026-06-19,S09,K03,2026-06-09 12:00:00+08:00,0.0000000000,4772,12c0b4914741938b0ea161345bad868e3f8fafc57f9dc0b9832dd5f0903affae
2026-06-19,S09,K04,2026-06-09 12:00:00+08:00,0.1200000000,4773,44ccee132a392ec33f17d62536dad603c9394f5b982f702d807a10204fc1d864
2026-06-19,S09,K05,2026-06-09 12:00:00+08:00,0.0000000000,4774,1fcb3d0969c4450cea729d0dff1acccca1d1dd92b3755e2294a436a72047df56
2026-06-19,S09,K06,2026-06-09 12:00:00+08:00,0.0000000000,4775,36d84d32e2cfd24025fcb395ef45dfd4c3066a5f06faf8613440ffef83c716d2
2026-06-19,S09,K07,2026-06-09 12:00:00+08:00,0.0000000000,4776,2915ccccf45ecbe2441a0385ae6ba0ddf99fbe5dc82a98f2fe53735ea086c860
2026-06-19,S09,K08,2026-06-09 12:00:00+08:00,0.0000000000,4777,4cfafd204988a9c23375413311bfd6cf8024fc93bc34a2808b7af1bad061c4ce
2026-06-19,S10,K01,2026-06-09 12:00:00+08:00,0.0000000000,4778,3a9a20408e1d2c08a2dfd35143754dc205b1c3ba883ae35ca177cd7fc6426226
2026-06-19,S10,K02,2026-06-09 12:00:00+08:00,0.0000000000,4779,83b72fc64a814c2c2d957ffde7d11f517797a6828132f4625e093e19aa951f3c
2026-06-19,S10,K03,2026-06-09 12:00:00+08:00,0.0000000000,4780,af61d51df21dd01fb27e85ee26ece050e1d93a3c4357ec3da36d75fea53f7c7b
2026-06-19,S10,K04,2026-06-09 12:00:00+08:00,0.1200000000,4781,f9e5ef84e5aade7390c352152d50857c205a74ce884c3c4b1e16e5c9806c640f
2026-06-19,S10,K05,2026-06-09 12:00:00+08:00,0.0000000000,4782,677ca71bccc7af934cbb6aeb577c2561bd30cb7167cb5d7e1beaca186ba56a78
2026-06-19,S10,K06,2026-06-09 12:00:00+08:00,0.0000000000,4783,ec54a63c6a006eccdaa81696ef35c5d6e32b46e3ae5a6ffa870f9fe87e58fb17
2026-06-19,S10,K07,2026-06-09 12:00:00+08:00,0.0000000000,4784,6b90904d1187de19331017253112f3293194a9a9c2959b3d1d34ec87fea6d955
2026-06-19,S10,K08,2026-06-09 12:00:00+08:00,0.0000000000,4785,d05c5a9a49eb6f75496d71c0715643c25f2813b890c877a4206339030bce86d7
2026-06-19,S11,K01,2026-06-09 12:00:00+08:00,0.0000000000,4786,a4d1ff5414348424112736415827cc4b6759dc51a51235851c07758e78eb0382
2026-06-19,S11,K02,2026-06-09 12:00:00+08:00,0.0000000000,4787,7a569a52c7c248e52f65e42ac91c35fc94020c19fe73c82a000967f889778dac
2026-06-19,S11,K03,2026-06-09 12:00:00+08:00,0.0000000000,4788,0d07fbbad06a891e44c330d5ac0b01ac383ec662ee9693125299157acf2b271d
2026-06-19,S11,K04,2026-06-09 12:00:00+08:00,0.1200000000,4789,6323b4319dc057428bcabadfd006c42ec939101f66f6271ac548cb8a19911590
2026-06-19,S11,K05,2026-06-09 12:00:00+08:00,0.0000000000,4790,1a49f8257c408c0f50b2bad053e9f4e487cb49247073bd318688da060805a840
2026-06-19,S11,K06,2026-06-09 12:00:00+08:00,0.0000000000,4791,180eef986246324c4bd7c67f4b2fe10a4af49c57f592e43d966ab6d800c8e458
2026-06-19,S11,K07,2026-06-09 12:00:00+08:00,0.0000000000,4792,6446e8d4f9545f6dafdabf9a912da25e2f673f135791fa814ef631a8aa44f332
2026-06-19,S11,K08,2026-06-09 12:00:00+08:00,0.0000000000,4793,5f787a27991769a8fee14f46fad1d182abe3f2c52219eade9a66948cef83815b
2026-06-19,S12,K01,2026-06-09 12:00:00+08:00,0.0000000000,4794,9b9430638deba7eb50cee76db6533996d65c93cdfa376834d26f74dc91d37253
2026-06-19,S12,K02,2026-06-09 12:00:00+08:00,0.0000000000,4795,7209a2dc4f192d11cb9e14460b99899e733438c323a771aa755d4adfb6118b41
2026-06-19,S12,K03,2026-06-09 12:00:00+08:00,0.1200000000,4796,310800f616659a38341e58066f26bd272525a0b57ea2ec1fe67cc90d940e6f55
2026-06-19,S12,K04,2026-06-09 12:00:00+08:00,0.0000000000,4797,68a223e9cd379c793a8f96490770c1a1614ae8b821df5d6b84140586cfcb8661
2026-06-19,S12,K05,2026-06-09 12:00:00+08:00,0.0000000000,4798,839de5b9da765e854630c0b3448f27d9d103cfcc395c8d30a60878426e6d02dc
2026-06-19,S12,K06,2026-06-09 12:00:00+08:00,0.0000000000,4799,e5951e1c8717732af6bde3d03b938e9fb39e58b4b09550e54b12522b0e2038b4
2026-06-19,S12,K07,2026-06-09 12:00:00+08:00,0.0000000000,4800,52f1e2fc16b22a50052245c17a7e462afc7bc5f1bfc9f470de0e7d6b66daf55b
2026-06-19,S12,K08,2026-06-09 12:00:00+08:00,0.0000000000,4801,69728b340d452985cfd09e274e6cd435bcbd60f7aeb47214986d243212054b17
2026-06-20,S01,K01,2026-06-10 12:00:00+08:00,0.0000000000,4802,134cdc57ed595d9915f925ed07d7045cae46ed400f8af7bfb7c6556673a09c33
2026-06-20,S01,K02,2026-06-10 12:00:00+08:00,0.1200000000,4803,a59e96d4a45ac5e65faf585ee320138ba2e4b10e3273aaeba0c50a4d45fe342f
2026-06-20,S01,K03,2026-06-10 12:00:00+08:00,0.0000000000,4804,d3b3aa564dc963ef724b5f57beb79c02b35a777b9a944235c108aefeb7acf3a8
2026-06-20,S01,K04,2026-06-10 12:00:00+08:00,0.0000000000,4805,3594761f5381082028de052c1ddde4508b91d718d7483f3831873845f2ad4a1e
2026-06-20,S01,K05,2026-06-10 12:00:00+08:00,0.0000000000,4806,96718a743519bc3b753e36515dd0c7e8e018a3db0f38e5ee231bdca02b0a4119
2026-06-20,S01,K06,2026-06-10 12:00:00+08:00,0.0000000000,4807,68c6dafec75e4f388dee87dd3635d292f5c2f545d0801fabb02a374ca0627497
2026-06-20,S01,K07,2026-06-10 12:00:00+08:00,0.1200000000,4808,56a5ddff8a0062e85efd23cc53a329e57065b0a0e0d54e52a877060a32932a50
2026-06-20,S01,K08,2026-06-10 12:00:00+08:00,0.0000000000,4809,b898e3712d231de593f8bfac4dcf862f40384fc9d657c1c70695c897d873d0d5
2026-06-20,S02,K01,2026-06-10 12:00:00+08:00,0.1200000000,4810,31055f38c7f364e3a6a53398c0ff953263bf0fd8b3a437dcd9aecf8433cb3479
2026-06-20,S02,K02,2026-06-10 12:00:00+08:00,0.0000000000,4811,9b92c21bde35aec151cfd3f56cb838c5c837e8b4f15c4993fbe786d6bacfda2f
2026-06-20,S02,K03,2026-06-10 12:00:00+08:00,0.0000000000,4812,09cc9d7036b33555ff33748466632d71fcb393b8fa4c64547e5c7bcafb2e7680
2026-06-20,S02,K04,2026-06-10 12:00:00+08:00,0.0000000000,4813,30334b8cafaf340488a49debdce6d752f4ea45de1c61052e99e2962bad4b03d3
2026-06-20,S02,K05,2026-06-10 12:00:00+08:00,0.0000000000,4814,ffcbe7b2ca4978298defdf8e3044b6ebbde0a29965449deac759d0ac1c977638
2026-06-20,S02,K06,2026-06-10 12:00:00+08:00,0.0000000000,4815,32435ffc9276ddfd1cc31c28eaa688a84d5b5bd5988465647b17f150f30c46df
2026-06-20,S02,K07,2026-06-10 12:00:00+08:00,0.1200000000,4816,0873685c65a380b49a2de4c830e06e54e21d50cf8f184f9e80d2a9670237ee2f
2026-06-20,S02,K08,2026-06-10 12:00:00+08:00,0.0000000000,4817,c797648f354758e8e588de2e9bb6f15e62e148746abee1ff5ccaac8d6036eef0
2026-06-20,S03,K01,2026-06-10 12:00:00+08:00,0.1200000000,4818,42b750974027b2e1f117ef872f5c0cb7157bdad75d5b360b8b66151295844284
2026-06-20,S03,K02,2026-06-10 12:00:00+08:00,0.0000000000,4819,55b4c7e42c31bd65772a4a348fcc2faa34fae73bc1d7cda78f459fc3af92c115
2026-06-20,S03,K03,2026-06-10 12:00:00+08:00,0.0000000000,4820,96c10fcf43ffe67ab01057b8d4597847b0cf1aa331ed74a8c5b3787330f9c2b7
2026-06-20,S03,K04,2026-06-10 12:00:00+08:00,0.0000000000,4821,39485d6ef7bcb8e5e233eb0cf394ca9a62a0688237727f699f8fc2bf0939c25e
2026-06-20,S03,K05,2026-06-10 12:00:00+08:00,0.0000000000,4822,dd92c377b4992fbfd0131560cceeb52fa563f3762b1d148324e8a2323e147570
2026-06-20,S03,K06,2026-06-10 12:00:00+08:00,0.0000000000,4823,31feb2e503063cdc7a3f8e77f036f2abf1fd6b0b6bea1d67b46e02d79919c7e7
2026-06-20,S03,K07,2026-06-10 12:00:00+08:00,0.1200000000,4824,c52ece1494b45b4979e388acd7083177bd900d63b2478c49bd5848c1bf9ead93
2026-06-20,S03,K08,2026-06-10 12:00:00+08:00,0.0000000000,4825,e17f21b2ab591de29b077a34e0709293252705b6341658e711d5890469844d01
2026-06-20,S04,K01,2026-06-10 12:00:00+08:00,0.0000000000,4826,c5ba74cc2b118279cb9313e96a327680eb7269846c3d2bc3d0ae3c5449cdb835
2026-06-20,S04,K02,2026-06-10 12:00:00+08:00,0.0000000000,4827,08c51dcab973d9eeb7be77bd495be5d557fe3f89012d18ed2937ba94c9a05c7c
2026-06-20,S04,K03,2026-06-10 12:00:00+08:00,0.0000000000,4828,76b0ed989066ee4bceffb9296aae082ad43ddfdbe3fa4ec0b96cfa65d9579180
2026-06-20,S04,K04,2026-06-10 12:00:00+08:00,0.0000000000,4829,53476cfed86e6d8afd9f6e0409e0167f3e69d30cc910d9b751a8fac5859fc2a7
2026-06-20,S04,K05,2026-06-10 12:00:00+08:00,0.0000000000,4830,ec704a6c619fdb7d9f84e621ef4b54e0dc76014194cf455a4cbf52ab13c307e7
2026-06-20,S04,K06,2026-06-10 12:00:00+08:00,0.1200000000,4831,48918af82c7849ebb9e5df2c74c05bdd67fc12e62a24337e33456b4dd3f157e3
2026-06-20,S04,K07,2026-06-10 12:00:00+08:00,0.0000000000,4832,9af205a4e6fc4ec308b11a56ae22f8abd5cf947dc1d053bce0cc063b4b990e88
2026-06-20,S04,K08,2026-06-10 12:00:00+08:00,0.0000000000,4833,3e6e3c1303a535652b0aa01c2ca8b0623b87bf8d88c512dfa3473f458c5feafa
2026-06-20,S05,K01,2026-06-10 12:00:00+08:00,0.0000000000,4834,62840525af26fa4293dc2e4cc2f1ac9ba83b33e19a37576e5caef3706a303bd2
2026-06-20,S05,K02,2026-06-10 12:00:00+08:00,0.0000000000,4835,fe7a0abda86f595d5b20b48b46780c4218394a0c8842a2a6583322cd398d3082
2026-06-20,S05,K03,2026-06-10 12:00:00+08:00,0.0000000000,4836,98714da31b5d24517853fb607469b8455f945f85c00ecfcdabdec9df834d6d60
2026-06-20,S05,K04,2026-06-10 12:00:00+08:00,0.0000000000,4837,e93a884179a4d147dd3b2f689b724e389ce668ee22c698f269e488c0aef348e2
2026-06-20,S05,K05,2026-06-10 12:00:00+08:00,0.0000000000,4838,243521487966a72cf9a0aff3b20a49ba0f3021650103ca47cd7476832b21e1ce
2026-06-20,S05,K06,2026-06-10 12:00:00+08:00,0.1200000000,4839,2aab92ad9dde4e89af54feedf0709ec9d01bcd6cefb6205fe06288d9ecb55193
2026-06-20,S05,K07,2026-06-10 12:00:00+08:00,0.0000000000,4840,8e17d4165d34c74233c11ae04f9c13c762c13ff3415c777e37c881083415cd44
2026-06-20,S05,K08,2026-06-10 12:00:00+08:00,0.0000000000,4841,3721a00b889c016595188e52ebfd145d05a9745c4eb2160c1a17e85a81254609
2026-06-20,S06,K01,2026-06-10 12:00:00+08:00,0.0000000000,4842,f7a536d269fcca0a8f0facf277392e30bd5be25f6e62b2d3c54db327569f2969
2026-06-20,S06,K02,2026-06-10 12:00:00+08:00,0.0000000000,4843,2e426966667b3ca2fbe98f6fc985bd5e59455722a08087c15c42be0e29e84a89
2026-06-20,S06,K03,2026-06-10 12:00:00+08:00,0.0000000000,4844,7a052f59cc9519ab5f6c0ab8ca3bb491768c91f19c62ff8e4ce7791ea53647bb
2026-06-20,S06,K04,2026-06-10 12:00:00+08:00,0.0000000000,4845,075b79a38b949010cc8afc65732faba8221b7cd03a975a7bebbce4930684b3ea
2026-06-20,S06,K05,2026-06-10 12:00:00+08:00,0.1200000000,4846,502e9ac74e8037ef7ac3674405d207d58af743fa676bca9f0f8f539e1f3f6675
2026-06-20,S06,K06,2026-06-10 12:00:00+08:00,0.0000000000,4847,00615b038f3d6400680a4c21f323f5b8e83bb7e876c9080e5793f25d9d336da3
2026-06-20,S06,K07,2026-06-10 12:00:00+08:00,0.0000000000,4848,9c24cb1047722f89412ce1224b3df15623cee2ea888f6f960831b419361f35d9
2026-06-20,S06,K08,2026-06-10 12:00:00+08:00,0.0000000000,4849,c86513db66db237aa033cc356aacb11c3a451d12566ecd770c87c80d16fc632a
2026-06-20,S07,K01,2026-06-10 12:00:00+08:00,0.0000000000,4850,67aba12a68d287c942e4431e07ff53e50f1254f8ee8ec74d546b62e8b4b737d4
2026-06-20,S07,K02,2026-06-10 12:00:00+08:00,0.0000000000,4851,65fba3a98da60c157cc139f93f6e53092c024160b67b8883a9981820b8752362
2026-06-20,S07,K03,2026-06-10 12:00:00+08:00,0.0000000000,4852,5b0e47fa5adc392578efd37ccaeed2951b156c1f5657348aa24638193eca36f6
2026-06-20,S07,K04,2026-06-10 12:00:00+08:00,0.0000000000,4853,940ffb24da368d69c9f9f2a87cf0edb9cd42b1869f982a54f1495bfb0ff177b2
2026-06-20,S07,K05,2026-06-10 12:00:00+08:00,0.1200000000,4854,3865f77724b4091cd6075e9648097112951ea92ff28292864099bd5cbfe7a17e
2026-06-20,S07,K06,2026-06-10 12:00:00+08:00,0.0000000000,4855,79be6284c02fdebde6cabfb6a330717bb4e2241154bdc6ce90f4898b05d99da7
2026-06-20,S07,K07,2026-06-10 12:00:00+08:00,0.0000000000,4856,64e4cb12b8ceb86bd9c4aa5ab14f2e00d34060303911f2b147451b8b6f6aa1c3
2026-06-20,S07,K08,2026-06-10 12:00:00+08:00,0.0000000000,4857,0b8328eeb47ee4ae9c35d94a018f2e621b84b56d33a8af24970e9d823c961a69
2026-06-20,S08,K01,2026-06-10 12:00:00+08:00,0.0000000000,4858,1d7b94e45047cf29aea6853a12a16fe1cd93b939b0596efe1307513170f78c55
2026-06-20,S08,K02,2026-06-10 12:00:00+08:00,0.0000000000,4859,1b40e86ea81c79a8624e78e29bfd0cfe7e9c55689cba22da788588ca3bad3458
2026-06-20,S08,K03,2026-06-10 12:00:00+08:00,0.0000000000,4860,a3a7459517d5768b09b9d2f073994b4bb33c9822f5e80149103c5ddb40596bda
2026-06-20,S08,K04,2026-06-10 12:00:00+08:00,0.0000000000,4861,daa532297651bab5c2942f0edf932372cb1961d71efe0b7072aa306cd64796d3
2026-06-20,S08,K05,2026-06-10 12:00:00+08:00,0.1200000000,4862,7d941dfd13dd8afbd0ee6282c5f8d95f0127b277ff8e38273c384c17424feebb
2026-06-20,S08,K06,2026-06-10 12:00:00+08:00,0.0000000000,4863,992d4810c53691fb22df6b3fcb3387d9f1e38cfd484f9a8d857ffd85fba2d5ec
2026-06-20,S08,K07,2026-06-10 12:00:00+08:00,0.0000000000,4864,1cb2ee73b40eeb672af3ae1ab6d4a980d60eac02e14d3865a5f86abe92b1b216
2026-06-20,S08,K08,2026-06-10 12:00:00+08:00,0.0000000000,4865,4ca83fadf19e6b8d2afbb260d967b21cbb641dfd23ef3e10b4805939b4f59e0e
2026-06-20,S09,K01,2026-06-10 12:00:00+08:00,0.0000000000,4866,80f9eb39c72a5cecfe765c6349a669c1abdf35d5c89835237b78e95413c2cfaf
2026-06-20,S09,K02,2026-06-10 12:00:00+08:00,0.0000000000,4867,29def55742638d23c79d2cb238dea52e22fc048c8615b77f179dbb92f93655f3
2026-06-20,S09,K03,2026-06-10 12:00:00+08:00,0.0000000000,4868,6a3fad069b8713ea36d51ed010b88330dadb0e83b023d81f02fbf8882d4961df
2026-06-20,S09,K04,2026-06-10 12:00:00+08:00,0.1200000000,4869,5141711b884cf227ebe4dd07c8aac45495989cb20bdfa851b69113ea57b29564
2026-06-20,S09,K05,2026-06-10 12:00:00+08:00,0.0000000000,4870,2ffb89014471aaf8d4dac5a9110aa6bd73362bc1e7285316874909e71c644356
2026-06-20,S09,K06,2026-06-10 12:00:00+08:00,0.0000000000,4871,37c9af0e6f72c15046c4a9340e37dee0acf55f42d78e891a346fd2c5eb204740
2026-06-20,S09,K07,2026-06-10 12:00:00+08:00,0.0000000000,4872,895f181f85e79f8b9c6af494badb079e8069f3d8491d4f073eb761b4b45e9a5a
2026-06-20,S09,K08,2026-06-10 12:00:00+08:00,0.0000000000,4873,7cf359d7317ff2082b448533fc3c74090a2932f8e157fb5c310a2d3e2ae82ab1
2026-06-20,S10,K01,2026-06-10 12:00:00+08:00,0.0000000000,4874,a712d47000a2821e7b410cecb3c46b0e13be30670187e25f390bbe4510cbf281
2026-06-20,S10,K02,2026-06-10 12:00:00+08:00,0.0000000000,4875,6b8c9b3a12f0f743c564e9a8fb71256164a627764047fed9f36035538801e2fa
2026-06-20,S10,K03,2026-06-10 12:00:00+08:00,0.0000000000,4876,0525448674ca1af340310f20398031baee67bff6e0f21dcae35a404b8a3f6673
2026-06-20,S10,K04,2026-06-10 12:00:00+08:00,0.1200000000,4877,7e81c834869eb4df6c41ebb05679cf19e348411d6fc4320d13d59f3f88f90cd3
2026-06-20,S10,K05,2026-06-10 12:00:00+08:00,0.0000000000,4878,4141400ce207f737422135c81e3f87015a30b2f3273b1f22d4dfd6b075c5f3f6
2026-06-20,S10,K06,2026-06-10 12:00:00+08:00,0.0000000000,4879,c91a9a4e57a652f8910c4083fe0256e4df2decc7d2cdb5c74a7f5b40c7bd0eb8
2026-06-20,S10,K07,2026-06-10 12:00:00+08:00,0.0000000000,4880,08e056c75519fb78e225369ba503bce2cf69d53113a066ad356d14b05684f2de
2026-06-20,S10,K08,2026-06-10 12:00:00+08:00,0.0000000000,4881,ddb396862ae6221ec89752b01446ea58a7facb959cf5f45a51a32c32dbcd89bf
2026-06-20,S11,K01,2026-06-10 12:00:00+08:00,0.0000000000,4882,6b0ba6346d95003577675ecc72b8d1d944fab90349dcd945596300cb6018a37c
2026-06-20,S11,K02,2026-06-10 12:00:00+08:00,0.0000000000,4883,480790fab013b34bd63de9db913270c425f6a98b5db00d5c3ea3133a09bb7efd
2026-06-20,S11,K03,2026-06-10 12:00:00+08:00,0.1200000000,4884,06b0785b13cb2d2ad23ea7203a1f240b19f130a66df7afb2319da237e39f55e6
2026-06-20,S11,K04,2026-06-10 12:00:00+08:00,0.0000000000,4885,ce29e72ebbd5d8d96d94ce6becaefc5596efbce8468e31e58304fa6c54579c65
2026-06-20,S11,K05,2026-06-10 12:00:00+08:00,0.0000000000,4886,aacf4f023f19a2d0848fae2731c0b00e5b546488896a52628663cf7cad725076
2026-06-20,S11,K06,2026-06-10 12:00:00+08:00,0.0000000000,4887,f48c7bff9538a85f99fce9a387da3048735c605f032d73d17e8464e230a2cdf1
2026-06-20,S11,K07,2026-06-10 12:00:00+08:00,0.0000000000,4888,fb0547cc8bedd0f0730ce4d9636799394b9f3213a2067f2e2a01ed2ae3b02954
2026-06-20,S11,K08,2026-06-10 12:00:00+08:00,0.0000000000,4889,60cd28be8d78055c80fac250680c4bb04893e06dbf860355d13a148d97688604
2026-06-20,S12,K01,2026-06-10 12:00:00+08:00,0.0000000000,4890,36d0e495ed9e621af11ca6a38033c91a6455e6ddf9540e6344438cf68c97af45
2026-06-20,S12,K02,2026-06-10 12:00:00+08:00,0.0000000000,4891,8c79de55caa9b5c039fdccffc238bca39920bcd7d7cf9dbe1d9b3ffe4bf68186
2026-06-20,S12,K03,2026-06-10 12:00:00+08:00,0.1200000000,4892,bce6d3b87283b78512d315ca053af2780f02a786a31f0f9e353acea6562e9fe4
2026-06-20,S12,K04,2026-06-10 12:00:00+08:00,0.0000000000,4893,19f8ced782c7831b03e41829f2dce535d196657f2b081f1aff0c79da04a58b1e
2026-06-20,S12,K05,2026-06-10 12:00:00+08:00,0.0000000000,4894,2ad942dcd48bb42f29efce755cc7b602f7d226ad361fff39eb5c7ccce4e4e60f
2026-06-20,S12,K06,2026-06-10 12:00:00+08:00,0.0000000000,4895,81e8cf5887fc21f302492d702deb4a3898c577cfabc508fcef4f6d33f4a9e66e
2026-06-20,S12,K07,2026-06-10 12:00:00+08:00,0.0000000000,4896,1359eb01e48218f11231c3f8ad8e6210547345027bedae2b15269edf9f2f807c
2026-06-20,S12,K08,2026-06-10 12:00:00+08:00,0.0000000000,4897,61a5f554b0b60320aed5d1dc91d611705a3b0f6d0c5a4b5d5fd2776954bd97fa
2026-06-21,S01,K01,2026-06-11 12:00:00+08:00,0.1200000000,4898,9d8de1e0828eb63af36094c368bae707f27ad2c19342ce83dcedcbd54de95eb4
2026-06-21,S01,K02,2026-06-11 12:00:00+08:00,0.0000000000,4899,b15d5367de750bdb84fe89212102dd8f16b6bca1e6b574e249f412ddb9fdd878
2026-06-21,S01,K03,2026-06-11 12:00:00+08:00,0.0000000000,4900,5dcce4869f316eedd5e139aff6b7ada393a37bcfac5fa1d682fc61c708d97094
2026-06-21,S01,K04,2026-06-11 12:00:00+08:00,0.0000000000,4901,a8f495304dda1606d11c4b9c4ea53de03d0384db08251e9ea726b06aa750f372
2026-06-21,S01,K05,2026-06-11 12:00:00+08:00,0.0000000000,4902,fbe60174359315106947e3935380d9fcbfb4d1e0c2833c8b3aac4c997000d644
2026-06-21,S01,K06,2026-06-11 12:00:00+08:00,0.0000000000,4903,e59abe7036a65f637c8a96e976c6b5090a7a09c05f97c92e1b549df48d6c71bd
2026-06-21,S01,K07,2026-06-11 12:00:00+08:00,0.1200000000,4904,53f705cdbb8d6cdc2b5d585f5f98208754ac3f12b37cdceb0ffcb36f58c9f8cb
2026-06-21,S01,K08,2026-06-11 12:00:00+08:00,0.0000000000,4905,245594061c542ef875daf34cc9a8faf921e48718cb78feac9c6d4cc77c0bbb85
2026-06-21,S02,K01,2026-06-11 12:00:00+08:00,0.1200000000,4906,a60e0144988624a6a042d4a99676d7cdf4aa41017863e6e24af16fb47f85ed45
2026-06-21,S02,K02,2026-06-11 12:00:00+08:00,0.0000000000,4907,27593a15ccbfa3cc98ea197468a2153c4118b37061b5574249ae82a7df51aa08
2026-06-21,S02,K03,2026-06-11 12:00:00+08:00,0.0000000000,4908,446e171155eee5b5ef66a46e4e6de836c71fbbac2c60b67a6906e07ba31a1f78
2026-06-21,S02,K04,2026-06-11 12:00:00+08:00,0.0000000000,4909,f3dc29aec4e5ee82c6c0d4d8feff853e6373e2de9fb74c25cdb04c47e359f4ed
2026-06-21,S02,K05,2026-06-11 12:00:00+08:00,0.0000000000,4910,273c37dd61020336cc2ab2157bc7b194173a6dd2390319e2730206cb0892d817
2026-06-21,S02,K06,2026-06-11 12:00:00+08:00,0.0000000000,4911,1fe3fc20c12427ef6e3c95325c427fb76e810c4971db227d2278063316bc9280
2026-06-21,S02,K07,2026-06-11 12:00:00+08:00,0.1200000000,4912,d4dcb59c19b777ee9edfb2e4d6c52599e0645241f90bcc7cca4913c8e53ce51c
2026-06-21,S02,K08,2026-06-11 12:00:00+08:00,0.0000000000,4913,9d855aaae71c4007007b7639fe02c8ea5d3de5557dd97e4dc1a48a5cea7ea6c3
2026-06-21,S03,K01,2026-06-11 12:00:00+08:00,0.1200000000,4914,1aaa6342582da66847f144784bd95b664abb1f2a01322274bdddfe909a00750b
2026-06-21,S03,K02,2026-06-11 12:00:00+08:00,0.0000000000,4915,baa80f9204a01caacd86f54650ababeafea8919c20e8a1e43f2a718f0ebca7fb
2026-06-21,S03,K03,2026-06-11 12:00:00+08:00,0.0000000000,4916,28e2f3ffba6dc4ba4b346dbc723ea50cda334d3931e010d3516b2897b868902a
2026-06-21,S03,K04,2026-06-11 12:00:00+08:00,0.0000000000,4917,70c36a71fd6c93b502968237ca288fb75a6c15f56d734fc4296e5f9f4f9ab34d
2026-06-21,S03,K05,2026-06-11 12:00:00+08:00,0.0000000000,4918,7000db36b42230effb2f0136e8c7c6459c4f2ac9b95e4471664fd0970c61f1d7
2026-06-21,S03,K06,2026-06-11 12:00:00+08:00,0.1200000000,4919,4a7837c8d29e3f918be87e69cb8875f856227b658c928ffe51d4450460900f86
2026-06-21,S03,K07,2026-06-11 12:00:00+08:00,0.0000000000,4920,580ac5254d4b045925bf9a8adf530147c08e7aebf1c329619e84c6c05991bac5
2026-06-21,S03,K08,2026-06-11 12:00:00+08:00,0.0000000000,4921,4a39154a80e3eeca54b3cf5c8906236487c88e367f3ce47c5f2546757f18ebc2
2026-06-21,S04,K01,2026-06-11 12:00:00+08:00,0.0000000000,4922,21d83cbf771c3e6f1a311626b33b1d4fefad8acbe33b8b2c9a49b79d35fe48cc
2026-06-21,S04,K02,2026-06-11 12:00:00+08:00,0.0000000000,4923,816a6a8ac6b4701548a04d93027443775f2c684b65bde96e27a646ce54032bf2
2026-06-21,S04,K03,2026-06-11 12:00:00+08:00,0.0000000000,4924,f27bcb0788e402470d93e1617df4d6c33db158766048c284ceae0df2fa8b706e
2026-06-21,S04,K04,2026-06-11 12:00:00+08:00,0.0000000000,4925,cadae1cd6b778b69ebd73c5ec9b9464e386195bdd742e7588ffc02aca5ceba55
2026-06-21,S04,K05,2026-06-11 12:00:00+08:00,0.0000000000,4926,4c8dc5ec52d314340bc0e5893d7d9b29fb25010468b6be3474f006ce9c2133dc
2026-06-21,S04,K06,2026-06-11 12:00:00+08:00,0.1200000000,4927,e5b327483258b0cd1700e5a70d42e3c99414e7bb20af3f044c2b8cace4e09a1e
2026-06-21,S04,K07,2026-06-11 12:00:00+08:00,0.0000000000,4928,9daf30bc9b352acf7076a3c9063108f54617d21085bc99fc40745dc631831d60
2026-06-21,S04,K08,2026-06-11 12:00:00+08:00,0.0000000000,4929,7cc041c224efca12c3e321580ed1b524e6bc00363b3117d6c03fe9f517212179
2026-06-21,S05,K01,2026-06-11 12:00:00+08:00,0.0000000000,4930,68cf26c3bb91988265f8dadcfe222f81239c03e0cd101f09c1d51ab466858473
2026-06-21,S05,K02,2026-06-11 12:00:00+08:00,0.0000000000,4931,9e387e60c4e232d897bb7a3b148bdf5fde987923a410626f6e972912ad1c7669
2026-06-21,S05,K03,2026-06-11 12:00:00+08:00,0.0000000000,4932,887235a90437cb817779beaecca231aa2f1b6f199a08a9742b75af26b178743c
2026-06-21,S05,K04,2026-06-11 12:00:00+08:00,0.0000000000,4933,ee34f87f75b0fbe1c092291276c489a5788f0a7d0f6f4b6d32fac508b498fc9a
2026-06-21,S05,K05,2026-06-11 12:00:00+08:00,0.0000000000,4934,0160462c9741d3343342b263a072fa73a1d69fc576c97e869faa707053632829
2026-06-21,S05,K06,2026-06-11 12:00:00+08:00,0.1200000000,4935,dcce8074bd272fd0f4a7551311a3240604bd379034d749308a0f586a51c6faf3
2026-06-21,S05,K07,2026-06-11 12:00:00+08:00,0.0000000000,4936,2f9f1eb09cb12f66d61e4b1cc4cddde2a8892afff8c7dc3a3ea9be98acd746fb
2026-06-21,S05,K08,2026-06-11 12:00:00+08:00,0.0000000000,4937,9e146d262203d3bfebfc6b8fd686f8d8dbee2d34a5fa37691c24c1f9cebb3d1f
2026-06-21,S06,K01,2026-06-11 12:00:00+08:00,0.0000000000,4938,66934369cd845ddd00467850e8ee4ce458b9471c797c05a7f1214d251200851b
2026-06-21,S06,K02,2026-06-11 12:00:00+08:00,0.0000000000,4939,6aed9115059b3dc961afd044d9feab7040e46c4e9412bdba20441d5adde5293c
2026-06-21,S06,K03,2026-06-11 12:00:00+08:00,0.0000000000,4940,7dc6ace0e007d00f5870efe823c79c85ae2257ad6ca8efabefc3f0bc9e115edc
2026-06-21,S06,K04,2026-06-11 12:00:00+08:00,0.0000000000,4941,d0d527f7e4f42b98a9b5acb325c01969747f0f64023e8c1f32108758be80a27a
2026-06-21,S06,K05,2026-06-11 12:00:00+08:00,0.1200000000,4942,17f379c05f5fd4cd78d61c97ca15664f906c0fcf805dbeb1cd8d87e6784b35a0
2026-06-21,S06,K06,2026-06-11 12:00:00+08:00,0.0000000000,4943,6160f87fd8f3c58dfcfd5cf7be90632d2c804aaf4360e3209c97852394ef04cb
2026-06-21,S06,K07,2026-06-11 12:00:00+08:00,0.0000000000,4944,d3bc4b61bac61c9b7ea5d986380dfbfd34a4ec7c36cd4a9268e28be6e91e0092
2026-06-21,S06,K08,2026-06-11 12:00:00+08:00,0.0000000000,4945,c3c802c6c133d555a25409585fa73f2ff87108875427650da1092f42f7a1b7ad
2026-06-21,S07,K01,2026-06-11 12:00:00+08:00,0.0000000000,4946,f7ef985949cf8c87b63be09dc418e44c842850e36062d2339660248e25b74a84
2026-06-21,S07,K02,2026-06-11 12:00:00+08:00,0.0000000000,4947,acae6c8b121fc8e7c1e2daefd970ad167a5272714c4e00c0104cb3ca7f8e60bd
2026-06-21,S07,K03,2026-06-11 12:00:00+08:00,0.0000000000,4948,9a4ea72d0910b0803143d889795636eec83e7e0e5aba07973bf3bfe1fe1e5200
2026-06-21,S07,K04,2026-06-11 12:00:00+08:00,0.0000000000,4949,3f611b9d3ed95cab62fccb6d46a6db3f9c40034d5cd548e310b4ce1775432a2d
2026-06-21,S07,K05,2026-06-11 12:00:00+08:00,0.1200000000,4950,559d9b600b973cac71ac4bbcfd891bcef973b6e9ba29ed31508af68573808f7f
2026-06-21,S07,K06,2026-06-11 12:00:00+08:00,0.0000000000,4951,81dcebd3c8d2b61f8d0dc22e60ae7f4c211f01153ad98be4b2e1a6f4981b1dbc
2026-06-21,S07,K07,2026-06-11 12:00:00+08:00,0.0000000000,4952,cd6ffd29d84150996a62789a9b1da3639ba430fd7df1f41ec05548d7013e0e4f
2026-06-21,S07,K08,2026-06-11 12:00:00+08:00,0.0000000000,4953,d2971d746456685545a3e1f6e152ba31c05acf83de0ac215fffb1542429eb511
2026-06-21,S08,K01,2026-06-11 12:00:00+08:00,0.0000000000,4954,1d0f32f69b55622a0199e8ae58d03f922367fc4aad93a9415a8fdafa233559fc
2026-06-21,S08,K02,2026-06-11 12:00:00+08:00,0.0000000000,4955,da6461989da259be3c9a036989698c7178744e8575264476d2562db925045223
2026-06-21,S08,K03,2026-06-11 12:00:00+08:00,0.0000000000,4956,1c0207354244bc05e7b5075c4b1f3619e73b5c962eb1c3162f50368bead19c56
2026-06-21,S08,K04,2026-06-11 12:00:00+08:00,0.1200000000,4957,b94cd137fbcb409384bb065cf9bc8af3e741af260898656b024c12bc12940852
2026-06-21,S08,K05,2026-06-11 12:00:00+08:00,0.0000000000,4958,ce38149851b909f14adf4a9034ef82cc3803176fa18e37bebcef4ae2eb4e6556
2026-06-21,S08,K06,2026-06-11 12:00:00+08:00,0.0000000000,4959,4424d1daf69ee44e143a02a71d1f47260e2b2b9d2e9ebcf1b87e3b07e4fa8516
2026-06-21,S08,K07,2026-06-11 12:00:00+08:00,0.0000000000,4960,0a9eab8cd29d64ae7f976c804bba272b8d40e2cb5bc31d5f4c775af238f9ad79
2026-06-21,S08,K08,2026-06-11 12:00:00+08:00,0.0000000000,4961,dbb48c12616627df5eb621eb0ce5f0c660bdc25d91bd32bdd741d455447340b1
2026-06-21,S09,K01,2026-06-11 12:00:00+08:00,0.0000000000,4962,d6f7f1b340f0ecfa0fa9a18d3aebe63226c50c218bce34daaa7e5b9ae81923f4
2026-06-21,S09,K02,2026-06-11 12:00:00+08:00,0.0000000000,4963,9cc72065318d9f6017d36812fe2bcb04fc977fd455f0452b6e8718bbaef4572e
2026-06-21,S09,K03,2026-06-11 12:00:00+08:00,0.0000000000,4964,b49caa50997bea58b1316eec95203d15afcfc10f9e8c8cd8396d292400da0407
2026-06-21,S09,K04,2026-06-11 12:00:00+08:00,0.1200000000,4965,b736ff499062bec09fea7d4bc2435fbb15f2ee36f45d32a629ad4037a249b01b
2026-06-21,S09,K05,2026-06-11 12:00:00+08:00,0.0000000000,4966,a753e5899545d74cddd3d343e657242a11c22e259ba6f5fbdb3367e47424c627
2026-06-21,S09,K06,2026-06-11 12:00:00+08:00,0.0000000000,4967,09a4d0ff4922675f90cad03f3c831dd5a8b83e48521d0a7d4f4ce382b9b12ab3
2026-06-21,S09,K07,2026-06-11 12:00:00+08:00,0.0000000000,4968,1f80d124a3d3e3e287e95d4297db9c26e9e5ca43856042a1e9830ec078f2c2ed
2026-06-21,S09,K08,2026-06-11 12:00:00+08:00,0.0000000000,4969,483e6858a215dcd3caa7ca3fefdeafef0d0f3886199ed9d88e1416aece3665ad
2026-06-21,S10,K01,2026-06-11 12:00:00+08:00,0.0000000000,4970,419495687329b84bec33781967e3f3aea0247a58340e641e7932dd52b8a9e1bf
2026-06-21,S10,K02,2026-06-11 12:00:00+08:00,0.0000000000,4971,61614585ec891636fb05531f3f99544b3dd71605ee4714e322de1ee8004feaa4
2026-06-21,S10,K03,2026-06-11 12:00:00+08:00,0.0000000000,4972,71a80a13d679b661af003a460b218a5c9bea204e79ad3226938d41749b7f7f7e
2026-06-21,S10,K04,2026-06-11 12:00:00+08:00,0.1200000000,4973,5be311876a559e23c32cf117be7b6475686d0c856431c0f4e185015f9cdbc1a5
2026-06-21,S10,K05,2026-06-11 12:00:00+08:00,0.0000000000,4974,9de0d9cef482cde67bbe1b2d7680c2ce67f8c13ffd99bc74d2609dae92d206c8
2026-06-21,S10,K06,2026-06-11 12:00:00+08:00,0.0000000000,4975,af31a1fdd6ba3356b8acc872565de46e0e2bf69da116b1474d40378743915eba
2026-06-21,S10,K07,2026-06-11 12:00:00+08:00,0.0000000000,4976,31317bf90a110e4f0c6f1841a4bdfb1688242553bc31dc13f9567420f937beb7
2026-06-21,S10,K08,2026-06-11 12:00:00+08:00,0.0000000000,4977,86e3a0d6126c236155ae49cfa8959b3f41fc48403879418b4ce32eaef4387c1a
2026-06-21,S11,K01,2026-06-11 12:00:00+08:00,0.0000000000,4978,da55e0e3e8232a4f79cde10e1ea3d93a9c2478d52bdb950830a1fae3a43512ea
2026-06-21,S11,K02,2026-06-11 12:00:00+08:00,0.0000000000,4979,b11f5cdb3ac924ce4ca46740e0d3562f68a30234f8ecf8497f0dcaf38931cdfa
2026-06-21,S11,K03,2026-06-11 12:00:00+08:00,0.1200000000,4980,997430a76d0d7758226f0f5f3a85caf2c7b080f4f64ab076c3d3de9d185d5ecb
2026-06-21,S11,K04,2026-06-11 12:00:00+08:00,0.0000000000,4981,32a269c392b0c0b53f30abe523bd0b724ca76f1289475da00014a215807ab4d0
2026-06-21,S11,K05,2026-06-11 12:00:00+08:00,0.0000000000,4982,7be0080b12d0422d7bcf03408737aa626ccb0fadeb75f6da30c0e2bdb6ee811d
2026-06-21,S11,K06,2026-06-11 12:00:00+08:00,0.0000000000,4983,3d803b42c3df01e9b3e98f6f1edf11ecd1046ccbd60188ab5c192e514f7c08fb
2026-06-21,S11,K07,2026-06-11 12:00:00+08:00,0.0000000000,4984,074d41d6e7679e3fcda6cef47939b6d7a0d614c012496a87a5fc7a500cecf628
2026-06-21,S11,K08,2026-06-11 12:00:00+08:00,0.0000000000,4985,ae17a830db4365ca6309458022af22d0eb82a5c5ab8acf0e677ea36f31d485fd
2026-06-21,S12,K01,2026-06-11 12:00:00+08:00,0.0000000000,4986,71b481d022fcc945c3b4daa921807ed9cf3d1dc144f5805023c78a87075ee75b
2026-06-21,S12,K02,2026-06-11 12:00:00+08:00,0.0000000000,4987,5f1ac5cc59b98b2c00b5a39a41c438515b50f3cdf016528ba5728c794b008924
2026-06-21,S12,K03,2026-06-11 12:00:00+08:00,0.1200000000,4988,77abd26bf9940fd11ee749061a66120c32f693a42492cebba3b6e7c8b3b35f15
2026-06-21,S12,K04,2026-06-11 12:00:00+08:00,0.0000000000,4989,938f2dc04224ffe5a084a0796928c1efe15015d4507441d0a1f9638f9d6a5158
2026-06-21,S12,K05,2026-06-11 12:00:00+08:00,0.0000000000,4990,6b4a898d17b85b67076527b80f08ccf78c1c9c5ae709715a4bc91e2067662a16
2026-06-21,S12,K06,2026-06-11 12:00:00+08:00,0.0000000000,4991,555376c2f710a699899c94feb610f23e04dd1322bf92d16b4ad537721c2129a5
2026-06-21,S12,K07,2026-06-11 12:00:00+08:00,0.0000000000,4992,3bdfa1ce9dcf9692386bc95724ab97d41e221b81dcb310eba08829854348a181
2026-06-21,S12,K08,2026-06-11 12:00:00+08:00,0.0000000000,4993,ce27f7f759f38ab799996c56f78397a899d5c266efee0405a38693833b89235e
2026-06-22,S01,K01,2026-06-12 12:00:00+08:00,0.1200000000,4994,af808a0017a803738d8ebbf467287e9a0c508a276a58e45ff490c55bf746bda1
2026-06-22,S01,K02,2026-06-12 12:00:00+08:00,0.0000000000,4995,ebbc184f6adfad4ae620c0012dbea74b9a3a364922eead815e7c30ede68c221a
2026-06-22,S01,K03,2026-06-12 12:00:00+08:00,0.0000000000,4996,33268643172d24b2bd3f2acec9f95a9985dd7bafb058edf28b9e143fdf8aef99
2026-06-22,S01,K04,2026-06-12 12:00:00+08:00,0.0000000000,4997,f1577fbaeb0e611f85b29a9d638891bd566c6310dc704f8c7327bc6c41a296e7
2026-06-22,S01,K05,2026-06-12 12:00:00+08:00,0.0000000000,4998,22c7d6ed6e94cdf69cf770a0923394f7025788d9d7fa807d194a549a112f9a40
2026-06-22,S01,K06,2026-06-12 12:00:00+08:00,0.0000000000,4999,59857bc6542bc728517b79c2f1c7d95bbf9240adef741358b4887ba29b38fbd7
2026-06-22,S01,K07,2026-06-12 12:00:00+08:00,0.1200000000,5000,fa2e80ae71a2a11631074bc8a3379f71dc0be80e3c3ddc80bcd4d9852a7bd06d
2026-06-22,S01,K08,2026-06-12 12:00:00+08:00,0.0000000000,5001,a6897ff47e53d1e4bddfcb0b67b44b36ee8b0dfda9c0fb73df180e12e3455d3e
2026-06-22,S02,K01,2026-06-12 12:00:00+08:00,0.1200000000,5002,10dc83a28d58d2c549ca14d1a726154c8aff2aeb528d345bda26dfe898899d88
2026-06-22,S02,K02,2026-06-12 12:00:00+08:00,0.0000000000,5003,041d6ef57d8c30908820e31c9723e9c89cb80f83c80daa1455d6f4d30a158f0f
2026-06-22,S02,K03,2026-06-12 12:00:00+08:00,0.0000000000,5004,15afec591c0b817e25e234180e28b8da31f981a76e1c8b068148de9866a1427d
2026-06-22,S02,K04,2026-06-12 12:00:00+08:00,0.0000000000,5005,346f318346e5ef4965050c55837cf6eb351fa8f66bc717861947f58d9fdd5e14
2026-06-22,S02,K05,2026-06-12 12:00:00+08:00,0.0000000000,5006,cd2ffe01e5b3d1acaafe0616b3e18bbc484d6388dd63dc782a38ce1622870dc1
2026-06-22,S02,K06,2026-06-12 12:00:00+08:00,0.0000000000,5007,2c792d77bebd0cb4639e6d148044491773fbe8c9971438c4b41cef5607f8cac5
2026-06-22,S02,K07,2026-06-12 12:00:00+08:00,0.1200000000,5008,0f8cd9aff4bf74ec7fe54982a3d2a81b38a8ebf507227d06210eea4d04da7576
2026-06-22,S02,K08,2026-06-12 12:00:00+08:00,0.0000000000,5009,54169e330be2e2e06c4c08f211ff5fb2f7d7a5231869b082f1adbc73ee8bac6d
2026-06-22,S03,K01,2026-06-12 12:00:00+08:00,0.0000000000,5010,7e4b401948c2ae4e645e4606ca653e5ac3fe388e75ecdda3d7113870102938df
2026-06-22,S03,K02,2026-06-12 12:00:00+08:00,0.0000000000,5011,3bc8b701d2b9bc9aa607c1a7e5fdf4dc2d239a2145cd5e212073799d8f8f8952
2026-06-22,S03,K03,2026-06-12 12:00:00+08:00,0.0000000000,5012,aed90dbcfce51c87ff3467afbae2cc2dddec3a2d8b26fcff4925023e9b73cc5d
2026-06-22,S03,K04,2026-06-12 12:00:00+08:00,0.0000000000,5013,b9089bf05414dbdc1c6c07f8673128dd69d2b2f667fb3c64a4c6e7f720458587
2026-06-22,S03,K05,2026-06-12 12:00:00+08:00,0.0000000000,5014,a43315ff207077087692daa3b623aa732d6b5d180d95d762e42c16af74021de9
2026-06-22,S03,K06,2026-06-12 12:00:00+08:00,0.1200000000,5015,9ff0dd7225acd90950f23940d89643ff013187ff24f79c851b2e680fcc2e892a
2026-06-22,S03,K07,2026-06-12 12:00:00+08:00,0.0000000000,5016,8f8585bb172a209e902d5c9ca8f31779f27048c17776aceffc8c185d1136b808
2026-06-22,S03,K08,2026-06-12 12:00:00+08:00,0.0000000000,5017,de576b63211448f550b226d5344f4637d43c8cfd73834297fc9dac9ea9e43a61
2026-06-22,S04,K01,2026-06-12 12:00:00+08:00,0.0000000000,5018,47087dd79f58ec587e9a9e67fe1e1c2bf07546043df8782804746cae69eda585
2026-06-22,S04,K02,2026-06-12 12:00:00+08:00,0.0000000000,5019,61aac4a56e379ea081e1ec86842af80f3203dd5d058c26f5aef8d5851150877f
2026-06-22,S04,K03,2026-06-12 12:00:00+08:00,0.0000000000,5020,1abc779ec5f56f37750c08fdc5d146ae1b620ad81379c88349cd452d55d76726
2026-06-22,S04,K04,2026-06-12 12:00:00+08:00,0.0000000000,5021,4e773c5f2653187a3e84a1ea8707e45a5000992cec4ba64835e768902a70d048
2026-06-22,S04,K05,2026-06-12 12:00:00+08:00,0.0000000000,5022,2cb594e032e5d8ab822be682c99e625693070b5c809f43fde549f6235f321513
2026-06-22,S04,K06,2026-06-12 12:00:00+08:00,0.1200000000,5023,ec2896a121483817975bb9c46c9f28ff5825fa81ec14d60cd479c1e839c409f4
2026-06-22,S04,K07,2026-06-12 12:00:00+08:00,0.0000000000,5024,bb28fc53210a692d0669ba074a0eba7843b9ecd8b063a806e8f7803904ba7c04
2026-06-22,S04,K08,2026-06-12 12:00:00+08:00,0.0000000000,5025,e200061c4a81f3910202a37beef90a7a59135f7a58e273c7d52166d03aacbfc8
2026-06-22,S05,K01,2026-06-12 12:00:00+08:00,0.0000000000,5026,9de6416f21acbd081c21c912b89baa858ec05d520e38adceef824971c70860c5
2026-06-22,S05,K02,2026-06-12 12:00:00+08:00,0.0000000000,5027,ff219b9f33289fae8c7be975d1496782b103edac23a2252a09c4d8f150f90281
2026-06-22,S05,K03,2026-06-12 12:00:00+08:00,0.0000000000,5028,7654012e6b74de42b7f764127d7f6b410e948eb5c820d1ce6377666eb5a1cd4d
2026-06-22,S05,K04,2026-06-12 12:00:00+08:00,0.0000000000,5029,2ba46624f3ead97ee35366bdb4485e87efde0fe0ba015ead4efd0782ecb5df7d
2026-06-22,S05,K05,2026-06-12 12:00:00+08:00,0.1200000000,5030,46568dd44af71265f3a293ff96f40731a2abc09ba8ff1b08cb40396adc11592d
2026-06-22,S05,K06,2026-06-12 12:00:00+08:00,0.0000000000,5031,0830e58f15bfba5a2cb1756505134ba90606ddbc7ec7261be0acaccb58650559
2026-06-22,S05,K07,2026-06-12 12:00:00+08:00,0.0000000000,5032,ef811143b70dad5cb568c8eeb094a68c53d465cbdee0486bf20b41e237ce690d
2026-06-22,S05,K08,2026-06-12 12:00:00+08:00,0.0000000000,5033,6531b4c119482eb1171e245436a7b297d0122f5f9a948b6fde01d0dd2c3a3f98
2026-06-22,S06,K01,2026-06-12 12:00:00+08:00,0.0000000000,5034,46a618db97db60e19e3a5917add0d449f3445e305a3a168cc0aa83a33caf96db
2026-06-22,S06,K02,2026-06-12 12:00:00+08:00,0.0000000000,5035,db855e525b22018b7836dee78befaa471046937fabd20699b60db53f0cedd280
2026-06-22,S06,K03,2026-06-12 12:00:00+08:00,0.0000000000,5036,faf17f1ecdfe086bb7f5f4f431387300f14631a2176bd4acc4c09a0ed82c68fc
2026-06-22,S06,K04,2026-06-12 12:00:00+08:00,0.0000000000,5037,a4e05e8da78c24f74822f2f9dd684977e024850b9c9e46a0ebf7513117b5918a
2026-06-22,S06,K05,2026-06-12 12:00:00+08:00,0.1200000000,5038,ac8bbc63b3bfbf366017d242b71420f14fb5f0188cf3aec723528ea26eb03436
2026-06-22,S06,K06,2026-06-12 12:00:00+08:00,0.0000000000,5039,3d2ad0f6c75d7ac5c51fe7fd157998ee18b735f9b6a03b3489058f0048c27475
2026-06-22,S06,K07,2026-06-12 12:00:00+08:00,0.0000000000,5040,cf41f554df0a207a6d34e800704f25fb35bd42c85eb7202ea104decc7cc48fb2
2026-06-22,S06,K08,2026-06-12 12:00:00+08:00,0.0000000000,5041,d6e09a4d2f0c8d0ad03a4073c0012fccfecb61324f58754fe479476fa0e34b81
2026-06-22,S07,K01,2026-06-12 12:00:00+08:00,0.0000000000,5042,f0c1c62f93e7dde6f46597be4fb8d112bcfdea7da2f4882f1d990c5d39460569
2026-06-22,S07,K02,2026-06-12 12:00:00+08:00,0.0000000000,5043,1ba231c5e4db4ef023d228a3f961dbaeca33d1ae7185648f3acb2ea4f715a115
2026-06-22,S07,K03,2026-06-12 12:00:00+08:00,0.0000000000,5044,29f028d20830d2964f6c5c30d4cbe887493dc840123f5066530729ec4fbc03bf
2026-06-22,S07,K04,2026-06-12 12:00:00+08:00,0.0000000000,5045,7642960827aefcea8ad7b2676f8dfba430b1873de45473ffd869dab397297e69
2026-06-22,S07,K05,2026-06-12 12:00:00+08:00,0.1200000000,5046,bb513cb4c63929c88cb461c0b4d816d6a26af8879d2ae99b1ffff1c5de43d30e
2026-06-22,S07,K06,2026-06-12 12:00:00+08:00,0.0000000000,5047,650dc92d19399599045b75308fd0a5ad6cf54c254b3971e23c8c9f37b07189bd
2026-06-22,S07,K07,2026-06-12 12:00:00+08:00,0.0000000000,5048,45b5f2af63633b1a4df5cd91c4b09a53da805ea320bcd41b7cc7592ce0285c2a
2026-06-22,S07,K08,2026-06-12 12:00:00+08:00,0.0000000000,5049,e1c698d996357137e58fdca608fdf3f8c50676c2dccc39c92bd4ccaac80b0fcf
2026-06-22,S08,K01,2026-06-12 12:00:00+08:00,0.0000000000,5050,d60f4079fd3395d3f585421440363739eadc2c5a05443f6aa39907825ba0ade5
2026-06-22,S08,K02,2026-06-12 12:00:00+08:00,0.0000000000,5051,24f0125f6a8398ed4663f72732f687f5c9f5a7ddbf50a34dff9de9452003ae8b
2026-06-22,S08,K03,2026-06-12 12:00:00+08:00,0.0000000000,5052,24daeff9fdf5ded7a1e3baa1492bcb75325cd7b8033a05cea69296a0384e9c3e
2026-06-22,S08,K04,2026-06-12 12:00:00+08:00,0.1200000000,5053,7fbd4939afe7cc5219114927e7c91d50e2a45e83e45f86f83d813e128cae78c9
2026-06-22,S08,K05,2026-06-12 12:00:00+08:00,0.0000000000,5054,6b032910fcd4056421b873c95c0e4eaca16496246c28e41729804cfe6fc408bb
2026-06-22,S08,K06,2026-06-12 12:00:00+08:00,0.0000000000,5055,e78a8dc24b7fa6f6d1f700741a4c4a5e3978280a34619ce893b3fba818ec2f50
2026-06-22,S08,K07,2026-06-12 12:00:00+08:00,0.0000000000,5056,122ef23242a3cdab391875ce3d3e6ddea45a4ecbb6ae1521794766074b3bfe70
2026-06-22,S08,K08,2026-06-12 12:00:00+08:00,0.0000000000,5057,f773a7e7d38f0a673529f096b4060f4cbfb7a538aa94f745b91a4c740332e27b
2026-06-22,S09,K01,2026-06-12 12:00:00+08:00,0.0000000000,5058,1af03e52f8cd047d36187dfa82881fca9b6d39f0bb07947337c6d8152b10fdda
2026-06-22,S09,K02,2026-06-12 12:00:00+08:00,0.0000000000,5059,5628c6c3a99b665dadcc91e7d4c4e2db231ac7f078be8a66d752adc188052bad
2026-06-22,S09,K03,2026-06-12 12:00:00+08:00,0.0000000000,5060,97b6b905fc891fe5527c5cff7913ea7b45a6698fbb67747dfd95d97cf1dce3b5
2026-06-22,S09,K04,2026-06-12 12:00:00+08:00,0.1200000000,5061,b01248c6750a15e2d5557db4eafe1f29997934fb1b35ead0eb52cb1bba816809
2026-06-22,S09,K05,2026-06-12 12:00:00+08:00,0.0000000000,5062,055e56903466d71a030322637a7bddcfc1585aa2ff7e1f5fb0192fcd1896d95b
2026-06-22,S09,K06,2026-06-12 12:00:00+08:00,0.0000000000,5063,d70a2e7da519250d848cbb1b530f9aa16a2719f84639667ae3fd77fd399281f7
2026-06-22,S09,K07,2026-06-12 12:00:00+08:00,0.0000000000,5064,096bdee90ed9648ebe9038c10589c15c666285035a8f38fc142c2383efc8fce9
2026-06-22,S09,K08,2026-06-12 12:00:00+08:00,0.0000000000,5065,bebc66163bfb3a0f55d14e90b24fe245c45a29ac9f9605d308a81b9b16d59c87
2026-06-22,S10,K01,2026-06-12 12:00:00+08:00,0.0000000000,5066,41f9702b96ad82eb64bab9b3a5705759e27163a3a31df720ff2dad2672334e21
2026-06-22,S10,K02,2026-06-12 12:00:00+08:00,0.0000000000,5067,26c70a4a0417bcd9c02b1de86a7fa75884517ab1ed16e62c300e2f9df2003c34
2026-06-22,S10,K03,2026-06-12 12:00:00+08:00,0.1200000000,5068,4ab47de0861521cd38c3d9b2021d9decf4c5fca6dd6f7ff1927d2622a17dbb54
2026-06-22,S10,K04,2026-06-12 12:00:00+08:00,0.0000000000,5069,ce023ec5900294b31d0a963c80e322f15663ecc39839778d19ae20d691416d03
2026-06-22,S10,K05,2026-06-12 12:00:00+08:00,0.0000000000,5070,ce984a9f7b01e482b2822c92817868a260f1ecdde7747d0706739b6ad0e65b3b
2026-06-22,S10,K06,2026-06-12 12:00:00+08:00,0.0000000000,5071,39679e20588a26e207d4c1ab55c49c25770f89add8dd7678d83eb28b9103fb78
2026-06-22,S10,K07,2026-06-12 12:00:00+08:00,0.0000000000,5072,f4ece537c99e0578db5dffd6fb559c27266eb7668387f27c90e9fde8f74d92dd
2026-06-22,S10,K08,2026-06-12 12:00:00+08:00,0.0000000000,5073,c4ab7b1deb721001e62983a046936fef778766bffc0997c92e79de44474dda6d
2026-06-22,S11,K01,2026-06-12 12:00:00+08:00,0.0000000000,5074,b66843949188187c6d065d45c416d4ef68568f860ec4239c497c5d74a12154bc
2026-06-22,S11,K02,2026-06-12 12:00:00+08:00,0.0000000000,5075,46b640fd39859607acca572eb5e578f374f83a05eee59258d85ef32cf60aaf8b
2026-06-22,S11,K03,2026-06-12 12:00:00+08:00,0.1200000000,5076,046b45020d6342105c418134a6d47fa18cac52c455ca9d85b75218118e2a51e0
2026-06-22,S11,K04,2026-06-12 12:00:00+08:00,0.0000000000,5077,2f7360cdf3fd90cfdeba01c897f0efd5fdc863ceb8ec6c7ad66bb93407ccbc29
2026-06-22,S11,K05,2026-06-12 12:00:00+08:00,0.0000000000,5078,d95bc9973cf64a0ddb1f6032014a7510da485cc7accb29bdb6e009603b8749b2
2026-06-22,S11,K06,2026-06-12 12:00:00+08:00,0.0000000000,5079,4e8540584e7a36177a43abacf8b1a075c461705acf46fcc37977cdd1dac9481c
2026-06-22,S11,K07,2026-06-12 12:00:00+08:00,0.0000000000,5080,873521a8a367f8a5e99731cc85f08e1db622984b70d40e07c3b320eef2728b74
2026-06-22,S11,K08,2026-06-12 12:00:00+08:00,0.0000000000,5081,239d5e3bda4d00a9e67a584a4c27c1413b05b5ae929129ddf6c927fb3fe40bd9
2026-06-22,S12,K01,2026-06-12 12:00:00+08:00,0.0000000000,5082,57a8d47fc1d7e587c44da7f65701f7d5421d6cee651d9cd879cd33598e1ef07c
2026-06-22,S12,K02,2026-06-12 12:00:00+08:00,0.0000000000,5083,28c4718a5c6248e4eff6c04fa4a48c84468207e86e776e074c45b5f34effae27
2026-06-22,S12,K03,2026-06-12 12:00:00+08:00,0.1200000000,5084,b3b2dd9a25c5d9b9ea53fd3e52a52f183f28db8c466f3337ce024231533db058
2026-06-22,S12,K04,2026-06-12 12:00:00+08:00,0.0000000000,5085,cf469a970af8661d31136f7ae655c5509394c955ec6d95933ab89f83ee1e74d4
2026-06-22,S12,K05,2026-06-12 12:00:00+08:00,0.0000000000,5086,929985a4137595b472a53c0fb13c6b19bf3805c5b01216d3ae16fd2ff369cc9c
2026-06-22,S12,K06,2026-06-12 12:00:00+08:00,0.0000000000,5087,41bfce365412618d0cb0cc877208c0012cda9417785d48cf9e1118d9fe52fb84
2026-06-22,S12,K07,2026-06-12 12:00:00+08:00,0.0000000000,5088,85d6e63a196b73d48b7c66eeced14e570aba007c8d7dcbc5d12a1da8139d7a98
2026-06-22,S12,K08,2026-06-12 12:00:00+08:00,0.1200000000,5089,e8cf460ae106ed90468c892a5247f32927a2f4cd59882418f031524e8b53a9ff
2026-06-23,S01,K01,2026-06-13 12:00:00+08:00,0.1200000000,5090,1f5f04b138c35ada369b659e716d052f67bdd98eff9835eb364e6ffbe2caf038
2026-06-23,S01,K02,2026-06-13 12:00:00+08:00,0.0000000000,5091,0f7e5a36ad8bc563fbac8a15443d8988a7e15701d9a4e96054ffd60c31d5d5ba
2026-06-23,S01,K03,2026-06-13 12:00:00+08:00,0.0000000000,5092,01ed4a3639bbe2b76c7fde93d04601f408da66f382bb31f812552428617b4c8a
2026-06-23,S01,K04,2026-06-13 12:00:00+08:00,0.0000000000,5093,31e9fefc19b05ea138b5ce363bf95ec7bf905c31bc65c43d05d0069f3fcb1c88
2026-06-23,S01,K05,2026-06-13 12:00:00+08:00,0.0000000000,5094,b4aeae39645b41c4605e1bc0f225c4b74b3da494582487c4b9117d626ac07bd7
2026-06-23,S01,K06,2026-06-13 12:00:00+08:00,0.0000000000,5095,e865e10fe7cae64fb99c05f47aa0c88e5bf000103510b8578bc0818de6b4f12a
2026-06-23,S01,K07,2026-06-13 12:00:00+08:00,0.1200000000,5096,4a71eb898f31b77d356f50d737b4623753d9eaf830f1cbe78d5c2772c9c09872
2026-06-23,S01,K08,2026-06-13 12:00:00+08:00,0.0000000000,5097,9b18d5a1abef41436a7a928b78da06966c7b473e0eaa7708f40356464eb09abe
2026-06-23,S02,K01,2026-06-13 12:00:00+08:00,0.1200000000,5098,0b8b55b716bf988a447ad0be2dda21e207be3aae8a8ad61a9c41da4406b056d1
2026-06-23,S02,K02,2026-06-13 12:00:00+08:00,0.0000000000,5099,51166a86cec7399a111b3149c113c033ef3a8fe1e99fd6e325f45ebcb96f2176
2026-06-23,S02,K03,2026-06-13 12:00:00+08:00,0.0000000000,5100,0db4f83a275f23a9d67bb160255a9352a2db1e97143ccda646615597cf8b3926
2026-06-23,S02,K04,2026-06-13 12:00:00+08:00,0.0000000000,5101,7da7f5140c3cfd7b1efcda20e8b5f16d39911ee3efc9d3d6da60401ccd9105de
2026-06-23,S02,K05,2026-06-13 12:00:00+08:00,0.0000000000,5102,52bc66e9e282f0ba1629ba68eeae32ca30238966ce1f4100b4beb3ac3f2665cd
2026-06-23,S02,K06,2026-06-13 12:00:00+08:00,0.1200000000,5103,bfcd680d6e88beb0e0e848e97cec224746b446a287d761949bb9dd7fe2148e79
2026-06-23,S02,K07,2026-06-13 12:00:00+08:00,0.0000000000,5104,39d61c813f81203a0811079380196e8c3619b55504968b3985818e28aef8c017
2026-06-23,S02,K08,2026-06-13 12:00:00+08:00,0.0000000000,5105,458984f45843d786a6512d0c3d171123b4dbf605d99656034a482a394e672f4b
2026-06-23,S03,K01,2026-06-13 12:00:00+08:00,0.0000000000,5106,563a1bf75017b0d0b5d882115560d937bc37ae1174f2cc9da54e7776ddec67dc
2026-06-23,S03,K02,2026-06-13 12:00:00+08:00,0.0000000000,5107,700f99779f9c3d3351ad434d4f9e9dc9a114ec7b474543472ed035a4f8a3f75f
2026-06-23,S03,K03,2026-06-13 12:00:00+08:00,0.0000000000,5108,ab24daf932371290f37ee48af7505db643bd65d3a0db3c1dc8fcb91cf27c2d0e
2026-06-23,S03,K04,2026-06-13 12:00:00+08:00,0.0000000000,5109,922e04c83af1938fea243b8e7c6fd1f3b90f0929929b943a8d5d180885f0179a
2026-06-23,S03,K05,2026-06-13 12:00:00+08:00,0.0000000000,5110,4cec91491a28af172edd51ebd44fc8796277c24ff67c2d4d4f4f86d65188d1c2
2026-06-23,S03,K06,2026-06-13 12:00:00+08:00,0.1200000000,5111,9b8791fb50136e1ca2ce8ae055d76a0e58f9e2850809f50d7a74bfb30648f470
2026-06-23,S03,K07,2026-06-13 12:00:00+08:00,0.0000000000,5112,3ff16a241649d9f2f60f7ce086a8894b5c99b6ff2ba67b35b22e1fc4778620c8
2026-06-23,S03,K08,2026-06-13 12:00:00+08:00,0.0000000000,5113,4ce6934857dc292b0cbac44f5a888e78e694ecb022336e6ba065bdd8072e068c
2026-06-23,S04,K01,2026-06-13 12:00:00+08:00,0.0000000000,5114,a77e166ab55b1d3dd7384bb32efc089bf77b13db264d6d2fb9220e2d9c40b2a0
2026-06-23,S04,K02,2026-06-13 12:00:00+08:00,0.0000000000,5115,674b9e3714e24e88cca597f0486b1d9e990c7adcef34545204b715939a05f3a4
2026-06-23,S04,K03,2026-06-13 12:00:00+08:00,0.0000000000,5116,48105b1a8aba51e3a1a2fd653159573bf92551f4a49ca7398c82112084b68903
2026-06-23,S04,K04,2026-06-13 12:00:00+08:00,0.0000000000,5117,8956d9b05f39d1ee30d649cce2dd453528faf2d9bcf1989fee9d2f8d5165535b
2026-06-23,S04,K05,2026-06-13 12:00:00+08:00,0.0000000000,5118,9c8938453c311049aa7600f0a97796d5bec34d25833e415cb6d3e1874ecd225d
2026-06-23,S04,K06,2026-06-13 12:00:00+08:00,0.1200000000,5119,078aaecc227ce03d80cb3579224fe7c6c0889f766d2c7e809db4c04e8a9b806b
2026-06-23,S04,K07,2026-06-13 12:00:00+08:00,0.0000000000,5120,c371a062f8853a477b21326e06e370056a57fae5a2e90a9ef310323dd7efce0e
2026-06-23,S04,K08,2026-06-13 12:00:00+08:00,0.0000000000,5121,7e38cf343521f3247ba9402251919e357776a96aebfc7e92e98624a742b60fc5
2026-06-23,S05,K01,2026-06-13 12:00:00+08:00,0.0000000000,5122,9ed330eecb7e2f7b8263c8ea39c78bf26b9f199862495d27ad20476aafddc31a
2026-06-23,S05,K02,2026-06-13 12:00:00+08:00,0.0000000000,5123,5f282556efb27af302524d86b24ab616c73977c3da1c206b456eef3adb9939a3
2026-06-23,S05,K03,2026-06-13 12:00:00+08:00,0.0000000000,5124,f6b639f876abb4517a4e0031d4d28f9c9d44a193d1bace25a78a7a11a6c381c6
2026-06-23,S05,K04,2026-06-13 12:00:00+08:00,0.0000000000,5125,d6ed32444a7eb4d099dee749bb7c97fc286bddc7d27510644be31619d01606ac
2026-06-23,S05,K05,2026-06-13 12:00:00+08:00,0.1200000000,5126,12f6ece9357ee5969c7851dacca7d113e21fc89eb1072ba376aed3a75e78380c
2026-06-23,S05,K06,2026-06-13 12:00:00+08:00,0.0000000000,5127,8fea4e7e4569c2ccb7cc98d6291a5c9c011283b6840a12e466e2699999194bb2
2026-06-23,S05,K07,2026-06-13 12:00:00+08:00,0.0000000000,5128,466cb3c808965ea46eb76416891bd564df95b7ff0031a2f143a3795e439e21d0
2026-06-23,S05,K08,2026-06-13 12:00:00+08:00,0.0000000000,5129,aa8b422c5ac85cd6489629ff2cc3d8cb68281522d17de48966b072e58c741ff8
2026-06-23,S06,K01,2026-06-13 12:00:00+08:00,0.0000000000,5130,4524cfa7aeb4ade420392cab75197ccb54fd7fc3ffd6cdd06cccf28580d0b98e
2026-06-23,S06,K02,2026-06-13 12:00:00+08:00,0.0000000000,5131,057f56ddbf46f955bb45358541218cdae3fbbfcb586eb5e244871ff2ab75fb46
2026-06-23,S06,K03,2026-06-13 12:00:00+08:00,0.0000000000,5132,41852cb7df9cad343a935e278587ee09eaf60b1eddddf36dffe9e2fbbb54be13
2026-06-23,S06,K04,2026-06-13 12:00:00+08:00,0.0000000000,5133,c0fd51f4afaa614582f29127477b0530fc55cad467c983326607a0ffa4015b0e
2026-06-23,S06,K05,2026-06-13 12:00:00+08:00,0.1200000000,5134,972d555fdf67d70d689f295c70df7c2c4d0c1b5ec31a9a748b6246d7f4acb21b
2026-06-23,S06,K06,2026-06-13 12:00:00+08:00,0.0000000000,5135,92f49143a3699b6483dfbc02c4bafde47471f6cda198d35ba04ee80b32fa2535
2026-06-23,S06,K07,2026-06-13 12:00:00+08:00,0.0000000000,5136,10b2c4830e0ed01e23b31f8dad39f1c056ad6b3a6b3c7806c70226da1dc2898c
2026-06-23,S06,K08,2026-06-13 12:00:00+08:00,0.0000000000,5137,fa7e063e544c4b81e931ee855a2fc1f5eb7b7db11a3973b5e853b3024d9ff8a0
2026-06-23,S07,K01,2026-06-13 12:00:00+08:00,0.0000000000,5138,8dbab979a1582c593e8ad0d43590f925ebba2333536732a5ef1b8107a6ea228f
2026-06-23,S07,K02,2026-06-13 12:00:00+08:00,0.0000000000,5139,f2e378f8759150e1819b6ebc4803ee5e96e5fb3a530515bfabced0bbc62f0a5a
2026-06-23,S07,K03,2026-06-13 12:00:00+08:00,0.0000000000,5140,6fcd1aca25b3944d087355f642b74264efcc8f4a7a3cb6cff6d407624039e2cc
2026-06-23,S07,K04,2026-06-13 12:00:00+08:00,0.1200000000,5141,b7321c1a465d79c544d61f67144d0781e4535ca7671a4251a9255a90a1554f16
2026-06-23,S07,K05,2026-06-13 12:00:00+08:00,0.0000000000,5142,a19e03179ba955da3d19a8fc62ef4fb2ad772f841f6f9193d0eedd616fafa113
2026-06-23,S07,K06,2026-06-13 12:00:00+08:00,0.0000000000,5143,a11962ed76288f0150a9a31a7c3aa8f12a39392599d101e7d4800deea2b2f619
2026-06-23,S07,K07,2026-06-13 12:00:00+08:00,0.0000000000,5144,722ae845ac0b592756cfa712b184801ef6fb93b950a5aa83b14f8a43e5bc0fd7
2026-06-23,S07,K08,2026-06-13 12:00:00+08:00,0.0000000000,5145,6398903acbea6d9446bcb5dec24defe02893a4218d82e81e7e3ff3396776c17e
2026-06-23,S08,K01,2026-06-13 12:00:00+08:00,0.0000000000,5146,352f364f24e5856fa215aa803faecef889c6640d0469def0374f8d02165ae0eb
2026-06-23,S08,K02,2026-06-13 12:00:00+08:00,0.0000000000,5147,9b1151cd6cf48754ddf4c1430cd68b5a495bdd7ef9a48206d9f0976738c1108d
2026-06-23,S08,K03,2026-06-13 12:00:00+08:00,0.0000000000,5148,46f83fccd3d6b24b77bda6342195370238b5b1795121f7aaf7d503589281698d
2026-06-23,S08,K04,2026-06-13 12:00:00+08:00,0.1200000000,5149,d40e10596effbd8fcf394d0c500e49346b4e14e5f4a1a5c4ba9dde8a95e8b5de
2026-06-23,S08,K05,2026-06-13 12:00:00+08:00,0.0000000000,5150,5ed8724a0d8ff3f9aa1ac4590c4862f9dd596c0448e31e412dab36f0b254a072
2026-06-23,S08,K06,2026-06-13 12:00:00+08:00,0.0000000000,5151,ec31cf5e747e697a6d9d89abcd129059abfff0cf2d77f164b97cf92291846c96
2026-06-23,S08,K07,2026-06-13 12:00:00+08:00,0.0000000000,5152,e095f2b4d018eba0ef670bc2518c38b8d4cedcd2eaefb896dbf801e1f990be14
2026-06-23,S08,K08,2026-06-13 12:00:00+08:00,0.0000000000,5153,671d2f3e0d93164d82b5969a53b43caf384ca9666c09ea836a2ea2233aa3560d
2026-06-23,S09,K01,2026-06-13 12:00:00+08:00,0.0000000000,5154,4c3d4c818d35c62a7efd291dac0ec54e5b8c5b72d94c41069db042c4b95856e0
2026-06-23,S09,K02,2026-06-13 12:00:00+08:00,0.0000000000,5155,2405da3ddfaeeecce35d265a8ee4fe19b18dcdaf55f59a1f287f2f3818265a57
2026-06-23,S09,K03,2026-06-13 12:00:00+08:00,0.0000000000,5156,6b5c604f03e77e56605dd89584e669fa21ebec8f1d65ccbe6b71ce1830682f81
2026-06-23,S09,K04,2026-06-13 12:00:00+08:00,0.1200000000,5157,d5a2ab83e5b4cd4bade6a5260e4592eb0f2415fd4fdfae90b96d9adb9b64b1ac
2026-06-23,S09,K05,2026-06-13 12:00:00+08:00,0.0000000000,5158,00bc9ee8b10e0de4f1ba6337e9ddf44d48f78f5edc165415874456e8191efdc5
2026-06-23,S09,K06,2026-06-13 12:00:00+08:00,0.0000000000,5159,61597486c466b6f67dc54d309348f02275e4c07e791f7d086feb470a41385cbd
2026-06-23,S09,K07,2026-06-13 12:00:00+08:00,0.0000000000,5160,41dca48299e77e2de8b6eb3e0d70fb169db8fce1abce0ea7c2270f7d38a7b612
2026-06-23,S09,K08,2026-06-13 12:00:00+08:00,0.0000000000,5161,bbadcdbd8e17a13b88e7215c755da2262f457cdd7af379a5a984c2b63f3d8baf
2026-06-23,S10,K01,2026-06-13 12:00:00+08:00,0.0000000000,5162,5aee602a21911fa17f6eee412da041c8f45c5c91a02f10352250ef627c0e3313
2026-06-23,S10,K02,2026-06-13 12:00:00+08:00,0.0000000000,5163,6c99496a919da7955dc6e11daf8b17866711c9f87c0faaa4555d8ad7c1ee9f7a
2026-06-23,S10,K03,2026-06-13 12:00:00+08:00,0.1200000000,5164,c166521d33f7bcdaf91e9d1574a647ffcb86545155a25d8c4411c119fa378edc
2026-06-23,S10,K04,2026-06-13 12:00:00+08:00,0.0000000000,5165,320dd301a1075b7eaffefd16d57303ad79b9d4ee94d1a3338a9b70e61ccebf8c
2026-06-23,S10,K05,2026-06-13 12:00:00+08:00,0.0000000000,5166,f60648e26d404418c7b240470d1679964fe4d060a1f8fda103f861ad8156e9c3
2026-06-23,S10,K06,2026-06-13 12:00:00+08:00,0.0000000000,5167,4224488be193a3accc82c40c6e8db1fa27c5411d9c28b3666dc88d56176fa9b4
2026-06-23,S10,K07,2026-06-13 12:00:00+08:00,0.0000000000,5168,0633f4806b7b7eaadfa26bcf22e85c4995d2b6bc8f6fc85f9477e15d470f260d
2026-06-23,S10,K08,2026-06-13 12:00:00+08:00,0.0000000000,5169,392b7cf9aae392092725b0ff504671ed3fb34e663b9b49f3a252ca378c8b6ef4
2026-06-23,S11,K01,2026-06-13 12:00:00+08:00,0.0000000000,5170,285943a42b6d096e373f913d58b7396878b822d4e163fcfa806cd73185f67f82
2026-06-23,S11,K02,2026-06-13 12:00:00+08:00,0.0000000000,5171,bc001abce8e5c8bb350369f3c041e2b7625c521269982cf357d5cd4429ce7b56
2026-06-23,S11,K03,2026-06-13 12:00:00+08:00,0.1200000000,5172,8c7e0cde112faea3031e069d5ab57637aa6de80b16f9fffe80e6e54e676a1944
2026-06-23,S11,K04,2026-06-13 12:00:00+08:00,0.0000000000,5173,757583b435654ce2a37ec4aa0be8c74e48175fe5cd8a58598d930fe802ead6e1
2026-06-23,S11,K05,2026-06-13 12:00:00+08:00,0.0000000000,5174,21ad7143582219fa15fdca0a74cb292417e678e8cc3b53c7ec9900e1689c5215
2026-06-23,S11,K06,2026-06-13 12:00:00+08:00,0.0000000000,5175,e19ccbf0d053b944101cd2a0f96c8c766f6fcab627f5cb5ed439dd07dca00a2a
2026-06-23,S11,K07,2026-06-13 12:00:00+08:00,0.0000000000,5176,8bb0d6f18304c1a02fc54cc953879cfd8e81252782411c2fa8765b69f1887352
2026-06-23,S11,K08,2026-06-13 12:00:00+08:00,0.0000000000,5177,8532f01f1826d0967a163643141f74192fa25e773b1820cbaa02b75865a217b6
2026-06-23,S12,K01,2026-06-13 12:00:00+08:00,0.0000000000,5178,486020866bdc32546b31445fe1b426e9a1c58c5fc6bf981d2df841f3fc84a74e
2026-06-23,S12,K02,2026-06-13 12:00:00+08:00,0.1200000000,5179,1cfb6a039f828d778f1e56c206dccc0e87cc2b0b0a6972b07d469f0b37c8407d
2026-06-23,S12,K03,2026-06-13 12:00:00+08:00,0.0000000000,5180,8bca6b4a1287895a0f3e2a98aa0dbcb4089ceef1e4ed9cf20f825f6dc793aed6
2026-06-23,S12,K04,2026-06-13 12:00:00+08:00,0.0000000000,5181,a765c6d8167f00a6db43a5a8940569cb5f18595f7b4769afbcda9b97b3d85ddd
2026-06-23,S12,K05,2026-06-13 12:00:00+08:00,0.0000000000,5182,1562c2da55ead8db8191f8fabef76469c96a7d3aa496701fb335492b06a4c4d3
2026-06-23,S12,K06,2026-06-13 12:00:00+08:00,0.0000000000,5183,e587e42e83c0f9603d983652813b108f3adc5de8b346f3632de2387ee4acef06
2026-06-23,S12,K07,2026-06-13 12:00:00+08:00,0.0000000000,5184,c0ab8b6fa13b9b344eb505e4459d8583a3d558ae30c933fe07872db4f79b498a
2026-06-23,S12,K08,2026-06-13 12:00:00+08:00,0.1200000000,5185,0ad15a5ec4222899bd3b91b6903d7bcf261dbddbe2e78419b8b30a2b145b3de6
2026-06-24,S01,K01,2026-06-14 12:00:00+08:00,0.1200000000,5186,4640366d427e5c46ebc94a229f216228ed49bf4d34fc2c577cbb2215412e15e5
2026-06-24,S01,K02,2026-06-14 12:00:00+08:00,0.0000000000,5187,705537cfa4d1b38568476e39c244456b1df9084042b813531643b1df56360218
2026-06-24,S01,K03,2026-06-14 12:00:00+08:00,0.0000000000,5188,e9ff8d0f26402c3db9350296026a65cb293ef5e87b127f92cbae4700da8bfd3f
2026-06-24,S01,K04,2026-06-14 12:00:00+08:00,0.0000000000,5189,1ac81744346c5602654173ac7dea2b50711712fc8f61a64f76fb8b004b5841c0
2026-06-24,S01,K05,2026-06-14 12:00:00+08:00,0.0000000000,5190,dbc77cd5013090cd97d7359d26b33a6903e8e5bcb6f8e4b6739b383326f66c42
2026-06-24,S01,K06,2026-06-14 12:00:00+08:00,0.0000000000,5191,da6be5d17dc52870256f3059597d683fc1237f4ecd3ffe2afe2a8534ebf1ca8b
2026-06-24,S01,K07,2026-06-14 12:00:00+08:00,0.1200000000,5192,efcd4b79f2def211ecbd544b8efea744727557b2440a5c00df8c21796c5a8dba
2026-06-24,S01,K08,2026-06-14 12:00:00+08:00,0.0000000000,5193,8136e366f67861e3c37d8d7b7e427e0ed6107390cc7eafcedab60842258e47ee
2026-06-24,S02,K01,2026-06-14 12:00:00+08:00,0.0000000000,5194,6cee3e90f1e37214773531f1027ffe16abaf35511bee1f94c9592d218d00b375
2026-06-24,S02,K02,2026-06-14 12:00:00+08:00,0.0000000000,5195,8fc5a0edf353684a8793ff0a83bdb0e6deec27f05e1dd533dba2b902dba01173
2026-06-24,S02,K03,2026-06-14 12:00:00+08:00,0.0000000000,5196,848f87c3fa6773a5dfd0b78635ba63ea29260e1c5d6f15e213c51bf40b330ea7
2026-06-24,S02,K04,2026-06-14 12:00:00+08:00,0.0000000000,5197,113c61682fae2b8778df5b134bb840847a69bd0a4e2adcdeb6f1068310224db7
2026-06-24,S02,K05,2026-06-14 12:00:00+08:00,0.0000000000,5198,ca43fe86ef55e04a6a11136b0dc45573ef9ba311cee96ad3329021fe0aae29fc
2026-06-24,S02,K06,2026-06-14 12:00:00+08:00,0.1200000000,5199,e04e0299e8ba2207f37b3c1b7ccd4a2259559f107898a146cff20444f0f1f442
2026-06-24,S02,K07,2026-06-14 12:00:00+08:00,0.0000000000,5200,e09fea17f30881197f1b8c1b6083d7a953b86fe3672e2874302c488d451b8b37
2026-06-24,S02,K08,2026-06-14 12:00:00+08:00,0.0000000000,5201,2cb6f0174e61d5420734e3779a1621ddfbf22251b26924882fee38940b259651
2026-06-24,S03,K01,2026-06-14 12:00:00+08:00,0.0000000000,5202,81372906a8e0780129fbd698cae77660e7e901c35b6fa264fbb83f49dd92819c
2026-06-24,S03,K02,2026-06-14 12:00:00+08:00,0.0000000000,5203,efd9836e0145143eed716e1e32b2666797495f44dd2d00791a7f35928a732e00
2026-06-24,S03,K03,2026-06-14 12:00:00+08:00,0.0000000000,5204,ad0cca0604b85beba4a096f0fe6661f3668fc6426c9842229d80390cea60de82
2026-06-24,S03,K04,2026-06-14 12:00:00+08:00,0.0000000000,5205,844a5a182d045daf98dacfee26a83056d22f69f2fa322de181a071f417034c1d
2026-06-24,S03,K05,2026-06-14 12:00:00+08:00,0.0000000000,5206,4b60de7e0838c051550fe87738934ee4ade5b42743b9f7ca1cfaa20652becc33
2026-06-24,S03,K06,2026-06-14 12:00:00+08:00,0.1200000000,5207,afd9abe987df32082261e2a74069bec66772b77625b1670bc3bf726ae36e0fc1
2026-06-24,S03,K07,2026-06-14 12:00:00+08:00,0.0000000000,5208,fe503a90fcb59b831040cb1e84947e43c95db50ebde47be4934e69410862596b
2026-06-24,S03,K08,2026-06-14 12:00:00+08:00,0.0000000000,5209,7c4c27326898f38933fc721f50f24060e74646d164959ce9c0d7e73cb7634342
2026-06-24,S04,K01,2026-06-14 12:00:00+08:00,0.0000000000,5210,e961e0c41d8d4e327f9dbe11cf1fd2756d450c088ceded8523e10736d16a099c
2026-06-24,S04,K02,2026-06-14 12:00:00+08:00,0.0000000000,5211,5c3e05a7c18a4041eaee6e9c62275d1d74467ed66e042e6b7c2a8139f524b53f
2026-06-24,S04,K03,2026-06-14 12:00:00+08:00,0.0000000000,5212,232388b47444cf8b32709fea438ad77019100367ab40e122ebfa783c0d0aac35
2026-06-24,S04,K04,2026-06-14 12:00:00+08:00,0.0000000000,5213,15896801a9296f0cf20b04a0929c9cc7216b6cd7f380b66852ed0c820d3b367d
2026-06-24,S04,K05,2026-06-14 12:00:00+08:00,0.1200000000,5214,55e26f48b5ac21080044684dcdb2d922683dbb8b776ee159be55252dc4e5ff6a
2026-06-24,S04,K06,2026-06-14 12:00:00+08:00,0.0000000000,5215,1d851a66100f47b88755855137eaec8e78df83db7b2f637c1822e0070a7a590b
2026-06-24,S04,K07,2026-06-14 12:00:00+08:00,0.0000000000,5216,827a96bd5cfa6ba510da76dfed5653ad3018478db189945aec222849eb42b854
2026-06-24,S04,K08,2026-06-14 12:00:00+08:00,0.0000000000,5217,a70d0deddb0153f5acd17bcf5a113e1e7a0ac1ecc0cea1dbb12e548ca9bef280
2026-06-24,S05,K01,2026-06-14 12:00:00+08:00,0.0000000000,5218,50bafc60176904f72e7e05ce276f7ace2f4fb543bf7909f6ebd52c623c7e578b
2026-06-24,S05,K02,2026-06-14 12:00:00+08:00,0.0000000000,5219,43eebc947468ff957e2541f5966fe9837b9fe618141d03765d88cd838b4b321e
2026-06-24,S05,K03,2026-06-14 12:00:00+08:00,0.0000000000,5220,7c7358651b4b6a1954d9f9311508c9d9b8ae58f1f7c08d4e47d7fd24606815f4
2026-06-24,S05,K04,2026-06-14 12:00:00+08:00,0.0000000000,5221,9e03650462f5da2dacebb0975ea994a7066b6c20a32bd994ffe0e5c4f8fbc137
2026-06-24,S05,K05,2026-06-14 12:00:00+08:00,0.1200000000,5222,78edf1b99bf1737f8cbdd9dbebb945710f78d45d986964c8eadbc30834ea3c37
2026-06-24,S05,K06,2026-06-14 12:00:00+08:00,0.0000000000,5223,c24c2e62cfb37ad0f569ef6630c46b7d1b03b2ca226f647091a876883b117610
2026-06-24,S05,K07,2026-06-14 12:00:00+08:00,0.0000000000,5224,de9c920b443a7d0cbb718542a65b78c7eddbf526258e58fca0a0cc8adc76e56d
2026-06-24,S05,K08,2026-06-14 12:00:00+08:00,0.0000000000,5225,303da172d005110914ebf679efe5395a2efe727e49534ed4ac0f4bf2923dedc8
2026-06-24,S06,K01,2026-06-14 12:00:00+08:00,0.0000000000,5226,5da505aa348fd8ab6285b37567f846e4245197512b081cd1e03c3d21065e7513
2026-06-24,S06,K02,2026-06-14 12:00:00+08:00,0.0000000000,5227,da27db96a8f665dc7b15ce80a39b0d75495ffc7c1a7b78de81ba72a9d837ad82
2026-06-24,S06,K03,2026-06-14 12:00:00+08:00,0.0000000000,5228,0737f91435f7c850597f38442f3d285c7bf01805504eb16cf1cb156f54735265
2026-06-24,S06,K04,2026-06-14 12:00:00+08:00,0.0000000000,5229,c44aba85bf4d4a0ae4cc56f0a2a9bef0269ea10875206e32fcf122e177849f90
2026-06-24,S06,K05,2026-06-14 12:00:00+08:00,0.1200000000,5230,0e369aab15f90c1d32fb4c2c9948a6dc144142e9990d324c33add2cdcd4bfdd0
2026-06-24,S06,K06,2026-06-14 12:00:00+08:00,0.0000000000,5231,b0b1027b6569338c274064e4c78c5b9eeed0d3164e4d9f5f73b0a410298f1b64
2026-06-24,S06,K07,2026-06-14 12:00:00+08:00,0.0000000000,5232,fb45e95f501c326c4a7cccae00fafe3f2c97bb4c248007e6312b4e23b3e29f8b
2026-06-24,S06,K08,2026-06-14 12:00:00+08:00,0.0000000000,5233,e660b781f625b3a05419a2105ef9a7e915459d259d905e6fc4848c28966f9b07
2026-06-24,S07,K01,2026-06-14 12:00:00+08:00,0.0000000000,5234,1de9786d3d6f56d41031f6972c6ac1b9bba04540e1e28e89f6edeb0e668e9ff7
2026-06-24,S07,K02,2026-06-14 12:00:00+08:00,0.0000000000,5235,c413634d1d51ca1972b2519c02d8d59287ccd0316bdc673e861418a0780e5406
2026-06-24,S07,K03,2026-06-14 12:00:00+08:00,0.0000000000,5236,f29ee05e6930ad70c616158b0b8bfa772624068361b78f484f5deda61c021b71
2026-06-24,S07,K04,2026-06-14 12:00:00+08:00,0.1200000000,5237,c54deb9c2f884bbb523f1bca29b97d98e9588e0bf4e6c35f11215bea0d297453
2026-06-24,S07,K05,2026-06-14 12:00:00+08:00,0.0000000000,5238,e56a34ec12b10f233090d02d7871322b533b96791c9b9d6db8c33380aaf4dd7b
2026-06-24,S07,K06,2026-06-14 12:00:00+08:00,0.0000000000,5239,c59d61acdc4c29f986e8b9c808084e6adee9928e5dbd6fa05964beddcce2bbf3
2026-06-24,S07,K07,2026-06-14 12:00:00+08:00,0.0000000000,5240,b7a5d4293d883ca774fb80e81ad5e7786cb3bcf68bee3b76ad70af1691aef70d
2026-06-24,S07,K08,2026-06-14 12:00:00+08:00,0.0000000000,5241,8ba7a7d5323b2cf5fc2041b6b097bcbd59aae3aa263b4605e6b7de2adc651358
2026-06-24,S08,K01,2026-06-14 12:00:00+08:00,0.0000000000,5242,281b93831bd3214fe709ab6e4d7059b6ae38565aa6c2ac756a4238e5c731f526
2026-06-24,S08,K02,2026-06-14 12:00:00+08:00,0.0000000000,5243,fb86ddcdbf75eb220855d2a6b0667f745732442bc014331f0751b0ba9946735c
2026-06-24,S08,K03,2026-06-14 12:00:00+08:00,0.0000000000,5244,0c165feed6aa495254a277055f5f7c6b0520eddcca328a5b8d7dd28be9c8d50e
2026-06-24,S08,K04,2026-06-14 12:00:00+08:00,0.1200000000,5245,2cc83690b7528e1572c945c59c683a83e30acc65e51e88badae86098d00e4d68
2026-06-24,S08,K05,2026-06-14 12:00:00+08:00,0.0000000000,5246,d87de198ea09e694221843490f7877eb4a9a8e4b210514e62085bf19eaaf4f12
2026-06-24,S08,K06,2026-06-14 12:00:00+08:00,0.0000000000,5247,cbcd0cc9feb68768bc7956d4f5cbcc4714c2ec71e31ac7b46abade9d373ff0a2
2026-06-24,S08,K07,2026-06-14 12:00:00+08:00,0.0000000000,5248,726010844004df952fd8bf81c899e2c4d979cc832848e747f92163cd9d3467d9
2026-06-24,S08,K08,2026-06-14 12:00:00+08:00,0.0000000000,5249,70796a58b4dfef7cb89026946cf6409eaa902b7c947ef41d8e911a31da52b11c
2026-06-24,S09,K01,2026-06-14 12:00:00+08:00,0.0000000000,5250,8970e754674825886f1d38a2d4105071f646c3151e01a1e59f8273b062290dfe
2026-06-24,S09,K02,2026-06-14 12:00:00+08:00,0.0000000000,5251,c313d5198096f69c021a4ab61a43c0ad459cfe47495d40f70a3aed8372db6d2f
2026-06-24,S09,K03,2026-06-14 12:00:00+08:00,0.1200000000,5252,e916da323f186a4be8090680f92c9e1928cf8e8c9a839b0b700542a9d93d03e9
2026-06-24,S09,K04,2026-06-14 12:00:00+08:00,0.0000000000,5253,cb9bb7e2041170d30ad656552dd2ac45d15e861405547182e9060afb19663fe7
2026-06-24,S09,K05,2026-06-14 12:00:00+08:00,0.0000000000,5254,946d86177ed5560a24908059a379a451c0ccc68a8378b25ca1fa373804e6e457
2026-06-24,S09,K06,2026-06-14 12:00:00+08:00,0.0000000000,5255,afc09df3ca3bd623e055935a9bd5f15d74545c47ba344f3c8b370226e30d6907
2026-06-24,S09,K07,2026-06-14 12:00:00+08:00,0.0000000000,5256,b6dc35758cc4ee7b747207f825409a99a6fdefe455448a332cedfddd861ddd6c
2026-06-24,S09,K08,2026-06-14 12:00:00+08:00,0.0000000000,5257,90fea4d46078d6adec9c9712faf85d23f687ecb741199250b07aa8e3ae67622f
2026-06-24,S10,K01,2026-06-14 12:00:00+08:00,0.0000000000,5258,53851d762e0b8ca3403f4c9fbafd1a66a6b0a56778e12ae3f14e31651496f628
2026-06-24,S10,K02,2026-06-14 12:00:00+08:00,0.0000000000,5259,36229cbe669ecbd6abb01089b37ecfc638b49785c1fd306457ae96386acf3d70
2026-06-24,S10,K03,2026-06-14 12:00:00+08:00,0.1200000000,5260,e9f8bd5012bb241e2ac2fe8054c3c6136514e51b62b69f71825b0b3393fef3e5
2026-06-24,S10,K04,2026-06-14 12:00:00+08:00,0.0000000000,5261,d8b94c877a608ed556c5d8331295ed0727f7f34381546e94bd7e6c03d91f5fda
2026-06-24,S10,K05,2026-06-14 12:00:00+08:00,0.0000000000,5262,78e5c6e88472bd737a23b6de77c4ce8f492d11c403ee133b2c7db957b1069177
2026-06-24,S10,K06,2026-06-14 12:00:00+08:00,0.0000000000,5263,d896fce5bd4d2b0033a1ca071b106dbeeb30f13e2556eb58989598f5e97e3511
2026-06-24,S10,K07,2026-06-14 12:00:00+08:00,0.0000000000,5264,70f56831f92e69681fb7418818c7c9ac22f593378e77fa8746260dc75adfc5bc
2026-06-24,S10,K08,2026-06-14 12:00:00+08:00,0.0000000000,5265,bb0eb65a1daaa06751d927a833e3e75717da8f907da28411089f0cfc3efa5f66
2026-06-24,S11,K01,2026-06-14 12:00:00+08:00,0.0000000000,5266,25e7383c842c0e4b67be9a2eae16161ddd579ad986c275780d83176a16b7e2df
2026-06-24,S11,K02,2026-06-14 12:00:00+08:00,0.0000000000,5267,337830c6c18eb6406daaaca5ac2075c34ff33c50021a712ab66de0016ef6423f
2026-06-24,S11,K03,2026-06-14 12:00:00+08:00,0.1200000000,5268,73f7894a16f0b3d6b326636feac830d4ec1f571c5a41c8ec8df0d99c4f799ca8
2026-06-24,S11,K04,2026-06-14 12:00:00+08:00,0.0000000000,5269,82cb29507df2c9009fbdb686c62102276e08d0f324f7614ad17b22df2fa32acf
2026-06-24,S11,K05,2026-06-14 12:00:00+08:00,0.0000000000,5270,5a25b634ce39f77e02e28a44762087dfd3bafa8ff20e2c2d6ebd3fbdf2fdd129
2026-06-24,S11,K06,2026-06-14 12:00:00+08:00,0.0000000000,5271,c7ae4652a30ea123629fd0219f6803480f31d7596d7765fd6cfbe8b633d8a1b5
2026-06-24,S11,K07,2026-06-14 12:00:00+08:00,0.0000000000,5272,1c3fcc4de9dd45f65f69a25256c0fb537dc7e2999c0da2e39873162ff43767bb
2026-06-24,S11,K08,2026-06-14 12:00:00+08:00,0.1200000000,5273,0504d29c124b472756168644652e6905eb54a9d6d01e76aa7ea609f7111e397e
2026-06-24,S12,K01,2026-06-14 12:00:00+08:00,0.0000000000,5274,f7557c02c3a84cc95cbd2f6eff167a4a34345566db7836ab2b26d0c683c8df12
2026-06-24,S12,K02,2026-06-14 12:00:00+08:00,0.1200000000,5275,4ee89df88b470924e9b4008d479047417f402bd282f9ecd9fa54234af1f25753
2026-06-24,S12,K03,2026-06-14 12:00:00+08:00,0.0000000000,5276,68cebb511db2377ecb742e6171837d973083464c7def4f8e22601a07273e8483
2026-06-24,S12,K04,2026-06-14 12:00:00+08:00,0.0000000000,5277,8387923af30d98f8ae5d0c4f6222148f2ede2f91291c2951336e95eadb254586
2026-06-24,S12,K05,2026-06-14 12:00:00+08:00,0.0000000000,5278,2854f3964f8891d30257d137fc6ef0e672cd6f723ece209f70a9c4cf04093dbf
2026-06-24,S12,K06,2026-06-14 12:00:00+08:00,0.0000000000,5279,21339cc0a9fe0bfc4abea434d081d6feceb0168e23805c60bda55272297a8971
2026-06-24,S12,K07,2026-06-14 12:00:00+08:00,0.0000000000,5280,26e86f1dd7fa9420c414886aca99cee4b280c3b43d47bdcba3968141da92d6e1
2026-06-24,S12,K08,2026-06-14 12:00:00+08:00,0.1200000000,5281,7576591ca759331c01ce83c8aa345eff581383296d39b7b6ac2500f30377b5f1
2026-06-25,S01,K01,2026-06-15 12:00:00+08:00,0.1200000000,5282,e8ade1e865f203a94e507e1510b5e9944b6d16091f4c6d6d08557441410a32f5
2026-06-25,S01,K02,2026-06-15 12:00:00+08:00,0.0000000000,5283,676971479be166a6f042d103f8026b8c968fa69ca5f555adbae2e8625d4a2b35
2026-06-25,S01,K03,2026-06-15 12:00:00+08:00,0.0000000000,5284,f95acf3f5934ce928211b00f6428eaf9b9d02fbdddbb869d4b637da7a147a433
2026-06-25,S01,K04,2026-06-15 12:00:00+08:00,0.0000000000,5285,9393c65467745aa8651f1f07e68fc30773aed02e20bb42c82ba3d93eb4676c7d
2026-06-25,S01,K05,2026-06-15 12:00:00+08:00,0.0000000000,5286,0b6a2986cc7b3b8abe6b72fcb74385426e7ebb0b6f399f984d00cf9129ad1549
2026-06-25,S01,K06,2026-06-15 12:00:00+08:00,0.1200000000,5287,db48081c5bf645c6267b50a7427e3b522cf09b959a7c4905f8057507314b9276
2026-06-25,S01,K07,2026-06-15 12:00:00+08:00,0.0000000000,5288,6d84b3d630bde320a5f6f658cb028a601edcd94df4d70eba0cc82efd3ee83802
2026-06-25,S01,K08,2026-06-15 12:00:00+08:00,0.0000000000,5289,21491b78a85c4b82cbcd31e754ca9d3d9cd6634247d72ad06ef8f0eb5d7ff90e
2026-06-25,S02,K01,2026-06-15 12:00:00+08:00,0.0000000000,5290,34b773b57c649331411e15915d9fd5efd888650654bb6359c77ace1251f16892
2026-06-25,S02,K02,2026-06-15 12:00:00+08:00,0.0000000000,5291,3d41ac8510767087629005c69a2dee8d59255bf1bfc31ec64d6c39e894727468
2026-06-25,S02,K03,2026-06-15 12:00:00+08:00,0.0000000000,5292,3f51e4964e8aa7c032184e150c1c46aff3607cfa5d873ebe39ac36167ea27c29
2026-06-25,S02,K04,2026-06-15 12:00:00+08:00,0.0000000000,5293,32eca4145c6dd6c66039681b42ee6c58f6aed4ebe3c68ff31ed0f833fd6b1200
2026-06-25,S02,K05,2026-06-15 12:00:00+08:00,0.0000000000,5294,8ddcd32dfcc93733b2c14e0c9728823f73cf808f2092763295774a1a9ddb4cdb
2026-06-25,S02,K06,2026-06-15 12:00:00+08:00,0.1200000000,5295,b4302d231a812ce2412bc7ea3d6b99411f9da7db1be9ad0fc37e39ab4a789845
2026-06-25,S02,K07,2026-06-15 12:00:00+08:00,0.0000000000,5296,84d0152733272745ce93b455730b2ccc60ff0e6494578d636ad3e0ef5db05b4e
2026-06-25,S02,K08,2026-06-15 12:00:00+08:00,0.0000000000,5297,e3eebe330f2537b4766565e08b8f978a465b46612155c83275b168ac6ae2119f
2026-06-25,S03,K01,2026-06-15 12:00:00+08:00,0.0000000000,5298,1dadb28788ec264b65bc8af384e6eeca9df4aacf54baf96418a894437b1aeafb
2026-06-25,S03,K02,2026-06-15 12:00:00+08:00,0.0000000000,5299,9450914b6c6b7c389af4772cd26e44902c505c8bb65e9f931eb0a586760e974e
2026-06-25,S03,K03,2026-06-15 12:00:00+08:00,0.0000000000,5300,1c1d36b3be39b7be2f6b118d5dcc092f6244beaa89011f42c12ba91d74049cb0
2026-06-25,S03,K04,2026-06-15 12:00:00+08:00,0.0000000000,5301,fcbc3948d766ff220d593908b5c857d214e0bd864f98b62ebdef30d294c71399
2026-06-25,S03,K05,2026-06-15 12:00:00+08:00,0.0000000000,5302,dceb4916ea7eca67d87cd0edff9414720f697ec0a632654c3c79c74bb9160e9d
2026-06-25,S03,K06,2026-06-15 12:00:00+08:00,0.1200000000,5303,1f36ad2adea68844af54717f1bfb26258a8664076ffa8593ab5baaf6b0a084a4
2026-06-25,S03,K07,2026-06-15 12:00:00+08:00,0.0000000000,5304,a45e819446cb652f5e3a9ef43bbcf93bcb3e8013f766c45511f13c2971421410
2026-06-25,S03,K08,2026-06-15 12:00:00+08:00,0.0000000000,5305,d85a628bd924bca59c42dbe5068545844d996e5d7d280e1e26ec0bb693e6884c
2026-06-25,S04,K01,2026-06-15 12:00:00+08:00,0.0000000000,5306,f2ee07069c66662267b6cb132e108d779ae8cd0ef51d6de530cb163b3bb47b70
2026-06-25,S04,K02,2026-06-15 12:00:00+08:00,0.0000000000,5307,a4fd16304af7276eac466cec62665130f1e7eb088bdd4ca3b0943fcb650cbb84
2026-06-25,S04,K03,2026-06-15 12:00:00+08:00,0.0000000000,5308,9d84b63db57f189035e382bd43321804ca1bbce433196c45a620e34e6477ec3b
2026-06-25,S04,K04,2026-06-15 12:00:00+08:00,0.0000000000,5309,c6d43fa294b1b1233e4dd8c841d64258dd4d00763c82da05defeb3e56e52eeff
2026-06-25,S04,K05,2026-06-15 12:00:00+08:00,0.1200000000,5310,f92e822b1b9cc9620dc7e7927f15ced41017aa6992f56b853cb091bf322b76d1
2026-06-25,S04,K06,2026-06-15 12:00:00+08:00,0.0000000000,5311,b0bda62b8fcbb4ab9e1fab6b4645d9176ce985dcab490f10bb67175736ae5d54
2026-06-25,S04,K07,2026-06-15 12:00:00+08:00,0.0000000000,5312,4a01731e1b4b7e805962bcb87284ebd407838ff1ae9103a3fc235ef0136228c9
2026-06-25,S04,K08,2026-06-15 12:00:00+08:00,0.0000000000,5313,4abfeabd490ed7e732d0fa71b25e28a587feb86f211da671500128183f8cfa8d
2026-06-25,S05,K01,2026-06-15 12:00:00+08:00,0.0000000000,5314,efe3e04d1db9110d877a384da99adf1553588f62726282fe96cd20e320cafbc8
2026-06-25,S05,K02,2026-06-15 12:00:00+08:00,0.0000000000,5315,62b433e4a575dda43396823531f9f45f8833faf3dc1db790840f4770f97aabeb
2026-06-25,S05,K03,2026-06-15 12:00:00+08:00,0.0000000000,5316,87ceb0484978751fefd33781b8c713fa3d85292d97c060d6b5e37eb852929228
2026-06-25,S05,K04,2026-06-15 12:00:00+08:00,0.0000000000,5317,0953b02328105408358966845604f753a9f65be522cde3796b5537c2d272cc26
2026-06-25,S05,K05,2026-06-15 12:00:00+08:00,0.1200000000,5318,cc56c6ba748f2c6063077ca201e13d93f79d910241d61f660e4fba641d7ee995
2026-06-25,S05,K06,2026-06-15 12:00:00+08:00,0.0000000000,5319,9ae7703c5aef268598a3116cf2334340cec80999a5d0e79d6e630ff5704b194b
2026-06-25,S05,K07,2026-06-15 12:00:00+08:00,0.0000000000,5320,f989ce8eac1a0a07f44c92070a91bf5cccc1cfaadc6e5965e8d972fb1ed73f3d
2026-06-25,S05,K08,2026-06-15 12:00:00+08:00,0.0000000000,5321,04c574d113a6a7919a42b3cf71f8fc18d02493783f059542d568f782aff92fa6
2026-06-25,S06,K01,2026-06-15 12:00:00+08:00,0.0000000000,5322,d1f7d865096fb95482e7e81d6e4dc1b0a14d59c717436b9dd6c645da275ab6c8
2026-06-25,S06,K02,2026-06-15 12:00:00+08:00,0.0000000000,5323,e9d722dbfe06e2dbb7b08410d03c1289d76c3996e72bf31a285fae99d13e6b88
2026-06-25,S06,K03,2026-06-15 12:00:00+08:00,0.0000000000,5324,263abe61dc9b5f731858c4fa74697375ffa9c06602149ec336ef8a2114e8e77d
2026-06-25,S06,K04,2026-06-15 12:00:00+08:00,0.1200000000,5325,a98cdf1a6102d74cd32603b850c43683570a3b64526720d239d834ad417a18e2
2026-06-25,S06,K05,2026-06-15 12:00:00+08:00,0.0000000000,5326,9084e8ce5e5c1080b2da6ffda5a5237ad87e231a6ac1659c1328317b12b2c9b0
2026-06-25,S06,K06,2026-06-15 12:00:00+08:00,0.0000000000,5327,a2cb01361121fe241aa24efd0962d95fe379398091ada3a10076060ac79b49ac
2026-06-25,S06,K07,2026-06-15 12:00:00+08:00,0.0000000000,5328,8737451c3b73e9e7d47a2ad944d008e153b18a2f3b3ca53cd0f61b2f4b56bb63
2026-06-25,S06,K08,2026-06-15 12:00:00+08:00,0.0000000000,5329,fa9e5ca65f5ebad8d39461196c520d7368059ff249ab4b4960cd28662f6d96b3
2026-06-25,S07,K01,2026-06-15 12:00:00+08:00,0.0000000000,5330,a1966865769966c4a31f605fb1fa4d9c0d76164c3c6b9ef987996d1c7783efb7
2026-06-25,S07,K02,2026-06-15 12:00:00+08:00,0.0000000000,5331,bdbcc0b71f8d22ac614bf1aa4e0f0d7022065151a2e6dbcbeb6d692899a0f064
2026-06-25,S07,K03,2026-06-15 12:00:00+08:00,0.0000000000,5332,9a8ff8d795b3186c54ea70624dd29cf8d4040fed498de0103a973e7829475875
2026-06-25,S07,K04,2026-06-15 12:00:00+08:00,0.1200000000,5333,ad11dce79895e1965df972cb017949693200b7f318a4a1fc6505c45145472fda
2026-06-25,S07,K05,2026-06-15 12:00:00+08:00,0.0000000000,5334,ef0849fab458cd8d3c50d502c071c1e673b5c87fb7a691e16d0e1518c5ecd55e
2026-06-25,S07,K06,2026-06-15 12:00:00+08:00,0.0000000000,5335,d75090b71344cb36ce0a73593df609bc89ed1bb02fc4909eb8d491c4a54236b8
2026-06-25,S07,K07,2026-06-15 12:00:00+08:00,0.0000000000,5336,0d6ab7ab6354d150ba29b50970c7a96af964ec131d8a29aa36ad2e1b5e33df41
2026-06-25,S07,K08,2026-06-15 12:00:00+08:00,0.0000000000,5337,d4d02405ee5a51d398e0246d3f12aad22e12029283fe5e767345cef8a2bde6ed
2026-06-25,S08,K01,2026-06-15 12:00:00+08:00,0.0000000000,5338,3028d9d51f7043e690dff137113a093b3cdfb50afef0d82dfec68d1b20b32a69
2026-06-25,S08,K02,2026-06-15 12:00:00+08:00,0.0000000000,5339,0c9febe0640adee96f3a9e07599f99758bdd59dc17dfebb1e7c69d729ba8c98b
2026-06-25,S08,K03,2026-06-15 12:00:00+08:00,0.0000000000,5340,73c4601bc6c6500b26969d9852b92b97393a183c8e6a97766945907973dbb877
2026-06-25,S08,K04,2026-06-15 12:00:00+08:00,0.1200000000,5341,6116094e08d09730aaaf8d3fe1eb0f371ab39a3cce06af19293ad747560e8779
2026-06-25,S08,K05,2026-06-15 12:00:00+08:00,0.0000000000,5342,d5c545216bd6f5d8e5374fdb55e89a178f243152c3eef737ed30ca97435273e7
2026-06-25,S08,K06,2026-06-15 12:00:00+08:00,0.0000000000,5343,e1b79343fa7f53ffea6e2a7674221b607f79f29b7139706abb3c4beff7e18873
2026-06-25,S08,K07,2026-06-15 12:00:00+08:00,0.0000000000,5344,4ad172f12c947d3c4c5965c28671d26b659f80d1c574edf59248a1e27066d0d3
2026-06-25,S08,K08,2026-06-15 12:00:00+08:00,0.0000000000,5345,1901b35132933f65d494b38486ddf51f49ae41262c28d7134cd73db9fcb8c95d
2026-06-25,S09,K01,2026-06-15 12:00:00+08:00,0.0000000000,5346,4f001fc4ee7e193b9588d49b3c5afe76a46b5d51c7f60a847fa44ca8dee76bfe
2026-06-25,S09,K02,2026-06-15 12:00:00+08:00,0.0000000000,5347,e618e4492aba0dccbd5ee69199b8236cd9fdfe0dc43c687b780fb1fbba3d6012
2026-06-25,S09,K03,2026-06-15 12:00:00+08:00,0.1200000000,5348,19aead44c93cad2762d8000586b6b5da9d0e45369cbb39be30d2a06e23328164
2026-06-25,S09,K04,2026-06-15 12:00:00+08:00,0.0000000000,5349,8402f737ca373066e33ac81a7be6c21dbe2093f8d4ce5052c77ad8f33613c37a
2026-06-25,S09,K05,2026-06-15 12:00:00+08:00,0.0000000000,5350,edb9afe2e34a4a29497a1093a233711fed43ad89ae252d76c154e72537ab5ae7
2026-06-25,S09,K06,2026-06-15 12:00:00+08:00,0.0000000000,5351,702abda1c1b8ec9ff488ee906456d5b157805744e1f5166c7bbdfb7ad6327873
2026-06-25,S09,K07,2026-06-15 12:00:00+08:00,0.0000000000,5352,8d6213afa1fb192ce37ecab269ec9e021ee0c078004b3884e92ab9b3d6ed3ea1
2026-06-25,S09,K08,2026-06-15 12:00:00+08:00,0.0000000000,5353,df7f716b02296c3e369d5d7eec1f554bcdbce261f6845817c31d19cce0de95d6
2026-06-25,S10,K01,2026-06-15 12:00:00+08:00,0.0000000000,5354,68b79f7da3dfb9a08170274fc59ab85a7495fa569457c8d2d36f9211355d22dd
2026-06-25,S10,K02,2026-06-15 12:00:00+08:00,0.0000000000,5355,7f8c558825284c5b1a6c4d09d7d05416259605eb958459636f7844b0f77eee15
2026-06-25,S10,K03,2026-06-15 12:00:00+08:00,0.1200000000,5356,f732053f5c2b1167b579824cb6834c34442082089a0a8916b6ba4b861ea73fba
2026-06-25,S10,K04,2026-06-15 12:00:00+08:00,0.0000000000,5357,3284f30e0796189109e9490a7d7937f1e8b78e72be4f1b8b8bc3a8a83a9b7954
2026-06-25,S10,K05,2026-06-15 12:00:00+08:00,0.0000000000,5358,24434f5a1ce200efb892122dd527ae02a302127baa507c8fc3c9ef4b581a404d
2026-06-25,S10,K06,2026-06-15 12:00:00+08:00,0.0000000000,5359,370288027a6389de0c02aa6e0816ceb0d225b2a4e60edda25a47505ad813133f
2026-06-25,S10,K07,2026-06-15 12:00:00+08:00,0.0000000000,5360,1d79f72d5877622bce7520328c0b63d05203297f68028084a6a4cee6c8753da3
2026-06-25,S10,K08,2026-06-15 12:00:00+08:00,0.0000000000,5361,9a4330af89dcc3ccf742ef3122361f61750a800c56850eaa4f237cb1211a9a25
2026-06-25,S11,K01,2026-06-15 12:00:00+08:00,0.0000000000,5362,477250d1f44d6ac34841d3bbf4e13425d78063355cff33154338c18358139e93
2026-06-25,S11,K02,2026-06-15 12:00:00+08:00,0.1200000000,5363,e3563dd448f0dec092026e038e9891c7f6aa86d8b8da5b136008552f80e58441
2026-06-25,S11,K03,2026-06-15 12:00:00+08:00,0.0000000000,5364,fb8e676f62c9014d2f1ab2df37fa7311dd1afb034f92a92829f7da0eec7f1ba1
2026-06-25,S11,K04,2026-06-15 12:00:00+08:00,0.0000000000,5365,7cc84b1103925af37ab9a5230f641033247c26fb188ee39bedad91fbdb3b4404
2026-06-25,S11,K05,2026-06-15 12:00:00+08:00,0.0000000000,5366,8bccc8dbb76129f485745157f20ce1386f16da38c5ae7ef501b0a7bea36487df
2026-06-25,S11,K06,2026-06-15 12:00:00+08:00,0.0000000000,5367,b51c055affae8148f333e4eb164c21d7e8469dad8c4ccdde85b69c5a24809368
2026-06-25,S11,K07,2026-06-15 12:00:00+08:00,0.0000000000,5368,801a160700be43a5d831af69cb98e9a697a0a47690fddaa18099e298fa1bd60f
2026-06-25,S11,K08,2026-06-15 12:00:00+08:00,0.1200000000,5369,50ad9ae92671bfaef95a9fc08d26b8480fc2ed188def4e23713a9f7919180e3a
2026-06-25,S12,K01,2026-06-15 12:00:00+08:00,0.0000000000,5370,458942fef6a5acada337283f749b2de1dafaad1175506778aecb8ad8c590889e
2026-06-25,S12,K02,2026-06-15 12:00:00+08:00,0.1200000000,5371,431637561d3db6ffcb179978c090bfbd367b170a61aafdb0108e34b0eaa16ec1
2026-06-25,S12,K03,2026-06-15 12:00:00+08:00,0.0000000000,5372,8c5b086b2915b43b197e356c86cfc8628c32776d7142f5eb96689089a58b9f1a
2026-06-25,S12,K04,2026-06-15 12:00:00+08:00,0.0000000000,5373,75d998cb9b532d04a8f362ad799b6976f6f2987c37cd1294b5f3f7ca75fa4485
2026-06-25,S12,K05,2026-06-15 12:00:00+08:00,0.0000000000,5374,7a4d73f367653bc4e7c9e8a697ee7470b6c82479e5fab277d6acf96d9c6863ca
2026-06-25,S12,K06,2026-06-15 12:00:00+08:00,0.0000000000,5375,76ad72367d9c91bfddbab23a64fa4854308122416f1a1f646544617fdf9216de
2026-06-25,S12,K07,2026-06-15 12:00:00+08:00,0.0000000000,5376,42cf45cb41f2e0fe67694fe800c2f3f881c76df2d2048763c6d1cef6e3a45e37
2026-06-25,S12,K08,2026-06-15 12:00:00+08:00,0.1200000000,5377,2e1d7e43b5a27ea98759a6fe5663e7b4a3e5bfa275ee679710a739e616f01a95
2026-06-26,S01,K01,2026-06-16 12:00:00+08:00,0.0000000000,5378,9f76453866c211954fb0dab0fb81f7bfcb36ee17bd810033ceebf4506ac08145
2026-06-26,S01,K02,2026-06-16 12:00:00+08:00,0.0000000000,5379,753be5bd74c3aa9dc3aea336d861bfc6461d1963947c7a0835d797712ce480da
2026-06-26,S01,K03,2026-06-16 12:00:00+08:00,0.0000000000,5380,fa49ae140af60411b45321f77b9ce3e072a26ceeb021363a108de3d0ae649cbf
2026-06-26,S01,K04,2026-06-16 12:00:00+08:00,0.0000000000,5381,8b614ff6aa68f8f5179f8670ebab87481e734720dfe89b3ef4d68d11120030f6
2026-06-26,S01,K05,2026-06-16 12:00:00+08:00,0.0000000000,5382,a9bb26168d91baeb0411d382f0b1be26b18fd8e6ef6b15cb4a8ed9ed2c34b358
2026-06-26,S01,K06,2026-06-16 12:00:00+08:00,0.1200000000,5383,ff5dc4cd148053f40a7643cac2c3e4d19016fd243708251158163091d060415e
2026-06-26,S01,K07,2026-06-16 12:00:00+08:00,0.0000000000,5384,da05a4a7162627bfecfc58209c92433bad742ffa741474119dd8f34034a54e57
2026-06-26,S01,K08,2026-06-16 12:00:00+08:00,0.0000000000,5385,c9f22d39a7c679abb3e81ca728e1d43810fb7be3f505106530b97b40fa606e8a
2026-06-26,S02,K01,2026-06-16 12:00:00+08:00,0.0000000000,5386,dc76c8f6116614b99dad88f4026eac8b135920c192bb426d8d8b62c63b7edea0
2026-06-26,S02,K02,2026-06-16 12:00:00+08:00,0.0000000000,5387,95638da7f5fb0d51c11a61ec0ee93a35d934c30b7b3467de225c37cbee76dcf2
2026-06-26,S02,K03,2026-06-16 12:00:00+08:00,0.0000000000,5388,97f5e3e0456bab780d2aab7b2feddf67c9ae5224ae364896dcc19cfd8093f17b
2026-06-26,S02,K04,2026-06-16 12:00:00+08:00,0.0000000000,5389,fe5761a283915c018823eb0d8313d6549bfad44dfdf5e9fd3908c56dcae6aa51
2026-06-26,S02,K05,2026-06-16 12:00:00+08:00,0.0000000000,5390,3a4dac1bd03727188ab8d1980740e88ca25fb4d8fccd1736d184428d16806a26
2026-06-26,S02,K06,2026-06-16 12:00:00+08:00,0.1200000000,5391,583c424b2b3aa773f7f96f08325d76149df8cfd451a695025fe8cf224d13292a
2026-06-26,S02,K07,2026-06-16 12:00:00+08:00,0.0000000000,5392,cf8576973a2a2d1e363bcfa604df7910bb7d55bd0f81328afc378157699688c8
2026-06-26,S02,K08,2026-06-16 12:00:00+08:00,0.0000000000,5393,87c55290e3228aebcf78b0e055611f6c0074d11549ed87c2856ce3340759a1ed
2026-06-26,S03,K01,2026-06-16 12:00:00+08:00,0.0000000000,5394,61c01317e3f43075590da1c56165fe8319116cef7bea0a6349256aa65134aed9
2026-06-26,S03,K02,2026-06-16 12:00:00+08:00,0.0000000000,5395,5f2e7969b2a061f4bbfa6552d97969f7293911057b5d34d0da495a5862453527
2026-06-26,S03,K03,2026-06-16 12:00:00+08:00,0.0000000000,5396,c1687df092dfaf9991dc94745ec94653840cda430eb517204d28d987379235f2
2026-06-26,S03,K04,2026-06-16 12:00:00+08:00,0.0000000000,5397,34f5af617fa69a9cb7c6e6e1aa7232394b2689c1072be21290c8e96d1da982cd
2026-06-26,S03,K05,2026-06-16 12:00:00+08:00,0.1200000000,5398,c61ae8ccf970d310425018964d2425aa853c69022acbfac6f3d4a7e44bc7af16
2026-06-26,S03,K06,2026-06-16 12:00:00+08:00,0.0000000000,5399,337fb7cf8ec1bf13b8d63e5957200e1509050ace076a62d0505ca7385ad40eb8
2026-06-26,S03,K07,2026-06-16 12:00:00+08:00,0.0000000000,5400,94ce4869c22aefcae43f8db9e3dd156dd288220f2e0f0c9f8bd91a9bded8a31b
2026-06-26,S03,K08,2026-06-16 12:00:00+08:00,0.0000000000,5401,94a2d723c9299a3d2c19fe6d898afaa58dc335a83a3e1cad140cdaf035715ed1
2026-06-26,S04,K01,2026-06-16 12:00:00+08:00,0.0000000000,5402,58472836ab53a1051980026f947b41a3cc761c977692c92e9b5e4f80ebb65851
2026-06-26,S04,K02,2026-06-16 12:00:00+08:00,0.0000000000,5403,9c3e633d66f2a28be74eaa9fa2c0765cbb256c4094a78b3e7f1adfead6596461
2026-06-26,S04,K03,2026-06-16 12:00:00+08:00,0.0000000000,5404,c504fcb9a0e859554ac0b4661802bd749a0b32572af5e87b6ac6c297272cf00c
2026-06-26,S04,K04,2026-06-16 12:00:00+08:00,0.0000000000,5405,83b65bd908cd0be35553c6480ec8c79ed21fae0020b5a8ef3dacaec34d88ce08
2026-06-26,S04,K05,2026-06-16 12:00:00+08:00,0.1200000000,5406,0e50e44c31f7afb75b258615911cacaf73dca7111c0b6de17eb3f2917eeff12c
2026-06-26,S04,K06,2026-06-16 12:00:00+08:00,0.0000000000,5407,e1783da5380e2ed1c3abf6936ec2ecd27ec64a7b5450fcc63bb3e7b03da6c6c7
2026-06-26,S04,K07,2026-06-16 12:00:00+08:00,0.0000000000,5408,a1b6ac22b3e414cf2199bc8b54f083fd394e324a79c3aa087afb5f0fb853dc3c
2026-06-26,S04,K08,2026-06-16 12:00:00+08:00,0.0000000000,5409,5b937cdea349cf5f0e58197022a9e8c6bb1aef3cfbdebbbc0a7de397cd96e95e
2026-06-26,S05,K01,2026-06-16 12:00:00+08:00,0.0000000000,5410,adf87b56250a3e25d1c00fab133d67fc7d9a1413f3cdbd466bb55060d8ba9e6e
2026-06-26,S05,K02,2026-06-16 12:00:00+08:00,0.0000000000,5411,328f62566329e592b4241f9094d987a4b2f5b5d2b422268abd09830b31b177c7
2026-06-26,S05,K03,2026-06-16 12:00:00+08:00,0.0000000000,5412,c056e15caba03313a26c204059c0d59daeeb27d2b4212a5b05e03c69abb2dd9c
2026-06-26,S05,K04,2026-06-16 12:00:00+08:00,0.0000000000,5413,c7970498d2822e41e34a83adf70d855673007829420cf3d3b3af1031ffead5bf
2026-06-26,S05,K05,2026-06-16 12:00:00+08:00,0.1200000000,5414,ab0d38fee36a54e3fa74ffb62db17b9a9a8ac213ebbe33fd252dee03247634a8
2026-06-26,S05,K06,2026-06-16 12:00:00+08:00,0.0000000000,5415,1a832582f7947f1c3708da3928adf3b8a17257e094b4f513fae000573e8fadf7
2026-06-26,S05,K07,2026-06-16 12:00:00+08:00,0.0000000000,5416,8075d57400b68bb9805f63382f3ec7d7f5f47b6feb6f57701287aa5fb4829f5c
2026-06-26,S05,K08,2026-06-16 12:00:00+08:00,0.0000000000,5417,126f5fa21313ccfed200c12455667f5399b3469c128d3ba2243731117291c166
2026-06-26,S06,K01,2026-06-16 12:00:00+08:00,0.0000000000,5418,51e70e0a536cd53bc19f732adebcc5acdab14159a3d0a237f525c2f00c4bfb92
2026-06-26,S06,K02,2026-06-16 12:00:00+08:00,0.0000000000,5419,3cc60b2b3b2f5b048b8ba8cae94ee652c7f9f304d781fbbc36d126b77716eaf6
2026-06-26,S06,K03,2026-06-16 12:00:00+08:00,0.0000000000,5420,74a08f770cff8b261c6210cc70305414d288b77ca0833e7bf6ec2f2ec4be770b
2026-06-26,S06,K04,2026-06-16 12:00:00+08:00,0.1200000000,5421,9405753108c0f1a683b279cf3dc134c78b484640e7bef42bd05c95f792c14078
2026-06-26,S06,K05,2026-06-16 12:00:00+08:00,0.0000000000,5422,bf36a9fb76a0a2dd44cc321320edc6316fb611dcee9e53541ee48d134b26b158
2026-06-26,S06,K06,2026-06-16 12:00:00+08:00,0.0000000000,5423,095584b8a2d562a3b45aa0662b28b0960317ce3c390ae40e576480b4394f74c3
2026-06-26,S06,K07,2026-06-16 12:00:00+08:00,0.0000000000,5424,6482350f836cd93a70d7c233c42eed45ba635f8df36113d2410e19aeb05d200e
2026-06-26,S06,K08,2026-06-16 12:00:00+08:00,0.0000000000,5425,bf336e3fee9c9b6e1500756ed6846d381eca49452ce86e80b38ac2e3a90a1d93
2026-06-26,S07,K01,2026-06-16 12:00:00+08:00,0.0000000000,5426,28eee6bc289a00398ad15ac1c05e779d4143483c1f4dce2205056dd151b93167
2026-06-26,S07,K02,2026-06-16 12:00:00+08:00,0.0000000000,5427,d432dd62f85d3756654d3e371ad0e1b8e76dd68b9b33dbe1e61d4017789c2815
2026-06-26,S07,K03,2026-06-16 12:00:00+08:00,0.0000000000,5428,897aefe40417a36d38ee1a5a74d884d5f58eefaa3d52d929b39a82313d0eded6
2026-06-26,S07,K04,2026-06-16 12:00:00+08:00,0.1200000000,5429,b809611f351ecfc3b2253a228fca01d30958d8098daf1a273825841824f1d008
2026-06-26,S07,K05,2026-06-16 12:00:00+08:00,0.0000000000,5430,2d1f00e524496caba6021da285c251a1fe750910f5778f592af4cf8f86a34eed
2026-06-26,S07,K06,2026-06-16 12:00:00+08:00,0.0000000000,5431,c9dbd83c06af37770812bd18e03f7bb3ae2f103083eedf86f93e321bcc25b544
2026-06-26,S07,K07,2026-06-16 12:00:00+08:00,0.0000000000,5432,bc634a72668647598753ac4129371666a3ee70e9a313816be84cf6cdc88ebf5d
2026-06-26,S07,K08,2026-06-16 12:00:00+08:00,0.0000000000,5433,64969ea8bce322e7ded229dc243016dd60cafaa77f1b9072be8805e363d39271
2026-06-26,S08,K01,2026-06-16 12:00:00+08:00,0.0000000000,5434,a20746ad1c5e72c44292f6ff81594ea253c04653d3fe060f310db2497a786bad
2026-06-26,S08,K02,2026-06-16 12:00:00+08:00,0.0000000000,5435,c7549ca3d3b0fc03b8a14ae78205026d3deccfff1818643c10f18ad0fef13c1a
2026-06-26,S08,K03,2026-06-16 12:00:00+08:00,0.1200000000,5436,57dde9b421a933de4ecef836d74fcaa319f206e36301e0a44191a04403e56953
2026-06-26,S08,K04,2026-06-16 12:00:00+08:00,0.0000000000,5437,7f1252dd7ae0c4bde34b8028f2fab9b9352a0876779007cfe4c2285d3a312ae0
2026-06-26,S08,K05,2026-06-16 12:00:00+08:00,0.0000000000,5438,7dee36381d2993fece30bcd80aba48577762845bf0e156e815ff42550effb711
2026-06-26,S08,K06,2026-06-16 12:00:00+08:00,0.0000000000,5439,1b9cacf6c158fcf5a443a5f728bfaf0f7310ebddc95db7231af80e03d64ebd14
2026-06-26,S08,K07,2026-06-16 12:00:00+08:00,0.0000000000,5440,b7115eb8d3cfe6e9ee7351c28f1086313e54e302279b37388804d08aab5c9fc0
2026-06-26,S08,K08,2026-06-16 12:00:00+08:00,0.0000000000,5441,6bcd9c01e618c9e56f709a6a95b4f3d27c3363d7dcc1ed4eb4098555077602e1
2026-06-26,S09,K01,2026-06-16 12:00:00+08:00,0.0000000000,5442,185d87dfa90da21bcf6c03b89b02c81ee8c689c7a470fc0beff238838c7d6905
2026-06-26,S09,K02,2026-06-16 12:00:00+08:00,0.0000000000,5443,712b609be0ace4d9393041675c88a0166210b96be19ba0ad43d430152d53b0c2
2026-06-26,S09,K03,2026-06-16 12:00:00+08:00,0.1200000000,5444,aa5f6d0f8bd9d71e081dcb84d4db78cad67bc342235ed7a74b2ab0df0e783e2f
2026-06-26,S09,K04,2026-06-16 12:00:00+08:00,0.0000000000,5445,45a1deb027b33aa3fc286618862c77ec785b55d9b37967b96d8ac4ac87486e95
2026-06-26,S09,K05,2026-06-16 12:00:00+08:00,0.0000000000,5446,bfd2ac7504bdb1f84c54e573246b44d90350f093a389724269d73b2410c902ef
2026-06-26,S09,K06,2026-06-16 12:00:00+08:00,0.0000000000,5447,28ec36af0b574ff9c789a3b57577d8a99b728aaaff7f53df772f0b36f2b00370
2026-06-26,S09,K07,2026-06-16 12:00:00+08:00,0.0000000000,5448,5a54ae2c1eaad9770eeb7cb93fd79185432d079da55249e57742957b9fd6d3e3
2026-06-26,S09,K08,2026-06-16 12:00:00+08:00,0.0000000000,5449,b5b9eae15da80d737341c6576e928b8f8e7db33b302888239bd944a30968e2bf
2026-06-26,S10,K01,2026-06-16 12:00:00+08:00,0.0000000000,5450,50ff461654629164ba609f1e3dd1db9a604a7ee3e27ee7c4d5ae5b3396b451a5
2026-06-26,S10,K02,2026-06-16 12:00:00+08:00,0.0000000000,5451,63ec0a7c92859b85c2d8bafe4371af5bb07489b72fd3fa72eaeeee49544938ea
2026-06-26,S10,K03,2026-06-16 12:00:00+08:00,0.1200000000,5452,b751f8fbd11ea4c2d635ed4b224987c40546ae195652d67ccf97ba4c11ec2b71
2026-06-26,S10,K04,2026-06-16 12:00:00+08:00,0.0000000000,5453,61b7bfce8051988e5df2bae59c238378d7c83e24c0c2c9d9842d64968e10e05f
2026-06-26,S10,K05,2026-06-16 12:00:00+08:00,0.0000000000,5454,4b0b7c80214f193af2809743f98b004b64ff9cf5ec8fea66c83fbc01f21018cd
2026-06-26,S10,K06,2026-06-16 12:00:00+08:00,0.0000000000,5455,81c11105885801835c4e00a220898d2f668576df8370f0041c3431c20a07968a
2026-06-26,S10,K07,2026-06-16 12:00:00+08:00,0.0000000000,5456,033fdb8e9730c88441620356c18555cdbdac09769a5e773fa0ce737080703d7c
2026-06-26,S10,K08,2026-06-16 12:00:00+08:00,0.1200000000,5457,2e7ce98f186824b662e9f7f2f899b0d342101a8abc77242b740c26637d49f0d7
2026-06-26,S11,K01,2026-06-16 12:00:00+08:00,0.0000000000,5458,bd34de3cd319557433eef92407bb0002318d20ca2a0265680975bf9d231c7473
2026-06-26,S11,K02,2026-06-16 12:00:00+08:00,0.1200000000,5459,cdd49cfa30ec6d1f86e20d4ba214b419ffa23e309182b63aadfcb10fe09f920a
2026-06-26,S11,K03,2026-06-16 12:00:00+08:00,0.0000000000,5460,feaeba3069851fb22f3000eb55ac0376e56a9ac75d974648b7aea8d89e5e51ff
2026-06-26,S11,K04,2026-06-16 12:00:00+08:00,0.0000000000,5461,9ebc9a880dbd6dcaf9703d18682e2b79cd33db89dc756625fc0ddab4820fb10a
2026-06-26,S11,K05,2026-06-16 12:00:00+08:00,0.0000000000,5462,09ce3e1d0311d2f34faa014995cc43df16b56feaaff73c54df3b7ad6e59ad591
2026-06-26,S11,K06,2026-06-16 12:00:00+08:00,0.0000000000,5463,d680d5b97ce08b57acd8452a00b48503841532776d2fa1a0fc5fc4e61c1f6e95
2026-06-26,S11,K07,2026-06-16 12:00:00+08:00,0.0000000000,5464,3c74011a9d8ace43cb804cc5b6ce1582a17c98d5ccde23192c57d6808f197687
2026-06-26,S11,K08,2026-06-16 12:00:00+08:00,0.1200000000,5465,811097d4e30affdca5fa8b562f50adda13c06101f9c5c83325b6066c5595a857
2026-06-26,S12,K01,2026-06-16 12:00:00+08:00,0.0000000000,5466,a8737235618ffc6a81b488855803b55960307cefcf502254739307d64bc179c8
2026-06-26,S12,K02,2026-06-16 12:00:00+08:00,0.1200000000,5467,4fc975fe77d06469a94035975a46bda0c799f3051bc2067e650334ab2516e949
2026-06-26,S12,K03,2026-06-16 12:00:00+08:00,0.0000000000,5468,c56053504e8b34dd3273e1520b554824eabde238a4d78cd0c1caa9f9bbbc74f3
2026-06-26,S12,K04,2026-06-16 12:00:00+08:00,0.0000000000,5469,f8bf446928bb86cbbe5bb9c790e3e14c297489214924ef661092b6f94aad7aa0
2026-06-26,S12,K05,2026-06-16 12:00:00+08:00,0.0000000000,5470,b2298a50b9215b7376bf6c88837fff93c2c241d7d1af459b644d3199d41306e9
2026-06-26,S12,K06,2026-06-16 12:00:00+08:00,0.0000000000,5471,9dc9a6b7f35643cfcbdca02db81007d9c5a38783e93e61cfe35b5e4b87bef29d
2026-06-26,S12,K07,2026-06-16 12:00:00+08:00,0.0000000000,5472,80aa4c3fc25ff28831335f52962f80e8b0ed141ab322b38ffbfd9aaace36b61a
2026-06-26,S12,K08,2026-06-16 12:00:00+08:00,0.1200000000,5473,c88c5146cacc99a820a72055c705637ad031e06b2e25a3c14a3b7c365a687857
2026-06-27,S01,K01,2026-06-17 12:00:00+08:00,0.0000000000,5474,1b0651016d4ad096e2e4fbfd293c76bc1c4a8ebc9150477fbcc739776ad18d4d
2026-06-27,S01,K02,2026-06-17 12:00:00+08:00,0.0000000000,5475,e6546c1157cb303fe56ff7c38d04698a4afcf68fd53ac2bb046ae1ab48d548f3
2026-06-27,S01,K03,2026-06-17 12:00:00+08:00,0.0000000000,5476,600e7266b0041aee055a88514aaa38d03fb5daccd8021250c42f3e6b4ee4206f
2026-06-27,S01,K04,2026-06-17 12:00:00+08:00,0.0000000000,5477,660551b6f280f20ab1dec9ac5a6df686f1c85f372ff175e79257dc358354a6e8
2026-06-27,S01,K05,2026-06-17 12:00:00+08:00,0.0000000000,5478,1b3f1214bf89958f96d59a26883e186ba63d7fcfdb6b981dc031b5dd5a2ed957
2026-06-27,S01,K06,2026-06-17 12:00:00+08:00,0.1200000000,5479,74e6170757505ff35805569400b2043218d6b1dbfd1626b47be2e03e84197b12
2026-06-27,S01,K07,2026-06-17 12:00:00+08:00,0.0000000000,5480,230f9bd5949e22121daa25925f63839ff4f5ebde0852f6aa93ae5c4347c995e0
2026-06-27,S01,K08,2026-06-17 12:00:00+08:00,0.0000000000,5481,2ee843aa42f848de0d0bf989772e12615499bdd49633d89bcae35ccccc1b1a5f
2026-06-27,S02,K01,2026-06-17 12:00:00+08:00,0.0000000000,5482,7cf92212a038a2d8bbbaa0f683ce58a70f84a7e788a503746d93b959e5ba825a
2026-06-27,S02,K02,2026-06-17 12:00:00+08:00,0.0000000000,5483,f751ad1380ab9784304e9d250fe667d54685e22ecfebd6a8b2b2c51e33d18943
2026-06-27,S02,K03,2026-06-17 12:00:00+08:00,0.0000000000,5484,b5b5ba26433d56bcf8ba572d58b594e156e3fcc533932887b7e4eed8d9233ead
2026-06-27,S02,K04,2026-06-17 12:00:00+08:00,0.0000000000,5485,b56a9ed8fda8ddf8acbd2c2b704549adc600ba14169755a85ba80e0cff7fcc30
2026-06-27,S02,K05,2026-06-17 12:00:00+08:00,0.0000000000,5486,65c3a6510681f28094fdac50aa5fd9dcd8593689fbdcd12729a68f20af0b3bca
2026-06-27,S02,K06,2026-06-17 12:00:00+08:00,0.1200000000,5487,de99ff0d1afbf25ed8ae5e8c17bd22ee8c9f8f71b500c402b8a77a9201e22cbc
2026-06-27,S02,K07,2026-06-17 12:00:00+08:00,0.0000000000,5488,6300f8201852e56573d72a00377c08f32a066243724f93a8e704cad928b850e2
2026-06-27,S02,K08,2026-06-17 12:00:00+08:00,0.0000000000,5489,9dc6fb9c5ebd55b8246e701e5607f9d0459d008a2a4bb12b8ea6371b357707d7
2026-06-27,S03,K01,2026-06-17 12:00:00+08:00,0.0000000000,5490,c5b8edfbd2a847e0e1aebb15faf42073b01bf3cab01f2cb2f7af1e520393cc51
2026-06-27,S03,K02,2026-06-17 12:00:00+08:00,0.0000000000,5491,0ebc48ef55f1fb11b9e183d1bf7f0f110109be0e05d40cbc809a1982f4885bab
2026-06-27,S03,K03,2026-06-17 12:00:00+08:00,0.0000000000,5492,d13c8582fe47eae65f44e55772ea0179dcac61f1d0691c4e70f4823dedad992c
2026-06-27,S03,K04,2026-06-17 12:00:00+08:00,0.0000000000,5493,4804f6149b25b462c51f2a3c2e6a3512538abb45c70df9f7fcd59863719d418d
2026-06-27,S03,K05,2026-06-17 12:00:00+08:00,0.1200000000,5494,624d79535359441daae915e5de3edca85d32b737d804ccc557f6ad1701b6ee48
2026-06-27,S03,K06,2026-06-17 12:00:00+08:00,0.0000000000,5495,541df1463909aaf2a39f33b5fa72e88b1b1515f3b7516e6fa64eb7f823aef1fe
2026-06-27,S03,K07,2026-06-17 12:00:00+08:00,0.0000000000,5496,0ef0ac2f95cea8297d108ac624316e9741b11be9c7fef9155640de90758e4734
2026-06-27,S03,K08,2026-06-17 12:00:00+08:00,0.0000000000,5497,a669dde6a6dfdcba4302b79aca4f110a4ec0ae52b36d7b20364b23d9106025cd
2026-06-27,S04,K01,2026-06-17 12:00:00+08:00,0.0000000000,5498,86a50d50d22229370c080b558ce2e43cf8e73fc814a42c369b9b65e5d9b5f7e2
2026-06-27,S04,K02,2026-06-17 12:00:00+08:00,0.0000000000,5499,05a4d792fa04ac8f3aed9316bce73b35fb5d75a615c376b05aae93d2b059ee47
2026-06-27,S04,K03,2026-06-17 12:00:00+08:00,0.0000000000,5500,9e399a5899fb614fb1664d12e9e774c3cb03ed433a33dfe517a2188ab52bf7d6
2026-06-27,S04,K04,2026-06-17 12:00:00+08:00,0.0000000000,5501,2a3e2e2e69a6af7e8a1f9c1acc9ba2b141dd3dc09583218e2ab3bf72f31b670e
2026-06-27,S04,K05,2026-06-17 12:00:00+08:00,0.1200000000,5502,03ff8a57a7b248acd99d91d3f8c09acfa978e8fdb81a32ca142e8186a9364abe
2026-06-27,S04,K06,2026-06-17 12:00:00+08:00,0.0000000000,5503,24a806a0f94979812353c2809c931678a5050718331efd3148fc351957e481d2
2026-06-27,S04,K07,2026-06-17 12:00:00+08:00,0.0000000000,5504,663429b0ce56ea74ceaf37e2eaa04f85c66ba666d4e6e8371dc8b16d5429e155
2026-06-27,S04,K08,2026-06-17 12:00:00+08:00,0.0000000000,5505,9c57387a2ee889e18475659fef5b70095c6ea71eb65553fded5b6b4930973bb5
2026-06-27,S05,K01,2026-06-17 12:00:00+08:00,0.0000000000,5506,21bcb55db3c9a79331ab99a28d0b9955fb5702ae729012f2974d19414acc2ed2
2026-06-27,S05,K02,2026-06-17 12:00:00+08:00,0.0000000000,5507,5a1f920ace6dbaf80d8bbb9e425e4d96f14f0bf6de058c9596982a80d4db9801
2026-06-27,S05,K03,2026-06-17 12:00:00+08:00,0.0000000000,5508,fe0c52dc4930200e74fac5a70a8e4ab9b17b8a03c6b8e75ec3d5ebbe4cab4bf9
2026-06-27,S05,K04,2026-06-17 12:00:00+08:00,0.1200000000,5509,e556c7f266bc0cc972d6129c8a94af50a35313003dc75ec966884f23030f54fb
2026-06-27,S05,K05,2026-06-17 12:00:00+08:00,0.0000000000,5510,6cd0b27ca54ab943ae164f46cddcc50efeb55e6b6bbfa724e2700a2c0c872811
2026-06-27,S05,K06,2026-06-17 12:00:00+08:00,0.0000000000,5511,52b1d503fea65c994dc04b9ff629f286494e525ca3eee81c48cb07d58467c777
2026-06-27,S05,K07,2026-06-17 12:00:00+08:00,0.0000000000,5512,0d7c38d4dc91adc90d09a9777bc8134541c239c8359fba62042227f3805be18e
2026-06-27,S05,K08,2026-06-17 12:00:00+08:00,0.0000000000,5513,5d21875609ba2bef9a16eb4b74a205cc27264e73cb4aff328727443c52c73fd5
2026-06-27,S06,K01,2026-06-17 12:00:00+08:00,0.0000000000,5514,ed271f38925ccc200b3b4e955c75ecea91c37971fddd9ce20db69c22a7185d49
2026-06-27,S06,K02,2026-06-17 12:00:00+08:00,0.0000000000,5515,e8cdc5e0c2e0512bdad7f4dc60187eef0a96dc8ce67ba9dafa879a86a607370d
2026-06-27,S06,K03,2026-06-17 12:00:00+08:00,0.0000000000,5516,daf798dc0906e177bb9abc2d40650da2b82685ffdef5e0accaa69df8c2265063
2026-06-27,S06,K04,2026-06-17 12:00:00+08:00,0.1200000000,5517,dca4b012b8f59edb8b4a0eb2655dc0920a594162fee20edcd2635ba0cd23fab8
2026-06-27,S06,K05,2026-06-17 12:00:00+08:00,0.0000000000,5518,bbdb883affde6e53b9e97f28be7c933f87794ca89f2227b58f8d9aedd5a01e82
2026-06-27,S06,K06,2026-06-17 12:00:00+08:00,0.0000000000,5519,76654bda8518a09e8cb455f4e48c4078eff95be059a1273c30f6d6cf6e25a590
2026-06-27,S06,K07,2026-06-17 12:00:00+08:00,0.0000000000,5520,f2e6db82ed6e59bed1d56ee28c12b00de52347689b390c973967cb4ad4692fd6
2026-06-27,S06,K08,2026-06-17 12:00:00+08:00,0.0000000000,5521,8ebc090947620d0e07db1200275c5f57ab16e0dada52ad754915d078eca40117
2026-06-27,S07,K01,2026-06-17 12:00:00+08:00,0.0000000000,5522,74803d666521e65775ec8dfae55c961d893e49b65ff2bd2b9c53af628f5b93cb
2026-06-27,S07,K02,2026-06-17 12:00:00+08:00,0.0000000000,5523,0f0ec28b94d85c9c8b9c81895b00ef4e6e311dbe63ddc0dc76048ae4b7fb12e7
2026-06-27,S07,K03,2026-06-17 12:00:00+08:00,0.0000000000,5524,0b0d4d4b2aabe300f33cf1d5c8967de042808339e3600b460e1bc511ed521931
2026-06-27,S07,K04,2026-06-17 12:00:00+08:00,0.1200000000,5525,f9f29ab44aaf92f26583d7d9185c0f75fc14c0ccba7b6528e6f02d863c782a14
2026-06-27,S07,K05,2026-06-17 12:00:00+08:00,0.0000000000,5526,0087da455c45dca2c73cefaafbb6a0c64605f5deb39ffd8fcf621537d3abb445
2026-06-27,S07,K06,2026-06-17 12:00:00+08:00,0.0000000000,5527,65ec94648abc69f85a1ae1f787ad421c1a5217516b277f0e20b39e639068afc5
2026-06-27,S07,K07,2026-06-17 12:00:00+08:00,0.0000000000,5528,35625d82b4d15fdb2a9fd0135b12fe79d505333112977629b7b0b4d91daa8c6a
2026-06-27,S07,K08,2026-06-17 12:00:00+08:00,0.0000000000,5529,ebfd59057140d2a0495cee107d3ba4fdda2ab08d9815bcdbc7ee546c4c090bd9
2026-06-27,S08,K01,2026-06-17 12:00:00+08:00,0.0000000000,5530,e104509a8c2bf8f7c26ad4d3e06c3e2e71f8336b7475e2a475c1b75fbb208239
2026-06-27,S08,K02,2026-06-17 12:00:00+08:00,0.0000000000,5531,eb29a413165c231d1a85e9ccbff1a7d427e3a4e187f962c9acc35962162b5114
2026-06-27,S08,K03,2026-06-17 12:00:00+08:00,0.1200000000,5532,cbfa4094abcde9c0099aa7f2a8ef684d06a72d3176332f5255fed6c850ed7ff6
2026-06-27,S08,K04,2026-06-17 12:00:00+08:00,0.0000000000,5533,3825dcfdd9e41057722b44f70e98ceb539aa61cb751c865c1ad6d2c23ad76256
2026-06-27,S08,K05,2026-06-17 12:00:00+08:00,0.0000000000,5534,895ae3dc7609c3dfb71548b3152d0a7cee981911ea6185487db5f3ff6b4f24fb
2026-06-27,S08,K06,2026-06-17 12:00:00+08:00,0.0000000000,5535,5a0d522e6796a01a10d9142eb1409feecd00c67ce6c03c15227e037b5a1851e8
2026-06-27,S08,K07,2026-06-17 12:00:00+08:00,0.0000000000,5536,05a47ec53d7f6fc8b77f742bdf5d5c3d95cd66240dda7675dd1e778d5174ffc0
2026-06-27,S08,K08,2026-06-17 12:00:00+08:00,0.0000000000,5537,e39b011f69609a51c1e80657975f4ae1ab61eb67e9b24f6d4e3420e7bd474a71
2026-06-27,S09,K01,2026-06-17 12:00:00+08:00,0.0000000000,5538,dfaf80d9b2a39f13be8637f9e668af8b8a7eb7b1f049633240b1ad2cf988c25e
2026-06-27,S09,K02,2026-06-17 12:00:00+08:00,0.0000000000,5539,e14ecf7399bd2fa449c85f21c0f6d1d81bc14a54c4159670b2899781bbb529a3
2026-06-27,S09,K03,2026-06-17 12:00:00+08:00,0.1200000000,5540,ccff3d078096cd5b4fa8ae3e52e6de9a1559a048b5d4858a7dab5ad0b3e66557
2026-06-27,S09,K04,2026-06-17 12:00:00+08:00,0.0000000000,5541,cc3ac7d0e4ebb8069797a864f1b44d8f5c8c2e0a5d077aab2948b70bda60fdfb
2026-06-27,S09,K05,2026-06-17 12:00:00+08:00,0.0000000000,5542,a4e77c6b5b583403d7a92faee47f8836382ee2d1a504585833a5b0be8509852b
2026-06-27,S09,K06,2026-06-17 12:00:00+08:00,0.0000000000,5543,77c308ac666af3e9de1a4de07817cf48ba7723d94e00be25e8cdd9521378ad98
2026-06-27,S09,K07,2026-06-17 12:00:00+08:00,0.0000000000,5544,af05e0ad8022fecf6a5a8a0dd1e0dbdbaad901b75c3be061cc8979b37b0d6716
2026-06-27,S09,K08,2026-06-17 12:00:00+08:00,0.0000000000,5545,9d866a9960f410f10a307940b1b2980390aad72e0a32a407ba2dd35d0c8a3bdf
2026-06-27,S10,K01,2026-06-17 12:00:00+08:00,0.0000000000,5546,ad61234dba4a1ddb5d69d3330a529de74ece0524a55bd3ce99bc69c2d9e72987
2026-06-27,S10,K02,2026-06-17 12:00:00+08:00,0.1200000000,5547,31c53547dc0f608fc917156c6cd0b1214f2af9dc38ccf2107abcd33d46408554
2026-06-27,S10,K03,2026-06-17 12:00:00+08:00,0.0000000000,5548,129703c2439cff704f503c8494744f1daad6c42499089f38fdbe75eda1ad4ebc
2026-06-27,S10,K04,2026-06-17 12:00:00+08:00,0.0000000000,5549,18e2a9043ad71b55d82bbf97a49924d61b86a8677f29d752ba058f5f468c57d0
2026-06-27,S10,K05,2026-06-17 12:00:00+08:00,0.0000000000,5550,1ca47705517323772c432b4a1c3521576697cdc8767983e0bb84b3aed2cfadb6
2026-06-27,S10,K06,2026-06-17 12:00:00+08:00,0.0000000000,5551,f500294b02324c88169482ccd3cedcc80a2a19b3b20f79057961e84bed82a956
2026-06-27,S10,K07,2026-06-17 12:00:00+08:00,0.0000000000,5552,83f5266819743c90ef8c00821ec6d88b677c75f51d7ee40f1fa9652105e752bf
2026-06-27,S10,K08,2026-06-17 12:00:00+08:00,0.1200000000,5553,d1a5deb28b2de566b9a569d81c46c53fcbb15455704b88fe15089453eec4a730
2026-06-27,S11,K01,2026-06-17 12:00:00+08:00,0.0000000000,5554,ac5f3c7a6455fc1b8431ca04c9c3e918eecfcde5aa481cead079d0a9502989c9
2026-06-27,S11,K02,2026-06-17 12:00:00+08:00,0.1200000000,5555,32fcd06358e60695ee272e2709329a276533eeeceb6c3447b4783f43902732a3
2026-06-27,S11,K03,2026-06-17 12:00:00+08:00,0.0000000000,5556,9d070830967992368084a9248ed45864a655d26dd45dadbd0ea251e3b2e9b401
2026-06-27,S11,K04,2026-06-17 12:00:00+08:00,0.0000000000,5557,59cd6de141d0fb45d4be150365feb80ab0d4115f00cc7233a2cdb36b820233d9
2026-06-27,S11,K05,2026-06-17 12:00:00+08:00,0.0000000000,5558,e95624715efaf16bd4ebbe35a2b0c7fb6d10f4d0cd6c504a22d898fdd742fe58
2026-06-27,S11,K06,2026-06-17 12:00:00+08:00,0.0000000000,5559,12c2acd2667364a3c4d653aafc0fafcbce2db7f74425094c38092eb56b80d42e
2026-06-27,S11,K07,2026-06-17 12:00:00+08:00,0.0000000000,5560,bda5b73d7cfca944aaff5d5b1af6be2e4dcada27a14232eeb5a93c2286b0ba3b
2026-06-27,S11,K08,2026-06-17 12:00:00+08:00,0.1200000000,5561,a290c49964c4f62df09fd377c52def2de5a0b5e9a83aecef5eda4c8d45bb7c64
2026-06-27,S12,K01,2026-06-17 12:00:00+08:00,0.0000000000,5562,9bd94e876062b827da065167b27e2ea693e2328233928d25f20f7e367404ad84
2026-06-27,S12,K02,2026-06-17 12:00:00+08:00,0.1200000000,5563,b6769688207dd77458ef135fcadecea0b7a6f42e7082f25857389b6881661451
2026-06-27,S12,K03,2026-06-17 12:00:00+08:00,0.0000000000,5564,6d2c837dcd4b34e1df095b8cf85a1f108f849eeac45c897d3636051c406a6de1
2026-06-27,S12,K04,2026-06-17 12:00:00+08:00,0.0000000000,5565,2ddcbdc18b9f1d3601586cd94b678baae6722e448b8cba15a8b2079bcc96278f
2026-06-27,S12,K05,2026-06-17 12:00:00+08:00,0.0000000000,5566,646c73bcce1d77c838185137f22d10f16f54d962388362bf560115930959827e
2026-06-27,S12,K06,2026-06-17 12:00:00+08:00,0.0000000000,5567,6b03938f2ee6aa0aeb163795c707a99de3622c2f8ae8b4964ad640a6065d8c1b
2026-06-27,S12,K07,2026-06-17 12:00:00+08:00,0.1200000000,5568,f2730daa1e853c5d26bc6fb90b9d782820d6ae6315202a1c19e681cc2826ec4d
2026-06-27,S12,K08,2026-06-17 12:00:00+08:00,0.0000000000,5569,1749c1ebf879dd8d1426ebcc3fe138e5125bf8ef8dd08cba05e8fb27d4613b96
2026-06-28,S01,K01,2026-06-18 12:00:00+08:00,0.0000000000,5570,b1ef9abe3c230da725808c8a92f4cdd8dbfb0f30ceaf016e9f7e5492b1f5c9f7
2026-06-28,S01,K02,2026-06-18 12:00:00+08:00,0.0000000000,5571,b1a57411ae689b6416e2e579cab20c2ad5f5b48e37b2052f8b4de5de6a8225ee
2026-06-28,S01,K03,2026-06-18 12:00:00+08:00,0.0000000000,5572,7e015f5a59eb9017c5f1882d15aefbe33512ef4e522770ac0276ab21eaad371b
2026-06-28,S01,K04,2026-06-18 12:00:00+08:00,0.0000000000,5573,1ea61796357a2485cd8e9a8cb2834abf7120df84501eeb3d284fbada136c827f
2026-06-28,S01,K05,2026-06-18 12:00:00+08:00,0.0000000000,5574,4bd744cb9463ff6ff338ed7fe744bcb52c569af7df909981b8f666fb050a09a7
2026-06-28,S01,K06,2026-06-18 12:00:00+08:00,0.1200000000,5575,3e1109848fdd7ced8f0ffb262520c97b879a77d74bb8e41889b9c46277925a45
2026-06-28,S01,K07,2026-06-18 12:00:00+08:00,0.0000000000,5576,e691a61bf033f59d573f45f1ab8f9c188d0ec3f4ac1479c0b5a5d630d93ce6c6
2026-06-28,S01,K08,2026-06-18 12:00:00+08:00,0.0000000000,5577,c5fd0883e0687aa24627fc93c20acbbeb1b212a5cfea3012559a866096be39d0
2026-06-28,S02,K01,2026-06-18 12:00:00+08:00,0.0000000000,5578,d152aa83a19efc50264b1609b910d45b39a679d5f62dd7700665056cd4bfcb4b
2026-06-28,S02,K02,2026-06-18 12:00:00+08:00,0.0000000000,5579,191fd1fcd3a4989772527ee092fce25600ac72bda92ff8dd994a441c6481f500
2026-06-28,S02,K03,2026-06-18 12:00:00+08:00,0.0000000000,5580,5b9dd6991a5384f64dcd252e29cf549a4c3f3dc3c950a56443ce5b0d4af0de6a
2026-06-28,S02,K04,2026-06-18 12:00:00+08:00,0.0000000000,5581,b1e6dd0bd0ae3db216d15c0af682faf9de4c5eb5dab707e334283613efd81339
2026-06-28,S02,K05,2026-06-18 12:00:00+08:00,0.1200000000,5582,eef1794ade8d6e18875b692ddaef890666315b30f215287fed3436e18ffd7516
2026-06-28,S02,K06,2026-06-18 12:00:00+08:00,0.0000000000,5583,0cfb98c1f07c774d0250af285a0f1c5aeac0915c54de79e89128c643f7804b6f
2026-06-28,S02,K07,2026-06-18 12:00:00+08:00,0.0000000000,5584,d0f4fa5a1b8b73ad979939ed85b2907c1ce7a140fccf35d1f6bfbb3dc5b8d119
2026-06-28,S02,K08,2026-06-18 12:00:00+08:00,0.0000000000,5585,3846fb53e3e212fc9ae67bd86fea0aeecd84c05429f68c8792607116b543930b
2026-06-28,S03,K01,2026-06-18 12:00:00+08:00,0.0000000000,5586,5c4d14e5ce581bf541c8138e746542a6cfeb7fcbd74932f354da69e84dba0729
2026-06-28,S03,K02,2026-06-18 12:00:00+08:00,0.0000000000,5587,98b05a17dc7c6243601316f959e33aa538622ff9f7287d5a6cd6cbaa7fdef57b
2026-06-28,S03,K03,2026-06-18 12:00:00+08:00,0.0000000000,5588,449788dfb1e11b3fe19375bea57b7b7517c1e882b7b01df243d3164dc4295324
2026-06-28,S03,K04,2026-06-18 12:00:00+08:00,0.0000000000,5589,36499cc2ce56b01d07d478c718da4c5a18846f48de5a7bfae0faa64448503049
2026-06-28,S03,K05,2026-06-18 12:00:00+08:00,0.1200000000,5590,0184a669187bbef68f23d4a955d83e91608ca2ccec16cd80bc0bd150abd7fd7a
2026-06-28,S03,K06,2026-06-18 12:00:00+08:00,0.0000000000,5591,cc651039d84c22e0d0a6b53fc57f5311ae4518806740c7cc75244fe47c62967b
2026-06-28,S03,K07,2026-06-18 12:00:00+08:00,0.0000000000,5592,d24a1068b463b728850d0c7ab79f2da4cb9a17215a5e22249fd3f6afdd5e89cf
2026-06-28,S03,K08,2026-06-18 12:00:00+08:00,0.0000000000,5593,7bcceddac1ce2365bf105c77579af35e0da0e4be7b61648e32a3f09b0d037b6f
2026-06-28,S04,K01,2026-06-18 12:00:00+08:00,0.0000000000,5594,1c1786d57ecc40d77615144e96939247d02e7c7203d33d12c13d421cbc8bf1ed
2026-06-28,S04,K02,2026-06-18 12:00:00+08:00,0.0000000000,5595,d3e9e0c4c584d789921f99fcc724e53ae0b67b9f5d0e58c0c9b77a1b1708202a
2026-06-28,S04,K03,2026-06-18 12:00:00+08:00,0.0000000000,5596,eded7855a253eabd08be8be5d249cfd882032f8105ccfbb4aaabc980b4d3a6cf
2026-06-28,S04,K04,2026-06-18 12:00:00+08:00,0.0000000000,5597,300a332765930ed686c7c815ab0a6fd89d93dda08b337f8e5027fa51ef19f2e5
2026-06-28,S04,K05,2026-06-18 12:00:00+08:00,0.1200000000,5598,781513a2a46642546dc12ba2d703f04553714010285b7abc56db93015e2700d9
2026-06-28,S04,K06,2026-06-18 12:00:00+08:00,0.0000000000,5599,75a63e2229bfb5a984ce30492e3d5fac164211aba93a5ae7435b27fe0c6d420a
2026-06-28,S04,K07,2026-06-18 12:00:00+08:00,0.0000000000,5600,b45fb238faa8d30797948382cb44119bba7856c0b18a0b365a4ba06547bcd061
2026-06-28,S04,K08,2026-06-18 12:00:00+08:00,0.0000000000,5601,ffa32ac4c61ed54cfc89fb6d5fb713c8c72051c416e77ab0c2abfaec690a9a2d
2026-06-28,S05,K01,2026-06-18 12:00:00+08:00,0.0000000000,5602,884020f3629618291cbec371e168845a753f385db2ed0d2d716bb69413e740f5
2026-06-28,S05,K02,2026-06-18 12:00:00+08:00,0.0000000000,5603,b5699e155571cb44f5657166497da331936bbaf5bf2946e0a473304592bea898
2026-06-28,S05,K03,2026-06-18 12:00:00+08:00,0.0000000000,5604,05aca14b512f9fe43ae687f8c5138b82ed0980250752d66659db2c65315f7ce5
2026-06-28,S05,K04,2026-06-18 12:00:00+08:00,0.1200000000,5605,f0d5b7ff369a863113b776ae12b3dc15bd54139d72ef02121cb9952286aedaf9
2026-06-28,S05,K05,2026-06-18 12:00:00+08:00,0.0000000000,5606,e0611ee82085bdeec8918a36f2b9e087dd3b976332a8b4436264146bc3953d25
2026-06-28,S05,K06,2026-06-18 12:00:00+08:00,0.0000000000,5607,d50c7dc6c85cedf04ee5e74f962c0673d2e52679bcfcd1134c29930be6a6c101
2026-06-28,S05,K07,2026-06-18 12:00:00+08:00,0.0000000000,5608,be3c01b09267f047004b578711fed3d6fbb8cb3925d02bf541d9492c0a2a9b2d
2026-06-28,S05,K08,2026-06-18 12:00:00+08:00,0.0000000000,5609,af0518c8c6cda7276687a9c79442dbe030257cc207374235790017acacbf007e
2026-06-28,S06,K01,2026-06-18 12:00:00+08:00,0.0000000000,5610,59c5a3c4852855aaaa9f428f461fca725ac6e34759645282d4dcfd95e8ec46a3
2026-06-28,S06,K02,2026-06-18 12:00:00+08:00,0.0000000000,5611,6b9c828ea3ddc3cb12b707aafdcb14d51fa692544097df6e01abf7bcb7a1a37c
2026-06-28,S06,K03,2026-06-18 12:00:00+08:00,0.0000000000,5612,504ed06db5d52889dd589158f1479397394ec08da696e5d30343b1b4a26672a0
2026-06-28,S06,K04,2026-06-18 12:00:00+08:00,0.1200000000,5613,ae79fc2b624701524073ce6d66e7b187f0c66f4fcd1d65f2cab6432b7fe97f57
2026-06-28,S06,K05,2026-06-18 12:00:00+08:00,0.0000000000,5614,1bde042ad74eeba03eaba5624ce9ffc77ea3a38fe4b323cb8dac56c84efa0652
2026-06-28,S06,K06,2026-06-18 12:00:00+08:00,0.0000000000,5615,bec3d769cedd8cd84d65c00d2d5fdc53c093644b40fc2dfec30714a2c0ea2eff
2026-06-28,S06,K07,2026-06-18 12:00:00+08:00,0.0000000000,5616,242c9a843c0b6a6cb3d967d3a5e281ed27437b7df3e8579fd3c18aa13fcedf44
2026-06-28,S06,K08,2026-06-18 12:00:00+08:00,0.0000000000,5617,411213fe7e80a5a1972f28e95b61baea32374d10d568999e078c309717b69661
2026-06-28,S07,K01,2026-06-18 12:00:00+08:00,0.0000000000,5618,350fde14b5d04dd0cde082c10cf9439308205dacccc909a9b2ff44b13d2f36ff
2026-06-28,S07,K02,2026-06-18 12:00:00+08:00,0.0000000000,5619,ecd3a4cbb87d4bf73d3401c10bb9f769e1946a46b614249cb1d2b7bada54e0de
2026-06-28,S07,K03,2026-06-18 12:00:00+08:00,0.1200000000,5620,7934dbca7fc6a10204b021871fddeba6ffef38ad1500a52eff30273b3c53f279
2026-06-28,S07,K04,2026-06-18 12:00:00+08:00,0.0000000000,5621,703683fb28437bed7a0a2c7641a8cedc0e663bb1240d09c9aa362b413d31515d
2026-06-28,S07,K05,2026-06-18 12:00:00+08:00,0.0000000000,5622,568d430157bfe3182942e7297aa677f0f46478db2f1ac7fcd1ebefa084b81be4
2026-06-28,S07,K06,2026-06-18 12:00:00+08:00,0.0000000000,5623,2fd3ffdb8977dc5b0d5c2994da84d02fa471cbd1b43e97c0e4b1dd35980353e5
2026-06-28,S07,K07,2026-06-18 12:00:00+08:00,0.0000000000,5624,6df9005e347bce7535f5b5cc89f7158ce39e5541229800d7969a767252cd23a9
2026-06-28,S07,K08,2026-06-18 12:00:00+08:00,0.0000000000,5625,1d96bc10b2ef2291f54299562e02650eda4decafb3deed0e3b32c2da65dfc071
2026-06-28,S08,K01,2026-06-18 12:00:00+08:00,0.0000000000,5626,7fe4148a3f11a6b692f1613a379594ee951ecded0c6c3bb4b891b8567d358060
2026-06-28,S08,K02,2026-06-18 12:00:00+08:00,0.0000000000,5627,9597127041664d981c0d44d2fde3f2e4d8997884797ec8f0073f7ce3de293213
2026-06-28,S08,K03,2026-06-18 12:00:00+08:00,0.1200000000,5628,bfe759596d3c4f193b5c87d9b4aa43119839c377719944a97735aafb77ebd3a3
2026-06-28,S08,K04,2026-06-18 12:00:00+08:00,0.0000000000,5629,980e99c79b7e0ed12c67eaaf4f1e66c1b4ec3031b8637a7e6b9c08ad47c90e89
2026-06-28,S08,K05,2026-06-18 12:00:00+08:00,0.0000000000,5630,fc6bb51f2842e4a8b9bee0fe125e96540a8ca91125700275212bbb4a0ee3fa19
2026-06-28,S08,K06,2026-06-18 12:00:00+08:00,0.0000000000,5631,9947f9deda58ad752c269c2b70b8e3a5de515b96d31294bbf09c322e7befe238
2026-06-28,S08,K07,2026-06-18 12:00:00+08:00,0.0000000000,5632,3899155c348b67e7b884d908ffd51631ad17f62801e32c2859aa2f672cf323dc
2026-06-28,S08,K08,2026-06-18 12:00:00+08:00,0.0000000000,5633,5945077971347ae833a157f4f9b0499a261049f6a89c89856f5cc41712663cce
2026-06-28,S09,K01,2026-06-18 12:00:00+08:00,0.0000000000,5634,10633af03402e2a6cb79ebfe84511a481ebb36a41043559d05de2f44063e6392
2026-06-28,S09,K02,2026-06-18 12:00:00+08:00,0.0000000000,5635,33b1ad7e25c4db696406a889be0344183291939d765918737d9bf50e403e247a
2026-06-28,S09,K03,2026-06-18 12:00:00+08:00,0.1200000000,5636,db07dfb497f080ba8d838b77b4d0fe553277a8293b939da6bca94a25a882ce16
2026-06-28,S09,K04,2026-06-18 12:00:00+08:00,0.0000000000,5637,5c4384a46a3dad6835f779265d31e7413063d4db604f9a419fb543f65e657667
2026-06-28,S09,K05,2026-06-18 12:00:00+08:00,0.0000000000,5638,b7e9d1162b075947a302e2a18c7f1fc78dadbaae0264215ec0ed21d9e0b9c385
2026-06-28,S09,K06,2026-06-18 12:00:00+08:00,0.0000000000,5639,47ee0fa5f2660b515b88d2b181212d144cc52e10632b7f9ae175e0ad094f9dc4
2026-06-28,S09,K07,2026-06-18 12:00:00+08:00,0.0000000000,5640,25e23d2677f0ec6056d5eac6575e79837542dc2b2d33327314d75cfdd8ded08e
2026-06-28,S09,K08,2026-06-18 12:00:00+08:00,0.1200000000,5641,d17baf9a0970ee9a77b9f4c24562d33ccc164783e3695d041d58916b08c71c13
2026-06-28,S10,K01,2026-06-18 12:00:00+08:00,0.0000000000,5642,4323490d4da7c2f1586b925a4c7faca815fe309bc080b57de422c658d4b6a660
2026-06-28,S10,K02,2026-06-18 12:00:00+08:00,0.1200000000,5643,a1e550f97eea3c96515929afc9edfd6503a0e05bc757f2217dab3f4377b05e88
2026-06-28,S10,K03,2026-06-18 12:00:00+08:00,0.0000000000,5644,06c1f1a600d31902cd328dc9d2195fd0686b734f2268468ff4d7670c494f872b
2026-06-28,S10,K04,2026-06-18 12:00:00+08:00,0.0000000000,5645,2d6760bac6316537d4af6e47784264176f87f297d8d4dc6126864c3cb751e951
2026-06-28,S10,K05,2026-06-18 12:00:00+08:00,0.0000000000,5646,c56ba48e66d746130b8ce652bcd7b63cbc61dc293916a9e600c77fe2da66dd21
2026-06-28,S10,K06,2026-06-18 12:00:00+08:00,0.0000000000,5647,82d49d7980f23d618e5fa2700522f7524f093a3c920b2e9c6e6dc9b7ac075812
2026-06-28,S10,K07,2026-06-18 12:00:00+08:00,0.0000000000,5648,fa0fee989f369b9798bbfd51238250990cf570f0a7a58fa9d5726b44cbb02477
2026-06-28,S10,K08,2026-06-18 12:00:00+08:00,0.1200000000,5649,debbb04667490caa1167379c4489b658dbf0991222f6e224393b73d519750752
2026-06-28,S11,K01,2026-06-18 12:00:00+08:00,0.0000000000,5650,75403f39924b81797c7eb8793d7bca30a141b7f3784dcedb57a6a9a26a36ba1d
2026-06-28,S11,K02,2026-06-18 12:00:00+08:00,0.1200000000,5651,e911a9cbf4d93519ec07d02b6ccd4074d57844d4d22c87beeedb3139714022bf
2026-06-28,S11,K03,2026-06-18 12:00:00+08:00,0.0000000000,5652,67bb89c3c3741cab170acc0422f371f66619cdd22a4c4694a9e21f692f0ea522
2026-06-28,S11,K04,2026-06-18 12:00:00+08:00,0.0000000000,5653,49703bc2a9689e26576c6c9b76bbf4afb7107b7cabaee750ca46a68f9b8c547d
2026-06-28,S11,K05,2026-06-18 12:00:00+08:00,0.0000000000,5654,9bde42c055d38e48053b8a212469622ca45c466047309e9c9e20c4aa7ce20c32
2026-06-28,S11,K06,2026-06-18 12:00:00+08:00,0.0000000000,5655,072647e5b88902c0cd72446fa2c88723f0b185f8b04c83d1f90045f60a463b71
2026-06-28,S11,K07,2026-06-18 12:00:00+08:00,0.0000000000,5656,c9c58903c308345d4c79471e52092eaca463f2009ce5dd00e34c5f1d5f941226
2026-06-28,S11,K08,2026-06-18 12:00:00+08:00,0.1200000000,5657,ce741c0319e078345c5d12291195ec151d4a6d3725503dfb78f5bd32c2484c5e
2026-06-28,S12,K01,2026-06-18 12:00:00+08:00,0.1200000000,5658,58b33347dd1a5cf8e6c7d5ebe8258f6b2e17bb55048cca07d4868628f8be96d3
2026-06-28,S12,K02,2026-06-18 12:00:00+08:00,0.0000000000,5659,dcf1ccc8a6e6c3f6c8e2f85d7f1c10b5faa6c59480c5e9b1de29b9ab7ed4cffb
2026-06-28,S12,K03,2026-06-18 12:00:00+08:00,0.0000000000,5660,d1d7b490faf6fdb74bd5b827bdfbfa7e17bc7f7006c1861c9125ef911e5baa16
2026-06-28,S12,K04,2026-06-18 12:00:00+08:00,0.0000000000,5661,93125b3e9bf5e997857ac47c90bc4081a7f4bbc219a3cc5ae3fcf71895d5adf0
2026-06-28,S12,K05,2026-06-18 12:00:00+08:00,0.0000000000,5662,af5615b0fe9893d56004c68a11d317d912c70516b5bb1803f61f605fe042c9c1
2026-06-28,S12,K06,2026-06-18 12:00:00+08:00,0.0000000000,5663,625e32cf6f506295fca848ff52a3ac9b5be42d54ad98e8b79b218c095b419027
2026-06-28,S12,K07,2026-06-18 12:00:00+08:00,0.1200000000,5664,6e907798793bb557d77da34230c61a95c91d84d9d9f9dd74cde8703250d5a73e
2026-06-28,S12,K08,2026-06-18 12:00:00+08:00,0.0000000000,5665,1242c2104796bf26b6c37d25973e65aee446e8f2a3fd691bd7471004ca17f76b
2026-06-29,S01,K01,2026-06-19 12:00:00+08:00,0.0000000000,5666,aac6eb17c8efc8a6095c7b7c89e4f830401adc5658f02c69b1c57d0e959aae6f
2026-06-29,S01,K02,2026-06-19 12:00:00+08:00,0.0000000000,5667,71568e07af89902797cd4c0a13ff7cfbae00632920c1c809473afddaa6f6b186
2026-06-29,S01,K03,2026-06-19 12:00:00+08:00,0.0000000000,5668,b437321d6de9040eae35d03615c3203fd7c32807ae7804e71d1a95b620dc6b57
2026-06-29,S01,K04,2026-06-19 12:00:00+08:00,0.0000000000,5669,a6c6ea33933735fd3b5d7e5e821697e649117e98e494ca754c10f411ff1b9f52
2026-06-29,S01,K05,2026-06-19 12:00:00+08:00,0.0000000000,5670,6830419894779d19a1852fc69076f7452677ceffc4d4a9f56e2135c48c7cd05a
2026-06-29,S01,K06,2026-06-19 12:00:00+08:00,0.1200000000,5671,a03a0d633dd16b9d8b38a6ab2324fb1d1f7144a87df3c273c714e3c64d468a7b
2026-06-29,S01,K07,2026-06-19 12:00:00+08:00,0.0000000000,5672,3b90d0401a6029cef431b8e9330fe85546ffe444b13a774c01c6d3515f12647e
2026-06-29,S01,K08,2026-06-19 12:00:00+08:00,0.0000000000,5673,5e48163e29f9079d345a2deaf03bfde7772c54c09392d713d68ae1ad766a33ef
2026-06-29,S02,K01,2026-06-19 12:00:00+08:00,0.0000000000,5674,e115f056b0e1d4e380161feb72afa34001e29acf95e9fd4cf356eeb9526ddb94
2026-06-29,S02,K02,2026-06-19 12:00:00+08:00,0.0000000000,5675,57293cac1a8d437761fa7bfa7f29787ae4a7df6cac9d28a8bd8b29219b26437d
2026-06-29,S02,K03,2026-06-19 12:00:00+08:00,0.0000000000,5676,0f21bd11c7a5af92ec0f1e2f266c605f6fd176e2b7c819ea9837f96cc625c89c
2026-06-29,S02,K04,2026-06-19 12:00:00+08:00,0.0000000000,5677,eef48498490c6fd33316985ff3440f9fa1273e463d563cca2c5712e39e9ec2c1
2026-06-29,S02,K05,2026-06-19 12:00:00+08:00,0.1200000000,5678,0bbe99aaf0ae0769cf4cf2bf286e84776626c8ced0c2ffc94d954825b2f1d8c7
2026-06-29,S02,K06,2026-06-19 12:00:00+08:00,0.0000000000,5679,c08a7d17f2e13e11922dcd41eaa5ce94cfbcbb3d31fa977ebe154dc39202208b
2026-06-29,S02,K07,2026-06-19 12:00:00+08:00,0.0000000000,5680,c9844d4a80f9da3f5f745035adf769eb4f761aef9644ca256bfadd5999bb655a
2026-06-29,S02,K08,2026-06-19 12:00:00+08:00,0.0000000000,5681,bf2c25ec64abe0f6ef485d9aa60a527305f53c307738fe6fe41ecfeef1da6201
2026-06-29,S03,K01,2026-06-19 12:00:00+08:00,0.0000000000,5682,8d1e5141df02c19571d820949203158f230ac97c2ac2052b39265e2d92005607
2026-06-29,S03,K02,2026-06-19 12:00:00+08:00,0.0000000000,5683,e6af469c60854ea0541ac250fe0b7308c25e957c83251389c8965971eabe93ea
2026-06-29,S03,K03,2026-06-19 12:00:00+08:00,0.0000000000,5684,9427d18e2ac7a1822f4a5178643f4270bcfd01fab093f4cfd914e38410207d64
2026-06-29,S03,K04,2026-06-19 12:00:00+08:00,0.0000000000,5685,60d871611620cde70f7519c4c66cee979eb17c86a2394e4c6d9d4189a9cbc3be
2026-06-29,S03,K05,2026-06-19 12:00:00+08:00,0.1200000000,5686,f637c4abcad1ae9d1b63e1bac0dabcb199d95a4ea04aa45ed1d51a1588dc28a2
2026-06-29,S03,K06,2026-06-19 12:00:00+08:00,0.0000000000,5687,a72d21bfbf09680c7cf8581f117cfdc30db9eaaee4508945f7557ba67f1b8f77
2026-06-29,S03,K07,2026-06-19 12:00:00+08:00,0.0000000000,5688,b7b0e67f9251bc036e6ef142c6e181f2c6a666b144f517a5b2f4586c1b83d20f
2026-06-29,S03,K08,2026-06-19 12:00:00+08:00,0.0000000000,5689,3d69afeb0143dbc6b20242732b72dd3319b5b418bf426ec2f3f47072706d3174
2026-06-29,S04,K01,2026-06-19 12:00:00+08:00,0.0000000000,5690,16a36ca6a2b340e7838819a2fcb4e9486dc946195673913511e4105a87c71090
2026-06-29,S04,K02,2026-06-19 12:00:00+08:00,0.0000000000,5691,e30f24b578eb1e42153cc4b69b0ced1587bf6e636ddba26277f115afc115d901
2026-06-29,S04,K03,2026-06-19 12:00:00+08:00,0.0000000000,5692,7eba989480babca5c8d10ae48865e47bd95bb9ebf1dd9d6897b93948ba260cf4
2026-06-29,S04,K04,2026-06-19 12:00:00+08:00,0.1200000000,5693,4acca00b0a61b68146777467badbc0e55c205f706eb5fa08a6c9356486a076c3
2026-06-29,S04,K05,2026-06-19 12:00:00+08:00,0.0000000000,5694,494c22dbf54d3cab35c0b84cf6162192501925dd7050380216535a0195933889
2026-06-29,S04,K06,2026-06-19 12:00:00+08:00,0.0000000000,5695,0ee9f417884ce7ae0f504edab63e7519a91f783e50a963b34fceae7e13cec93a
2026-06-29,S04,K07,2026-06-19 12:00:00+08:00,0.0000000000,5696,d54a9fc85f80d0687e1d66c2d4f42500d0fcc362c5ed2679437a40a9e3abaaf6
2026-06-29,S04,K08,2026-06-19 12:00:00+08:00,0.0000000000,5697,b79f7240b1f7a3ae0f4997c316bf8d653ff01a2c211207746ff3567e23e43c38
2026-06-29,S05,K01,2026-06-19 12:00:00+08:00,0.0000000000,5698,eec0d725f86884e28af271e7a24dd56eb29eb6dac9b8e0329682c3619a01e5d3
2026-06-29,S05,K02,2026-06-19 12:00:00+08:00,0.0000000000,5699,2fc123bf62e0c0f50fcc73599e641d58d8a4ac43d230a4e39edae0c447d0d48c
2026-06-29,S05,K03,2026-06-19 12:00:00+08:00,0.0000000000,5700,866cf446f606ea27634f18a38c71aeb3d13bcb620c2fbea3c4efd2b15325e5e0
2026-06-29,S05,K04,2026-06-19 12:00:00+08:00,0.1200000000,5701,10fb4d7b436c4034c618a3eef196d0585fece95e6d3daccdfbd7e342549cb7e3
2026-06-29,S05,K05,2026-06-19 12:00:00+08:00,0.0000000000,5702,f5f44a9bcc7102bc5dd066b076d26d9eb3405e4173f7404b53b25fcaead79716
2026-06-29,S05,K06,2026-06-19 12:00:00+08:00,0.0000000000,5703,52e66c948a96996c9d2045988db74e2986ebf33e7fece33dbd06f40d05bbdffe
2026-06-29,S05,K07,2026-06-19 12:00:00+08:00,0.0000000000,5704,dfc35c388b69ad2ba7844b8d6105a325dd9a996d434502a53bae3b0f8861555a
2026-06-29,S05,K08,2026-06-19 12:00:00+08:00,0.0000000000,5705,678fb200fad937252d4463dddf9f340492bfe8e93a1b743b3f18cd47df275e89
2026-06-29,S06,K01,2026-06-19 12:00:00+08:00,0.0000000000,5706,a927ae1700668539c4b75ee1de73d477987f782dee07e63b1268842c4e8f432e
2026-06-29,S06,K02,2026-06-19 12:00:00+08:00,0.0000000000,5707,f22f9bd816a2d0ac2e44e3b78b051ddd0d93e93023593450e3776d8af4ca7830
2026-06-29,S06,K03,2026-06-19 12:00:00+08:00,0.0000000000,5708,f7c5dad0fedf1ef728f25ed2e6a267fb5dd495c039663606929652555bc14718
2026-06-29,S06,K04,2026-06-19 12:00:00+08:00,0.1200000000,5709,d6bfe4517094ad4ed88d86e21d68c44e2e2971a2b61f1bcf26cd04acb9197f92
2026-06-29,S06,K05,2026-06-19 12:00:00+08:00,0.0000000000,5710,9a96df2095810a1d1b89d7be73857fc309f9dd3bb8e9539e2a1169f8eaeda902
2026-06-29,S06,K06,2026-06-19 12:00:00+08:00,0.0000000000,5711,5d9aba447760109564484a86fd7e8ad61ecf1d50b7cc661da56343b764454997
2026-06-29,S06,K07,2026-06-19 12:00:00+08:00,0.0000000000,5712,179752304f684a082d704e77263a1ea3ad28f302a9f7d69e3bfbd5450d8e5403
2026-06-29,S06,K08,2026-06-19 12:00:00+08:00,0.0000000000,5713,2a043a796d336c301122ae9da733c22ec751e90bee812c93a6a1f6b2ef49e55b
2026-06-29,S07,K01,2026-06-19 12:00:00+08:00,0.0000000000,5714,04f907439ac1ba1dfd73117254a8c1b3e2d861f3b28dcaf517774f0ba87dd36c
2026-06-29,S07,K02,2026-06-19 12:00:00+08:00,0.0000000000,5715,1bcacebdf02c9d1ddd489f218da27d198776972ccf62f82a49df9413ce3d6427
2026-06-29,S07,K03,2026-06-19 12:00:00+08:00,0.1200000000,5716,018badf3c97fb2dcbbfa9b88957270aad67c3428e13b06cfc7ba5ceffa955cd5
2026-06-29,S07,K04,2026-06-19 12:00:00+08:00,0.0000000000,5717,5e84f56b7c07c659f95d03974dd3bada48fdf5727ae93cdfa9a0cb23091b2f01
2026-06-29,S07,K05,2026-06-19 12:00:00+08:00,0.0000000000,5718,3ea59c9b8433970a9c393f52216eae3ddb527be4e0b59470443bcf589fefa995
2026-06-29,S07,K06,2026-06-19 12:00:00+08:00,0.0000000000,5719,4ffdb5999acf087e952d7334eb90126926474f0d1e0d7d72bbb6ca29ac15868a
2026-06-29,S07,K07,2026-06-19 12:00:00+08:00,0.0000000000,5720,afce2a681039cccd10571b8e91f9491863ccc63a0e4bd7510d6bf2afd36af16f
2026-06-29,S07,K08,2026-06-19 12:00:00+08:00,0.0000000000,5721,437b027de2829d7ba5dabfc9cb6f7bb9dfc43aeb1b511f255cbfed72ab1c8a98
2026-06-29,S08,K01,2026-06-19 12:00:00+08:00,0.0000000000,5722,d8e91623681143aace54377fe46e8416a7db1ed555f76cc16818e8480726a0a5
2026-06-29,S08,K02,2026-06-19 12:00:00+08:00,0.0000000000,5723,27b490657ff0a8b0080426fad2c1db075110189a009cca109922dec15a038d0a
2026-06-29,S08,K03,2026-06-19 12:00:00+08:00,0.1200000000,5724,476db29de02f4dbcc46b4a0dcc7024e96d5b3d8de5e1206e1a8b9cb816cdf2af
2026-06-29,S08,K04,2026-06-19 12:00:00+08:00,0.0000000000,5725,2b7203e9ee509e0c20e98d9a2aa085d2e59c4d246bd19636f6f818ac26bedc23
2026-06-29,S08,K05,2026-06-19 12:00:00+08:00,0.0000000000,5726,225a4070f4cf6aa9a5df5c578c190756ce447883dee4b38330ba50a68160f088
2026-06-29,S08,K06,2026-06-19 12:00:00+08:00,0.0000000000,5727,ffac619a8352b00930c3af0577ac4c831c73852c7ab21037045296840c41a14a
2026-06-29,S08,K07,2026-06-19 12:00:00+08:00,0.0000000000,5728,2a8913cbec745fd2f77c871c2bd9147dc1cfb8f3f90c0aeccdf559d10aae8747
2026-06-29,S08,K08,2026-06-19 12:00:00+08:00,0.0000000000,5729,aa7ef504050e7cfbdd0608464fd868bbbe53a0907b71122327ac92ac5ade9f19
2026-06-29,S09,K01,2026-06-19 12:00:00+08:00,0.0000000000,5730,0b1ca1dd246b43120318e8bbc694d90e95908a59fecd28311d1b44c5a74fec5e
2026-06-29,S09,K02,2026-06-19 12:00:00+08:00,0.1200000000,5731,6527b12df7f909b47b4b25388fffa8914b95c5c7325ffccf93f389823e72cb48
2026-06-29,S09,K03,2026-06-19 12:00:00+08:00,0.0000000000,5732,1e87be0e1a581ab4c2869ea4c83faa46e640e39f2f9d7afce7dff3905088c585
2026-06-29,S09,K04,2026-06-19 12:00:00+08:00,0.0000000000,5733,e4312b7aa550787ac450b81f230de8305e7457692b7a83aefd1936379ac36a8d
2026-06-29,S09,K05,2026-06-19 12:00:00+08:00,0.0000000000,5734,be244ae93bc2492926ed3e88b9f78f9d5dd3e09e91bd76021d7ec328d47859f7
2026-06-29,S09,K06,2026-06-19 12:00:00+08:00,0.0000000000,5735,243f71bcdac4d2f8031082b65721191bd426733be024dbd42af028b9a503dba8
2026-06-29,S09,K07,2026-06-19 12:00:00+08:00,0.0000000000,5736,c0b12f64fea1c5db4bbffd4da150dc270f9749b31c618861758ad6d40acc4d8f
2026-06-29,S09,K08,2026-06-19 12:00:00+08:00,0.1200000000,5737,28334a1d90b4bf78d2a844acfc9f0c8742dc8df22d4d917cbd9badcf1a2e4483
2026-06-29,S10,K01,2026-06-19 12:00:00+08:00,0.0000000000,5738,232ac9030c88bf00a2db9e24eabe537c3fee17085e0db97c6412b3100c932fce
2026-06-29,S10,K02,2026-06-19 12:00:00+08:00,0.1200000000,5739,54fc4757a21c140dc38774326e33745c82951799acd90e91035f10c237df0409
2026-06-29,S10,K03,2026-06-19 12:00:00+08:00,0.0000000000,5740,74716893b16ffe3e7e1c15c6b799c6581286264f53667f0de8e211f566fa35a3
2026-06-29,S10,K04,2026-06-19 12:00:00+08:00,0.0000000000,5741,e7196725b5ce955319a192c990e1084cf2b1d8de137f80bb208d4da2987d0ddf
2026-06-29,S10,K05,2026-06-19 12:00:00+08:00,0.0000000000,5742,f884f913964432da550edd0286166dd41d91c9fc4a863dbcb8335a8315ff3046
2026-06-29,S10,K06,2026-06-19 12:00:00+08:00,0.0000000000,5743,ab4c7edccf0da86ece28ebd951d97a1ef1829da5c5b786d1bca1333038cacffd
2026-06-29,S10,K07,2026-06-19 12:00:00+08:00,0.0000000000,5744,990a1b1c1794db7cc9ba2cce7db780f2c3f9d7c1d8f53bf7fba0c287325a3708
2026-06-29,S10,K08,2026-06-19 12:00:00+08:00,0.1200000000,5745,d38737c6ba168ad1093cb2324f814ea4dd78df7d9db29794cada76b766d8e62f
2026-06-29,S11,K01,2026-06-19 12:00:00+08:00,0.0000000000,5746,c092401ca0a0861cf74d733ed78686533c48d4fa0b7122460d905d520dc002fd
2026-06-29,S11,K02,2026-06-19 12:00:00+08:00,0.1200000000,5747,30fb9a0492cb554d650db39e5f5595c4637e27ddccabbf4f733259674581f10b
2026-06-29,S11,K03,2026-06-19 12:00:00+08:00,0.0000000000,5748,3fe0dbf19cf9882552baddda33b6c30dc0aacc82b9642e008543ee2fe8df1b02
2026-06-29,S11,K04,2026-06-19 12:00:00+08:00,0.0000000000,5749,5fec0031b98f2be6b9b06ec8a8237b145aba57707e2221cf7536ba82b2151285
2026-06-29,S11,K05,2026-06-19 12:00:00+08:00,0.0000000000,5750,5328c4216260ea3c9b3411ce58758444f4d80b6f819ae6d2b213a354e188910e
2026-06-29,S11,K06,2026-06-19 12:00:00+08:00,0.0000000000,5751,0aeb7b6fcc31175f47d979b53f47505697854da77bab96ba52e059fda989ff44
2026-06-29,S11,K07,2026-06-19 12:00:00+08:00,0.1200000000,5752,5ebfcbfc88680038c5e5649afd96acbce30e4f70f9526bbd298d046e9bb73fd3
2026-06-29,S11,K08,2026-06-19 12:00:00+08:00,0.0000000000,5753,f7dc992e30a0f4be04a286b05d287746dd0cebff7335f10a56c66b2814e9df13
2026-06-29,S12,K01,2026-06-19 12:00:00+08:00,0.1200000000,5754,5ee82ab157dbee31d865a06850dfa4af266fcf5254fc90478661cd6752d917ca
2026-06-29,S12,K02,2026-06-19 12:00:00+08:00,0.0000000000,5755,1b005709d3396407ab6da1da01e1d555d2ad8358027714c7fc85cdd1814459f3
2026-06-29,S12,K03,2026-06-19 12:00:00+08:00,0.0000000000,5756,d90d599233ba9eb94421c9aac5422d3cbba6f260d96e3e0cf64b9fc3228d3786
2026-06-29,S12,K04,2026-06-19 12:00:00+08:00,0.0000000000,5757,8809d37828ff04bbee8b48873fc499b69a60d50583de6b28a8afbc97b9bb6da4
2026-06-29,S12,K05,2026-06-19 12:00:00+08:00,0.0000000000,5758,cd71fbffe20b4b05773a6bfba44c7f8cbf58d9a91c92072a881bf1fe79c9c06e
2026-06-29,S12,K06,2026-06-19 12:00:00+08:00,0.0000000000,5759,776b117692560646a4fe4b8717d7e445d16116f323d19eec8df0a5c65b615a53
2026-06-29,S12,K07,2026-06-19 12:00:00+08:00,0.1200000000,5760,8f35a1fcdb2ed1d59180a25d261cf43a2cb0ea3e7f67c847407e86265aa7d370
2026-06-29,S12,K08,2026-06-19 12:00:00+08:00,0.0000000000,5761,d6dcfdc34787716bc9f615d8942f4fc62ba1038b39af20f4c79b9be843136355
2026-06-30,S01,K01,2026-06-20 12:00:00+08:00,0.0000000000,5762,8ec29d2dcc1683f16c7dac7517fa663092311ab1f57453c2998f1cfff16cc667
2026-06-30,S01,K02,2026-06-20 12:00:00+08:00,0.0000000000,5763,07eb711cc76846c85917c6c416a85cc3838103fab139778971f8c8aa8bca7969
2026-06-30,S01,K03,2026-06-20 12:00:00+08:00,0.0000000000,5764,9de862608b741d18d886ee67d3baec8258f5ad2c474e53666766f2a0a5bb78f9
2026-06-30,S01,K04,2026-06-20 12:00:00+08:00,0.0000000000,5765,1cc17d7ec41f3226247c3d237b9f3aef4920b3123c9be43169418c13d18bff25
2026-06-30,S01,K05,2026-06-20 12:00:00+08:00,0.1200000000,5766,86c2fcc19837ebdeb19b87891ce7d9a85a78e87bd733ed58ec503bfeb5211ead
2026-06-30,S01,K06,2026-06-20 12:00:00+08:00,0.0000000000,5767,4b3e3fdef59f954f8dd18ec4681d604d47cec17ba2307d171ec2a8848f2f7137
2026-06-30,S01,K07,2026-06-20 12:00:00+08:00,0.0000000000,5768,1c5131230f2094bd14ccbba52c61c8bf1cccb8ad5ea1f79d731495e37cbf985d
2026-06-30,S01,K08,2026-06-20 12:00:00+08:00,0.0000000000,5769,7225d4fbaa705d62d1398c6fe13cec498a54f041005ec4a90b8b990255254e63
2026-06-30,S02,K01,2026-06-20 12:00:00+08:00,0.0000000000,5770,d8bc30df9b0e34793accf187206422491c8547ee2a5ecf1e7bb783d5e5eedbac
2026-06-30,S02,K02,2026-06-20 12:00:00+08:00,0.0000000000,5771,7e0bb6ea9cdccc94dfc5f4d52f3deea439307e734951c440040dc766cb9aecd7
2026-06-30,S02,K03,2026-06-20 12:00:00+08:00,0.0000000000,5772,18d4c8a5661e62fcf30bb4762e6261f470aa286ececf81aa6ce2ea91d6836cf5
2026-06-30,S02,K04,2026-06-20 12:00:00+08:00,0.0000000000,5773,26d8d8f6e210333d52e6ffc2ac054502f0cd72f3f269fe457772619a923a8dd4
2026-06-30,S02,K05,2026-06-20 12:00:00+08:00,0.1200000000,5774,3e41f183df23036934efda9d65f1312100699c9e1af8a92c8780585e8b085d33
2026-06-30,S02,K06,2026-06-20 12:00:00+08:00,0.0000000000,5775,a5e16a1f9bd0e5a3c7edd2e51547d78c79596621177b214e687b827ba8b374ff
2026-06-30,S02,K07,2026-06-20 12:00:00+08:00,0.0000000000,5776,5ce776ea73aa1942d8cfee6d5f85b895bb63c1e41525ccbd4dc8294af94c67ac
2026-06-30,S02,K08,2026-06-20 12:00:00+08:00,0.0000000000,5777,2ae7cc39a60cb3b7e8d3c651fa8ba019ea10faa8dfcb29b063e58d764fae8e27
2026-06-30,S03,K01,2026-06-20 12:00:00+08:00,0.0000000000,5778,2a35f9d586011307b55b44df02fb7bd5da74af552c6f1c79f4bd32fbeee5267a
2026-06-30,S03,K02,2026-06-20 12:00:00+08:00,0.0000000000,5779,cffa90c0ccc496eec45ad0e91202080afe382f8ad661bf52d3f64c5a5312b944
2026-06-30,S03,K03,2026-06-20 12:00:00+08:00,0.0000000000,5780,bff99e10c6dabc301b4ce1855b40d06f6da23b8d8a8d0a8e136d0ebb37ad4f04
2026-06-30,S03,K04,2026-06-20 12:00:00+08:00,0.0000000000,5781,f46f0034441b90f4d1641b88666aa93f5fabe2f86e533ae46611bdf85456f026
2026-06-30,S03,K05,2026-06-20 12:00:00+08:00,0.1200000000,5782,4a65cfc884a80945de2b403aece5943c7f37c852c8d1be9c48d1570ab9b83373
2026-06-30,S03,K06,2026-06-20 12:00:00+08:00,0.0000000000,5783,2c88e2c89f82598db492ff6b850a6543bb875ee97243dde64d582620d3cbb01f
2026-06-30,S03,K07,2026-06-20 12:00:00+08:00,0.0000000000,5784,33b574b991dbc0597e63e0d50e50544a76057fa62c68afa4428886f7e1bf8562
2026-06-30,S03,K08,2026-06-20 12:00:00+08:00,0.0000000000,5785,127a54182caf3fdb79f7f6ef864434a20a51558390e78d972cce4b14f468ea7b
2026-06-30,S04,K01,2026-06-20 12:00:00+08:00,0.0000000000,5786,2956205f915b46fff9c719ddff87273d81d13fe64806f5dc68bd57b00c4c6d76
2026-06-30,S04,K02,2026-06-20 12:00:00+08:00,0.0000000000,5787,aaaf559c6270f1a276afbd8077ab6912c823ff3b5d8c1faf6250309ad98a2dec
2026-06-30,S04,K03,2026-06-20 12:00:00+08:00,0.0000000000,5788,3e2d7d229ef604d1b4de1269956b6e9cc62f65ba74e1d5395ea8375b70dac1cd
2026-06-30,S04,K04,2026-06-20 12:00:00+08:00,0.1200000000,5789,99d65207648d4ea340794cb230e792ff11c57d36f01d856e259dc9394900e0b4
2026-06-30,S04,K05,2026-06-20 12:00:00+08:00,0.0000000000,5790,5d2b7fc17b1a59ead16bd69c99dcd2ef1cfbbdb4f3a38d2f02d27c9aec5d0413
2026-06-30,S04,K06,2026-06-20 12:00:00+08:00,0.0000000000,5791,89a9f29fc2619c8306c6791cd38c005548fe0d76aa5850d06bcca22d70a68396
2026-06-30,S04,K07,2026-06-20 12:00:00+08:00,0.0000000000,5792,aef1bd86baeab2a68b0f6e5af4aa27608f241412f440d7f2cac0aac71e1b4023
2026-06-30,S04,K08,2026-06-20 12:00:00+08:00,0.0000000000,5793,025db9b3cb03c47dd790fe173769400387d7fa8a340af2a87d8eb8dd8d318ffa
2026-06-30,S05,K01,2026-06-20 12:00:00+08:00,0.0000000000,5794,51f8a23f708dfb47adc763e870fa9d39ea1324ea30d7aec1e72c1baf2aff41ac
2026-06-30,S05,K02,2026-06-20 12:00:00+08:00,0.0000000000,5795,7dbac9aaa0db34ca8466ed99a8fc7b888d57ff1023dc222e86c13d01ee782408
2026-06-30,S05,K03,2026-06-20 12:00:00+08:00,0.0000000000,5796,8514657f9d557d9f2b577f0b265a68d19d07e70fdbd3a53eb9d5fddd9a470fc7
2026-06-30,S05,K04,2026-06-20 12:00:00+08:00,0.1200000000,5797,685ef4662c19bffa10d111ee09158fde8efa344c3b48988ea404f9b12efba0cb
2026-06-30,S05,K05,2026-06-20 12:00:00+08:00,0.0000000000,5798,e5e0a07d56d9cc60619f160589dae042124eb707af1599ae33c45915d3468a09
2026-06-30,S05,K06,2026-06-20 12:00:00+08:00,0.0000000000,5799,1926988f7fbab96f86a4ce726bb959775a2f184c256eb5ee8bedb358a507d0a4
2026-06-30,S05,K07,2026-06-20 12:00:00+08:00,0.0000000000,5800,396c7a7b182b05e167b0b7bffb67332cd7aebf1e2650f213c4ffea1b1fe9e413
2026-06-30,S05,K08,2026-06-20 12:00:00+08:00,0.0000000000,5801,1856d3870b0bc22ab194b0f2b229d9ddbc8cc52a002f5fed072142aacbeb8ce0
2026-06-30,S06,K01,2026-06-20 12:00:00+08:00,0.0000000000,5802,31e62c256f37fd0e21a354258c62fa7c5a086edc07a27433cfb57c0357937fed
2026-06-30,S06,K02,2026-06-20 12:00:00+08:00,0.0000000000,5803,dd865f94d14f8d86f1c9e8a6b61d68a98c7059901c601581b6197402b3293fdd
2026-06-30,S06,K03,2026-06-20 12:00:00+08:00,0.1200000000,5804,0fba2e0c789f21e95b3e28afe51a343bb6a06dd469de43219a2c48417efdec19
2026-06-30,S06,K04,2026-06-20 12:00:00+08:00,0.0000000000,5805,dba9d2feffdd48128628d808011a9a19ed596fa65d9290f32a8aef02d8508419
2026-06-30,S06,K05,2026-06-20 12:00:00+08:00,0.0000000000,5806,8854be253b168c9dd69106a5c286dd75392bf4e2e85680e3e6c441d63a10158b
2026-06-30,S06,K06,2026-06-20 12:00:00+08:00,0.0000000000,5807,c7ec9014b20b5861076cb0610af4d04b0fed986b83694a40999851bfad724554
2026-06-30,S06,K07,2026-06-20 12:00:00+08:00,0.0000000000,5808,235c3b9ac65d5fcc8231a4807298b314bc8e407037e8c9e5830b90f7f326a03e
2026-06-30,S06,K08,2026-06-20 12:00:00+08:00,0.0000000000,5809,22e3cbd58da02cfff75c8b4fdc8e9846962a3643fcf151231564bbe8cd246f55
2026-06-30,S07,K01,2026-06-20 12:00:00+08:00,0.0000000000,5810,e0c048b25bf6ffc8406105e07b7b20ca48966c1e6ba1517764e62e34210deeb2
2026-06-30,S07,K02,2026-06-20 12:00:00+08:00,0.0000000000,5811,2beccaf558f4ec48346b989cc22a9fd3cd7e7843ae348af29a9bab8441484063
2026-06-30,S07,K03,2026-06-20 12:00:00+08:00,0.1200000000,5812,210a3ffd0d9f04d75f059fce40d74e6cb79913e8824fd389b7f427cb87a0656f
2026-06-30,S07,K04,2026-06-20 12:00:00+08:00,0.0000000000,5813,96530a71a413caca0612501fbaf97307574b2874ff2105285dbaaa2540d3385d
2026-06-30,S07,K05,2026-06-20 12:00:00+08:00,0.0000000000,5814,0bb5106b01a298de81a24dec0bfc44be41ee1ee9fdb9d80df2f445a8c882c25f
2026-06-30,S07,K06,2026-06-20 12:00:00+08:00,0.0000000000,5815,2639adb954c8d1aa88fd9c1009cb9a55bb8ed7ddf431aef0801cf95ac47a3bfb
2026-06-30,S07,K07,2026-06-20 12:00:00+08:00,0.0000000000,5816,3a25267733d3798f7f7c8c9c464ad56a332aea81f867293b438add46c6106329
2026-06-30,S07,K08,2026-06-20 12:00:00+08:00,0.0000000000,5817,bbdab0f4b72a88c65f51676ced318d1a583d98202c2cde977ea61dd2c146e7b7
2026-06-30,S08,K01,2026-06-20 12:00:00+08:00,0.0000000000,5818,4935e50a05b77c2598df2921af97bb8a50943a053e2b65f76bddc61ba8c8f650
2026-06-30,S08,K02,2026-06-20 12:00:00+08:00,0.0000000000,5819,a32c66366b44cb2732f0c4eb84c63249b814fcee64f44ba569ac27641e44d319
2026-06-30,S08,K03,2026-06-20 12:00:00+08:00,0.1200000000,5820,9057b1b5807beff59506a0bc16c1aec699bcda16981d54ae6d496715fe147a0a
2026-06-30,S08,K04,2026-06-20 12:00:00+08:00,0.0000000000,5821,72fb044aa8dc24fc259b4e572ed35748b7856df4cb98eb8ef840c8bbbc120ec2
2026-06-30,S08,K05,2026-06-20 12:00:00+08:00,0.0000000000,5822,0431eac4260940ed3220a9579022f26ee993df10ec606968f11c975052128f9c
2026-06-30,S08,K06,2026-06-20 12:00:00+08:00,0.0000000000,5823,5f8cefc5f6bc1a13c1062fc171efb61a642a552821eb99276b13769eb9fee940
2026-06-30,S08,K07,2026-06-20 12:00:00+08:00,0.0000000000,5824,f6075278f3605093877a9d7e3fc4adf4eb2595fdb5616ee0062ab99d0cb06a6a
2026-06-30,S08,K08,2026-06-20 12:00:00+08:00,0.1200000000,5825,53ed274959d03a0998c6eea8c0859e87704be15ece15e78479d0aa291d8bfeed
2026-06-30,S09,K01,2026-06-20 12:00:00+08:00,0.0000000000,5826,e3203175fccc0b9911df45694189dd04b9faade22fffc80eff0de38a6a02b9b8
2026-06-30,S09,K02,2026-06-20 12:00:00+08:00,0.1200000000,5827,3c326a235cdb41f4a3f86f916963b7077e61f10aa9b3a22a6dd6a4d92d454c68
2026-06-30,S09,K03,2026-06-20 12:00:00+08:00,0.0000000000,5828,4e95f015c939fe3206fcf3e91c6ff8828be085cecc3b4825d1ed3d7a81e5b216
2026-06-30,S09,K04,2026-06-20 12:00:00+08:00,0.0000000000,5829,7b49a34e1acd4ad2beea62920aad8d7ddbb4e2e26376cdba6964e8db193eacd2
2026-06-30,S09,K05,2026-06-20 12:00:00+08:00,0.0000000000,5830,a59cad1a1f00d6528fe257eb8da35b2c083dfe2c2fb56f8b9e3dab99ba37c491
2026-06-30,S09,K06,2026-06-20 12:00:00+08:00,0.0000000000,5831,8c20da4cd51a1aa0fbf5c8a2ee23cd42962429b263962bdeced834699f46c92d
2026-06-30,S09,K07,2026-06-20 12:00:00+08:00,0.0000000000,5832,e282c52e24fbdd01dfb23a52106c576379033d852bf2c752036fecc58c824840
2026-06-30,S09,K08,2026-06-20 12:00:00+08:00,0.1200000000,5833,5ad63c00a8d9f86947c79ae6bf79f7eba0af92c81ed68ff0842c659e510022fe
2026-06-30,S10,K01,2026-06-20 12:00:00+08:00,0.0000000000,5834,68993f88ec8305b7f03b8a9459d2b50ef02321bdf738f53485db668275e1462b
2026-06-30,S10,K02,2026-06-20 12:00:00+08:00,0.1200000000,5835,87cf8a731bba014842320a8b199e0d613e61af6678d85aad75006c0718d03d1c
2026-06-30,S10,K03,2026-06-20 12:00:00+08:00,0.0000000000,5836,b765c4e0d6e6168c1de6bceb21848bbb7c8022fcd214f3e852ab363e01312f53
2026-06-30,S10,K04,2026-06-20 12:00:00+08:00,0.0000000000,5837,b5db15f63eda9a7726468ce6fd7a2aebb7db6a169efb17ef345063d0324de5f5
2026-06-30,S10,K05,2026-06-20 12:00:00+08:00,0.0000000000,5838,e63e733169213213a7453bc763a09690fc952b3ba202cee47f3f09b1e4a52746
2026-06-30,S10,K06,2026-06-20 12:00:00+08:00,0.0000000000,5839,60055173bfd525568b36c35ac01931429087df0944855b91f019c71e5c4636bc
2026-06-30,S10,K07,2026-06-20 12:00:00+08:00,0.0000000000,5840,ae7288c39407ebaa45030ec4127570c3d1ddeb2c513bd2c2765051a089c1ae35
2026-06-30,S10,K08,2026-06-20 12:00:00+08:00,0.1200000000,5841,7d9821f8dc1dcf9e8face3d7ffd772d5eb4a5296045b9b6012e1dbf153416a58
2026-06-30,S11,K01,2026-06-20 12:00:00+08:00,0.1200000000,5842,c328ff35701ef11128d4fda9b47b69a0393d6feac8595340a7b504768c6cda2d
2026-06-30,S11,K02,2026-06-20 12:00:00+08:00,0.0000000000,5843,79e945a544c1804f8996b84d95d35aaf6a1f4c294e1406a1b6072a212e555b64
2026-06-30,S11,K03,2026-06-20 12:00:00+08:00,0.0000000000,5844,ff07cb4307f8de2e919c0eec816fa5f8c24cb49eacd6c499e87ea2d96b7ed455
2026-06-30,S11,K04,2026-06-20 12:00:00+08:00,0.0000000000,5845,9e55be82cd7d82fc2d77bc7c79fbc6623d99cd5f2f3626be2235b449a7dea6db
2026-06-30,S11,K05,2026-06-20 12:00:00+08:00,0.0000000000,5846,13c21f1c9f046b5e2240c1682a33481e0180f59b5de91b0615eb21b196c51bf4
2026-06-30,S11,K06,2026-06-20 12:00:00+08:00,0.0000000000,5847,8a1712cc375f969566b37eae1ce84fc69785032bb3ca92fe8b451b39c9170a66
2026-06-30,S11,K07,2026-06-20 12:00:00+08:00,0.1200000000,5848,9de975093ca8268a113804b8849d77bf59a78c1aa66edc6b846b0ceab74f50bf
2026-06-30,S11,K08,2026-06-20 12:00:00+08:00,0.0000000000,5849,1bb0235f411cd654a7536293b08b7785acd7713a20721086513e5b5328bdf577
2026-06-30,S12,K01,2026-06-20 12:00:00+08:00,0.1200000000,5850,6fd6625ea4f2374f72876637a868176332d6f7741d0007ab3a76b3bb3d7366fd
2026-06-30,S12,K02,2026-06-20 12:00:00+08:00,0.0000000000,5851,6a0456fdd7c86f06984e207a9cdecdd35ba0289366cff3e7b2c54021b90ea3e4
2026-06-30,S12,K03,2026-06-20 12:00:00+08:00,0.0000000000,5852,0f1da8cb638deb5f7e52fffa5feec9e4214377284de811aff82b05fab6449b17
2026-06-30,S12,K04,2026-06-20 12:00:00+08:00,0.0000000000,5853,e02f4bba6a018d849edd284cd1b6dbebd4fde7c0e8bb68e6ba8b19c951e49e44
2026-06-30,S12,K05,2026-06-20 12:00:00+08:00,0.0000000000,5854,fef264526939ded88736b7d9ebc1156a400f88903dcf8d99f7236dde83385ab3
2026-06-30,S12,K06,2026-06-20 12:00:00+08:00,0.0000000000,5855,86ef1017b6893e50131c85ebe8500cfd103f7b6d625b1797ce75f88d046f9405
2026-06-30,S12,K07,2026-06-20 12:00:00+08:00,0.1200000000,5856,a6f0feab12c5d74d039aa5224101e9eb365ff9fd833d9ad0666f727eae96a9e6
2026-06-30,S12,K08,2026-06-20 12:00:00+08:00,0.0000000000,5857,afa22437f8eb976b16cce9645810c2512f642d441b0b71b58d51b3adf42c9332
2026-07-01,S01,K01,2026-06-21 12:00:00+08:00,0.0000000000,5858,397718ec110648cbd54003753462045b9d143d3c5e3d784d2c3ff7a59da3d9a1
2026-07-01,S01,K02,2026-06-21 12:00:00+08:00,0.0000000000,5859,2cf75fa2b2b79039eb71f003d2bcda457598d3def4c87b2477cf00764ce1c40b
2026-07-01,S01,K03,2026-06-21 12:00:00+08:00,0.0000000000,5860,3d5659f642e3322fceef0ec9682bf44ce41bf28c98fb1aa47541b964227f9cdd
2026-07-01,S01,K04,2026-06-21 12:00:00+08:00,0.0000000000,5861,b44540008023eb5224faf7f682729ab94d6d96a6b58d65468d6d557c2a2609ac
2026-07-01,S01,K05,2026-06-21 12:00:00+08:00,0.1200000000,5862,209aabb74a15484b8f0e51bb96530c110ed31cc037bbebd42f5360e5377dcf2d
2026-07-01,S01,K06,2026-06-21 12:00:00+08:00,0.0000000000,5863,eff75bf2bba473aa777bd5ef3406c536be6f988296fed1aa196976c78f397efb
2026-07-01,S01,K07,2026-06-21 12:00:00+08:00,0.0000000000,5864,c4e9745c75aec453c7675dcdaaca6c9a914b015a400ed3459d53f9774520fcaa
2026-07-01,S01,K08,2026-06-21 12:00:00+08:00,0.0000000000,5865,308b36923821e6d2fbeac35944c3f9aa7d75538c935c2b99817082a53ae844e4
2026-07-01,S02,K01,2026-06-21 12:00:00+08:00,0.0000000000,5866,1484c0583d527ff94c177040386efa3089a77dce512a32f487159b26ade657be
2026-07-01,S02,K02,2026-06-21 12:00:00+08:00,0.0000000000,5867,1d3ca0959e3da5984a203f5610cbc6664d5b4986de41ad6fa9e2da9b4ccb1696
2026-07-01,S02,K03,2026-06-21 12:00:00+08:00,0.0000000000,5868,2481d298a546f28f5952cde4409a4e8bac3cf63fb34c5a6cb4de51522db4cfba
2026-07-01,S02,K04,2026-06-21 12:00:00+08:00,0.0000000000,5869,3dda6d4afee507ea9d2e75ddfe619a51178529edba739f170d67dc001f704983
2026-07-01,S02,K05,2026-06-21 12:00:00+08:00,0.1200000000,5870,8048411edc70d01f58ab729aeb247dae339cd6b28527302e5fb5fc08f63381f5
2026-07-01,S02,K06,2026-06-21 12:00:00+08:00,0.0000000000,5871,67e7aec672ab665d0edf8619828fcfb859d738c4543e6ad31942908328b38090
2026-07-01,S02,K07,2026-06-21 12:00:00+08:00,0.0000000000,5872,6560654c3e91740fedff33d148c87ab1aa3f84d4d32059ce2392f48e5070bd85
2026-07-01,S02,K08,2026-06-21 12:00:00+08:00,0.0000000000,5873,c9f53ee67f6e1558f896910c2ad0012c3781b67d038871267deb81db115b677a
2026-07-01,S03,K01,2026-06-21 12:00:00+08:00,0.0000000000,5874,f371f2936c1813fdf337de7e16c44eadc84c8bbc36754aff6ae339a816e6222b
2026-07-01,S03,K02,2026-06-21 12:00:00+08:00,0.0000000000,5875,3e4e704c743fc65eca948bc1f93b26c086a33d5306ea9dbef8abc95f4e1bd27a
2026-07-01,S03,K03,2026-06-21 12:00:00+08:00,0.0000000000,5876,67c8a2833fa824723d6764b0d1a686c74414e7a637bb9b511b5543ecca2e9d12
2026-07-01,S03,K04,2026-06-21 12:00:00+08:00,0.1200000000,5877,ed32d09f8c79e8752d8e680509d6897ce0c869608d9d430c77f55f6021716800
2026-07-01,S03,K05,2026-06-21 12:00:00+08:00,0.0000000000,5878,fe87347923383f87a398debbbcfc2dbfb545c700d0d111f904e615c46c0a9480
2026-07-01,S03,K06,2026-06-21 12:00:00+08:00,0.0000000000,5879,5a53cea899a2ecdafb6299bc448f89dc19111456cbb8eb296bf3b600e8910fe6
2026-07-01,S03,K07,2026-06-21 12:00:00+08:00,0.0000000000,5880,f704c066d8b40f4664d26b7f9fe11491126f1b0959bd8151fe8ca9180d5f2e57
2026-07-01,S03,K08,2026-06-21 12:00:00+08:00,0.0000000000,5881,f388d69afff2da75160f9dff2132172ed2818bc32f1f4663aa62ad891ea5c02d
2026-07-01,S04,K01,2026-06-21 12:00:00+08:00,0.0000000000,5882,3efe8e11634c04a1265d11056a7ecfa6339cdfab70d458c035d18c7969191b65
2026-07-01,S04,K02,2026-06-21 12:00:00+08:00,0.0000000000,5883,48478244ba07cd1eebe4ced3d9f59d78ef983f1ba9547e00eef6ccdd0856e17d
2026-07-01,S04,K03,2026-06-21 12:00:00+08:00,0.0000000000,5884,fbb0572f148a57f582e4bb522800a72268d8e2fca1a7068e2676989bfa289097
2026-07-01,S04,K04,2026-06-21 12:00:00+08:00,0.1200000000,5885,6cfb31b435ad12023f033bf791c7d239e8254bcb0fea1b38f31aba42523c29b7
2026-07-01,S04,K05,2026-06-21 12:00:00+08:00,0.0000000000,5886,40ce477fdf07ec855c1497e402afc0cb7f9b7d1861b4b1f4b8f9800f85cf386c
2026-07-01,S04,K06,2026-06-21 12:00:00+08:00,0.0000000000,5887,b9c4071bfa388fb30404b75749e448908d4ffcffc55159d310e56c98d64f580c
2026-07-01,S04,K07,2026-06-21 12:00:00+08:00,0.0000000000,5888,3e420af6781a65031ab90f3c9a7e1e0d28bc3098605b38ad054d403fc238e637
2026-07-01,S04,K08,2026-06-21 12:00:00+08:00,0.0000000000,5889,6758dbc45d0f5be00d9bf3bd1270d04fc9ca738d8e600673dd0a2aaa3a1d0bdf
2026-07-01,S05,K01,2026-06-21 12:00:00+08:00,0.0000000000,5890,0e88f8d3e95e91d27f8b60f4aaae7a4455699ac9ae3e3749fc5787ff328014f6
2026-07-01,S05,K02,2026-06-21 12:00:00+08:00,0.0000000000,5891,73a721477cb953be99bb09586347027647a14a069c41ed7c6f32a64bd3cc8313
2026-07-01,S05,K03,2026-06-21 12:00:00+08:00,0.0000000000,5892,240d61aaa91d208e8acb9421821a65405fcd05e2fc94d6cf69ee860e76a6e121
2026-07-01,S05,K04,2026-06-21 12:00:00+08:00,0.1200000000,5893,b0b150c845daf65f874ea05dd9736aade10b1dc26ac417fe7bf139fbf49fd5d0
2026-07-01,S05,K05,2026-06-21 12:00:00+08:00,0.0000000000,5894,acca1d20806c1382f4ae1a79f785f6889772abf2b185ee0e350b2e7ebd7afe78
2026-07-01,S05,K06,2026-06-21 12:00:00+08:00,0.0000000000,5895,6887d8a8e9d5a85bfedb95d5f19c8c3348d5257cea1d6b7a4919c450ec80f5b0
2026-07-01,S05,K07,2026-06-21 12:00:00+08:00,0.0000000000,5896,7456c8d60a2a36f6d2edc6d9f2b25a850ab373c02728e81a8bf95b0955b9d30a
2026-07-01,S05,K08,2026-06-21 12:00:00+08:00,0.0000000000,5897,c9d593428e3be6a6bd3410b3c7ce9530f2faedc46293de6c6bdd394505a73166
2026-07-01,S06,K01,2026-06-21 12:00:00+08:00,0.0000000000,5898,9572ba494c5890c96082df5fa3d7bc67e1d00ded2bdd0fc094ee4dc207313a19
2026-07-01,S06,K02,2026-06-21 12:00:00+08:00,0.0000000000,5899,3cb18f82fe8f9a4aba4d739d9114a8ff86470ee57f3ced2e1c9300b9d7c173c5
2026-07-01,S06,K03,2026-06-21 12:00:00+08:00,0.1200000000,5900,f8103f0a3dfc95ca549d80b3f484b946ce384a967a669151b50fb0aab788fed9
2026-07-01,S06,K04,2026-06-21 12:00:00+08:00,0.0000000000,5901,5434aafcd703af3ec97e331a454f09c81089a31efea6f84f0c9a52c0871576fa
2026-07-01,S06,K05,2026-06-21 12:00:00+08:00,0.0000000000,5902,c983c67f6fe361043bfe72093ae8fd43cfa08082dfe0587faa8e1c8a95db7c77
2026-07-01,S06,K06,2026-06-21 12:00:00+08:00,0.0000000000,5903,15f969214a81f7bf6a8f77c8f353124975c7a4cd300d7d7e4d6c25378a765094
2026-07-01,S06,K07,2026-06-21 12:00:00+08:00,0.0000000000,5904,3716763db9b34a4956302928b31f1d5000e7f58cbe60d6e7a1b1a104b042e2f9
2026-07-01,S06,K08,2026-06-21 12:00:00+08:00,0.0000000000,5905,072a5508504ac768f96e8c3ecef8db9b89f8c06b8f1e620de88c0faa878639ea
2026-07-01,S07,K01,2026-06-21 12:00:00+08:00,0.0000000000,5906,0cf585d000b7274c2220ebecf4419e3c55b56d56190346534de428005b251ae1
2026-07-01,S07,K02,2026-06-21 12:00:00+08:00,0.0000000000,5907,455664712f948aa7744d1fc1a1e288d533c0a29283da8f045d121c272078be1b
2026-07-01,S07,K03,2026-06-21 12:00:00+08:00,0.1200000000,5908,f2aa97c57acdb124af0b84e2116a1c529aee063db9bbf62dbff348189e1d808b
2026-07-01,S07,K04,2026-06-21 12:00:00+08:00,0.0000000000,5909,6e0a4690aafd393a408c3cff284c34c16aedf44daa5a7d392460247cefc6917b
2026-07-01,S07,K05,2026-06-21 12:00:00+08:00,0.0000000000,5910,a646aab327604baef9793ba88cf07629633759b56372a364368dfdc02cc6e7e3
2026-07-01,S07,K06,2026-06-21 12:00:00+08:00,0.0000000000,5911,b227ad9081ef94d5a46d63356e8110c85c6622c3c99a56bc0e39c0115f32cd0e
2026-07-01,S07,K07,2026-06-21 12:00:00+08:00,0.0000000000,5912,d2ba5054a91f6fba089b65c834901407aec353f2ecaf7486d7bd8f95d3a5c84b
2026-07-01,S07,K08,2026-06-21 12:00:00+08:00,0.0000000000,5913,4e070bc421189969e523e35ccdf57d7433c153ff84d5911db03a082b2b434366
2026-07-01,S08,K01,2026-06-21 12:00:00+08:00,0.0000000000,5914,4f2740b18cb55a144a1c17701a218599867adededad965d91818e70e03b43c2c
2026-07-01,S08,K02,2026-06-21 12:00:00+08:00,0.1200000000,5915,10d17a41ed5fd5036e59f9c07f5b9b0bba5dab2c6acd7f66c9d05e6677629969
2026-07-01,S08,K03,2026-06-21 12:00:00+08:00,0.0000000000,5916,63c0bcb868d5ddc95d45e79bff3500fb7d54afa0f4e21ca2a1f539f65ddd33db
2026-07-01,S08,K04,2026-06-21 12:00:00+08:00,0.0000000000,5917,6d0ac6a1f7615f05a93e0128a1d6b34c303744b832de38d12b85b19aa65174e8
2026-07-01,S08,K05,2026-06-21 12:00:00+08:00,0.0000000000,5918,6d7ef7230c818827b9f82d96460dbb570c5d431428df18519feecc134d116e5d
2026-07-01,S08,K06,2026-06-21 12:00:00+08:00,0.0000000000,5919,7729d145a36371b2b5966a7caa85e69386f8b9767da9f54e0b6d407d65eefa74
2026-07-01,S08,K07,2026-06-21 12:00:00+08:00,0.0000000000,5920,949d813d7bf6b6019b7e6aad7700205f3f1e30f686377002e25c43e6b9efd583
2026-07-01,S08,K08,2026-06-21 12:00:00+08:00,0.1200000000,5921,1a7070ae6e2d696ee93dd882b30c7e1e96b4a9e1cf19873858b97e6d598d1eaf
2026-07-01,S09,K01,2026-06-21 12:00:00+08:00,0.0000000000,5922,6b1bba9c3376197bdba346427dcbb31fa6a32510025dbac18adaac0f6e355d42
2026-07-01,S09,K02,2026-06-21 12:00:00+08:00,0.1200000000,5923,7204ac4ea39ed40690d358146a431bf54a9868215c13a73eab4d504a7af7240f
2026-07-01,S09,K03,2026-06-21 12:00:00+08:00,0.0000000000,5924,c0278a71b94f3a10ef65b204239a5823c5437d84212f343039c4ae5d2ff1c84a
2026-07-01,S09,K04,2026-06-21 12:00:00+08:00,0.0000000000,5925,5ca2dbb247afa40f1b7f3b0dad3c67c7932156fc659f2d1c9fab50c31ba397f1
2026-07-01,S09,K05,2026-06-21 12:00:00+08:00,0.0000000000,5926,90d453c8cc56afde727d2ec7e04661f65f608683caa202ed41905f66add672f4
2026-07-01,S09,K06,2026-06-21 12:00:00+08:00,0.0000000000,5927,64e59cf2ffb04a4389af2ba58eea7978707fcd1827dfb1c54a6abbe2107d83cc
2026-07-01,S09,K07,2026-06-21 12:00:00+08:00,0.0000000000,5928,f45508430d0795cec70420916ebc932f030b44f5005cea6a6c2f0dbcb604280f
2026-07-01,S09,K08,2026-06-21 12:00:00+08:00,0.1200000000,5929,efa931996b5913b87df69632ce1bfe78c5d0188cc6a86f98b7ce1664bc2bd53b
2026-07-01,S10,K01,2026-06-21 12:00:00+08:00,0.0000000000,5930,96914c2c3c4e15af5faa80210728972d6ce3e74c5320a4bac24ef0b68b725601
2026-07-01,S10,K02,2026-06-21 12:00:00+08:00,0.1200000000,5931,ee1100209fb3707804906ab1bc8955acebc97a8c1db07095c31b3efff454cb51
2026-07-01,S10,K03,2026-06-21 12:00:00+08:00,0.0000000000,5932,6d3108fdff856c556b117d49e2fcf95b4eeef6de83a69efd395246465e7be467
2026-07-01,S10,K04,2026-06-21 12:00:00+08:00,0.0000000000,5933,91f087e8b1b44e6b1c1747ac14dfbbb99e16d81da64c232e5d0dfc43038f9bc2
2026-07-01,S10,K05,2026-06-21 12:00:00+08:00,0.0000000000,5934,a64d511cb848486dcbec8560d007a530ea1f5123e55b7dbf58b4aef750bf45e6
2026-07-01,S10,K06,2026-06-21 12:00:00+08:00,0.0000000000,5935,d504c9b3efc52dcf7b82af104805c49de08689dc0db3cec4039fbf1eb271621d
2026-07-01,S10,K07,2026-06-21 12:00:00+08:00,0.1200000000,5936,91a71a345b2b0d5df436823848602c77b9a1681e0c4351aded7c89b781622346
2026-07-01,S10,K08,2026-06-21 12:00:00+08:00,0.0000000000,5937,3888487c4c48042624976da047c160fbd286181deb124a74eb5337a55d1a0b78
2026-07-01,S11,K01,2026-06-21 12:00:00+08:00,0.1200000000,5938,000cad70ecd5e86a22ea2fdaf7677f598c51a5e9e2a353e8c954c3df393ee29a
2026-07-01,S11,K02,2026-06-21 12:00:00+08:00,0.0000000000,5939,5363f998f4d6971beeb84c719ecb2bd8389a25d2c362603ca6aed716005d9950
2026-07-01,S11,K03,2026-06-21 12:00:00+08:00,0.0000000000,5940,f8bb3691c6dcde68a61b652099af1b1c592360c2b0a8907a853f386934a30aca
2026-07-01,S11,K04,2026-06-21 12:00:00+08:00,0.0000000000,5941,d0882fb24944c11a249a3645d45818c0c866385b20cd683bb80bdef5a02e2657
2026-07-01,S11,K05,2026-06-21 12:00:00+08:00,0.0000000000,5942,d012186add056459381961db6eed72234c190384584d9dfb7e351af94728c9cf
2026-07-01,S11,K06,2026-06-21 12:00:00+08:00,0.0000000000,5943,4b95be2ecdb634f241341d321fb68ea3bb8f29c65d1fc77a74d2e0d667cff1fe
2026-07-01,S11,K07,2026-06-21 12:00:00+08:00,0.1200000000,5944,bdc195c108a19a3b2a0a52cbab151285c65bfc440362fa00262d8ff720317712
2026-07-01,S11,K08,2026-06-21 12:00:00+08:00,0.0000000000,5945,bc7c12cc43fdb42f775cce7755086d5f1358085b3c0a911ccc44b1674bbb7396
2026-07-01,S12,K01,2026-06-21 12:00:00+08:00,0.1200000000,5946,7061f6dcc8a41204514199d1ac7a55d29d6eb7ba06346bad1793fece4c69ce64
2026-07-01,S12,K02,2026-06-21 12:00:00+08:00,0.0000000000,5947,06998bf97d0476a2f2d7d28bf6f8d56d5c3126c5d9b674399adc20bab539dba3
2026-07-01,S12,K03,2026-06-21 12:00:00+08:00,0.0000000000,5948,57359a26e05c099a4f648fc292381740dc0e2556b84c0b66f2cc8d2431b04dc5
2026-07-01,S12,K04,2026-06-21 12:00:00+08:00,0.0000000000,5949,e2e835dde254229f4310ca4fbdc5e5183141897dc1b17cd4a6b961da7f3174a5
2026-07-01,S12,K05,2026-06-21 12:00:00+08:00,0.0000000000,5950,4377e8f83d3693d35131b6d507737fb13ee64be610679207dfae106e47c22635
2026-07-01,S12,K06,2026-06-21 12:00:00+08:00,0.0000000000,5951,92b9322a76055bb5b83a69438ac86dbdba06e4be54eb64ff275f58f29b2c6f4c
2026-07-01,S12,K07,2026-06-21 12:00:00+08:00,0.1200000000,5952,cb5d96729fcb3fcff53c24e2a9a1744eabb1909085318d0ae29f27a44d11e37d
2026-07-01,S12,K08,2026-06-21 12:00:00+08:00,0.0000000000,5953,fbcaddbf2059d564149474c2a092e25e18980b788d322f62f5ac974a419c8e4a
2026-07-02,S01,K01,2026-06-22 12:00:00+08:00,0.0000000000,5954,be0d0c87cba36472bc2078ce77bfb7b9aca24743f3749234131bf51e317a3ab4
2026-07-02,S01,K02,2026-06-22 12:00:00+08:00,0.0000000000,5955,e415c4dbd41e95e1165542485079fe4f6b83726074a70bf266bff8838679e446
2026-07-02,S01,K03,2026-06-22 12:00:00+08:00,0.0000000000,5956,0b3a15f2c898449d68b9fb01ba02febe7970ed032a886dbf14c89a452820dee8
2026-07-02,S01,K04,2026-06-22 12:00:00+08:00,0.0000000000,5957,a121fc26f629d99ad35788af8abf9edeeb8be9a6bf3b872a7ea817e22fe3dc9f
2026-07-02,S01,K05,2026-06-22 12:00:00+08:00,0.1200000000,5958,e03c675dce95ab69e4076a3cd318e03b8129dc34945d165aca7de3b8025e20c5
2026-07-02,S01,K06,2026-06-22 12:00:00+08:00,0.0000000000,5959,a8d7f91cc6a2d93f4ed242987c1359f9ef30c37887132cc957e45a3632f4193e
2026-07-02,S01,K07,2026-06-22 12:00:00+08:00,0.0000000000,5960,9ebd326693eb3b55e41dddf08f3ba01591e3982e47317606549dde822950464f
2026-07-02,S01,K08,2026-06-22 12:00:00+08:00,0.0000000000,5961,353cb65409545155a4131c18e05d54ee10dd646a417e71f60e844772948e4878
2026-07-02,S02,K01,2026-06-22 12:00:00+08:00,0.0000000000,5962,22420d0b89f50f2eff0e14357d7370f9be3c19880b4f1f21499d3abe60a02f65
2026-07-02,S02,K02,2026-06-22 12:00:00+08:00,0.0000000000,5963,18d76cd6eaf3ed2b013a26a0b9d00c6cb4cf73d2a528489807695dd3c5867712
2026-07-02,S02,K03,2026-06-22 12:00:00+08:00,0.0000000000,5964,0b3479b94cab0646727541218bd025b2104a806a3785fd6dcfb416e47436c2f3
2026-07-02,S02,K04,2026-06-22 12:00:00+08:00,0.0000000000,5965,ca22a7fe8baaf5618900c2b6594d249450ccdbe49e621b5499350ce2e07aa6c7
2026-07-02,S02,K05,2026-06-22 12:00:00+08:00,0.1200000000,5966,3c9a1a1e946f728601895dfe844b84d9a9369b9c5b3f224a74edd9765ddf9f87
2026-07-02,S02,K06,2026-06-22 12:00:00+08:00,0.0000000000,5967,8e21f3f69f9a760e825047618f9b2d436bc68ccd33246851489165264443cc5d
2026-07-02,S02,K07,2026-06-22 12:00:00+08:00,0.0000000000,5968,eeddc6b595a1f449dce2ddbc9161276b9cf85437f09dc92380835e66bb5a6b82
2026-07-02,S02,K08,2026-06-22 12:00:00+08:00,0.0000000000,5969,842b139ef5e63250f28d27fc7e80bbc9d5a3cb0da7e97598359bb1a76273ca8b
2026-07-02,S03,K01,2026-06-22 12:00:00+08:00,0.0000000000,5970,fe8026608d1e6a41be4dcb019602d45d4ea245819bab77ed0d8bf322948cab12
2026-07-02,S03,K02,2026-06-22 12:00:00+08:00,0.0000000000,5971,74e5619ab7ccb272e3996557260eaa504f213497fe2fb042553db7535efc0674
2026-07-02,S03,K03,2026-06-22 12:00:00+08:00,0.0000000000,5972,d0b02bc636521fa6e7dda5839f13e7aede9218e3e6733d3876c86a2d54c1c52f
2026-07-02,S03,K04,2026-06-22 12:00:00+08:00,0.1200000000,5973,7517fa15dbd28487a52d2bf8baec9fdb7285a9559d94bb4f0ec73fd124620eb4
2026-07-02,S03,K05,2026-06-22 12:00:00+08:00,0.0000000000,5974,8e0b4fd023cec9e7d668af67213cef5192b082bde0e7cf4fb9e3934e9659e344
2026-07-02,S03,K06,2026-06-22 12:00:00+08:00,0.0000000000,5975,c00d19e71f79e10a4bc4c6151a574253ef2b8a32a651dd810780085812ec45c4
2026-07-02,S03,K07,2026-06-22 12:00:00+08:00,0.0000000000,5976,bf2351152aca926b14d740a5532fe4d1358460b94f428d8d70ae380b64d165cb
2026-07-02,S03,K08,2026-06-22 12:00:00+08:00,0.0000000000,5977,dfc31b436422b9c9be9eca6c84b90d6fd5bc088af18bd3da3cdc611a07e90d6b
2026-07-02,S04,K01,2026-06-22 12:00:00+08:00,0.0000000000,5978,33ce73ae131d83ad678e5ee58108f58e981f8f53c884eef6fc838b2be2a89a0a
2026-07-02,S04,K02,2026-06-22 12:00:00+08:00,0.0000000000,5979,d2442ff0d45b0663ab2600ebe967681fe17c0e8ffa8f26065295914b32b9e6ec
2026-07-02,S04,K03,2026-06-22 12:00:00+08:00,0.0000000000,5980,deab5f91e4399ba4beae7f755f0abd198da8dfd6c0589f22bc300ad47b951811
2026-07-02,S04,K04,2026-06-22 12:00:00+08:00,0.1200000000,5981,69233a765d845088e6373325a51847e8595b8b360f2e569451ca599ad38545a5
2026-07-02,S04,K05,2026-06-22 12:00:00+08:00,0.0000000000,5982,9d44f5373e006054a711c342741324f81b8c0cc31c9e457395deb0771dc5d0c8
2026-07-02,S04,K06,2026-06-22 12:00:00+08:00,0.0000000000,5983,56fa518c8d6c621765c29a2d013a237ed6fbf262c4bdfffd1854c2e02bc5248c
2026-07-02,S04,K07,2026-06-22 12:00:00+08:00,0.0000000000,5984,28267e5f683b814fe282634f810f633c6ad6ece974f8b60e9b018ae6237665b3
2026-07-02,S04,K08,2026-06-22 12:00:00+08:00,0.0000000000,5985,1c50ccd830310aecce32e410f58fe56068f6cc6472debfb21e745971baefcad1
2026-07-02,S05,K01,2026-06-22 12:00:00+08:00,0.0000000000,5986,86c030b77bbe66f86fa81a31c87009be0b9f64d24a0d5dd58c8c011c11472506
2026-07-02,S05,K02,2026-06-22 12:00:00+08:00,0.0000000000,5987,b6e9f2273fc3ef7dbb8e18dcbe863bd0df0560e84846bf2f56ade34dd2a7c933
2026-07-02,S05,K03,2026-06-22 12:00:00+08:00,0.1200000000,5988,e9052ec5c1e3f4bcb7b5f5ebb60897c97c24fdcb265b6c1beaf7c6756ddf8457
2026-07-02,S05,K04,2026-06-22 12:00:00+08:00,0.0000000000,5989,33c7442d8f0fb514e3c7ea66ce181184e78aac604e49195a6c761c2bef795f65
2026-07-02,S05,K05,2026-06-22 12:00:00+08:00,0.0000000000,5990,0e060d4cdb0a0e5bcddc28a1db2de6e186712a6e8944ed798e65c01c3de5af2f
2026-07-02,S05,K06,2026-06-22 12:00:00+08:00,0.0000000000,5991,a0cbf5ad314c0c08bb6da6464256213a0c1e16e012105dd8d1f4138c558dc424
2026-07-02,S05,K07,2026-06-22 12:00:00+08:00,0.0000000000,5992,ca876618326ea99a4744c51df2cd096fa78afb8153df0804995cef0f80be22cb
2026-07-02,S05,K08,2026-06-22 12:00:00+08:00,0.0000000000,5993,86022cc4766802010e7dc4e5298ef221d29776749c4c9da270a7fc203da4ab1c
2026-07-02,S06,K01,2026-06-22 12:00:00+08:00,0.0000000000,5994,683517c67dfbcb8303a12bfe6a1c5810c1254df0732e193fc823ae2798ee4b21
2026-07-02,S06,K02,2026-06-22 12:00:00+08:00,0.0000000000,5995,fe0064b34264a149a06946f5f2f7a05b2662ab84bf7400ab4be21b6d31d0382d
2026-07-02,S06,K03,2026-06-22 12:00:00+08:00,0.1200000000,5996,51ab4d58ec861885a6096b20a96fb32da87b43f252d4e094f5c70c9a37cd8ea7
2026-07-02,S06,K04,2026-06-22 12:00:00+08:00,0.0000000000,5997,17acd39d858b5425c3be6f519260b17d4b0aa40212140769a4d51cbba5acc861
2026-07-02,S06,K05,2026-06-22 12:00:00+08:00,0.0000000000,5998,d499300615862ad1c40f6937610b5e7c372797c9d560652846f23e1364620fa4
2026-07-02,S06,K06,2026-06-22 12:00:00+08:00,0.0000000000,5999,f1e7fe72feb863a2581408dca8868b318c742f5b299a1b15f4e2543129d3c64b
2026-07-02,S06,K07,2026-06-22 12:00:00+08:00,0.0000000000,6000,42c5d07058a093d555ec4e6e1c6847ca34803758d29107149f88d228a78d9b9c
2026-07-02,S06,K08,2026-06-22 12:00:00+08:00,0.0000000000,6001,30279d370fb70c014d86c4db913bc0c1d93ab1f15bac9afbce3ada9216935920
2026-07-02,S07,K01,2026-06-22 12:00:00+08:00,0.0000000000,6002,2e09aa03aed9a7ab32fd43444ecece407ec8169f6e0882ee74e77dc702e7a4ba
2026-07-02,S07,K02,2026-06-22 12:00:00+08:00,0.0000000000,6003,0d465e88e15590e649c89c5a4960fa6b05de3b8b00ba66e31c198d74486c0c02
2026-07-02,S07,K03,2026-06-22 12:00:00+08:00,0.1200000000,6004,0209bbe8578c9d0d78ba385bb4efaf99d5a1f48ea38988fbbac706255c5125e9
2026-07-02,S07,K04,2026-06-22 12:00:00+08:00,0.0000000000,6005,d9ff4917219c07ec53047daf388d96035451783d86c03a662098afec5a2123f7
2026-07-02,S07,K05,2026-06-22 12:00:00+08:00,0.0000000000,6006,64a2289f5520576637784f2d0afaff4be18be45ad2983f35b3d0b36099a8cf93
2026-07-02,S07,K06,2026-06-22 12:00:00+08:00,0.0000000000,6007,556430fc430261d49dd9a1c5e8057e8562489bb3cd9fcfb769a57fff89107316
2026-07-02,S07,K07,2026-06-22 12:00:00+08:00,0.0000000000,6008,e05d2af4c8ecfb9e585cdeec64afc7b5820e995cd686ec647f15a5c15db7cb4c
2026-07-02,S07,K08,2026-06-22 12:00:00+08:00,0.1200000000,6009,46b2c173dbecab50447107f92fd867a365e2cd0b20f5537a6b8ad77a99a355b0
2026-07-02,S08,K01,2026-06-22 12:00:00+08:00,0.0000000000,6010,e6b1eabbcc4122182ce6efebd15cb2a73a1741664802b9d76b70fac2c0e5570d
2026-07-02,S08,K02,2026-06-22 12:00:00+08:00,0.1200000000,6011,fc1f04be232318310565a7849e778299d2f238de887fef5c20c5173f20e3161f
2026-07-02,S08,K03,2026-06-22 12:00:00+08:00,0.0000000000,6012,b7df8bbc42c17369472efb95b90480edc5a0c1ce06ac5226542a35cbf6b20288
2026-07-02,S08,K04,2026-06-22 12:00:00+08:00,0.0000000000,6013,2a5e5256da0d48a26dfcd83e9f5816fe6e31905c4089bd13e0ba026fc8d06a8f
2026-07-02,S08,K05,2026-06-22 12:00:00+08:00,0.0000000000,6014,949eeedf4ea9b1e1a7e9090dd3db4d2a5b783e3cda4d6681b92a6e190dda9010
2026-07-02,S08,K06,2026-06-22 12:00:00+08:00,0.0000000000,6015,edeb4277654c0b726cf6a0335d8bb435c6f0ae0fa845d6dd357229991d9a6287
2026-07-02,S08,K07,2026-06-22 12:00:00+08:00,0.0000000000,6016,7b5991908c4ba65be93a937691388e72aa3cd60966cdc9c444760e08ab8a2930
2026-07-02,S08,K08,2026-06-22 12:00:00+08:00,0.1200000000,6017,ed60117891a06d843ff8c488c807b17e959b08cd4e6a5abeef8bd4a2a9a86b8d
2026-07-02,S09,K01,2026-06-22 12:00:00+08:00,0.0000000000,6018,cc3156230f3fbde1cf4a06c42a2da7ba0416ed784a1237ea853190d7228d32bf
2026-07-02,S09,K02,2026-06-22 12:00:00+08:00,0.1200000000,6019,2dcb0f94b270596b9b989cf76ca90fbbf1ef0bbbb20e832ef80de91e7c9b713f
2026-07-02,S09,K03,2026-06-22 12:00:00+08:00,0.0000000000,6020,77a66c4d487013e1884e9553be9bed1118090e332750a3a95da728dcf2b3288f
2026-07-02,S09,K04,2026-06-22 12:00:00+08:00,0.0000000000,6021,16cdd4d4c3eed4d34a4cd5c9c8921e81e055dda741a1bbbe88bfedda132c2c51
2026-07-02,S09,K05,2026-06-22 12:00:00+08:00,0.0000000000,6022,8380199257661b50fb8295d3b8d8f79bfe11be94755c226106870d0948f19d1b
2026-07-02,S09,K06,2026-06-22 12:00:00+08:00,0.0000000000,6023,9269922c2082b74e17aae029f7132a22a82871c031c7ca9be85c993f0b232f8e
2026-07-02,S09,K07,2026-06-22 12:00:00+08:00,0.0000000000,6024,eca576283ae4727d50ef33d0fc45422bbf8a8e7bf055e68ceb81c8de350548a4
2026-07-02,S09,K08,2026-06-22 12:00:00+08:00,0.1200000000,6025,a7fe6220aab89505d45549607a0b284d2160206ced96174353cad49cf25a7a8d
2026-07-02,S10,K01,2026-06-22 12:00:00+08:00,0.1200000000,6026,158898751f0ba36dbb21c86a946dcef3e053c65b626da92052bb4b4b2ea6b922
2026-07-02,S10,K02,2026-06-22 12:00:00+08:00,0.0000000000,6027,fddf5fd14c77f6708dd29380eb3f04fa28986767fe3866e8870595330499db08
2026-07-02,S10,K03,2026-06-22 12:00:00+08:00,0.0000000000,6028,dd20fdebea96a6c7eab949630650196232c0dce93a48da17ed24986e3a153bcd
2026-07-02,S10,K04,2026-06-22 12:00:00+08:00,0.0000000000,6029,4808cf691346fe4c333d586d5faec08bb280b57e785e489029ac737f111a1db1
2026-07-02,S10,K05,2026-06-22 12:00:00+08:00,0.0000000000,6030,74b448b58c99de98a58e871b451ee1c859ef0d7f56f4669238b1db13589f84c8
2026-07-02,S10,K06,2026-06-22 12:00:00+08:00,0.0000000000,6031,41689099407f7ce0c0c28998ade9272a335ae6bd4734e2e8cce6051b72b1e7b5
2026-07-02,S10,K07,2026-06-22 12:00:00+08:00,0.1200000000,6032,42d1649ca1b6237ed1ceba5a7ddfc02367ae65dda5e857f2f036208f581e5b93
2026-07-02,S10,K08,2026-06-22 12:00:00+08:00,0.0000000000,6033,9a78d4182fad308b8cdda2f4d360f974ce7c14d9686feb9b1bbbbb8c4afe7031
2026-07-02,S11,K01,2026-06-22 12:00:00+08:00,0.1200000000,6034,9dbea8782002f8fc3be2a1381d6d74de874954ff9b184703ea20447750461b21
2026-07-02,S11,K02,2026-06-22 12:00:00+08:00,0.0000000000,6035,115edf20359b0d6fea7933a8cc0f73a2bd757cc95c35d8eaeacf6e5306a91a5d
2026-07-02,S11,K03,2026-06-22 12:00:00+08:00,0.0000000000,6036,7136a51f69b76106afef05174b563433d8db25553a00bea104660cf0d7ad4909
2026-07-02,S11,K04,2026-06-22 12:00:00+08:00,0.0000000000,6037,cf5f23dc4bbb551ab1e2ffa324e0f517e97029e0fd157840bb33d90614465b14
2026-07-02,S11,K05,2026-06-22 12:00:00+08:00,0.0000000000,6038,81f050d0699cb2dbebc908cf9d5b065abc0cd3c4952dcd84019cc0a21afe125c
2026-07-02,S11,K06,2026-06-22 12:00:00+08:00,0.0000000000,6039,edb8664abb9fcbf727615ca9d232cc3efd90a59e35eee2d0a7de6e263e35c572
2026-07-02,S11,K07,2026-06-22 12:00:00+08:00,0.1200000000,6040,1f6bf8ec3c489e39ef64e8c97effa81506eda44b97562bd3285126bfce3642f1
2026-07-02,S11,K08,2026-06-22 12:00:00+08:00,0.0000000000,6041,646ce8d884ed9c164eda391bffd42d8802fbea4917d97f940967cd5e60c32a21
2026-07-02,S12,K01,2026-06-22 12:00:00+08:00,0.1200000000,6042,2098b4bfb128b9ab82767dd73266a7366f0bdf5bf8344ac48bf4224bf4daaf47
2026-07-02,S12,K02,2026-06-22 12:00:00+08:00,0.0000000000,6043,424433648cb989e4f34710b5bb7c56311489d21d6658574bfd4f7bffad0ab998
2026-07-02,S12,K03,2026-06-22 12:00:00+08:00,0.0000000000,6044,214d8b812bb66a38d079abf9f652dc8eb427d769b048ec96782727951b4e3015
2026-07-02,S12,K04,2026-06-22 12:00:00+08:00,0.0000000000,6045,30aa180e32067b99c982643c4b41c0d0cff3c16ec495c4db31db04a73939d6c9
2026-07-02,S12,K05,2026-06-22 12:00:00+08:00,0.0000000000,6046,ffd2f860d9bc8b2b4505fb2944a207cb5ea2d4ee018460e95491a7ccebf6e67c
2026-07-02,S12,K06,2026-06-22 12:00:00+08:00,0.1200000000,6047,1e2686c81bbe9509c5f7e7da121189bb45b566ecd72e6b34ffabaec49214b1bb
2026-07-02,S12,K07,2026-06-22 12:00:00+08:00,0.0000000000,6048,457f2828e4dc991adbed5f4f8fb1ee9ec74d47ce7a1f76d5551351aeee8e53d1
2026-07-02,S12,K08,2026-06-22 12:00:00+08:00,0.0000000000,6049,f77d68f32b9160269e7849dd1223d42fcbaa949b691b6f5ac3602eba6fd7a7d4
2026-07-03,S01,K01,2026-06-23 12:00:00+08:00,0.0000000000,6050,bca2542b65dbc059f7df06b9d312c3a443af38263c1511fcb057920773a4d106
2026-07-03,S01,K02,2026-06-23 12:00:00+08:00,0.0000000000,6051,514981bef966ba3dacf249e3e017c8a6671b498fe7550227ba0eaeb080ba17c0
2026-07-03,S01,K03,2026-06-23 12:00:00+08:00,0.0000000000,6052,3f7dcd1007ecb2c6378a045d3f7fbf6d8989f60412904e8d2cbe6c9dc4690aee
2026-07-03,S01,K04,2026-06-23 12:00:00+08:00,0.0000000000,6053,da2183da80bb4a4ca19e4db3f8fff7249488e83f51bf012ff0d2dbfd3b6e35c1
2026-07-03,S01,K05,2026-06-23 12:00:00+08:00,0.1200000000,6054,168ce45730cbb1e23d540cb58637d2c7d5b20e5dcb0571861017ebb62e8b9ec6
2026-07-03,S01,K06,2026-06-23 12:00:00+08:00,0.0000000000,6055,fd1c26952210b7857bedc5dd956db491dfcfc5cf3f901e6dc7bc11e2c5b966f9
2026-07-03,S01,K07,2026-06-23 12:00:00+08:00,0.0000000000,6056,a8b1ef9ded5ef1d9df574641e42dbb7bef3908136e42514033fe59fa11116321
2026-07-03,S01,K08,2026-06-23 12:00:00+08:00,0.0000000000,6057,40d350d9ac28672a028b9a885ff188d84ef109a455296510c70761e3c0f98718
2026-07-03,S02,K01,2026-06-23 12:00:00+08:00,0.0000000000,6058,cb87b8aebd47bd0ea1f4fecb591f76099c1f5699afe92afcd9fff0cb48061915
2026-07-03,S02,K02,2026-06-23 12:00:00+08:00,0.0000000000,6059,c749b5da72516b8df6afa3768966241973c4d54e69f1c312bc7fa543b7af1708
2026-07-03,S02,K03,2026-06-23 12:00:00+08:00,0.0000000000,6060,3ba14f9e320969f4adba912d5067536fd35381ab42330c495d72670c31dfc112
2026-07-03,S02,K04,2026-06-23 12:00:00+08:00,0.1200000000,6061,857dbdb09eb759df69aa7c804fef069af2f8ed9c0a4ebfe2eecabf39c63aaec3
2026-07-03,S02,K05,2026-06-23 12:00:00+08:00,0.0000000000,6062,d07224ce014567d9f13132495ba80841c4b11cb330c62dc179cb2cdd38706365
2026-07-03,S02,K06,2026-06-23 12:00:00+08:00,0.0000000000,6063,0dd58dedbf73c355cd2efc80ab419799bee5f87d8eef34cd414a1844dd2592bf
2026-07-03,S02,K07,2026-06-23 12:00:00+08:00,0.0000000000,6064,1918e799de119f6c848b549bc5e8a9316eb1f66ff1a64b131e32f3bca0f97e68
2026-07-03,S02,K08,2026-06-23 12:00:00+08:00,0.0000000000,6065,781e67bad39a275ac3efd38aaa22a061460797199ec3d5d104e1e45afeb4a59b
2026-07-03,S03,K01,2026-06-23 12:00:00+08:00,0.0000000000,6066,0336964ef048d983588437bd0667753d872ca1e5d6a8eb4ff0d2b05334ed89b1
2026-07-03,S03,K02,2026-06-23 12:00:00+08:00,0.0000000000,6067,c09a2a3f07b7c40b00b3a11549ecd78d8a5b2b05121dc6b83abe167505cd8405
2026-07-03,S03,K03,2026-06-23 12:00:00+08:00,0.0000000000,6068,b1774ff8b0eee1cc1550e1e77a0d053835e1c6f21ca3fd49c3669c15829d90fd
2026-07-03,S03,K04,2026-06-23 12:00:00+08:00,0.1200000000,6069,a1e418bbdb46d2a54ddc8ab69dedebbe4f16f55b2da9a2a22238e376a882b149
2026-07-03,S03,K05,2026-06-23 12:00:00+08:00,0.0000000000,6070,6ab20a13bae6849e8a4d48dd0f45bd339b2f51e0cc584da74ab2192f79762475
2026-07-03,S03,K06,2026-06-23 12:00:00+08:00,0.0000000000,6071,0e940d3a721aa1f57d912db99cbed49a33544b571e38fba5d2761d04e94e5b93
2026-07-03,S03,K07,2026-06-23 12:00:00+08:00,0.0000000000,6072,8e9f5310a75215183394252d22946279dd173c7a92990912a12459fd051a65d9
2026-07-03,S03,K08,2026-06-23 12:00:00+08:00,0.0000000000,6073,9dc0b7a53c6a258cc3eaf7531d4a49ef754ec903a03b9e52b5f9f511973c37cb
2026-07-03,S04,K01,2026-06-23 12:00:00+08:00,0.0000000000,6074,1eeed97009b69e434f145bfea0f7dd084bc61db32f81e87719024ee4dce4b6db
2026-07-03,S04,K02,2026-06-23 12:00:00+08:00,0.0000000000,6075,e0cdb837a283307336050ed6be4d05655cfcc00f42aa72ca86d9c373f9ccff71
2026-07-03,S04,K03,2026-06-23 12:00:00+08:00,0.0000000000,6076,99b4048c10f02d2cd04d0e1de9baa4a47100049732005b7302d77e4c63e62c70
2026-07-03,S04,K04,2026-06-23 12:00:00+08:00,0.1200000000,6077,89e11030e7bf8362aab9989f0fb4c0101797d82463085b3626f137b44dec2b12
2026-07-03,S04,K05,2026-06-23 12:00:00+08:00,0.0000000000,6078,aabaeb16f32de358f81499f2548971fec3b11359f30f6b03c5066be0f42297e6
2026-07-03,S04,K06,2026-06-23 12:00:00+08:00,0.0000000000,6079,1f9228cb5e8fb345ad9dc4c2d2e288ade4769bd6fb25218e157a8e5a15f37ccd
2026-07-03,S04,K07,2026-06-23 12:00:00+08:00,0.0000000000,6080,a0fd30c2c4f91bcdf0340188caf6ff5eb80b83d9e03de9176f9e675e6fe76aa6
2026-07-03,S04,K08,2026-06-23 12:00:00+08:00,0.0000000000,6081,0bfd624e32ecf2669ab10a36dd6f28b3b81bfb796f42776e7baabef22fc1df57
2026-07-03,S05,K01,2026-06-23 12:00:00+08:00,0.0000000000,6082,5fb95ba7cc7cbc876b9fc004dbeea644fa2e3daedac528a0fd6e887ccf697a01
2026-07-03,S05,K02,2026-06-23 12:00:00+08:00,0.0000000000,6083,561b2da522fcc3b602e4d283b2b31cb3f7da304afcec50f142ec0b9499c59ca8
2026-07-03,S05,K03,2026-06-23 12:00:00+08:00,0.1200000000,6084,1d3b25f5d4578816ad0ecfe8c104c548cf0feba86040c6838f05a6016145a57a
2026-07-03,S05,K04,2026-06-23 12:00:00+08:00,0.0000000000,6085,8002e0cc2b7a77002be51666fe65a6708447ce6a9f94fa7c47e47c46316c81ce
2026-07-03,S05,K05,2026-06-23 12:00:00+08:00,0.0000000000,6086,d527806775092ab3e54f5bc7ff954d68caf14a55da3446b1fa51632b8a8f803f
2026-07-03,S05,K06,2026-06-23 12:00:00+08:00,0.0000000000,6087,246af737c0c4d95dcb9ed9b9e263e94cf07772ac3e3cf5bf3131856da3fd17b3
2026-07-03,S05,K07,2026-06-23 12:00:00+08:00,0.0000000000,6088,62c63ad7df90df30f1e9ee9ec517a2841243a27962effc53a0ecd6d6ef05ba76
2026-07-03,S05,K08,2026-06-23 12:00:00+08:00,0.0000000000,6089,5b919d7115f38e4edb79c7493c263b6f2e17e95addf63b5439d96814cc267977
2026-07-03,S06,K01,2026-06-23 12:00:00+08:00,0.0000000000,6090,13bf90e7c7387def47a0e815e11978cf75d928eefcdd592ce0304a7b7f70515e
2026-07-03,S06,K02,2026-06-23 12:00:00+08:00,0.0000000000,6091,04b8cb86bc0d8cb86ea49b6ecaed45c411684b32741821ca18949f6b10d52495
2026-07-03,S06,K03,2026-06-23 12:00:00+08:00,0.1200000000,6092,676f2df15f7742de91db380411f36efa07b981c93b9c5b112f59ab41d1d475fb
2026-07-03,S06,K04,2026-06-23 12:00:00+08:00,0.0000000000,6093,ff6453863bc324f85868a799143de66144b5766f5938c3f6121bb6c3a7f8ceb8
2026-07-03,S06,K05,2026-06-23 12:00:00+08:00,0.0000000000,6094,cf5fbf66a012cd3e4a6806c7d6d93d999ba1c001d6421e21af699860fb30fad1
2026-07-03,S06,K06,2026-06-23 12:00:00+08:00,0.0000000000,6095,b30e51e5eedf4fb4e5d294355e1a21508e62c039d300e3a54d57901f6369c91d
2026-07-03,S06,K07,2026-06-23 12:00:00+08:00,0.0000000000,6096,0675a84ff86813a0447c249868cf1dcdca327d2aa3f7216e9eb08c03ced437fd
2026-07-03,S06,K08,2026-06-23 12:00:00+08:00,0.0000000000,6097,0e49d083073e83a8230b36ae2438acda5eea9834699fbaca19b3ccb5149dff43
2026-07-03,S07,K01,2026-06-23 12:00:00+08:00,0.0000000000,6098,baeca91226a4fdb5899420fd4a7fd458f32334ec97688e803cd896a998385c94
2026-07-03,S07,K02,2026-06-23 12:00:00+08:00,0.1200000000,6099,be2c630b93548d0e8fc98d8074c701c8b3e439f42415a1a641535c3a673ed851
2026-07-03,S07,K03,2026-06-23 12:00:00+08:00,0.0000000000,6100,2c07580050afdfb5aa53467632167c9bab3d4f5c7282a29bd2a3f326dda75feb
2026-07-03,S07,K04,2026-06-23 12:00:00+08:00,0.0000000000,6101,9db323cc4d129920aa5d8f06b4fc3de35f6b4906e892674f29f03fcd2020d471
2026-07-03,S07,K05,2026-06-23 12:00:00+08:00,0.0000000000,6102,47e7fba66b7252fa5b58044de41693648fffab575e7fe1594ca9a44dc213c87e
2026-07-03,S07,K06,2026-06-23 12:00:00+08:00,0.0000000000,6103,787832b5a8bc24cfb25e7a4015831d13ce5ec5ccf8508eeb41c677710672a60a
2026-07-03,S07,K07,2026-06-23 12:00:00+08:00,0.0000000000,6104,4b8d7042419925e7754db4979dd678e44728b35b0994108bc11353edc1e6ef11
2026-07-03,S07,K08,2026-06-23 12:00:00+08:00,0.1200000000,6105,70cbfff38c4cd10dfb63c85620d1d0063a17c83af4758455e3968b3cf06425d8
2026-07-03,S08,K01,2026-06-23 12:00:00+08:00,0.0000000000,6106,dcd9bc0fb2117e29e79a5e31b76036821f0cfb2b9c08a116c748c5188e4b2766
2026-07-03,S08,K02,2026-06-23 12:00:00+08:00,0.1200000000,6107,30ff77183f1d268f48782f10fb509eea9df487c7504422bf7502203535ff6c66
2026-07-03,S08,K03,2026-06-23 12:00:00+08:00,0.0000000000,6108,4f49aca97f0cf0a6f7a5b32e998a99bbc3d3f72ef906a8d8f5c8500456a871d4
2026-07-03,S08,K04,2026-06-23 12:00:00+08:00,0.0000000000,6109,782e3bb081c79f5e6e2cc4ffc67ea0064d01d91d331c8dfa1e8f08039f82b183
2026-07-03,S08,K05,2026-06-23 12:00:00+08:00,0.0000000000,6110,bec10a1f542a496a39b916ab61dd0eb3fa5ebd6208df177ef83da1cce397c6d7
2026-07-03,S08,K06,2026-06-23 12:00:00+08:00,0.0000000000,6111,f03f611e0e6e3fc25bbdb16d0a7aee9a53a4c073c9a7af898d8db02dc9c05815
2026-07-03,S08,K07,2026-06-23 12:00:00+08:00,0.0000000000,6112,ff7143c35a16b7b85fdec1f0fcd9d5ae83d116a75175775f2938c58e22a5c9f9
2026-07-03,S08,K08,2026-06-23 12:00:00+08:00,0.1200000000,6113,c85c4a33e33661f2f18a8772e0f9d6f96427e886b23c0c9625ef7b5073ca5242
2026-07-03,S09,K01,2026-06-23 12:00:00+08:00,0.0000000000,6114,10ae622e6cd357de63daf8f45751abc7241b586ef85823c037656fd913512564
2026-07-03,S09,K02,2026-06-23 12:00:00+08:00,0.1200000000,6115,fb1c835ef7321a96e1d611386b1ef9795f4fc6a804fb69b58a6651011f36d42e
2026-07-03,S09,K03,2026-06-23 12:00:00+08:00,0.0000000000,6116,513537608e0c2b21b82310559b9615f04b74b5cd04d670306d4db1220456558a
2026-07-03,S09,K04,2026-06-23 12:00:00+08:00,0.0000000000,6117,b4cf709bc0e75eb9176153324d0526677925bc4a07f5a8c20f51f9ddfdee8605
2026-07-03,S09,K05,2026-06-23 12:00:00+08:00,0.0000000000,6118,30a78f44a64c17f45aff9e591068d81e0f994eda4f0d5fb63b7d95c6e2caea94
2026-07-03,S09,K06,2026-06-23 12:00:00+08:00,0.0000000000,6119,2083ab68e116cdc30b344dba4153941f3feacf39716a5fe976f8f34cb044b3be
2026-07-03,S09,K07,2026-06-23 12:00:00+08:00,0.1200000000,6120,965a4b92fb10fc2b0ecb81d42a28bcc66410b30bf94809a0d8c67e048b8c7f6d
2026-07-03,S09,K08,2026-06-23 12:00:00+08:00,0.0000000000,6121,dbc1de592de6df12ac94bbdca2be4f55a0c86f95c215eba5bd5a0d1e68fc6f9b
2026-07-03,S10,K01,2026-06-23 12:00:00+08:00,0.1200000000,6122,6d3518b2bbc926cf25d7113c301862ebd38b3c111b5ae5e9dc52d2b797f4b2b2
2026-07-03,S10,K02,2026-06-23 12:00:00+08:00,0.0000000000,6123,91834c8e4f72ffc16ecd1f41f113871e665a2ec1ac4d8b3e8142a8e2f4937b78
2026-07-03,S10,K03,2026-06-23 12:00:00+08:00,0.0000000000,6124,8e7eeaf9a20ea6cd20d890140e832dbdaf52d6d78ef61da8736d73530a1bd03a
2026-07-03,S10,K04,2026-06-23 12:00:00+08:00,0.0000000000,6125,8e6e6c7dee740a8337f57beb9a05da255f57c91ccc4dd9a29efb43242689886e
2026-07-03,S10,K05,2026-06-23 12:00:00+08:00,0.0000000000,6126,5acf12a06923690b9cee16404101ee6c9efe5397a86710142f02d2ec69b31448
2026-07-03,S10,K06,2026-06-23 12:00:00+08:00,0.0000000000,6127,978c2c569f01140de75812b14c55311fcfdafbf9873eb7a1464369ffc1c8a617
2026-07-03,S10,K07,2026-06-23 12:00:00+08:00,0.1200000000,6128,2e47f8d8bd13d2a6bd5b4ccb1e802b0b0bf93de4e3fddf695ed0044a09ffb4c3
2026-07-03,S10,K08,2026-06-23 12:00:00+08:00,0.0000000000,6129,a2e1c5e78f1809ecdd383cdba7808ec7de2da3bd4bb46db7d51ae3cea2be9528
2026-07-03,S11,K01,2026-06-23 12:00:00+08:00,0.1200000000,6130,bb441edc7c14f4dcf178b2ecc3fcfdd3bb25dea77248c1f2f2e5fde0bc81b1c8
2026-07-03,S11,K02,2026-06-23 12:00:00+08:00,0.0000000000,6131,49a03be5d1736924be3d93292218d021306ec36e1864108c70a4143e1a630137
2026-07-03,S11,K03,2026-06-23 12:00:00+08:00,0.0000000000,6132,1a15bb51100dbb3bb1007db4fc5bb4d0cef8fc0b1c1c10ee23fc40b6469c1483
2026-07-03,S11,K04,2026-06-23 12:00:00+08:00,0.0000000000,6133,3df21a00ae19d6d6100ffa30cce4c5e66a7a5eb229a872f1708ff6449002a05e
2026-07-03,S11,K05,2026-06-23 12:00:00+08:00,0.0000000000,6134,de556db7485963b07550b513e6eaff71480e5430e43a7cdb80f90187ad51aaa7
2026-07-03,S11,K06,2026-06-23 12:00:00+08:00,0.0000000000,6135,33e64d5ea619e5fc0ab416f4791ea0c5a8436bf91cd28efc569e3f9f92e0934a
2026-07-03,S11,K07,2026-06-23 12:00:00+08:00,0.1200000000,6136,eb9bd4e85e5bc3e107af6a19c5d0fb69b4b9cf724c07267d4761972d88d6681c
2026-07-03,S11,K08,2026-06-23 12:00:00+08:00,0.0000000000,6137,97602d11719e9c5659678d013842a41a0af8337d8996e1fb57d3e5fcc567f025
2026-07-03,S12,K01,2026-06-23 12:00:00+08:00,0.0000000000,6138,df2cd30186335a8c5fa5a2af53c94a9b0d639fa549f2500834aaeae8e3dac776
2026-07-03,S12,K02,2026-06-23 12:00:00+08:00,0.0000000000,6139,73fbf80ba5f1d9eaccd4c7bbfe4e8a31b1964677c465d7fa09b2127812e659eb
2026-07-03,S12,K03,2026-06-23 12:00:00+08:00,0.0000000000,6140,147ffadd4b7f032c44708745e69b6ca79dc5e8f507b07c39d6345894880ac368
2026-07-03,S12,K04,2026-06-23 12:00:00+08:00,0.0000000000,6141,ee7b7979a438625102ed6a457ed822a67c1082bd60be0e95dfa2ea84a3d829d3
2026-07-03,S12,K05,2026-06-23 12:00:00+08:00,0.0000000000,6142,ad0ce6d7726b7490f828358540b9a3e34bf947adcbb32f123f816bc085dff411
2026-07-03,S12,K06,2026-06-23 12:00:00+08:00,0.1200000000,6143,c0ed6fcfb655158d87d9dab1dd12e40b72c49d1b432efdc96a4df7cadd786deb
2026-07-03,S12,K07,2026-06-23 12:00:00+08:00,0.0000000000,6144,58a7ddd82d7eb78688c0f241d38df61628a5f4d60c5f32e80e91fc190b43c988
2026-07-03,S12,K08,2026-06-23 12:00:00+08:00,0.0000000000,6145,3ee6aef281da3c46189a59cca54c852a91df5c52ad9f778f9076479cbc00f143
2026-07-04,S01,K01,2026-06-24 12:00:00+08:00,0.0000000000,6146,1749e48225b1fb166c9936c8a2acbd43652a6b3808bfe1310378f7388ab67683
2026-07-04,S01,K02,2026-06-24 12:00:00+08:00,0.0000000000,6147,6d5c4675937e1c97359108bb22c66edbc5007d4579f5aaa2320f15721e95d4db
2026-07-04,S01,K03,2026-06-24 12:00:00+08:00,0.0000000000,6148,c87a8fb41aa65d6c96fe0c71b74f18ce15cab2934f8a3db5c2058085d4431809
2026-07-04,S01,K04,2026-06-24 12:00:00+08:00,0.0000000000,6149,cc092dbb6fe1545970ba90f7d1fd34ce664694debe5d4e7c3c794812d55cef8a
2026-07-04,S01,K05,2026-06-24 12:00:00+08:00,0.1200000000,6150,0a891a36c8b9fb70b687692c0d5a31b23ba5a92a61732b7ed44d2d0122b4ce55
2026-07-04,S01,K06,2026-06-24 12:00:00+08:00,0.0000000000,6151,cc02a887bd425e45193a1a5e0f3a67ae7e5945412d0d9d1b2e3e725a655bb95e
2026-07-04,S01,K07,2026-06-24 12:00:00+08:00,0.0000000000,6152,723253fed2246cd877cecd698503d04f92bb8a2c65b5d9e491f32ce12a7acfc6
2026-07-04,S01,K08,2026-06-24 12:00:00+08:00,0.0000000000,6153,e504fb98a09ace2b21d0423c36e40fac420c0f1dcd6c2b416ef32085f3d95fc6
2026-07-04,S02,K01,2026-06-24 12:00:00+08:00,0.0000000000,6154,f20d9d7721ec1e4d7bfa58849d727de886b61b81dae30e38588d11e77e2f75ee
2026-07-04,S02,K02,2026-06-24 12:00:00+08:00,0.0000000000,6155,0aa290630c5b167098f547acc3d3b271d2f5d5953da354b9c08779a75bb7226a
2026-07-04,S02,K03,2026-06-24 12:00:00+08:00,0.0000000000,6156,c828055d94bd0110062a013439c6d92b4173fab22cc956c964610336d83b3a41
2026-07-04,S02,K04,2026-06-24 12:00:00+08:00,0.1200000000,6157,63cc5679e08cb5316ed5ce855230cc22ec7e433b8dd797aa4bc602d17ed0825f
2026-07-04,S02,K05,2026-06-24 12:00:00+08:00,0.0000000000,6158,84748c5200a253c4548258ad918832baac0f9a9c930a29c6417a9c2da0aad5f0
2026-07-04,S02,K06,2026-06-24 12:00:00+08:00,0.0000000000,6159,6af87d9efacc893eebc935811f167eaa3bf0cede9cb3cf9d8e9f6f0bfbc01813
2026-07-04,S02,K07,2026-06-24 12:00:00+08:00,0.0000000000,6160,b3fb856bc8f777baec108f0e889b218d248ab5550df38947a289f96240997e93
2026-07-04,S02,K08,2026-06-24 12:00:00+08:00,0.0000000000,6161,d0c40e70708d7cff07bb2dab4d08890efb8f5696b9b6bd3c065718167cff6d6d
2026-07-04,S03,K01,2026-06-24 12:00:00+08:00,0.0000000000,6162,6d853f9ab5929cbc4144172832b0c58828bab088e3b556eb30f1ed402e5714d8
2026-07-04,S03,K02,2026-06-24 12:00:00+08:00,0.0000000000,6163,6c89e3b465e8a30244839af9eceaaae5a7c769bd8b45edaed6ab0d0c3b56a0c1
2026-07-04,S03,K03,2026-06-24 12:00:00+08:00,0.0000000000,6164,91aa2a62588caae0bfa5dec7beae028f275c9ef697f93c6c3c91a0e7d5d3ed06
2026-07-04,S03,K04,2026-06-24 12:00:00+08:00,0.1200000000,6165,1e7c753cc0cf84ecd40ca1173c17d63b3329eb7b27049979d36500da3ad04d11
2026-07-04,S03,K05,2026-06-24 12:00:00+08:00,0.0000000000,6166,e82045e0fdfd488a49614cdca15514f6c17758a6a51b3775b8684bd1ba9ef3c4
2026-07-04,S03,K06,2026-06-24 12:00:00+08:00,0.0000000000,6167,cfd93d170fc4f95a1dec1cef5138c0818fc1d83c9d029f49c272c597ed0294aa
2026-07-04,S03,K07,2026-06-24 12:00:00+08:00,0.0000000000,6168,72e8fae7d17be45bfd9d9657840b2392bed92e4c19a3a556557c3da8d21489ca
2026-07-04,S03,K08,2026-06-24 12:00:00+08:00,0.0000000000,6169,860e0c3d3e60dc81a2a8c8bee79a075db9d4bb8112bf878d46b1b93ae71cc1a8
2026-07-04,S04,K01,2026-06-24 12:00:00+08:00,0.0000000000,6170,34b2f0f4fddaad5174d0be606fd8f92e2df7cb1ae69abe8bbeb838ed014e464b
2026-07-04,S04,K02,2026-06-24 12:00:00+08:00,0.0000000000,6171,73b53c8170a7b96795e5fb96d2bb4e7b39fcf415fea0ea00ac2ce9142d339b58
2026-07-04,S04,K03,2026-06-24 12:00:00+08:00,0.1200000000,6172,dadbc798db12ea3e1a96789e9f008fbc06bfb275b87be037f555875909914cec
2026-07-04,S04,K04,2026-06-24 12:00:00+08:00,0.0000000000,6173,90b80d3f4eb758491fb55c546b66c49e3c36831b82ab60a4103ea2480e4c72c4
2026-07-04,S04,K05,2026-06-24 12:00:00+08:00,0.0000000000,6174,2b8764b44bfaf0c811a0fbb56b7d9f748dc816c4f971b03f6aabcf8487ce97a9
2026-07-04,S04,K06,2026-06-24 12:00:00+08:00,0.0000000000,6175,d60e2aaad3b1f6054b6ad7a1be363fca366affb556a44d553aacee2564fb4013
2026-07-04,S04,K07,2026-06-24 12:00:00+08:00,0.0000000000,6176,92d38d3002d6cf479a90a1dd335f9e5b14ed5d789bbf487e1f6400704b6ec315
2026-07-04,S04,K08,2026-06-24 12:00:00+08:00,0.0000000000,6177,8bc59657542a70f2d7ca480f8fb3ef8f5ca6c74d4608cd00c005c5271150a841
2026-07-04,S05,K01,2026-06-24 12:00:00+08:00,0.0000000000,6178,03ba775f972c540a724d29ff67cd5e00afb414108bf8eadccc1b8ad7cb5b51af
2026-07-04,S05,K02,2026-06-24 12:00:00+08:00,0.0000000000,6179,f90939c934c147b786a062c85d1a20610524458cb076b2f2a8e73900345a7d25
2026-07-04,S05,K03,2026-06-24 12:00:00+08:00,0.1200000000,6180,dfae912e9094710ed98f712cd06a76013f85bb5da78f17e27a378fceca174907
2026-07-04,S05,K04,2026-06-24 12:00:00+08:00,0.0000000000,6181,9ff3dbe2c3dc42abd529c962e073b6e5f4e9a60f3ac99601e9d5dab9ffdd0d1a
2026-07-04,S05,K05,2026-06-24 12:00:00+08:00,0.0000000000,6182,390646f3e6f24384fe54bedfde611f70f2499814f56788eb4a0d319c41ac2119
2026-07-04,S05,K06,2026-06-24 12:00:00+08:00,0.0000000000,6183,a72a7af3a152eab2373f4ef57b4f1d86e662d316b58c081fc32eba449e90a05e
2026-07-04,S05,K07,2026-06-24 12:00:00+08:00,0.0000000000,6184,9567d8e7b0c5e0176547ac9d0d8c3e58d9c7ca2b95b2d7941c628779b943277b
2026-07-04,S05,K08,2026-06-24 12:00:00+08:00,0.0000000000,6185,186249dff428d016d6229f477f154ed9fdcb00a2d5a00693bff76cd09969d736
2026-07-04,S06,K01,2026-06-24 12:00:00+08:00,0.0000000000,6186,0a0f281a28d6a7869eeb1b21289001f946c6e82c417ef56b0749ede3608be82c
2026-07-04,S06,K02,2026-06-24 12:00:00+08:00,0.0000000000,6187,2f082efeadae82aa71a762f1e1d9f284a0da1c490955abc2fddeab49f16695d0
2026-07-04,S06,K03,2026-06-24 12:00:00+08:00,0.1200000000,6188,a17a86a01018f947ca60effa5f0e3db7b71dd746515ca52d78088564b5557e59
2026-07-04,S06,K04,2026-06-24 12:00:00+08:00,0.0000000000,6189,8f6995d0d3b81a99527acce0bd971a99194cae8df94b7b000db7e90469d92e87
2026-07-04,S06,K05,2026-06-24 12:00:00+08:00,0.0000000000,6190,00091f5df6d8c6494953d6cb197f50f45eece58a3b39806fa32e902fa475e85b
2026-07-04,S06,K06,2026-06-24 12:00:00+08:00,0.0000000000,6191,b17364d4ea5de26783330e500f54efe1197ded4c111d8fe77c83b8b477da6646
2026-07-04,S06,K07,2026-06-24 12:00:00+08:00,0.0000000000,6192,8dacb7f51ee52488405d7fe1d088c861246ab360e1216ef6c3a60a0c83249794
2026-07-04,S06,K08,2026-06-24 12:00:00+08:00,0.1200000000,6193,5a1c2074eca274b6f907f8cd21f5f13b8bf4ec442f7b60870523f7f797dd732e
2026-07-04,S07,K01,2026-06-24 12:00:00+08:00,0.0000000000,6194,c9b33ba9c63f95978f82cca1d4160e50f397f27910b0d0ef6784b1bdf4f04950
2026-07-04,S07,K02,2026-06-24 12:00:00+08:00,0.1200000000,6195,5b5c640d113279910ad92f913165569acb3806e0907d87fe1d8dccb1db0b1841
2026-07-04,S07,K03,2026-06-24 12:00:00+08:00,0.0000000000,6196,94825c652d7a28fb22e20b92200ad2d3aeb55633824c362b884e068972ec1028
2026-07-04,S07,K04,2026-06-24 12:00:00+08:00,0.0000000000,6197,4c6b3dee8da5e1258d74cd9bc27f0982d5527b49398600fdc75c8b6eafc1729a
2026-07-04,S07,K05,2026-06-24 12:00:00+08:00,0.0000000000,6198,14b45e0e8e4f2fae48bf1c4c3730b9ee935bc02ac74fcea5f21b7868c4b3a4b2
2026-07-04,S07,K06,2026-06-24 12:00:00+08:00,0.0000000000,6199,fdb2d85bc6aa1ffb52cb76e58d025fba8a8859bfb3a583deddf569b08baff51d
2026-07-04,S07,K07,2026-06-24 12:00:00+08:00,0.0000000000,6200,81b340838a56ccbcde335e8fad6872a1e2028bbe87831eb0c3eac2b52f51e3e6
2026-07-04,S07,K08,2026-06-24 12:00:00+08:00,0.1200000000,6201,e15726d6c9c5513e25eba7132b5bb0d6a61286c460c24f6b2624d0c1e066b13c
2026-07-04,S08,K01,2026-06-24 12:00:00+08:00,0.0000000000,6202,b145b7590e78cb5f9a9a7bd1018440e0d556cbea15de4823e457b9b40f3bae17
2026-07-04,S08,K02,2026-06-24 12:00:00+08:00,0.1200000000,6203,748438725757a03dca245bfe794da76239900fea869e57c2407beb4f31116d27
2026-07-04,S08,K03,2026-06-24 12:00:00+08:00,0.0000000000,6204,becc96cb4401c24e0e9e1aabe05a38ecc8796324681ba94d3ffee37adf895fc1
2026-07-04,S08,K04,2026-06-24 12:00:00+08:00,0.0000000000,6205,53f37c62d36b5b9365ecac44a50150f9f52a37325895bce6ae7b56c5847ca142
2026-07-04,S08,K05,2026-06-24 12:00:00+08:00,0.0000000000,6206,5eb569d6eb942b570a0f270ba0af9abf12eadc2fff4fa796a4d910d0fa70f299
2026-07-04,S08,K06,2026-06-24 12:00:00+08:00,0.0000000000,6207,2b77e41b19b036b2f5e60809c4f2a3e26f0de5471f12d63578586d7ccd06730f
2026-07-04,S08,K07,2026-06-24 12:00:00+08:00,0.0000000000,6208,64f5fd74cbe8376b4c62258751b2ed58dcbf766b190bf1d84205452ca7603db5
2026-07-04,S08,K08,2026-06-24 12:00:00+08:00,0.1200000000,6209,0a32a90dfbede4e7575b0656297301b55881372b837b78c78ff5dfbc6ff07a42
2026-07-04,S09,K01,2026-06-24 12:00:00+08:00,0.1200000000,6210,ae75a9cf0168ee2b04239878a1c929ff56047b83b1b2828a8e33bc78df449d5a
2026-07-04,S09,K02,2026-06-24 12:00:00+08:00,0.0000000000,6211,d642dac7849edff6a279e0781de418e9fec91eae93c8f0cdeb6c7a7b7983d760
2026-07-04,S09,K03,2026-06-24 12:00:00+08:00,0.0000000000,6212,0fd2419d88f22bc3c789ea3c0b2265fbe77b21da18da8ad6e3844b4f5c7595be
2026-07-04,S09,K04,2026-06-24 12:00:00+08:00,0.0000000000,6213,4d47e66ab0a7d4ac14580e63f8005b5e63f85b23a66ae4a10eedc45c2f1fe1a7
2026-07-04,S09,K05,2026-06-24 12:00:00+08:00,0.0000000000,6214,1936a29959bb53449f46464d60f8af6efbcf73774b0b97f1bd0ea775504ade87
2026-07-04,S09,K06,2026-06-24 12:00:00+08:00,0.0000000000,6215,f669f40392af9df6449d1e23c627a92f16cda4d5564ff5021f42daba05a5c0ba
2026-07-04,S09,K07,2026-06-24 12:00:00+08:00,0.1200000000,6216,39b20682d6e1c93b30e5f964cc2a59a180be13d6634c28f197004576aec742be
2026-07-04,S09,K08,2026-06-24 12:00:00+08:00,0.0000000000,6217,49386fc8195a7cd9550cc7fde26c4a19209ca0e869a2c2a22e8b2dbdf607fd69
2026-07-04,S10,K01,2026-06-24 12:00:00+08:00,0.1200000000,6218,a0f257d31496b51792a2b279364c04195833816110b8c56bf0549d91448a8a28
2026-07-04,S10,K02,2026-06-24 12:00:00+08:00,0.0000000000,6219,b0d6a256b5231dc5405b66387354a948f3963bd0635a8ace275027016a94ebe0
2026-07-04,S10,K03,2026-06-24 12:00:00+08:00,0.0000000000,6220,9b943f15e9d637a0ed33a506265a542953749962877e3457b54ae7709ba94518
2026-07-04,S10,K04,2026-06-24 12:00:00+08:00,0.0000000000,6221,bee1befccbc437066d26e0ada2fb3a1a01e6e13edbe91c6dc622c03621e66098
2026-07-04,S10,K05,2026-06-24 12:00:00+08:00,0.0000000000,6222,95fcf8cecb4d0bb4541fb65d40aec213358ef253cfea9ec308d6fa5f6ad3fcd0
2026-07-04,S10,K06,2026-06-24 12:00:00+08:00,0.0000000000,6223,828ca0d297c3a500e7dd715782e35caad842aea9c6cb475ab401062edf30eb45
2026-07-04,S10,K07,2026-06-24 12:00:00+08:00,0.1200000000,6224,6db4adcc970e59e5e1535f336c003138a15d8b90de86fe5e207d311fe685bd49
2026-07-04,S10,K08,2026-06-24 12:00:00+08:00,0.0000000000,6225,c2d769eb152a4cb0a3caea68ec6be34b9a7eb6908c8056b60ae79cc1be25a94e
2026-07-04,S11,K01,2026-06-24 12:00:00+08:00,0.1200000000,6226,4277bca7e7394bccb807fc3d8318b4e94365f834957c40de0e77a1ef114f05f2
2026-07-04,S11,K02,2026-06-24 12:00:00+08:00,0.0000000000,6227,f2e48e56c262e62969ad130c504575076e6b9b923f20091bbec4a3a5520996b4
2026-07-04,S11,K03,2026-06-24 12:00:00+08:00,0.0000000000,6228,94b0aacd03481c7bdbfe286dadccff4da64b79fc437d7e95672fab9a763e5a3b
2026-07-04,S11,K04,2026-06-24 12:00:00+08:00,0.0000000000,6229,d306c5f05cc8052a2461eb3c0671740e4af57958f0f7a4aa7a50caf6989e32a5
2026-07-04,S11,K05,2026-06-24 12:00:00+08:00,0.0000000000,6230,e16e8d99534bb1553192f82a03923acec47bdb5fda2198f6125ae35cb24f3ff6
2026-07-04,S11,K06,2026-06-24 12:00:00+08:00,0.1200000000,6231,1b77787ad53fcb6e8b74fcc2e43ec349a7bcb8b7a1f9b07c7152ee48665a7b57
2026-07-04,S11,K07,2026-06-24 12:00:00+08:00,0.0000000000,6232,95bb996f48dc7bfb47a74bcccef8d1cefdefa7829637b832d5b10aac24310551
2026-07-04,S11,K08,2026-06-24 12:00:00+08:00,0.0000000000,6233,19c9f6c8964777a78f2693baa6d4e3a5bcca57da2df9896fc6376987915228d0
2026-07-04,S12,K01,2026-06-24 12:00:00+08:00,0.0000000000,6234,b0fe1b2fa638ae5e4adcfd8108a5419b775dc4d00ca21bbe4fdcbbe26830fb39
2026-07-04,S12,K02,2026-06-24 12:00:00+08:00,0.0000000000,6235,67a3752d748f971a358f9de604104b932db62a0ca655a2fdfe95ce022ba9fa52
2026-07-04,S12,K03,2026-06-24 12:00:00+08:00,0.0000000000,6236,25c7deddb2864157e3cb5104ce523f74736a932a864fa2096a510d41fc3373d7
2026-07-04,S12,K04,2026-06-24 12:00:00+08:00,0.0000000000,6237,7a662b7a9b9e07f6c22f1b9c5b3f4554b07daa8410d8d31fb432671ecd7d9754
2026-07-04,S12,K05,2026-06-24 12:00:00+08:00,0.0000000000,6238,8d674db96a5394863e7820d9afc17ce56a1d0db23e05f4a8a871a7b31578cd43
2026-07-04,S12,K06,2026-06-24 12:00:00+08:00,0.1200000000,6239,02a38ac20656212dfec94eb732108f9ae20e057111e2753121652fc02e0dec49
2026-07-04,S12,K07,2026-06-24 12:00:00+08:00,0.0000000000,6240,44a08bed51841b3b8e0f4b9967b1ee2c6e8d76906535c1ac3f5fdd4a2968ca74
2026-07-04,S12,K08,2026-06-24 12:00:00+08:00,0.0000000000,6241,764995eba76659face6d449d869c20786a66a35f9a95ef5e4957729969deae2f
2026-07-05,S01,K01,2026-06-25 12:00:00+08:00,0.0000000000,6242,ffb0c1d6af05b282376d58f403a3b80a2164cdcef94381223c88edea9e1be2a9
2026-07-05,S01,K02,2026-06-25 12:00:00+08:00,0.0000000000,6243,6b9c5d81fa3644867ed725bfbd25fc752616acdec7af55f04b94747751d3b2bd
2026-07-05,S01,K03,2026-06-25 12:00:00+08:00,0.0000000000,6244,7e99032b2016eb3ccb35046bf3f5d57063e2cf8de2717d010521b04bc471b7fb
2026-07-05,S01,K04,2026-06-25 12:00:00+08:00,0.1200000000,6245,d4b742fb955dc948a560abac0ff69b1b0b508da7028c524c8ab3b8b1d331c935
2026-07-05,S01,K05,2026-06-25 12:00:00+08:00,0.0000000000,6246,2755e562ef0e5ca05bb27640800553de451d46fec6895b8f8e08a030a1b79dd9
2026-07-05,S01,K06,2026-06-25 12:00:00+08:00,0.0000000000,6247,20e9f15581e79c6d84b6c5d9545f6fc185ea5148d691a3f253c79a0c7c3035f6
2026-07-05,S01,K07,2026-06-25 12:00:00+08:00,0.0000000000,6248,57781b7e25e70437204be9b11c9a740b4006ffa375fecbc195fc5ca0501f2aae
2026-07-05,S01,K08,2026-06-25 12:00:00+08:00,0.0000000000,6249,cb73955449be79e1e43e671ab3d5fe83f79c3371e71b58af00a5a13bca2360b2
2026-07-05,S02,K01,2026-06-25 12:00:00+08:00,0.0000000000,6250,78f48b57e8930a319c1dda5e4a4dc1020fa96332dacd59d4a14f788316861004
2026-07-05,S02,K02,2026-06-25 12:00:00+08:00,0.0000000000,6251,8386f7cbf168e007ea9d86881f02522b77d738d8303920e7fedcbe5d9ec79bee
2026-07-05,S02,K03,2026-06-25 12:00:00+08:00,0.0000000000,6252,f6ad39f25ce71ccb577bb4dc561c33c48651b64618a1285b7f5a708094013f07
2026-07-05,S02,K04,2026-06-25 12:00:00+08:00,0.1200000000,6253,72f239e226fb92f95a4365d5431d0c36e9187186dbe08bac6a28d7892b9f915b
2026-07-05,S02,K05,2026-06-25 12:00:00+08:00,0.0000000000,6254,60012a1e2be7cdd8ad18c9be1e2224696670f59bdbba3690bd8d6aa7d9b30a44
2026-07-05,S02,K06,2026-06-25 12:00:00+08:00,0.0000000000,6255,63013a3af580f58d0d7b352e78d2f748115db1e0374a041242a67a08c93f607f
2026-07-05,S02,K07,2026-06-25 12:00:00+08:00,0.0000000000,6256,a9a58ed8e5eac5aa42a56346a80d3b8d8f59c05c9bd6913a0e0242080f57b6a4
2026-07-05,S02,K08,2026-06-25 12:00:00+08:00,0.0000000000,6257,d3e72b08902e330b676bfd878a7472fd2d83aeaedbf126bb7f877a0011ddac73
2026-07-05,S03,K01,2026-06-25 12:00:00+08:00,0.0000000000,6258,aa2f3093bb678299c3795a1c43ac2ee1ea41af11829b62cc564824a87806aa68
2026-07-05,S03,K02,2026-06-25 12:00:00+08:00,0.0000000000,6259,8175ae6ab84bf036d05aa123110e61cea1c7f0bbc445afc36a961f0dcc482842
2026-07-05,S03,K03,2026-06-25 12:00:00+08:00,0.0000000000,6260,2983bd7a61cb10f356d7db06c147b182fc2f53cf94c1188debd02a9c47c24f4d
2026-07-05,S03,K04,2026-06-25 12:00:00+08:00,0.1200000000,6261,c5ae9a0a269363349a80c37730cea32b8535827c84c6577924db1fde1d5773df
2026-07-05,S03,K05,2026-06-25 12:00:00+08:00,0.0000000000,6262,922ee4533604db0deb09e2160914bf4ddb9a2c2c6e3e4b661190e2bb51b8e78f
2026-07-05,S03,K06,2026-06-25 12:00:00+08:00,0.0000000000,6263,13a0184b539cbd9ed3c8121719fc163ac5d11afe579e0fba9aa0fc86b922a99d
2026-07-05,S03,K07,2026-06-25 12:00:00+08:00,0.0000000000,6264,312eac55d6813b27ad9c76054f2a9f5836f862e9cd5740326b0650197c03d220
2026-07-05,S03,K08,2026-06-25 12:00:00+08:00,0.0000000000,6265,1389b1f621ae60ab47796b14a8d3c94f4a1236da81ac954270c22809c540e5c8
2026-07-05,S04,K01,2026-06-25 12:00:00+08:00,0.0000000000,6266,7334fad61a4d6d9debc5723f6365e6a2c4e51b8548c94924e665af02c5fc45e6
2026-07-05,S04,K02,2026-06-25 12:00:00+08:00,0.0000000000,6267,176b7bdd8cba0d2c208361054d684654c0ceaea310e4f71083788a2c5245374a
2026-07-05,S04,K03,2026-06-25 12:00:00+08:00,0.1200000000,6268,1575f63158b8576c44c8b30143f975b6e5ba79bad533b6c8e183f606f34eb372
2026-07-05,S04,K04,2026-06-25 12:00:00+08:00,0.0000000000,6269,93bbe58cff411de02c2a5d7f6ee305336ead532af9598889b52a07094d5bc221
2026-07-05,S04,K05,2026-06-25 12:00:00+08:00,0.0000000000,6270,b37526610fb5e175f83a6fdab1ea84b68f0818552a0a97e814308f9d6e2d75bf
2026-07-05,S04,K06,2026-06-25 12:00:00+08:00,0.0000000000,6271,55fee8129fe47f54640af158163c5fac23ac3f81dc7f49ac2198fcce2fa0f86b
2026-07-05,S04,K07,2026-06-25 12:00:00+08:00,0.0000000000,6272,937e28dcaf42e614739e334fa2848a1be01fb85bdc59fc8bdb9db4e0efea8d8b
2026-07-05,S04,K08,2026-06-25 12:00:00+08:00,0.0000000000,6273,3571f065004c6131f7f7105293af732a96108004fe642b57a9b0699974314b90
2026-07-05,S05,K01,2026-06-25 12:00:00+08:00,0.0000000000,6274,6fc177931b451ce5cafc9e8273c2c0ea812c08f08a8452e613fe752c06a1b3b2
2026-07-05,S05,K02,2026-06-25 12:00:00+08:00,0.0000000000,6275,abde8e941a7b800f9b42d51bbc46c26fd2385d632e372918bf702ed4d865bb44
2026-07-05,S05,K03,2026-06-25 12:00:00+08:00,0.1200000000,6276,20e7822ebeab0f6c739d972cac11b1e5596bc404d62d537a34fcd8f5ba52c573
2026-07-05,S05,K04,2026-06-25 12:00:00+08:00,0.0000000000,6277,f594b5fd2bf57ecdd2843cd61419bef1c3afa8591ad323701593ffe6bc9bae35
2026-07-05,S05,K05,2026-06-25 12:00:00+08:00,0.0000000000,6278,9510b907b2c96f7eaa8a90b94802f38b5afdefe93eb1bde448afb1919c1cab79
2026-07-05,S05,K06,2026-06-25 12:00:00+08:00,0.0000000000,6279,408fe1dc82bcf3f06aa5669abec4984c32de6a7bb4c26871866d139a112fe0bb
2026-07-05,S05,K07,2026-06-25 12:00:00+08:00,0.0000000000,6280,4ed89206e3c40b76cccf86c67de840d61b8d6766193e035e51a9d1ae0714d115
2026-07-05,S05,K08,2026-06-25 12:00:00+08:00,0.0000000000,6281,6ae9f8b9134f3db15a34eb5fd55c60dabfd524911659d3739b79969a9750527f
2026-07-05,S06,K01,2026-06-25 12:00:00+08:00,0.0000000000,6282,2eaa447886127e5a315b636d02a20e58c673ae8f9d01c3d65f9a4976b127ac39
2026-07-05,S06,K02,2026-06-25 12:00:00+08:00,0.1200000000,6283,8ea4241215b3d575bf578903c16689395eb7b0572ee4fe7c623cd627164ec3d1
2026-07-05,S06,K03,2026-06-25 12:00:00+08:00,0.0000000000,6284,5f75c896a3a989171f8f9ab1c2f27b076c0d1cf86e50995e6a2d7a404a8c14aa
2026-07-05,S06,K04,2026-06-25 12:00:00+08:00,0.0000000000,6285,96cce7968a106b21f08ce3a0db3bd436060d5663547b91da48df3a9df1baf60e
2026-07-05,S06,K05,2026-06-25 12:00:00+08:00,0.0000000000,6286,a71e626687c54d5808edec0b83cb904fddbdcc47401593a5979f6765d1c84167
2026-07-05,S06,K06,2026-06-25 12:00:00+08:00,0.0000000000,6287,eabd1afafe98a417fbcf26591fd93be21279c5136ce076114a8adc5874cb5f80
2026-07-05,S06,K07,2026-06-25 12:00:00+08:00,0.0000000000,6288,965bfd2c767fedab6f1e1c831f1e646b2e452fd504be459698a8ef4572b60587
2026-07-05,S06,K08,2026-06-25 12:00:00+08:00,0.1200000000,6289,890465fed1f36daaf6c2715153bb220b5a68c92f806044a3caaa952a4b4ba9ad
2026-07-05,S07,K01,2026-06-25 12:00:00+08:00,0.0000000000,6290,85c1f1dcb528c1c15e349d4b81db394a804e8c33bf532075e84cfb550b7517a8
2026-07-05,S07,K02,2026-06-25 12:00:00+08:00,0.1200000000,6291,f71c523ee45330b451612724ea9faf510482a86c89134b8ef50461f533cc10b4
2026-07-05,S07,K03,2026-06-25 12:00:00+08:00,0.0000000000,6292,9d6a10c3d4345741ec71ce2a5235a8f4b2a18530eab912f74eba6b886acd4f4e
2026-07-05,S07,K04,2026-06-25 12:00:00+08:00,0.0000000000,6293,5a0be9e261abea19021f0778373783460d47f77ebae29bbd5adfea242544a2f5
2026-07-05,S07,K05,2026-06-25 12:00:00+08:00,0.0000000000,6294,3714ef8ea80de0d69033e4a1aac22a9198ec7cb95f2dd6720743a9ea5ca9290a
2026-07-05,S07,K06,2026-06-25 12:00:00+08:00,0.0000000000,6295,b6033281d6d1629ccfc3c4cf1e3f2d3e2f4cf9d9f892abbfaca354bdfe03e73f
2026-07-05,S07,K07,2026-06-25 12:00:00+08:00,0.0000000000,6296,01fae65bba56404f1ef7bbce6b8d8ea273c32f79486e53cc6c9bf66e2c8ee3cd
2026-07-05,S07,K08,2026-06-25 12:00:00+08:00,0.1200000000,6297,091a790919fd8cb9955ca70736dac06f152bdb4aeff8c2edafb77bf55c0643e7
2026-07-05,S08,K01,2026-06-25 12:00:00+08:00,0.0000000000,6298,e01ec53738375fabd0b6eb007e99e23fcf81c5af3af98ed0f9aa5f2b16403975
2026-07-05,S08,K02,2026-06-25 12:00:00+08:00,0.1200000000,6299,3c9704c636401d421514a8f9dc0df4f3793a66b14747b255399c621630fcb70e
2026-07-05,S08,K03,2026-06-25 12:00:00+08:00,0.0000000000,6300,41de9872fcbc28d82300428ab5e6564d1b825d37c131559dd5082f8220d05d4a
2026-07-05,S08,K04,2026-06-25 12:00:00+08:00,0.0000000000,6301,cb51f4ada2f85db511b0a82152423b8b60c6e14a3f031310d114f860c5f3eeab
2026-07-05,S08,K05,2026-06-25 12:00:00+08:00,0.0000000000,6302,9c45a1685db49f4a1507ee3feaff2ae537bd74386fa076b89b31eb3faa0602ca
2026-07-05,S08,K06,2026-06-25 12:00:00+08:00,0.0000000000,6303,598668b4b8e0bd208397d91b8e4a9a16ff6f04318dc237798cf6cade852a2a69
2026-07-05,S08,K07,2026-06-25 12:00:00+08:00,0.1200000000,6304,bb801ee53d677704e3a53d025ecb7a611df70d604860b24f0276f2297f15a18e
2026-07-05,S08,K08,2026-06-25 12:00:00+08:00,0.0000000000,6305,e3560d54f89adc51fbb71f7d215370ed712c41fe544ec683eadda0a1b59e3de8
2026-07-05,S09,K01,2026-06-25 12:00:00+08:00,0.1200000000,6306,77880c6790bba9acf74fce12db4e2e93ed081942993f83b591da8a28561fab78
2026-07-05,S09,K02,2026-06-25 12:00:00+08:00,0.0000000000,6307,3d83526a132baf61b7faa1b36c422239be8eb18b5f0189a0b32d95d712265d50
2026-07-05,S09,K03,2026-06-25 12:00:00+08:00,0.0000000000,6308,503280f77b1f9576e3a4dc2e177153bd7fafb78aad7b3ddcb99bbf895e06715a
2026-07-05,S09,K04,2026-06-25 12:00:00+08:00,0.0000000000,6309,bc4d01e3bb425af80141aa2746ed6172dc4bf8ffbe5cefab23a2a30aebf08225
2026-07-05,S09,K05,2026-06-25 12:00:00+08:00,0.0000000000,6310,85ef71d079da7d6fde1f166ff27ab9c26964584c2fe2570cd25eff62dca4ba6b
2026-07-05,S09,K06,2026-06-25 12:00:00+08:00,0.0000000000,6311,dcda4f3874311751790dd36eb588e2c756c864a3f1256e52159847f589352a5c
2026-07-05,S09,K07,2026-06-25 12:00:00+08:00,0.1200000000,6312,d977805d6eb33b7a1edca95e01699e441e30d05d9d98dfef49fd5298468c9b59
2026-07-05,S09,K08,2026-06-25 12:00:00+08:00,0.0000000000,6313,df5b70d0603a0d6ce5feeff6ce146861e910c842f9776a162cf7c2aad68e0a2a
2026-07-05,S10,K01,2026-06-25 12:00:00+08:00,0.1200000000,6314,ac0487b56d3c4cd9759e648673fc4ba0e6d9fd7946454921fce291c5ab896ff8
2026-07-05,S10,K02,2026-06-25 12:00:00+08:00,0.0000000000,6315,9ee9441afa4386d90081ad48e922f1587dfb44bd1f14b587bd669e83baa9d133
2026-07-05,S10,K03,2026-06-25 12:00:00+08:00,0.0000000000,6316,90acd5da9ec2683f2e59015f37a803533394ac3d76771b943b69489cc0709f90
2026-07-05,S10,K04,2026-06-25 12:00:00+08:00,0.0000000000,6317,72e7b048f1d75e8f8cb6930e5a33bbd8dc1bbe441d9e818749ca3e7b2c373b6f
2026-07-05,S10,K05,2026-06-25 12:00:00+08:00,0.0000000000,6318,1f61b1ddfa8a7fef38e9b9849b21d952d057372e5f23e3b6bff1b617b2f6a847
2026-07-05,S10,K06,2026-06-25 12:00:00+08:00,0.0000000000,6319,c455295bf2ed020d4ff8d9fb9534de579fbb3b51cfdab1343f22ea00985ed663
2026-07-05,S10,K07,2026-06-25 12:00:00+08:00,0.1200000000,6320,cab1661269146af70fb4094afabea926a618438e527863c10df0c36d376fc4a0
2026-07-05,S10,K08,2026-06-25 12:00:00+08:00,0.0000000000,6321,cd390f0abc38c249e93070104082cdc7b724772a7f033f8628f4746a278ecd3b
2026-07-05,S11,K01,2026-06-25 12:00:00+08:00,0.0000000000,6322,09560d24ab5ba498970b62bde50672e8b9792179b66d75c542551a1d04c659bc
2026-07-05,S11,K02,2026-06-25 12:00:00+08:00,0.0000000000,6323,7f4e98eb57c62bb514ba00f37dfe793d276c8a036f161acb346c0610aae6b9c8
2026-07-05,S11,K03,2026-06-25 12:00:00+08:00,0.0000000000,6324,fc6642aff2110a0c2909fa1102a81eee9a08b6ab8bb02698c6a95bdff13fe024
2026-07-05,S11,K04,2026-06-25 12:00:00+08:00,0.0000000000,6325,1a2ce3a97b1eda0769480ee61e17dbcbdf6f6baf699029a3eb58393808032a6f
2026-07-05,S11,K05,2026-06-25 12:00:00+08:00,0.0000000000,6326,a11fb4a79deb874f21fd5e37eb46f482deb4b68f73823a557d6bb0b47e17386d
2026-07-05,S11,K06,2026-06-25 12:00:00+08:00,0.1200000000,6327,e37ab994526ee9d7c72bf183d3bbe74eeaebe7dcf231aa28c3e73729dfa7210a
2026-07-05,S11,K07,2026-06-25 12:00:00+08:00,0.0000000000,6328,befc245794f07927a344b3ace2263d618744566a0209c900b4539d83f4c37149
2026-07-05,S11,K08,2026-06-25 12:00:00+08:00,0.0000000000,6329,09fae832f2598ec57c420bdbadafd7af31471ee411ec52091953dc2e0b3e843c
2026-07-05,S12,K01,2026-06-25 12:00:00+08:00,0.0000000000,6330,af6b6b6eda78b65e1a052db6248d4eee9c41ce22d187e7ddb8c095893c3fe2d6
2026-07-05,S12,K02,2026-06-25 12:00:00+08:00,0.0000000000,6331,08098b7f0eccb83b586adaf31da83bf69dd5b131a4f4e7acbb7255264aafa6da
2026-07-05,S12,K03,2026-06-25 12:00:00+08:00,0.0000000000,6332,af2950e64390d24780a3a9bc57612a22f807a4350d935890054afe10d27f7fb1
2026-07-05,S12,K04,2026-06-25 12:00:00+08:00,0.0000000000,6333,1e942443627c971dc4a825abe65fe731a9314fbd5a522796a4c459be81b12c8a
2026-07-05,S12,K05,2026-06-25 12:00:00+08:00,0.0000000000,6334,b6f36156ec723b632d1a7e91f58b5ebcd4e0d4857ccd1007f509a20e30fae978
2026-07-05,S12,K06,2026-06-25 12:00:00+08:00,0.1200000000,6335,6bd05f1fc9d446b87cd7e07b3e08ee772dece45fb5d7e8e6f7a3530fac90fb3e
2026-07-05,S12,K07,2026-06-25 12:00:00+08:00,0.0000000000,6336,2056f733575f97ef68de6a7726e73b0e4a248fb840d102cc246e6bb87a36ce88
2026-07-05,S12,K08,2026-06-25 12:00:00+08:00,0.0000000000,6337,c61785c444f766f5885dac34573915ee40422081c6113e296f26af73ad699909
2026-07-06,S01,K01,2026-06-26 12:00:00+08:00,0.0000000000,6338,16096652f9874197604cfe136c3dada9f519766395613ca8fbce155e98feca56
2026-07-06,S01,K02,2026-06-26 12:00:00+08:00,0.0000000000,6339,9923fbe79d0969e3dbd528bcf1553a9df15f8b6a277d55b719110a17e601d530
2026-07-06,S01,K03,2026-06-26 12:00:00+08:00,0.0000000000,6340,853413484d3ae8e867bc52e74649c7ad90f1115f191bf5b65dc3002bac0561b3
2026-07-06,S01,K04,2026-06-26 12:00:00+08:00,0.1200000000,6341,8663a21dbaedfecd6c00eff86627a587a0501e5c447c37528e482b0fba2a80b1
2026-07-06,S01,K05,2026-06-26 12:00:00+08:00,0.0000000000,6342,cb0d4246b5a3fe47a6bd84914cef3aec76ecf10a9de9d0f55d32b1ac17401fa6
2026-07-06,S01,K06,2026-06-26 12:00:00+08:00,0.0000000000,6343,8a106ea2e17c8f586d79531efe4fd4677c36f6aa6daf47d678fd8dfb995e19b7
2026-07-06,S01,K07,2026-06-26 12:00:00+08:00,0.0000000000,6344,6ac1cc758cd06a9035e6866f0737b0cb949b695c56450ab74aaf5f170b0e506d
2026-07-06,S01,K08,2026-06-26 12:00:00+08:00,0.0000000000,6345,42d0dc32ada4ee05bab6f98fda83ab0fe3011268f84c8d5ad0bcf550648f35b4
2026-07-06,S02,K01,2026-06-26 12:00:00+08:00,0.0000000000,6346,2543d7ae6a86662fd6e5375e11b5d854e042f0ce5cf4f60667aebbec2654f9f1
2026-07-06,S02,K02,2026-06-26 12:00:00+08:00,0.0000000000,6347,38da8706aae757e60f1055626a2d6435477b7a86e227c4cc2288c13ae3d43017
2026-07-06,S02,K03,2026-06-26 12:00:00+08:00,0.0000000000,6348,d88edb53c0dc9a1422ef90c9cc40b182ff768141e0da60f4d79236c761636902
2026-07-06,S02,K04,2026-06-26 12:00:00+08:00,0.1200000000,6349,7ccfabde0e27a44465637a2e6927cba5cc6fe9b93603ad8d9df175f913c8071d
2026-07-06,S02,K05,2026-06-26 12:00:00+08:00,0.0000000000,6350,852d280e7c496a4e48f3e97259b00229efe2e249ff43dd6c978facb137dc51d1
2026-07-06,S02,K06,2026-06-26 12:00:00+08:00,0.0000000000,6351,9bbd392ca564ddcc2d5a8db4f87f2600b29ebce6125f9043043daaf2dddceaa4
2026-07-06,S02,K07,2026-06-26 12:00:00+08:00,0.0000000000,6352,1afba922732d4a48f42e736c17ed2df359b630d6a23814bf83b61fd7013ce905
2026-07-06,S02,K08,2026-06-26 12:00:00+08:00,0.0000000000,6353,c9117093114d7cf7d429aa7c98f941170f0158653751369e860da77728b3d207
2026-07-06,S03,K01,2026-06-26 12:00:00+08:00,0.0000000000,6354,dab82db7f0522131b570b9115c7e4fdc9b478adac2337d49f668a55728e2db6c
2026-07-06,S03,K02,2026-06-26 12:00:00+08:00,0.0000000000,6355,1ff3f22f9435cd30ad47a98c24d758f435ce745fb5f552598c4a917c79595c1a
2026-07-06,S03,K03,2026-06-26 12:00:00+08:00,0.1200000000,6356,ac3c1c0acc42907aeee620389cd94bdf20ee8bc1bf69f24797ce44ee96397da5
2026-07-06,S03,K04,2026-06-26 12:00:00+08:00,0.0000000000,6357,a2136e31bad29bcdb79ee56a44127f37f7b72177a2e8eda82b5ab8603ab26707
2026-07-06,S03,K05,2026-06-26 12:00:00+08:00,0.0000000000,6358,6f3381963c1846c6ecb2c302ddcdbee37c4cfe6dc2cfdf73ffa311e4c75730bb
2026-07-06,S03,K06,2026-06-26 12:00:00+08:00,0.0000000000,6359,132646d07cf235ad3e0c2c8c9ea47e5247cf41d1d26cc75a0f61b7c2e500c7d7
2026-07-06,S03,K07,2026-06-26 12:00:00+08:00,0.0000000000,6360,5214573a5db3df5b5e6a290c87a22e503bf39adb8b520af869ec68508ae77571
2026-07-06,S03,K08,2026-06-26 12:00:00+08:00,0.0000000000,6361,4dc879edf1c5445700a12a39814ff46d491e5ae5e22e7bb76980b1dba1140d66
2026-07-06,S04,K01,2026-06-26 12:00:00+08:00,0.0000000000,6362,c9fd1d1921a725d184f170062148453f0d355c6e488c1231cf107c74bce34cb1
2026-07-06,S04,K02,2026-06-26 12:00:00+08:00,0.0000000000,6363,4e3377eb168c0ebd1e44f1df67a3e29d58a1b70ed619b660769e2370b011c6d8
2026-07-06,S04,K03,2026-06-26 12:00:00+08:00,0.1200000000,6364,454f130b4df827662bab96b4bfca4a258c7f63d7d0baeabc82b1647a9b3e9496
2026-07-06,S04,K04,2026-06-26 12:00:00+08:00,0.0000000000,6365,99ca87e8ac327697ad0342a6f67fc42b31009af969f5d2b1bb222da1dcb541a2
2026-07-06,S04,K05,2026-06-26 12:00:00+08:00,0.0000000000,6366,89ef0b5ba071b455e50cf006f4148d58d34df8dc20bd520ae17261b6fbae8e82
2026-07-06,S04,K06,2026-06-26 12:00:00+08:00,0.0000000000,6367,2e6029c9a403d132971dc3ae79b5a47e1e84c547b354d6eb388cc29b2b8ecf49
2026-07-06,S04,K07,2026-06-26 12:00:00+08:00,0.0000000000,6368,2c00a4829fc4928a7fcc6720ad7689fd664d6f8e5a16e62a1f33204172b5e809
2026-07-06,S04,K08,2026-06-26 12:00:00+08:00,0.0000000000,6369,0e27356d4f2957deacc5eb407214eab3206c7c68cdfa9c61ea2229095b8b4d08
2026-07-06,S05,K01,2026-06-26 12:00:00+08:00,0.0000000000,6370,dc2996c4be1559749c01b6c50da48ab43dc08990c1446c6a7994b4dfd2604844
2026-07-06,S05,K02,2026-06-26 12:00:00+08:00,0.0000000000,6371,3d7fdb821b0c1dc371fee9680e27178e74f0a4e2c5c29b0ab82d1fcc66148198
2026-07-06,S05,K03,2026-06-26 12:00:00+08:00,0.1200000000,6372,48fe45ff08031875292956e5f5c89cc4445680d38d3caf28807f769c30b7be07
2026-07-06,S05,K04,2026-06-26 12:00:00+08:00,0.0000000000,6373,16c3a41642758eb838daeb1da48e605d01a1d7f51e5de11b20cae38c655c937f
2026-07-06,S05,K05,2026-06-26 12:00:00+08:00,0.0000000000,6374,1866643bc0a2aa47878f35aad51542ffcfe8de34bd7063cdde462d2c012fe60e
2026-07-06,S05,K06,2026-06-26 12:00:00+08:00,0.0000000000,6375,96da5833ddb80b19ebdbbd05b942e3d2f3ab112da52e4149709783e08468381c
2026-07-06,S05,K07,2026-06-26 12:00:00+08:00,0.0000000000,6376,1137382065e2481090317fe18814d7bf8061a847eb48e06c5816a02b4e9b57e1
2026-07-06,S05,K08,2026-06-26 12:00:00+08:00,0.1200000000,6377,7da07bb7c57c439c86577e9ef25d1254d4acf5719c88b0233201ec32b3702524
2026-07-06,S06,K01,2026-06-26 12:00:00+08:00,0.0000000000,6378,7c51e2516d86dbe0bf40e747fa2db85ad33dbd9e04eeaca88ec03ac2461e9f44
2026-07-06,S06,K02,2026-06-26 12:00:00+08:00,0.1200000000,6379,46907fd95b1acbaac25835b90e93636dcd39ef2310afa59d5b942458b06e0004
2026-07-06,S06,K03,2026-06-26 12:00:00+08:00,0.0000000000,6380,7a3b00c339b818f9d441189f5167fccaae43ca5694836a676eb475e2ae21f221
2026-07-06,S06,K04,2026-06-26 12:00:00+08:00,0.0000000000,6381,06a7d62a4e76220494fe1bba9062d32ad46b3af8a1e94fb6f62ebc4dc80ddfb1
2026-07-06,S06,K05,2026-06-26 12:00:00+08:00,0.0000000000,6382,4ee7205f75e0c6b0ebb99b75e304b7d36ef71e36b8d7c6e12ac4d3bd5696c120
2026-07-06,S06,K06,2026-06-26 12:00:00+08:00,0.0000000000,6383,f2a983db7c31697a76f343d763d1a2568c1f6bc633980f69e1d2d3aedeec6579
2026-07-06,S06,K07,2026-06-26 12:00:00+08:00,0.0000000000,6384,2ca34d9c683d3c6b8dcfc1f247bbfd21b18bff7c12c59ee632b2ede5b414d143
2026-07-06,S06,K08,2026-06-26 12:00:00+08:00,0.1200000000,6385,adb136da4430877130d9ade980e6ba5a1e7766a247ef428c82265bcf214df654
2026-07-06,S07,K01,2026-06-26 12:00:00+08:00,0.0000000000,6386,9be2feb8982e95137b7b58f3325971218b104f2571b51200574efbe46d9d1dd3
2026-07-06,S07,K02,2026-06-26 12:00:00+08:00,0.1200000000,6387,acba2118428f1233c2d3cfa1a43240a2fc676dbd77cf9b5a0b139c64a5e996f2
2026-07-06,S07,K03,2026-06-26 12:00:00+08:00,0.0000000000,6388,b6fd37c484114943161735d0cda13a86bca9de8a33b397782500f2971fc41c43
2026-07-06,S07,K04,2026-06-26 12:00:00+08:00,0.0000000000,6389,c71172bf0346de2d18616674f8b5472eb48d922c722225fec732119120db3fc2
2026-07-06,S07,K05,2026-06-26 12:00:00+08:00,0.0000000000,6390,3a2319d0ba1d1fb2a34e8db3e7968372c6885956cd5a1d0c5d66fbe01909954c
2026-07-06,S07,K06,2026-06-26 12:00:00+08:00,0.0000000000,6391,0de1f8dccfd8a08c2d6d9aeae2f1247645c1fd1d8f15a2041cb6c1bd6a7d8930
2026-07-06,S07,K07,2026-06-26 12:00:00+08:00,0.0000000000,6392,8975265b122ed27872592d947f14986b0ad3c9e961eec073e045736c509b8ede
2026-07-06,S07,K08,2026-06-26 12:00:00+08:00,0.1200000000,6393,e5bba355a38948eb4f7f299a22d6fdf43fcf687b75b925b8fca8a9015d154400
2026-07-06,S08,K01,2026-06-26 12:00:00+08:00,0.1200000000,6394,8dccfa63441e9efa4f74cb8d847de211947ce94ae7db94cb774b9b110e226a33
2026-07-06,S08,K02,2026-06-26 12:00:00+08:00,0.0000000000,6395,603126c22a486d8753338739d3dad4e4186c0a5d8ec622a7ddb143cf7e020057
2026-07-06,S08,K03,2026-06-26 12:00:00+08:00,0.0000000000,6396,134b940a86bf2cd4e9abe20f83fecdb28e4fd76e3c63ba122bc73946eda10c32
2026-07-06,S08,K04,2026-06-26 12:00:00+08:00,0.0000000000,6397,381abd783f3565e81028b59f4ca0647cc7181bc9d0f6e22a749324f0b5c0e635
2026-07-06,S08,K05,2026-06-26 12:00:00+08:00,0.0000000000,6398,66f85d4609890885e2ea28f76f9d33ccd99922d7db9172b85d6cd58d360254a6
2026-07-06,S08,K06,2026-06-26 12:00:00+08:00,0.0000000000,6399,b924d904d65dc13b8f501e60a97c7ecda3df6cfe4f20328c2dcc694f00304c1a
2026-07-06,S08,K07,2026-06-26 12:00:00+08:00,0.1200000000,6400,aa78df478e43ef4a7406fc1cc53b50b508ea5c2fb24dbc0bb3a41d06db04bd30
2026-07-06,S08,K08,2026-06-26 12:00:00+08:00,0.0000000000,6401,71ff661cb07e6b60b118d79011be51cb8010f411d4fd4965b514fbf6f5d3d7ce
2026-07-06,S09,K01,2026-06-26 12:00:00+08:00,0.1200000000,6402,cd18f87bdf6119e2a77705f12e74bf2f7dce8d5d590947ac95ae54636eddc1ab
2026-07-06,S09,K02,2026-06-26 12:00:00+08:00,0.0000000000,6403,8f3192269dcdfe38a731d9193ad4680e18e04e8dc4e018266a583583a3500c2c
2026-07-06,S09,K03,2026-06-26 12:00:00+08:00,0.0000000000,6404,038318008f70d4be7d2b5873af0b05d0c9fdf009c7b915cac2cd1c0461f88ab0
2026-07-06,S09,K04,2026-06-26 12:00:00+08:00,0.0000000000,6405,8ba48dec61b5a2bb7220567b7c419c511a70e3b2c5a6036d44c91cf947324c27
2026-07-06,S09,K05,2026-06-26 12:00:00+08:00,0.0000000000,6406,cf85d18b3d9cc08315becbc6cd536e367fc63febf1723876691fbe633396480c
2026-07-06,S09,K06,2026-06-26 12:00:00+08:00,0.0000000000,6407,d514ed2102672904d545aa8947a172dcd4c11c9d6b263dfbaf6646fe9975ed5d
2026-07-06,S09,K07,2026-06-26 12:00:00+08:00,0.1200000000,6408,62132b3e1c0f0023f444bcfc21da7ec321588644a0e118c322b83626e7e4fa41
2026-07-06,S09,K08,2026-06-26 12:00:00+08:00,0.0000000000,6409,9d514419a3a5a6d206b8db904be63137e7cc82aead4669db694470d6fd7168b1
2026-07-06,S10,K01,2026-06-26 12:00:00+08:00,0.1200000000,6410,3ca4b0e7dc07120cb0a48a309ac6203da8309a7aa0596759a23829c48374cf09
2026-07-06,S10,K02,2026-06-26 12:00:00+08:00,0.0000000000,6411,17dd397ffe47804535609827d73e0697f2894b07794a9b9399b53099fcf209ba
2026-07-06,S10,K03,2026-06-26 12:00:00+08:00,0.0000000000,6412,c38060ff5f34e060d1640bbe010be0a37ec6927192be323b47585283e5049ab4
2026-07-06,S10,K04,2026-06-26 12:00:00+08:00,0.0000000000,6413,5e7dec3fc61c3720eda3d1d44c505d2e89b5fb790eca6b6ecab042696ddc6b65
2026-07-06,S10,K05,2026-06-26 12:00:00+08:00,0.0000000000,6414,920b7bb61b757debe484de3d6a5e17da1dac78f76a1fd6bb1bcfdf2cd031f2e0
2026-07-06,S10,K06,2026-06-26 12:00:00+08:00,0.1200000000,6415,a3f3f49e3e2945d0a4e7478bb6a83f46398efe409f3b9c67d8b646b96220b75d
2026-07-06,S10,K07,2026-06-26 12:00:00+08:00,0.0000000000,6416,d586cb56ea5bea9b5bc6716b4fa30f949a5bbf7273a12d8817eff165b23245a2
2026-07-06,S10,K08,2026-06-26 12:00:00+08:00,0.0000000000,6417,0e62ebb57b184daa4468218950917e35a949ea4b4b87d1d47f6eb3b6b9de2cc3
2026-07-06,S11,K01,2026-06-26 12:00:00+08:00,0.0000000000,6418,969f1ae87eff0179dffd557f3d5d9415e41e17a658006449fecbd288110ed4f3
2026-07-06,S11,K02,2026-06-26 12:00:00+08:00,0.0000000000,6419,98bbeed426889d560d2297870bbb717aa12d71c6e90c46decd7518972cbdecf0
2026-07-06,S11,K03,2026-06-26 12:00:00+08:00,0.0000000000,6420,8339706063dc439c3a2a152a696c31cd3bf9acd33b25fe8b9cca6de26852803c
2026-07-06,S11,K04,2026-06-26 12:00:00+08:00,0.0000000000,6421,221c88deea892c935a9d16694f857f8073d9f3764513c19fcd661c667e0a1175
2026-07-06,S11,K05,2026-06-26 12:00:00+08:00,0.0000000000,6422,28aece4c2d4ecdcf75d954acd450946417512a9c5933672dc7407feb7f11a31c
2026-07-06,S11,K06,2026-06-26 12:00:00+08:00,0.1200000000,6423,a24479ed289bedde694ec5167870ef5810aec02c3701fde350de544fd52f020f
2026-07-06,S11,K07,2026-06-26 12:00:00+08:00,0.0000000000,6424,c843992bce0de19b7eb14a1333cf9442ccaeb2954461908105e49201f1fdb37a
2026-07-06,S11,K08,2026-06-26 12:00:00+08:00,0.0000000000,6425,e1ca6a80c8172679ecc8d9f03ca7a8e542025845642232724b4795255e5b7911
2026-07-06,S12,K01,2026-06-26 12:00:00+08:00,0.0000000000,6426,680bc4b0ed029cd0148bc6c70c4b3d974d86452d1d0c8425d88d3944859ac251
2026-07-06,S12,K02,2026-06-26 12:00:00+08:00,0.0000000000,6427,5b9f156fae90d4afabd22f2371fba778b20b26842a8ff0735b8ef8842b911069
2026-07-06,S12,K03,2026-06-26 12:00:00+08:00,0.0000000000,6428,2b5506e44cb251d65e580b2b2a43ac34cd177cf38e9a24f335c9d760d91a5192
2026-07-06,S12,K04,2026-06-26 12:00:00+08:00,0.0000000000,6429,374e48321a4e1ad57ef956fccb6cd214ae2c5264eacc450adf86e86c3fbeb1f2
2026-07-06,S12,K05,2026-06-26 12:00:00+08:00,0.0000000000,6430,32c2f963ea146c0e79180a8ffe87366bba996b99c02031ba92f9dced63e23766
2026-07-06,S12,K06,2026-06-26 12:00:00+08:00,0.1200000000,6431,bde744b020d70a92b903d78aaa5dfd0c3df80e76c12ef81351bc7621e3d060dd
2026-07-06,S12,K07,2026-06-26 12:00:00+08:00,0.0000000000,6432,5c5e13fc5dbcd6abe74a3d2abdba558416e674b19af5063f5c61913520c9c0b8
2026-07-06,S12,K08,2026-06-26 12:00:00+08:00,0.0000000000,6433,3b93e253d845c581b7d810430d629a86d9e70c1a7e19d9e3ff3257869fa1e240
2026-07-07,S01,K01,2026-06-27 12:00:00+08:00,0.0000000000,6434,803719fbb9602cc717fe9eb36610c03ca7b6fa569114ff5b11386e0db76267e0
2026-07-07,S01,K02,2026-06-27 12:00:00+08:00,0.0000000000,6435,7bb75abdcf23ebcec74ecaa69004a0bbeba6c635de384222ac25d2bd0711befe
2026-07-07,S01,K03,2026-06-27 12:00:00+08:00,0.0000000000,6436,25ee8faac3a02486a401a0ee8ea7a9fa2ff9cb134995c0c5e4b15f01116b1e4e
2026-07-07,S01,K04,2026-06-27 12:00:00+08:00,0.1200000000,6437,62bf709235be4442055671ee45ca167bf3674b01e9fd742249d6682366117d63
2026-07-07,S01,K05,2026-06-27 12:00:00+08:00,0.0000000000,6438,1b7a27928c84aa68b94f569bda73dc5f23e47e56039bd55c3f4d2c4dfdf1502a
2026-07-07,S01,K06,2026-06-27 12:00:00+08:00,0.0000000000,6439,4aabc63699967df7a536b5f91f8a759de154e1b86418c09981f185ec939d360f
2026-07-07,S01,K07,2026-06-27 12:00:00+08:00,0.0000000000,6440,22f89d4fca12ee0c2f1c4678d24d6fbb490aeab07176a16bc41e93630fff7055
2026-07-07,S01,K08,2026-06-27 12:00:00+08:00,0.0000000000,6441,dacb1b2b9f08427a57e07743377d3ff1df51cde27e340a243ca7ffa6ef6d74c2
2026-07-07,S02,K01,2026-06-27 12:00:00+08:00,0.0000000000,6442,90ace4db25232e15466e548c2d9bf98cd96ae9b732a5ab55da537965d286660c
2026-07-07,S02,K02,2026-06-27 12:00:00+08:00,0.0000000000,6443,b73c2fd8314dcc34ed9e5f219d8f58761cafde322f3f78908e6057c739adce50
2026-07-07,S02,K03,2026-06-27 12:00:00+08:00,0.0000000000,6444,5cfc36c686b350cb0aa4b226ff43b8420e7b12975657e802fde87dfbde0c2ee0
2026-07-07,S02,K04,2026-06-27 12:00:00+08:00,0.1200000000,6445,b991e863beaad3c1bc6604ab8db687827e165450914c680e97c76dea9c4b2615
2026-07-07,S02,K05,2026-06-27 12:00:00+08:00,0.0000000000,6446,ab7ac001084e3256ffeacd0746e1567c4f16eb2a5a9b8b5f6aa554741f6516f5
2026-07-07,S02,K06,2026-06-27 12:00:00+08:00,0.0000000000,6447,36eec9706e666f0b3d8f6a832d489475a855f74c834bf60b0faeb1bc95d2f4cd
2026-07-07,S02,K07,2026-06-27 12:00:00+08:00,0.0000000000,6448,3b19801e15f31ed34f1897da3635eb0f74d02f265d75453cd47cca99e841e9bf
2026-07-07,S02,K08,2026-06-27 12:00:00+08:00,0.0000000000,6449,13ac0bf7d3c74a1030c446faef588c64c390d9cd534ff59e1a280ad5cd504aaf
2026-07-07,S03,K01,2026-06-27 12:00:00+08:00,0.0000000000,6450,b183441652aed1fc82604a0d1146666c8e0613b42caf0b036272eeae99237ac9
2026-07-07,S03,K02,2026-06-27 12:00:00+08:00,0.0000000000,6451,d9614db575a06d9973fc00f92c4632e4af1829ac90cf8c7028c9cc844d6d2a96
2026-07-07,S03,K03,2026-06-27 12:00:00+08:00,0.1200000000,6452,083c6572dbee96fbc4b8a0fb06749485a071eb975b8944903f26baeb0dabc249
2026-07-07,S03,K04,2026-06-27 12:00:00+08:00,0.0000000000,6453,784cdbdd74aa13043823fb14042e557ada5d5ae32c6106492fcb23f8dd2ad549
2026-07-07,S03,K05,2026-06-27 12:00:00+08:00,0.0000000000,6454,8f835aabd7cb19023729e76adfda13ca68c9bf733a952ffc0c6a3bde7772151e
2026-07-07,S03,K06,2026-06-27 12:00:00+08:00,0.0000000000,6455,cbe000495d57d3cf84ebfb783d123ed9ebb2f0eeb6637f01bd56cae80ccdc396
2026-07-07,S03,K07,2026-06-27 12:00:00+08:00,0.0000000000,6456,03632da99bf4b35c2cdc5b3ee1b878cd4e25474befef78aacf5792a219611ab6
2026-07-07,S03,K08,2026-06-27 12:00:00+08:00,0.0000000000,6457,6031cfc9e0bc2592ae49e0c4f02a84ee2062b701a0f17caeeeae1975a2352884
2026-07-07,S04,K01,2026-06-27 12:00:00+08:00,0.0000000000,6458,b0203c1df684232d7178eaa6f5bba6b6856c27ac6e970cf88367f99e8f307689
2026-07-07,S04,K02,2026-06-27 12:00:00+08:00,0.0000000000,6459,ca22a7751f7fcf9346ef2a059a326874ba1cecc0dc46b7eb4f4e87f57919f3bb
2026-07-07,S04,K03,2026-06-27 12:00:00+08:00,0.1200000000,6460,8c8f99cafece1844a4afc762995cea316d3c329a6277e2e06fa9656856c47357
2026-07-07,S04,K04,2026-06-27 12:00:00+08:00,0.0000000000,6461,6a661c2fef242ca39b2b1ac4a0618d282d81933bd8890d6208c3b612af6c6f30
2026-07-07,S04,K05,2026-06-27 12:00:00+08:00,0.0000000000,6462,053f32b24b889327d5cf3b337127f08c337f0856c0a6cabf024202aebd345525
2026-07-07,S04,K06,2026-06-27 12:00:00+08:00,0.0000000000,6463,acc5789a8e3d173e8cbbff8b02eea1a77d6c0c09b45d05cd5d16c1d737cfe1aa
2026-07-07,S04,K07,2026-06-27 12:00:00+08:00,0.0000000000,6464,9f45c2c265fb13988b1d0d45b6fbe216d33da09a7c5371c6d6e4705a1a6d94d5
2026-07-07,S04,K08,2026-06-27 12:00:00+08:00,0.0000000000,6465,33de428265afb98d65a60f8357ad847036cc5007143879cef4b0b34df7c0c088
2026-07-07,S05,K01,2026-06-27 12:00:00+08:00,0.0000000000,6466,0ad0259d04a8cd3c9517deced3cf28741a40464189c34ff17e1a9524e8bfbd06
2026-07-07,S05,K02,2026-06-27 12:00:00+08:00,0.1200000000,6467,6ff2d989f380585c6cab00b456b4c262070caddbec2ceb2c06edb5d3f929c4fe
2026-07-07,S05,K03,2026-06-27 12:00:00+08:00,0.0000000000,6468,5f3474cc45bc8998b2a9a402b06680d07ea9d95127faf64d5a3315961ccfe028
2026-07-07,S05,K04,2026-06-27 12:00:00+08:00,0.0000000000,6469,3a405a01a83a1b49d1114d4dd5b53750514fbc02afb5edcc58aedb5b07d4c40c
2026-07-07,S05,K05,2026-06-27 12:00:00+08:00,0.0000000000,6470,a0c22d99ac35885e3fe981295f2173d5f6f16bec69bb439dea30e64d369ac6f5
2026-07-07,S05,K06,2026-06-27 12:00:00+08:00,0.0000000000,6471,c0a510275c9e4efbe451aaa8a15eefd4d2a80d65ffc3f81beee91f16b48a24e5
2026-07-07,S05,K07,2026-06-27 12:00:00+08:00,0.0000000000,6472,b8bc0aae5a5d0cd44e7c3b135083046ce689c80c8f264f493c67a950ee1efbd4
2026-07-07,S05,K08,2026-06-27 12:00:00+08:00,0.1200000000,6473,c894e93a7ec0093090fb6c2ec95cd993b67ab4e8aecfd80a9913102aebca2679
2026-07-07,S06,K01,2026-06-27 12:00:00+08:00,0.0000000000,6474,7296006172338991d1800d5f7e54718d01e5e3d0f50a311d95546ff77f7ff677
2026-07-07,S06,K02,2026-06-27 12:00:00+08:00,0.1200000000,6475,bbff523c36ad0edd0b5e4d0ec4c4f9defabcd62ab65fb85fa05c2910d4b1e351
2026-07-07,S06,K03,2026-06-27 12:00:00+08:00,0.0000000000,6476,ba90016e1077c5775e4bd0a641c6557a55a2eff416fb73546bc62ea2f7d85133
2026-07-07,S06,K04,2026-06-27 12:00:00+08:00,0.0000000000,6477,7479438b83016ed0796a041b5ca2500636d4aceb31cea5f6257e33c7ca79dd16
2026-07-07,S06,K05,2026-06-27 12:00:00+08:00,0.0000000000,6478,c94bc51b5f866ca4a082abea78f59297e8578277a8534148c2b02d2ca882a780
2026-07-07,S06,K06,2026-06-27 12:00:00+08:00,0.0000000000,6479,216cc20348f1ee5b27a5e066d967503efa2807ea6e65c2b699d46ed565ea96c1
2026-07-07,S06,K07,2026-06-27 12:00:00+08:00,0.0000000000,6480,6194e7fd490a593d91f805f1526d8ed9a9c5052247080ffa08f2d42e20f01ac4
2026-07-07,S06,K08,2026-06-27 12:00:00+08:00,0.1200000000,6481,0f8bef4426f816862d8a1174ff938a3e81629345cf25b02bae26f3daea8ba1e1
2026-07-07,S07,K01,2026-06-27 12:00:00+08:00,0.0000000000,6482,d2fb5895a86ccdb4e08033beb9b9ad267138276642a15136cee1cba75d0dc03c
2026-07-07,S07,K02,2026-06-27 12:00:00+08:00,0.1200000000,6483,d3236a11711f3454746fe566afd9504f322e3b4a195416cc9aab1e9cea5f13d9
2026-07-07,S07,K03,2026-06-27 12:00:00+08:00,0.0000000000,6484,dee99caad05ca7c1465071fb64cb415aee9a45cd3fb8b46c2212c7a5accb44d9
2026-07-07,S07,K04,2026-06-27 12:00:00+08:00,0.0000000000,6485,245166cd5b46867d97d700b7784e102cc72e00898ce10528ccde65d16a00ff17
2026-07-07,S07,K05,2026-06-27 12:00:00+08:00,0.0000000000,6486,3d0555caa2f419843ba2b36eebb230aab3a44e3427289e75098a3b8acb1b989a
2026-07-07,S07,K06,2026-06-27 12:00:00+08:00,0.0000000000,6487,c75f6f0c6d3054c45c7ad8cd58ed74134d8a8fc629402d72ee1feef07db842f8
2026-07-07,S07,K07,2026-06-27 12:00:00+08:00,0.1200000000,6488,54b87e68cb70fb7abf72c11aeee7e0d4cbe13d7316d2e0f97fc33ac5dac6895d
2026-07-07,S07,K08,2026-06-27 12:00:00+08:00,0.0000000000,6489,5cd0374ee13be3b8514bf20eeb82894dc5cbcddbcdaf69072fedb11108b828ab
2026-07-07,S08,K01,2026-06-27 12:00:00+08:00,0.1200000000,6490,3b13c8a07b11b7b55271707ac0932af34415299239108b9a8f27eec4867f98e4
2026-07-07,S08,K02,2026-06-27 12:00:00+08:00,0.0000000000,6491,4307b5fcce8dc980c19c92c37a305b4a278792d6b75cd112905a68e743af948b
2026-07-07,S08,K03,2026-06-27 12:00:00+08:00,0.0000000000,6492,6152553a6e22db1d97c90b40d6db92808a4bcbeb297ad41e92e1eb609b00460b
2026-07-07,S08,K04,2026-06-27 12:00:00+08:00,0.0000000000,6493,a3200a8dbe095b583ae02e96715ae5a13508832fdfbb57adc010130a541c5125
2026-07-07,S08,K05,2026-06-27 12:00:00+08:00,0.0000000000,6494,3b80cff66dd9f3a55d6d0c92f4dcb3a1b2f8963f25bbdcdc5c24682fcab2bc2d
2026-07-07,S08,K06,2026-06-27 12:00:00+08:00,0.0000000000,6495,ce56a5e90114b55d821c86ad276bcdfb72e995f83659be92a48e47032d653ffd
2026-07-07,S08,K07,2026-06-27 12:00:00+08:00,0.1200000000,6496,a46ce583092c30925ae27cf37f3c759f4922f3a3d4caeabb98010890613b0542
2026-07-07,S08,K08,2026-06-27 12:00:00+08:00,0.0000000000,6497,3e66688ba5b6d44bb48c7700cb6cf0b36fcf870ea75c2a4fa727705d0507ea64
2026-07-07,S09,K01,2026-06-27 12:00:00+08:00,0.1200000000,6498,3f6d94fae64070e735b8ecefa779f13ab7934db7ec39324e0185bd48f379065e
2026-07-07,S09,K02,2026-06-27 12:00:00+08:00,0.0000000000,6499,1a5b55803a15283453454226bd4902f377fc2c1a720e05249bc768ebf28cbe76
2026-07-07,S09,K03,2026-06-27 12:00:00+08:00,0.0000000000,6500,48c67b86392518ec85f169b23b4c4316a5e19b34948c29d09858f02a30998f6a
2026-07-07,S09,K04,2026-06-27 12:00:00+08:00,0.0000000000,6501,35e8d23072761377a0b66e0abb0a2f223c8057ba8c10acd08330b48b96da5a94
2026-07-07,S09,K05,2026-06-27 12:00:00+08:00,0.0000000000,6502,e732c42329c94a4c5c2a3ffc72f24d019c5b27c899ff8e733bf4e499c74af700
2026-07-07,S09,K06,2026-06-27 12:00:00+08:00,0.0000000000,6503,7a11fd71473e2ba1b99af30f4139aa6cd13df84da15dd4f0d193e36c946c081c
2026-07-07,S09,K07,2026-06-27 12:00:00+08:00,0.1200000000,6504,e4f4d51b6b39d7b86043d468c63ace2bce6069836a7e5625a5666629da1a1092
2026-07-07,S09,K08,2026-06-27 12:00:00+08:00,0.0000000000,6505,4178e5003656bde8215df8109e7bedd72846b6e0a0e357380f80095a572b1419
2026-07-07,S10,K01,2026-06-27 12:00:00+08:00,0.0000000000,6506,88e52193c760b6f7e34ea558f6b955b16a5c29f3a6af08b605589e3a14335e52
2026-07-07,S10,K02,2026-06-27 12:00:00+08:00,0.0000000000,6507,5e45ffbb41c675d4e8a6e0c06a0a219fcc21e60702b67c3254b5ab3542c793f6
2026-07-07,S10,K03,2026-06-27 12:00:00+08:00,0.0000000000,6508,23e101e2446b06396fdef4aec5ec71591998c9684d525d1b86e299c44cc57924
2026-07-07,S10,K04,2026-06-27 12:00:00+08:00,0.0000000000,6509,faf2f6c959a98bddd3b57ad7c382dba88b82daf3a5d85f0a65f6101e0b0fe62a
2026-07-07,S10,K05,2026-06-27 12:00:00+08:00,0.0000000000,6510,3ec96c0831650b6c0980ee207c8c0b1f89a16d3376cb56536a6e361c192035bf
2026-07-07,S10,K06,2026-06-27 12:00:00+08:00,0.1200000000,6511,69c1beaa267735c85f1d85cf5c0f8bf3aace9530697c6d5cd0e5301d2cc6551c
2026-07-07,S10,K07,2026-06-27 12:00:00+08:00,0.0000000000,6512,9a2b7e2144b66f3704afd78caabab2bd4fd8999afb9fe16b1d4d314e6be9a31b
2026-07-07,S10,K08,2026-06-27 12:00:00+08:00,0.0000000000,6513,e9fd22f11a0f7dc8d65b3b088e9f8599a7c5ce6c3036ba3adfb94a196805c7d0
2026-07-07,S11,K01,2026-06-27 12:00:00+08:00,0.0000000000,6514,37ade92be51236d947f4563f08879ca1b6dd07f5a4ad11400f5357c5eb19b34d
2026-07-07,S11,K02,2026-06-27 12:00:00+08:00,0.0000000000,6515,b1087fb52cc4a1e8f88a33a9e668e8c2999db81165861c50ffdcade69d5a3928
2026-07-07,S11,K03,2026-06-27 12:00:00+08:00,0.0000000000,6516,622a690b4743ed89b2035fac41a5deabaf627a4f79bcd3e07ba12c50ff637be3
2026-07-07,S11,K04,2026-06-27 12:00:00+08:00,0.0000000000,6517,1fd6cefb0e2cc250c58e1da61219f6216fe436d5b543906e4e9d9c51c0e485c6
2026-07-07,S11,K05,2026-06-27 12:00:00+08:00,0.0000000000,6518,c9da9ef59df609f086d5f8757c2cc93df2f27bff3bd62fe67a6b50f11d0eb807
2026-07-07,S11,K06,2026-06-27 12:00:00+08:00,0.1200000000,6519,36c53d7cd8640a691e50ff04947dbef1ead92e17d86a61ffc04a5ab9025ee335
2026-07-07,S11,K07,2026-06-27 12:00:00+08:00,0.0000000000,6520,e66a8aedb1cfa682bc9c37343d656935e7ec8bdf0caa21445ef740cbc37bb561
2026-07-07,S11,K08,2026-06-27 12:00:00+08:00,0.0000000000,6521,0e40b9e08492e43f634f17936eee28ea5c469f85a574a760b250e70b42e45377
2026-07-07,S12,K01,2026-06-27 12:00:00+08:00,0.0000000000,6522,fd1abecccec3cb28ef3d467bb0a16c497fb03d4869db11610890dfd546281c1f
2026-07-07,S12,K02,2026-06-27 12:00:00+08:00,0.0000000000,6523,88bcc965ecfbd0bff9619c5fe52e0a7aeaac3ceabb604a5ac24f1ec2752b4fdc
2026-07-07,S12,K03,2026-06-27 12:00:00+08:00,0.0000000000,6524,83906845f58760ae00877616e9d1c59b55dd5a7713fd54ccb7869936f81abed3
2026-07-07,S12,K04,2026-06-27 12:00:00+08:00,0.0000000000,6525,90df9f8f7f8972fbe031b3deeedadaf3e9d7145f3f690ebd3c5e612a234f6c9a
2026-07-07,S12,K05,2026-06-27 12:00:00+08:00,0.1200000000,6526,98d59969c967b8d489d52a3ba636968e0c6e8160191ea34ced7c2b65cec1713a
2026-07-07,S12,K06,2026-06-27 12:00:00+08:00,0.0000000000,6527,8442c959e676d5cce0a97e0a5bc5752ab571beb83f0af49e7343e7385cc3a5db
2026-07-07,S12,K07,2026-06-27 12:00:00+08:00,0.0000000000,6528,a931ec72cf2566af725648b141163668e6fb56c8cb01cd59e85cd486fe5b12c8
2026-07-07,S12,K08,2026-06-27 12:00:00+08:00,0.0000000000,6529,0626fc4720b8b5aa1d803dd517f51fa8d6fb3d27130b8989e6a7f61fcbe01556
